Class,Accuracy
standing,41.59663915634155
sitting,63.1147563457489
walking,90.01040458679199
no_activity,87.93718814849854
no_presence,95.5719530582428
