Class,Accuracy
standing,45.798319578170776
sitting,65.57376980781555
walking,91.67534112930298
no_activity,90.22126793861389
no_presence,93.91143918037415
