Class,Accuracy
standing,45.378151535987854
sitting,50.0
walking,91.259104013443
no_activity,86.43825650215149
no_presence,89.66789841651917
