Class,Frame Accuracy
standing,51.68067216873169
sitting,72.95082211494446
walking,89.90634679794312
no_activity,83.94004106521606
no_presence,99.26199316978455
