Class,Accuracy
standing,46.63865566253662
sitting,61.47540807723999
walking,91.77939891815186
no_activity,88.6509656906128
no_presence,98.52398633956909
