Class,Accuracy
standing,50.42017102241516
sitting,66.39344096183777
walking,91.05098843574524
no_activity,87.43754625320435
no_presence,97.78597950935364
