Class,Accuracy
standing,46.63865566253662
sitting,59.83606576919556
walking,92.09157228469849
no_activity,88.6509656906128
no_presence,97.60147333145142
