Class,Accuracy
standing,38.655462861061096
sitting,58.19672346115112
walking,90.01040458679199
no_activity,88.6509656906128
no_presence,97.97047972679138
