Class,Accuracy
standing,41.59663915634155
sitting,58.19672346115112
walking,91.15504622459412
no_activity,90.50678014755249
no_presence,97.23247289657593
