Class,Accuracy
standing,47.05882370471954
sitting,67.21311211585999
walking,92.19563007354736
no_activity,89.93576169013977
no_presence,93.91143918037415
