Class,Accuracy
standing,43.697479367256165
sitting,71.31147384643555
walking,91.88345670700073
no_activity,83.01213383674622
no_presence,99.0774929523468
