Class,Accuracy
standing,44.53781545162201
sitting,59.01639461517334
walking,90.53069949150085
no_activity,86.58101558685303
no_presence,90.59040546417236
