class,precision,recall,f1-score,support
standing,0.5163727959697733,0.4027504911591356,0.45253863134657835,509.0
sitting,0.47010309278350515,0.5277777777777778,0.49727371864776443,432.0
walking,0.6322822020309995,0.6664788732394367,0.6489303346132749,3550.0
no_activity,0.7912219560008713,0.7443647540983607,0.7670784500052793,9760.0
no_presence,0.6082621082621082,0.7712221553281156,0.6801168038226706,1661.0
accuracy,0.7129839115133233,,,15912
macro avg,0.6036484310094515,0.6225188103205653,0.6091875876871135,15912.0
weighted avg,0.7191534539236428,0.7129839115133233,0.7142550767275861,15912.0
