{
    "training": {
        "batch_size": 32,
        "num_epochs": 200,
        "learning_rate": 0.001,
        "weight_decay": 0.001,
        "early_stopping_patience": 20
    },
    "model": {
        "type": "TCN",
        "input_size": 34,
        "output_size": 5,
        "hidden_channels": [
            64,
            128,
            256,
            256,
            128
        ],
        "kernel_size": 5,
        "dropout": 0.3
    },
    "classes": [
        "standing",
        "sitting",
        "walking",
        "no_activity",
        "no_presence"
    ],
    "device": "cuda",
    "seed": 42,
    "results": {
        "val_loss": 0.22641181449095407,
        "val_accuracy": 93.2501485442662,
        "test_accuracy": 93.05083735621909,
        "class_accuracy": {
            "standing": 72.7509778357236,
            "sitting": 81.25,
            "walking": 94.81616429281219,
            "no_activity": 94.40585009140769,
            "no_presence": 97.03982777179763
        },
        "mAP": 94.26298528578302,
        "class_AP": {
            "standing": 85.60189607785757,
            "sitting": 90.56392195705098,
            "walking": 98.89071482809706,
            "no_activity": 97.70631182183656,
            "no_presence": 98.55208174407291
        },
        "overlap_f1_scores": {
            "25": {
                "precision": 0.6468155500413565,
                "recall": 0.8947368421052632,
                "f1": 0.7508401344215074,
                "tp": 782.0,
                "fp": 427.0,
                "fn": 92.0
            },
            "50": {
                "precision": 0.6236559139784946,
                "recall": 0.8627002288329519,
                "f1": 0.7239558329332693,
                "tp": 754.0,
                "fp": 455.0,
                "fn": 120.0
            }
        },
        "segmental_edit_score": 67.90736145574856,
        "segment_statistics": {
            "num_true_segments": 874,
            "num_pred_segments": 1209,
            "edit_distance": 388
        }
    }
}