frame,joint1_x,joint1_y,joint2_x,joint2_y,joint3_x,joint3_y,joint4_x,joint4_y,joint5_x,joint5_y,joint6_x,joint6_y,joint7_x,joint7_y,joint8_x,joint8_y,joint9_x,joint9_y,joint10_x,joint10_y,joint11_x,joint11_y,joint12_x,joint12_y,joint13_x,joint13_y,joint14_x,joint14_y,joint15_x,joint15_y,joint16_x,joint16_y,joint17_x,joint17_y
0,277.2720031738281,28.750228881835938,280.9964904785156,23.52650451660156,271.64715576171875,25.64971923828125,288.8693542480469,25.91985321044922,265.8000793457031,31.158103942871094,306.1796264648437,54.68051910400391,263.3583374023437,60.16321563720703,316.505126953125,89.84105682373047,257.6164855957031,95.04329681396484,285.660888671875,86.71524047851562,264.8153991699219,82.76429748535156,298.39599609375,129.61318969726562,270.1222229003906,130.27041625976562,301.2454833984375,180.01641845703125,272.7633361816406,178.08450317382812,298.7821044921875,225.3797607421875,277.51251220703125,217.7146148681641
1,277.5100402832031,28.86317443847656,281.1016845703125,23.59918975830078,271.823974609375,25.806304931640625,288.7472839355469,26.07300567626953,265.9827880859375,31.59849548339844,305.9921875,54.68775939941406,262.9460754394531,60.82926940917969,313.6668701171875,89.63568878173828,256.8359680175781,96.0539093017578,279.47125244140625,85.36915588378906,265.8314514160156,82.22834777832031,298.5605163574219,129.9280242919922,270.0985412597656,130.95733642578125,300.6400146484375,181.6945343017578,272.9120178222656,180.4261474609375,296.7053527832031,227.7665100097656,277.59112548828125,220.67138671875
2,277.91473388671875,28.99041748046875,281.5110778808594,23.81488037109375,272.29345703125,25.66497039794922,288.8171081542969,26.26231384277344,266.1439208984375,30.99576568603516,305.9216613769531,55.13966369628906,262.8375244140625,60.18450546264648,314.8824462890625,90.1803741455078,256.32769775390625,95.66622924804688,281.8360595703125,84.893798828125,266.22076416015625,82.60801696777344,298.9668273925781,130.29425048828125,270.525634765625,130.80697631835938,300.9960632324219,181.3553771972656,272.78985595703125,178.90487670898438,297.25,225.40081787109372,277.0208740234375,217.2289886474609
3,278.0152587890625,28.641372680664062,281.66815185546875,23.462432861328125,272.3661804199219,25.773468017578125,289.4742736816406,25.814254760742188,266.560791015625,31.405487060546875,306.354736328125,54.08316421508789,263.3940124511719,60.25571441650391,316.7079162597656,88.80625915527344,256.112548828125,95.73527526855467,286.8582458496094,85.05867004394531,266.8398132324219,83.3687973022461,298.68603515625,129.4565887451172,270.2924499511719,130.63548278808594,301.2370910644531,180.73851013183597,272.644775390625,180.1009979248047,298.1480407714844,227.7455139160156,274.6810607910156,221.78353881835935
4,277.5420837402344,28.48896789550781,281.2095947265625,23.383529663085938,272.04852294921875,25.586502075195312,289.5492858886719,25.79370880126953,266.735107421875,31.078689575195312,307.080810546875,53.70740509033203,264.4662170410156,58.84736633300781,318.8567199707031,89.79615020751953,257.0632629394531,94.13567352294922,288.97967529296875,84.51904296875,268.4615173339844,82.78230285644531,300.1080627441406,129.5726318359375,271.5643615722656,130.30368041992188,302.6204528808594,181.4898681640625,272.7618713378906,180.06552124023438,301.30047607421875,226.0403289794922,272.9818420410156,220.33897399902344
5,278.5719909667969,28.781234741210938,282.0655822753906,23.46137237548828,273.1817932128906,25.711395263671875,289.5068664550781,25.717697143554688,267.7931823730469,31.199859619140625,306.5594787597656,54.096981048583984,264.5570678710937,59.419803619384766,317.5384826660156,89.99057006835938,256.6591491699219,95.82006072998048,287.6286926269531,81.05021667480469,267.0800170898437,83.01911926269531,298.48095703125,129.364990234375,270.3388977050781,130.07333374023438,302.38995361328125,178.9613800048828,272.8202514648437,177.20472717285156,0.0,0.0,0.0,0.0
6,278.8635559082031,27.783287048339844,282.4551086425781,22.743125915527344,273.46844482421875,24.931373596191406,290.02740478515625,25.512222290039062,267.8976135253906,30.72572326660156,306.5487365722656,54.04480743408203,263.4901123046875,59.5927734375,316.9368896484375,89.5763168334961,255.32125854492188,95.04254913330078,287.9373474121094,84.40286254882812,269.92938232421875,81.75143432617188,298.807373046875,128.88287353515625,270.4140625,130.0150909423828,300.8438720703125,179.15548706054688,272.5975341796875,178.84378051757812,297.4127502441406,225.84939575195312,274.13726806640625,220.9893493652344
7,279.6849365234375,27.93365478515625,282.85845947265625,22.51885986328125,274.2021789550781,25.016159057617188,289.8217163085937,24.81853485107422,268.6059875488281,30.90130615234375,306.8829345703125,53.37408447265625,264.4203186035156,59.7164192199707,317.5188903808594,88.09358215332031,255.19915771484372,94.82315063476562,287.305419921875,84.25888061523438,270.6249084472656,83.28699493408203,298.4058837890625,129.12310791015625,269.99346923828125,130.39938354492188,302.2066345214844,178.44436645507812,272.29119873046875,177.7307891845703,0.0,0.0,273.17401123046875,214.30360412597656
8,280.0550537109375,27.7379150390625,283.37164306640625,22.33197021484375,274.6523742675781,24.70250701904297,290.49835205078125,24.66908264160156,269.10162353515625,30.415565490722656,307.37335205078125,53.64894485473633,264.7318115234375,59.38773727416992,317.571533203125,89.49588775634766,255.6942443847656,94.73639678955078,285.9405212402344,83.15249633789062,272.6844177246094,80.53321838378906,298.74298095703125,130.12977600097656,270.16754150390625,131.2012176513672,302.5738830566406,180.9701690673828,272.3828125,180.01316833496094,0.0,0.0,273.14459228515625,219.65911865234372
9,280.0331115722656,28.277175903320312,283.5263061523437,23.16584014892578,274.8544921875,25.093223571777344,290.6493835449219,25.697349548339844,269.32196044921875,30.40685272216797,306.9740295410156,54.08697891235352,264.4234619140625,59.52438354492188,317.0704650878906,88.76252746582031,257.1726379394531,94.68416595458984,287.26202392578125,86.16590881347656,271.3495178222656,83.32254028320312,298.8765563964844,127.85712432861328,270.4844970703125,128.7587890625,301.3273010253906,176.3821563720703,271.304931640625,175.50555419921875,298.5323791503906,215.83238220214844,274.2774353027344,210.37353515625
10,279.5708312988281,28.93914794921875,283.01422119140625,23.65581512451172,274.11016845703125,25.748092651367188,290.4268798828125,26.040733337402344,268.5344543457031,31.26904296875,307.2044677734375,54.49739074707031,264.20849609375,60.31352615356445,317.1009521484375,89.16219329833984,256.31207275390625,95.2728042602539,284.16375732421875,85.45565032958984,271.3655700683594,82.39974212646484,298.7165222167969,128.60186767578125,270.2128295898437,129.56129455566406,300.88446044921875,176.71739196777344,272.103515625,175.6097412109375,297.7109375,214.85226440429688,275.2650451660156,208.58346557617188
11,279.12957763671875,29.809059143066406,282.80596923828125,24.589187622070312,273.8255310058594,26.277069091796875,290.529052734375,26.768280029296875,268.3697204589844,31.06047821044922,306.6776733398437,55.12325286865234,264.1571044921875,60.046142578125,317.32769775390625,89.29965209960938,255.2520294189453,94.9532470703125,285.9149169921875,86.30127716064453,269.9174499511719,83.6082534790039,298.5365600585937,128.59521484375,270.39453125,129.05950927734375,300.2630615234375,174.82052612304688,271.1845092773437,172.5902099609375,296.9693603515625,208.963623046875,273.176513671875,201.4757080078125
12,278.91168212890625,29.776634216308597,282.4798278808594,24.304183959960938,273.4301452636719,26.46216583251953,290.192138671875,26.023666381835938,267.82647705078125,31.33905792236328,306.82818603515625,54.26813507080078,263.3688659667969,60.09046936035156,318.7351379394531,89.88855743408203,252.36703491210935,95.8041763305664,286.83892822265625,86.08348083496094,268.82379150390625,83.88009643554688,298.7952880859375,128.9000701904297,270.0433349609375,130.0210418701172,301.9476623535156,176.47235107421875,271.5938415527344,175.60240173339844,0.0,0.0,272.3491516113281,209.59523010253903
13,278.43475341796875,30.663864135742188,282.1561584472656,25.31536102294922,273.07061767578125,27.31859588623047,290.3164978027344,26.9930419921875,267.91754150390625,31.94226837158203,306.944580078125,54.91825866699219,263.56268310546875,60.1207389831543,317.4938659667969,90.17359924316406,254.21592712402344,95.11041259765624,285.7257385253906,86.46104431152344,268.5622863769531,83.68511962890625,298.0574645996094,128.69216918945312,269.4554748535156,129.44515991210938,299.95806884765625,176.41343688964844,270.83477783203125,175.25083923339844,297.0050354003906,213.1832427978516,273.6294250488281,207.46841430664065
14,275.0955505371094,31.897918701171875,279.56011962890625,26.536773681640625,270.5200500488281,28.259521484375,290.1251525878906,27.087875366210938,0.0,0.0,306.7623291015625,53.91147994995117,263.4974670410156,58.68189239501953,317.9009704589844,90.02490234375,253.22720336914065,95.05671691894533,285.2491455078125,86.07933807373047,266.4019470214844,84.56459045410156,297.39569091796875,128.4287109375,269.07861328125,129.03945922851562,300.1782531738281,175.9730682373047,271.25164794921875,174.9810333251953,298.1959533691406,211.6258087158203,274.5399475097656,206.8981475830078
15,270.47137451171875,32.565399169921875,275.2583923339844,27.487266540527344,267.1736755371094,28.991111755371094,287.7943725585937,28.64247131347656,0.0,0.0,305.4944763183594,54.92113494873047,263.2310791015625,59.59178924560547,316.9793395996094,89.99945068359375,253.5746154785156,95.50135040283205,284.0589599609375,85.58570861816406,267.6891784667969,83.0220947265625,296.7729187011719,128.14710998535156,269.158447265625,128.7025146484375,299.8773803710937,177.68081665039062,271.3570251464844,176.79833984375,298.3899841308594,216.48532104492188,275.0279541015625,211.8656768798828
16,267.98345947265625,33.861114501953125,272.51177978515625,28.54228973388672,264.6063232421875,30.563819885253903,286.5914001464844,27.984130859375,0.0,0.0,306.68377685546875,54.53718566894531,265.3540954589844,59.16560745239258,316.8481750488281,90.23109436035156,255.26022338867188,95.26995849609376,283.0328674316406,85.03659057617188,267.4384460449219,83.43309020996094,296.873046875,128.89292907714844,270.01318359375,128.94754028320312,301.08367919921875,176.64974975585938,274.1014099121094,173.75665283203125,299.4665222167969,216.04229736328125,279.7568359375,208.0731658935547
17,269.6941833496094,34.26060485839844,273.67144775390625,29.064674377441406,266.021240234375,31.064239501953125,286.06805419921875,28.253494262695312,0.0,0.0,306.6051330566406,54.77490234375,264.6212463378906,59.122825622558594,316.242919921875,90.16140747070312,254.3141021728516,95.00157165527344,282.450439453125,85.32565307617188,267.0993957519531,85.22759246826172,296.96905517578125,130.9085693359375,269.37164306640625,130.71640014648438,300.6971435546875,179.89224243164062,271.55426025390625,176.10353088378906,299.1650085449219,218.40036010742188,277.5430908203125,209.3088836669922
18,268.1205749511719,33.04669189453125,272.3018493652344,27.94345092773437,264.9516296386719,29.845298767089844,285.4979858398437,27.551925659179688,0.0,0.0,306.0878295898437,54.61566925048828,264.0262451171875,59.254878997802734,317.67242431640625,90.32320404052734,253.8766632080078,95.52677154541016,281.0622253417969,84.71803283691406,265.55133056640625,84.98399353027344,296.9462280273437,130.69224548339844,269.5704345703125,130.89422607421875,300.6532592773437,181.5255126953125,271.78570556640625,179.58670043945312,300.04168701171875,223.6395263671875,277.90997314453125,218.04916381835935
19,271.6709289550781,29.187156677246094,276.2675170898437,24.38538360595703,267.3914794921875,25.91251373291016,287.2514343261719,26.498504638671875,264.7442932128906,29.87712860107422,304.5907897949219,54.24703979492188,262.9203491210937,58.96074676513672,317.4180908203125,88.70816040039062,255.07638549804688,95.02223205566406,285.2142639160156,85.25714874267578,269.2045288085937,83.41371154785156,297.9422302246094,128.48855590820312,270.7117614746094,128.913330078125,300.5359191894531,177.6781005859375,274.5585021972656,175.33970642089844,300.1995849609375,215.89273071289065,278.2533569335937,208.70689392089844
20,278.0660705566406,27.675750732421875,281.4263610839844,22.61420440673828,272.09063720703125,24.756919860839844,288.8995361328125,25.2669677734375,265.42657470703125,30.577613830566406,306.1933288574219,54.26736831665039,263.44708251953125,59.19780731201172,317.7817077636719,89.861328125,256.5133972167969,94.44056701660156,282.8600769042969,83.82810974121094,268.23541259765625,83.0401382446289,299.64501953125,129.37222290039062,271.7550964355469,129.97084045410156,300.1487731933594,179.42132568359375,275.5896301269531,177.56602478027344,298.1371459960937,219.2751007080078,278.91876220703125,212.8320159912109
21,281.2213439941406,24.6046142578125,284.06817626953125,19.85165405273437,275.03155517578125,21.722900390625,289.3075256347656,23.50250244140625,266.3594970703125,28.297897338867188,305.1259155273437,52.28614807128906,262.1883544921875,57.78844451904297,317.4410705566406,87.45439147949219,255.6911163330078,94.13143920898438,284.8257751464844,84.19338989257812,269.4600830078125,83.3887939453125,300.1952514648437,126.8843765258789,272.1813659667969,128.19729614257812,301.6705322265625,174.9374237060547,276.4617614746094,174.33572387695312,299.11297607421875,217.29058837890625,278.2218017578125,211.883056640625
22,281.2275695800781,23.309097290039062,283.87579345703125,18.764205932617188,275.27587890625,20.843521118164062,289.0019226074219,23.399459838867188,267.6684875488281,28.703140258789062,305.4920349121094,51.6416015625,262.7879333496094,58.30194091796875,317.28009033203125,86.64739227294922,257.3109741210937,94.44436645507812,287.4414367675781,83.93460083007812,273.5312194824219,81.60301971435547,301.9440002441406,130.89938354492188,273.4046325683594,132.96392822265625,302.28839111328125,187.17938232421875,276.6636657714844,188.531982421875,0.0,0.0,0.0,0.0
23,282.4061584472656,23.137962341308597,285.08740234375,19.03357696533203,276.3997497558594,20.726791381835938,0.0,0.0,267.7286376953125,28.32971954345703,305.3301696777344,51.44282531738281,263.609619140625,57.19091796875,319.39599609375,83.51434326171875,260.5116271972656,93.48846435546876,297.3700866699219,84.33401489257812,262.6177978515625,94.58747863769533,301.8055114746094,126.29071807861328,274.1136169433594,127.71894073486328,302.4243469238281,175.6293487548828,274.56988525390625,176.01710510253906,301.1280822753906,216.0360565185547,277.42413330078125,213.48806762695312
24,282.427734375,23.518035888671875,284.93682861328125,19.503402709960938,276.5079040527344,20.90325927734375,289.5648803710937,24.52192687988281,268.1252746582031,28.57080078125,305.1383972167969,51.81346130371094,263.7732238769531,57.22584533691406,320.0,80.31298065185547,259.94342041015625,92.70695495605467,308.52618408203125,86.93311309814453,263.2421875,106.57354736328124,302.7926940917969,122.24818420410156,275.2615661621094,123.72317504882812,306.2509460449219,167.1584930419922,275.239013671875,166.30764770507812,302.6146240234375,207.0687561035156,276.32470703125,202.79672241210935
25,284.8191223144531,22.16411590576172,286.80328369140625,17.983230590820312,278.6023864746094,19.777572631835938,0.0,0.0,269.6812744140625,27.864227294921875,305.57928466796875,50.76270294189453,263.9404296875,56.38106155395508,317.07830810546875,83.84529113769531,261.1494445800781,93.1980438232422,314.5746154785156,85.80584716796875,276.9869384765625,89.18479919433594,305.10040283203125,121.4071044921875,276.9587707519531,123.68016815185548,308.52313232421875,165.31570434570312,276.5732727050781,166.0704345703125,302.8075866699219,204.212158203125,277.8564147949219,199.3934631347656
26,286.97222900390625,20.43814849853516,288.7177124023437,16.193130493164062,280.36993408203125,18.287010192871094,0.0,0.0,270.50811767578125,27.366676330566406,307.442138671875,49.95703125,264.6863098144531,56.66754913330078,320.0,82.94277954101562,261.27081298828125,92.43513488769533,0.0,0.0,279.63836669921875,83.10009765625,306.70269775390625,125.17337036132812,277.0129699707031,127.77653503417967,310.8196105957031,170.50816345214844,273.518798828125,172.20262145996094,311.6650085449219,205.5863037109375,274.3492431640625,201.25999450683597
27,288.7519836425781,18.710769653320312,291.3636169433594,14.590301513671877,282.37408447265625,16.099319458007812,0.0,0.0,272.9910583496094,25.263885498046875,309.7471008300781,50.29869079589844,265.20343017578125,56.01868438720703,0.0,0.0,260.5941467285156,95.2788543701172,0.0,0.0,282.1796264648437,85.62373352050781,309.6292419433594,127.06470489501952,278.7737731933594,129.52696228027344,311.8912353515625,176.6141357421875,275.9783020019531,177.99632263183594,0.0,0.0,276.97430419921875,208.43234252929688
28,289.3387145996094,16.530303955078125,293.52850341796875,12.55316162109375,283.0511779785156,14.288070678710938,0.0,0.0,274.6723022460937,25.25946807861328,314.2618408203125,51.55584716796875,266.1281433105469,56.80245590209961,0.0,0.0,260.6650085449219,94.80368041992188,0.0,0.0,281.9397277832031,86.72354125976562,311.9883117675781,133.94277954101562,278.509033203125,136.19235229492188,0.0,0.0,276.45526123046875,193.78001403808597,0.0,0.0,0.0,0.0
29,297.95611572265625,13.900863647460938,299.97027587890625,9.349617004394531,290.74285888671875,10.996505737304688,0.0,0.0,279.10260009765625,21.761863708496094,314.64501953125,50.10938262939453,269.01763916015625,55.356258392333984,0.0,0.0,261.2386779785156,92.84435272216795,0.0,0.0,287.7248229980469,87.15953063964844,312.6964416503906,132.5955810546875,281.2371826171875,135.1136932373047,0.0,0.0,280.3515014648437,191.02134704589844,0.0,0.0,0.0,0.0
30,297.1900634765625,14.15521240234375,300.9764709472656,10.077262878417969,291.20330810546875,11.487533569335938,0.0,0.0,282.6474304199219,21.69207000732422,318.0475158691406,50.35311508178711,272.1494445800781,53.77273941040039,0.0,0.0,262.3661499023437,90.40005493164062,0.0,0.0,288.7934265136719,85.65225982666016,313.0883178710937,131.4430694580078,281.5553894042969,132.9805908203125,0.0,0.0,278.24200439453125,186.61553955078125,0.0,0.0,275.5014343261719,222.14361572265625
31,306.0887756347656,14.7713623046875,309.72296142578125,10.632171630859377,299.5516662597656,11.108734130859377,0.0,0.0,287.8900451660156,19.938873291015625,319.47088623046875,50.905704498291016,274.42315673828125,52.55638122558594,0.0,0.0,262.4523010253906,89.4952392578125,0.0,0.0,289.3705139160156,83.25956726074219,313.34375,134.73992919921875,281.8596496582031,136.01553344726562,0.0,0.0,277.6708374023437,196.2425842285156,0.0,0.0,0.0,0.0
32,311.2743225097656,11.331687927246094,0.0,0.0,304.84967041015625,7.918663024902344,0.0,0.0,292.29071044921875,18.310630798339844,0.0,0.0,278.3700561523437,50.80853271484375,0.0,0.0,262.822265625,88.21809387207031,0.0,0.0,288.837890625,81.7870864868164,310.7023010253906,136.64605712890625,284.8256225585937,138.11361694335938,0.0,0.0,283.66217041015625,202.6749420166016,0.0,0.0,0.0,0.0
33,314.8178405761719,7.856582641601562,0.0,0.0,307.62799072265625,4.587196350097656,0.0,0.0,294.6488342285156,15.193000793457031,0.0,0.0,280.14971923828125,48.44747161865234,0.0,0.0,266.0544738769531,86.86883544921875,0.0,0.0,283.0215148925781,84.66321563720703,318.99676513671875,134.14285278320312,286.8801574707031,135.5081329345703,0.0,0.0,281.96124267578125,192.68780517578125,0.0,0.0,0.0,0.0
34,0.0,0.0,0.0,0.0,0.0,0.0,0.0,0.0,302.9224853515625,11.52362060546875,287.9784240722656,48.08509826660156,297.3655700683594,47.51995849609375,0.0,0.0,0.0,0.0,0.0,0.0,0.0,0.0,291.6840209960937,136.4019317626953,297.27569580078125,139.4677734375,0.0,0.0,0.0,0.0,0.0,0.0,0.0,0.0
35,0.0,0.0,0.0,0.0,314.9347229003906,2.900962829589844,0.0,0.0,302.4366455078125,9.84521484375,298.7356262207031,44.92198944091797,290.2889404296875,46.484161376953125,0.0,0.0,274.8744812011719,88.85334014892578,0.0,0.0,289.85565185546875,83.14601135253906,301.5694274902344,138.0841064453125,294.94775390625,141.31613159179688,0.0,0.0,301.4568786621094,209.29254150390625,0.0,0.0,0.0,0.0
36,0.0,0.0,0.0,0.0,0.0,0.0,0.0,0.0,0.0,0.0,285.2937927246094,49.2659912109375,314.2537536621094,49.40386962890625,271.82244873046875,88.80044555664062,0.0,0.0,0.0,0.0,0.0,0.0,290.4765930175781,138.3466033935547,310.1876525878906,140.3430938720703,293.5179748535156,195.9556427001953,0.0,0.0,0.0,0.0,0.0,0.0
37,0.0,0.0,0.0,0.0,0.0,0.0,0.0,0.0,0.0,0.0,0.0,0.0,298.7123413085937,47.17327880859375,0.0,0.0,279.0805358886719,94.10202026367188,0.0,0.0,306.7944641113281,83.45993041992188,304.7159423828125,140.37911987304688,302.1376342773437,142.78663635253906,0.0,0.0,300.3789367675781,211.4750061035156,0.0,0.0,0.0,0.0
38,0.0,0.0,0.0,0.0,0.0,0.0,0.0,0.0,0.0,0.0,0.0,0.0,290.7552795410156,40.6343002319336,0.0,0.0,273.2978515625,88.33416748046875,0.0,0.0,298.5299987792969,86.07048034667969,311.8440246582031,138.6907196044922,298.2204284667969,140.3172607421875,0.0,0.0,299.3748474121094,210.0058135986328,0.0,0.0,0.0,0.0
39,0.0,0.0,0.0,0.0,0.0,0.0,0.0,0.0,0.0,0.0,0.0,0.0,281.2269897460937,39.64540863037109,0.0,0.0,269.6515808105469,86.72404479980469,0.0,0.0,296.51348876953125,88.75187683105469,317.3684997558594,142.828857421875,296.6966857910156,144.08302307128906,0.0,0.0,0.0,0.0,0.0,0.0,0.0,0.0
40,0.0,0.0,0.0,0.0,0.0,0.0,0.0,0.0,0.0,0.0,0.0,0.0,287.1488342285156,32.006134033203125,0.0,0.0,273.04168701171875,82.40149688720703,0.0,0.0,284.3404235839844,87.56121826171875,313.6534729003906,141.5545196533203,299.5200500488281,142.267333984375,0.0,0.0,0.0,0.0,0.0,0.0,0.0,0.0
41,0.0,0.0,0.0,0.0,0.0,0.0,0.0,0.0,0.0,0.0,0.0,0.0,285.7465515136719,28.46124267578125,0.0,0.0,269.7705993652344,80.59286499023438,0.0,0.0,304.2367858886719,82.4425277709961,0.0,0.0,300.5160522460937,142.52174377441406,0.0,0.0,0.0,0.0,0.0,0.0,0.0,0.0
42,0.0,0.0,0.0,0.0,0.0,0.0,0.0,0.0,0.0,0.0,0.0,0.0,294.6999816894531,19.6080322265625,0.0,0.0,269.2049560546875,75.85343170166016,0.0,0.0,302.9983825683594,80.14094543457031,0.0,0.0,307.654296875,142.13671875,0.0,0.0,0.0,0.0,0.0,0.0,0.0,0.0
43,0.0,0.0,0.0,0.0,0.0,0.0,0.0,0.0,0.0,0.0,0.0,0.0,0.0,0.0,0.0,0.0,274.3249206542969,73.38412475585938,0.0,0.0,0.0,0.0,0.0,0.0,310.17791748046875,150.15960693359375,0.0,0.0,0.0,0.0,0.0,0.0,0.0,0.0
44,0.0,0.0,0.0,0.0,0.0,0.0,0.0,0.0,0.0,0.0,0.0,0.0,0.0,0.0,0.0,0.0,0.0,0.0,0.0,0.0,0.0,0.0,0.0,0.0,0.0,0.0,0.0,0.0,0.0,0.0,0.0,0.0,0.0,0.0
45,0.0,0.0,0.0,0.0,0.0,0.0,0.0,0.0,0.0,0.0,0.0,0.0,0.0,0.0,0.0,0.0,0.0,0.0,0.0,0.0,0.0,0.0,301.41015625,142.96783447265625,0.0,0.0,0.0,0.0,0.0,0.0,0.0,0.0,0.0,0.0
46,0.0,0.0,0.0,0.0,0.0,0.0,0.0,0.0,0.0,0.0,0.0,0.0,0.0,0.0,0.0,0.0,0.0,0.0,0.0,0.0,0.0,0.0,0.0,0.0,308.77880859375,150.08551025390625,0.0,0.0,0.0,0.0,0.0,0.0,0.0,0.0
47,0.0,0.0,0.0,0.0,0.0,0.0,0.0,0.0,0.0,0.0,0.0,0.0,0.0,0.0,0.0,0.0,0.0,0.0,0.0,0.0,0.0,0.0,0.0,0.0,0.0,0.0,0.0,0.0,0.0,0.0,0.0,0.0,0.0,0.0
48,0.0,0.0,0.0,0.0,0.0,0.0,0.0,0.0,0.0,0.0,0.0,0.0,0.0,0.0,0.0,0.0,0.0,0.0,0.0,0.0,0.0,0.0,0.0,0.0,0.0,0.0,0.0,0.0,0.0,0.0,0.0,0.0,0.0,0.0
49,0.0,0.0,0.0,0.0,0.0,0.0,0.0,0.0,0.0,0.0,0.0,0.0,0.0,0.0,0.0,0.0,0.0,0.0,0.0,0.0,0.0,0.0,0.0,0.0,0.0,0.0,0.0,0.0,0.0,0.0,0.0,0.0,0.0,0.0
50,0.0,0.0,0.0,0.0,0.0,0.0,0.0,0.0,0.0,0.0,0.0,0.0,0.0,0.0,0.0,0.0,0.0,0.0,0.0,0.0,0.0,0.0,0.0,0.0,0.0,0.0,0.0,0.0,0.0,0.0,0.0,0.0,0.0,0.0
51,0.0,0.0,0.0,0.0,0.0,0.0,0.0,0.0,0.0,0.0,0.0,0.0,0.0,0.0,0.0,0.0,0.0,0.0,0.0,0.0,0.0,0.0,0.0,0.0,0.0,0.0,0.0,0.0,0.0,0.0,0.0,0.0,0.0,0.0
52,0.0,0.0,0.0,0.0,0.0,0.0,0.0,0.0,0.0,0.0,0.0,0.0,0.0,0.0,0.0,0.0,0.0,0.0,0.0,0.0,0.0,0.0,0.0,0.0,0.0,0.0,0.0,0.0,0.0,0.0,0.0,0.0,0.0,0.0
53,0.0,0.0,0.0,0.0,0.0,0.0,0.0,0.0,0.0,0.0,0.0,0.0,0.0,0.0,0.0,0.0,0.0,0.0,0.0,0.0,0.0,0.0,0.0,0.0,0.0,0.0,0.0,0.0,0.0,0.0,0.0,0.0,0.0,0.0
54,0.0,0.0,0.0,0.0,0.0,0.0,0.0,0.0,0.0,0.0,0.0,0.0,0.0,0.0,0.0,0.0,0.0,0.0,0.0,0.0,0.0,0.0,0.0,0.0,0.0,0.0,0.0,0.0,0.0,0.0,0.0,0.0,0.0,0.0
55,0.0,0.0,0.0,0.0,0.0,0.0,0.0,0.0,0.0,0.0,0.0,0.0,0.0,0.0,0.0,0.0,0.0,0.0,0.0,0.0,0.0,0.0,0.0,0.0,0.0,0.0,0.0,0.0,0.0,0.0,0.0,0.0,0.0,0.0
56,0.0,0.0,0.0,0.0,0.0,0.0,0.0,0.0,0.0,0.0,0.0,0.0,0.0,0.0,0.0,0.0,0.0,0.0,0.0,0.0,0.0,0.0,0.0,0.0,0.0,0.0,0.0,0.0,0.0,0.0,0.0,0.0,0.0,0.0
57,0.0,0.0,0.0,0.0,0.0,0.0,0.0,0.0,0.0,0.0,0.0,0.0,0.0,0.0,0.0,0.0,0.0,0.0,0.0,0.0,0.0,0.0,0.0,0.0,0.0,0.0,0.0,0.0,0.0,0.0,0.0,0.0,0.0,0.0
58,0.0,0.0,0.0,0.0,0.0,0.0,0.0,0.0,0.0,0.0,0.0,0.0,0.0,0.0,0.0,0.0,0.0,0.0,0.0,0.0,0.0,0.0,0.0,0.0,0.0,0.0,0.0,0.0,0.0,0.0,0.0,0.0,0.0,0.0
59,0.0,0.0,0.0,0.0,0.0,0.0,0.0,0.0,0.0,0.0,0.0,0.0,0.0,0.0,0.0,0.0,0.0,0.0,0.0,0.0,0.0,0.0,0.0,0.0,0.0,0.0,0.0,0.0,0.0,0.0,0.0,0.0,0.0,0.0
60,0.0,0.0,0.0,0.0,0.0,0.0,0.0,0.0,0.0,0.0,0.0,0.0,0.0,0.0,0.0,0.0,0.0,0.0,0.0,0.0,0.0,0.0,0.0,0.0,0.0,0.0,0.0,0.0,0.0,0.0,0.0,0.0,0.0,0.0
61,0.0,0.0,0.0,0.0,0.0,0.0,0.0,0.0,0.0,0.0,0.0,0.0,0.0,0.0,0.0,0.0,0.0,0.0,0.0,0.0,0.0,0.0,0.0,0.0,0.0,0.0,0.0,0.0,0.0,0.0,0.0,0.0,0.0,0.0
62,0.0,0.0,0.0,0.0,0.0,0.0,0.0,0.0,0.0,0.0,0.0,0.0,0.0,0.0,0.0,0.0,0.0,0.0,0.0,0.0,0.0,0.0,0.0,0.0,0.0,0.0,0.0,0.0,0.0,0.0,0.0,0.0,0.0,0.0
63,0.0,0.0,0.0,0.0,0.0,0.0,0.0,0.0,0.0,0.0,0.0,0.0,0.0,0.0,0.0,0.0,0.0,0.0,0.0,0.0,0.0,0.0,0.0,0.0,0.0,0.0,0.0,0.0,0.0,0.0,0.0,0.0,0.0,0.0
64,0.0,0.0,0.0,0.0,0.0,0.0,0.0,0.0,0.0,0.0,0.0,0.0,0.0,0.0,0.0,0.0,0.0,0.0,0.0,0.0,0.0,0.0,0.0,0.0,0.0,0.0,0.0,0.0,0.0,0.0,0.0,0.0,0.0,0.0
65,0.0,0.0,0.0,0.0,0.0,0.0,0.0,0.0,0.0,0.0,0.0,0.0,0.0,0.0,0.0,0.0,0.0,0.0,0.0,0.0,0.0,0.0,0.0,0.0,0.0,0.0,0.0,0.0,0.0,0.0,0.0,0.0,0.0,0.0
66,0.0,0.0,0.0,0.0,0.0,0.0,0.0,0.0,0.0,0.0,0.0,0.0,0.0,0.0,0.0,0.0,0.0,0.0,0.0,0.0,0.0,0.0,0.0,0.0,0.0,0.0,0.0,0.0,0.0,0.0,0.0,0.0,0.0,0.0
67,0.0,0.0,0.0,0.0,0.0,0.0,0.0,0.0,0.0,0.0,0.0,0.0,0.0,0.0,0.0,0.0,0.0,0.0,0.0,0.0,0.0,0.0,0.0,0.0,0.0,0.0,0.0,0.0,0.0,0.0,0.0,0.0,0.0,0.0
68,0.0,0.0,0.0,0.0,0.0,0.0,0.0,0.0,0.0,0.0,0.0,0.0,0.0,0.0,0.0,0.0,0.0,0.0,0.0,0.0,0.0,0.0,0.0,0.0,0.0,0.0,0.0,0.0,0.0,0.0,0.0,0.0,0.0,0.0
69,0.0,0.0,0.0,0.0,0.0,0.0,0.0,0.0,0.0,0.0,0.0,0.0,0.0,0.0,0.0,0.0,0.0,0.0,0.0,0.0,0.0,0.0,0.0,0.0,0.0,0.0,0.0,0.0,0.0,0.0,0.0,0.0,0.0,0.0
70,0.0,0.0,0.0,0.0,0.0,0.0,0.0,0.0,0.0,0.0,0.0,0.0,0.0,0.0,0.0,0.0,0.0,0.0,0.0,0.0,0.0,0.0,0.0,0.0,0.0,0.0,0.0,0.0,0.0,0.0,0.0,0.0,0.0,0.0
71,0.0,0.0,0.0,0.0,0.0,0.0,0.0,0.0,0.0,0.0,0.0,0.0,0.0,0.0,0.0,0.0,0.0,0.0,0.0,0.0,0.0,0.0,0.0,0.0,0.0,0.0,0.0,0.0,0.0,0.0,0.0,0.0,0.0,0.0
72,0.0,0.0,0.0,0.0,0.0,0.0,0.0,0.0,0.0,0.0,0.0,0.0,0.0,0.0,0.0,0.0,0.0,0.0,0.0,0.0,0.0,0.0,0.0,0.0,0.0,0.0,0.0,0.0,0.0,0.0,0.0,0.0,0.0,0.0
73,0.0,0.0,0.0,0.0,0.0,0.0,0.0,0.0,0.0,0.0,0.0,0.0,0.0,0.0,0.0,0.0,0.0,0.0,0.0,0.0,0.0,0.0,0.0,0.0,0.0,0.0,0.0,0.0,0.0,0.0,0.0,0.0,0.0,0.0
74,0.0,0.0,0.0,0.0,0.0,0.0,0.0,0.0,0.0,0.0,0.0,0.0,0.0,0.0,0.0,0.0,0.0,0.0,0.0,0.0,0.0,0.0,0.0,0.0,0.0,0.0,0.0,0.0,0.0,0.0,0.0,0.0,0.0,0.0
75,0.0,0.0,0.0,0.0,0.0,0.0,0.0,0.0,0.0,0.0,0.0,0.0,0.0,0.0,0.0,0.0,0.0,0.0,0.0,0.0,0.0,0.0,0.0,0.0,0.0,0.0,0.0,0.0,0.0,0.0,0.0,0.0,0.0,0.0
76,0.0,0.0,0.0,0.0,0.0,0.0,0.0,0.0,0.0,0.0,0.0,0.0,0.0,0.0,0.0,0.0,0.0,0.0,0.0,0.0,0.0,0.0,0.0,0.0,0.0,0.0,0.0,0.0,0.0,0.0,0.0,0.0,0.0,0.0
77,0.0,0.0,0.0,0.0,0.0,0.0,0.0,0.0,0.0,0.0,0.0,0.0,0.0,0.0,0.0,0.0,0.0,0.0,0.0,0.0,0.0,0.0,0.0,0.0,0.0,0.0,0.0,0.0,0.0,0.0,0.0,0.0,0.0,0.0
78,0.0,0.0,0.0,0.0,0.0,0.0,0.0,0.0,0.0,0.0,0.0,0.0,0.0,0.0,0.0,0.0,0.0,0.0,0.0,0.0,0.0,0.0,0.0,0.0,0.0,0.0,0.0,0.0,0.0,0.0,0.0,0.0,0.0,0.0
79,0.0,0.0,0.0,0.0,0.0,0.0,0.0,0.0,0.0,0.0,0.0,0.0,0.0,0.0,0.0,0.0,0.0,0.0,0.0,0.0,0.0,0.0,0.0,0.0,0.0,0.0,0.0,0.0,0.0,0.0,0.0,0.0,0.0,0.0
80,0.0,0.0,0.0,0.0,0.0,0.0,0.0,0.0,0.0,0.0,0.0,0.0,0.0,0.0,0.0,0.0,0.0,0.0,0.0,0.0,0.0,0.0,0.0,0.0,0.0,0.0,0.0,0.0,0.0,0.0,0.0,0.0,0.0,0.0
81,0.0,0.0,0.0,0.0,0.0,0.0,0.0,0.0,0.0,0.0,0.0,0.0,0.0,0.0,0.0,0.0,0.0,0.0,0.0,0.0,0.0,0.0,0.0,0.0,0.0,0.0,0.0,0.0,0.0,0.0,0.0,0.0,0.0,0.0
82,0.0,0.0,0.0,0.0,0.0,0.0,0.0,0.0,0.0,0.0,0.0,0.0,0.0,0.0,0.0,0.0,0.0,0.0,0.0,0.0,0.0,0.0,0.0,0.0,0.0,0.0,0.0,0.0,0.0,0.0,0.0,0.0,0.0,0.0
83,0.0,0.0,0.0,0.0,0.0,0.0,0.0,0.0,0.0,0.0,0.0,0.0,0.0,0.0,0.0,0.0,0.0,0.0,0.0,0.0,295.0578308105469,85.77607727050781,0.0,0.0,0.0,0.0,0.0,0.0,0.0,0.0,0.0,0.0,0.0,0.0
84,0.0,0.0,0.0,0.0,0.0,0.0,0.0,0.0,0.0,0.0,0.0,0.0,0.0,0.0,0.0,0.0,0.0,0.0,0.0,0.0,0.0,0.0,0.0,0.0,0.0,0.0,0.0,0.0,0.0,0.0,0.0,0.0,0.0,0.0
85,0.0,0.0,0.0,0.0,0.0,0.0,0.0,0.0,0.0,0.0,0.0,0.0,0.0,0.0,0.0,0.0,0.0,0.0,0.0,0.0,0.0,0.0,0.0,0.0,0.0,0.0,0.0,0.0,0.0,0.0,0.0,0.0,0.0,0.0
86,0.0,0.0,0.0,0.0,0.0,0.0,0.0,0.0,0.0,0.0,0.0,0.0,0.0,0.0,0.0,0.0,274.836669921875,80.8938217163086,0.0,0.0,216.83090209960935,112.64794921875,0.0,0.0,301.4783935546875,159.01986694335938,0.0,0.0,0.0,0.0,0.0,0.0,0.0,0.0
87,0.0,0.0,0.0,0.0,0.0,0.0,0.0,0.0,0.0,0.0,0.0,0.0,0.0,0.0,0.0,0.0,0.0,0.0,0.0,0.0,0.0,0.0,0.0,0.0,0.0,0.0,0.0,0.0,0.0,0.0,0.0,0.0,0.0,0.0
88,0.0,0.0,0.0,0.0,0.0,0.0,0.0,0.0,0.0,0.0,0.0,0.0,262.1615600585937,28.716209411621094,0.0,0.0,252.6295623779297,82.69989776611328,293.654296875,87.71664428710938,212.24758911132807,113.0700912475586,310.73931884765625,146.00929260253906,286.52496337890625,145.68942260742188,0.0,0.0,0.0,0.0,0.0,0.0,0.0,0.0
89,236.8282165527344,23.215988159179688,238.21714782714844,13.001068115234377,0.0,0.0,0.0,0.0,0.0,0.0,0.0,0.0,263.1170959472656,34.591766357421875,0.0,0.0,251.17922973632807,78.39474487304688,282.9068298339844,90.2550277709961,208.53372192382807,111.33155059814452,307.2043762207031,144.98805236816406,289.7610778808594,146.65774536132812,0.0,0.0,0.0,0.0,0.0,0.0,0.0,0.0
90,0.0,0.0,0.0,0.0,0.0,0.0,0.0,0.0,0.0,0.0,0.0,0.0,0.0,0.0,0.0,0.0,0.0,0.0,0.0,0.0,0.0,0.0,0.0,0.0,0.0,0.0,0.0,0.0,0.0,0.0,0.0,0.0,0.0,0.0
91,237.87091064453125,28.13633728027344,239.1314239501953,18.18622589111328,0.0,0.0,0.0,0.0,0.0,0.0,0.0,0.0,261.64471435546875,39.216705322265625,0.0,0.0,247.18942260742188,85.50325775146484,0.0,0.0,207.80935668945312,114.902099609375,308.0547180175781,145.5325927734375,287.9192199707031,147.5677947998047,0.0,0.0,0.0,0.0,0.0,0.0,0.0,0.0
92,237.8059234619141,27.870872497558597,239.6516571044922,16.43506622314453,0.0,0.0,259.40087890625,5.492279052734375,0.0,0.0,282.5672607421875,35.190155029296875,276.9850158691406,39.22084045410156,0.0,0.0,0.0,0.0,0.0,0.0,0.0,0.0,0.0,0.0,0.0,0.0,0.0,0.0,0.0,0.0,0.0,0.0,0.0,0.0
93,0.0,0.0,0.0,0.0,0.0,0.0,0.0,0.0,0.0,0.0,0.0,0.0,0.0,0.0,0.0,0.0,0.0,0.0,0.0,0.0,0.0,0.0,0.0,0.0,0.0,0.0,0.0,0.0,0.0,0.0,0.0,0.0,0.0,0.0
94,0.0,0.0,0.0,0.0,0.0,0.0,0.0,0.0,0.0,0.0,0.0,0.0,0.0,0.0,0.0,0.0,0.0,0.0,0.0,0.0,0.0,0.0,0.0,0.0,0.0,0.0,0.0,0.0,0.0,0.0,0.0,0.0,0.0,0.0
95,0.0,0.0,0.0,0.0,0.0,0.0,0.0,0.0,0.0,0.0,0.0,0.0,0.0,0.0,0.0,0.0,0.0,0.0,0.0,0.0,0.0,0.0,0.0,0.0,0.0,0.0,0.0,0.0,0.0,0.0,0.0,0.0,0.0,0.0
96,0.0,0.0,0.0,0.0,0.0,0.0,0.0,0.0,0.0,0.0,0.0,0.0,0.0,0.0,0.0,0.0,0.0,0.0,0.0,0.0,0.0,0.0,0.0,0.0,0.0,0.0,0.0,0.0,0.0,0.0,0.0,0.0,0.0,0.0
97,0.0,0.0,0.0,0.0,0.0,0.0,0.0,0.0,0.0,0.0,0.0,0.0,0.0,0.0,0.0,0.0,0.0,0.0,0.0,0.0,0.0,0.0,0.0,0.0,0.0,0.0,0.0,0.0,0.0,0.0,0.0,0.0,0.0,0.0
98,0.0,0.0,0.0,0.0,0.0,0.0,0.0,0.0,0.0,0.0,0.0,0.0,0.0,0.0,0.0,0.0,0.0,0.0,0.0,0.0,0.0,0.0,0.0,0.0,0.0,0.0,0.0,0.0,0.0,0.0,0.0,0.0,0.0,0.0
99,0.0,0.0,0.0,0.0,0.0,0.0,0.0,0.0,0.0,0.0,0.0,0.0,0.0,0.0,0.0,0.0,0.0,0.0,0.0,0.0,0.0,0.0,0.0,0.0,0.0,0.0,0.0,0.0,0.0,0.0,0.0,0.0,0.0,0.0
100,0.0,0.0,0.0,0.0,0.0,0.0,0.0,0.0,0.0,0.0,0.0,0.0,0.0,0.0,0.0,0.0,0.0,0.0,0.0,0.0,0.0,0.0,0.0,0.0,0.0,0.0,0.0,0.0,0.0,0.0,0.0,0.0,0.0,0.0
101,0.0,0.0,0.0,0.0,0.0,0.0,0.0,0.0,0.0,0.0,0.0,0.0,0.0,0.0,0.0,0.0,0.0,0.0,0.0,0.0,0.0,0.0,0.0,0.0,0.0,0.0,0.0,0.0,0.0,0.0,0.0,0.0,0.0,0.0
102,0.0,0.0,0.0,0.0,0.0,0.0,0.0,0.0,0.0,0.0,0.0,0.0,0.0,0.0,0.0,0.0,0.0,0.0,0.0,0.0,0.0,0.0,0.0,0.0,0.0,0.0,0.0,0.0,0.0,0.0,0.0,0.0,0.0,0.0
103,0.0,0.0,0.0,0.0,0.0,0.0,0.0,0.0,0.0,0.0,0.0,0.0,0.0,0.0,0.0,0.0,0.0,0.0,0.0,0.0,0.0,0.0,0.0,0.0,0.0,0.0,0.0,0.0,0.0,0.0,0.0,0.0,0.0,0.0
104,0.0,0.0,0.0,0.0,0.0,0.0,0.0,0.0,0.0,0.0,0.0,0.0,0.0,0.0,0.0,0.0,0.0,0.0,0.0,0.0,0.0,0.0,0.0,0.0,0.0,0.0,0.0,0.0,0.0,0.0,0.0,0.0,0.0,0.0
105,0.0,0.0,0.0,0.0,0.0,0.0,0.0,0.0,0.0,0.0,0.0,0.0,0.0,0.0,0.0,0.0,0.0,0.0,0.0,0.0,0.0,0.0,0.0,0.0,0.0,0.0,0.0,0.0,0.0,0.0,0.0,0.0,0.0,0.0
106,0.0,0.0,0.0,0.0,0.0,0.0,0.0,0.0,0.0,0.0,0.0,0.0,0.0,0.0,0.0,0.0,0.0,0.0,0.0,0.0,0.0,0.0,0.0,0.0,0.0,0.0,0.0,0.0,0.0,0.0,0.0,0.0,0.0,0.0
107,0.0,0.0,0.0,0.0,0.0,0.0,0.0,0.0,0.0,0.0,0.0,0.0,0.0,0.0,235.3455810546875,76.58841705322266,0.0,0.0,268.2020263671875,105.63357543945312,0.0,0.0,288.031494140625,166.39804077148438,0.0,0.0,0.0,0.0,0.0,0.0,0.0,0.0,0.0,0.0
108,0.0,0.0,0.0,0.0,0.0,0.0,0.0,0.0,0.0,0.0,0.0,0.0,0.0,0.0,233.81629943847656,82.24408721923828,0.0,0.0,0.0,0.0,0.0,0.0,282.5393981933594,161.97727966308594,0.0,0.0,0.0,0.0,0.0,0.0,0.0,0.0,0.0,0.0
109,0.0,0.0,0.0,0.0,0.0,0.0,0.0,0.0,0.0,0.0,0.0,0.0,0.0,0.0,236.09201049804688,79.370849609375,0.0,0.0,265.5629577636719,95.49177551269533,0.0,0.0,280.12603759765625,162.27882385253906,0.0,0.0,0.0,0.0,0.0,0.0,0.0,0.0,0.0,0.0
110,0.0,0.0,0.0,0.0,0.0,0.0,0.0,0.0,0.0,0.0,0.0,0.0,0.0,0.0,0.0,0.0,0.0,0.0,0.0,0.0,0.0,0.0,0.0,0.0,0.0,0.0,0.0,0.0,0.0,0.0,0.0,0.0,0.0,0.0
111,0.0,0.0,0.0,0.0,0.0,0.0,0.0,0.0,0.0,0.0,0.0,0.0,0.0,0.0,0.0,0.0,0.0,0.0,0.0,0.0,0.0,0.0,0.0,0.0,0.0,0.0,0.0,0.0,0.0,0.0,0.0,0.0,0.0,0.0
112,0.0,0.0,0.0,0.0,0.0,0.0,0.0,0.0,0.0,0.0,0.0,0.0,0.0,0.0,0.0,0.0,0.0,0.0,0.0,0.0,0.0,0.0,0.0,0.0,0.0,0.0,0.0,0.0,0.0,0.0,0.0,0.0,0.0,0.0
113,0.0,0.0,0.0,0.0,0.0,0.0,0.0,0.0,0.0,0.0,0.0,0.0,0.0,0.0,0.0,0.0,0.0,0.0,0.0,0.0,0.0,0.0,0.0,0.0,0.0,0.0,0.0,0.0,0.0,0.0,0.0,0.0,0.0,0.0
114,0.0,0.0,0.0,0.0,0.0,0.0,0.0,0.0,0.0,0.0,0.0,0.0,0.0,0.0,0.0,0.0,0.0,0.0,0.0,0.0,0.0,0.0,0.0,0.0,0.0,0.0,0.0,0.0,0.0,0.0,0.0,0.0,0.0,0.0
115,0.0,0.0,0.0,0.0,0.0,0.0,279.02752685546875,0.394683837890625,0.0,0.0,276.33477783203125,26.426170349121094,0.0,0.0,263.3841857910156,76.9026870727539,0.0,0.0,0.0,0.0,0.0,0.0,288.108154296875,137.35006713867188,317.3717041015625,136.6124725341797,270.81072998046875,199.12661743164065,0.0,0.0,0.0,0.0,0.0,0.0
116,0.0,0.0,0.0,0.0,0.0,0.0,273.30584716796875,11.8360595703125,0.0,0.0,273.23065185546875,36.537506103515625,0.0,0.0,275.6650390625,83.74541473388672,0.0,0.0,269.943359375,130.03518676757812,0.0,0.0,283.542724609375,130.23617553710938,316.6044616699219,128.1893310546875,267.9412841796875,192.4581298828125,0.0,0.0,0.0,0.0,0.0,0.0
117,0.0,0.0,0.0,0.0,0.0,0.0,272.174072265625,17.280853271484375,0.0,0.0,268.9535522460937,44.97848510742188,317.2133483886719,38.92029571533203,264.33428955078125,91.47012329101562,0.0,0.0,266.0351867675781,129.4014892578125,0.0,0.0,279.6172180175781,136.73336791992188,315.2002258300781,132.9263916015625,267.86334228515625,195.95050048828125,0.0,0.0,0.0,0.0,0.0,0.0
118,0.0,0.0,0.0,0.0,0.0,0.0,266.2532653808594,25.93224334716797,0.0,0.0,267.4105834960937,51.41961669921875,311.0556945800781,44.01087951660156,266.4381103515625,96.2229232788086,0.0,0.0,262.1065673828125,132.05844116210938,0.0,0.0,280.9776916503906,139.5182342529297,311.3706359863281,135.4320068359375,272.97625732421875,198.645751953125,0.0,0.0,0.0,0.0,0.0,0.0
119,0.0,0.0,0.0,0.0,0.0,0.0,260.9455261230469,31.052276611328125,0.0,0.0,261.5725402832031,56.14540863037109,303.74127197265625,47.01921081542969,256.6551513671875,97.23028564453124,0.0,0.0,255.37933349609372,116.92991638183594,0.0,0.0,277.63348388671875,136.52395629882812,308.3135986328125,132.09129333496094,266.27667236328125,198.22857666015625,0.0,0.0,0.0,0.0,0.0,0.0
120,0.0,0.0,0.0,0.0,0.0,0.0,253.8939666748047,33.171852111816406,273.825439453125,30.14302062988281,249.783203125,55.98549270629883,295.2723693847656,50.6815185546875,243.5602569580078,86.91698455810547,316.1571655273437,82.5672378540039,252.6266632080078,105.35528564453124,310.6010131835937,116.77645874023438,265.78717041015625,129.6042938232422,297.2536926269531,127.36627197265624,262.6676025390625,183.5164337158203,299.9892883300781,180.94122314453125,0.0,0.0,0.0,0.0
121,0.0,0.0,0.0,0.0,0.0,0.0,247.6286163330078,32.92029571533203,0.0,0.0,245.13131713867188,55.66587829589844,284.9589233398437,50.50006103515625,243.06988525390625,88.50943756103516,304.9854736328125,83.02752685546875,245.07054138183597,106.77203369140624,0.0,0.0,259.0596618652344,130.0315399169922,287.1499328613281,127.7610855102539,255.38255310058597,183.9102783203125,293.59100341796875,180.84088134765625,0.0,0.0,0.0,0.0
122,0.0,0.0,0.0,0.0,0.0,0.0,240.04608154296875,34.500526428222656,0.0,0.0,237.73887634277344,56.79338073730469,277.8422241210937,51.48989868164063,236.07113647460935,88.26795959472656,300.1156005859375,80.81840515136719,238.65362548828125,107.98270416259766,291.2018127441406,107.96893310546876,252.35714721679688,127.84774780273438,280.3736877441406,125.52513122558594,252.06149291992188,176.32803344726562,285.0213623046875,173.2607421875,257.0250244140625,209.1243438720703,293.02056884765625,209.3228454589844
123,0.0,0.0,0.0,0.0,0.0,0.0,235.5624847412109,36.55558013916016,250.6410675048828,34.41374206542969,234.2137451171875,57.010738372802734,269.6534423828125,52.998573303222656,230.3296813964844,84.95947265625,291.9458923339844,81.20191955566406,235.05747985839844,104.21875,287.1002502441406,109.72395324707033,247.9026031494141,123.22508239746094,271.45245361328125,121.05949401855467,249.63790893554688,173.05734252929688,271.10357666015625,169.68341064453125,257.98516845703125,215.0239105224609,278.17584228515625,213.81515502929688
124,0.0,0.0,0.0,0.0,0.0,0.0,229.07843017578125,38.65495300292969,244.60675048828125,36.409027099609375,229.84909057617188,58.71379852294922,262.8861694335937,53.62654113769531,227.87274169921875,85.90167999267578,284.0043334960937,80.53404235839844,230.9589080810547,102.31165313720705,279.9952392578125,108.94236755371094,244.3539123535156,124.0572738647461,265.44842529296875,120.9908676147461,245.93499755859372,172.53115844726562,260.43951416015625,167.39952087402344,254.3710174560547,215.5259704589844,263.4857788085937,212.9023284912109
125,0.0,0.0,0.0,0.0,0.0,0.0,224.42051696777344,42.47002410888672,0.0,0.0,224.90725708007807,60.801063537597656,256.64971923828125,57.61006164550781,222.39895629882807,87.41388702392578,276.4962463378906,86.68770599365234,225.5127716064453,105.70062255859376,272.3485717773437,111.1026611328125,238.93267822265625,123.376708984375,258.92315673828125,121.27355194091795,242.1591033935547,167.33326721191406,251.6080474853516,163.03369140625,249.5070037841797,204.1119537353516,253.2453155517578,199.80874633789065
126,0.0,0.0,0.0,0.0,0.0,0.0,219.8588714599609,46.51567077636719,0.0,0.0,221.33837890625,64.94651794433594,250.26119995117188,61.01009368896485,221.19595336914065,93.41175842285156,268.7794189453125,87.21498107910156,217.87208557128903,114.21953582763672,261.2796325683594,108.48133087158205,235.64334106445312,121.98273468017578,253.6802673339844,119.55203247070312,236.92161560058597,160.84268188476562,243.6420440673828,157.41384887695312,247.21136474609372,192.7992248535156,246.4332427978516,190.2474670410156
127,0.0,0.0,0.0,0.0,0.0,0.0,214.32638549804688,50.25065612792969,0.0,0.0,218.10494995117188,66.5062255859375,244.8641815185547,64.11632537841797,219.19158935546875,93.73793029785156,262.9485168457031,90.79259490966795,212.70394897460935,108.45863342285156,250.06597900390625,102.2470703125,233.11767578125,122.75091552734376,249.36154174804688,120.56168365478516,233.8602600097656,163.79299926757812,237.2503204345703,159.88595581054688,244.08563232421875,196.86349487304688,239.13316345214844,191.58392333984372
128,0.0,0.0,0.0,0.0,0.0,0.0,210.02940368652344,53.147705078125,0.0,0.0,213.84996032714844,68.39739227294922,235.99951171875,65.79256439208984,216.6339874267578,93.40558624267578,249.92660522460935,90.78565979003906,211.74380493164065,110.39997863769533,0.0,0.0,225.4806365966797,119.5818862915039,239.8618621826172,117.80447387695312,222.59405517578125,155.8927001953125,230.2974853515625,153.92236328125,226.8084716796875,183.8067626953125,230.99783325195312,182.36724853515625
129,0.0,0.0,0.0,0.0,0.0,0.0,203.6011962890625,54.38494110107422,0.0,0.0,209.8555908203125,68.45466613769531,228.27687072753903,68.00052642822266,214.5167999267578,94.1104507446289,0.0,0.0,202.75927734375,106.62396240234376,0.0,0.0,220.8719024658203,121.33175659179688,233.7067413330078,119.82740783691406,214.51995849609372,158.26068115234375,224.9990692138672,156.23220825195312,217.3052215576172,189.8445587158203,0.0,0.0
130,0.0,0.0,0.0,0.0,0.0,0.0,198.9942321777344,55.92887878417969,0.0,0.0,204.2326812744141,66.9067611694336,223.95358276367188,66.95535278320312,211.0087432861328,91.2568817138672,0.0,0.0,200.18179321289065,105.7111587524414,0.0,0.0,216.77145385742188,118.2781219482422,230.5853576660156,117.38069152832033,211.8817901611328,158.109619140625,225.24224853515625,157.5142364501953,0.0,0.0,0.0,0.0
131,0.0,0.0,0.0,0.0,0.0,0.0,192.1329803466797,58.232460021972656,0.0,0.0,199.9965057373047,67.48992156982422,215.56626892089844,67.573486328125,209.6176300048828,90.7608642578125,0.0,0.0,196.3591461181641,105.35448455810548,0.0,0.0,215.57403564453125,118.58268737792967,227.14157104492188,117.58843231201172,208.0596160888672,160.11973571777344,222.36317443847656,158.43824768066406,0.0,0.0,0.0,0.0
132,0.0,0.0,0.0,0.0,0.0,0.0,187.6672821044922,60.02993774414063,0.0,0.0,197.0108642578125,69.38386535644531,210.88104248046875,68.38801574707031,207.1550445556641,93.19076538085938,0.0,0.0,193.6972198486328,105.3900146484375,0.0,0.0,213.97381591796875,119.09048461914062,224.2325897216797,117.51976013183594,202.61569213867188,161.237548828125,216.05430603027344,159.007568359375,0.0,0.0,0.0,0.0
133,179.47898864746094,68.141357421875,179.27670288085938,65.48770904541016,0.0,0.0,184.01779174804688,61.99518203735352,0.0,0.0,193.00021362304688,71.6989974975586,203.5660095214844,70.20111083984375,203.6781463623047,95.22571563720705,0.0,0.0,191.7411346435547,106.26789093017578,0.0,0.0,210.82220458984372,115.85282135009766,218.42840576171875,114.47415161132812,201.8493194580078,152.34396362304688,0.0,0.0,0.0,0.0,0.0,0.0
134,174.04823303222656,71.26591491699219,174.01998901367188,69.06622314453125,0.0,0.0,178.19619750976562,65.78595733642578,0.0,0.0,187.5872344970703,74.53309631347656,199.5917053222656,72.58779907226562,199.77584838867188,95.70663452148438,0.0,0.0,189.0616149902344,111.16829681396484,0.0,0.0,207.83352661132807,119.1866455078125,216.66587829589844,117.68283081054688,200.26611328125,158.62782287597656,0.0,0.0,0.0,0.0,0.0,0.0
135,0.0,0.0,0.0,0.0,0.0,0.0,173.8062286376953,70.45423889160156,0.0,0.0,183.21522521972656,75.87218475341797,193.00596618652344,75.13748931884766,195.21514892578125,97.03765869140624,200.85516357421875,97.72268676757812,183.14138793945312,114.87493896484376,0.0,0.0,205.27359008789065,119.48639678955078,212.11192321777344,118.53952026367188,199.69505310058597,161.2210693359375,209.39996337890625,158.75784301757812,0.0,0.0,0.0,0.0
136,0.0,0.0,0.0,0.0,0.0,0.0,167.03700256347656,73.19705200195312,0.0,0.0,175.37399291992188,79.50393676757812,187.3548126220703,77.42672729492188,185.87796020507807,102.1688995361328,194.26437377929688,100.02677917480467,177.0581817626953,117.48809814453124,0.0,0.0,200.34011840820312,118.39669799804688,209.03564453125,117.35623168945312,196.3242034912109,161.3141632080078,0.0,0.0,0.0,0.0,0.0,0.0
137,0.0,0.0,0.0,0.0,0.0,0.0,160.34056091308594,77.33935546875,0.0,0.0,169.09410095214844,81.57093048095703,181.2187347412109,79.53580474853516,179.2273712158203,102.86935424804688,0.0,0.0,168.51756286621094,114.67999267578124,0.0,0.0,195.1680603027344,117.96481323242188,203.9662933349609,117.0081024169922,190.7813262939453,156.16824340820312,0.0,0.0,0.0,0.0,0.0,0.0
138,0.0,0.0,153.08314514160156,83.8885726928711,0.0,0.0,154.697021484375,79.4614486694336,0.0,0.0,164.8761749267578,84.00750732421875,174.31507873535156,81.49628448486328,172.23045349121094,108.75350189208984,0.0,0.0,160.9523468017578,116.26151275634766,0.0,0.0,193.8658447265625,117.91876983642578,200.48403930664065,116.59906005859376,182.232177734375,152.6075439453125,0.0,0.0,0.0,0.0,0.0,0.0
139,150.35963439941406,88.7281494140625,149.2779998779297,86.52496337890625,0.0,0.0,150.88714599609375,82.7754135131836,0.0,0.0,164.69631958007812,86.37628936767578,164.51206970214844,88.02165222167969,173.4293975830078,107.43170166015624,0.0,0.0,166.44833374023438,119.34918212890624,0.0,0.0,195.47634887695312,116.8816146850586,193.84619140625,117.91398620605467,193.05670166015625,150.33065795898438,0.0,0.0,0.0,0.0,0.0,0.0
140,0.0,0.0,0.0,0.0,0.0,0.0,148.59625244140625,85.16016387939453,0.0,0.0,156.41693115234375,90.32611083984376,167.09619140625,85.19908905029297,162.51510620117188,113.32899475097656,0.0,0.0,156.47457885742188,119.61453247070312,0.0,0.0,190.5247344970703,115.67430877685548,196.7250213623047,114.0398178100586,188.13555908203125,146.70008850097656,0.0,0.0,0.0,0.0,0.0,0.0
141,0.0,0.0,0.0,0.0,0.0,0.0,146.84567260742188,85.59140014648438,0.0,0.0,154.06956481933594,90.82948303222656,167.93606567382812,86.35800170898438,154.3332977294922,113.03758239746094,0.0,0.0,150.39089965820312,119.5435028076172,0.0,0.0,187.203857421875,117.08332824707033,196.01878356933597,115.68561553955078,182.7789001464844,148.02249145507812,0.0,0.0,0.0,0.0,0.0,0.0
142,0.0,0.0,0.0,0.0,0.0,0.0,145.1107177734375,86.28692626953125,0.0,0.0,152.5436553955078,94.74415588378906,172.21054077148438,88.55462646484375,151.41468811035156,116.63064575195312,0.0,0.0,148.015869140625,120.50099182128906,0.0,0.0,184.2843017578125,122.52408599853516,196.9553680419922,119.69290924072266,0.0,0.0,0.0,0.0,0.0,0.0,0.0,0.0
143,0.0,0.0,0.0,0.0,0.0,0.0,144.52491760253906,86.45736694335938,0.0,0.0,150.912109375,93.43946838378906,170.93508911132812,87.50978088378906,149.5587615966797,117.06458282470705,0.0,0.0,146.19091796875,126.1139678955078,0.0,0.0,183.79986572265625,121.1736297607422,196.6451416015625,118.79875183105467,179.54498291015625,153.173828125,0.0,0.0,0.0,0.0,0.0,0.0
144,0.0,0.0,0.0,0.0,0.0,0.0,144.56248474121094,86.41168212890625,0.0,0.0,150.82260131835938,93.61256408691406,170.9684600830078,87.45675659179688,149.7080078125,117.0724105834961,0.0,0.0,146.0420684814453,125.7956771850586,0.0,0.0,183.74034118652344,120.55152893066406,196.8760681152344,118.13021087646484,179.91793823242188,153.30706787109375,0.0,0.0,0.0,0.0,0.0,0.0
145,0.0,0.0,0.0,0.0,0.0,0.0,144.54354858398438,86.52073669433594,0.0,0.0,150.641845703125,94.55252838134766,170.28689575195312,87.77249145507812,148.54795837402344,116.5496597290039,0.0,0.0,145.21583557128906,123.42562866210938,0.0,0.0,183.6858673095703,119.2339096069336,196.3832244873047,116.76463317871094,0.0,0.0,0.0,0.0,0.0,0.0,0.0,0.0
146,0.0,0.0,0.0,0.0,0.0,0.0,145.2255096435547,85.85321807861328,0.0,0.0,150.58981323242188,92.79639434814452,171.6494903564453,87.43245697021484,149.30897521972656,113.92826080322266,0.0,0.0,146.53256225585938,124.87808990478516,0.0,0.0,177.63253784179688,118.97864532470705,192.16815185546875,116.79399871826172,175.10775756835938,146.8262481689453,0.0,0.0,0.0,0.0,0.0,0.0
147,0.0,0.0,0.0,0.0,0.0,0.0,145.3347930908203,85.34171295166016,0.0,0.0,150.2332763671875,92.78467559814452,172.31739807128906,88.03386688232422,149.6279754638672,114.20494079589844,0.0,0.0,147.22341918945312,125.14874267578124,0.0,0.0,176.8037567138672,119.48099517822266,191.95993041992188,117.5045928955078,174.0062255859375,146.02871704101562,0.0,0.0,0.0,0.0,0.0,0.0
148,0.0,0.0,0.0,0.0,0.0,0.0,145.34890747070312,85.3606948852539,0.0,0.0,150.24310302734375,92.78782653808594,172.2609405517578,88.02816009521484,149.61769104003906,114.17656707763672,0.0,0.0,147.2064971923828,125.13566589355467,0.0,0.0,176.84896850585938,119.40811920166016,191.95700073242188,117.4327392578125,174.03607177734375,145.89529418945312,0.0,0.0,0.0,0.0,0.0,0.0
149,0.0,0.0,0.0,0.0,0.0,0.0,145.81631469726562,86.39541625976562,0.0,0.0,150.65478515625,94.68535614013672,173.4581298828125,89.65963745117188,149.49354553222656,115.38492584228516,182.3954162597656,108.89608001708984,148.09048461914062,126.0557098388672,0.0,0.0,176.92108154296875,120.4110107421875,192.4722595214844,118.30549621582033,175.07481384277344,144.788330078125,0.0,0.0,0.0,0.0,0.0,0.0
150,0.0,0.0,0.0,0.0,0.0,0.0,146.1455078125,87.01019287109375,0.0,0.0,151.33856201171875,93.1933364868164,171.29222106933594,87.29639434814453,149.29757690429688,114.61997985839844,0.0,0.0,146.12356567382812,124.70515441894533,0.0,0.0,180.03350830078125,115.98640441894533,193.88905334472656,113.75283813476562,176.6315155029297,142.63259887695312,0.0,0.0,0.0,0.0,0.0,0.0
151,0.0,0.0,0.0,0.0,0.0,0.0,146.49635314941406,86.60777282714844,0.0,0.0,151.11721801757812,93.28450012207033,171.94778442382812,87.31648254394531,149.51791381835938,114.40093231201172,0.0,0.0,146.54702758789062,124.82286071777344,0.0,0.0,179.20590209960938,116.3789520263672,193.49658203125,114.15233612060548,176.37786865234375,141.65994262695312,190.0113525390625,136.82781982421875,0.0,0.0,0.0,0.0
152,0.0,0.0,0.0,0.0,0.0,0.0,146.8370819091797,87.03168487548828,0.0,0.0,151.5597686767578,93.33061981201172,172.6636962890625,87.592041015625,149.49447631835938,114.78868865966795,0.0,0.0,147.0233612060547,125.80520629882812,0.0,0.0,180.2279357910156,117.3427734375,194.7171630859375,115.17938232421876,176.16461181640625,144.0985870361328,0.0,0.0,0.0,0.0,0.0,0.0
153,0.0,0.0,0.0,0.0,0.0,0.0,146.86265563964844,86.98249816894531,0.0,0.0,151.6671600341797,93.0919418334961,172.4886016845703,87.49348449707031,149.52084350585938,114.67703247070312,0.0,0.0,146.9835662841797,125.80364227294922,0.0,0.0,180.5398406982422,117.03524017333984,194.85836791992188,114.92877960205078,175.857666015625,143.93148803710938,0.0,0.0,0.0,0.0,0.0,0.0
154,0.0,0.0,0.0,0.0,0.0,0.0,147.60507202148438,86.83626556396484,0.0,0.0,151.87171936035156,93.00631713867188,174.10287475585938,87.70368194580078,149.61000061035156,115.26510620117188,0.0,0.0,147.99929809570312,126.12374877929688,0.0,0.0,179.739013671875,118.22940063476562,195.17703247070312,116.23365020751952,174.91464233398438,145.5107421875,0.0,0.0,0.0,0.0,0.0,0.0
155,0.0,0.0,0.0,0.0,0.0,0.0,147.5352783203125,85.9715805053711,0.0,0.0,151.34996032714844,92.62852478027344,176.21267700195312,88.0474624633789,150.78436279296875,114.42349243164062,0.0,0.0,148.52264404296875,125.0774917602539,0.0,0.0,179.119384765625,122.91289520263672,195.524169921875,120.77947998046876,173.87620544433594,149.22860717773438,185.5848693847656,144.80862426757812,0.0,0.0,0.0,0.0
156,0.0,0.0,0.0,0.0,0.0,0.0,148.5292205810547,86.3473892211914,0.0,0.0,152.0987548828125,91.51327514648438,174.33145141601562,87.30287170410156,149.8569793701172,113.9344253540039,0.0,0.0,148.0568084716797,125.49562072753906,0.0,0.0,179.74375915527344,117.94412231445312,194.94680786132807,116.47947692871094,176.25100708007812,145.86192321777344,189.7023162841797,142.17588806152344,177.2555389404297,169.41317749023438,0.0,0.0
157,0.0,0.0,0.0,0.0,0.0,0.0,148.81591796875,85.9183120727539,0.0,0.0,152.29324340820312,91.1777801513672,174.4164276123047,87.33907318115234,150.24813842773438,113.47723388671876,0.0,0.0,147.81320190429688,124.91575622558594,0.0,0.0,178.67929077148438,119.15756225585938,193.6697998046875,117.7591552734375,175.62347412109375,147.04815673828125,188.45257568359372,143.52389526367188,0.0,0.0,0.0,0.0
158,0.0,0.0,0.0,0.0,0.0,0.0,147.8751220703125,85.62535095214844,0.0,0.0,151.9052734375,91.96501159667967,174.1432647705078,86.81800842285156,151.1188201904297,113.98217010498048,0.0,0.0,147.90298461914062,122.8411102294922,0.0,0.0,180.122314453125,119.65900421142578,195.01708984375,117.5173568725586,175.8265838623047,148.34588623046875,187.32913208007807,143.76470947265625,179.72129821777344,172.20413208007812,0.0,0.0
159,0.0,0.0,0.0,0.0,0.0,0.0,148.5905303955078,85.81652069091797,0.0,0.0,152.0360565185547,92.31805419921876,175.4286346435547,87.13113403320312,151.1848907470703,113.1998291015625,0.0,0.0,149.06915283203125,123.3588409423828,0.0,0.0,177.6027069091797,119.72643280029295,193.1167449951172,117.4071273803711,176.87936401367188,147.9814453125,188.3599548339844,142.99319458007812,179.22085571289062,173.2830352783203,0.0,0.0
160,0.0,0.0,0.0,0.0,0.0,0.0,149.0699005126953,85.604248046875,0.0,0.0,151.94659423828125,92.42633056640624,174.12408447265625,88.32520294189453,149.7035675048828,113.92127990722656,0.0,0.0,148.5421905517578,125.55545806884766,0.0,0.0,175.5257568359375,121.89027404785156,190.50035095214844,120.22886657714844,172.92735290527344,149.83718872070312,185.16221618652344,145.89169311523438,174.7254638671875,172.0201873779297,0.0,0.0
161,0.0,0.0,0.0,0.0,0.0,0.0,148.2688446044922,86.31294250488281,0.0,0.0,152.41806030273438,92.5771484375,169.47103881835938,88.71762084960938,150.75157165527344,113.2052001953125,0.0,0.0,149.3505859375,122.82752227783205,0.0,0.0,179.64859008789062,118.96728515625,190.3101501464844,117.7363739013672,177.066650390625,144.6768341064453,181.3198699951172,141.8697967529297,181.717529296875,164.72271728515625,0.0,0.0
162,0.0,0.0,0.0,0.0,0.0,0.0,148.1651611328125,86.37096405029297,0.0,0.0,152.33795166015625,92.59276580810548,169.10018920898438,88.57441711425781,150.75942993164062,113.22293853759766,0.0,0.0,149.197509765625,122.66974639892578,0.0,0.0,179.8746795654297,118.5624771118164,190.28587341308597,117.2837142944336,177.7082977294922,144.44163513183594,181.5422515869141,141.45962524414062,182.49234008789065,164.39608764648438,0.0,0.0
163,0.0,0.0,0.0,0.0,0.0,0.0,0.0,0.0,0.0,0.0,0.0,0.0,0.0,0.0,0.0,0.0,0.0,0.0,0.0,0.0,0.0,0.0,0.0,0.0,0.0,0.0,0.0,0.0,0.0,0.0,0.0,0.0,0.0,0.0
164,0.0,0.0,0.0,0.0,0.0,0.0,0.0,0.0,0.0,0.0,0.0,0.0,0.0,0.0,0.0,0.0,0.0,0.0,0.0,0.0,0.0,0.0,0.0,0.0,0.0,0.0,0.0,0.0,0.0,0.0,0.0,0.0,0.0,0.0
165,0.0,0.0,0.0,0.0,0.0,0.0,0.0,0.0,0.0,0.0,0.0,0.0,0.0,0.0,0.0,0.0,0.0,0.0,0.0,0.0,0.0,0.0,0.0,0.0,0.0,0.0,0.0,0.0,0.0,0.0,0.0,0.0,0.0,0.0
166,0.0,0.0,0.0,0.0,0.0,0.0,0.0,0.0,0.0,0.0,0.0,0.0,0.0,0.0,0.0,0.0,0.0,0.0,0.0,0.0,0.0,0.0,0.0,0.0,0.0,0.0,0.0,0.0,0.0,0.0,0.0,0.0,0.0,0.0
167,0.0,0.0,0.0,0.0,0.0,0.0,0.0,0.0,0.0,0.0,0.0,0.0,0.0,0.0,0.0,0.0,0.0,0.0,0.0,0.0,0.0,0.0,0.0,0.0,0.0,0.0,0.0,0.0,0.0,0.0,0.0,0.0,0.0,0.0
168,0.0,0.0,0.0,0.0,0.0,0.0,0.0,0.0,0.0,0.0,0.0,0.0,0.0,0.0,0.0,0.0,0.0,0.0,0.0,0.0,0.0,0.0,0.0,0.0,0.0,0.0,0.0,0.0,0.0,0.0,0.0,0.0,0.0,0.0
169,0.0,0.0,0.0,0.0,0.0,0.0,0.0,0.0,0.0,0.0,0.0,0.0,0.0,0.0,0.0,0.0,0.0,0.0,0.0,0.0,0.0,0.0,0.0,0.0,0.0,0.0,0.0,0.0,0.0,0.0,0.0,0.0,0.0,0.0
170,0.0,0.0,0.0,0.0,0.0,0.0,0.0,0.0,0.0,0.0,0.0,0.0,0.0,0.0,0.0,0.0,0.0,0.0,0.0,0.0,0.0,0.0,0.0,0.0,0.0,0.0,0.0,0.0,0.0,0.0,0.0,0.0,0.0,0.0
171,0.0,0.0,0.0,0.0,0.0,0.0,0.0,0.0,0.0,0.0,0.0,0.0,0.0,0.0,0.0,0.0,0.0,0.0,0.0,0.0,0.0,0.0,0.0,0.0,0.0,0.0,0.0,0.0,0.0,0.0,0.0,0.0,0.0,0.0
172,0.0,0.0,0.0,0.0,0.0,0.0,0.0,0.0,0.0,0.0,0.0,0.0,0.0,0.0,0.0,0.0,0.0,0.0,0.0,0.0,0.0,0.0,0.0,0.0,0.0,0.0,0.0,0.0,0.0,0.0,0.0,0.0,0.0,0.0
173,0.0,0.0,0.0,0.0,0.0,0.0,0.0,0.0,0.0,0.0,0.0,0.0,0.0,0.0,0.0,0.0,0.0,0.0,0.0,0.0,0.0,0.0,0.0,0.0,0.0,0.0,0.0,0.0,0.0,0.0,0.0,0.0,0.0,0.0
174,0.0,0.0,0.0,0.0,0.0,0.0,0.0,0.0,0.0,0.0,0.0,0.0,0.0,0.0,0.0,0.0,0.0,0.0,0.0,0.0,0.0,0.0,0.0,0.0,0.0,0.0,0.0,0.0,0.0,0.0,0.0,0.0,0.0,0.0
175,0.0,0.0,0.0,0.0,0.0,0.0,0.0,0.0,0.0,0.0,0.0,0.0,0.0,0.0,0.0,0.0,0.0,0.0,0.0,0.0,0.0,0.0,0.0,0.0,0.0,0.0,0.0,0.0,0.0,0.0,0.0,0.0,0.0,0.0
176,0.0,0.0,0.0,0.0,0.0,0.0,0.0,0.0,0.0,0.0,0.0,0.0,0.0,0.0,0.0,0.0,0.0,0.0,0.0,0.0,0.0,0.0,0.0,0.0,0.0,0.0,0.0,0.0,0.0,0.0,0.0,0.0,0.0,0.0
177,0.0,0.0,0.0,0.0,0.0,0.0,0.0,0.0,0.0,0.0,0.0,0.0,0.0,0.0,0.0,0.0,0.0,0.0,0.0,0.0,0.0,0.0,0.0,0.0,0.0,0.0,0.0,0.0,0.0,0.0,0.0,0.0,0.0,0.0
178,0.0,0.0,0.0,0.0,0.0,0.0,0.0,0.0,0.0,0.0,0.0,0.0,0.0,0.0,0.0,0.0,0.0,0.0,0.0,0.0,0.0,0.0,0.0,0.0,0.0,0.0,0.0,0.0,0.0,0.0,0.0,0.0,0.0,0.0
179,0.0,0.0,0.0,0.0,0.0,0.0,0.0,0.0,0.0,0.0,0.0,0.0,0.0,0.0,0.0,0.0,0.0,0.0,0.0,0.0,0.0,0.0,0.0,0.0,0.0,0.0,0.0,0.0,0.0,0.0,0.0,0.0,0.0,0.0
180,0.0,0.0,0.0,0.0,0.0,0.0,0.0,0.0,0.0,0.0,0.0,0.0,0.0,0.0,0.0,0.0,0.0,0.0,0.0,0.0,0.0,0.0,0.0,0.0,0.0,0.0,0.0,0.0,0.0,0.0,0.0,0.0,0.0,0.0
181,0.0,0.0,0.0,0.0,0.0,0.0,0.0,0.0,0.0,0.0,0.0,0.0,0.0,0.0,0.0,0.0,0.0,0.0,0.0,0.0,0.0,0.0,0.0,0.0,0.0,0.0,0.0,0.0,0.0,0.0,0.0,0.0,0.0,0.0
182,0.0,0.0,0.0,0.0,0.0,0.0,0.0,0.0,0.0,0.0,0.0,0.0,0.0,0.0,0.0,0.0,0.0,0.0,0.0,0.0,0.0,0.0,0.0,0.0,0.0,0.0,0.0,0.0,0.0,0.0,0.0,0.0,0.0,0.0
183,0.0,0.0,0.0,0.0,0.0,0.0,0.0,0.0,0.0,0.0,0.0,0.0,0.0,0.0,0.0,0.0,0.0,0.0,0.0,0.0,0.0,0.0,0.0,0.0,0.0,0.0,0.0,0.0,0.0,0.0,0.0,0.0,0.0,0.0
184,0.0,0.0,0.0,0.0,0.0,0.0,0.0,0.0,0.0,0.0,0.0,0.0,0.0,0.0,0.0,0.0,0.0,0.0,0.0,0.0,0.0,0.0,0.0,0.0,0.0,0.0,0.0,0.0,0.0,0.0,0.0,0.0,0.0,0.0
185,0.0,0.0,0.0,0.0,0.0,0.0,0.0,0.0,0.0,0.0,0.0,0.0,0.0,0.0,0.0,0.0,0.0,0.0,0.0,0.0,0.0,0.0,0.0,0.0,0.0,0.0,0.0,0.0,0.0,0.0,0.0,0.0,0.0,0.0
186,0.0,0.0,0.0,0.0,0.0,0.0,0.0,0.0,0.0,0.0,0.0,0.0,0.0,0.0,0.0,0.0,0.0,0.0,0.0,0.0,0.0,0.0,0.0,0.0,0.0,0.0,0.0,0.0,0.0,0.0,0.0,0.0,0.0,0.0
187,0.0,0.0,0.0,0.0,0.0,0.0,0.0,0.0,0.0,0.0,0.0,0.0,0.0,0.0,0.0,0.0,0.0,0.0,0.0,0.0,0.0,0.0,0.0,0.0,0.0,0.0,0.0,0.0,0.0,0.0,0.0,0.0,0.0,0.0
188,0.0,0.0,0.0,0.0,0.0,0.0,0.0,0.0,0.0,0.0,0.0,0.0,0.0,0.0,0.0,0.0,0.0,0.0,0.0,0.0,0.0,0.0,0.0,0.0,0.0,0.0,0.0,0.0,0.0,0.0,0.0,0.0,0.0,0.0
189,0.0,0.0,0.0,0.0,0.0,0.0,0.0,0.0,0.0,0.0,0.0,0.0,0.0,0.0,0.0,0.0,0.0,0.0,0.0,0.0,0.0,0.0,0.0,0.0,0.0,0.0,0.0,0.0,0.0,0.0,0.0,0.0,0.0,0.0
190,0.0,0.0,0.0,0.0,0.0,0.0,0.0,0.0,0.0,0.0,0.0,0.0,0.0,0.0,0.0,0.0,0.0,0.0,0.0,0.0,0.0,0.0,0.0,0.0,0.0,0.0,0.0,0.0,0.0,0.0,0.0,0.0,0.0,0.0
191,0.0,0.0,0.0,0.0,0.0,0.0,0.0,0.0,0.0,0.0,0.0,0.0,0.0,0.0,0.0,0.0,0.0,0.0,0.0,0.0,0.0,0.0,0.0,0.0,0.0,0.0,0.0,0.0,0.0,0.0,0.0,0.0,0.0,0.0
192,0.0,0.0,0.0,0.0,0.0,0.0,0.0,0.0,0.0,0.0,0.0,0.0,0.0,0.0,0.0,0.0,0.0,0.0,0.0,0.0,0.0,0.0,0.0,0.0,0.0,0.0,0.0,0.0,0.0,0.0,0.0,0.0,0.0,0.0
193,0.0,0.0,0.0,0.0,0.0,0.0,0.0,0.0,0.0,0.0,0.0,0.0,0.0,0.0,0.0,0.0,0.0,0.0,0.0,0.0,0.0,0.0,0.0,0.0,0.0,0.0,0.0,0.0,0.0,0.0,0.0,0.0,0.0,0.0
194,0.0,0.0,0.0,0.0,0.0,0.0,0.0,0.0,0.0,0.0,0.0,0.0,0.0,0.0,0.0,0.0,0.0,0.0,0.0,0.0,0.0,0.0,0.0,0.0,0.0,0.0,0.0,0.0,0.0,0.0,0.0,0.0,0.0,0.0
195,0.0,0.0,0.0,0.0,0.0,0.0,0.0,0.0,0.0,0.0,0.0,0.0,0.0,0.0,0.0,0.0,0.0,0.0,0.0,0.0,0.0,0.0,0.0,0.0,0.0,0.0,0.0,0.0,0.0,0.0,0.0,0.0,0.0,0.0
196,0.0,0.0,0.0,0.0,0.0,0.0,0.0,0.0,0.0,0.0,0.0,0.0,0.0,0.0,0.0,0.0,0.0,0.0,0.0,0.0,0.0,0.0,0.0,0.0,0.0,0.0,0.0,0.0,0.0,0.0,0.0,0.0,0.0,0.0
197,0.0,0.0,0.0,0.0,0.0,0.0,0.0,0.0,0.0,0.0,0.0,0.0,0.0,0.0,0.0,0.0,0.0,0.0,0.0,0.0,0.0,0.0,0.0,0.0,0.0,0.0,0.0,0.0,0.0,0.0,0.0,0.0,0.0,0.0
198,0.0,0.0,0.0,0.0,0.0,0.0,0.0,0.0,0.0,0.0,0.0,0.0,0.0,0.0,0.0,0.0,0.0,0.0,0.0,0.0,0.0,0.0,0.0,0.0,0.0,0.0,0.0,0.0,0.0,0.0,0.0,0.0,0.0,0.0
199,0.0,0.0,0.0,0.0,0.0,0.0,0.0,0.0,0.0,0.0,0.0,0.0,0.0,0.0,0.0,0.0,0.0,0.0,0.0,0.0,0.0,0.0,0.0,0.0,0.0,0.0,0.0,0.0,0.0,0.0,0.0,0.0,0.0,0.0
200,0.0,0.0,0.0,0.0,0.0,0.0,0.0,0.0,0.0,0.0,0.0,0.0,0.0,0.0,0.0,0.0,0.0,0.0,0.0,0.0,0.0,0.0,0.0,0.0,0.0,0.0,0.0,0.0,0.0,0.0,0.0,0.0,0.0,0.0
201,0.0,0.0,0.0,0.0,0.0,0.0,0.0,0.0,0.0,0.0,0.0,0.0,0.0,0.0,0.0,0.0,0.0,0.0,0.0,0.0,0.0,0.0,0.0,0.0,0.0,0.0,0.0,0.0,0.0,0.0,0.0,0.0,0.0,0.0
202,0.0,0.0,0.0,0.0,0.0,0.0,0.0,0.0,0.0,0.0,0.0,0.0,0.0,0.0,0.0,0.0,0.0,0.0,0.0,0.0,0.0,0.0,0.0,0.0,0.0,0.0,0.0,0.0,0.0,0.0,0.0,0.0,0.0,0.0
203,0.0,0.0,0.0,0.0,0.0,0.0,0.0,0.0,0.0,0.0,0.0,0.0,0.0,0.0,0.0,0.0,0.0,0.0,0.0,0.0,0.0,0.0,0.0,0.0,0.0,0.0,0.0,0.0,0.0,0.0,0.0,0.0,0.0,0.0
204,0.0,0.0,0.0,0.0,0.0,0.0,0.0,0.0,0.0,0.0,0.0,0.0,0.0,0.0,0.0,0.0,0.0,0.0,0.0,0.0,0.0,0.0,0.0,0.0,0.0,0.0,0.0,0.0,0.0,0.0,0.0,0.0,0.0,0.0
205,0.0,0.0,0.0,0.0,0.0,0.0,0.0,0.0,0.0,0.0,0.0,0.0,0.0,0.0,0.0,0.0,0.0,0.0,0.0,0.0,0.0,0.0,0.0,0.0,0.0,0.0,0.0,0.0,0.0,0.0,0.0,0.0,0.0,0.0
206,0.0,0.0,0.0,0.0,0.0,0.0,0.0,0.0,0.0,0.0,0.0,0.0,0.0,0.0,0.0,0.0,0.0,0.0,0.0,0.0,0.0,0.0,0.0,0.0,0.0,0.0,0.0,0.0,0.0,0.0,0.0,0.0,0.0,0.0
207,0.0,0.0,0.0,0.0,0.0,0.0,0.0,0.0,0.0,0.0,0.0,0.0,0.0,0.0,0.0,0.0,0.0,0.0,0.0,0.0,0.0,0.0,0.0,0.0,0.0,0.0,0.0,0.0,0.0,0.0,0.0,0.0,0.0,0.0
208,0.0,0.0,0.0,0.0,0.0,0.0,0.0,0.0,0.0,0.0,0.0,0.0,0.0,0.0,0.0,0.0,0.0,0.0,0.0,0.0,0.0,0.0,0.0,0.0,0.0,0.0,0.0,0.0,0.0,0.0,0.0,0.0,0.0,0.0
209,0.0,0.0,0.0,0.0,0.0,0.0,0.0,0.0,0.0,0.0,0.0,0.0,0.0,0.0,0.0,0.0,0.0,0.0,0.0,0.0,0.0,0.0,0.0,0.0,0.0,0.0,0.0,0.0,0.0,0.0,0.0,0.0,0.0,0.0
210,0.0,0.0,0.0,0.0,0.0,0.0,0.0,0.0,0.0,0.0,0.0,0.0,0.0,0.0,0.0,0.0,0.0,0.0,0.0,0.0,0.0,0.0,0.0,0.0,0.0,0.0,0.0,0.0,0.0,0.0,0.0,0.0,0.0,0.0
211,0.0,0.0,0.0,0.0,0.0,0.0,161.72621154785156,100.9105987548828,171.7194061279297,100.30170440673828,156.64425659179688,111.05999755859376,181.1410217285156,109.80658721923828,149.07711791992188,128.31854248046875,196.40719604492188,126.36334228515624,0.0,0.0,203.721435546875,131.3827362060547,164.49620056152344,152.0794677734375,179.59173583984375,152.03961181640625,167.6116943359375,183.4144287109375,183.3531494140625,184.31097412109372,0.0,0.0,0.0,0.0
212,0.0,0.0,0.0,0.0,0.0,0.0,160.496337890625,98.56592559814452,170.76480102539062,97.9416732788086,156.14669799804688,108.880859375,180.05873107910156,106.47819519042967,147.95350646972656,127.121337890625,194.4413299560547,123.40472412109376,0.0,0.0,204.1591033935547,130.76345825195312,164.20181274414062,149.9713134765625,178.99708557128906,149.4284210205078,167.13755798339844,182.32408142089844,183.76388549804688,181.98684692382807,0.0,0.0,0.0,0.0
213,0.0,0.0,0.0,0.0,0.0,0.0,0.0,0.0,0.0,0.0,0.0,0.0,0.0,0.0,0.0,0.0,0.0,0.0,0.0,0.0,0.0,0.0,0.0,0.0,0.0,0.0,0.0,0.0,0.0,0.0,0.0,0.0,0.0,0.0
214,0.0,0.0,0.0,0.0,0.0,0.0,0.0,0.0,0.0,0.0,0.0,0.0,0.0,0.0,0.0,0.0,0.0,0.0,0.0,0.0,0.0,0.0,0.0,0.0,0.0,0.0,0.0,0.0,0.0,0.0,0.0,0.0,0.0,0.0
215,0.0,0.0,0.0,0.0,0.0,0.0,0.0,0.0,0.0,0.0,0.0,0.0,0.0,0.0,0.0,0.0,0.0,0.0,0.0,0.0,0.0,0.0,0.0,0.0,0.0,0.0,0.0,0.0,0.0,0.0,0.0,0.0,0.0,0.0
216,0.0,0.0,0.0,0.0,0.0,0.0,0.0,0.0,0.0,0.0,0.0,0.0,0.0,0.0,0.0,0.0,0.0,0.0,0.0,0.0,0.0,0.0,0.0,0.0,0.0,0.0,0.0,0.0,0.0,0.0,0.0,0.0,0.0,0.0
217,0.0,0.0,0.0,0.0,0.0,0.0,0.0,0.0,0.0,0.0,0.0,0.0,0.0,0.0,0.0,0.0,0.0,0.0,0.0,0.0,0.0,0.0,0.0,0.0,0.0,0.0,0.0,0.0,0.0,0.0,0.0,0.0,0.0,0.0
218,0.0,0.0,0.0,0.0,0.0,0.0,0.0,0.0,0.0,0.0,0.0,0.0,0.0,0.0,0.0,0.0,0.0,0.0,0.0,0.0,0.0,0.0,0.0,0.0,0.0,0.0,0.0,0.0,0.0,0.0,0.0,0.0,0.0,0.0
219,0.0,0.0,0.0,0.0,0.0,0.0,0.0,0.0,0.0,0.0,0.0,0.0,0.0,0.0,0.0,0.0,0.0,0.0,0.0,0.0,0.0,0.0,0.0,0.0,0.0,0.0,0.0,0.0,0.0,0.0,0.0,0.0,0.0,0.0
220,0.0,0.0,0.0,0.0,0.0,0.0,0.0,0.0,0.0,0.0,0.0,0.0,0.0,0.0,0.0,0.0,0.0,0.0,0.0,0.0,0.0,0.0,0.0,0.0,0.0,0.0,0.0,0.0,0.0,0.0,0.0,0.0,0.0,0.0
221,0.0,0.0,0.0,0.0,0.0,0.0,0.0,0.0,0.0,0.0,0.0,0.0,0.0,0.0,0.0,0.0,0.0,0.0,0.0,0.0,0.0,0.0,0.0,0.0,0.0,0.0,0.0,0.0,0.0,0.0,0.0,0.0,0.0,0.0
222,0.0,0.0,0.0,0.0,0.0,0.0,155.271728515625,88.31259155273438,0.0,0.0,155.1165771484375,96.65060424804688,178.46771240234375,94.51084899902344,149.1765594482422,115.024658203125,190.9687957763672,110.29222106933594,147.92124938964844,128.56192016601562,0.0,0.0,167.7757568359375,129.56680297851562,183.72528076171875,128.5612030029297,0.0,0.0,0.0,0.0,0.0,0.0,0.0,0.0
223,0.0,0.0,0.0,0.0,0.0,0.0,155.53890991210938,87.96939849853516,0.0,0.0,155.16165161132812,96.7873306274414,178.97232055664062,94.68733978271484,148.83905029296875,115.42809295654295,191.77618408203125,110.55902862548828,147.7603759765625,128.96817016601562,0.0,0.0,166.62149047851562,130.10281372070312,183.03428649902344,129.10240173339844,0.0,0.0,0.0,0.0,0.0,0.0,0.0,0.0
224,0.0,0.0,0.0,0.0,0.0,0.0,155.23501586914062,88.13141632080078,0.0,0.0,154.87733459472656,97.36770629882812,178.79672241210938,94.77881622314452,148.82447814941406,116.24357604980467,191.5559844970703,110.3385009765625,147.45367431640625,129.05172729492188,0.0,0.0,165.95497131347656,131.3859405517578,182.2500762939453,130.06729125976562,0.0,0.0,0.0,0.0,0.0,0.0,0.0,0.0
225,0.0,0.0,0.0,0.0,0.0,0.0,154.7791290283203,88.07489013671875,0.0,0.0,154.8389892578125,96.30015563964844,177.6681671142578,93.84369659423828,148.9078369140625,115.03170776367188,190.48089599609372,109.7126693725586,146.79005432128906,129.1383819580078,0.0,0.0,167.6195831298828,129.20948791503906,183.2172088623047,128.04095458984375,163.54165649414062,154.9906768798828,0.0,0.0,0.0,0.0,0.0,0.0
226,0.0,0.0,0.0,0.0,0.0,0.0,0.0,0.0,0.0,0.0,0.0,0.0,0.0,0.0,0.0,0.0,0.0,0.0,0.0,0.0,0.0,0.0,0.0,0.0,0.0,0.0,0.0,0.0,0.0,0.0,0.0,0.0,0.0,0.0
227,0.0,0.0,0.0,0.0,0.0,0.0,154.84756469726562,86.75833129882812,0.0,0.0,154.6173858642578,94.998046875,179.30416870117188,93.21476745605467,148.55308532714844,115.46388244628906,188.8202209472656,111.8359603881836,149.24026489257812,129.50965881347656,0.0,0.0,165.96310424804688,130.95338439941406,182.72943115234372,129.97824096679688,0.0,0.0,0.0,0.0,0.0,0.0,0.0,0.0
228,0.0,0.0,0.0,0.0,0.0,0.0,154.63339233398438,88.189208984375,0.0,0.0,153.99697875976562,96.44607543945312,178.9871063232422,93.8481903076172,148.13461303710938,116.07476806640624,189.3959045410156,111.00032806396484,148.95361328125,130.09649658203125,0.0,0.0,166.47425842285156,129.43626403808594,183.6989288330078,128.04833984375,0.0,0.0,0.0,0.0,0.0,0.0,0.0,0.0
229,0.0,0.0,0.0,0.0,0.0,0.0,153.73757934570312,88.66490173339844,0.0,0.0,153.25706481933594,96.41984558105467,176.84017944335938,93.6768798828125,148.0985107421875,115.4286651611328,188.791259765625,109.3411865234375,148.19366455078125,129.9575958251953,0.0,0.0,165.52061462402344,127.94172668457033,181.77284240722656,126.59461975097656,0.0,0.0,0.0,0.0,0.0,0.0,0.0,0.0
230,0.0,0.0,0.0,0.0,0.0,0.0,154.15660095214844,88.362548828125,0.0,0.0,153.7430419921875,95.29227447509766,177.97598266601562,92.72329711914062,148.36410522460938,114.9726791381836,188.41928100585935,109.99285888671876,148.44105529785156,130.07772827148438,0.0,0.0,166.2744903564453,127.65589904785156,182.7678985595703,126.44464111328124,162.9871368408203,153.6156768798828,0.0,0.0,0.0,0.0,0.0,0.0
231,0.0,0.0,0.0,0.0,0.0,0.0,154.1013641357422,88.5164566040039,0.0,0.0,153.86721801757812,95.05858612060548,176.25332641601562,92.89308166503906,148.54380798339844,114.66857147216795,186.00662231445312,110.83749389648438,148.41221618652344,130.64910888671875,0.0,0.0,165.1883087158203,126.68418884277344,180.53912353515625,125.58064270019533,0.0,0.0,0.0,0.0,0.0,0.0,0.0,0.0
232,0.0,0.0,0.0,0.0,0.0,0.0,154.4258575439453,87.5886459350586,0.0,0.0,153.80413818359375,94.35337829589844,177.71836853027344,91.57769012451172,148.46348571777344,114.889892578125,188.137939453125,109.16272735595705,148.90899658203125,130.30592346191406,0.0,0.0,165.09107971191406,126.43055725097656,181.672607421875,125.12218475341795,0.0,0.0,0.0,0.0,0.0,0.0,0.0,0.0
233,0.0,0.0,0.0,0.0,0.0,0.0,0.0,0.0,0.0,0.0,0.0,0.0,0.0,0.0,0.0,0.0,0.0,0.0,0.0,0.0,0.0,0.0,0.0,0.0,0.0,0.0,0.0,0.0,0.0,0.0,0.0,0.0,0.0,0.0
234,0.0,0.0,0.0,0.0,0.0,0.0,0.0,0.0,0.0,0.0,0.0,0.0,0.0,0.0,0.0,0.0,0.0,0.0,0.0,0.0,0.0,0.0,0.0,0.0,0.0,0.0,0.0,0.0,0.0,0.0,0.0,0.0,0.0,0.0
235,0.0,0.0,0.0,0.0,0.0,0.0,0.0,0.0,0.0,0.0,0.0,0.0,0.0,0.0,0.0,0.0,0.0,0.0,0.0,0.0,0.0,0.0,0.0,0.0,0.0,0.0,0.0,0.0,0.0,0.0,0.0,0.0,0.0,0.0
236,0.0,0.0,0.0,0.0,0.0,0.0,0.0,0.0,0.0,0.0,0.0,0.0,0.0,0.0,0.0,0.0,0.0,0.0,0.0,0.0,0.0,0.0,0.0,0.0,0.0,0.0,0.0,0.0,0.0,0.0,0.0,0.0,0.0,0.0
237,0.0,0.0,0.0,0.0,0.0,0.0,0.0,0.0,0.0,0.0,0.0,0.0,0.0,0.0,0.0,0.0,0.0,0.0,0.0,0.0,0.0,0.0,0.0,0.0,0.0,0.0,0.0,0.0,0.0,0.0,0.0,0.0,0.0,0.0
238,0.0,0.0,0.0,0.0,0.0,0.0,0.0,0.0,0.0,0.0,0.0,0.0,0.0,0.0,0.0,0.0,0.0,0.0,0.0,0.0,0.0,0.0,0.0,0.0,0.0,0.0,0.0,0.0,0.0,0.0,0.0,0.0,0.0,0.0
239,0.0,0.0,0.0,0.0,0.0,0.0,0.0,0.0,0.0,0.0,0.0,0.0,0.0,0.0,0.0,0.0,0.0,0.0,0.0,0.0,0.0,0.0,0.0,0.0,0.0,0.0,0.0,0.0,0.0,0.0,0.0,0.0,0.0,0.0
240,0.0,0.0,0.0,0.0,0.0,0.0,0.0,0.0,0.0,0.0,0.0,0.0,0.0,0.0,0.0,0.0,0.0,0.0,0.0,0.0,0.0,0.0,0.0,0.0,0.0,0.0,0.0,0.0,0.0,0.0,0.0,0.0,0.0,0.0
241,0.0,0.0,0.0,0.0,0.0,0.0,0.0,0.0,0.0,0.0,0.0,0.0,0.0,0.0,0.0,0.0,0.0,0.0,0.0,0.0,0.0,0.0,0.0,0.0,0.0,0.0,0.0,0.0,0.0,0.0,0.0,0.0,0.0,0.0
242,0.0,0.0,0.0,0.0,0.0,0.0,154.0377197265625,85.42135620117188,0.0,0.0,153.59487915039062,93.01808166503906,178.8921661376953,90.52446746826172,147.77293395996094,113.19454956054688,0.0,0.0,150.36639404296875,122.09765625,0.0,0.0,168.08111572265625,124.11184692382812,185.9476318359375,122.99639129638672,164.1168212890625,148.23764038085938,183.21185302734372,146.0792236328125,0.0,0.0,0.0,0.0
243,0.0,0.0,0.0,0.0,0.0,0.0,154.4051513671875,83.5157470703125,0.0,0.0,155.7855987548828,90.37723541259766,176.37857055664062,88.36518096923828,150.24533081054688,110.76473999023438,0.0,0.0,150.18682861328125,120.1798324584961,0.0,0.0,172.74151611328125,120.83956146240234,186.62826538085935,119.86483764648438,169.64149475097656,144.57330322265625,181.32083129882807,142.6168670654297,0.0,0.0,0.0,0.0
244,0.0,0.0,0.0,0.0,0.0,0.0,155.1521759033203,83.47207641601562,0.0,0.0,158.07057189941406,89.56463623046875,173.44679260253906,90.3491668701172,153.3634490966797,109.08528900146484,0.0,0.0,152.39834594726562,117.9320068359375,0.0,0.0,174.20457458496094,120.4157943725586,184.73709106445312,120.73863220214844,170.40518188476562,145.02719116210938,178.605224609375,144.90542602539062,0.0,0.0,0.0,0.0
245,0.0,0.0,0.0,0.0,0.0,0.0,156.2198944091797,83.31696319580078,0.0,0.0,157.23890686035156,89.90778350830078,178.257080078125,88.08444213867188,149.37913513183594,109.57401275634766,0.0,0.0,147.96241760253906,123.53032684326172,0.0,0.0,171.470703125,120.7348403930664,185.21844482421875,119.81324768066406,169.050048828125,145.01571655273438,181.70733642578125,143.40103149414062,169.97216796875,164.20306396484375,0.0,0.0
246,0.0,0.0,0.0,0.0,0.0,0.0,156.75840759277344,82.66700744628906,0.0,0.0,156.8633575439453,90.3372039794922,179.1264190673828,88.58984375,149.13330078125,110.09912109375,0.0,0.0,147.9503936767578,119.4128189086914,0.0,0.0,169.07151794433594,122.21581268310548,184.51173400878903,121.47032165527344,164.4836883544922,147.51736450195312,182.7930908203125,145.75042724609375,163.97775268554688,167.03854370117188,0.0,0.0
247,0.0,0.0,0.0,0.0,0.0,0.0,156.71743774414062,82.3743896484375,0.0,0.0,156.578369140625,89.85861206054688,179.97555541992188,88.68898010253906,148.86460876464844,110.22769927978516,0.0,0.0,148.20733642578125,119.29497528076172,0.0,0.0,167.9481658935547,122.44031524658205,184.437744140625,122.00796508789062,162.8118133544922,146.84295654296875,183.111572265625,146.00018310546875,0.0,0.0,0.0,0.0
248,0.0,0.0,0.0,0.0,0.0,0.0,156.25949096679688,83.48359680175781,0.0,0.0,155.90115356445312,91.153564453125,179.08343505859375,89.06829833984375,147.6213836669922,112.7800064086914,0.0,0.0,149.0982208251953,125.23014068603516,0.0,0.0,169.1086883544922,124.0615234375,184.86196899414065,123.31714630126952,166.2357635498047,153.87181091308594,182.98318481445312,152.2017364501953,166.20309448242188,175.75640869140625,0.0,0.0
249,0.0,0.0,0.0,0.0,0.0,0.0,157.37411499023438,84.78240203857422,0.0,0.0,157.10792541503906,92.34542846679688,179.63632202148438,90.38825225830078,148.35423278808594,112.29564666748048,0.0,0.0,146.83116149902344,126.1013641357422,0.0,0.0,170.1550750732422,122.84944152832033,185.9205322265625,122.0927276611328,165.53846740722656,152.14166259765625,0.0,0.0,0.0,0.0,0.0,0.0
250,0.0,0.0,0.0,0.0,0.0,0.0,156.45989990234375,85.29829406738281,0.0,0.0,157.13339233398438,92.52010345458984,179.3599853515625,90.00007629394531,148.89678955078125,112.75328063964844,0.0,0.0,147.04452514648438,126.91442108154295,0.0,0.0,170.7965087890625,122.0902099609375,186.39566040039065,121.040283203125,166.63980102539062,150.59991455078125,0.0,0.0,0.0,0.0,0.0,0.0
251,0.0,0.0,0.0,0.0,0.0,0.0,156.3427734375,86.2677001953125,0.0,0.0,157.15562438964844,93.27849578857422,178.979248046875,90.30937957763672,148.80450439453125,113.2270050048828,0.0,0.0,147.67596435546875,120.4809112548828,0.0,0.0,171.95094299316406,122.1162109375,187.09117126464844,120.991943359375,168.682861328125,150.09463500976562,0.0,0.0,0.0,0.0,0.0,0.0
252,0.0,0.0,0.0,0.0,0.0,0.0,155.4989471435547,86.2735595703125,0.0,0.0,156.19207763671875,92.23469543457033,177.6168975830078,89.67681121826172,148.00637817382812,112.8136749267578,0.0,0.0,147.67848205566406,123.04002380371094,0.0,0.0,171.77938842773438,121.89607238769533,186.94635009765625,121.0089111328125,168.81472778320312,151.54344177246094,0.0,0.0,0.0,0.0,0.0,0.0
253,0.0,0.0,0.0,0.0,0.0,0.0,156.71539306640625,85.0701904296875,0.0,0.0,156.52154541015625,93.38307189941406,179.99114990234375,93.00723266601562,148.53399658203125,112.20579528808594,0.0,0.0,147.0366668701172,125.65266418457033,0.0,0.0,167.58407592773438,125.67439270019533,184.21456909179688,125.43310546875,0.0,0.0,0.0,0.0,0.0,0.0,0.0,0.0
254,0.0,0.0,0.0,0.0,0.0,0.0,157.41824340820312,86.00438690185547,0.0,0.0,155.21890258789062,93.58747100830078,175.07920837402344,91.6471939086914,148.38949584960938,113.19339752197266,184.1506500244141,108.40071868896484,0.0,0.0,0.0,0.0,163.165283203125,123.6536865234375,176.8856658935547,122.96004486083984,0.0,0.0,0.0,0.0,0.0,0.0,0.0,0.0
255,0.0,0.0,0.0,0.0,0.0,0.0,155.02821350097656,83.407958984375,0.0,0.0,154.99859619140625,89.83934783935547,173.2184295654297,88.65035247802734,148.86328125,109.40491485595705,179.48513793945312,106.57581329345705,149.0162811279297,120.6630630493164,0.0,0.0,161.31431579589844,122.9450225830078,174.00308227539062,122.39610290527344,0.0,0.0,0.0,0.0,0.0,0.0,0.0,0.0
256,0.0,0.0,0.0,0.0,0.0,0.0,155.51840209960938,83.21427154541016,0.0,0.0,154.24139404296875,90.65626525878906,174.3007354736328,89.74537658691406,147.01504516601562,110.3014144897461,183.1356201171875,107.79918670654295,0.0,0.0,0.0,0.0,162.0823516845703,124.53276824951172,175.53240966796875,124.2098617553711,0.0,0.0,0.0,0.0,0.0,0.0,0.0,0.0
257,0.0,0.0,0.0,0.0,0.0,0.0,0.0,0.0,0.0,0.0,0.0,0.0,0.0,0.0,0.0,0.0,0.0,0.0,0.0,0.0,0.0,0.0,0.0,0.0,0.0,0.0,0.0,0.0,0.0,0.0,0.0,0.0,0.0,0.0
258,0.0,0.0,0.0,0.0,0.0,0.0,153.66818237304688,82.53852844238281,0.0,0.0,152.59910583496094,91.10958099365234,174.10366821289062,90.3659210205078,146.22386169433594,110.017578125,184.0845947265625,108.19607543945312,149.43040466308594,120.97300720214844,179.8890380859375,114.35862731933594,160.70834350585938,127.68327331542967,175.5964813232422,127.25476837158205,0.0,0.0,0.0,0.0,0.0,0.0,0.0,0.0
259,0.0,0.0,0.0,0.0,0.0,0.0,0.0,0.0,0.0,0.0,0.0,0.0,0.0,0.0,0.0,0.0,0.0,0.0,0.0,0.0,0.0,0.0,0.0,0.0,0.0,0.0,0.0,0.0,0.0,0.0,0.0,0.0,0.0,0.0
260,0.0,0.0,0.0,0.0,0.0,0.0,153.17181396484375,81.96483612060547,0.0,0.0,151.2041778564453,91.05770111083984,173.0028839111328,91.70172119140624,146.8743438720703,113.6752471923828,182.04373168945312,115.0204849243164,0.0,0.0,0.0,0.0,158.62115478515625,130.10977172851562,173.81295776367188,130.4330596923828,0.0,0.0,0.0,0.0,0.0,0.0,0.0,0.0
261,0.0,0.0,0.0,0.0,0.0,0.0,153.36952209472656,82.30209350585938,0.0,0.0,152.02777099609375,90.73451232910156,172.92007446289062,90.82472229003906,147.85040283203125,111.96007537841795,183.1416778564453,109.9535140991211,0.0,0.0,0.0,0.0,159.88128662109375,128.5457305908203,174.469970703125,128.720458984375,0.0,0.0,0.0,0.0,0.0,0.0,0.0,0.0
262,0.0,0.0,0.0,0.0,0.0,0.0,151.4858856201172,82.73072052001953,0.0,0.0,150.2560577392578,91.6186752319336,172.14324951171875,90.68560791015624,148.59130859375,113.34376525878906,181.6188201904297,112.12364959716795,149.2813720703125,128.81698608398438,0.0,0.0,159.7885284423828,129.44387817382812,174.84442138671875,129.189697265625,0.0,0.0,0.0,0.0,0.0,0.0,0.0,0.0
263,0.0,0.0,0.0,0.0,0.0,0.0,152.2438201904297,82.544189453125,0.0,0.0,151.71463012695312,90.78152465820312,173.13775634765625,90.73674011230467,149.8562774658203,112.30848693847656,180.5493927001953,113.51283264160156,0.0,0.0,0.0,0.0,159.82135009765625,128.3046112060547,174.48080444335938,128.36541748046875,0.0,0.0,0.0,0.0,0.0,0.0,0.0,0.0
264,0.0,0.0,0.0,0.0,0.0,0.0,151.99093627929688,82.32806396484375,0.0,0.0,151.5519256591797,90.33167266845705,172.77391052246094,90.56404113769533,149.84811401367188,110.60021209716795,181.3226623535156,112.53889465332033,150.62684631347656,125.3366470336914,0.0,0.0,159.6893310546875,128.64756774902344,174.52696228027344,128.69064331054688,0.0,0.0,0.0,0.0,0.0,0.0,0.0,0.0
265,0.0,0.0,0.0,0.0,0.0,0.0,151.72622680664062,82.90370178222656,0.0,0.0,151.10040283203125,91.74699401855467,173.02487182617188,91.22258758544922,148.82676696777344,111.49253845214844,182.1956787109375,111.23658752441406,150.024658203125,126.57955932617188,0.0,0.0,159.77822875976562,128.0801239013672,175.04930114746094,127.8690948486328,0.0,0.0,0.0,0.0,0.0,0.0,0.0,0.0
266,0.0,0.0,0.0,0.0,0.0,0.0,151.7560272216797,82.63306427001953,0.0,0.0,151.49691772460938,91.08665466308594,172.5757598876953,91.3434066772461,149.93299865722656,110.4549789428711,181.10037231445312,112.49054718017578,149.78558349609375,127.0515594482422,0.0,0.0,160.39849853515625,129.1460723876953,175.03189086914062,129.21319580078125,0.0,0.0,0.0,0.0,0.0,0.0,0.0,0.0
267,0.0,0.0,0.0,0.0,0.0,0.0,151.61126708984375,82.57522583007812,0.0,0.0,151.42062377929688,91.00652313232422,171.9140625,91.27786254882812,150.3728790283203,111.3860092163086,180.8531646728516,113.1329574584961,149.1263427734375,128.22982788085938,179.14346313476562,126.17047882080078,159.62648010253906,130.50808715820312,173.72718811035156,130.57345581054688,0.0,0.0,0.0,0.0,0.0,0.0,0.0,0.0
268,0.0,0.0,0.0,0.0,0.0,0.0,151.90866088867188,82.5152587890625,0.0,0.0,151.18215942382812,90.62395477294922,171.17893981933594,90.3510971069336,149.42735290527344,112.63442993164062,0.0,0.0,0.0,0.0,0.0,0.0,158.7620391845703,127.05274963378906,172.433837890625,127.01609802246094,0.0,0.0,0.0,0.0,0.0,0.0,0.0,0.0
269,0.0,0.0,0.0,0.0,0.0,0.0,150.87762451171875,82.49359130859375,0.0,0.0,150.376708984375,90.99348449707033,171.32203674316406,91.71446228027344,149.4217071533203,110.37336730957033,180.64825439453125,113.46832275390624,149.4207763671875,127.09626770019533,177.54383850097656,126.59019470214844,157.68072509765625,128.85330200195312,171.92990112304688,128.9062042236328,0.0,0.0,0.0,0.0,0.0,0.0,0.0,0.0
270,0.0,0.0,0.0,0.0,0.0,0.0,150.49710083007812,83.17160034179688,0.0,0.0,150.4210205078125,91.70398712158205,170.61724853515625,91.83978271484376,149.28245544433594,110.23106384277344,179.83572387695312,112.05030059814452,148.42156982421875,127.8344268798828,177.33877563476562,125.8014144897461,158.2193145751953,127.22281646728516,172.03134155273438,126.95791625976562,0.0,0.0,0.0,0.0,0.0,0.0,0.0,0.0
271,0.0,0.0,0.0,0.0,0.0,0.0,150.3103485107422,82.65653991699219,0.0,0.0,150.83453369140625,90.66278076171876,170.80914306640625,91.4000015258789,148.89077758789062,110.33625030517578,179.5791778564453,113.5870590209961,148.36801147460938,128.5626678466797,0.0,0.0,159.5350341796875,128.17306518554688,173.29534912109375,128.2264862060547,0.0,0.0,0.0,0.0,0.0,0.0,0.0,0.0
272,0.0,0.0,0.0,0.0,0.0,0.0,150.39260864257812,82.05809020996094,0.0,0.0,150.8974151611328,89.6970443725586,170.70018005371094,90.2591552734375,148.3101348876953,109.22477722167967,179.39508056640625,110.87332153320312,148.54478454589844,127.87173461914062,0.0,0.0,159.60536193847656,126.2151107788086,173.1395263671875,126.33497619628906,0.0,0.0,0.0,0.0,0.0,0.0,0.0,0.0
273,0.0,0.0,0.0,0.0,0.0,0.0,149.905517578125,82.91403198242188,0.0,0.0,150.6126708984375,91.10328674316406,169.66998291015625,91.59735870361328,148.41256713867188,111.58273315429688,178.27113342285156,113.79679870605467,147.49981689453125,129.07797241210938,0.0,0.0,160.68820190429688,128.072998046875,173.80279541015625,128.2318572998047,0.0,0.0,0.0,0.0,0.0,0.0,0.0,0.0
274,0.0,0.0,0.0,0.0,0.0,0.0,149.7125244140625,82.96297454833984,0.0,0.0,149.9219970703125,91.17916870117188,169.83331298828125,91.16170501708984,147.70132446289062,111.41217803955078,178.92022705078125,111.51519012451172,147.4835968017578,129.05389404296875,0.0,0.0,159.76907348632812,126.74854278564452,173.3982391357422,126.76834106445312,0.0,0.0,0.0,0.0,0.0,0.0,0.0,0.0
275,0.0,0.0,0.0,0.0,0.0,0.0,149.7582550048828,82.86898803710938,0.0,0.0,149.95584106445312,91.1147689819336,169.8863525390625,91.2005615234375,147.73118591308594,111.4250946044922,178.93161010742188,111.6572723388672,147.47503662109375,129.05780029296875,0.0,0.0,159.83090209960938,126.6950454711914,173.49716186523438,126.78125,0.0,0.0,0.0,0.0,0.0,0.0,0.0,0.0
276,0.0,0.0,0.0,0.0,0.0,0.0,149.82293701171875,83.20770263671875,0.0,0.0,150.26177978515625,91.5765380859375,170.35955810546875,91.14060974121094,147.9292755126953,112.4224090576172,179.04556274414062,111.69896697998048,147.1050262451172,129.61383056640625,0.0,0.0,160.17271423339844,126.78070068359376,174.00604248046875,126.57101440429688,0.0,0.0,0.0,0.0,0.0,0.0,0.0,0.0
277,0.0,0.0,0.0,0.0,0.0,0.0,150.33203125,83.3939437866211,0.0,0.0,151.54519653320312,90.96117401123048,170.11196899414062,90.42303466796876,148.13259887695312,109.20133972167967,178.61935424804688,108.65813446044922,148.0314483642578,127.21681213378906,0.0,0.0,161.41168212890625,125.64974212646484,174.06884765625,125.26011657714844,0.0,0.0,0.0,0.0,0.0,0.0,0.0,0.0
278,0.0,0.0,0.0,0.0,0.0,0.0,151.11183166503906,82.78136444091797,0.0,0.0,152.06649780273438,91.19798278808594,170.2998504638672,91.51553344726562,148.3574981689453,108.27306365966795,179.34490966796875,110.22563934326172,149.48268127441406,120.3565673828125,0.0,0.0,161.05809020996094,125.74171447753906,173.3577117919922,125.67771911621094,0.0,0.0,0.0,0.0,0.0,0.0,0.0,0.0
279,0.0,0.0,0.0,0.0,0.0,0.0,151.50985717773438,81.38379669189453,0.0,0.0,152.61512756347656,89.099609375,170.28567504882812,89.71487426757812,149.00653076171875,108.37995147705078,179.07086181640625,109.64744567871094,149.04734802246094,125.8194351196289,176.6736602783203,124.59593963623048,161.4537353515625,125.65904235839844,173.1876220703125,125.63986206054688,0.0,0.0,0.0,0.0,0.0,0.0,0.0,0.0
280,0.0,0.0,0.0,0.0,0.0,0.0,152.92156982421875,79.91934204101562,0.0,0.0,151.7066192626953,89.09150695800781,170.771728515625,90.02789306640625,148.89039611816406,109.4697494506836,178.1696319580078,111.36976623535156,148.58966064453125,127.83670043945312,176.19461059570312,125.07481384277344,159.4756317138672,126.89205932617188,172.2899169921875,127.2692413330078,0.0,0.0,0.0,0.0,0.0,0.0,0.0,0.0
281,0.0,0.0,0.0,0.0,0.0,0.0,154.0004425048828,78.65311431884766,0.0,0.0,152.467041015625,87.69110107421875,171.63917541503906,89.0023193359375,149.1154327392578,107.15348052978516,178.79183959960938,109.65863037109376,148.9123077392578,124.42005920410156,177.61935424804688,121.67529296875,160.09205627441406,124.69322967529295,173.12518310546875,125.28254699707033,0.0,0.0,0.0,0.0,0.0,0.0,0.0,0.0
282,0.0,0.0,0.0,0.0,0.0,0.0,154.55953979492188,79.11489868164062,0.0,0.0,152.89088439941406,86.67754364013672,171.25106811523438,87.64610290527344,148.71820068359375,106.92671966552734,180.3027801513672,107.6634521484375,149.0461883544922,122.42860412597656,0.0,0.0,161.75840759277344,123.37955474853516,174.28683471679688,124.09540557861328,0.0,0.0,0.0,0.0,0.0,0.0,0.0,0.0
283,0.0,0.0,0.0,0.0,0.0,0.0,0.0,0.0,0.0,0.0,155.26849365234375,86.0815658569336,171.73924255371094,87.41461944580078,149.39950561523438,105.5245132446289,180.8471221923828,108.78516387939452,149.86602783203125,115.72222137451172,0.0,0.0,164.613037109375,125.02732849121094,175.21583557128906,125.57777404785156,0.0,0.0,0.0,0.0,0.0,0.0,0.0,0.0
284,0.0,0.0,0.0,0.0,0.0,0.0,157.33782958984375,78.86712646484375,0.0,0.0,154.9762725830078,86.4967269897461,174.47100830078125,86.70657348632812,148.75262451171875,106.44224548339844,183.42221069335935,105.90548706054688,148.61654663085938,117.3066864013672,0.0,0.0,163.24815368652344,123.86296844482422,176.48573303222656,124.12091064453124,0.0,0.0,0.0,0.0,0.0,0.0,0.0,0.0
285,0.0,0.0,0.0,0.0,0.0,0.0,0.0,0.0,0.0,0.0,154.90805053710938,84.28400421142578,180.2450256347656,84.78328704833984,148.3216552734375,107.36573791503906,186.70494079589844,104.76031494140624,152.31236267089844,120.3847198486328,186.61038208007807,111.20700073242188,160.42034912109375,124.96627807617188,177.6674041748047,125.90906524658205,0.0,0.0,0.0,0.0,0.0,0.0,0.0,0.0
286,0.0,0.0,0.0,0.0,0.0,0.0,0.0,0.0,0.0,0.0,0.0,0.0,0.0,0.0,0.0,0.0,0.0,0.0,0.0,0.0,0.0,0.0,0.0,0.0,0.0,0.0,0.0,0.0,0.0,0.0,0.0,0.0,0.0,0.0
287,0.0,0.0,0.0,0.0,0.0,0.0,165.6988525390625,76.05912780761719,176.53646850585938,76.41156768798828,158.17074584960938,84.72630310058594,183.1961669921875,85.21044158935547,149.69525146484375,101.31510162353516,190.1211853027344,101.63829040527344,0.0,0.0,0.0,0.0,162.65013122558594,119.26190185546876,179.5177459716797,119.6401824951172,0.0,0.0,0.0,0.0,0.0,0.0,0.0,0.0
288,0.0,0.0,0.0,0.0,0.0,0.0,0.0,0.0,0.0,0.0,0.0,0.0,0.0,0.0,0.0,0.0,0.0,0.0,0.0,0.0,0.0,0.0,0.0,0.0,0.0,0.0,0.0,0.0,0.0,0.0,0.0,0.0,0.0,0.0
289,0.0,0.0,0.0,0.0,0.0,0.0,0.0,0.0,188.74835205078125,76.54325866699219,165.0545654296875,81.68016052246094,191.10382080078125,82.82322692871094,156.42416381835938,100.1515884399414,197.47488403320312,100.49560546875,0.0,0.0,192.0328826904297,112.02369689941406,162.47891235351562,116.39717864990234,180.77377319335935,117.13963317871094,0.0,0.0,0.0,0.0,0.0,0.0,0.0,0.0
290,0.0,0.0,0.0,0.0,0.0,0.0,0.0,0.0,193.1439514160156,75.76721954345703,168.71734619140625,81.40234375,193.7857360839844,82.95947265625,0.0,0.0,198.48165893554688,102.25460815429688,0.0,0.0,198.3402862548828,113.48873901367188,163.6489715576172,116.4388427734375,181.3159637451172,117.5947723388672,0.0,0.0,186.14447021484372,145.8053436279297,0.0,0.0,0.0,0.0
291,0.0,0.0,0.0,0.0,0.0,0.0,0.0,0.0,197.2893218994141,76.29511260986328,172.4219207763672,82.99449920654297,195.77001953125,84.08204650878906,0.0,0.0,198.93453979492188,103.47725677490234,0.0,0.0,205.9462127685547,114.24301147460938,164.9305419921875,117.9997329711914,181.1966857910156,119.35816192626952,0.0,0.0,187.04440307617188,148.7135772705078,0.0,0.0,0.0,0.0
292,0.0,0.0,0.0,0.0,0.0,0.0,0.0,0.0,200.59979248046875,75.3455810546875,175.73529052734375,80.64298248291016,200.42398071289065,82.92950439453125,163.8113250732422,97.15031433105467,201.64671325683597,100.53782653808594,166.16078186035156,109.22928619384766,201.82899475097656,112.98448944091795,168.6353759765625,116.0817413330078,185.79183959960935,117.30310821533205,0.0,0.0,188.30520629882807,147.1543426513672,0.0,0.0,0.0,0.0
293,0.0,0.0,0.0,0.0,0.0,0.0,0.0,0.0,204.1233062744141,72.96540069580078,178.06973266601562,78.74394226074219,204.3200225830078,81.54051208496094,165.26681518554688,95.7406997680664,204.6754302978516,100.08441162109376,166.78677368164062,108.98330688476562,203.9117889404297,112.10304260253906,171.9044189453125,115.62906646728516,190.08433532714844,117.45429229736328,172.6469268798828,142.5242919921875,192.1218414306641,147.26712036132812,0.0,0.0,0.0,0.0
294,0.0,0.0,0.0,0.0,0.0,0.0,0.0,0.0,206.73171997070312,72.18907165527344,180.5381317138672,80.56543731689453,205.3348388671875,81.87808990478516,0.0,0.0,206.02908325195312,101.44322204589844,0.0,0.0,205.50848388671875,110.57996368408205,174.6000213623047,117.5511474609375,191.87673950195312,118.75003051757812,0.0,0.0,195.106689453125,146.60174560546875,0.0,0.0,0.0,0.0
295,0.0,0.0,0.0,0.0,0.0,0.0,0.0,0.0,208.0957946777344,69.48260498046875,182.0025177001953,77.83250427246094,206.6068115234375,80.46502685546875,171.6757354736328,96.8646469116211,208.25050354003903,100.2208023071289,175.6811065673828,108.84833526611328,208.0633544921875,105.50282287597656,178.08726501464844,116.20012664794922,195.0103759765625,117.98468017578124,181.7167053222656,142.88119506835938,197.01446533203125,146.34103393554688,0.0,0.0,0.0,0.0
296,0.0,0.0,0.0,0.0,0.0,0.0,0.0,0.0,211.18988037109372,69.06788635253906,184.9499969482422,77.0372543334961,211.08041381835935,79.76122283935547,172.6431427001953,95.45726013183594,210.81239318847656,98.7370834350586,177.21913146972656,107.2579116821289,207.0458068847656,104.30284118652344,180.0562744140625,116.5959701538086,198.27374267578125,118.54576110839844,183.07180786132807,145.76380920410156,201.76661682128903,150.1859130859375,0.0,0.0,0.0,0.0
297,0.0,0.0,0.0,0.0,0.0,0.0,0.0,0.0,212.41270446777344,68.65559387207031,186.6907958984375,76.18138122558594,210.2239990234375,78.6710433959961,175.4279022216797,94.35377502441406,210.2283935546875,96.96675872802734,0.0,0.0,210.58401489257807,99.49235534667967,181.07644653320312,116.72209167480467,197.50115966796875,118.61767578125,0.0,0.0,199.94058227539065,150.0272674560547,0.0,0.0,0.0,0.0
298,0.0,0.0,0.0,0.0,0.0,0.0,0.0,0.0,214.45529174804688,68.5368881225586,189.85401916503903,74.59768676757812,213.2825927734375,77.29270935058594,179.14028930664062,93.8249740600586,211.9860076904297,97.00921630859376,0.0,0.0,210.2363739013672,103.04022979736328,184.03176879882807,114.16431427001952,200.66165161132807,116.06095886230467,0.0,0.0,203.3204803466797,146.1578369140625,0.0,0.0,0.0,0.0
299,0.0,0.0,0.0,0.0,0.0,0.0,0.0,0.0,214.99794006347656,69.23411560058594,192.7463836669922,76.02581787109375,214.0340118408203,78.71390533447266,182.1996917724609,94.85659790039062,213.9029235839844,96.72643280029295,185.6871337890625,107.3180694580078,213.05528259277344,100.80091094970705,187.13919067382807,116.67093658447266,201.8623504638672,118.27993774414062,0.0,0.0,203.8619842529297,150.57586669921875,0.0,0.0,0.0,0.0
300,0.0,0.0,0.0,0.0,0.0,0.0,0.0,0.0,217.20982360839844,68.67613220214844,194.58151245117188,78.86298370361328,215.1534423828125,78.9976577758789,186.1444091796875,101.08470153808594,214.4647674560547,97.95207977294922,193.712890625,109.86920928955078,216.81185913085935,100.03659057617188,190.7034454345703,118.24396514892578,205.4125061035156,119.42086029052734,0.0,0.0,0.0,0.0,0.0,0.0,0.0,0.0
301,0.0,0.0,0.0,0.0,0.0,0.0,0.0,0.0,217.7321319580078,70.0884780883789,196.6390838623047,78.55162048339844,216.6988220214844,79.69932556152344,0.0,0.0,216.1683349609375,96.64247131347656,0.0,0.0,216.4069366455078,98.14611053466795,193.7458953857422,116.13922119140624,208.20709228515625,117.5488052368164,0.0,0.0,211.2862701416016,147.25341796875,0.0,0.0,0.0,0.0
302,0.0,0.0,0.0,0.0,0.0,0.0,0.0,0.0,218.1957244873047,69.66876220703125,198.0914306640625,79.08506774902344,215.65809631347656,77.72746276855469,194.5644378662109,98.14193725585938,216.6435546875,92.1469497680664,0.0,0.0,216.8944854736328,91.87921142578124,198.21951293945312,117.38533782958984,210.3259735107422,117.0140609741211,0.0,0.0,0.0,0.0,0.0,0.0,0.0,0.0
303,0.0,0.0,0.0,0.0,0.0,0.0,0.0,0.0,219.18968200683597,69.20777893066406,198.19317626953125,77.38994598388672,216.6199493408203,78.51312255859375,193.8227386474609,96.7420654296875,219.04779052734372,94.02626037597656,0.0,0.0,0.0,0.0,197.61688232421875,114.15911865234376,210.4182281494141,114.93572235107422,0.0,0.0,0.0,0.0,0.0,0.0,0.0,0.0
304,0.0,0.0,0.0,0.0,0.0,0.0,0.0,0.0,218.9917449951172,68.3685302734375,199.50958251953125,77.55919647216797,217.60792541503903,77.05371856689453,195.82620239257807,96.30187225341795,220.85569763183597,90.63358306884766,0.0,0.0,0.0,0.0,199.1172637939453,113.63966369628906,211.64031982421875,113.6470184326172,0.0,0.0,0.0,0.0,0.0,0.0,0.0,0.0
305,0.0,0.0,0.0,0.0,0.0,0.0,0.0,0.0,220.1116485595703,67.07524108886719,201.7808990478516,76.97837829589844,219.0435028076172,77.20513916015625,195.7429656982422,95.56015014648438,221.9273376464844,90.67797088623048,0.0,0.0,0.0,0.0,203.10765075683597,112.7583999633789,215.25119018554688,113.07891082763672,0.0,0.0,0.0,0.0,0.0,0.0,0.0,0.0
306,0.0,0.0,0.0,0.0,0.0,0.0,0.0,0.0,221.79928588867188,65.85047912597656,204.68704223632807,77.8570556640625,221.650146484375,77.21739196777344,200.44122314453125,96.76263427734376,222.39398193359372,91.84532165527344,0.0,0.0,0.0,0.0,205.9766845703125,111.63929748535156,218.17710876464844,111.89913940429688,208.07913208007807,135.22561645507812,221.8477783203125,135.60409545898438,205.2630920410156,159.14089965820312,221.0689697265625,158.68580627441406
307,0.0,0.0,0.0,0.0,0.0,0.0,0.0,0.0,223.0142364501953,65.06146240234375,206.84722900390625,75.73027038574219,221.24490356445312,75.34677124023438,0.0,0.0,219.61143493652344,91.90958404541016,0.0,0.0,225.89195251464844,91.49869537353516,207.6361846923828,110.49502563476562,218.2049560546875,111.11825561523438,209.95578002929688,135.88352966308594,223.7137451171875,136.85816955566406,207.83795166015625,161.8305206298828,222.87245178222656,162.7965087890625
308,0.0,0.0,0.0,0.0,0.0,0.0,0.0,0.0,224.9786071777344,65.90568542480469,208.68418884277344,76.10184478759766,222.5977783203125,75.53445434570312,0.0,0.0,222.53602600097656,89.55059814453125,0.0,0.0,226.25596618652344,90.99642944335938,209.32481384277344,111.48062896728516,219.9947967529297,111.93057250976562,211.5338134765625,136.85061645507812,225.3228454589844,137.51486206054688,208.8786773681641,161.77647399902344,226.0861053466797,163.8575439453125
309,0.0,0.0,0.0,0.0,0.0,0.0,0.0,0.0,225.53810119628903,66.093994140625,209.27020263671875,76.63156127929688,223.69268798828125,77.38500213623047,0.0,0.0,226.4343719482422,89.55928039550781,0.0,0.0,228.6392822265625,88.4252700805664,209.9820556640625,112.1142578125,221.0602264404297,113.2167739868164,212.61810302734372,138.91661071777344,227.11163330078125,140.5614776611328,209.8399200439453,164.24986267089844,228.7470245361328,166.50880432128906
310,0.0,0.0,0.0,0.0,0.0,0.0,0.0,0.0,227.72686767578125,68.15599060058594,212.88563537597656,78.07828521728516,225.7237091064453,77.16741180419922,0.0,0.0,226.9667510986328,91.78064727783205,0.0,0.0,231.67559814453125,93.9278335571289,213.54513549804688,113.52726745605467,223.1870880126953,113.9811019897461,214.69338989257807,139.50328063964844,227.72808837890625,140.54232788085938,212.3335876464844,164.50743103027344,228.6306915283203,166.91160583496094
311,0.0,0.0,0.0,0.0,0.0,0.0,220.8690185546875,67.0443115234375,0.0,0.0,219.10960388183597,78.45635986328125,230.12826538085935,77.82958221435547,217.84056091308597,93.7820816040039,231.36770629882807,91.66950225830078,0.0,0.0,0.0,0.0,218.763916015625,113.78954315185548,226.65354919433597,113.7155303955078,219.0059051513672,138.9794921875,228.37399291992188,140.45335388183594,219.2689514160156,163.22186279296875,228.6581115722656,165.7922821044922
312,0.0,0.0,0.0,0.0,0.0,0.0,0.0,0.0,231.14805603027344,69.12919616699219,216.4144592285156,79.63117218017578,228.71511840820312,77.898681640625,0.0,0.0,229.5053558349609,89.90425109863281,0.0,0.0,234.21388244628903,93.57081604003906,218.94436645507807,113.50262451171876,227.56362915039065,113.51425170898438,222.29638671875,138.92196655273438,229.29151916503903,138.94442749023438,220.8604736328125,163.01258850097656,228.296875,164.14190673828125
313,0.0,0.0,0.0,0.0,0.0,0.0,0.0,0.0,232.077880859375,68.61126708984375,218.275634765625,79.42897033691406,230.4841766357422,77.69450378417969,0.0,0.0,232.21987915039065,90.7408447265625,0.0,0.0,236.63967895507807,101.22923278808594,220.6078338623047,112.98184204101562,228.9403076171875,112.73977661132812,222.5985412597656,138.19778442382812,229.9166259765625,137.80087280273438,221.18991088867188,162.22158813476562,228.323974609375,162.903564453125
314,0.0,0.0,0.0,0.0,0.0,0.0,0.0,0.0,232.833984375,68.76058959960938,218.9622802734375,79.50779724121094,231.971435546875,78.09599304199219,0.0,0.0,234.8111267089844,89.43501281738281,0.0,0.0,236.9747314453125,91.12147521972656,221.44630432128903,112.76716613769533,230.06817626953125,112.69164276123048,224.83062744140625,137.5916748046875,229.87332153320312,137.64356994628906,223.29052734375,161.39013671875,227.9074859619141,161.99681091308594
315,0.0,0.0,0.0,0.0,0.0,0.0,0.0,0.0,233.03543090820312,68.51873779296875,219.82632446289065,79.42158508300781,232.9136657714844,78.26455688476562,0.0,0.0,235.78338623046875,90.66433715820312,0.0,0.0,238.8949279785156,92.02801513671876,221.89358520507807,112.24943542480467,230.71578979492188,112.2419662475586,224.58377075195312,137.07730102539062,230.8287353515625,137.31646728515625,223.32676696777344,161.41030883789062,228.83370971679688,162.35797119140625
316,0.0,0.0,0.0,0.0,0.0,0.0,0.0,0.0,232.3947296142578,68.47395324707031,221.4068145751953,78.945068359375,231.71517944335935,78.09254455566406,0.0,0.0,234.67611694335935,90.82222747802734,0.0,0.0,238.8013610839844,91.607666015625,222.92691040039065,111.66971588134766,230.09947204589844,111.73876953125,225.73751831054688,137.33399963378906,231.09837341308597,137.31735229492188,224.6880340576172,161.87794494628906,229.5777130126953,162.995849609375
317,0.0,0.0,0.0,0.0,0.0,0.0,0.0,0.0,0.0,0.0,221.6895904541016,78.72682189941406,230.9763641357422,78.41240692138672,0.0,0.0,231.43893432617188,91.30059814453124,0.0,0.0,238.1048126220703,91.99667358398438,222.6630401611328,111.68768310546876,229.3987274169922,112.02327728271484,224.9270172119141,137.52235412597656,231.3347625732422,137.96798706054688,224.48861694335935,162.11154174804688,229.94081115722656,163.32974243164062
318,0.0,0.0,0.0,0.0,0.0,0.0,0.0,0.0,232.73519897460935,68.52957153320312,220.2118988037109,77.73921966552734,230.23731994628903,76.88368225097656,0.0,0.0,229.59408569335935,90.3113250732422,0.0,0.0,236.93093872070312,90.3428955078125,221.48095703125,110.33769989013672,228.5845184326172,110.60128784179688,224.63262939453125,136.08450317382812,230.4971618652344,136.16143798828125,223.8448944091797,160.7108917236328,228.2773895263672,162.0178680419922
319,0.0,0.0,0.0,0.0,0.0,0.0,0.0,0.0,232.20269775390625,67.99810791015625,221.25083923339844,77.6130599975586,230.0422821044922,77.45840454101562,0.0,0.0,230.3840484619141,91.12045288085938,0.0,0.0,237.52398681640625,91.37644958496094,222.84347534179688,109.808349609375,229.0805206298828,110.32160949707033,226.29135131835935,136.77511596679688,231.2001190185547,136.93890380859375,225.16864013671875,161.50067138671875,229.7344970703125,162.03404235839844
320,0.0,0.0,0.0,0.0,0.0,0.0,0.0,0.0,232.0833282470703,68.65572357177734,0.0,0.0,228.8585968017578,76.55194091796875,0.0,0.0,228.29446411132807,91.22288513183594,0.0,0.0,236.83680725097656,90.8315887451172,222.4243011474609,109.8856201171875,227.5630798339844,110.31259155273438,226.4306182861328,134.74534606933594,230.64454650878903,134.96336364746094,225.46798706054688,159.6189727783203,227.8025360107422,161.11151123046875
321,0.0,0.0,0.0,0.0,0.0,0.0,0.0,0.0,232.67788696289065,66.59544372558594,0.0,0.0,228.1408843994141,76.86351013183594,0.0,0.0,228.2132110595703,91.73084259033205,0.0,0.0,237.60720825195312,91.58536529541016,224.5038909912109,110.04190826416016,227.56536865234372,110.8058090209961,229.0635528564453,136.00146484375,230.57513427734372,136.5111846923828,226.6219024658203,160.22457885742188,227.70999145507807,161.448486328125
322,0.0,0.0,0.0,0.0,0.0,0.0,0.0,0.0,232.32554626464844,65.33180236816406,0.0,0.0,228.03662109375,75.790771484375,0.0,0.0,228.76333618164065,91.15361785888672,0.0,0.0,237.9248046875,90.1384735107422,224.24974060058597,110.72689056396484,227.71469116210935,111.36456298828124,229.3417816162109,136.06399536132812,231.1175842285156,136.46096801757812,227.4054107666016,160.5930633544922,228.79165649414065,162.09219360351562
323,0.0,0.0,0.0,0.0,0.0,0.0,0.0,0.0,231.24996948242188,65.15924072265625,0.0,0.0,227.4285888671875,75.781005859375,0.0,0.0,228.8505859375,90.81304931640624,0.0,0.0,237.161376953125,89.99687194824219,224.0099029541016,110.86018371582033,227.11436462402344,111.47355651855467,229.06092834472656,136.2259521484375,230.55709838867188,136.6979522705078,229.15562438964844,161.21795654296875,229.0038299560547,162.77984619140625
324,0.0,0.0,0.0,0.0,235.43605041503903,64.01051330566406,0.0,0.0,230.7519989013672,64.73966979980469,0.0,0.0,227.22059631347656,75.72241973876953,0.0,0.0,229.73768615722656,90.33415985107422,0.0,0.0,237.94915771484372,90.11956787109376,223.23947143554688,110.76327514648438,227.247802734375,111.28047943115234,228.56610107421875,135.98548889160156,230.79661560058597,136.2645263671875,228.8323211669922,160.87242126464844,229.2007751464844,162.34042358398438
325,0.0,0.0,0.0,0.0,0.0,0.0,221.2632751464844,68.06443786621094,0.0,0.0,224.0518798828125,77.91399383544922,229.42074584960935,77.32827758789062,0.0,0.0,0.0,0.0,0.0,0.0,0.0,0.0,225.1295623779297,111.63728332519533,228.83132934570312,111.20757293701172,227.75205993652344,136.17898559570312,229.9834899902344,135.57992553710938,227.5484161376953,161.8414306640625,230.6490631103516,161.62835693359375
326,0.0,0.0,0.0,0.0,0.0,0.0,219.405517578125,68.85145568847656,0.0,0.0,218.737060546875,79.16629028320312,230.29086303710935,77.52613830566406,0.0,0.0,0.0,0.0,0.0,0.0,0.0,0.0,222.6093597412109,111.75971221923828,230.2238311767578,111.1953125,225.55625915527344,136.73365783691406,230.5347442626953,136.12173461914062,226.03302001953125,162.44322204589844,231.3735809326172,161.58993530273438
327,0.0,0.0,0.0,0.0,0.0,0.0,219.47476196289065,68.82984924316406,0.0,0.0,219.1436462402344,79.18313598632812,230.2335968017578,77.53997802734375,0.0,0.0,0.0,0.0,0.0,0.0,0.0,0.0,222.87640380859372,111.85883331298828,230.18716430664065,111.25884246826172,225.72955322265625,136.76219177246094,230.48809814453125,136.1239471435547,226.14410400390625,162.50762939453125,231.36160278320312,161.57420349121094
328,0.0,0.0,0.0,0.0,0.0,0.0,219.19444274902344,68.90061950683594,0.0,0.0,219.0626678466797,79.11811828613281,230.60772705078125,77.86129760742188,216.17770385742188,95.52236938476562,0.0,0.0,0.0,0.0,0.0,0.0,222.7007598876953,111.32247161865234,230.44357299804688,110.81056213378906,223.78460693359372,136.47396850585938,229.70144653320312,136.38824462890625,225.48350524902344,161.86611938476562,231.0346221923828,161.3890838623047
329,0.0,0.0,0.0,0.0,0.0,0.0,219.4652557373047,68.58636474609375,0.0,0.0,219.80406188964844,78.65803527832031,229.6825408935547,77.3306655883789,217.72032165527344,95.38442993164062,0.0,0.0,0.0,0.0,0.0,0.0,223.03610229492188,110.694091796875,229.6678466796875,110.1611785888672,224.0467987060547,136.068359375,229.59060668945312,135.98495483398438,225.36575317382807,161.69027709960938,231.24026489257807,161.3465576171875
330,0.0,0.0,0.0,0.0,0.0,0.0,219.5507354736328,67.73916625976562,0.0,0.0,218.95294189453125,78.25950622558594,228.5870513916016,76.98304748535156,216.0179901123047,94.85662078857422,0.0,0.0,0.0,0.0,0.0,0.0,222.7454071044922,110.04138946533205,229.10971069335935,109.63285064697266,224.3311462402344,135.70309448242188,230.33441162109372,135.50674438476562,225.2193298339844,161.2274627685547,231.0415954589844,161.09268188476562
331,0.0,0.0,0.0,0.0,0.0,0.0,219.49327087402344,68.128662109375,0.0,0.0,219.64442443847656,78.60387420654297,228.33419799804688,77.08226013183594,216.6505889892578,96.13111114501952,0.0,0.0,0.0,0.0,0.0,0.0,224.61520385742188,111.0737075805664,230.24148559570312,110.59132385253906,226.10667419433597,137.19561767578125,231.2330017089844,136.77137756347656,226.46697998046875,163.1720428466797,231.7964782714844,162.472412109375
332,0.0,0.0,0.0,0.0,0.0,0.0,217.8021240234375,68.59730529785156,0.0,0.0,216.6157989501953,79.20553588867188,227.3695526123047,77.11131286621094,0.0,0.0,232.4644317626953,91.29631805419922,0.0,0.0,0.0,0.0,222.5081024169922,109.9869613647461,229.42498779296875,109.55583190917967,226.1210784912109,135.61239624023438,232.11231994628903,135.0030059814453,225.7006378173828,161.81019592285156,231.4880828857422,161.71005249023438
333,0.0,0.0,0.0,0.0,0.0,0.0,216.78550720214844,69.11259460449219,0.0,0.0,215.7816467285156,80.11344909667969,227.6898956298828,77.65483856201172,212.4849090576172,96.6365203857422,232.8937530517578,91.09039306640624,0.0,0.0,0.0,0.0,222.0282287597656,110.45716094970705,229.79641723632807,109.83253479003906,225.4705352783203,135.89122009277344,232.0250396728516,135.0935516357422,225.1286163330078,161.5517120361328,231.96902465820312,161.26708984375
334,0.0,0.0,0.0,0.0,0.0,0.0,216.360595703125,69.42214965820312,0.0,0.0,215.07589721679688,80.6160888671875,227.18833923339844,77.9105453491211,212.210205078125,97.15203857421876,232.43896484375,90.40760803222656,0.0,0.0,0.0,0.0,221.61471557617188,110.5003433227539,229.5232086181641,109.84461975097656,224.97122192382807,136.17550659179688,231.5054168701172,135.46324157714844,225.17662048339844,161.3932647705078,231.62049865722656,161.11312866210938
335,0.0,0.0,0.0,0.0,0.0,0.0,216.3476409912109,69.44892120361328,0.0,0.0,215.11502075195312,80.63053894042969,227.17758178710935,77.9001235961914,212.2367706298828,97.16960144042967,232.45523071289065,90.40573120117188,0.0,0.0,0.0,0.0,221.75048828125,110.52081298828124,229.60877990722656,109.8507308959961,225.26812744140625,136.15673828125,231.65077209472656,135.35125732421875,225.5485992431641,161.44046020507812,231.84881591796875,161.00177001953125
336,0.0,0.0,0.0,0.0,0.0,0.0,217.43038940429688,69.6256332397461,0.0,0.0,215.5443878173828,80.85794830322266,226.43283081054688,78.01012420654297,212.2198486328125,97.93351745605467,232.2476959228516,89.51435852050781,0.0,0.0,0.0,0.0,221.2831573486328,110.17848205566406,228.2831115722656,109.54167175292967,224.66896057128903,135.42994689941406,231.05523681640625,135.20986938476562,225.69932556152344,160.4895477294922,230.4991149902344,160.86033630371094
337,0.0,0.0,0.0,0.0,0.0,0.0,217.21261596679688,69.92203521728516,0.0,0.0,215.56517028808597,80.79281616210938,226.9273223876953,78.09074401855469,212.32960510253903,98.05165100097656,231.8896026611328,90.05293273925781,0.0,0.0,0.0,0.0,220.96661376953125,110.54035186767578,228.43138122558597,109.95018005371094,224.0914306640625,135.6748809814453,231.30650329589844,135.4637451171875,225.0327606201172,160.8565673828125,231.1351318359375,161.09304809570312
338,0.0,0.0,0.0,0.0,0.0,0.0,0.0,0.0,0.0,0.0,214.9205017089844,81.05131530761719,226.91793823242188,78.23859405517578,212.51361083984372,97.75714111328124,231.87452697753903,90.06795501708984,0.0,0.0,0.0,0.0,220.53787231445312,110.604736328125,228.49563598632807,109.95632934570312,224.00726318359372,135.59835815429688,231.4162139892578,135.014892578125,224.55520629882807,160.58425903320312,231.1595764160156,160.89703369140625
339,0.0,0.0,0.0,0.0,0.0,0.0,0.0,0.0,0.0,0.0,214.9446563720703,81.0364990234375,226.91368103027344,78.2446517944336,212.54383850097656,97.72228240966795,231.8635406494141,90.06507873535156,0.0,0.0,0.0,0.0,220.5629425048828,110.6165771484375,228.4867706298828,109.97537994384766,224.10891723632807,135.63442993164062,231.4297637939453,135.05250549316406,224.71353149414065,160.63650512695312,231.14382934570312,160.92835998535156
340,0.0,0.0,0.0,0.0,0.0,0.0,0.0,0.0,0.0,0.0,214.7847595214844,81.61199951171875,227.1975555419922,78.62669372558594,0.0,0.0,232.04010009765625,90.8282470703125,0.0,0.0,0.0,0.0,220.9821319580078,111.39352416992188,229.0371551513672,110.56484985351562,224.0267333984375,135.98910522460938,230.89309692382807,135.4900360107422,224.5507354736328,160.65341186523438,231.50331115722656,161.25096130371094
341,0.0,0.0,0.0,0.0,0.0,0.0,0.0,0.0,0.0,0.0,214.59646606445312,80.88668823242188,227.381103515625,78.70629119873047,0.0,0.0,232.7679443359375,90.04779052734375,0.0,0.0,0.0,0.0,220.65740966796875,110.79120635986328,229.0448303222656,110.22138214111328,224.8897857666016,135.0980987548828,230.71627807617188,134.5432891845703,224.3916473388672,160.50177001953125,230.7047271728516,160.45440673828125
342,0.0,0.0,0.0,0.0,0.0,0.0,0.0,0.0,0.0,0.0,216.0712127685547,80.4523696899414,226.1502990722656,78.51622009277344,0.0,0.0,231.29005432128903,90.34796905517578,0.0,0.0,0.0,0.0,222.07960510253903,111.13091278076172,228.60862731933597,110.70594787597656,226.2667236328125,135.5547332763672,230.22171020507807,134.97268676757812,225.59506225585935,160.41635131835938,229.6665496826172,160.76263427734375
343,0.0,0.0,0.0,0.0,0.0,0.0,0.0,0.0,0.0,0.0,215.6309814453125,80.40568542480469,225.8378143310547,78.41987609863281,0.0,0.0,231.2071990966797,90.39114379882812,0.0,0.0,0.0,0.0,222.11538696289065,110.7550277709961,228.5730743408203,110.42583465576172,227.39730834960935,134.7071990966797,230.17852783203125,134.27886962890625,226.16049194335935,159.7731170654297,228.6089324951172,160.63507080078125
344,0.0,0.0,0.0,0.0,0.0,0.0,0.0,0.0,0.0,0.0,216.6148681640625,80.203125,226.053955078125,78.45069885253906,0.0,0.0,231.20726013183597,90.73014068603516,0.0,0.0,0.0,0.0,222.6300048828125,110.77386474609376,228.76759338378903,110.36165618896484,226.22213745117188,135.22274780273438,230.0690155029297,134.69606018066406,225.0974884033203,159.76934814453125,229.4076690673828,160.24505615234375
345,0.0,0.0,0.0,0.0,0.0,0.0,0.0,0.0,0.0,0.0,217.93458557128903,79.74471282958984,225.92819213867188,78.51630401611328,0.0,0.0,230.8672332763672,90.4191436767578,0.0,0.0,0.0,0.0,222.77267456054688,110.17910766601562,227.95822143554688,109.866455078125,226.6994781494141,134.89666748046875,229.38450622558597,134.4273681640625,226.1240997314453,159.97024536132812,228.91978454589844,160.55027770996094
346,0.0,0.0,0.0,0.0,0.0,0.0,0.0,0.0,0.0,0.0,218.41143798828125,79.8152084350586,225.5923614501953,78.03827667236328,0.0,0.0,229.5687255859375,90.5172882080078,0.0,0.0,0.0,0.0,224.2656097412109,109.74288940429688,228.85922241210935,109.42056274414062,228.33001708984372,135.10153198242188,230.7985382080078,134.46994018554688,227.5370941162109,160.68295288085938,229.2985076904297,161.5245361328125
347,0.0,0.0,0.0,0.0,0.0,0.0,0.0,0.0,0.0,0.0,219.77264404296875,78.91378021240234,225.5831756591797,77.65750885009766,0.0,0.0,228.83189392089844,90.67668151855467,0.0,0.0,0.0,0.0,224.56788635253903,109.42173767089844,228.2058563232422,109.26521301269533,228.5498962402344,135.10784912109375,230.29214477539065,134.76678466796875,228.3505401611328,160.90176391601562,228.8394775390625,161.8366241455078
348,0.0,0.0,0.0,0.0,0.0,0.0,0.0,0.0,0.0,0.0,222.14390563964844,78.56076049804688,224.8031768798828,77.22905731201172,0.0,0.0,227.30638122558597,90.0776596069336,0.0,0.0,235.78564453125,91.45110321044922,225.9759826660156,109.54637145996094,227.4083404541016,109.63102722167967,230.0336456298828,135.29739379882812,230.22862243652344,135.34739685058594,230.1433868408203,161.02874755859375,228.31329345703125,162.47024536132812
349,0.0,0.0,0.0,0.0,0.0,0.0,0.0,0.0,228.7746124267578,68.72234344482422,0.0,0.0,224.9722137451172,77.17494201660156,0.0,0.0,225.35916137695312,89.09140014648438,0.0,0.0,234.09230041503903,89.91627502441406,226.1549224853516,110.18528747558594,226.3008270263672,110.4331512451172,230.17372131347656,135.4200897216797,229.3285217285156,135.5778045654297,229.4152984619141,160.23077392578125,226.4158172607422,161.82583618164062
350,0.0,0.0,0.0,0.0,0.0,0.0,0.0,0.0,0.0,0.0,219.6471099853516,79.02056121826172,225.77386474609372,77.60724639892578,0.0,0.0,227.7896728515625,89.7813491821289,0.0,0.0,0.0,0.0,223.5897216796875,109.57733917236328,227.5287628173828,109.5409927368164,227.66172790527344,135.478759765625,230.4139404296875,135.3740234375,226.8574981689453,161.32730102539062,228.53729248046875,162.56686401367188
351,0.0,0.0,0.0,0.0,0.0,0.0,0.0,0.0,228.7880859375,68.56056213378906,0.0,0.0,225.443115234375,77.267333984375,0.0,0.0,226.04937744140625,89.72705841064453,0.0,0.0,233.6492462158203,90.95843505859376,225.694580078125,109.8152313232422,226.41448974609372,110.13185119628906,229.8405303955078,135.20797729492188,228.68760681152344,135.60400390625,229.80517578125,160.39321899414062,225.8768768310547,162.0879669189453
352,0.0,0.0,0.0,0.0,232.10206604003903,67.41250610351562,0.0,0.0,229.1960906982422,67.5696029663086,224.33795166015625,78.41419982910156,226.1855316162109,77.235107421875,0.0,0.0,226.70968627929688,90.03355407714844,0.0,0.0,235.74888610839844,91.54170989990234,225.30126953125,110.13491821289062,226.41049194335935,110.41586303710938,228.1259765625,135.3350830078125,229.0508270263672,135.74078369140625,227.57969665527344,159.94850158691406,226.20358276367188,161.62887573242188
353,0.0,0.0,0.0,0.0,232.09735107421875,67.23799133300781,0.0,0.0,229.3113250732422,67.34546661376953,0.0,0.0,226.1934509277344,76.93754577636719,0.0,0.0,226.2622528076172,89.92386627197266,0.0,0.0,235.70481872558597,91.92576599121094,225.51840209960935,110.30443572998048,226.47384643554688,110.5988998413086,227.52003479003903,135.96661376953125,229.27496337890625,136.48646545410156,227.1549224853516,161.30665588378906,227.2350006103516,163.14064025878906
354,0.0,0.0,0.0,0.0,0.0,0.0,0.0,0.0,230.5625915527344,67.2820816040039,0.0,0.0,226.75115966796875,77.00335693359375,0.0,0.0,227.9169006347656,90.44183349609376,0.0,0.0,235.80154418945312,91.32144927978516,223.447021484375,110.4813995361328,226.81362915039065,110.91700744628906,226.33155822753903,136.39474487304688,228.65396118164065,136.89422607421875,226.0580902099609,161.72946166992188,227.72923278808597,163.56851196289062
355,0.0,0.0,0.0,0.0,234.16354370117188,66.54150390625,0.0,0.0,229.9591522216797,66.72801971435547,0.0,0.0,226.4723358154297,76.74506378173828,0.0,0.0,228.4631500244141,90.20941162109376,0.0,0.0,235.31500244140625,91.09830474853516,224.40914916992188,109.9003448486328,226.88807678222656,110.24331665039062,227.67698669433597,135.57191467285156,229.24951171875,135.92742919921875,227.7672882080078,160.80361938476562,227.88442993164065,162.5596923828125
356,0.0,0.0,0.0,0.0,0.0,0.0,0.0,0.0,229.80642700195312,67.94783020019531,222.5606231689453,78.29923248291016,227.4359130859375,77.09819793701172,0.0,0.0,228.79144287109372,91.24205017089844,0.0,0.0,235.474609375,91.64655303955078,223.1809539794922,109.42028045654295,226.5327911376953,109.79657745361328,227.7701416015625,134.9520263671875,231.20657348632807,135.38502502441406,228.19021606445312,160.59500122070312,228.3242950439453,162.03030395507812
357,0.0,0.0,0.0,0.0,0.0,0.0,0.0,0.0,0.0,0.0,221.44094848632807,78.21272277832031,226.91390991210935,77.16901397705078,0.0,0.0,230.2553558349609,91.53433990478516,0.0,0.0,235.0694122314453,92.11742401123048,222.6546630859375,109.45220947265624,226.47352600097656,109.3593521118164,225.4763946533203,135.53733825683594,230.4927520751953,135.50103759765625,225.4057464599609,161.75218200683594,229.6625213623047,162.6547088623047
358,0.0,0.0,0.0,0.0,0.0,0.0,0.0,0.0,0.0,0.0,221.3031768798828,78.21414947509766,226.9143829345703,77.12635803222656,0.0,0.0,230.12474060058597,91.49159240722656,0.0,0.0,235.0754547119141,92.11090087890624,222.56124877929688,109.44855499267578,226.47805786132807,109.36207580566406,225.4388885498047,135.5602264404297,230.52767944335935,135.5281982421875,225.37962341308597,161.77880859375,229.69656372070312,162.7193603515625
359,0.0,0.0,0.0,0.0,0.0,0.0,0.0,0.0,0.0,0.0,220.51171875,78.77013397216797,226.96067810058597,77.4096908569336,0.0,0.0,230.07835388183597,91.38418579101562,0.0,0.0,234.9008636474609,91.37086486816406,222.7256774902344,109.73371124267578,227.12249755859372,109.50286102294922,226.3809509277344,136.07044982910156,230.3266448974609,135.78292846679688,226.02557373046875,162.59579467773438,229.3863677978516,163.56216430664062
360,0.0,0.0,0.0,0.0,0.0,0.0,0.0,0.0,0.0,0.0,220.23678588867188,78.813232421875,227.85012817382807,77.73753356933594,0.0,0.0,231.59429931640625,90.80607604980467,0.0,0.0,0.0,0.0,222.401611328125,110.02951049804688,227.6714324951172,109.70633697509766,225.8916931152344,136.13897705078125,229.60299682617188,135.75341796875,225.68724060058597,162.9752655029297,229.72671508789065,163.31988525390625
361,0.0,0.0,0.0,0.0,0.0,0.0,0.0,0.0,0.0,0.0,219.45079040527344,78.35450744628906,228.28927612304688,77.57564544677734,0.0,0.0,232.34591674804688,91.47063446044922,0.0,0.0,0.0,0.0,221.702392578125,109.99773406982422,227.8503570556641,109.80792999267578,225.01007080078125,136.40647888183594,229.58108520507807,136.26031494140625,224.920654296875,162.76287841796875,229.9212951660156,163.27947998046875
362,0.0,0.0,0.0,0.0,0.0,0.0,0.0,0.0,0.0,0.0,219.38345336914065,78.23753356933594,228.41043090820312,77.20475006103516,0.0,0.0,231.6851959228516,91.4302215576172,0.0,0.0,0.0,0.0,221.57264709472656,109.5680694580078,227.87535095214844,109.3281478881836,225.0828857421875,135.5015106201172,230.13372802734372,135.2289581298828,224.85430908203125,162.01498413085938,230.2795562744141,162.30520629882812
363,0.0,0.0,0.0,0.0,0.0,0.0,0.0,0.0,0.0,0.0,218.07020568847656,78.04554748535156,228.15843200683597,76.91798400878906,0.0,0.0,230.91256713867188,91.19278717041016,0.0,0.0,0.0,0.0,220.893310546875,109.21540832519533,227.9108123779297,109.02621459960938,224.70123291015625,135.5672149658203,230.1213531494141,135.2090301513672,224.248779296875,162.188232421875,230.13841247558597,162.55189514160156
364,0.0,0.0,0.0,0.0,0.0,0.0,0.0,0.0,0.0,0.0,218.22885131835935,78.3989028930664,228.94146728515625,76.9117431640625,0.0,0.0,231.6383514404297,90.90658569335938,0.0,0.0,0.0,0.0,221.2516632080078,109.75303649902344,228.38121032714844,109.46803283691406,224.64097595214844,135.86448669433594,229.79315185546875,135.83645629882812,224.0919189453125,162.79132080078125,229.1826934814453,162.6915740966797
365,0.0,0.0,0.0,0.0,0.0,0.0,0.0,0.0,0.0,0.0,219.2737579345703,77.85212707519531,228.95187377929688,76.8653564453125,0.0,0.0,231.5839385986328,90.95592498779295,0.0,0.0,0.0,0.0,221.3507537841797,109.00909423828124,227.9083251953125,108.81202697753906,224.5142517089844,135.17037963867188,229.8825225830078,135.31773376464844,224.26222229003903,162.2408905029297,230.01097106933597,162.0696258544922
366,0.0,0.0,0.0,0.0,0.0,0.0,220.42579650878903,68.49198913574219,0.0,0.0,220.0198211669922,78.10319519042969,229.72825622558597,77.08372497558594,0.0,0.0,0.0,0.0,0.0,0.0,0.0,0.0,221.4077911376953,109.07095336914062,228.07823181152344,108.7815399169922,223.9919891357422,134.7928009033203,229.73861694335935,134.85350036621094,223.79583740234372,161.60287475585938,229.80377197265625,161.7640380859375
367,0.0,0.0,0.0,0.0,0.0,0.0,0.0,0.0,0.0,0.0,217.71841430664065,79.19513702392578,229.5079803466797,77.69413757324219,0.0,0.0,0.0,0.0,0.0,0.0,0.0,0.0,220.4043884277344,109.80754089355467,228.3267822265625,109.50934600830078,223.13694763183597,135.73504638671875,229.5981903076172,135.78250122070312,222.9848480224609,162.53924560546875,229.0406646728516,162.70867919921875
368,0.0,0.0,0.0,0.0,0.0,0.0,219.78616333007807,69.0821762084961,0.0,0.0,217.53379821777344,79.86041259765625,230.58599853515625,78.05766296386719,213.59442138671875,96.50332641601562,0.0,0.0,0.0,0.0,0.0,0.0,220.31362915039065,110.31331634521484,229.14358520507807,109.82566833496094,222.88796997070312,136.194091796875,230.408935546875,135.99435424804688,222.723876953125,162.70635986328125,229.50428771972656,162.8744659423828
369,0.0,0.0,0.0,0.0,0.0,0.0,220.2422332763672,69.05650329589844,0.0,0.0,217.04168701171875,80.04239654541016,231.0807647705078,78.3775634765625,212.70150756835935,96.17424011230467,0.0,0.0,0.0,0.0,0.0,0.0,219.86294555664065,109.92341613769533,229.42091369628903,109.5823974609375,222.5230712890625,135.7068634033203,230.41473388671875,135.74090576171875,221.930908203125,162.28819274902344,229.5214385986328,162.8133087158203
370,0.0,0.0,0.0,0.0,0.0,0.0,0.0,0.0,229.327880859375,69.39900970458984,215.38169860839844,80.09366607666016,229.67425537109372,78.6092758178711,0.0,0.0,231.32334899902344,92.0629425048828,0.0,0.0,0.0,0.0,218.6238555908203,110.36671447753906,228.3638610839844,110.29437255859376,222.72906494140625,136.64639282226562,229.68597412109372,136.27001953125,222.3188323974609,162.86630249023438,229.40155029296875,163.10655212402344
371,0.0,0.0,0.0,0.0,0.0,0.0,0.0,0.0,0.0,0.0,215.4371795654297,80.17539978027344,230.0215606689453,78.71070098876953,0.0,0.0,231.4053192138672,92.19961547851562,0.0,0.0,0.0,0.0,218.68356323242188,110.37157440185548,228.6152191162109,110.2604522705078,222.68109130859372,136.5135955810547,229.7826995849609,136.1857147216797,222.3280487060547,162.77816772460938,229.35952758789065,162.9501190185547
372,0.0,0.0,0.0,0.0,0.0,0.0,220.32098388671875,69.69264221191406,0.0,0.0,216.65040588378903,80.2236328125,232.314697265625,79.00357055664062,212.2694549560547,96.56747436523438,234.288330078125,92.91636657714844,0.0,0.0,0.0,0.0,219.57595825195312,111.21172332763672,230.26089477539065,111.00660705566406,222.26507568359372,136.3147735595703,230.82379150390625,136.5594024658203,222.1843719482422,162.40487670898438,230.2791748046875,162.52651977539062
373,0.0,0.0,0.0,0.0,0.0,0.0,220.37124633789065,69.30168914794922,0.0,0.0,216.3681640625,79.83818054199219,232.32742309570312,78.70964050292969,211.85647583007807,96.11847686767578,233.88299560546875,92.62322235107422,0.0,0.0,0.0,0.0,219.33392333984372,110.77548217773438,230.1021881103516,110.65988159179688,222.5849609375,136.1582794189453,230.3791046142578,136.50439453125,222.62420654296875,162.7984619140625,229.1025390625,162.91888427734375
374,0.0,0.0,0.0,0.0,0.0,0.0,220.4410858154297,69.439453125,0.0,0.0,215.9915771484375,79.94247436523438,232.2303924560547,78.81571960449219,211.75558471679688,96.36546325683594,233.7495574951172,92.7426528930664,0.0,0.0,0.0,0.0,219.2410125732422,111.55401611328124,230.26876831054688,111.46096801757812,222.53530883789065,136.96055603027344,230.52716064453125,137.0057373046875,222.58883666992188,163.16592407226562,229.5706787109375,162.8332061767578
375,0.0,0.0,0.0,0.0,0.0,0.0,0.0,0.0,0.0,0.0,215.7334442138672,79.93052673339844,231.71633911132807,78.79243469238281,211.7237548828125,96.789306640625,234.1817626953125,92.46322631835938,0.0,0.0,0.0,0.0,219.2103576660156,111.04830932617188,229.9306488037109,110.9881362915039,222.7238922119141,136.5498809814453,230.51644897460935,136.5128936767578,222.55149841308597,162.86322021484375,228.9718475341797,162.3162841796875
376,0.0,0.0,0.0,0.0,0.0,0.0,0.0,0.0,0.0,0.0,215.70953369140625,79.99392700195312,231.74078369140625,78.84544372558594,211.74053955078125,96.92086029052734,234.2432861328125,92.36409759521484,0.0,0.0,0.0,0.0,219.22872924804688,111.16788482666016,229.9745635986328,111.1201629638672,222.80206298828125,136.51034545898438,230.4715118408203,136.5430450439453,222.60955810546875,162.80303955078125,228.9525451660156,162.26138305664062
377,0.0,0.0,0.0,0.0,0.0,0.0,0.0,0.0,229.3714599609375,69.18577575683594,215.5094757080078,80.986328125,230.97935485839844,79.17809295654297,211.8951873779297,97.42913818359376,233.78802490234372,92.6946792602539,0.0,0.0,0.0,0.0,219.3358154296875,111.97252655029295,229.78390502929688,111.69125366210938,222.70574951171875,137.35374450683594,230.6629638671875,136.6787567138672,222.3370361328125,162.7839813232422,229.75299072265625,162.521240234375
378,0.0,0.0,0.0,0.0,0.0,0.0,0.0,0.0,229.21322631835935,69.69942474365234,215.33644104003903,81.39659118652344,230.3871612548828,79.0885009765625,212.1077880859375,97.77989959716795,233.42221069335935,91.50739288330078,0.0,0.0,0.0,0.0,219.95314025878903,112.3713836669922,230.0914306640625,112.0255126953125,223.7715301513672,138.0150604248047,230.62559509277344,137.22808837890625,223.3818206787109,163.73007202148438,230.21397399902344,163.44293212890625
379,0.0,0.0,0.0,0.0,0.0,0.0,0.0,0.0,229.35777282714844,69.67843627929688,215.3864898681641,81.06249237060547,230.10728454589844,78.97427368164062,212.3431701660156,97.90716552734376,233.321044921875,91.08514404296876,0.0,0.0,0.0,0.0,220.06765747070312,112.04164123535156,230.03512573242188,111.83834838867188,223.9832763671875,137.64944458007812,230.71957397460935,137.08157348632812,223.7069396972656,163.44223022460938,230.55374145507807,162.89930725097656
380,0.0,0.0,0.0,0.0,0.0,0.0,0.0,0.0,229.3618927001953,69.6767807006836,215.3902740478516,81.05638885498047,230.1007843017578,78.97412109375,212.3443756103516,97.90464782714844,233.3134002685547,91.09027099609376,0.0,0.0,0.0,0.0,220.0662841796875,112.0371551513672,230.0264892578125,111.83676147460938,223.98486328125,137.63870239257812,230.716064453125,137.07449340820312,223.7026214599609,163.4359130859375,230.54876708984372,162.89315795898438
381,0.0,0.0,0.0,0.0,0.0,0.0,0.0,0.0,229.66110229492188,69.91909790039062,215.59848022460935,81.09030151367188,229.9850311279297,79.23075866699219,212.1853179931641,97.65953063964844,232.79055786132807,91.49720001220705,0.0,0.0,0.0,0.0,219.95948791503903,111.73593139648438,229.6409149169922,111.62960815429688,224.28341674804688,137.51991271972656,230.3871307373047,136.99505615234375,224.22088623046875,163.35159301757812,230.40451049804688,162.82186889648438
382,0.0,0.0,0.0,0.0,0.0,0.0,0.0,0.0,229.65765380859372,70.05734252929688,215.41134643554688,81.19857788085938,229.5741424560547,79.21244812011719,212.3839874267578,98.48721313476562,232.73843383789065,90.9134521484375,0.0,0.0,0.0,0.0,220.11947631835935,112.22328186035156,229.59886169433597,112.1167449951172,224.6416931152344,137.50912475585938,230.00875854492188,136.97808837890625,224.6944732666016,162.87811279296875,229.9589080810547,161.84939575195312
383,0.0,0.0,0.0,0.0,0.0,0.0,0.0,0.0,229.6859436035156,70.26410675048828,215.5546417236328,80.50556945800781,229.09182739257807,79.2490463256836,0.0,0.0,232.71270751953125,91.44841003417967,0.0,0.0,0.0,0.0,220.02963256835935,111.95626831054688,229.0928497314453,112.1006088256836,224.28744506835935,138.47401428222656,229.6426544189453,138.30950927734375,224.4049835205078,164.47705078125,229.68624877929688,164.2225799560547
384,0.0,0.0,0.0,0.0,0.0,0.0,0.0,0.0,228.85450744628903,69.44731140136719,215.57272338867188,79.92311096191406,227.73825073242188,78.0562973022461,0.0,0.0,230.15208435058597,91.01983642578124,0.0,0.0,232.68258666992188,97.24842834472656,219.7525329589844,111.47708129882812,227.9299774169922,111.4917221069336,224.2391662597656,137.23721313476562,229.9374542236328,136.67987060546875,224.66204833984372,162.97552490234375,229.45396423339844,162.5999755859375
385,0.0,0.0,0.0,0.0,0.0,0.0,0.0,0.0,228.61474609375,69.56178283691406,216.22348022460935,79.73196411132812,227.275146484375,78.12255096435547,0.0,0.0,230.3912353515625,91.16893768310548,0.0,0.0,233.30288696289065,96.567138671875,220.12075805664065,110.90257263183594,227.4683837890625,111.1064453125,225.0849151611328,136.74069213867188,229.61949157714844,136.71292114257812,225.1674041748047,162.3575439453125,228.9272308349609,162.9047088623047
386,0.0,0.0,0.0,0.0,0.0,0.0,0.0,0.0,229.1422271728516,69.70608520507812,217.7231903076172,79.00899505615234,226.58551025390625,77.77313995361328,0.0,0.0,228.5543212890625,91.48159790039062,0.0,0.0,233.427001953125,99.3651885986328,220.5693206787109,110.39938354492188,226.3293914794922,110.8471908569336,226.400634765625,135.97984313964844,229.00991821289065,136.4697265625,226.2842559814453,161.5806884765625,227.78147888183597,163.37681579589844
387,0.0,0.0,0.0,0.0,0.0,0.0,0.0,0.0,229.1885986328125,69.772216796875,217.64361572265625,79.15098571777344,226.6586456298828,77.87919616699219,0.0,0.0,228.50473022460935,91.5654754638672,0.0,0.0,233.4414825439453,99.3528060913086,220.6044921875,110.73978424072266,226.4822998046875,111.17001342773438,226.03916931152344,136.3669891357422,228.76824951171875,136.84033203125,226.09115600585935,161.86135864257812,227.6763610839844,163.62069702148438
388,232.35389709472656,70.3291015625,0.0,0.0,230.74424743652344,68.22413635253906,0.0,0.0,225.5544586181641,68.36517333984375,225.10760498046875,79.27147674560547,222.94842529296875,77.18026733398438,0.0,0.0,224.57652282714844,88.2566146850586,0.0,0.0,230.6008453369141,87.22431945800781,224.8294219970703,110.06974792480467,223.4672393798828,109.81673431396484,225.51138305664065,136.40994262695312,227.47776794433597,136.50753784179688,226.35302734375,160.3707275390625,226.4504852294922,162.5077362060547
389,231.8983917236328,70.46247100830078,0.0,0.0,230.37945556640625,68.611572265625,0.0,0.0,225.5601806640625,68.64727020263672,228.1809539794922,78.43768310546875,220.92608642578125,77.10789489746094,0.0,0.0,219.7093505859375,89.136474609375,0.0,0.0,231.50015258789065,90.95368194580078,225.9607086181641,108.00799560546876,221.43145751953125,108.18402862548828,227.2959442138672,134.4480438232422,226.7066345214844,134.5152130126953,225.91192626953125,159.77084350585938,225.3764190673828,160.87307739257812
390,231.39993286132807,70.41517639160156,0.0,0.0,230.25393676757807,68.43890380859375,0.0,0.0,225.56251525878903,67.94334411621094,226.8887634277344,77.87199401855469,220.16842651367188,76.35157775878906,0.0,0.0,218.4178466796875,88.36871337890625,0.0,0.0,230.37741088867188,90.52938842773438,225.5306396484375,107.25885009765624,221.29991149902344,107.40831756591795,227.74722290039065,133.0130615234375,226.66519165039065,132.9068603515625,226.20921325683597,158.1170654296875,225.19454956054688,159.20550537109375
391,230.927001953125,70.08059692382812,231.6528778076172,68.38307189941406,229.58819580078125,68.11039733886719,0.0,0.0,224.68502807617188,67.70296478271484,231.01226806640625,78.66043090820312,218.43649291992188,76.11439514160156,233.41213989257807,91.63985443115234,214.91368103027344,87.27308654785156,228.9516448974609,90.2052001953125,227.3025360107422,88.78582763671875,227.5218811035156,108.22091674804688,219.59017944335935,107.49978637695312,226.94757080078125,134.54415893554688,223.6065826416016,133.5496826171875,224.24615478515625,159.78001403808594,221.66786193847656,160.68710327148438
392,0.0,0.0,0.0,0.0,0.0,0.0,0.0,0.0,0.0,0.0,0.0,0.0,0.0,0.0,0.0,0.0,0.0,0.0,0.0,0.0,0.0,0.0,0.0,0.0,0.0,0.0,0.0,0.0,0.0,0.0,0.0,0.0,0.0,0.0
393,230.38406372070312,68.8170394897461,231.66671752929688,67.19107055664062,228.64146423339844,66.63894653320312,0.0,0.0,223.63897705078125,66.35057067871094,228.6732940673828,78.37147521972656,217.54269409179688,75.77523803710938,0.0,0.0,213.35205078125,87.95314025878906,0.0,0.0,227.37083435058597,88.63694763183594,225.61688232421875,107.68444061279295,218.29241943359372,107.38020324707033,225.3132781982422,132.42037963867188,221.96694946289065,132.35150146484375,0.0,0.0,218.95513916015625,157.69100952148438
394,0.0,0.0,0.0,0.0,0.0,0.0,0.0,0.0,0.0,0.0,0.0,0.0,0.0,0.0,0.0,0.0,0.0,0.0,0.0,0.0,0.0,0.0,0.0,0.0,0.0,0.0,0.0,0.0,0.0,0.0,0.0,0.0,0.0,0.0
395,230.19078063964844,67.92333984375,230.96353149414065,66.20828247070312,228.7168731689453,65.97420501708984,0.0,0.0,224.6104431152344,66.14524841308594,229.34181213378903,77.7713623046875,218.10752868652344,75.624267578125,228.450439453125,92.19935607910156,211.95074462890625,87.9802017211914,234.70123291015625,96.31795501708984,224.4091796875,88.4090347290039,225.8122100830078,106.52568817138672,218.43161010742188,106.16483306884766,0.0,0.0,218.8487091064453,129.56678771972656,0.0,0.0,0.0,0.0
396,228.59841918945312,66.9580078125,230.2900848388672,65.30296325683594,226.79425048828125,64.73426818847656,0.0,0.0,222.3606414794922,65.11714172363281,230.5537109375,79.30472564697266,215.15480041503903,76.58956909179688,230.3106842041016,93.60149383544922,208.3720245361328,89.11648559570312,233.00418090820312,96.1960220336914,225.2355194091797,89.69943237304688,225.99595642089844,109.63948059082033,215.9307556152344,109.118408203125,224.5615234375,134.95433044433594,217.69715881347656,134.3370361328125,222.5238800048828,159.46603393554688,216.09292602539065,159.3629913330078
397,228.40817260742188,66.1759262084961,230.21823120117188,64.51814270019531,226.5363311767578,63.77065658569336,0.0,0.0,221.8705902099609,64.9055404663086,230.41603088378903,79.96405792236328,214.2653045654297,77.67964172363281,225.97357177734372,93.04104614257812,207.630126953125,89.98925018310547,215.28111267089844,91.15773010253906,223.82460021972656,90.43846130371094,225.2206878662109,111.9821319580078,214.22430419921875,111.30229949951172,224.559326171875,137.38742065429688,216.4884185791016,136.2206268310547,223.083984375,162.04757690429688,215.43690490722656,162.03717041015625
398,228.3841094970703,66.10212707519531,230.05032348632807,64.60411071777344,226.5936279296875,63.86721420288086,0.0,0.0,221.860107421875,64.56089782714844,230.4122772216797,81.13256072998047,213.8867950439453,76.14818572998047,230.838623046875,97.80962371826172,205.7430419921875,89.18388366699219,227.16183471679688,97.41737365722656,223.41270446777344,89.8913803100586,224.77328491210935,113.90435791015624,213.9634246826172,112.48114776611328,225.49464416503903,139.68032836914062,217.66229248046875,138.24603271484375,224.1906280517578,163.27801513671875,214.5677795410156,163.98098754882812
399,228.40988159179688,64.82086944580078,230.2086334228516,63.15308380126953,226.5074920654297,62.34107208251953,0.0,0.0,221.4673767089844,63.21710968017578,230.4802703857422,79.289306640625,213.7206878662109,75.72357177734375,227.7877197265625,95.97457885742188,205.7814178466797,89.53640747070312,220.0904541015625,95.17205810546876,222.6518402099609,89.79535675048828,225.05239868164065,112.2929458618164,213.66146850585935,111.17010498046876,226.8562164306641,137.53240966796875,216.32899475097656,135.5634307861328,224.96517944335935,161.82398986816406,212.7265167236328,160.9049530029297
400,228.24020385742188,63.50682830810547,230.1922912597656,61.54925537109375,226.2108917236328,60.89528274536133,0.0,0.0,221.87890625,61.75789260864258,232.55230712890625,79.99739074707031,213.9456024169922,74.36917114257812,233.396484375,97.48846435546876,206.16412353515625,88.94178771972656,234.4408264160156,88.91796875,225.008056640625,88.95428466796875,226.4781951904297,113.76282501220705,214.05096435546875,112.03253173828124,230.0590362548828,138.77659606933594,219.2872009277344,135.7932891845703,224.5818634033203,161.7211151123047,214.78488159179688,161.44357299804688
401,228.66128540039065,62.586368560791016,230.48989868164065,60.77188491821289,226.5832672119141,59.86354064941406,0.0,0.0,220.99945068359372,60.460235595703125,231.82708740234372,77.66197204589844,211.43331909179688,73.7916259765625,230.65005493164065,93.44922637939452,206.1686553955078,89.88691711425781,232.4830780029297,88.43547058105469,224.18365478515625,89.19160461425781,227.5573883056641,112.7969207763672,213.39840698242188,111.7614288330078,231.36839294433597,140.2675323486328,215.6513671875,138.00210571289062,225.13067626953125,166.0978546142578,213.20001220703125,165.37326049804688
402,229.68792724609372,62.66475677490234,231.41470336914065,60.75733184814453,227.6392822265625,59.85660552978516,0.0,0.0,221.89373779296875,59.9785385131836,231.1914978027344,77.26502227783203,212.57334899902344,73.76358032226562,231.07223510742188,95.10106658935548,207.9959259033203,91.33262634277344,239.1403350830078,91.93588256835938,226.1108856201172,88.24907684326172,228.03543090820312,113.94827270507812,215.2294464111328,113.51683807373048,232.440185546875,142.64913940429688,218.54592895507807,141.56663513183594,228.9070281982422,169.6478729248047,217.69601440429688,169.191162109375
403,229.4712371826172,62.48773956298828,231.6981506347656,60.924686431884766,227.7008514404297,59.60667419433594,0.0,0.0,222.657470703125,59.6875,231.88926696777344,77.36507415771484,213.7564392089844,74.21324157714844,232.34800720214844,94.8042449951172,208.68771362304688,93.76133728027344,242.04592895507807,90.83384704589844,225.4656524658203,88.42603302001953,228.9413604736328,113.7960433959961,216.25299072265625,113.33236694335938,232.6133270263672,141.48031616210938,216.8344573974609,139.9794464111328,232.93019104003903,168.46975708007812,216.42840576171875,166.35069274902344
404,232.8350524902344,61.87283706665039,234.6402740478516,60.16355514526367,230.8155670166016,59.11397552490234,0.0,0.0,225.0899200439453,59.48126983642578,233.3260803222656,76.92472076416016,215.9838714599609,74.04061126708984,234.89659118652344,95.84349822998048,209.6914520263672,94.4228286743164,243.95989990234372,89.0158462524414,227.38645935058597,88.74329376220703,230.35598754882807,115.73574829101562,218.5520477294922,115.58877563476562,233.5352325439453,144.3936004638672,221.4227600097656,143.8300018310547,236.0020446777344,170.8888702392578,221.5414886474609,170.9988555908203
405,235.28282165527344,61.186614990234375,236.5762481689453,59.09626770019531,233.0938262939453,58.403587341308594,0.0,0.0,226.7055511474609,59.12920379638672,233.87095642089844,76.28678131103516,218.21517944335935,75.13604736328125,235.29244995117188,94.94437408447266,211.45591735839844,93.7194366455078,242.14779663085935,95.17839050292967,227.37429809570312,89.50543975830078,231.6866455078125,115.63797760009766,221.46890258789065,116.20599365234376,234.87741088867188,143.17807006835938,226.8816680908203,143.5325164794922,235.8886566162109,170.3675079345703,228.0568389892578,170.1282958984375
406,238.25341796875,59.611663818359375,239.7861328125,57.73282241821289,235.99166870117188,56.87919998168945,0.0,0.0,229.1109313964844,57.57948303222656,239.3193359375,74.50234985351562,219.0515594482422,73.7151870727539,0.0,0.0,211.27919006347656,93.05399322509766,0.0,0.0,225.90597534179688,88.87551879882812,235.0682830810547,114.44393920898438,221.48147583007807,114.6178207397461,237.0636444091797,143.6369171142578,223.80352783203125,143.157470703125,236.27896118164065,170.99197387695312,225.06304931640625,169.19017028808594
407,239.06396484375,57.19308853149414,241.6599884033203,55.1212272644043,236.69483947753903,54.13401794433594,0.0,0.0,230.64578247070312,54.84446716308594,245.09222412109372,74.24296569824219,220.0893096923828,71.08930206298828,250.13043212890625,94.41354370117188,209.83514404296875,90.5065689086914,250.67657470703125,92.88056182861328,224.7083282470703,88.95333862304688,237.07861328125,116.14171600341795,220.4176483154297,115.15046691894533,238.67202758789065,147.12750244140625,220.76963806152344,145.59222412109375,238.4516448974609,174.58639526367188,219.8012237548828,173.66928100585938
408,241.9138946533203,54.96117782592773,244.27169799804688,52.628936767578125,239.1905670166016,51.684791564941406,0.0,0.0,232.2462921142578,52.34912109375,247.75521850585935,72.27653503417969,221.9838714599609,69.75332641601562,254.9406280517578,92.67970275878906,211.36676025390625,89.29476928710938,252.49957275390625,91.2282257080078,225.5577545166016,85.22444915771484,241.3314208984375,115.52117919921876,224.6967620849609,114.6809310913086,241.875732421875,148.94171142578125,227.3470764160156,147.21044921875,239.5902099609375,177.1734619140625,226.15707397460935,175.44253540039062
409,240.5433349609375,54.07160568237305,243.6496124267578,51.2774658203125,237.78970336914065,50.82439422607422,247.4639892578125,52.15196990966797,232.5038299560547,50.9803581237793,252.39401245117188,69.36878204345703,223.4350433349609,68.20033264160156,258.9076538085937,90.9801025390625,212.3635406494141,89.33036041259766,256.2982177734375,93.2857666015625,226.56886291503903,85.24362182617188,244.4200134277344,115.31631469726562,225.7935943603516,114.58059692382812,242.85809326171875,148.37734985351562,226.9620513916016,146.39816284179688,237.2393951416016,176.71885681152344,226.80307006835935,173.24118041992188
410,241.3780975341797,51.93597412109375,244.36767578125,49.00365447998047,238.0849151611328,48.98723602294922,248.89720153808597,50.19054412841797,232.9813232421875,50.1318359375,254.71115112304688,68.95354461669922,226.12350463867188,67.79052734375,259.5818786621094,91.72418975830078,214.01486206054688,89.19902038574219,256.1345520019531,91.06050872802734,224.31234741210935,85.55923461914062,245.9203643798828,115.75022888183594,228.0615997314453,114.70046997070312,243.689208984375,149.48431396484375,229.33628845214844,146.37060546875,240.3232879638672,178.32687377929688,231.27444458007807,172.60287475585938
411,243.14349365234372,50.64514923095703,245.94586181640625,47.67164611816406,239.8494415283203,47.71026611328125,249.98159790039065,48.984336853027344,234.60366821289065,49.10822296142578,255.86459350585935,68.53709411621094,227.56036376953125,68.11758422851562,261.615478515625,92.18180084228516,216.61431884765625,91.12650299072266,258.1863708496094,89.36036682128906,225.087890625,85.80264282226562,247.5111083984375,117.20933532714844,230.07925415039065,116.69064331054688,244.1017608642578,151.71595764160156,231.203857421875,149.91424560546875,240.7935333251953,180.69749450683597,234.62176513671875,176.98428344726562
412,243.47088623046875,50.23868942260742,246.80245971679688,47.01305770874024,240.45504760742188,47.02150344848633,251.6695098876953,48.29984664916992,235.9264678955078,48.15583801269531,259.1374206542969,68.75161743164062,228.3887939453125,68.87200164794922,266.93084716796875,94.21934509277344,217.6142578125,93.36267852783205,258.9683532714844,93.73558807373048,227.0173492431641,86.52666473388672,250.1605529785156,120.4177703857422,231.51255798339844,119.89540100097656,245.3649444580078,155.68527221679688,233.0716857910156,154.00384521484375,239.7443389892578,185.33706665039065,237.11924743652344,181.68798828125
413,244.4609832763672,49.00338363647461,248.11827087402344,45.479434967041016,240.82125854492188,45.91796875,253.8271484375,47.46757125854492,236.01409912109372,48.24188232421875,261.4331970214844,68.81895446777344,229.42535400390625,69.86295318603516,269.3659362792969,94.9154815673828,218.51063537597656,94.274169921875,263.5545959472656,94.95901489257812,226.6544342041016,86.80158233642578,253.82049560546875,120.91783905029295,234.70458984375,120.98599243164062,247.90103149414065,155.91806030273438,237.8349456787109,155.61358642578125,240.07362365722656,186.45895385742188,241.2068634033203,184.51861572265625
414,245.74729919433597,46.556190490722656,248.92041015625,43.10049057006836,241.95166015625,43.49304962158203,253.9711151123047,45.38567352294922,236.6342010498047,46.235477447509766,261.9065856933594,67.70274353027344,231.2265472412109,67.90158081054688,270.1400146484375,94.26720428466795,219.85455322265625,92.56625366210938,264.5984802246094,92.74659729003906,227.2695770263672,85.38581085205078,254.3668365478516,120.41624450683594,235.27967834472656,119.8734359741211,248.97879028320312,154.58016967773438,235.82672119140625,152.31668090820312,244.11361694335935,183.23507690429688,237.137451171875,178.26870727539062
415,246.78363037109372,43.786598205566406,250.07113647460935,39.783599853515625,242.928466796875,40.378944396972656,255.5959014892578,41.54369354248047,237.8220672607422,42.79924774169922,263.84747314453125,65.061767578125,231.44564819335935,67.16549682617188,272.631103515625,91.03885650634766,221.16136169433597,93.17271423339844,268.18218994140625,92.49817657470705,226.8988037109375,86.13720703125,257.3284606933594,120.92164611816406,237.2022705078125,121.50135803222656,256.12957763671875,157.84524536132812,238.85606384277344,157.96434020996094,249.09954833984372,188.24349975585935,240.9840087890625,185.74420166015625
416,248.44137573242188,41.4472885131836,252.05514526367188,37.002716064453125,244.4643402099609,37.92697525024414,257.9164428710937,38.45878982543945,239.45481872558597,40.31922912597656,267.9103088378906,62.62617874145508,232.3571319580078,64.2115249633789,276.9770202636719,92.58961486816406,220.5305633544922,92.86974334716795,271.8822021484375,90.37372589111328,226.94900512695312,87.27911376953125,262.443359375,122.9187469482422,239.65646362304688,123.47895050048828,262.5394897460937,166.54812622070312,240.2823181152344,166.76480102539062,0.0,0.0,241.7745819091797,198.39495849609372
417,251.38751220703125,38.32310485839844,255.4144744873047,33.915462493896484,247.24278259277344,34.7374153137207,261.79510498046875,35.86485290527344,241.78379821777344,37.4196662902832,271.0396728515625,60.55371856689453,233.7931060791016,61.72454452514648,278.6212158203125,92.27759552001952,221.65802001953125,90.70770263671876,269.4192810058594,91.16887664794922,229.09417724609372,84.6666259765625,264.9908142089844,123.32395935058594,240.63128662109372,123.88497924804688,266.27276611328125,169.3226318359375,240.82177734375,170.28939819335938,0.0,0.0,240.4742431640625,205.14779663085935
418,253.39862060546875,35.57221221923828,257.3768005371094,31.0389404296875,249.5505828857422,32.228179931640625,264.37939453125,32.764122009277344,245.2160186767578,34.97060012817383,274.5148010253906,57.97942352294922,237.32101440429688,58.1671028137207,281.8856201171875,91.9753875732422,223.30274963378903,88.95692443847656,277.57208251953125,79.9902114868164,230.00823974609372,80.61063385009766,267.8186340332031,124.61386108398438,243.0874938964844,124.9197235107422,270.32354736328125,176.94009399414062,243.25917053222656,177.43185424804688,0.0,0.0,0.0,0.0
419,255.82403564453125,32.92461013793945,260.2108154296875,28.01929473876953,251.98460388183597,29.22394180297852,267.9548034667969,29.831802368164062,247.6578826904297,31.987682342529297,278.2525634765625,57.27375793457031,239.32147216796875,58.13729476928711,284.8699645996094,91.06961059570312,224.4283905029297,88.66295623779297,279.2804870605469,86.37338256835938,227.91128540039065,83.2557601928711,270.94366455078125,126.1518783569336,245.0186767578125,126.64962768554688,274.907958984375,178.34713745117188,244.42958068847656,179.2255859375,0.0,0.0,0.0,0.0
420,259.40167236328125,30.71428680419922,263.4013977050781,26.464767456054688,255.2866058349609,27.218093872070312,270.5653991699219,28.188385009765625,249.9854736328125,29.791534423828125,281.4750671386719,54.82209014892578,241.09310913085935,55.82945251464844,289.0211486816406,87.28117370605469,227.51258850097656,84.0496826171875,270.839599609375,89.7200927734375,229.20376586914065,83.47789001464844,273.4456787109375,124.89769744873048,246.4777374267578,125.3300323486328,278.8549499511719,171.45448303222656,244.48687744140625,172.7422637939453,277.955322265625,209.3456268310547,245.7290496826172,211.24365234375
421,261.599609375,28.39398193359375,266.6810913085937,23.52045440673828,257.5653991699219,24.344894409179688,275.63983154296875,25.617507934570312,253.04888916015625,27.039207458496094,288.052978515625,54.704402923583984,244.96641540527344,55.71680450439453,296.781494140625,92.39096069335938,232.39468383789065,88.84255981445312,284.5638427734375,95.60578918457033,231.1214904785156,83.76089477539062,277.0750427246094,131.47808837890625,248.0004730224609,131.2232208251953,281.8021850585937,188.85585021972656,244.42767333984372,188.3331298828125,0.0,0.0,0.0,0.0
422,264.5636291503906,25.404998779296875,269.7254943847656,20.004905700683597,260.4705810546875,21.338943481445312,280.7230224609375,20.839088439941406,257.19879150390625,23.38558959960937,296.0865783691406,51.71360397338867,249.97381591796875,52.70903015136719,306.9369812011719,92.50385284423828,236.0196228027344,86.1446762084961,290.5443115234375,94.26175689697266,236.33258056640625,80.93555450439453,284.2640686035156,130.38497924804688,253.27078247070312,130.09889221191406,289.1891174316406,185.94924926757807,246.5599822998047,185.9320068359375,0.0,0.0,0.0,0.0
423,270.39129638671875,21.79278564453125,274.9188537597656,16.591201782226562,267.3768920898437,17.158660888671875,284.63690185546875,18.3897705078125,0.0,0.0,300.919921875,50.16316223144531,255.82464599609372,49.636810302734375,312.3778991699219,92.63300323486328,245.12538146972656,86.82759094238281,303.58349609375,94.6723175048828,238.8032989501953,87.21197509765625,289.6251525878906,133.29518127441406,259.0826416015625,132.28262329101562,292.3611145019531,188.09556579589844,251.4863128662109,187.6675262451172,0.0,0.0,0.0,0.0
424,270.3534851074219,15.24628448486328,276.0765380859375,9.057510375976562,265.9246520996094,10.747848510742188,288.9310913085937,10.949783325195312,0.0,0.0,308.0781555175781,45.49237823486328,256.994873046875,46.63217926025391,320.0,87.46408081054688,246.53700256347656,88.41586303710938,303.7395324707031,89.78555297851562,247.8730316162109,108.2248764038086,297.2732849121094,129.17205810546875,262.6663818359375,128.08035278320312,300.07818603515625,184.64581298828125,253.3809509277344,182.02456665039065,0.0,0.0,0.0,0.0
425,0.0,0.0,0.0,0.0,0.0,0.0,0.0,0.0,0.0,0.0,284.03839111328125,43.09762573242188,273.8407592773437,42.54312133789063,0.0,0.0,265.4743347167969,86.24360656738281,0.0,0.0,0.0,0.0,284.52496337890625,127.64935302734376,274.98291015625,126.6281280517578,293.578369140625,183.4598693847656,261.499267578125,181.3276214599609,0.0,0.0,0.0,0.0
426,0.0,0.0,0.0,0.0,0.0,0.0,0.0,0.0,0.0,0.0,304.2500305175781,41.97028732299805,267.9652099609375,44.18448638916016,0.0,0.0,262.6874694824219,91.39387512207033,0.0,0.0,264.1572570800781,81.41398620605469,297.9187316894531,133.04061889648438,271.5473937988281,131.4065399169922,302.17138671875,194.60374450683597,258.1365051269531,189.28189086914065,0.0,0.0,0.0,0.0
427,0.0,0.0,0.0,0.0,0.0,0.0,0.0,0.0,0.0,0.0,0.0,0.0,264.0682373046875,36.030548095703125,0.0,0.0,253.16323852539065,81.65104675292969,0.0,0.0,258.278076171875,80.76603698730469,302.1596069335937,138.98886108398438,266.9183959960937,136.91848754882812,0.0,0.0,255.79852294921875,203.04347229003903,0.0,0.0,0.0,0.0
428,0.0,0.0,0.0,0.0,0.0,0.0,0.0,0.0,0.0,0.0,0.0,0.0,0.0,0.0,0.0,0.0,279.959228515625,78.83786010742188,0.0,0.0,269.6937866210937,84.34072875976562,303.2147216796875,143.46035766601562,277.5159606933594,140.15625,0.0,0.0,260.0146484375,206.59942626953125,0.0,0.0,0.0,0.0
429,0.0,0.0,0.0,0.0,0.0,0.0,0.0,0.0,0.0,0.0,0.0,0.0,0.0,0.0,0.0,0.0,0.0,0.0,0.0,0.0,0.0,0.0,0.0,0.0,0.0,0.0,0.0,0.0,0.0,0.0,0.0,0.0,0.0,0.0
430,0.0,0.0,0.0,0.0,0.0,0.0,266.1269836425781,7.751068115234375,0.0,0.0,277.4033203125,35.894100189208984,306.3365783691406,32.818603515625,0.0,0.0,0.0,0.0,0.0,0.0,0.0,0.0,281.0517578125,151.3656768798828,299.6153869628906,147.89537048339844,0.0,0.0,0.0,0.0,0.0,0.0,0.0,0.0
431,0.0,0.0,0.0,0.0,0.0,0.0,0.0,0.0,0.0,0.0,0.0,0.0,0.0,0.0,0.0,0.0,292.5977783203125,90.38644409179688,280.8930358886719,98.05526733398438,268.2499389648437,97.45082092285156,295.71826171875,154.4803009033203,280.8763427734375,151.163818359375,0.0,0.0,0.0,0.0,0.0,0.0,0.0,0.0
432,0.0,0.0,0.0,0.0,0.0,0.0,0.0,0.0,0.0,0.0,0.0,0.0,258.69140625,41.59649658203125,320.0,87.86265563964844,259.4995422363281,99.71308135986328,276.6905822753906,98.0816421508789,248.7812042236328,101.04527282714844,304.3002624511719,157.38809204101562,273.19256591796875,157.6107177734375,0.0,0.0,0.0,0.0,0.0,0.0,0.0,0.0
433,0.0,0.0,0.0,0.0,0.0,0.0,0.0,0.0,0.0,0.0,0.0,0.0,261.9037475585937,33.92466735839844,320.0,87.95836639404297,266.25347900390625,92.53468322753906,269.4259338378906,98.07276153564452,247.1517639160156,95.33360290527344,301.1751708984375,154.80703735351562,272.1853332519531,153.02146911621094,0.0,0.0,0.0,0.0,0.0,0.0,0.0,0.0
434,0.0,0.0,0.0,0.0,0.0,0.0,0.0,0.0,0.0,0.0,0.0,0.0,259.2868957519531,26.6417236328125,0.0,0.0,257.2472229003906,91.72980499267578,0.0,0.0,240.5244140625,93.52906799316406,297.7449035644531,154.65586853027344,267.0157470703125,152.78448486328125,0.0,0.0,0.0,0.0,0.0,0.0,0.0,0.0
435,0.0,0.0,0.0,0.0,0.0,0.0,0.0,0.0,0.0,0.0,0.0,0.0,263.5763244628906,25.517257690429688,0.0,0.0,259.868408203125,84.72295379638672,0.0,0.0,249.72564697265625,98.31748962402344,296.7822265625,148.82920837402344,267.3433837890625,147.4588165283203,0.0,0.0,0.0,0.0,0.0,0.0,0.0,0.0
436,236.8636779785156,27.55680084228516,240.24142456054688,19.13617706298828,0.0,0.0,265.109130859375,2.1351242065429688,0.0,0.0,299.8183288574219,20.782257080078125,256.8844909667969,26.473114013671875,0.0,0.0,252.71258544921875,82.7281494140625,263.5897216796875,98.7610092163086,237.0927581787109,84.54816436767578,294.5234375,145.15386962890625,265.5406494140625,143.71514892578125,0.0,0.0,0.0,0.0,0.0,0.0,0.0,0.0
437,0.0,0.0,0.0,0.0,0.0,0.0,0.0,0.0,0.0,0.0,0.0,0.0,0.0,0.0,0.0,0.0,0.0,0.0,0.0,0.0,0.0,0.0,0.0,0.0,0.0,0.0,0.0,0.0,0.0,0.0,0.0,0.0,0.0,0.0
438,229.52032470703125,28.28655242919922,235.30828857421875,17.42461395263672,0.0,0.0,261.244384765625,5.0364837646484375,0.0,0.0,286.4580078125,37.72113037109375,254.2357482910156,39.5679931640625,0.0,0.0,260.6844482421875,92.42210388183594,245.82064819335935,99.79888916015624,244.0802001953125,102.59867095947266,294.49981689453125,158.1489715576172,272.4256286621094,156.52389526367188,0.0,0.0,0.0,0.0,0.0,0.0,0.0,0.0
439,237.03781127929688,27.956954956054688,240.5372314453125,19.94652557373047,0.0,0.0,260.1939697265625,8.456085205078125,0.0,0.0,290.20318603515625,36.63545227050781,258.873046875,36.04505920410156,300.34197998046875,91.30616760253906,268.2915954589844,84.72637939453125,244.3041076660156,100.59103393554688,238.30364990234372,96.08040618896484,293.68572998046875,161.47555541992188,269.7463073730469,156.67352294921875,0.0,0.0,0.0,0.0,0.0,0.0,0.0,0.0
440,236.83657836914065,28.52412414550781,242.4024200439453,20.02801513671875,0.0,0.0,264.54803466796875,11.867408752441406,0.0,0.0,292.7071838378906,45.780517578125,259.56597900390625,43.97996520996094,295.40948486328125,96.38045501708984,273.0443115234375,88.31996154785156,238.6486968994141,102.57696533203124,235.9366455078125,101.6595458984375,297.38482666015625,172.9210662841797,270.8108215332031,167.52740478515625,0.0,0.0,0.0,0.0,0.0,0.0,0.0,0.0
441,239.28929138183597,27.706382751464844,244.86053466796875,19.61079406738281,0.0,0.0,0.0,0.0,0.0,0.0,0.0,0.0,259.87762451171875,37.5408935546875,0.0,0.0,276.7265930175781,88.53137969970703,231.579345703125,104.72100067138672,230.25196838378903,104.47380828857422,299.05389404296875,174.12423706054688,273.9642028808594,168.40444946289062,0.0,0.0,0.0,0.0,0.0,0.0,0.0,0.0
442,238.23898315429688,30.111785888671875,244.47213745117188,19.949676513671875,0.0,0.0,0.0,0.0,0.0,0.0,0.0,0.0,252.16737365722656,30.63671875,0.0,0.0,269.98736572265625,86.14830017089844,227.3276214599609,108.75807189941406,226.2313690185547,108.68242645263672,0.0,0.0,281.9604187011719,165.87017822265625,0.0,0.0,0.0,0.0,0.0,0.0,0.0,0.0
443,0.0,0.0,0.0,0.0,0.0,0.0,0.0,0.0,0.0,0.0,292.6803283691406,34.415260314941406,257.7492370605469,36.89810180664063,277.8841552734375,89.88311767578125,261.3495788574219,88.88823699951172,225.45709228515625,111.2581558227539,221.06646728515625,109.87469482421876,303.939453125,174.9705352783203,274.3121032714844,172.69775390625,0.0,0.0,0.0,0.0,0.0,0.0,0.0,0.0
444,237.1249542236328,29.01547241210937,242.93653869628903,20.42493438720703,0.0,0.0,0.0,0.0,0.0,0.0,0.0,0.0,258.912841796875,47.76762390136719,0.0,0.0,265.0522766113281,86.9854507446289,224.0821533203125,110.7523193359375,222.9248962402344,108.93975830078124,299.625732421875,184.52896118164065,274.55535888671875,180.42819213867188,0.0,0.0,0.0,0.0,0.0,0.0,0.0,0.0
445,0.0,0.0,0.0,0.0,0.0,0.0,0.0,0.0,0.0,0.0,0.0,0.0,0.0,0.0,0.0,0.0,271.34356689453125,69.1265869140625,0.0,0.0,218.3625946044922,113.14747619628906,0.0,0.0,279.8281555175781,177.21090698242188,0.0,0.0,0.0,0.0,0.0,0.0,0.0,0.0
446,0.0,0.0,0.0,0.0,0.0,0.0,0.0,0.0,0.0,0.0,0.0,0.0,270.829833984375,18.153846740722656,0.0,0.0,273.1395874023437,78.56710052490234,228.13931274414065,113.61453247070312,228.3599548339844,105.02469635009766,299.5420227050781,182.9856719970703,280.68463134765625,178.59268188476562,0.0,0.0,0.0,0.0,0.0,0.0,0.0,0.0
447,0.0,0.0,0.0,0.0,0.0,0.0,0.0,0.0,0.0,0.0,0.0,0.0,0.0,0.0,286.16339111328125,95.30216217041016,285.63848876953125,80.62408447265625,226.72991943359372,118.19967651367188,235.89614868164065,99.01513671875,300.7185363769531,178.49319458007812,286.1474914550781,171.2282257080078,0.0,0.0,0.0,0.0,0.0,0.0,0.0,0.0
448,0.0,0.0,0.0,0.0,0.0,0.0,0.0,0.0,0.0,0.0,0.0,0.0,0.0,0.0,274.2738342285156,96.38589477539062,277.8889465332031,73.59601593017578,225.82635498046875,119.95216369628906,241.4286346435547,86.55885314941406,295.7835388183594,174.76583862304688,286.1739501953125,168.5246124267578,0.0,0.0,0.0,0.0,0.0,0.0,0.0,0.0
449,0.0,0.0,0.0,0.0,0.0,0.0,0.0,0.0,0.0,0.0,0.0,0.0,0.0,0.0,270.3301696777344,98.61312866210938,279.0327453613281,77.77181243896484,224.3465881347656,121.09341430664062,238.11627197265625,85.73806762695312,294.14971923828125,180.8502349853516,283.8716125488281,174.17083740234375,0.0,0.0,0.0,0.0,0.0,0.0,0.0,0.0
450,0.0,0.0,0.0,0.0,0.0,0.0,0.0,0.0,0.0,0.0,0.0,0.0,0.0,0.0,271.0313720703125,95.48223876953124,275.5629272460937,83.54786682128906,219.60162353515625,122.72384643554688,235.1905059814453,85.05682373046875,292.79400634765625,185.23825073242188,285.419921875,181.419189453125,0.0,0.0,0.0,0.0,0.0,0.0,0.0,0.0
451,0.0,0.0,0.0,0.0,0.0,0.0,0.0,0.0,0.0,0.0,0.0,0.0,0.0,0.0,0.0,0.0,271.566650390625,78.8885498046875,0.0,0.0,226.6752777099609,92.07376098632812,0.0,0.0,281.45489501953125,180.94113159179688,0.0,0.0,0.0,0.0,0.0,0.0,0.0,0.0
452,0.0,0.0,0.0,0.0,0.0,0.0,0.0,0.0,0.0,0.0,0.0,0.0,271.7704772949219,27.341598510742188,274.20220947265625,100.70531463623048,269.56646728515625,83.15478515625,220.63169860839844,119.9286117553711,228.28802490234372,86.36054992675781,295.99957275390625,183.8135223388672,281.5498046875,178.9847869873047,0.0,0.0,0.0,0.0,0.0,0.0,0.0,0.0
453,0.0,0.0,0.0,0.0,0.0,0.0,0.0,0.0,0.0,0.0,0.0,0.0,273.9887084960937,18.18563842773437,0.0,0.0,271.96636962890625,88.14892578125,0.0,0.0,226.63540649414065,96.70970153808594,298.2557983398437,184.56375122070312,280.7089538574219,179.7037353515625,0.0,0.0,0.0,0.0,0.0,0.0,0.0,0.0
454,236.87554931640625,20.39453887939453,238.3575897216797,11.37158203125,0.0,0.0,0.0,0.0,0.0,0.0,0.0,0.0,270.8152770996094,27.95214080810547,0.0,0.0,273.2767944335937,85.25924682617188,222.9511260986328,106.05828857421876,228.659912109375,89.64656066894531,299.25701904296875,187.83480834960935,280.3191833496094,182.7335968017578,0.0,0.0,0.0,0.0,0.0,0.0,0.0,0.0
455,0.0,0.0,0.0,0.0,0.0,0.0,0.0,0.0,0.0,0.0,0.0,0.0,270.7628173828125,12.065597534179688,0.0,0.0,275.15350341796875,80.94939422607422,0.0,0.0,231.7943420410156,91.47541809082033,300.6893920898437,185.85690307617188,277.970703125,180.1729431152344,0.0,0.0,0.0,0.0,0.0,0.0,0.0,0.0
456,0.0,0.0,0.0,0.0,0.0,0.0,0.0,0.0,0.0,0.0,0.0,0.0,0.0,0.0,0.0,0.0,277.5175170898437,84.52690124511719,239.2085876464844,98.62310791015624,228.92091369628903,92.31990051269533,300.33013916015625,183.5150146484375,282.9031066894531,178.1643524169922,0.0,0.0,0.0,0.0,0.0,0.0,0.0,0.0
457,0.0,0.0,0.0,0.0,0.0,0.0,0.0,0.0,0.0,0.0,0.0,0.0,0.0,0.0,0.0,0.0,273.9128723144531,82.96063232421875,0.0,0.0,233.2637176513672,92.71251678466795,0.0,0.0,278.1790771484375,176.84628295898438,0.0,0.0,0.0,0.0,0.0,0.0,0.0,0.0
458,0.0,0.0,0.0,0.0,0.0,0.0,0.0,0.0,0.0,0.0,0.0,0.0,0.0,0.0,0.0,0.0,279.9178771972656,77.1714859008789,233.79107666015625,96.21683502197266,232.3003387451172,91.14414978027344,300.3058776855469,180.232666015625,276.41180419921875,173.5941162109375,0.0,0.0,0.0,0.0,0.0,0.0,0.0,0.0
459,0.0,0.0,0.0,0.0,0.0,0.0,0.0,0.0,0.0,0.0,0.0,0.0,0.0,0.0,0.0,0.0,279.9302673339844,77.86541748046875,232.26324462890625,96.9985580444336,232.1094970703125,91.30281829833984,300.8665771484375,181.9815673828125,276.24560546875,175.2217559814453,0.0,0.0,0.0,0.0,0.0,0.0,0.0,0.0
460,0.0,0.0,0.0,0.0,0.0,0.0,0.0,0.0,0.0,0.0,0.0,0.0,0.0,0.0,0.0,0.0,278.4676818847656,81.41927337646484,0.0,0.0,229.83084106445312,93.37647247314452,299.7022705078125,184.5574951171875,277.1913757324219,178.70663452148438,0.0,0.0,0.0,0.0,0.0,0.0,0.0,0.0
461,0.0,0.0,0.0,0.0,0.0,0.0,0.0,0.0,0.0,0.0,0.0,0.0,0.0,0.0,0.0,0.0,278.1018981933594,86.62825012207031,0.0,0.0,225.3282928466797,88.96874237060547,299.8305358886719,183.66253662109372,280.05987548828125,177.3321075439453,0.0,0.0,0.0,0.0,0.0,0.0,0.0,0.0
462,0.0,0.0,0.0,0.0,0.0,0.0,0.0,0.0,0.0,0.0,0.0,0.0,0.0,0.0,0.0,0.0,275.8023376464844,81.07881927490234,0.0,0.0,223.74435424804688,92.4548110961914,298.9936828613281,180.68841552734372,277.0115661621094,177.25656127929688,0.0,0.0,0.0,0.0,0.0,0.0,0.0,0.0
463,0.0,0.0,0.0,0.0,0.0,0.0,0.0,0.0,0.0,0.0,0.0,0.0,0.0,0.0,0.0,0.0,277.04559326171875,82.67085266113281,0.0,0.0,248.68006896972656,93.5954132080078,295.1419982910156,184.36819458007807,271.5418701171875,179.98748779296875,0.0,0.0,0.0,0.0,0.0,0.0,0.0,0.0
464,0.0,0.0,0.0,0.0,0.0,0.0,0.0,0.0,0.0,0.0,0.0,0.0,0.0,0.0,0.0,0.0,278.6968688964844,82.33135986328125,0.0,0.0,229.9696044921875,93.93762969970705,296.8720397949219,179.3640899658203,276.60650634765625,174.00350952148438,0.0,0.0,0.0,0.0,0.0,0.0,0.0,0.0
465,0.0,0.0,0.0,0.0,0.0,0.0,0.0,0.0,0.0,0.0,0.0,0.0,0.0,0.0,0.0,0.0,281.6427307128906,82.7367172241211,227.12060546875,107.11155700683594,222.95260620117188,101.5247039794922,291.1923217773437,174.21670532226562,278.2679138183594,171.7658233642578,0.0,0.0,0.0,0.0,0.0,0.0,0.0,0.0
466,0.0,0.0,0.0,0.0,0.0,0.0,0.0,0.0,0.0,0.0,0.0,0.0,276.03436279296875,11.320037841796877,0.0,0.0,268.9697570800781,87.81815338134766,0.0,0.0,224.6828155517578,95.9531478881836,296.4981689453125,177.24276733398438,273.3959350585937,172.44989013671875,0.0,0.0,0.0,0.0,0.0,0.0,0.0,0.0
467,0.0,0.0,0.0,0.0,0.0,0.0,0.0,0.0,0.0,0.0,0.0,0.0,274.859619140625,10.102409362792969,0.0,0.0,268.59503173828125,83.49564361572266,0.0,0.0,220.19908142089844,102.87998962402344,295.0826721191406,173.37257385253906,278.5774230957031,169.07391357421875,0.0,0.0,0.0,0.0,0.0,0.0,0.0,0.0
468,0.0,0.0,0.0,0.0,0.0,0.0,0.0,0.0,0.0,0.0,0.0,0.0,277.5286560058594,11.119094848632812,0.0,0.0,269.0524597167969,88.85150146484375,0.0,0.0,220.0618133544922,105.1774444580078,297.68682861328125,173.92787170410156,281.3639831542969,169.81317138671875,0.0,0.0,0.0,0.0,0.0,0.0,0.0,0.0
469,0.0,0.0,0.0,0.0,0.0,0.0,0.0,0.0,0.0,0.0,0.0,0.0,0.0,0.0,0.0,0.0,273.2684631347656,89.8392333984375,0.0,0.0,219.81280517578125,104.82795715332033,294.5976867675781,184.8992462158203,278.0690612792969,178.88548278808594,0.0,0.0,0.0,0.0,0.0,0.0,0.0,0.0
470,0.0,0.0,0.0,0.0,0.0,0.0,0.0,0.0,0.0,0.0,0.0,0.0,272.48834228515625,6.4979400634765625,0.0,0.0,273.2819519042969,87.7171630859375,0.0,0.0,223.9403533935547,101.32891082763672,0.0,0.0,280.15509033203125,177.52182006835938,0.0,0.0,0.0,0.0,0.0,0.0,0.0,0.0
471,0.0,0.0,0.0,0.0,0.0,0.0,0.0,0.0,0.0,0.0,0.0,0.0,0.0,0.0,0.0,0.0,273.783203125,88.38809204101562,0.0,0.0,220.5134735107422,104.69410705566406,0.0,0.0,281.2160949707031,178.33016967773438,0.0,0.0,0.0,0.0,0.0,0.0,0.0,0.0
472,0.0,0.0,0.0,0.0,0.0,0.0,0.0,0.0,0.0,0.0,0.0,0.0,0.0,0.0,0.0,0.0,272.0225830078125,85.76171875,0.0,0.0,220.7513885498047,96.99690246582033,299.7418212890625,182.48831176757807,280.7796325683594,177.94223022460938,0.0,0.0,0.0,0.0,0.0,0.0,0.0,0.0
473,0.0,0.0,0.0,0.0,0.0,0.0,0.0,0.0,0.0,0.0,0.0,0.0,0.0,0.0,0.0,0.0,277.5728759765625,79.32228088378906,0.0,0.0,224.12747192382807,101.58734130859376,0.0,0.0,288.4511108398437,171.46725463867188,0.0,0.0,0.0,0.0,0.0,0.0,0.0,0.0
474,0.0,0.0,0.0,0.0,0.0,0.0,0.0,0.0,0.0,0.0,0.0,0.0,0.0,0.0,0.0,0.0,277.8523254394531,82.46733093261719,0.0,0.0,222.6194610595703,96.4462890625,299.7666015625,174.4660186767578,282.7058410644531,169.0293731689453,0.0,0.0,0.0,0.0,0.0,0.0,0.0,0.0
475,0.0,0.0,0.0,0.0,0.0,0.0,0.0,0.0,0.0,0.0,0.0,0.0,0.0,0.0,0.0,0.0,281.3240051269531,85.69596862792969,232.73519897460935,96.80412292480467,229.28875732421875,99.371826171875,295.5418701171875,178.93896484375,275.51190185546875,172.8126983642578,0.0,0.0,0.0,0.0,0.0,0.0,0.0,0.0
476,0.0,0.0,0.0,0.0,0.0,0.0,0.0,0.0,0.0,0.0,0.0,0.0,0.0,0.0,0.0,0.0,282.21044921875,85.80169677734375,0.0,0.0,226.82522583007807,99.5722198486328,295.5337829589844,178.07579040527344,276.6427307128906,172.41818237304688,0.0,0.0,0.0,0.0,0.0,0.0,0.0,0.0
477,0.0,0.0,0.0,0.0,0.0,0.0,0.0,0.0,0.0,0.0,0.0,0.0,0.0,0.0,293.87127685546875,86.19294738769531,281.9649963378906,83.53575134277344,229.61203002929688,95.56336212158205,228.31466674804688,99.14640808105467,291.4491882324219,180.55368041992188,272.712646484375,174.20721435546875,0.0,0.0,0.0,0.0,0.0,0.0,0.0,0.0
478,0.0,0.0,0.0,0.0,0.0,0.0,0.0,0.0,0.0,0.0,0.0,0.0,0.0,0.0,0.0,0.0,280.0644226074219,74.31940460205078,232.3601837158203,89.97509765625,222.322021484375,96.21344757080078,298.12725830078125,171.36529541015625,285.3984680175781,166.7064666748047,0.0,0.0,0.0,0.0,0.0,0.0,0.0,0.0
479,0.0,0.0,0.0,0.0,0.0,0.0,0.0,0.0,0.0,0.0,0.0,0.0,0.0,0.0,279.4937438964844,70.87409973144531,0.0,0.0,219.9268341064453,94.63577270507812,0.0,0.0,292.7054138183594,167.1246337890625,288.2641296386719,162.47604370117188,0.0,0.0,0.0,0.0,0.0,0.0,0.0,0.0
480,0.0,0.0,0.0,0.0,0.0,0.0,251.7042388916016,12.02398681640625,0.0,0.0,279.55517578125,39.64415740966797,0.0,0.0,266.4510803222656,83.53673553466797,274.890380859375,79.05437469482422,213.00538635253903,95.67119598388672,215.6235809326172,93.8721923828125,284.2171325683594,185.22972106933597,284.5580749511719,178.91786193847656,0.0,0.0,0.0,0.0,0.0,0.0,0.0,0.0
481,0.0,0.0,0.0,0.0,0.0,0.0,0.0,0.0,0.0,0.0,0.0,0.0,0.0,0.0,278.30047607421875,68.893310546875,0.0,0.0,208.43045043945312,92.26480102539062,0.0,0.0,287.3839416503906,179.0741424560547,279.6006774902344,172.99142456054688,0.0,0.0,0.0,0.0,0.0,0.0,0.0,0.0
482,226.0009765625,27.36199951171875,223.59104919433597,17.90045166015625,0.0,0.0,240.75933837890625,0.0,0.0,0.0,279.6357421875,16.53814697265625,0.0,0.0,279.3642272949219,71.21862030029297,0.0,0.0,212.0329132080078,91.6977310180664,208.56797790527344,86.04926300048828,284.236083984375,179.18792724609375,271.7983703613281,175.06101989746094,0.0,0.0,0.0,0.0,0.0,0.0,0.0,0.0
483,0.0,0.0,0.0,0.0,0.0,0.0,0.0,0.0,0.0,0.0,0.0,0.0,0.0,0.0,275.8712158203125,64.6817398071289,0.0,0.0,210.20741271972656,93.60118103027344,213.6430511474609,92.24655151367188,282.45233154296875,173.42086791992188,275.4703369140625,170.09349060058594,0.0,0.0,0.0,0.0,0.0,0.0,0.0,0.0
484,0.0,0.0,0.0,0.0,0.0,0.0,0.0,0.0,0.0,0.0,0.0,0.0,0.0,0.0,276.6224975585937,65.85195922851562,0.0,0.0,212.70999145507807,89.98665618896484,0.0,0.0,282.7232971191406,177.53262329101562,279.1940002441406,172.01956176757812,0.0,0.0,0.0,0.0,0.0,0.0,0.0,0.0
485,0.0,0.0,0.0,0.0,0.0,0.0,0.0,0.0,0.0,0.0,0.0,0.0,0.0,0.0,273.1127014160156,70.5950927734375,0.0,0.0,210.22280883789065,90.31078338623048,212.6632232666016,92.0002212524414,284.6229858398437,171.76258850097656,277.25506591796875,167.81707763671875,0.0,0.0,0.0,0.0,0.0,0.0,0.0,0.0
486,0.0,0.0,0.0,0.0,0.0,0.0,0.0,0.0,0.0,0.0,0.0,0.0,0.0,0.0,276.0860595703125,69.26286315917969,0.0,0.0,217.29458618164065,89.43682098388672,0.0,0.0,286.9254455566406,172.2565460205078,280.90655517578125,167.04856872558594,0.0,0.0,0.0,0.0,0.0,0.0,0.0,0.0
487,0.0,0.0,0.0,0.0,0.0,0.0,0.0,0.0,0.0,0.0,0.0,0.0,0.0,0.0,269.5207824707031,72.64901733398438,0.0,0.0,208.71368408203125,90.67794799804688,0.0,0.0,285.4989624023437,178.01504516601562,284.75543212890625,172.037353515625,0.0,0.0,0.0,0.0,0.0,0.0,0.0,0.0
488,0.0,0.0,0.0,0.0,0.0,0.0,238.6260681152344,2.2937774658203125,0.0,0.0,271.9368591308594,13.892364501953123,0.0,0.0,266.68572998046875,73.59007263183594,0.0,0.0,209.00759887695312,89.01681518554688,0.0,0.0,283.5922241210937,177.50942993164062,286.6142272949219,172.23281860351562,0.0,0.0,0.0,0.0,0.0,0.0,0.0,0.0
489,0.0,0.0,0.0,0.0,0.0,0.0,0.0,0.0,0.0,0.0,0.0,0.0,0.0,0.0,268.5978088378906,63.24653625488281,0.0,0.0,212.9544677734375,89.5527114868164,0.0,0.0,288.5394287109375,175.95309448242188,284.3427429199219,171.941650390625,0.0,0.0,0.0,0.0,0.0,0.0,0.0,0.0
490,0.0,0.0,0.0,0.0,0.0,0.0,0.0,0.0,0.0,0.0,0.0,0.0,0.0,0.0,267.43536376953125,69.92070007324219,0.0,0.0,211.35833740234372,94.12728881835938,0.0,0.0,284.203125,176.2816619873047,286.94354248046875,171.51727294921875,0.0,0.0,0.0,0.0,0.0,0.0,0.0,0.0
491,0.0,0.0,0.0,0.0,0.0,0.0,0.0,0.0,0.0,0.0,0.0,0.0,0.0,0.0,269.4142761230469,67.8650894165039,0.0,0.0,215.63873291015625,92.67433166503906,0.0,0.0,289.5984802246094,173.55470275878906,286.9416809082031,169.09912109375,0.0,0.0,0.0,0.0,0.0,0.0,0.0,0.0
492,0.0,0.0,0.0,0.0,0.0,0.0,0.0,0.0,0.0,0.0,0.0,0.0,0.0,0.0,273.4374694824219,65.82951354980469,0.0,0.0,222.0321044921875,92.51765441894533,0.0,0.0,286.54864501953125,174.54812622070312,280.3581848144531,171.3149871826172,0.0,0.0,0.0,0.0,0.0,0.0,0.0,0.0
493,0.0,0.0,0.0,0.0,0.0,0.0,0.0,0.0,0.0,0.0,0.0,0.0,0.0,0.0,276.0053405761719,71.952392578125,0.0,0.0,213.9720001220703,95.4406280517578,0.0,0.0,286.821044921875,178.00665283203125,283.40020751953125,173.37710571289062,0.0,0.0,0.0,0.0,0.0,0.0,0.0,0.0
494,0.0,0.0,0.0,0.0,0.0,0.0,240.3450469970703,0.0,0.0,0.0,275.8186950683594,11.981536865234377,0.0,0.0,275.9709167480469,70.96752166748047,0.0,0.0,216.50128173828125,95.6716766357422,0.0,0.0,282.15167236328125,179.32806396484375,280.02587890625,173.44036865234375,0.0,0.0,0.0,0.0,0.0,0.0,0.0,0.0
495,0.0,0.0,0.0,0.0,0.0,0.0,0.0,0.0,0.0,0.0,0.0,0.0,0.0,0.0,279.202392578125,72.19464111328125,272.3948974609375,70.62101745605469,217.48922729492188,97.04922485351562,214.7233428955078,94.252685546875,286.7389831542969,173.41815185546875,279.89910888671875,169.2957000732422,0.0,0.0,0.0,0.0,0.0,0.0,0.0,0.0
496,0.0,0.0,0.0,0.0,0.0,0.0,0.0,0.0,0.0,0.0,0.0,0.0,0.0,0.0,283.2208557128906,73.48231506347656,0.0,0.0,217.87124633789065,97.03793334960938,0.0,0.0,287.4799194335937,177.40908813476562,282.6593933105469,172.26617431640625,0.0,0.0,0.0,0.0,0.0,0.0,0.0,0.0
497,0.0,0.0,0.0,0.0,0.0,0.0,0.0,0.0,0.0,0.0,281.4083251953125,3.9433441162109375,0.0,0.0,279.1548767089844,72.33647155761719,273.8092346191406,70.94770812988281,215.38304138183597,96.89425659179688,0.0,0.0,285.95660400390625,172.27362060546875,274.9813842773437,168.44793701171875,0.0,0.0,0.0,0.0,0.0,0.0,0.0,0.0
498,0.0,0.0,0.0,0.0,0.0,0.0,0.0,0.0,0.0,0.0,281.51483154296875,6.00811767578125,0.0,0.0,280.7803039550781,76.13700866699219,0.0,0.0,212.99415588378903,98.83651733398438,0.0,0.0,287.3504333496094,174.5578155517578,276.97320556640625,170.49354553222656,0.0,0.0,0.0,0.0,0.0,0.0,0.0,0.0
499,0.0,0.0,0.0,0.0,0.0,0.0,0.0,0.0,0.0,0.0,0.0,0.0,0.0,0.0,285.2336730957031,73.85822296142578,0.0,0.0,216.8741455078125,98.96180725097656,0.0,0.0,289.7181396484375,178.30569458007812,275.5055847167969,173.5406494140625,0.0,0.0,0.0,0.0,0.0,0.0,0.0,0.0
500,0.0,0.0,0.0,0.0,0.0,0.0,0.0,0.0,0.0,0.0,0.0,0.0,0.0,0.0,287.4585876464844,77.34138488769531,0.0,0.0,215.60574340820312,100.71673583984376,0.0,0.0,289.4869079589844,181.3628845214844,274.27264404296875,175.8555908203125,0.0,0.0,0.0,0.0,0.0,0.0,0.0,0.0
501,0.0,0.0,0.0,0.0,0.0,0.0,0.0,0.0,0.0,0.0,285.429443359375,4.463775634765625,0.0,0.0,284.174072265625,75.85909271240234,0.0,0.0,220.36080932617188,99.15634155273438,0.0,0.0,289.34344482421875,176.4660186767578,273.5102233886719,171.73406982421875,0.0,0.0,0.0,0.0,0.0,0.0,0.0,0.0
502,0.0,0.0,0.0,0.0,0.0,0.0,0.0,0.0,0.0,0.0,0.0,0.0,0.0,0.0,284.1664428710937,78.653564453125,0.0,0.0,219.75051879882807,99.07589721679688,0.0,0.0,292.3068542480469,176.79144287109375,274.473388671875,171.71441650390625,0.0,0.0,0.0,0.0,0.0,0.0,0.0,0.0
503,0.0,0.0,0.0,0.0,0.0,0.0,0.0,0.0,0.0,0.0,283.9540710449219,10.045402526855469,0.0,0.0,273.23565673828125,82.48825073242188,0.0,0.0,209.94573974609372,101.50941467285156,0.0,0.0,291.8386535644531,173.25747680664062,274.6813049316406,168.13438415527344,0.0,0.0,0.0,0.0,0.0,0.0,0.0,0.0
504,0.0,0.0,0.0,0.0,0.0,0.0,0.0,0.0,0.0,0.0,0.0,0.0,0.0,0.0,281.59930419921875,80.98682403564453,0.0,0.0,214.71322631835935,100.76364135742188,0.0,0.0,283.34765625,180.20851135253903,270.8114318847656,173.64605712890625,0.0,0.0,0.0,0.0,0.0,0.0,0.0,0.0
505,0.0,0.0,0.0,0.0,0.0,0.0,0.0,0.0,0.0,0.0,284.0276794433594,10.185134887695312,0.0,0.0,278.3954162597656,80.38175964355469,0.0,0.0,209.47848510742188,99.75767517089844,0.0,0.0,291.7058410644531,178.021240234375,279.07781982421875,172.56158447265625,0.0,0.0,0.0,0.0,0.0,0.0,0.0,0.0
506,0.0,0.0,0.0,0.0,0.0,0.0,0.0,0.0,0.0,0.0,0.0,0.0,0.0,0.0,280.2221069335937,79.79768371582031,0.0,0.0,210.1766662597656,95.04488372802734,0.0,0.0,285.0461730957031,178.80088806152344,281.87744140625,171.88339233398438,0.0,0.0,0.0,0.0,0.0,0.0,0.0,0.0
507,0.0,0.0,0.0,0.0,0.0,0.0,0.0,0.0,0.0,0.0,281.36358642578125,9.058837890625,0.0,0.0,280.1780700683594,75.35340881347656,0.0,0.0,213.64642333984372,97.47273254394533,0.0,0.0,289.97869873046875,173.57608032226562,281.3632202148437,168.9747314453125,0.0,0.0,0.0,0.0,0.0,0.0,0.0,0.0
508,0.0,0.0,0.0,0.0,0.0,0.0,0.0,0.0,0.0,0.0,0.0,0.0,0.0,0.0,280.1506042480469,76.22528839111328,0.0,0.0,212.72317504882807,97.51090240478516,0.0,0.0,290.1885986328125,176.82150268554688,281.7617492675781,171.26251220703125,0.0,0.0,0.0,0.0,0.0,0.0,0.0,0.0
509,0.0,0.0,0.0,0.0,0.0,0.0,0.0,0.0,0.0,0.0,0.0,0.0,0.0,0.0,282.6177978515625,82.198974609375,0.0,0.0,212.94387817382807,98.9007797241211,0.0,0.0,293.7917785644531,175.9635467529297,278.9316101074219,169.7624053955078,0.0,0.0,0.0,0.0,0.0,0.0,0.0,0.0
510,0.0,0.0,0.0,0.0,0.0,0.0,0.0,0.0,0.0,0.0,0.0,0.0,0.0,0.0,287.4753723144531,81.48755645751953,0.0,0.0,225.21597290039065,96.81619262695312,0.0,0.0,290.2354736328125,176.88681030273438,279.6322631835937,171.54544067382812,0.0,0.0,0.0,0.0,0.0,0.0,0.0,0.0
511,0.0,0.0,0.0,0.0,0.0,0.0,0.0,0.0,0.0,0.0,0.0,0.0,0.0,0.0,290.8444519042969,87.99292755126953,0.0,0.0,224.6863555908203,98.23117065429688,0.0,0.0,296.925537109375,174.6990966796875,281.37451171875,168.94677734375,0.0,0.0,0.0,0.0,0.0,0.0,0.0,0.0
512,0.0,0.0,0.0,0.0,0.0,0.0,0.0,0.0,0.0,0.0,0.0,0.0,0.0,0.0,281.87335205078125,90.1793212890625,290.2493591308594,82.7835922241211,0.0,0.0,0.0,0.0,291.601806640625,175.41908264160156,278.16845703125,169.10598754882812,0.0,0.0,0.0,0.0,0.0,0.0,0.0,0.0
513,0.0,0.0,0.0,0.0,0.0,0.0,0.0,0.0,0.0,0.0,0.0,0.0,264.6094055175781,17.013381958007812,0.0,0.0,278.48779296875,86.82688903808594,0.0,0.0,227.8260040283203,102.4491729736328,297.0091247558594,177.62686157226562,273.7012634277344,173.20301818847656,0.0,0.0,0.0,0.0,0.0,0.0,0.0,0.0
514,0.0,0.0,0.0,0.0,0.0,0.0,0.0,0.0,0.0,0.0,0.0,0.0,0.0,0.0,0.0,0.0,0.0,0.0,0.0,0.0,229.4156188964844,102.39950561523438,299.7774353027344,178.2361602783203,283.53009033203125,172.64166259765625,0.0,0.0,0.0,0.0,0.0,0.0,0.0,0.0
515,0.0,0.0,0.0,0.0,0.0,0.0,0.0,0.0,0.0,0.0,0.0,0.0,0.0,0.0,0.0,0.0,291.7923583984375,80.327392578125,0.0,0.0,230.39064025878903,98.11819458007812,293.9725952148437,180.3963623046875,279.4721374511719,173.73272705078125,0.0,0.0,0.0,0.0,0.0,0.0,0.0,0.0
516,0.0,0.0,0.0,0.0,0.0,0.0,0.0,0.0,0.0,0.0,0.0,0.0,0.0,0.0,0.0,0.0,290.8270874023437,76.82127380371094,0.0,0.0,227.12538146972656,96.83653259277344,296.02667236328125,180.69955444335935,280.7455749511719,174.67173767089844,0.0,0.0,0.0,0.0,0.0,0.0,0.0,0.0
517,0.0,0.0,0.0,0.0,0.0,0.0,0.0,0.0,0.0,0.0,0.0,0.0,0.0,0.0,0.0,0.0,288.4436340332031,81.72593688964844,0.0,0.0,227.3189239501953,97.38134765625,295.52130126953125,183.4501190185547,278.24267578125,176.64903259277344,0.0,0.0,0.0,0.0,0.0,0.0,0.0,0.0
518,0.0,0.0,0.0,0.0,0.0,0.0,0.0,0.0,0.0,0.0,0.0,0.0,0.0,0.0,0.0,0.0,290.5653686523437,80.10511779785156,221.6812744140625,96.38642120361328,226.94973754882807,96.94816589355467,296.30352783203125,179.24208068847656,280.99725341796875,172.12095642089844,0.0,0.0,0.0,0.0,0.0,0.0,0.0,0.0
519,0.0,0.0,0.0,0.0,0.0,0.0,0.0,0.0,0.0,0.0,0.0,0.0,0.0,0.0,292.818603515625,89.26481628417969,291.8397216796875,80.42143249511719,222.7027587890625,96.25764465332033,227.00564575195312,97.09431457519533,296.3714904785156,181.0957946777344,282.32183837890625,174.16818237304688,0.0,0.0,0.0,0.0,0.0,0.0,0.0,0.0
520,0.0,0.0,0.0,0.0,0.0,0.0,0.0,0.0,0.0,0.0,0.0,0.0,0.0,0.0,0.0,0.0,294.2313232421875,83.07642364501953,0.0,0.0,230.5665740966797,98.7137451171875,292.9469909667969,181.57638549804688,282.7912902832031,175.43154907226562,0.0,0.0,0.0,0.0,0.0,0.0,0.0,0.0
521,0.0,0.0,0.0,0.0,0.0,0.0,0.0,0.0,0.0,0.0,0.0,0.0,0.0,0.0,0.0,0.0,0.0,0.0,0.0,0.0,0.0,0.0,294.0445556640625,179.7157745361328,283.3641357421875,173.32159423828125,0.0,0.0,0.0,0.0,0.0,0.0,0.0,0.0
522,0.0,0.0,0.0,0.0,0.0,0.0,0.0,0.0,0.0,0.0,0.0,0.0,0.0,0.0,280.35906982421875,83.11560821533203,0.0,0.0,217.67886352539065,97.85652160644533,0.0,0.0,291.8684997558594,179.73309326171875,281.7484741210937,173.7620391845703,0.0,0.0,0.0,0.0,0.0,0.0,0.0,0.0
523,0.0,0.0,0.0,0.0,0.0,0.0,0.0,0.0,0.0,0.0,0.0,0.0,0.0,0.0,280.6815185546875,87.65082550048828,0.0,0.0,221.72817993164065,97.88050842285156,0.0,0.0,293.2132263183594,178.64895629882812,282.8130798339844,172.15872192382812,0.0,0.0,0.0,0.0,0.0,0.0,0.0,0.0
524,0.0,0.0,0.0,0.0,0.0,0.0,0.0,0.0,0.0,0.0,0.0,0.0,0.0,0.0,279.5046691894531,88.83739471435547,0.0,0.0,220.12875366210935,98.19766235351562,0.0,0.0,294.74090576171875,178.05316162109375,283.24566650390625,172.66024780273438,0.0,0.0,0.0,0.0,0.0,0.0,0.0,0.0
525,0.0,0.0,0.0,0.0,0.0,0.0,0.0,0.0,0.0,0.0,0.0,0.0,0.0,0.0,282.1561279296875,88.91897583007812,0.0,0.0,218.53985595703125,98.15455627441406,0.0,0.0,294.4360656738281,179.9105224609375,282.7627258300781,173.43441772460938,0.0,0.0,0.0,0.0,0.0,0.0,0.0,0.0
526,0.0,0.0,0.0,0.0,0.0,0.0,0.0,0.0,0.0,0.0,0.0,0.0,0.0,0.0,285.2641296386719,84.84017944335938,288.0609741210937,75.46401977539062,220.56195068359372,97.14047241210938,225.70584106445312,97.7778091430664,292.92608642578125,182.5145263671875,280.6499938964844,174.90335083007812,0.0,0.0,0.0,0.0,0.0,0.0,0.0,0.0
527,0.0,0.0,0.0,0.0,0.0,0.0,0.0,0.0,0.0,0.0,0.0,0.0,0.0,0.0,282.37457275390625,81.33229064941406,0.0,0.0,218.52545166015625,97.77183532714844,221.12942504882807,95.26036071777344,297.0911865234375,179.54522705078125,281.68865966796875,173.18988037109375,0.0,0.0,0.0,0.0,0.0,0.0,0.0,0.0
528,0.0,0.0,0.0,0.0,0.0,0.0,0.0,0.0,0.0,0.0,0.0,0.0,0.0,0.0,0.0,0.0,286.620361328125,75.0098876953125,0.0,0.0,226.4775848388672,96.36051940917967,296.8523254394531,178.4141387939453,282.2329406738281,172.36151123046875,0.0,0.0,0.0,0.0,0.0,0.0,0.0,0.0
529,0.0,0.0,0.0,0.0,0.0,0.0,0.0,0.0,0.0,0.0,0.0,0.0,0.0,0.0,283.6015930175781,83.12519073486328,0.0,0.0,221.2977294921875,95.12863159179688,227.20184326171875,85.60139465332031,296.1284484863281,180.97906494140625,280.2099304199219,173.7111053466797,0.0,0.0,0.0,0.0,0.0,0.0,0.0,0.0
530,0.0,0.0,0.0,0.0,0.0,0.0,0.0,0.0,0.0,0.0,0.0,0.0,0.0,0.0,283.3909912109375,81.28015899658203,0.0,0.0,221.46466064453125,95.67982482910156,227.98345947265625,90.59577941894533,294.9804992675781,178.36734008789062,283.0399475097656,171.275390625,0.0,0.0,0.0,0.0,0.0,0.0,0.0,0.0
531,0.0,0.0,0.0,0.0,0.0,0.0,0.0,0.0,0.0,0.0,0.0,0.0,0.0,0.0,285.1975402832031,81.74986267089844,0.0,0.0,220.95816040039065,96.31697082519533,224.88442993164065,77.06198120117188,293.35565185546875,178.47360229492188,280.5932922363281,170.2813720703125,0.0,0.0,0.0,0.0,0.0,0.0,0.0,0.0
532,0.0,0.0,0.0,0.0,0.0,0.0,0.0,0.0,0.0,0.0,0.0,0.0,0.0,0.0,287.0530700683594,81.02107238769531,0.0,0.0,217.81430053710935,94.19417572021484,224.9855194091797,90.50041198730467,293.9457092285156,180.606689453125,279.1130065917969,172.96873474121094,0.0,0.0,0.0,0.0,0.0,0.0,0.0,0.0
533,0.0,0.0,0.0,0.0,0.0,0.0,0.0,0.0,0.0,0.0,0.0,0.0,0.0,0.0,0.0,0.0,283.6896057128906,72.58775329589844,220.48861694335935,92.84864807128906,224.1629180908203,93.67723846435548,292.1119689941406,181.6972503662109,276.7137451171875,173.93084716796875,0.0,0.0,0.0,0.0,0.0,0.0,0.0,0.0
534,0.0,0.0,0.0,0.0,0.0,0.0,0.0,0.0,0.0,0.0,0.0,0.0,0.0,0.0,282.7739562988281,81.35195922851562,0.0,0.0,216.33799743652344,92.08682250976562,0.0,0.0,293.4618835449219,180.00946044921875,277.0673217773437,173.12583923339844,0.0,0.0,0.0,0.0,0.0,0.0,0.0,0.0
535,0.0,0.0,0.0,0.0,0.0,0.0,0.0,0.0,0.0,0.0,0.0,0.0,0.0,0.0,285.9486694335937,86.31336975097656,0.0,0.0,216.6660003662109,91.60099029541016,0.0,0.0,293.7767333984375,180.81175231933597,280.8768615722656,173.03382873535156,0.0,0.0,0.0,0.0,0.0,0.0,0.0,0.0
536,0.0,0.0,0.0,0.0,0.0,0.0,0.0,0.0,0.0,0.0,0.0,0.0,0.0,0.0,288.7939453125,85.84724426269531,0.0,0.0,218.908935546875,89.76969909667969,0.0,0.0,293.3891296386719,180.0929718017578,279.6348876953125,172.02830505371094,0.0,0.0,0.0,0.0,0.0,0.0,0.0,0.0
537,0.0,0.0,0.0,0.0,0.0,0.0,0.0,0.0,0.0,0.0,0.0,0.0,0.0,0.0,0.0,0.0,0.0,0.0,219.02789306640625,91.657958984375,0.0,0.0,295.2086486816406,181.79000854492188,279.60955810546875,174.68350219726562,0.0,0.0,0.0,0.0,0.0,0.0,0.0,0.0
538,0.0,0.0,0.0,0.0,0.0,0.0,0.0,0.0,0.0,0.0,285.8593444824219,11.547882080078123,0.0,0.0,290.232177734375,87.67256164550781,0.0,0.0,219.23866271972656,91.67203521728516,0.0,0.0,291.3742980957031,179.56869506835938,268.031982421875,172.99713134765625,0.0,0.0,0.0,0.0,0.0,0.0,0.0,0.0
539,0.0,0.0,232.1380157470703,11.805381774902344,0.0,0.0,252.59811401367188,0.0,0.0,0.0,288.3899841308594,19.437599182128903,0.0,0.0,290.04449462890625,87.63394927978516,0.0,0.0,222.3473358154297,91.05023956298828,0.0,0.0,296.1703186035156,181.8594512939453,275.9649658203125,174.38418579101562,0.0,0.0,0.0,0.0,0.0,0.0,0.0,0.0
540,0.0,0.0,0.0,0.0,0.0,0.0,0.0,0.0,0.0,0.0,0.0,0.0,0.0,0.0,288.26202392578125,88.3759994506836,0.0,0.0,222.8896484375,94.0394287109375,0.0,0.0,296.003173828125,181.4222412109375,281.8517150878906,173.33096313476562,0.0,0.0,0.0,0.0,0.0,0.0,0.0,0.0
541,0.0,0.0,0.0,0.0,0.0,0.0,0.0,0.0,0.0,0.0,0.0,0.0,0.0,0.0,0.0,0.0,0.0,0.0,0.0,0.0,0.0,0.0,291.4874267578125,177.33349609375,279.71502685546875,169.7183380126953,0.0,0.0,0.0,0.0,0.0,0.0,0.0,0.0
542,0.0,0.0,0.0,0.0,0.0,0.0,0.0,0.0,0.0,0.0,0.0,0.0,0.0,0.0,288.49078369140625,83.05310821533203,0.0,0.0,218.1964111328125,93.56122589111328,0.0,0.0,295.63629150390625,178.43728637695312,275.0433044433594,170.9656219482422,0.0,0.0,0.0,0.0,0.0,0.0,0.0,0.0
543,0.0,0.0,0.0,0.0,0.0,0.0,0.0,0.0,0.0,0.0,0.0,0.0,0.0,0.0,286.349609375,91.03651428222656,277.0894775390625,74.58505249023438,217.46408081054688,94.90306854248048,220.2669677734375,91.1143798828125,297.1268615722656,181.04791259765625,277.24560546875,172.7305908203125,0.0,0.0,0.0,0.0,0.0,0.0,0.0,0.0
544,0.0,0.0,0.0,0.0,0.0,0.0,0.0,0.0,0.0,0.0,0.0,0.0,0.0,0.0,287.44500732421875,87.1449966430664,0.0,0.0,218.5336151123047,91.2759780883789,0.0,0.0,294.4561767578125,178.44577026367188,280.452880859375,171.6389923095703,0.0,0.0,0.0,0.0,0.0,0.0,0.0,0.0
545,0.0,0.0,0.0,0.0,0.0,0.0,0.0,0.0,0.0,0.0,0.0,0.0,0.0,0.0,290.0751037597656,81.86553955078125,0.0,0.0,220.94692993164065,94.27870178222656,0.0,0.0,295.3869323730469,177.31024169921875,281.0520324707031,170.18646240234375,0.0,0.0,0.0,0.0,0.0,0.0,0.0,0.0
546,0.0,0.0,0.0,0.0,0.0,0.0,0.0,0.0,0.0,0.0,0.0,0.0,0.0,0.0,0.0,0.0,270.9662170410156,61.96062469482422,0.0,0.0,214.55288696289065,86.56900787353516,297.09442138671875,181.31002807617188,276.11102294921875,174.00387573242188,0.0,0.0,0.0,0.0,0.0,0.0,0.0,0.0
547,0.0,0.0,0.0,0.0,0.0,0.0,0.0,0.0,0.0,0.0,0.0,0.0,0.0,0.0,0.0,0.0,272.2903747558594,66.83301544189453,0.0,0.0,217.1956787109375,90.51564025878906,297.3420104980469,182.01963806152344,274.8540344238281,174.62896728515625,0.0,0.0,0.0,0.0,0.0,0.0,0.0,0.0
548,0.0,0.0,0.0,0.0,0.0,0.0,0.0,0.0,0.0,0.0,284.6036682128906,19.06684875488281,0.0,0.0,289.2688293457031,80.28677368164062,0.0,0.0,221.37985229492188,91.24281311035156,219.2371826171875,84.45708465576172,293.5962219238281,178.51657104492188,281.0851745605469,173.15333557128906,0.0,0.0,0.0,0.0,0.0,0.0,0.0,0.0
549,0.0,0.0,0.0,0.0,0.0,0.0,0.0,0.0,0.0,0.0,0.0,0.0,0.0,0.0,291.0832824707031,75.36915588378906,280.2342529296875,69.16902923583984,226.19032287597656,89.92800903320312,224.5373687744141,89.0506591796875,296.5319519042969,180.005615234375,277.4737548828125,173.78533935546875,0.0,0.0,0.0,0.0,0.0,0.0,0.0,0.0
550,0.0,0.0,0.0,0.0,0.0,0.0,0.0,0.0,0.0,0.0,0.0,0.0,0.0,0.0,295.0712890625,81.5689468383789,0.0,0.0,226.91586303710935,88.14317321777344,0.0,0.0,292.2015380859375,179.9476776123047,278.12286376953125,172.23692321777344,0.0,0.0,0.0,0.0,0.0,0.0,0.0,0.0
551,0.0,0.0,0.0,0.0,0.0,0.0,0.0,0.0,0.0,0.0,0.0,0.0,0.0,0.0,293.5282897949219,79.92636108398438,0.0,0.0,226.7338714599609,90.78500366210938,0.0,0.0,292.63623046875,181.02647399902344,277.2669677734375,173.41522216796875,0.0,0.0,0.0,0.0,0.0,0.0,0.0,0.0
552,0.0,0.0,0.0,0.0,0.0,0.0,0.0,0.0,0.0,0.0,0.0,0.0,0.0,0.0,0.0,0.0,0.0,0.0,0.0,0.0,229.05581665039065,93.08010864257812,0.0,0.0,279.4349670410156,180.64730834960935,0.0,0.0,0.0,0.0,0.0,0.0,0.0,0.0
553,0.0,0.0,0.0,0.0,0.0,0.0,0.0,0.0,0.0,0.0,0.0,0.0,0.0,0.0,0.0,0.0,0.0,0.0,224.53419494628903,92.57167053222656,0.0,0.0,296.5170288085937,179.0882568359375,283.2997741699219,172.61444091796875,0.0,0.0,0.0,0.0,0.0,0.0,0.0,0.0
554,0.0,0.0,0.0,0.0,0.0,0.0,0.0,0.0,0.0,0.0,0.0,0.0,0.0,0.0,288.3669738769531,83.2722396850586,0.0,0.0,223.21075439453125,91.41446685791016,0.0,0.0,294.2920837402344,180.84307861328125,279.3149108886719,174.23849487304688,0.0,0.0,0.0,0.0,0.0,0.0,0.0,0.0
555,0.0,0.0,0.0,0.0,0.0,0.0,0.0,0.0,0.0,0.0,0.0,0.0,0.0,0.0,0.0,0.0,0.0,0.0,0.0,0.0,226.55345153808597,92.29258728027344,298.0341491699219,183.9257354736328,286.1995849609375,178.8428497314453,0.0,0.0,0.0,0.0,0.0,0.0,0.0,0.0
556,0.0,0.0,0.0,0.0,0.0,0.0,0.0,0.0,0.0,0.0,0.0,0.0,0.0,0.0,0.0,0.0,0.0,0.0,226.2397308349609,89.16574096679688,0.0,0.0,295.8507385253906,182.168701171875,275.2608642578125,175.21328735351562,0.0,0.0,0.0,0.0,0.0,0.0,0.0,0.0
557,0.0,0.0,0.0,0.0,0.0,0.0,0.0,0.0,0.0,0.0,0.0,0.0,0.0,0.0,303.052978515625,83.38363647460938,0.0,0.0,226.1068878173828,91.994873046875,225.3944854736328,92.5432586669922,300.92388916015625,180.40586853027344,282.38433837890625,173.55787658691406,0.0,0.0,0.0,0.0,0.0,0.0,0.0,0.0
558,0.0,0.0,0.0,0.0,0.0,0.0,0.0,0.0,0.0,0.0,0.0,0.0,0.0,0.0,0.0,0.0,0.0,0.0,0.0,0.0,225.69976806640625,90.09185791015624,296.45367431640625,184.45919799804688,281.7117614746094,177.49850463867188,0.0,0.0,0.0,0.0,0.0,0.0,0.0,0.0
559,0.0,0.0,0.0,0.0,0.0,0.0,0.0,0.0,0.0,0.0,0.0,0.0,0.0,0.0,0.0,0.0,0.0,0.0,223.4860076904297,91.32405090332033,221.8199005126953,88.83157348632812,300.40679931640625,179.09872436523438,281.3851928710937,172.4456787109375,0.0,0.0,0.0,0.0,0.0,0.0,0.0,0.0
560,0.0,0.0,0.0,0.0,0.0,0.0,0.0,0.0,0.0,0.0,0.0,0.0,0.0,0.0,0.0,0.0,280.2974548339844,72.17645263671875,0.0,0.0,226.68621826171875,90.31298828125,297.6510009765625,180.49053955078125,280.2779541015625,174.47869873046875,0.0,0.0,0.0,0.0,0.0,0.0,0.0,0.0
561,0.0,0.0,0.0,0.0,0.0,0.0,0.0,0.0,0.0,0.0,0.0,0.0,0.0,0.0,0.0,0.0,285.89410400390625,80.49181365966797,0.0,0.0,229.45220947265625,91.9354019165039,296.0104675292969,187.40325927734372,281.5487670898437,181.1103515625,0.0,0.0,0.0,0.0,0.0,0.0,0.0,0.0
562,0.0,0.0,0.0,0.0,0.0,0.0,0.0,0.0,0.0,0.0,0.0,0.0,0.0,0.0,0.0,0.0,285.07818603515625,75.01988983154297,0.0,0.0,229.91070556640625,90.64776611328124,299.1009521484375,179.65335083007812,277.2782287597656,173.05557250976562,0.0,0.0,0.0,0.0,0.0,0.0,0.0,0.0
563,0.0,0.0,0.0,0.0,0.0,0.0,0.0,0.0,0.0,0.0,0.0,0.0,0.0,0.0,0.0,0.0,286.5663452148437,74.58134460449219,0.0,0.0,230.2338714599609,90.65489959716795,299.2008972167969,181.8760986328125,277.73663330078125,174.86643981933594,0.0,0.0,0.0,0.0,0.0,0.0,0.0,0.0
564,0.0,0.0,0.0,0.0,0.0,0.0,0.0,0.0,0.0,0.0,0.0,0.0,0.0,0.0,0.0,0.0,289.94244384765625,75.32594299316406,0.0,0.0,230.85679626464844,92.30087280273438,294.2909851074219,177.6294403076172,280.8249816894531,171.4727783203125,0.0,0.0,0.0,0.0,0.0,0.0,0.0,0.0
565,0.0,0.0,0.0,0.0,0.0,0.0,0.0,0.0,0.0,0.0,0.0,0.0,0.0,0.0,0.0,0.0,0.0,0.0,216.1376800537109,93.32955169677734,216.35614013671875,90.3498992919922,294.1731872558594,175.816650390625,278.36199951171875,169.32301330566406,0.0,0.0,0.0,0.0,0.0,0.0,0.0,0.0
566,0.0,0.0,0.0,0.0,0.0,0.0,0.0,0.0,0.0,0.0,0.0,0.0,0.0,0.0,0.0,0.0,285.6784362792969,71.60836791992188,217.3778839111328,92.96526336669922,219.9854736328125,91.36773681640624,291.9822998046875,180.39019775390625,276.0465087890625,172.06838989257812,0.0,0.0,0.0,0.0,0.0,0.0,0.0,0.0
567,0.0,0.0,0.0,0.0,0.0,0.0,0.0,0.0,0.0,0.0,0.0,0.0,0.0,0.0,285.8348388671875,83.37147521972656,0.0,0.0,214.25555419921875,90.14132690429688,215.6822967529297,89.57836151123047,291.7991943359375,179.9275665283203,277.8735656738281,172.60267639160156,0.0,0.0,0.0,0.0,0.0,0.0,0.0,0.0
568,0.0,0.0,0.0,0.0,0.0,0.0,0.0,0.0,0.0,0.0,0.0,0.0,0.0,0.0,0.0,0.0,273.5319519042969,73.30997467041016,0.0,0.0,217.80764770507807,92.21427154541016,295.31011962890625,180.35107421875,276.2152404785156,176.02471923828125,0.0,0.0,0.0,0.0,0.0,0.0,0.0,0.0
569,0.0,0.0,0.0,0.0,0.0,0.0,0.0,0.0,0.0,0.0,0.0,0.0,0.0,0.0,279.4686279296875,73.02474212646484,276.194091796875,68.1174545288086,216.90377807617188,91.35317993164062,220.62240600585935,91.01378631591795,295.9004821777344,178.64723205566406,276.6983642578125,172.5605926513672,0.0,0.0,0.0,0.0,0.0,0.0,0.0,0.0
570,0.0,0.0,0.0,0.0,0.0,0.0,0.0,0.0,0.0,0.0,0.0,0.0,0.0,0.0,0.0,0.0,0.0,0.0,218.9846343994141,92.24560546875,220.66244506835935,89.97819519042969,296.2076416015625,180.3229217529297,283.5647277832031,175.86419677734375,0.0,0.0,0.0,0.0,0.0,0.0,0.0,0.0
571,0.0,0.0,0.0,0.0,0.0,0.0,0.0,0.0,0.0,0.0,0.0,0.0,0.0,0.0,0.0,0.0,0.0,0.0,217.7668609619141,93.2560577392578,218.33126831054688,92.63491821289062,296.0509338378906,179.1312255859375,277.592041015625,173.99908447265625,0.0,0.0,0.0,0.0,0.0,0.0,0.0,0.0
572,0.0,0.0,0.0,0.0,0.0,0.0,0.0,0.0,0.0,0.0,0.0,0.0,0.0,0.0,0.0,0.0,273.03887939453125,69.56266021728516,0.0,0.0,221.40126037597656,92.47042846679688,297.4325866699219,173.50767517089844,275.3563232421875,168.6710205078125,0.0,0.0,0.0,0.0,0.0,0.0,0.0,0.0
573,0.0,0.0,0.0,0.0,0.0,0.0,0.0,0.0,0.0,0.0,0.0,0.0,0.0,0.0,0.0,0.0,279.0140686035156,70.22802734375,0.0,0.0,221.693115234375,90.82844543457033,294.65625,177.49130249023438,276.0546264648437,170.8500518798828,0.0,0.0,0.0,0.0,0.0,0.0,0.0,0.0
574,0.0,0.0,0.0,0.0,0.0,0.0,0.0,0.0,0.0,0.0,0.0,0.0,0.0,0.0,0.0,0.0,275.5704650878906,72.76234436035156,219.1707763671875,88.21438598632812,221.29818725585935,92.09088134765624,296.601318359375,181.63433837890625,274.12359619140625,174.01425170898438,0.0,0.0,0.0,0.0,0.0,0.0,0.0,0.0
575,0.0,0.0,0.0,0.0,0.0,0.0,0.0,0.0,0.0,0.0,0.0,0.0,0.0,0.0,0.0,0.0,270.4313659667969,72.96412658691406,0.0,0.0,217.9962158203125,96.59562683105467,299.18170166015625,180.9473876953125,275.0830078125,174.97735595703125,0.0,0.0,0.0,0.0,0.0,0.0,0.0,0.0
576,0.0,0.0,0.0,0.0,0.0,0.0,0.0,0.0,0.0,0.0,0.0,0.0,0.0,0.0,0.0,0.0,274.5166015625,77.97206115722656,0.0,0.0,221.20323181152344,103.48352813720705,293.37457275390625,183.4235382080078,271.83160400390625,177.03353881835938,0.0,0.0,0.0,0.0,0.0,0.0,0.0,0.0
577,0.0,0.0,0.0,0.0,0.0,0.0,0.0,0.0,0.0,0.0,0.0,0.0,0.0,0.0,280.4660949707031,78.20298767089844,278.6371154785156,85.9021987915039,215.5970001220703,98.17707824707033,223.5122528076172,111.14998626708984,293.20294189453125,185.0567626953125,273.4613037109375,179.04275512695312,0.0,0.0,0.0,0.0,0.0,0.0,0.0,0.0
578,0.0,0.0,0.0,0.0,0.0,0.0,0.0,0.0,0.0,0.0,0.0,0.0,0.0,0.0,281.2903747558594,76.08340454101562,282.8568115234375,84.6936264038086,217.80227661132807,97.07364654541016,238.09954833984372,118.14865112304688,290.7328491210937,181.2366180419922,269.2507019042969,175.16122436523438,0.0,0.0,0.0,0.0,0.0,0.0,0.0,0.0
579,0.0,0.0,0.0,0.0,0.0,0.0,0.0,0.0,0.0,0.0,0.0,0.0,0.0,0.0,282.2748718261719,68.85255432128906,276.59405517578125,88.10444641113281,216.6029815673828,99.90827941894533,226.9882354736328,117.5718765258789,287.959228515625,181.66458129882807,271.110107421875,179.01211547851562,0.0,0.0,0.0,0.0,0.0,0.0,0.0,0.0
580,0.0,0.0,0.0,0.0,0.0,0.0,0.0,0.0,0.0,0.0,0.0,0.0,0.0,0.0,283.9483337402344,68.148193359375,278.3681030273437,92.21477508544922,216.0596618652344,100.01805114746094,228.8989715576172,125.11174011230467,289.79718017578125,181.24497985839844,271.2563781738281,178.936767578125,0.0,0.0,0.0,0.0,0.0,0.0,0.0,0.0
581,0.0,0.0,0.0,0.0,0.0,0.0,0.0,0.0,0.0,0.0,0.0,0.0,0.0,0.0,283.28424072265625,67.78912353515625,278.9493103027344,88.27479553222656,216.1310272216797,101.27398681640624,228.1270904541016,122.9333038330078,290.44757080078125,179.9274139404297,273.3173522949219,177.48513793945312,0.0,0.0,0.0,0.0,0.0,0.0,0.0,0.0
582,0.0,0.0,0.0,0.0,0.0,0.0,0.0,0.0,0.0,0.0,0.0,0.0,0.0,0.0,277.78497314453125,72.0521240234375,282.23956298828125,85.24134063720703,215.72653198242188,102.88896942138672,228.83831787109372,122.6764678955078,291.6851806640625,180.87860107421875,275.0899963378906,176.13848876953125,0.0,0.0,0.0,0.0,0.0,0.0,0.0,0.0
583,0.0,0.0,0.0,0.0,0.0,0.0,0.0,0.0,0.0,0.0,0.0,0.0,0.0,0.0,280.7167358398437,72.76701354980469,277.1088256835937,84.7668228149414,215.89425659179688,104.74728393554688,224.7193145751953,123.1386489868164,291.5609130859375,180.6815185546875,269.6885986328125,175.4384765625,0.0,0.0,0.0,0.0,0.0,0.0,0.0,0.0
584,0.0,0.0,0.0,0.0,0.0,0.0,0.0,0.0,0.0,0.0,0.0,0.0,0.0,0.0,285.1228942871094,70.19831848144531,284.9479675292969,82.90617370605469,217.70294189453125,107.02139282226562,230.3592071533203,121.3149185180664,291.7143859863281,181.310546875,274.5856018066406,176.2550048828125,0.0,0.0,0.0,0.0,0.0,0.0,0.0,0.0
585,0.0,0.0,0.0,0.0,0.0,0.0,0.0,0.0,0.0,0.0,0.0,0.0,0.0,0.0,280.4636535644531,67.29121398925781,266.90435791015625,101.47532653808594,216.80783081054688,101.82028198242188,224.87203979492188,118.09297943115234,294.0603332519531,182.13595581054688,273.927490234375,181.66346740722656,0.0,0.0,0.0,0.0,0.0,0.0,0.0,0.0
586,0.0,0.0,0.0,0.0,0.0,0.0,0.0,0.0,0.0,0.0,0.0,0.0,0.0,0.0,285.6746826171875,74.11111450195312,277.6579284667969,84.88043212890625,219.01251220703125,97.23345947265624,236.10081481933597,111.62466430664062,292.2782287597656,179.288330078125,269.53631591796875,173.39718627929688,0.0,0.0,0.0,0.0,0.0,0.0,0.0,0.0
587,0.0,0.0,0.0,0.0,0.0,0.0,0.0,0.0,0.0,0.0,0.0,0.0,0.0,0.0,288.2488098144531,79.89339447021484,278.9254150390625,73.79752349853516,215.2958831787109,99.77872467041016,220.85861206054688,100.49522399902344,295.2841186523437,177.56210327148438,274.0528869628906,169.75270080566406,0.0,0.0,0.0,0.0,0.0,0.0,0.0,0.0
588,0.0,0.0,0.0,0.0,0.0,0.0,0.0,0.0,0.0,0.0,0.0,0.0,0.0,0.0,279.6435852050781,82.32185363769531,283.6900329589844,75.18685913085938,216.0411376953125,98.38336944580078,0.0,0.0,294.4804382324219,176.8350067138672,281.10400390625,170.64173889160156,0.0,0.0,0.0,0.0,0.0,0.0,0.0,0.0
589,0.0,0.0,0.0,0.0,0.0,0.0,0.0,0.0,0.0,0.0,0.0,0.0,0.0,0.0,287.3935852050781,85.91731262207031,282.5639038085937,77.9217758178711,222.2138671875,96.21060180664062,224.53579711914065,97.12647247314452,291.24224853515625,180.6998443603516,273.9115295410156,172.60971069335938,0.0,0.0,0.0,0.0,0.0,0.0,0.0,0.0
590,0.0,0.0,0.0,0.0,0.0,0.0,0.0,0.0,0.0,0.0,0.0,0.0,0.0,0.0,0.0,0.0,271.53717041015625,74.47371673583984,0.0,0.0,216.6969451904297,98.20938110351562,295.4135437011719,179.01626586914062,277.8171691894531,173.58499145507812,0.0,0.0,0.0,0.0,0.0,0.0,0.0,0.0
591,0.0,0.0,0.0,0.0,0.0,0.0,0.0,0.0,0.0,0.0,0.0,0.0,0.0,0.0,0.0,0.0,264.0347595214844,79.10173034667969,0.0,0.0,217.24563598632807,97.17735290527344,297.3284912109375,183.99642944335935,279.4834899902344,179.08737182617188,0.0,0.0,0.0,0.0,0.0,0.0,0.0,0.0
592,0.0,0.0,0.0,0.0,0.0,0.0,0.0,0.0,0.0,0.0,0.0,0.0,0.0,0.0,277.8701171875,78.59654998779297,274.9687194824219,74.1417007446289,0.0,0.0,220.47080993652344,97.2936553955078,295.8978271484375,175.74786376953125,279.048583984375,169.438232421875,0.0,0.0,0.0,0.0,0.0,0.0,0.0,0.0
593,0.0,0.0,0.0,0.0,0.0,0.0,0.0,0.0,0.0,0.0,0.0,0.0,272.5032043457031,7.523330688476562,0.0,0.0,259.697021484375,70.60429382324219,0.0,0.0,218.00466918945312,100.72051239013672,296.89794921875,175.02146911621094,276.659912109375,171.13580322265625,0.0,0.0,0.0,0.0,0.0,0.0,0.0,0.0
594,0.0,0.0,0.0,0.0,0.0,0.0,0.0,0.0,0.0,0.0,0.0,0.0,0.0,0.0,0.0,0.0,275.90191650390625,77.35861206054688,0.0,0.0,218.0931396484375,100.6393585205078,299.2146301269531,176.7244873046875,284.1739807128906,172.3426971435547,0.0,0.0,0.0,0.0,0.0,0.0,0.0,0.0
595,0.0,0.0,0.0,0.0,0.0,0.0,0.0,0.0,0.0,0.0,0.0,0.0,0.0,0.0,0.0,0.0,281.6715393066406,70.7696304321289,219.9989013671875,99.33812713623048,221.89923095703125,97.89056396484376,293.7032470703125,175.62921142578125,278.67333984375,169.4456024169922,0.0,0.0,0.0,0.0,0.0,0.0,0.0,0.0
596,0.0,0.0,0.0,0.0,0.0,0.0,0.0,0.0,0.0,0.0,0.0,0.0,0.0,0.0,0.0,0.0,271.9528503417969,67.08415985107422,0.0,0.0,223.2122802734375,99.28126525878906,296.9598693847656,177.19151306152344,276.5908203125,171.5810546875,0.0,0.0,0.0,0.0,0.0,0.0,0.0,0.0
597,0.0,0.0,0.0,0.0,0.0,0.0,0.0,0.0,0.0,0.0,0.0,0.0,0.0,0.0,0.0,0.0,267.2700500488281,62.496978759765625,0.0,0.0,222.2079315185547,96.5438995361328,296.6031188964844,175.8640594482422,276.81671142578125,170.20486450195312,0.0,0.0,0.0,0.0,0.0,0.0,0.0,0.0
598,0.0,0.0,0.0,0.0,0.0,0.0,0.0,0.0,0.0,0.0,0.0,0.0,0.0,0.0,0.0,0.0,0.0,0.0,218.565673828125,98.51829528808594,221.86607360839844,99.05078125,293.0091857910156,175.98403930664062,283.5930480957031,171.36424255371094,0.0,0.0,0.0,0.0,0.0,0.0,0.0,0.0
599,0.0,0.0,0.0,0.0,0.0,0.0,0.0,0.0,0.0,0.0,0.0,0.0,0.0,0.0,275.2707214355469,76.16183471679688,281.7137756347656,70.42642974853516,218.83969116210935,100.53463745117188,222.8726806640625,97.51950073242188,292.739990234375,172.45120239257812,281.0618591308594,167.05860900878906,0.0,0.0,0.0,0.0,0.0,0.0,0.0,0.0
600,0.0,0.0,0.0,0.0,0.0,0.0,0.0,0.0,0.0,0.0,0.0,0.0,0.0,0.0,0.0,0.0,278.4141845703125,72.59619140625,0.0,0.0,226.5260009765625,98.1940460205078,291.74627685546875,167.8388671875,281.961181640625,164.1422119140625,0.0,0.0,0.0,0.0,0.0,0.0,0.0,0.0
601,0.0,0.0,0.0,0.0,0.0,0.0,0.0,0.0,0.0,0.0,0.0,0.0,0.0,0.0,0.0,0.0,271.7404479980469,75.80340576171875,0.0,0.0,218.06222534179688,102.54792022705078,294.37646484375,175.44578552246094,280.23504638671875,171.62908935546875,0.0,0.0,0.0,0.0,0.0,0.0,0.0,0.0
602,0.0,0.0,0.0,0.0,0.0,0.0,0.0,0.0,0.0,0.0,0.0,0.0,0.0,0.0,280.31817626953125,78.22390747070312,0.0,0.0,222.89019775390625,100.99837493896484,0.0,0.0,291.72442626953125,167.8873748779297,283.6166687011719,164.1417999267578,0.0,0.0,0.0,0.0,0.0,0.0,0.0,0.0
603,0.0,0.0,0.0,0.0,0.0,0.0,0.0,0.0,0.0,0.0,0.0,0.0,0.0,0.0,277.52752685546875,80.58208465576172,0.0,0.0,220.6011199951172,102.43304443359376,221.9034118652344,101.8037567138672,290.1683349609375,173.3859100341797,283.2879638671875,168.68255615234375,0.0,0.0,0.0,0.0,0.0,0.0,0.0,0.0
604,0.0,0.0,0.0,0.0,0.0,0.0,0.0,0.0,0.0,0.0,0.0,0.0,0.0,0.0,284.1647033691406,82.85350799560547,0.0,0.0,224.4382476806641,104.185302734375,0.0,0.0,293.6134033203125,172.95697021484375,281.1218566894531,169.3456268310547,0.0,0.0,0.0,0.0,0.0,0.0,0.0,0.0
605,0.0,0.0,0.0,0.0,0.0,0.0,0.0,0.0,0.0,0.0,0.0,0.0,0.0,0.0,283.29754638671875,85.701904296875,0.0,0.0,221.4251708984375,105.09355926513672,0.0,0.0,292.94110107421875,175.22377014160156,282.49462890625,170.38601684570312,0.0,0.0,0.0,0.0,0.0,0.0,0.0,0.0
606,0.0,0.0,0.0,0.0,0.0,0.0,0.0,0.0,0.0,0.0,0.0,0.0,0.0,0.0,286.02392578125,84.59281921386719,0.0,0.0,226.3007354736328,104.48837280273438,228.8772430419922,103.20970153808594,293.1809387207031,173.3712158203125,283.6900329589844,169.25831604003906,0.0,0.0,0.0,0.0,0.0,0.0,0.0,0.0
607,0.0,0.0,0.0,0.0,0.0,0.0,0.0,0.0,0.0,0.0,0.0,0.0,0.0,0.0,293.8816223144531,86.19505310058594,0.0,0.0,233.90512084960935,102.11886596679688,234.11648559570312,100.3605499267578,291.80938720703125,171.43817138671875,278.83648681640625,166.5548858642578,0.0,0.0,0.0,0.0,0.0,0.0,0.0,0.0
608,0.0,0.0,0.0,0.0,0.0,0.0,0.0,0.0,0.0,0.0,0.0,0.0,0.0,0.0,294.5066833496094,80.09306335449219,285.2549743652344,81.2757339477539,234.06494140625,98.05671691894533,233.4973907470703,99.25049591064452,290.69561767578125,176.72305297851562,276.58135986328125,171.3753204345703,0.0,0.0,0.0,0.0,0.0,0.0,0.0,0.0
609,0.0,0.0,0.0,0.0,0.0,0.0,0.0,0.0,0.0,0.0,0.0,0.0,0.0,0.0,0.0,0.0,279.5408020019531,84.74343872070312,233.10452270507807,102.01477813720705,233.6459503173828,101.11406707763672,293.8089294433594,176.578125,276.0088806152344,172.4898223876953,0.0,0.0,0.0,0.0,0.0,0.0,0.0,0.0
610,0.0,0.0,0.0,0.0,0.0,0.0,0.0,0.0,0.0,0.0,0.0,0.0,267.6687927246094,15.488388061523438,290.1566467285156,84.13416290283203,273.7533264160156,86.73980712890625,233.02159118652344,97.681884765625,229.95785522460935,99.29882049560548,292.9247436523437,178.64407348632812,272.1494445800781,173.6673126220703,0.0,0.0,0.0,0.0,0.0,0.0,0.0,0.0
611,0.0,0.0,0.0,0.0,0.0,0.0,0.0,0.0,0.0,0.0,0.0,0.0,0.0,0.0,283.2518005371094,87.98115539550781,0.0,0.0,231.81480407714844,99.0527801513672,235.1072998046875,96.58390808105467,290.9338073730469,174.9002685546875,277.989501953125,170.6767578125,0.0,0.0,0.0,0.0,0.0,0.0,0.0,0.0
612,228.9563446044922,27.248085021972656,232.60433959960935,18.836151123046875,0.0,0.0,253.32766723632807,5.184783935546875,0.0,0.0,283.9428100585937,27.185089111328125,254.9996337890625,29.869430541992188,300.3886108398437,85.15778350830078,0.0,0.0,235.17726135253903,99.92868041992188,233.56048583984372,94.62525177001952,293.4478759765625,176.54562377929688,270.8509826660156,172.87677001953125,0.0,0.0,0.0,0.0,0.0,0.0,0.0,0.0
613,234.52337646484372,25.90958404541016,235.37005615234372,17.448020935058594,0.0,0.0,0.0,0.0,0.0,0.0,0.0,0.0,0.0,0.0,300.1129150390625,88.25953674316406,0.0,0.0,237.4104156494141,99.07012176513672,237.64956665039065,98.6282958984375,299.3653564453125,171.83096313476562,280.12457275390625,167.39285278320312,0.0,0.0,0.0,0.0,0.0,0.0,0.0,0.0
614,237.3803253173828,25.68086242675781,237.9266815185547,15.933097839355469,0.0,0.0,253.49713134765625,0.0,0.0,0.0,289.9678649902344,17.39031982421875,259.2559814453125,21.63807678222656,296.5604858398437,87.60057067871094,266.924560546875,84.59211730957031,234.0096893310547,101.0567398071289,228.9247894287109,97.17840576171876,298.0942077636719,174.82481384277344,272.8560485839844,171.10372924804688,0.0,0.0,0.0,0.0,0.0,0.0,0.0,0.0
615,231.30978393554688,27.858383178710938,233.794189453125,17.990829467773438,0.0,0.0,256.4709167480469,0.8976974487304688,0.0,0.0,290.64874267578125,25.567611694335938,0.0,0.0,302.7790832519531,88.96680450439453,0.0,0.0,236.1260223388672,100.14954376220705,238.00717163085935,100.7331771850586,297.09619140625,177.9366455078125,277.1908264160156,172.89321899414062,0.0,0.0,0.0,0.0,0.0,0.0,0.0,0.0
616,0.0,0.0,0.0,0.0,0.0,0.0,0.0,0.0,0.0,0.0,0.0,0.0,0.0,0.0,0.0,0.0,283.4935607910156,82.04722595214844,233.0487365722656,96.44036102294922,232.15771484375,98.42862701416016,293.4534912109375,181.50564575195312,274.333740234375,174.68496704101562,0.0,0.0,0.0,0.0,0.0,0.0,0.0,0.0
617,0.0,0.0,0.0,0.0,0.0,0.0,0.0,0.0,0.0,0.0,0.0,0.0,0.0,0.0,0.0,0.0,285.137939453125,82.61685180664062,229.91986083984372,94.63623046875,231.1247711181641,96.57136535644533,295.91339111328125,181.10006713867188,279.19989013671875,174.380615234375,0.0,0.0,0.0,0.0,0.0,0.0,0.0,0.0
618,0.0,0.0,0.0,0.0,0.0,0.0,0.0,0.0,0.0,0.0,0.0,0.0,0.0,0.0,0.0,0.0,287.7301330566406,81.711181640625,0.0,0.0,232.10983276367188,97.85816955566406,0.0,0.0,283.7351379394531,174.52828979492188,0.0,0.0,0.0,0.0,0.0,0.0,0.0,0.0
619,0.0,0.0,0.0,0.0,0.0,0.0,0.0,0.0,0.0,0.0,0.0,0.0,0.0,0.0,288.431640625,86.45903015136719,0.0,0.0,228.4121551513672,94.78397369384766,231.92849731445312,96.2402801513672,294.891845703125,175.52603149414062,282.76666259765625,169.49688720703125,0.0,0.0,0.0,0.0,0.0,0.0,0.0,0.0
620,0.0,0.0,0.0,0.0,0.0,0.0,0.0,0.0,0.0,0.0,0.0,0.0,0.0,0.0,295.7811584472656,83.4270248413086,284.6027526855469,81.32574462890625,233.7096099853516,95.39960479736328,234.607177734375,96.52224731445312,295.79559326171875,178.32460021972656,280.6500244140625,171.9544219970703,0.0,0.0,0.0,0.0,0.0,0.0,0.0,0.0
621,0.0,0.0,0.0,0.0,0.0,0.0,0.0,0.0,0.0,0.0,0.0,0.0,0.0,0.0,295.2846374511719,80.89270782470703,285.97174072265625,79.35833740234375,237.0157623291016,95.03453063964844,237.495361328125,97.23866271972656,290.89874267578125,180.72499084472656,275.15234375,174.56356811523438,0.0,0.0,0.0,0.0,0.0,0.0,0.0,0.0
622,0.0,0.0,0.0,0.0,0.0,0.0,0.0,0.0,0.0,0.0,0.0,0.0,0.0,0.0,296.022216796875,85.74019622802734,279.3229675292969,80.49417877197266,234.205322265625,92.78675842285156,228.5848388671875,96.225830078125,293.71697998046875,181.42727661132807,274.1766967773437,174.3654327392578,0.0,0.0,0.0,0.0,0.0,0.0,0.0,0.0
623,0.0,0.0,0.0,0.0,0.0,0.0,0.0,0.0,0.0,0.0,0.0,0.0,0.0,0.0,300.29412841796875,88.62705993652344,291.8081359863281,77.80668640136719,239.65272521972656,96.84742736816406,239.34054565429688,96.27062225341795,294.40576171875,185.1656646728516,275.91864013671875,176.7314910888672,0.0,0.0,0.0,0.0,0.0,0.0,0.0,0.0
624,0.0,0.0,0.0,0.0,0.0,0.0,0.0,0.0,0.0,0.0,0.0,0.0,0.0,0.0,299.4364013671875,86.59069061279297,287.99224853515625,81.24067687988281,237.42694091796875,93.17620849609376,235.48031616210935,95.91458892822266,293.96697998046875,183.42990112304688,274.32623291015625,175.3675994873047,0.0,0.0,0.0,0.0,0.0,0.0,0.0,0.0
625,0.0,0.0,0.0,0.0,0.0,0.0,0.0,0.0,0.0,0.0,0.0,0.0,0.0,0.0,0.0,0.0,285.1667785644531,80.67984771728516,234.11459350585935,95.92201232910156,235.18722534179688,96.8871612548828,294.85552978515625,183.53912353515625,278.16241455078125,177.4324951171875,0.0,0.0,0.0,0.0,0.0,0.0,0.0,0.0
626,0.0,0.0,0.0,0.0,0.0,0.0,0.0,0.0,0.0,0.0,0.0,0.0,0.0,0.0,296.54522705078125,87.94535064697266,280.115234375,79.4954605102539,230.59524536132807,92.15441131591795,226.76394653320312,95.12139892578124,294.9629821777344,181.73501586914065,274.4674987792969,173.75576782226562,0.0,0.0,0.0,0.0,0.0,0.0,0.0,0.0
627,0.0,0.0,0.0,0.0,0.0,0.0,0.0,0.0,0.0,0.0,0.0,0.0,0.0,0.0,294.561279296875,82.55494689941406,284.15167236328125,79.52027893066406,225.93052673339844,95.41056823730467,226.6794891357422,95.94456481933594,289.8798828125,183.8161773681641,276.5909729003906,176.99374389648438,0.0,0.0,0.0,0.0,0.0,0.0,0.0,0.0
628,0.0,0.0,0.0,0.0,0.0,0.0,0.0,0.0,0.0,0.0,284.81646728515625,26.301300048828125,261.6905517578125,28.705398559570312,287.25244140625,82.8187484741211,271.5455017089844,83.07371520996094,220.5883636474609,95.6305160522461,223.22537231445312,97.99630737304688,291.8714294433594,182.75059509277344,271.1146240234375,176.7211151123047,0.0,0.0,0.0,0.0,0.0,0.0,0.0,0.0
629,0.0,0.0,0.0,0.0,0.0,0.0,0.0,0.0,0.0,0.0,0.0,0.0,0.0,0.0,0.0,0.0,275.7798156738281,70.18484497070312,224.02410888671875,95.83065795898438,223.1783447265625,98.9489974975586,291.4809875488281,181.215576171875,269.0705871582031,174.53482055664062,0.0,0.0,0.0,0.0,0.0,0.0,0.0,0.0
630,0.0,0.0,0.0,0.0,0.0,0.0,0.0,0.0,0.0,0.0,0.0,0.0,0.0,0.0,281.4325866699219,75.78245544433594,272.8353271484375,73.61941528320312,213.00259399414065,97.1871337890625,216.0400390625,100.2198257446289,291.0798645019531,176.98287963867188,283.3382568359375,172.89303588867188,0.0,0.0,0.0,0.0,0.0,0.0,0.0,0.0
631,0.0,0.0,0.0,0.0,0.0,0.0,0.0,0.0,0.0,0.0,0.0,0.0,0.0,0.0,289.1036376953125,70.90693664550781,276.8971252441406,73.68412780761719,224.2684783935547,94.49840545654295,223.90579223632807,93.47917938232422,289.557373046875,179.44448852539062,271.4298095703125,172.7533721923828,0.0,0.0,0.0,0.0,0.0,0.0,0.0,0.0
632,0.0,0.0,0.0,0.0,0.0,0.0,0.0,0.0,0.0,0.0,0.0,0.0,0.0,0.0,291.6060791015625,71.79643249511719,281.7310791015625,69.70420837402344,228.3589630126953,88.24803161621094,231.0431365966797,87.31375122070312,291.373046875,172.90817260742188,273.16046142578125,167.2930908203125,0.0,0.0,0.0,0.0,0.0,0.0,0.0,0.0
633,0.0,0.0,0.0,0.0,0.0,0.0,0.0,0.0,0.0,0.0,0.0,0.0,0.0,0.0,0.0,0.0,271.7588195800781,65.42901611328125,229.34625244140625,83.99015045166016,228.25103759765625,82.10684204101562,287.9631042480469,173.17294311523438,269.23712158203125,168.9702606201172,0.0,0.0,0.0,0.0,0.0,0.0,0.0,0.0
634,0.0,0.0,0.0,0.0,0.0,0.0,0.0,0.0,0.0,0.0,0.0,0.0,0.0,0.0,290.2572631835937,61.28705596923828,0.0,0.0,230.7725524902344,73.43663024902344,229.923828125,70.66839599609375,285.8573608398437,173.38247680664062,274.7272644042969,167.339599609375,0.0,0.0,0.0,0.0,0.0,0.0,0.0,0.0
635,0.0,0.0,0.0,0.0,0.0,0.0,0.0,0.0,0.0,0.0,0.0,0.0,0.0,0.0,284.40240478515625,55.789459228515625,0.0,0.0,228.87892150878903,73.41968536376953,0.0,0.0,283.1268310546875,170.41473388671875,274.7413635253906,165.43450927734375,0.0,0.0,0.0,0.0,0.0,0.0,0.0,0.0
636,0.0,0.0,0.0,0.0,0.0,0.0,0.0,0.0,0.0,0.0,0.0,0.0,0.0,0.0,281.13580322265625,59.103981018066406,0.0,0.0,226.58372497558597,72.82304382324219,0.0,0.0,285.77984619140625,163.20404052734375,281.7124328613281,158.7050323486328,0.0,0.0,0.0,0.0,0.0,0.0,0.0,0.0
637,228.62049865722656,30.304466247558597,225.81689453125,22.38573455810547,0.0,0.0,235.9557037353516,2.755615234375,0.0,0.0,271.4640808105469,12.481399536132812,0.0,0.0,279.5053100585937,62.93011474609375,0.0,0.0,223.3459930419922,72.72919464111328,0.0,0.0,290.7685546875,158.65414428710938,279.7298889160156,156.8942108154297,0.0,0.0,0.0,0.0,0.0,0.0,0.0,0.0
638,0.0,0.0,0.0,0.0,0.0,0.0,0.0,0.0,0.0,0.0,270.34912109375,5.2718353271484375,0.0,0.0,280.0751953125,60.68864440917969,0.0,0.0,222.08010864257807,72.81495666503906,218.7010040283203,69.741943359375,287.47430419921875,164.93641662597656,271.7247009277344,161.3686065673828,0.0,0.0,0.0,0.0,0.0,0.0,0.0,0.0
639,0.0,0.0,0.0,0.0,0.0,0.0,0.0,0.0,0.0,0.0,0.0,0.0,0.0,0.0,280.33526611328125,72.25904083251953,273.50396728515625,71.48460388183594,223.4366607666016,80.90509033203125,223.1920928955078,82.02790832519531,283.3393249511719,174.6781005859375,273.5383605957031,168.91932678222656,0.0,0.0,0.0,0.0,0.0,0.0,0.0,0.0
640,0.0,0.0,0.0,0.0,0.0,0.0,0.0,0.0,0.0,0.0,0.0,0.0,0.0,0.0,282.7270202636719,75.07335662841797,0.0,0.0,227.2674560546875,87.59901428222656,0.0,0.0,288.3265380859375,180.8862762451172,0.0,0.0,0.0,0.0,0.0,0.0,0.0,0.0,0.0,0.0
641,0.0,0.0,0.0,0.0,0.0,0.0,0.0,0.0,0.0,0.0,0.0,0.0,0.0,0.0,0.0,0.0,0.0,0.0,225.7559814453125,97.8006362915039,0.0,0.0,297.8579406738281,169.96636962890625,294.9041442871094,167.15753173828125,0.0,0.0,0.0,0.0,0.0,0.0,0.0,0.0
642,0.0,0.0,0.0,0.0,0.0,0.0,0.0,0.0,0.0,0.0,0.0,0.0,0.0,0.0,0.0,0.0,0.0,0.0,0.0,0.0,0.0,0.0,0.0,0.0,0.0,0.0,0.0,0.0,0.0,0.0,0.0,0.0,0.0,0.0
643,0.0,0.0,0.0,0.0,0.0,0.0,0.0,0.0,0.0,0.0,260.0556030273437,6.757339477539063,0.0,0.0,261.729248046875,86.26343536376953,0.0,0.0,215.17349243164065,108.82296752929688,0.0,0.0,284.36163330078125,172.81675720214844,299.20037841796875,168.834716796875,0.0,0.0,0.0,0.0,0.0,0.0,0.0,0.0
644,0.0,0.0,0.0,0.0,0.0,0.0,0.0,0.0,0.0,0.0,0.0,0.0,0.0,0.0,254.2348480224609,86.60787963867188,0.0,0.0,214.6197509765625,110.91818237304688,0.0,0.0,282.7129821777344,164.1588897705078,301.3667297363281,160.33001708984375,0.0,0.0,0.0,0.0,0.0,0.0,0.0,0.0
645,0.0,0.0,0.0,0.0,0.0,0.0,0.0,0.0,0.0,0.0,257.97662353515625,9.198394775390623,0.0,0.0,243.1638641357422,91.48435974121094,255.9102325439453,87.99150848388672,209.1234130859375,117.33805847167967,0.0,0.0,279.0490417480469,165.28904724121094,289.0752868652344,162.89202880859375,0.0,0.0,0.0,0.0,0.0,0.0,0.0,0.0
646,0.0,0.0,0.0,0.0,0.0,0.0,226.63568115234372,0.0,0.0,0.0,257.2414245605469,17.873863220214844,0.0,0.0,248.6046295166016,92.48159790039062,0.0,0.0,211.20558166503903,111.92625427246094,0.0,0.0,284.88153076171875,162.40725708007812,295.9729309082031,157.56634521484375,0.0,0.0,0.0,0.0,0.0,0.0,0.0,0.0
647,0.0,0.0,0.0,0.0,0.0,0.0,0.0,0.0,0.0,0.0,0.0,0.0,0.0,0.0,252.5523223876953,88.82392883300781,0.0,0.0,211.44073486328125,113.4906768798828,0.0,0.0,283.30401611328125,148.98483276367188,297.40216064453125,145.06033325195312,0.0,0.0,0.0,0.0,0.0,0.0,0.0,0.0
648,0.0,0.0,207.11062622070312,12.096443176269531,0.0,0.0,227.60403442382807,0.0,0.0,0.0,258.0548400878906,16.103713989257812,281.5646667480469,15.667213439941406,253.6666412353516,91.95906829833984,0.0,0.0,208.8925018310547,108.54964447021484,0.0,0.0,284.9413757324219,160.78997802734375,299.7918701171875,155.73191833496094,0.0,0.0,0.0,0.0,0.0,0.0,0.0,0.0
649,0.0,0.0,0.0,0.0,0.0,0.0,232.7312469482422,0.0,0.0,0.0,257.2174072265625,13.972930908203123,293.6040954589844,8.940193176269531,255.2509765625,91.11478424072266,0.0,0.0,211.47360229492188,103.1028060913086,0.0,0.0,281.75604248046875,155.75100708007812,304.058837890625,148.85702514648438,0.0,0.0,0.0,0.0,0.0,0.0,0.0,0.0
650,0.0,0.0,0.0,0.0,0.0,0.0,0.0,0.0,0.0,0.0,264.39312744140625,13.480804443359377,285.2439880371094,11.68254852294922,258.8230285644531,85.61353302001953,270.2427062988281,82.00467681884766,212.47532653808597,95.9782485961914,211.07716369628903,97.10462951660156,275.92071533203125,156.8569793701172,289.99517822265625,151.95849609375,0.0,0.0,0.0,0.0,0.0,0.0,0.0,0.0
651,0.0,0.0,0.0,0.0,0.0,0.0,0.0,0.0,0.0,0.0,266.6149597167969,10.21343231201172,0.0,0.0,264.350830078125,89.56008911132812,266.5915222167969,83.5661392211914,227.34500122070312,86.46379089355469,205.7111358642578,91.26570129394533,279.3034362792969,153.15151977539062,298.2607116699219,148.7010498046875,0.0,0.0,0.0,0.0,0.0,0.0,0.0,0.0
652,0.0,0.0,0.0,0.0,0.0,0.0,0.0,0.0,0.0,0.0,274.9731140136719,2.3979034423828125,0.0,0.0,251.23423767089844,84.29804992675781,0.0,0.0,196.5848388671875,87.24797058105469,0.0,0.0,279.6827697753906,162.9268798828125,289.9475402832031,159.20578002929688,0.0,0.0,0.0,0.0,0.0,0.0,0.0,0.0
653,0.0,0.0,0.0,0.0,0.0,0.0,0.0,0.0,0.0,0.0,272.3467102050781,9.1510009765625,0.0,0.0,250.6881256103516,82.65908813476562,260.0579833984375,80.71997833251953,190.31700134277344,94.88427734375,196.56207275390625,92.954833984375,278.1643371582031,159.58828735351562,289.9942932128906,155.52146911621094,0.0,0.0,0.0,0.0,0.0,0.0,0.0,0.0
654,0.0,0.0,0.0,0.0,0.0,0.0,0.0,0.0,0.0,0.0,271.2068176269531,9.519821166992188,0.0,0.0,245.0441436767578,78.30764770507812,0.0,0.0,184.83004760742188,98.83029174804688,182.71820068359372,98.15223693847656,279.2483215332031,154.9776611328125,291.95269775390625,152.08587646484375,0.0,0.0,0.0,0.0,0.0,0.0,0.0,0.0
655,0.0,0.0,0.0,0.0,0.0,0.0,249.64874267578125,0.0,0.0,0.0,267.6351623535156,13.84228515625,0.0,0.0,246.2305603027344,93.06277465820312,0.0,0.0,181.41400146484372,105.25526428222656,0.0,0.0,281.236572265625,157.0977020263672,302.23736572265625,150.4026641845703,0.0,0.0,0.0,0.0,0.0,0.0,0.0,0.0
656,0.0,0.0,0.0,0.0,0.0,0.0,0.0,0.0,0.0,0.0,270.2207946777344,10.164764404296877,0.0,0.0,249.0153961181641,87.50082397460938,0.0,0.0,179.26182556152344,110.40255737304688,0.0,0.0,280.20947265625,158.28997802734375,298.5386047363281,152.5709686279297,0.0,0.0,0.0,0.0,0.0,0.0,0.0,0.0
657,0.0,0.0,0.0,0.0,0.0,0.0,0.0,0.0,0.0,0.0,0.0,0.0,0.0,0.0,251.27947998046875,90.64057159423828,0.0,0.0,183.01312255859372,113.2030792236328,0.0,0.0,277.0511474609375,164.22640991210938,294.2358093261719,160.1549530029297,0.0,0.0,0.0,0.0,0.0,0.0,0.0,0.0
658,0.0,0.0,0.0,0.0,0.0,0.0,0.0,0.0,0.0,0.0,269.22625732421875,17.25647735595703,0.0,0.0,248.2077178955078,92.10135650634766,0.0,0.0,180.1514587402344,114.15412902832033,0.0,0.0,279.5702514648437,160.27252197265625,297.3668212890625,155.53195190429688,0.0,0.0,0.0,0.0,0.0,0.0,0.0,0.0
659,0.0,0.0,0.0,0.0,0.0,0.0,0.0,0.0,0.0,0.0,268.4954528808594,16.645973205566406,0.0,0.0,248.32066345214844,92.08636474609376,0.0,0.0,180.03268432617188,114.19857788085938,0.0,0.0,279.549560546875,160.35812377929688,298.0375366210937,155.57855224609375,0.0,0.0,0.0,0.0,0.0,0.0,0.0,0.0
660,0.0,0.0,0.0,0.0,0.0,0.0,0.0,0.0,0.0,0.0,271.0986633300781,14.95306396484375,0.0,0.0,250.65545654296875,94.11471557617188,0.0,0.0,181.7422790527344,115.77869415283205,0.0,0.0,281.1808776855469,160.90283203125,296.3659362792969,155.23092651367188,0.0,0.0,0.0,0.0,0.0,0.0,0.0,0.0
661,0.0,0.0,0.0,0.0,0.0,0.0,0.0,0.0,0.0,0.0,270.7091979980469,15.395538330078123,0.0,0.0,250.413818359375,96.2757797241211,0.0,0.0,181.75213623046875,114.22429656982422,207.27633666992188,110.09040832519533,281.1523132324219,159.89324951171875,294.74139404296875,152.19931030273438,0.0,0.0,0.0,0.0,0.0,0.0,0.0,0.0
662,0.0,0.0,0.0,0.0,0.0,0.0,254.9404296875,0.0,0.0,0.0,273.0967712402344,14.87237548828125,0.0,0.0,250.00753784179688,97.18335723876952,0.0,0.0,180.75672912597656,110.57722473144533,0.0,0.0,284.8558044433594,160.9777374267578,291.767822265625,155.32415771484375,0.0,0.0,0.0,0.0,0.0,0.0,0.0,0.0
663,0.0,0.0,0.0,0.0,0.0,0.0,0.0,0.0,0.0,0.0,278.675048828125,18.07611846923828,0.0,0.0,276.8321838378906,100.365234375,0.0,0.0,220.1584930419922,106.75245666503906,219.40760803222656,105.16515350341795,285.164794921875,156.91989135742188,276.55084228515625,152.01675415039062,0.0,0.0,0.0,0.0,0.0,0.0,0.0,0.0
664,0.0,0.0,0.0,0.0,0.0,0.0,242.98831176757807,0.0,0.0,0.0,278.2768249511719,15.761581420898438,258.552490234375,12.061935424804688,279.3423767089844,101.23487091064452,252.6576232910156,85.47538757324219,217.47137451171875,112.15975952148438,211.73452758789065,101.68183135986328,285.6473693847656,156.1766815185547,271.3560791015625,150.3899688720703,0.0,0.0,0.0,0.0,0.0,0.0,0.0,0.0
665,0.0,0.0,0.0,0.0,0.0,0.0,0.0,0.0,0.0,0.0,277.0404052734375,12.59905242919922,268.899169921875,11.154556274414062,288.8193359375,98.97290802001952,271.5438842773437,84.17002868652344,230.7067108154297,113.48086547851562,223.9558868408203,101.7240753173828,286.56805419921875,156.23483276367188,280.5172119140625,151.06224060058594,0.0,0.0,0.0,0.0,0.0,0.0,0.0,0.0
666,0.0,0.0,0.0,0.0,0.0,0.0,0.0,0.0,0.0,0.0,285.5301513671875,20.382400512695312,274.6754455566406,16.716583251953125,284.1532287597656,105.21023559570312,265.1138916015625,86.52037048339844,227.57373046875,110.93853759765624,226.24681091308597,98.35932159423828,286.1419372558594,150.42066955566406,278.81109619140625,144.78221130371094,0.0,0.0,0.0,0.0,0.0,0.0,0.0,0.0
667,0.0,0.0,0.0,0.0,0.0,0.0,0.0,0.0,0.0,0.0,274.5608215332031,21.085464477539062,279.46588134765625,13.313087463378906,275.0525817871094,104.9946517944336,275.400390625,80.54899597167969,228.30897521972656,114.95545959472656,231.4797515869141,94.85055541992188,282.0280456542969,155.39288330078125,285.19586181640625,148.7617950439453,0.0,0.0,0.0,0.0,0.0,0.0,0.0,0.0
668,0.0,0.0,0.0,0.0,0.0,0.0,253.7645721435547,0.0,0.0,0.0,275.521728515625,26.40345764160156,292.47100830078125,17.901824951171875,269.5848999023437,102.6991195678711,276.5162353515625,78.52458953857422,223.61203002929688,117.98162841796876,233.9775390625,95.48661041259766,279.8915100097656,148.12803649902344,292.824951171875,141.6038055419922,263.5282592773437,222.99855041503903,0.0,0.0,0.0,0.0,0.0,0.0
669,0.0,0.0,0.0,0.0,0.0,0.0,246.47824096679688,0.0,0.0,0.0,275.51202392578125,22.97673797607422,275.6276550292969,13.6976318359375,269.881591796875,107.86994171142578,273.95709228515625,77.83800506591797,221.76400756835935,119.90899658203124,233.5020294189453,93.8992156982422,283.4537048339844,154.32717895507812,282.8187866210937,146.4418487548828,0.0,0.0,0.0,0.0,0.0,0.0,0.0,0.0
670,0.0,0.0,0.0,0.0,0.0,0.0,234.94586181640625,0.0,0.0,0.0,264.72344970703125,25.279754638671875,279.9600830078125,16.336898803710938,268.990478515625,109.86389923095705,282.3667907714844,82.85602569580078,220.49002075195312,120.30416107177734,232.85501098632807,93.09734344482422,280.7004699707031,157.88026428222656,290.6992492675781,150.22967529296875,0.0,0.0,0.0,0.0,0.0,0.0,0.0,0.0
671,0.0,0.0,0.0,0.0,0.0,0.0,247.78631591796875,0.0,0.0,0.0,272.20391845703125,26.17549133300781,277.9791259765625,17.797119140625,264.4728088378906,107.0214614868164,274.3103942871094,78.5191650390625,217.8698883056641,119.3842315673828,229.46224975585935,94.3009796142578,281.5583801269531,156.72369384765625,285.0161437988281,149.76756286621094,0.0,0.0,0.0,0.0,0.0,0.0,0.0,0.0
672,0.0,0.0,222.0673828125,0.0,0.0,0.0,246.5383453369141,0.0,0.0,0.0,269.794189453125,27.72520446777344,280.6532897949219,19.433914184570312,258.3598327636719,106.46249389648438,272.7213134765625,81.44300842285156,211.6495056152344,117.7303466796875,219.4031982421875,101.29827117919922,281.01910400390625,154.32183837890625,288.5068054199219,147.3404083251953,0.0,0.0,0.0,0.0,0.0,0.0,0.0,0.0
673,219.1749267578125,4.882720947265625,221.71096801757807,0.0,0.0,0.0,248.0621032714844,0.0,0.0,0.0,270.68670654296875,29.75352478027344,275.6434326171875,20.19219970703125,259.5945739746094,108.24918365478516,275.94500732421875,80.49552917480469,210.09092712402344,116.8549575805664,232.04031372070312,93.0816650390625,282.1846923828125,157.78778076171875,284.9750061035156,150.39683532714844,0.0,0.0,0.0,0.0,0.0,0.0,0.0,0.0
674,0.0,0.0,0.0,0.0,0.0,0.0,247.54095458984372,0.0,0.0,0.0,269.293701171875,28.41070556640625,284.7003173828125,18.381202697753903,258.28582763671875,108.03807067871094,280.7818603515625,78.0948486328125,210.80198669433597,118.1456298828125,232.35873413085935,91.88714599609376,281.8569641113281,156.17523193359375,291.61285400390625,148.7393341064453,0.0,0.0,0.0,0.0,0.0,0.0,0.0,0.0
675,218.67849731445312,6.305435180664063,220.79493713378903,0.0,0.0,0.0,246.7307586669922,0.0,0.0,0.0,272.0562744140625,30.595184326171875,272.8135986328125,20.67829132080078,268.9920654296875,110.45130920410156,271.7982788085937,79.87664031982422,221.23074340820312,116.40402221679688,230.8302001953125,90.64491271972656,286.2564392089844,155.25897216796875,286.66162109375,147.9718017578125,0.0,0.0,0.0,0.0,0.0,0.0,0.0,0.0
676,0.0,0.0,0.0,0.0,0.0,0.0,247.88233947753903,0.0,0.0,0.0,271.357421875,28.636985778808597,279.8131103515625,19.148757934570312,263.45623779296875,110.0352783203125,277.327392578125,80.31962585449219,213.54290771484372,118.178466796875,230.68820190429688,90.68011474609376,284.6150817871094,156.21218872070312,289.8749084472656,149.13336181640625,0.0,0.0,0.0,0.0,0.0,0.0,0.0,0.0
677,0.0,0.0,0.0,0.0,0.0,0.0,248.1136016845703,0.0,0.0,0.0,269.98663330078125,27.97715759277344,284.3905944824219,19.389663696289062,264.9575500488281,108.2072525024414,280.205810546875,81.21426391601562,217.68771362304688,117.82986450195312,230.50775146484372,90.45823669433594,284.01226806640625,156.5234375,293.4685363769531,149.99618530273438,0.0,0.0,0.0,0.0,0.0,0.0,0.0,0.0
678,225.38870239257807,26.967086791992188,222.79954528808597,19.54467010498047,0.0,0.0,239.8576812744141,6.332695007324219,0.0,0.0,268.4494934082031,33.722694396972656,279.83251953125,26.715347290039062,269.64947509765625,108.52263641357422,277.8746032714844,79.56182861328125,219.88595581054688,117.0718994140625,229.78184509277344,90.30494689941406,283.5900573730469,158.36085510253906,290.6915283203125,151.79104614257812,0.0,0.0,0.0,0.0,0.0,0.0,0.0,0.0
679,0.0,0.0,226.71926879882807,6.531990051269531,0.0,0.0,245.7113037109375,0.0,0.0,0.0,269.0962829589844,32.19496154785156,279.4044189453125,23.63876342773437,267.1966552734375,108.02326202392578,277.29052734375,80.6278076171875,219.3318023681641,117.35586547851562,231.36546325683597,90.1667938232422,284.0357666015625,155.31607055664062,290.74237060546875,148.5686798095703,0.0,0.0,0.0,0.0,0.0,0.0,0.0,0.0
680,0.0,0.0,0.0,0.0,0.0,0.0,246.3638610839844,2.0957107543945312,0.0,0.0,271.6666259765625,28.075836181640625,289.7998352050781,19.38053131103516,270.4957275390625,105.4826202392578,278.0246276855469,82.29955291748047,227.97972106933597,113.18472290039062,0.0,0.0,283.2490539550781,155.64002990722656,294.1654663085937,148.1075439453125,0.0,0.0,0.0,0.0,0.0,0.0,0.0,0.0
681,0.0,0.0,0.0,0.0,0.0,0.0,255.2843017578125,0.0,0.0,0.0,272.2342529296875,25.80926513671875,284.88458251953125,19.289230346679688,268.9820861816406,105.6646728515625,0.0,0.0,224.1676788330078,116.404052734375,0.0,0.0,281.61529541015625,153.84097290039062,290.2465209960937,148.42308044433594,0.0,0.0,0.0,0.0,0.0,0.0,0.0,0.0
682,0.0,0.0,0.0,0.0,0.0,0.0,235.50099182128903,0.0,0.0,0.0,265.3915100097656,26.113311767578125,275.33966064453125,18.5682373046875,269.3267822265625,107.17535400390624,278.3373107910156,81.63761138916016,218.8045959472656,116.3304443359375,231.10899353027344,88.06047058105469,282.545166015625,156.6761016845703,288.5928955078125,149.92042541503906,0.0,0.0,0.0,0.0,0.0,0.0,0.0,0.0
683,0.0,0.0,0.0,0.0,0.0,0.0,255.9773712158203,0.0,0.0,0.0,274.8915710449219,25.835235595703125,283.1986083984375,19.195724487304688,270.38720703125,105.7788543701172,274.89080810546875,81.45106506347656,222.9644775390625,115.6134033203125,229.63909912109372,87.99453735351562,283.00311279296875,153.89682006835938,288.59088134765625,148.3246612548828,0.0,0.0,0.0,0.0,0.0,0.0,0.0,0.0
684,0.0,0.0,0.0,0.0,0.0,0.0,0.0,0.0,0.0,0.0,274.6430358886719,24.25963592529297,279.5548400878906,17.831680297851562,274.1292419433594,105.36101531982422,272.6713256835937,80.23191833496094,225.5858917236328,116.42029571533205,228.14984130859372,87.64559936523438,283.4803161621094,152.23516845703125,287.0594787597656,146.71453857421875,0.0,0.0,0.0,0.0,0.0,0.0,0.0,0.0
685,0.0,0.0,0.0,0.0,0.0,0.0,0.0,0.0,0.0,0.0,276.0771484375,26.13272857666016,276.2830505371094,18.312911987304688,277.0526733398437,106.85421752929688,270.39825439453125,78.27194213867188,228.03517150878903,115.59911346435548,228.1737518310547,86.63906860351562,285.0347900390625,150.4464111328125,285.2486877441406,144.48033142089844,0.0,0.0,0.0,0.0,0.0,0.0,0.0,0.0
686,0.0,0.0,0.0,0.0,0.0,0.0,0.0,0.0,0.0,0.0,275.1521911621094,24.225875854492188,278.1066589355469,16.808563232421875,270.0095520019531,105.77959442138672,270.7737731933594,78.75698852539062,221.71192932128903,115.23674774169922,228.15745544433597,88.402099609375,285.7713623046875,151.60983276367188,287.53082275390625,145.78099060058594,0.0,0.0,0.0,0.0,0.0,0.0,0.0,0.0
687,0.0,0.0,0.0,0.0,0.0,0.0,243.1164093017578,0.0,0.0,0.0,271.08514404296875,26.52269744873047,278.30517578125,18.67662048339844,270.51580810546875,108.68472290039062,274.2846069335937,78.514404296875,226.18502807617188,115.30433654785156,230.4298248291016,88.17584228515625,285.3226928710937,152.4337921142578,290.1094055175781,146.10699462890625,0.0,0.0,0.0,0.0,0.0,0.0,0.0,0.0
688,0.0,0.0,0.0,0.0,0.0,0.0,244.79489135742188,0.0,0.0,0.0,273.6767883300781,26.389923095703125,277.1090087890625,17.09796142578125,270.5499572753906,110.76667785644533,274.1324462890625,77.69513702392578,226.9303436279297,115.81915283203124,229.78700256347656,88.43806457519531,286.8203125,153.8946075439453,288.6134033203125,146.77345275878906,0.0,0.0,0.0,0.0,0.0,0.0,0.0,0.0
689,0.0,0.0,0.0,0.0,0.0,0.0,247.5260009765625,0.0,0.0,0.0,274.8475646972656,27.368488311767575,286.0935363769531,15.64373779296875,272.7285461425781,108.06773376464844,274.94659423828125,74.25819396972656,230.45767211914065,114.20773315429688,231.9709625244141,88.55415344238281,286.9006652832031,150.8594207763672,292.88287353515625,142.0341033935547,0.0,0.0,0.0,0.0,0.0,0.0,0.0,0.0
690,220.91770935058597,7.114891052246094,220.52989196777344,0.0,0.0,0.0,242.5634613037109,0.0,0.0,0.0,270.4525451660156,27.37582397460937,277.47265625,19.994140625,271.8568725585937,108.5444793701172,275.1071472167969,78.81436920166016,223.55653381347656,115.1786117553711,230.4938507080078,87.28114318847656,285.56768798828125,151.21766662597656,290.5692443847656,145.04800415039062,0.0,0.0,0.0,0.0,0.0,0.0,0.0,0.0
691,0.0,0.0,0.0,0.0,0.0,0.0,247.31997680664065,0.0,0.0,0.0,273.8934631347656,25.555248260498047,285.4461364746094,15.981369018554688,274.7278747558594,107.4991455078125,274.6129455566406,75.92005920410156,227.470703125,115.70100402832033,230.8529510498047,85.99432373046875,284.8443603515625,151.61328125,291.2369384765625,143.9709930419922,0.0,0.0,0.0,0.0,0.0,0.0,0.0,0.0
692,0.0,0.0,0.0,0.0,0.0,0.0,239.0965118408203,0.0,0.0,0.0,266.2677917480469,27.324005126953125,276.8919677734375,19.828125,272.5718994140625,108.28701782226562,277.9755249023437,79.59330749511719,223.6830139160156,114.53817749023438,232.2000732421875,83.07174682617188,283.3468933105469,152.4846954345703,290.6090087890625,146.3596649169922,0.0,0.0,0.0,0.0,0.0,0.0,0.0,0.0
693,0.0,0.0,0.0,0.0,0.0,0.0,0.0,0.0,0.0,0.0,270.1835327148437,25.371749877929688,281.3297424316406,17.127967834472656,270.785888671875,106.4642105102539,276.8199768066406,77.89254760742188,222.68185424804688,115.18614196777344,229.65609741210935,84.00454711914062,282.96661376953125,152.3015899658203,290.55242919921875,146.0526885986328,0.0,0.0,0.0,0.0,0.0,0.0,0.0,0.0
694,0.0,0.0,0.0,0.0,0.0,0.0,0.0,0.0,0.0,0.0,272.43487548828125,24.08185577392578,283.2637634277344,14.605682373046877,272.1519775390625,106.37025451660156,272.5242004394531,77.37242889404297,224.74449157714844,116.3597412109375,230.7955017089844,85.10256958007812,283.34326171875,155.79995727539062,289.1862487792969,148.3046875,0.0,0.0,0.0,0.0,0.0,0.0,0.0,0.0
695,0.0,0.0,0.0,0.0,0.0,0.0,252.1818389892578,0.0,0.0,0.0,271.32177734375,26.76889038085937,281.5844116210937,17.8436279296875,273.02252197265625,107.1430206298828,276.91729736328125,78.60137939453125,225.68284606933597,115.61636352539062,229.98312377929688,83.26103210449219,283.6810302734375,151.4505157470703,291.0713806152344,145.29733276367188,0.0,0.0,0.0,0.0,0.0,0.0,0.0,0.0
696,0.0,0.0,0.0,0.0,0.0,0.0,0.0,0.0,0.0,0.0,270.8780822753906,27.93981170654297,284.6520080566406,18.13388061523437,266.94952392578125,107.07281494140624,277.9095764160156,77.22032165527344,222.2716217041016,114.45994567871094,232.69338989257807,81.90174102783203,282.7454833984375,152.37088012695312,292.2262878417969,145.957275390625,0.0,0.0,0.0,0.0,0.0,0.0,0.0,0.0
697,0.0,0.0,0.0,0.0,0.0,0.0,248.6770782470703,0.0,0.0,0.0,269.7196044921875,26.59703063964844,280.88641357421875,18.22079467773437,268.49224853515625,107.25677490234376,276.58428955078125,78.5010986328125,221.308349609375,113.85784912109376,229.53607177734372,81.2016372680664,283.861572265625,151.87660217285156,291.26239013671875,145.64096069335938,0.0,0.0,0.0,0.0,0.0,0.0,0.0,0.0
698,0.0,0.0,0.0,0.0,0.0,0.0,245.33914184570312,0.0,0.0,0.0,266.4523620605469,28.154098510742188,283.6087646484375,18.35835266113281,262.9150085449219,106.9734344482422,277.7234802246094,75.32595825195312,218.0850067138672,114.37312316894533,229.61666870117188,80.49200439453125,281.5556030273437,154.61004638671875,293.1403503417969,147.78297424316406,0.0,0.0,0.0,0.0,0.0,0.0,0.0,0.0
699,0.0,0.0,0.0,0.0,0.0,0.0,249.29086303710935,0.0,0.0,0.0,267.96441650390625,29.93975067138672,285.03887939453125,21.01995086669922,265.3772888183594,108.47026824951172,278.7038269042969,79.0022201538086,220.39144897460935,115.75633239746094,230.05763244628903,79.99703979492188,280.2269897460937,155.69027709960938,292.2610168457031,149.25991821289062,0.0,0.0,0.0,0.0,0.0,0.0,0.0,0.0
700,0.0,0.0,0.0,0.0,0.0,0.0,245.60833740234372,0.0,0.0,0.0,268.60302734375,27.71202087402344,281.02325439453125,18.969024658203125,268.26666259765625,108.19491577148438,277.4944152832031,77.26304626464844,220.1014862060547,115.19371032714844,231.3685302734375,81.87631225585938,281.49737548828125,154.29283142089844,289.8688659667969,147.77365112304688,0.0,0.0,0.0,0.0,0.0,0.0,0.0,0.0
701,0.0,0.0,0.0,0.0,0.0,0.0,248.341064453125,0.0,0.0,0.0,268.52606201171875,28.31964111328125,282.0741882324219,20.583969116210938,269.4227600097656,108.50643920898438,275.47320556640625,80.24166107177734,224.4833984375,116.18707275390624,228.46286010742188,81.39972686767578,280.1300354003906,155.39633178710938,290.2748718261719,149.6229705810547,0.0,0.0,0.0,0.0,0.0,0.0,0.0,0.0
702,0.0,0.0,0.0,0.0,0.0,0.0,248.97503662109372,0.0,0.0,0.0,269.035888671875,28.873992919921875,279.5556030273437,21.049415588378903,267.13690185546875,109.35003662109376,274.9171142578125,81.23075866699219,221.4815216064453,115.48709106445312,230.52163696289065,82.27558898925781,281.309326171875,155.23614501953125,288.7992553710937,149.59115600585938,0.0,0.0,0.0,0.0,0.0,0.0,0.0,0.0
703,0.0,0.0,0.0,0.0,0.0,0.0,248.16336059570312,0.0,0.0,0.0,267.6737976074219,27.793701171875,284.214599609375,19.3973388671875,266.3267517089844,107.53141784667967,0.0,0.0,222.83905029296875,116.7859878540039,0.0,0.0,279.5028991699219,155.80917358398438,290.7384033203125,149.5042724609375,0.0,0.0,0.0,0.0,0.0,0.0,0.0,0.0
704,0.0,0.0,0.0,0.0,0.0,0.0,250.23487854003903,0.0,0.0,0.0,267.5619812011719,29.59556579589844,284.3538513183594,20.70934295654297,266.4935913085937,109.8433609008789,0.0,0.0,220.99380493164065,114.94121551513672,0.0,0.0,281.4827880859375,156.44683837890625,293.291259765625,150.2298583984375,0.0,0.0,0.0,0.0,0.0,0.0,0.0,0.0
705,0.0,0.0,0.0,0.0,0.0,0.0,252.11021423339844,0.0,0.0,0.0,270.37078857421875,28.693603515625,286.9124755859375,19.163864135742188,267.7999572753906,108.03306579589844,271.0571594238281,80.69529724121094,220.03759765625,113.35618591308594,230.67222595214844,82.36866760253906,278.64215087890625,151.7109375,291.04425048828125,145.24893188476562,260.2052307128906,227.1201171875,0.0,0.0,0.0,0.0,0.0,0.0
706,0.0,0.0,0.0,0.0,0.0,0.0,245.20556640625,0.0,0.0,0.0,265.6654968261719,28.80631256103516,285.8104248046875,20.185508728027344,258.65399169921875,109.36066436767578,281.1942138671875,82.21155548095703,214.0264434814453,118.16932678222656,232.97671508789065,85.83236694335938,278.9728088378906,158.80535888671875,292.3736572265625,151.7978973388672,0.0,0.0,0.0,0.0,0.0,0.0,0.0,0.0
707,0.0,0.0,0.0,0.0,0.0,0.0,251.46792602539065,0.0,0.0,0.0,267.750244140625,30.137657165527344,284.8602294921875,21.042633056640625,262.97857666015625,107.87646484375,277.970458984375,78.13650512695312,215.52394104003903,116.82633972167967,229.6099090576172,82.12043762207031,277.5653076171875,157.65296936035156,289.5544738769531,151.0684356689453,0.0,0.0,0.0,0.0,0.0,0.0,0.0,0.0
708,0.0,0.0,0.0,0.0,0.0,0.0,247.893310546875,0.0,0.0,0.0,267.9252624511719,29.755523681640625,282.0400085449219,21.813644409179688,266.38543701171875,106.3886489868164,274.7217102050781,78.31904602050781,219.27825927734372,118.22604370117188,227.1995849609375,83.00875091552734,275.5682983398437,157.312255859375,285.96685791015625,151.06155395507812,0.0,0.0,0.0,0.0,0.0,0.0,0.0,0.0
709,0.0,0.0,0.0,0.0,0.0,0.0,243.9375915527344,0.0,0.0,0.0,267.2017517089844,30.13192749023437,277.78863525390625,23.21568298339844,266.0825500488281,107.1838150024414,273.2359619140625,79.1861343383789,221.35842895507807,119.22702026367188,229.04112243652344,82.66227722167969,278.32928466796875,154.54647827148438,285.8761291503906,148.64373779296875,0.0,0.0,0.0,0.0,0.0,0.0,0.0,0.0
710,0.0,0.0,0.0,0.0,0.0,0.0,247.65724182128903,0.0,0.0,0.0,266.4209289550781,30.46630096435547,280.1190795898437,23.70591735839844,266.779541015625,107.5989761352539,276.0488586425781,83.0186538696289,220.64308166503903,119.89208221435548,231.0333404541016,87.18292236328125,276.7309265136719,156.7159423828125,286.76641845703125,151.14817810058594,0.0,0.0,0.0,0.0,0.0,0.0,0.0,0.0
711,0.0,0.0,0.0,0.0,0.0,0.0,241.96536254882807,0.0,0.0,0.0,264.2703552246094,32.378517150878906,280.9778137207031,24.88458251953125,262.8558959960937,108.32350158691406,274.8284912109375,79.24177551269531,218.18460083007807,121.99505615234376,228.02523803710935,82.38267517089844,276.1226806640625,157.2997283935547,288.0632629394531,151.1018524169922,0.0,0.0,0.0,0.0,0.0,0.0,0.0,0.0
712,0.0,0.0,0.0,0.0,0.0,0.0,241.21224975585935,0.0,0.0,0.0,265.362548828125,31.148651123046875,277.3732604980469,24.599777221679688,266.125,105.71381378173828,273.8053283691406,78.42518615722656,220.9138641357422,120.91567993164062,228.9654541015625,84.79353332519531,275.67041015625,155.84153747558594,284.04510498046875,149.861083984375,0.0,0.0,0.0,0.0,0.0,0.0,0.0,0.0
713,0.0,0.0,0.0,0.0,0.0,0.0,244.3238983154297,0.0,0.0,0.0,265.8921203613281,28.69054412841797,275.7362670898437,22.40534210205078,265.5716247558594,106.99256134033205,269.5953063964844,79.85020446777344,221.1177520751953,122.2178955078125,226.31854248046875,82.7702407836914,275.8827514648437,155.796875,283.5509338378906,150.59503173828125,0.0,0.0,0.0,0.0,0.0,0.0,0.0,0.0
714,0.0,0.0,0.0,0.0,0.0,0.0,245.75460815429688,0.0,0.0,0.0,268.9875793457031,27.004165649414062,281.3417663574219,21.10179901123047,266.3509521484375,105.24058532714844,268.0106201171875,80.36507415771484,221.97413635253903,120.1362762451172,231.03286743164065,84.19065856933594,275.2586669921875,152.64654541015625,284.526611328125,146.91806030273438,257.8345642089844,229.18753051757807,0.0,0.0,0.0,0.0,0.0,0.0
715,0.0,0.0,0.0,0.0,0.0,0.0,247.09063720703125,0.0,0.0,0.0,270.2391357421875,26.79656219482422,279.8401184082031,20.601951599121094,267.6827697753906,104.6353759765625,267.0543518066406,82.02252960205078,219.4674530029297,110.87836456298828,228.54443359375,84.68685913085938,275.4339599609375,156.2797393798828,282.354248046875,150.35897827148438,0.0,0.0,0.0,0.0,0.0,0.0,0.0,0.0
716,0.0,0.0,0.0,0.0,0.0,0.0,247.3619384765625,0.0,0.0,0.0,270.06719970703125,27.394821166992188,281.6114807128906,21.406036376953125,267.17840576171875,105.7444839477539,268.8462829589844,81.2735366821289,220.4930419921875,113.97917938232422,227.274169921875,84.07203674316406,276.5285339355469,157.123291015625,285.39111328125,151.6458282470703,0.0,0.0,0.0,0.0,0.0,0.0,0.0,0.0
717,0.0,0.0,0.0,0.0,0.0,0.0,250.04757690429688,0.0,0.0,0.0,268.0453186035156,31.7196044921875,276.3056030273437,26.20185852050781,262.3361511230469,106.45370483398438,268.7748413085937,80.85209655761719,219.1308135986328,121.33154296875,227.2574462890625,82.21611022949219,276.25299072265625,158.58570861816406,282.3614501953125,153.6908416748047,0.0,0.0,0.0,0.0,0.0,0.0,0.0,0.0
718,0.0,0.0,0.0,0.0,0.0,0.0,252.48301696777344,0.0,0.0,0.0,269.61669921875,29.154861450195312,282.22906494140625,23.386573791503903,262.3911437988281,103.13545989990234,266.39910888671875,80.81658935546875,217.8326568603516,120.32056427001952,228.9542236328125,82.15316772460938,275.5883178710937,154.34228515625,284.5237731933594,149.16006469726562,0.0,0.0,0.0,0.0,0.0,0.0,0.0,0.0
719,0.0,0.0,0.0,0.0,0.0,0.0,249.52362060546875,0.0,0.0,0.0,268.2433166503906,29.515411376953125,282.1825866699219,24.062408447265625,260.3014831542969,101.39378356933594,265.8226318359375,79.94699096679688,215.39547729492188,121.16716766357422,227.56838989257807,83.64457702636719,275.669677734375,153.90087890625,285.7557067871094,148.9292449951172,257.82818603515625,228.481201171875,0.0,0.0,0.0,0.0,0.0,0.0
720,0.0,0.0,0.0,0.0,0.0,0.0,252.18081665039065,0.0,0.0,0.0,268.78094482421875,29.075164794921875,284.0232238769531,22.386199951171875,264.66021728515625,102.83024597167967,268.6153869628906,79.71439361572266,220.079833984375,119.19410705566406,230.33053588867188,82.27532958984375,275.7434387207031,152.8900604248047,286.84503173828125,147.40989685058594,257.4100646972656,228.0118408203125,0.0,0.0,0.0,0.0,0.0,0.0
721,0.0,0.0,0.0,0.0,0.0,0.0,247.31103515625,0.0,0.0,0.0,267.5689392089844,30.377517700195312,281.9254150390625,22.932212829589844,259.99285888671875,103.2099609375,267.3291320800781,77.33894348144531,214.25680541992188,120.00244140625,230.02944946289065,83.430908203125,275.9954833984375,152.85105895996094,286.087158203125,146.88418579101562,257.7373962402344,226.2559356689453,0.0,0.0,0.0,0.0,0.0,0.0
722,0.0,0.0,0.0,0.0,0.0,0.0,249.1708068847656,0.0,0.0,0.0,266.6104431152344,33.67198181152344,279.98907470703125,25.001007080078125,253.54568481445312,105.69544982910156,274.41864013671875,76.7203369140625,200.595703125,123.51187133789062,229.21292114257807,84.52935791015625,278.5279541015625,158.17787170410156,287.1072082519531,151.84698486328125,0.0,0.0,0.0,0.0,0.0,0.0,0.0,0.0
723,228.7512359619141,17.179733276367188,229.21966552734372,10.505447387695312,0.0,0.0,247.5431671142578,1.929473876953125,0.0,0.0,265.132568359375,33.52543640136719,279.6257019042969,26.452957153320312,258.6370849609375,102.73355865478516,278.9737243652344,78.19271087646484,217.6512451171875,120.8817367553711,238.77261352539065,86.15872955322266,278.9512939453125,157.43154907226562,288.3044738769531,151.87728881835938,0.0,0.0,0.0,0.0,0.0,0.0,0.0,0.0
724,0.0,0.0,222.10739135742188,1.6232452392578125,0.0,0.0,246.01663208007807,0.0,0.0,0.0,269.0029296875,26.95948028564453,0.0,0.0,264.9984741210937,107.3740692138672,0.0,0.0,218.7002410888672,120.23116302490234,240.4021453857422,93.8708724975586,278.1498413085937,156.2283477783203,281.94366455078125,150.166748046875,262.6558532714844,233.95260620117188,0.0,0.0,0.0,0.0,0.0,0.0
725,0.0,0.0,223.85366821289065,0.7808685302734375,0.0,0.0,244.5398101806641,0.0,0.0,0.0,268.0144958496094,25.249420166015625,277.9952392578125,20.224868774414062,264.1318054199219,105.5268096923828,0.0,0.0,214.1650390625,120.20670318603516,0.0,0.0,278.50115966796875,157.91590881347656,285.4892578125,152.47811889648438,0.0,0.0,0.0,0.0,0.0,0.0,0.0,0.0
726,0.0,0.0,222.20526123046875,0.7090911865234375,0.0,0.0,244.3939514160156,0.0,0.0,0.0,266.9685363769531,25.400123596191406,0.0,0.0,259.9522399902344,103.41779327392578,0.0,0.0,209.74468994140625,121.52664947509766,0.0,0.0,278.1522827148437,156.0855712890625,288.4954833984375,150.00115966796875,261.8157653808594,230.1388702392578,0.0,0.0,0.0,0.0,0.0,0.0
727,0.0,0.0,0.0,0.0,0.0,0.0,252.72836303710935,0.0,0.0,0.0,270.066650390625,25.771484375,0.0,0.0,261.0005798339844,101.08934020996094,0.0,0.0,214.8231506347656,118.0832290649414,0.0,0.0,278.90045166015625,153.94610595703125,290.2922668457031,148.1712646484375,0.0,0.0,0.0,0.0,0.0,0.0,0.0,0.0
728,0.0,0.0,0.0,0.0,0.0,0.0,250.1103973388672,0.0,0.0,0.0,269.485107421875,25.45401763916016,0.0,0.0,261.1114807128906,101.24543762207033,0.0,0.0,214.9537048339844,117.68585205078124,0.0,0.0,279.2650146484375,154.14669799804688,289.8475341796875,148.26898193359375,0.0,0.0,0.0,0.0,0.0,0.0,0.0,0.0
729,0.0,0.0,0.0,0.0,0.0,0.0,246.4385681152344,0.0,0.0,0.0,266.4339904785156,28.28477478027344,285.08203125,20.979415893554688,258.4827575683594,104.552001953125,284.9435119628906,80.1266098022461,213.2103576660156,119.21256256103516,236.75054931640625,88.77018737792969,279.3534240722656,154.29954528808594,291.5462341308594,148.4060516357422,0.0,0.0,0.0,0.0,0.0,0.0,0.0,0.0
730,0.0,0.0,0.0,0.0,0.0,0.0,250.87811279296875,0.0,0.0,0.0,268.9927673339844,25.61608123779297,284.60455322265625,19.1688232421875,272.9667053222656,101.5371551513672,0.0,0.0,233.58985900878903,118.7518539428711,0.0,0.0,276.8302001953125,156.0161590576172,287.8968505859375,150.79208374023438,0.0,0.0,0.0,0.0,0.0,0.0,0.0,0.0
731,0.0,0.0,0.0,0.0,0.0,0.0,255.78770446777344,0.0,0.0,0.0,270.5439453125,25.29315185546875,289.96490478515625,18.00214385986328,269.17950439453125,102.76316833496094,0.0,0.0,227.8212738037109,117.45787048339844,0.0,0.0,277.00494384765625,155.75735473632812,290.7030334472656,150.03561401367188,0.0,0.0,0.0,0.0,0.0,0.0,0.0,0.0
732,0.0,0.0,0.0,0.0,0.0,0.0,249.0716857910156,0.0,0.0,0.0,269.88897705078125,26.19488525390625,279.36968994140625,20.076255798339844,263.9718933105469,105.18832397460938,280.9409484863281,81.1558837890625,213.8803253173828,120.38191223144533,237.45838928222656,89.31674194335938,279.0259094238281,156.8255157470703,284.64166259765625,151.25833129882812,0.0,0.0,0.0,0.0,0.0,0.0,0.0,0.0
733,0.0,0.0,0.0,0.0,0.0,0.0,248.064208984375,0.0,0.0,0.0,269.6995849609375,26.27545166015625,286.4269104003906,20.517120361328125,263.8409118652344,105.09601593017578,283.2835998535156,80.74835205078125,218.38015747070312,117.81610870361328,233.60723876953125,88.49896240234375,279.1412353515625,157.81005859375,290.5424194335937,152.19252014160156,0.0,0.0,0.0,0.0,0.0,0.0,0.0,0.0
734,222.65501403808597,9.461074829101562,223.19110107421875,1.375946044921875,0.0,0.0,247.15560913085935,0.0,0.0,0.0,270.25,26.337371826171875,279.79473876953125,22.42455291748047,264.4094543457031,104.79898834228516,276.1122436523437,82.17406463623047,218.17588806152344,117.32939910888672,231.4371795654297,87.8508529663086,278.26104736328125,157.95928955078125,284.7867736816406,153.14674377441406,0.0,0.0,0.0,0.0,0.0,0.0,0.0,0.0
735,0.0,0.0,0.0,0.0,0.0,0.0,248.31748962402344,0.0,0.0,0.0,269.3279113769531,28.979537963867188,283.40289306640625,22.81585693359375,264.4925231933594,106.45663452148438,278.5606689453125,80.70564270019531,216.2946929931641,117.8888702392578,230.87844848632807,83.70657348632812,278.0077209472656,155.86166381835938,287.6919860839844,150.1582794189453,0.0,0.0,0.0,0.0,0.0,0.0,0.0,0.0
736,0.0,0.0,0.0,0.0,0.0,0.0,247.8453826904297,0.0,0.0,0.0,269.0055847167969,25.793785095214844,289.2884216308594,21.08245086669922,261.8636169433594,101.91236877441406,0.0,0.0,214.34327697753903,116.7886962890625,0.0,0.0,278.716796875,156.1416473388672,292.8819885253906,150.7493896484375,0.0,0.0,0.0,0.0,0.0,0.0,0.0,0.0
737,0.0,0.0,0.0,0.0,0.0,0.0,247.94973754882807,0.0,0.0,0.0,269.0556335449219,25.702301025390625,289.40966796875,21.172866821289062,261.47174072265625,101.93617248535156,0.0,0.0,213.9861297607422,116.87786865234376,0.0,0.0,278.7133483886719,156.5008544921875,292.9466247558594,151.16488647460938,0.0,0.0,0.0,0.0,0.0,0.0,0.0,0.0
738,0.0,0.0,0.0,0.0,0.0,0.0,247.03668212890625,0.0,0.0,0.0,268.99383544921875,26.86517333984375,287.36236572265625,21.910873413085938,265.5605773925781,100.71981811523438,0.0,0.0,218.24343872070312,117.45378112792967,228.1992034912109,87.52538299560547,276.4716796875,156.71090698242188,289.5155639648437,151.21951293945312,0.0,0.0,0.0,0.0,0.0,0.0,0.0,0.0
739,0.0,0.0,0.0,0.0,0.0,0.0,249.25180053710935,0.0,0.0,0.0,270.53662109375,29.104721069335938,284.4354248046875,21.63340759277344,263.093017578125,104.28816223144533,278.5292358398437,75.33480834960938,215.4992828369141,116.90373229980467,230.3092193603516,84.16213989257812,277.5107727050781,155.63795471191406,287.2635498046875,149.5240936279297,263.1514892578125,230.9674530029297,0.0,0.0,0.0,0.0,0.0,0.0
740,224.4215087890625,11.017471313476562,225.1647186279297,3.352729797363281,0.0,0.0,247.79269409179688,0.0,0.0,0.0,268.4969482421875,30.17290496826172,280.3764343261719,24.735496520996094,263.7028503417969,106.07608795166016,277.3199462890625,81.0774154663086,219.22666931152344,116.51537322998048,234.1618804931641,84.27088928222656,277.93267822265625,156.29229736328125,285.7850952148437,151.35609436035156,0.0,0.0,0.0,0.0,0.0,0.0,0.0,0.0
741,221.8774871826172,11.173957824707031,222.44732666015625,2.240570068359375,0.0,0.0,247.0222625732422,0.0,0.0,0.0,271.16461181640625,26.60340881347656,281.5770263671875,21.53779602050781,264.93878173828125,107.45257568359376,278.525634765625,81.3414306640625,217.8466339111328,115.85535430908205,231.00140380859372,86.98417663574219,279.6932373046875,156.65684509277344,286.4642639160156,150.9656982421875,0.0,0.0,0.0,0.0,0.0,0.0,0.0,0.0
742,0.0,0.0,223.31658935546875,2.5338287353515625,0.0,0.0,247.24859619140625,0.0,0.0,0.0,270.12261962890625,25.525375366210938,286.345458984375,19.20814514160156,263.55938720703125,105.45370483398438,276.8714599609375,82.17697143554688,216.7989501953125,117.05776977539062,236.27151489257807,90.8057861328125,277.9015197753906,154.78335571289062,288.71014404296875,148.76158142089844,261.9032592773437,228.06927490234372,0.0,0.0,0.0,0.0,0.0,0.0
743,0.0,0.0,228.1369781494141,0.8762283325195312,0.0,0.0,249.4457855224609,0.0,0.0,0.0,269.6530456542969,27.49932861328125,284.7022399902344,22.2169189453125,262.68505859375,103.5124969482422,0.0,0.0,219.39816284179688,117.884521484375,0.0,0.0,279.5743408203125,154.1627655029297,290.0210876464844,149.1883087158203,262.95428466796875,228.7198028564453,0.0,0.0,0.0,0.0,0.0,0.0
744,0.0,0.0,0.0,0.0,0.0,0.0,248.7972717285156,0.0,0.0,0.0,268.4793395996094,29.19287109375,282.52203369140625,22.40032958984375,264.8407287597656,105.48326873779295,282.2779235839844,82.27295684814453,220.4039001464844,118.3159637451172,240.36517333984372,90.27105712890624,279.29034423828125,152.7169189453125,288.84136962890625,147.0862579345703,0.0,0.0,0.0,0.0,0.0,0.0,0.0,0.0
745,223.09976196289065,10.84539794921875,223.08413696289065,2.7808990478515625,0.0,0.0,244.2720184326172,0.0,0.0,0.0,268.3560791015625,28.62681579589844,279.7040710449219,21.50337219238281,264.8685607910156,107.65727996826172,282.3074645996094,80.24815368652344,218.07601928710935,118.017822265625,241.72625732421875,90.94241333007812,278.9212646484375,152.67588806152344,286.5927124023437,146.26866149902344,0.0,0.0,0.0,0.0,0.0,0.0,0.0,0.0
746,228.90328979492188,8.780952453613281,228.6977996826172,1.1732025146484375,0.0,0.0,248.5850982666016,0.0,0.0,0.0,271.9270324707031,24.08407592773437,280.3348693847656,19.58770751953125,266.71142578125,100.72825622558594,0.0,0.0,217.05072021484372,116.45063018798828,228.4388427734375,99.47346496582033,281.8499450683594,151.6219024658203,287.43267822265625,146.2205352783203,0.0,0.0,0.0,0.0,0.0,0.0,0.0,0.0
747,221.9704742431641,8.624275207519531,222.41409301757807,0.1481475830078125,0.0,0.0,246.03857421875,0.0,0.0,0.0,274.4112243652344,23.380615234375,273.4154663085937,22.23541259765625,274.441162109375,103.39710235595705,268.48291015625,89.59264373779297,221.51644897460935,116.61275482177734,220.9357452392578,105.9504165649414,281.0158386230469,154.177001953125,280.6883239746094,149.51722717285156,0.0,0.0,0.0,0.0,0.0,0.0,0.0,0.0
748,224.63540649414065,9.526130676269531,224.99142456054688,0.8005218505859375,0.0,0.0,248.78309631347656,0.0,0.0,0.0,277.6744689941406,22.093017578125,274.6852111816406,22.655807495117188,273.1845397949219,102.59307861328124,261.7126770019531,91.36642456054688,219.36964416503903,115.32068634033205,214.03878784179688,111.28742980957033,281.0595397949219,158.18121337890625,277.6817932128906,153.75015258789062,0.0,0.0,0.0,0.0,0.0,0.0,0.0,0.0
749,0.0,0.0,0.0,0.0,0.0,0.0,241.5122528076172,0.0,0.0,0.0,274.5623779296875,17.67131805419922,272.9389038085937,16.732925415039062,276.4372253417969,98.21505737304688,0.0,0.0,216.05751037597656,112.02059173583984,0.0,0.0,280.9974670410156,157.5540008544922,279.4278869628906,152.49301147460938,0.0,0.0,0.0,0.0,0.0,0.0,0.0,0.0
750,0.0,0.0,0.0,0.0,0.0,0.0,242.9181671142578,0.0,0.0,0.0,279.13006591796875,14.581764221191406,272.86474609375,12.743408203125,280.2747497558594,97.92620086669922,0.0,0.0,222.85073852539065,110.9730224609375,0.0,0.0,281.54022216796875,157.11932373046875,277.3417358398437,151.42410278320312,0.0,0.0,0.0,0.0,0.0,0.0,0.0,0.0
751,0.0,0.0,0.0,0.0,0.0,0.0,245.4434814453125,0.0,0.0,0.0,280.0602111816406,14.824127197265623,0.0,0.0,282.6882019042969,99.84176635742188,0.0,0.0,223.4173889160156,109.28907012939452,0.0,0.0,281.3692932128906,157.42935180664062,278.0119934082031,151.1824951171875,0.0,0.0,0.0,0.0,0.0,0.0,0.0,0.0
752,0.0,0.0,0.0,0.0,0.0,0.0,238.879150390625,0.0,0.0,0.0,277.5222473144531,16.189788818359375,0.0,0.0,284.8815612792969,96.83734130859376,0.0,0.0,223.8090667724609,110.18094635009766,0.0,0.0,280.859375,159.22796630859375,279.4707336425781,153.36849975585938,0.0,0.0,0.0,0.0,0.0,0.0,0.0,0.0
753,0.0,0.0,0.0,0.0,0.0,0.0,255.0298614501953,0.0,0.0,0.0,285.37127685546875,16.23259735107422,275.3271179199219,15.54412841796875,287.8449401855469,94.74038696289062,271.3614807128906,85.66099548339844,225.08328247070312,108.86090087890624,220.9251708984375,108.11089324951172,282.6736755371094,157.75518798828125,276.34539794921875,152.4797821044922,0.0,0.0,0.0,0.0,0.0,0.0,0.0,0.0
754,0.0,0.0,0.0,0.0,0.0,0.0,241.84439086914065,0.0,0.0,0.0,281.5893249511719,12.750694274902344,0.0,0.0,288.72479248046875,93.09752655029295,0.0,0.0,223.8801727294922,106.55339050292967,219.15435791015625,109.98493957519533,283.86248779296875,158.2725372314453,270.67266845703125,153.1067657470703,0.0,0.0,0.0,0.0,0.0,0.0,0.0,0.0
755,0.0,0.0,0.0,0.0,0.0,0.0,0.0,0.0,0.0,0.0,282.3334350585937,14.271980285644531,0.0,0.0,292.64898681640625,91.4682159423828,265.7421264648437,88.32943725585938,228.15966796875,107.17578125,219.1434783935547,110.1096420288086,281.9897155761719,160.06472778320312,270.3558654785156,155.73876953125,0.0,0.0,0.0,0.0,0.0,0.0,0.0,0.0
756,0.0,0.0,0.0,0.0,0.0,0.0,0.0,0.0,0.0,0.0,286.7104797363281,15.439865112304688,0.0,0.0,290.2351379394531,96.90402221679688,0.0,0.0,229.7494964599609,107.83982849121094,231.72555541992188,110.11467742919922,280.8922119140625,160.29443359375,274.3607482910156,154.71273803710938,0.0,0.0,0.0,0.0,0.0,0.0,0.0,0.0
757,0.0,0.0,0.0,0.0,0.0,0.0,250.44683837890625,0.0,0.0,0.0,285.9859313964844,16.247955322265625,0.0,0.0,291.1434936523437,95.29354095458984,0.0,0.0,222.61572265625,106.4819793701172,211.13656616210935,111.32608032226562,284.6977233886719,159.98513793945312,262.2637023925781,155.11790466308594,0.0,0.0,0.0,0.0,0.0,0.0,0.0,0.0
758,222.8076171875,17.363677978515625,222.26377868652344,9.892250061035156,0.0,0.0,243.41981506347656,0.0,0.0,0.0,283.0044860839844,18.32090759277344,0.0,0.0,295.7648620605469,95.21076965332033,261.7120361328125,90.50955963134766,231.00143432617188,101.9459228515625,222.7665252685547,105.27262115478516,283.60552978515625,161.71478271484375,266.14404296875,157.17799377441406,0.0,0.0,0.0,0.0,0.0,0.0,0.0,0.0
759,0.0,0.0,0.0,0.0,0.0,0.0,0.0,0.0,0.0,0.0,283.0135803222656,15.09844970703125,261.4384155273437,17.01336669921875,296.1465759277344,90.78297424316406,264.41412353515625,88.78643798828125,234.0175018310547,99.35072326660156,226.6636657714844,103.25299072265624,281.4959716796875,155.94972229003906,267.5865783691406,152.22218322753906,0.0,0.0,0.0,0.0,0.0,0.0,0.0,0.0
760,0.0,0.0,0.0,0.0,0.0,0.0,0.0,0.0,0.0,0.0,286.0974426269531,14.960472106933594,0.0,0.0,291.420166015625,92.2798080444336,0.0,0.0,227.7027130126953,101.58406066894533,224.0523376464844,105.74543762207033,282.135009765625,155.6835174560547,263.5387878417969,150.602294921875,0.0,0.0,0.0,0.0,0.0,0.0,0.0,0.0
761,0.0,0.0,0.0,0.0,0.0,0.0,256.2142944335937,0.0,0.0,0.0,285.1865539550781,14.100082397460938,0.0,0.0,289.62353515625,93.08138275146484,268.7440795898437,87.32920837402344,225.95220947265625,100.29869842529295,221.3282012939453,98.41139221191406,276.6634521484375,157.18190002441406,268.806884765625,152.42013549804688,0.0,0.0,0.0,0.0,0.0,0.0,0.0,0.0
762,0.0,0.0,0.0,0.0,0.0,0.0,0.0,0.0,0.0,0.0,284.97027587890625,15.74664306640625,266.4262390136719,16.987045288085938,292.0974426269531,89.09336853027344,260.28192138671875,77.5382080078125,227.0746154785156,99.36200714111328,217.27491760253903,86.21142578125,280.4066467285156,156.00491333007812,268.6654663085937,151.7339324951172,0.0,0.0,0.0,0.0,0.0,0.0,0.0,0.0
763,0.0,0.0,0.0,0.0,0.0,0.0,256.1688537597656,0.0,0.0,0.0,286.4453125,14.840988159179688,268.5611572265625,14.402008056640623,289.960205078125,88.75479125976562,269.60308837890625,81.66229248046875,228.07676696777344,98.07858276367188,227.51568603515625,100.07083892822266,281.0134582519531,155.0516357421875,268.2757263183594,149.82376098632812,0.0,0.0,0.0,0.0,0.0,0.0,0.0,0.0
764,0.0,0.0,0.0,0.0,0.0,0.0,0.0,0.0,0.0,0.0,285.25146484375,14.331130981445312,266.4553527832031,14.085403442382812,291.95025634765625,87.7553939819336,260.8722839355469,75.01614379882812,225.3736114501953,98.74909210205078,217.6154022216797,83.83175659179688,280.3580627441406,155.2862548828125,268.1379089355469,150.4067840576172,0.0,0.0,0.0,0.0,0.0,0.0,0.0,0.0
765,0.0,0.0,0.0,0.0,0.0,0.0,251.08775329589844,0.0,0.0,0.0,285.9967346191406,13.31219482421875,0.0,0.0,288.6320495605469,88.21978759765625,0.0,0.0,224.1461334228516,98.63219451904295,220.0069580078125,87.49069213867188,282.9242248535156,155.4837646484375,265.679931640625,150.56968688964844,0.0,0.0,0.0,0.0,0.0,0.0,0.0,0.0
766,222.37091064453125,9.65167236328125,220.9827117919922,1.86102294921875,0.0,0.0,242.53878784179688,0.0,0.0,0.0,282.474365234375,13.694625854492188,265.9854431152344,13.723892211914062,289.92047119140625,87.47794342041016,0.0,0.0,223.55203247070312,97.80780029296876,222.7339630126953,93.45549011230467,282.18817138671875,154.92291259765625,270.2447509765625,149.3373260498047,0.0,0.0,0.0,0.0,0.0,0.0,0.0,0.0
767,0.0,0.0,0.0,0.0,0.0,0.0,0.0,0.0,0.0,0.0,287.760986328125,13.95697021484375,0.0,0.0,281.7431030273437,89.95683288574219,254.8336181640625,85.8290023803711,224.83523559570312,100.86377716064452,220.6807403564453,98.34416198730467,283.5808410644531,155.38487243652344,263.4669189453125,152.23208618164062,0.0,0.0,0.0,0.0,0.0,0.0,0.0,0.0
768,0.0,0.0,0.0,0.0,0.0,0.0,0.0,0.0,0.0,0.0,289.9472351074219,15.759796142578123,0.0,0.0,280.60595703125,90.55286407470705,255.8233184814453,86.5689926147461,225.02256774902344,101.2215576171875,220.9867401123047,99.3097152709961,286.4579772949219,152.9995880126953,264.62969970703125,150.39053344726562,0.0,0.0,0.0,0.0,0.0,0.0,0.0,0.0
769,0.0,0.0,0.0,0.0,0.0,0.0,0.0,0.0,0.0,0.0,286.8146057128906,14.946067810058594,0.0,0.0,280.9960632324219,91.26075744628906,0.0,0.0,222.11215209960935,107.42796325683594,218.48077392578125,105.15963745117188,280.95684814453125,157.07354736328125,262.3365173339844,153.17868041992188,0.0,0.0,0.0,0.0,0.0,0.0,0.0,0.0
770,0.0,0.0,0.0,0.0,0.0,0.0,0.0,0.0,0.0,0.0,284.23828125,18.83269500732422,276.38702392578125,16.942474365234375,277.5149841308594,96.45491790771484,273.1108093261719,81.10541534423828,220.35281372070312,115.81997680664062,229.68125915527344,89.74171447753906,279.8204650878906,156.4728546142578,273.6312255859375,151.04832458496094,0.0,0.0,0.0,0.0,0.0,0.0,0.0,0.0
771,0.0,0.0,0.0,0.0,0.0,0.0,0.0,0.0,0.0,0.0,285.0866394042969,17.5506591796875,0.0,0.0,275.05908203125,98.50939178466795,273.46563720703125,82.2452392578125,220.9156951904297,117.68313598632812,230.30035400390625,89.20069885253906,280.2987365722656,156.21328735351562,274.4140930175781,150.77745056152344,0.0,0.0,0.0,0.0,0.0,0.0,0.0,0.0
772,0.0,0.0,0.0,0.0,0.0,0.0,0.0,0.0,0.0,0.0,281.4405517578125,22.36680603027344,267.7909851074219,19.036338806152344,278.2978210449219,99.40485382080078,270.1080017089844,82.81871032714844,219.15579223632807,118.35714721679688,228.50596618652344,87.53323364257812,280.77655029296875,155.42938232421875,269.8591003417969,149.67555236816406,0.0,0.0,0.0,0.0,0.0,0.0,0.0,0.0
773,0.0,0.0,0.0,0.0,0.0,0.0,0.0,0.0,0.0,0.0,286.0920104980469,18.465919494628903,0.0,0.0,280.4801940917969,96.40950775146484,264.85467529296875,82.56082153320312,219.70504760742188,118.04826354980467,222.1147308349609,86.67617797851562,282.4037475585937,154.8062744140625,269.5688781738281,149.58599853515625,0.0,0.0,0.0,0.0,0.0,0.0,0.0,0.0
774,0.0,0.0,0.0,0.0,0.0,0.0,0.0,0.0,0.0,0.0,290.4486694335937,15.347991943359377,0.0,0.0,290.834716796875,94.03992462158205,261.021484375,82.25738525390625,221.49319458007807,115.48017120361328,220.05844116210935,96.36458587646484,281.90484619140625,154.01182556152344,263.94305419921875,148.6864471435547,0.0,0.0,0.0,0.0,0.0,0.0,0.0,0.0
775,0.0,0.0,0.0,0.0,0.0,0.0,0.0,0.0,0.0,0.0,294.9665832519531,14.59881591796875,0.0,0.0,292.49462890625,91.77810668945312,262.4648132324219,85.31733703613281,223.7265625,108.0707015991211,221.920654296875,89.31391906738281,281.2413330078125,150.34927368164062,264.62451171875,145.09109497070312,267.26824951171875,226.83059692382807,0.0,0.0,0.0,0.0,0.0,0.0
776,0.0,0.0,0.0,0.0,0.0,0.0,0.0,0.0,0.0,0.0,292.5216369628906,16.121368408203125,0.0,0.0,298.3900756835937,89.06755828857422,266.6278991699219,77.63451385498047,230.01641845703125,107.18914794921876,225.91180419921875,87.6354751586914,287.3984069824219,154.62698364257812,268.94580078125,149.60302734375,0.0,0.0,0.0,0.0,0.0,0.0,0.0,0.0
777,0.0,0.0,0.0,0.0,0.0,0.0,0.0,0.0,0.0,0.0,293.2270812988281,17.411598205566406,267.8531494140625,15.813339233398438,295.0457458496094,93.76866149902344,264.00848388671875,81.35507202148438,230.1957092285156,105.9087142944336,222.9962921142578,87.15764617919922,285.0799255371094,156.28265380859375,267.4049987792969,150.6695556640625,0.0,0.0,0.0,0.0,0.0,0.0,0.0,0.0
778,0.0,0.0,0.0,0.0,0.0,0.0,0.0,0.0,0.0,0.0,292.9961853027344,16.917694091796875,264.29083251953125,14.688583374023438,294.825439453125,94.86002349853516,262.7249755859375,80.11167907714844,228.61996459960935,106.22613525390624,224.8577423095703,89.88943481445312,287.3494567871094,155.16403198242188,267.4539489746094,149.65768432617188,0.0,0.0,0.0,0.0,0.0,0.0,0.0,0.0
779,0.0,0.0,0.0,0.0,0.0,0.0,0.0,0.0,0.0,0.0,293.5400390625,16.713333129882812,0.0,0.0,288.8371276855469,94.23798370361328,0.0,0.0,224.878662109375,106.88546752929688,0.0,0.0,284.48736572265625,150.72720336914062,264.73077392578125,144.6255645751953,0.0,0.0,0.0,0.0,0.0,0.0,0.0,0.0
780,0.0,0.0,0.0,0.0,0.0,0.0,0.0,0.0,0.0,0.0,290.7276611328125,13.805404663085938,266.2748413085937,11.731033325195312,295.6087341308594,90.12244415283205,266.59503173828125,76.41250610351562,226.7610015869141,104.52954864501952,225.3858642578125,90.81879425048828,286.2434387207031,148.53073120117188,269.2591857910156,143.00527954101562,0.0,0.0,0.0,0.0,0.0,0.0,0.0,0.0
781,0.0,0.0,0.0,0.0,0.0,0.0,0.0,0.0,0.0,0.0,292.22979736328125,11.664382934570312,261.05517578125,10.901046752929688,299.63214111328125,88.32560729980469,259.98345947265625,80.8896484375,226.85011291503903,101.49388885498048,220.44541931152344,100.2272491455078,288.76190185546875,149.28311157226562,268.8929443359375,144.45492553710938,0.0,0.0,0.0,0.0,0.0,0.0,0.0,0.0
782,0.0,0.0,0.0,0.0,0.0,0.0,0.0,0.0,0.0,0.0,292.3377990722656,15.255088806152344,0.0,0.0,295.4420166015625,88.53767395019531,0.0,0.0,227.19464111328125,104.85270690917967,0.0,0.0,284.3218994140625,151.1543426513672,266.14129638671875,145.78036499023438,0.0,0.0,0.0,0.0,0.0,0.0,0.0,0.0
783,0.0,0.0,0.0,0.0,0.0,0.0,0.0,0.0,0.0,0.0,288.2488708496094,12.177146911621094,0.0,0.0,296.250244140625,87.21856689453125,269.5240783691406,81.1827392578125,226.68907165527344,102.88319396972656,226.6529235839844,106.0626449584961,283.32244873046875,152.71157836914062,268.8570556640625,147.126953125,0.0,0.0,0.0,0.0,0.0,0.0,0.0,0.0
784,0.0,0.0,0.0,0.0,0.0,0.0,0.0,0.0,0.0,0.0,291.50067138671875,14.1944580078125,0.0,0.0,300.9163818359375,82.77420043945312,275.6844177246094,81.13933563232422,230.46604919433597,104.3287582397461,230.0416259765625,107.493408203125,285.3747863769531,157.33148193359375,270.354248046875,152.0916748046875,0.0,0.0,0.0,0.0,0.0,0.0,0.0,0.0
785,0.0,0.0,0.0,0.0,0.0,0.0,0.0,0.0,0.0,0.0,288.55865478515625,11.905715942382812,269.5367431640625,14.082679748535156,300.90924072265625,81.32728576660156,274.7216796875,80.5693130493164,229.8170928955078,104.73023986816406,227.2357177734375,106.5286865234375,285.330078125,156.51144409179688,272.5529479980469,151.60264587402344,0.0,0.0,0.0,0.0,0.0,0.0,0.0,0.0
786,0.0,0.0,0.0,0.0,0.0,0.0,0.0,0.0,0.0,0.0,290.91455078125,14.18603515625,0.0,0.0,298.9669494628906,85.12738800048828,0.0,0.0,229.5786895751953,103.74137878417967,225.97750854492188,103.16287231445312,287.3438720703125,154.20672607421875,272.2395324707031,149.55419921875,0.0,0.0,0.0,0.0,0.0,0.0,0.0,0.0
787,0.0,0.0,0.0,0.0,0.0,0.0,0.0,0.0,0.0,0.0,291.6632385253906,17.228103637695312,0.0,0.0,299.1714782714844,90.34515380859376,248.83067321777344,64.01959991455078,224.0830993652344,101.34483337402344,215.15403747558597,36.35970306396485,289.46002197265625,154.989990234375,265.8373413085937,150.89620971679688,0.0,0.0,0.0,0.0,0.0,0.0,0.0,0.0
788,0.0,0.0,0.0,0.0,0.0,0.0,0.0,0.0,0.0,0.0,292.66363525390625,12.319366455078123,0.0,0.0,303.0508728027344,86.58163452148438,263.5541076660156,83.15327453613281,234.1954803466797,102.9421844482422,227.147705078125,102.06436157226562,289.7370910644531,155.5258026123047,267.051513671875,151.18014526367188,0.0,0.0,0.0,0.0,0.0,0.0,0.0,0.0
789,0.0,0.0,0.0,0.0,0.0,0.0,0.0,0.0,0.0,0.0,292.5107421875,12.056556701660156,0.0,0.0,304.1847229003906,84.57111358642578,268.77032470703125,85.36007690429688,233.8817901611328,103.6240234375,224.4268493652344,99.72471618652344,283.82733154296875,153.2030029296875,267.3374328613281,148.5589599609375,0.0,0.0,0.0,0.0,0.0,0.0,0.0,0.0
790,0.0,0.0,0.0,0.0,0.0,0.0,0.0,0.0,0.0,0.0,290.6013488769531,13.91510009765625,0.0,0.0,304.22119140625,86.32644653320312,262.4789123535156,84.50292205810547,230.8441925048828,103.58544158935548,226.66624450683597,103.46534729003906,291.2987365722656,152.10667419433594,267.3684387207031,148.5774383544922,0.0,0.0,0.0,0.0,0.0,0.0,0.0,0.0
791,0.0,0.0,0.0,0.0,0.0,0.0,0.0,0.0,0.0,0.0,0.0,0.0,0.0,0.0,306.9040832519531,83.26778411865234,270.7260131835937,83.35494995117188,235.7739715576172,104.53939819335938,230.89927673339844,103.1343765258789,288.71142578125,159.28192138671875,268.2283935546875,155.99171447753906,0.0,0.0,0.0,0.0,0.0,0.0,0.0,0.0
792,0.0,0.0,0.0,0.0,0.0,0.0,0.0,0.0,0.0,0.0,296.5232238769531,10.915557861328123,0.0,0.0,305.4981689453125,81.58158874511719,269.0883178710937,87.06047058105469,239.70655822753903,106.69058990478516,227.45184326171875,102.78646087646484,285.0752868652344,156.68997192382812,266.9190368652344,152.68643188476562,0.0,0.0,0.0,0.0,0.0,0.0,0.0,0.0
793,0.0,0.0,0.0,0.0,0.0,0.0,0.0,0.0,0.0,0.0,0.0,0.0,267.0711669921875,15.6549072265625,308.1947021484375,81.14490509033203,265.6630554199219,85.34916687011719,244.3658599853516,106.03802490234376,228.3623046875,103.43103790283205,286.2690124511719,154.07192993164062,266.4726867675781,150.51893615722656,0.0,0.0,0.0,0.0,0.0,0.0,0.0,0.0
794,0.0,0.0,0.0,0.0,0.0,0.0,0.0,0.0,0.0,0.0,0.0,0.0,0.0,0.0,310.98211669921875,79.56036376953125,269.0153503417969,83.30133819580078,243.0601043701172,106.9692840576172,232.4872589111328,102.30895233154295,286.95147705078125,156.69122314453125,266.05047607421875,153.27114868164062,0.0,0.0,0.0,0.0,0.0,0.0,0.0,0.0
795,0.0,0.0,0.0,0.0,0.0,0.0,0.0,0.0,0.0,0.0,0.0,0.0,0.0,0.0,302.96490478515625,89.45413970947266,267.9308776855469,85.32598876953125,239.1058349609375,109.15768432617188,230.5181884765625,99.63897705078124,290.3302917480469,159.29190063476562,266.940185546875,154.78977966308594,0.0,0.0,0.0,0.0,0.0,0.0,0.0,0.0
796,0.0,0.0,0.0,0.0,0.0,0.0,0.0,0.0,0.0,0.0,294.83258056640625,13.07574462890625,270.3408508300781,15.141860961914062,296.99371337890625,89.91944885253906,268.0140686035156,82.94942474365234,232.37249755859372,109.76705932617188,228.4976959228516,94.98635864257812,293.0211181640625,157.0772705078125,275.4700012207031,153.15328979492188,0.0,0.0,0.0,0.0,0.0,0.0,0.0,0.0
797,0.0,0.0,0.0,0.0,0.0,0.0,0.0,0.0,0.0,0.0,287.5787353515625,17.76117706298828,275.9109191894531,18.7855224609375,280.7017822265625,91.520263671875,271.7904968261719,83.02056884765625,233.58447265625,106.9610595703125,232.1695251464844,88.24334716796875,288.45220947265625,157.76974487304688,278.94012451171875,154.13478088378906,0.0,0.0,0.0,0.0,0.0,0.0,0.0,0.0
798,0.0,0.0,0.0,0.0,0.0,0.0,0.0,0.0,0.0,0.0,290.06256103515625,19.155799865722656,0.0,0.0,284.1866455078125,90.50161743164062,264.8167419433594,83.29524230957031,234.6516265869141,98.996337890625,231.015869140625,88.01033020019531,284.1607971191406,151.6250457763672,274.30572509765625,147.7757568359375,267.6794128417969,223.79934692382807,0.0,0.0,0.0,0.0,0.0,0.0
799,0.0,0.0,0.0,0.0,0.0,0.0,262.339111328125,0.0,0.0,0.0,287.0759582519531,22.767501831054688,285.5995178222656,17.413307189941406,282.0116271972656,95.49726104736328,272.9603576660156,79.15768432617188,233.87823486328125,97.49644470214844,234.982666015625,88.18315124511719,279.28143310546875,154.27764892578125,280.3954772949219,147.39602661132812,0.0,0.0,0.0,0.0,0.0,0.0,0.0,0.0
800,0.0,0.0,0.0,0.0,0.0,0.0,0.0,0.0,0.0,0.0,288.28875732421875,17.170204162597656,281.7562255859375,15.702499389648438,280.6983642578125,90.22127532958984,270.5262756347656,82.13021850585938,230.9761657714844,100.54815673828124,232.3828125,86.91128540039062,281.1078491210937,155.5511932373047,276.4955444335937,150.13711547851562,0.0,0.0,0.0,0.0,0.0,0.0,0.0,0.0
801,0.0,0.0,0.0,0.0,0.0,0.0,0.0,0.0,0.0,0.0,288.50323486328125,16.51903533935547,274.4248352050781,21.18609619140625,284.80426025390625,87.63914489746094,268.1421203613281,85.40693664550781,237.0362701416016,108.57154846191406,229.59454345703125,82.22908782958984,287.1639099121094,151.0460968017578,275.974609375,148.96157836914062,0.0,0.0,0.0,0.0,0.0,0.0,0.0,0.0
802,0.0,0.0,0.0,0.0,0.0,0.0,0.0,0.0,0.0,0.0,286.21893310546875,15.921371459960938,280.5481262207031,16.27386474609375,287.0048828125,95.89079284667967,274.1233215332031,87.77890014648438,235.11941528320312,106.45570373535156,234.38446044921875,87.32183837890625,283.43603515625,150.8837127685547,280.0155029296875,146.94708251953125,0.0,0.0,0.0,0.0,0.0,0.0,0.0,0.0
803,0.0,0.0,0.0,0.0,0.0,0.0,0.0,0.0,0.0,0.0,289.6438903808594,16.23406982421875,0.0,0.0,289.5090637207031,92.6677703857422,269.3352355957031,86.79944610595703,239.77914428710935,112.11849212646484,233.6271209716797,91.77251434326172,286.617919921875,148.21865844726562,275.88983154296875,144.64671325683594,0.0,0.0,0.0,0.0,0.0,0.0,0.0,0.0
804,0.0,0.0,0.0,0.0,0.0,0.0,0.0,0.0,0.0,0.0,294.20782470703125,17.466388702392578,273.7002868652344,18.42040252685547,305.4916381835937,93.1348114013672,270.1380310058594,86.05705261230469,255.667724609375,111.73133850097656,231.5936584472656,92.06130981445312,283.8919372558594,152.22341918945312,268.21392822265625,147.6682891845703,0.0,0.0,0.0,0.0,0.0,0.0,0.0,0.0
805,0.0,0.0,0.0,0.0,0.0,0.0,0.0,0.0,0.0,0.0,295.9805603027344,19.175445556640625,0.0,0.0,305.9698486328125,93.05329132080078,261.3804016113281,89.03350830078125,260.6159973144531,109.52389526367188,226.3170166015625,99.32581329345705,287.6133728027344,153.68716430664062,268.3403015136719,150.08004760742188,0.0,0.0,0.0,0.0,0.0,0.0,0.0,0.0
806,0.0,0.0,0.0,0.0,0.0,0.0,0.0,0.0,0.0,0.0,0.0,0.0,0.0,0.0,293.8449401855469,90.75463104248048,265.7195129394531,85.80068969726562,241.0788116455078,108.1220245361328,227.05841064453125,95.53917694091795,291.0099182128906,151.28390502929688,275.45513916015625,148.3509063720703,0.0,0.0,0.0,0.0,0.0,0.0,0.0,0.0
807,0.0,0.0,0.0,0.0,0.0,0.0,0.0,0.0,0.0,0.0,296.8733825683594,16.657154083251953,0.0,0.0,300.3012084960937,91.26057434082033,269.6282958984375,88.07313537597656,238.1341857910156,100.8660888671875,231.6956329345703,93.630859375,289.0392761230469,153.25729370117188,269.8551025390625,149.01361083984375,0.0,0.0,0.0,0.0,0.0,0.0,0.0,0.0
808,0.0,0.0,0.0,0.0,0.0,0.0,0.0,0.0,0.0,0.0,295.6297607421875,15.499969482421877,0.0,0.0,291.7633972167969,89.53607940673828,269.35015869140625,83.09187316894531,236.56741333007807,102.0854721069336,232.48980712890625,95.56966400146484,287.79205322265625,151.2006378173828,271.01141357421875,145.80564880371094,0.0,0.0,0.0,0.0,0.0,0.0,0.0,0.0
809,0.0,0.0,0.0,0.0,0.0,0.0,0.0,0.0,0.0,0.0,295.3287658691406,15.2880859375,0.0,0.0,287.2997131347656,89.90837860107422,264.4212951660156,83.56611633300781,235.79049682617188,102.25859832763672,225.63856506347656,95.399169921875,287.7273864746094,148.579833984375,274.0216064453125,143.87399291992188,0.0,0.0,0.0,0.0,0.0,0.0,0.0,0.0
810,0.0,0.0,0.0,0.0,0.0,0.0,0.0,0.0,0.0,0.0,294.67291259765625,18.20811462402344,0.0,0.0,289.5401306152344,93.39485931396484,263.58453369140625,84.20399475097656,228.2001037597656,102.86725616455078,221.5863037109375,96.97306823730467,291.6164245605469,150.97080993652344,274.1042785644531,146.14932250976562,0.0,0.0,0.0,0.0,0.0,0.0,0.0,0.0
811,0.0,0.0,0.0,0.0,0.0,0.0,0.0,0.0,0.0,0.0,292.225341796875,15.700119018554688,280.33660888671875,15.304443359375,289.5158996582031,90.3487319946289,271.06524658203125,84.70317077636719,228.24755859375,102.05391693115234,224.55322265625,95.80241394042967,282.9490051269531,147.91482543945312,275.5838928222656,142.46726989746094,0.0,0.0,0.0,0.0,0.0,0.0,0.0,0.0
812,0.0,0.0,0.0,0.0,0.0,0.0,0.0,0.0,0.0,0.0,291.2472839355469,17.179977416992188,0.0,0.0,291.0821228027344,95.51329803466795,272.7872314453125,83.20366668701172,233.94387817382807,103.2116928100586,226.2412109375,97.65242004394533,284.1532592773437,151.5947265625,276.14697265625,144.39749145507812,0.0,0.0,0.0,0.0,0.0,0.0,0.0,0.0
813,0.0,0.0,0.0,0.0,0.0,0.0,0.0,0.0,0.0,0.0,295.1873779296875,14.346420288085938,276.79815673828125,13.172271728515623,300.30865478515625,89.31536865234375,268.4686584472656,82.37724304199219,240.98504638671875,100.65047454833984,223.8511962890625,96.24586486816406,282.7427978515625,152.77200317382812,271.5667419433594,146.91802978515625,0.0,0.0,0.0,0.0,0.0,0.0,0.0,0.0
814,0.0,0.0,0.0,0.0,0.0,0.0,0.0,0.0,0.0,0.0,296.4797668457031,16.307052612304688,0.0,0.0,300.385498046875,93.26427459716795,266.0136108398437,83.59192657470703,248.41036987304688,102.04344177246094,224.4425506591797,98.00475311279295,284.92047119140625,154.99737548828125,268.7684936523437,148.57662963867188,0.0,0.0,0.0,0.0,0.0,0.0,0.0,0.0
815,0.0,0.0,0.0,0.0,0.0,0.0,0.0,0.0,0.0,0.0,294.1123352050781,11.516845703125,0.0,0.0,296.7440795898437,94.86807250976562,267.537109375,85.71173095703125,236.0898895263672,102.90200805664062,223.30474853515625,99.14149475097656,293.6793212890625,159.16522216796875,277.6513977050781,154.10955810546875,0.0,0.0,0.0,0.0,0.0,0.0,0.0,0.0
816,0.0,0.0,0.0,0.0,0.0,0.0,0.0,0.0,0.0,0.0,294.8680419921875,15.3563232421875,275.7377624511719,14.738670349121094,298.7566223144531,93.3653564453125,268.95721435546875,84.29156494140625,242.82749938964844,102.28376770019533,225.49383544921875,96.9521484375,292.2752990722656,159.70968627929688,278.7935485839844,154.2467803955078,0.0,0.0,0.0,0.0,0.0,0.0,0.0,0.0
817,0.0,0.0,0.0,0.0,0.0,0.0,0.0,0.0,0.0,0.0,293.9662780761719,15.741378784179688,0.0,0.0,296.5500793457031,94.76742553710938,266.38330078125,84.7138671875,239.57867431640625,103.76548767089844,225.8365173339844,98.87014770507812,285.9095153808594,152.9831085205078,273.7367858886719,147.4435577392578,0.0,0.0,0.0,0.0,0.0,0.0,0.0,0.0
818,0.0,0.0,0.0,0.0,0.0,0.0,0.0,0.0,0.0,0.0,295.4194030761719,15.84697723388672,0.0,0.0,298.8638916015625,92.08856964111328,265.5601806640625,87.21440124511719,245.1962127685547,103.41333770751952,222.56643676757807,99.8553695678711,288.4754943847656,153.96038818359375,271.0379943847656,150.07130432128906,0.0,0.0,0.0,0.0,0.0,0.0,0.0,0.0
819,0.0,0.0,0.0,0.0,0.0,0.0,0.0,0.0,0.0,0.0,294.2500305175781,13.387046813964844,270.1063232421875,15.786231994628906,294.6093444824219,92.57044982910156,263.6434631347656,88.36746215820312,224.3135986328125,105.96115112304688,215.64926147460935,104.98294067382812,291.8269348144531,156.47422790527344,274.93768310546875,152.4789581298828,0.0,0.0,0.0,0.0,0.0,0.0,0.0,0.0
820,0.0,0.0,0.0,0.0,0.0,0.0,0.0,0.0,0.0,0.0,293.8202514648437,16.33509063720703,0.0,0.0,291.7178955078125,93.75135040283205,276.2281799316406,88.09236145019531,230.9251708984375,106.16799926757812,230.7054748535156,105.58509826660156,284.3192749023437,157.04067993164062,274.05401611328125,151.36663818359375,0.0,0.0,0.0,0.0,0.0,0.0,0.0,0.0
821,0.0,0.0,0.0,0.0,0.0,0.0,262.8307800292969,0.0,0.0,0.0,293.57110595703125,15.798553466796877,0.0,0.0,297.55145263671875,88.73342895507812,0.0,0.0,233.64309692382807,108.3747100830078,0.0,0.0,285.4298095703125,152.7584228515625,274.60791015625,146.6859893798828,0.0,0.0,0.0,0.0,0.0,0.0,0.0,0.0
822,0.0,0.0,0.0,0.0,0.0,0.0,0.0,0.0,0.0,0.0,292.849609375,14.042007446289062,0.0,0.0,298.6510009765625,90.41757202148438,0.0,0.0,235.7818298339844,108.0758056640625,236.20860290527344,107.27143096923828,283.41729736328125,155.36605834960938,274.56707763671875,148.2311553955078,0.0,0.0,0.0,0.0,0.0,0.0,0.0,0.0
823,0.0,0.0,0.0,0.0,0.0,0.0,0.0,0.0,0.0,0.0,292.4424743652344,12.920883178710938,0.0,0.0,293.6994934082031,89.50656127929688,278.2855224609375,82.71529388427734,234.6039276123047,107.43994140625,234.59515380859372,107.63130950927734,287.84722900390625,151.02833557128906,278.2310791015625,144.406005859375,0.0,0.0,0.0,0.0,0.0,0.0,0.0,0.0
824,0.0,0.0,0.0,0.0,0.0,0.0,0.0,0.0,0.0,0.0,292.8592834472656,13.048255920410156,0.0,0.0,289.9388427734375,84.14578247070312,277.03631591796875,82.35968017578125,233.11752319335935,108.6584930419922,235.26416015625,107.54788208007812,287.2779846191406,152.1562042236328,274.6577453613281,146.5841827392578,0.0,0.0,0.0,0.0,0.0,0.0,0.0,0.0
825,0.0,0.0,0.0,0.0,0.0,0.0,0.0,0.0,0.0,0.0,291.7950439453125,15.642738342285156,252.2403106689453,13.544097900390623,296.2853698730469,89.35665130615234,253.84898376464844,78.1270523071289,233.01434326171875,107.45559692382812,228.7706451416016,109.69837951660156,291.4781799316406,155.2929229736328,264.65484619140625,149.9398651123047,0.0,0.0,0.0,0.0,0.0,0.0,0.0,0.0
826,0.0,0.0,0.0,0.0,0.0,0.0,0.0,0.0,0.0,0.0,294.3570556640625,17.887313842773438,274.7763366699219,16.031265258789062,292.3855895996094,91.74541473388672,272.8279113769531,82.51127624511719,229.8428497314453,107.60602569580078,231.65188598632807,106.52716064453124,287.562744140625,155.00926208496094,272.8531799316406,148.58834838867188,0.0,0.0,0.0,0.0,0.0,0.0,0.0,0.0
827,0.0,0.0,0.0,0.0,0.0,0.0,0.0,0.0,0.0,0.0,294.13653564453125,17.315330505371094,0.0,0.0,293.45867919921875,96.11478424072266,262.8752746582031,83.52366638183594,226.04412841796875,105.85128021240234,223.29232788085935,104.68653869628906,288.9432373046875,157.7908935546875,269.5722351074219,150.90963745117188,0.0,0.0,0.0,0.0,0.0,0.0,0.0,0.0
828,0.0,0.0,0.0,0.0,0.0,0.0,0.0,0.0,0.0,0.0,292.0352783203125,17.469619750976562,278.90142822265625,13.51470947265625,290.0448913574219,96.49019622802734,266.4667053222656,82.86900329589844,228.8592529296875,105.5561294555664,224.9974822998047,97.12326049804688,286.78521728515625,154.20791625976562,279.2613220214844,147.63973999023438,0.0,0.0,0.0,0.0,0.0,0.0,0.0,0.0
829,0.0,0.0,0.0,0.0,0.0,0.0,0.0,0.0,0.0,0.0,290.2399597167969,15.6796875,274.5465393066406,9.988441467285156,296.1407775878906,98.17670440673828,267.5382385253906,78.8459243774414,236.1240692138672,103.16316986083984,226.81607055664065,94.26045989990234,288.25762939453125,155.7270965576172,278.501220703125,148.414306640625,0.0,0.0,0.0,0.0,0.0,0.0,0.0,0.0
830,0.0,0.0,0.0,0.0,0.0,0.0,0.0,0.0,0.0,0.0,292.1878662109375,13.810501098632812,274.9027404785156,10.761398315429688,294.4061889648437,94.49990844726562,267.318115234375,80.22134399414062,232.70599365234372,102.05201721191406,226.25265502929688,95.04332733154295,289.0788269042969,153.50814819335938,278.2955322265625,146.98422241210938,0.0,0.0,0.0,0.0,0.0,0.0,0.0,0.0
831,0.0,0.0,0.0,0.0,0.0,0.0,0.0,0.0,0.0,0.0,288.638916015625,12.288360595703123,278.7777099609375,11.953765869140623,292.755126953125,89.17244720458984,271.3366394042969,79.91696166992188,241.50865173339844,100.24794006347656,228.2725067138672,94.90570068359376,286.717529296875,152.26028442382812,280.9661560058594,147.16043090820312,0.0,0.0,0.0,0.0,0.0,0.0,0.0,0.0
832,0.0,0.0,0.0,0.0,0.0,0.0,0.0,0.0,0.0,0.0,288.597412109375,12.597442626953123,281.9935913085937,11.060714721679688,290.6571350097656,89.36471557617188,274.91796875,77.90554809570312,236.36111450195312,103.67769622802734,230.98284912109372,93.87725830078124,284.9339904785156,153.6072540283203,280.9703063964844,147.80108642578125,0.0,0.0,0.0,0.0,0.0,0.0,0.0,0.0
833,0.0,0.0,0.0,0.0,0.0,0.0,0.0,0.0,0.0,0.0,286.20562744140625,11.298171997070312,284.2428894042969,12.53180694580078,281.402099609375,90.3537139892578,276.9384460449219,83.18840026855469,238.7186279296875,104.2120361328125,231.13577270507807,94.8681411743164,285.7528076171875,151.358642578125,284.07647705078125,147.02011108398438,0.0,0.0,0.0,0.0,0.0,0.0,0.0,0.0
834,0.0,0.0,0.0,0.0,0.0,0.0,0.0,0.0,0.0,0.0,289.68768310546875,13.207359313964844,278.5964660644531,12.658981323242188,288.5579528808594,94.0467529296875,272.2337341308594,81.97962188720703,234.5902099609375,104.32798767089844,234.15284729003903,92.48053741455078,286.1842041015625,152.211181640625,278.5985107421875,146.95225524902344,0.0,0.0,0.0,0.0,0.0,0.0,0.0,0.0
835,0.0,0.0,0.0,0.0,0.0,0.0,0.0,0.0,0.0,0.0,287.3291931152344,14.136474609375,280.388916015625,13.427017211914062,288.87255859375,92.382080078125,275.49127197265625,80.68130493164062,233.71707153320312,104.3251953125,233.0802001953125,93.51718139648438,285.30908203125,152.38067626953125,280.360595703125,147.17669677734375,0.0,0.0,0.0,0.0,0.0,0.0,0.0,0.0
836,0.0,0.0,0.0,0.0,0.0,0.0,0.0,0.0,0.0,0.0,289.14996337890625,13.7744140625,273.62823486328125,13.840438842773438,291.5948181152344,93.91112518310548,265.2240600585937,81.24607849121094,231.8179473876953,104.27196502685548,224.2859344482422,91.2927474975586,287.2999267578125,153.90292358398438,277.2454833984375,149.11927795410156,0.0,0.0,0.0,0.0,0.0,0.0,0.0,0.0
837,0.0,0.0,0.0,0.0,0.0,0.0,0.0,0.0,0.0,0.0,288.0393981933594,15.864944458007812,277.5140686035156,14.713966369628906,288.4187927246094,92.64537811279295,269.6034851074219,80.21981811523438,232.2438201904297,103.05866241455078,226.6869659423828,92.4663543701172,285.3707275390625,152.82630920410156,278.7115173339844,147.73947143554688,0.0,0.0,0.0,0.0,0.0,0.0,0.0,0.0
838,0.0,0.0,0.0,0.0,0.0,0.0,0.0,0.0,0.0,0.0,291.2457580566406,16.019134521484375,275.7189636230469,14.493804931640623,290.41217041015625,95.19195556640624,266.67059326171875,82.44306945800781,233.0594482421875,106.06745910644533,226.5550537109375,92.1253662109375,286.4924621582031,152.81141662597656,274.671630859375,147.3662567138672,0.0,0.0,0.0,0.0,0.0,0.0,0.0,0.0
839,0.0,0.0,0.0,0.0,0.0,0.0,0.0,0.0,0.0,0.0,287.51885986328125,16.151473999023438,277.5263061523437,15.312774658203123,288.3777770996094,93.60905456542967,270.4355163574219,80.74078369140625,229.60476684570312,103.65884399414062,226.3004608154297,92.57955932617188,285.6303405761719,153.77865600585938,279.1591491699219,148.57962036132812,0.0,0.0,0.0,0.0,0.0,0.0,0.0,0.0
840,0.0,0.0,0.0,0.0,0.0,0.0,0.0,0.0,0.0,0.0,286.8282165527344,16.803848266601562,277.4527893066406,15.284133911132812,289.7950439453125,93.85723876953124,272.95904541015625,80.243408203125,234.15191650390625,102.73709106445312,232.54232788085935,92.7551727294922,284.6709899902344,154.02215576171875,278.7067565917969,148.60488891601562,0.0,0.0,0.0,0.0,0.0,0.0,0.0,0.0
841,0.0,0.0,0.0,0.0,0.0,0.0,0.0,0.0,0.0,0.0,288.6338195800781,14.839447021484377,276.814208984375,13.987060546875,290.00048828125,91.501953125,270.3487854003906,80.10620880126953,230.6367034912109,103.16366577148438,226.9924468994141,96.75308227539062,285.3521728515625,154.30746459960938,277.9200134277344,149.13294982910156,0.0,0.0,0.0,0.0,0.0,0.0,0.0,0.0
842,0.0,0.0,0.0,0.0,0.0,0.0,0.0,0.0,0.0,0.0,289.28533935546875,15.057777404785156,275.9097595214844,15.66632080078125,291.1699523925781,90.62810516357422,270.8811340332031,81.38456726074219,231.4866180419922,103.14425659179688,227.2632751464844,96.57801818847656,285.3412475585937,154.17926025390625,276.7620849609375,149.50601196289062,0.0,0.0,0.0,0.0,0.0,0.0,0.0,0.0
843,0.0,0.0,0.0,0.0,0.0,0.0,0.0,0.0,0.0,0.0,292.34539794921875,14.590347290039062,275.4201354980469,15.849021911621094,292.49530029296875,92.09495544433594,269.643798828125,84.53688049316406,230.69985961914065,103.97836303710938,227.2318115234375,96.72705078125,287.4444580078125,152.78428649902344,275.8476257324219,147.9727020263672,0.0,0.0,0.0,0.0,0.0,0.0,0.0,0.0
844,0.0,0.0,0.0,0.0,0.0,0.0,0.0,0.0,0.0,0.0,292.7552185058594,15.495880126953123,274.8003845214844,15.99176025390625,294.1774597167969,92.70872497558594,269.3818054199219,83.95921325683594,232.4800262451172,103.10903930664062,226.8997039794922,95.7826690673828,285.9697570800781,155.00328063964844,273.8907775878906,149.9073486328125,0.0,0.0,0.0,0.0,0.0,0.0,0.0,0.0
845,0.0,0.0,0.0,0.0,0.0,0.0,0.0,0.0,0.0,0.0,290.6146545410156,14.806732177734377,270.3584899902344,15.474411010742188,295.9512939453125,89.6209487915039,272.12713623046875,82.11373138427734,236.7860412597656,102.80278778076172,229.6553649902344,95.9197998046875,289.8647766113281,155.53309631347656,274.8314819335937,150.70452880859375,0.0,0.0,0.0,0.0,0.0,0.0,0.0,0.0
846,0.0,0.0,0.0,0.0,0.0,0.0,0.0,0.0,0.0,0.0,289.8830871582031,15.092575073242188,273.809326171875,15.845184326171877,294.23681640625,90.9233856201172,275.5550231933594,82.95817565917969,238.06085205078125,103.24009704589844,231.85549926757807,97.33079528808594,289.9784240722656,156.34458923339844,277.8832702636719,151.5509796142578,0.0,0.0,0.0,0.0,0.0,0.0,0.0,0.0
847,0.0,0.0,0.0,0.0,0.0,0.0,0.0,0.0,0.0,0.0,289.7960510253906,14.971321105957031,273.9642944335937,15.792160034179688,294.40972900390625,90.47638702392578,275.7322998046875,82.45313262939453,237.74835205078125,103.4039535522461,231.80416870117188,97.85238647460938,290.1081237792969,156.0843048095703,278.29266357421875,151.30850219726562,0.0,0.0,0.0,0.0,0.0,0.0,0.0,0.0
848,0.0,0.0,0.0,0.0,0.0,0.0,0.0,0.0,0.0,0.0,295.75701904296875,15.590736389160156,0.0,0.0,295.99560546875,91.23843383789062,274.5169982910156,86.57100677490234,233.4750213623047,103.23258972167967,233.1134796142578,102.0414581298828,290.9760437011719,155.29127502441406,273.804443359375,150.24984741210938,0.0,0.0,0.0,0.0,0.0,0.0,0.0,0.0
849,0.0,0.0,0.0,0.0,0.0,0.0,0.0,0.0,0.0,0.0,296.1239013671875,16.922470092773438,0.0,0.0,295.5011901855469,91.35652923583984,275.71746826171875,86.7863998413086,233.171630859375,102.52961730957033,232.99774169921875,101.12619018554688,289.10467529296875,153.60604858398438,272.2077941894531,148.18638610839844,0.0,0.0,0.0,0.0,0.0,0.0,0.0,0.0
850,0.0,0.0,0.0,0.0,0.0,0.0,0.0,0.0,0.0,0.0,295.254638671875,17.923072814941406,0.0,0.0,293.1226806640625,93.10485076904295,275.7689819335937,86.13679504394531,230.45413208007807,102.40503692626952,231.6194610595703,101.25341796875,287.8527526855469,154.19094848632812,273.09765625,148.13998413085938,0.0,0.0,0.0,0.0,0.0,0.0,0.0,0.0
851,0.0,0.0,0.0,0.0,0.0,0.0,0.0,0.0,0.0,0.0,295.6240539550781,18.635787963867188,0.0,0.0,298.7997436523437,94.2912139892578,273.4394836425781,87.82038879394531,234.01284790039065,102.53617095947266,230.07290649414065,101.1620864868164,287.420654296875,155.8881072998047,270.882568359375,149.87826538085938,0.0,0.0,0.0,0.0,0.0,0.0,0.0,0.0
852,0.0,0.0,0.0,0.0,0.0,0.0,0.0,0.0,0.0,0.0,292.7510681152344,19.195297241210938,277.2711486816406,19.36874389648437,297.48370361328125,92.90093994140624,279.5979309082031,85.19831085205078,232.47401428222656,99.33447265625,232.6114654541016,99.50999450683594,285.5550231933594,155.91087341308594,275.7693786621094,150.0049591064453,0.0,0.0,0.0,0.0,0.0,0.0,0.0,0.0
853,0.0,0.0,0.0,0.0,0.0,0.0,0.0,0.0,0.0,0.0,296.4227600097656,19.792755126953125,0.0,0.0,298.6795959472656,94.07010650634766,274.1070251464844,86.47874450683594,235.1567230224609,101.23060607910156,232.6498260498047,100.54336547851562,286.4528503417969,154.32847595214844,269.9873352050781,147.63548278808594,0.0,0.0,0.0,0.0,0.0,0.0,0.0,0.0
854,0.0,0.0,0.0,0.0,0.0,0.0,0.0,0.0,0.0,0.0,295.0184020996094,19.308120727539062,0.0,0.0,298.5951538085937,91.97936248779295,276.5091247558594,88.76724243164062,235.06842041015625,101.0699462890625,233.18919372558597,101.30866241455078,286.2221984863281,155.321533203125,271.6255798339844,149.66517639160156,0.0,0.0,0.0,0.0,0.0,0.0,0.0,0.0
855,0.0,0.0,0.0,0.0,0.0,0.0,0.0,0.0,0.0,0.0,292.02935791015625,17.4039306640625,275.9651794433594,17.71612548828125,299.1694030761719,92.29271697998048,275.8790283203125,84.71212768554688,231.25076293945312,97.85514831542967,228.96292114257807,97.73485565185548,285.9814147949219,154.20697021484375,275.9440002441406,148.55014038085938,0.0,0.0,0.0,0.0,0.0,0.0,0.0,0.0
856,0.0,0.0,0.0,0.0,0.0,0.0,0.0,0.0,0.0,0.0,292.08258056640625,17.330345153808594,276.11737060546875,17.62396240234375,299.21173095703125,92.09978485107422,276.2261657714844,84.60989379882812,231.36045837402344,97.8182601928711,229.06118774414065,97.63268280029295,285.9428405761719,154.37503051757812,275.89764404296875,148.6798858642578,0.0,0.0,0.0,0.0,0.0,0.0,0.0,0.0
857,0.0,0.0,0.0,0.0,0.0,0.0,0.0,0.0,0.0,0.0,299.4530029296875,18.549217224121094,0.0,0.0,299.27392578125,93.83238220214844,268.182861328125,87.88359832763672,233.057861328125,101.929443359375,228.21951293945312,100.12705993652344,292.1138610839844,158.6641845703125,270.18115234375,152.8594207763672,0.0,0.0,0.0,0.0,0.0,0.0,0.0,0.0
858,0.0,0.0,0.0,0.0,0.0,0.0,0.0,0.0,0.0,0.0,295.9220275878906,16.34754180908203,268.5813293457031,17.484779357910156,300.9625244140625,91.3526611328125,269.98699951171875,85.50877380371094,231.29067993164065,100.53132629394533,227.81369018554688,100.62208557128906,287.3860778808594,156.91128540039062,268.4460754394531,151.3935089111328,0.0,0.0,0.0,0.0,0.0,0.0,0.0,0.0
859,0.0,0.0,0.0,0.0,0.0,0.0,0.0,0.0,0.0,0.0,292.0685729980469,15.639663696289062,278.81134033203125,16.602020263671875,293.15496826171875,85.53287506103516,277.1732788085937,79.67635345458984,225.36477661132807,97.97055053710938,226.62083435058597,98.27577209472656,286.9925842285156,153.94483947753906,278.1854858398437,148.04788208007812,0.0,0.0,0.0,0.0,0.0,0.0,0.0,0.0
860,0.0,0.0,0.0,0.0,0.0,0.0,260.3553466796875,0.0,0.0,0.0,292.0030212402344,21.88140869140625,284.25750732421875,20.547760009765625,292.4476318359375,89.89620208740234,283.77752685546875,82.02809143066406,225.6185302734375,96.95885467529295,228.8690185546875,98.93775939941406,285.3206787109375,155.9868621826172,279.61334228515625,149.163818359375,0.0,0.0,0.0,0.0,0.0,0.0,0.0,0.0
861,0.0,0.0,0.0,0.0,0.0,0.0,259.4960327148437,0.0,0.0,0.0,291.68414306640625,18.84410095214844,283.0622863769531,20.456382751464844,286.5863037109375,85.51190185546875,276.97344970703125,82.8288345336914,222.74411010742188,97.96832275390624,224.23497009277344,97.56714630126952,284.7711181640625,156.47427368164062,278.8534851074219,151.33651733398438,0.0,0.0,0.0,0.0,0.0,0.0,0.0,0.0
862,0.0,0.0,0.0,0.0,0.0,0.0,258.65301513671875,0.0,0.0,0.0,291.4008178710937,19.27304077148437,278.0531921386719,20.704246520996094,282.6340026855469,87.42967987060547,271.7478332519531,82.84422302246094,220.0664825439453,96.63407135009766,221.2364501953125,98.58221435546876,285.2357788085937,157.40809631347656,275.8811340332031,152.4927978515625,0.0,0.0,0.0,0.0,0.0,0.0,0.0,0.0
863,0.0,0.0,0.0,0.0,0.0,0.0,256.90777587890625,0.0,0.0,0.0,289.47412109375,18.065399169921875,275.7005615234375,18.64022827148437,283.4976806640625,86.15966033935547,271.8826599121094,80.9598388671875,219.65792846679688,98.44140625,221.60606384277344,98.72126770019533,286.006591796875,157.7046661376953,276.52813720703125,152.58029174804688,0.0,0.0,0.0,0.0,0.0,0.0,0.0,0.0
864,0.0,0.0,0.0,0.0,0.0,0.0,252.07843017578125,0.0,0.0,0.0,287.54010009765625,15.480300903320312,275.554443359375,17.43169403076172,282.20819091796875,81.289306640625,270.3035888671875,79.01956176757812,219.2710723876953,98.4017333984375,220.3803253173828,98.41140747070312,285.4084777832031,154.3062286376953,278.28485107421875,149.69305419921875,265.4680480957031,220.6172332763672,0.0,0.0,0.0,0.0,0.0,0.0
865,0.0,0.0,0.0,0.0,0.0,0.0,256.7598876953125,0.0,0.0,0.0,288.7726745605469,16.402732849121094,0.0,0.0,284.472900390625,89.02656555175781,0.0,0.0,216.97238159179688,100.91412353515624,218.5703125,99.21660614013672,286.27056884765625,158.0018310546875,279.6446838378906,151.92962646484375,0.0,0.0,0.0,0.0,0.0,0.0,0.0,0.0
866,0.0,0.0,0.0,0.0,0.0,0.0,246.47964477539065,0.0,0.0,0.0,287.1455993652344,17.180213928222656,276.261962890625,17.21710205078125,289.2061767578125,82.67729949951172,271.8446350097656,78.62962341308594,218.08209228515625,101.65594482421876,220.23703002929688,98.32848358154295,287.6820983886719,157.65310668945312,279.4131774902344,151.4546356201172,0.0,0.0,0.0,0.0,0.0,0.0,0.0,0.0
867,0.0,0.0,0.0,0.0,0.0,0.0,252.384521484375,0.0,0.0,0.0,288.04638671875,15.588455200195312,279.9438171386719,16.66553497314453,283.3819580078125,82.82743835449219,272.365234375,79.95408630371094,220.3209991455078,98.5574951171875,220.91110229492188,98.51708984375,285.6546325683594,155.037841796875,280.7709350585937,149.8236541748047,0.0,0.0,0.0,0.0,0.0,0.0,0.0,0.0
868,0.0,0.0,0.0,0.0,0.0,0.0,251.64471435546875,0.0,0.0,0.0,287.4456481933594,15.740394592285156,279.2204284667969,17.826126098632812,283.2060852050781,81.77843475341797,272.42254638671875,80.29224395751953,222.10296630859372,98.2116241455078,221.7198181152344,97.93649291992188,284.5129699707031,154.14891052246094,279.3687744140625,149.30996704101562,0.0,0.0,0.0,0.0,0.0,0.0,0.0,0.0
869,0.0,0.0,0.0,0.0,0.0,0.0,254.01231384277344,0.0,0.0,0.0,286.52899169921875,16.654022216796875,279.0445251464844,19.36743927001953,281.1814270019531,81.43891143798828,271.724853515625,80.90415954589844,221.9492645263672,98.2310028076172,221.6385955810547,97.00255584716795,284.1393127441406,154.24159240722656,279.4009094238281,150.26683044433594,0.0,0.0,0.0,0.0,0.0,0.0,0.0,0.0
870,0.0,0.0,0.0,0.0,0.0,0.0,258.883056640625,0.0,0.0,0.0,290.251953125,17.161300659179688,274.1001892089844,17.87102508544922,290.95819091796875,88.22972869873047,269.0599060058594,82.3443603515625,224.9288330078125,95.30337524414062,221.28265380859372,95.93072509765624,284.3069152832031,155.52804565429688,274.4576110839844,150.86419677734375,0.0,0.0,0.0,0.0,0.0,0.0,0.0,0.0
871,0.0,0.0,0.0,0.0,0.0,0.0,260.4880065917969,0.0,0.0,0.0,290.280517578125,19.45557403564453,278.0303039550781,20.593055725097656,289.07830810546875,88.82111358642578,270.1635131835937,84.8077392578125,224.2255706787109,94.33487701416016,222.20864868164065,96.66667175292967,284.00848388671875,155.64144897460938,276.9066467285156,151.15541076660156,0.0,0.0,0.0,0.0,0.0,0.0,0.0,0.0
872,0.0,0.0,0.0,0.0,0.0,0.0,260.9713439941406,0.0,0.0,0.0,295.01519775390625,18.454879760742188,270.2476501464844,19.495574951171875,296.742919921875,87.50682067871094,271.53338623046875,83.99472045898438,226.5408935546875,98.77062225341795,226.02203369140625,98.32538604736328,292.3141784667969,154.181640625,274.0312194824219,148.43569946289062,0.0,0.0,0.0,0.0,0.0,0.0,0.0,0.0
873,0.0,0.0,0.0,0.0,0.0,0.0,0.0,0.0,0.0,0.0,286.7321472167969,16.020553588867188,277.1390991210937,16.326431274414062,294.4667053222656,86.21318054199219,275.2713623046875,83.44767761230469,232.21153259277344,99.67623901367188,229.6178131103516,98.35760498046876,282.6228942871094,151.92405700683594,276.2197570800781,146.52041625976562,0.0,0.0,0.0,0.0,0.0,0.0,0.0,0.0
874,0.0,0.0,0.0,0.0,0.0,0.0,0.0,0.0,0.0,0.0,0.0,0.0,0.0,0.0,298.837158203125,83.21851348876953,272.60028076171875,81.5887451171875,228.9273223876953,102.79269409179688,225.8160400390625,97.66161346435548,282.8648376464844,153.51400756835938,269.2169189453125,147.57022094726562,0.0,0.0,0.0,0.0,0.0,0.0,0.0,0.0
875,0.0,0.0,0.0,0.0,0.0,0.0,0.0,0.0,0.0,0.0,0.0,0.0,267.0746459960937,18.43731689453125,0.0,0.0,265.22186279296875,85.1795883178711,239.5167694091797,103.69642639160156,222.955078125,102.87890625,290.1041259765625,156.79522705078125,270.8669738769531,153.9473876953125,0.0,0.0,0.0,0.0,0.0,0.0,0.0,0.0
876,0.0,0.0,0.0,0.0,0.0,0.0,0.0,0.0,0.0,0.0,0.0,0.0,0.0,0.0,307.1460876464844,78.98165130615234,271.4217834472656,78.05574035644531,243.4658966064453,107.74722290039062,230.76239013671875,100.89550018310548,288.25994873046875,156.42388916015625,271.90338134765625,152.40921020507812,0.0,0.0,0.0,0.0,0.0,0.0,0.0,0.0
877,0.0,0.0,0.0,0.0,0.0,0.0,0.0,0.0,0.0,0.0,290.260498046875,12.176261901855469,276.997314453125,15.219985961914062,294.4125366210937,83.61285400390625,270.3334350585937,83.71347045898438,243.1643218994141,108.95022583007812,231.44711303710935,100.06034088134766,284.25714111328125,150.75131225585938,274.9689025878906,146.59893798828125,0.0,0.0,0.0,0.0,0.0,0.0,0.0,0.0
878,0.0,0.0,0.0,0.0,0.0,0.0,239.08840942382807,0.0,0.0,0.0,281.8714599609375,16.40618896484375,261.6973876953125,20.11572265625,302.1834716796875,84.236328125,272.472412109375,84.31980895996094,242.1866912841797,109.43666076660156,232.37733459472656,101.425048828125,286.0226135253906,156.470703125,271.5132141113281,152.4212646484375,0.0,0.0,0.0,0.0,0.0,0.0,0.0,0.0
879,0.0,0.0,0.0,0.0,0.0,0.0,0.0,0.0,0.0,0.0,287.132568359375,17.650054931640625,258.23876953125,18.029762268066406,303.8787841796875,86.09428405761719,267.08258056640625,83.94976806640625,244.6165313720703,109.88673400878906,227.78286743164065,100.53466033935548,287.89678955078125,156.40841674804688,268.1554870605469,151.3742218017578,0.0,0.0,0.0,0.0,0.0,0.0,0.0,0.0
880,0.0,0.0,0.0,0.0,0.0,0.0,0.0,0.0,0.0,0.0,288.1236877441406,17.744705200195312,257.5064697265625,18.878952026367188,304.495849609375,84.2303466796875,265.34552001953125,81.64224243164062,242.4254302978516,112.1603775024414,227.2005615234375,101.59431457519533,290.6758728027344,158.6959686279297,268.97314453125,153.74209594726562,0.0,0.0,0.0,0.0,0.0,0.0,0.0,0.0
881,0.0,0.0,0.0,0.0,0.0,0.0,0.0,0.0,0.0,0.0,285.99859619140625,16.835037231445312,260.0902099609375,16.380523681640625,302.5276184082031,89.14103698730469,266.2403259277344,80.54126739501953,241.038818359375,113.48265075683594,226.57334899902344,101.3541488647461,289.4090881347656,158.3311767578125,270.9843139648437,153.07839965820312,0.0,0.0,0.0,0.0,0.0,0.0,0.0,0.0
882,0.0,0.0,0.0,0.0,0.0,0.0,0.0,0.0,0.0,0.0,288.2617492675781,16.129798889160156,256.6802673339844,18.16320037841797,303.9403991699219,89.2178726196289,260.6914978027344,84.88154602050781,242.8272857666016,112.9489517211914,223.61398315429688,101.30010986328124,289.7483215332031,158.85986328125,267.9911804199219,154.59547424316406,0.0,0.0,0.0,0.0,0.0,0.0,0.0,0.0
883,0.0,0.0,0.0,0.0,0.0,0.0,0.0,0.0,0.0,0.0,286.7980651855469,13.965667724609377,258.5494384765625,18.395484924316406,304.1876525878906,84.16548156738281,262.87518310546875,81.01537322998047,241.26754760742188,113.13867950439452,224.42562866210935,97.79499816894533,289.86376953125,159.2772979736328,270.14410400390625,155.69940185546875,0.0,0.0,0.0,0.0,0.0,0.0,0.0,0.0
884,0.0,0.0,0.0,0.0,0.0,0.0,0.0,0.0,0.0,0.0,292.835205078125,16.211769104003906,263.0682067871094,20.137527465820312,305.7894897460937,85.6550064086914,262.0805358886719,83.29936981201172,246.28184509277344,108.2212371826172,228.74871826171875,93.97354888916016,286.9606628417969,152.85948181152344,266.4950561523437,149.6148223876953,0.0,0.0,0.0,0.0,0.0,0.0,0.0,0.0
885,0.0,0.0,0.0,0.0,0.0,0.0,0.0,0.0,0.0,0.0,0.0,0.0,254.82028198242188,22.538833618164062,307.7230224609375,80.35848999023438,258.1136169433594,78.39794921875,242.1732177734375,106.65884399414062,224.52877807617188,89.83857727050781,297.30572509765625,154.00135803222656,273.4461975097656,152.94146728515625,0.0,0.0,0.0,0.0,0.0,0.0,0.0,0.0
886,0.0,0.0,0.0,0.0,0.0,0.0,0.0,0.0,0.0,0.0,289.32635498046875,15.417404174804688,256.83062744140625,21.604904174804688,308.2571105957031,76.36663055419922,256.68572998046875,77.16349029541016,241.88656616210935,98.37200927734376,220.5406036376953,87.23489379882812,287.0487365722656,145.35585021972656,264.5933837890625,142.99359130859375,0.0,0.0,262.8912353515625,220.48667907714844,0.0,0.0,0.0,0.0
887,219.83224487304688,16.374832153320312,222.06478881835935,5.686248779296875,0.0,0.0,242.03704833984372,0.0,0.0,0.0,288.8647155761719,9.482864379882812,224.32571411132807,29.67089080810547,311.9635925292969,74.0307388305664,218.7875518798828,94.3191909790039,243.50808715820312,97.37352752685548,209.04241943359372,98.12974548339844,292.4697265625,153.78077697753906,251.31890869140625,158.42481994628906,0.0,0.0,0.0,0.0,0.0,0.0,0.0,0.0
888,220.9084014892578,25.865020751953125,221.2566375732422,15.238929748535156,0.0,0.0,242.48239135742188,0.0,0.0,0.0,292.8905334472656,12.269142150878906,240.4266357421875,30.368446350097656,312.1542663574219,72.49105072021484,245.4010467529297,88.57361602783203,231.19793701171875,95.0813980102539,214.48406982421875,92.33109283447266,297.936279296875,159.4210662841797,261.2210388183594,162.2921142578125,0.0,0.0,0.0,0.0,0.0,0.0,0.0,0.0
889,214.94212341308597,22.736892700195312,215.97927856445312,12.217422485351562,0.0,0.0,242.7015686035156,0.0,0.0,0.0,289.5339050292969,20.94296264648437,248.68289184570312,30.29942321777344,306.87384033203125,81.48878479003906,248.7248687744141,79.41714477539062,230.8292236328125,98.92869567871094,213.7383270263672,90.02976989746094,294.932861328125,164.3390655517578,267.3395690917969,163.6728515625,0.0,0.0,0.0,0.0,0.0,0.0,0.0,0.0
890,0.0,0.0,0.0,0.0,0.0,0.0,0.0,0.0,0.0,0.0,0.0,0.0,0.0,0.0,299.2494812011719,82.724365234375,246.1088104248047,78.36515045166016,214.1413726806641,101.90286254882812,194.3946228027344,97.0456314086914,294.7762451171875,166.43630981445312,267.0062255859375,162.99246215820312,0.0,0.0,0.0,0.0,0.0,0.0,0.0,0.0
891,0.0,0.0,0.0,0.0,0.0,0.0,0.0,0.0,0.0,0.0,0.0,0.0,0.0,0.0,289.6153564453125,85.80919647216797,247.4117584228516,80.5033187866211,218.87258911132807,103.0510482788086,187.8482360839844,97.380615234375,290.61407470703125,164.76669311523438,272.6717834472656,162.07400512695312,0.0,0.0,0.0,0.0,0.0,0.0,0.0,0.0
892,0.0,0.0,0.0,0.0,0.0,0.0,0.0,0.0,0.0,0.0,279.8197631835937,16.39959716796875,255.11599731445312,21.05718994140625,286.4415588378906,87.39320373535156,245.6206970214844,78.12548065185547,198.5455017089844,118.95856475830078,186.37924194335935,98.40646362304688,290.9855651855469,182.11721801757807,271.8968200683594,177.34156799316406,0.0,0.0,0.0,0.0,0.0,0.0,0.0,0.0
893,0.0,0.0,0.0,0.0,0.0,0.0,0.0,0.0,0.0,0.0,0.0,0.0,0.0,0.0,291.4955444335937,81.69326782226562,241.92059326171875,84.68645477294922,203.77755737304688,114.5232925415039,184.06451416015625,100.91423034667967,295.95660400390625,175.390869140625,266.9232177734375,174.4742431640625,0.0,0.0,0.0,0.0,0.0,0.0,0.0,0.0
894,0.0,0.0,0.0,0.0,0.0,0.0,0.0,0.0,0.0,0.0,0.0,0.0,0.0,0.0,284.1333923339844,88.07412719726562,245.32827758789065,81.9383544921875,202.35330200195312,113.96365356445312,181.62347412109372,100.2183074951172,293.3775939941406,176.78843688964844,270.747802734375,172.9722900390625,0.0,0.0,0.0,0.0,0.0,0.0,0.0,0.0
895,0.0,0.0,0.0,0.0,0.0,0.0,0.0,0.0,0.0,0.0,0.0,0.0,0.0,0.0,287.4716186523437,84.39898681640625,243.7242126464844,83.74884796142578,197.2618865966797,114.79973602294922,180.22903442382807,101.62104034423828,293.4535522460937,179.51747131347656,270.37109375,175.9498748779297,0.0,0.0,0.0,0.0,0.0,0.0,0.0,0.0
896,0.0,0.0,0.0,0.0,0.0,0.0,0.0,0.0,0.0,0.0,0.0,0.0,257.9083251953125,16.292388916015625,287.8846740722656,89.80699157714844,247.8847503662109,77.76560974121094,200.91705322265625,116.45002746582033,183.50192260742188,99.39695739746094,284.4327697753906,177.43284606933594,268.4289855957031,171.14332580566406,0.0,0.0,0.0,0.0,0.0,0.0,0.0,0.0
897,0.0,0.0,0.0,0.0,0.0,0.0,0.0,0.0,0.0,0.0,0.0,0.0,0.0,0.0,286.5908203125,88.13841247558594,242.65066528320312,78.88998413085938,200.77886962890625,116.21800231933594,179.0400390625,98.8225326538086,288.6502990722656,176.26449584960938,263.3411560058594,170.9185791015625,0.0,0.0,0.0,0.0,0.0,0.0,0.0,0.0
898,0.0,0.0,0.0,0.0,0.0,0.0,0.0,0.0,0.0,0.0,0.0,0.0,248.62554931640625,10.920692443847656,291.2346496582031,88.2568588256836,236.7715759277344,80.05543518066406,217.4958953857422,115.86453247070312,183.7299652099609,97.1053466796875,287.8332824707031,169.56344604492188,263.562255859375,164.49703979492188,0.0,0.0,0.0,0.0,0.0,0.0,0.0,0.0
899,0.0,0.0,0.0,0.0,0.0,0.0,0.0,0.0,0.0,0.0,0.0,0.0,0.0,0.0,289.9883117675781,89.70559692382812,238.9750061035156,78.79419708251953,215.854248046875,119.62740325927734,182.85939025878903,101.03468322753906,285.3249206542969,172.69715881347656,261.44610595703125,167.30435180664062,0.0,0.0,0.0,0.0,0.0,0.0,0.0,0.0
900,0.0,0.0,0.0,0.0,0.0,0.0,0.0,0.0,0.0,0.0,0.0,0.0,254.09359741210935,16.01036834716797,288.4158020019531,88.7464599609375,237.9816131591797,83.20855712890625,215.47735595703125,119.45772552490234,184.08148193359372,99.8371353149414,288.9592590332031,176.66183471679688,263.4692687988281,171.85084533691406,0.0,0.0,0.0,0.0,0.0,0.0,0.0,0.0
901,0.0,0.0,0.0,0.0,0.0,0.0,0.0,0.0,0.0,0.0,0.0,0.0,0.0,0.0,290.5763854980469,95.97953033447266,235.2618408203125,82.43162536621094,216.263916015625,123.17485809326172,182.8130340576172,100.00198364257812,288.65301513671875,170.14495849609375,260.7808837890625,163.6947784423828,0.0,0.0,0.0,0.0,0.0,0.0,0.0,0.0
902,0.0,0.0,0.0,0.0,0.0,0.0,0.0,0.0,0.0,0.0,284.6186828613281,19.685943603515625,248.36941528320312,14.909133911132812,272.9697265625,102.587646484375,231.27012634277344,82.69075012207031,216.50454711914065,117.82600402832033,187.48550415039065,98.41546630859376,286.1261291503906,170.80007934570312,258.09771728515625,163.018798828125,0.0,0.0,0.0,0.0,0.0,0.0,0.0,0.0
903,0.0,0.0,0.0,0.0,0.0,0.0,0.0,0.0,0.0,0.0,0.0,0.0,0.0,0.0,287.1612548828125,87.21627044677734,235.7655334472656,84.39842987060547,215.13446044921875,110.77935791015624,183.5124969482422,101.74832916259766,289.1563720703125,173.41046142578125,260.6104431152344,170.29425048828125,0.0,0.0,0.0,0.0,0.0,0.0,0.0,0.0
904,0.0,0.0,0.0,0.0,0.0,0.0,0.0,0.0,0.0,0.0,0.0,0.0,0.0,0.0,283.11199951171875,85.20586395263672,239.59326171875,83.02924346923828,205.3098297119141,106.170654296875,181.06134033203125,100.2659149169922,293.04443359375,171.024169921875,269.4122314453125,168.39732360839844,0.0,0.0,0.0,0.0,0.0,0.0,0.0,0.0
905,0.0,0.0,0.0,0.0,0.0,0.0,0.0,0.0,0.0,0.0,0.0,0.0,0.0,0.0,252.89031982421875,83.44430541992188,245.6226348876953,78.591552734375,190.06195068359372,106.61585235595705,183.9825439453125,100.36382293701172,285.7332458496094,168.76776123046875,279.04345703125,165.92422485351562,0.0,0.0,0.0,0.0,0.0,0.0,0.0,0.0
906,0.0,0.0,0.0,0.0,0.0,0.0,0.0,0.0,0.0,0.0,0.0,0.0,0.0,0.0,250.6490020751953,82.84526824951172,243.8439483642578,73.70433807373047,187.833740234375,106.0815658569336,184.7604217529297,98.57191467285156,286.87713623046875,169.51194763183594,281.7699279785156,166.61915588378906,0.0,0.0,0.0,0.0,0.0,0.0,0.0,0.0
907,0.0,0.0,0.0,0.0,0.0,0.0,0.0,0.0,0.0,0.0,0.0,0.0,0.0,0.0,245.37652587890625,83.69007110595703,248.8749237060547,77.43196105957031,188.73419189453125,104.7708969116211,189.78697204589844,98.34841918945312,280.46856689453125,170.54025268554688,282.7791748046875,166.77308654785156,0.0,0.0,0.0,0.0,0.0,0.0,0.0,0.0
908,0.0,0.0,0.0,0.0,0.0,0.0,0.0,0.0,0.0,0.0,265.450439453125,6.516288757324219,0.0,0.0,242.5827178955078,87.15042877197266,250.21861267089844,77.42314910888672,189.43751525878903,102.1706771850586,190.54364013671875,97.69140625,280.1434326171875,171.98602294921875,285.6839294433594,166.52218627929688,0.0,0.0,0.0,0.0,0.0,0.0,0.0,0.0
909,0.0,0.0,0.0,0.0,0.0,0.0,0.0,0.0,0.0,0.0,0.0,0.0,0.0,0.0,248.12234497070312,81.98976135253906,0.0,0.0,187.1739196777344,98.33799743652344,186.73568725585935,95.27244567871094,282.8848876953125,172.56961059570312,286.3119506835937,167.45338439941406,0.0,0.0,0.0,0.0,0.0,0.0,0.0,0.0
910,0.0,0.0,0.0,0.0,0.0,0.0,0.0,0.0,0.0,0.0,0.0,0.0,0.0,0.0,251.0038604736328,89.17985534667969,249.2684631347656,74.11907958984375,183.5572052001953,98.91970825195312,182.9671936035156,89.53851318359375,285.5018005371094,169.77923583984375,281.2401428222656,164.63841247558594,0.0,0.0,0.0,0.0,0.0,0.0,0.0,0.0
911,0.0,0.0,0.0,0.0,0.0,0.0,0.0,0.0,0.0,0.0,0.0,0.0,0.0,0.0,253.79669189453125,85.2953109741211,0.0,0.0,187.56231689453125,86.19720458984375,186.34988403320312,81.97529602050781,283.75457763671875,166.90011596679688,283.25592041015625,162.59832763671875,0.0,0.0,0.0,0.0,0.0,0.0,0.0,0.0
912,0.0,0.0,0.0,0.0,0.0,0.0,0.0,0.0,0.0,0.0,270.8553161621094,10.553253173828123,0.0,0.0,252.77764892578125,80.54530334472656,0.0,0.0,189.6328125,77.03406524658203,187.0809326171875,72.42228698730469,284.526123046875,163.18739318847656,280.0585021972656,159.89950561523438,0.0,0.0,0.0,0.0,0.0,0.0,0.0,0.0
913,0.0,0.0,0.0,0.0,0.0,0.0,0.0,0.0,0.0,0.0,0.0,0.0,0.0,0.0,263.4685363769531,80.2842025756836,0.0,0.0,198.8666076660156,72.69815063476562,198.41136169433597,72.75733947753906,282.34185791015625,161.30410766601562,281.9893798828125,157.11264038085938,0.0,0.0,0.0,0.0,0.0,0.0,0.0,0.0
914,0.0,0.0,213.955078125,17.43341827392578,0.0,0.0,237.072998046875,0.0,0.0,0.0,278.2784118652344,12.76215362548828,0.0,0.0,274.45758056640625,75.27839660644531,0.0,0.0,200.83262634277344,71.56686401367188,202.670166015625,66.58888244628906,285.3325500488281,158.35105895996094,274.7510986328125,154.60842895507812,0.0,0.0,0.0,0.0,0.0,0.0,0.0,0.0
915,0.0,0.0,0.0,0.0,0.0,0.0,0.0,0.0,0.0,0.0,280.24224853515625,8.3699951171875,0.0,0.0,260.84002685546875,72.2166976928711,0.0,0.0,203.50970458984372,66.98454284667969,206.6028289794922,64.01988983154297,284.4967956542969,158.48980712890625,277.46435546875,154.7903594970703,0.0,0.0,0.0,0.0,0.0,0.0,0.0,0.0
916,0.0,0.0,0.0,0.0,0.0,0.0,0.0,0.0,0.0,0.0,0.0,0.0,0.0,0.0,251.6651611328125,71.330810546875,256.6347351074219,67.64356994628906,207.89312744140625,70.48876953125,0.0,0.0,280.30767822265625,157.09353637695312,285.6112060546875,155.5399932861328,0.0,0.0,0.0,0.0,0.0,0.0,0.0,0.0
917,0.0,0.0,0.0,0.0,0.0,0.0,0.0,0.0,0.0,0.0,0.0,0.0,0.0,0.0,281.2130432128906,72.02562713623047,266.03515625,67.26068115234375,214.24191284179688,69.99734497070312,211.7715759277344,68.45799255371094,290.4681396484375,158.45703125,273.4332275390625,152.6634979248047,0.0,0.0,0.0,0.0,0.0,0.0,0.0,0.0
918,0.0,0.0,0.0,0.0,0.0,0.0,0.0,0.0,0.0,0.0,284.8713073730469,11.915725708007812,0.0,0.0,279.0276184082031,71.28516387939453,261.22479248046875,62.24638366699219,217.0011749267578,67.69971466064453,216.44985961914065,60.28590393066406,289.5460205078125,158.5660400390625,276.2637023925781,154.27247619628906,0.0,0.0,0.0,0.0,0.0,0.0,0.0,0.0
919,0.0,0.0,0.0,0.0,0.0,0.0,0.0,0.0,0.0,0.0,0.0,0.0,0.0,0.0,285.47607421875,69.43588256835938,272.4964904785156,65.03923797607422,222.7396240234375,66.5303726196289,218.48995971679688,64.32503509521484,289.1830749511719,160.51806640625,274.64654541015625,155.62266540527344,0.0,0.0,0.0,0.0,0.0,0.0,0.0,0.0
920,0.0,0.0,0.0,0.0,0.0,0.0,0.0,0.0,0.0,0.0,0.0,0.0,0.0,0.0,291.8877258300781,72.71183776855469,0.0,0.0,225.74264526367188,70.22754669189453,224.40057373046875,61.65808868408203,286.3558349609375,160.2875213623047,277.0530700683594,153.8146514892578,0.0,0.0,0.0,0.0,0.0,0.0,0.0,0.0
921,0.0,0.0,0.0,0.0,0.0,0.0,0.0,0.0,0.0,0.0,0.0,0.0,0.0,0.0,292.04150390625,81.71617126464844,265.1151733398437,61.48043823242188,231.23193359375,73.65211486816406,221.12005615234372,61.59857940673828,288.9050598144531,152.27943420410156,280.6472473144531,145.34231567382812,0.0,0.0,0.0,0.0,0.0,0.0,0.0,0.0
922,0.0,0.0,0.0,0.0,0.0,0.0,0.0,0.0,0.0,0.0,277.92791748046875,9.2764892578125,0.0,0.0,271.4213256835937,72.76187133789062,272.803955078125,64.90847778320312,222.5798797607422,71.111572265625,221.32553100585935,66.25883483886719,282.2512512207031,150.23199462890625,289.1618957519531,144.33126831054688,0.0,0.0,0.0,0.0,0.0,0.0,0.0,0.0
923,0.0,0.0,0.0,0.0,0.0,0.0,0.0,0.0,0.0,0.0,0.0,0.0,277.5507507324219,13.14263916015625,278.1126403808594,72.90318298339844,269.06884765625,70.43165588378906,227.59829711914065,70.88599395751953,225.3560333251953,72.38804626464844,285.6741943359375,156.58409118652344,277.5260009765625,151.8362274169922,0.0,0.0,0.0,0.0,0.0,0.0,0.0,0.0
924,0.0,0.0,0.0,0.0,0.0,0.0,0.0,0.0,0.0,0.0,0.0,0.0,0.0,0.0,297.8811340332031,81.33605194091797,267.09912109375,67.70182800292969,232.54495239257807,71.83084106445312,222.15109252929688,69.4093017578125,288.6015014648437,155.03643798828125,273.664306640625,147.9482421875,0.0,0.0,0.0,0.0,0.0,0.0,0.0,0.0
925,0.0,0.0,0.0,0.0,0.0,0.0,0.0,0.0,0.0,0.0,0.0,0.0,0.0,0.0,268.0585632324219,69.93991088867188,0.0,0.0,225.2039794921875,65.83995819091797,0.0,0.0,280.4388732910156,154.72390747070312,292.67352294921875,149.1600341796875,0.0,0.0,0.0,0.0,0.0,0.0,0.0,0.0
926,0.0,0.0,0.0,0.0,0.0,0.0,0.0,0.0,0.0,0.0,0.0,0.0,0.0,0.0,295.9535217285156,73.86539459228516,265.9791564941406,54.555397033691406,232.0464782714844,67.66474914550781,227.89627075195312,52.94891357421875,287.5381164550781,153.1797332763672,268.575927734375,145.73577880859375,0.0,0.0,0.0,0.0,0.0,0.0,0.0,0.0
927,0.0,0.0,0.0,0.0,0.0,0.0,0.0,0.0,0.0,0.0,0.0,0.0,0.0,0.0,298.2532653808594,72.61566162109375,268.52520751953125,56.27318572998047,235.2804412841797,68.01884460449219,224.45651245117188,51.7212028503418,287.0248413085937,154.4501495361328,270.0615539550781,147.5293731689453,0.0,0.0,0.0,0.0,0.0,0.0,0.0,0.0
928,0.0,0.0,0.0,0.0,0.0,0.0,0.0,0.0,0.0,0.0,0.0,0.0,0.0,0.0,274.43463134765625,72.19104766845703,269.4870300292969,55.585235595703125,224.89620971679688,66.78105163574219,228.18341064453125,49.66814422607422,287.3680725097656,152.11178588867188,278.9109191894531,145.94044494628906,0.0,0.0,0.0,0.0,0.0,0.0,0.0,0.0
929,0.0,0.0,0.0,0.0,0.0,0.0,0.0,0.0,0.0,0.0,0.0,0.0,0.0,0.0,271.1202392578125,73.11315155029297,270.1187744140625,70.15797424316406,224.2939300537109,65.94050598144531,226.9613342285156,64.83587646484375,286.16357421875,152.1543426513672,278.693359375,147.00830078125,0.0,0.0,0.0,0.0,0.0,0.0,0.0,0.0
930,0.0,0.0,0.0,0.0,0.0,0.0,0.0,0.0,0.0,0.0,0.0,0.0,0.0,0.0,282.0384216308594,74.55322265625,0.0,0.0,222.61997985839844,65.93888854980469,217.3883056640625,57.21568298339844,285.9976806640625,153.2276611328125,279.3113098144531,147.24700927734375,0.0,0.0,0.0,0.0,0.0,0.0,0.0,0.0
931,0.0,0.0,0.0,0.0,0.0,0.0,0.0,0.0,0.0,0.0,286.6503295898437,9.860191345214844,0.0,0.0,284.7906799316406,72.38427734375,271.15460205078125,60.15830993652344,224.8519287109375,64.11700439453125,222.3876037597656,50.08644104003906,284.89666748046875,152.73452758789062,276.7525939941406,147.56678771972656,0.0,0.0,0.0,0.0,0.0,0.0,0.0,0.0
932,0.0,0.0,0.0,0.0,0.0,0.0,0.0,0.0,0.0,0.0,0.0,0.0,0.0,0.0,292.6999816894531,79.59747314453125,267.3022155761719,60.92543029785156,227.7210693359375,67.02362060546875,221.7988739013672,51.754920959472656,285.86822509765625,152.79220581054688,274.6005859375,145.5204620361328,0.0,0.0,0.0,0.0,0.0,0.0,0.0,0.0
933,0.0,0.0,0.0,0.0,0.0,0.0,0.0,0.0,0.0,0.0,0.0,0.0,0.0,0.0,294.5013732910156,82.32573699951172,262.7862243652344,60.89971160888672,228.37669372558597,66.83125305175781,221.3983154296875,51.660552978515625,290.1887512207031,155.68922424316406,272.1036682128906,148.74978637695312,0.0,0.0,0.0,0.0,0.0,0.0,0.0,0.0
934,0.0,0.0,0.0,0.0,0.0,0.0,0.0,0.0,0.0,0.0,0.0,0.0,0.0,0.0,276.6900329589844,76.85394287109375,0.0,0.0,221.4365234375,65.26373291015625,233.0041046142578,50.695594787597656,285.9876708984375,147.87728881835938,285.9082946777344,140.80523681640625,0.0,0.0,0.0,0.0,0.0,0.0,0.0,0.0
935,0.0,0.0,0.0,0.0,0.0,0.0,0.0,0.0,0.0,0.0,288.77362060546875,10.488784790039062,0.0,0.0,291.302490234375,79.7988052368164,271.810546875,56.66456604003906,224.30686950683597,69.40370178222656,226.7464904785156,51.27587127685547,287.3917541503906,155.16049194335938,273.5515441894531,147.2910919189453,0.0,0.0,0.0,0.0,0.0,0.0,0.0,0.0
936,0.0,0.0,0.0,0.0,0.0,0.0,0.0,0.0,0.0,0.0,289.3567810058594,10.978538513183594,0.0,0.0,289.9119873046875,81.50977325439453,269.5823974609375,60.05317687988281,229.30258178710935,70.32495880126953,227.83810424804688,53.371360778808594,285.67926025390625,154.87254333496094,274.2267761230469,148.08860778808594,0.0,0.0,0.0,0.0,0.0,0.0,0.0,0.0
937,0.0,0.0,0.0,0.0,0.0,0.0,0.0,0.0,0.0,0.0,287.2458801269531,11.454132080078123,0.0,0.0,284.2642822265625,75.71375274658203,275.3056335449219,54.634185791015625,226.25265502929688,71.78622436523438,227.6017303466797,51.24888610839844,285.6684265136719,154.1660614013672,277.4672546386719,147.38539123535156,0.0,0.0,0.0,0.0,0.0,0.0,0.0,0.0
938,0.0,0.0,0.0,0.0,0.0,0.0,0.0,0.0,0.0,0.0,289.14508056640625,9.984512329101562,0.0,0.0,289.5895690917969,78.85066223144531,277.9912414550781,52.19844818115234,230.18118286132807,71.58309936523438,229.96356201171875,47.56134033203125,283.3533020019531,154.86029052734375,276.5012512207031,146.60519409179688,0.0,0.0,0.0,0.0,0.0,0.0,0.0,0.0
939,214.84036254882807,11.346153259277344,213.6962890625,3.7619400024414062,0.0,0.0,240.4672393798828,0.0,0.0,0.0,284.4216613769531,14.540260314941406,269.8480834960937,10.08295440673828,294.2595520019531,78.53948211669922,278.1082763671875,53.5625,226.17086791992188,74.49520874023438,234.0402069091797,51.742462158203125,287.7186584472656,158.04275512695312,275.6595764160156,150.80154418945312,0.0,0.0,0.0,0.0,0.0,0.0,0.0,0.0
940,0.0,0.0,0.0,0.0,0.0,0.0,0.0,0.0,0.0,0.0,288.1860046386719,11.449676513671877,0.0,0.0,279.4454040527344,76.08088684082031,280.4498291015625,56.11692810058594,225.8086395263672,70.6629638671875,233.6330718994141,51.97420501708984,284.18524169921875,152.824462890625,284.1368408203125,145.54425048828125,0.0,0.0,0.0,0.0,0.0,0.0,0.0,0.0
941,0.0,0.0,0.0,0.0,0.0,0.0,0.0,0.0,0.0,0.0,292.7835693359375,15.372177124023438,278.18414306640625,9.621665954589844,287.3321228027344,80.56584930419922,272.0169677734375,57.702247619628906,227.04739379882807,70.92353820800781,230.4100646972656,50.69828796386719,287.76129150390625,157.42050170898438,276.3242492675781,149.62216186523438,0.0,0.0,0.0,0.0,0.0,0.0,0.0,0.0
942,0.0,0.0,0.0,0.0,0.0,0.0,0.0,0.0,0.0,0.0,290.0232238769531,15.938278198242188,282.6463928222656,12.722633361816406,286.9373474121094,76.0713882446289,276.1581115722656,58.76923370361328,230.8827972412109,68.51341247558594,232.9098052978516,52.49937438964844,283.7714233398437,156.49118041992188,278.94537353515625,149.78009033203125,0.0,0.0,0.0,0.0,0.0,0.0,0.0,0.0
943,0.0,0.0,0.0,0.0,0.0,0.0,0.0,0.0,0.0,0.0,292.7929077148437,13.437347412109377,0.0,0.0,290.9467163085937,83.47962951660156,274.6641540527344,58.75226211547852,226.8649139404297,71.50788116455078,237.7377777099609,51.95042419433594,286.5840759277344,156.67881774902344,273.8836669921875,149.4116973876953,0.0,0.0,0.0,0.0,0.0,0.0,0.0,0.0
944,0.0,0.0,0.0,0.0,0.0,0.0,0.0,0.0,0.0,0.0,286.5608215332031,12.44084930419922,0.0,0.0,295.1302490234375,78.8490219116211,281.1199951171875,54.20597076416016,230.9637756347656,76.40005493164062,236.9464111328125,54.43309783935547,285.789306640625,156.76406860351562,276.6640625,149.7130126953125,0.0,0.0,0.0,0.0,0.0,0.0,0.0,0.0
945,0.0,0.0,0.0,0.0,0.0,0.0,0.0,0.0,0.0,0.0,288.34649658203125,8.744575500488281,0.0,0.0,294.74188232421875,78.84675598144531,285.7404479980469,60.57661437988281,236.36639404296875,73.21929931640625,242.16651916503903,58.698486328125,283.93572998046875,154.5550079345703,280.8180236816406,147.16737365722656,0.0,0.0,0.0,0.0,0.0,0.0,0.0,0.0
946,0.0,0.0,0.0,0.0,0.0,0.0,0.0,0.0,0.0,0.0,0.0,0.0,0.0,0.0,294.8119201660156,81.46697235107422,279.390869140625,61.13811492919922,236.9642791748047,74.80179595947266,243.28321838378903,59.0500373840332,287.3872985839844,153.246826171875,274.47686767578125,145.59005737304688,0.0,0.0,0.0,0.0,0.0,0.0,0.0,0.0
947,0.0,0.0,0.0,0.0,0.0,0.0,0.0,0.0,0.0,0.0,292.6595764160156,12.83062744140625,0.0,0.0,293.9921264648437,82.01244354248047,274.1185302734375,61.70186996459961,236.68028259277344,72.60401916503906,237.15695190429688,58.12538528442383,286.2002868652344,155.59800720214844,274.4602355957031,147.95062255859375,0.0,0.0,0.0,0.0,0.0,0.0,0.0,0.0
948,0.0,0.0,0.0,0.0,0.0,0.0,0.0,0.0,0.0,0.0,291.0346374511719,15.996124267578123,275.55096435546875,9.998420715332031,296.0315856933594,78.84684753417969,275.71685791015625,55.691986083984375,235.6327667236328,77.46369171142578,238.406494140625,59.04085540771485,287.4358215332031,156.8499755859375,275.3509521484375,149.55996704101562,0.0,0.0,0.0,0.0,0.0,0.0,0.0,0.0
949,0.0,0.0,0.0,0.0,0.0,0.0,0.0,0.0,0.0,0.0,294.9029541015625,12.93115234375,0.0,0.0,288.48858642578125,76.87606048583984,272.4190368652344,61.92924880981445,234.3465576171875,72.880615234375,239.77301025390625,59.59620666503906,288.6552124023437,150.7604217529297,276.6999816894531,145.1570281982422,0.0,0.0,0.0,0.0,0.0,0.0,0.0,0.0
950,0.0,0.0,0.0,0.0,0.0,0.0,261.48016357421875,0.0,0.0,0.0,292.69927978515625,12.036140441894531,280.56134033203125,9.852951049804688,291.4379272460937,83.28144073486328,269.6559753417969,62.71393203735352,232.76910400390625,74.91187286376953,235.23675537109372,52.89548873901367,290.629638671875,151.9055938720703,279.7443542480469,145.59042358398438,0.0,0.0,0.0,0.0,0.0,0.0,0.0,0.0
951,0.0,0.0,0.0,0.0,0.0,0.0,0.0,0.0,0.0,0.0,287.5579528808594,12.875358581542969,0.0,0.0,296.746826171875,79.34895324707031,277.9754943847656,58.48418426513672,229.49658203125,79.43803405761719,232.60055541992188,60.26414108276367,288.7442321777344,156.57798767089844,278.9679260253906,149.58767700195312,0.0,0.0,0.0,0.0,0.0,0.0,0.0,0.0
952,0.0,0.0,0.0,0.0,0.0,0.0,0.0,0.0,0.0,0.0,0.0,0.0,0.0,0.0,294.2357482910156,81.01046752929688,272.2625427246094,71.95343017578125,232.36419677734372,72.98104858398438,228.76258850097656,66.76371765136719,288.423828125,155.88267517089844,276.8437194824219,149.60076904296875,0.0,0.0,0.0,0.0,0.0,0.0,0.0,0.0
953,0.0,0.0,0.0,0.0,0.0,0.0,0.0,0.0,0.0,0.0,293.85028076171875,13.689178466796877,0.0,0.0,296.4057006835937,85.62837982177734,271.6569519042969,81.02719116210938,237.371337890625,77.33145141601562,226.65301513671875,77.68876647949219,288.5492248535156,156.49490356445312,275.3003845214844,150.34336853027344,0.0,0.0,0.0,0.0,0.0,0.0,0.0,0.0
954,0.0,0.0,0.0,0.0,0.0,0.0,0.0,0.0,0.0,0.0,292.9260559082031,10.494827270507812,280.1220397949219,11.93889617919922,293.2293395996094,81.89154052734375,281.22735595703125,77.07765197753906,229.9842529296875,78.08078002929688,228.34426879882807,82.14700317382812,290.26593017578125,158.51339721679688,279.260986328125,152.26296997070312,0.0,0.0,0.0,0.0,0.0,0.0,0.0,0.0
955,0.0,0.0,0.0,0.0,0.0,0.0,0.0,0.0,0.0,0.0,0.0,0.0,0.0,0.0,286.2581787109375,75.83853149414062,0.0,0.0,227.9906311035156,80.81951904296875,231.52490234375,82.90608215332031,285.700439453125,156.107666015625,278.9451599121094,149.58319091796875,0.0,0.0,0.0,0.0,0.0,0.0,0.0,0.0
956,0.0,0.0,0.0,0.0,0.0,0.0,0.0,0.0,0.0,0.0,291.800048828125,9.708335876464844,0.0,0.0,294.12957763671875,80.25828552246094,0.0,0.0,229.17271423339844,80.47987365722656,230.80108642578125,92.0195083618164,285.1264343261719,160.68014526367188,273.731689453125,154.5806884765625,0.0,0.0,0.0,0.0,0.0,0.0,0.0,0.0
957,0.0,0.0,0.0,0.0,0.0,0.0,0.0,0.0,0.0,0.0,284.2463073730469,2.975204467773437,0.0,0.0,279.30670166015625,70.74810791015625,0.0,0.0,226.00498962402344,78.88459777832031,0.0,0.0,282.9676208496094,151.423095703125,281.7357482910156,145.99032592773438,0.0,0.0,0.0,0.0,0.0,0.0,0.0,0.0
958,0.0,0.0,0.0,0.0,0.0,0.0,0.0,0.0,0.0,0.0,0.0,0.0,0.0,0.0,276.88018798828125,69.49562072753906,279.92950439453125,87.1203384399414,226.46038818359372,79.65194702148438,239.90362548828125,123.0547866821289,284.5293273925781,153.38217163085938,275.8614196777344,150.0474853515625,0.0,0.0,0.0,0.0,0.0,0.0,0.0,0.0
959,0.0,0.0,0.0,0.0,0.0,0.0,0.0,0.0,0.0,0.0,291.1757202148437,9.261634826660156,0.0,0.0,286.9838562011719,66.44107055664062,277.7410888671875,87.1322021484375,229.25540161132807,76.97012329101562,237.2021942138672,125.57461547851562,285.8829650878906,157.70846557617188,271.792724609375,154.5638427734375,0.0,0.0,0.0,0.0,0.0,0.0,0.0,0.0
960,0.0,0.0,0.0,0.0,0.0,0.0,0.0,0.0,0.0,0.0,0.0,0.0,0.0,0.0,292.311767578125,57.26521301269531,285.1563720703125,82.25135040283203,233.02964782714844,74.63558197021484,238.18885803222656,121.88768005371094,285.3324584960937,158.68751525878906,272.9310913085937,155.71310424804688,0.0,0.0,0.0,0.0,0.0,0.0,0.0,0.0
961,0.0,0.0,0.0,0.0,0.0,0.0,0.0,0.0,0.0,0.0,290.92974853515625,10.050674438476562,273.6365051269531,20.93916320800781,289.74200439453125,58.40794372558594,276.8527526855469,86.10865020751953,235.2253570556641,71.54635620117188,239.63278198242188,119.57273864746094,286.04364013671875,154.37188720703125,271.87310791015625,152.65109252929688,0.0,0.0,0.0,0.0,0.0,0.0,0.0,0.0
962,0.0,0.0,0.0,0.0,0.0,0.0,0.0,0.0,0.0,0.0,289.59771728515625,9.085891723632812,281.0111389160156,18.759666442871094,283.5183410644531,62.19660949707031,280.7377624511719,84.16569519042969,230.2733459472656,72.90001678466797,236.54466247558597,110.81614685058594,285.9888916015625,152.9011688232422,277.6075744628906,149.80828857421875,0.0,0.0,0.0,0.0,0.0,0.0,0.0,0.0
963,0.0,0.0,0.0,0.0,0.0,0.0,256.5620422363281,0.0,0.0,0.0,284.8927001953125,13.35283660888672,0.0,0.0,280.2522277832031,65.44808959960938,0.0,0.0,225.4278259277344,70.27708435058594,235.14491271972656,90.27906799316406,281.5850524902344,153.87326049804688,280.99969482421875,149.31732177734375,0.0,0.0,0.0,0.0,0.0,0.0,0.0,0.0
964,0.0,0.0,0.0,0.0,0.0,0.0,255.22964477539065,0.0,0.0,0.0,284.6607360839844,10.4974365234375,0.0,0.0,280.7615051269531,62.30891418457031,0.0,0.0,227.54736328125,68.82633972167969,227.30967712402344,77.11837768554688,282.2535705566406,154.2432861328125,279.0859069824219,150.17291259765625,0.0,0.0,0.0,0.0,0.0,0.0,0.0,0.0
965,0.0,0.0,0.0,0.0,0.0,0.0,0.0,0.0,0.0,0.0,278.7542419433594,6.7489013671875,0.0,0.0,277.8919372558594,59.51641845703125,0.0,0.0,232.8385467529297,64.35387420654297,0.0,0.0,282.6748962402344,153.290283203125,292.9882202148437,148.63687133789062,0.0,0.0,0.0,0.0,0.0,0.0,0.0,0.0
966,0.0,0.0,0.0,0.0,0.0,0.0,246.5970764160156,0.0,0.0,0.0,274.4726257324219,5.331512451171875,0.0,0.0,266.3511047363281,57.970611572265625,0.0,0.0,222.0386505126953,65.74177551269531,0.0,0.0,282.0202941894531,152.34054565429688,290.0085144042969,148.1524200439453,0.0,0.0,0.0,0.0,0.0,0.0,0.0,0.0
967,0.0,0.0,0.0,0.0,0.0,0.0,240.67718505859372,0.0,0.0,0.0,271.739013671875,8.686508178710938,0.0,0.0,265.80767822265625,63.38842010498047,0.0,0.0,223.99952697753903,64.60392761230469,0.0,0.0,283.93365478515625,148.68161010742188,293.1727600097656,143.78549194335938,0.0,0.0,0.0,0.0,0.0,0.0,0.0,0.0
968,0.0,0.0,0.0,0.0,0.0,0.0,0.0,0.0,0.0,0.0,274.5096130371094,9.79058837890625,0.0,0.0,265.4000244140625,66.54496765136719,0.0,0.0,228.80007934570312,66.4830551147461,0.0,0.0,283.0005798339844,153.27587890625,295.6358337402344,149.06788635253906,0.0,0.0,0.0,0.0,0.0,0.0,0.0,0.0
969,0.0,0.0,0.0,0.0,0.0,0.0,0.0,0.0,0.0,0.0,272.9083251953125,8.747039794921875,0.0,0.0,266.39190673828125,68.76299285888672,0.0,0.0,225.1293182373047,68.0870590209961,0.0,0.0,281.90582275390625,151.5457305908203,295.3627319335937,146.49139404296875,0.0,0.0,0.0,0.0,0.0,0.0,0.0,0.0
970,0.0,0.0,0.0,0.0,0.0,0.0,0.0,0.0,0.0,0.0,275.33837890625,4.638710021972656,0.0,0.0,257.5172119140625,66.8410415649414,0.0,0.0,218.52960205078125,70.19828033447266,0.0,0.0,283.6282043457031,155.18089294433594,287.9227600097656,152.3853759765625,0.0,0.0,0.0,0.0,0.0,0.0,0.0,0.0
971,0.0,0.0,0.0,0.0,0.0,0.0,0.0,0.0,0.0,0.0,0.0,0.0,0.0,0.0,261.5133056640625,77.25081634521484,0.0,0.0,221.3730926513672,75.6529312133789,0.0,0.0,282.96533203125,154.86117553710938,296.25250244140625,150.63763427734375,0.0,0.0,0.0,0.0,0.0,0.0,0.0,0.0
972,0.0,0.0,0.0,0.0,0.0,0.0,0.0,0.0,0.0,0.0,0.0,0.0,0.0,0.0,270.61639404296875,73.28070831298828,0.0,0.0,223.29437255859372,85.7218017578125,0.0,0.0,281.7543640136719,152.16622924804688,294.4712219238281,148.55984497070312,0.0,0.0,0.0,0.0,0.0,0.0,0.0,0.0
973,0.0,0.0,0.0,0.0,0.0,0.0,0.0,0.0,0.0,0.0,0.0,0.0,283.5749816894531,8.883903503417969,0.0,0.0,276.824951171875,78.29736328125,0.0,0.0,230.92205810546875,92.91043090820312,285.6585998535156,152.9351806640625,284.894287109375,149.20394897460938,0.0,0.0,0.0,0.0,0.0,0.0,0.0,0.0
974,0.0,0.0,0.0,0.0,0.0,0.0,0.0,0.0,0.0,0.0,284.3768310546875,7.414260864257812,0.0,0.0,289.4966735839844,79.82404327392578,0.0,0.0,232.606201171875,101.61563110351562,229.65621948242188,99.96139526367188,291.88299560546875,154.53115844726562,281.6918029785156,150.2702178955078,0.0,0.0,0.0,0.0,0.0,0.0,0.0,0.0
975,0.0,0.0,0.0,0.0,0.0,0.0,0.0,0.0,0.0,0.0,284.08038330078125,10.086074829101562,274.39434814453125,11.012908935546877,292.6575622558594,83.42098236083984,278.8013916015625,80.44744873046875,237.6749420166016,107.4103775024414,234.21926879882807,100.9015121459961,286.94549560546875,154.03475952148438,280.6012878417969,149.61024475097656,0.0,0.0,0.0,0.0,0.0,0.0,0.0,0.0
976,0.0,0.0,0.0,0.0,0.0,0.0,0.0,0.0,0.0,0.0,0.0,0.0,0.0,0.0,303.4797058105469,75.60076141357422,275.7918701171875,80.09365844726562,245.3524169921875,114.54402923583984,229.74082946777344,101.89030456542967,291.706298828125,150.06954956054688,283.6722412109375,147.77903747558594,0.0,0.0,0.0,0.0,0.0,0.0,0.0,0.0
977,0.0,0.0,0.0,0.0,0.0,0.0,0.0,0.0,0.0,0.0,0.0,0.0,0.0,0.0,309.2365417480469,78.76300811767578,273.6348876953125,82.64204406738281,254.1387481689453,116.17138671875,224.23019409179688,102.3969268798828,293.5260009765625,148.7882843017578,283.2010803222656,146.85055541992188,0.0,0.0,0.0,0.0,0.0,0.0,0.0,0.0
978,0.0,0.0,0.0,0.0,0.0,0.0,0.0,0.0,0.0,0.0,0.0,0.0,277.04327392578125,8.48626708984375,303.3448181152344,81.2642593383789,273.0312194824219,84.4619140625,253.6822967529297,119.20310974121094,221.17047119140625,102.60638427734376,291.2291564941406,148.9622802734375,284.3373718261719,146.9256134033203,0.0,0.0,0.0,0.0,0.0,0.0,0.0,0.0
979,0.0,0.0,0.0,0.0,0.0,0.0,0.0,0.0,0.0,0.0,0.0,0.0,0.0,0.0,300.9264831542969,90.26138305664062,275.18804931640625,83.47177124023438,255.25267028808597,120.64075469970705,222.73602294921875,108.34232330322266,293.99822998046875,158.463623046875,282.3280639648437,154.1636505126953,0.0,0.0,0.0,0.0,0.0,0.0,0.0,0.0
980,0.0,0.0,0.0,0.0,0.0,0.0,0.0,0.0,0.0,0.0,0.0,0.0,0.0,0.0,306.9109191894531,88.04295349121094,271.5555725097656,83.93807983398438,250.1895751953125,118.2811508178711,223.86056518554688,104.77159881591795,294.060546875,152.18215942382812,282.2980041503906,147.47604370117188,0.0,0.0,0.0,0.0,0.0,0.0,0.0,0.0
981,0.0,0.0,0.0,0.0,0.0,0.0,0.0,0.0,0.0,0.0,283.76922607421875,10.642379760742188,274.7582092285156,10.953765869140623,295.361572265625,91.16425323486328,272.6620788574219,84.56097412109375,247.0364227294922,117.48326110839844,221.3285217285156,105.55755615234376,289.3778991699219,156.11526489257812,283.3009033203125,151.89932250976562,0.0,0.0,0.0,0.0,0.0,0.0,0.0,0.0
982,0.0,0.0,0.0,0.0,0.0,0.0,0.0,0.0,0.0,0.0,284.2868347167969,12.569869995117188,272.3755187988281,11.28985595703125,291.73980712890625,92.7888412475586,267.5601501464844,81.34757995605469,241.508056640625,115.4906768798828,222.7899169921875,104.1341323852539,292.0083312988281,150.79148864746094,284.7763671875,145.8745880126953,0.0,0.0,0.0,0.0,0.0,0.0,0.0,0.0
983,0.0,0.0,0.0,0.0,0.0,0.0,0.0,0.0,0.0,0.0,282.0388488769531,12.3963623046875,269.3884582519531,13.400146484375,293.7303771972656,90.40280151367188,268.69061279296875,82.83210754394531,244.7823944091797,117.5198745727539,220.07913208007807,104.95606994628906,290.2312316894531,152.14047241210938,281.61993408203125,148.3703155517578,0.0,0.0,0.0,0.0,0.0,0.0,0.0,0.0
984,0.0,0.0,0.0,0.0,0.0,0.0,0.0,0.0,0.0,0.0,279.11480712890625,13.50115203857422,264.4874572753906,14.148162841796877,291.3236999511719,93.23552703857422,266.6111755371094,83.44755554199219,238.22726440429688,116.59637451171876,221.4182586669922,105.10166931152344,291.78253173828125,149.9784698486328,281.8460388183594,146.01358032226562,0.0,0.0,0.0,0.0,0.0,0.0,0.0,0.0
985,0.0,0.0,0.0,0.0,0.0,0.0,0.0,0.0,0.0,0.0,288.5148010253906,13.712791442871094,271.1879577636719,12.506019592285156,289.2646484375,97.3245086669922,265.0592346191406,85.38371276855469,229.89743041992188,115.28726196289062,220.76727294921875,105.94134521484376,291.9844055175781,151.70361328125,280.66143798828125,146.60855102539062,0.0,0.0,0.0,0.0,0.0,0.0,0.0,0.0
986,0.0,0.0,0.0,0.0,0.0,0.0,0.0,0.0,0.0,0.0,283.12322998046875,12.98150634765625,267.52935791015625,12.879547119140623,289.0694885253906,96.27720642089844,264.1263427734375,85.86599731445312,227.5242156982422,114.47157287597656,219.51573181152344,106.81204223632812,291.2861022949219,153.4666290283203,280.86553955078125,148.65228271484375,0.0,0.0,0.0,0.0,0.0,0.0,0.0,0.0
987,0.0,0.0,0.0,0.0,0.0,0.0,0.0,0.0,0.0,0.0,288.3997497558594,15.348678588867188,270.359375,14.29296875,288.0448608398437,99.2063980102539,259.7835998535156,87.56588745117188,234.8252410888672,115.6412353515625,216.338623046875,108.51000213623048,292.8734741210937,157.59011840820312,278.858154296875,152.7378692626953,0.0,0.0,0.0,0.0,0.0,0.0,0.0,0.0
988,0.0,0.0,0.0,0.0,0.0,0.0,0.0,0.0,0.0,0.0,287.6121826171875,14.661087036132812,272.411865234375,14.483413696289062,287.1414489746094,96.49227142333984,264.3520812988281,85.71183776855469,232.36865234375,113.64368438720705,220.3418426513672,105.31761169433594,289.51129150390625,153.86146545410156,279.9535827636719,149.35757446289062,0.0,0.0,0.0,0.0,0.0,0.0,0.0,0.0
989,0.0,0.0,0.0,0.0,0.0,0.0,0.0,0.0,0.0,0.0,286.45135498046875,13.854522705078123,272.13873291015625,13.1072998046875,286.63995361328125,97.90084838867188,264.14068603515625,87.56358337402344,233.59402465820312,115.04000091552734,221.94927978515625,105.44918823242188,292.1123962402344,155.01235961914062,282.0858459472656,150.09446716308594,0.0,0.0,0.0,0.0,0.0,0.0,0.0,0.0
990,0.0,0.0,0.0,0.0,0.0,0.0,0.0,0.0,0.0,0.0,286.298583984375,13.928436279296877,271.95623779296875,13.07171630859375,286.52154541015625,97.94357299804688,264.11285400390625,87.41297149658203,233.50262451171875,115.22309112548828,221.81915283203125,105.47789764404295,291.81219482421875,155.3701171875,281.70947265625,150.377197265625,0.0,0.0,0.0,0.0,0.0,0.0,0.0,0.0
991,0.0,0.0,0.0,0.0,0.0,0.0,0.0,0.0,0.0,0.0,288.1007385253906,14.255012512207031,270.4472961425781,13.73193359375,287.45562744140625,97.59148406982422,261.7452392578125,86.97897338867188,232.38314819335935,115.7815933227539,218.5644073486328,106.439453125,292.0650634765625,156.420654296875,279.6790466308594,151.5298614501953,0.0,0.0,0.0,0.0,0.0,0.0,0.0,0.0
992,0.0,0.0,0.0,0.0,0.0,0.0,0.0,0.0,0.0,0.0,286.5436096191406,14.587677001953123,273.2577209472656,14.2242431640625,286.0282592773437,95.19532775878906,265.9889831542969,84.74711608886719,227.6981506347656,115.28842163085938,219.97015380859372,106.20223999023438,289.5638427734375,153.34811401367188,281.4577331542969,148.447021484375,0.0,0.0,0.0,0.0,0.0,0.0,0.0,0.0
993,0.0,0.0,0.0,0.0,0.0,0.0,0.0,0.0,0.0,0.0,288.1262512207031,14.78693389892578,268.47052001953125,12.79296875,286.65203857421875,98.15550994873048,259.1903076171875,85.60172271728516,233.43820190429688,115.68790435791016,218.32330322265625,106.6340789794922,292.2376708984375,155.2658233642578,278.5412902832031,149.78016662597656,0.0,0.0,0.0,0.0,0.0,0.0,0.0,0.0
994,0.0,0.0,0.0,0.0,0.0,0.0,0.0,0.0,0.0,0.0,289.68756103515625,13.543914794921877,269.49285888671875,12.120651245117188,289.30047607421875,99.43646240234376,261.9154052734375,86.84806823730469,231.915283203125,114.42523193359376,220.56968688964844,105.64530181884766,290.7290954589844,157.03050231933594,276.7375793457031,151.4930419921875,0.0,0.0,0.0,0.0,0.0,0.0,0.0,0.0
995,0.0,0.0,0.0,0.0,0.0,0.0,0.0,0.0,0.0,0.0,285.4560546875,14.183441162109377,267.15948486328125,12.413162231445312,291.1612854003906,98.87542724609376,265.3708801269531,85.81493377685547,238.19825744628903,115.4925308227539,220.88848876953125,106.71781158447266,293.1700439453125,155.84799194335938,280.5901184082031,151.15151977539062,0.0,0.0,0.0,0.0,0.0,0.0,0.0,0.0
996,0.0,0.0,0.0,0.0,0.0,0.0,0.0,0.0,0.0,0.0,284.9644470214844,12.510269165039062,265.46783447265625,11.635879516601562,296.6791381835937,95.30697631835938,265.7370300292969,83.23177337646484,241.5573272705078,114.82949829101562,220.93934631347656,105.48387145996094,291.99737548828125,155.46334838867188,279.4872131347656,151.2498016357422,0.0,0.0,0.0,0.0,0.0,0.0,0.0,0.0
997,0.0,0.0,0.0,0.0,0.0,0.0,0.0,0.0,0.0,0.0,287.5262451171875,17.09386444091797,268.36181640625,12.295387268066406,292.94976806640625,103.58026123046876,261.5656433105469,84.3324966430664,237.26210021972656,113.89979553222656,220.3236389160156,103.5121612548828,293.84375,152.94232177734375,281.4253234863281,146.92901611328125,0.0,0.0,0.0,0.0,0.0,0.0,0.0,0.0
998,0.0,0.0,0.0,0.0,0.0,0.0,0.0,0.0,0.0,0.0,283.6086730957031,16.807891845703125,266.8069763183594,12.36328125,293.9482421875,100.93899536132812,259.9900207519531,82.11009979248047,238.68634033203125,112.75554656982422,221.30332946777344,102.24083709716795,292.6517333984375,151.46466064453125,282.146484375,145.30104064941406,0.0,0.0,0.0,0.0,0.0,0.0,0.0,0.0
999,0.0,0.0,0.0,0.0,0.0,0.0,0.0,0.0,0.0,0.0,278.8656921386719,15.734649658203123,273.67254638671875,11.80230712890625,291.45684814453125,103.4562759399414,266.8800964355469,82.76636505126953,236.84695434570312,112.2340316772461,218.84011840820312,101.66399383544922,294.4638366699219,151.703369140625,291.4215087890625,145.50247192382812,0.0,0.0,0.0,0.0,0.0,0.0,0.0,0.0
1000,0.0,0.0,0.0,0.0,0.0,0.0,0.0,0.0,0.0,0.0,284.5302429199219,17.559341430664062,271.8184814453125,11.64716339111328,295.1307678222656,108.19315338134766,262.4903564453125,82.928955078125,239.88397216796875,113.61104583740234,219.7534637451172,102.3319854736328,293.77716064453125,152.6444091796875,284.14666748046875,145.70458984375,0.0,0.0,0.0,0.0,0.0,0.0,0.0,0.0
1001,0.0,0.0,0.0,0.0,0.0,0.0,0.0,0.0,0.0,0.0,282.7367248535156,17.194992065429688,269.1495666503906,10.929885864257812,293.70947265625,104.48834228515624,261.24005126953125,79.9818115234375,239.3180694580078,112.4252700805664,219.8588104248047,100.34825134277344,291.0886535644531,151.36984252929688,282.19537353515625,144.2436981201172,0.0,0.0,0.0,0.0,0.0,0.0,0.0,0.0
1002,0.0,0.0,0.0,0.0,0.0,0.0,0.0,0.0,0.0,0.0,284.19976806640625,13.556228637695312,268.21258544921875,11.01421356201172,297.1020812988281,96.5263900756836,266.64483642578125,80.56437683105469,244.07699584960935,114.35929870605467,218.8412322998047,101.61026000976562,291.0856628417969,155.8296661376953,279.80126953125,150.29315185546875,0.0,0.0,0.0,0.0,0.0,0.0,0.0,0.0
1003,0.0,0.0,0.0,0.0,0.0,0.0,0.0,0.0,0.0,0.0,282.9551696777344,12.684928894042969,270.35467529296875,12.03093719482422,292.02178955078125,98.55408477783205,261.1644897460937,83.08096313476562,237.31895446777344,117.71418762207033,215.93765258789065,102.51377868652344,290.2851867675781,153.7941436767578,281.6297302246094,148.80490112304688,0.0,0.0,0.0,0.0,0.0,0.0,0.0,0.0
1004,0.0,0.0,0.0,0.0,0.0,0.0,0.0,0.0,0.0,0.0,277.8999328613281,15.373558044433594,263.1825866699219,15.509140014648438,294.19287109375,94.56491088867188,265.203125,81.19343566894531,237.0517120361328,122.60801696777344,218.2458038330078,104.2348175048828,288.257568359375,150.36767578125,278.48956298828125,145.80751037597656,0.0,0.0,0.0,0.0,0.0,0.0,0.0,0.0
1005,0.0,0.0,0.0,0.0,0.0,0.0,0.0,0.0,0.0,0.0,273.30047607421875,17.276779174804688,275.03643798828125,17.350616455078125,280.4019775390625,91.95480346679688,271.2109680175781,78.84945678710938,232.68006896972656,123.99141693115234,219.1874542236328,103.42271423339844,286.1090393066406,152.64566040039062,287.2538757324219,148.2158660888672,0.0,0.0,0.0,0.0,0.0,0.0,0.0,0.0
1006,0.0,0.0,0.0,0.0,0.0,0.0,230.9177703857422,0.0,0.0,0.0,268.351806640625,15.189590454101562,275.4862670898437,15.171707153320312,271.9104919433594,94.50812530517578,272.3114318847656,78.49340057373047,224.32644653320312,129.3852081298828,219.64361572265625,102.99374389648438,282.894775390625,150.08380126953125,288.16522216796875,145.11962890625,0.0,0.0,0.0,0.0,0.0,0.0,0.0,0.0
1007,0.0,0.0,0.0,0.0,0.0,0.0,0.0,0.0,0.0,0.0,277.15484619140625,12.95135498046875,294.29864501953125,11.722816467285156,269.60382080078125,85.21977996826172,272.8407592773437,74.6336669921875,223.92420959472656,126.49256896972656,222.08071899414065,105.1263427734375,279.1630859375,147.02574157714844,292.830078125,143.08934020996094,261.4259338378906,224.83087158203125,0.0,0.0,0.0,0.0,0.0,0.0
1008,0.0,0.0,0.0,0.0,0.0,0.0,0.0,0.0,0.0,0.0,272.935791015625,11.885650634765623,291.8997497558594,8.861701965332031,262.2701721191406,89.79146575927734,271.516357421875,75.68990325927734,219.15509033203125,128.99755859375,223.48092651367188,102.45303344726562,279.05010986328125,150.71714782714844,292.8296813964844,146.07180786132812,0.0,0.0,0.0,0.0,0.0,0.0,0.0,0.0
1009,0.0,0.0,0.0,0.0,0.0,0.0,0.0,0.0,0.0,0.0,274.0925598144531,14.954879760742188,292.4479064941406,10.72344970703125,263.1426696777344,90.4386749267578,271.2535705566406,73.89837646484375,220.88584899902344,127.9394989013672,224.23605346679688,102.12469482421876,278.5835266113281,150.21142578125,292.3056640625,144.9220428466797,0.0,0.0,0.0,0.0,0.0,0.0,0.0,0.0
1010,0.0,0.0,0.0,0.0,0.0,0.0,0.0,0.0,0.0,0.0,273.6332397460937,13.92961883544922,291.42486572265625,10.949424743652344,262.5512390136719,90.34291076660156,271.2256774902344,75.26363372802734,220.0707855224609,126.93598175048828,224.25323486328125,101.73251342773438,279.9526062011719,150.47030639648438,292.9481506347656,145.5511474609375,0.0,0.0,0.0,0.0,0.0,0.0,0.0,0.0
1011,0.0,0.0,0.0,0.0,0.0,0.0,0.0,0.0,0.0,0.0,271.1705322265625,14.302841186523438,283.8778076171875,12.25732421875,263.2609558105469,91.285400390625,273.886962890625,77.1198501586914,220.8378753662109,127.4090576171875,221.6417236328125,100.14964294433594,279.2945556640625,151.0596923828125,287.874267578125,146.4707794189453,0.0,0.0,0.0,0.0,0.0,0.0,0.0,0.0
1012,0.0,0.0,0.0,0.0,0.0,0.0,0.0,0.0,0.0,0.0,273.0069274902344,13.611732482910156,281.95947265625,12.6201171875,265.0921325683594,91.90447998046876,271.737060546875,80.83421325683594,222.56558227539065,126.3770751953125,219.88450622558597,101.0556411743164,277.4482727050781,152.6229248046875,283.65216064453125,148.4857635498047,0.0,0.0,0.0,0.0,0.0,0.0,0.0,0.0
1013,0.0,0.0,0.0,0.0,0.0,0.0,0.0,0.0,0.0,0.0,276.9535217285156,15.129920959472656,289.4764709472656,12.483566284179688,266.0136108398437,92.44908905029295,269.2113342285156,77.00003051757812,221.39366149902344,126.02033233642578,222.57696533203125,101.60042572021484,279.80914306640625,151.27008056640625,289.4836730957031,146.99911499023438,0.0,0.0,0.0,0.0,0.0,0.0,0.0,0.0
1014,0.0,0.0,0.0,0.0,0.0,0.0,0.0,0.0,0.0,0.0,278.44696044921875,12.230079650878906,290.5359802246094,7.217910766601562,264.469482421875,94.318603515625,267.9166564941406,76.39151000976562,221.45216369628903,123.50218200683594,219.0184631347656,100.89105224609376,277.4302673339844,154.13705444335938,286.17218017578125,148.6995391845703,0.0,0.0,0.0,0.0,0.0,0.0,0.0,0.0
1015,0.0,0.0,0.0,0.0,0.0,0.0,0.0,0.0,0.0,0.0,284.85595703125,15.544219970703123,275.3894958496094,14.376312255859377,284.2345275878906,90.6311492919922,264.33935546875,77.36164093017578,227.80227661132807,122.7519073486328,218.26907348632807,102.89214324951172,283.079833984375,152.64569091796875,277.475341796875,147.94097900390625,0.0,0.0,0.0,0.0,0.0,0.0,0.0,0.0
1016,0.0,0.0,0.0,0.0,0.0,0.0,0.0,0.0,0.0,0.0,287.41754150390625,10.772476196289062,0.0,0.0,292.12615966796875,96.4428939819336,264.8641662597656,80.58665466308594,233.02642822265625,123.87065887451172,217.076416015625,103.42140197753906,285.34228515625,157.5845489501953,275.1244812011719,151.780029296875,0.0,0.0,0.0,0.0,0.0,0.0,0.0,0.0
1017,0.0,0.0,0.0,0.0,0.0,0.0,0.0,0.0,0.0,0.0,287.4617004394531,12.899642944335938,271.0882263183594,12.715667724609377,298.7989196777344,91.5806884765625,265.73583984375,82.5777359008789,236.69471740722656,119.94851684570312,219.02420043945312,102.43734741210938,283.93487548828125,153.97857666015625,273.9893493652344,149.6922149658203,0.0,0.0,0.0,0.0,0.0,0.0,0.0,0.0
1018,0.0,0.0,0.0,0.0,0.0,0.0,0.0,0.0,0.0,0.0,288.2489624023437,18.006118774414062,269.00445556640625,19.947036743164062,298.2070617675781,92.6302719116211,265.1328430175781,80.86466979980469,236.9259796142578,118.50524139404295,217.36697387695312,101.70169067382812,291.17535400390625,159.15382385253906,276.8538513183594,154.50143432617188,0.0,0.0,0.0,0.0,0.0,0.0,0.0,0.0
1019,0.0,0.0,0.0,0.0,0.0,0.0,0.0,0.0,0.0,0.0,0.0,0.0,0.0,0.0,300.4526062011719,91.83404541015624,264.8221740722656,80.64901733398438,239.3869781494141,114.77425384521484,216.33079528808597,101.47715759277344,289.1439819335937,163.1243133544922,273.6346435546875,158.0476837158203,0.0,0.0,0.0,0.0,0.0,0.0,0.0,0.0
1020,229.9912109375,23.690475463867188,230.94764709472656,16.564910888671875,0.0,0.0,0.0,0.0,0.0,0.0,0.0,0.0,265.8392944335937,23.247886657714844,301.14501953125,87.01228332519531,265.2000732421875,79.93197631835938,232.0573272705078,112.1802749633789,216.48199462890625,101.12641143798828,290.56121826171875,157.40000915527344,274.35455322265625,152.35618591308594,0.0,0.0,0.0,0.0,0.0,0.0,0.0,0.0
1021,0.0,0.0,0.0,0.0,0.0,0.0,0.0,0.0,0.0,0.0,0.0,0.0,0.0,0.0,308.5850524902344,80.50982666015625,264.3212280273437,78.4228286743164,234.64183044433597,111.58203887939452,219.77513122558597,99.44139099121094,285.149169921875,154.02767944335938,266.3008728027344,149.80831909179688,0.0,0.0,0.0,0.0,0.0,0.0,0.0,0.0
1022,0.0,0.0,0.0,0.0,0.0,0.0,0.0,0.0,0.0,0.0,282.6739196777344,21.03839874267578,268.1674194335937,25.1507568359375,301.9244689941406,83.406494140625,264.93701171875,81.45805358886719,223.37435913085935,110.25379180908205,207.0162353515625,102.89534759521484,284.9891052246094,155.4091339111328,276.5509948730469,151.64739990234375,0.0,0.0,0.0,0.0,0.0,0.0,0.0,0.0
1023,0.0,0.0,0.0,0.0,0.0,0.0,0.0,0.0,0.0,0.0,0.0,0.0,0.0,0.0,303.8578186035156,90.7838134765625,265.38189697265625,80.83271789550781,229.5861053466797,109.6994857788086,210.08238220214844,103.23934936523438,294.68316650390625,164.83432006835938,276.04034423828125,159.7686767578125,0.0,0.0,0.0,0.0,0.0,0.0,0.0,0.0
1024,0.0,0.0,0.0,0.0,0.0,0.0,0.0,0.0,0.0,0.0,282.6622619628906,17.729339599609375,261.9468994140625,21.926300048828125,301.6273193359375,84.06625366210938,260.73486328125,81.44514465332031,230.5076141357422,108.89057159423828,211.4893798828125,101.60719299316406,287.494384765625,155.77053833007812,272.6363220214844,152.08447265625,0.0,0.0,0.0,0.0,0.0,0.0,0.0,0.0
1025,0.0,0.0,0.0,0.0,0.0,0.0,0.0,0.0,0.0,0.0,289.4721069335937,14.577606201171877,0.0,0.0,297.0177917480469,89.45428466796875,258.4870300292969,78.38434600830078,227.98275756835935,110.42140197753906,212.20489501953125,102.54640197753906,289.16705322265625,155.68283081054688,272.189697265625,150.1552734375,0.0,0.0,0.0,0.0,0.0,0.0,0.0,0.0
1026,0.0,0.0,0.0,0.0,0.0,0.0,0.0,0.0,0.0,0.0,0.0,0.0,0.0,0.0,299.509521484375,87.4957046508789,264.2799072265625,79.635009765625,232.2375946044922,109.63682556152344,219.30381774902344,101.74797058105467,289.372802734375,158.9307861328125,272.3774719238281,154.56039428710938,0.0,0.0,0.0,0.0,0.0,0.0,0.0,0.0
1027,0.0,0.0,0.0,0.0,0.0,0.0,0.0,0.0,0.0,0.0,0.0,0.0,263.29248046875,15.199485778808594,306.8436584472656,83.69548797607422,267.6065673828125,78.52436828613281,239.18148803710935,108.70768737792967,223.54129028320312,100.06841278076172,287.2631530761719,157.90048217773438,269.7936096191406,152.83877563476562,0.0,0.0,0.0,0.0,0.0,0.0,0.0,0.0
1028,0.0,0.0,0.0,0.0,0.0,0.0,0.0,0.0,0.0,0.0,0.0,0.0,0.0,0.0,305.75323486328125,86.08235931396484,269.4703369140625,78.24496459960938,236.91134643554688,109.38900756835938,219.53839111328125,103.98226165771484,292.57720947265625,164.3317413330078,272.630615234375,159.03701782226562,0.0,0.0,0.0,0.0,0.0,0.0,0.0,0.0
1029,0.0,0.0,0.0,0.0,0.0,0.0,0.0,0.0,0.0,0.0,0.0,0.0,0.0,0.0,304.11285400390625,92.40677642822266,267.081298828125,85.73100280761719,232.9813232421875,109.69425964355467,216.9948272705078,107.58917999267578,292.30572509765625,159.8572998046875,271.5644836425781,155.90655517578125,0.0,0.0,0.0,0.0,0.0,0.0,0.0,0.0
1030,0.0,0.0,0.0,0.0,0.0,0.0,0.0,0.0,0.0,0.0,0.0,0.0,0.0,0.0,308.7201843261719,90.99491119384766,270.2914428710937,87.37211608886719,230.4662628173828,109.1079330444336,216.89794921875,108.66838836669922,292.3930969238281,164.64303588867188,272.1423034667969,161.03639221191406,0.0,0.0,0.0,0.0,0.0,0.0,0.0,0.0
1031,0.0,0.0,0.0,0.0,0.0,0.0,0.0,0.0,0.0,0.0,0.0,0.0,0.0,0.0,300.3268737792969,94.63410186767578,271.2682800292969,87.22105407714844,229.3244171142578,108.46401977539062,218.6549835205078,108.0741958618164,292.4258117675781,163.06658935546875,275.8811340332031,159.16058349609375,0.0,0.0,0.0,0.0,0.0,0.0,0.0,0.0
1032,0.0,0.0,0.0,0.0,0.0,0.0,0.0,0.0,0.0,0.0,0.0,0.0,0.0,0.0,300.1332092285156,94.52186584472656,271.509521484375,86.94998168945312,229.80105590820312,108.47550964355467,218.9198303222656,108.1078643798828,292.115966796875,163.18328857421875,275.8484191894531,159.19342041015625,0.0,0.0,0.0,0.0,0.0,0.0,0.0,0.0
1033,0.0,0.0,0.0,0.0,0.0,0.0,0.0,0.0,0.0,0.0,0.0,0.0,0.0,0.0,305.85076904296875,92.69934844970705,271.0174255371094,87.79056549072266,230.16943359375,108.1172866821289,215.77207946777344,109.28987121582033,292.1396789550781,165.86215209960938,273.58233642578125,162.41427612304688,0.0,0.0,0.0,0.0,0.0,0.0,0.0,0.0
1034,0.0,0.0,0.0,0.0,0.0,0.0,0.0,0.0,0.0,0.0,0.0,0.0,0.0,0.0,302.1487121582031,93.17687225341795,270.7286376953125,87.52845764160156,219.410888671875,110.62049102783205,214.1053924560547,110.28363800048828,295.1716613769531,161.24237060546875,277.2386474609375,157.3958282470703,0.0,0.0,0.0,0.0,0.0,0.0,0.0,0.0
1035,0.0,0.0,0.0,0.0,0.0,0.0,0.0,0.0,0.0,0.0,0.0,0.0,0.0,0.0,305.1488952636719,92.20655059814452,268.2144775390625,89.197509765625,227.7623748779297,108.38050079345705,213.6539306640625,109.17100524902344,294.4635009765625,163.1197967529297,274.8775634765625,159.8612060546875,0.0,0.0,0.0,0.0,0.0,0.0,0.0,0.0
1036,0.0,0.0,0.0,0.0,0.0,0.0,0.0,0.0,0.0,0.0,0.0,0.0,0.0,0.0,0.0,0.0,266.7593688964844,83.59893798828125,232.5229034423828,108.94035339355467,218.0470123291016,105.7340087890625,295.2450866699219,159.58111572265625,273.14862060546875,155.91879272460938,0.0,0.0,0.0,0.0,0.0,0.0,0.0,0.0
1037,0.0,0.0,0.0,0.0,0.0,0.0,0.0,0.0,0.0,0.0,0.0,0.0,0.0,0.0,0.0,0.0,265.2606201171875,85.2197036743164,235.95025634765625,109.37510681152344,215.5421295166016,107.92100524902344,296.8402099609375,161.7732391357422,272.6669006347656,158.57089233398438,0.0,0.0,0.0,0.0,0.0,0.0,0.0,0.0
1038,0.0,0.0,0.0,0.0,0.0,0.0,0.0,0.0,0.0,0.0,0.0,0.0,0.0,0.0,302.8795471191406,86.15109252929688,264.9662475585937,83.8095703125,243.5554962158203,106.87454223632812,218.5008087158203,105.30777740478516,296.4971923828125,158.7091827392578,275.6602783203125,155.51040649414062,0.0,0.0,0.0,0.0,0.0,0.0,0.0,0.0
1039,0.0,0.0,0.0,0.0,0.0,0.0,0.0,0.0,0.0,0.0,0.0,0.0,0.0,0.0,306.8194580078125,86.82386779785156,266.3382263183594,83.69874572753906,241.63229370117188,107.17642974853516,221.67041015625,105.16397857666016,294.8559875488281,160.46237182617188,270.6556396484375,156.63328552246094,0.0,0.0,0.0,0.0,0.0,0.0,0.0,0.0
1040,0.0,0.0,0.0,0.0,0.0,0.0,0.0,0.0,0.0,0.0,0.0,0.0,0.0,0.0,0.0,0.0,267.2634582519531,85.41616821289062,244.0839080810547,106.41326904296876,222.61309814453125,105.61265563964844,295.0837097167969,160.918701171875,271.1014404296875,158.14913940429688,0.0,0.0,0.0,0.0,0.0,0.0,0.0,0.0
1041,0.0,0.0,0.0,0.0,0.0,0.0,0.0,0.0,0.0,0.0,0.0,0.0,0.0,0.0,307.7965393066406,85.78330993652344,262.5297241210937,83.09283447265625,233.15234375,107.39895629882812,220.0054931640625,104.67053985595705,290.18414306640625,162.17059326171875,268.2598876953125,157.5013427734375,0.0,0.0,0.0,0.0,0.0,0.0,0.0,0.0
1042,0.0,0.0,0.0,0.0,0.0,0.0,0.0,0.0,0.0,0.0,0.0,0.0,0.0,0.0,307.3870849609375,86.44448852539062,265.4496765136719,82.19807434082031,230.31521606445312,106.80427551269533,221.9015655517578,103.49502563476562,289.1424865722656,160.57383728027344,268.79840087890625,155.05923461914062,0.0,0.0,0.0,0.0,0.0,0.0,0.0,0.0
1043,0.0,0.0,0.0,0.0,0.0,0.0,0.0,0.0,0.0,0.0,0.0,0.0,0.0,0.0,302.58319091796875,90.0553207397461,266.0028381347656,83.91519165039062,226.5977478027344,106.65023040771484,221.17161560058597,104.58607482910156,287.6394348144531,161.9716796875,270.2008056640625,156.3375244140625,0.0,0.0,0.0,0.0,0.0,0.0,0.0,0.0
1044,0.0,0.0,0.0,0.0,0.0,0.0,0.0,0.0,0.0,0.0,0.0,0.0,0.0,0.0,300.12042236328125,96.36251831054688,269.5135803222656,86.49836730957031,229.5513153076172,106.429443359375,220.6192321777344,105.64736938476562,292.29498291015625,166.2757110595703,272.11334228515625,160.29151916503906,0.0,0.0,0.0,0.0,0.0,0.0,0.0,0.0
1045,0.0,0.0,0.0,0.0,0.0,0.0,0.0,0.0,0.0,0.0,0.0,0.0,0.0,0.0,300.7266540527344,91.97591400146484,268.4912414550781,83.07147979736328,227.90655517578125,105.89820098876952,219.49452209472656,105.06110382080078,293.2276306152344,165.7774200439453,274.5583801269531,159.30288696289062,0.0,0.0,0.0,0.0,0.0,0.0,0.0,0.0
1046,0.0,0.0,0.0,0.0,0.0,0.0,0.0,0.0,0.0,0.0,0.0,0.0,0.0,0.0,299.8211975097656,97.81292724609376,266.6468505859375,90.63655090332033,222.73031616210935,108.46640014648438,211.20040893554688,110.00027465820312,296.9131774902344,167.14804077148438,277.1846923828125,161.5491943359375,0.0,0.0,0.0,0.0,0.0,0.0,0.0,0.0
1047,0.0,0.0,0.0,0.0,0.0,0.0,0.0,0.0,0.0,0.0,0.0,0.0,0.0,0.0,301.16064453125,96.04953002929688,267.014404296875,88.9433364868164,222.6051788330078,108.65744018554688,210.9708404541016,109.40050506591795,296.9891357421875,166.74391174316406,275.50054931640625,161.07476806640625,0.0,0.0,0.0,0.0,0.0,0.0,0.0,0.0
1048,0.0,0.0,0.0,0.0,0.0,0.0,0.0,0.0,0.0,0.0,0.0,0.0,0.0,0.0,297.8002624511719,97.14128112792967,268.4986572265625,89.21601867675781,227.27664184570312,106.7862548828125,218.8189697265625,105.79649353027344,295.0963439941406,168.7034912109375,275.3737487792969,162.8498992919922,0.0,0.0,0.0,0.0,0.0,0.0,0.0,0.0
1049,0.0,0.0,0.0,0.0,0.0,0.0,0.0,0.0,0.0,0.0,0.0,0.0,0.0,0.0,303.8903503417969,90.67301940917967,269.6456298828125,80.08850860595703,231.5454559326172,106.82957458496094,225.45872497558597,102.65185546875,291.8362731933594,165.3165283203125,272.947265625,158.80337524414062,0.0,0.0,0.0,0.0,0.0,0.0,0.0,0.0
1050,0.0,0.0,0.0,0.0,0.0,0.0,0.0,0.0,0.0,0.0,0.0,0.0,0.0,0.0,302.6524353027344,91.67018127441406,268.68438720703125,79.35005187988281,236.9595489501953,106.1635284423828,226.1665496826172,101.84882354736328,290.6523742675781,166.99232482910156,272.0335693359375,160.67828369140625,0.0,0.0,0.0,0.0,0.0,0.0,0.0,0.0
1051,0.0,0.0,0.0,0.0,0.0,0.0,0.0,0.0,0.0,0.0,0.0,0.0,0.0,0.0,297.9245910644531,90.23977661132812,266.7477722167969,83.80381774902344,231.15814208984372,106.73882293701172,219.23655700683597,103.69671630859376,287.8160095214844,161.06500244140625,272.4970092773437,154.9378204345703,0.0,0.0,0.0,0.0,0.0,0.0,0.0,0.0
1052,0.0,0.0,0.0,0.0,0.0,0.0,0.0,0.0,0.0,0.0,0.0,0.0,0.0,0.0,299.3080444335937,91.63626098632812,268.0731201171875,84.07218933105469,233.2039794921875,106.88361358642578,222.2321014404297,105.45753479003906,291.7776794433594,163.09548950195312,275.63995361328125,157.1472930908203,0.0,0.0,0.0,0.0,0.0,0.0,0.0,0.0
1053,0.0,0.0,0.0,0.0,0.0,0.0,0.0,0.0,0.0,0.0,0.0,0.0,0.0,0.0,286.3515625,91.8888702392578,262.48956298828125,85.23765563964844,221.44613647460935,107.72900390625,214.803466796875,108.54856872558594,289.083740234375,160.7348175048828,270.32421875,154.20578002929688,0.0,0.0,0.0,0.0,0.0,0.0,0.0,0.0
1054,0.0,0.0,0.0,0.0,0.0,0.0,0.0,0.0,0.0,0.0,0.0,0.0,0.0,0.0,301.0209045410156,86.19229125976562,266.6281433105469,83.68272399902344,226.77435302734372,106.96736145019533,220.1689910888672,108.64022827148438,288.0545959472656,159.94757080078125,268.76678466796875,154.44207763671875,0.0,0.0,0.0,0.0,0.0,0.0,0.0,0.0
1055,0.0,0.0,0.0,0.0,0.0,0.0,0.0,0.0,0.0,0.0,0.0,0.0,0.0,0.0,298.6389465332031,87.74687957763672,264.1479797363281,81.69352722167969,223.92160034179688,106.36619567871094,221.31185913085935,106.69973754882812,290.1265563964844,161.55979919433594,268.03369140625,155.5876007080078,0.0,0.0,0.0,0.0,0.0,0.0,0.0,0.0
1056,0.0,0.0,0.0,0.0,0.0,0.0,0.0,0.0,0.0,0.0,0.0,0.0,0.0,0.0,302.2765808105469,83.7161865234375,260.6840515136719,83.9400634765625,232.78421020507807,104.63914489746094,222.17556762695312,106.65718841552734,291.5203857421875,160.492431640625,268.2426452636719,156.40493774414062,0.0,0.0,0.0,0.0,0.0,0.0,0.0,0.0
1057,0.0,0.0,0.0,0.0,0.0,0.0,0.0,0.0,0.0,0.0,0.0,0.0,0.0,0.0,301.0758361816406,82.48149108886719,265.45367431640625,80.35558319091797,226.4344940185547,105.5473175048828,222.3553771972656,104.44503784179688,289.9114074707031,159.45816040039062,269.7027893066406,154.4355926513672,0.0,0.0,0.0,0.0,0.0,0.0,0.0,0.0
1058,0.0,0.0,0.0,0.0,0.0,0.0,0.0,0.0,0.0,0.0,0.0,0.0,0.0,0.0,306.57745361328125,80.39543151855469,257.9366149902344,79.78929901123047,232.67739868164065,105.28130340576172,222.5565643310547,106.4688491821289,291.9105529785156,158.91395568847656,264.4701538085937,154.91485595703125,0.0,0.0,0.0,0.0,0.0,0.0,0.0,0.0
1059,0.0,0.0,0.0,0.0,0.0,0.0,0.0,0.0,0.0,0.0,0.0,0.0,0.0,0.0,300.5132141113281,87.52418518066406,266.3516845703125,84.92417907714844,229.16583251953125,105.8665542602539,224.74240112304688,106.95380401611328,291.0093078613281,161.67926025390625,267.97772216796875,157.0225372314453,0.0,0.0,0.0,0.0,0.0,0.0,0.0,0.0
1060,0.0,0.0,0.0,0.0,0.0,0.0,0.0,0.0,0.0,0.0,289.8729858398437,13.7529296875,0.0,0.0,296.5814208984375,89.70799255371094,272.025146484375,81.63273620605469,229.3741149902344,105.7275390625,225.90570068359372,104.48316955566406,288.011962890625,155.0758514404297,275.43487548828125,148.80148315429688,0.0,0.0,0.0,0.0,0.0,0.0,0.0,0.0
1061,0.0,0.0,0.0,0.0,0.0,0.0,0.0,0.0,0.0,0.0,290.8747863769531,15.149215698242188,0.0,0.0,299.784912109375,86.66323852539062,268.049072265625,82.43972778320312,231.7484436035156,104.98513793945312,225.1653289794922,104.67772674560548,288.5076904296875,155.71080017089844,271.9970703125,150.48538208007812,0.0,0.0,0.0,0.0,0.0,0.0,0.0,0.0
1062,0.0,0.0,0.0,0.0,0.0,0.0,0.0,0.0,0.0,0.0,290.90008544921875,15.895408630371094,0.0,0.0,299.59356689453125,86.8778076171875,267.4003601074219,82.86746978759766,231.40237426757807,104.93622589111328,225.22769165039065,104.92305755615234,288.7130126953125,155.4732666015625,271.69207763671875,150.3625030517578,0.0,0.0,0.0,0.0,0.0,0.0,0.0,0.0
1063,0.0,0.0,0.0,0.0,0.0,0.0,0.0,0.0,0.0,0.0,289.4239501953125,15.418136596679688,0.0,0.0,289.9585266113281,89.54649353027344,0.0,0.0,218.75636291503903,105.6006317138672,0.0,0.0,288.5461730957031,157.47308349609375,279.4501342773437,150.77789306640625,0.0,0.0,0.0,0.0,0.0,0.0,0.0,0.0
1064,0.0,0.0,0.0,0.0,0.0,0.0,0.0,0.0,0.0,0.0,0.0,0.0,0.0,0.0,293.2577819824219,90.3363800048828,0.0,0.0,216.39614868164065,104.03339385986328,0.0,0.0,289.7048034667969,158.80026245117188,276.5546264648437,152.51983642578125,0.0,0.0,0.0,0.0,0.0,0.0,0.0,0.0
1065,0.0,0.0,0.0,0.0,0.0,0.0,0.0,0.0,0.0,0.0,285.3206481933594,14.639518737792969,0.0,0.0,290.885498046875,83.07113647460938,272.5738830566406,74.81474304199219,216.6800842285156,97.1485366821289,214.8172912597656,99.16452026367188,286.7105712890625,155.9237518310547,278.1858825683594,149.60479736328125,0.0,0.0,0.0,0.0,0.0,0.0,0.0,0.0
1066,0.0,0.0,0.0,0.0,0.0,0.0,0.0,0.0,0.0,0.0,291.83135986328125,7.315544128417969,0.0,0.0,279.4067077636719,79.99467468261719,0.0,0.0,212.53594970703125,95.45912170410156,213.4174652099609,98.60043334960938,289.8001403808594,154.28526306152344,278.95562744140625,149.74850463867188,0.0,0.0,0.0,0.0,0.0,0.0,0.0,0.0
1067,0.0,0.0,0.0,0.0,0.0,0.0,0.0,0.0,0.0,0.0,282.2583312988281,11.334304809570312,0.0,0.0,275.4537658691406,83.27703857421875,0.0,0.0,210.30084228515625,93.90155029296876,0.0,0.0,286.241455078125,157.88116455078125,285.729248046875,151.41294860839844,0.0,0.0,0.0,0.0,0.0,0.0,0.0,0.0
1068,0.0,0.0,0.0,0.0,0.0,0.0,249.2274627685547,0.0,0.0,0.0,275.2292785644531,10.461502075195312,0.0,0.0,264.6960754394531,71.36607360839844,0.0,0.0,206.52947998046875,88.56831359863281,0.0,0.0,285.8611145019531,154.71896362304688,294.9609069824219,150.9925079345703,0.0,0.0,0.0,0.0,0.0,0.0,0.0,0.0
1069,0.0,0.0,0.0,0.0,0.0,0.0,0.0,0.0,0.0,0.0,284.5302734375,8.83599853515625,0.0,0.0,261.0677795410156,72.72384643554688,270.69415283203125,72.99297332763672,202.77197265625,84.61212158203125,215.64096069335935,92.39181518554688,285.91033935546875,157.68653869628906,286.1809387207031,153.1569366455078,0.0,0.0,0.0,0.0,0.0,0.0,0.0,0.0
1070,0.0,0.0,0.0,0.0,0.0,0.0,0.0,0.0,0.0,0.0,0.0,0.0,0.0,0.0,271.20654296875,76.38787841796875,0.0,0.0,207.5639495849609,86.78252410888672,0.0,0.0,279.500732421875,154.5802764892578,289.49053955078125,149.03042602539062,0.0,0.0,0.0,0.0,0.0,0.0,0.0,0.0
1071,0.0,0.0,0.0,0.0,0.0,0.0,0.0,0.0,0.0,0.0,282.90185546875,8.632408142089844,0.0,0.0,263.11297607421875,71.21654510498047,0.0,0.0,207.94122314453125,83.52278137207031,0.0,0.0,284.2453308105469,152.176025390625,289.3404846191406,148.02865600585938,0.0,0.0,0.0,0.0,0.0,0.0,0.0,0.0
1072,0.0,0.0,0.0,0.0,0.0,0.0,0.0,0.0,0.0,0.0,284.975830078125,7.348213195800781,0.0,0.0,267.5914001464844,73.388671875,0.0,0.0,211.7409210205078,84.91886138916016,0.0,0.0,283.9078063964844,154.57386779785156,289.3426818847656,150.21725463867188,0.0,0.0,0.0,0.0,0.0,0.0,0.0,0.0
1073,0.0,0.0,0.0,0.0,0.0,0.0,0.0,0.0,0.0,0.0,0.0,0.0,0.0,0.0,270.05810546875,73.8331069946289,0.0,0.0,210.6617431640625,83.55596923828125,0.0,0.0,282.1174621582031,156.2389678955078,286.789306640625,151.792236328125,0.0,0.0,0.0,0.0,0.0,0.0,0.0,0.0
1074,0.0,0.0,0.0,0.0,0.0,0.0,0.0,0.0,0.0,0.0,284.3282775878906,4.987586975097656,0.0,0.0,265.248046875,71.14546966552734,0.0,0.0,213.372314453125,80.90122985839844,0.0,0.0,285.2474975585937,155.0397491455078,290.142333984375,151.03457641601562,0.0,0.0,0.0,0.0,0.0,0.0,0.0,0.0
1075,0.0,0.0,0.0,0.0,0.0,0.0,0.0,0.0,0.0,0.0,0.0,0.0,0.0,0.0,272.303955078125,75.10391235351562,0.0,0.0,219.71029663085935,77.74042510986328,215.51991271972656,81.9442138671875,283.1469116210937,154.84722900390625,289.49981689453125,150.50033569335938,0.0,0.0,0.0,0.0,0.0,0.0,0.0,0.0
1076,0.0,0.0,0.0,0.0,0.0,0.0,0.0,0.0,0.0,0.0,0.0,0.0,0.0,0.0,277.95074462890625,71.97776794433594,0.0,0.0,225.9044647216797,75.24773406982422,0.0,0.0,282.6059875488281,154.75213623046875,287.5479736328125,149.4226531982422,0.0,0.0,0.0,0.0,0.0,0.0,0.0,0.0
1077,0.0,0.0,0.0,0.0,0.0,0.0,0.0,0.0,0.0,0.0,0.0,0.0,0.0,0.0,278.4320068359375,73.57792663574219,0.0,0.0,222.56423950195312,77.06149291992188,0.0,0.0,282.1707763671875,156.3574981689453,287.93682861328125,151.38038635253906,0.0,0.0,0.0,0.0,0.0,0.0,0.0,0.0
1078,0.0,0.0,0.0,0.0,0.0,0.0,0.0,0.0,0.0,0.0,0.0,0.0,0.0,0.0,280.0177917480469,73.6197280883789,0.0,0.0,222.87503051757807,76.21898651123047,0.0,0.0,283.1884765625,154.66635131835938,286.0924987792969,149.7467041015625,0.0,0.0,0.0,0.0,0.0,0.0,0.0,0.0
1079,0.0,0.0,0.0,0.0,0.0,0.0,0.0,0.0,0.0,0.0,285.782470703125,7.569618225097656,0.0,0.0,277.1200256347656,78.857177734375,0.0,0.0,218.64405822753903,82.49800872802734,0.0,0.0,283.8464660644531,155.3753204345703,283.5245361328125,150.52716064453125,0.0,0.0,0.0,0.0,0.0,0.0,0.0,0.0
1080,0.0,0.0,0.0,0.0,0.0,0.0,0.0,0.0,0.0,0.0,285.77374267578125,6.362876892089844,0.0,0.0,276.45318603515625,78.03119659423828,0.0,0.0,223.4873809814453,80.30284881591797,0.0,0.0,282.83367919921875,154.86505126953125,287.91748046875,149.87083435058594,0.0,0.0,0.0,0.0,0.0,0.0,0.0,0.0
1081,0.0,0.0,0.0,0.0,0.0,0.0,0.0,0.0,0.0,0.0,279.7662658691406,7.555831909179687,0.0,0.0,278.6241149902344,76.47747802734375,0.0,0.0,224.216796875,77.822021484375,0.0,0.0,282.045654296875,156.55111694335938,283.5749206542969,151.5751953125,0.0,0.0,0.0,0.0,0.0,0.0,0.0,0.0
1082,0.0,0.0,0.0,0.0,0.0,0.0,0.0,0.0,0.0,0.0,283.0193176269531,8.65069580078125,0.0,0.0,277.7075500488281,78.49333190917969,0.0,0.0,224.4782867431641,78.36539459228516,222.41680908203125,82.16551971435547,282.7122497558594,153.7187042236328,288.2486572265625,149.085693359375,0.0,0.0,0.0,0.0,0.0,0.0,0.0,0.0
1083,0.0,0.0,0.0,0.0,0.0,0.0,0.0,0.0,0.0,0.0,284.3891296386719,9.319549560546877,0.0,0.0,277.5663146972656,83.11770629882812,276.0948486328125,78.08613586425781,224.0100555419922,75.27511596679688,223.9042053222656,80.32535552978516,282.40704345703125,158.6939239501953,281.0139465332031,153.4242706298828,0.0,0.0,0.0,0.0,0.0,0.0,0.0,0.0
1084,0.0,0.0,0.0,0.0,0.0,0.0,0.0,0.0,0.0,0.0,288.18048095703125,10.6220703125,0.0,0.0,278.57000732421875,80.97569274902344,277.93377685546875,80.90424346923828,227.23312377929688,75.65868377685547,228.58079528808597,84.02067565917969,282.5954895019531,158.85385131835938,281.65899658203125,154.36001586914062,0.0,0.0,0.0,0.0,0.0,0.0,0.0,0.0
1085,0.0,0.0,0.0,0.0,0.0,0.0,0.0,0.0,0.0,0.0,0.0,0.0,0.0,0.0,276.403076171875,75.77313232421875,281.0053405761719,81.77922058105469,225.20492553710935,74.26398468017578,232.7439727783203,87.75996398925781,282.95654296875,157.83387756347656,283.78131103515625,154.28704833984375,0.0,0.0,0.0,0.0,0.0,0.0,0.0,0.0
1086,0.0,0.0,0.0,0.0,0.0,0.0,0.0,0.0,0.0,0.0,0.0,0.0,0.0,0.0,284.6148986816406,82.44822692871094,271.7042236328125,77.11289978027344,242.65835571289065,85.32669830322266,221.64971923828125,78.024658203125,283.0307922363281,155.51214599609375,279.8720703125,150.71292114257812,0.0,0.0,0.0,0.0,0.0,0.0,0.0,0.0
1087,0.0,0.0,0.0,0.0,0.0,0.0,0.0,0.0,0.0,0.0,284.9537048339844,9.75640106201172,0.0,0.0,276.3181457519531,82.87001037597656,0.0,0.0,217.54428100585935,75.28890991210938,224.7169189453125,80.90743255615234,281.3771667480469,155.96998596191406,283.73297119140625,149.69793701171875,0.0,0.0,0.0,0.0,0.0,0.0,0.0,0.0
1088,0.0,0.0,0.0,0.0,0.0,0.0,0.0,0.0,0.0,0.0,283.37896728515625,11.69257354736328,0.0,0.0,279.0777893066406,83.26420593261719,0.0,0.0,217.62530517578125,71.79048156738281,219.9646453857422,78.63910675048828,282.93756103515625,160.61602783203125,276.2187805175781,154.47195434570312,0.0,0.0,0.0,0.0,0.0,0.0,0.0,0.0
1089,0.0,0.0,0.0,0.0,0.0,0.0,0.0,0.0,0.0,0.0,287.42010498046875,9.739639282226562,0.0,0.0,281.1319885253906,78.18148803710938,280.6402587890625,80.57762908935547,225.3506774902344,72.56309509277344,233.57408142089844,88.32270050048828,283.8119506835937,157.764892578125,275.5204772949219,152.10794067382812,0.0,0.0,0.0,0.0,0.0,0.0,0.0,0.0
1090,0.0,0.0,0.0,0.0,0.0,0.0,0.0,0.0,0.0,0.0,285.88201904296875,15.14349365234375,0.0,0.0,282.3178100585937,79.7896728515625,0.0,0.0,222.84835815429688,73.43711853027344,225.03323364257807,77.68548583984375,282.1751708984375,156.16217041015625,276.5404052734375,149.78953552246094,0.0,0.0,0.0,0.0,0.0,0.0,0.0,0.0
1091,0.0,0.0,0.0,0.0,0.0,0.0,0.0,0.0,0.0,0.0,288.03375244140625,13.271621704101562,0.0,0.0,282.27557373046875,79.94935607910156,276.7588806152344,73.98370361328125,227.43994140625,72.3768539428711,224.8773651123047,77.83963012695312,281.4247131347656,156.57363891601562,277.4364624023437,149.68788146972656,0.0,0.0,0.0,0.0,0.0,0.0,0.0,0.0
1092,0.0,0.0,0.0,0.0,0.0,0.0,0.0,0.0,0.0,0.0,288.57000732421875,10.553634643554688,0.0,0.0,280.7585754394531,81.62344360351562,0.0,0.0,227.268310546875,70.54173278808594,226.20751953125,77.00992584228516,281.9393310546875,156.26565551757812,279.8243408203125,149.83518981933594,0.0,0.0,0.0,0.0,0.0,0.0,0.0,0.0
1093,0.0,0.0,0.0,0.0,0.0,0.0,0.0,0.0,0.0,0.0,290.63360595703125,9.891075134277344,0.0,0.0,282.8742370605469,77.6872329711914,278.3072204589844,73.13086700439453,229.77883911132807,66.8561782836914,227.55865478515625,76.10540771484375,282.4730529785156,154.46246337890625,278.26177978515625,148.34661865234375,0.0,0.0,0.0,0.0,0.0,0.0,0.0,0.0
1094,0.0,0.0,0.0,0.0,0.0,0.0,0.0,0.0,0.0,0.0,291.6227722167969,9.886566162109377,0.0,0.0,285.404052734375,80.93537902832031,272.2060852050781,73.0042495727539,227.58042907714844,74.0359115600586,225.66128540039065,74.166748046875,285.63818359375,155.25347900390625,273.742919921875,149.0921630859375,0.0,0.0,0.0,0.0,0.0,0.0,0.0,0.0
1095,0.0,0.0,0.0,0.0,0.0,0.0,0.0,0.0,0.0,0.0,290.1258239746094,10.74066162109375,0.0,0.0,285.7974853515625,80.12602996826172,0.0,0.0,226.2308654785156,72.95621490478516,223.88742065429688,75.8130874633789,286.97344970703125,155.0601806640625,274.31658935546875,149.67294311523438,0.0,0.0,0.0,0.0,0.0,0.0,0.0,0.0
1096,0.0,0.0,0.0,0.0,0.0,0.0,0.0,0.0,0.0,0.0,292.7842102050781,11.22931671142578,0.0,0.0,289.2220764160156,75.32357025146484,274.8927307128906,78.38316345214844,230.2337646484375,67.70255279541016,230.2281494140625,83.31197357177734,284.72705078125,156.25497436523438,273.2094116210937,150.67588806152344,0.0,0.0,0.0,0.0,0.0,0.0,0.0,0.0
1097,0.0,0.0,0.0,0.0,0.0,0.0,0.0,0.0,0.0,0.0,290.70196533203125,11.262435913085938,0.0,0.0,288.9873046875,78.22550964355469,279.4492492675781,75.4736328125,235.43878173828125,68.94673156738281,230.9913330078125,76.86192321777344,284.0805969238281,154.08642578125,278.7507629394531,147.978759765625,0.0,0.0,0.0,0.0,0.0,0.0,0.0,0.0
1098,0.0,0.0,0.0,0.0,0.0,0.0,0.0,0.0,0.0,0.0,291.6409912109375,9.2188720703125,0.0,0.0,295.13897705078125,80.94515228271484,0.0,0.0,233.4848480224609,73.92884063720703,228.1419219970703,73.71418762207031,286.2645568847656,149.40274047851562,273.01727294921875,143.35183715820312,0.0,0.0,0.0,0.0,0.0,0.0,0.0,0.0
1099,0.0,0.0,0.0,0.0,0.0,0.0,0.0,0.0,0.0,0.0,287.3046875,7.9997406005859375,0.0,0.0,284.7311706542969,71.72798156738281,0.0,0.0,230.5022430419922,69.34135437011719,234.74981689453125,76.38349914550781,283.88641357421875,149.2014923095703,282.893798828125,144.0277099609375,0.0,0.0,0.0,0.0,0.0,0.0,0.0,0.0
1100,0.0,0.0,0.0,0.0,0.0,0.0,0.0,0.0,0.0,0.0,289.2798156738281,9.499969482421877,0.0,0.0,289.0147705078125,76.40449523925781,281.8408508300781,70.98147583007812,235.8489990234375,70.3846206665039,234.4742431640625,76.47000122070312,284.087646484375,149.2571563720703,281.49383544921875,143.2845916748047,0.0,0.0,0.0,0.0,0.0,0.0,0.0,0.0
1101,0.0,0.0,0.0,0.0,0.0,0.0,0.0,0.0,0.0,0.0,286.4335327148437,10.434852600097656,0.0,0.0,288.2008972167969,72.16488647460938,284.54010009765625,76.73876953125,234.427490234375,68.6591567993164,239.19851684570312,85.82954406738281,283.37432861328125,151.50502014160156,279.6650085449219,146.0614013671875,0.0,0.0,0.0,0.0,0.0,0.0,0.0,0.0
1102,0.0,0.0,0.0,0.0,0.0,0.0,0.0,0.0,0.0,0.0,287.2406005859375,11.303359985351562,0.0,0.0,291.2324523925781,70.46782684326172,280.38385009765625,72.822265625,234.8460693359375,70.25045776367188,237.57269287109372,83.84573364257812,284.2601928710937,151.33197021484375,276.6580505371094,146.10601806640625,0.0,0.0,0.0,0.0,0.0,0.0,0.0,0.0
1103,0.0,0.0,0.0,0.0,0.0,0.0,0.0,0.0,0.0,0.0,0.0,0.0,0.0,0.0,294.41192626953125,71.54864501953125,0.0,0.0,236.2093048095703,77.0788345336914,0.0,0.0,286.7607727050781,149.65554809570312,271.17303466796875,144.19497680664062,0.0,0.0,0.0,0.0,0.0,0.0,0.0,0.0
1104,0.0,0.0,0.0,0.0,0.0,0.0,0.0,0.0,0.0,0.0,289.8193359375,9.27362823486328,0.0,0.0,292.72039794921875,70.74600219726562,282.2756042480469,74.80311584472656,229.7695770263672,71.10399627685547,240.0787353515625,87.3580322265625,286.3804626464844,153.84857177734375,273.5226745605469,148.6075897216797,0.0,0.0,0.0,0.0,0.0,0.0,0.0,0.0
1105,0.0,0.0,0.0,0.0,0.0,0.0,0.0,0.0,0.0,0.0,290.9677124023437,5.532150268554688,0.0,0.0,290.2377319335937,71.92083740234375,286.4912414550781,76.75194549560547,230.92672729492188,70.68854522705078,241.4897918701172,90.03816986083984,282.8126220703125,152.28041076660156,274.9002685546875,146.4068603515625,0.0,0.0,0.0,0.0,0.0,0.0,0.0,0.0
1106,0.0,0.0,0.0,0.0,0.0,0.0,0.0,0.0,0.0,0.0,289.1236572265625,10.921859741210938,0.0,0.0,290.7981872558594,71.6593017578125,285.21954345703125,74.4808578491211,229.83023071289065,71.11041259765625,239.5857391357422,84.90640258789062,283.19561767578125,152.21615600585938,274.6878662109375,146.4316864013672,0.0,0.0,0.0,0.0,0.0,0.0,0.0,0.0
1107,0.0,0.0,0.0,0.0,0.0,0.0,0.0,0.0,0.0,0.0,287.8840026855469,8.34027099609375,0.0,0.0,294.4091796875,71.96472930908203,285.7262268066406,77.42660522460938,236.0111389160156,70.35968017578125,241.7026824951172,87.18392944335938,282.4743347167969,151.4480438232422,275.8099670410156,145.7724609375,0.0,0.0,0.0,0.0,0.0,0.0,0.0,0.0
1108,0.0,0.0,0.0,0.0,0.0,0.0,0.0,0.0,0.0,0.0,0.0,0.0,0.0,0.0,293.1717224121094,72.36695861816406,281.7940368652344,76.17028045654297,234.66880798339844,66.87422180175781,238.18284606933597,84.45494079589844,283.8765869140625,149.85418701171875,276.0775756835937,144.18997192382812,0.0,0.0,0.0,0.0,0.0,0.0,0.0,0.0
1109,0.0,0.0,0.0,0.0,0.0,0.0,0.0,0.0,0.0,0.0,0.0,0.0,0.0,0.0,303.4358215332031,74.23359680175781,0.0,0.0,238.4104766845703,68.43877410888672,0.0,0.0,285.12176513671875,159.37722778320312,277.24664306640625,151.9893035888672,0.0,0.0,0.0,0.0,0.0,0.0,0.0,0.0
1110,0.0,0.0,0.0,0.0,0.0,0.0,0.0,0.0,0.0,0.0,288.1176452636719,16.48194122314453,0.0,0.0,292.633056640625,65.9979019165039,271.9889831542969,71.8253173828125,231.43006896972656,64.68539428710938,226.96160888671875,69.5467529296875,285.514892578125,158.21339416503906,274.429931640625,154.41156005859375,0.0,0.0,0.0,0.0,0.0,0.0,0.0,0.0
1111,0.0,0.0,0.0,0.0,0.0,0.0,0.0,0.0,0.0,0.0,285.30523681640625,15.213592529296877,0.0,0.0,302.2790832519531,66.70625305175781,262.19384765625,70.40641784667969,244.37161254882807,67.43194580078125,228.55848693847656,69.12557220458984,286.4896850585937,145.58653259277344,266.8319396972656,142.3695068359375,0.0,0.0,0.0,0.0,0.0,0.0,0.0,0.0
1112,0.0,0.0,0.0,0.0,0.0,0.0,0.0,0.0,0.0,0.0,283.433837890625,9.086822509765623,0.0,0.0,296.7428894042969,66.16262817382812,256.8529052734375,79.05789184570312,236.8241729736328,63.214263916015625,226.5532989501953,68.58155059814453,283.9990539550781,152.67701721191406,264.22283935546875,151.1912841796875,0.0,0.0,0.0,0.0,0.0,0.0,0.0,0.0
1113,0.0,0.0,0.0,0.0,0.0,0.0,0.0,0.0,0.0,0.0,0.0,0.0,278.2707214355469,75.4596176147461,0.0,0.0,246.14830017089844,87.8001480102539,241.75979614257807,65.6884765625,218.03353881835935,78.42906188964844,294.063232421875,165.94874572753906,263.55926513671875,167.21176147460938,0.0,0.0,0.0,0.0,0.0,0.0,0.0,0.0
1114,0.0,0.0,0.0,0.0,0.0,0.0,0.0,0.0,0.0,0.0,0.0,0.0,296.9833679199219,74.24118041992188,0.0,0.0,262.5670166015625,82.13758850097656,0.0,0.0,217.9682464599609,78.76068115234375,294.3338928222656,161.00389099121094,278.75018310546875,159.12112426757812,0.0,0.0,0.0,0.0,0.0,0.0,0.0,0.0
1115,0.0,0.0,0.0,0.0,0.0,0.0,0.0,0.0,0.0,0.0,0.0,0.0,0.0,0.0,0.0,0.0,267.1239318847656,71.33305358886719,0.0,0.0,226.6907501220703,72.39576721191406,298.86309814453125,158.1720733642578,278.9176025390625,155.33572387695312,0.0,0.0,0.0,0.0,0.0,0.0,0.0,0.0
1116,0.0,0.0,0.0,0.0,0.0,0.0,0.0,0.0,0.0,0.0,0.0,0.0,242.28713989257807,37.94242858886719,307.05438232421875,76.2605209350586,226.87208557128903,80.7927017211914,257.9020080566406,72.15167999267578,184.10372924804688,82.37445068359375,292.11834716796875,153.66505432128906,264.1798095703125,152.6742706298828,0.0,0.0,0.0,0.0,0.0,0.0,0.0,0.0
1117,0.0,0.0,0.0,0.0,0.0,0.0,0.0,0.0,0.0,0.0,282.5413513183594,23.396240234375,235.7476501464844,22.60409545898437,303.8923034667969,80.54199981689453,219.25320434570312,76.21456909179688,258.54949951171875,75.26271057128906,173.81480407714844,84.2944564819336,291.1457824707031,152.59396362304688,260.619384765625,149.37399291992188,0.0,0.0,0.0,0.0,0.0,0.0,0.0,0.0
1118,0.0,0.0,0.0,0.0,0.0,0.0,0.0,0.0,0.0,0.0,0.0,0.0,230.7078399658203,32.19805908203125,312.5397644042969,81.23114013671875,210.766845703125,76.01905822753906,261.43682861328125,77.05488586425781,157.7128143310547,85.21736907958984,291.8968505859375,157.23577880859375,260.0582275390625,155.0839080810547,0.0,0.0,0.0,0.0,0.0,0.0,0.0,0.0
1119,0.0,0.0,0.0,0.0,0.0,0.0,0.0,0.0,0.0,0.0,282.5894775390625,21.070846557617188,226.7394256591797,24.83265686035156,315.7221984863281,80.34305572509766,205.4978179931641,77.79438781738281,267.8471069335937,81.46350860595703,151.78077697753906,86.44161224365234,294.3598022460937,160.67425537109375,257.9925842285156,158.59942626953125,0.0,0.0,0.0,0.0,0.0,0.0,0.0,0.0
1120,0.0,0.0,0.0,0.0,0.0,0.0,0.0,0.0,0.0,0.0,0.0,0.0,230.13967895507807,12.86907958984375,310.18438720703125,80.7562255859375,205.54318237304688,72.99146270751953,259.6210327148437,81.17476654052734,151.62576293945312,90.01779174804688,293.47515869140625,154.28314208984375,254.1786956787109,151.7216796875,0.0,0.0,0.0,0.0,0.0,0.0,0.0,0.0
1121,0.0,0.0,0.0,0.0,0.0,0.0,0.0,0.0,0.0,0.0,0.0,0.0,235.9517822265625,16.012893676757812,0.0,0.0,208.51361083984372,73.33526611328125,260.8074951171875,82.33981323242188,149.14254760742188,96.04589080810548,294.5281982421875,161.83749389648438,258.6595458984375,159.00515747070312,0.0,0.0,0.0,0.0,0.0,0.0,0.0,0.0
1122,0.0,0.0,0.0,0.0,0.0,0.0,0.0,0.0,0.0,0.0,0.0,0.0,225.7874755859375,15.708084106445312,302.3276672363281,77.880615234375,204.24224853515625,74.69735717773438,256.2834777832031,81.8243408203125,140.1705322265625,102.24714660644533,287.5167236328125,159.7587890625,254.7288055419922,156.7733154296875,0.0,0.0,0.0,0.0,0.0,0.0,0.0,0.0
1123,0.0,0.0,0.0,0.0,0.0,0.0,0.0,0.0,0.0,0.0,0.0,0.0,233.29876708984372,7.59942626953125,311.4330139160156,80.53724670410156,203.9971618652344,73.75041961669922,258.5002136230469,79.7987060546875,147.87200927734375,103.83011627197266,290.7278747558594,167.5372314453125,252.1446990966797,163.16305541992188,0.0,0.0,0.0,0.0,0.0,0.0,0.0,0.0
1124,0.0,0.0,0.0,0.0,0.0,0.0,0.0,0.0,0.0,0.0,0.0,0.0,231.79920959472656,9.070205688476562,308.8456115722656,79.6056137084961,206.9466857910156,76.05461883544922,258.7113342285156,80.98092651367188,147.65890502929688,104.56950378417967,291.1679077148437,165.68020629882812,252.35765075683597,162.43313598632812,0.0,0.0,0.0,0.0,0.0,0.0,0.0,0.0
1125,0.0,0.0,0.0,0.0,0.0,0.0,0.0,0.0,0.0,0.0,0.0,0.0,227.7919158935547,9.154510498046877,310.82818603515625,77.183349609375,205.8935394287109,76.58150482177734,257.865966796875,83.28448486328125,152.23916625976562,106.78107452392578,292.40496826171875,160.9476318359375,251.91363525390625,157.5513916015625,0.0,0.0,0.0,0.0,0.0,0.0,0.0,0.0
1126,0.0,0.0,0.0,0.0,0.0,0.0,0.0,0.0,0.0,0.0,0.0,0.0,228.5395050048828,6.548271179199219,314.42742919921875,74.75308227539062,205.3332977294922,74.9433822631836,266.7934265136719,82.20964050292969,152.56082153320312,107.14544677734376,295.2529296875,166.3328094482422,252.0918884277344,161.72213745117188,0.0,0.0,0.0,0.0,0.0,0.0,0.0,0.0
1127,0.0,0.0,0.0,0.0,0.0,0.0,0.0,0.0,0.0,0.0,0.0,0.0,231.90451049804688,4.579071044921875,301.8134765625,76.72772216796875,206.89694213867188,71.35639190673828,257.28436279296875,81.60421752929688,156.83395385742188,108.09154510498048,289.3004150390625,153.5941162109375,253.91693115234372,148.7812042236328,0.0,0.0,0.0,0.0,0.0,0.0,0.0,0.0
1128,0.0,0.0,0.0,0.0,0.0,0.0,0.0,0.0,0.0,0.0,0.0,0.0,229.09173583984372,6.431564331054688,311.5189208984375,77.28424835205078,205.9629669189453,76.05619049072266,265.4299621582031,85.25347137451172,155.24990844726562,108.7083740234375,297.15057373046875,160.99984741210938,256.78057861328125,157.05723571777344,0.0,0.0,0.0,0.0,0.0,0.0,0.0,0.0
1129,0.0,0.0,0.0,0.0,0.0,0.0,0.0,0.0,0.0,0.0,0.0,0.0,0.0,0.0,0.0,0.0,211.37705993652344,73.81794738769531,265.79998779296875,86.1156005859375,158.99783325195312,111.59366607666016,302.35400390625,171.54209899902344,257.31915283203125,168.3067626953125,0.0,0.0,0.0,0.0,0.0,0.0,0.0,0.0
1130,0.0,0.0,0.0,0.0,0.0,0.0,0.0,0.0,0.0,0.0,0.0,0.0,0.0,0.0,0.0,0.0,213.5032501220703,70.92431640625,0.0,0.0,165.7358856201172,113.9881820678711,304.85919189453125,168.502685546875,263.7186889648437,165.912841796875,0.0,0.0,0.0,0.0,0.0,0.0,0.0,0.0
1131,0.0,0.0,0.0,0.0,0.0,0.0,0.0,0.0,0.0,0.0,0.0,0.0,232.09214782714844,5.458648681640625,0.0,0.0,213.13645935058597,71.19824981689453,0.0,0.0,165.26881408691406,114.22325897216795,298.48321533203125,170.37078857421875,262.96612548828125,167.58050537109375,0.0,0.0,0.0,0.0,0.0,0.0,0.0,0.0
1132,0.0,0.0,0.0,0.0,0.0,0.0,0.0,0.0,0.0,0.0,0.0,0.0,226.33377075195312,17.72930145263672,0.0,0.0,207.11192321777344,82.10302734375,0.0,0.0,157.27761840820312,113.80213165283205,290.23651123046875,164.54103088378906,269.6557006835937,164.6767120361328,0.0,0.0,0.0,0.0,0.0,0.0,0.0,0.0
1133,0.0,0.0,0.0,0.0,0.0,0.0,0.0,0.0,0.0,0.0,0.0,0.0,227.77235412597656,18.335708618164062,0.0,0.0,213.60107421875,83.10917663574219,0.0,0.0,158.8919219970703,110.17385864257812,280.78839111328125,161.8556671142578,256.6456298828125,160.98300170898438,0.0,0.0,0.0,0.0,0.0,0.0,0.0,0.0
1134,0.0,0.0,0.0,0.0,0.0,0.0,0.0,0.0,0.0,0.0,0.0,0.0,225.9412078857422,15.906700134277344,0.0,0.0,222.4140625,80.49095916748047,0.0,0.0,177.721923828125,103.77569580078124,283.5591735839844,163.72247314453125,257.32928466796875,161.46495056152344,0.0,0.0,0.0,0.0,0.0,0.0,0.0,0.0
1135,0.0,0.0,0.0,0.0,0.0,0.0,0.0,0.0,0.0,0.0,0.0,0.0,233.6064453125,21.072738647460938,0.0,0.0,230.4436187744141,79.7012939453125,0.0,0.0,196.1934356689453,98.80447387695312,281.1863098144531,161.71697998046875,262.3876953125,161.98828125,0.0,0.0,0.0,0.0,0.0,0.0,0.0,0.0
1136,0.0,0.0,0.0,0.0,0.0,0.0,0.0,0.0,0.0,0.0,0.0,0.0,240.14309692382807,15.857757568359377,0.0,0.0,234.20741271972656,81.66189575195312,0.0,0.0,212.51239013671875,102.4127197265625,278.3701477050781,161.98312377929688,269.4227294921875,162.5745391845703,0.0,0.0,0.0,0.0,0.0,0.0,0.0,0.0
1137,0.0,0.0,0.0,0.0,0.0,0.0,0.0,0.0,0.0,0.0,0.0,0.0,249.1780242919922,17.635772705078125,0.0,0.0,222.70169067382807,80.22233581542969,0.0,0.0,0.0,0.0,275.9013671875,155.43670654296875,265.7675476074219,158.67633056640625,0.0,0.0,0.0,0.0,0.0,0.0,0.0,0.0
1138,0.0,0.0,0.0,0.0,0.0,0.0,0.0,0.0,0.0,0.0,0.0,0.0,236.1505584716797,18.126632690429688,0.0,0.0,223.75588989257807,69.83393859863281,0.0,0.0,229.8955841064453,93.87116241455078,295.4843444824219,147.98277282714844,248.4022521972656,147.53648376464844,0.0,0.0,253.553955078125,229.39044189453125,0.0,0.0,0.0,0.0
1139,0.0,0.0,0.0,0.0,0.0,0.0,0.0,0.0,0.0,0.0,0.0,0.0,241.6410369873047,19.735565185546875,0.0,0.0,224.278564453125,72.64495086669922,0.0,0.0,234.00961303710935,95.58963012695312,292.5433959960937,144.39633178710938,247.5806427001953,142.20367431640625,0.0,0.0,252.8399810791016,219.53240966796875,0.0,0.0,0.0,0.0
1140,0.0,0.0,0.0,0.0,0.0,0.0,0.0,0.0,0.0,0.0,0.0,0.0,240.0020904541016,26.98491668701172,0.0,0.0,224.0915679931641,76.65424346923828,0.0,0.0,235.10032653808597,95.83173370361328,292.84375,143.14788818359375,247.3637542724609,143.2200164794922,0.0,0.0,246.29998779296875,219.90576171875,0.0,0.0,0.0,0.0
1141,0.0,0.0,0.0,0.0,0.0,0.0,0.0,0.0,0.0,0.0,0.0,0.0,242.4355926513672,25.76133728027344,0.0,0.0,224.30520629882807,76.45738983154297,0.0,0.0,235.740966796875,96.45448303222656,289.0848388671875,148.92242431640625,243.3590087890625,146.46900939941406,0.0,0.0,243.65869140625,221.92698669433597,0.0,0.0,0.0,0.0
1142,0.0,0.0,0.0,0.0,0.0,0.0,0.0,0.0,0.0,0.0,0.0,0.0,241.2977752685547,27.054763793945312,0.0,0.0,222.14822387695312,74.6170425415039,0.0,0.0,232.0742645263672,93.21940612792967,289.094970703125,149.54978942871094,242.7061767578125,146.23358154296875,0.0,0.0,241.6280670166016,219.4590759277344,0.0,0.0,0.0,0.0
1143,0.0,0.0,0.0,0.0,0.0,0.0,0.0,0.0,0.0,0.0,311.6253356933594,34.7720947265625,245.62322998046875,28.044021606445312,314.20361328125,91.40089416503906,222.2417755126953,74.08235168457031,299.79559326171875,122.4060516357422,230.8147430419922,92.9224090576172,286.1318664550781,148.15086364746094,243.41244506835935,143.92620849609375,278.5210876464844,222.66741943359372,242.4667510986328,217.26763916015625,0.0,0.0,0.0,0.0
1144,0.0,0.0,0.0,0.0,0.0,0.0,0.0,0.0,0.0,0.0,0.0,0.0,247.4146881103516,27.993698120117188,0.0,0.0,223.71438598632807,74.51005554199219,0.0,0.0,231.8184814453125,92.07518005371094,288.8343505859375,148.44537353515625,245.0988922119141,144.0075225830078,0.0,0.0,242.9979248046875,213.83094787597656,0.0,0.0,0.0,0.0
1145,0.0,0.0,0.0,0.0,0.0,0.0,0.0,0.0,0.0,0.0,312.9072265625,36.67542266845703,244.88656616210935,28.074966430664062,317.9774475097656,95.5218276977539,222.7632293701172,73.95639038085938,309.5296630859375,122.3903579711914,232.2720642089844,92.873779296875,288.271484375,149.50592041015625,243.5214385986328,145.6295166015625,0.0,0.0,246.0035095214844,219.23291015625,0.0,0.0,0.0,0.0
1146,0.0,0.0,0.0,0.0,0.0,0.0,0.0,0.0,0.0,0.0,0.0,0.0,245.01409912109372,28.97187042236328,0.0,0.0,224.5260162353516,75.5985336303711,317.1793212890625,121.106201171875,234.1124267578125,91.80536651611328,289.5907592773437,145.72764587402344,245.2169647216797,142.69102478027344,287.6904296875,213.43174743652344,245.302734375,210.5793914794922,0.0,0.0,0.0,0.0
1147,0.0,0.0,0.0,0.0,0.0,0.0,0.0,0.0,0.0,0.0,0.0,0.0,244.61795043945312,26.747787475585938,0.0,0.0,224.7061004638672,77.5362777709961,0.0,0.0,237.49163818359372,94.4146499633789,293.4739074707031,144.43408203125,248.3623046875,141.1432647705078,289.248779296875,215.7075653076172,245.24783325195312,212.94287109375,0.0,0.0,0.0,0.0
1148,0.0,0.0,0.0,0.0,0.0,0.0,0.0,0.0,0.0,0.0,312.62188720703125,35.26509094238281,244.0338134765625,29.080307006835938,320.0,94.3147964477539,224.1493377685547,78.61726379394531,319.74822998046875,126.90676879882812,239.150634765625,94.8152084350586,294.1603088378906,142.90170288085938,248.54635620117188,140.89715576171875,293.5650939941406,210.67237854003903,249.3152313232422,209.200439453125,0.0,0.0,0.0,0.0
1149,0.0,0.0,0.0,0.0,0.0,0.0,0.0,0.0,0.0,0.0,313.01861572265625,34.196746826171875,243.44615173339844,27.22789764404297,317.69549560546875,98.67208099365234,223.91061401367188,76.15824127197266,318.09722900390625,155.96145629882812,241.45687866210935,95.38241577148438,292.881103515625,141.64747619628906,247.2630615234375,139.388671875,293.7977600097656,210.69561767578125,249.9713897705078,209.4589080810547,0.0,0.0,0.0,0.0
1150,0.0,0.0,0.0,0.0,0.0,0.0,0.0,0.0,0.0,0.0,312.6769714355469,34.42303466796875,242.23110961914065,26.77466583251953,318.2171630859375,101.88512420654295,224.21829223632807,76.75151824951172,316.8603820800781,155.18829345703125,245.43667602539065,95.09825134277344,295.40203857421875,144.623046875,248.79800415039065,142.4941864013672,298.50897216796875,211.3797912597656,250.5133056640625,210.682373046875,0.0,0.0,0.0,0.0
1151,0.0,0.0,0.0,0.0,0.0,0.0,0.0,0.0,0.0,0.0,313.71453857421875,34.477073669433594,243.57894897460935,26.375030517578125,316.7593078613281,99.46026611328124,222.11167907714844,80.59474182128906,315.1412353515625,158.06259155273438,247.42474365234372,100.3426513671875,295.3579406738281,151.54771423339844,248.73016357421875,148.82872009277344,0.0,0.0,0.0,0.0,0.0,0.0,0.0,0.0
1152,0.0,0.0,0.0,0.0,0.0,0.0,0.0,0.0,0.0,0.0,314.995849609375,32.0267333984375,245.0823516845703,25.770339965820312,317.34210205078125,98.24407958984376,222.46490478515625,82.60710906982422,311.2962646484375,151.72825622558594,252.72120666503903,97.95514678955078,296.5994873046875,145.6771697998047,250.50518798828125,143.75608825683594,296.03045654296875,214.27487182617188,249.91184997558597,214.18641662597656,0.0,0.0,0.0,0.0
1153,0.0,0.0,0.0,0.0,0.0,0.0,0.0,0.0,0.0,0.0,315.6441955566406,30.889404296875,247.472412109375,25.627212524414062,317.56451416015625,95.23306274414062,225.6954345703125,83.8595199584961,308.7406921386719,151.14291381835938,256.26910400390625,100.1388931274414,297.02496337890625,148.94915771484375,251.8094940185547,147.3936767578125,0.0,0.0,251.9579925537109,221.25823974609372,0.0,0.0,0.0,0.0
1154,0.0,0.0,0.0,0.0,0.0,0.0,0.0,0.0,0.0,0.0,314.6287536621094,30.068038940429688,247.34982299804688,27.83081817626953,317.574462890625,94.69708251953124,228.4306182861328,87.38932037353516,305.7767333984375,148.16116333007812,265.0272827148437,103.20832061767578,298.2026672363281,150.0999755859375,253.92784118652344,149.7773895263672,0.0,0.0,0.0,0.0,0.0,0.0,0.0,0.0
1155,0.0,0.0,0.0,0.0,0.0,0.0,0.0,0.0,0.0,0.0,314.70733642578125,30.216384887695312,248.6373443603516,25.31187438964844,318.0008544921875,95.5386199951172,229.07025146484372,85.18171691894531,306.0214538574219,150.36732482910156,267.328857421875,112.075927734375,296.9047241210937,148.45852661132812,252.9649200439453,147.41378784179688,0.0,0.0,252.1154937744141,224.4307098388672,0.0,0.0,0.0,0.0
1156,0.0,0.0,0.0,0.0,0.0,0.0,0.0,0.0,0.0,0.0,314.13916015625,30.4482421875,250.02227783203125,25.357818603515625,317.39715576171875,94.25997924804688,230.3885803222656,86.26561737060547,305.7727966308594,147.39552307128906,270.5540771484375,119.5774383544922,295.7611694335937,144.22366333007812,253.96961975097656,143.1434783935547,0.0,0.0,254.6710357666016,216.609619140625,0.0,0.0,0.0,0.0
1157,0.0,0.0,0.0,0.0,0.0,0.0,0.0,0.0,0.0,0.0,316.9600524902344,30.28278350830078,250.87815856933597,25.28167724609375,317.2631530761719,91.6339111328125,233.71588134765625,86.84867095947266,311.4559326171875,135.30490112304688,270.46539306640625,120.45391845703124,301.8122253417969,144.02493286132812,257.8682861328125,143.489013671875,0.0,0.0,259.65704345703125,218.1620635986328,0.0,0.0,0.0,0.0
1158,0.0,0.0,0.0,0.0,0.0,0.0,0.0,0.0,0.0,0.0,0.0,0.0,255.0993804931641,23.02587127685547,0.0,0.0,238.4008026123047,86.31373596191406,312.1571960449219,128.7403564453125,280.6958923339844,125.84410858154295,302.5,137.20077514648438,262.0149841308594,137.8468780517578,0.0,0.0,258.1676025390625,211.43167114257807,0.0,0.0,0.0,0.0
1159,0.0,0.0,0.0,0.0,0.0,0.0,0.0,0.0,0.0,0.0,0.0,0.0,255.22056579589844,24.677085876464844,0.0,0.0,244.5144500732422,91.49663543701172,0.0,0.0,280.7057189941406,123.84551239013672,304.6882019042969,142.99278259277344,262.7787780761719,143.6966552734375,0.0,0.0,259.16656494140625,216.14337158203125,0.0,0.0,0.0,0.0
1160,0.0,0.0,0.0,0.0,0.0,0.0,0.0,0.0,0.0,0.0,0.0,0.0,255.6674652099609,24.331314086914062,0.0,0.0,246.05026245117188,93.1097183227539,0.0,0.0,275.7465209960937,120.60508728027344,304.4108581542969,146.2423858642578,263.1105041503906,147.50047302246094,0.0,0.0,262.0819702148437,222.4671936035156,0.0,0.0,0.0,0.0
1161,0.0,0.0,0.0,0.0,0.0,0.0,0.0,0.0,0.0,0.0,0.0,0.0,257.29327392578125,25.573654174804688,0.0,0.0,254.17901611328125,92.4144515991211,0.0,0.0,286.8428039550781,126.70436096191406,304.3616027832031,139.85000610351562,265.3973083496094,141.29141235351562,0.0,0.0,260.5902709960937,211.02671813964844,0.0,0.0,0.0,0.0
1162,0.0,0.0,0.0,0.0,0.0,0.0,0.0,0.0,0.0,0.0,0.0,0.0,258.10711669921875,25.654083251953125,0.0,0.0,258.77886962890625,91.46598815917967,0.0,0.0,295.52313232421875,129.41693115234375,304.9378356933594,140.28240966796875,264.7398376464844,141.38479614257812,0.0,0.0,260.1780700683594,214.2023162841797,0.0,0.0,0.0,0.0
1163,0.0,0.0,0.0,0.0,0.0,0.0,0.0,0.0,0.0,0.0,0.0,0.0,260.92626953125,26.97034454345703,0.0,0.0,266.4613342285156,97.8214874267578,0.0,0.0,300.3343811035156,128.45391845703125,307.90509033203125,152.22152709960938,268.15155029296875,153.8057861328125,0.0,0.0,0.0,0.0,0.0,0.0,0.0,0.0
1164,0.0,0.0,0.0,0.0,0.0,0.0,0.0,0.0,0.0,0.0,0.0,0.0,264.70001220703125,27.774688720703125,0.0,0.0,276.8114929199219,108.42301940917967,0.0,0.0,314.87469482421875,139.29412841796875,304.7088623046875,147.87515258789062,268.6489562988281,150.78250122070312,0.0,0.0,266.0987854003906,225.1689453125,0.0,0.0,0.0,0.0
1165,0.0,0.0,0.0,0.0,0.0,0.0,0.0,0.0,0.0,0.0,0.0,0.0,268.0487060546875,29.40367126464844,0.0,0.0,288.0497436523437,110.34838104248048,0.0,0.0,318.3433532714844,136.23953247070312,302.9466552734375,150.6227264404297,270.2760314941406,154.53121948242188,0.0,0.0,0.0,0.0,0.0,0.0,0.0,0.0
1166,0.0,0.0,0.0,0.0,0.0,0.0,0.0,0.0,0.0,0.0,0.0,0.0,271.73291015625,29.26921844482422,0.0,0.0,289.5975952148437,108.02525329589844,0.0,0.0,320.0,142.65408325195312,300.4378662109375,144.614501953125,270.9923095703125,148.7852325439453,0.0,0.0,0.0,0.0,0.0,0.0,0.0,0.0
1167,0.0,0.0,0.0,0.0,0.0,0.0,0.0,0.0,0.0,0.0,0.0,0.0,273.9522705078125,29.954071044921875,0.0,0.0,295.2535705566406,106.34536743164062,0.0,0.0,0.0,0.0,299.7586364746094,148.36383056640625,273.2501220703125,150.4722900390625,0.0,0.0,0.0,0.0,0.0,0.0,0.0,0.0
1168,0.0,0.0,0.0,0.0,0.0,0.0,0.0,0.0,0.0,0.0,0.0,0.0,277.9003601074219,33.88946533203125,0.0,0.0,296.02703857421875,105.74601745605467,0.0,0.0,320.0,142.353759765625,294.9960021972656,147.7482452392578,272.9730224609375,150.93081665039062,0.0,0.0,0.0,0.0,0.0,0.0,0.0,0.0
1169,0.0,0.0,0.0,0.0,0.0,0.0,0.0,0.0,0.0,0.0,0.0,0.0,0.0,0.0,0.0,0.0,299.9671630859375,108.4777603149414,0.0,0.0,0.0,0.0,292.9081726074219,150.66061401367188,275.11602783203125,153.771484375,0.0,0.0,0.0,0.0,0.0,0.0,0.0,0.0
1170,0.0,0.0,0.0,0.0,0.0,0.0,0.0,0.0,0.0,0.0,0.0,0.0,281.5886535644531,30.27680969238281,0.0,0.0,296.4425964355469,108.47877502441406,0.0,0.0,0.0,0.0,297.4667663574219,155.18301391601562,278.3458557128906,158.33798217773438,0.0,0.0,0.0,0.0,0.0,0.0,0.0,0.0
1171,0.0,0.0,0.0,0.0,0.0,0.0,0.0,0.0,0.0,0.0,0.0,0.0,289.0610656738281,29.67668914794922,0.0,0.0,300.9987487792969,114.08792114257812,0.0,0.0,0.0,0.0,288.13348388671875,158.45277404785156,282.40869140625,162.13357543945312,0.0,0.0,0.0,0.0,0.0,0.0,0.0,0.0
1172,0.0,0.0,0.0,0.0,0.0,0.0,0.0,0.0,0.0,0.0,0.0,0.0,0.0,0.0,0.0,0.0,302.1350402832031,113.25106048583984,0.0,0.0,0.0,0.0,291.4882202148437,156.00991821289062,280.9892883300781,159.47970581054688,0.0,0.0,0.0,0.0,0.0,0.0,0.0,0.0
1173,0.0,0.0,0.0,0.0,0.0,0.0,0.0,0.0,0.0,0.0,0.0,0.0,0.0,0.0,0.0,0.0,302.5586242675781,118.98358154296876,0.0,0.0,0.0,0.0,289.44287109375,151.98806762695312,277.9908447265625,154.35581970214844,0.0,0.0,0.0,0.0,0.0,0.0,0.0,0.0
1174,0.0,0.0,0.0,0.0,0.0,0.0,0.0,0.0,0.0,0.0,0.0,0.0,281.276611328125,25.551239013671875,0.0,0.0,292.10064697265625,118.58255767822266,0.0,0.0,0.0,0.0,293.0714416503906,154.13479614257812,281.45623779296875,155.63914489746094,0.0,0.0,0.0,0.0,0.0,0.0,0.0,0.0
1175,0.0,0.0,0.0,0.0,0.0,0.0,0.0,0.0,0.0,0.0,0.0,0.0,281.7482604980469,25.148239135742188,0.0,0.0,277.4487609863281,104.26847839355467,0.0,0.0,308.4310607910156,129.01943969726562,297.8367919921875,153.02523803710938,280.1399230957031,155.09710693359375,0.0,0.0,0.0,0.0,0.0,0.0,0.0,0.0
1176,0.0,0.0,0.0,0.0,0.0,0.0,0.0,0.0,0.0,0.0,0.0,0.0,278.0858154296875,24.7972412109375,0.0,0.0,267.37969970703125,100.34105682373048,0.0,0.0,301.88690185546875,130.64083862304688,0.0,0.0,282.0147705078125,163.27127075195312,0.0,0.0,0.0,0.0,0.0,0.0,0.0,0.0
1177,0.0,0.0,0.0,0.0,0.0,0.0,0.0,0.0,0.0,0.0,0.0,0.0,273.3604431152344,24.57965850830078,0.0,0.0,257.0790100097656,88.46898651123047,0.0,0.0,288.6857604980469,124.68833923339844,308.58953857421875,146.88128662109375,275.6292724609375,147.24952697753906,0.0,0.0,270.4403991699219,225.7777404785156,0.0,0.0,0.0,0.0
1178,0.0,0.0,0.0,0.0,0.0,0.0,0.0,0.0,0.0,0.0,0.0,0.0,270.43438720703125,21.31720352172852,0.0,0.0,248.9807281494141,79.23269653320312,0.0,0.0,263.8119506835937,104.7734603881836,307.4976501464844,146.48475646972656,273.9276123046875,145.75550842285156,0.0,0.0,265.0404968261719,223.63189697265625,0.0,0.0,0.0,0.0
1179,0.0,0.0,0.0,0.0,0.0,0.0,0.0,0.0,0.0,0.0,0.0,0.0,266.298828125,26.253921508789062,0.0,0.0,243.5753173828125,83.21281433105469,0.0,0.0,277.4230651855469,123.98988342285156,312.4537353515625,153.67709350585938,271.99920654296875,153.65179443359375,0.0,0.0,265.8488464355469,233.10525512695312,0.0,0.0,0.0,0.0
1180,0.0,0.0,0.0,0.0,0.0,0.0,0.0,0.0,0.0,0.0,0.0,0.0,262.94195556640625,20.08697509765625,0.0,0.0,244.28634643554688,83.33821105957031,0.0,0.0,271.7107849121094,120.61244201660156,309.0955505371094,147.59706115722656,269.68994140625,146.8411407470703,0.0,0.0,263.5323181152344,224.01014709472656,0.0,0.0,0.0,0.0
1181,0.0,0.0,0.0,0.0,0.0,0.0,0.0,0.0,0.0,0.0,0.0,0.0,259.4277648925781,21.26397705078125,0.0,0.0,235.5479736328125,73.46806335449219,0.0,0.0,260.2477722167969,112.85769653320312,311.1054077148437,143.01031494140625,266.1429138183594,142.95852661132812,0.0,0.0,259.5530090332031,219.47218322753903,0.0,0.0,0.0,0.0
1182,0.0,0.0,0.0,0.0,0.0,0.0,0.0,0.0,0.0,0.0,0.0,0.0,255.6537170410156,25.07317352294922,0.0,0.0,236.56039428710935,72.33953857421875,0.0,0.0,255.74136352539065,109.86317443847656,313.04595947265625,140.11996459960938,268.05194091796875,139.34103393554688,0.0,0.0,262.77398681640625,215.19989013671875,0.0,0.0,0.0,0.0
1183,0.0,0.0,0.0,0.0,0.0,0.0,0.0,0.0,0.0,0.0,0.0,0.0,259.579833984375,23.55551147460937,0.0,0.0,238.32931518554688,74.52342224121094,0.0,0.0,254.97984313964844,109.2944564819336,311.000732421875,145.34774780273438,267.5583801269531,144.06724548339844,0.0,0.0,261.9735412597656,216.48590087890625,0.0,0.0,0.0,0.0
1184,0.0,0.0,0.0,0.0,0.0,0.0,0.0,0.0,0.0,0.0,0.0,0.0,260.9349975585937,28.495437622070312,0.0,0.0,247.5465087890625,71.4693832397461,0.0,0.0,253.06602478027344,112.3304443359375,299.457763671875,135.3704833984375,272.0817565917969,135.3397979736328,0.0,0.0,264.3076477050781,201.1304931640625,0.0,0.0,0.0,0.0
1185,251.49066162109372,25.84117126464844,0.0,0.0,0.0,0.0,0.0,0.0,0.0,0.0,0.0,0.0,253.8724670410156,27.304840087890625,0.0,0.0,246.91195678710935,66.33783721923828,0.0,0.0,252.483154296875,105.53068542480467,0.0,0.0,279.9035949707031,149.72332763671875,0.0,0.0,0.0,0.0,0.0,0.0,0.0,0.0
1186,250.3327789306641,106.2706298828125,252.5072326660156,104.29202270507812,248.90684509277344,104.10538482666016,257.12353515625,106.04901123046876,0.0,0.0,261.67840576171875,118.3960418701172,244.7775421142578,118.193603515625,262.8902893066406,133.0252685546875,245.6227569580078,133.25357055664062,250.95086669921875,133.70602416992188,0.0,0.0,262.6286926269531,146.86048889160156,250.7333984375,146.89202880859375,264.0809631347656,168.64772033691406,251.43472290039065,168.71865844726562,0.0,0.0,0.0,0.0
1187,0.0,0.0,0.0,0.0,0.0,0.0,0.0,0.0,0.0,0.0,0.0,0.0,0.0,0.0,0.0,0.0,0.0,0.0,0.0,0.0,0.0,0.0,0.0,0.0,0.0,0.0,0.0,0.0,0.0,0.0,0.0,0.0,0.0,0.0
1188,0.0,0.0,0.0,0.0,0.0,0.0,0.0,0.0,150.0259552001953,104.34302520751952,133.5189971923828,113.74019622802734,152.8235321044922,115.08931732177734,0.0,0.0,156.0086669921875,132.69778442382812,0.0,0.0,0.0,0.0,132.16404724121094,141.0659942626953,145.27145385742188,141.4936065673828,130.977294921875,163.48968505859375,142.71087646484375,163.80465698242188,0.0,0.0,0.0,0.0
1189,0.0,0.0,0.0,0.0,0.0,0.0,0.0,0.0,0.0,0.0,0.0,0.0,0.0,0.0,0.0,0.0,0.0,0.0,0.0,0.0,0.0,0.0,0.0,0.0,0.0,0.0,0.0,0.0,0.0,0.0,0.0,0.0,0.0,0.0
1190,0.0,0.0,0.0,0.0,0.0,0.0,0.0,0.0,149.93963623046875,104.40233612060548,133.4365997314453,114.15084838867188,152.37741088867188,115.60169982910156,0.0,0.0,155.42247009277344,134.88430786132812,0.0,0.0,0.0,0.0,131.59156799316406,143.52908325195312,144.2265167236328,144.0055694580078,132.24783325195312,165.23712158203125,141.2183837890625,165.50267028808594,0.0,0.0,0.0,0.0
1191,0.0,0.0,0.0,0.0,0.0,0.0,0.0,0.0,149.0829315185547,103.59034729003906,134.9824981689453,114.03446197509766,151.45582580566406,114.6814956665039,0.0,0.0,157.26036071777344,132.19680786132812,0.0,0.0,0.0,0.0,133.72093200683594,141.64987182617188,145.05393981933594,141.86724853515625,132.93446350097656,162.8328094482422,144.0587615966797,163.15557861328125,131.36993408203125,184.7216796875,142.4657745361328,185.55108642578125
1192,0.0,0.0,0.0,0.0,0.0,0.0,0.0,0.0,0.0,0.0,0.0,0.0,295.53277587890625,81.26089477539062,0.0,0.0,266.95660400390625,96.14966583251952,0.0,0.0,242.8387451171875,109.7861557006836,0.0,0.0,283.23565673828125,168.14503479003906,0.0,0.0,0.0,0.0,0.0,0.0,0.0,0.0
1193,0.0,0.0,0.0,0.0,0.0,0.0,0.0,0.0,0.0,0.0,0.0,0.0,281.54608154296875,72.91085815429688,0.0,0.0,265.6173400878906,91.08068084716795,241.5750274658203,103.4925308227539,239.0785217285156,102.21265411376952,296.8271789550781,158.5560302734375,283.71044921875,156.14279174804688,0.0,0.0,271.516357421875,210.9073486328125,0.0,0.0,0.0,0.0
1194,0.0,0.0,0.0,0.0,0.0,0.0,0.0,0.0,0.0,0.0,0.0,0.0,291.1131896972656,86.2447509765625,0.0,0.0,260.3063049316406,93.83004760742188,0.0,0.0,228.54559326171875,101.35919189453124,0.0,0.0,283.5102233886719,170.42864990234375,0.0,0.0,0.0,0.0,0.0,0.0,0.0,0.0
1195,0.0,0.0,0.0,0.0,0.0,0.0,0.0,0.0,0.0,0.0,0.0,0.0,273.4044494628906,50.08024597167969,0.0,0.0,259.0437316894531,86.09773254394531,222.77532958984372,98.30890655517578,222.12001037597656,101.28099060058594,296.7113037109375,158.4829559326172,285.86328125,156.13772583007812,0.0,0.0,0.0,0.0,0.0,0.0,0.0,0.0
1196,0.0,0.0,0.0,0.0,0.0,0.0,0.0,0.0,0.0,0.0,0.0,0.0,271.6651611328125,50.30497741699219,0.0,0.0,258.9703369140625,86.73680877685547,0.0,0.0,215.9465789794922,102.05339050292967,297.0066223144531,157.4379425048828,286.0299072265625,155.42526245117188,0.0,0.0,0.0,0.0,0.0,0.0,0.0,0.0
1197,232.50498962402344,28.199119567871094,0.0,0.0,0.0,0.0,0.0,0.0,0.0,0.0,0.0,0.0,265.7539367675781,34.76710510253906,0.0,0.0,258.943115234375,87.4478759765625,0.0,0.0,211.32151794433597,104.73748779296876,302.42938232421875,164.30938720703125,283.9010009765625,162.71221923828125,0.0,0.0,0.0,0.0,0.0,0.0,0.0,0.0
1198,0.0,0.0,0.0,0.0,0.0,0.0,0.0,0.0,0.0,0.0,0.0,0.0,261.2123413085937,35.628028869628906,0.0,0.0,256.5430603027344,88.87317657470703,0.0,0.0,208.72592163085935,108.111328125,304.4216003417969,153.72653198242188,285.822265625,152.30528259277344,0.0,0.0,0.0,0.0,0.0,0.0,0.0,0.0
1199,234.57115173339844,29.078086853027344,236.3894195556641,20.76636505126953,0.0,0.0,0.0,0.0,0.0,0.0,0.0,0.0,257.9164123535156,39.46250915527344,0.0,0.0,253.22711181640625,89.22923278808594,0.0,0.0,206.8555450439453,108.99317169189452,298.587646484375,149.1856231689453,280.52264404296875,148.0408477783203,0.0,0.0,0.0,0.0,0.0,0.0,0.0,0.0
1200,0.0,0.0,0.0,0.0,0.0,0.0,0.0,0.0,0.0,0.0,0.0,0.0,0.0,0.0,0.0,0.0,0.0,0.0,0.0,0.0,0.0,0.0,0.0,0.0,0.0,0.0,0.0,0.0,0.0,0.0,0.0,0.0,0.0,0.0
1201,0.0,0.0,0.0,0.0,0.0,0.0,0.0,0.0,0.0,0.0,0.0,0.0,262.4228210449219,31.31549072265625,0.0,0.0,251.419189453125,88.71837615966797,0.0,0.0,208.4786376953125,110.71762084960938,298.9732666015625,158.3034210205078,275.49688720703125,156.36865234375,0.0,0.0,0.0,0.0,0.0,0.0,0.0,0.0
1202,0.0,0.0,0.0,0.0,0.0,0.0,0.0,0.0,0.0,0.0,0.0,0.0,260.544189453125,32.155120849609375,0.0,0.0,246.60678100585935,92.2054672241211,0.0,0.0,207.7787170410156,110.27183532714844,303.58367919921875,158.46743774414062,275.7433776855469,157.23965454101562,0.0,0.0,0.0,0.0,0.0,0.0,0.0,0.0
1203,0.0,0.0,0.0,0.0,0.0,0.0,0.0,0.0,0.0,0.0,0.0,0.0,261.7124938964844,37.220550537109375,0.0,0.0,249.19451904296875,92.27085876464844,0.0,0.0,208.0965881347656,114.00984191894533,296.61944580078125,161.4713134765625,274.3420715332031,160.45315551757812,0.0,0.0,0.0,0.0,0.0,0.0,0.0,0.0
1204,0.0,0.0,0.0,0.0,0.0,0.0,0.0,0.0,0.0,0.0,0.0,0.0,260.14532470703125,31.426498413085938,0.0,0.0,252.9261016845703,89.74191284179688,0.0,0.0,211.8567047119141,116.02304077148438,293.7151184082031,160.38241577148438,274.0230712890625,159.60574340820312,0.0,0.0,0.0,0.0,0.0,0.0,0.0,0.0
1205,0.0,0.0,0.0,0.0,0.0,0.0,0.0,0.0,0.0,0.0,0.0,0.0,260.8623046875,27.21581268310547,0.0,0.0,254.05734252929688,88.15800476074219,0.0,0.0,211.81141662597656,117.28092193603516,295.8852233886719,168.26177978515625,272.9756164550781,167.00210571289062,0.0,0.0,0.0,0.0,0.0,0.0,0.0,0.0
1206,0.0,0.0,0.0,0.0,0.0,0.0,0.0,0.0,0.0,0.0,0.0,0.0,0.0,0.0,0.0,0.0,0.0,0.0,0.0,0.0,0.0,0.0,0.0,0.0,0.0,0.0,0.0,0.0,0.0,0.0,0.0,0.0,0.0,0.0
1207,0.0,0.0,0.0,0.0,0.0,0.0,0.0,0.0,0.0,0.0,0.0,0.0,0.0,0.0,0.0,0.0,0.0,0.0,0.0,0.0,0.0,0.0,0.0,0.0,0.0,0.0,0.0,0.0,0.0,0.0,0.0,0.0,0.0,0.0
1208,0.0,0.0,0.0,0.0,0.0,0.0,0.0,0.0,0.0,0.0,0.0,0.0,262.1628723144531,32.800537109375,302.73248291015625,100.21389770507812,259.6128234863281,87.67604064941406,271.726806640625,135.7127227783203,214.4022674560547,118.04167938232422,296.5935974121094,169.781005859375,276.4190979003906,166.26991271972656,0.0,0.0,0.0,0.0,0.0,0.0,0.0,0.0
1209,0.0,0.0,0.0,0.0,0.0,0.0,0.0,0.0,0.0,0.0,0.0,0.0,0.0,0.0,0.0,0.0,0.0,0.0,0.0,0.0,0.0,0.0,0.0,0.0,0.0,0.0,0.0,0.0,0.0,0.0,0.0,0.0,0.0,0.0
1210,0.0,0.0,0.0,0.0,0.0,0.0,0.0,0.0,0.0,0.0,283.5550537109375,34.61799621582031,268.10479736328125,33.766883850097656,285.7633056640625,104.27397918701172,261.42645263671875,92.2295379638672,240.8511657714844,122.37796783447266,219.09259033203125,116.45660400390624,296.7020568847656,156.16648864746094,285.9093933105469,153.33631896972656,0.0,0.0,0.0,0.0,0.0,0.0,0.0,0.0
1211,0.0,0.0,0.0,0.0,0.0,0.0,0.0,0.0,0.0,0.0,0.0,0.0,0.0,0.0,0.0,0.0,271.4764709472656,99.42439270019533,0.0,0.0,224.8235015869141,114.16749572753906,300.5357360839844,167.96282958984375,294.1006774902344,166.86093139648438,0.0,0.0,0.0,0.0,0.0,0.0,0.0,0.0
1212,0.0,0.0,0.0,0.0,0.0,0.0,0.0,0.0,0.0,0.0,0.0,0.0,0.0,0.0,0.0,0.0,0.0,0.0,0.0,0.0,0.0,0.0,0.0,0.0,0.0,0.0,0.0,0.0,0.0,0.0,0.0,0.0,0.0,0.0
1213,232.9237823486328,23.149185180664062,233.2691192626953,14.591506958007812,0.0,0.0,254.27902221679688,0.0,0.0,0.0,280.53436279296875,27.894821166992188,273.17742919921875,30.84972381591797,0.0,0.0,0.0,0.0,243.4374847412109,103.63591766357422,250.18841552734372,103.3680648803711,288.7828063964844,150.2635498046875,282.5669860839844,147.91732788085938,0.0,0.0,0.0,0.0,0.0,0.0,0.0,0.0
1214,266.82525634765625,70.96908569335938,0.0,0.0,263.4608154296875,68.04814147949219,0.0,0.0,0.0,0.0,286.91461181640625,83.54313659667969,255.48043823242188,85.20792388916016,276.1177673339844,102.25025939941406,241.51339721679688,103.84410858154295,243.5050811767578,104.59732055664062,230.66946411132807,109.781005859375,290.3701477050781,159.672607421875,266.7440795898437,159.39466857910156,0.0,0.0,264.32843017578125,213.33578491210935,0.0,0.0,0.0,0.0
1215,0.0,0.0,0.0,0.0,0.0,0.0,0.0,0.0,0.0,0.0,0.0,0.0,272.2019958496094,10.824859619140623,0.0,0.0,269.8264465332031,72.00511932373047,0.0,0.0,240.268798828125,102.12678527832033,290.5787353515625,150.96038818359375,280.4476623535156,149.3579559326172,0.0,0.0,0.0,0.0,0.0,0.0,0.0,0.0
1216,0.0,0.0,0.0,0.0,0.0,0.0,0.0,0.0,0.0,0.0,275.6005249023437,18.56731414794922,0.0,0.0,253.0533142089844,80.4698715209961,0.0,0.0,243.77194213867188,95.41880798339844,0.0,0.0,283.109619140625,152.3494873046875,276.968017578125,150.96728515625,0.0,0.0,0.0,0.0,0.0,0.0,0.0,0.0
1217,0.0,0.0,0.0,0.0,0.0,0.0,0.0,0.0,0.0,0.0,0.0,0.0,0.0,0.0,261.8002319335937,77.66574096679688,0.0,0.0,0.0,0.0,0.0,0.0,286.3290405273437,152.9393768310547,286.0258483886719,151.01092529296875,0.0,0.0,0.0,0.0,0.0,0.0,0.0,0.0
1218,0.0,0.0,0.0,0.0,0.0,0.0,0.0,0.0,0.0,0.0,271.1984558105469,12.436233520507812,0.0,0.0,248.609619140625,84.97893524169922,0.0,0.0,219.2450714111328,113.4400405883789,0.0,0.0,285.18505859375,155.799072265625,288.25439453125,155.36080932617188,0.0,0.0,0.0,0.0,0.0,0.0,0.0,0.0
1219,0.0,0.0,0.0,0.0,0.0,0.0,0.0,0.0,0.0,0.0,0.0,0.0,0.0,0.0,0.0,0.0,254.97987365722656,79.43473815917969,0.0,0.0,223.5180206298828,113.1931610107422,287.8233947753906,160.0959014892578,284.1183776855469,159.80184936523438,0.0,0.0,0.0,0.0,0.0,0.0,0.0,0.0
1220,0.0,0.0,0.0,0.0,0.0,0.0,0.0,0.0,0.0,0.0,0.0,0.0,0.0,0.0,0.0,0.0,254.0765686035156,79.63285827636719,0.0,0.0,222.09613037109372,116.85633850097656,295.82342529296875,156.99893188476562,281.1272888183594,156.46510314941406,0.0,0.0,0.0,0.0,0.0,0.0,0.0,0.0
1221,0.0,0.0,0.0,0.0,0.0,0.0,0.0,0.0,0.0,0.0,0.0,0.0,262.7703857421875,25.29072570800781,0.0,0.0,256.5802917480469,82.0663070678711,0.0,0.0,223.22134399414065,116.38317108154295,292.76727294921875,158.9445343017578,279.8134765625,157.8231964111328,0.0,0.0,0.0,0.0,0.0,0.0,0.0,0.0
1222,0.0,0.0,0.0,0.0,0.0,0.0,0.0,0.0,0.0,0.0,0.0,0.0,266.51092529296875,26.486610412597656,0.0,0.0,259.6931457519531,86.46549987792969,0.0,0.0,223.7444000244141,115.84318542480467,291.5928955078125,166.0909423828125,275.818603515625,165.1629180908203,0.0,0.0,0.0,0.0,0.0,0.0,0.0,0.0
1223,0.0,0.0,0.0,0.0,0.0,0.0,0.0,0.0,0.0,0.0,0.0,0.0,0.0,0.0,0.0,0.0,0.0,0.0,0.0,0.0,0.0,0.0,0.0,0.0,0.0,0.0,0.0,0.0,0.0,0.0,0.0,0.0,0.0,0.0
1224,235.77023315429688,26.513145446777344,236.5533447265625,18.614524841308597,0.0,0.0,254.35015869140625,5.232612609863281,0.0,0.0,274.1577453613281,27.84141540527344,271.0926208496094,29.40723419189453,263.6376342773437,86.39693450927734,0.0,0.0,239.06704711914065,90.51732635498048,0.0,0.0,284.8251342773437,168.2498321533203,281.27960205078125,166.69921875,0.0,0.0,0.0,0.0,0.0,0.0,0.0,0.0
1225,231.25408935546875,30.52623748779297,235.47686767578125,19.958946228027344,0.0,0.0,0.0,0.0,0.0,0.0,0.0,0.0,0.0,0.0,0.0,0.0,0.0,0.0,242.8222503662109,95.46942901611328,246.1762542724609,92.96971130371094,293.8758544921875,170.86431884765625,271.5262145996094,169.0718536376953,0.0,0.0,0.0,0.0,0.0,0.0,0.0,0.0
1226,0.0,0.0,0.0,0.0,0.0,0.0,0.0,0.0,0.0,0.0,0.0,0.0,0.0,0.0,0.0,0.0,0.0,0.0,224.1988983154297,101.88832092285156,226.64894104003903,101.31565856933594,295.1156616210937,164.1246337890625,279.9326171875,162.64625549316406,0.0,0.0,0.0,0.0,0.0,0.0,0.0,0.0
1227,0.0,0.0,0.0,0.0,0.0,0.0,0.0,0.0,0.0,0.0,0.0,0.0,0.0,0.0,291.50030517578125,65.4445571899414,0.0,0.0,217.41075134277344,101.99160766601562,0.0,0.0,300.04608154296875,161.02615356445312,0.0,0.0,0.0,0.0,0.0,0.0,0.0,0.0,0.0,0.0
1228,222.9388427734375,27.425071716308597,224.03787231445312,18.99981689453125,0.0,0.0,238.9597320556641,3.704307556152344,0.0,0.0,270.6825866699219,18.812957763671875,0.0,0.0,288.7304382324219,72.72383117675781,0.0,0.0,212.8104705810547,105.25370025634766,239.39352416992188,111.47198486328124,296.7469482421875,173.94387817382812,0.0,0.0,0.0,0.0,0.0,0.0,0.0,0.0,0.0,0.0
1229,0.0,0.0,0.0,0.0,0.0,0.0,0.0,0.0,0.0,0.0,0.0,0.0,0.0,0.0,275.022705078125,65.23865509033203,0.0,0.0,209.80718994140625,104.47380828857422,240.46875,110.27464294433594,293.1471862792969,164.58407592773438,280.2232666015625,160.0110626220703,0.0,0.0,0.0,0.0,0.0,0.0,0.0,0.0
1230,0.0,0.0,0.0,0.0,0.0,0.0,0.0,0.0,0.0,0.0,0.0,0.0,0.0,0.0,267.3739013671875,64.21463012695312,0.0,0.0,202.4379119873047,109.98702239990234,229.2653350830078,112.57874298095705,291.7040405273437,163.5897979736328,290.1270751953125,160.28834533691406,0.0,0.0,0.0,0.0,0.0,0.0,0.0,0.0
1231,0.0,0.0,0.0,0.0,0.0,0.0,0.0,0.0,0.0,0.0,0.0,0.0,0.0,0.0,257.2952880859375,67.48441314697266,0.0,0.0,210.5712738037109,111.07289123535156,232.3837127685547,109.83462524414062,287.3343200683594,162.34527587890625,287.447509765625,159.5473175048828,0.0,0.0,0.0,0.0,0.0,0.0,0.0,0.0
1232,0.0,0.0,0.0,0.0,0.0,0.0,0.0,0.0,0.0,0.0,0.0,0.0,0.0,0.0,242.47296142578125,80.07136535644531,256.7982788085937,76.56591796875,194.8136444091797,117.90247344970705,218.1585693359375,114.03966522216795,291.6967163085937,170.23922729492188,280.6675720214844,168.79074096679688,0.0,0.0,0.0,0.0,0.0,0.0,0.0,0.0
1233,0.0,0.0,0.0,0.0,0.0,0.0,0.0,0.0,0.0,0.0,244.05853271484372,14.31549835205078,0.0,0.0,242.72787475585935,72.90711975097656,257.7110900878906,75.62276458740234,201.952392578125,115.12873840332033,219.6724853515625,111.15996551513672,283.6940612792969,155.24456787109375,283.9241943359375,153.62327575683594,0.0,0.0,0.0,0.0,0.0,0.0,0.0,0.0
1234,0.0,0.0,0.0,0.0,0.0,0.0,0.0,0.0,0.0,0.0,0.0,0.0,266.2452392578125,49.96358489990234,0.0,0.0,240.96566772460935,80.13255310058594,217.1510772705078,113.0015640258789,194.90234375,111.68171691894533,296.85400390625,172.8577880859375,288.84039306640625,170.440673828125,0.0,0.0,0.0,0.0,0.0,0.0,0.0,0.0
1235,0.0,0.0,0.0,0.0,0.0,0.0,0.0,0.0,0.0,0.0,0.0,0.0,0.0,0.0,239.48573303222656,70.28961181640625,0.0,0.0,197.56407165527344,114.2595672607422,0.0,0.0,286.0838623046875,174.22186279296875,298.26580810546875,172.95335388183594,0.0,0.0,0.0,0.0,0.0,0.0,0.0,0.0
1236,0.0,0.0,0.0,0.0,0.0,0.0,0.0,0.0,0.0,0.0,0.0,0.0,0.0,0.0,234.94778442382807,68.33097076416016,0.0,0.0,187.517333984375,118.1602554321289,0.0,0.0,285.9543151855469,175.06747436523438,298.32843017578125,174.6715087890625,0.0,0.0,0.0,0.0,0.0,0.0,0.0,0.0
1237,0.0,0.0,0.0,0.0,0.0,0.0,0.0,0.0,0.0,0.0,0.0,0.0,0.0,0.0,237.5645446777344,73.1120376586914,0.0,0.0,187.4833526611328,126.56881713867188,0.0,0.0,289.4867858886719,168.63754272460938,0.0,0.0,0.0,0.0,0.0,0.0,0.0,0.0,0.0,0.0
1238,0.0,0.0,0.0,0.0,0.0,0.0,0.0,0.0,0.0,0.0,0.0,0.0,0.0,0.0,237.03610229492188,79.96427917480469,0.0,0.0,185.24468994140625,124.7717742919922,0.0,0.0,285.7174072265625,185.0736846923828,0.0,0.0,0.0,0.0,0.0,0.0,0.0,0.0,0.0,0.0
1239,0.0,0.0,0.0,0.0,0.0,0.0,0.0,0.0,0.0,0.0,0.0,0.0,0.0,0.0,237.12054443359372,77.4600601196289,0.0,0.0,187.06935119628903,123.1518096923828,0.0,0.0,285.8349304199219,176.02337646484375,305.71160888671875,174.6800994873047,0.0,0.0,0.0,0.0,0.0,0.0,0.0,0.0
1240,0.0,0.0,0.0,0.0,0.0,0.0,0.0,0.0,0.0,0.0,0.0,0.0,0.0,0.0,235.52224731445312,86.729736328125,0.0,0.0,186.63229370117188,128.376708984375,0.0,0.0,286.6573486328125,181.2572326660156,0.0,0.0,0.0,0.0,0.0,0.0,0.0,0.0,0.0,0.0
1241,0.0,0.0,0.0,0.0,0.0,0.0,0.0,0.0,0.0,0.0,0.0,0.0,0.0,0.0,236.1128387451172,80.86225128173828,0.0,0.0,184.91702270507807,128.9075927734375,0.0,0.0,286.75982666015625,179.50758361816406,0.0,0.0,0.0,0.0,0.0,0.0,0.0,0.0,0.0,0.0
1242,0.0,0.0,0.0,0.0,0.0,0.0,0.0,0.0,0.0,0.0,0.0,0.0,0.0,0.0,238.9547271728516,81.07241821289062,0.0,0.0,187.84506225585935,129.447265625,0.0,0.0,285.76971435546875,162.38441467285156,0.0,0.0,0.0,0.0,0.0,0.0,0.0,0.0,0.0,0.0
1243,0.0,0.0,0.0,0.0,0.0,0.0,0.0,0.0,0.0,0.0,0.0,0.0,0.0,0.0,237.44741821289065,81.14695739746094,0.0,0.0,191.00320434570312,130.37530517578125,0.0,0.0,286.23388671875,165.78787231445312,0.0,0.0,0.0,0.0,0.0,0.0,0.0,0.0,0.0,0.0
1244,0.0,0.0,0.0,0.0,0.0,0.0,0.0,0.0,0.0,0.0,0.0,0.0,0.0,0.0,238.01988220214844,82.73237609863281,0.0,0.0,186.91226196289065,133.30612182617188,0.0,0.0,287.1810607910156,165.42283630371094,0.0,0.0,0.0,0.0,0.0,0.0,0.0,0.0,0.0,0.0
1245,0.0,0.0,0.0,0.0,0.0,0.0,0.0,0.0,0.0,0.0,257.337646484375,6.812629699707031,0.0,0.0,238.02301025390625,85.10276794433594,0.0,0.0,189.27606201171875,132.0158233642578,0.0,0.0,286.83868408203125,178.5108184814453,0.0,0.0,0.0,0.0,0.0,0.0,0.0,0.0,0.0,0.0
1246,0.0,0.0,0.0,0.0,0.0,0.0,0.0,0.0,0.0,0.0,253.0263519287109,3.3189620971679688,0.0,0.0,236.54022216796875,82.26280212402344,0.0,0.0,188.575927734375,131.40162658691406,0.0,0.0,283.0632019042969,181.64776611328125,0.0,0.0,0.0,0.0,0.0,0.0,0.0,0.0,0.0,0.0
1247,0.0,0.0,0.0,0.0,0.0,0.0,0.0,0.0,0.0,0.0,251.82369995117188,1.7592697143554688,0.0,0.0,237.70851135253903,77.43183135986328,0.0,0.0,190.351318359375,128.2817840576172,0.0,0.0,283.7455749511719,170.89483642578125,291.2913818359375,169.49403381347656,0.0,0.0,0.0,0.0,0.0,0.0,0.0,0.0
1248,0.0,0.0,0.0,0.0,0.0,0.0,0.0,0.0,0.0,0.0,263.89874267578125,0.0,0.0,0.0,238.5394592285156,79.75701904296875,0.0,0.0,188.5225830078125,119.91205596923828,0.0,0.0,286.9915466308594,180.311767578125,298.37664794921875,175.66018676757812,0.0,0.0,0.0,0.0,0.0,0.0,0.0,0.0
1249,0.0,0.0,0.0,0.0,0.0,0.0,0.0,0.0,0.0,0.0,0.0,0.0,0.0,0.0,238.4355010986328,76.51010131835938,239.328125,78.35529327392578,195.58090209960935,118.66697692871094,196.17474365234372,114.46891021728516,286.815185546875,174.20436096191406,283.25244140625,174.582275390625,0.0,0.0,0.0,0.0,0.0,0.0,0.0,0.0
1250,0.0,0.0,0.0,0.0,0.0,0.0,0.0,0.0,0.0,0.0,0.0,0.0,0.0,0.0,0.0,0.0,244.0191192626953,69.66825103759766,0.0,0.0,199.26353454589844,106.41262817382812,291.69219970703125,173.2744140625,286.0914611816406,172.52615356445312,0.0,0.0,0.0,0.0,0.0,0.0,0.0,0.0
1251,0.0,0.0,0.0,0.0,0.0,0.0,0.0,0.0,0.0,0.0,0.0,0.0,0.0,0.0,250.89002990722656,73.53083801269531,0.0,0.0,204.35877990722656,103.40545654296876,206.0330810546875,102.70394134521484,287.2262878417969,156.2559814453125,284.131591796875,154.81997680664062,0.0,0.0,0.0,0.0,0.0,0.0,0.0,0.0
1252,0.0,0.0,0.0,0.0,0.0,0.0,0.0,0.0,0.0,0.0,0.0,0.0,0.0,0.0,256.7292785644531,68.38690948486328,259.9822082519531,64.60552215576172,209.09005737304688,95.88607025146484,212.36485290527344,96.90022277832033,284.5258178710937,153.4958038330078,279.9332580566406,150.92042541503906,0.0,0.0,0.0,0.0,0.0,0.0,0.0,0.0
1253,0.0,0.0,0.0,0.0,0.0,0.0,0.0,0.0,0.0,0.0,0.0,0.0,0.0,0.0,0.0,0.0,244.7843017578125,65.0368881225586,0.0,0.0,209.16310119628903,95.46643829345705,290.7899475097656,168.20037841796875,280.4407653808594,167.9740447998047,0.0,0.0,0.0,0.0,0.0,0.0,0.0,0.0
1254,0.0,0.0,0.0,0.0,0.0,0.0,0.0,0.0,0.0,0.0,0.0,0.0,0.0,0.0,249.58810424804688,59.113037109375,0.0,0.0,0.0,0.0,0.0,0.0,290.1849670410156,165.93658447265625,289.0495300292969,165.29368591308594,0.0,0.0,0.0,0.0,0.0,0.0,0.0,0.0
1255,0.0,0.0,0.0,0.0,0.0,0.0,0.0,0.0,0.0,0.0,0.0,0.0,0.0,0.0,252.97547912597656,73.783935546875,0.0,0.0,0.0,0.0,0.0,0.0,282.0583801269531,171.879638671875,288.19635009765625,169.63748168945312,0.0,0.0,0.0,0.0,0.0,0.0,0.0,0.0
1256,0.0,0.0,0.0,0.0,0.0,0.0,0.0,0.0,0.0,0.0,0.0,0.0,0.0,0.0,251.12045288085935,61.43592834472656,0.0,0.0,0.0,0.0,0.0,0.0,276.8782653808594,162.98712158203125,280.6534118652344,161.56695556640625,0.0,0.0,0.0,0.0,0.0,0.0,0.0,0.0
1257,0.0,0.0,0.0,0.0,0.0,0.0,0.0,0.0,0.0,0.0,261.2587890625,0.0,0.0,0.0,266.1803894042969,71.45286560058594,0.0,0.0,228.2356109619141,88.25407409667969,0.0,0.0,276.3231506347656,160.75750732421875,288.4664001464844,157.19802856445312,0.0,0.0,0.0,0.0,0.0,0.0,0.0,0.0
1258,0.0,0.0,0.0,0.0,0.0,0.0,0.0,0.0,0.0,0.0,261.0997619628906,0.0,0.0,0.0,265.2660827636719,73.5903091430664,0.0,0.0,228.18450927734372,87.96839904785156,0.0,0.0,275.2534484863281,163.02650451660156,288.951416015625,159.1513214111328,0.0,0.0,0.0,0.0,0.0,0.0,0.0,0.0
1259,0.0,0.0,0.0,0.0,0.0,0.0,0.0,0.0,0.0,0.0,0.0,0.0,0.0,0.0,265.5564880371094,75.05023193359375,0.0,0.0,223.0167999267578,85.10090637207031,0.0,0.0,276.7462463378906,165.4876708984375,289.20538330078125,161.8482666015625,0.0,0.0,0.0,0.0,0.0,0.0,0.0,0.0
1260,0.0,0.0,0.0,0.0,0.0,0.0,0.0,0.0,0.0,0.0,0.0,0.0,0.0,0.0,272.9698486328125,71.2846450805664,0.0,0.0,233.46124267578125,82.8761215209961,0.0,0.0,279.05377197265625,167.84854125976562,288.8348999023437,163.580078125,0.0,0.0,0.0,0.0,0.0,0.0,0.0,0.0
1261,0.0,0.0,0.0,0.0,0.0,0.0,0.0,0.0,0.0,0.0,0.0,0.0,0.0,0.0,276.65478515625,72.37169647216797,0.0,0.0,233.21095275878903,84.49163818359375,0.0,0.0,278.9017944335937,167.85569763183594,285.22509765625,162.3937530517578,0.0,0.0,0.0,0.0,0.0,0.0,0.0,0.0
1262,0.0,0.0,0.0,0.0,0.0,0.0,0.0,0.0,0.0,0.0,0.0,0.0,0.0,0.0,282.0981140136719,69.25624084472656,0.0,0.0,230.16207885742188,87.36235046386719,0.0,0.0,274.4459533691406,171.96270751953125,276.3617553710937,168.3484649658203,0.0,0.0,0.0,0.0,0.0,0.0,0.0,0.0
1263,0.0,0.0,0.0,0.0,0.0,0.0,0.0,0.0,0.0,0.0,0.0,0.0,0.0,0.0,284.1229248046875,70.57044219970703,0.0,0.0,237.09649658203125,85.25311279296875,0.0,0.0,281.8974914550781,167.27099609375,284.34625244140625,162.42193603515625,0.0,0.0,0.0,0.0,0.0,0.0,0.0,0.0
1264,0.0,0.0,0.0,0.0,0.0,0.0,0.0,0.0,0.0,0.0,0.0,0.0,0.0,0.0,286.7789001464844,70.10037231445312,0.0,0.0,236.61962890625,87.00991821289062,0.0,0.0,275.266357421875,172.110107421875,273.21112060546875,167.56741333007812,0.0,0.0,0.0,0.0,0.0,0.0,0.0,0.0
1265,0.0,0.0,0.0,0.0,0.0,0.0,0.0,0.0,0.0,0.0,0.0,0.0,0.0,0.0,288.8345947265625,71.18238830566406,0.0,0.0,241.48297119140625,84.37667846679688,0.0,0.0,276.3226623535156,173.2459259033203,279.91558837890625,167.6106719970703,0.0,0.0,0.0,0.0,0.0,0.0,0.0,0.0
1266,0.0,0.0,0.0,0.0,0.0,0.0,0.0,0.0,0.0,0.0,0.0,0.0,0.0,0.0,289.9499816894531,71.3426513671875,0.0,0.0,240.7845458984375,83.19137573242188,0.0,0.0,278.8944702148437,172.99624633789062,278.434814453125,167.16685485839844,0.0,0.0,0.0,0.0,0.0,0.0,0.0,0.0
1267,0.0,0.0,0.0,0.0,0.0,0.0,0.0,0.0,0.0,0.0,0.0,0.0,0.0,0.0,289.3678894042969,67.21052551269531,0.0,0.0,238.6522674560547,84.92938232421875,0.0,0.0,275.1767883300781,174.25497436523438,278.4667053222656,168.82728576660156,0.0,0.0,0.0,0.0,0.0,0.0,0.0,0.0
1268,0.0,0.0,0.0,0.0,0.0,0.0,0.0,0.0,0.0,0.0,0.0,0.0,0.0,0.0,286.7471008300781,77.0584716796875,0.0,0.0,237.1067047119141,79.82272338867188,0.0,0.0,279.5770874023437,163.22450256347656,280.1092529296875,157.00233459472656,0.0,0.0,0.0,0.0,0.0,0.0,0.0,0.0
1269,0.0,0.0,0.0,0.0,0.0,0.0,0.0,0.0,0.0,0.0,0.0,0.0,0.0,0.0,285.0504455566406,76.22803497314453,0.0,0.0,235.0169219970703,81.4723129272461,0.0,0.0,275.5087890625,173.56524658203125,273.6870422363281,167.02545166015625,0.0,0.0,0.0,0.0,0.0,0.0,0.0,0.0
1270,0.0,0.0,0.0,0.0,0.0,0.0,0.0,0.0,0.0,0.0,0.0,0.0,0.0,0.0,287.8192138671875,79.05322265625,0.0,0.0,235.19293212890625,78.50062561035156,0.0,0.0,282.40606689453125,166.02735900878906,279.34600830078125,160.01780700683594,0.0,0.0,0.0,0.0,0.0,0.0,0.0,0.0
1271,0.0,0.0,0.0,0.0,0.0,0.0,0.0,0.0,0.0,0.0,0.0,0.0,0.0,0.0,286.8437194824219,78.75666809082031,0.0,0.0,235.6969146728516,79.85104370117188,0.0,0.0,282.88946533203125,174.395751953125,274.9540100097656,168.82814025878906,0.0,0.0,0.0,0.0,0.0,0.0,0.0,0.0
