frame,joint1_x,joint1_y,joint2_x,joint2_y,joint3_x,joint3_y,joint4_x,joint4_y,joint5_x,joint5_y,joint6_x,joint6_y,joint7_x,joint7_y,joint8_x,joint8_y,joint9_x,joint9_y,joint10_x,joint10_y,joint11_x,joint11_y,joint12_x,joint12_y,joint13_x,joint13_y,joint14_x,joint14_y,joint15_x,joint15_y,joint16_x,joint16_y,joint17_x,joint17_y
0,177.3506622314453,50.674224853515625,178.58770751953125,45.78466796875,0.0,0.0,190.6806182861328,41.02691650390625,0.0,0.0,209.82147216796875,63.298789978027344,189.50494384765625,68.43222045898438,217.33837890625,96.9853973388672,185.2037506103516,102.90928649902344,206.57835388183597,125.1689453125,181.64886474609372,126.18879699707033,204.72265625,131.49642944335938,191.28526306152344,131.96270751953125,209.78167724609372,175.39869689941406,191.2729339599609,173.53488159179688,212.9117584228516,220.67453002929688,195.13644409179688,212.4132843017578
1,177.2811279296875,50.678443908691406,178.5242919921875,45.79515838623047,0.0,0.0,190.65887451171875,41.094512939453125,0.0,0.0,209.8834686279297,63.33470916748047,189.451416015625,68.5948257446289,217.37237548828125,96.87220764160156,185.10336303710935,103.0820770263672,206.6494903564453,125.22454071044922,181.6700134277344,126.24017333984376,204.96792602539065,131.62228393554688,191.4422607421875,132.14208984375,209.93032836914065,175.4002685546875,191.3144989013672,173.58883666992188,213.09262084960935,220.36605834960935,195.33323669433597,212.04684448242188
2,175.1436767578125,50.773048400878906,176.5040283203125,46.29534149169922,0.0,0.0,186.86813354492188,42.79630279541016,0.0,0.0,205.03550720214844,64.35111999511719,183.9462127685547,69.218017578125,215.1181640625,95.32185363769533,0.0,0.0,209.1800079345703,124.53305053710938,179.73289489746094,126.04080963134766,202.27772521972656,130.52708435058594,188.0560760498047,131.23187255859375,208.03065490722656,175.44512939453125,187.16102600097656,173.68646240234375,214.257080078125,220.72116088867188,192.73956298828125,212.81982421875
3,172.7266845703125,52.38648986816406,174.0714569091797,47.73826599121094,0.0,0.0,184.8832244873047,43.29819488525391,0.0,0.0,204.5765380859375,64.07331848144531,181.61094665527344,68.85137939453125,216.46365356445312,95.23975372314452,0.0,0.0,209.02915954589844,123.9124755859375,178.72396850585938,126.3759536743164,202.44302368164065,129.74571228027344,187.08392333984372,130.25375366210938,206.8878173828125,175.03622436523438,186.75271606445312,172.95249938964844,213.75213623046875,218.78726196289065,194.56005859375,210.8666839599609
4,171.5132598876953,53.26134490966797,172.98793029785156,48.50542449951172,0.0,0.0,184.3221435546875,43.57505798339844,0.0,0.0,203.46353149414065,64.11407470703125,180.99278259277344,69.20072937011719,216.6226501464844,95.9656219482422,0.0,0.0,208.26531982421875,124.17430114746094,176.64495849609375,126.8006591796875,203.23716735839844,129.75013732910156,188.72415161132807,130.68878173828125,206.51010131835935,173.32069396972656,188.9727478027344,173.00051879882812,210.3931579589844,215.6290740966797,195.66775512695312,210.70480346679688
5,170.7196044921875,54.07829284667969,172.09288024902344,49.30723571777344,0.0,0.0,183.178466796875,43.960487365722656,0.0,0.0,202.961669921875,63.69634246826172,179.38412475585938,69.22268676757812,216.67739868164065,94.60186767578124,0.0,0.0,208.1963806152344,123.79606628417967,176.4864044189453,126.7404556274414,202.4781036376953,129.5772247314453,187.19305419921875,130.54226684570312,205.75357055664065,172.77906799316406,187.0543212890625,172.1703643798828,206.93218994140625,215.08258056640625,192.50238037109372,209.2109222412109
6,170.6649932861328,54.15611267089844,172.0274200439453,49.35499572753906,0.0,0.0,183.2082977294922,43.91259765625,0.0,0.0,203.07281494140625,63.640907287597656,179.51673889160156,69.22547149658203,216.77847290039065,94.74197387695312,0.0,0.0,208.13796997070312,123.83541870117188,176.384521484375,126.90717315673828,202.51235961914065,129.7097625732422,187.23106384277344,130.69009399414062,205.7674560546875,172.87782287597656,186.9526824951172,172.32760620117188,207.07443237304688,215.56613159179688,192.2731475830078,209.75631713867188
7,170.79226684570312,53.156524658203125,172.1150665283203,48.366302490234375,0.0,0.0,183.418212890625,43.23770904541016,0.0,0.0,203.81185913085935,63.44599914550781,179.85630798339844,69.90382385253906,215.18983459472656,92.93416595458984,0.0,0.0,207.2974548339844,123.79541015625,177.43804931640625,125.76224517822266,201.84048461914065,129.51434326171875,186.62432861328125,130.7303466796875,205.22824096679688,173.48928833007812,187.6742401123047,172.0882568359375,204.8219146728516,216.87451171875,193.6212921142578,208.05545043945312
8,170.48728942871094,53.82818603515625,171.98263549804688,49.01115417480469,0.0,0.0,183.0965576171875,43.72016906738281,0.0,0.0,202.80599975585935,63.81206512451172,179.0967559814453,69.0713119506836,216.21124267578125,95.00111389160156,0.0,0.0,207.7808074951172,123.77010345458984,176.23287963867188,125.22774505615234,201.6276092529297,130.37814331054688,186.76199340820312,131.13412475585938,202.96139526367188,174.83676147460938,188.0166015625,173.78944396972656,201.5676727294922,219.1632843017578,193.8826141357422,212.416748046875
9,170.4635772705078,53.79417419433594,172.0159912109375,49.01241302490234,0.0,0.0,183.2365264892578,43.81689453125,0.0,0.0,202.86544799804688,63.992652893066406,178.91693115234375,69.11068725585938,216.24581909179688,95.18107604980467,0.0,0.0,207.8112030029297,123.76286315917967,176.02993774414062,125.30511474609376,201.51280212402344,130.6863250732422,186.35682678222656,131.3809814453125,203.17466735839844,175.06890869140625,187.04421997070312,173.9762420654297,202.3180084228516,218.64300537109372,192.8908843994141,211.970458984375
10,170.29808044433594,53.11994171142578,171.81634521484375,48.38429260253906,0.0,0.0,183.21148681640625,43.45689392089844,0.0,0.0,202.8895263671875,63.92761993408203,179.6080322265625,68.82011413574219,216.41720581054688,95.66110229492188,0.0,0.0,207.3551025390625,124.22594451904295,0.0,0.0,201.2787628173828,130.42510986328125,186.6404571533203,130.9560089111328,202.4917755126953,174.76380920410156,187.5191345214844,173.5178680419922,202.1982879638672,218.7525329589844,193.30856323242188,212.17022705078125
11,170.84063720703125,52.35221099853516,172.3543243408203,47.39832305908203,0.0,0.0,184.2763671875,42.29652404785156,0.0,0.0,204.70199584960935,62.60787582397461,181.29835510253903,69.63166809082031,215.08370971679688,93.07438659667967,0.0,0.0,206.2748260498047,122.40230560302734,177.17066955566406,124.35398864746094,201.24392700195312,129.51678466796875,186.6670684814453,130.80123901367188,201.62384033203125,175.53013610839844,187.4185943603516,174.6295166015625,200.18765258789065,222.39337158203125,193.1474151611328,213.96514892578125
12,171.75750732421875,51.388858795166016,173.26797485351562,46.47026824951172,0.0,0.0,185.2564849853516,41.20086669921875,0.0,0.0,205.23683166503903,61.58300018310547,182.2282257080078,68.54361724853516,213.67138671875,92.54581451416016,0.0,0.0,202.52413940429688,122.39215087890624,0.0,0.0,200.3295745849609,129.2144012451172,186.0753173828125,130.38853454589844,200.91905212402344,176.2237548828125,187.9715881347656,174.95028686523438,200.25526428222656,223.52340698242188,194.82958984375,214.6730194091797
13,172.15467834472656,51.17596435546875,173.4931182861328,46.15168762207031,0.0,0.0,185.44078063964844,40.85153198242188,0.0,0.0,205.1653289794922,61.477516174316406,184.16793823242188,68.52091979980469,212.1936492919922,92.87294006347656,0.0,0.0,200.51043701171875,123.34164428710938,0.0,0.0,201.110107421875,128.73822021484375,188.2869415283203,129.90493774414062,200.20016479492188,175.70924377441406,190.1807556152344,174.3731689453125,199.18206787109372,223.9524078369141,196.37538146972656,214.7248992919922
14,172.3856201171875,50.85519409179688,173.6519317626953,45.88098907470703,0.0,0.0,185.34451293945312,40.771820068359375,0.0,0.0,205.0950164794922,61.47826385498047,184.113525390625,68.4105224609375,212.49154663085935,92.79085540771484,0.0,0.0,200.57244873046875,122.82282257080078,0.0,0.0,201.18788146972656,128.6858367919922,188.33963012695312,129.80209350585938,200.1371917724609,175.65908813476562,189.92529296875,174.27224731445312,199.26202392578125,223.8325958251953,195.996337890625,214.7333068847656
15,173.2828369140625,50.269798278808594,174.38204956054688,45.37013244628906,0.0,0.0,185.66558837890625,40.513763427734375,0.0,0.0,205.73175048828125,61.84291076660156,184.2416229248047,67.96821594238281,212.9857177734375,93.58683013916016,0.0,0.0,200.44647216796875,121.51953887939452,0.0,0.0,201.48155212402344,129.09945678710938,188.10372924804688,129.79879760742188,200.51791381835935,175.82687377929688,187.9237823486328,173.72621154785156,199.6002655029297,222.9957733154297,194.1227569580078,214.0318145751953
16,173.1751708984375,50.310096740722656,174.34280395507812,45.45140838623047,0.0,0.0,185.66452026367188,40.40348815917969,0.0,0.0,205.40061950683597,61.11637115478516,183.8509063720703,67.87496948242188,213.12124633789065,92.16537475585938,0.0,0.0,200.53163146972656,121.2190399169922,0.0,0.0,201.13070678710935,128.71673583984375,187.64588928222656,129.6929168701172,200.0364227294922,175.18301391601562,186.7784576416016,173.61770629882812,199.8511657714844,223.16165161132807,192.56968688964844,214.5445556640625
17,173.334716796875,49.49903869628906,175.0426788330078,44.56060028076172,0.0,0.0,186.8047790527344,40.0245361328125,0.0,0.0,204.6693115234375,62.196388244628906,184.38699340820312,66.07762145996094,212.76773071289065,96.7740478515625,0.0,0.0,196.78565979003903,125.14459228515624,0.0,0.0,201.4178466796875,129.95681762695312,188.20950317382807,129.75875854492188,201.4799346923828,175.80685424804688,187.87994384765625,173.809326171875,200.63331604003903,219.5139312744141,191.0777587890625,212.92051696777344
18,173.87542724609375,48.80201721191406,175.9175262451172,44.06737518310547,0.0,0.0,187.93345642089844,40.53863525390625,0.0,0.0,204.8290100097656,63.19233703613281,184.51324462890625,66.0617904663086,212.3861389160156,97.4219207763672,0.0,0.0,196.46177673339844,125.50553894042967,0.0,0.0,200.99452209472656,129.31402587890625,187.55950927734372,128.7655487060547,201.63397216796875,175.35552978515625,186.7997283935547,173.06065368652344,201.4935607910156,217.5895538330078,189.7105712890625,211.1096343994141
19,173.83103942871094,48.83690643310547,175.86407470703125,44.107757568359375,0.0,0.0,187.8480529785156,40.57525634765625,0.0,0.0,204.47938537597656,63.25157165527344,184.80319213867188,65.9201431274414,211.1163024902344,97.91092681884766,0.0,0.0,196.12576293945312,126.0174560546875,0.0,0.0,200.95162963867188,129.066162109375,187.98904418945312,128.499755859375,201.40213012695312,175.30015563964844,187.57308959960935,172.94017028808594,200.885986328125,218.4593811035156,190.4110870361328,211.81948852539065
20,173.7740936279297,48.45276641845703,176.1186981201172,43.667755126953125,0.0,0.0,188.5828857421875,40.29405212402344,0.0,0.0,205.15261840820312,63.41990661621094,184.02801513671875,65.86683654785156,212.06539916992188,98.18955993652344,0.0,0.0,196.1982879638672,126.16188049316406,0.0,0.0,200.67074584960935,129.74195861816406,186.6574249267578,129.04330444335938,201.5023193359375,175.94749450683594,186.0643768310547,173.46109008789062,201.4190216064453,218.03805541992188,189.0691375732422,211.5386199951172
21,174.2190704345703,47.81117248535156,177.00648498535156,42.97091674804688,0.0,0.0,189.93724060058597,39.77100372314453,0.0,0.0,205.4598846435547,62.8214111328125,183.8717498779297,65.5919418334961,211.2712554931641,97.10375213623048,0.0,0.0,196.9122467041016,126.22306823730467,0.0,0.0,200.32931518554688,129.1002197265625,186.00552368164065,128.64654541015625,201.239990234375,175.60885620117188,185.89552307128903,173.646484375,201.2975311279297,218.28976440429688,188.5822296142578,212.18060302734372
22,174.2478790283203,47.44892883300781,177.33718872070312,42.75452423095703,0.0,0.0,190.4009552001953,40.0067138671875,0.0,0.0,205.4002685546875,62.99801635742188,183.4238128662109,65.20257568359375,211.8715667724609,97.01634979248048,0.0,0.0,197.87503051757807,126.43416595458984,0.0,0.0,200.41221618652344,129.26644897460938,185.7724609375,128.62542724609375,200.98455810546875,175.87542724609375,185.11541748046875,173.85293579101562,201.60818481445312,217.8071746826172,188.0056915283203,212.01080322265625
23,173.72654724121094,45.931243896484375,176.7128448486328,41.51964569091797,0.0,0.0,190.0797576904297,39.28143310546875,0.0,0.0,205.70895385742188,61.8515625,184.9205474853516,64.07221984863281,210.45184326171875,95.42321014404295,0.0,0.0,198.3157958984375,125.6196746826172,0.0,0.0,201.3183441162109,129.02865600585938,187.1094970703125,128.53436279296875,200.541748046875,175.93081665039062,185.5222320556641,174.26388549804688,200.6674652099609,216.7989959716797,188.416015625,211.1026306152344
24,174.32623291015625,45.984954833984375,177.19537353515625,41.32263946533203,0.0,0.0,190.96090698242188,38.23442077636719,0.0,0.0,207.35162353515625,61.20333862304688,185.8538055419922,64.43433380126953,209.6401824951172,96.0897216796875,0.0,0.0,198.0121917724609,126.10681915283205,0.0,0.0,201.1096343994141,129.6280059814453,186.75010681152344,129.2280731201172,200.8295745849609,179.1897430419922,184.5748443603516,176.67874145507812,200.7894592285156,226.75579833984372,187.93362426757807,218.5545654296875
25,174.5280303955078,46.75633239746094,177.34454345703125,41.72245788574219,0.0,0.0,190.4452362060547,38.58269500732422,0.0,0.0,205.8596649169922,62.48616027832031,185.9289093017578,64.59707641601562,210.50637817382807,97.88753509521484,0.0,0.0,197.6156311035156,127.6087417602539,0.0,0.0,201.9648895263672,130.109130859375,188.5432891845703,129.34689331054688,202.7226409912109,178.61611938476562,187.96713256835935,175.85577392578125,202.3335723876953,221.06956481933597,190.28173828125,213.77081298828125
26,174.4940185546875,46.73747253417969,177.32156372070312,41.702903747558594,0.0,0.0,190.4506683349609,38.60633087158203,0.0,0.0,206.0446014404297,62.53178405761719,185.50515747070312,64.71662902832031,210.599609375,98.00335693359376,0.0,0.0,197.60122680664065,127.6026611328125,0.0,0.0,202.2451934814453,129.99481201171875,188.5081024169922,129.2872314453125,202.70285034179688,178.56423950195312,187.88885498046875,175.87042236328125,202.24253845214844,221.20767211914065,190.52735900878903,213.9215240478516
27,174.46365356445312,45.3551025390625,176.9349365234375,40.32664489746094,0.0,0.0,190.16436767578125,37.15948486328125,0.0,0.0,205.63705444335935,60.55170822143555,191.8716278076172,63.23567962646485,209.44900512695312,96.29548645019533,0.0,0.0,198.24530029296875,127.16385650634766,0.0,0.0,204.2782287597656,130.36972045898438,194.9422149658203,129.94737243652344,201.94630432128903,178.72293090820312,193.4222869873047,176.8955078125,202.0299530029297,221.84878540039065,195.2259979248047,215.54087829589844
28,174.33323669433594,46.36739349365234,176.71099853515625,41.46282958984375,0.0,0.0,189.9993133544922,37.76313781738281,0.0,0.0,204.47000122070312,60.07820129394531,192.79432678222656,62.45002746582031,208.96798706054688,95.0623550415039,0.0,0.0,198.9080047607422,127.4183349609375,0.0,0.0,205.5980987548828,128.6708984375,197.51663208007807,128.04833984375,204.06968688964844,176.67318725585938,196.2342834472656,173.96701049804688,207.28530883789065,219.287109375,197.69696044921875,211.4173126220703
29,174.2905731201172,46.69074249267578,176.5642547607422,41.86504364013672,0.0,0.0,190.03353881835935,38.27436828613281,0.0,0.0,204.5416259765625,60.70941925048828,193.38877868652344,62.63965606689453,209.566162109375,96.28326416015624,0.0,0.0,200.8865966796875,128.0902862548828,0.0,0.0,204.9335479736328,129.17001342773438,197.3646545410156,128.48379516601562,204.99319458007807,176.75466918945312,198.0998992919922,173.98793029785156,208.57302856445312,218.51983642578125,200.00765991210935,210.75669860839844
30,174.2958221435547,46.712989807128906,176.5240478515625,41.86296081542969,0.0,0.0,189.8239288330078,37.579498291015625,0.0,0.0,203.8145294189453,59.70027923583984,194.4222717285156,61.32740783691406,207.8312225341797,96.1649169921875,0.0,0.0,200.51834106445312,130.00912475585938,0.0,0.0,203.7356414794922,130.10986328125,196.99749755859372,129.2112579345703,205.333251953125,178.4757537841797,197.77040100097656,175.1236572265625,209.29725646972656,219.5541076660156,199.2898712158203,210.79293823242188
31,175.1988983154297,47.25531768798828,177.146728515625,42.19359588623047,0.0,0.0,190.25076293945312,37.11061096191406,0.0,0.0,203.85406494140625,59.40983581542969,197.1405487060547,60.65788269042969,207.0325927734375,97.31844329833984,0.0,0.0,200.05181884765625,132.0416259765625,0.0,0.0,204.2695159912109,132.11460876464844,199.1968994140625,130.9844512939453,206.15159606933597,181.369873046875,199.34458923339844,177.5673370361328,209.72900390625,221.58580017089844,199.1636962890625,212.0971221923828
32,176.29644775390625,47.36431121826172,178.01739501953125,42.221954345703125,0.0,0.0,190.88992309570312,36.65998840332031,0.0,0.0,204.08372497558597,58.81694030761719,199.60382080078125,60.03288269042969,205.889892578125,97.27842712402344,0.0,0.0,199.11233520507807,132.643798828125,0.0,0.0,204.32907104492188,132.5315704345703,200.76174926757807,131.2852783203125,205.6097869873047,182.09201049804688,200.4656524658203,177.98545837402344,209.16287231445312,221.68032836914065,200.18109130859372,211.56167602539065
33,176.29629516601562,47.37986755371094,178.01937866210938,42.235107421875,0.0,0.0,190.90951538085935,36.66497802734375,0.0,0.0,204.1455078125,58.84442138671875,199.4822235107422,60.038856506347656,205.89878845214844,97.35633850097656,0.0,0.0,199.1730499267578,132.63018798828125,0.0,0.0,204.25868225097656,132.45411682128906,200.54563903808597,131.18739318847656,205.70553588867188,181.87510681152344,200.24961853027344,177.674560546875,209.20860290527344,221.45062255859372,199.86627197265625,211.17620849609372
34,176.8468780517578,47.40898895263672,178.53369140625,42.17765045166016,0.0,0.0,191.30389404296875,36.26577758789063,0.0,0.0,204.72198486328125,58.0953369140625,199.63259887695312,60.02947235107422,206.2711334228516,96.16607666015624,0.0,0.0,198.51730346679688,131.5786895751953,0.0,0.0,204.12274169921875,131.7835235595703,200.22157287597656,130.7496337890625,204.6378631591797,180.8400421142578,199.5806579589844,177.15272521972656,208.43572998046875,220.54429626464844,200.5728454589844,210.68603515625
35,177.55596923828125,46.656394958496094,179.4454803466797,41.587249755859375,0.0,0.0,192.32568359375,36.40807342529297,0.0,0.0,205.12701416015625,59.024208068847656,199.0821685791016,60.17572784423828,206.2593688964844,97.54275512695312,0.0,0.0,198.1345367431641,131.64891052246094,0.0,0.0,203.8128967285156,132.1741180419922,199.3156890869141,130.91429138183594,204.6566467285156,180.52659606933597,199.10638427734372,176.71572875976562,207.45587158203125,220.44711303710935,198.9462127685547,211.0881805419922
36,177.56350708007812,46.651832580566406,179.43728637695312,41.596412658691406,0.0,0.0,192.3206024169922,36.40402221679688,0.0,0.0,205.03482055664065,58.99755096435547,199.2506256103516,60.166748046875,206.2221221923828,97.53855895996094,0.0,0.0,198.04006958007807,131.6818084716797,0.0,0.0,203.78192138671875,132.13754272460938,199.5611572265625,130.9098663330078,204.4390563964844,180.27371215820312,199.6971740722656,176.555908203125,207.3695526123047,219.75927734375,199.94639587402344,210.53179931640625
37,178.0123748779297,46.29242706298828,180.0288848876953,41.48813629150391,0.0,0.0,192.87982177734372,37.01542663574219,0.0,0.0,205.85592651367188,59.61241149902344,198.1300506591797,60.46455383300781,207.62380981445312,97.4510269165039,0.0,0.0,198.5369415283203,130.77076721191406,0.0,0.0,203.55552673339844,131.21763610839844,197.92648315429688,129.83438110351562,205.02003479003903,178.88296508789062,198.1280212402344,174.960205078125,208.61178588867188,218.6734313964844,199.18167114257807,209.56500244140625
38,178.76710510253906,46.18406677246094,180.9388732910156,41.565895080566406,0.0,0.0,193.5822296142578,38.483497619628906,0.0,0.0,206.9716339111328,61.26929473876953,196.5058441162109,62.604766845703125,210.66845703125,97.09524536132812,0.0,0.0,200.12083435058597,129.60372924804688,0.0,0.0,204.14166259765625,130.71771240234375,196.85508728027344,129.5413360595703,205.0456085205078,178.19544982910156,197.91685485839844,174.67564392089844,207.9110870361328,218.44058227539065,198.54815673828125,209.9022674560547
39,178.94798278808594,46.08477783203125,181.54196166992188,41.55419158935547,0.0,0.0,194.10470581054688,39.09979248046875,0.0,0.0,207.320556640625,62.40534973144531,193.97592163085935,63.690528869628906,211.39224243164065,97.72679138183594,0.0,0.0,199.76058959960935,130.17486572265625,0.0,0.0,202.8067169189453,131.44857788085938,193.45358276367188,130.2342529296875,204.73602294921875,177.6160125732422,194.8290863037109,174.12496948242188,208.26661682128903,217.8837890625,196.69667053222656,209.85455322265625
40,178.8329315185547,46.255638122558594,181.4550323486328,41.69760894775391,0.0,0.0,193.99301147460935,39.54802703857422,0.0,0.0,207.13638305664065,63.10855102539063,194.18345642089844,64.13337707519531,212.52593994140625,98.31623840332033,0.0,0.0,200.00494384765625,129.95135498046875,0.0,0.0,203.72874450683597,131.7430419921875,194.8280334472656,130.4470977783203,204.230224609375,178.51885986328125,196.246337890625,175.20391845703125,206.86900329589844,218.79681396484372,196.90362548828125,211.4797515869141
41,178.42503356933594,46.83860778808594,181.15977478027344,42.28450012207031,0.0,0.0,193.41156005859372,40.13986206054688,0.0,0.0,206.9869384765625,63.50865936279297,192.3137359619141,64.58708190917969,212.20443725585935,98.88895416259766,0.0,0.0,201.17552185058597,130.23037719726562,0.0,0.0,204.08273315429688,130.9864501953125,194.0157928466797,129.69415283203125,204.45851135253903,177.589111328125,195.00347900390625,173.77828979492188,207.0817413330078,219.16525268554688,195.97613525390625,210.9030914306641
42,177.71630859375,46.930908203125,180.63543701171875,42.33284759521485,0.0,0.0,193.4117126464844,40.01908874511719,0.0,0.0,207.09706115722656,62.32317733764648,193.21847534179688,64.44623565673828,212.55691528320312,96.7630615234375,0.0,0.0,202.30567932128903,128.0185089111328,0.0,0.0,205.20361328125,130.06039428710938,196.18089294433597,129.48379516601562,202.3771209716797,176.2545623779297,196.60275268554688,174.26687622070312,203.5904998779297,219.3690490722656,198.3112945556641,212.99459838867188
43,177.10284423828125,48.00146484375,179.59669494628906,43.655006408691406,0.0,0.0,192.0861968994141,40.88957214355469,0.0,0.0,207.48068237304688,63.66754150390625,189.35716247558597,65.806396484375,214.7939300537109,98.15220642089844,0.0,0.0,203.5874786376953,128.87051391601562,0.0,0.0,204.0340881347656,131.3816680908203,192.74745178222656,130.7677001953125,204.15277099609372,176.52288818359375,195.4605865478516,173.779541015625,204.4293212890625,219.944091796875,198.8031768798828,212.47772216796875
44,177.06312561035156,49.50722503662109,179.35862731933594,45.046974182128906,0.0,0.0,190.6287078857422,42.44659423828125,0.0,0.0,206.8516387939453,65.59748840332031,185.94772338867188,67.51261138916016,216.7230529785156,99.86907196044922,0.0,0.0,203.85455322265625,128.88150024414062,0.0,0.0,202.35536193847656,131.670654296875,189.04949951171875,130.82562255859375,203.7052459716797,176.3211669921875,191.538818359375,173.16793823242188,205.41943359375,218.57501220703125,196.9546813964844,211.3814697265625
45,176.80018615722656,49.802154541015625,179.22605895996094,45.4512939453125,0.0,0.0,190.5380706787109,42.82789611816406,0.0,0.0,206.646240234375,65.4024658203125,183.8798828125,67.811767578125,216.38560485839844,98.78382873535156,0.0,0.0,204.75466918945312,127.8453140258789,0.0,0.0,201.4530487060547,130.68980407714844,186.83444213867188,130.1685333251953,203.6228790283203,174.69371032714844,189.23666381835935,172.11669921875,205.03961181640625,216.87103271484372,194.56231689453125,210.3168182373047
46,176.70806884765625,49.86344909667969,179.17999267578125,45.46526336669922,0.0,0.0,190.6232452392578,42.79875183105469,0.0,0.0,206.7517242431641,65.28076171875,183.94667053222656,68.02622985839844,216.60638427734372,98.4248504638672,0.0,0.0,204.88580322265625,128.20639038085938,179.2106475830078,129.62100219726562,202.0451812744141,130.6463165283203,187.51988220214844,130.321044921875,203.9919891357422,174.17645263671875,190.47894287109372,171.94314575195312,204.9589385986328,215.65603637695312,196.12814331054688,209.41204833984372
47,176.07374572753906,49.41943359375,178.5312042236328,45.12268829345703,0.0,0.0,190.7003173828125,42.05069732666016,0.0,0.0,207.8558654785156,63.80948638916016,183.80267333984372,67.3052978515625,215.53302001953125,95.87859344482422,0.0,0.0,206.0419769287109,126.4915008544922,0.0,0.0,202.2354431152344,129.67625427246094,187.0523681640625,129.61825561523438,203.84263610839844,174.34921264648438,189.24688720703125,171.73614501953125,204.09786987304688,216.7512664794922,196.1313323974609,208.738037109375
48,176.10498046875,49.40245819091797,178.49172973632812,45.16645812988281,0.0,0.0,190.6607360839844,42.07209777832031,0.0,0.0,207.87701416015625,63.69819641113281,183.3706512451172,67.25432586669922,215.6148834228516,95.3727569580078,0.0,0.0,206.32347106933597,125.50504302978516,0.0,0.0,202.0745086669922,129.39169311523438,186.39407348632807,129.37322998046875,203.78224182128903,173.17059326171875,187.09014892578125,170.8138427734375,204.27642822265625,213.4710235595703,193.7480010986328,205.9969787597656
49,176.0752716064453,49.36219787597656,178.4930419921875,45.13946533203125,0.0,0.0,190.6230010986328,41.98583984375,0.0,0.0,207.49996948242188,63.21983337402344,183.58560180664065,67.08067321777344,215.2776641845703,94.69235229492188,0.0,0.0,206.3531494140625,125.40130615234376,0.0,0.0,202.0020446777344,129.00387573242188,186.87193298339844,129.18234252929688,203.4854888916016,173.1098175048828,188.75201416015625,171.10281372070312,203.636474609375,214.220703125,195.29991149902344,206.90643310546875
50,176.2857666015625,49.457763671875,178.7000732421875,45.19303131103516,0.0,0.0,190.75526428222656,41.891639709472656,0.0,0.0,207.3972625732422,62.824798583984375,183.62750244140625,66.85054016113281,215.6246337890625,93.98204803466795,0.0,0.0,206.5677795410156,124.59307098388672,0.0,0.0,202.0003662109375,128.0773468017578,187.13104248046875,128.414794921875,203.567626953125,172.20565795898438,190.07290649414065,170.5433807373047,203.8606414794922,213.6447296142578,196.65277099609372,206.66151428222656
51,176.52957153320312,49.46122741699219,179.0211639404297,45.200965881347656,0.0,0.0,191.19297790527344,41.88555908203125,0.0,0.0,207.53561401367188,62.732818603515625,183.4111328125,66.90426635742188,214.7909393310547,94.48741149902344,0.0,0.0,205.23013305664065,125.352783203125,0.0,0.0,201.71372985839844,127.47085571289062,186.71633911132807,127.98880004882812,203.3297119140625,171.352783203125,190.5528564453125,170.14700317382812,203.794677734375,212.44778442382807,197.711669921875,205.99996948242188
52,176.75436401367188,49.09564971923828,179.3872528076172,44.899864196777344,0.0,0.0,191.6553649902344,42.04798126220703,0.0,0.0,207.6402587890625,62.82804870605469,183.6573486328125,67.03129577636719,215.4483642578125,94.2162628173828,0.0,0.0,204.93734741210935,124.8295669555664,0.0,0.0,201.55810546875,127.16837310791016,186.65231323242188,127.6857681274414,203.3762664794922,171.2904510498047,191.18109130859372,170.10086059570312,204.63282775878903,212.9820251464844,197.75038146972656,206.74057006835935
53,177.0256805419922,49.134422302246094,179.6924591064453,44.92568206787109,0.0,0.0,191.93479919433597,42.080039978027344,0.0,0.0,207.64700317382807,62.97538757324219,183.75030517578125,67.2171630859375,215.05979919433597,94.38717651367188,0.0,0.0,204.10108947753903,125.4326629638672,0.0,0.0,201.6591644287109,127.073974609375,186.8136138916016,127.63275146484376,203.209228515625,171.0340118408203,191.0245056152344,170.01710510253906,204.50228881835935,212.58843994140625,197.5171356201172,206.5270538330078
54,177.0460968017578,48.73511505126953,179.79212951660156,44.61730194091797,0.0,0.0,192.1395721435547,42.200721740722656,0.0,0.0,207.85134887695312,63.21383666992188,183.66998291015625,67.03448486328125,214.9964141845703,94.8434600830078,0.0,0.0,203.82261657714844,125.62004852294922,0.0,0.0,201.8055877685547,126.83576965332033,186.60833740234372,127.19652557373048,203.4477081298828,171.1716766357422,190.15013122558597,169.91632080078125,204.60076904296875,212.42691040039065,196.12103271484372,206.33531188964844
55,177.0048828125,48.66345977783203,179.6529083251953,44.32453155517578,0.0,0.0,191.96438598632807,41.66963195800781,0.0,0.0,208.08338928222656,63.237083435058594,184.11209106445312,67.28448486328125,215.25228881835935,94.83116149902344,0.0,0.0,203.79428100585935,124.70598602294922,0.0,0.0,202.3741912841797,127.07347869873048,187.43038940429688,127.41818237304688,203.4169006347656,171.5847930908203,190.56442260742188,169.95831298828125,204.69467163085935,214.13389587402344,196.85389709472656,207.3047332763672
56,177.10635375976562,48.543739318847656,179.66693115234375,44.20487976074219,0.0,0.0,191.98817443847656,41.50537872314453,0.0,0.0,208.28636169433597,63.11650085449219,184.3410797119141,67.2181396484375,215.24838256835935,93.94226837158205,0.0,0.0,201.2526092529297,120.11126708984376,0.0,0.0,202.65093994140625,127.64227294921876,187.7091064453125,127.97522735595705,203.56121826171875,172.07093811035156,190.8177490234375,170.53305053710938,204.4039764404297,214.4751892089844,197.2001190185547,208.38731384277344
57,177.1316375732422,48.50904083251953,179.66616821289062,44.18358612060547,0.0,0.0,191.9729156494141,41.5142822265625,0.0,0.0,208.2436065673828,63.173805236816406,184.4337921142578,67.1172866821289,215.1455993652344,93.99528503417967,0.0,0.0,201.26844787597656,120.20562744140624,0.0,0.0,202.53201293945312,127.39529418945312,187.62234497070312,127.63455200195312,203.51461791992188,171.42996215820312,190.42697143554688,169.71649169921875,204.6083221435547,212.7729034423828,196.83746337890625,206.46795654296875
58,176.86129760742188,48.06654357910156,179.21144104003906,43.89930725097656,0.0,0.0,191.99093627929688,41.90364074707031,0.0,0.0,208.33560180664065,64.04106140136719,185.90643310546875,67.1610336303711,212.21551513671875,94.34519958496094,0.0,0.0,187.2749938964844,109.64260864257812,0.0,0.0,203.35382080078125,128.97811889648438,188.5048828125,128.70437622070312,203.21917724609372,173.98992919921875,188.22976684570312,172.5230712890625,205.78598022460935,214.68312072753903,192.65216064453125,210.31515502929688
59,176.85073852539062,48.05758666992188,179.02166748046875,43.715118408203125,0.0,0.0,191.83200073242188,41.61119842529297,0.0,0.0,206.48085021972656,64.47138214111328,189.650390625,66.85272216796875,205.6561584472656,98.06561279296876,184.36309814453125,99.10372924804688,184.2290954589844,106.3990249633789,177.7525634765625,106.31124877929688,204.13853454589844,129.6995391845703,192.79869079589844,129.29847717285156,202.99420166015625,175.2191162109375,191.85096740722656,173.93963623046875,205.5260772705078,214.87454223632807,194.6280670166016,211.0914001464844
60,176.90777587890625,47.59686279296875,179.28683471679688,43.53823852539063,0.0,0.0,191.9444732666016,41.69107818603516,0.0,0.0,205.5091552734375,63.28321075439453,190.80409240722656,65.53350830078125,205.35476684570312,93.80615234375,187.50250244140625,96.32664489746094,179.4687042236328,97.76651000976562,173.67552185058594,100.69285583496094,202.13247680664065,129.48831176757812,192.02610778808597,128.66868591308594,201.53628540039065,175.49749755859375,191.9522247314453,173.74801635742188,204.93272399902344,214.86282348632807,194.8233795166016,211.22216796875
61,177.1770477294922,47.26887512207031,179.35194396972656,43.334449768066406,0.0,0.0,192.03916931152344,41.00294494628906,0.0,0.0,206.4111785888672,61.451995849609375,190.9015350341797,64.30949401855469,205.99154663085935,89.21514892578125,184.47596740722656,92.92769622802734,173.45126342773438,93.8253402709961,163.4183349609375,98.6300811767578,200.8955993652344,128.86459350585938,189.9550628662109,127.88916015625,201.27960205078125,175.1496124267578,188.48403930664065,173.347412109375,205.75555419921875,215.7068328857422,190.02951049804688,212.34112548828125
62,177.07305908203125,46.840476989746094,179.4448699951172,42.71368408203125,0.0,0.0,193.1529541015625,40.49137115478516,0.0,0.0,204.25146484375,61.91301727294922,195.5108642578125,64.06446075439453,188.24745178222656,87.81022644042969,0.0,0.0,152.32559204101562,94.65487670898438,149.01193237304688,98.00788116455078,200.6853790283203,129.4754638671875,193.5586700439453,128.177001953125,200.2566070556641,176.07754516601562,189.56948852539065,173.4230194091797,204.5677947998047,217.64328002929688,189.2790069580078,212.2259521484375
63,177.1292724609375,46.72711181640625,179.43214416503906,42.03705596923828,0.0,0.0,193.23178100585935,39.305450439453125,0.0,0.0,200.55763244628903,61.698638916015625,202.0034027099609,63.691139221191406,179.8934783935547,86.44401550292969,0.0,0.0,147.253173828125,93.45572662353516,0.0,0.0,198.6007080078125,130.86087036132812,198.58074951171875,129.78260803222656,196.37474060058597,178.06903076171875,194.6607208251953,176.661376953125,200.7217712402344,219.027587890625,0.0,0.0
64,177.1954345703125,45.98028945922852,180.00546264648438,41.1534423828125,0.0,0.0,192.84307861328125,39.60966873168945,0.0,0.0,198.83547973632807,62.108619689941406,201.9999542236328,61.737430572509766,177.19100952148438,85.30204772949219,0.0,0.0,145.8815460205078,92.70337677001952,0.0,0.0,197.99102783203125,130.38917541503906,198.39947509765625,127.6469268798828,192.82537841796875,180.8876190185547,190.9350128173828,174.979248046875,200.41624450683597,217.412353515625,0.0,0.0
65,176.5065155029297,45.67757415771485,179.59555053710938,40.78467178344727,0.0,0.0,193.2543182373047,39.57240295410156,0.0,0.0,204.3787384033203,62.23175811767578,191.7407684326172,63.4362678527832,181.4348602294922,84.3084487915039,169.93524169921875,84.30638122558594,141.66078186035156,91.37232971191406,0.0,0.0,201.0945587158203,130.49024963378906,190.8490295410156,128.30886840820312,195.2406768798828,179.88885498046875,182.9039306640625,174.7669677734375,0.0,0.0,0.0,0.0
66,176.31887817382812,44.914161682128906,179.41122436523438,40.60797882080078,0.0,0.0,193.1078338623047,39.51458740234375,0.0,0.0,202.29641723632807,61.91450500488281,192.34300231933597,62.510372161865234,179.45623779296875,84.25154876708984,172.8677978515625,84.60615539550781,140.22647094726562,91.91362762451172,139.14309692382812,93.35484313964844,196.5045318603516,131.65968322753906,188.06167602539065,129.75755310058594,195.29595947265625,179.47767639160156,183.94924926757807,176.36459350585938,198.0183868408203,218.72467041015625,185.3102264404297,213.8794708251953
67,176.30667114257812,45.071510314941406,179.4626922607422,40.69110870361328,0.0,0.0,193.0614013671875,39.45536804199219,0.0,0.0,200.80499267578125,61.55448913574219,193.79458618164065,62.209598541259766,175.26023864746094,83.93226623535156,0.0,0.0,139.67019653320312,92.56566619873048,0.0,0.0,195.4062042236328,131.44183349609375,188.4639892578125,129.65187072753906,196.4924468994141,178.44044494628906,184.1044921875,175.00253295898438,201.53610229492188,218.67092895507807,185.0023498535156,212.51174926757807
68,174.87901306152344,44.110008239746094,178.52178955078125,39.773712158203125,0.0,0.0,192.6964111328125,39.29670715332031,0.0,0.0,196.45846557617188,61.868919372558594,197.2176055908203,61.85564422607422,168.11068725585938,84.65042114257812,0.0,0.0,133.91387939453125,96.81451416015624,0.0,0.0,194.15782165527344,132.0072021484375,192.71820068359372,130.24578857421875,191.8853302001953,179.74681091308594,187.4056854248047,177.3912811279297,197.85882568359372,218.11517333984372,186.11782836914065,213.82508850097656
69,173.81788635253906,42.78132629394531,177.58111572265625,38.64903259277344,0.0,0.0,191.26502990722656,38.89080810546875,0.0,0.0,200.5305328369141,62.01755142211914,184.77651977539065,62.12666320800781,173.83297729492188,84.66790771484375,161.58358764648438,84.14730834960938,133.08740234375,93.81744384765624,129.74951171875,96.08587646484376,196.4417724609375,130.7299346923828,183.4736175537109,128.90968322753906,196.3552703857422,178.5828094482422,178.0074005126953,175.28228759765625,200.03909301757807,218.28749084472656,180.3409118652344,213.79351806640625
70,173.39915466308594,42.47023010253906,177.0316162109375,38.454811096191406,0.0,0.0,190.7652740478516,38.47413635253906,0.0,0.0,199.42254638671875,61.3433837890625,185.7292938232422,61.1641845703125,173.22251892089844,84.56525421142578,162.72288513183594,83.63372802734375,130.69711303710938,95.7786636352539,128.5919189453125,96.9218292236328,195.99630737304688,130.25,184.427490234375,128.39248657226562,196.0961761474609,177.52294921875,179.14834594726562,174.59878540039062,200.69534301757807,217.0636444091797,180.6029357910156,213.27975463867188
71,172.58932495117188,42.15605163574219,176.21438598632812,37.99350738525391,0.0,0.0,189.8859405517578,38.04053497314453,0.0,0.0,199.84515380859372,61.58973693847656,183.08187866210935,61.4287223815918,176.1454620361328,85.17149353027344,160.48165893554688,84.2906494140625,131.54925537109375,93.74153900146484,127.77772521972656,96.60993194580078,196.22412109375,129.5477752685547,182.70237731933597,127.65193939208984,196.3155670166016,177.04510498046875,177.03262329101562,174.13299560546875,201.30270385742188,216.2274475097656,179.60910034179688,213.24298095703125
72,172.5984649658203,42.20880126953125,176.2548370361328,38.022605895996094,0.0,0.0,189.9330139160156,37.98524475097656,0.0,0.0,198.71707153320312,61.27250289916992,184.6778106689453,61.19985961914063,172.47427368164062,84.48936462402344,161.3880615234375,84.26725769042969,130.5513458251953,93.70578002929688,127.70767211914062,96.6747055053711,195.6063995361328,130.31887817382812,183.8078155517578,128.50567626953125,195.7509765625,178.28050231933594,178.3647918701172,175.23541259765625,200.30307006835935,217.1785125732422,180.28880310058597,213.33807373046875
73,172.32229614257812,42.48680114746094,175.76712036132812,38.52471160888672,0.0,0.0,190.2122802734375,37.895904541015625,0.0,0.0,200.33848571777344,60.79523849487305,183.69708251953125,61.19945526123047,173.61769104003906,85.05535888671875,158.7270050048828,85.5308837890625,129.4085693359375,94.80347442626952,124.8713836669922,96.26222229003906,196.0313873291016,129.7566375732422,182.51058959960935,127.93495178222656,198.25570678710935,177.73876953125,176.17567443847656,174.0214385986328,203.10467529296875,219.732177734375,176.89199829101562,213.8328857421875
74,171.85748291015625,42.19986724853516,175.2391357421875,38.21629333496094,0.0,0.0,189.6480255126953,37.795555114746094,0.0,0.0,198.91473388671875,61.03423309326172,184.67630004882807,61.00761413574219,169.40164184570312,85.58285522460938,159.05337524414062,85.0240249633789,127.63357543945312,95.37609100341795,125.25032806396484,95.37602996826172,195.8021240234375,129.89657592773438,183.72862243652344,128.0337677001953,197.57843017578125,178.2993927001953,176.63388061523438,174.43948364257812,202.5512237548828,219.964599609375,177.29249572753906,213.49267578125
75,171.37930297851562,41.827423095703125,174.83665466308594,38.01316833496094,0.0,0.0,189.2078399658203,38.07023620605469,0.0,0.0,198.83624267578125,61.43056869506836,183.50079345703125,61.024017333984375,169.08558654785156,85.91197967529297,158.66224670410156,86.24298095703125,127.42141723632812,90.4228744506836,125.97865295410156,93.90065002441406,196.28038024902344,130.11761474609375,183.39938354492188,128.06224060058594,198.0564727783203,178.7773895263672,176.219970703125,174.25811767578125,202.63861083984372,220.08937072753903,177.93316650390625,213.16693115234372
76,171.83021545410156,41.84184265136719,174.80628967285156,37.9666748046875,0.0,0.0,188.5677490234375,37.754981994628906,0.0,0.0,194.97955322265625,60.532493591308594,190.0171813964844,60.19647979736328,162.24658203125,84.57901000976562,0.0,0.0,127.25315856933594,91.7864227294922,0.0,0.0,194.17446899414065,129.95303344726562,188.52301025390625,128.09994506835938,194.76483154296875,178.48104858398438,181.6739196777344,174.1095733642578,201.5050201416016,219.8468017578125,181.49874877929688,211.77967834472656
77,171.803955078125,41.82796478271485,174.78253173828125,37.957061767578125,0.0,0.0,188.57553100585935,37.76971435546875,0.0,0.0,194.9301300048828,60.56503677368164,190.14389038085935,60.18374633789063,161.88214111328125,84.42898559570312,0.0,0.0,127.24671936035156,91.05817413330078,0.0,0.0,194.2402801513672,129.93836975097656,188.73208618164065,128.06678771972656,194.6921539306641,178.49085998535156,181.8662567138672,174.02279663085938,201.32110595703125,219.8624725341797,181.85494995117188,211.64956665039065
78,171.89984130859375,42.05412292480469,174.6884307861328,37.951568603515625,0.0,0.0,188.1493377685547,37.54307556152344,0.0,0.0,193.0692443847656,61.000484466552734,193.05484008789065,60.35690689086914,160.61129760742188,85.04920959472656,0.0,0.0,126.51715087890624,92.59954833984376,0.0,0.0,193.0410003662109,130.4460906982422,191.18923950195312,128.50872802734375,192.5714111328125,178.43792724609375,185.3458709716797,174.1435089111328,199.66783142089844,219.59466552734372,184.9121551513672,211.76963806152344
79,171.9849853515625,42.10521697998047,174.82290649414062,38.09330749511719,0.0,0.0,188.4189910888672,37.62965393066406,0.0,0.0,195.0598907470703,60.69929504394531,191.0360565185547,60.381195068359375,163.8957061767578,85.53764343261719,0.0,0.0,127.29071044921876,96.12973022460938,0.0,0.0,193.9967498779297,130.46066284179688,189.0238037109375,128.53265380859375,194.2952423095703,178.2510528564453,182.0885467529297,174.16558837890625,200.76214599609372,219.91036987304688,181.39385986328125,212.2866058349609
80,171.686767578125,41.80873107910156,174.8068389892578,37.90151977539063,0.0,0.0,188.69351196289065,37.77783966064453,0.0,0.0,194.18377685546875,60.60528564453125,191.61215209960935,60.2333984375,162.76544189453125,85.18136596679688,0.0,0.0,127.25926971435548,94.38917541503906,0.0,0.0,193.72457885742188,129.788330078125,189.69650268554688,127.93025970458984,194.0703887939453,177.2875213623047,183.12843322753903,173.40841674804688,201.3417510986328,218.6248779296875,181.6343231201172,211.3078155517578
81,171.651611328125,41.83346557617188,174.75706481933594,37.90418243408203,0.0,0.0,188.64913940429688,38.013763427734375,0.0,0.0,194.680419921875,61.34947204589844,191.1137542724609,60.6997299194336,162.65231323242188,85.34445190429688,0.0,0.0,126.9093780517578,91.8320083618164,0.0,0.0,194.35110473632807,130.25869750976562,189.7664794921875,128.2140655517578,194.37681579589844,177.8881378173828,183.54714965820312,173.36724853515625,200.45785522460935,219.07290649414065,182.92286682128903,211.12635803222656
82,171.6210479736328,41.79600524902344,174.5901336669922,37.83177947998047,0.0,0.0,188.3147125244141,37.67958831787109,0.0,0.0,193.84234619140625,60.7431869506836,191.8895263671875,60.30678176879883,161.97018432617188,84.65400695800781,0.0,0.0,126.80267333984376,91.68386840820312,0.0,0.0,193.4514312744141,129.7784881591797,190.18112182617188,127.89261627197266,193.36572265625,177.24569702148438,184.99526977539065,173.08184814453125,199.7108612060547,218.3787078857422,184.24839782714844,210.77471923828125
83,171.79359436035156,41.86628723144531,174.76129150390625,37.980377197265625,0.0,0.0,188.37913513183597,37.78459167480469,0.0,0.0,194.94223022460935,60.588645935058594,190.6903839111328,60.205848693847656,163.5550537109375,84.70480346679688,0.0,0.0,125.79772186279295,92.65780639648438,0.0,0.0,194.148681640625,129.70652770996094,188.93295288085935,127.76398468017578,194.9351348876953,176.9620361328125,182.810546875,172.94374084472656,200.64361572265625,218.50631713867188,182.111083984375,211.29901123046875
84,171.81813049316406,41.90550994873047,174.86585998535156,37.746856689453125,0.0,0.0,188.41159057617188,37.75361633300781,0.0,0.0,191.9779357910156,61.32221221923828,194.52638244628903,60.71514129638672,160.0076904296875,84.70487976074219,0.0,0.0,125.26374816894533,90.44132232666016,0.0,0.0,192.42340087890625,129.62039184570312,192.754150390625,127.80972290039062,190.58074951171875,176.97317504882812,189.1791534423828,173.36550903320312,197.79884338378903,217.96014404296875,188.7185516357422,211.22921752929688
85,172.2492218017578,41.9266357421875,175.4256134033203,37.845848083496094,0.0,0.0,189.179931640625,37.530860900878906,0.0,0.0,194.99185180664065,60.62224578857422,190.5273284912109,60.36300659179688,163.30105590820312,84.20736694335938,164.51881408691406,83.03870391845703,127.03902435302734,91.30281066894533,127.7947998046875,89.78518676757812,193.52517700195312,130.02316284179688,188.311279296875,128.241455078125,194.3677978515625,177.33624267578125,183.0646514892578,173.60874938964844,200.0367584228516,218.562744140625,182.0174865722656,211.5222625732422
86,172.50990295410156,41.985107421875,175.98362731933594,37.86929321289063,0.0,0.0,190.2289123535156,37.51645660400391,0.0,0.0,197.4546356201172,60.75925827026367,187.7926025390625,60.66434097290039,165.1858673095703,84.01681518554688,161.6793670654297,83.3238754272461,126.87672424316406,89.62037658691406,126.17125701904295,89.45270538330078,194.6014862060547,130.53248596191406,185.4410095214844,128.63565063476562,196.45870971679688,177.95321655273438,178.864501953125,173.77589416503906,201.3747711181641,219.05502319335935,178.17376708984375,211.62860107421875
87,172.52532958984375,42.082611083984375,175.95896911621094,37.889404296875,0.0,0.0,190.4711151123047,37.52696228027344,0.0,0.0,196.3971405029297,60.916053771972656,190.3258819580078,60.722900390625,163.71104431152344,83.91659545898438,163.13743591308594,83.1566162109375,126.60520935058594,89.7886734008789,126.46156311035156,89.25735473632812,194.02520751953125,130.4355010986328,187.5667266845703,128.574462890625,195.14085388183597,177.46047973632812,181.5036773681641,173.50863647460938,200.87203979492188,218.594482421875,180.00701904296875,211.26275634765625
88,175.6415557861328,42.078460693359375,179.30064392089844,37.81597137451172,0.0,0.0,193.20523071289065,37.57202911376953,0.0,0.0,196.06448364257807,60.24852752685547,196.5564117431641,59.444923400878906,164.71035766601562,78.52396392822266,0.0,0.0,129.4668731689453,81.22010040283203,0.0,0.0,193.2932281494141,130.54782104492188,191.40431213378903,128.56192016601562,193.35455322265625,176.4965362548828,187.4886474609375,173.59210205078125,197.0321044921875,215.7947235107422,184.72503662109372,211.52957153320312
89,178.65518188476562,41.98902130126953,182.3388671875,37.68345642089844,0.0,0.0,195.7096099853516,37.94158935546875,0.0,0.0,197.87278747558597,60.97137069702149,199.83482360839844,60.45294189453125,166.439453125,76.62301635742188,0.0,0.0,134.067626953125,74.73603820800781,0.0,0.0,194.6845245361328,131.79930114746094,193.6139678955078,129.8415985107422,196.1279296875,177.66517639160156,189.28219604492188,174.27352905273438,201.1312255859375,216.48301696777344,187.5784149169922,210.9010009765625
90,179.90185546875,42.19175720214844,183.3428955078125,38.00297546386719,0.0,0.0,196.4425506591797,38.014495849609375,0.0,0.0,199.7623291015625,60.61089324951172,200.6322479248047,60.35491180419922,170.5095672607422,77.54086303710938,178.669189453125,77.47489929199219,138.6987762451172,74.4634017944336,0.0,0.0,195.6072998046875,131.16616821289062,193.9250640869141,129.201416015625,197.6165771484375,177.40170288085938,190.81593322753903,173.56170654296875,203.2023162841797,217.4898681640625,190.13079833984372,210.70037841796875
91,180.76451110839844,42.20191955566406,184.3246154785156,38.02886962890625,0.0,0.0,197.4654693603516,37.8016357421875,0.0,0.0,201.1732635498047,60.01773834228516,201.73709106445312,60.1821517944336,173.93434143066406,78.1549301147461,0.0,0.0,139.69459533691406,74.55773162841797,0.0,0.0,196.78240966796875,130.9684600830078,194.1109313964844,128.87689208984375,198.6004638671875,177.55322265625,187.3480987548828,174.16323852539062,204.2444000244141,218.76492309570312,184.38087463378903,213.12310791015625
92,180.7902984619141,42.16429901123047,184.49729919433597,38.05097198486328,0.0,0.0,197.77505493164065,37.90924835205078,0.0,0.0,202.533203125,60.01307678222656,199.9712677001953,60.15230178833008,174.84912109375,78.40973663330078,0.0,0.0,140.3722686767578,74.400146484375,0.0,0.0,197.2199249267578,131.5685577392578,192.23910522460935,129.37673950195312,199.72509765625,178.26873779296875,185.7813873291016,174.4070587158203,204.3349456787109,219.4165954589844,184.0529937744141,213.11224365234372
93,181.1966094970703,42.034271240234375,185.1106109619141,37.91154479980469,0.0,0.0,198.57994079589844,38.11479187011719,0.0,0.0,201.84274291992188,60.36319351196289,203.6739044189453,60.67081451416016,177.1644744873047,78.96903991699219,0.0,0.0,143.88145446777344,73.61856079101562,0.0,0.0,197.2027130126953,131.21942138671875,195.55978393554688,129.07786560058594,199.1864318847656,177.78831481933594,190.57757568359372,174.34133911132812,205.612548828125,217.54481506347656,189.08018493652344,212.02877807617188
94,181.75294494628903,42.01148223876953,185.47039794921875,37.85050201416016,0.0,0.0,199.6093597412109,37.99458312988281,0.0,0.0,203.69813537597656,60.28324890136719,205.68121337890625,60.68360900878906,181.5792999267578,79.11012268066406,0.0,0.0,148.04071044921875,73.73070526123047,0.0,0.0,198.90200805664065,131.1775360107422,197.98963928222656,128.99069213867188,199.6095733642578,178.58091735839844,195.57720947265625,174.75396728515625,204.84393310546875,218.92062377929688,192.31930541992188,212.39520263671875
95,182.0971527099609,41.373443603515625,185.99710083007807,37.427978515625,0.0,0.0,200.64187622070312,37.78395080566406,0.0,0.0,205.3622131347656,59.80366516113281,205.47720336914065,60.081085205078125,186.833251953125,81.69916534423828,0.0,0.0,154.13067626953125,74.59647369384766,0.0,0.0,198.30422973632807,128.88027954101562,196.7744598388672,126.55860900878906,198.1065673828125,176.20339965820312,194.9496154785156,172.5528106689453,202.85275268554688,218.85177612304688,192.2301025390625,213.0458526611328
96,183.38845825195312,42.07438659667969,186.9589385986328,37.79127502441406,0.0,0.0,200.1455841064453,38.27867889404297,0.0,0.0,202.35787963867188,61.14411926269531,209.9154815673828,60.512733459472656,187.1011505126953,84.23977661132812,0.0,0.0,161.77059936523438,75.42924499511719,0.0,0.0,198.5571746826172,130.45594787597656,202.3153381347656,128.28009033203125,195.90467834472656,173.67576599121094,199.9795837402344,171.08456420898438,201.21299743652344,211.1786193847656,195.39483642578125,207.9301605224609
97,183.4296875,42.01332092285156,186.9500732421875,37.76776123046875,0.0,0.0,200.07086181640625,38.22699737548828,0.0,0.0,202.49441528320312,61.02045440673828,209.68814086914065,60.374786376953125,187.77621459960935,84.41488647460938,0.0,0.0,162.19284057617188,75.47554016113281,0.0,0.0,198.79837036132807,130.30323791503906,202.3262939453125,128.13232421875,196.05372619628903,173.51443481445312,199.92401123046875,170.98240661621094,201.1332855224609,211.3838653564453,194.9219665527344,208.26242065429688
98,183.7403106689453,42.602577209472656,186.87896728515625,38.49757385253906,0.0,0.0,200.73594665527344,38.086700439453125,0.0,0.0,205.7335205078125,60.87225341796875,209.42990112304688,60.95909881591797,190.7411956787109,85.36077117919922,0.0,0.0,164.08343505859375,76.62970733642578,0.0,0.0,201.85348510742188,130.48477172851562,202.8506774902344,128.3347625732422,199.2949981689453,174.71986389160156,199.64617919921875,171.64637756347656,202.5499420166016,212.5396881103516,196.05889892578125,209.9521026611328
99,184.4234161376953,42.88608551025391,187.68414306640625,38.78514862060547,0.0,0.0,201.83514404296875,38.82444763183594,0.0,0.0,208.04837036132807,61.39020538330078,207.3314514160156,62.092803955078125,194.05841064453125,85.53718566894531,0.0,0.0,167.05784606933594,76.06214904785156,0.0,0.0,201.78396606445312,128.93719482421875,200.0102081298828,126.81561279296876,200.93728637695312,175.42726135253906,197.55502319335935,171.76759338378906,204.7631683349609,214.6416931152344,195.57598876953125,210.24069213867188
100,185.23980712890625,43.01776885986328,187.947265625,39.05677795410156,0.0,0.0,200.96456909179688,38.11214447021485,0.0,0.0,208.50656127929688,59.54459381103516,205.54530334472656,60.484107971191406,197.24740600585935,86.06927490234375,0.0,0.0,174.6280975341797,79.2384033203125,0.0,0.0,202.23460388183597,128.54579162597656,199.4226226806641,126.71443939208984,200.6101837158203,175.78787231445312,197.4659423828125,171.82275390625,203.8145446777344,218.573486328125,192.9940948486328,211.11392211914065
101,185.72515869140625,43.63595581054688,188.0977478027344,39.77540588378906,0.0,0.0,200.82652282714844,38.40045166015625,0.0,0.0,209.8940277099609,59.341400146484375,204.57101440429688,60.810665130615234,201.636474609375,85.74565887451172,0.0,0.0,176.19290161132812,82.22541809082031,173.2704315185547,90.28225708007812,203.2231292724609,128.41392517089844,198.98025512695312,126.71906280517578,200.8915252685547,174.87937927246094,196.9170379638672,171.37049865722656,203.45726013183597,216.88018798828125,193.17791748046875,210.1406707763672
102,185.775146484375,43.63783264160156,188.07534790039065,39.78173828125,0.0,0.0,200.71755981445312,38.399681091308594,0.0,0.0,209.9246063232422,59.39328002929688,204.80618286132807,60.647369384765625,201.7420959472656,86.30583190917969,0.0,0.0,176.3804473876953,82.33984375,173.5626220703125,90.94908142089844,203.04934692382807,128.727783203125,198.93374633789065,126.93175506591795,201.3535003662109,175.75115966796875,197.6694183349609,171.98899841308594,203.7436981201172,217.39279174804688,193.84014892578125,210.48074340820312
103,186.12652587890625,44.58319091796875,188.21487426757807,40.579200744628906,0.0,0.0,200.59307861328125,38.6673583984375,0.0,0.0,210.8846740722656,59.71603393554688,203.47015380859372,61.86595916748047,203.6986541748047,86.69712829589844,0.0,0.0,177.57723999023438,84.88569641113281,0.0,0.0,204.0392608642578,129.99017333984375,198.70477294921875,128.6705322265625,201.72825622558597,177.27645874023438,198.1743621826172,174.04815673828125,203.5019073486328,219.92581176757807,195.97496032714844,212.15313720703125
104,185.9304656982422,45.2510986328125,187.9774932861328,41.286224365234375,0.0,0.0,201.0487823486328,39.12594604492188,0.0,0.0,210.3230133056641,60.50123596191406,204.84027099609372,62.54140472412109,201.4207000732422,88.13536071777344,193.03286743164065,93.62069702148438,178.83340454101562,85.74676513671875,174.67807006835938,89.31166076660156,203.8153533935547,129.30889892578125,199.95411682128903,128.14715576171875,201.73130798339844,175.39031982421875,198.0127410888672,172.71383666992188,204.0237274169922,217.9247894287109,195.12786865234372,210.8719787597656
105,185.86053466796875,45.649879455566406,188.18157958984372,41.63269805908203,0.0,0.0,201.43896484375,39.41938018798828,0.0,0.0,209.9149627685547,60.689491271972656,205.52536010742188,63.38616180419922,199.4149627685547,88.06250762939453,0.0,0.0,177.0263671875,87.17476654052734,176.2119598388672,94.56983947753906,204.12374877929688,129.03224182128906,200.95684814453125,128.14718627929688,202.25851440429688,174.97732543945312,199.71055603027344,172.7344970703125,204.0118560791016,216.5919647216797,198.19415283203125,210.11495971679688
106,185.77001953125,46.059173583984375,188.00814819335935,41.841796875,0.0,0.0,201.24172973632807,39.13909912109375,0.0,0.0,210.09017944335935,60.76475524902344,205.05191040039065,63.49011993408203,197.8768768310547,89.15080261230469,195.07833862304688,97.6993408203125,175.46963500976562,85.81891632080078,176.18362426757812,95.3550262451172,204.5431060791016,129.42576599121094,200.7522430419922,128.49427795410156,202.50489807128903,175.42364501953125,198.6650848388672,172.78118896484375,203.9148712158203,217.2923126220703,196.9832763671875,210.24038696289065
107,185.77001953125,46.059173583984375,188.00814819335935,41.841796875,0.0,0.0,201.24172973632807,39.13909912109375,0.0,0.0,210.09017944335935,60.76475524902344,205.05191040039065,63.49011993408203,197.8768768310547,89.15080261230469,195.07833862304688,97.6993408203125,175.46963500976562,85.81891632080078,176.18362426757812,95.3550262451172,204.5431060791016,129.42576599121094,200.7522430419922,128.49427795410156,202.50489807128903,175.42364501953125,198.6650848388672,172.78118896484375,203.9148712158203,217.2923126220703,196.9832763671875,210.24038696289065
108,185.7652130126953,46.153297424316406,187.9510803222656,41.89344024658203,0.0,0.0,201.2295837402344,39.0902099609375,0.0,0.0,210.5187530517578,60.84906005859375,204.96804809570312,63.66985321044922,198.16824340820312,89.15066528320312,194.7204132080078,98.13064575195312,175.7742156982422,85.76741027832031,176.0428009033203,95.74188995361328,204.4285430908203,129.51779174804688,200.22866821289065,128.49563598632812,202.6405029296875,175.51385498046875,197.58575439453125,172.4460906982422,204.2035980224609,217.3627166748047,196.26893615722656,209.50624084472656
109,185.14366149902344,46.76951599121094,187.1051177978516,42.509727478027344,0.0,0.0,200.7486267089844,39.21180725097656,0.0,0.0,209.9869384765625,60.64228057861328,206.13380432128903,63.11134338378906,198.97544860839844,89.42648315429688,195.18487548828125,97.22588348388672,177.57687377929688,86.33919525146484,176.70849609375,93.34625244140624,204.03977966308597,129.64520263671875,201.14195251464844,128.54574584960938,202.49700927734372,175.17938232421875,198.51028442382807,172.15272521972656,204.54840087890625,217.02117919921875,195.95684814453125,208.91275024414065
110,183.50424194335935,47.76134490966797,184.80496215820312,43.55548095703125,0.0,0.0,198.5522003173828,39.51403045654297,0.0,0.0,209.7385711669922,60.51042175292969,205.1244964599609,61.320892333984375,201.9099884033203,90.76716613769533,0.0,0.0,181.25222778320312,83.55400085449219,0.0,0.0,203.53526306152344,128.44369506835938,200.27296447753903,126.92041778564452,202.41043090820312,174.06985473632812,197.49952697753903,170.94049072265625,204.83958435058597,215.4443359375,195.0006256103516,207.61032104492188
111,183.5811920166016,47.77815246582031,184.9466552734375,43.54183197021485,0.0,0.0,198.74819946289065,39.555999755859375,0.0,0.0,209.3308563232422,60.39563751220703,206.4239654541016,61.05047607421875,200.455322265625,89.09341430664062,0.0,0.0,179.33482360839844,79.34806060791016,0.0,0.0,203.3036956787109,128.4088134765625,200.8115997314453,126.70075988769533,202.8027191162109,173.661376953125,197.4182891845703,170.2698211669922,205.58090209960935,213.63134765625,194.4573974609375,206.1873321533203
112,183.5924530029297,47.79801940917969,184.86196899414065,43.53142547607422,0.0,0.0,198.49172973632807,39.49656677246094,0.0,0.0,209.04342651367188,60.33506774902344,206.74302673339844,61.10491180419922,200.0995178222656,88.9903564453125,0.0,0.0,179.1245880126953,80.09270477294922,0.0,0.0,203.1082763671875,128.39794921875,200.9128875732422,126.69500732421876,203.16539001464844,173.6596221923828,197.32894897460935,170.130859375,205.75474548339844,213.709716796875,193.5470428466797,205.78533935546875
113,183.5924072265625,47.79803466796875,184.8603973388672,43.532012939453125,0.0,0.0,198.48887634277344,39.498077392578125,0.0,0.0,209.03451538085935,60.33430480957031,206.7584991455078,61.102294921875,200.09083557128903,88.98657989501953,0.0,0.0,179.12892150878906,80.089111328125,0.0,0.0,203.10397338867188,128.39730834960938,200.9233245849609,126.69390106201172,203.1623992919922,173.6673583984375,197.32986450195312,170.139404296875,205.75999450683597,213.72314453125,193.5298767089844,205.7990875244141
114,183.4923095703125,47.607643127441406,184.72491455078125,43.32627868652344,0.0,0.0,198.2959442138672,39.26292419433594,0.0,0.0,208.67266845703125,59.91880035400391,206.7988739013672,61.09523010253906,200.19760131835935,87.03228759765625,0.0,0.0,178.156005859375,80.68026733398438,0.0,0.0,203.1613922119141,128.37777709960938,201.2454833984375,126.88227081298828,202.8288116455078,173.8984832763672,197.2380523681641,170.98362731933594,205.98312377929688,214.3822021484375,193.0659942626953,207.33506774902344
115,183.23606872558597,47.60533142089844,184.4052734375,43.41134643554688,0.0,0.0,197.5658416748047,39.74976348876953,0.0,0.0,208.079345703125,60.34220886230469,206.62808227539065,61.59028625488281,200.5609588623047,86.69563293457031,0.0,0.0,177.818603515625,80.11679077148438,0.0,0.0,202.95648193359372,128.67279052734375,201.1285858154297,127.15764617919922,203.0174865722656,174.21798706054688,196.7424774169922,171.3667449951172,206.0292816162109,214.62564086914065,192.01492309570312,207.8159942626953
116,183.0904693603516,47.73729705810547,184.1659393310547,43.546531677246094,0.0,0.0,197.14781188964844,39.99142456054688,0.0,0.0,207.49322509765625,60.812049865722656,206.85394287109372,61.91895294189453,199.83262634277344,87.6524658203125,0.0,0.0,177.7291717529297,81.41585540771484,0.0,0.0,202.6660919189453,128.7244873046875,201.46820068359372,127.21525573730467,202.9165496826172,174.18304443359375,197.2413482666016,171.4129180908203,205.8223114013672,214.5576171875,192.6185607910156,207.99270629882807
117,183.1003570556641,47.78294372558594,184.1513214111328,43.592918395996094,0.0,0.0,197.055419921875,40.01287078857422,0.0,0.0,207.4769592285156,60.79894256591797,207.08160400390625,61.87371826171875,199.75872802734372,87.61106872558594,0.0,0.0,177.7391357421875,81.45005798339844,0.0,0.0,202.7216339111328,128.6408233642578,201.6676025390625,127.05503845214844,203.08140563964844,174.28314208984375,197.34231567382807,171.1866455078125,206.21632385253903,214.9517364501953,192.72137451171875,207.8103485107422
118,182.74200439453125,47.89588928222656,183.80029296875,43.75758361816406,0.0,0.0,196.77276611328125,40.34951019287109,0.0,0.0,206.49200439453125,61.03186798095703,208.32359313964844,61.640586853027344,198.4178924560547,87.45599365234375,0.0,0.0,177.26988220214844,81.42266845703125,0.0,0.0,201.8272399902344,128.25392150878906,202.25762939453125,126.5669937133789,202.56028747558597,173.7330780029297,197.86056518554688,170.88339233398438,205.9294891357422,214.55442810058597,193.29771423339844,208.118408203125
119,182.93038940429688,48.432952880859375,183.66409301757807,44.22187042236328,0.0,0.0,196.5059051513672,40.05909729003906,0.0,0.0,206.85589599609372,60.55323791503906,208.99008178710935,61.4295654296875,199.6905212402344,88.1685562133789,0.0,0.0,177.91293334960938,83.39588928222656,0.0,0.0,201.79786682128903,128.6253204345703,202.5309600830078,126.9088134765625,202.62962341308597,174.2789764404297,197.703125,171.25869750976562,206.4019470214844,215.3259735107422,192.9966735839844,208.38233947753903
120,181.62124633789065,49.08689880371094,182.32896423339844,44.84542846679688,0.0,0.0,195.21762084960935,40.16621398925781,0.0,0.0,207.5030670166016,60.43611907958984,205.2889709472656,62.350616455078125,199.74951171875,88.9290771484375,0.0,0.0,176.32334899902344,82.95501708984375,175.2783203125,91.80899047851562,202.32131958007807,129.30393981933594,200.02517700195312,127.78689575195312,203.1355438232422,174.9539031982422,195.3598480224609,171.56503295898438,205.7381591796875,215.390380859375,192.62164306640625,208.119384765625
121,181.4136962890625,49.11190032958984,182.28390502929688,44.80000305175781,0.0,0.0,195.53826904296875,39.97622680664063,0.0,0.0,207.59976196289065,60.154083251953125,205.3304443359375,62.03221893310547,198.76077270507807,88.28559875488281,0.0,0.0,175.89210510253906,82.17221069335938,174.88604736328125,90.50767517089844,202.29171752929688,128.87762451171875,200.0592193603516,127.3981704711914,202.8736267089844,174.541748046875,195.9530792236328,171.18045043945312,205.23619079589844,215.69390869140625,193.6182861328125,208.26657104492188
122,181.4136962890625,49.11190032958984,182.28390502929688,44.80000305175781,0.0,0.0,195.53826904296875,39.97622680664063,0.0,0.0,207.59976196289065,60.154083251953125,205.3304443359375,62.03221893310547,198.76077270507807,88.28559875488281,0.0,0.0,175.89210510253906,82.17221069335938,174.88604736328125,90.50767517089844,202.29171752929688,128.87762451171875,200.0592193603516,127.3981704711914,202.8736267089844,174.541748046875,195.9530792236328,171.18045043945312,205.23619079589844,215.69390869140625,193.6182861328125,208.26657104492188
123,181.38101196289065,49.12299346923828,182.2661590576172,44.82604217529297,0.0,0.0,195.55491638183597,40.030517578125,0.0,0.0,207.78160095214844,60.18898010253906,205.04757690429688,62.045745849609375,198.95004272460935,88.19393920898438,0.0,0.0,175.9020538330078,82.22928619384766,174.92047119140625,90.63313293457033,202.2418670654297,128.95440673828125,199.66539001464844,127.4244613647461,202.87991333007807,174.6305694580078,195.50791931152344,171.09329223632812,205.2138214111328,215.69448852539065,193.28692626953125,207.98367309570312
124,181.4226531982422,49.26570892333984,182.15579223632807,44.97819519042969,0.0,0.0,195.30352783203125,40.05802154541016,0.0,0.0,207.6815490722656,60.21638488769531,205.8556365966797,62.11461639404297,198.7808532714844,88.30897521972656,0.0,0.0,176.3013916015625,82.1915283203125,175.76512145996094,95.48568725585938,202.4494781494141,129.20721435546875,200.58995056152344,127.6449737548828,203.01144409179688,174.89039611816406,196.71755981445312,171.22665405273438,205.1492156982422,215.60028076171875,195.33139038085935,208.2657470703125
125,181.5310211181641,49.15074157714844,182.2091217041016,44.896331787109375,0.0,0.0,195.3857879638672,39.96465301513672,0.0,0.0,208.0021209716797,59.948974609375,205.494140625,62.03163909912109,200.20492553710935,88.28425598144531,0.0,0.0,176.70335388183594,83.36456298828125,0.0,0.0,202.55015563964844,129.30389404296875,200.3618011474609,127.9364242553711,202.84295654296875,175.0426788330078,196.88558959960935,172.07359313964844,205.0141143798828,215.74783325195312,195.27398681640625,208.9595184326172
126,181.4565887451172,49.17186737060547,182.1590881347656,44.97179412841797,0.0,0.0,195.1207275390625,40.19805908203125,0.0,0.0,207.25241088867188,60.40573120117188,205.7488250732422,61.93293762207031,198.7003631591797,88.77490234375,0.0,0.0,176.08639526367188,82.88856506347656,0.0,0.0,202.63058471679688,128.9932861328125,201.1239013671875,127.42491912841795,202.99603271484372,174.52557373046875,197.8209228515625,171.0957489013672,205.24729919433597,215.21658325195312,196.72628784179688,208.70452880859372
127,181.3656005859375,49.19859313964844,182.05162048339844,44.97400665283203,0.0,0.0,195.2304534912109,39.92506408691406,0.0,0.0,208.1163482666016,59.927734375,204.89474487304688,61.78535461425781,199.7454071044922,88.49800109863281,0.0,0.0,176.09825134277344,82.7511978149414,175.54319763183594,96.78189086914062,202.82151794433597,129.25010681152344,200.12274169921875,127.79295349121094,202.9631805419922,175.21836853027344,196.6768798828125,172.14840698242188,204.69024658203125,215.9769287109375,195.99581909179688,210.00460815429688
128,181.07455444335935,49.43742370605469,181.9300842285156,44.95494079589844,0.0,0.0,194.66165161132807,40.07609558105469,0.0,0.0,206.5870361328125,60.313385009765625,205.81689453125,62.19025421142578,199.1874084472656,89.92216491699219,0.0,0.0,173.73585510253906,84.61969757080078,0.0,0.0,202.4610595703125,129.9970245361328,201.3707427978516,128.38230895996094,201.7395477294922,176.86410522460938,198.5656280517578,173.37677001953125,204.14682006835935,216.9546813964844,197.7736968994141,210.34799194335935
129,180.38340759277344,49.148475646972656,181.04098510742188,45.015357971191406,0.0,0.0,194.07357788085935,39.79462432861328,0.0,0.0,206.9395751953125,59.21676635742188,204.9576568603516,61.6815185546875,199.8737945556641,88.00347900390625,0.0,0.0,175.17901611328125,85.08821105957031,176.05050659179688,101.53211212158205,203.46466064453125,129.1110076904297,201.64183044433597,127.83734130859376,202.6944580078125,175.16668701171875,197.9801788330078,172.3423309326172,204.7024078369141,216.1898651123047,196.6979217529297,210.4439239501953
130,177.94822692871094,52.36978149414063,177.65756225585938,47.90493774414063,0.0,0.0,187.8487701416016,41.46576690673828,0.0,0.0,201.8000640869141,58.91925811767578,204.06381225585935,62.41516876220703,196.85516357421875,87.77592468261719,0.0,0.0,173.61830139160156,86.11321258544922,0.0,0.0,201.71176147460935,129.27923583984375,202.5438995361328,128.4033203125,201.44412231445312,176.78607177734375,199.91604614257807,173.61257934570312,203.2647247314453,221.3092041015625,197.70184326171875,213.90005493164065
131,176.8838348388672,52.25270080566406,177.08169555664062,48.00276184082031,0.0,0.0,187.8251800537109,42.24546813964844,0.0,0.0,202.0188751220703,59.63958740234375,200.48956298828125,63.94226837158203,201.5715484619141,86.13661193847656,0.0,0.0,174.54307556152344,88.29411315917969,175.53158569335938,102.0894546508789,201.35159301757807,128.8292236328125,199.8583221435547,128.1144561767578,199.58950805664065,177.09823608398438,196.99850463867188,174.62950134277344,204.4927215576172,218.68621826171875,198.0709228515625,212.6213531494141
132,176.88755798339844,52.289306640625,177.08201599121094,48.032470703125,0.0,0.0,187.85960388183597,42.15184783935547,0.0,0.0,202.543701171875,59.38038635253906,199.6973876953125,63.97894287109375,202.1549224853516,85.67784118652344,0.0,0.0,174.5139923095703,88.1684799194336,175.66357421875,102.58796691894533,201.38201904296875,128.82969665527344,199.01112365722656,128.21588134765625,199.5835876464844,177.2696533203125,196.25169372558597,174.90972900390625,204.66954040527344,219.0606689453125,198.39488220214844,213.06326293945312
133,176.4153289794922,52.65196228027344,176.68661499023438,48.50958251953125,0.0,0.0,187.176025390625,42.779693603515625,0.0,0.0,202.49131774902344,60.04046630859375,196.31060791015625,64.1245346069336,200.93479919433597,86.38264465332031,0.0,0.0,173.70355224609375,87.81974029541016,173.45758056640625,97.2143096923828,199.7452545166016,129.2052459716797,195.1333770751953,128.4837646484375,197.65948486328125,178.27708435058594,192.1307373046875,175.8113250732422,202.84332275390625,218.8586578369141,197.1796112060547,212.6542053222656
134,175.80892944335938,53.05584716796875,176.11984252929688,48.80554962158203,0.0,0.0,186.42330932617188,42.44905090332031,0.0,0.0,201.6603546142578,58.903839111328125,195.57188415527344,63.762481689453125,201.74261474609372,84.19783020019531,0.0,0.0,173.64208984375,89.72560119628906,171.70477294921875,98.48452758789062,198.46527099609372,128.7772216796875,193.8426513671875,128.21304321289062,195.35240173339844,177.97740173339844,189.08126831054688,176.034423828125,201.5435028076172,219.5765838623047,0.0,0.0
135,175.0977325439453,53.19194030761719,175.5565185546875,48.93962860107422,0.0,0.0,186.1441802978516,42.4278564453125,0.0,0.0,201.1753387451172,58.61085510253906,195.1698760986328,63.97677612304688,201.49734497070312,84.3697738647461,0.0,0.0,172.51425170898438,90.26316833496094,171.09446716308594,97.77626037597656,198.27243041992188,128.5380859375,193.9996490478516,128.2416229248047,194.90921020507807,176.49496459960938,191.2527618408203,174.93472290039062,201.0872802734375,217.9256591796875,0.0,0.0
136,174.1138458251953,53.13169860839844,174.6222381591797,48.85923004150391,0.0,0.0,185.6874237060547,42.31951904296875,0.0,0.0,199.06805419921875,59.15879821777344,196.4330139160156,63.15593719482422,195.62432861328125,87.0068130493164,0.0,0.0,169.9470977783203,91.97409057617188,169.59486389160156,95.30390167236328,197.7421112060547,127.85454559326172,195.78988647460935,127.35611724853516,193.6549072265625,176.86557006835938,192.0147705078125,175.46768188476562,199.0021209716797,220.17697143554688,194.5951995849609,214.77520751953125
137,174.11276245117188,53.104888916015625,174.60604858398438,48.835784912109375,0.0,0.0,185.63961791992188,42.33964538574219,0.0,0.0,198.8807678222656,59.149444580078125,196.7040100097656,63.13938903808594,195.6195373535156,86.92425537109375,0.0,0.0,169.98281860351562,91.96351623535156,169.57643127441406,95.27525329589844,197.9324493408203,127.69995880126952,196.3442840576172,127.227294921875,193.5945281982422,176.69105529785156,192.597412109375,175.3944091796875,199.0001373291016,220.05642700195312,195.0064392089844,214.82321166992188
138,174.07550048828125,53.05841827392578,174.61041259765625,48.804229736328125,0.0,0.0,185.60574340820312,42.40641784667969,0.0,0.0,198.9789581298828,59.255889892578125,196.4227600097656,63.08689880371094,195.82969665527344,87.1102066040039,0.0,0.0,170.06417846679688,92.0518798828125,169.52627563476562,95.06189727783205,198.0777130126953,127.9308090209961,196.16673278808597,127.35548400878906,193.78494262695312,176.95584106445312,192.31787109375,175.420654296875,198.86810302734372,220.23150634765625,194.4958953857422,214.7457733154297
139,173.70266723632812,52.82069396972656,174.21533203125,48.292327880859375,0.0,0.0,185.5902862548828,41.66112518310547,0.0,0.0,197.943359375,59.89830780029297,197.48797607421875,62.39417266845703,192.1957244873047,89.91632080078125,191.4392852783203,91.28524780273438,167.51364135742188,91.30564880371094,166.15011596679688,92.94178771972656,196.76817321777344,127.34660339355467,196.17648315429688,126.41384887695312,194.4374084472656,175.30384826660156,192.27810668945312,173.5363311767578,199.67955017089844,216.56488037109372,193.33950805664065,211.7695159912109
140,173.94859313964844,52.59445190429688,174.39279174804688,48.03939056396485,0.0,0.0,185.35623168945312,41.15983581542969,0.0,0.0,198.3710021972656,58.89276123046875,195.857421875,62.95238494873047,190.97964477539065,87.75093841552734,190.30447387695312,93.53589630126952,163.93777465820312,91.251220703125,164.9603729248047,97.3934326171875,196.87808227539065,126.8520278930664,194.5957489013672,126.37678527832033,194.8590545654297,174.8809814453125,190.08755493164065,173.49887084960938,198.3018951416016,217.4227600097656,190.8472137451172,212.5443572998047
141,174.0907745361328,52.03115081787109,174.41119384765625,47.111610412597656,0.0,0.0,185.7812347412109,39.829383850097656,0.0,0.0,196.6288909912109,59.383087158203125,201.50753784179688,61.59724426269531,185.29429626464844,90.9954833984375,193.183837890625,90.78172302246094,159.8211669921875,94.22120666503906,162.94786071777344,93.37974548339844,194.7834625244141,128.4661865234375,197.57351684570312,127.28134155273438,193.51626586914065,176.14178466796875,193.1537628173828,173.97665405273438,198.49713134765625,218.5624084472656,193.133056640625,212.8097381591797
142,173.99740600585938,51.90959167480469,174.41854858398438,47.12808227539063,0.0,0.0,185.6992645263672,39.96817779541016,0.0,0.0,197.5449066162109,59.11271667480469,198.9918670654297,61.78289031982422,186.6307678222656,90.25938415527344,191.1356506347656,90.98991394042967,160.33447265625,93.54087829589844,162.4273223876953,93.34089660644533,195.3140106201172,128.2813720703125,195.71405029296875,127.2725601196289,194.26251220703125,176.19326782226562,191.68606567382807,174.09286499023438,198.80780029296875,219.5172882080078,192.79953002929688,213.69371032714844
143,173.7307891845703,51.40394592285156,174.18319702148438,46.61041259765625,0.0,0.0,185.6097412109375,39.030181884765625,0.0,0.0,197.09027099609372,57.81658935546875,199.2201385498047,60.65119934082031,183.892822265625,88.89827728271484,191.51220703125,91.1317367553711,157.5382537841797,93.40740966796876,162.26026916503906,95.46356201171876,194.89572143554688,127.8737335205078,195.5633087158203,126.9005126953125,194.0345458984375,176.07264709472656,190.92356872558597,173.96701049804688,197.6211853027344,220.05291748046875,191.75050354003903,214.0405731201172
144,173.489990234375,51.42436218261719,174.11557006835938,46.721710205078125,0.0,0.0,185.8887939453125,39.256591796875,0.0,0.0,200.03761291503903,57.82940673828125,194.834716796875,61.23653411865234,187.30010986328125,87.94546508789062,187.4406890869141,90.96720886230467,158.7666778564453,94.3554458618164,161.47744750976562,95.87896728515624,196.4288330078125,128.7461395263672,191.55758666992188,127.74356079101562,196.8024139404297,177.1622314453125,185.45306396484372,174.33447265625,199.52886962890625,220.5423583984375,187.10955810546875,213.07635498046875
145,173.01748657226562,51.34056854248047,173.68801879882812,46.684669494628906,0.0,0.0,185.5989227294922,39.4663314819336,0.0,0.0,197.6420135498047,58.27587127685547,197.14321899414065,60.99062347412109,184.93292236328125,88.98110961914062,189.36102294921875,91.11260986328124,158.08424377441406,94.05500793457033,161.68264770507812,95.6158218383789,195.0324249267578,128.24868774414062,193.93716430664065,127.31244659423828,194.8983459472656,176.07220458984375,190.2164001464844,174.00994873046875,198.3542633056641,219.10659790039065,192.1225128173828,213.26272583007807
146,173.01748657226562,51.34056854248047,173.68801879882812,46.684669494628906,0.0,0.0,185.5989227294922,39.4663314819336,0.0,0.0,197.6420135498047,58.27587127685547,197.14321899414065,60.99062347412109,184.93292236328125,88.98110961914062,189.36102294921875,91.11260986328124,158.08424377441406,94.05500793457033,161.68264770507812,95.6158218383789,195.0324249267578,128.24868774414062,193.93716430664065,127.31244659423828,194.8983459472656,176.07220458984375,190.2164001464844,174.00994873046875,198.3542633056641,219.10659790039065,192.1225128173828,213.26272583007807
147,172.9883270263672,51.36505889892578,173.6904296875,46.69910430908203,0.0,0.0,185.6786346435547,39.496856689453125,0.0,0.0,198.11990356445312,58.40122222900391,196.6387176513672,61.08436584472656,185.2654571533203,89.09294128417969,189.0066375732422,91.17325592041016,158.0572052001953,94.17410278320312,161.6627655029297,95.73676300048828,195.34548950195312,128.6631317138672,193.41976928710935,127.6574249267578,195.4257049560547,176.59646606445312,189.06591796875,174.33753967285156,198.80978393554688,219.25784301757807,191.0812530517578,213.17599487304688
148,173.12942504882812,51.276397705078125,173.71568298339844,46.61662292480469,0.0,0.0,185.4182586669922,39.35581970214844,0.0,0.0,196.4346923828125,58.17742156982422,198.6952972412109,60.40280151367188,184.22206115722656,88.7010498046875,191.10028076171875,90.09486389160156,159.14260864257812,94.06317138671876,162.8897705078125,94.78695678710938,194.3424072265625,128.0314178466797,195.24066162109372,127.00123596191406,194.2213134765625,175.57371520996094,191.41650390625,173.61265563964844,198.09669494628903,217.90008544921875,193.0186004638672,212.46646118164065
149,173.64614868164062,50.72864532470703,174.08905029296875,46.14630126953125,0.0,0.0,185.3325958251953,39.04054260253906,0.0,0.0,197.02706909179688,57.591285705566406,198.7098388671875,60.74713134765625,184.89907836914065,86.62333679199219,193.7413330078125,93.71014404296876,159.88613891601562,88.5518798828125,166.78712463378906,99.90660095214844,194.72857666015625,128.1881866455078,194.91151428222656,127.2440948486328,195.0416717529297,176.045166015625,190.112060546875,173.6527099609375,198.24205017089844,218.65481567382807,192.459716796875,212.9901428222656
150,173.74749755859375,50.173133850097656,174.51661682128906,45.68876647949219,0.0,0.0,186.32711791992188,39.22900390625,0.0,0.0,197.8717041015625,57.94381713867188,198.22325134277344,60.979888916015625,186.0880279541016,85.51156616210938,193.8922576904297,93.25408172607422,160.59324645996094,87.49359130859375,168.17799377441406,100.30001831054688,194.7882232666016,128.31951904296875,193.98297119140625,127.33600616455078,195.2832946777344,176.2277069091797,189.40621948242188,173.9606170654297,198.67822265625,218.82177734375,192.03509521484372,213.71664428710935
151,173.76333618164062,50.21897888183594,174.4430694580078,45.66288757324219,0.0,0.0,186.1024627685547,39.062774658203125,0.0,0.0,196.61422729492188,57.952545166015625,199.9286193847656,60.75978088378906,184.35400390625,85.91844177246094,194.88758850097656,92.94206237792967,160.32627868652344,87.35625457763672,168.0179901123047,99.18058776855467,194.06814575195312,128.35415649414062,195.48214721679688,127.38534545898438,194.3972930908203,175.9355926513672,191.3546600341797,173.8365478515625,198.010009765625,218.61810302734372,193.60736083984372,213.68951416015625
152,173.7970428466797,50.19000244140625,174.47286987304688,45.65399932861328,0.0,0.0,186.12136840820312,39.11138916015625,0.0,0.0,196.5986175537109,57.88935852050781,200.21923828125,60.80714416503906,184.7897491455078,85.24638366699219,195.73068237304688,92.84934997558594,160.38150024414062,87.44110107421875,168.57566833496094,100.14797973632812,194.00979614257807,128.24618530273438,195.6372833251953,127.29283142089844,194.26161193847656,175.87916564941406,191.5101776123047,173.88906860351562,198.0124969482422,218.6343994140625,193.85975646972656,213.97592163085935
153,174.07916259765625,50.03668212890625,174.65419006347656,45.534454345703125,0.0,0.0,186.39556884765625,39.02945709228516,0.0,0.0,197.73092651367188,57.47637939453125,199.88900756835935,61.13616943359375,187.12294006347656,83.61238861083984,193.7613983154297,91.57501220703124,160.5850830078125,87.9187240600586,165.43150329589844,96.46449279785156,194.38748168945312,128.49330139160156,195.1571044921875,127.72228240966795,194.6190490722656,176.35418701171875,191.45127868652344,174.51821899414062,198.40130615234372,219.2406005859375,193.73529052734372,213.7527313232422
154,174.36251831054688,49.51836395263672,175.1824493408203,45.116943359375,0.0,0.0,187.2530212402344,39.38526153564453,0.0,0.0,196.6915283203125,58.02618408203125,200.985107421875,61.831817626953125,184.3400421142578,83.8828125,192.6649627685547,92.90994262695312,158.7241973876953,86.84446716308594,164.12185668945312,95.02275848388672,193.63507080078125,128.97402954101562,196.0277099609375,128.49952697753906,193.28765869140625,176.8883819580078,192.71499633789065,175.94451904296875,197.2893218994141,220.0668792724609,193.9551696777344,215.49757385253903
155,175.45306396484375,48.4241943359375,176.17807006835938,43.62960815429688,0.0,0.0,187.40240478515625,38.35032653808594,0.0,0.0,191.9858856201172,58.79705810546875,207.4130706787109,60.23402404785156,175.46322631835938,84.6634521484375,0.0,0.0,156.72384643554688,82.47858428955078,0.0,0.0,190.18423461914065,127.88108825683594,200.94891357421875,127.02167510986328,188.22740173339844,174.70301818847656,198.18911743164065,173.99093627929688,192.5064392089844,217.9842071533203,199.14321899414065,214.27804565429688
156,176.27207946777344,48.45618438720703,177.0491943359375,43.85277557373047,0.0,0.0,187.9502716064453,38.76060485839844,0.0,0.0,192.1044158935547,58.30213928222656,206.8242034912109,60.02894592285156,175.6386260986328,83.07823944091797,0.0,0.0,157.02682495117188,79.80957794189453,0.0,0.0,189.1206817626953,126.04387664794922,199.40142822265625,125.29940795898438,187.5043487548828,172.5728759765625,196.77621459960935,172.11424255371094,191.3500213623047,216.58811950683597,197.7850646972656,213.1544189453125
157,176.3148651123047,48.19488525390625,177.11668395996094,43.65724182128906,0.0,0.0,188.05746459960935,38.75483703613281,0.0,0.0,192.51705932617188,58.61297607421875,206.5599365234375,60.04139709472656,176.04409790039062,83.5514907836914,0.0,0.0,157.216796875,79.94998168945312,0.0,0.0,189.2023468017578,126.43770599365234,198.8939666748047,125.50363159179688,188.46319580078125,172.7505340576172,196.36325073242188,171.69857788085938,193.4427490234375,215.8580017089844,198.36068725585935,211.66824340820312
158,175.89642333984375,48.08610534667969,177.0760040283203,43.51454162597656,0.0,0.0,188.63706970214844,38.91143035888672,0.0,0.0,191.94158935546875,58.78791809082031,207.0401763916016,60.07232666015625,173.75416564941406,83.76404571533203,0.0,0.0,156.37734985351562,79.71378326416016,0.0,0.0,188.9124298095703,126.10669708251952,199.30039978027344,125.25033569335938,187.99571228027344,172.75289916992188,196.8633575439453,172.0286865234375,192.74188232421875,216.20587158203125,198.1537628173828,212.45260620117188
159,175.832763671875,48.194374084472656,176.99441528320312,43.53703308105469,0.0,0.0,188.6397705078125,38.88792419433594,0.0,0.0,191.5042724609375,58.6531982421875,208.07522583007807,60.12066650390625,173.42160034179688,83.48822784423828,0.0,0.0,156.63906860351562,79.86341857910156,0.0,0.0,188.78109741210935,125.80305480957033,200.3884429931641,125.09044647216795,186.7748870849609,172.2110595703125,198.02337646484372,172.06405639648438,190.4609222412109,216.41326904296875,198.36831665039065,213.41357421875
160,175.93138122558594,48.224708557128906,176.99609375,43.59847259521485,0.0,0.0,188.71286010742188,38.80682373046875,0.0,0.0,192.26687622070312,58.565208435058594,207.5496826171875,60.14075469970703,175.3798370361328,83.96916961669922,0.0,0.0,158.13433837890625,79.88595581054688,0.0,0.0,189.1287384033203,125.81503295898438,199.8946228027344,125.1135482788086,187.5819091796875,172.32818603515625,197.62985229492188,172.09881591796875,191.89205932617188,216.44696044921875,198.2954559326172,213.1751708984375
161,176.10940551757812,48.30953979492188,177.1341552734375,43.75830078125,0.0,0.0,188.83627319335935,38.80290985107422,0.0,0.0,193.6510467529297,58.55823516845703,207.0750274658203,59.45338439941406,179.04220581054688,84.1520767211914,0.0,0.0,159.81944274902344,80.0341796875,0.0,0.0,189.64816284179688,126.0022964477539,198.84893798828125,124.86659240722656,188.64686584472656,172.6865692138672,196.154296875,172.02769470214844,193.4614715576172,216.46090698242188,197.47315979003903,213.5070343017578
162,176.13719177246094,48.310646057128906,177.13340759277344,43.74530029296875,0.0,0.0,188.76011657714844,38.808815002441406,0.0,0.0,193.11534118652344,58.45597839355469,207.69000244140625,59.43114471435547,178.6119842529297,84.02197265625,0.0,0.0,159.8685760498047,80.04034423828125,0.0,0.0,189.717529296875,125.76809692382812,199.8586578369141,124.76214599609376,188.16455078125,172.46957397460938,197.30386352539065,172.2059326171875,192.76107788085935,216.53530883789065,198.11029052734372,214.0885162353516
163,176.05242919921875,48.10296630859375,177.07247924804688,43.439414978027344,0.0,0.0,188.8882598876953,38.52019500732422,0.0,0.0,192.5240936279297,58.3631591796875,208.1632080078125,59.72917938232422,177.11038208007812,83.81779479980469,0.0,0.0,158.75387573242188,80.56554412841797,0.0,0.0,189.45639038085935,125.85943603515624,200.40013122558597,125.13093566894533,187.95089721679688,172.0736083984375,198.25543212890625,172.2838592529297,192.77476501464844,216.0711669921875,198.2284393310547,213.82318115234372
164,176.17225646972656,47.562782287597656,177.3572540283203,42.85399627685547,0.0,0.0,189.3291473388672,38.39128875732422,0.0,0.0,192.01675415039065,58.85009002685547,208.2179412841797,60.25287628173828,174.21824645996094,83.69805145263672,0.0,0.0,156.79656982421875,80.27047729492188,0.0,0.0,189.3257751464844,126.38282012939452,200.6549835205078,125.76068115234376,187.8834381103516,172.5810089111328,198.37136840820312,172.73641967773438,192.80978393554688,216.57565307617188,198.08203125,213.97769165039065
165,176.040283203125,47.07341003417969,177.52874755859375,42.37678527832031,0.0,0.0,189.8607482910156,38.633148193359375,0.0,0.0,191.51632690429688,59.375579833984375,208.89321899414065,60.797637939453125,173.2369384765625,83.74577331542969,0.0,0.0,156.157958984375,81.1983642578125,0.0,0.0,189.3609313964844,126.31080627441406,201.68130493164065,125.8320083618164,186.818359375,172.25941467285156,199.73666381835935,173.11962890625,191.1505126953125,215.9864654541016,198.85464477539065,214.567138671875
166,175.8511505126953,46.45157623291016,177.9429931640625,41.79472351074219,0.0,0.0,190.71490478515625,39.04948425292969,0.0,0.0,191.86669921875,60.05177307128906,208.1224365234375,60.66854095458984,173.8666534423828,84.548828125,0.0,0.0,155.718017578125,81.67465209960938,0.0,0.0,189.716552734375,127.52613830566406,200.8367156982422,126.5859603881836,187.77430725097656,174.46145629882812,199.3778839111328,174.26708984375,192.7372283935547,218.94464111328125,196.3960418701172,216.27963256835935
167,175.81369018554688,46.69134521484375,177.7421112060547,42.01874542236328,0.0,0.0,190.5673828125,39.00684356689453,0.0,0.0,192.4844207763672,60.01937484741211,207.53201293945312,60.850582122802734,174.44735717773438,84.47300720214844,0.0,0.0,155.8011016845703,81.53231811523438,0.0,0.0,190.0503387451172,127.84174346923828,200.2928771972656,126.91910552978516,188.57958984375,174.8850555419922,198.730224609375,174.37545776367188,193.8022308349609,219.5345764160156,196.03857421875,216.08099365234372
168,175.8201904296875,46.82052612304688,177.70941162109375,42.17598724365234,0.0,0.0,190.95138549804688,38.69795227050781,0.0,0.0,193.69012451171875,59.83384704589844,206.81455993652344,61.38594818115234,175.711181640625,85.582763671875,0.0,0.0,154.605224609375,84.032958984375,0.0,0.0,190.9902191162109,127.58715057373048,200.0887908935547,126.95574188232422,188.77479553222656,173.75833129882812,198.755859375,174.10897827148438,193.97776794433597,217.02670288085935,197.4376220703125,214.99679565429688
169,175.67059326171875,46.769317626953125,177.7425994873047,42.13957977294922,0.0,0.0,190.6927795410156,39.32415771484375,0.0,0.0,193.42678833007807,60.923641204833984,206.8695373535156,61.31211853027344,177.6606903076172,87.581787109375,0.0,0.0,155.33270263671875,86.35858154296875,0.0,0.0,191.22476196289065,128.2397003173828,200.344482421875,126.94498443603516,188.7828521728516,175.39344787597656,198.3638458251953,174.6209716796875,194.5546722412109,219.8251037597656,195.3728179931641,216.93499755859372
170,175.58294677734375,47.36439514160156,177.35641479492188,42.77796936035156,0.0,0.0,190.69302368164065,38.97395324707031,0.0,0.0,194.83712768554688,59.94862365722656,206.5681610107422,61.42910003662109,179.35256958007812,86.72631072998047,0.0,0.0,155.6832733154297,89.26417541503906,0.0,0.0,191.59971618652344,127.90259552001952,199.7165069580078,127.00724029541016,189.27944946289065,174.29949951171875,198.25881958007807,174.42330932617188,194.24099731445312,217.4355010986328,196.8956298828125,215.66668701171875
171,175.26007080078125,47.51458740234375,177.04603576660156,42.93109893798828,0.0,0.0,190.2882080078125,39.16813659667969,0.0,0.0,194.2735748291016,60.151214599609375,206.3629608154297,61.71083068847656,177.47337341308594,89.11273193359375,0.0,0.0,153.67330932617188,92.71134948730467,0.0,0.0,191.6383514404297,127.66464233398438,199.996337890625,126.85159301757812,188.92788696289065,174.63836669921875,198.4205017089844,174.8179473876953,194.14779663085935,218.63427734375,196.9676971435547,216.5277404785156
172,175.4026641845703,47.77254486083984,177.09262084960938,43.07112884521485,0.0,0.0,190.36773681640625,38.96915435791016,0.0,0.0,194.3028259277344,59.84877014160156,207.5243225097656,61.79168701171875,177.86370849609375,88.308349609375,0.0,0.0,153.9967041015625,92.56369018554688,0.0,0.0,191.6211853027344,128.2643280029297,200.7864532470703,127.5167465209961,188.29635620117188,175.08956909179688,198.60873413085935,175.47308349609375,193.02264404296875,219.0869140625,196.75814819335935,217.1302490234375
173,175.406982421875,48.13904571533203,177.0612030029297,43.55796813964844,0.0,0.0,190.24267578125,39.28868865966797,0.0,0.0,195.21173095703125,59.739105224609375,206.25613403320312,61.49855041503906,180.5716552734375,88.25762939453125,0.0,0.0,156.1580810546875,93.52487182617188,0.0,0.0,191.9027404785156,127.940673828125,199.45350646972656,127.06130981445312,189.351806640625,175.28131103515625,197.4095001220703,175.4912872314453,193.9163818359375,219.07232666015625,196.05963134765625,217.28909301757807
174,175.23646545410156,48.45235443115234,176.97067260742188,43.99925994873047,0.0,0.0,190.22874450683597,39.76853942871094,0.0,0.0,196.4231719970703,59.96471405029297,203.85145568847656,61.775672912597656,183.1398468017578,88.06298828125,0.0,0.0,158.24160766601562,94.88929748535156,0.0,0.0,192.3885498046875,127.87705993652344,197.296875,126.9783172607422,190.489990234375,175.379150390625,195.09616088867188,175.45068359375,195.39622497558597,218.9031982421875,194.60093688964844,217.0578155517578
175,175.55355834960938,49.21607208251953,177.01950073242188,44.56798553466797,0.0,0.0,190.1083984375,39.66148376464844,0.0,0.0,196.13259887695312,60.26457214355469,204.7512969970703,62.01729583740234,180.8076171875,89.33476257324219,0.0,0.0,156.1524200439453,96.06788635253906,0.0,0.0,191.96432495117188,128.78509521484375,197.76727294921875,127.91498565673828,189.7597198486328,175.73623657226562,195.25357055664065,175.89720153808594,194.4070587158203,218.80343627929688,195.21908569335935,216.9877166748047
176,175.70498657226562,49.41538238525391,177.077880859375,44.78399658203125,0.0,0.0,190.1187896728516,39.71288299560547,0.0,0.0,196.7455902099609,60.07746887207031,204.033203125,62.09101104736328,181.3386383056641,88.88479614257812,0.0,0.0,155.489013671875,96.21159362792967,0.0,0.0,192.4138641357422,128.3909912109375,197.34939575195312,127.57135009765624,189.89219665527344,175.50189208984375,194.7912139892578,175.60519409179688,194.2068328857422,218.87864685058597,194.80596923828125,216.77066040039065
177,175.7123565673828,49.469329833984375,177.08001708984375,44.81954956054688,0.0,0.0,190.05853271484372,39.71961212158203,0.0,0.0,196.5786590576172,60.074951171875,203.8719787597656,62.075782775878906,180.94021606445312,89.01116943359375,0.0,0.0,155.42901611328125,96.45637512207033,0.0,0.0,192.5534210205078,128.1379852294922,197.5288848876953,127.36681365966795,189.859130859375,175.32261657714844,194.9386444091797,175.48544311523438,194.1568756103516,218.87844848632807,194.9016571044922,216.76715087890625
178,175.4984893798828,49.666969299316406,176.9397735595703,45.02344512939453,0.0,0.0,190.0946350097656,39.77745056152344,0.0,0.0,197.63856506347656,60.2244873046875,201.94656372070312,62.03337860107422,180.3482666015625,90.24559020996094,0.0,0.0,153.96670532226562,96.9517059326172,0.0,0.0,193.46484375,128.9135284423828,195.8848571777344,127.96435546875,191.92257690429688,176.67282104492188,192.11746215820312,176.08567810058594,195.9599456787109,220.6842803955078,191.4803924560547,217.40542602539065
179,175.4565887451172,49.85292053222656,176.979736328125,45.25943756103516,0.0,0.0,190.1968536376953,39.85137939453125,0.0,0.0,199.5106506347656,59.90989685058594,198.64561462402344,62.38198852539063,182.44322204589844,89.47222900390625,0.0,0.0,155.36590576171875,97.41936492919922,159.00137329101562,96.97420501708984,194.65338134765625,129.08555603027344,193.2111968994141,128.2722930908203,193.67083740234372,177.02267456054688,188.70236206054688,176.11248779296875,196.6651611328125,221.12799072265625,188.1247100830078,216.92665100097656
180,175.27281188964844,49.51914978027344,176.93785095214844,45.017181396484375,0.0,0.0,190.1662750244141,40.06563568115234,0.0,0.0,198.96800231933597,60.17231750488281,198.7867126464844,62.42613220214844,183.09280395507807,89.88946533203125,0.0,0.0,155.4209442138672,97.98890686035156,158.69178771972656,97.44107818603516,194.33566284179688,128.63980102539062,193.52821350097656,127.79193115234376,192.69314575195312,176.2960205078125,189.6250915527344,175.7457275390625,196.0767059326172,220.07989501953125,188.95358276367188,216.8830108642578
181,175.25140380859375,49.63446044921875,176.9970245361328,45.08812713623047,0.0,0.0,190.2745819091797,40.14430236816406,0.0,0.0,198.8892059326172,60.402740478515625,199.57794189453125,62.160888671875,182.68673706054688,89.88607788085938,0.0,0.0,155.1939239501953,99.22795104980467,0.0,0.0,194.5155029296875,128.66673278808594,194.1337432861328,127.56000518798828,193.54183959960935,177.06088256835938,189.9710693359375,175.98245239257812,197.31695556640625,220.612060546875,189.5274658203125,216.95919799804688
182,175.27703857421875,49.63688659667969,177.00819396972656,45.090858459472656,0.0,0.0,190.28448486328125,40.1069564819336,0.0,0.0,198.85101318359372,60.31849670410156,199.6444549560547,62.12547302246094,182.41302490234372,89.87019348144531,0.0,0.0,155.17652893066406,99.26513671875,0.0,0.0,194.6039581298828,128.63381958007812,194.310791015625,127.56332397460938,193.5675201416016,177.12033081054688,190.14456176757807,176.05245971679688,197.40676879882807,220.67649841308597,189.6656951904297,216.9127655029297
183,175.10646057128906,49.77238464355469,176.85330200195312,45.09089660644531,0.0,0.0,189.74417114257807,40.213958740234375,0.0,0.0,196.1907501220703,60.585784912109375,202.1056365966797,62.399993896484375,180.8714599609375,90.6069793701172,0.0,0.0,156.17080688476562,99.82706451416016,0.0,0.0,193.3917236328125,127.93275451660156,197.2740936279297,127.14494323730467,190.6067657470703,176.29232788085938,194.9430694580078,176.16824340820312,195.6568603515625,220.2872314453125,194.82406616210935,217.957763671875
184,175.23512268066406,50.18174743652344,176.88169860839844,45.413612365722656,0.0,0.0,189.7833404541016,40.23765563964844,0.0,0.0,194.4561309814453,60.63398742675781,205.47006225585935,61.910491943359375,179.3701629638672,90.48811340332033,0.0,0.0,156.33042907714844,99.79002380371094,0.0,0.0,192.29412841796875,127.87860870361328,200.1153564453125,126.9833984375,188.43516540527344,175.72621154785156,197.9830322265625,175.93087768554688,193.327880859375,219.3329315185547,197.12538146972656,217.71725463867188
185,175.33493041992188,50.47093963623047,176.87069702148438,45.64640808105469,0.0,0.0,189.67926025390625,40.174560546875,0.0,0.0,194.72134399414065,60.48564147949219,205.3586578369141,61.87840270996094,179.37269592285156,90.4335708618164,0.0,0.0,155.93942260742188,100.14004516601562,0.0,0.0,192.4174346923828,127.80672454833984,199.96722412109372,126.93214416503906,188.53482055664065,175.79995727539062,197.6796875,175.96319580078125,193.65432739257807,219.4156188964844,197.33297729492188,217.64239501953125
186,175.38929748535156,50.73117065429688,176.976318359375,45.93087768554688,0.0,0.0,189.9699859619141,40.38709259033203,0.0,0.0,194.62796020507807,60.660400390625,205.7403259277344,61.87925720214844,178.78721618652344,90.6300811767578,0.0,0.0,155.08192443847656,100.55731964111328,0.0,0.0,192.0711212158203,127.98605346679688,200.01492309570312,127.0522689819336,188.19776916503903,175.52899169921875,197.9338531494141,175.68824768066406,193.2268829345703,219.1258087158203,197.55274963378903,217.39828491210935
187,175.40048217773438,50.72583770751953,176.977294921875,45.931190490722656,0.0,0.0,190.118896484375,40.27003479003906,0.0,0.0,195.9825592041016,60.88636779785156,204.1217041015625,62.02784729003906,179.3209686279297,91.4854507446289,0.0,0.0,155.2606964111328,100.06580352783205,0.0,0.0,192.55226135253903,128.79872131347656,197.9894256591797,127.69497680664062,190.36412048339844,176.5830078125,195.0044708251953,175.99729919433594,195.79904174804688,219.47506713867188,195.1923675537109,216.6649169921875
188,175.32723999023438,50.671363830566406,176.96310424804688,45.92597198486328,0.0,0.0,190.0861053466797,40.36006164550781,0.0,0.0,196.1307678222656,60.85646057128906,203.266845703125,62.06640625,179.60545349121094,91.30265808105467,0.0,0.0,155.03480529785156,99.2789077758789,0.0,0.0,192.77957153320312,128.49398803710938,197.53237915039065,127.4351806640625,190.5728302001953,176.12991333007812,194.84326171875,175.60047912597656,195.7259826660156,218.9118194580078,195.11849975585935,216.2340850830078
189,175.3912811279297,50.65301513671875,176.96279907226562,45.88755035400391,0.0,0.0,190.0606842041016,40.303253173828125,0.0,0.0,196.07781982421875,60.87738037109375,203.67904663085935,62.13568878173828,179.59408569335938,91.42466735839844,0.0,0.0,154.9492645263672,98.78173065185548,0.0,0.0,192.60855102539065,128.71505737304688,197.77105712890625,127.67776489257812,190.1801605224609,176.1015167236328,195.3356475830078,175.65219116210938,195.190185546875,219.08587646484372,195.6461944580078,216.47666931152344
190,175.431640625,50.74523162841797,176.9882354736328,45.99360656738281,0.0,0.0,190.28146362304688,40.2047119140625,0.0,0.0,197.3218994140625,60.6109619140625,202.6792907714844,62.10288238525391,180.85769653320312,91.04208374023438,0.0,0.0,155.4149627685547,99.01301574707033,0.0,0.0,193.37176513671875,128.9234161376953,196.8184051513672,127.89714813232422,191.328125,176.7293701171875,193.71324157714844,176.18804931640625,196.10577392578125,220.04396057128903,194.3529510498047,217.1981201171875
191,175.3767547607422,50.80162048339844,176.9697723388672,46.11286163330078,0.0,0.0,190.42149353027344,40.26387023925781,0.0,0.0,198.11376953125,60.55271911621094,201.595458984375,61.891258239746094,181.5426788330078,90.82040405273438,0.0,0.0,156.1428680419922,98.74750518798828,0.0,0.0,193.782470703125,128.92161560058594,195.68698120117188,127.78640747070312,192.39830017089844,176.94424438476562,191.6295166015625,176.1102752685547,197.10934448242188,220.0806884765625,192.3425750732422,216.88026428222656
192,175.35838317871094,50.83110046386719,176.9129638671875,46.072731018066406,0.0,0.0,190.3306121826172,40.15209197998047,0.0,0.0,197.77163696289065,60.53411102294922,202.02789306640625,62.0684814453125,181.03033447265625,91.02790832519533,0.0,0.0,155.57643127441406,99.25869750976562,0.0,0.0,193.61068725585935,128.9722900390625,196.217041015625,127.94485473632812,191.80877685546875,176.82974243164062,192.65684509277344,176.20535278320312,196.50277709960935,220.2279357910156,193.31158447265625,217.1875762939453
193,175.5379638671875,50.84954833984375,177.00457763671875,46.04254150390625,0.0,0.0,190.329833984375,40.084564208984375,0.0,0.0,197.01617431640625,60.70132446289063,203.34344482421875,61.96661376953125,179.5292510986328,91.38249969482422,0.0,0.0,154.63998413085938,99.30799102783205,0.0,0.0,193.1100311279297,129.09149169921875,197.3090667724609,128.0206756591797,190.97604370117188,177.05172729492188,194.1067352294922,176.40606689453125,195.99685668945312,220.1940460205078,194.83929443359372,217.1049041748047
194,175.6753692626953,50.88946533203125,177.06190490722656,46.13524627685547,0.0,0.0,190.3202209472656,40.18463134765625,0.0,0.0,197.0967712402344,60.61468505859375,203.3299865722656,61.838897705078125,179.86122131347656,90.8255615234375,0.0,0.0,154.9639892578125,98.78410339355467,0.0,0.0,192.9658660888672,128.9865264892578,197.11868286132807,127.92515563964844,191.0275115966797,176.89190673828125,194.20286560058597,176.31382751464844,195.94757080078125,219.85052490234372,194.8627777099609,216.86788940429688
195,175.61778259277344,50.91789245605469,176.9800262451172,46.190521240234375,0.0,0.0,190.1600799560547,40.14117431640625,0.0,0.0,197.56982421875,60.44963073730469,202.2127685546875,61.92890167236328,180.39459228515625,90.70355224609376,0.0,0.0,155.138671875,98.75045776367188,159.37428283691406,96.97981262207033,193.17971801757807,129.22015380859375,196.1285552978516,128.21273803710938,191.52926635742188,177.06137084960938,193.08534240722656,176.3659210205078,196.24185180664065,220.31350708007807,193.91159057617188,216.99542236328125
196,175.5952606201172,50.9053955078125,176.97027587890625,46.176666259765625,0.0,0.0,190.30035400390625,40.20780944824219,0.0,0.0,197.68112182617188,60.63201141357422,202.6414031982422,62.00422668457031,180.4691467285156,91.03733825683594,189.98416137695312,90.3110809326172,154.984375,98.80804443359376,159.4849853515625,96.86997985839844,192.9911956787109,129.30352783203125,196.1830902099609,128.23324584960938,191.347412109375,177.0308837890625,193.295166015625,176.34378051757812,196.01541137695312,220.11334228515625,194.14456176757807,216.92259216308597
197,175.59776306152344,50.90451049804688,176.9722137451172,46.174461364746094,0.0,0.0,190.30252075195312,40.2012939453125,0.0,0.0,197.6830596923828,60.623046875,202.64520263671875,62.00163269042969,180.46560668945312,91.0323715209961,189.98550415039065,90.31402587890624,154.98233032226562,98.80984497070312,159.4839630126953,96.87163543701172,192.9943389892578,129.29945373535156,196.1876220703125,128.23204040527344,191.3423614501953,177.0301971435547,193.2925720214844,176.34925842285156,196.01235961914065,220.1185302734375,194.14308166503903,216.93202209472656
198,175.5886688232422,50.91960144042969,176.98370361328125,46.121131896972656,0.0,0.0,190.2193603515625,40.19386291503906,0.0,0.0,197.34054565429688,60.846717834472656,202.6773681640625,62.15493774414063,179.7005615234375,91.36273193359376,0.0,0.0,154.8795166015625,98.51929473876952,0.0,0.0,192.9963836669922,129.2164764404297,196.38015747070312,128.16024780273438,191.6877593994141,176.9599609375,193.30047607421875,176.19375610351562,196.5453338623047,219.99029541015625,194.11997985839844,216.63140869140625
199,175.57077026367188,50.93004608154297,176.89080810546875,46.11701965332031,0.0,0.0,189.9108428955078,40.2001953125,0.0,0.0,196.2413482666016,60.9268798828125,203.985107421875,62.06900024414063,178.91323852539062,91.3094482421875,0.0,0.0,154.7864990234375,98.66290283203124,0.0,0.0,192.44512939453125,129.17166137695312,197.68069458007807,128.1134033203125,190.7086944580078,176.5755615234375,194.826171875,175.98907470703125,195.91392517089844,219.181396484375,195.8265838623047,216.19308471679688
200,175.57577514648438,50.85504150390625,176.91212463378906,46.06324005126953,0.0,0.0,189.91311645507807,40.16354370117188,0.0,0.0,196.3971710205078,60.7677001953125,203.9741058349609,61.88883972167969,179.6795654296875,90.83030700683594,0.0,0.0,154.9408416748047,98.68799591064452,0.0,0.0,192.27606201171875,129.0612030029297,197.3631591796875,127.93749237060548,190.63121032714844,176.69482421875,194.6093292236328,176.0789337158203,195.93441772460935,219.26080322265625,195.67623901367188,216.39300537109372
201,175.52023315429688,50.87831115722656,176.7621612548828,46.08818054199219,0.0,0.0,189.7141876220703,40.087738037109375,0.0,0.0,196.57791137695312,60.67843627929688,203.47434997558597,62.022308349609375,179.658447265625,90.86334228515624,0.0,0.0,154.9605712890625,98.87157440185548,0.0,0.0,192.4869079589844,129.1992950439453,197.1654052734375,128.187744140625,190.6923065185547,176.57730102539062,194.44497680664065,176.0637969970703,195.5917205810547,219.47760009765625,195.79139709472656,216.56593322753903
202,175.5597381591797,50.96599578857422,176.772705078125,46.20935821533203,0.0,0.0,189.61785888671875,40.12350463867188,0.0,0.0,197.2764892578125,60.55213165283203,201.78680419921875,61.96753692626953,180.26145935058597,90.69889831542967,0.0,0.0,155.2397918701172,98.97004699707033,159.36273193359375,96.97314453125,192.9964904785156,129.09988403320312,195.8100128173828,128.0825958251953,191.48953247070312,176.72171020507812,192.28860473632807,176.07273864746094,195.2956695556641,219.81478881835935,192.9720916748047,216.6802673339844
203,175.57049560546875,51.00945281982422,176.7622528076172,46.250335693359375,0.0,0.0,189.66036987304688,40.14788818359375,0.0,0.0,197.7191162109375,60.66301727294922,201.67535400390625,62.04463958740234,181.0041656494141,90.93376922607422,0.0,0.0,155.4392852783203,99.02669525146484,159.35552978515625,97.06759643554688,192.93472290039065,129.3546600341797,195.33126831054688,128.2610321044922,191.66346740722656,177.00167846679688,191.83729553222656,176.25827026367188,195.46206665039065,220.00289916992188,192.85916137695312,216.89166259765625
204,175.63101196289062,51.07514953613281,176.75205993652344,46.302734375,0.0,0.0,189.51812744140625,40.14738464355469,0.0,0.0,197.5702209472656,60.67339324951172,201.8674774169922,62.06337738037109,181.0313720703125,90.88116455078124,0.0,0.0,155.43136596679688,98.9772720336914,159.09825134277344,96.96812438964844,192.9039306640625,129.18788146972656,195.6326446533203,128.12509155273438,191.7408447265625,176.7955322265625,192.54112243652344,176.05569458007812,196.1531524658203,219.5660552978516,194.30026245117188,216.46856689453125
205,175.43235778808594,50.73994445800781,176.7991485595703,46.129180908203125,0.0,0.0,189.72694396972656,40.31116485595703,0.0,0.0,199.36404418945312,60.637184143066406,197.90386962890625,62.22235107421875,183.1427154541016,90.2922821044922,186.3016815185547,89.49195861816406,156.57972717285156,99.15921020507812,159.06472778320312,96.77182006835938,194.11602783203125,129.32762145996094,192.46505737304688,128.25010681152344,193.8681640625,177.30172729492188,188.73306274414065,176.08782958984375,197.0707092285156,220.19186401367188,189.9332427978516,216.2940673828125
206,175.49095153808594,50.72065734863281,176.84364318847656,46.14450073242188,0.0,0.0,189.6690673828125,40.31770324707031,0.0,0.0,199.7558441162109,60.34910583496094,197.12136840820312,62.24155426025391,184.1224670410156,89.58370208740234,185.65809631347656,89.33477020263672,156.97105407714844,98.9383544921875,158.99945068359375,96.8229522705078,194.3788299560547,129.00372314453125,191.8977508544922,128.0092010498047,194.1871032714844,177.0874786376953,188.3120574951172,175.86996459960938,197.23220825195312,220.2162170410156,189.36685180664065,216.1474151611328
207,175.54776000976562,50.816497802734375,176.75698852539062,46.216270446777344,0.0,0.0,189.44659423828125,40.27205657958984,0.0,0.0,198.7025146484375,60.443809509277344,199.13742065429688,62.02613067626953,183.0760040283203,89.75867462158203,187.39161682128903,89.00703430175781,156.7077178955078,98.90728759765624,159.33192443847656,96.59207153320312,193.51687622070312,128.9051971435547,193.3272399902344,127.83634948730467,193.25665283203125,176.7281494140625,190.03759765625,175.5858154296875,197.79286193847656,219.54193115234372,192.05877685546875,215.77804565429688
208,175.5518341064453,50.66343688964844,176.7949676513672,45.99725341796875,0.0,0.0,189.4607696533203,40.21676635742188,0.0,0.0,197.264892578125,60.46246337890625,201.18907165527344,61.93024444580078,181.35012817382807,89.94203186035156,189.11984252929688,89.21692657470703,155.962890625,99.03693389892578,159.87744140625,96.9132080078125,192.7618103027344,128.4465789794922,195.2861175537109,127.45703887939452,191.4929656982422,176.23707580566406,193.0638427734375,175.50840759277344,196.1427001953125,219.01885986328125,194.50799560546875,215.8106384277344
209,175.5478057861328,50.69928741455078,176.81300354003906,46.01985931396485,0.0,0.0,189.4736785888672,40.20040893554688,0.0,0.0,197.4794158935547,60.43049621582031,200.65509033203125,62.057525634765625,181.8597869873047,89.66822814941406,188.84808349609372,89.06887817382812,156.59188842773438,98.70765686035156,160.0321044921875,96.60667419433594,192.8155670166016,128.4234161376953,194.7709503173828,127.50286102294922,191.73944091796875,175.97471618652344,192.35574340820312,175.35836791992188,196.4449615478516,218.6753845214844,193.98638916015625,215.61073303222656
210,175.60763549804688,50.82435607910156,176.8204803466797,46.13520812988281,0.0,0.0,189.4224395751953,40.15321350097656,0.0,0.0,197.6729431152344,60.22605895996094,200.2550048828125,62.01532745361328,182.2151336669922,89.49449157714844,188.42514038085935,89.0880126953125,156.68246459960938,98.73954010009766,159.787353515625,96.74679565429688,192.79574584960935,128.32977294921875,194.34344482421875,127.46554565429688,191.7401428222656,175.74234008789062,192.00457763671875,175.21434020996094,196.05142211914065,218.5475006103516,193.4071502685547,215.54507446289065
211,175.58445739746094,50.62689208984375,176.90196228027344,45.86212158203125,0.0,0.0,189.5664520263672,40.15960693359375,0.0,0.0,196.13021850585935,60.716941833496094,202.59849548339844,62.15006256103516,179.78619384765625,90.1374053955078,0.0,0.0,155.27163696289062,99.00495910644533,0.0,0.0,191.93423461914065,128.5213623046875,196.4281768798828,127.62178802490234,189.8881378173828,175.723388671875,194.35687255859372,175.5386199951172,194.21310424804688,218.39077758789065,195.6534118652344,216.13536071777344
212,175.58445739746094,50.62689208984375,176.90196228027344,45.86212158203125,0.0,0.0,189.5664520263672,40.15960693359375,0.0,0.0,196.13021850585935,60.716941833496094,202.59849548339844,62.15006256103516,179.78619384765625,90.1374053955078,0.0,0.0,155.27163696289062,99.00495910644533,0.0,0.0,191.93423461914065,128.5213623046875,196.4281768798828,127.62178802490234,189.8881378173828,175.723388671875,194.35687255859372,175.5386199951172,194.21310424804688,218.39077758789065,195.6534118652344,216.13536071777344
213,175.69580078125,50.78273010253906,176.98455810546875,45.93498229980469,0.0,0.0,189.61460876464844,40.05218505859375,0.0,0.0,195.5478515625,60.72895812988281,203.82699584960935,62.155853271484375,178.9514617919922,90.16768646240234,0.0,0.0,154.6853790283203,99.2135238647461,0.0,0.0,191.49742126464844,128.79054260253906,197.3329162597656,127.89999389648438,189.27615356445312,175.75576782226562,195.391357421875,175.68130493164062,193.79541015625,218.22152709960935,196.6856842041016,216.11785888671875
214,175.56935119628906,50.61585235595703,176.9530029296875,45.789344787597656,0.0,0.0,189.75067138671875,40.14886474609375,0.0,0.0,195.9367218017578,61.039947509765625,203.2634735107422,62.2569580078125,179.4163818359375,90.38371276855467,0.0,0.0,155.33311462402344,99.1576690673828,0.0,0.0,191.6868438720703,128.92709350585938,196.7115936279297,127.94000244140624,189.9442901611328,175.9102325439453,194.41177368164065,175.6602783203125,194.5578765869141,218.1910400390625,195.6330718994141,215.9803771972656
215,175.57281494140625,50.613319396972656,176.95176696777344,45.78857421875,0.0,0.0,189.7624969482422,40.1357421875,0.0,0.0,196.08485412597656,61.01490020751953,203.0954132080078,62.255958557128906,179.5657196044922,90.37764739990234,0.0,0.0,155.44293212890625,99.1903839111328,0.0,0.0,191.7753753662109,128.9757080078125,196.5538482666016,127.99354553222656,190.1490478515625,176.04794311523438,194.23504638671875,175.765380859375,194.8549041748047,218.28233337402344,195.55796813964844,216.0001220703125
216,175.6062469482422,50.83290863037109,176.89210510253906,45.97795867919922,0.0,0.0,189.58799743652344,40.11785888671875,0.0,0.0,196.0692596435547,60.98716735839844,203.0407867431641,62.22798156738281,179.59971618652344,90.47013854980467,0.0,0.0,155.77288818359375,99.1842041015625,0.0,0.0,191.7689666748047,129.0141143798828,196.56109619140625,128.04104614257812,190.11456298828125,175.97927856445312,194.22640991210935,175.68426513671875,194.5454864501953,218.2510528564453,195.6766662597656,215.92605590820312
217,175.52757263183594,50.661865234375,176.88278198242188,45.811065673828125,0.0,0.0,189.75653076171875,40.12669372558594,0.0,0.0,195.8355712890625,61.159271240234375,203.63479614257807,62.28166961669922,179.2008819580078,90.5022964477539,0.0,0.0,155.6725616455078,99.12339782714844,0.0,0.0,191.51150512695312,129.12498474121094,196.92355346679688,128.12661743164062,189.84548950195312,176.02484130859375,194.72640991210935,175.7603759765625,194.66879272460935,218.00669860839844,196.27581787109372,215.76329040527344
218,175.54617309570312,50.64143371582031,176.90516662597656,45.79783630371094,0.0,0.0,189.7787628173828,40.10504913330078,0.0,0.0,195.9505615234375,61.080413818359375,203.65333557128903,62.199981689453125,179.43455505371094,90.38873291015624,0.0,0.0,155.8975372314453,99.07665252685548,0.0,0.0,191.7115936279297,129.170166015625,197.0244598388672,128.16770935058594,190.08621215820312,176.23553466796875,194.76788330078125,175.9627227783203,194.8591461181641,218.40774536132807,196.2844390869141,216.14926147460935
219,175.62452697753906,50.87415313720703,176.895263671875,45.97273254394531,0.0,0.0,189.76498413085935,40.00725555419922,0.0,0.0,196.19664001464844,61.02496337890625,203.70736694335935,62.15362548828125,179.41246032714844,90.53341674804688,0.0,0.0,155.82017517089844,99.05450439453124,0.0,0.0,191.7732391357422,129.45562744140625,196.9078369140625,128.42245483398438,190.1408843994141,176.60751342773438,194.1968688964844,176.26419067382812,194.8093414306641,218.58164978027344,195.8610076904297,216.21420288085935
220,175.6614990234375,50.76470184326172,176.8789825439453,45.851295471191406,0.0,0.0,189.7315368652344,39.81630706787109,0.0,0.0,196.30123901367188,60.75389862060547,204.23028564453125,62.04796600341797,179.3569793701172,90.01896667480469,0.0,0.0,155.43824768066406,99.13860321044922,0.0,0.0,191.5331268310547,129.77752685546875,196.93446350097656,128.72381591796875,189.6368408203125,177.23623657226562,193.9544677734375,176.83721923828125,194.52313232421875,219.68174743652344,195.9698181152344,217.12864685058597
221,175.5899200439453,50.80767059326172,176.94581604003906,45.81786346435547,0.0,0.0,189.7365875244141,39.80500030517578,0.0,0.0,196.7483673095703,60.80259704589844,202.33120727539065,62.59391784667969,178.59942626953125,90.26697540283205,0.0,0.0,154.7764129638672,99.45252227783205,0.0,0.0,192.31741333007807,129.6994171142578,195.8358459472656,128.83493041992188,190.85003662109372,177.2954559326172,192.36764526367188,176.73545837402344,195.5305633544922,220.16058349609372,194.156005859375,216.93968200683597
222,175.5089569091797,50.65679931640625,176.91612243652344,45.71588134765625,0.0,0.0,189.7101287841797,39.84034729003906,0.0,0.0,196.75100708007807,60.76869201660156,201.7442169189453,62.587799072265625,178.62384033203125,90.17396545410156,0.0,0.0,154.77719116210938,99.45083618164062,0.0,0.0,192.3977203369141,129.46334838867188,195.48580932617188,128.620849609375,191.0364990234375,176.83590698242188,192.2702789306641,176.22970581054688,195.43148803710935,219.45465087890625,193.6878204345703,216.10235595703125
223,175.5463409423828,50.42992401123047,176.8767547607422,45.52679443359375,0.0,0.0,189.6986846923828,39.63938903808594,0.0,0.0,196.79312133789065,60.75431060791016,202.0883331298828,62.30491638183594,178.23080444335938,90.35724639892578,0.0,0.0,153.60543823242188,97.30936431884766,0.0,0.0,192.2315216064453,129.96908569335938,195.521728515625,128.9881134033203,190.9335021972656,177.35064697265625,192.0748748779297,176.59994506835938,195.11734008789065,219.71063232421875,193.80088806152344,216.3857421875
224,175.50067138671875,50.08530426025391,176.9779815673828,45.32452392578125,0.0,0.0,189.68446350097656,39.79579162597656,0.0,0.0,196.00634765625,60.28147888183594,202.7442169189453,62.26976013183594,176.98231506347656,87.22528839111328,0.0,0.0,152.03843688964844,96.6905517578125,0.0,0.0,192.00970458984372,129.52911376953125,196.0386657714844,128.65469360351562,191.3671112060547,176.62966918945312,192.62115478515625,175.82940673828125,196.1122283935547,219.5034637451172,194.14947509765625,215.7708740234375
225,175.48117065429688,49.40534973144531,177.01235961914062,44.76008605957031,0.0,0.0,189.4736328125,39.570709228515625,0.0,0.0,195.01028442382807,59.685508728027344,203.9466857910156,61.90657043457031,176.8172607421875,85.62063598632812,0.0,0.0,152.58868408203125,95.62678527832033,0.0,0.0,191.26898193359372,129.2875213623047,196.8557281494141,128.50021362304688,190.21514892578125,176.45802307128906,193.8551483154297,175.98751831054688,195.0268402099609,219.3780517578125,195.6968231201172,216.2593231201172
226,175.5553741455078,49.62574768066406,176.8896026611328,44.89122772216797,0.0,0.0,189.02130126953125,39.61207580566406,0.0,0.0,193.39447021484372,59.80093383789063,205.67758178710935,61.97386932373047,174.8810577392578,85.43397521972656,0.0,0.0,151.80215454101562,94.13095092773438,0.0,0.0,190.8503875732422,128.92869567871094,199.24327087402344,128.29635620117188,188.6519470214844,176.0965118408203,196.92095947265625,176.02920532226562,193.2247467041016,218.90264892578125,198.1978454589844,216.14308166503903
227,175.5430145263672,49.63038635253906,176.88912963867188,44.89563751220703,0.0,0.0,189.0477752685547,39.60983276367188,0.0,0.0,193.49464416503903,59.76808166503906,205.6613922119141,61.97090911865234,174.9247283935547,85.33700561523438,0.0,0.0,151.576904296875,93.81890869140624,0.0,0.0,190.92404174804688,128.9305419921875,199.19711303710935,128.28680419921875,188.7191467285156,176.12721252441406,196.8065185546875,176.04209899902344,193.19583129882807,218.90316772460935,198.09939575195312,216.1547393798828
228,175.56268310546875,49.57252502441406,176.74234008789062,44.774169921875,0.0,0.0,188.6554107666016,39.63180541992188,0.0,0.0,192.1903839111328,59.74220275878906,208.2197723388672,62.27497863769531,174.84005737304688,83.94082641601562,0.0,0.0,151.8843231201172,92.84697723388672,0.0,0.0,190.18386840820312,129.00900268554688,201.53500366210935,128.52383422851562,186.6381683349609,175.89019775390625,199.3797912597656,176.4990692138672,190.4049072265625,218.5460357666016,200.2154998779297,216.7273712158203
229,176.01206970214844,49.47438049316406,176.8789825439453,44.69659423828125,0.0,0.0,188.05709838867188,39.342811584472656,0.0,0.0,191.3516845703125,59.45649719238281,208.71771240234372,61.73552703857422,174.05116271972656,83.96373748779297,0.0,0.0,151.8083953857422,92.44600677490234,0.0,0.0,189.212890625,129.01486206054688,201.6841278076172,128.4592742919922,185.4079742431641,175.69427490234375,199.5402374267578,176.16085815429688,189.3610992431641,218.67767333984372,200.5557861328125,216.7180633544922
230,176.18336486816406,49.77749633789063,177.09446716308594,44.98582458496094,0.0,0.0,188.6116180419922,39.51106262207031,0.0,0.0,192.23577880859372,59.59390258789063,208.61880493164065,61.85530090332031,174.612548828125,83.92904663085938,0.0,0.0,152.14224243164062,91.61946105957033,0.0,0.0,190.04515075683597,129.20298767089844,201.6810302734375,128.6337432861328,186.65032958984372,175.0999755859375,199.1659240722656,175.52951049804688,190.3695068359375,217.738525390625,200.1366424560547,215.80540466308597
231,176.15855407714844,49.72505187988281,177.14622497558594,44.93566131591797,0.0,0.0,188.74343872070312,39.63835906982422,0.0,0.0,192.05447387695312,59.64083099365234,209.19561767578125,62.0872802734375,174.52899169921875,83.38528442382812,0.0,0.0,151.76132202148438,91.75553894042967,0.0,0.0,190.205322265625,129.29180908203125,202.3609619140625,128.77084350585938,186.49615478515625,175.17579650878906,199.78956604003903,175.68789672851562,190.44032287597656,218.0389404296875,200.3060302734375,216.0509033203125
232,176.12107849121094,49.66204071044922,177.16525268554688,44.89324951171875,0.0,0.0,188.78778076171875,39.6588134765625,0.0,0.0,191.92308044433597,59.48599243164063,209.3675842285156,62.03146362304688,174.3378448486328,82.93964385986328,0.0,0.0,151.67459106445312,91.76255798339844,0.0,0.0,190.46212768554688,128.94065856933594,202.82464599609372,128.4812469482422,186.5775604248047,175.08871459960938,200.18533325195312,175.73721313476562,190.5113677978516,218.1217193603516,200.5414581298828,216.2847442626953
233,176.0114288330078,49.625267028808594,177.14312744140625,44.87864685058594,0.0,0.0,189.05645751953125,39.65503692626953,0.0,0.0,192.37928771972656,59.453399658203125,209.14926147460935,61.852317810058594,175.622802734375,83.14701843261719,0.0,0.0,152.1745147705078,92.32998657226562,0.0,0.0,190.4199981689453,129.0608367919922,202.40675354003903,128.52000427246094,185.8639373779297,175.47073364257812,199.7489318847656,176.24559020996094,190.2160186767578,218.57049560546875,200.39508056640625,217.14682006835935
234,175.8520050048828,49.77197265625,177.1373291015625,44.98779296875,0.0,0.0,189.10232543945312,39.82585906982422,0.0,0.0,191.84336853027344,59.57575225830078,209.3568420410156,62.34907531738281,174.55404663085938,83.63666534423828,0.0,0.0,152.1591033935547,94.04010772705078,0.0,0.0,190.85491943359372,129.20382690429688,203.2344207763672,128.83673095703125,186.34130859375,175.75665283203125,200.1470947265625,176.59402465820312,190.9258575439453,219.07308959960935,200.2093505859375,217.33053588867188
235,175.8357391357422,49.83097839355469,177.09947204589844,44.94806671142578,0.0,0.0,189.2025451660156,39.52604675292969,0.0,0.0,192.2206878662109,59.65853118896485,208.8374786376953,62.25169372558594,173.49298095703125,85.62297821044922,0.0,0.0,150.78001403808594,97.79813385009766,0.0,0.0,190.9330902099609,129.24288940429688,202.60903930664065,128.82876586914062,186.6327972412109,175.95974731445312,199.27777099609372,176.6014862060547,191.35955810546875,219.907958984375,199.51255798339844,217.54666137695312
236,175.89544677734375,49.666297912597656,177.0341033935547,44.8167724609375,0.0,0.0,189.2248077392578,39.2659912109375,0.0,0.0,193.13706970214844,59.22489929199219,208.60964965820312,62.13364410400391,175.5639190673828,85.62223815917969,0.0,0.0,150.3502960205078,99.06893157958984,0.0,0.0,191.13291931152344,129.0264892578125,202.0977783203125,128.61634826660156,186.80581665039065,176.22413635253906,199.2767333984375,176.9267120361328,191.99166870117188,220.48802185058597,199.79135131835935,218.17239379882807
237,175.86387634277344,49.66705322265625,177.04257202148438,44.836570739746094,0.0,0.0,189.2094573974609,39.33416748046875,0.0,0.0,193.1385040283203,59.31990051269531,208.20101928710935,62.13255310058594,175.45108032226562,85.71380615234375,0.0,0.0,150.3477783203125,99.00213623046876,0.0,0.0,191.10971069335935,129.1412353515625,201.66329956054688,128.71339416503906,187.572021484375,176.52484130859375,199.05810546875,177.0962371826172,193.159912109375,220.78384399414065,199.60736083984372,218.33290100097656
238,175.66587829589844,49.72718048095703,176.8726348876953,44.80769348144531,0.0,0.0,189.2367401123047,39.16703796386719,0.0,0.0,192.4822235107422,59.556182861328125,208.74302673339844,62.07593536376953,173.09356689453125,87.15585327148438,0.0,0.0,149.16334533691406,100.01422119140624,0.0,0.0,190.23216247558597,129.513916015625,201.81805419921875,129.06008911132812,185.88511657714844,176.71810913085938,199.29551696777344,177.4024658203125,190.6289520263672,220.81396484375,199.96051025390625,218.46282958984372
239,175.6610870361328,49.63227844238281,176.9541778564453,44.80787658691406,0.0,0.0,189.28445434570312,39.36907958984375,0.0,0.0,192.79473876953125,59.393341064453125,208.30860900878903,62.00996398925781,174.81564331054688,85.94761657714844,0.0,0.0,150.72171020507812,99.67674255371094,0.0,0.0,190.253173828125,129.11880493164062,201.229736328125,128.63632202148438,186.34825134277344,176.55783081054688,198.8070068359375,177.1859130859375,191.46929931640625,220.67181396484372,199.61990356445312,218.37286376953125
240,175.57589721679688,49.615989685058594,176.9031982421875,44.80322265625,0.0,0.0,189.3093414306641,39.377288818359375,0.0,0.0,192.7835693359375,59.32726287841797,208.24163818359372,61.95069122314453,175.12608337402344,85.78884887695312,0.0,0.0,151.27468872070312,99.30426788330078,0.0,0.0,190.4713592529297,129.07470703125,201.39920043945312,128.6160430908203,186.84266662597656,176.48548889160156,199.18832397460935,177.10870361328125,192.11289978027344,220.4151611328125,199.72450256347656,218.11294555664065
241,175.34521484375,49.467552185058594,176.78392028808594,44.66485595703125,0.0,0.0,189.3141326904297,39.4925537109375,0.0,0.0,192.48626708984372,59.74892425537109,208.1897430419922,62.26905822753906,174.6973114013672,86.36322021484375,0.0,0.0,151.06414794921875,99.48851013183594,0.0,0.0,190.6750640869141,129.6290283203125,201.7869873046875,129.1665496826172,186.60299682617188,176.92486572265625,199.2840118408203,177.60789489746094,191.91978454589844,220.8003692626953,199.6400451660156,218.66439819335935
242,175.34521484375,49.467552185058594,176.78392028808594,44.66485595703125,0.0,0.0,189.3141326904297,39.4925537109375,0.0,0.0,192.48626708984372,59.74892425537109,208.1897430419922,62.26905822753906,174.6973114013672,86.36322021484375,0.0,0.0,151.06414794921875,99.48851013183594,0.0,0.0,190.6750640869141,129.6290283203125,201.7869873046875,129.1665496826172,186.60299682617188,176.92486572265625,199.2840118408203,177.60789489746094,191.91978454589844,220.8003692626953,199.6400451660156,218.66439819335935
243,175.30633544921875,49.48867034912109,176.74867248535156,44.66862487792969,0.0,0.0,189.2458648681641,39.52668762207031,0.0,0.0,192.3080291748047,59.78311920166016,208.31515502929688,62.21607971191406,175.0854949951172,86.26679992675781,0.0,0.0,152.22206115722656,99.1025619506836,0.0,0.0,190.63624572753903,129.77879333496094,202.00721740722656,129.33058166503906,186.5793914794922,177.2997589111328,199.62982177734372,178.10263061523438,191.58648681640625,221.04283142089844,0.0,0.0
244,175.12258911132812,49.15336608886719,176.6234893798828,44.4937744140625,0.0,0.0,189.26168823242188,39.64032745361328,0.0,0.0,192.94146728515625,59.56452941894531,207.36476135253903,61.88688659667969,177.4796600341797,85.45720672607422,0.0,0.0,154.33998107910156,98.06710815429688,0.0,0.0,191.0623016357422,128.75271606445312,201.4701385498047,128.22097778320312,186.62567138671875,176.38612365722656,199.1927795410156,177.11703491210938,191.3695831298828,220.46759033203125,0.0,0.0
245,175.07968139648438,49.14900970458984,176.59152221679688,44.4677963256836,0.0,0.0,189.3073883056641,39.50959014892578,0.0,0.0,193.12950134277344,59.47589111328125,207.21829223632807,61.83543395996094,177.47720336914062,85.47884368896484,0.0,0.0,153.80397033691406,98.13368225097656,0.0,0.0,190.8936920166016,129.03445434570312,200.95632934570312,128.4750518798828,186.8804168701172,176.7904052734375,198.6709899902344,177.43893432617188,192.1004180908203,220.87774658203125,0.0,0.0
246,175.0031280517578,48.97013092041016,176.54971313476562,44.30809783935547,0.0,0.0,189.298583984375,39.5413818359375,0.0,0.0,193.0057373046875,59.66255187988281,207.1030120849609,61.79541015625,176.92330932617188,85.68260192871094,0.0,0.0,153.51358032226562,98.25306701660156,0.0,0.0,191.17355346679688,128.65365600585938,201.1798248291016,128.0406494140625,187.49923706054688,176.38526916503906,198.7140655517578,176.86341857910156,192.8347320556641,220.52142333984372,0.0,0.0
247,174.96182250976562,49.016334533691406,176.5641326904297,44.31536865234375,0.0,0.0,189.4957733154297,39.51960754394531,0.0,0.0,193.24777221679688,59.630470275878906,207.1409454345703,61.826080322265625,176.91439819335938,85.57719421386719,0.0,0.0,153.42762756347656,98.2999267578125,0.0,0.0,191.4334716796875,128.65501403808594,201.32986450195312,128.0357666015625,186.78399658203125,176.6890869140625,198.20065307617188,177.23825073242188,191.89117431640625,221.01194763183597,0.0,0.0
248,175.02401733398438,49.06414794921875,176.5982208251953,44.385162353515625,0.0,0.0,189.4364013671875,39.53643798828125,0.0,0.0,193.18881225585935,59.47113037109375,207.2718963623047,61.68849182128906,177.64456176757812,85.28739929199219,0.0,0.0,154.38311767578125,98.21478271484376,0.0,0.0,191.49456787109372,128.48297119140625,201.5366973876953,127.87525177001952,187.08453369140625,176.35452270507812,198.54063415527344,176.91705322265625,192.4403839111328,220.5110626220703,0.0,0.0
249,175.0482635498047,49.30612182617188,176.56658935546875,44.554931640625,0.0,0.0,189.34869384765625,39.53307342529297,0.0,0.0,192.8359222412109,59.60774230957031,207.6457061767578,61.89429473876953,176.4166717529297,85.69563293457031,0.0,0.0,153.5302276611328,98.43374633789062,0.0,0.0,191.37152099609372,128.73643493652344,201.99148559570312,128.1795196533203,186.401123046875,176.09768676757812,198.65139770507807,176.72914123535156,191.46609497070312,220.33126831054688,0.0,0.0
250,175.07032775878906,49.20672607421875,176.61138916015625,44.45743560791016,0.0,0.0,189.4755096435547,39.48590087890625,0.0,0.0,193.1933441162109,59.54643249511719,207.32423400878903,61.9312744140625,176.74131774902344,85.67924499511719,0.0,0.0,153.8157196044922,98.43080139160156,0.0,0.0,191.31463623046875,128.89817810058594,201.3878173828125,128.3630828857422,186.8167724609375,176.32269287109375,198.3708038330078,176.90478515625,191.85728454589844,220.8929443359375,0.0,0.0
251,175.11354064941406,49.198577880859375,176.64730834960938,44.44686126708984,0.0,0.0,189.30714416503903,39.511680603027344,0.0,0.0,192.7064666748047,59.55021667480469,207.7716827392578,61.91481018066406,176.69314575195312,85.98626708984375,0.0,0.0,153.94517517089844,98.6587371826172,0.0,0.0,191.00320434570312,128.655029296875,201.86672973632807,128.12179565429688,185.7295837402344,176.11285400390625,198.80734252929688,176.87692260742188,190.46946716308597,220.217529296875,0.0,0.0
252,175.1342315673828,49.19277191162109,176.6602020263672,44.45751190185547,0.0,0.0,189.307373046875,39.49480438232422,0.0,0.0,192.7511749267578,59.43074035644531,207.75424194335935,61.84861755371094,176.90798950195312,85.77066040039062,0.0,0.0,154.10586547851562,98.5533447265625,0.0,0.0,191.10459899902344,128.44203186035156,201.95005798339844,127.926513671875,185.8568878173828,175.75564575195312,198.9989776611328,176.51634216308594,190.55030822753903,219.995361328125,0.0,0.0
253,175.03880310058594,49.113372802734375,176.61141967773438,44.40447998046875,0.0,0.0,189.33822631835935,39.39247131347656,0.0,0.0,192.9939117431641,59.32099914550781,206.9687347412109,61.77171325683594,177.64190673828125,85.75148010253906,0.0,0.0,154.89691162109375,98.6317138671875,0.0,0.0,190.67269897460935,128.5740509033203,200.79443359375,128.05062866210938,185.60743713378903,175.89385986328125,197.91798400878903,176.72457885742188,190.1493225097656,219.9619903564453,197.98953247070312,218.392333984375
254,175.07101440429688,49.11882019042969,176.6375274658203,44.41339111328125,0.0,0.0,189.3068084716797,39.39933013916016,0.0,0.0,192.8824462890625,59.355377197265625,207.07888793945312,61.71330261230469,177.48789978027344,85.81609344482422,0.0,0.0,154.8402557373047,98.61935424804688,0.0,0.0,190.47216796875,128.28948974609375,200.848876953125,127.7253646850586,185.28695678710935,175.23019409179688,198.29458618164065,175.97903442382812,189.561279296875,219.13815307617188,198.6778564453125,217.48440551757807
255,175.02401733398438,49.03091430664063,176.63925170898438,44.3544921875,0.0,0.0,189.37767028808597,39.39166259765625,0.0,0.0,192.99490356445312,59.284515380859375,207.17071533203125,61.68916320800781,178.13461303710938,85.39933013916016,0.0,0.0,154.89830017089844,98.8212432861328,0.0,0.0,190.5729522705078,128.46466064453125,200.8880615234375,127.90129852294922,185.6777801513672,175.69825744628906,198.48294067382807,176.49114990234375,190.6654815673828,219.5280303955078,199.1664886474609,218.04800415039065
256,175.05007934570312,48.99874877929688,176.62704467773438,44.38140869140625,0.0,0.0,189.5413360595703,39.302093505859375,0.0,0.0,194.04254150390625,58.95529174804688,206.3407745361328,61.36262512207031,179.73785400390625,85.03199768066406,0.0,0.0,155.87086486816406,98.76277160644533,0.0,0.0,190.82736206054688,128.17196655273438,199.69932556152344,127.50775146484376,186.3247833251953,175.64620971679688,196.98831176757807,176.2099609375,191.331298828125,219.12493896484372,197.7745819091797,217.40013122558597
257,175.05007934570312,48.99874877929688,176.62704467773438,44.38140869140625,0.0,0.0,189.5413360595703,39.302093505859375,0.0,0.0,194.04254150390625,58.95529174804688,206.3407745361328,61.36262512207031,179.73785400390625,85.03199768066406,0.0,0.0,155.87086486816406,98.76277160644533,0.0,0.0,190.82736206054688,128.17196655273438,199.69932556152344,127.50775146484376,186.3247833251953,175.64620971679688,196.98831176757807,176.2099609375,191.331298828125,219.12493896484372,197.7745819091797,217.40013122558597
258,174.99330139160156,48.92076873779297,176.5145263671875,44.31835174560547,0.0,0.0,189.48175048828125,39.07249450683594,0.0,0.0,194.4439697265625,58.72682189941406,205.86477661132807,61.228302001953125,179.79359436035156,84.81600189208984,0.0,0.0,155.3791046142578,98.6121826171875,0.0,0.0,190.9053497314453,128.4060821533203,199.0793609619141,127.74080657958984,187.16726684570312,175.9058074951172,196.52777099609372,176.2183074951172,192.9761962890625,219.4598388671875,198.1209259033203,217.18687438964844
259,175.03549194335938,48.85646057128906,176.60980224609375,44.28858184814453,0.0,0.0,189.5484313964844,39.23991394042969,0.0,0.0,194.211181640625,58.86531829833984,205.92384338378903,61.2032470703125,179.6895294189453,84.99612426757812,0.0,0.0,155.39833068847656,98.53126525878906,0.0,0.0,190.5776214599609,127.9251480102539,199.0615997314453,127.20545959472656,186.62347412109372,174.91424560546875,196.99636840820312,175.2127685546875,191.8659210205078,217.91607666015625,198.2633514404297,215.7767791748047
260,175.09909057617188,48.7696533203125,176.67825317382812,44.19312286376953,0.0,0.0,189.56854248046875,39.24463653564453,0.0,0.0,193.95733642578125,59.01118469238281,206.4519500732422,61.22760009765625,179.28797912597656,85.21067810058594,0.0,0.0,155.12989807128906,98.52661895751952,0.0,0.0,190.3869171142578,127.8834991455078,199.45726013183597,127.13926696777344,186.3793182373047,175.13558959960938,197.3922882080078,175.47048950195312,192.12664794921875,218.26596069335935,199.07701110839844,216.28477478027344
261,175.02603149414062,48.84757995605469,176.60743713378906,44.2874755859375,0.0,0.0,189.62225341796875,39.21987915039063,0.0,0.0,194.61163330078125,58.87986755371094,205.70333862304688,61.197975158691406,180.43492126464844,85.01213073730469,0.0,0.0,155.81182861328125,98.52339935302734,0.0,0.0,191.10435485839844,128.19931030273438,199.01742553710935,127.4501953125,187.6504821777344,175.64019775390625,196.53469848632807,175.79495239257812,193.8530731201172,219.1588897705078,197.91751098632807,216.8450469970703
262,175.00839233398438,48.88201904296875,176.64532470703125,44.265228271484375,0.0,0.0,189.63796997070312,39.24639892578125,0.0,0.0,194.05935668945312,59.01759338378906,206.1977081298828,61.31977844238281,178.92709350585938,85.27203369140625,0.0,0.0,155.10061645507812,98.72344207763672,0.0,0.0,190.8434600830078,128.25172424316406,199.47006225585935,127.54456329345705,187.11447143554688,175.75631713867188,196.7587890625,176.0313720703125,193.00634765625,219.45306396484372,197.8100128173828,217.2183074951172
263,175.0135498046875,48.924415588378906,176.67111206054688,44.27891540527344,0.0,0.0,189.70864868164065,39.239105224609375,0.0,0.0,194.1083984375,59.09979248046875,206.13693237304688,61.35700988769531,178.68890380859375,85.38742065429688,0.0,0.0,154.85536193847656,98.55213165283205,0.0,0.0,190.94577026367188,128.2362518310547,199.45462036132807,127.52084350585938,187.3856506347656,175.782958984375,196.7314300537109,176.00804138183594,193.3645782470703,219.47756958007807,197.70632934570312,217.1763610839844
264,174.98074340820312,48.95698547363281,176.63858032226562,44.21851348876953,0.0,0.0,189.7793731689453,39.12506103515625,0.0,0.0,193.5530242919922,59.376220703125,207.29368591308597,61.41210174560547,175.89987182617188,85.85751342773438,0.0,0.0,151.482177734375,97.6989517211914,0.0,0.0,190.9345550537109,128.67041015625,200.61224365234372,127.8745574951172,186.7895050048828,175.552490234375,197.6109161376953,175.70030212402344,192.1660614013672,219.0818023681641,198.5634002685547,216.662109375
265,174.9657745361328,48.76837158203125,176.64569091796875,44.04779052734375,0.0,0.0,189.92984008789065,39.213035583496094,0.0,0.0,193.5205841064453,59.53178405761719,207.664306640625,61.84874725341797,174.64427185058594,85.42195129394531,0.0,0.0,149.45571899414062,96.39952850341795,0.0,0.0,191.1610107421875,129.075927734375,201.064453125,128.38829040527344,186.7628326416016,175.9417724609375,198.1828765869141,176.2089080810547,191.77638244628903,219.3528594970703,198.89784240722656,216.7578887939453
266,174.9653778076172,48.827903747558594,176.67591857910156,44.08509063720703,0.0,0.0,189.88330078125,39.38815307617188,0.0,0.0,193.2858428955078,59.42999267578125,208.33778381347656,62.50553894042969,173.70516967773438,83.36480712890625,0.0,0.0,149.32391357421875,92.61940002441406,0.0,0.0,191.17295837402344,129.8225860595703,201.4488067626953,129.31033325195312,187.1271514892578,176.88070678710938,198.12057495117188,177.06326293945312,191.8841094970703,220.0214691162109,198.7655334472656,216.8983459472656
267,175.02474975585938,48.917266845703125,176.6515350341797,44.18683624267578,0.0,0.0,189.75140380859372,39.31427001953125,0.0,0.0,193.3447265625,59.28334045410156,208.1708526611328,62.32804870605469,173.7770233154297,83.29864501953125,0.0,0.0,149.33729553222656,92.57526397705078,0.0,0.0,191.0275421142578,129.79649353027344,201.1410217285156,129.2702178955078,187.36544799804688,176.74725341796875,198.0047149658203,176.8538360595703,192.10745239257807,219.82440185546875,198.90528869628903,216.60906982421875
268,175.99417114257812,48.890602111816406,177.07290649414062,44.36265563964844,0.0,0.0,189.77557373046875,39.34520721435547,0.0,0.0,194.32376098632807,58.4754638671875,208.5408477783203,60.79002380371094,176.1053924560547,79.82192993164062,192.28387451171875,83.15151977539062,150.15419006347656,86.12389373779297,157.2467498779297,86.44329833984375,192.28961181640625,128.33575439453125,202.05255126953125,127.58195495605467,188.8569793701172,175.4110107421875,198.96731567382807,175.11624145507812,195.66864013671875,218.3826904296875,198.99154663085935,214.8915252685547
269,175.76364135742188,49.10382080078125,176.9888458251953,43.9945068359375,0.0,0.0,189.1633758544922,39.45245361328125,0.0,0.0,188.4858856201172,61.819244384765625,212.1439208984375,62.12693786621094,166.65907287597656,87.81671142578125,0.0,0.0,149.66864013671875,86.61883544921875,0.0,0.0,189.94528198242188,129.64334106445312,206.7178955078125,128.98521423339844,186.8746337890625,175.3942413330078,203.09580993652344,176.046142578125,193.50411987304688,216.029052734375,201.02474975585935,214.52053833007807
270,176.1381072998047,49.10388946533203,178.0729217529297,44.09569549560547,0.0,0.0,190.6974639892578,40.299407958984375,0.0,0.0,187.8580322265625,61.64488983154297,213.14781188964844,62.80372619628906,164.74697875976562,78.43325805664062,0.0,0.0,149.5518341064453,77.14643859863281,0.0,0.0,189.37887573242188,129.64285278320312,207.03746032714844,129.31419372558594,186.7319793701172,173.99697875976562,203.3594970703125,175.21299743652344,193.0387115478516,214.4385986328125,201.87893676757807,214.0072021484375
271,176.70494079589844,49.00928497314453,178.53573608398438,43.93158721923828,0.0,0.0,190.71539306640625,40.4337158203125,0.0,0.0,189.00411987304688,61.48652267456055,213.02120971679688,62.156959533691406,165.31910705566406,74.27670288085938,0.0,0.0,151.07179260253906,76.0037841796875,0.0,0.0,190.3189849853516,129.91494750976562,206.43765258789065,128.99990844726562,189.2621307373047,176.33511352539062,201.77993774414065,175.10455322265625,195.67323303222656,220.01242065429688,198.96926879882807,215.265625
272,176.70494079589844,49.00928497314453,178.53573608398438,43.93158721923828,0.0,0.0,190.71539306640625,40.4337158203125,0.0,0.0,189.00411987304688,61.48652267456055,213.02120971679688,62.156959533691406,165.31910705566406,74.27670288085938,0.0,0.0,151.07179260253906,76.0037841796875,0.0,0.0,190.3189849853516,129.91494750976562,206.43765258789065,128.99990844726562,189.2621307373047,176.33511352539062,201.77993774414065,175.10455322265625,195.67323303222656,220.01242065429688,198.96926879882807,215.265625
273,176.5050811767578,48.79106140136719,178.42677307128906,43.64571380615234,0.0,0.0,190.60520935058597,40.45752716064453,0.0,0.0,188.4144744873047,62.1250228881836,213.0695037841797,62.50542449951172,164.3140869140625,74.43282318115234,0.0,0.0,150.7396697998047,75.93359375,0.0,0.0,190.0692443847656,130.70675659179688,206.6311187744141,129.6971435546875,189.1299591064453,177.13880920410156,202.05520629882807,175.62001037597656,195.7409210205078,220.51312255859372,199.15196228027344,215.4999542236328
274,175.6996612548828,47.857452392578125,177.0826416015625,43.35829162597656,0.0,0.0,190.4275665283203,38.99007415771485,0.0,0.0,198.54476928710935,58.920692443847656,207.1832275390625,61.014610290527344,189.25823974609372,85.16893005371094,0.0,0.0,163.5697479248047,83.7380599975586,0.0,0.0,195.45347595214844,127.25047302246094,201.18174743652344,125.99066925048828,193.57644653320312,175.53041076660156,198.07254028320312,174.3221893310547,200.7826385498047,218.83355712890625,199.56881713867188,215.479736328125
275,175.41073608398438,47.57164764404297,176.8325653076172,43.35740661621094,0.0,0.0,189.88507080078125,39.35594177246094,0.0,0.0,198.0769500732422,59.17884063720703,205.6470184326172,60.37965393066406,192.60389709472656,85.80532836914062,0.0,0.0,169.71055603027344,84.87670135498047,0.0,0.0,195.3433532714844,127.46337890625,200.44677734375,126.02047729492188,193.96295166015625,175.50245666503906,198.3180694580078,174.04449462890625,200.9955291748047,218.2149658203125,199.248779296875,214.9319305419922
276,175.34243774414062,47.6324462890625,176.77110290527344,43.39824676513672,0.0,0.0,189.92007446289065,39.437767028808594,0.0,0.0,197.85968017578125,59.1431884765625,206.12936401367188,60.625526428222656,192.4103546142578,85.73519897460938,0.0,0.0,169.5128631591797,84.93624877929688,0.0,0.0,195.57591247558597,127.60028076171876,201.2265625,126.38134002685548,193.94967651367188,175.60350036621094,199.3057098388672,174.77108764648438,201.1372833251953,218.44677734375,200.27175903320312,215.98367309570312
277,175.3816680908203,47.53921508789063,176.9214630126953,43.36500549316406,0.0,0.0,189.83755493164065,39.50658416748047,0.0,0.0,198.29830932617188,59.28430938720703,203.85992431640625,60.454734802246094,192.81561279296875,86.1334228515625,0.0,0.0,169.86187744140625,84.82343292236328,0.0,0.0,195.67593383789065,126.5447006225586,199.41192626953125,125.1526870727539,194.3192443847656,174.7913055419922,197.5459899902344,173.32888793945312,200.8691864013672,217.8966522216797,198.8155212402344,214.78585815429688
278,175.22723388671875,47.6492919921875,176.78273010253906,43.657188415527344,0.0,0.0,189.76107788085935,39.81178283691406,0.0,0.0,200.9234313964844,58.85758209228516,198.7203826904297,61.72328186035156,197.1909942626953,84.3687973022461,0.0,0.0,171.33615112304688,85.57749938964844,0.0,0.0,196.70880126953125,126.9367218017578,195.07052612304688,125.91182708740234,195.9872589111328,175.10235595703125,194.2107086181641,173.07931518554688,201.6831970214844,218.9740447998047,196.4548797607422,214.44808959960935
279,174.86178588867188,47.56675720214844,176.68408203125,43.378074645996094,0.0,0.0,189.77777099609372,39.60972595214844,0.0,0.0,199.3892059326172,59.41459655761719,199.9450836181641,61.09257507324219,194.3487091064453,87.07283782958984,0.0,0.0,171.83712768554688,85.34963989257812,0.0,0.0,195.92822265625,127.2359390258789,196.15399169921875,126.0029067993164,194.95726013183597,175.4073486328125,195.36956787109372,173.4644775390625,201.1036071777344,218.65042114257807,196.51150512695312,214.2397003173828
280,174.985107421875,47.41527557373047,176.66818237304688,43.27280426025391,0.0,0.0,189.98960876464844,39.37310791015625,0.0,0.0,203.3150329589844,59.04575347900391,194.26287841796875,61.51023864746094,200.8129730224609,86.17953491210938,0.0,0.0,172.8738250732422,84.81076049804688,170.02186584472656,88.3264389038086,196.97833251953125,127.60661315917967,190.76177978515625,126.5762939453125,196.7425537109375,175.6523895263672,191.1372985839844,173.78192138671875,201.2051696777344,219.09153747558597,194.03692626953125,214.44976806640625
281,175.04872131347656,47.205810546875,176.63583374023438,43.13163757324219,0.0,0.0,189.6893310546875,39.16937255859375,0.0,0.0,203.6517791748047,58.5709228515625,192.68980407714844,61.60931396484375,202.3978271484375,85.95579528808594,0.0,0.0,173.84756469726562,85.18496704101562,167.9023895263672,88.0802230834961,196.87652587890625,127.5635757446289,189.4204559326172,126.7080535888672,196.97023010253903,175.9278564453125,189.784912109375,174.03402709960938,201.54736328125,219.43014526367188,192.13919067382807,214.1241912841797
282,175.0477294921875,47.23303985595703,176.62216186523438,43.10382843017578,0.0,0.0,189.7358856201172,39.07974243164063,0.0,0.0,203.6627655029297,58.72174072265625,192.9654998779297,61.4009017944336,201.7271423339844,86.56151580810547,0.0,0.0,173.50344848632812,84.66390991210938,168.0465850830078,87.85832214355469,196.8834991455078,127.66014099121094,189.6251983642578,126.690673828125,196.9947204589844,176.17803955078125,190.18960571289065,174.1025390625,201.6349334716797,219.6425018310547,192.9617156982422,214.3571014404297
283,175.12802124023438,47.16423034667969,176.7440185546875,43.05679321289063,0.0,0.0,189.7052154541016,39.18896484375,0.0,0.0,204.4006805419922,58.79783630371094,191.34860229492188,61.76046752929688,204.4132232666016,86.09716796875,0.0,0.0,174.24696350097656,82.94331359863281,167.24456787109375,85.42610168457031,196.53860473632807,128.35943603515625,187.7349090576172,127.43477630615234,196.8109436035156,176.2414093017578,188.6304473876953,174.33029174804688,201.2922821044922,219.7005615234375,191.7372283935547,214.7135162353516
284,172.25244140625,44.807708740234375,174.31784057617188,39.97784423828125,0.0,0.0,187.50311279296875,37.21540832519531,0.0,0.0,192.1068115234375,59.19529724121094,199.90316772460935,61.152862548828125,165.62557983398438,79.95340728759766,0.0,0.0,129.92721557617188,81.1018295288086,0.0,0.0,192.10971069335935,129.54086303710938,196.72657775878903,128.1563720703125,186.96067810058597,180.02279663085938,190.4026641845703,177.2178192138672,0.0,0.0,0.0,0.0
285,171.5946502685547,44.98346710205078,173.93252563476562,40.07427978515625,0.0,0.0,187.2173767089844,37.74584197998047,0.0,0.0,187.0674285888672,60.93209457397461,202.79901123046875,61.287353515625,159.26190185546875,81.55287170410156,0.0,0.0,126.70565032958984,82.94596862792969,0.0,0.0,188.58908081054688,129.5239715576172,199.17286682128903,128.26779174804688,184.96995544433597,177.61151123046875,196.71815490722656,176.23934936523438,193.4754943847656,220.90667724609372,0.0,0.0
286,171.38894653320312,45.86839294433594,173.49159240722656,40.923465728759766,0.0,0.0,185.4075164794922,37.71965026855469,0.0,0.0,185.8681640625,59.39037704467773,205.94158935546875,58.89279174804688,168.28372192382812,80.13043975830078,0.0,0.0,135.61962890625,86.44111633300781,0.0,0.0,189.2471466064453,127.09245300292967,202.7115631103516,124.71210479736328,183.4608917236328,178.71820068359375,199.0659942626953,174.7939453125,0.0,0.0,0.0,0.0
287,170.18563842773438,45.80411911010742,172.58941650390625,40.83277130126953,0.0,0.0,185.7482452392578,37.76355743408203,0.0,0.0,186.19970703125,59.34056854248047,205.3067779541016,58.65454864501953,168.9070587158203,80.32077026367188,0.0,0.0,131.6697540283203,86.32068634033203,0.0,0.0,188.9985809326172,128.00137329101562,202.1837921142578,125.3629379272461,181.3612518310547,179.87278747558594,199.8027801513672,175.693359375,0.0,0.0,0.0,0.0
288,169.8154296875,45.042518615722656,171.5676727294922,39.99879455566406,0.0,0.0,184.564453125,36.711181640625,0.0,0.0,184.75299072265625,60.32936096191406,207.7364654541016,60.34853363037109,157.4533233642578,82.01042938232422,0.0,0.0,120.65673065185548,87.01313018798828,0.0,0.0,186.7634429931641,132.36680603027344,202.2957000732422,130.5787811279297,179.9423828125,179.857666015625,195.9908142089844,179.39114379882812,0.0,0.0,0.0,0.0
289,169.77471923828125,45.64893341064453,171.1309814453125,40.75736999511719,0.0,0.0,182.4541778564453,36.73802947998047,0.0,0.0,182.7677154541016,58.92665100097656,203.9226531982422,59.396446228027344,158.04002380371094,81.11785888671875,0.0,0.0,123.38255310058594,90.03746032714844,0.0,0.0,185.35330200195312,129.0529022216797,200.18817138671875,127.73780059814452,179.33251953125,177.64501953125,195.95843505859372,177.1455535888672,185.4441070556641,222.13833618164065,0.0,0.0
290,166.89791870117188,45.88484191894531,167.6495819091797,41.02995300292969,0.0,0.0,177.23048400878906,36.468360900878906,0.0,0.0,181.7998962402344,57.952239990234375,196.73220825195312,59.15396499633789,158.9087677001953,80.51138305664062,0.0,0.0,123.6766357421875,93.35672760009766,0.0,0.0,185.38108825683597,130.51361083984375,195.10992431640625,129.29766845703125,183.338134765625,181.38833618164065,192.34800720214844,179.1016082763672,191.3094482421875,227.2503662109375,0.0,0.0
291,166.61866760253906,45.37684631347656,167.27687072753906,40.454833984375,0.0,0.0,177.41844177246094,35.431671142578125,0.0,0.0,180.03683471679688,57.33380126953125,202.77731323242188,58.04412841796875,155.784912109375,80.49026489257812,0.0,0.0,119.81471252441406,91.55775451660156,0.0,0.0,184.24986267089844,131.18246459960938,199.15066528320312,129.67478942871094,181.1687164306641,179.7779541015625,194.6288604736328,178.32986450195312,186.98883056640625,223.3570556640625,0.0,0.0
292,166.7801513671875,45.801246643066406,167.75534057617188,40.89582061767578,0.0,0.0,177.45071411132812,36.15858459472656,0.0,0.0,180.74647521972656,57.6801986694336,199.7388916015625,58.050575256347656,157.72247314453125,81.19231414794922,0.0,0.0,122.59558868408205,94.4243392944336,0.0,0.0,184.5130615234375,131.01202392578125,196.5769500732422,129.3037567138672,182.40155029296875,181.99937438964844,192.4737701416016,179.41139221191406,189.8783416748047,228.4754638671875,0.0,0.0
293,166.52496337890625,45.49378967285156,167.0807342529297,40.85366821289063,0.0,0.0,176.7360076904297,36.00440979003906,0.0,0.0,179.65744018554688,57.18524932861328,199.61273193359372,58.01821899414063,155.51193237304688,81.09165954589844,0.0,0.0,120.46810150146484,92.1624755859375,0.0,0.0,184.26461791992188,129.70285034179688,197.6455993652344,128.5350341796875,180.64013671875,178.7366943359375,193.9409027099609,177.81996154785156,186.09397888183597,221.9846954345703,0.0,0.0
294,166.5707244873047,45.52593231201172,167.1438446044922,40.82332611083984,0.0,0.0,177.03565979003906,35.91632080078125,0.0,0.0,179.8271484375,57.23417663574219,201.4152984619141,57.86273956298828,155.57635498046875,81.29437255859375,0.0,0.0,120.18602752685548,92.2162094116211,0.0,0.0,184.1359405517578,130.27105712890625,198.52810668945312,128.8810272216797,180.62503051757807,179.25131225585938,194.4628448486328,178.03640747070312,186.2581024169922,222.7576904296875,0.0,0.0
295,166.1459197998047,45.47920227050781,166.83279418945312,40.80091857910156,0.0,0.0,176.8623504638672,35.874114990234375,0.0,0.0,180.2543029785156,57.105255126953125,199.05882263183597,57.70515441894531,155.7981414794922,81.57572937011719,0.0,0.0,120.14649200439452,92.34465026855467,0.0,0.0,184.9569549560547,129.26817321777344,197.2628936767578,127.96258544921876,181.8301696777344,178.9430694580078,193.04820251464844,177.79762268066406,187.42996215820312,221.572998046875,0.0,0.0
296,165.83985900878906,45.28903198242188,166.64962768554688,40.612266540527344,0.0,0.0,176.94873046875,36.09944152832031,0.0,0.0,181.135498046875,58.053802490234375,197.4054412841797,58.5115966796875,157.70631408691406,83.02373504638672,0.0,0.0,120.54106903076172,92.33749389648438,0.0,0.0,185.01736450195312,129.6847686767578,195.61949157714844,128.27560424804688,182.56968688964844,179.30435180664062,192.03341674804688,178.0281219482422,188.1918029785156,221.4619140625,0.0,0.0
297,165.84664916992188,45.292816162109375,166.62091064453125,40.608642578125,0.0,0.0,176.89291381835938,36.00089263916016,0.0,0.0,180.954345703125,57.96763610839844,197.80914306640625,58.4029541015625,157.84445190429688,83.07139587402344,0.0,0.0,120.51529693603516,92.18141174316406,0.0,0.0,184.8773956298828,129.87742614746094,195.9530029296875,128.45913696289062,182.33981323242188,179.54489135742188,192.64886474609372,178.28831481933594,188.33685302734372,221.54515075683597,0.0,0.0
298,165.6010284423828,45.145729064941406,166.4387969970703,40.5286865234375,0.0,0.0,176.59690856933594,36.09906005859375,0.0,0.0,181.50901794433597,58.050025939941406,194.998046875,58.771484375,158.7165069580078,82.96766662597656,0.0,0.0,120.82349395751952,92.24066925048828,0.0,0.0,185.46917724609372,129.63673400878906,194.1155548095703,128.37840270996094,183.21066284179688,179.45745849609375,190.9471435546875,178.20632934570312,189.1997985839844,221.9748687744141,0.0,0.0
299,165.50572204589844,45.1665267944336,166.30743408203125,40.58788299560547,0.0,0.0,176.2281494140625,36.14848327636719,0.0,0.0,180.80581665039065,57.92375946044922,194.38218688964844,58.633033752441406,156.59889221191406,83.01177978515625,0.0,0.0,120.88848876953124,92.7353973388672,0.0,0.0,185.54519653320312,128.80430603027344,194.4412078857422,127.6542510986328,182.8584899902344,179.08181762695312,191.1775054931641,177.57669067382812,188.8690185546875,221.9833221435547,0.0,0.0
300,165.20523071289062,45.50323486328125,165.93045043945312,40.53746795654297,0.0,0.0,176.53045654296875,35.52806854248047,0.0,0.0,180.8551788330078,57.162200927734375,196.67401123046875,59.223541259765625,156.76617431640625,81.26757049560547,0.0,0.0,122.32889556884766,91.44734191894533,0.0,0.0,184.6261749267578,128.58457946777344,195.6285095214844,127.89881896972656,180.83218383789065,180.5822906494141,193.49069213867188,179.85626220703125,185.70523071289065,225.78851318359372,0.0,0.0
301,165.240966796875,45.54236602783203,165.85214233398438,40.58634185791016,0.0,0.0,176.3887939453125,35.52790069580078,0.0,0.0,180.20391845703125,57.34519958496094,197.7949676513672,59.18751525878906,156.419677734375,81.48703002929688,0.0,0.0,122.63665771484376,92.0545654296875,0.0,0.0,183.7988128662109,129.21209716796875,196.1450042724609,128.4822998046875,180.13121032714844,180.04519653320312,194.1078338623047,179.49993896484375,184.7215118408203,224.81301879882807,0.0,0.0
302,165.2433624267578,45.533111572265625,165.8553009033203,40.57633209228516,0.0,0.0,176.39459228515625,35.51484680175781,0.0,0.0,180.2171936035156,57.333290100097656,197.777099609375,59.18365478515625,156.42562866210938,81.4805679321289,0.0,0.0,122.64901733398438,92.04945373535156,0.0,0.0,183.80398559570312,129.20794677734375,196.1293792724609,128.48123168945312,180.13681030273438,180.03334045410156,194.09793090820312,179.48760986328125,184.7310943603516,224.801025390625,0.0,0.0
303,165.24781799316406,45.52750396728516,165.8726043701172,40.57966613769531,0.0,0.0,176.27951049804688,35.59080505371094,0.0,0.0,179.62796020507812,57.320648193359375,198.83714294433597,58.97084045410156,156.43556213378906,81.57135009765625,0.0,0.0,122.51673889160156,91.73734283447266,0.0,0.0,183.4710693359375,128.81869506835938,197.0063323974609,127.9977569580078,179.7694091796875,179.53977966308594,195.19081115722656,179.0314483642578,184.33035278320312,224.74847412109372,0.0,0.0
304,165.1892547607422,45.59815979003906,165.69839477539062,40.58479309082031,0.0,0.0,175.69760131835938,35.33595275878906,0.0,0.0,178.53758239746094,57.03771209716797,199.94622802734372,58.48101043701172,156.2332305908203,81.64466094970703,0.0,0.0,122.32943725585938,92.43028259277344,0.0,0.0,182.93948364257807,128.42733764648438,198.06419372558597,127.5366668701172,179.0515899658203,179.02761840820312,195.5488128662109,178.71896362304688,183.96554565429688,223.81121826171875,0.0,0.0
305,165.27671813964844,45.55362701416016,165.77755737304688,40.56420135498047,0.0,0.0,175.666748046875,35.37440490722656,0.0,0.0,178.74810791015625,56.851837158203125,199.2937164306641,58.48408508300781,156.31837463378906,81.30007934570312,0.0,0.0,122.51751708984376,92.05496215820312,0.0,0.0,183.27114868164065,127.6362075805664,197.78469848632807,126.85137939453124,179.51141357421875,178.2946319580078,195.2919158935547,178.04229736328125,184.54530334472656,223.56298828125,0.0,0.0
306,165.37765502929688,45.54773712158203,165.7281951904297,40.57737731933594,0.0,0.0,175.39454650878906,35.07194519042969,0.0,0.0,179.23519897460938,56.30824279785156,197.6765594482422,58.28584289550781,156.20672607421875,80.76313781738281,0.0,0.0,122.4276123046875,91.6814193725586,0.0,0.0,183.55758666992188,127.2764129638672,196.6826629638672,126.62665557861328,179.85763549804688,177.9358367919922,194.646240234375,177.3971710205078,184.8375244140625,223.5478057861328,0.0,0.0
307,165.46536254882812,45.829627990722656,165.8702392578125,40.87299346923828,0.0,0.0,175.71878051757812,35.56089782714844,0.0,0.0,181.34165954589844,56.63945770263672,194.65936279296875,58.54076385498047,158.3381805419922,81.14714050292969,0.0,0.0,124.78498077392578,94.16536712646484,0.0,0.0,184.59800720214844,126.97626495361328,193.9439697265625,126.19185638427734,181.619873046875,178.83558654785156,191.9845428466797,177.1048583984375,188.0819549560547,226.21087646484372,0.0,0.0
308,165.60403442382812,45.93521118164063,165.9956512451172,40.90234375,0.0,0.0,175.8798828125,35.43689727783203,0.0,0.0,181.01480102539065,56.83046722412109,195.30062866210935,58.53988265991211,155.74171447753906,81.48336029052734,0.0,0.0,123.33331298828124,94.790283203125,0.0,0.0,185.4717254638672,127.95758819580078,195.18975830078125,127.17278289794922,182.8242950439453,179.71730041503906,192.44537353515625,177.62802124023438,189.7822265625,226.2022399902344,0.0,0.0
309,165.56256103515625,45.54901885986328,165.99774169921875,40.55745697021485,0.0,0.0,175.83262634277344,35.033668518066406,0.0,0.0,179.67620849609375,56.7996826171875,197.77505493164065,58.06031799316406,154.29055786132812,81.57258605957031,0.0,0.0,120.98272705078124,92.47515106201172,0.0,0.0,185.4234771728516,128.53579711914062,197.66336059570312,127.63221740722656,182.73851013183597,178.764892578125,194.4658050537109,177.31484985351562,187.96685791015625,224.04537963867188,0.0,0.0
310,165.3238983154297,45.59339904785156,165.99380493164062,40.723915100097656,0.0,0.0,176.38710021972656,35.86730194091797,0.0,0.0,181.49972534179688,58.35768127441406,195.42518615722656,59.26679992675781,156.91680908203125,82.24989318847656,0.0,0.0,121.92748260498048,90.8853759765625,0.0,0.0,185.77752685546875,130.40185546875,195.05856323242188,129.1841278076172,182.57151794433597,180.37014770507807,190.99595642089844,178.5563201904297,0.0,0.0,0.0,0.0
311,165.2430419921875,45.51648712158203,166.35818481445312,40.51512145996094,0.0,0.0,177.44998168945312,36.15790557861328,0.0,0.0,182.1341552734375,57.615760803222656,197.08023071289065,59.98670959472656,157.1956329345703,79.39405822753906,179.80905151367188,86.07398986816406,121.80203247070312,89.90570068359375,0.0,0.0,186.9265899658203,129.45689392089844,196.38937377929688,128.62075805664062,183.8666839599609,181.1781005859375,192.83763122558597,179.57550048828125,0.0,0.0,0.0,0.0
312,165.1552734375,45.52281188964844,166.28738403320312,40.51959228515625,0.0,0.0,177.27903747558594,36.201019287109375,0.0,0.0,181.06935119628903,57.87117767333984,197.92962646484372,59.90193176269531,155.6807861328125,79.90376281738281,180.66555786132807,86.27863311767578,121.21394348144533,89.80087280273438,0.0,0.0,186.54661560058597,129.61697387695312,197.3924865722656,128.7371368408203,183.0661163330078,180.9599456787109,193.62852478027344,179.45449829101562,0.0,0.0,0.0,0.0
313,165.42193603515625,46.17293548583984,166.3057403564453,41.4127197265625,0.0,0.0,178.08181762695312,36.40361022949219,0.0,0.0,188.0166778564453,57.95490264892578,190.2813415527344,60.78955078125,168.2433624267578,81.04957580566406,170.86460876464844,85.58148193359375,129.34323120117188,88.59611511230469,130.71656799316406,91.17091369628906,189.7168884277344,131.36671447753906,190.6511383056641,130.6273956298828,188.87893676757807,180.78684997558597,187.6878967285156,179.1064910888672,0.0,0.0,0.0,0.0
314,165.2136993408203,46.11644744873047,165.87937927246094,41.5659408569336,0.0,0.0,177.42835998535156,37.154884338378906,0.0,0.0,189.85618591308597,57.42035675048828,189.63934326171875,59.59487915039063,174.16976928710938,84.35316467285156,0.0,0.0,138.543701171875,92.07550811767578,0.0,0.0,189.1704559326172,130.26039123535156,187.97756958007807,128.88967895507812,189.50119018554688,183.16416931152344,185.2181701660156,179.62326049804688,195.93939208984372,227.1515045166016,0.0,0.0
315,164.10296630859375,47.13784790039063,165.00540161132812,42.42652130126953,0.0,0.0,177.0972900390625,37.77489471435547,0.0,0.0,192.19412231445312,58.40977478027344,186.6542053222656,60.57185363769531,181.8778839111328,86.80088806152344,177.5341033935547,88.23377990722656,144.30075073242188,91.00948333740234,145.456298828125,92.7007293701172,190.74899291992188,131.8753662109375,185.36309814453125,130.24349975585938,192.7232666015625,183.38150024414065,180.3431701660156,179.64889526367188,0.0,0.0,0.0,0.0
316,163.32568359375,47.838623046875,164.2596893310547,43.00611877441406,0.0,0.0,176.35984802246094,38.3714599609375,0.0,0.0,192.98486328125,59.23065185546875,183.58795166015625,61.506324768066406,185.0362701416016,88.26593017578125,173.51907348632812,89.25225830078125,150.35784912109375,89.74461364746094,146.40591430664062,92.36368560791016,191.1206817626953,130.93722534179688,183.34506225585935,129.72262573242188,192.8858184814453,179.83599853515625,179.55520629882812,177.39187622070312,196.49171447753903,221.66925048828125,182.4278564453125,217.1332092285156
317,163.32156372070312,47.85984802246094,164.25250244140625,43.04978942871094,0.0,0.0,176.3059539794922,38.45829772949219,0.0,0.0,192.80735778808597,59.27599334716797,183.6443634033203,61.54586791992188,184.83782958984372,88.20960998535156,173.49241638183594,89.28781127929688,150.32159423828125,89.74284362792969,146.4175262451172,92.31764221191406,190.8750915527344,130.97683715820312,183.2551422119141,129.75985717773438,192.72067260742188,179.78521728515625,179.52377319335938,177.3179473876953,196.31903076171875,221.68728637695312,182.28500366210935,217.07476806640625
318,162.87185668945312,48.47229766845703,164.3210906982422,44.004127502441406,0.0,0.0,176.90191650390625,39.53111267089844,0.0,0.0,195.65061950683597,60.17588806152344,175.84616088867188,64.06831359863281,191.07362365722656,88.73335266113281,161.5229949951172,93.06214904785156,153.46739196777344,90.68629455566406,133.29835510253906,96.94078063964844,192.69354248046875,132.2917022705078,178.61480712890625,131.62562561035156,194.9265289306641,181.37452697753903,174.9234619140625,178.93089294433594,199.584228515625,224.90235900878903,0.0,0.0
319,161.95904541015625,48.695579528808594,163.77000427246094,44.44570159912109,0.0,0.0,176.6588134765625,40.54264831542969,0.0,0.0,195.80267333984372,60.05026245117188,173.79119873046875,64.90754699707031,197.97906494140625,86.82347106933594,163.61936950683594,94.21925354003906,164.94447326660156,91.04621124267578,143.05038452148438,96.80558776855467,193.1313018798828,130.496337890625,177.98516845703125,130.3882598876953,194.56124877929688,179.58917236328125,174.091064453125,178.11746215820312,199.0392608642578,223.29254150390625,0.0,0.0
320,161.45640563964844,49.00460052490234,163.20559692382812,44.65742492675781,0.0,0.0,175.744873046875,42.115997314453125,0.0,0.0,195.44192504882807,61.861576080322266,173.85536193847656,66.26433563232422,201.16639709472656,89.98603820800781,160.90106201171875,94.6355209350586,171.20436096191406,92.4335479736328,136.5694580078125,96.59877014160156,192.9682464599609,128.6199493408203,178.25396728515625,128.17857360839844,194.0418701171875,178.35855102539062,174.3094940185547,176.29953002929688,200.45774841308597,222.8915252685547,0.0,0.0
321,161.67471313476562,49.981224060058594,163.4918212890625,45.67808532714844,0.0,0.0,175.8151092529297,42.89785003662109,0.0,0.0,195.72698974609372,62.23712158203125,172.70474243164062,67.19857025146484,204.13433837890625,89.17106628417969,160.07351684570312,95.44314575195312,175.27073669433594,93.70101928710938,137.02438354492188,97.33338928222656,192.51573181152344,129.9076385498047,177.01332092285156,129.7188720703125,194.61196899414065,179.13040161132812,174.03192138671875,177.43096923828125,200.9706268310547,223.4840087890625,0.0,0.0
322,161.7450714111328,49.915435791015625,163.52743530273438,45.629859924316406,0.0,0.0,175.76649475097656,42.99778747558594,0.0,0.0,195.93524169921875,62.44710540771485,172.61231994628906,67.36630249023438,205.32269287109372,88.98725128173828,159.97479248046875,95.16397857666016,175.51507568359375,93.75374603271484,136.8316650390625,97.30117797851562,192.3814697265625,129.76107788085938,176.6875,129.46810913085938,194.46324157714844,178.06150817871094,173.3488311767578,176.21051025390625,201.06951904296875,222.8734130859375,0.0,0.0
323,162.0486297607422,50.55971145629883,163.47174072265625,46.159271240234375,0.0,0.0,174.96511840820312,43.06724548339844,0.0,0.0,195.83734130859372,62.58609008789063,172.3333282470703,67.53343200683594,204.9078521728516,89.52528381347656,159.62477111816406,94.75312042236328,175.27845764160156,94.5506362915039,136.3729705810547,97.85076904296876,192.49703979492188,129.28851318359375,176.73016357421875,129.02069091796875,194.9774627685547,177.30392456054688,173.77145385742188,175.2635498046875,201.0536956787109,222.7322998046875,0.0,0.0
324,162.45347595214844,50.511260986328125,164.11654663085938,46.079376220703125,0.0,0.0,175.88890075683594,43.48912811279297,0.0,0.0,196.57504272460935,64.07510375976562,172.14718627929688,68.16509246826172,206.22206115722656,91.86331176757812,159.4210968017578,95.26190948486328,178.05955505371094,94.57098388671876,136.8962860107422,97.85751342773438,192.4312286376953,130.42401123046875,176.044921875,129.82518005371094,194.831298828125,178.05259704589844,172.5677490234375,175.71359252929688,200.9866485595703,222.20123291015625,0.0,0.0
325,162.88320922851562,50.55704879760742,164.7254638671875,46.20767211914063,0.0,0.0,177.14178466796875,43.49132537841797,0.0,0.0,197.55003356933597,63.57677459716797,173.4064483642578,67.55195617675781,206.2923889160156,91.6549835205078,161.44583129882812,95.44239807128906,178.7784881591797,94.22028350830078,139.02903747558594,98.11429595947266,192.80450439453125,129.9114532470703,176.46434020996094,129.23526000976562,195.326171875,177.31564331054688,172.6853790283203,175.0504913330078,201.0120849609375,221.87245178222656,175.61668395996094,217.08164978027344
326,162.88320922851562,50.55704879760742,164.7254638671875,46.20767211914063,0.0,0.0,177.14178466796875,43.49132537841797,0.0,0.0,197.55003356933597,63.57677459716797,173.4064483642578,67.55195617675781,206.2923889160156,91.6549835205078,161.44583129882812,95.44239807128906,178.7784881591797,94.22028350830078,139.02903747558594,98.11429595947266,192.80450439453125,129.9114532470703,176.46434020996094,129.23526000976562,195.326171875,177.31564331054688,172.6853790283203,175.0504913330078,201.0120849609375,221.87245178222656,175.61668395996094,217.08164978027344
327,162.8726348876953,50.56969833374024,164.7227020263672,46.21858978271485,0.0,0.0,177.16143798828125,43.49058532714844,0.0,0.0,197.64468383789065,63.63739776611328,173.32460021972656,67.56285858154297,206.45407104492188,91.89251708984376,161.2997589111328,95.52243041992188,178.80833435058594,94.37574005126952,138.91064453125,98.1541976928711,192.6844787597656,130.2401885986328,176.2296142578125,129.53158569335938,195.27096557617188,177.68960571289062,172.50030517578125,175.36981201171875,201.0572204589844,222.2630920410156,175.58255004882812,217.42572021484372
328,162.86199951171875,50.57194137573242,164.7183380126953,46.220611572265625,0.0,0.0,177.1536102294922,43.424415588378906,0.0,0.0,197.6118011474609,63.476749420166016,173.34861755371094,67.47213745117188,205.9601287841797,91.67172241210938,161.3162841796875,95.44544982910156,178.5716552734375,94.36688232421876,138.91598510742188,98.1616668701172,192.6732635498047,130.07179260253906,176.27359008789062,129.3709259033203,195.03634643554688,177.53489685058594,172.53521728515625,175.13169860839844,200.59243774414065,222.00238037109372,175.83865356445312,216.89407348632807
329,164.4644012451172,50.56211853027344,166.17385864257812,45.97840881347656,0.0,0.0,177.89279174804688,43.12472534179688,0.0,0.0,197.5450439453125,63.81645965576172,175.8689422607422,67.11898803710938,204.41275024414065,93.35453033447266,166.18893432617188,94.30365753173828,178.12234497070312,95.7438735961914,144.1792449951172,98.36830139160156,193.173095703125,129.5438690185547,178.22213745117188,128.72317504882812,196.42337036132807,178.13107299804688,175.4285430908203,175.5194091796875,201.35760498046875,223.779541015625,0.0,0.0
330,164.63232421875,50.4046745300293,166.93051147460938,45.90685272216797,0.0,0.0,179.14974975585938,43.267822265625,0.0,0.0,197.87954711914065,64.17094421386719,175.5259552001953,67.42388153076172,204.53587341308597,92.88507843017578,167.0084686279297,94.4292449951172,177.64382934570312,95.1374053955078,146.6707763671875,97.70449829101562,192.7838287353516,130.7297821044922,177.25125122070312,129.9066162109375,195.03005981445312,177.06890869140625,174.13470458984375,174.5002899169922,200.63607788085935,220.3548889160156,177.4125213623047,215.3257598876953
331,165.89639282226562,49.9222412109375,167.51214599609375,45.83557891845703,0.0,0.0,179.36099243164062,42.67463684082031,0.0,0.0,198.5310821533203,63.57371520996094,176.45420837402344,65.68754577636719,204.68585205078125,94.76229858398438,166.86178588867188,94.8498992919922,177.13568115234375,95.303955078125,147.56234741210938,97.9708251953125,193.8189239501953,129.7024688720703,178.97789001464844,128.514404296875,195.81036376953125,176.4315948486328,175.54367065429688,173.55291748046875,200.9184417724609,220.26702880859372,179.16351318359375,215.6650848388672
332,167.98028564453125,50.12220001220703,169.58447265625,46.00843811035156,0.0,0.0,181.41781616210935,42.37396240234375,0.0,0.0,199.54063415527344,62.54542541503906,180.30056762695312,64.93388366699219,205.8221435546875,93.23544311523438,174.56204223632812,94.490478515625,176.0721893310547,94.45565795898438,155.337158203125,97.2739486694336,195.095458984375,128.94717407226562,182.07345581054688,127.77032470703124,196.220458984375,175.83682250976562,179.70216369628906,173.13888549804688,201.31820678710935,220.10711669921875,182.7094573974609,215.51187133789065
333,168.7962646484375,49.57368469238281,170.6379852294922,45.19636535644531,167.9674530029297,46.96849822998047,182.92535400390625,41.91691589355469,0.0,0.0,200.7627868652344,63.18984222412109,181.31350708007807,66.29103088378906,205.6889495849609,93.99819946289062,174.89840698242188,95.92413330078124,174.72317504882812,93.38943481445312,155.28375244140625,96.51776123046876,195.603759765625,130.4488067626953,182.31719970703125,129.4652557373047,196.4710235595703,177.40390014648438,179.8197479248047,175.13485717773438,201.12860107421875,221.11813354492188,181.91336059570312,216.98416137695312
334,169.3793487548828,49.894798278808594,171.01487731933594,45.32890319824219,168.42730712890625,47.30828094482422,183.3829345703125,40.91160583496094,0.0,0.0,201.5053558349609,61.238037109375,181.9356231689453,65.26490020751953,205.28497314453125,92.58980560302734,174.4674835205078,95.65330505371094,175.19081115722656,92.18860626220705,155.90037536621094,93.79324340820312,195.99725341796875,128.70501708984375,182.82891845703125,128.18284606933594,196.79161071777344,176.68621826171875,180.88983154296875,175.0608367919922,200.6314392089844,221.5094451904297,183.53665161132807,217.1028594970703
335,169.79623413085938,49.559043884277344,171.76126098632812,44.88558197021485,168.73956298828125,46.781700134277344,184.5251922607422,40.48625183105469,0.0,0.0,201.42550659179688,61.740081787109375,183.65066528320312,64.92977905273438,203.8019561767578,95.11719512939452,179.99514770507812,96.51448059082033,174.0113525390625,95.51090240478516,162.88760375976562,95.11961364746094,196.0990295410156,129.4842529296875,183.8762359619141,128.66018676757812,197.2433624267578,177.20449829101562,182.82485961914065,175.1594696044922,200.6615295410156,221.1163024902344,185.46380615234372,216.3282470703125
336,170.57522583007812,49.646522521972656,172.23582458496094,44.87553405761719,169.72561645507812,46.81560516357422,185.37159729003903,39.77790832519531,0.0,0.0,201.92469787597656,61.45166778564453,186.35939025878903,63.78599548339844,201.91580200195312,96.3502197265625,0.0,0.0,173.53475952148438,95.30077362060548,166.0053253173828,93.49046325683594,195.746826171875,130.18215942382812,184.86767578125,129.0525665283203,197.2937774658203,178.16622924804688,183.53509521484372,175.71719360351562,200.5960998535156,221.7769470214844,185.7665557861328,216.37579345703125
337,171.40074157714844,49.66104888916016,172.5325469970703,44.81953430175781,0.0,0.0,185.3974151611328,38.76673889160156,0.0,0.0,199.7461395263672,59.36724853515625,191.8577880859375,61.889678955078125,193.67144775390625,92.88251495361328,0.0,0.0,171.0178680419922,89.30760192871094,0.0,0.0,195.05487060546875,128.29489135742188,189.52261352539065,127.41911315917967,195.6631774902344,176.64208984375,189.5912933349609,174.06300354003906,198.93458557128903,221.35400390625,192.04757690429688,214.73953247070312
338,171.43081665039062,48.55940246582031,173.21983337402344,43.83808135986328,0.0,0.0,186.35568237304688,39.035919189453125,0.0,0.0,200.2520446777344,60.52915954589844,190.08929443359372,62.35291290283203,194.4276123046875,94.07846069335938,0.0,0.0,172.5576171875,92.11280059814452,0.0,0.0,195.89651489257807,128.12123107910156,188.5894317626953,126.9803237915039,196.6101226806641,176.265869140625,187.8419952392578,173.25949096679688,199.44467163085935,220.31369018554688,190.4217529296875,213.68942260742188
339,172.47268676757812,48.27686309814453,174.577880859375,43.3935775756836,171.8637237548828,45.33821105957031,187.5924835205078,38.65040588378906,0.0,0.0,198.718994140625,60.56922912597656,192.4510498046875,62.467315673828125,191.9906311035156,94.93180847167967,0.0,0.0,172.06170654296875,95.26268768310548,0.0,0.0,195.11009216308597,128.3754119873047,190.7665863037109,127.51667022705078,195.41607666015625,176.3827362060547,192.2181396484375,174.20901489257812,199.0170135498047,219.69219970703125,194.11561584472656,214.41436767578125
340,173.36029052734375,47.91783905029297,175.41302490234375,43.066673278808594,0.0,0.0,187.9584808349609,38.43231201171875,0.0,0.0,198.0535125732422,59.80865478515625,193.2409820556641,61.68537902832031,190.23068237304688,92.40423583984376,0.0,0.0,172.7039031982422,92.55770874023438,0.0,0.0,194.66558837890625,126.9710693359375,191.0948638916016,126.34866333007812,195.0523376464844,174.07791137695312,192.053955078125,172.4777069091797,199.32568359375,217.9202423095703,193.34678649902344,213.09674072265625
341,173.52439880371094,47.48859405517578,175.49978637695312,42.68911743164063,0.0,0.0,188.1486358642578,38.30061340332031,0.0,0.0,196.8318328857422,60.15467071533203,196.3034820556641,61.64559173583984,189.2064208984375,93.40296173095705,0.0,0.0,173.1729736328125,95.93942260742188,0.0,0.0,194.25299072265625,127.5671844482422,193.80393981933597,126.88612365722656,194.34263610839844,174.46524047851562,194.40408325195312,173.25962829589844,199.52052307128903,217.3730926513672,195.18722534179688,213.47296142578125
342,173.51084899902344,47.45977783203125,175.5448455810547,42.686622619628906,0.0,0.0,188.2028961181641,38.28466033935547,0.0,0.0,197.0088348388672,60.07493591308594,195.87338256835935,61.57807922363281,189.55734252929688,93.44142150878906,0.0,0.0,173.4088134765625,95.7598876953125,0.0,0.0,194.1678466796875,127.72036743164062,193.2311248779297,127.02523803710938,194.5311737060547,174.83505249023438,193.7550811767578,173.6171875,199.7244873046875,217.62486267089844,194.76773071289065,213.7765655517578
343,173.5543212890625,47.402191162109375,175.5382080078125,42.75473785400391,0.0,0.0,188.21327209472656,38.27552032470703,0.0,0.0,197.39273071289065,59.45037841796875,195.4189453125,61.31492614746094,189.96810913085935,92.06454467773438,0.0,0.0,173.3917694091797,96.11465454101562,0.0,0.0,194.6539306640625,127.31593322753906,193.1680603027344,126.779541015625,194.7092437744141,174.6853485107422,193.65481567382807,173.6561279296875,199.68536376953125,217.7293701171875,194.79612731933597,213.7129669189453
344,173.81027221679688,47.05284881591797,175.97659301757812,42.557838439941406,0.0,0.0,188.5366668701172,38.54248046875,0.0,0.0,197.04151916503903,59.91489410400391,195.9717254638672,61.18780517578125,190.5590057373047,93.57052612304688,0.0,0.0,172.70770263671875,95.89862060546876,0.0,0.0,194.3748321533203,127.54481506347656,193.4932556152344,126.7433090209961,194.2171936035156,174.83804321289062,193.6864776611328,173.751708984375,199.8281097412109,217.951171875,194.2561798095703,214.52633666992188
345,174.392578125,46.7666015625,176.70628356933594,42.22406768798828,0.0,0.0,189.5669403076172,38.57154846191406,0.0,0.0,197.87908935546875,60.31907653808594,197.39752197265625,61.454010009765625,191.56280517578125,94.52076721191406,0.0,0.0,172.0754852294922,97.02272033691406,0.0,0.0,194.42922973632807,127.21808624267578,194.07611083984372,126.11241912841795,193.4331970214844,175.533447265625,194.04519653320312,174.08920288085938,199.1685791015625,219.06936645507807,194.5592803955078,215.62139892578125
346,174.59176635742188,46.71924591064453,176.87353515625,42.14727020263672,0.0,0.0,189.9904327392578,38.22315216064453,0.0,0.0,199.7458953857422,60.09732055664063,196.03887939453125,61.40693664550781,195.04220581054688,94.1215591430664,0.0,0.0,173.31996154785156,96.96207427978516,0.0,0.0,194.84445190429688,127.96621704101562,192.18170166015625,126.7619171142578,194.37109375,176.14691162109375,191.6061553955078,174.598876953125,199.5799865722656,219.5147857666016,192.55691528320312,216.1326141357422
347,174.54270935058594,46.74225616455078,176.9705047607422,42.1842041015625,0.0,0.0,190.38333129882807,38.18399810791016,0.0,0.0,199.06544494628903,59.86873626708984,196.23350524902344,61.28749084472656,192.75909423828125,92.71087646484376,0.0,0.0,174.0838165283203,97.38257598876952,0.0,0.0,194.80615234375,127.60662841796876,192.7213592529297,126.82762145996094,194.45571899414065,174.67137145996094,192.14114379882807,174.14569091796875,199.35374450683597,217.42916870117188,192.7714385986328,214.92019653320312
348,174.9814910888672,46.732215881347656,177.35427856445312,42.05784606933594,175.40452575683594,43.30046844482422,191.05990600585935,38.07809448242188,0.0,0.0,200.447021484375,60.0845947265625,196.33897399902344,61.65385437011719,195.26934814453125,94.33683013916016,0.0,0.0,173.2367401123047,95.51872253417967,0.0,0.0,194.84982299804688,127.37549591064452,192.31675720214844,126.4084014892578,194.1603546142578,175.65574645996094,192.5197906494141,174.56761169433594,199.8530120849609,219.56610107421875,193.3908233642578,215.82562255859372
349,175.35597229003906,46.394378662109375,177.5469207763672,41.912635803222656,0.0,0.0,190.73606872558597,38.08628845214844,0.0,0.0,200.78192138671875,59.50314331054688,196.7268524169922,61.28092956542969,197.65841674804688,92.19649505615234,0.0,0.0,173.4870147705078,96.65654754638672,0.0,0.0,195.1717529296875,127.27351379394533,192.52313232421875,126.1938934326172,194.1763916015625,175.41835021972656,192.9817047119141,174.21347045898438,199.78005981445312,219.4827880859375,193.76173400878903,216.17819213867188
350,175.7012939453125,46.33126831054688,177.65420532226562,41.900840759277344,0.0,0.0,190.38311767578125,38.065040588378906,0.0,0.0,200.60842895507807,59.22358703613281,197.1524200439453,61.11119079589844,198.3607940673828,91.4996337890625,0.0,0.0,174.68797302246094,97.18888854980467,0.0,0.0,195.6193084716797,126.61658477783205,193.4916229248047,125.6100616455078,194.49978637695312,175.15200805664062,193.9928741455078,174.00143432617188,200.2296295166016,219.13214111328125,194.99722290039065,215.89761352539065
351,175.75582885742188,46.24015808105469,177.5499725341797,41.72335815429688,0.0,0.0,190.03564453125,37.86183166503906,0.0,0.0,200.6856689453125,59.542022705078125,197.21087646484372,61.25080108642578,199.1160888671875,92.52423095703124,0.0,0.0,175.51614379882812,95.72877502441406,0.0,0.0,195.48394775390625,127.1590576171875,193.3278045654297,126.01643371582033,194.49241638183597,175.62283325195312,193.77159118652344,174.15521240234375,200.3134307861328,219.39279174804688,194.98167419433597,216.01300048828125
352,175.95632934570312,46.21073913574219,177.75233459472656,41.63348388671875,0.0,0.0,190.6399078369141,37.91891479492188,0.0,0.0,201.9283447265625,60.257598876953125,196.9766540527344,61.71404266357422,200.0378875732422,93.46961975097656,0.0,0.0,175.41366577148438,95.75009155273438,0.0,0.0,196.1739196777344,128.1201934814453,193.05368041992188,126.81065368652344,195.2861328125,176.97813415527344,193.24444580078125,175.15492248535156,200.5503387451172,220.5438537597656,194.15866088867188,216.7554931640625
353,175.99365234375,46.23414611816406,177.74354553222656,41.66009521484375,0.0,0.0,190.46511840820312,37.97950744628906,0.0,0.0,201.7997283935547,60.62443542480469,197.2333068847656,61.720550537109375,200.3363037109375,94.85708618164062,0.0,0.0,174.2762908935547,94.3269500732422,0.0,0.0,196.0970916748047,128.79408264160156,193.1630706787109,127.31903076171876,195.1278839111328,177.11196899414062,193.3756866455078,175.21737670898438,200.81185913085935,220.419921875,194.44224548339844,216.93048095703125
354,176.1682586669922,46.14686584472656,178.16903686523438,41.59711456298828,0.0,0.0,191.3075408935547,38.18737030029297,0.0,0.0,203.1865234375,60.91842651367188,195.74783325195312,61.9116439819336,200.92947387695312,95.03033447265624,0.0,0.0,175.0543975830078,92.53109741210938,0.0,0.0,196.47911071777344,129.2769775390625,191.35159301757807,127.69841003417967,195.7088928222656,177.86416625976562,190.7618408203125,175.62632751464844,200.5228576660156,221.52532958984372,191.51663208007807,217.55990600585935
355,176.1869354248047,46.24959564208984,178.11575317382812,41.69239044189453,0.0,0.0,191.3690948486328,38.13717651367188,0.0,0.0,203.1570587158203,60.93351745605469,196.3958282470703,61.631256103515625,201.02670288085935,95.52557373046876,0.0,0.0,174.97308349609375,92.44942474365234,0.0,0.0,196.2500915527344,129.50823974609375,191.5501708984375,127.84434509277344,195.61962890625,178.05548095703125,190.795654296875,175.95068359375,200.8934326171875,221.1580810546875,191.701171875,217.70330810546875
356,176.12806701660156,46.41422271728516,178.22201538085938,41.89897918701172,0.0,0.0,191.72608947753903,38.41441345214844,0.0,0.0,203.55262756347656,61.24017333984375,196.12176513671875,61.77289581298828,201.73489379882807,95.80729675292967,0.0,0.0,175.29869079589844,92.64671325683594,0.0,0.0,196.3858795166016,130.2994842529297,191.1320343017578,128.52293395996094,196.01480102539065,178.60028076171875,190.21694946289065,176.3414764404297,201.33189392089844,221.23211669921875,191.2782440185547,217.77130126953125
357,176.05755615234375,46.6556396484375,178.0626220703125,42.24085235595703,0.0,0.0,191.726318359375,38.71455383300781,0.0,0.0,203.42459106445312,61.035186767578125,196.5274200439453,61.62665557861328,201.37911987304688,94.88142395019533,0.0,0.0,175.18138122558594,93.31393432617188,0.0,0.0,196.28717041015625,129.62869262695312,191.4104461669922,127.91239166259766,195.73681640625,178.04542541503906,189.8918609619141,176.09243774414062,200.9375762939453,221.00604248046875,190.3662567138672,217.97885131835935
358,175.85113525390625,47.024391174316406,177.90830993652344,42.66915130615234,0.0,0.0,191.78628540039065,39.03326416015625,0.0,0.0,204.5416717529297,60.947975158691406,195.14132690429688,62.0721435546875,201.0536193847656,92.96104431152344,0.0,0.0,175.11611938476562,92.7734146118164,0.0,0.0,196.9296875,130.52413940429688,190.01417541503903,128.91415405273438,197.14971923828125,178.6951904296875,187.5594482421875,176.41265869140625,201.11691284179688,221.5005340576172,188.93667602539065,217.2357635498047
359,176.16917419433594,47.72576904296875,177.80252075195312,43.21215057373047,0.0,0.0,190.7483367919922,38.36322021484375,0.0,0.0,205.5552215576172,59.575714111328125,192.43983459472656,62.898345947265625,202.0462646484375,90.93677520751952,0.0,0.0,175.62757873535156,93.46998596191406,171.84042358398438,97.1885223388672,197.4375915527344,131.29232788085938,187.5631256103516,130.25238037109375,198.43833923339844,179.45089721679688,182.41880798339844,177.02462768554688,201.62896728515625,222.6324157714844,184.03260803222656,216.46676635742188
360,176.3416290283203,47.727149963378906,177.86764526367188,43.182159423828125,0.0,0.0,190.6373291015625,38.314231872558594,0.0,0.0,205.3505096435547,59.527488708496094,193.09962463378903,62.885498046875,201.59701538085935,90.8865203857422,0.0,0.0,175.3990478515625,93.68563842773438,172.0907745361328,96.71090698242188,197.29222106933597,131.31651306152344,188.10159301757807,130.31460571289062,198.2014617919922,179.68820190429688,183.71983337402344,177.27105712890625,201.63311767578125,222.7547912597656,185.95095825195312,216.42434692382807
361,176.30270385742188,47.64410400390625,177.75917053222656,43.1089096069336,0.0,0.0,190.40658569335935,38.40377807617188,0.0,0.0,204.12266540527344,59.76606750488281,195.2063446044922,62.07275390625,200.25848388671875,91.2559814453125,0.0,0.0,174.51028442382812,93.68611907958984,0.0,0.0,197.2097320556641,129.7342071533203,190.4291534423828,128.43374633789062,197.83563232421875,177.76893615722656,186.9904022216797,175.22683715820312,202.0380859375,221.1748962402344,188.87274169921875,215.60601806640625
362,176.29383850097656,47.629302978515625,177.74302673339844,42.90702819824219,0.0,0.0,190.10324096679688,38.33937072753906,0.0,0.0,203.57745361328125,60.04175567626953,196.3668212890625,62.14097595214844,199.51280212402344,92.21388244628906,0.0,0.0,174.7396240234375,94.61627197265624,0.0,0.0,196.38607788085935,130.31031799316406,190.60128784179688,128.7869110107422,197.50445556640625,178.92715454101562,187.7863311767578,175.61203002929688,201.58372497558597,224.87977600097656,188.3665771484375,217.9267578125
363,176.33682250976562,47.71132659912109,177.68251037597656,42.93415832519531,0.0,0.0,189.8916778564453,38.21607208251953,0.0,0.0,202.9838409423828,60.12057495117188,197.3712158203125,62.004356384277344,198.1323089599609,93.58346557617188,0.0,0.0,174.37368774414062,96.48828125,0.0,0.0,196.1923675537109,130.3022003173828,191.6109161376953,128.73997497558594,197.22239685058597,179.3468017578125,189.1725311279297,175.921142578125,201.3629913330078,225.2935943603516,189.94329833984372,218.0738220214844
364,176.08148193359375,48.16002655029297,177.49200439453125,43.59327697753906,0.0,0.0,190.2335662841797,38.76729583740234,0.0,0.0,201.92503356933597,60.34199523925781,199.35812377929688,61.355079650878906,197.7398223876953,93.71314239501952,0.0,0.0,174.1627960205078,96.22418212890624,0.0,0.0,196.51394653320312,129.20401000976562,194.42755126953125,127.53016662597656,196.36737060546875,177.24598693847656,192.02813720703125,174.61245727539062,201.65866088867188,220.09088134765625,193.69618225097656,215.12115478515625
365,176.23971557617188,48.04353332519531,177.641357421875,43.37619018554688,0.0,0.0,190.0002899169922,38.71025085449219,0.0,0.0,201.3668975830078,60.1820182800293,200.6327667236328,61.08346557617188,196.86822509765625,94.39974975585938,0.0,0.0,174.3176727294922,96.65259552001952,0.0,0.0,195.9383087158203,129.47366333007812,194.9159240722656,127.62854766845705,196.07534790039065,178.79559326171875,193.02777099609372,175.41184997558594,201.81455993652344,224.1414794921875,193.23455810546875,217.63075256347656
366,175.9452362060547,48.45552062988281,177.41531372070312,43.91298675537109,0.0,0.0,190.2690887451172,39.148773193359375,0.0,0.0,201.28424072265625,60.54631042480469,200.34161376953125,61.406341552734375,196.79672241210935,94.19376373291016,0.0,0.0,173.11187744140625,97.21255493164062,0.0,0.0,196.82498168945312,128.81643676757812,195.97235107421875,127.1930923461914,195.9549560546875,177.1690216064453,193.58712768554688,174.95790100097656,201.7759704589844,220.25132751464844,195.2089691162109,216.09475708007807
367,175.96774291992188,48.489593505859375,177.4260711669922,43.89482879638672,0.0,0.0,190.22576904296875,39.14301300048828,0.0,0.0,201.0320281982422,60.86676025390625,200.8841857910156,61.49969482421875,196.43814086914065,95.1448211669922,0.0,0.0,173.06959533691406,97.07141876220705,0.0,0.0,196.76390075683597,129.03736877441406,196.4375762939453,127.30828857421876,195.8534240722656,177.29823303222656,193.7828369140625,174.96295166015625,201.77114868164065,220.08151245117188,195.2727813720703,215.9894256591797
368,176.0673828125,48.57025146484375,177.5331573486328,43.955528259277344,0.0,0.0,190.4347076416016,39.13896179199219,0.0,0.0,201.28038024902344,60.85071563720703,200.83009338378903,61.57810974121094,196.13221740722656,94.82926940917967,0.0,0.0,172.42613220214844,97.50725555419922,0.0,0.0,196.70367431640625,129.26417541503906,196.08387756347656,127.55205535888672,195.894287109375,177.52911376953125,193.0673065185547,175.22840881347656,201.6521453857422,220.326171875,194.39340209960935,216.1732177734375
369,176.04652404785156,48.39799499511719,177.52584838867188,43.82781982421875,0.0,0.0,190.50668334960935,39.11083984375,0.0,0.0,201.5809783935547,60.83416748046875,200.156982421875,61.46983337402344,196.24673461914065,94.7864761352539,0.0,0.0,172.47235107421875,97.35128784179688,0.0,0.0,196.80943298339844,128.9156036376953,195.6381378173828,127.2221221923828,196.00469970703125,177.27969360351562,193.29417419433597,174.95387268066406,201.659423828125,220.2259063720703,195.1503448486328,216.0848388671875
370,176.25106811523438,48.227577209472656,177.87449645996094,43.57495880126953,0.0,0.0,190.97439575195312,39.13009643554688,0.0,0.0,202.52931213378903,60.92833709716797,199.9247589111328,61.68987274169922,196.8655548095703,94.82283020019533,0.0,0.0,172.8092498779297,98.06541442871094,0.0,0.0,196.73989868164065,129.8342742919922,194.54721069335935,127.94646453857422,196.03695678710935,178.83883666992188,192.4189300537109,175.5504913330078,201.1231689453125,224.27005004882807,192.9810485839844,218.08303833007807
371,176.28271484375,48.575927734375,177.96275329589844,43.93692779541016,0.0,0.0,191.54635620117188,39.05790710449219,0.0,0.0,203.658935546875,60.82640075683594,199.1805419921875,62.00836181640625,199.0812225341797,93.98899841308594,0.0,0.0,173.41024780273438,97.16439819335938,0.0,0.0,197.02288818359372,129.73959350585938,193.65301513671875,127.99613189697266,196.68801879882807,177.4904327392578,191.1973571777344,174.81802368164062,202.1368408203125,220.33447265625,193.2587890625,215.45294189453125
372,176.5641632080078,48.22164916992188,178.350830078125,43.58583068847656,0.0,0.0,192.0136260986328,38.839111328125,0.0,0.0,204.80926513671875,60.33544921875,197.90907287597656,62.3458251953125,200.6982269287109,92.40123748779295,0.0,0.0,173.1505126953125,97.35428619384766,0.0,0.0,197.5625457763672,129.90972900390625,192.44354248046875,128.37399291992188,197.25030517578125,178.15089416503906,189.9094390869141,175.568603515625,202.1244659423828,221.36813354492188,191.46316528320312,216.0004730224609
373,176.98170471191406,48.40033721923828,178.88816833496094,43.858001708984375,0.0,0.0,192.1931915283203,39.3582763671875,0.0,0.0,205.8251953125,60.93098449707031,195.03924560546875,62.67057800292969,204.2682647705078,92.79685974121094,0.0,0.0,175.10797119140625,97.90763854980467,171.3734588623047,100.6600341796875,197.3723602294922,130.20407104492188,189.5240478515625,128.49310302734375,197.19723510742188,177.67526245117188,186.36541748046875,174.94146728515625,202.13438415527344,220.1920318603516,187.9863128662109,215.3993377685547
374,177.62234497070312,48.51100158691406,179.81491088867188,43.59657287597656,0.0,0.0,193.3633728027344,39.63679504394531,0.0,0.0,208.3877716064453,63.11524963378906,193.56332397460935,64.28996276855469,204.9397735595703,97.54193878173828,188.8189392089844,96.39083862304688,179.08050537109375,98.00942993164062,172.74427795410156,99.7553253173828,198.49327087402344,132.34181213378906,187.86788940429688,130.25181579589844,198.4898376464844,180.4810791015625,184.1685943603516,176.04794311523438,202.65625,224.6341094970703,187.2304229736328,217.10235595703125
375,177.6676788330078,48.44043731689453,180.23780822753903,43.61997985839844,0.0,0.0,194.0931701660156,39.83533477783203,0.0,0.0,209.59011840820312,63.24459457397461,191.52464294433597,64.3135986328125,207.31362915039065,97.4770965576172,184.90426635742188,94.99966430664062,179.94142150878906,98.26080322265624,170.08901977539062,97.53533935546876,198.9881896972656,132.7920379638672,186.21762084960935,130.84225463867188,199.8684844970703,180.536376953125,183.71383666992188,176.8322296142578,204.3197326660156,223.86209106445312,186.7855529785156,217.9370880126953
376,177.83102416992188,48.41272735595703,180.2894287109375,43.63996887207031,0.0,0.0,193.85943603515625,40.03240203857422,0.0,0.0,209.2222900390625,63.20496368408203,191.7686462402344,64.27074432373047,208.19216918945312,97.2524871826172,186.4196319580078,94.52438354492188,179.7505340576172,99.75010681152344,170.59117126464844,97.41349792480467,199.05946350097656,132.56568908691406,186.8668670654297,130.4728546142578,198.4994354248047,180.7213592529297,183.5727996826172,176.83236694335938,202.16229248046875,224.9488983154297,185.89230346679688,218.57574462890625
377,177.78778076171875,48.122589111328125,180.5731201171875,43.41481018066406,0.0,0.0,194.37388610839844,39.92242431640625,0.0,0.0,208.65542602539065,63.34381866455078,191.5043029785156,63.73655319213867,206.8026123046875,98.42396545410156,183.83665466308597,94.37359619140624,179.5493927001953,99.68138885498048,167.1624755859375,97.28855895996094,198.4875030517578,133.1524200439453,186.3087158203125,131.0520477294922,199.16151428222656,181.03282165527344,183.74046325683597,177.55459594726562,204.4984436035156,223.6985321044922,185.0387420654297,218.75421142578125
378,178.35057067871094,48.26036071777344,181.130859375,43.727149963378906,177.58078002929688,45.155052185058594,194.88626098632807,40.78929901123047,0.0,0.0,210.2711181640625,64.77967071533203,189.3614196777344,64.21414184570312,211.62188720703125,98.4514389038086,182.32992553710935,92.1518783569336,179.7177276611328,99.50047302246094,166.33116149902344,96.44248962402344,198.89630126953125,133.52256774902344,184.510498046875,130.8058319091797,198.0388336181641,180.39784240722656,179.87783813476562,176.35597229003906,202.82049560546875,220.27874755859372,182.52891540527344,215.8312225341797
379,178.39401245117188,48.13667297363281,181.0226287841797,43.58724212646485,177.771728515625,44.99820709228516,194.68067932128903,40.61201477050781,0.0,0.0,209.8636779785156,64.63563537597656,189.98745727539065,63.909088134765625,210.5958709716797,98.31798553466795,181.5302581787109,92.24845123291016,180.163818359375,98.31822967529295,164.03280639648438,97.21121215820312,198.7400054931641,133.29368591308594,185.16049194335935,130.56292724609375,198.21160888671875,180.41525268554688,181.2543029785156,176.2657012939453,202.85110473632807,220.14044189453125,183.55740356445312,215.762939453125
380,178.24502563476562,48.08357238769531,181.1244201660156,43.64118957519531,177.752685546875,44.92400360107422,195.13510131835935,41.053131103515625,0.0,0.0,210.40054321289065,65.2675552368164,189.68161010742188,63.94244384765625,211.64822387695312,99.1869659423828,181.731689453125,91.55198669433594,181.3690490722656,100.179443359375,164.5928497314453,96.48868560791016,198.86447143554688,133.15609741210938,184.6434326171875,130.1500244140625,198.33692932128903,180.07681274414062,179.8192138671875,175.67489624023438,202.85055541992188,220.6097412109375,181.8046875,216.07601928710935
381,178.31845092773438,47.77764892578125,181.156982421875,43.26373291015625,178.12904357910156,44.65470886230469,194.94873046875,40.78663635253906,0.0,0.0,210.1338348388672,64.78437805175781,189.9321746826172,64.16840362548828,210.17367553710935,99.61656188964844,180.8025360107422,93.37637329101562,181.34446716308597,100.12051391601562,163.05140686035156,96.78321075439452,198.96957397460935,133.2936248779297,185.08546447753903,130.64663696289062,198.9948272705078,181.13525390625,181.24295043945312,177.05386352539062,202.71046447753903,223.9517517089844,182.2811279296875,219.18685913085935
382,178.32179260253906,47.82508850097656,181.043212890625,43.30850982666016,0.0,0.0,194.6909942626953,40.91023254394531,0.0,0.0,209.8845367431641,65.20831298828125,190.09962463378903,64.01058197021484,210.2606964111328,100.60861206054688,180.3458404541016,92.89686584472656,181.4850616455078,100.41007995605467,162.45079040527344,96.39459991455078,199.220703125,132.85708618164062,185.8272705078125,130.07461547851562,198.80821228027344,180.41177368164065,182.408203125,176.28759765625,202.66189575195312,223.41751098632807,183.6526641845703,219.0359039306641
383,178.2010498046875,47.82769775390625,180.9676055908203,43.32618713378906,0.0,0.0,194.5365295410156,40.87612915039063,0.0,0.0,209.89633178710935,65.24962615966797,189.3517303466797,63.88568878173828,209.9556121826172,100.9729461669922,179.70713806152344,92.31349182128906,180.60423278808597,101.996826171875,162.4014129638672,96.37767028808594,199.2086944580078,133.31983947753906,185.166748046875,130.4683837890625,198.92352294921875,180.8310089111328,181.20404052734372,176.57159423828125,202.76449584960935,223.6629943847656,182.4605255126953,219.04737854003903
384,178.30673217773438,47.893516540527344,181.0789337158203,43.53148651123047,177.7992401123047,44.70427703857422,194.6835174560547,41.15472412109375,0.0,0.0,210.0064239501953,65.56448364257812,188.7079925537109,63.46280670166016,210.7239227294922,100.64543151855467,178.5635223388672,90.93492889404295,180.5132598876953,101.27717590332033,161.63528442382812,96.37442016601562,198.94346618652344,132.69198608398438,184.47976684570312,129.50746154785156,198.38302612304688,179.6197509765625,179.96388244628906,174.83859252929688,203.113037109375,220.21554565429688,181.94329833984372,215.4798583984375
385,178.18743896484375,47.865509033203125,180.9793701171875,43.51524353027344,177.7808837890625,44.647857666015625,194.68618774414065,41.18048858642578,0.0,0.0,209.94113159179688,65.54450988769531,188.888916015625,63.61294555664063,210.38226318359372,100.44182586669922,178.76173400878906,91.05184936523438,180.1943817138672,101.65708923339844,161.22998046875,95.9041748046875,198.8643035888672,132.6239776611328,184.5045928955078,129.48165893554688,198.3643493652344,179.8363037109375,179.5834503173828,175.12359619140625,203.0471954345703,220.70118713378903,181.33876037597656,215.77114868164065
386,178.25521850585938,47.74244689941406,181.0513610839844,43.42254638671875,177.88296508789062,44.51878356933594,194.81051635742188,41.25732421875,0.0,0.0,210.01739501953125,65.88114166259766,188.7746734619141,63.24738311767578,210.69772338867188,101.13230895996094,178.20228576660156,89.97357177734375,180.2418975830078,101.48377990722656,161.06613159179688,95.32038116455078,198.69407653808597,132.8499298095703,184.23403930664065,129.50013732910156,198.18325805664065,180.30999755859372,179.45217895507812,175.54864501953125,203.16650390625,220.7129821777344,181.08334350585935,216.42483520507807
387,178.1300048828125,47.7652587890625,180.9986724853516,43.40037536621094,177.7396697998047,44.52977752685547,194.89295959472656,41.204200744628906,0.0,0.0,209.9517517089844,65.89244842529297,188.4247131347656,63.682464599609375,210.3411865234375,101.5015869140625,177.446044921875,90.9629135131836,179.86329650878906,102.01634979248048,160.44615173339844,94.9574737548828,198.50216674804688,133.47254943847656,183.8669891357422,130.3558807373047,198.28448486328125,180.7396545410156,179.39370727539062,176.36465454101562,203.13278198242188,220.80609130859372,181.0272216796875,216.57781982421875
388,178.10423278808594,47.73439025878906,181.01290893554688,43.45018005371094,177.7774658203125,44.46749114990234,194.94137573242188,41.06315612792969,0.0,0.0,209.85714721679688,65.22805786132812,188.73814392089844,63.01753234863281,210.0550842285156,100.3056869506836,177.8615264892578,90.02598571777344,179.93161010742188,102.2453842163086,160.65646362304688,94.4705810546875,198.8379669189453,132.84918212890625,184.4978179931641,129.6845703125,198.19366455078125,179.89834594726562,179.81243896484375,175.28399658203125,203.08587646484372,220.37625122070312,181.5709991455078,215.51760864257807
389,178.17745971679688,47.708457946777344,181.07601928710935,43.418113708496094,177.7743682861328,44.47003936767578,194.99729919433597,41.0330810546875,0.0,0.0,210.07562255859372,65.2183609008789,188.24639892578125,62.93212890625,210.4872131347656,99.88314819335938,176.7324981689453,89.36872863769531,180.3576202392578,101.52420043945312,160.24844360351562,94.30949401855467,198.97393798828125,132.8841094970703,184.2083740234375,129.7269744873047,198.180419921875,180.048828125,179.32476806640625,175.48191833496094,203.17193603515625,220.27005004882807,181.263671875,215.6585998535156
390,178.17091369628906,47.61052703857422,181.08448791503903,43.360939025878906,177.80615234375,44.357269287109375,194.96878051757807,41.06239318847656,0.0,0.0,209.94711303710935,65.13899993896484,188.22698974609372,62.78514099121094,210.4526824951172,99.63296508789062,176.62522888183594,88.7673568725586,179.8421173095703,102.47075653076172,159.73187255859375,94.27859497070312,199.1181640625,132.7105712890625,184.46604919433597,129.56271362304688,198.15872192382807,179.75416564941406,179.7682342529297,175.29574584960938,203.1670837402344,219.94418334960935,181.72412109375,215.490478515625
391,178.31231689453125,47.48599243164063,181.26901245117188,43.31571960449219,178.18345642089844,44.26702880859375,195.41314697265625,41.13325500488281,0.0,0.0,210.15505981445312,65.51461029052734,188.6644592285156,62.39715576171875,209.1792907714844,100.45016479492188,176.67530822753906,87.97109985351562,179.54122924804688,102.38351440429688,159.47328186035156,93.80447387695312,198.647705078125,133.08663940429688,183.95736694335935,129.64718627929688,198.17855834960935,179.89096069335938,178.45350646972656,175.1295928955078,203.1930694580078,219.9727935791016,180.34190368652344,215.6022491455078
392,178.3108367919922,47.48631286621094,181.27171325683597,43.30451965332031,178.1752166748047,44.26625061035156,195.4272003173828,41.11138916015625,0.0,0.0,210.16915893554688,65.51371765136719,188.60671997070312,62.44709777832031,209.1685791015625,100.4415283203125,176.492431640625,88.03323364257812,179.60162353515625,102.22639465332033,159.4454345703125,93.58943176269533,198.63096618652344,133.14669799804688,183.9032287597656,129.73382568359375,198.15414428710935,179.9168701171875,178.3953399658203,175.18978881835938,203.18304443359372,219.967529296875,180.33737182617188,215.590087890625
393,178.4141082763672,47.40826416015625,181.4261932373047,43.29925537109375,0.0,0.0,195.69635009765625,41.23542785644531,0.0,0.0,210.50177001953125,65.38093566894531,188.54315185546875,62.31979370117188,209.75173950195312,99.66078186035156,176.1807861328125,87.36722564697266,179.9705047607422,102.1969757080078,159.46031188964844,93.128173828125,198.8568420410156,132.75608825683594,183.91928100585935,129.3488311767578,198.2201232910156,179.5833282470703,178.359130859375,174.90673828125,203.3058319091797,219.7810211181641,180.5396728515625,215.4017639160156
394,178.7196044921875,47.52442932128906,181.6422119140625,43.28800201416016,0.0,0.0,195.70616149902344,41.03361511230469,0.0,0.0,210.3643951416016,65.68841552734375,188.95236206054688,62.35394287109375,208.2998046875,100.77438354492188,176.02536010742188,87.6279296875,179.49615478515625,102.45401000976562,159.3494873046875,92.78565979003906,198.7797088623047,132.78236389160156,184.1612091064453,129.26095581054688,198.3153076171875,179.4646453857422,178.3734588623047,174.36618041992188,203.34593200683597,219.7009735107422,180.7330322265625,214.64276123046875
395,178.6370849609375,47.48432159423828,181.6543731689453,43.26934814453125,178.5816192626953,44.18897247314453,195.9924774169922,41.0762939453125,0.0,0.0,210.61349487304688,65.78845977783203,188.96517944335935,62.117652893066406,208.302734375,100.88480377197266,175.64585876464844,87.02861022949219,179.36048889160156,102.5408172607422,158.71250915527344,92.84837341308594,198.8781280517578,132.71478271484375,184.11715698242188,129.0620574951172,198.29710388183597,179.53738403320312,178.11700439453125,174.3347625732422,203.3325653076172,219.74156188964844,180.40557861328125,214.8321685791016
396,179.02218627929688,47.65129089355469,182.00173950195312,43.41423797607422,178.90875244140625,44.34026336669922,196.2474822998047,40.92626953125,0.0,0.0,210.87327575683597,65.46510314941406,189.5068817138672,61.741302490234375,208.39108276367188,100.44495391845705,175.9771728515625,86.44658660888672,179.54603576660156,102.24495697021484,158.576171875,92.2226104736328,198.88626098632807,132.32395935058594,184.3328857421875,128.5511932373047,198.1748962402344,179.18841552734375,178.1907958984375,173.59027099609375,203.34683227539065,219.9808807373047,180.50457763671875,214.3616485595703
397,179.54835510253906,47.71971130371094,182.44454956054688,43.41232299804688,179.38978576660156,44.31892395019531,196.49148559570312,40.845733642578125,0.0,0.0,211.01675415039065,65.7252197265625,190.04808044433597,61.6654052734375,208.832275390625,100.8721160888672,176.66070556640625,85.75556945800781,179.29058837890625,102.8468017578125,158.54620361328125,91.6724853515625,198.7174072265625,132.6011505126953,184.40011596679688,128.6710205078125,198.11392211914065,179.25140380859375,178.15028381347656,173.5363311767578,203.31915283203125,219.7205047607422,180.21209716796875,214.21261596679688
398,179.67652893066406,47.47032928466797,182.55044555664065,43.09086608886719,179.76246643066406,44.20384216308594,196.57388305664065,40.73507690429688,0.0,0.0,211.11325073242188,65.72772216796875,190.4263153076172,61.78784942626953,209.16754150390625,101.27115631103516,176.7458953857422,85.36905670166016,179.73977661132812,103.50439453125,158.8338165283203,90.92967224121094,198.6725006103516,133.21060180664062,184.58859252929688,129.45260620117188,198.18991088867188,180.4537811279297,179.29568481445312,175.45880126953125,202.7955017089844,222.7831268310547,180.2916259765625,218.4813232421875
399,180.12600708007812,47.786415100097656,183.1130523681641,43.43424224853516,179.8850860595703,44.36903381347656,197.3466339111328,40.807647705078125,0.0,0.0,211.877197265625,65.7721939086914,190.4815673828125,61.46321105957031,210.031982421875,101.07298278808594,176.61268615722656,84.97948455810547,179.7149658203125,102.73098754882812,157.9517364501953,90.59044647216795,198.8442230224609,132.54908752441406,184.33888244628903,128.47117614746094,198.05859375,178.98641967773438,178.2196502685547,173.17486572265625,203.10943603515625,219.593994140625,180.07882690429688,214.15261840820312
400,180.1141357421875,47.51316833496094,183.13706970214844,43.14878845214844,180.1177215576172,44.28035736083984,197.2630920410156,40.974853515625,0.0,0.0,211.6708831787109,66.35873413085938,190.633056640625,61.408653259277344,209.50445556640625,101.86812591552734,176.6252899169922,83.39847564697266,180.07376098632812,103.64115142822266,158.15817260742188,90.4288558959961,198.79595947265625,133.23777770996094,184.4662628173828,129.033203125,197.9952545166016,180.36209106445312,178.74847412109375,174.79104614257812,202.69778442382807,222.44142150878903,179.70230102539062,218.20718383789065
401,180.3195953369141,47.55375671386719,183.43951416015625,43.190574645996094,180.29653930664065,44.32505798339844,197.6436767578125,41.03163146972656,0.0,0.0,212.05958557128903,66.26973724365234,190.41754150390625,61.690895080566406,209.61672973632807,101.17828369140624,176.05743408203125,83.40232849121094,179.9016571044922,104.18201446533205,157.73843383789062,90.10269165039062,199.06854248046875,133.17987060546875,184.3793182373047,129.1101531982422,198.32028198242188,180.06600952148438,178.71755981445312,174.56893920898438,202.6728057861328,222.407470703125,180.0176239013672,217.7646484375
402,180.97100830078125,47.51914978027344,184.19520568847656,43.25151062011719,180.9807586669922,44.41852569580078,198.3117218017578,41.44293212890625,0.0,0.0,212.44834899902344,66.69236755371094,190.677490234375,61.66899108886719,209.0005798339844,101.38648986816406,176.13677978515625,82.46818542480469,179.871826171875,103.53591918945312,157.29177856445312,89.5018539428711,199.2185516357422,133.36534118652344,184.283203125,129.11805725097656,198.42776489257807,180.4637756347656,178.23617553710938,174.7468719482422,202.91075134277344,222.23275756835935,179.6208953857422,217.7119140625
403,180.8689117431641,47.41280364990234,184.24337768554688,43.184600830078125,180.75254821777344,44.24059295654297,198.26353454589844,41.481353759765625,0.0,0.0,212.30810546875,66.61302185058594,189.6067352294922,61.761756896972656,209.67242431640625,100.76823425292967,174.61834716796875,82.31103515625,180.1412811279297,104.26116180419922,156.01458740234375,89.65973663330078,199.5594787597656,133.28384399414062,184.12925720214844,129.13548278808594,198.5743103027344,180.0826873779297,178.17001342773438,174.43284606933594,202.9903259277344,221.7327880859375,179.5699005126953,217.1388092041016
404,181.30307006835935,47.58978271484375,184.79702758789065,43.24726104736328,181.10667419433597,44.30982971191406,199.1724853515625,41.32247924804688,0.0,0.0,213.0474548339844,66.80961608886719,189.6439514160156,61.5662956237793,210.20208740234372,101.4333953857422,173.85752868652344,81.86917114257812,180.13824462890625,104.56201934814452,155.72555541992188,89.68111419677734,199.6414337158203,133.5731658935547,183.87619018554688,129.3369140625,198.4718780517578,180.4174652099609,177.8197784423828,174.92623901367188,202.8433837890625,221.56402587890625,179.54812622070312,217.6326904296875
405,181.32037353515625,47.69146728515625,184.8088836669922,43.46483612060547,180.7953643798828,44.30769348144531,199.04820251464844,41.152488708496094,0.0,0.0,213.0191802978516,66.1722412109375,189.2958068847656,60.88081359863281,210.3534240722656,100.92086029052734,174.08526611328125,81.61714172363281,179.35455322265625,104.55477142333984,154.81085205078125,88.95626831054688,199.541748046875,132.73275756835938,183.45513916015625,128.30397033691406,198.4001007080078,179.18734741210938,176.65545654296875,172.95602416992188,203.30435180664065,218.962890625,178.84786987304688,213.56202697753903
406,181.45628356933597,47.80696868896485,184.8692321777344,43.630615234375,180.80633544921875,44.39117431640625,198.718017578125,41.20107269287109,0.0,0.0,212.86602783203125,65.97191619873047,188.6157684326172,60.56475830078125,210.66197204589844,100.39521026611328,173.10137939453125,80.9070053100586,179.29324340820312,105.03218841552734,154.3968963623047,89.15579223632812,199.71792602539065,132.63565063476562,183.36746215820312,128.15786743164062,198.39166259765625,179.05374145507812,176.7740936279297,172.53839111328125,203.2932586669922,218.86911010742188,179.30088806152344,213.03858947753903
407,181.53677368164065,47.7476806640625,184.919677734375,43.52922058105469,180.9023895263672,44.305274963378906,198.719970703125,41.13909912109375,0.0,0.0,212.96694946289065,66.19227600097656,188.9129180908203,60.53642272949219,210.93035888671875,101.09392547607422,173.6212158203125,80.86626434326172,179.93324279785156,104.68318939208984,154.28079223632812,88.32442474365234,199.6701812744141,132.86465454101562,183.4108428955078,128.2644500732422,198.5454559326172,179.26907348632812,176.79539489746094,172.5989227294922,203.37326049804688,219.0083923339844,179.24783325195312,213.15008544921875
408,181.53619384765625,47.663330078125,184.8759307861328,43.53459167480469,180.9455718994141,44.315216064453125,198.65550231933597,41.256866455078125,0.0,0.0,213.26678466796875,65.75651550292969,188.46197509765625,60.72334289550781,212.266845703125,99.51116943359376,172.99229431152344,80.69330596923828,180.42579650878903,104.74089050292967,154.059814453125,88.71440124511719,199.7465057373047,132.50607299804688,183.0357360839844,128.15528869628906,198.6749420166016,178.94088745117188,176.438720703125,172.73504638671875,203.50613403320312,219.2230529785156,178.87149047851562,213.6641998291016
409,181.4193572998047,47.63346862792969,184.81155395507807,43.47228240966797,180.7688446044922,44.238372802734375,198.5578765869141,41.23750305175781,0.0,0.0,212.9557342529297,65.98301696777344,188.2457733154297,60.69469451904297,211.55416870117188,99.99478912353516,172.6641387939453,80.64197540283203,179.9893035888672,104.71964263916016,154.158203125,88.69522094726562,199.84500122070312,132.6343536376953,183.2107391357422,128.23233032226562,198.863037109375,178.99559020996094,176.94715881347656,172.62075805664062,203.64254760742188,219.00131225585935,179.3793487548828,213.36013793945312
410,181.45376586914065,47.636009216308594,184.8108367919922,43.51141357421875,180.86595153808597,44.23360443115234,198.5326995849609,41.23918151855469,0.0,0.0,212.913818359375,65.69982147216797,188.51287841796875,60.70036315917969,212.10723876953125,99.51075744628906,173.0276641845703,80.97540283203125,180.7325897216797,104.52458190917967,153.81979370117188,88.56922912597656,199.7785186767578,132.64126586914062,183.36666870117188,128.3320770263672,198.82986450195312,179.02044677734375,177.21400451660156,172.8016357421875,203.7105407714844,219.22198486328125,179.35476684570312,213.55372619628903
411,181.45567321777344,47.65184020996094,184.87808227539065,43.48987579345703,180.8224639892578,44.25254821777344,198.70269775390625,41.2373275756836,0.0,0.0,212.9925537109375,65.908203125,188.484130859375,60.62312316894531,211.3429107666016,99.98116302490234,172.880615234375,80.81474304199219,180.14976501464844,104.40972900390624,154.49148559570312,88.71588134765625,199.9138336181641,132.6021270751953,183.4403381347656,128.19862365722656,198.79200744628903,179.01788330078125,177.38002014160156,172.58212280273438,203.60992431640625,219.129150390625,179.9071044921875,213.3319396972656
412,181.4359130859375,47.60961151123047,184.9522705078125,43.31695556640625,181.08737182617188,44.24298095703125,198.9560546875,41.37550354003906,0.0,0.0,213.0059967041016,66.53170776367188,188.5509185791016,61.14656066894531,211.260498046875,100.3470458984375,171.68345642089844,80.4432373046875,180.62583923339844,104.83104705810548,154.3533172607422,89.01759338378906,200.0598907470703,133.85353088378906,183.81832885742188,129.61129760742188,198.8894805908203,180.8959503173828,178.78016662597656,175.12368774414062,203.4910125732422,222.2381591796875,181.1402130126953,217.82955932617188
413,181.4160614013672,47.58924865722656,184.99549865722656,43.31012725830078,181.0914764404297,44.21109008789063,199.0857696533203,41.385398864746094,0.0,0.0,213.0393524169922,66.39405822753906,188.54388427734372,61.32318878173828,211.26318359375,100.32794189453124,171.55453491210938,81.35688018798828,180.67340087890625,104.9019012451172,153.50958251953125,89.46964263916016,199.91531372070312,133.7078399658203,183.63919067382807,129.54698181152344,198.770263671875,180.88626098632807,178.4555206298828,175.17849731445312,203.32989501953125,222.4885406494141,180.5258026123047,217.8927001953125
414,181.5201568603516,47.5639877319336,185.03939819335935,43.31637573242188,181.15753173828125,44.25628662109375,199.00909423828125,41.432655334472656,0.0,0.0,212.9232482910156,66.47135925292969,188.76220703125,60.83396530151367,211.08360290527344,100.54753112792967,172.47459411621094,79.93460083007812,180.2446746826172,104.95477294921876,154.96792602539062,88.84059143066406,199.97073364257807,133.66696166992188,183.822021484375,129.34092712402344,198.8349151611328,180.9655303955078,178.82313537597656,175.24179077148438,203.24349975585935,222.43637084960935,180.52218627929688,218.38571166992188
415,181.42369079589844,47.702423095703125,184.9756317138672,43.3404541015625,181.02728271484372,44.34977722167969,199.21275329589844,41.27110290527344,0.0,0.0,213.2097320556641,66.6628646850586,189.02749633789065,60.90834045410156,211.06771850585935,101.32030487060548,172.54176330566406,80.33755493164062,180.2363128662109,104.74983215332033,154.9880828857422,88.72164916992188,199.82215881347656,134.1278076171875,183.67288208007807,129.71116638183594,198.7301483154297,181.4471435546875,178.54544067382812,175.56008911132812,203.1858062744141,222.7539825439453,180.38720703125,218.53097534179688
416,181.43870544433597,47.74352264404297,185.02133178710935,43.3922119140625,181.0536956787109,44.37835693359375,199.2167816162109,41.260536193847656,0.0,0.0,213.10464477539065,66.42047882080078,189.0621490478516,61.11329650878906,210.9037170410156,100.8153076171875,172.6512451171875,81.07109069824219,180.4272003173828,104.935302734375,154.66639709472656,89.17851257324219,199.86734008789065,133.92352294921875,183.7948455810547,129.6444854736328,198.7281494140625,181.23719787597656,178.4567413330078,175.41738891601562,203.09078979492188,222.92893981933597,180.14405822753903,218.36508178710935
417,181.3845367431641,47.76385498046875,185.03228759765625,43.39913940429688,180.93572998046875,44.388214111328125,199.2345428466797,41.28846740722656,0.0,0.0,213.03131103515625,66.45777893066406,188.92176818847656,61.09636306762695,210.8221740722656,100.90169525146484,172.5518798828125,81.06925201416016,180.42608642578125,104.9162139892578,154.65676879882812,89.18984985351562,199.8989715576172,133.91952514648438,183.8074493408203,129.61849975585938,198.7018585205078,181.2994079589844,178.7150421142578,175.38494873046875,202.946044921875,223.05503845214844,180.321044921875,218.37144470214844
418,181.36883544921875,47.787818908691406,185.00338745117188,43.42364501953125,180.94253540039065,44.42081451416016,199.2412872314453,41.31688690185547,0.0,0.0,213.1070251464844,66.54182434082031,188.9474639892578,61.05647277832031,210.63656616210935,100.96473693847656,172.8448944091797,80.74359893798828,180.19363403320312,104.97984313964844,155.64915466308594,88.68669128417969,199.9492950439453,133.9950408935547,183.8051300048828,129.66029357910156,198.8199462890625,181.272705078125,178.7761993408203,175.31326293945312,202.86929321289065,222.94381713867188,180.6448974609375,218.19293212890625
419,181.3572540283203,47.783203125,185.01156616210935,43.41693115234375,180.9242248535156,44.41127014160156,199.2545318603516,41.293739318847656,0.0,0.0,213.0984649658203,66.44237518310547,188.7825469970703,61.20844268798828,210.7250823974609,100.94490051269533,172.45509338378906,81.35490417480469,180.2344512939453,105.00196838378906,154.82064819335938,89.12850952148438,199.90802001953125,133.94793701171875,183.67111206054688,129.71456909179688,198.82228088378903,181.2626953125,178.55575561523438,175.46664428710938,202.9281463623047,223.0501251220703,180.32876586914065,218.4057464599609
420,181.3935089111328,47.78509521484375,185.03126525878903,43.39612579345703,180.94793701171875,44.397743225097656,199.3002777099609,41.20711517333984,0.0,0.0,213.1631774902344,66.36524963378906,188.84698486328125,61.219459533691406,210.8483123779297,100.89558410644533,172.3966522216797,81.48030090332031,180.2640686035156,104.99844360351562,154.9002227783203,89.07907104492188,199.94674682617188,133.9553985595703,183.7452850341797,129.7590789794922,198.8177490234375,181.2079620361328,178.7003173828125,175.4726104736328,202.86805725097656,223.0311279296875,180.4384613037109,218.38787841796875
421,181.32781982421875,47.90666198730469,185.00802612304688,43.49993896484375,180.92596435546875,44.424224853515625,199.3932342529297,41.24022674560547,0.0,0.0,213.01217651367188,66.57316589355469,188.97825622558597,60.95122528076172,210.59860229492188,101.26114654541016,172.94888305664062,80.89679718017578,180.12440490722656,105.0518035888672,155.88922119140625,88.74942016601562,199.90960693359372,134.2003631591797,183.8888092041016,129.86825561523438,198.6713104248047,181.4363555908203,178.75289916992188,175.68748474121094,202.64450073242188,222.90138244628903,180.50999450683597,218.65185546875
422,181.3531188964844,47.920196533203125,185.0402984619141,43.52947998046875,180.9336395263672,44.44295501708984,199.40354919433597,41.289306640625,0.0,0.0,213.1369171142578,66.50465393066406,188.81602478027344,61.141998291015625,211.28289794921875,100.86260223388672,172.6631622314453,81.12832641601562,180.4752197265625,105.13642120361328,155.4983367919922,88.98820495605469,200.00125122070312,134.228271484375,183.84657287597656,129.97740173339844,198.71304321289065,181.38381958007807,178.76084899902344,175.7266387939453,202.72830200195312,222.9575958251953,180.54632568359372,218.67465209960935
423,181.264892578125,48.03858947753906,185.0012969970703,43.62971496582031,180.84893798828125,44.51051330566406,199.4438323974609,41.25642395019531,0.0,0.0,212.93063354492188,66.4056396484375,189.0272521972656,61.038604736328125,210.53135681152344,100.97761535644533,172.93858337402344,81.29925537109375,179.89956665039062,105.34840393066406,155.56614685058594,88.78916931152344,200.0601806640625,134.16282653808594,184.1825256347656,129.90525817871094,198.5245056152344,181.3331451416016,179.02737426757812,175.6170654296875,202.4287109375,223.1143798828125,180.691162109375,218.59056091308597
424,181.2787170410156,48.04459381103516,185.0644073486328,43.5736083984375,180.85476684570312,44.45808410644531,199.67495727539065,41.15963745117188,0.0,0.0,213.144287109375,66.5146484375,188.80072021484372,61.17940521240234,210.97747802734372,100.5473403930664,172.3341064453125,81.15443420410156,180.2928924560547,105.20633697509766,154.83001708984375,89.74645233154297,199.8628845214844,134.3232421875,183.70950317382807,130.07763671875,198.3887481689453,181.31922912597656,178.0359344482422,175.75473022460938,202.26600646972656,222.7424774169922,179.67233276367188,218.67745971679688
425,181.28700256347656,48.06825637817383,185.08670043945312,43.57978057861328,180.8135681152344,44.43682098388672,199.68458557128903,41.14430236816406,0.0,0.0,213.207275390625,66.6253662109375,188.6840667724609,61.13173675537109,211.5489654541016,100.90730285644533,172.13369750976562,81.27275848388672,180.7880859375,105.03370666503906,154.70887756347656,89.83892822265625,199.8296356201172,134.42225646972656,183.62518310546875,130.09765625,198.2382659912109,181.3585357666016,177.98692321777344,175.65426635742188,202.3067321777344,222.87579345703125,179.7127227783203,218.77679443359372
426,181.3269195556641,48.08843231201172,185.1067352294922,43.61705017089844,180.8286895751953,44.48161315917969,199.6136779785156,41.116607666015625,0.0,0.0,213.11029052734372,66.3125228881836,188.623046875,61.22240829467773,211.46612548828125,100.18450927734376,171.96641540527344,81.45590209960938,180.59266662597656,105.4164581298828,154.27810668945312,90.24529266357422,199.8814697265625,134.1724395751953,183.7264709472656,130.00311279296875,198.29417419433597,181.12448120117188,178.276123046875,175.56973266601562,202.2736053466797,222.91012573242188,179.92691040039062,218.65066528320312
427,181.3028259277344,48.12482452392578,185.04568481445312,43.67829132080078,180.86788940429688,44.49723052978516,199.53390502929688,41.16266632080078,0.0,0.0,213.08253479003903,66.44910430908203,188.61553955078125,61.16196823120117,211.56576538085935,100.4890594482422,172.04861450195312,81.51555633544922,180.97125244140625,105.20767211914062,153.71661376953125,90.54495239257812,199.85140991210935,134.212158203125,183.65460205078125,129.9685516357422,198.4584503173828,180.8917999267578,177.750244140625,175.341552734375,202.2771453857422,222.53424072265625,179.15478515625,218.61373901367188
428,181.3266448974609,48.12529754638672,185.0645751953125,43.65655517578125,180.8912506103516,44.51675415039063,199.5611267089844,41.150978088378906,0.0,0.0,213.1066131591797,66.58419036865234,188.73675537109372,61.15755462646485,211.2490081787109,100.69251251220705,172.3101806640625,81.25180053710938,180.8836669921875,105.23663330078124,154.28488159179688,90.18295288085938,199.6760711669922,134.29710388183594,183.53338623046875,129.99160766601562,198.3511505126953,181.0130615234375,177.77401733398438,175.32569885253906,202.16993713378903,222.622314453125,179.48252868652344,218.51690673828125
429,181.3538055419922,48.16930389404297,185.1044158935547,43.695457458496094,180.95835876464844,44.54283905029297,199.7538146972656,41.09088134765625,0.0,0.0,213.2342529296875,66.40577697753906,189.17776489257807,61.01945495605469,211.2177734375,100.34059143066406,172.9511260986328,80.93553161621094,180.68896484375,105.57940673828124,155.06710815429688,89.63383483886719,199.6964111328125,134.22720336914062,183.7407684326172,129.90769958496094,198.39254760742188,180.84991455078125,178.02491760253906,175.12435913085938,202.1208648681641,222.43576049804688,179.57562255859375,218.0493927001953
430,181.2075958251953,48.15668487548828,184.953125,43.67892456054688,180.85362243652344,44.52656555175781,199.64303588867188,41.11634826660156,0.0,0.0,212.96917724609372,66.47335052490234,189.41815185546875,61.168922424316406,210.7957763671875,100.325439453125,173.4002227783203,81.12445831298828,180.5526123046875,105.78379821777344,155.71359252929688,89.45195007324219,199.5718536376953,134.39340209960938,183.96148681640625,130.11276245117188,198.27230834960935,180.8504638671875,178.5645294189453,175.12551879882812,201.97579956054688,222.48580932617188,180.03114318847656,217.87515258789065
431,181.1389312744141,48.161766052246094,184.93051147460935,43.67352294921875,180.78564453125,44.49981689453125,199.633544921875,41.07948303222656,0.0,0.0,212.8900451660156,66.36669158935547,189.2188415527344,61.3667106628418,210.8299560546875,100.41622924804688,172.94329833984375,81.94692993164062,180.55276489257807,105.7313461303711,154.84628295898438,89.44393920898438,199.46307373046875,134.50057983398438,183.7706298828125,130.33151245117188,198.26052856445312,180.9961700439453,178.28021240234375,175.41543579101562,202.0517578125,222.79757690429688,179.54632568359375,218.1582489013672
432,181.0841217041016,48.0987434387207,184.8341217041016,43.64436340332031,180.7147979736328,44.50605773925781,199.51480102539065,41.0527572631836,0.0,0.0,212.86599731445312,66.03854370117188,189.2875823974609,61.273193359375,210.94876098632807,100.01602172851562,173.21475219726562,81.81420135498047,180.38409423828125,105.8105697631836,155.2113494873047,88.90723419189453,199.6382293701172,134.1871337890625,183.96923828125,130.126220703125,198.46041870117188,180.85487365722656,178.61192321777344,175.4768829345703,202.1085968017578,222.92996215820312,179.43069458007812,218.32131958007807
433,181.09803771972656,48.115760803222656,184.90843200683597,43.64527893066406,180.7650451660156,44.51341247558594,199.6782073974609,41.23883819580078,0.0,0.0,212.90538024902344,66.61770629882812,189.38763427734372,61.3883056640625,210.4078063964844,100.37574768066406,173.10682678222656,81.31199645996094,180.4784240722656,105.87374877929688,155.396728515625,89.33257293701172,199.62705993652344,134.55043029785156,184.00006103515625,130.30101013183594,198.4048614501953,181.10330200195312,178.6496124267578,175.35321044921875,202.0536193847656,222.70053100585935,179.83731079101562,217.90081787109372
434,181.13525390625,48.122108459472656,184.92953491210935,43.66667175292969,180.8112945556641,44.543113708496094,199.65061950683597,41.28285217285156,0.0,0.0,212.84982299804688,66.73773193359375,189.4400177001953,61.342071533203125,210.33111572265625,100.63778686523438,173.35867309570312,81.20867156982422,180.57830810546875,105.8564453125,155.59971618652344,89.64002990722656,199.6177673339844,134.5115966796875,184.04054260253903,130.21014404296875,198.31922912597656,181.03564453125,178.5106658935547,175.285888671875,202.02340698242188,222.69189453125,179.69561767578125,218.142578125
435,181.10128784179688,48.0994873046875,184.88601684570312,43.64900207519531,180.77096557617188,44.546905517578125,199.5568084716797,41.28409576416016,0.0,0.0,212.81298828125,66.65460205078125,189.17588806152344,61.45640563964844,209.9571685791016,100.59284210205078,173.0489959716797,81.5328140258789,180.33322143554688,105.61383819580078,155.5766143798828,89.32250213623047,199.67735290527344,134.45974731445312,183.8942413330078,130.26449584960938,198.55699157714844,181.1534118652344,178.2648468017578,175.53811645507812,201.9683380126953,223.05886840820312,179.3360595703125,218.49420166015625
436,181.33062744140625,47.97530364990234,185.08367919921875,43.66578674316406,180.62814331054688,44.433685302734375,199.33477783203125,41.30866241455078,0.0,0.0,212.6247100830078,66.38764953613281,188.23760986328125,61.5504150390625,210.21408081054688,100.22259521484376,172.9168701171875,82.15716552734375,179.42550659179688,105.6859893798828,154.41468811035156,90.028076171875,199.5705108642578,133.3666534423828,183.09722900390625,129.24725341796875,198.68011474609372,179.697509765625,176.51904296875,174.0115966796875,202.7669219970703,220.0519256591797,177.87905883789062,215.1549835205078
437,181.28201293945312,48.04649353027344,185.05882263183597,43.70152282714844,180.57530212402344,44.46416473388672,199.35716247558597,41.31411743164063,0.0,0.0,212.598876953125,66.76692199707031,188.3361358642578,61.48310852050781,209.72622680664065,101.34869384765624,173.30227661132812,82.23644256591797,179.154296875,105.73085021972656,155.12875366210938,89.70226287841797,199.4742126464844,133.89117431640625,183.04302978515625,129.58370971679688,198.5033721923828,180.03549194335938,176.31021118164062,174.05618286132812,202.6636199951172,219.94659423828125,178.01516723632812,214.9177703857422
438,181.4176025390625,47.89611053466797,185.22067260742188,43.547462463378906,180.68704223632807,44.332557678222656,199.5023956298828,41.24908447265625,0.0,0.0,212.6289978027344,66.64109802246094,188.44525146484372,61.522239685058594,209.7557830810547,101.03411865234376,173.5558319091797,82.20954132080078,178.67613220214844,105.752197265625,155.5933837890625,89.45106506347656,199.43380737304688,133.72531127929688,183.04049682617188,129.48927307128906,198.63037109375,179.82862854003906,176.74378967285156,173.97450256347656,202.58575439453125,219.9007110595703,178.11476135253906,214.91790771484372
439,181.3507080078125,47.86853790283203,185.12515258789065,43.52600860595703,180.63755798339844,44.29542541503906,199.38986206054688,41.27831268310547,0.0,0.0,212.54437255859372,66.75562286376953,188.35543823242188,61.52826690673828,209.69754028320312,101.24464416503906,173.4182586669922,82.22096252441406,178.89585876464844,105.8610610961914,155.65048217773438,89.68023681640625,199.5358428955078,133.70932006835938,183.17596435546875,129.46548461914062,198.6439666748047,179.9492645263672,176.90457153320312,174.10972595214844,202.5404510498047,219.91116333007807,178.35003662109375,215.03797912597656
440,180.7609100341797,47.79856872558594,184.5959930419922,43.50366973876953,180.2659454345703,44.21817779541016,199.2457275390625,41.44400024414063,0.0,0.0,212.35401916503903,66.80793762207031,188.5594940185547,61.64337921142578,209.43716430664065,100.99266052246094,173.42733764648438,82.27767944335938,178.6421661376953,106.02019500732422,155.63616943359375,89.684814453125,199.60324096679688,133.9027557373047,183.5377197265625,129.7158660888672,198.5269470214844,180.2555389404297,177.36244201660156,174.58689880371094,202.89669799804688,220.30882263183597,178.98802185058594,215.53903198242188
441,180.35693359375,47.83320617675781,184.17930603027344,43.52912139892578,179.91839599609375,44.196083068847656,199.0598907470703,41.29035949707031,0.0,0.0,212.58078002929688,66.54916381835938,188.20835876464844,61.62385559082031,210.2855224609375,100.59195709228516,173.2251434326172,82.60118103027344,178.9463653564453,105.88982391357422,155.56837463378906,89.42737579345703,199.383544921875,133.9478302001953,182.963134765625,129.7959747314453,198.55740356445312,180.1693420410156,176.52064514160156,174.55908203125,202.68170166015625,220.12506103515625,178.33738708496094,215.21380615234372
442,180.5811767578125,47.94221496582031,184.3951416015625,43.60115051269531,180.0934295654297,44.30938720703125,199.2042236328125,41.28814697265625,0.0,0.0,212.52880859375,66.57772827148438,188.4805145263672,61.608917236328125,209.86631774902344,100.74615478515624,173.259033203125,82.53292846679688,179.08651733398438,105.93107604980467,155.53628540039062,89.520751953125,199.51409912109372,133.81005859375,183.3524932861328,129.6714630126953,198.46978759765625,179.87083435058594,177.044677734375,174.2469482421875,202.65293884277344,219.87913513183597,178.96380615234375,214.93576049804688
443,180.50421142578125,47.87281036376953,184.3291931152344,43.51405334472656,180.36990356445312,44.37372589111328,199.14193725585935,41.647857666015625,0.0,0.0,212.48736572265625,67.20632934570312,188.67010498046875,61.92633056640625,210.32388305664065,101.45271301269533,173.0639190673828,82.12716674804688,180.20458984375,105.97258758544922,155.8148651123047,89.50906372070312,199.35546875,134.9083251953125,183.45787048339844,130.76840209960938,198.3139495849609,181.5157165527344,178.08827209472656,176.35980224609375,202.14373779296875,223.0513916015625,179.52691650390625,219.4736328125
444,180.62339782714844,47.920997619628906,184.5406646728516,43.704872131347656,180.28858947753903,44.289207458496094,199.3833923339844,41.83863067626953,0.0,0.0,212.3887939453125,66.91612243652344,188.46397399902344,61.806419372558594,210.0043029785156,100.49151611328124,172.8317413330078,82.4149169921875,179.55870056152344,106.28895568847656,154.74261474609375,90.21267700195312,199.5338897705078,133.5088348388672,183.495361328125,129.34915161132812,198.4802703857422,179.80970764160156,177.49562072753906,174.19581604003906,202.8200225830078,219.9871826171875,178.99710083007812,215.19692993164065
445,180.39794921875,47.93519592285156,184.22027587890625,43.70574951171875,180.07003784179688,44.32084655761719,198.962646484375,41.78269958496094,0.0,0.0,212.28955078125,66.94747161865234,188.20523071289065,61.98652648925781,210.33670043945312,100.488525390625,172.89328002929688,82.69302368164062,179.5072784423828,106.0823974609375,154.7801513671875,90.1705551147461,199.10665893554688,134.02755737304688,182.8919982910156,129.8707275390625,198.21170043945312,180.550537109375,176.54490661621094,174.97048950195312,202.48423767089844,220.78135681152344,177.94772338867188,216.04232788085935
446,180.44224548339844,47.94530487060547,184.2566680908203,43.69136047363281,180.10308837890625,44.334510803222656,198.959716796875,41.734222412109375,0.0,0.0,212.22938537597656,67.00113677978516,188.3002014160156,62.04847717285156,209.7105712890625,100.8982162475586,173.1733856201172,82.94073486328125,178.97390747070312,106.23075103759766,155.2603302001953,89.8021011352539,199.0642852783203,134.0963134765625,182.875,129.93893432617188,198.20433044433597,180.5361785888672,176.29931640625,174.91355895996094,202.43679809570312,220.85284423828125,177.7337646484375,215.93060302734372
447,180.3091583251953,47.988067626953125,184.0714569091797,43.65006256103516,179.899169921875,44.40175628662109,198.8612365722656,41.41514587402344,0.0,0.0,212.34552001953125,66.87084197998047,188.2613067626953,61.83613586425781,209.28338623046875,101.19590759277344,172.9864501953125,82.78874206542969,178.5531005859375,106.09183502197266,155.10211181640625,90.10784912109376,199.0564117431641,134.03939819335938,182.7596740722656,129.8519287109375,198.2293701171875,180.2587890625,175.97645568847656,174.59544372558594,202.67868041992188,220.06887817382807,178.09820556640625,215.2528839111328
448,180.16964721679688,47.99749755859375,183.8724365234375,43.68927001953125,179.8013916015625,44.40498352050781,198.5941162109375,41.44505310058594,0.0,0.0,212.1320953369141,66.95746612548828,188.25999450683597,61.70352935791016,208.9388427734375,101.7465362548828,172.91200256347656,82.97561645507812,178.28271484375,106.36263275146484,154.70480346679688,90.61046600341795,198.9552459716797,133.9871826171875,182.78538513183597,129.69967651367188,198.0872344970703,180.1251983642578,175.82168579101562,174.28033447265625,202.69287109375,219.9452667236328,177.93917846679688,215.04074096679688
449,180.2001953125,48.0364990234375,183.83384704589844,43.716773986816406,179.908447265625,44.460914611816406,198.5863342285156,41.442138671875,0.0,0.0,212.20376586914065,66.97193908691406,188.3572235107422,61.857452392578125,208.81300354003903,101.764892578125,172.83775329589844,83.2086181640625,178.4751434326172,106.0303726196289,154.72314453125,90.2207489013672,198.8418884277344,133.8426513671875,182.7113342285156,129.6474609375,198.11282348632807,179.95472717285156,175.72044372558594,174.33627319335938,202.5295562744141,219.8604888916016,178.01803588867188,215.1619415283203
450,179.8707275390625,48.03751373291016,183.52854919433597,43.71613311767578,179.6825408935547,44.414283752441406,198.49578857421875,41.45036315917969,0.0,0.0,212.1900329589844,67.07794189453125,188.5963134765625,61.7666015625,208.5530242919922,101.85116577148438,173.5327911376953,83.03192901611328,178.16323852539062,106.0925750732422,155.52206420898438,89.76473999023438,198.7626037597656,133.80569458007812,182.75279235839844,129.4884796142578,198.2974853515625,179.94952392578125,175.7945556640625,174.0791015625,202.51589965820312,219.8013153076172,178.12680053710938,214.74005126953125
451,179.88035583496094,48.03862762451172,183.48480224609372,43.73008728027344,179.71041870117188,44.44511413574219,198.4064178466797,41.34486389160156,0.0,0.0,212.12828063964844,66.71622467041016,188.76715087890625,61.56505584716797,208.83294677734372,101.45257568359376,173.946044921875,82.87565612792969,178.2669677734375,105.90998840332033,155.5323486328125,89.63917541503906,198.64622497558597,133.71987915039062,182.79421997070312,129.4770050048828,198.0830993652344,180.1871795654297,175.913330078125,174.57064819335938,202.4786529541016,220.2720489501953,178.21922302246094,215.5594787597656
452,179.87303161621094,48.0833740234375,183.40464782714844,43.74073791503906,179.7083740234375,44.48817443847656,198.37026977539065,41.27983093261719,0.0,0.0,212.1497802734375,66.74467468261719,188.95501708984372,61.57371520996094,208.8275451660156,101.65911865234376,173.83688354492188,83.10401916503906,178.0532684326172,105.77183532714844,155.1972198486328,90.14364624023438,198.46109008789065,133.97767639160156,182.7413482666016,129.72740173339844,197.9581756591797,180.539794921875,175.98707580566406,174.98324584960938,202.16514587402344,220.8623504638672,177.89117431640625,216.3548583984375
453,179.72642517089844,47.985748291015625,183.3385772705078,43.71220397949219,179.6272735595703,44.39112854003906,198.3031768798828,41.397926330566406,0.0,0.0,211.85888671875,66.58928680419922,188.95042419433597,61.48609924316406,208.78944396972656,101.10397338867188,174.16366577148438,82.66483306884766,178.0966796875,106.09796905517578,155.59695434570312,89.58319091796875,198.47935485839844,133.7275390625,182.9740753173828,129.52655029296875,197.8303375244141,180.6521148681641,176.59878540039062,175.14808654785156,202.60528564453125,220.7828063964844,178.8788604736328,216.15994262695312
454,179.71177673339844,48.04632568359375,183.2887420654297,43.74972534179688,179.57369995117188,44.43724060058594,198.225830078125,41.337158203125,0.0,0.0,211.75531005859372,66.73812103271484,188.96495056152344,61.35470581054688,208.0735626220703,101.93251037597656,173.8603515625,82.94694519042969,177.73887634277344,106.19602966308594,155.46905517578125,89.84307861328125,198.3117218017578,133.9017791748047,182.84738159179688,129.57122802734375,197.6954040527344,181.0176696777344,176.2484588623047,175.20004272460938,202.24647521972656,221.47715759277344,178.11199951171875,216.505615234375
455,179.6772003173828,48.01996612548828,183.2563323974609,43.73504638671875,179.57826232910156,44.43657684326172,198.2117156982422,41.388450622558594,0.0,0.0,211.8985595703125,66.85575866699219,188.823974609375,61.45781707763672,207.951904296875,101.93434143066406,173.55084228515625,82.8831558227539,177.62921142578125,106.20867919921876,154.7744903564453,89.9072265625,198.31092834472656,134.00436401367188,182.6208648681641,129.64158630371094,197.7328338623047,181.15121459960935,175.677734375,175.2725830078125,202.15272521972656,221.54879760742188,177.76515197753906,216.52566528320312
456,179.68165588378906,48.040313720703125,183.24850463867188,43.74421691894531,179.589111328125,44.42892456054688,198.22723388671875,41.33948516845703,0.0,0.0,211.76168823242188,66.80728149414062,188.938232421875,61.34814453125,207.9071350097656,101.97518920898438,173.78350830078125,82.79473114013672,177.54583740234375,106.2753448486328,155.38243103027344,89.97547912597656,198.32421875,134.1308135986328,182.8414764404297,129.8014373779297,197.6623687744141,181.34475708007807,176.21817016601562,175.62811279296875,202.21632385253903,221.32073974609372,178.3912353515625,216.62789916992188
457,179.7131805419922,48.07881164550781,183.1294860839844,43.76103210449219,179.62454223632812,44.46336364746094,197.82264709472656,41.16524505615234,0.0,0.0,211.52154541015625,66.78178405761719,189.21749877929688,61.33079528808594,207.3443603515625,102.37615966796876,174.6813201904297,83.29051208496094,177.8142852783203,106.54966735839844,156.42916870117188,90.13975524902344,198.26675415039065,134.20819091796875,183.1034240722656,129.82711791992188,197.5861358642578,181.2076873779297,176.35943603515625,175.18966674804688,201.90684509277344,221.46511840820312,178.93829345703125,216.15777587890625
458,179.98817443847656,47.76939392089844,183.5466766357422,43.46588897705078,179.7656707763672,44.212181091308594,198.1283721923828,40.92121124267578,0.0,0.0,211.54917907714844,65.99369812011719,189.0747985839844,61.39801025390625,207.8168029785156,100.7783203125,175.00633239746094,83.93905639648438,178.15354919433594,105.62818908691406,156.91375732421875,90.52728271484376,198.40367126464844,133.65304565429688,183.13739013671875,129.5838165283203,197.70144653320312,180.7945556640625,177.00689697265625,175.0853271484375,201.9815673828125,221.4113311767578,179.38621520996094,215.9893035888672
459,180.10130310058594,47.39008331298828,183.7518310546875,43.093353271484375,179.8465118408203,43.84053802490234,198.2471923828125,40.718482971191406,0.0,0.0,211.57981872558597,65.98374938964844,188.9776306152344,61.56086730957031,208.1374969482422,101.12123107910156,175.77854919433594,84.91264343261719,178.09107971191406,105.56086730957033,157.62728881835938,91.12516784667967,198.0912322998047,133.80499267578125,182.72579956054688,129.7418975830078,197.3815155029297,180.85943603515625,176.80422973632812,175.12533569335938,201.7919464111328,221.8622894287109,179.51394653320312,216.4092712402344
460,180.32818603515625,46.85808563232422,183.71827697753903,42.69136047363281,180.2615203857422,43.53291320800781,197.8555908203125,40.88410186767578,0.0,0.0,211.47622680664065,66.16934967041016,189.2110595703125,62.37947082519531,208.58251953125,101.19187927246094,176.62803649902344,86.54241943359375,178.0242462158203,104.43352508544922,158.76319885253906,91.71317291259766,197.6256103515625,133.9980926513672,182.3677673339844,130.2018585205078,197.35223388671875,180.7497711181641,176.7141571044922,175.60519409179688,201.92752075195312,221.5496826171875,179.26345825195312,216.83251953125
461,180.2571563720703,46.59587860107422,183.3755645751953,42.25048065185547,180.089111328125,43.24366760253906,197.37176513671875,40.07543182373047,0.0,0.0,210.9836578369141,65.25965118408203,189.9950714111328,62.74711608886719,209.28353881835935,100.42786407470705,178.26083374023438,89.04383850097656,178.2399139404297,102.50668334960938,161.6415557861328,92.42767333984376,197.39727783203125,134.3722686767578,183.0671539306641,131.1051483154297,197.1617431640625,181.475341796875,178.5556640625,177.14328002929688,201.98483276367188,221.6607818603516,180.56382751464844,217.43174743652344
462,180.06634521484375,45.44064331054688,183.3080139160156,41.08821105957031,180.0671844482422,42.50518798828125,197.57647705078125,39.35490417480469,0.0,0.0,210.2124786376953,64.42646789550781,191.57864379882807,63.07318115234375,203.0049743652344,99.0758819580078,181.4352264404297,90.85128784179688,174.0143280029297,99.69184112548828,163.85107421875,93.64190673828124,196.96743774414065,133.3776397705078,183.5787353515625,130.55938720703125,197.43641662597656,181.10940551757807,178.5949249267578,177.07749938964844,201.473388671875,222.66357421875,180.43753051757807,217.8475341796875
463,179.87191772460938,45.48872375488281,182.5798797607422,40.91705322265625,0.0,0.0,196.65200805664065,38.61552429199219,0.0,0.0,209.693115234375,63.67877197265625,193.30462646484372,63.20507049560547,203.6172790527344,99.2069091796875,185.0449676513672,94.14059448242188,173.6383056640625,97.5488052368164,167.70889282226562,96.02178955078124,197.1707305908203,133.32601928710938,185.3399353027344,130.82437133789062,197.3484039306641,181.3529357910156,180.89512634277344,177.81861877441406,201.2735290527344,222.84083557128903,182.2826995849609,218.4292755126953
464,178.9088592529297,45.155372619628906,181.70797729492188,40.50007629394531,179.03439331054688,41.930458068847656,196.12518310546875,38.1912841796875,0.0,0.0,208.2448883056641,63.0028076171875,194.05984497070312,63.4144287109375,201.5104217529297,98.86997985839844,186.16427612304688,95.94497680664062,171.6162872314453,98.14549255371094,168.00579833984375,96.3628387451172,196.82737731933597,133.23780822753906,186.56854248046875,131.1852569580078,196.8970947265625,181.7160186767578,183.3897399902344,178.9219207763672,201.0631103515625,223.408203125,184.4210205078125,219.27659606933597
465,179.09437561035156,44.782470703125,181.7276306152344,40.192649841308594,0.0,0.0,195.7041778564453,38.10958862304688,0.0,0.0,208.7963409423828,62.842315673828125,193.23377990722656,63.90515899658203,203.8992156982422,97.44190216064452,186.20330810546875,96.50435638427734,171.7549591064453,95.82180786132812,167.4813995361328,96.7691421508789,197.0043487548828,133.30667114257812,185.84642028808597,131.38876342773438,197.2357635498047,181.55941772460935,182.8117828369141,178.92236328125,201.0972900390625,223.67398071289065,184.4280548095703,219.83938598632807
466,179.02203369140625,44.83345031738281,181.65663146972656,40.24707794189453,0.0,0.0,195.78170776367188,38.002479553222656,0.0,0.0,207.59555053710935,62.398712158203125,195.13645935058597,63.438323974609375,201.6253204345703,97.05343627929688,188.0814971923828,96.59846496582033,171.1279296875,96.2332534790039,167.7970428466797,97.08219146728516,196.62039184570312,132.69229125976562,187.5648193359375,130.877685546875,196.85565185546875,180.9164123535156,184.95181274414065,178.60194396972656,200.9615631103516,223.07095336914065,185.60313415527344,219.4615478515625
467,179.0213165283203,44.82860565185547,181.6551513671875,40.242637634277344,0.0,0.0,195.78256225585935,37.99237060546875,0.0,0.0,207.60752868652344,62.38983154296875,195.1168212890625,63.42822265625,201.6455993652344,97.05322265625,188.04592895507807,96.59669494628906,171.1408233642578,96.21769714355467,167.78297424316406,97.0849151611328,196.61578369140625,132.69570922851562,187.5428771972656,130.88046264648438,196.84759521484372,180.9136505126953,184.9323272705078,178.59756469726562,200.967041015625,223.0482177734375,185.6206970214844,219.44088745117188
468,179.0139617919922,45.16986083984375,181.28570556640625,40.477386474609375,0.0,0.0,195.4395904541016,37.576210021972656,0.0,0.0,207.45118713378903,61.70964050292969,197.0752716064453,62.87995910644531,201.4369354248047,95.49885559082033,0.0,0.0,171.017578125,94.6520538330078,168.1287078857422,96.40574645996094,196.3523712158203,132.81094360351562,188.7760772705078,130.98635864257812,196.38038635253903,180.99766540527344,186.08135986328125,178.716796875,200.63121032714844,223.5882110595703,186.7510681152344,219.8483123779297
469,179.1098175048828,45.29286193847656,181.32220458984372,40.59127807617188,0.0,0.0,195.0828857421875,37.53271484375,0.0,0.0,207.53309631347656,61.67768859863281,196.2068023681641,62.72089385986328,201.8051605224609,95.58660125732422,0.0,0.0,171.3696746826172,94.5613250732422,168.3055419921875,96.70687103271484,196.46437072753903,132.76844787597656,188.05712890625,130.81008911132812,196.74905395507807,180.8900451660156,184.60934448242188,178.16873168945312,200.8203582763672,223.0329742431641,185.2037811279297,218.81857299804688
470,179.21795654296875,45.365455627441406,181.16477966308597,40.60364532470703,0.0,0.0,194.49632263183597,37.23619079589844,0.0,0.0,207.3519287109375,61.42716217041016,196.74691772460935,62.47752380371094,202.68142700195312,95.59654235839844,0.0,0.0,171.494140625,95.21337127685548,168.57228088378906,96.7687530517578,196.47601318359372,132.81930541992188,188.57421875,130.7916717529297,196.77073669433597,181.3164978027344,185.160888671875,178.4799346923828,201.13034057617188,223.4655303955078,185.83853149414065,219.1865234375
471,179.14402770996094,45.35874176025391,181.05929565429688,40.770599365234375,0.0,0.0,194.2754364013672,37.68878173828125,0.0,0.0,207.2191162109375,61.39863586425781,196.4033203125,62.583274841308594,202.2259063720703,94.57916259765624,190.24122619628903,94.36070251464844,171.2926483154297,95.12327575683594,168.4719696044922,96.72677612304688,196.5951385498047,132.119873046875,188.51451110839844,130.1802215576172,196.9584503173828,180.4091339111328,184.92991638183597,177.6627960205078,201.12890625,223.1507873535156,185.7227478027344,218.8027191162109
472,179.16122436523438,45.29859161376953,181.11785888671875,40.757110595703125,0.0,0.0,194.4166412353516,37.78564453125,0.0,0.0,206.7084045410156,61.222633361816406,197.42372131347656,62.42387390136719,202.0399169921875,93.92120361328124,0.0,0.0,171.23388671875,95.71392822265624,168.35647583007812,96.8852310180664,196.3221740722656,131.55908203125,189.3598175048828,129.689208984375,196.56907653808597,179.57876586914062,186.3711853027344,177.17227172851562,201.41793823242188,222.3499298095703,186.86965942382807,218.4644012451172
473,179.16070556640625,45.23705291748047,181.061279296875,40.76139831542969,0.0,0.0,194.2759246826172,37.72918701171875,0.0,0.0,206.61170959472656,60.7378158569336,197.56317138671875,62.15167999267578,201.8607635498047,92.48884582519533,0.0,0.0,171.265869140625,95.35775756835938,168.50502014160156,96.83009338378906,196.5771331787109,131.0175018310547,189.786865234375,129.2187042236328,196.68197631835935,179.20132446289062,186.6874847412109,176.76161193847656,201.51248168945312,222.3887176513672,187.26144409179688,218.17263793945312
474,179.17486572265625,45.226837158203125,181.1005401611328,40.747596740722656,0.0,0.0,194.3723602294922,37.67696380615234,0.0,0.0,206.7821350097656,60.66964721679688,197.7708282470703,62.179176330566406,202.013427734375,92.47672271728516,0.0,0.0,171.11392211914062,95.5778579711914,168.8366241455078,97.13844299316406,196.59136962890625,131.2286834716797,189.7605438232422,129.40960693359375,196.8580322265625,179.47702026367188,186.68338012695312,176.94802856445312,201.5947113037109,222.92431640625,187.1358642578125,218.48513793945312
475,179.10049438476562,45.22286224365234,180.96597290039065,40.805572509765625,0.0,0.0,194.1885986328125,37.764495849609375,0.0,0.0,206.29690551757807,60.42811584472656,198.0982818603516,62.151329040527344,201.98248291015625,91.38490295410156,0.0,0.0,170.6764678955078,95.50921630859376,168.2872314453125,96.96348571777344,196.25653076171875,131.07138061523438,190.0522308349609,129.39401245117188,196.5249938964844,179.0977020263672,187.4205322265625,176.9513702392578,201.8367462158203,222.3216552734375,187.82455444335935,218.3404541015625
476,179.11013793945312,45.207740783691406,180.99742126464844,40.80449676513672,0.0,0.0,194.2501678466797,37.92414855957031,0.0,0.0,206.2418212890625,60.49243927001953,198.26808166503903,62.4029541015625,202.3905029296875,90.63197326660156,0.0,0.0,171.40118408203125,95.19701385498048,168.31991577148438,97.17333984375,196.24722290039065,131.1205596923828,190.17660522460935,129.4910888671875,196.34115600585935,179.2411346435547,187.21414184570312,177.15293884277344,201.94308471679688,222.57452392578125,187.1464385986328,218.5635681152344
477,179.1313018798828,45.23810577392578,180.9693756103516,40.7908935546875,0.0,0.0,194.20919799804688,37.83885192871094,0.0,0.0,206.5030212402344,60.68888854980469,197.44091796875,62.38199615478516,202.07708740234372,91.67691040039062,0.0,0.0,171.64309692382812,94.49171447753906,168.49267578125,96.85831451416016,196.5568389892578,131.0250701904297,189.85092163085935,129.40415954589844,196.48892211914065,179.2464599609375,186.96836853027344,177.0887908935547,201.77362060546875,222.79428100585935,187.36819458007807,218.79544067382807
478,179.03831481933594,45.332069396972656,180.80990600585935,40.85906219482422,0.0,0.0,194.0650787353516,37.78483581542969,0.0,0.0,205.95030212402344,60.6072998046875,198.4623107910156,62.36349487304688,201.0437164306641,92.11839294433594,0.0,0.0,172.08102416992188,93.8521728515625,169.52919006347656,97.57942199707033,196.57083129882807,130.5207977294922,190.9959716796875,128.94171142578125,196.47784423828125,178.93960571289062,188.2322540283203,176.6782684326172,201.87741088867188,222.53843688964844,188.58102416992188,218.18540954589844
479,179.14395141601562,45.31388854980469,181.0074920654297,40.76860046386719,0.0,0.0,193.92881774902344,38.03704833984375,0.0,0.0,205.5201416015625,61.084083557128906,198.90252685546875,62.74683380126953,201.67874145507807,92.93990325927734,0.0,0.0,173.3151092529297,94.69458770751952,0.0,0.0,195.90283203125,131.79684448242188,190.8607482910156,130.032958984375,195.99166870117188,180.8933563232422,189.2181854248047,177.8446502685547,201.0653533935547,226.02963256835935,188.0670318603516,220.12908935546875
480,178.92190551757812,45.39289855957031,180.79067993164065,40.910247802734375,0.0,0.0,194.21975708007807,37.84222412109375,0.0,0.0,205.8726501464844,60.79643249511719,198.22080993652344,62.36271667480469,201.09793090820312,92.31096649169922,0.0,0.0,172.89442443847656,92.17160034179688,0.0,0.0,196.63845825195312,130.52102661132812,191.0790252685547,128.94163513183594,196.40554809570312,178.84043884277344,188.56581115722656,176.52972412109375,201.7888641357422,222.4549865722656,189.2801818847656,217.84475708007807
481,179.11643981933594,45.54640197753906,180.7777404785156,40.94532012939453,0.0,0.0,193.9995880126953,37.645843505859375,0.0,0.0,205.9652862548828,60.97262573242188,198.18695068359372,62.47740173339844,200.45904541015625,93.59840393066406,0.0,0.0,172.85536193847656,92.76546478271484,170.00076293945312,94.53396606445312,196.3896331787109,130.8648223876953,190.79946899414065,129.34527587890625,196.4633026123047,179.0242156982422,188.62234497070312,176.8204803466797,201.8042449951172,222.13302612304688,190.0924530029297,217.6757354736328
482,179.2105255126953,45.44154357910156,180.94747924804688,40.75675964355469,0.0,0.0,193.82534790039065,37.83177185058594,0.0,0.0,205.2454071044922,61.48191833496094,199.01834106445312,62.615421295166016,199.0382537841797,95.5,0.0,0.0,173.5159454345703,93.97561645507812,0.0,0.0,196.03640747070312,131.83746337890625,191.38153076171875,130.10597229003906,196.16842651367188,181.19598388671875,189.8759765625,178.1975555419922,200.88323974609372,225.84640502929688,189.59671020507807,219.9580078125
483,179.11224365234375,45.54185485839844,180.7295684814453,40.95738220214844,0.0,0.0,193.65701293945312,37.74395751953125,0.0,0.0,205.7867584228516,61.10188293457031,197.94190979003903,62.60881805419922,200.52252197265625,94.05685424804688,0.0,0.0,173.1436004638672,92.99224853515624,169.66494750976562,94.67179107666016,196.34027099609372,130.9563446044922,190.6331787109375,129.41168212890625,196.5013427734375,179.06997680664062,188.2541656494141,176.83213806152344,201.5645446777344,222.298583984375,189.54368591308597,217.9298095703125
484,179.0266876220703,45.65483856201172,180.60641479492188,41.08626556396485,0.0,0.0,193.58615112304688,37.81022644042969,0.0,0.0,205.8086853027344,60.96992492675781,198.26712036132807,62.38353729248047,201.5631256103516,93.4325714111328,0.0,0.0,173.49732971191406,92.096923828125,169.7441864013672,94.35525512695312,196.13644409179688,131.0166778564453,190.6812438964844,129.39242553710938,196.188720703125,178.93116760253906,188.5594482421875,176.69261169433594,201.80291748046875,221.82974243164065,189.8959045410156,217.7308654785156
485,178.99609375,45.639747619628906,180.62612915039065,41.085723876953125,0.0,0.0,193.55355834960935,37.937255859375,0.0,0.0,206.2523498535156,61.30027770996094,197.3896484375,62.93589782714844,201.66598510742188,93.8155517578125,190.2397308349609,94.749267578125,174.03115844726562,93.52113342285156,169.31283569335938,95.62700653076172,196.3369140625,131.38504028320312,189.78189086914065,129.74147033691406,196.85723876953125,179.2083740234375,186.6389923095703,176.6529541015625,202.1006774902344,221.82452392578125,187.9747314453125,217.02268981933597
486,178.82061767578125,45.82939147949219,180.32118225097656,41.17742919921875,0.0,0.0,193.268310546875,37.61576843261719,0.0,0.0,206.06300354003903,60.93402099609375,197.7489471435547,62.70820617675781,201.4504852294922,93.86940002441406,190.6035614013672,95.09825897216795,173.71279907226562,92.7374496459961,169.5216064453125,95.37326049804688,196.1302490234375,131.55075073242188,189.9770355224609,129.96701049804688,196.69036865234372,179.50747680664062,186.94598388671875,177.0835418701172,201.9594573974609,222.27865600585935,188.266357421875,217.60443115234372
487,178.90797424316406,46.011512756347656,180.3494873046875,41.37749481201172,0.0,0.0,193.23284912109372,37.61058807373047,0.0,0.0,206.22564697265625,60.71498107910156,197.8040313720703,62.55194854736328,201.77442932128903,93.39682006835938,0.0,0.0,173.17771911621094,92.459716796875,169.3172607421875,94.77296447753906,196.29307556152344,131.57408142089844,189.98434448242188,129.97164916992188,196.91500854492188,179.17645263671875,186.55307006835935,176.72967529296875,202.28448486328125,221.94021606445312,187.9141082763672,217.17965698242188
488,178.9084014892578,46.09552001953125,180.2989196777344,41.42013549804688,0.0,0.0,193.18060302734372,37.55743408203125,0.0,0.0,205.6311187744141,60.55905151367188,198.68991088867188,62.26678466796875,200.55465698242188,93.1421890258789,0.0,0.0,173.54541015625,91.53216552734376,170.86593627929688,92.99877166748048,196.26031494140625,130.9681396484375,191.0273284912109,129.4500732421875,196.71957397460935,178.79953002929688,187.83181762695312,176.5724639892578,202.0099639892578,221.76852416992188,189.27899169921875,217.1429748535156
489,178.95443725585938,46.19147491455078,180.25949096679688,41.46649932861328,0.0,0.0,193.00238037109372,37.42877197265625,0.0,0.0,205.58499145507807,60.43869018554688,198.8353271484375,62.20967102050781,200.7517852783203,93.14646911621094,0.0,0.0,173.33143615722656,91.7119598388672,170.7356414794922,93.38038635253906,196.08546447753903,131.12994384765625,191.0282287597656,129.59194946289062,196.53543090820312,179.31546020507812,188.09088134765625,176.97882080078125,201.98834228515625,222.31195068359372,189.7452392578125,217.50271606445312
490,178.93556213378906,46.32270812988281,180.2228240966797,41.57035827636719,0.0,0.0,193.0052490234375,37.36178588867188,0.0,0.0,205.7176818847656,60.4293212890625,198.5385284423828,62.082801818847656,200.4703063964844,93.414306640625,0.0,0.0,173.17544555664062,90.66124725341795,170.7705841064453,92.89498901367188,196.25384521484372,131.31370544433594,190.78912353515625,129.73916625976562,196.8095245361328,178.9883270263672,187.2147521972656,176.6119842529297,201.7963409423828,222.03077697753903,188.5132598876953,217.3055419921875
491,178.97511291503906,46.25545501708984,180.1807556152344,41.374778747558594,0.0,0.0,192.1689453125,37.41053771972656,0.0,0.0,204.89390563964844,60.80006408691406,198.52487182617188,62.40248107910156,200.00558471679688,94.64556884765624,0.0,0.0,174.5254669189453,92.18119049072266,0.0,0.0,195.94888305664065,132.0836944580078,190.92013549804688,130.4317626953125,196.91281127929688,181.04249572753903,188.2342834472656,177.96226501464844,201.2856903076172,225.7789306640625,188.47702026367188,219.6240081787109
492,178.7898712158203,46.39459228515625,179.98655700683594,41.58168029785156,0.0,0.0,192.33192443847656,37.36882019042969,0.0,0.0,205.21749877929688,60.6988525390625,198.05877685546875,62.15812683105469,200.28045654296875,94.11331939697266,0.0,0.0,173.63775634765625,91.05514526367188,170.8722381591797,93.02384948730467,196.2712554931641,131.31175231933594,190.907470703125,129.68829345703125,196.86671447753903,179.31832885742188,187.88204956054688,176.6705322265625,201.76556396484372,222.23828125,189.7335662841797,217.26307678222656
493,178.54815673828125,46.18521118164063,179.7298126220703,41.51790618896485,0.0,0.0,192.15234375,37.65582275390625,0.0,0.0,205.03121948242188,60.69862365722656,197.8912811279297,62.05021667480469,199.89007568359372,93.22975158691406,0.0,0.0,173.26065063476562,90.23126983642578,171.31338500976562,91.79742431640624,196.51547241210935,130.8115234375,191.1442413330078,129.23062133789062,196.94802856445312,178.60140991210938,188.08462524414065,176.09671020507812,201.90866088867188,221.64202880859372,189.8672637939453,216.8151092529297
494,178.63465881347656,46.11817932128906,179.9285430908203,41.370025634765625,0.0,0.0,192.01788330078125,37.78076171875,0.0,0.0,205.2684326171875,60.75101852416992,197.82244873046875,63.14482879638672,200.69998168945312,92.0920639038086,0.0,0.0,174.0255889892578,91.93345642089844,0.0,0.0,196.5596466064453,132.40589904785156,190.7401428222656,130.93223571777344,197.4657287597656,180.96275329589844,187.77882385253903,177.8192901611328,201.3142547607422,226.2840881347656,188.5142974853516,219.27159118652344
495,178.18251037597656,46.04150390625,179.57308959960938,41.40568542480469,0.0,0.0,192.1066131591797,38.11041259765625,0.0,0.0,205.48876953125,60.8923225402832,197.6147003173828,63.15000915527344,201.1742706298828,91.72178649902344,0.0,0.0,173.42320251464844,89.92916107177734,0.0,0.0,196.76480102539065,132.3025360107422,190.698486328125,130.74996948242188,197.52297973632807,181.27435302734372,187.93663024902344,178.09730529785156,201.4312896728516,226.85189819335935,188.5118103027344,220.28756713867188
496,177.818603515625,46.17306518554688,179.2037353515625,41.69142150878906,0.0,0.0,191.9881134033203,38.14823913574219,0.0,0.0,205.9751892089844,60.53730010986328,195.61659240722656,63.10017395019531,202.6068420410156,90.26905822753906,0.0,0.0,173.1419677734375,87.81785583496094,169.99407958984375,92.37516784667967,197.1514434814453,131.0555877685547,189.5897521972656,129.70989990234375,197.8589630126953,178.49581909179688,186.6183319091797,175.81951904296875,202.58282470703125,221.6749267578125,188.9277801513672,215.89129638671875
497,177.78298950195312,46.2537841796875,179.00526428222656,41.70034790039063,0.0,0.0,191.77096557617188,37.89478302001953,0.0,0.0,205.21603393554688,60.07261657714844,196.72930908203125,62.81649017333984,200.1881866455078,89.58110046386719,0.0,0.0,172.84222412109375,86.51703643798828,170.7312469482422,90.7863998413086,197.10011291503903,130.2544708251953,190.9083709716797,129.11717224121094,197.5237579345703,177.90982055664062,188.2576141357422,175.3951416015625,202.2728576660156,221.61875915527344,190.40830993652344,215.4592437744141
498,177.38365173339844,46.047637939453125,178.77830505371094,41.52462768554688,0.0,0.0,191.57357788085935,38.035003662109375,0.0,0.0,205.7542266845703,60.376747131347656,194.3226318359375,63.41069030761719,201.7969970703125,89.930419921875,0.0,0.0,173.8335723876953,86.82267761230469,171.34909057617188,89.22982788085938,197.1963653564453,130.59292602539062,188.9999847412109,129.61846923828125,197.94662475585935,177.97491455078125,186.6246337890625,175.6841278076172,201.9685211181641,221.891357421875,189.20767211914065,215.7627868652344
499,177.22850036621094,45.78167724609375,178.78224182128906,41.260292053222656,0.0,0.0,191.79039001464844,37.81119537353516,0.0,0.0,205.67274475097656,60.31539916992188,194.1683349609375,63.1531982421875,201.5970916748047,89.95245361328125,0.0,0.0,173.6294403076172,87.15523529052734,171.221435546875,89.81137084960938,196.73538208007807,130.7300262451172,188.3119659423828,129.67506408691406,197.8164520263672,177.96463012695312,185.3827667236328,175.81838989257812,201.80813598632807,221.9351043701172,187.3117218017578,216.43621826171875
500,177.1612548828125,45.90808868408203,178.6566619873047,41.289039611816406,0.0,0.0,191.58917236328125,37.7015380859375,0.0,0.0,205.4579620361328,60.42481994628906,194.46029663085935,63.14190673828125,200.86947631835935,90.4584732055664,0.0,0.0,173.1235809326172,85.81098937988281,0.0,0.0,196.7757873535156,131.0035400390625,188.71804809570312,129.89849853515625,197.8750915527344,178.40036010742188,186.0771026611328,176.05224609375,201.71234130859372,222.39491271972656,188.05911254882807,216.66259765625
501,177.14447021484375,45.68248748779297,178.81028747558594,41.179908752441406,0.0,0.0,191.75390625,37.81119537353516,0.0,0.0,205.7116241455078,60.3789291381836,193.5288848876953,62.97002410888672,201.27716064453125,90.32721710205078,0.0,0.0,172.6322021484375,87.55526733398438,169.94625854492188,91.3617706298828,196.6968994140625,131.14573669433594,187.78619384765625,129.93177795410156,197.97872924804688,178.48828125,185.4021759033203,175.89222717285156,201.8469390869141,222.16598510742188,187.50601196289065,216.33767700195312
502,176.71339416503906,46.06437683105469,178.23501586914062,41.393402099609375,0.0,0.0,191.4497985839844,37.52710723876953,0.0,0.0,205.43667602539065,60.433372497558594,194.052734375,63.16603088378906,199.63450622558597,92.1792449951172,0.0,0.0,171.24229431152344,89.70686340332031,166.99942016601562,90.41753387451172,196.4722442626953,131.18002319335938,188.27719116210935,130.1029052734375,197.7178497314453,178.61712646484375,185.9460906982422,176.35635375976562,201.17308044433597,222.66552734375,187.6378173828125,216.7679443359375
503,176.22874450683594,45.88206481933594,177.77923583984375,41.33476257324219,0.0,0.0,191.05911254882807,37.94370269775391,0.0,0.0,205.8348693847656,61.259544372558594,193.4734344482422,63.02342224121094,203.55047607421875,93.38048553466795,0.0,0.0,174.51210021972656,90.674072265625,169.86248779296875,90.6772003173828,196.64666748046875,131.46966552734375,187.81295776367188,129.93357849121094,197.61135864257807,179.0543975830078,184.93600463867188,176.48439025878906,201.67599487304688,222.38949584960935,187.1009979248047,217.26492309570312
504,176.03738403320312,45.850830078125,177.77386474609375,41.31220245361328,0.0,0.0,191.2484130859375,38.176414489746094,0.0,0.0,206.3802947998047,61.38685607910156,190.7669982910156,63.89164733886719,204.866943359375,93.05906677246094,179.65867614746094,94.03498840332033,174.09942626953125,90.55162048339844,160.90003967285156,88.27030944824219,196.47923278808597,131.65005493164062,185.83221435546875,130.50341796875,197.5315399169922,179.06600952148438,183.29815673828125,177.07980346679688,202.0272216796875,223.0247344970703,184.93885803222656,217.9835205078125
505,174.9518585205078,46.07255554199219,176.90008544921875,41.29234313964844,0.0,0.0,190.26547241210935,38.86248016357422,0.0,0.0,205.84376525878903,64.15946197509766,189.6084899902344,64.91342163085938,204.72262573242188,99.73551940917967,179.6895294189453,95.5054702758789,176.36277770996094,95.90737915039062,162.24778747558594,90.7289581298828,196.9781188964844,132.1326446533203,186.0025177001953,130.2934112548828,197.3956756591797,179.75082397460938,183.3002471923828,176.59906005859375,201.4141540527344,223.07261657714844,185.3934631347656,217.70982360839844
506,174.66598510742188,45.65574645996094,176.84930419921875,40.88105010986328,0.0,0.0,189.9072723388672,38.888214111328125,0.0,0.0,206.7620086669922,64.1740493774414,188.3389434814453,64.90548706054688,206.5515899658203,100.22283935546876,180.2511444091797,95.0089874267578,177.76431274414062,97.97400665283205,160.7465362548828,90.65724182128906,196.8252410888672,132.95156860351562,183.9788360595703,130.78045654296875,197.98565673828125,181.9370574951172,180.59332275390625,178.05789184570312,201.4012756347656,227.10362243652344,182.72799682617188,220.87847900390625
507,174.2470245361328,45.65191650390625,176.66798400878906,41.06190490722656,0.0,0.0,189.66685485839844,39.22759246826172,0.0,0.0,207.9840545654297,64.24676513671875,185.1717834472656,64.78556060791016,210.22265625,100.22461700439452,177.10548400878906,94.51164245605467,179.83395385742188,98.97189331054688,157.47299194335938,92.10484313964844,197.1780242919922,133.5474395751953,181.4151306152344,131.1221160888672,198.2329864501953,182.41995239257807,176.9341278076172,178.12596130371094,201.09239196777344,227.08946228027344,179.72772216796875,220.8982086181641
508,173.9561309814453,45.67759704589844,176.25717163085938,41.21199035644531,0.0,0.0,188.9091339111328,39.32350158691406,0.0,0.0,206.87713623046875,63.56342315673828,184.9742889404297,64.72319030761719,210.33352661132807,97.2358856201172,177.21047973632812,93.731201171875,180.338623046875,99.7053680419922,157.33139038085938,93.8613052368164,196.92491149902344,132.49041748046875,181.8588714599609,130.33096313476562,197.755859375,181.11752319335935,177.3878631591797,177.15521240234375,200.59239196777344,226.72393798828125,179.42779541015625,220.54086303710935
509,173.77699279785156,46.21771240234375,175.97845458984375,41.83290100097656,0.0,0.0,188.8032684326172,39.30387878417969,0.0,0.0,207.63409423828125,63.34101867675781,183.5430908203125,63.84490966796875,212.44337463378903,97.58251190185548,174.1852569580078,92.849365234375,180.66094970703125,98.47764587402344,154.06834411621094,95.24334716796876,197.0759429931641,132.0213623046875,180.6884307861328,129.50637817382812,197.36178588867188,179.86492919921875,174.55368041992188,175.40704345703125,201.69444274902344,223.0625915527344,177.5041961669922,217.15042114257807
510,173.2893524169922,45.71430969238281,175.4844970703125,41.31260681152344,0.0,0.0,188.2810516357422,39.08232116699219,0.0,0.0,207.4607086181641,63.056827545166016,182.9610290527344,64.1877212524414,212.59295654296875,96.6568603515625,172.2893829345703,93.52458190917967,182.0103912353516,99.2135772705078,151.343505859375,96.99315643310548,196.38717651367188,132.74290466308594,179.88375854492188,130.52906799316406,197.6207275390625,181.06802368164065,175.2895050048828,176.95558166503906,201.08712768554688,226.1345977783203,178.1962432861328,220.30831909179688
511,173.19166564941406,46.0120849609375,175.45875549316406,41.882720947265625,0.0,0.0,187.9696350097656,39.42090606689453,0.0,0.0,207.28564453125,62.26961517333984,181.2514190673828,63.31190490722656,213.7564697265625,93.53239440917967,170.18170166015625,90.92818450927734,182.514404296875,97.76834869384766,149.92982482910156,97.08839416503906,197.279296875,131.26560974121094,179.90769958496094,128.9729766845703,197.383056640625,179.22842407226562,174.28622436523438,174.6902313232422,202.10223388671875,222.45391845703125,178.51620483398438,216.17352294921875
512,172.6855926513672,46.01689910888672,174.59341430664062,41.56051635742188,0.0,0.0,187.1156005859375,39.03057098388672,0.0,0.0,207.41880798339844,62.54999542236328,181.6522674560547,64.49886322021484,213.6872100830078,94.4656982421875,168.43707275390625,93.03616333007812,184.1226043701172,98.94657135009766,147.80958557128906,98.4207000732422,196.69046020507807,131.96994018554688,179.65098571777344,130.06858825683594,197.85980224609372,180.3995056152344,174.9396209716797,176.26199340820312,201.7306060791016,226.07711791992188,178.8759002685547,219.52291870117188
513,172.6923065185547,46.050758361816406,174.54360961914062,41.59478759765625,0.0,0.0,186.5240173339844,39.07948303222656,0.0,0.0,207.4190826416016,62.77110290527344,180.70852661132807,64.64735412597656,214.83790588378903,94.08049011230467,167.52261352539062,92.91819763183594,184.74313354492188,98.73057556152344,145.49876403808594,99.6015625,196.896240234375,132.5897979736328,179.2861328125,130.52011108398438,198.11329650878903,180.70999145507807,174.4495086669922,176.0090789794922,201.8715362548828,225.77207946777344,179.31466674804688,218.81500244140625
514,172.43670654296875,46.09967803955078,174.23861694335938,41.57316589355469,0.0,0.0,186.09075927734372,38.86634826660156,0.0,0.0,207.01341247558597,62.51924133300781,180.6971893310547,64.4966812133789,214.60459899902344,94.67963409423828,167.995361328125,93.11681365966795,184.4804534912109,99.1710968017578,145.42803955078125,99.7982406616211,196.59231567382807,132.45852661132812,179.25875854492188,130.4409942626953,197.78839111328125,181.04409790039065,175.05508422851562,176.46444702148438,201.4796142578125,226.2235412597656,179.59820556640625,219.4479217529297
515,172.351806640625,46.04412078857422,174.15370178222656,41.52861785888672,0.0,0.0,186.0358123779297,38.92329406738281,0.0,0.0,206.9556579589844,62.6119499206543,180.53086853027344,64.58004760742188,214.4514312744141,94.51409912109376,167.52552795410156,92.96336364746094,184.0473175048828,99.17552947998048,145.3246612548828,100.00180053710938,196.6185302734375,132.4324951171875,179.23011779785156,130.4425048828125,197.84703063964844,180.9600067138672,175.1151123046875,176.4295654296875,201.67105102539065,226.17404174804688,179.73757934570312,219.50167846679688
516,171.89321899414062,46.062644958496094,174.08253479003906,41.59772491455078,0.0,0.0,186.22366333007807,38.87651062011719,0.0,0.0,206.30718994140625,62.25337219238281,179.5125274658203,63.96255493164063,213.701904296875,93.32536315917967,167.09571838378906,91.965087890625,183.14840698242188,97.26581573486328,146.3963623046875,99.9180908203125,197.28163146972656,131.95773315429688,179.53152465820312,130.02586364746094,197.48275756835935,180.2477264404297,174.5355987548828,175.9934539794922,201.66253662109372,221.5738983154297,179.2876739501953,215.939453125
517,171.8933868408203,46.03081512451172,174.07789611816406,41.58856964111328,0.0,0.0,186.23480224609372,38.93331909179688,0.0,0.0,206.2113342285156,62.17153930664063,179.5584259033203,64.29852294921875,213.55950927734372,92.29580688476562,167.04656982421875,92.03194427490234,182.5226593017578,97.20457458496094,146.3856201171875,100.00651550292967,197.3215484619141,131.90463256835938,179.63580322265625,130.13177490234375,197.52883911132807,180.10952758789062,174.40042114257812,176.09091186523438,201.88113403320312,221.7171173095703,179.09683227539062,216.1122589111328
518,171.37020874023438,45.89546203613281,173.60348510742188,41.520118713378906,0.0,0.0,185.9298095703125,39.10762786865234,0.0,0.0,206.0135803222656,62.49308013916016,179.0868377685547,64.37724304199219,214.2710876464844,92.69733428955078,167.0531005859375,91.80867004394533,182.93267822265625,97.2269287109375,146.4769287109375,100.4291534423828,197.3802947998047,131.95999145507812,179.55882263183594,130.1802978515625,197.5620574951172,179.88706970214844,174.5130615234375,176.17111206054688,202.34524536132807,220.83111572265625,179.4658660888672,216.161865234375
519,171.08657836914062,45.98019409179688,173.30247497558594,41.57347106933594,0.0,0.0,185.62142944335935,38.95258331298828,0.0,0.0,205.78353881835935,62.270057678222656,178.73985290527344,64.11259460449219,213.69683837890625,92.7199249267578,166.7003173828125,91.80137634277344,182.41891479492188,97.5286102294922,145.89764404296875,100.94000244140624,197.1585235595703,131.69723510742188,179.24990844726562,129.91908264160156,197.6078338623047,179.77500915527344,174.2674102783203,176.0699920654297,201.74264526367188,221.14796447753903,179.04937744140625,216.5527191162109
520,170.7104949951172,45.98146057128906,172.91180419921875,41.53124237060547,0.0,0.0,185.4591827392578,38.61572265625,0.0,0.0,205.5629119873047,61.728851318359375,179.24403381347656,63.91352844238281,212.83401489257807,91.92413330078124,166.9991912841797,91.85769653320312,181.97174072265625,97.50672912597656,145.3750457763672,101.02035522460938,196.8991241455078,131.63417053222656,179.46307373046875,129.93788146972656,197.48843383789065,179.6087646484375,174.59767150878906,175.90225219726562,201.3991241455078,221.26499938964844,179.20042419433594,216.25604248046875
521,170.64833068847656,45.98542785644531,172.81744384765625,41.56966400146485,0.0,0.0,185.36865234375,38.50138854980469,0.0,0.0,205.36888122558597,61.34063720703125,179.43870544433594,63.49592590332031,212.25668334960935,92.0430908203125,167.3046112060547,91.83426666259766,181.8402404785156,97.80908203125,145.2799835205078,101.1232452392578,196.82992553710935,131.18557739257812,179.6068115234375,129.50218200683594,197.45204162597656,179.23165893554688,174.6987762451172,175.59466552734375,201.5286407470703,220.7669982910156,179.26658630371094,215.82591247558597
522,170.59107971191406,45.91368865966797,172.74945068359375,41.50597381591797,0.0,0.0,185.39382934570312,38.23849487304688,0.0,0.0,205.45062255859372,60.717620849609375,179.76205444335938,62.88787078857422,212.22772216796875,91.3233642578125,167.56703186035156,91.49839782714844,182.1568756103516,97.06930541992188,145.2675323486328,101.03150939941406,196.91241455078125,130.7476806640625,179.87025451660156,129.03375244140625,197.49513244628903,179.43988037109375,175.15188598632812,175.6403350830078,201.55078125,221.13743591308597,179.6848907470703,215.8802795410156
523,170.44203186035156,46.26401519775391,172.5291290283203,41.860389709472656,0.0,0.0,185.3745880126953,38.21993255615234,0.0,0.0,205.48971557617188,60.19187927246094,180.15542602539065,62.6075439453125,212.0558013916016,90.6328353881836,167.61253356933594,91.35334777832033,181.640625,97.42869567871094,145.66021728515625,101.06554412841795,197.17404174804688,130.63815307617188,180.3970184326172,129.015625,197.41253662109372,179.21617126464844,175.5695037841797,175.50201416015625,201.6452789306641,221.15431213378903,179.9230194091797,215.5918731689453
524,170.54428100585938,46.8443603515625,172.52206420898438,42.37858581542969,0.0,0.0,185.20997619628903,38.4283447265625,0.0,0.0,205.4606170654297,60.25782775878906,180.357666015625,63.18992614746094,212.1164093017578,90.80780029296876,168.5272674560547,92.60442352294922,181.4109649658203,97.1800765991211,146.76255798339844,100.20240783691406,196.89569091796875,131.15164184570312,180.2157440185547,129.66455078125,197.52737426757807,179.63296508789062,175.32078552246094,175.949951171875,201.55685424804688,222.025634765625,179.83187866210938,215.9063873291016
525,170.48678588867188,46.93627166748047,172.19480895996094,42.33632659912109,0.0,0.0,185.0712890625,38.270355224609375,0.0,0.0,206.29888916015625,60.44505310058594,181.8050537109375,63.789283752441406,211.53695678710935,93.54541778564452,171.2255401611328,95.00474548339844,181.50991821289065,99.9591827392578,148.48599243164062,100.31864166259766,196.99505615234372,131.6915283203125,180.67025756835935,130.2166290283203,198.1547393798828,181.24688720703125,176.36875915527344,177.44515991210938,201.21560668945312,227.2451629638672,181.0598297119141,219.97476196289065
526,170.72882080078125,47.222259521484375,172.14964294433594,42.59053802490234,0.0,0.0,184.615966796875,38.40486145019531,0.0,0.0,205.14654541015625,60.386810302734375,182.56739807128903,63.995384216308594,210.82745361328125,94.03108215332033,174.02003479003906,96.29928588867188,180.87120056152344,100.90382385253906,154.7827606201172,101.71316528320312,196.61215209960935,131.17666625976562,181.4639587402344,130.01693725585938,197.4234619140625,181.67526245117188,177.45787048339844,178.668701171875,201.1134185791016,227.79653930664065,181.1927490234375,221.435791015625
527,170.93553161621094,47.46290588378906,172.25479125976562,42.84062957763672,0.0,0.0,184.4010162353516,38.38543701171875,0.0,0.0,204.8194732666016,59.80927658081055,182.5144805908203,64.2891845703125,210.82977294921875,92.78082275390624,174.86602783203125,97.54164123535156,180.63563537597656,101.74485778808594,157.1339874267578,104.26466369628906,196.64634704589844,130.92947387695312,181.72206115722656,130.14846801757812,197.7625274658203,180.70294189453125,178.60089111328125,178.0155029296875,201.3611297607422,227.22503662109372,182.6171875,220.6505279541016
528,170.9429931640625,47.439788818359375,172.2676239013672,42.80009460449219,0.0,0.0,184.40426635742188,38.44137573242188,0.0,0.0,204.8175811767578,60.06990051269531,182.4148712158203,64.42256164550781,210.85238647460935,93.13363647460938,174.8319854736328,97.54405975341795,180.68316650390625,101.59181213378906,157.1456756591797,104.19679260253906,196.707763671875,130.9924774169922,181.7176055908203,130.19540405273438,197.81085205078125,180.6722869873047,178.49647521972656,178.06185913085938,201.36184692382807,227.03482055664065,182.5927276611328,220.77395629882807
529,171.427734375,47.89487457275391,172.8131866455078,43.38924407958984,0.0,0.0,184.81948852539065,39.11476135253906,0.0,0.0,204.53390502929688,61.6084213256836,182.61325073242188,64.40628814697266,210.16549682617188,94.66897583007812,0.0,0.0,179.40960693359375,99.5903778076172,170.52525329589844,103.56893157958984,197.45111083984372,131.16751098632812,182.42947387695312,129.9385223388672,198.50015258789065,178.73135375976562,178.85592651367188,175.48391723632812,202.33843994140625,221.4320373535156,184.73846435546875,215.3979034423828
530,171.64126586914062,48.413551330566406,172.92835998535156,43.836029052734375,0.0,0.0,184.8609161376953,39.234375,0.0,0.0,204.1055603027344,61.85710144042969,183.5810546875,64.10183715820312,207.24212646484372,95.98919677734376,0.0,0.0,178.23422241210938,99.65252685546876,170.93814086914062,103.25452423095705,197.6453857421875,130.9351348876953,183.32257080078125,129.56689453125,198.65786743164065,178.30197143554688,178.95697021484375,174.8722381591797,202.21890258789065,220.5546875,184.7740020751953,214.419677734375
531,171.56985473632812,48.46125030517578,172.93678283691406,43.82610321044922,0.0,0.0,185.16256713867188,39.43318939208984,0.0,0.0,204.31455993652344,62.348243713378906,184.08811950683597,64.47529602050781,208.1711883544922,96.5042724609375,0.0,0.0,178.26220703125,99.15506744384766,171.87303161621094,102.84722137451172,197.4645538330078,131.65151977539062,183.4270782470703,130.23922729492188,198.63314819335935,178.9208984375,180.0755157470703,175.59683227539062,202.21466064453125,221.30088806152344,185.6031036376953,215.53179931640625
532,171.60623168945312,49.01649475097656,172.92498779296875,44.28668212890625,0.0,0.0,185.3658447265625,39.53370666503906,0.0,0.0,204.10739135742188,62.33673095703125,184.5430908203125,64.00328826904297,208.0210876464844,96.82757568359376,0.0,0.0,178.9825897216797,99.7628936767578,173.05970764160156,103.193115234375,197.5867462158203,131.48297119140625,184.2070159912109,129.8831787109375,198.08123779296875,179.18836975097656,180.79104614257807,175.48683166503906,201.45504760742188,222.41683959960935,185.79165649414065,216.138671875
533,172.02108764648438,49.20464324951172,173.36293029785156,44.066688537597656,0.0,0.0,185.43321228027344,39.839599609375,0.0,0.0,203.8753967285156,63.70318603515625,185.7533721923828,66.64070129394531,204.4596710205078,99.2053680419922,179.8302764892578,101.08119201660156,177.77255249023438,100.19264221191406,168.89405822753906,104.46613311767578,197.23667907714844,132.61849975585938,184.75489807128903,131.570556640625,198.19908142089844,181.44583129882807,183.09243774414065,177.93458557128906,201.82192993164065,225.6004943847656,187.72378540039065,218.5107421875
534,172.21202087402344,49.306861877441406,173.7228240966797,44.592864990234375,0.0,0.0,186.1395568847656,40.13139343261719,0.0,0.0,203.34329223632807,62.91325378417969,185.2393493652344,64.84708404541016,205.1543884277344,98.26109313964844,181.55799865722656,98.5079345703125,177.56285095214844,104.48394775390624,170.76992797851562,105.40902709960938,197.8041076660156,129.8795928955078,185.5858917236328,128.66851806640625,197.7437438964844,177.41629028320312,182.58935546875,174.68798828125,201.00875854492188,221.6054534912109,186.7440948486328,216.26760864257807
535,171.97657775878906,49.72335052490234,173.457275390625,45.05272674560547,0.0,0.0,185.96792602539065,40.01660919189453,0.0,0.0,202.58187866210935,61.71662139892578,186.70974731445312,63.91277313232422,205.60145568847656,97.133544921875,0.0,0.0,176.581787109375,107.04344177246094,169.5150604248047,106.23843383789062,197.36795043945312,129.7720489501953,186.8359222412109,128.69598388671875,196.7818145751953,177.61410522460938,185.4658203125,175.55897521972656,200.82733154296875,221.72186279296875,189.06748962402344,217.2257232666016
536,171.8942413330078,49.81390380859375,173.4254150390625,45.22113037109375,0.0,0.0,185.7748870849609,40.320556640625,0.0,0.0,201.8815155029297,61.59829711914063,186.99923706054688,64.1201171875,205.5381774902344,97.27742004394533,183.73385620117188,98.4541015625,177.547607421875,104.60707092285156,167.0027618408203,105.8037567138672,197.27610778808597,129.5616455078125,187.39273071289065,128.6592254638672,196.8043975830078,177.1148681640625,186.0459899902344,175.5489044189453,201.41085815429688,220.7730712890625,188.76890563964844,217.2892608642578
537,171.6938934326172,50.04530334472656,173.1681365966797,45.45102691650391,0.0,0.0,185.8604888916016,40.37065887451172,0.0,0.0,202.7836761474609,61.70399475097656,187.29177856445312,63.92496490478516,205.84109497070312,98.66178894042967,184.26678466796875,98.11289978027344,176.74546813964844,106.0078125,168.8636932373047,104.058837890625,197.52755737304688,130.0383758544922,187.08677673339844,128.89840698242188,197.10784912109372,177.82681274414062,185.4926605224609,175.90557861328125,201.0465087890625,221.97515869140625,187.6750946044922,217.85464477539065
538,171.72406005859375,50.30272674560547,173.1435546875,45.66435241699219,0.0,0.0,185.73634338378903,40.44252014160156,0.0,0.0,202.2806701660156,62.03607940673828,187.0747833251953,63.86103057861328,203.6624755859375,98.49468231201172,183.3336944580078,97.32414245605467,174.75701904296875,105.32926940917967,168.10671997070312,105.5969696044922,196.9029541015625,130.29248046875,186.63446044921875,129.1021728515625,197.11456298828125,177.76318359375,185.7642517089844,175.66526794433594,201.2139434814453,221.2071228027344,188.655029296875,217.31842041015625
539,171.47039794921875,50.56656646728516,172.9444122314453,45.97864532470703,0.0,0.0,185.8499755859375,40.556922912597656,0.0,0.0,202.4977569580078,61.53244018554688,187.4094390869141,63.7138900756836,202.8866271972656,97.6627197265625,183.42926025390625,96.67146301269533,173.36607360839844,106.6640396118164,167.02565002441406,104.51815795898438,196.80953979492188,129.7868194580078,186.36329650878903,128.62960815429688,197.09689331054688,177.6003875732422,184.201904296875,175.68141174316406,200.95335388183597,221.64111328125,186.09005737304688,217.49923706054688
540,171.46180725097656,50.46086883544922,172.9639129638672,45.915618896484375,0.0,0.0,185.86740112304688,40.761024475097656,0.0,0.0,202.99722290039065,62.12765502929688,186.53903198242188,64.00044250488281,203.73684692382807,98.75040435791016,183.1333770751953,97.43236541748048,173.43890380859375,107.32176971435548,167.7472686767578,106.57711791992188,196.91680908203125,129.9640655517578,185.3667907714844,128.6239776611328,197.47186279296875,177.53382873535156,182.20274353027344,175.4254150390625,201.05352783203125,221.4970703125,183.7533264160156,217.74742126464844
541,171.6141815185547,50.53569793701172,172.96102905273438,45.95165252685547,0.0,0.0,185.7108917236328,40.53948974609375,0.0,0.0,201.8263092041016,61.26667785644531,188.37501525878903,63.68936920166016,203.0296936035156,97.62242126464844,184.3941802978516,96.6193389892578,172.8150634765625,108.18065643310548,166.4180450439453,104.8270263671875,196.44659423828125,129.5595245361328,187.18418884277344,128.58740234375,196.2298889160156,177.23065185546875,185.3311767578125,176.0826416015625,200.857666015625,220.9308319091797,186.51071166992188,217.84893798828125
542,171.64537048339844,50.484642028808594,172.93304443359375,45.947113037109375,0.0,0.0,185.53341674804688,40.59999847412109,0.0,0.0,201.86279296875,61.221710205078125,187.78433227539065,63.71553039550781,203.39122009277344,96.9021224975586,183.72596740722656,97.04798889160156,172.28244018554688,106.24732971191406,165.72164916992188,106.47537231445312,196.546142578125,129.4672088623047,186.878662109375,128.49693298339844,196.2560577392578,177.00103759765625,184.94241333007807,175.844482421875,200.58526611328125,220.47747802734372,186.0677795410156,217.8905487060547
543,171.67434692382812,50.53946685791016,172.83384704589844,46.01853942871094,0.0,0.0,184.99386596679688,40.454864501953125,0.0,0.0,201.38885498046875,60.69243621826172,187.6455841064453,63.70048522949219,203.18215942382807,96.03596496582033,183.2821807861328,96.36824035644533,171.722900390625,107.6702880859375,164.54856872558594,104.71182250976562,196.09622192382807,129.4674072265625,186.593505859375,128.64520263671875,196.02301025390625,177.1080322265625,184.42752075195312,176.01219177246094,200.4613342285156,221.5278167724609,185.0815887451172,218.18978881835935
544,171.4825897216797,50.50506591796875,172.7955322265625,46.00657653808594,0.0,0.0,185.0549468994141,40.570220947265625,0.0,0.0,200.8444061279297,60.60620880126953,187.5575714111328,63.67362976074219,202.74923706054688,94.74424743652344,183.64828491210935,96.32546997070312,172.0640106201172,106.39913177490234,165.53659057617188,106.17902374267578,196.0670166015625,128.9881134033203,186.9805450439453,128.27638244628906,195.79202270507807,176.71926879882812,185.4635467529297,175.79368591308594,200.5938720703125,220.80029296875,186.7364044189453,217.9423065185547
545,171.51150512695312,50.52058410644531,172.81785583496094,45.98772430419922,0.0,0.0,185.14991760253903,40.60181427001953,0.0,0.0,200.6439208984375,60.96217346191406,188.0572204589844,63.646270751953125,201.76834106445312,95.92048645019533,183.65635681152344,96.2577896118164,171.46026611328125,107.36920928955078,165.01441955566406,105.45166015625,195.95901489257807,129.18313598632812,187.3154296875,128.34658813476562,195.4556121826172,176.8372802734375,185.40626525878903,175.8246307373047,199.9994201660156,221.1741943359375,185.9675750732422,218.19332885742188
546,171.375732421875,50.52610778808594,172.74566650390625,46.03569030761719,0.0,0.0,184.98008728027344,40.72843170166016,0.0,0.0,200.52145385742188,60.963470458984375,187.2572784423828,63.7553939819336,201.63462829589844,95.39559936523438,182.8526306152344,96.52788543701172,171.417236328125,106.22706604003906,164.73204040527344,106.08895874023438,196.07345581054688,129.2150115966797,186.93032836914065,128.41436767578125,195.6156005859375,177.0162353515625,184.8739471435547,175.93313598632812,199.94387817382807,221.14683532714844,185.43980407714844,218.22543334960935
547,171.15414428710938,50.58774566650391,172.55685424804688,46.10742950439453,0.0,0.0,184.71676635742188,40.82508850097656,0.0,0.0,200.5182037353516,61.032623291015625,186.5718994140625,63.77168273925781,202.086181640625,95.03604125976562,182.41297912597656,96.41943359375,171.59829711914062,105.03416442871094,164.6769256591797,106.37307739257812,196.10177612304688,129.30665588378906,186.48974609375,128.4445037841797,195.75192260742188,177.13796997070312,184.44775390625,175.81765747070312,200.22747802734372,221.30523681640625,185.411865234375,218.31494140625
548,171.1074981689453,50.58196258544922,172.48001098632812,46.092262268066406,0.0,0.0,184.7003326416016,40.8699951171875,0.0,0.0,200.67613220214844,61.256103515625,186.4909820556641,63.8384017944336,202.95745849609372,95.4215850830078,182.30743408203125,96.0103530883789,171.4866180419922,105.81826782226562,164.4850311279297,105.8282470703125,195.96620178222656,129.6353759765625,186.2718048095703,128.72462463378906,195.5880279541016,177.2399139404297,184.58160400390625,176.033203125,200.12640380859372,221.32676696777344,185.54991149902344,218.62164306640625
549,170.9081573486328,50.56158447265625,172.39976501464844,46.10621643066406,170.28138732910156,47.83025360107422,184.49923706054688,40.79853820800781,0.0,0.0,200.3543243408203,60.67446899414063,185.66403198242188,63.825950622558594,202.19712829589844,94.2116928100586,181.6470489501953,96.08226776123048,171.68206787109375,106.2147445678711,164.4503936767578,106.88526916503906,196.07455444335935,129.11424255371094,185.99290466308597,128.46896362304688,195.88780212402344,176.72064208984375,184.52005004882807,175.6992645263672,200.167236328125,220.93942260742188,185.71243286132807,218.0411071777344
550,170.66732788085938,50.66344451904297,171.9978790283203,46.10348510742188,0.0,0.0,184.42027282714844,40.36829376220703,0.0,0.0,200.2863922119141,60.34297180175781,186.62298583984372,63.32909393310547,201.46307373046875,95.00279235839844,182.2139434814453,96.36180114746094,171.24855041503906,105.37821197509766,164.6429901123047,106.7236328125,195.69729614257807,129.0616912841797,186.38626098632807,128.3939666748047,195.37374877929688,176.94398498535156,185.17703247070312,176.0599822998047,199.92626953125,220.820068359375,186.5196533203125,218.2255859375
551,170.6724853515625,50.67683410644531,171.87039184570312,46.12115478515625,0.0,0.0,183.83660888671875,40.5195541381836,0.0,0.0,199.84878540039065,60.800758361816406,186.4195251464844,63.229278564453125,201.77793884277344,96.01499938964844,182.6023712158203,96.63825988769533,171.64610290527344,103.80314636230467,165.01231384277344,106.95736694335938,195.6119384765625,129.0756378173828,186.49801635742188,128.18849182128906,195.20046997070312,177.33694458007812,185.3625946044922,176.15164184570312,199.70230102539065,221.39028930664065,186.79920959472656,219.2269744873047
552,170.78302001953125,50.836181640625,171.70965576171875,46.213226318359375,0.0,0.0,183.47293090820312,40.32819366455078,0.0,0.0,199.9605407714844,60.88417053222656,186.81661987304688,63.23240661621094,201.8913116455078,96.8409423828125,182.90130615234372,97.49079895019533,172.20120239257812,102.57644653320312,165.2506103515625,107.15077209472656,195.43479919433597,129.7146759033203,186.46734619140625,128.72988891601562,195.5142974853516,177.78994750976562,185.1143493652344,176.25711059570312,200.1421813964844,221.35055541992188,186.8170318603516,218.8101043701172
553,170.58323669433594,51.026123046875,171.4263916015625,46.41266632080078,0.0,0.0,183.25424194335935,40.36061096191406,0.0,0.0,199.6287384033203,60.583831787109375,187.37142944335935,62.90792846679688,201.75704956054688,96.60186767578124,183.44235229492188,97.08192443847656,172.04672241210938,102.7472915649414,165.42433166503906,107.01791381835938,195.2748107910156,129.3447723388672,187.08274841308597,128.42063903808594,194.96038818359372,177.74307250976562,186.46316528320312,176.49850463867188,199.6800842285156,221.55227661132807,188.4327392578125,219.4208068847656
554,170.6131591796875,51.03647613525391,171.4381103515625,46.39202117919922,0.0,0.0,183.25575256347656,40.36773681640625,0.0,0.0,199.342529296875,60.72233581542969,187.44749450683597,63.05961608886719,201.12106323242188,97.01750183105467,182.7997131347656,97.06417846679688,171.4810333251953,103.29266357421876,164.83741760253906,106.31277465820312,195.17660522460935,129.1995849609375,187.32020568847656,128.36981201171875,194.65457153320312,177.55184936523438,186.962158203125,176.547119140625,199.69232177734372,220.99887084960935,189.03146362304688,219.03468322753903
555,170.439453125,51.17122650146485,171.2806396484375,46.5634994506836,0.0,0.0,183.20211791992188,40.50698852539063,0.0,0.0,199.65643310546875,60.91558837890625,187.24420166015625,62.98152160644531,201.5643768310547,97.40825653076172,182.4568328857422,97.02009582519533,172.2894744873047,103.5045928955078,164.65951538085938,106.08485412597656,195.21466064453125,129.6916961669922,186.87521362304688,128.65306091308594,195.15792846679688,177.98403930664062,185.80914306640625,176.4794921875,200.2261962890625,221.5977325439453,187.58782958984372,218.9944000244141
556,170.0251922607422,51.31291961669922,170.84323120117188,46.63134765625,0.0,0.0,182.78805541992188,40.35848236083984,0.0,0.0,198.8687744140625,60.74380493164063,187.5599822998047,62.920196533203125,200.4539337158203,97.16327667236328,183.0272674560547,96.74848175048828,171.08421325683594,104.0314483642578,164.45907592773438,106.1830596923828,194.95562744140625,129.42434692382812,187.4742431640625,128.5102081298828,194.5601806640625,177.63519287109375,186.8250274658203,176.488525390625,199.7447509765625,221.00445556640625,189.03689575195312,218.83370971679688
557,170.05609130859375,51.30254364013672,170.85867309570312,46.57311248779297,0.0,0.0,182.7391357421875,40.227142333984375,0.0,0.0,198.66061401367188,60.6630859375,187.8337554931641,63.05257415771485,199.7930603027344,97.28746795654295,183.00286865234372,96.50028228759766,170.81756591796875,105.79888916015624,164.60372924804688,105.08660888671876,195.0162506103516,129.40573120117188,187.87026977539065,128.6063232421875,194.52874755859372,177.46533203125,187.24473571777344,176.40911865234375,199.75067138671875,221.0692596435547,189.44754028320312,218.36300659179688
558,169.55665588378906,51.32933807373047,170.4336700439453,46.71966552734375,0.0,0.0,182.29872131347656,40.37606048583984,0.0,0.0,198.47512817382807,60.2881088256836,186.9952392578125,62.8553466796875,199.7322998046875,96.2006607055664,182.93653869628903,96.6687469482422,171.3372802734375,104.66006469726562,164.94393920898438,105.75352478027344,195.0987701416016,129.28314208984375,187.27420043945312,128.47445678710938,195.08523559570312,177.5049285888672,185.87245178222656,176.15391540527344,200.27081298828125,221.475830078125,187.8279571533203,218.27359008789065
559,169.56387329101562,51.25545501708984,170.41598510742188,46.59056091308594,0.0,0.0,182.3718719482422,40.219970703125,0.0,0.0,198.3800506591797,60.36902618408203,187.3128967285156,62.8204345703125,199.57530212402344,96.8036651611328,183.5288543701172,97.15017700195312,170.75144958496094,104.8297119140625,165.23976135253906,106.68101501464844,194.9034881591797,129.3245849609375,187.41937255859372,128.52264404296875,194.71307373046875,177.6134033203125,186.2564849853516,176.53810119628906,199.9610748291016,220.9449157714844,188.5128173828125,218.47169494628903
560,169.5437469482422,51.16354370117188,170.45225524902344,46.55426788330078,0.0,0.0,182.27581787109372,40.25041961669922,0.0,0.0,198.7965240478516,60.38899230957031,186.50303649902344,62.77951049804688,200.51837158203125,96.83451080322266,183.1123962402344,97.2757339477539,171.6164093017578,105.19612121582033,165.02096557617188,107.51207733154295,195.01466369628903,129.5837860107422,186.5088653564453,128.61659240722656,195.3181304931641,177.87692260742188,184.53323364257807,176.2907257080078,200.5475616455078,221.66033935546875,186.52679443359372,218.59019470214844
561,169.49334716796875,51.15898895263672,170.4598846435547,46.49127197265625,0.0,0.0,182.30372619628903,40.20032501220703,0.0,0.0,198.91726684570312,60.58354187011719,186.21470642089844,63.02748107910156,200.6132659912109,97.370849609375,182.4810028076172,97.0687255859375,171.498046875,106.36637115478516,164.10104370117188,106.35372924804688,195.06527709960935,129.76217651367188,186.265625,128.79905700683594,195.47866821289065,177.72921752929688,184.1971740722656,176.11148071289062,200.53317260742188,221.4849395751953,185.91665649414065,218.08824157714844
562,169.42230224609375,51.207122802734375,170.40728759765625,46.562103271484375,0.0,0.0,182.2816467285156,40.18952178955078,0.0,0.0,199.10675048828125,60.42119598388672,185.81478881835935,63.05265045166016,199.95567321777344,96.91463470458984,182.34945678710935,97.71429443359376,170.7981414794922,105.18894958496094,164.3995819091797,107.49525451660156,195.33108520507807,129.95864868164062,185.99261474609372,129.01626586914062,195.9181671142578,178.08331298828125,183.5836944580078,176.23751831054688,200.64404296875,221.7804412841797,185.53079223632807,218.00694274902344
563,169.4372100830078,51.1883544921875,170.42459106445312,46.52031707763672,0.0,0.0,182.3114471435547,40.21498107910156,0.0,0.0,198.8052215576172,60.47123718261719,186.27769470214844,63.11411285400391,200.0635681152344,97.0221710205078,182.648681640625,97.50831604003906,170.8467559814453,105.40199279785156,163.93936157226562,106.99098205566406,195.12271118164065,129.99139404296875,186.4596405029297,129.12855529785156,195.4820556640625,178.08486938476562,184.86785888671875,176.61117553710938,200.2308349609375,221.7248992919922,186.6782073974609,218.55162048339844
564,169.35980224609375,51.09016418457031,170.37301635742188,46.46424865722656,0.0,0.0,182.24505615234372,40.22660827636719,0.0,0.0,198.7771453857422,60.42567443847656,186.08273315429688,62.94993591308594,199.91114807128903,96.89137268066406,182.8201904296875,97.73467254638672,170.63238525390625,104.65394592285156,164.37167358398438,107.53985595703124,195.43411254882807,129.84243774414062,186.54942321777344,128.90013122558594,195.7994842529297,177.97964477539062,184.47357177734372,176.25234985351562,200.6380157470703,221.5489654541016,186.1832275390625,218.162109375
565,169.3013916015625,51.00775146484375,170.3120880126953,46.36165618896485,0.0,0.0,182.28121948242188,40.15302276611328,0.0,0.0,199.39352416992188,60.68437194824219,185.7667694091797,63.07781982421875,200.9542694091797,97.19402313232422,182.5572662353516,97.97525024414062,171.23455810546875,103.91116333007812,164.14703369140625,107.49061584472656,195.3328094482422,130.7373504638672,185.7358856201172,129.59632873535156,196.07801818847656,179.27476501464844,183.3214874267578,177.04705810546875,200.92800903320312,222.48345947265625,185.17123413085935,218.56768798828125
566,169.26419067382812,50.95162963867188,170.2852020263672,46.33883666992188,0.0,0.0,182.32806396484372,40.12379455566406,0.0,0.0,198.8828887939453,60.4080810546875,186.1172790527344,62.89303588867188,199.708984375,96.6964874267578,183.24549865722656,98.1605987548828,170.46963500976562,104.32506561279295,165.50894165039062,108.68269348144533,195.3240966796875,130.04568481445312,186.3137359619141,129.05758666992188,195.96278381347656,178.462890625,184.1876678466797,176.54566955566406,200.83541870117188,221.47344970703125,186.07774353027344,217.84947204589844
567,169.21726989746094,50.91419982910156,170.2735595703125,46.30278015136719,0.0,0.0,182.34927368164065,40.096771240234375,0.0,0.0,198.9844970703125,60.28135681152344,185.94384765625,62.86112976074219,199.9431304931641,96.0911865234375,183.21841430664065,98.16448974609376,170.65562438964844,103.81045532226562,165.8880157470703,108.91316223144533,195.49505615234372,130.02642822265625,186.27218627929688,129.03921508789062,196.0294189453125,178.75123596191406,183.8681182861328,176.72128295898438,200.6856384277344,222.4998779296875,185.5414123535156,218.63092041015625
568,169.34654235839844,50.96260833740234,170.38804626464844,46.3236083984375,0.0,0.0,182.37918090820312,40.13896179199219,0.0,0.0,199.2242431640625,60.351959228515625,185.7565460205078,63.16271209716797,200.6752777099609,95.7490234375,183.2142791748047,98.0901107788086,171.06594848632812,103.37741088867188,165.77442932128906,108.571044921875,195.6309814453125,130.02899169921875,186.12864685058597,129.1194610595703,196.30381774902344,178.51705932617188,183.79173278808597,176.61021423339844,200.98617553710935,222.0101318359375,185.74337768554688,218.29006958007807
569,169.3755340576172,50.98005676269531,170.3928985595703,46.341590881347656,0.0,0.0,182.3878326416016,40.1812744140625,0.0,0.0,199.4327545166016,60.537391662597656,185.558349609375,63.18032836914063,201.1265411376953,96.04032135009766,182.50978088378903,97.62873077392578,171.598876953125,103.72311401367188,165.7312774658203,107.43982696533205,195.6439666748047,130.25982666015625,185.911865234375,129.2826385498047,196.30355834960935,178.78411865234375,183.51937866210935,176.7613067626953,200.86746215820312,222.56134033203125,185.3207855224609,218.62158203125
570,169.4658660888672,51.00220489501953,170.50857543945312,46.37177276611328,0.0,0.0,182.41932678222656,40.29334259033203,0.0,0.0,199.36184692382807,60.6234130859375,185.6187438964844,63.29719543457031,201.1282958984375,95.7986297607422,183.0104522705078,97.84196472167967,171.70140075683594,103.22244262695312,166.27049255371094,107.94159698486328,195.6544952392578,130.158447265625,186.00830078125,129.18455505371094,196.3617248535156,178.77548217773438,183.7879943847656,176.74032592773438,200.70159912109372,222.59669494628903,185.6300048828125,218.7806396484375
571,169.5505828857422,51.10609436035156,170.4705352783203,46.52284240722656,0.0,0.0,182.25804138183597,40.46702575683594,0.0,0.0,199.2773284912109,60.89715576171875,185.9350128173828,63.164398193359375,200.6827392578125,96.44996643066406,183.2105865478516,97.84750366210938,171.59815979003906,102.8988265991211,166.1883087158203,107.7873306274414,195.76524353027344,130.20639038085938,186.28619384765625,129.05506896972656,196.47747802734372,178.99838256835938,183.2265625,176.70599365234375,200.7369842529297,222.7465362548828,184.7122039794922,218.85745239257807
572,169.83731079101562,50.867332458496094,170.8135223388672,46.25594329833984,0.0,0.0,182.69366455078125,40.23414611816406,0.0,0.0,199.6809234619141,60.83876037597656,185.9329833984375,63.188926696777344,200.66012573242188,96.4429168701172,182.72364807128903,97.96835327148438,171.52444458007812,102.93714904785156,165.835693359375,107.50153350830078,195.88877868652344,130.2620849609375,186.13900756835935,129.1333770751953,196.6317443847656,179.01239013671875,182.9759063720703,176.6975555419922,200.74484252929688,222.80438232421875,184.5097503662109,218.7052764892578
573,169.9208984375,50.53366088867188,170.88967895507812,45.88639831542969,0.0,0.0,183.02735900878903,39.9241943359375,0.0,0.0,200.01364135742188,60.794410705566406,186.47885131835935,63.07048797607422,200.6074981689453,96.64302825927734,182.9059295654297,98.05348205566406,171.3753662109375,103.02811431884766,165.9272918701172,107.7342300415039,195.85101318359372,130.2480926513672,186.27513122558597,129.08612060546875,196.6353302001953,178.99197387695312,183.2271423339844,176.70265197753906,200.64837646484372,222.8541259765625,184.66812133789065,218.8179931640625
574,170.02142333984375,49.09532165527344,171.1728515625,44.54556274414063,0.0,0.0,183.81881713867188,39.26756286621094,0.0,0.0,200.5106964111328,60.71173095703125,187.0433654785156,62.66500854492188,201.31378173828125,96.96084594726562,182.863037109375,97.5560531616211,172.05201721191406,103.53125,165.2942352294922,106.99380493164062,195.77023315429688,130.12588500976562,186.31051635742188,128.86473083496094,196.33523559570312,178.77981567382812,183.41033935546875,176.66900634765625,200.66488647460935,222.95315551757807,184.31851196289065,219.33270263671875
575,170.4649200439453,48.51549530029297,171.87368774414062,44.01091766357422,0.0,0.0,184.57611083984372,38.930267333984375,0.0,0.0,200.8502960205078,60.07247924804688,186.89474487304688,62.802772521972656,201.1640167236328,94.1909637451172,182.6734313964844,96.42125701904295,172.22909545898438,103.5679168701172,164.92138671875,105.92585754394533,195.57553100585935,130.23257446289062,185.64361572265625,129.19386291503906,196.68185424804688,178.56678771972656,182.8143615722656,176.47909545898438,200.92845153808597,222.54144287109372,183.78929138183597,218.0410919189453
576,170.73477172851562,47.09324645996094,172.607666015625,42.66703796386719,0.0,0.0,185.8441467285156,38.89385986328125,0.0,0.0,201.55528259277344,61.40496063232422,186.4173889160156,63.3338623046875,200.8695831298828,95.94874572753906,181.4573211669922,96.72390747070312,171.8953399658203,104.35040283203124,164.65814208984375,105.73728942871094,195.53761291503903,130.8498077392578,184.8610382080078,129.55007934570312,196.36181640625,179.6434783935547,182.06939697265625,177.33734130859375,200.8158416748047,223.3270568847656,183.82032775878903,219.04640197753903
577,172.19113159179688,47.27684020996094,173.94398498535156,42.77506256103516,0.0,0.0,186.7115478515625,38.725433349609375,0.0,0.0,201.43011474609372,60.706298828125,188.4466552734375,63.26972961425781,199.85508728027344,94.87871551513672,183.0631103515625,96.57530212402344,171.5279998779297,104.51922607421876,164.6579132080078,105.82067108154295,195.4089508056641,130.2781982421875,186.17062377929688,129.23941040039062,195.39013671875,179.0491485595703,183.16766357421875,177.26382446289062,200.42120361328125,223.2256774902344,184.29269409179688,219.142333984375
578,173.6409149169922,46.14405822753906,175.3875732421875,41.74590301513672,0.0,0.0,188.0841827392578,37.92642211914063,0.0,0.0,202.3955993652344,60.3983154296875,189.3547515869141,62.400299072265625,199.4217529296875,95.00871276855467,182.96240234375,96.25336456298828,170.18260192871094,104.81551361083984,163.89117431640625,106.32557678222656,195.5780487060547,129.82337951660156,186.36691284179688,128.55499267578125,195.2803955078125,178.20669555664062,182.6481170654297,176.30621337890625,200.02325439453125,222.57827758789065,184.5684509277344,218.85690307617188
579,173.7503662109375,45.550048828125,175.53094482421875,41.19078826904297,0.0,0.0,188.11203002929688,37.88939666748047,0.0,0.0,202.29721069335935,60.60862731933594,189.3520050048828,62.74188232421875,199.986572265625,94.31964111328124,182.65765380859372,95.2727279663086,170.40501403808594,105.09420776367188,162.42198181152344,104.73416137695312,195.03131103515625,129.9723358154297,185.8647918701172,128.7149658203125,194.83425903320312,177.9286346435547,182.1090087890625,176.20645141601562,199.12796020507807,221.90594482421875,183.1569061279297,218.3346405029297
580,174.42979431152344,45.11066436767578,176.33782958984375,40.61375427246094,0.0,0.0,188.86398315429688,37.03764343261719,0.0,0.0,202.66720581054688,60.1597900390625,189.7942657470703,61.96790313720703,198.56878662109372,94.82746887207033,183.03846740722656,95.66886901855467,168.83123779296875,105.10595703125,162.76846313476562,105.5439453125,195.1461334228516,130.24996948242188,186.00860595703125,128.7267303466797,193.3510589599609,178.94561767578125,180.767822265625,176.6530303955078,197.1838531494141,222.16070556640625,0.0,0.0
581,174.49325561523438,44.716094970703125,176.1764373779297,40.34126281738281,0.0,0.0,188.7831878662109,36.42793273925781,0.0,0.0,202.4311370849609,58.58415222167969,191.10598754882807,60.920166015625,198.3084259033203,93.24005126953124,184.3434295654297,94.9637680053711,167.97579956054688,105.44712829589844,162.7394561767578,106.13227081298828,195.24456787109372,128.7594757080078,187.20571899414065,127.55728149414062,193.81512451171875,177.60899353027344,182.99850463867188,176.0674285888672,198.37466430664065,222.11941528320312,184.47479248046875,218.5159454345703
582,174.1952667236328,44.68299865722656,175.97239685058594,40.32942199707031,0.0,0.0,188.5174102783203,36.47718811035156,0.0,0.0,202.4792938232422,58.726356506347656,190.3370056152344,60.79215240478516,198.6632232666016,92.91468811035156,183.9053497314453,94.46592712402344,168.07969665527344,105.24529266357422,161.7188720703125,106.57936096191406,195.39263916015625,129.4726104736328,186.701904296875,128.08419799804688,194.2606201171875,178.8451690673828,182.08987426757807,176.8820343017578,198.4884033203125,222.75086975097656,0.0,0.0
583,173.62612915039062,44.94334411621094,175.13551330566406,40.45906829833984,0.0,0.0,187.6072540283203,36.35589599609375,0.0,0.0,202.08184814453125,58.88986206054688,190.7395172119141,61.07199096679688,198.71994018554688,94.23818969726562,183.8369903564453,95.4968490600586,168.57203674316406,105.34877014160156,160.47991943359375,106.64080047607422,195.51638793945312,130.29473876953125,187.37582397460935,128.97354125976562,195.07931518554688,179.59237670898438,183.2501220703125,177.58587646484375,199.5933837890625,224.15475463867188,184.44371032714844,220.07806396484372
584,173.39736938476562,44.91594696044922,174.83180236816406,40.29605865478516,0.0,0.0,187.0352478027344,36.15130615234375,0.0,0.0,201.19989013671875,58.31106185913086,191.6480407714844,61.17230224609375,195.8890686035156,94.11520385742188,0.0,0.0,167.32740783691406,106.83921813964844,161.7971954345703,107.62417602539062,194.9112548828125,130.350830078125,187.79893493652344,129.31100463867188,195.3120574951172,181.50469970703125,185.62911987304688,179.21923828125,199.6707763671875,229.50570678710935,185.83645629882807,223.60845947265625
585,172.95327758789062,45.23873901367188,174.61436462402344,40.69071960449219,0.0,0.0,187.23541259765625,36.778106689453125,0.0,0.0,201.6621856689453,58.74886322021485,190.41876220703125,61.70427703857422,197.48138427734372,92.98236083984376,0.0,0.0,168.43704223632812,106.255859375,162.0155487060547,108.1849136352539,195.4360809326172,130.4968719482422,186.98214721679688,129.4429168701172,196.2366943359375,181.0185546875,183.8170318603516,178.7623291015625,199.29559326171875,228.54290771484372,182.46934509277344,222.88616943359372
586,172.38693237304688,44.115272521972656,174.70945739746094,39.76820373535156,0.0,0.0,186.826904296875,37.60840606689453,0.0,0.0,201.35208129882807,60.00541687011719,184.69664001464844,63.6897087097168,198.81390380859372,92.29002380371094,179.6436767578125,96.39429473876952,168.83901977539062,107.6240692138672,161.43141174316406,108.4656219482422,195.682373046875,129.8208465576172,183.4298858642578,129.28195190429688,197.65921020507807,178.43397521972656,181.1974334716797,176.85118103027344,199.5987243652344,225.73516845703125,179.70928955078125,220.90814208984372
587,174.93006896972656,43.4248046875,178.70401000976562,38.90812683105469,171.75106811523438,41.24073028564453,189.22657775878903,38.73045349121094,0.0,0.0,201.9085998535156,62.71263885498047,177.23583984375,66.5006103515625,200.54396057128903,94.0504913330078,175.36842346191406,96.661376953125,171.2314910888672,105.53184509277344,161.98448181152344,109.58524322509766,196.8160400390625,129.6732177734375,179.06980895996094,129.36807250976562,197.37522888183597,178.06570434570312,177.18057250976562,176.56704711914062,201.3788146972656,222.2167053222656,178.5958709716797,218.7875061035156
588,176.40634155273438,43.02455139160156,180.35205078125,38.878684997558594,172.80499267578125,40.909942626953125,189.6937561035156,40.19154357910156,0.0,0.0,200.71951293945312,64.21268463134766,175.2550811767578,67.48129272460938,199.4398193359375,94.2481689453125,174.08071899414062,96.25401306152344,170.88702392578125,107.2227020263672,161.30697631835938,109.7270050048828,195.34507751464844,130.22500610351562,176.95802307128906,129.82225036621094,195.2510986328125,178.46640014648438,175.01426696777344,176.92559814453125,200.2740936279297,222.06146240234372,176.44454956054688,218.5240478515625
589,177.29556274414062,43.30412292480469,180.9941253662109,39.24903869628906,173.63937377929688,41.20327758789063,189.624755859375,40.57102966308594,0.0,0.0,200.78076171875,64.11225891113281,174.7291717529297,67.62757110595703,200.21636962890625,93.88238525390624,172.81939697265625,96.09825134277344,171.51185607910156,109.00398254394533,160.475830078125,109.93302917480467,195.2823486328125,128.28323364257812,176.79010009765625,128.02305603027344,194.67384338378903,175.23275756835938,174.97938537597656,173.93316650390625,198.9392547607422,218.4932556152344,176.91659545898438,214.90118408203125
590,177.92572021484375,43.63262939453125,181.5494842529297,39.7718505859375,174.23870849609375,41.60993194580078,189.80636596679688,41.430999755859375,0.0,0.0,200.5419006347656,65.0570068359375,174.48619079589844,67.85884094238281,200.71800231933597,95.32447052001952,171.7118377685547,95.91292572021484,171.6882781982422,107.88397216796876,158.93197631835938,108.941650390625,194.76776123046875,129.01422119140625,176.2977294921875,128.55145263671875,194.35589599609372,175.49057006835938,174.68154907226562,174.1479034423828,200.01953125,218.06695556640625,176.30914306640625,215.2664031982422
591,178.67222595214844,43.69031524658203,182.3409881591797,39.91632843017578,174.8333282470703,41.51136779785156,190.0475006103516,41.91370391845703,171.61639404296875,45.35322570800781,199.9403076171875,65.41371154785156,173.6589813232422,68.06314086914062,199.6885986328125,94.86658477783205,170.40859985351562,95.95874786376952,171.70877075195312,108.15150451660156,157.73373413085938,108.60560607910156,194.24575805664065,128.4358367919922,175.7925567626953,127.94334411621094,193.30484008789065,174.27737426757812,174.48779296875,172.68710327148438,197.8258056640625,216.30014038085935,175.9416046142578,212.75401306152344
592,179.170166015625,43.62113952636719,182.83213806152344,39.96464538574219,175.4450225830078,41.33314514160156,190.18548583984372,42.30729675292969,172.0443572998047,45.18199157714844,199.72836303710935,66.02510833740234,173.0126953125,68.1473388671875,199.69107055664065,95.38727569580078,169.51075744628906,96.02029418945312,172.50350952148438,107.55345916748048,157.29554748535156,108.71473693847656,194.44386291503903,127.63645935058594,175.82357788085938,127.0376434326172,192.9314422607422,171.67430114746094,173.8991241455078,170.2178955078125,195.40402221679688,211.98629760742188,174.6420135498047,209.3987579345703
593,179.38783264160156,43.655067443847656,182.99267578125,39.994171142578125,175.61117553710938,41.359840393066406,190.1859436035156,42.314239501953125,172.0609893798828,45.21255493164063,199.68829345703125,66.0321044921875,172.9693145751953,68.15684509277344,199.687255859375,95.39958190917967,169.48703002929688,96.0244598388672,172.5102081298828,107.53073120117188,157.29122924804688,108.70357513427734,194.47760009765625,127.61637878417967,175.84878540039062,127.0368194580078,192.9970245361328,171.5968017578125,173.88595581054688,170.18145751953125,195.456298828125,211.88668823242188,174.5818328857422,209.35806274414065
594,179.4994659423828,43.655670166015625,183.1879730224609,40.02745056152344,175.80404663085938,41.27007293701172,190.35128784179688,42.52922821044922,172.2479248046875,45.11930084228516,199.81814575195312,66.43892669677734,172.48184204101562,68.36058044433594,199.87173461914065,95.69458770751952,168.8285369873047,96.6427764892578,172.96812438964844,106.2730484008789,156.74993896484375,109.03228759765624,194.4677734375,128.458251953125,175.5559539794922,127.82950592041016,192.9051971435547,172.67579650878906,174.168701171875,171.1926727294922,194.38262939453125,211.69479370117188,175.3780975341797,209.48355102539065
595,179.72653198242188,43.88255310058594,183.4805603027344,40.31417846679688,175.97311401367188,41.36949157714844,190.52105712890625,43.25878143310547,172.0354461669922,45.39873504638672,199.6107177734375,67.42073059082031,171.51234436035156,69.0319595336914,199.39984130859372,96.16881561279295,167.5645751953125,96.2872085571289,171.77301025390625,108.61824035644533,156.8502960205078,108.56935119628906,194.50924682617188,127.8984832763672,175.13043212890625,127.29495239257812,193.573486328125,171.32955932617188,174.02639770507812,169.94168090820312,194.34841918945312,210.45394897460935,174.94952392578125,208.12435913085935
596,179.81333923339844,43.90859222412109,183.2918701171875,40.26256561279297,175.9160614013672,41.421348571777344,190.0787048339844,43.049583435058594,171.79722595214844,45.542457580566406,199.59580993652344,67.32988739013672,171.0301971435547,69.12852478027344,199.55230712890625,95.9521713256836,167.52699279785156,96.30723571777344,171.9827423095703,108.0589828491211,159.7281494140625,108.0890884399414,194.6425323486328,127.37947845458984,174.99063110351562,126.97938537597656,194.1094665527344,170.09310913085938,173.98960876464844,168.95858764648438,193.9419860839844,209.4688415527344,175.05706787109375,207.1302795410156
597,179.77024841308594,44.23107147216797,183.21783447265625,40.506378173828125,175.7757110595703,41.68878173828125,189.87493896484372,43.09916687011719,171.4506378173828,45.68331146240234,200.0029296875,67.54356384277344,170.7519073486328,69.13215637207031,200.5736846923828,97.0471649169922,167.00262451171875,96.50656127929688,171.5777130126953,107.64287567138672,157.9601593017578,107.01296997070312,194.78347778320312,127.61939239501952,174.73345947265625,126.98712158203124,194.1859130859375,170.8472442626953,173.65525817871094,169.2661590576172,194.01019287109372,210.3311767578125,175.00733947753906,207.71841430664065
598,179.65667724609375,44.17493438720703,182.97113037109372,40.51539611816406,175.8240966796875,41.7474365234375,189.3796539306641,43.39404296875,171.55323791503906,45.952518463134766,199.1424865722656,66.12425994873047,171.3593292236328,68.74051666259766,201.7868194580078,93.20462799072266,167.06813049316406,96.21136474609376,174.30316162109375,104.26425170898438,159.557373046875,107.26142120361328,194.0289001464844,126.94725799560548,174.61187744140625,126.7716827392578,193.2076110839844,170.74034118652344,174.3861083984375,169.68093872070312,194.8713531494141,211.07432556152344,173.35610961914062,208.18341064453125
599,179.76416015625,44.06135559082031,183.04165649414065,40.449127197265625,175.711669921875,41.62017059326172,189.45504760742188,43.21446228027344,171.24134826660156,45.91242980957031,199.7681427001953,66.73478698730469,170.43658447265625,69.21891784667969,202.75067138671875,92.99160766601562,167.82125854492188,95.66687774658205,175.24916076660156,104.32400512695312,160.55369567871094,107.22767639160156,194.74822998046875,126.76443481445312,174.8023223876953,126.56695556640624,194.65966796875,169.62779235839844,174.68707275390625,168.50021362304688,194.1976318359375,209.59716796875,176.1417236328125,206.9797821044922
600,179.5331268310547,43.641632080078125,182.53131103515625,39.85639190673828,175.31674194335938,41.322547912597656,188.87193298339844,43.37435150146485,170.93618774414062,46.6709213256836,199.94073486328125,67.63929748535156,170.2650146484375,70.87953186035156,202.72262573242188,94.3792724609375,166.34585571289062,97.77238464355467,177.08168029785156,104.21154022216795,161.2302703857422,106.8849639892578,196.3715667724609,127.1949691772461,176.60829162597656,127.61029052734376,194.5054931640625,170.5399169921875,179.21420288085938,170.32528686523438,192.23068237304688,210.10208129882807,181.4449462890625,207.9863128662109
601,179.82110595703125,43.39450073242188,182.72552490234372,39.79736328125,175.68580627441406,41.2352294921875,188.90187072753903,43.67054748535156,171.2452850341797,46.86924743652344,200.22840881347656,68.3782958984375,170.2603759765625,70.8038330078125,203.3526153564453,95.90614318847656,165.71868896484375,97.42459106445312,176.73487854003906,104.92587280273438,158.97097778320312,107.0326156616211,195.39810180664065,127.9904327392578,175.2939453125,127.96587371826172,193.86126708984372,171.6861572265625,177.00070190429688,170.91363525390625,192.67575073242188,210.64517211914065,178.82455444335938,208.1776885986328
602,180.334716796875,43.67681121826172,183.33946228027344,39.91333770751953,176.09353637695312,41.311553955078125,189.5389862060547,43.56653594970703,171.54080200195312,46.792388916015625,201.160888671875,69.4376220703125,169.83770751953125,70.87591552734375,204.0047607421875,97.68515014648438,166.8555145263672,96.69983673095705,175.98019409179688,104.14791107177734,161.06610107421875,106.50025939941406,196.10406494140625,127.75656127929688,175.3695068359375,127.3962173461914,195.41004943847656,169.68344116210938,176.53794860839844,168.64007568359375,192.43487548828125,207.95677185058597,180.6332092285156,206.4773712158203
603,180.95578002929688,43.39189147949219,183.8101348876953,39.78704833984375,176.69833374023438,41.10148620605469,189.705322265625,43.74403381347656,171.78660583496094,46.70967864990234,200.9080810546875,69.08289337158203,170.0294952392578,70.44103240966797,204.2598419189453,97.95100402832033,165.32015991210938,96.8451690673828,178.0106964111328,104.384521484375,159.78231811523438,104.16616821289062,195.14083862304688,128.5556640625,174.4696807861328,128.2104949951172,193.9760284423828,172.18360900878906,175.96054077148438,171.10264587402344,192.77745056152344,210.8055877685547,178.21914672851562,208.2907257080078
604,182.08892822265625,42.93642425537109,184.74806213378903,39.42063903808594,177.48194885253906,40.86734771728516,190.17724609375,43.928932189941406,171.80807495117188,47.30464172363281,201.19793701171875,69.03729248046875,169.76158142089844,71.13059997558594,203.47915649414065,96.1988296508789,165.91091918945312,96.85711669921876,176.57904052734375,104.0693359375,161.8056640625,104.63200378417967,195.2499847412109,128.5752410888672,173.97195434570312,128.58349609375,194.34210205078125,171.59942626953125,175.447998046875,171.04302978515625,192.6876983642578,210.2629547119141,177.4969482421875,207.63824462890625
605,182.1004943847656,42.887298583984375,184.82179260253903,39.42803192138672,177.60382080078125,40.76615905761719,190.13494873046875,43.93736267089844,171.93531799316406,47.03907775878906,201.0098114013672,68.85222625732422,169.71859741210938,70.93107604980469,203.89064025878903,95.92204284667967,165.27447509765625,96.42955780029295,177.33779907226562,103.87776947021484,159.55755615234375,103.46286010742188,195.26593017578125,128.5312957763672,174.14047241210938,128.50076293945312,194.15452575683597,171.71499633789062,175.3504638671875,171.14471435546875,192.8361968994141,210.30239868164065,177.18777465820312,207.74557495117188
606,183.2420959472656,42.929161071777344,185.9337310791016,39.453392028808594,178.60641479492188,40.66958618164063,190.77403259277344,43.95671081542969,172.26119995117188,46.854095458984375,201.4016265869141,68.76516723632812,169.68890380859375,71.06214904785156,204.75587463378903,94.93158721923828,165.3388671875,96.52252960205078,178.544189453125,104.05068969726562,159.45654296875,104.24398040771484,195.64830017089844,128.78268432617188,174.35414123535156,128.77996826171875,194.20309448242188,172.29171752929688,175.37005615234375,171.52297973632812,192.06585693359372,211.55007934570312,176.96055603027344,208.45281982421875
607,184.2021484375,42.85002136230469,186.8355255126953,39.41151428222656,179.46038818359375,40.62397003173828,191.54893493652344,44.12443542480469,172.8629150390625,47.0416259765625,201.9748687744141,69.42725372314453,170.02322387695312,71.34709167480469,205.64044189453125,96.0716781616211,165.84695434570312,97.29518127441406,180.2613220214844,104.37141418457033,161.46644592285156,105.92381286621094,195.5045318603516,129.11337280273438,174.08758544921875,129.04042053222656,194.75613403320312,171.95535278320312,175.4632568359375,171.11837768554688,192.39065551757807,211.3841552734375,176.65879821777344,208.45997619628903
608,184.7207794189453,42.968727111816406,187.29226684570312,39.49109649658203,180.06637573242188,40.64727783203125,191.7141571044922,44.06391906738281,173.34324645996094,46.835411071777344,202.18569946289065,69.32130432128906,170.13072204589844,71.2897720336914,206.5135040283203,95.36756896972656,166.3159942626953,97.1117172241211,181.9828186035156,104.98477172851562,162.919921875,107.43329620361328,195.8635406494141,128.56289672851562,174.42996215820312,128.51300048828125,195.21994018554688,171.1474609375,175.4117889404297,170.2601318359375,192.6129913330078,210.7305450439453,176.88108825683594,207.8409118652344
609,185.03379821777344,43.111549377441406,187.5960693359375,39.55625915527344,180.2811584472656,40.71354675292969,191.9713287353516,44.07485961914063,173.39013671875,46.881622314453125,202.54220581054688,69.81829833984375,170.1044464111328,71.51580810546875,206.8553924560547,97.0805206298828,166.21051025390625,98.30746459960938,182.22222900390625,104.9356689453125,163.3489990234375,107.77135467529295,195.9772186279297,129.51690673828125,174.27786254882812,129.34075927734375,195.39303588867188,172.63075256347656,175.16116333007812,171.49908447265625,192.5352478027344,211.661376953125,176.43040466308594,208.69937133789065
610,185.16091918945312,43.62763977050781,187.6880798339844,40.02830505371094,180.39134216308597,41.12969970703125,191.7632293701172,44.38843536376953,173.287841796875,47.05989837646485,202.1823883056641,70.42306518554688,170.41639709472656,71.42327117919922,207.57557678222656,99.1825714111328,166.40200805664062,99.0561065673828,183.23182678222656,105.39935302734376,161.88233947753906,109.60333251953124,195.7093505859375,130.01519775390625,174.58099365234375,129.50230407714844,195.0103759765625,173.01287841796875,175.88381958007812,171.3497314453125,193.01528930664065,211.4471435546875,176.9102325439453,208.7108154296875
611,184.37364196777344,44.250274658203125,187.03990173339844,40.63011169433594,179.65170288085938,41.83001708984375,191.7816467285156,44.837684631347656,173.15797424316406,47.72795104980469,202.4466552734375,70.60389709472656,170.6494903564453,71.73066711425781,207.5440673828125,99.14056396484376,166.2338104248047,98.89419555664062,184.27638244628903,104.81172943115234,161.77540588378906,108.44245147705078,195.5541839599609,130.0597686767578,174.37319946289062,129.5837860107422,194.8781280517578,172.97706604003906,175.42861938476562,171.36834716796875,192.94932556152344,211.36322021484372,176.6145477294922,208.43096923828125
612,183.65240478515625,45.11178588867188,186.4649810791016,41.32501220703125,178.93252563476562,42.61377716064453,191.7159576416016,45.04972839355469,172.7569122314453,48.117225646972656,202.44940185546875,70.5823745727539,170.64410400390625,71.90605163574219,208.16476440429688,98.80152893066406,165.08700561523438,97.82186126708984,185.65972900390625,104.25132751464844,159.51068115234375,104.62657165527344,195.2403259277344,130.04486083984375,174.16543579101562,129.64962768554688,194.7238311767578,173.232666015625,174.97000122070312,171.79835510253906,193.15640258789065,211.96095275878903,176.07009887695312,208.74237060546875
613,183.1501617431641,45.266998291015625,186.07290649414065,41.53453826904297,178.5314483642578,42.78895568847656,191.7006378173828,45.11378479003906,172.6529541015625,48.11365509033203,202.33604431152344,69.79032135009766,170.6869354248047,71.74314880371094,208.24172973632807,95.96102142333984,165.41058349609375,97.19465637207033,185.7605438232422,103.94644165039062,160.9619140625,106.10344696044922,194.99203491210935,129.10711669921875,173.9954376220703,128.92393493652344,194.8382568359375,171.62936401367188,175.0269317626953,170.25991821289062,193.78268432617188,210.59649658203125,176.51400756835938,206.87815856933597
614,182.8429107666016,45.43839263916016,185.78744506835935,41.633056640625,178.1999053955078,42.96873474121094,191.67601013183597,45.084129333496094,172.4869842529297,48.24126434326172,202.55364990234372,69.98889923095703,170.4786376953125,71.7990951538086,208.0448760986328,96.95121002197266,165.26654052734375,97.40901184082033,185.21437072753903,104.3344268798828,162.82093811035156,105.29261016845705,195.1455993652344,129.2821044921875,173.91912841796875,129.12350463867188,195.01942443847656,171.63462829589844,175.35943603515625,170.38278198242188,193.5107879638672,210.86898803710935,177.27955627441406,207.27354431152344
615,182.8442230224609,45.44702911376953,185.7881317138672,41.63130187988281,178.19424438476562,42.9703369140625,191.6658477783203,45.08131408691406,172.475830078125,48.248313903808594,202.5437164306641,69.96363067626953,170.47314453125,71.78068542480469,208.0542907714844,96.91932678222656,165.28680419921875,97.38922119140624,185.3516845703125,104.29692840576172,162.68014526367188,105.21249389648438,195.03070068359372,129.21551513671875,173.80767822265625,129.05206298828125,195.03208923339844,171.79193115234375,175.39193725585938,170.50962829589844,193.4702911376953,211.02252197265625,177.29281616210938,207.3601531982422
616,182.74203491210935,45.53314208984375,185.77430725097656,41.70941162109375,178.13710021972656,42.97955322265625,191.67413330078125,45.19647979736328,172.64993286132812,48.29524993896485,202.6015167236328,70.22277069091797,170.1581573486328,72.03865051269531,207.0702209472656,95.4238052368164,166.30062866210938,96.2052001953125,183.2813720703125,104.14126586914062,163.18104553222656,106.22122192382812,196.04058837890625,128.07080078125,174.76136779785156,127.88714599609376,195.88389587402344,169.0056915283203,175.8167266845703,167.80828857421875,192.3231201171875,208.2672119140625,179.49484252929688,205.2811737060547
617,181.99876403808597,45.50074768066406,185.0828094482422,41.65592956542969,177.51553344726562,43.0574951171875,191.481689453125,45.10443878173828,172.43406677246094,48.33461380004883,202.56085205078125,70.15467071533203,171.07400512695312,72.09114074707031,207.5948028564453,97.4443359375,166.037353515625,98.1408233642578,183.4665679931641,104.4908447265625,162.44973754882812,106.07150268554688,195.09957885742188,129.17022705078125,174.22352600097656,128.9366912841797,194.9687347412109,171.26368713378906,175.9334716796875,169.86181640625,193.81927490234372,210.56243896484372,178.02691650390625,206.91921997070312
618,181.71255493164065,45.65617370605469,184.74761962890625,41.85590362548828,177.3596954345703,43.28562927246094,191.18048095703125,45.30563354492188,172.58009338378906,48.56808853149414,202.5106506347656,70.172607421875,171.52186584472656,72.04593658447266,207.857177734375,97.21399688720705,167.05906677246094,97.6079559326172,183.6007843017578,104.29415893554688,163.1923828125,105.2992935180664,194.9113922119141,128.86460876464844,174.30262756347656,128.537841796875,194.9994354248047,170.77330017089844,176.05804443359375,169.2069091796875,193.88360595703125,210.15013122558597,178.06459045410156,206.2855224609375
619,181.40365600585935,45.871826171875,184.4603576660156,42.10033416748047,177.21426391601562,43.47395324707031,191.022216796875,45.35253143310547,172.75057983398438,48.47890472412109,202.3678436279297,69.82867431640625,171.7247314453125,71.82347106933594,208.06158447265625,96.51686096191406,167.77134704589844,97.66040802001952,183.5321044921875,103.1196517944336,164.15390014648438,105.35816192626952,194.8218994140625,128.32864379882812,174.47154235839844,128.04254150390625,195.1923065185547,170.072509765625,176.7220458984375,168.53286743164062,194.31434631347656,208.90045166015625,179.2083282470703,205.21926879882807
620,181.44325256347656,46.251220703125,184.6550445556641,42.41844940185547,177.28147888183594,43.57237243652344,191.1023101806641,45.52845764160156,0.0,0.0,202.38717651367188,70.50544738769531,171.16165161132812,71.87696838378906,207.6002197265625,96.63904571533205,168.10372924804688,96.68292999267578,181.88848876953125,103.4189682006836,164.242919921875,105.51774597167967,195.98110961914065,127.84434509277344,175.611328125,127.2805633544922,195.634521484375,168.764404296875,177.3835906982422,166.87631225585938,192.32717895507807,207.65554809570312,181.2160186767578,204.447265625
621,181.397705078125,46.268310546875,184.58502197265625,42.42002868652344,177.2218017578125,43.58786010742188,191.09378051757807,45.4161376953125,0.0,0.0,202.5117645263672,70.39028930664062,171.2238311767578,71.60293579101562,208.04934692382807,96.654052734375,168.20204162597656,96.1475830078125,182.08596801757807,102.973876953125,164.90185546875,104.5687484741211,195.92564392089844,127.9382781982422,175.53636169433594,127.30924987792967,195.51173400878903,169.08111572265625,177.32278442382812,167.11679077148438,192.3607177734375,207.84939575195312,181.2090759277344,204.59117126464844
622,181.40670776367188,46.27902221679688,184.64816284179688,42.440277099609375,177.25979614257812,43.60790252685547,191.28756713867188,45.45409393310547,0.0,0.0,202.64898681640625,70.34449768066406,171.42454528808594,71.50188446044922,208.42990112304688,96.36134338378906,168.4423828125,95.83297729492188,182.6387481689453,102.28738403320312,164.88406372070312,104.4217529296875,195.986083984375,127.68956756591795,175.5982666015625,127.02334594726562,195.42312622070312,168.93296813964844,176.93670654296875,167.01791381835938,192.6603240966797,207.60958862304688,180.69451904296875,204.615478515625
623,181.4245758056641,46.240753173828125,184.67477416992188,42.43637847900391,177.32627868652344,43.57846832275391,191.30828857421875,45.44560241699219,0.0,0.0,202.60379028320312,70.18441009521484,171.55197143554688,71.43506622314453,208.40499877929688,95.88525390625,168.52952575683594,95.69764709472656,182.7008514404297,102.1844253540039,164.77728271484375,104.43416595458984,196.00897216796875,127.70782470703124,175.72166442871094,127.0578384399414,195.3570251464844,169.08255004882812,176.97848510742188,167.1569061279297,192.71432495117188,207.76324462890625,180.66488647460935,204.6781005859375
624,181.5139312744141,46.27094268798828,184.73033142089844,42.43977355957031,177.38992309570312,43.6029052734375,191.298583984375,45.41714477539063,0.0,0.0,202.5230865478516,70.25946807861328,171.57643127441406,71.32337951660156,208.1888732910156,96.42511749267578,168.52999877929688,95.59378051757812,182.6063537597656,102.48825073242188,164.65548706054688,104.2501220703125,195.6435546875,127.4442138671875,175.38113403320312,126.73094177246094,195.23963928222656,168.67181396484375,176.57534790039062,166.70542907714844,192.9621734619141,207.2377777099609,180.3343048095703,204.19972229003903
625,181.55491638183597,46.29286956787109,184.80221557617188,42.49626922607422,177.4226837158203,43.65175628662109,191.40956115722656,45.47821044921875,0.0,0.0,202.5412139892578,70.10040283203125,171.56092834472656,71.28135681152344,207.90185546875,95.90602111816406,168.53863525390625,95.40170288085938,182.4002227783203,102.12313842773438,164.82525634765625,103.95913696289062,195.90533447265625,127.486328125,175.6140594482422,126.8482666015625,195.32321166992188,168.8939666748047,176.82041931152344,167.0480499267578,192.8967437744141,207.6132659912109,180.58688354492188,204.6146545410156
626,181.5550079345703,46.30065155029297,184.80255126953125,42.48931121826172,177.41326904296875,43.65998840332031,191.4291839599609,45.4644775390625,0.0,0.0,202.590087890625,70.24561309814453,171.58438110351562,71.2655258178711,207.58908081054688,96.48834991455078,168.49659729003906,95.59445190429688,182.26437377929688,102.1396484375,164.89581298828125,103.9705047607422,195.911376953125,127.61936950683594,175.57119750976562,126.91088104248048,195.33181762695312,168.9153594970703,176.63600158691406,166.9355926513672,192.80300903320312,207.5365295410156,180.39535522460935,204.44625854492188
627,181.61204528808597,46.29893493652344,184.85598754882807,42.47109222412109,177.46441650390625,43.61460876464844,191.3965301513672,45.497703552246094,0.0,0.0,202.45909118652344,70.37353515625,171.48934936523438,71.31312561035156,207.96185302734372,96.7095184326172,168.54171752929688,95.704345703125,182.4694366455078,102.26286315917967,165.0020294189453,104.03622436523438,195.42361450195312,127.46419525146484,175.07504272460938,126.70550537109376,195.1256561279297,168.63711547851562,176.07818603515625,166.63845825195312,192.95997619628903,207.3557281494141,179.59185791015625,204.36155700683597
628,181.77589416503903,46.41613006591797,185.0463409423828,42.57746124267578,177.6121368408203,43.744964599609375,191.6634521484375,45.52146911621094,0.0,0.0,202.48995971679688,70.31241607666016,171.89527893066406,71.29403686523438,207.32928466796875,96.5406494140625,168.8866424560547,95.71685028076172,182.3438415527344,102.2323760986328,165.36700439453125,104.1013412475586,195.39382934570312,127.49128723144533,175.27919006347656,126.74073028564452,195.0233917236328,168.65768432617188,176.41348266601562,166.5653839111328,192.9290771484375,207.54486083984372,179.9872283935547,204.2183837890625
629,181.74549865722656,46.447357177734375,185.02719116210935,42.60693359375,177.61524963378906,43.79560852050781,191.70726013183597,45.54541778564453,0.0,0.0,202.60531616210935,70.30288696289062,171.98800659179688,71.3672103881836,207.33303833007807,96.4125518798828,168.79624938964844,95.6685028076172,182.12681579589844,102.23863220214844,165.22842407226562,103.8900146484375,195.3715057373047,127.53669738769533,175.20249938964844,126.7858428955078,195.04722595214844,168.67135620117188,176.15455627441406,166.5528564453125,192.99005126953125,207.55218505859372,179.61512756347656,204.11151123046875
630,181.7026824951172,46.43283081054688,185.0496368408203,42.62378692626953,177.6073455810547,43.79817199707031,191.8561553955078,45.62353515625,0.0,0.0,202.70785522460935,70.30038452148438,171.97215270996094,71.38898468017578,207.583984375,96.22022247314452,168.70684814453125,95.42677307128906,182.2671356201172,102.45045471191406,165.21127319335938,103.5595245361328,195.37646484375,127.5336456298828,175.1232452392578,126.79791259765624,195.05126953125,168.5866241455078,176.0054168701172,166.5709228515625,192.93972778320312,207.40155029296875,179.23583984375,204.0733642578125
631,181.1722717285156,46.231292724609375,184.57113647460935,42.48027038574219,177.21115112304688,43.774452209472656,191.7821044921875,45.57258605957031,173.31565856933594,48.38868713378906,202.60919189453125,69.5623779296875,172.77774047851562,71.56024169921875,207.9796600341797,95.2056884765625,168.75872802734375,96.5160675048828,183.24798583984372,102.3737564086914,164.8623046875,103.62063598632812,194.5675506591797,127.90541076660156,174.75244140625,127.48892211914062,194.30520629882807,169.93116760253906,176.72952270507812,168.22872924804688,194.2419586181641,209.60366821289065,179.24270629882812,205.60824584960935
632,181.10240173339844,46.23157501220703,184.5297088623047,42.48265838623047,177.17465209960938,43.76432800292969,191.79298400878903,45.58641052246094,173.33888244628906,48.35301971435547,202.5855712890625,69.6007308959961,172.7938232421875,71.51939392089844,207.8918609619141,95.3061752319336,168.85377502441406,96.36895751953124,183.31675720214844,102.38023376464844,164.89605712890625,103.17904663085938,194.47845458984372,127.74015045166016,174.67222595214844,127.2874984741211,194.1687164306641,169.58714294433594,176.428466796875,167.87704467773438,194.0308532714844,209.36062622070312,178.9088134765625,205.383056640625
633,180.59942626953125,46.27656555175781,184.26531982421875,42.57991790771485,176.94813537597656,43.62513732910156,191.8199920654297,45.73859405517578,0.0,0.0,202.67291259765625,70.0546875,172.22927856445312,71.428955078125,208.35568237304688,94.97911071777344,168.95220947265625,95.74737548828124,182.69046020507807,102.58869934082033,165.3826904296875,105.42527770996094,195.1702117919922,127.32953643798828,175.19833374023438,126.6030502319336,194.70950317382807,168.32861328125,176.3530731201172,166.28851318359375,193.15235900878903,207.23585510253903,179.75025939941406,203.99801635742188
634,179.52969360351562,46.15744018554688,183.40744018554688,42.54639434814453,176.36093139648438,43.52513122558594,191.6416931152344,45.84039306640625,0.0,0.0,202.7632598876953,70.1584243774414,172.4967041015625,71.34730529785156,208.39926147460935,95.06678771972656,168.83419799804688,95.61672973632812,182.1485748291016,102.96965026855467,165.25375366210938,105.9252471923828,195.2007598876953,127.26731872558594,175.35935974121094,126.39752197265624,194.55587768554688,168.12313842773438,176.19369506835938,165.95115661621094,192.8535919189453,206.89874267578125,179.48011779785156,203.88584899902344
635,179.2704620361328,46.260032653808594,183.1620635986328,42.633522033691406,176.1844024658203,43.62487030029297,191.54376220703125,45.82243347167969,0.0,0.0,202.80349731445312,70.09194946289062,172.58450317382812,71.30825805664062,208.475830078125,95.06459045410156,168.80239868164062,95.64993286132812,182.15667724609372,102.9552230834961,165.1865234375,105.96776580810548,195.17904663085935,127.25552368164062,175.38076782226562,126.37576293945312,194.54025268554688,168.14492797851562,176.16647338867188,165.95986938476562,192.79405212402344,206.9146728515625,179.45655822753906,203.91354370117188
636,178.89697265625,46.30963134765625,182.85491943359372,42.651893615722656,175.96949768066406,43.65706634521485,191.6035003662109,45.76692962646485,0.0,0.0,203.04054260253903,70.31024932861328,172.76499938964844,71.27838134765625,208.3366851806641,96.11215209960938,168.744384765625,95.79571533203124,181.52891540527344,103.7235870361328,165.41358947753906,105.69750213623048,195.10215759277344,127.84757995605467,175.21353149414062,126.85431671142578,194.5923309326172,168.62966918945312,175.69094848632812,166.35784912109375,192.86216735839844,207.14930725097656,178.96487426757812,204.17730712890625
637,178.66946411132812,46.24775695800781,182.70623779296875,42.65362548828125,175.88038635253906,43.53767395019531,191.53219604492188,45.78603363037109,0.0,0.0,202.77682495117188,70.05819702148438,172.7238311767578,71.15328979492188,208.6783142089844,95.3665771484375,168.91107177734375,95.2920150756836,181.2908935546875,104.04611206054688,165.47372436523438,104.64053344726562,194.9124298095703,128.00689697265625,175.20809936523438,127.0808563232422,194.43899536132807,168.97030639648438,176.05799865722656,166.9093475341797,192.94973754882807,207.45977783203125,179.3080291748047,204.62989807128903
638,178.62535095214844,46.11956024169922,182.54345703125,42.55535888671875,175.7324981689453,43.680442810058594,191.4119415283203,45.67662048339844,0.0,0.0,202.7313690185547,69.33169555664062,172.93736267089844,71.31980895996094,208.29425048828125,95.17662811279295,167.83358764648438,97.07400512695312,182.796142578125,103.99400329589844,164.5650634765625,106.21856689453124,194.26780700683597,128.6509552001953,174.4156036376953,128.16580200195312,193.9768218994141,170.52658081054688,175.6497344970703,169.06346130371094,194.21990966796875,209.65231323242188,178.1127471923828,206.68963623046875
639,178.30673217773438,46.158477783203125,182.44869995117188,42.599517822265625,175.70057678222656,43.41511535644531,191.56448364257807,45.803443908691406,0.0,0.0,202.6805419921875,70.17351531982422,172.77354431152344,71.0621109008789,208.22439575195312,96.0497589111328,169.06442260742188,96.0915069580078,181.33523559570312,104.8949966430664,165.56954956054688,106.80814361572266,194.85975646972656,128.2808380126953,175.19442749023438,127.2858428955078,194.4093475341797,169.3950958251953,175.80406188964844,167.31112670898438,192.85153198242188,207.58241271972656,178.82810974121094,205.0717315673828
640,178.3212890625,46.12587738037109,182.4573974609375,42.537742614746094,175.62818908691406,43.443359375,191.53558349609372,45.83543395996094,0.0,0.0,202.5380401611328,70.13914489746094,172.69412231445312,71.2969970703125,207.9659576416016,95.66861724853516,169.18475341796875,95.8569793701172,181.53225708007807,105.29938507080078,165.73731994628906,106.42035675048828,194.7807464599609,127.90444946289062,175.13768005371094,127.06982421875,194.38375854492188,169.063232421875,175.81642150878906,167.279296875,192.89532470703125,207.5561370849609,178.86085510253906,205.1182403564453
641,178.2838592529297,45.97734069824219,182.2708740234375,42.45100402832031,175.5079803466797,43.52474212646485,191.42578125,45.69306945800781,0.0,0.0,202.633056640625,69.59683227539062,172.9725341796875,71.34024810791016,207.94813537597656,96.20320129394533,168.8647003173828,97.27603149414062,182.4942626953125,104.90704345703124,166.76312255859375,104.6368179321289,194.0165252685547,128.6559600830078,174.19383239746094,128.1322784423828,193.9793243408203,170.62838745117188,175.4511260986328,169.25704956054688,194.2438201904297,209.76055908203125,178.2338409423828,206.70233154296875
642,178.260009765625,45.97451019287109,182.271728515625,42.426788330078125,175.46237182617188,43.49629974365234,191.4548492431641,45.67039489746094,0.0,0.0,202.60629272460935,69.72486877441406,173.05203247070312,71.32144165039062,208.03501892089844,96.53629302978516,169.37657165527344,97.30598449707033,183.6097412109375,105.72737884521484,167.10903930664062,105.29151153564452,193.93499755859372,128.8693084716797,174.12820434570312,128.27894592285156,194.0452423095703,170.90982055664062,175.10008239746094,169.40164184570312,194.38992309570312,209.86741638183597,177.88619995117188,206.62185668945312
643,178.60226440429688,46.19866943359375,182.36349487304688,42.62769317626953,175.5631103515625,43.872108459472656,191.28033447265625,45.62055969238281,0.0,0.0,203.0189514160156,69.28843688964844,172.61631774902344,71.64335632324219,209.62098693847656,95.43424987792967,168.8917694091797,97.70999145507812,185.42315673828125,106.36076354980467,169.8632354736328,106.97427368164062,194.15670776367188,128.6372528076172,173.98480224609375,128.4079132080078,194.3077545166016,170.35562133789062,175.5076141357422,169.19961547851562,193.93418884277344,209.45751953125,178.35345458984375,206.03958129882807
644,178.72564697265625,46.352783203125,182.35943603515625,42.76936340332031,175.67884826660156,44.0675048828125,191.1014862060547,45.562591552734375,0.0,0.0,203.0920867919922,69.06925964355469,172.79263305664062,71.48695373535156,210.60757446289065,94.38326263427734,168.99380493164062,97.10499572753906,188.27806091308597,108.19725799560548,171.2779541015625,110.61016845703124,194.30471801757807,128.50360107421875,174.37432861328125,128.3118896484375,194.41998291015625,170.47802734375,176.32557678222656,169.15731811523438,193.63235473632807,209.532958984375,179.25746154785156,205.947021484375
645,178.74232482910156,46.34683990478516,182.3665008544922,42.781959533691406,175.6975860595703,44.06119537353516,191.06591796875,45.550270080566406,0.0,0.0,202.9820556640625,68.90367126464844,172.7961883544922,71.4369125366211,210.72634887695312,94.0126495361328,169.0457305908203,97.03929138183594,188.3950042724609,108.1401824951172,171.30197143554688,110.58817291259766,194.2802276611328,128.3457489013672,174.44703674316406,128.2110595703125,194.3660888671875,170.26556396484375,176.47679138183594,169.0428924560547,193.68820190429688,209.40716552734372,179.35968017578125,205.8731689453125
646,178.8196258544922,46.49642181396485,182.3517608642578,42.80494689941406,175.78857421875,44.22991943359375,191.0015563964844,45.48774719238281,0.0,0.0,203.2272186279297,69.88980865478516,173.02798461914062,71.86031341552734,209.7582855224609,97.75914001464844,168.9548797607422,99.88384246826172,192.15231323242188,113.20443725585938,170.69334411621094,119.61302185058594,194.92657470703125,128.4310760498047,175.17657470703125,128.16839599609375,194.99664306640625,170.2412567138672,176.72044372558594,168.60482788085938,192.9637908935547,208.78414916992188,180.06300354003906,205.414794921875
647,179.68829345703125,46.58978271484375,183.11680603027344,42.83242034912109,176.18853759765625,44.36305236816406,191.15237426757807,45.45281982421875,0.0,0.0,202.71759033203125,69.19462585449219,172.26858520507812,72.2840805053711,211.59034729003903,96.3368682861328,168.208984375,100.17361450195312,202.72080993652344,118.53063201904295,170.15016174316406,122.28375244140624,195.2631072998047,126.40945434570312,175.80227661132812,126.98080444335938,195.22915649414065,168.60850524902344,177.93157958984375,168.33773803710938,192.70217895507807,208.94879150390625,181.37158203125,205.70068359375
648,180.18426513671875,46.49671936035156,183.48660278320312,42.68312072753906,176.4292449951172,44.160865783691406,191.3083038330078,45.08135223388672,173.42324829101562,48.135650634765625,202.9429168701172,69.42768859863281,171.68853759765625,72.08154296875,211.51675415039065,97.73955535888672,167.81985473632812,100.28707885742188,207.0769500732422,124.66375732421876,171.2316436767578,124.54546356201172,197.0851287841797,126.0770263671875,177.47474670410156,126.76432037353516,196.12750244140625,167.4662322998047,179.8218994140625,167.55819702148438,190.98806762695312,207.36021423339844,183.8675994873047,204.2442321777344
649,180.169677734375,46.51367950439453,183.50054931640625,42.70636749267578,176.44302368164062,44.14201354980469,191.2981719970703,45.11016082763672,173.4040985107422,48.06560516357422,202.9188995361328,69.5198974609375,171.6445770263672,72.18141174316406,211.6796417236328,97.67987060546876,167.82681274414062,100.4198989868164,207.19937133789065,124.61795043945312,170.9514923095703,124.4112777709961,196.8553466796875,126.59490966796876,177.17861938476562,127.22279357910156,195.96939086914065,168.18887329101562,179.26487731933594,168.12371826171875,190.9531707763672,208.051025390625,183.2022705078125,204.6873779296875
650,180.61680603027344,46.644676208496094,183.9291534423828,42.80760192871094,176.63697814941406,44.43571472167969,191.4390869140625,45.12861633300781,173.1490936279297,48.601104736328125,202.38522338867188,68.77088928222656,172.0015411376953,72.74319458007812,212.7600860595703,95.72679901123048,168.4640655517578,101.51405334472656,212.26687622070312,122.65624237060548,171.63470458984375,125.18611907958984,196.41229248046875,127.12995910644533,177.68594360351562,128.49371337890625,195.59280395507807,170.15628051757812,182.7437438964844,171.07861328125,190.9955596923828,211.0894470214844,187.0253143310547,208.07418823242188
651,180.88394165039065,46.68565368652344,184.1319580078125,42.819580078125,176.762939453125,44.45686340332031,191.40040588378903,45.0225830078125,172.9500274658203,48.56243896484375,202.45980834960935,68.53846740722656,171.64385986328125,72.58287811279297,213.450439453125,94.591064453125,168.4454345703125,100.69031524658205,213.7126617431641,121.13235473632812,171.49560546875,123.92781066894533,196.2017364501953,126.84127044677734,177.34201049804688,128.23562622070312,195.3417816162109,169.5975341796875,182.93783569335935,170.56686401367188,189.9690093994141,210.82701110839844,187.7333831787109,207.86126708984372
652,181.1576995849609,46.64002990722656,184.27584838867188,42.81199645996094,176.94613647460938,44.43955993652344,191.2389068603516,45.03893280029297,172.87393188476562,48.65806579589844,202.5560607910156,68.34408569335938,171.4431915283203,72.76911926269531,213.94679260253903,94.08840942382812,168.22219848632812,100.9876708984375,213.73220825195312,120.56234741210938,170.1964874267578,123.21485900878906,196.40911865234372,126.7559051513672,177.36050415039062,128.25489807128906,195.45913696289065,169.33753967285156,182.6351623535156,170.39096069335938,189.54005432128903,210.93963623046875,187.0810546875,207.72787475585935
653,181.2730865478516,46.672325134277344,184.4063262939453,42.82990264892578,177.02418518066406,44.42352294921875,191.31085205078125,45.12609100341797,172.7865753173828,48.670223236083984,202.60726928710935,68.5171890258789,171.20074462890625,72.92420959472656,214.09225463867188,94.03016662597656,168.1047821044922,101.1150131225586,214.0652313232422,120.13859558105467,170.327392578125,123.47859954833984,196.79852294921875,126.8032455444336,177.4409942626953,128.31185913085938,195.7871551513672,169.60830688476562,181.7743225097656,170.72039794921875,190.12472534179688,211.3521423339844,186.02005004882807,208.34022521972656
654,181.54049682617188,46.61915588378906,184.6056671142578,42.79417419433594,177.24703979492188,44.448333740234375,191.46511840820312,45.17440032958984,172.99102783203125,48.86630630493164,202.72889709472656,68.59209442138672,171.3391571044922,72.92359161376953,213.9223480224609,94.25799560546876,168.23397827148438,101.00738525390624,213.6296844482422,120.03157043457033,170.63470458984375,123.6849594116211,196.65792846679688,126.84723663330078,177.31423950195312,128.37738037109375,195.7894744873047,169.5489044189453,182.04806518554688,170.79827880859375,189.76898193359372,211.09580993652344,186.0995635986328,208.3851776123047
655,181.6273956298828,46.46220397949219,184.72991943359372,42.67301940917969,177.34327697753906,44.259033203125,191.4788055419922,45.28587341308594,173.0108642578125,48.821903228759766,202.90614318847656,68.87126922607422,171.04664611816406,72.99261474609375,213.7875061035156,94.84203338623048,168.10536193847656,101.00364685058594,212.09942626953125,120.94075012207033,170.5221405029297,123.39303588867188,196.3409423828125,126.55924224853516,176.73165893554688,127.90401458740234,194.72792053222656,168.09405517578125,181.0150451660156,169.13583374023438,187.427978515625,210.235107421875,185.0264587402344,207.38186645507807
656,181.62738037109372,46.459869384765625,184.7316436767578,42.66612243652344,177.34266662597656,44.25167846679688,191.4773101806641,45.28851318359375,173.00531005859375,48.82441329956055,202.9371337890625,68.89109802246094,171.0329132080078,73.01228332519531,213.79635620117188,94.86085510253906,168.08229064941406,101.0208740234375,212.08285522460935,120.95291137695312,170.45782470703125,123.36621856689452,196.3658599853516,126.61176300048828,176.69931030273438,127.94427490234376,194.7662811279297,168.06744384765625,180.81561279296875,169.07931518554688,187.45535278320312,210.2760009765625,184.7645568847656,207.37164306640625
657,181.83724975585935,46.30424499511719,184.9041290283203,42.56104278564453,177.52694702148438,44.10857391357422,191.55860900878903,45.26844787597656,173.09642028808594,48.74748229980469,202.85003662109372,68.69499206542969,171.0931854248047,72.79374694824219,213.64080810546875,94.33898162841795,168.1168975830078,100.71572875976562,212.08956909179688,120.46414184570312,170.58033752441406,123.44366455078124,196.43634033203125,126.36219024658205,176.79579162597656,127.71409606933594,195.16665649414065,168.619873046875,181.0778961181641,169.58380126953125,188.26901245117188,210.3808135986328,184.7424774169922,207.37173461914065
