frame,joint1_x,joint1_y,joint2_x,joint2_y,joint3_x,joint3_y,joint4_x,joint4_y,joint5_x,joint5_y,joint6_x,joint6_y,joint7_x,joint7_y,joint8_x,joint8_y,joint9_x,joint9_y,joint10_x,joint10_y,joint11_x,joint11_y,joint12_x,joint12_y,joint13_x,joint13_y,joint14_x,joint14_y,joint15_x,joint15_y,joint16_x,joint16_y,joint17_x,joint17_y
0,0.0,0.0,0.0,0.0,0.0,0.0,0.0,0.0,0.0,0.0,0.0,0.0,0.0,0.0,0.0,0.0,0.0,0.0,0.0,0.0,0.0,0.0,0.0,0.0,0.0,0.0,0.0,0.0,0.0,0.0,0.0,0.0,0.0,0.0
1,0.0,0.0,0.0,0.0,0.0,0.0,0.0,0.0,0.0,0.0,0.0,0.0,0.0,0.0,0.0,0.0,0.0,0.0,0.0,0.0,0.0,0.0,0.0,0.0,0.0,0.0,0.0,0.0,0.0,0.0,0.0,0.0,0.0,0.0
2,0.0,0.0,0.0,0.0,0.0,0.0,0.0,0.0,0.0,0.0,0.0,0.0,0.0,0.0,0.0,0.0,0.0,0.0,0.0,0.0,0.0,0.0,0.0,0.0,0.0,0.0,0.0,0.0,0.0,0.0,0.0,0.0,0.0,0.0
3,0.0,0.0,0.0,0.0,0.0,0.0,0.0,0.0,0.0,0.0,0.0,0.0,0.0,0.0,0.0,0.0,0.0,0.0,0.0,0.0,0.0,0.0,0.0,0.0,0.0,0.0,0.0,0.0,0.0,0.0,0.0,0.0,0.0,0.0
4,0.0,0.0,0.0,0.0,0.0,0.0,0.0,0.0,0.0,0.0,0.0,0.0,0.0,0.0,0.0,0.0,0.0,0.0,0.0,0.0,0.0,0.0,0.0,0.0,0.0,0.0,0.0,0.0,0.0,0.0,0.0,0.0,0.0,0.0
5,0.0,0.0,0.0,0.0,0.0,0.0,0.0,0.0,0.0,0.0,0.0,0.0,0.0,0.0,0.0,0.0,0.0,0.0,0.0,0.0,0.0,0.0,0.0,0.0,0.0,0.0,0.0,0.0,0.0,0.0,0.0,0.0,0.0,0.0
6,0.0,0.0,0.0,0.0,0.0,0.0,0.0,0.0,0.0,0.0,0.0,0.0,0.0,0.0,0.0,0.0,0.0,0.0,0.0,0.0,0.0,0.0,0.0,0.0,0.0,0.0,0.0,0.0,0.0,0.0,0.0,0.0,0.0,0.0
7,0.0,0.0,0.0,0.0,0.0,0.0,0.0,0.0,0.0,0.0,0.0,0.0,0.0,0.0,0.0,0.0,0.0,0.0,0.0,0.0,0.0,0.0,0.0,0.0,0.0,0.0,0.0,0.0,0.0,0.0,0.0,0.0,0.0,0.0
8,0.0,0.0,0.0,0.0,0.0,0.0,0.0,0.0,0.0,0.0,0.0,0.0,0.0,0.0,0.0,0.0,0.0,0.0,0.0,0.0,0.0,0.0,0.0,0.0,0.0,0.0,0.0,0.0,0.0,0.0,0.0,0.0,0.0,0.0
9,0.0,0.0,0.0,0.0,0.0,0.0,0.0,0.0,0.0,0.0,0.0,0.0,0.0,0.0,0.0,0.0,0.0,0.0,0.0,0.0,0.0,0.0,0.0,0.0,0.0,0.0,0.0,0.0,0.0,0.0,0.0,0.0,0.0,0.0
10,0.0,0.0,0.0,0.0,0.0,0.0,0.0,0.0,0.0,0.0,0.0,0.0,0.0,0.0,0.0,0.0,0.0,0.0,0.0,0.0,0.0,0.0,0.0,0.0,0.0,0.0,0.0,0.0,0.0,0.0,0.0,0.0,0.0,0.0
11,0.0,0.0,0.0,0.0,0.0,0.0,0.0,0.0,0.0,0.0,0.0,0.0,0.0,0.0,0.0,0.0,0.0,0.0,0.0,0.0,0.0,0.0,0.0,0.0,0.0,0.0,0.0,0.0,0.0,0.0,0.0,0.0,0.0,0.0
12,0.0,0.0,0.0,0.0,0.0,0.0,0.0,0.0,0.0,0.0,0.0,0.0,0.0,0.0,0.0,0.0,0.0,0.0,0.0,0.0,0.0,0.0,0.0,0.0,0.0,0.0,0.0,0.0,0.0,0.0,0.0,0.0,0.0,0.0
13,0.0,0.0,0.0,0.0,0.0,0.0,0.0,0.0,0.0,0.0,0.0,0.0,0.0,0.0,0.0,0.0,0.0,0.0,0.0,0.0,0.0,0.0,0.0,0.0,0.0,0.0,0.0,0.0,0.0,0.0,0.0,0.0,0.0,0.0
14,0.0,0.0,0.0,0.0,0.0,0.0,0.0,0.0,0.0,0.0,0.0,0.0,0.0,0.0,0.0,0.0,0.0,0.0,0.0,0.0,0.0,0.0,0.0,0.0,0.0,0.0,0.0,0.0,0.0,0.0,0.0,0.0,0.0,0.0
15,0.0,0.0,0.0,0.0,0.0,0.0,0.0,0.0,0.0,0.0,0.0,0.0,0.0,0.0,0.0,0.0,0.0,0.0,0.0,0.0,0.0,0.0,0.0,0.0,0.0,0.0,0.0,0.0,0.0,0.0,0.0,0.0,0.0,0.0
16,0.0,0.0,0.0,0.0,0.0,0.0,0.0,0.0,0.0,0.0,0.0,0.0,0.0,0.0,0.0,0.0,0.0,0.0,0.0,0.0,0.0,0.0,0.0,0.0,0.0,0.0,0.0,0.0,0.0,0.0,0.0,0.0,0.0,0.0
17,0.0,0.0,0.0,0.0,0.0,0.0,0.0,0.0,0.0,0.0,0.0,0.0,0.0,0.0,0.0,0.0,0.0,0.0,0.0,0.0,0.0,0.0,0.0,0.0,0.0,0.0,0.0,0.0,0.0,0.0,0.0,0.0,0.0,0.0
18,0.0,0.0,0.0,0.0,0.0,0.0,0.0,0.0,0.0,0.0,0.0,0.0,0.0,0.0,0.0,0.0,0.0,0.0,0.0,0.0,0.0,0.0,0.0,0.0,0.0,0.0,0.0,0.0,0.0,0.0,0.0,0.0,0.0,0.0
19,0.0,0.0,0.0,0.0,0.0,0.0,0.0,0.0,0.0,0.0,0.0,0.0,0.0,0.0,0.0,0.0,0.0,0.0,0.0,0.0,0.0,0.0,0.0,0.0,0.0,0.0,0.0,0.0,0.0,0.0,0.0,0.0,0.0,0.0
20,0.0,0.0,0.0,0.0,0.0,0.0,0.0,0.0,0.0,0.0,0.0,0.0,0.0,0.0,0.0,0.0,0.0,0.0,0.0,0.0,0.0,0.0,0.0,0.0,0.0,0.0,0.0,0.0,0.0,0.0,0.0,0.0,0.0,0.0
21,0.0,0.0,0.0,0.0,0.0,0.0,0.0,0.0,0.0,0.0,0.0,0.0,0.0,0.0,0.0,0.0,0.0,0.0,0.0,0.0,0.0,0.0,0.0,0.0,0.0,0.0,0.0,0.0,0.0,0.0,0.0,0.0,0.0,0.0
22,0.0,0.0,0.0,0.0,0.0,0.0,0.0,0.0,0.0,0.0,0.0,0.0,0.0,0.0,0.0,0.0,0.0,0.0,0.0,0.0,0.0,0.0,0.0,0.0,0.0,0.0,0.0,0.0,0.0,0.0,0.0,0.0,0.0,0.0
23,0.0,0.0,0.0,0.0,0.0,0.0,0.0,0.0,0.0,0.0,0.0,0.0,0.0,0.0,0.0,0.0,0.0,0.0,0.0,0.0,0.0,0.0,0.0,0.0,0.0,0.0,0.0,0.0,0.0,0.0,0.0,0.0,0.0,0.0
24,0.0,0.0,0.0,0.0,0.0,0.0,0.0,0.0,0.0,0.0,0.0,0.0,0.0,0.0,0.0,0.0,0.0,0.0,0.0,0.0,0.0,0.0,0.0,0.0,0.0,0.0,0.0,0.0,0.0,0.0,0.0,0.0,0.0,0.0
25,0.0,0.0,0.0,0.0,0.0,0.0,0.0,0.0,0.0,0.0,0.0,0.0,0.0,0.0,0.0,0.0,0.0,0.0,0.0,0.0,0.0,0.0,0.0,0.0,0.0,0.0,0.0,0.0,0.0,0.0,0.0,0.0,0.0,0.0
26,0.0,0.0,0.0,0.0,0.0,0.0,0.0,0.0,0.0,0.0,0.0,0.0,0.0,0.0,0.0,0.0,0.0,0.0,0.0,0.0,0.0,0.0,0.0,0.0,0.0,0.0,0.0,0.0,0.0,0.0,0.0,0.0,0.0,0.0
27,0.0,0.0,0.0,0.0,0.0,0.0,0.0,0.0,0.0,0.0,0.0,0.0,0.0,0.0,0.0,0.0,0.0,0.0,0.0,0.0,0.0,0.0,0.0,0.0,0.0,0.0,0.0,0.0,0.0,0.0,0.0,0.0,0.0,0.0
28,0.0,0.0,0.0,0.0,0.0,0.0,0.0,0.0,0.0,0.0,0.0,0.0,0.0,0.0,0.0,0.0,0.0,0.0,0.0,0.0,0.0,0.0,0.0,0.0,0.0,0.0,0.0,0.0,0.0,0.0,0.0,0.0,0.0,0.0
29,0.0,0.0,0.0,0.0,0.0,0.0,0.0,0.0,0.0,0.0,0.0,0.0,0.0,0.0,0.0,0.0,0.0,0.0,0.0,0.0,0.0,0.0,0.0,0.0,0.0,0.0,0.0,0.0,0.0,0.0,0.0,0.0,0.0,0.0
30,0.0,0.0,0.0,0.0,0.0,0.0,0.0,0.0,0.0,0.0,0.0,0.0,0.0,0.0,0.0,0.0,0.0,0.0,0.0,0.0,0.0,0.0,0.0,0.0,0.0,0.0,0.0,0.0,0.0,0.0,0.0,0.0,0.0,0.0
31,0.0,0.0,0.0,0.0,0.0,0.0,0.0,0.0,0.0,0.0,0.0,0.0,0.0,0.0,0.0,0.0,0.0,0.0,0.0,0.0,0.0,0.0,0.0,0.0,0.0,0.0,0.0,0.0,0.0,0.0,0.0,0.0,0.0,0.0
32,0.0,0.0,0.0,0.0,0.0,0.0,0.0,0.0,0.0,0.0,0.0,0.0,0.0,0.0,0.0,0.0,0.0,0.0,0.0,0.0,0.0,0.0,0.0,0.0,0.0,0.0,0.0,0.0,0.0,0.0,0.0,0.0,0.0,0.0
33,0.0,0.0,0.0,0.0,0.0,0.0,0.0,0.0,0.0,0.0,0.0,0.0,0.0,0.0,0.0,0.0,0.0,0.0,0.0,0.0,0.0,0.0,0.0,0.0,0.0,0.0,0.0,0.0,0.0,0.0,0.0,0.0,0.0,0.0
34,0.0,0.0,0.0,0.0,0.0,0.0,0.0,0.0,0.0,0.0,0.0,0.0,0.0,0.0,0.0,0.0,0.0,0.0,0.0,0.0,0.0,0.0,0.0,0.0,0.0,0.0,0.0,0.0,0.0,0.0,0.0,0.0,0.0,0.0
35,0.0,0.0,0.0,0.0,0.0,0.0,0.0,0.0,0.0,0.0,0.0,0.0,0.0,0.0,0.0,0.0,0.0,0.0,0.0,0.0,0.0,0.0,0.0,0.0,0.0,0.0,0.0,0.0,0.0,0.0,0.0,0.0,0.0,0.0
36,0.0,0.0,0.0,0.0,0.0,0.0,0.0,0.0,0.0,0.0,0.0,0.0,0.0,0.0,0.0,0.0,0.0,0.0,0.0,0.0,0.0,0.0,0.0,0.0,0.0,0.0,0.0,0.0,0.0,0.0,0.0,0.0,0.0,0.0
37,0.0,0.0,0.0,0.0,0.0,0.0,0.0,0.0,0.0,0.0,0.0,0.0,0.0,0.0,0.0,0.0,0.0,0.0,0.0,0.0,0.0,0.0,0.0,0.0,0.0,0.0,0.0,0.0,0.0,0.0,0.0,0.0,0.0,0.0
38,0.0,0.0,0.0,0.0,0.0,0.0,0.0,0.0,0.0,0.0,0.0,0.0,0.0,0.0,0.0,0.0,0.0,0.0,0.0,0.0,0.0,0.0,0.0,0.0,0.0,0.0,0.0,0.0,0.0,0.0,0.0,0.0,0.0,0.0
39,0.0,0.0,0.0,0.0,0.0,0.0,0.0,0.0,0.0,0.0,0.0,0.0,0.0,0.0,0.0,0.0,0.0,0.0,0.0,0.0,0.0,0.0,0.0,0.0,0.0,0.0,0.0,0.0,0.0,0.0,0.0,0.0,0.0,0.0
40,0.0,0.0,0.0,0.0,0.0,0.0,0.0,0.0,0.0,0.0,0.0,0.0,0.0,0.0,0.0,0.0,0.0,0.0,0.0,0.0,0.0,0.0,0.0,0.0,0.0,0.0,0.0,0.0,0.0,0.0,0.0,0.0,0.0,0.0
41,0.0,0.0,0.0,0.0,0.0,0.0,0.0,0.0,0.0,0.0,0.0,0.0,0.0,0.0,0.0,0.0,0.0,0.0,0.0,0.0,0.0,0.0,0.0,0.0,0.0,0.0,0.0,0.0,0.0,0.0,0.0,0.0,0.0,0.0
42,0.0,0.0,0.0,0.0,0.0,0.0,0.0,0.0,0.0,0.0,0.0,0.0,0.0,0.0,0.0,0.0,0.0,0.0,0.0,0.0,0.0,0.0,0.0,0.0,0.0,0.0,0.0,0.0,0.0,0.0,0.0,0.0,0.0,0.0
43,0.0,0.0,0.0,0.0,0.0,0.0,0.0,0.0,0.0,0.0,0.0,0.0,0.0,0.0,0.0,0.0,0.0,0.0,0.0,0.0,0.0,0.0,0.0,0.0,0.0,0.0,0.0,0.0,0.0,0.0,0.0,0.0,0.0,0.0
44,0.0,0.0,0.0,0.0,0.0,0.0,0.0,0.0,0.0,0.0,0.0,0.0,0.0,0.0,0.0,0.0,0.0,0.0,0.0,0.0,0.0,0.0,0.0,0.0,0.0,0.0,0.0,0.0,0.0,0.0,0.0,0.0,0.0,0.0
45,0.0,0.0,0.0,0.0,0.0,0.0,0.0,0.0,0.0,0.0,0.0,0.0,0.0,0.0,0.0,0.0,0.0,0.0,0.0,0.0,0.0,0.0,0.0,0.0,0.0,0.0,0.0,0.0,0.0,0.0,0.0,0.0,0.0,0.0
46,0.0,0.0,0.0,0.0,0.0,0.0,0.0,0.0,0.0,0.0,0.0,0.0,0.0,0.0,0.0,0.0,0.0,0.0,0.0,0.0,0.0,0.0,0.0,0.0,0.0,0.0,0.0,0.0,0.0,0.0,0.0,0.0,0.0,0.0
47,0.0,0.0,0.0,0.0,0.0,0.0,0.0,0.0,0.0,0.0,0.0,0.0,0.0,0.0,81.66896057128906,95.28553771972656,0.0,0.0,144.29103088378906,94.47081756591795,150.45864868164062,95.10828399658205,43.5863037109375,189.62722778320312,0.0,0.0,0.0,0.0,0.0,0.0,0.0,0.0,0.0,0.0
48,0.0,0.0,0.0,0.0,0.0,0.0,0.0,0.0,0.0,0.0,0.0,0.0,48.670318603515625,31.27667999267578,108.35907745361328,95.97997283935548,99.62310791015624,93.98898315429688,177.37945556640625,98.41392517089844,181.9632568359375,99.38034057617188,59.389556884765625,178.38186645507812,45.49250793457031,182.62396240234372,0.0,0.0,0.0,0.0,0.0,0.0,0.0,0.0
49,0.0,0.0,0.0,0.0,0.0,0.0,0.0,0.0,79.05970764160156,0.0,57.314231872558594,39.52227783203125,63.28951644897461,38.93568420410156,106.10604858398438,85.3035659790039,108.48873901367188,92.56449127197266,183.42974853515625,101.69300842285156,185.47702026367188,104.57920837402344,48.39567565917969,177.46554565429688,49.85914611816406,183.4159240722656,0.0,0.0,0.0,0.0,0.0,0.0,0.0,0.0
50,0.0,0.0,0.0,0.0,0.0,0.0,0.0,0.0,83.17547607421875,0.0,67.09406280517578,38.09920883178711,67.8287353515625,37.731201171875,0.0,0.0,119.11572265625,102.18170166015624,191.9398193359375,102.77422332763672,196.38555908203125,107.3953857421875,67.04510498046875,169.37835693359375,65.47351837158203,176.64334106445312,0.0,0.0,0.0,0.0,0.0,0.0,0.0,0.0
51,0.0,0.0,0.0,0.0,0.0,0.0,0.0,0.0,97.02557373046876,0.0,84.5338363647461,42.08442687988281,70.6427993774414,38.55156707763672,118.65716552734376,90.49333953857422,106.92837524414062,95.91627502441406,185.12179565429688,103.3214111328125,189.56044006347656,104.54424285888672,83.016845703125,182.0967712402344,69.69424438476562,188.03684997558597,0.0,0.0,0.0,0.0,0.0,0.0,0.0,0.0
52,0.0,0.0,0.0,0.0,0.0,0.0,0.0,0.0,93.15641784667967,51.91529846191406,77.97879028320312,78.6153335571289,94.10369873046876,81.1170425415039,0.0,0.0,143.15440368652344,104.9484405517578,0.0,0.0,185.32554626464844,99.2162628173828,77.12642669677734,177.04830932617188,87.6320571899414,180.65505981445312,0.0,0.0,0.0,0.0,0.0,0.0,0.0,0.0
53,0.0,0.0,0.0,0.0,0.0,0.0,0.0,0.0,103.86436462402344,3.924858093261719,97.577392578125,38.76387786865234,91.69091033935548,36.60567474365234,0.0,0.0,108.76602172851562,94.95277404785156,0.0,0.0,152.29794311523438,90.68548583984376,99.46942138671876,143.5623779296875,94.78800201416016,146.79747009277344,0.0,0.0,0.0,0.0,0.0,0.0,0.0,0.0
54,120.0432586669922,13.46710968017578,0.0,0.0,117.6093978881836,6.193771362304688,0.0,0.0,107.26973724365234,4.7874908447265625,110.50201416015624,44.09021759033203,88.70803833007812,38.47126770019531,0.0,0.0,101.0823211669922,86.70994567871094,0.0,0.0,155.16583251953125,90.8424835205078,110.75154113769533,138.71240234375,95.0924835205078,140.32614135742188,0.0,0.0,0.0,0.0,0.0,0.0,0.0,0.0
55,147.39056396484375,15.389373779296877,0.0,0.0,142.9559326171875,7.517013549804687,0.0,0.0,122.93675231933594,6.186004638671875,114.95671844482422,45.58602523803711,100.53297424316406,39.54296875,0.0,0.0,106.15103149414062,105.5182876586914,0.0,0.0,0.0,0.0,107.63658142089844,151.7738037109375,97.74110412597656,154.16184997558594,0.0,0.0,0.0,0.0,0.0,0.0,0.0,0.0
56,0.0,0.0,0.0,0.0,0.0,0.0,0.0,0.0,0.0,0.0,0.0,0.0,109.49799346923828,43.492149353027344,0.0,0.0,116.89248657226562,114.36013793945312,0.0,0.0,0.0,0.0,108.78856658935548,149.505859375,105.8241729736328,151.93003845214844,0.0,0.0,0.0,0.0,0.0,0.0,0.0,0.0
57,142.6058807373047,17.409034729003906,146.7032470703125,14.799209594726562,140.05043029785156,11.036903381347656,0.0,0.0,128.9939727783203,9.924201965332031,137.38995361328125,46.203216552734375,101.81995391845705,37.669708251953125,140.2886962890625,86.8333969116211,85.6834945678711,80.76586151123047,0.0,0.0,111.1339111328125,113.60260772705078,119.1246337890625,119.47406005859376,97.20632934570312,118.63380432128906,123.06861114501952,169.44967651367188,111.09715270996094,171.0152130126953,0.0,0.0,0.0,0.0
58,154.17835998535156,20.14561462402344,0.0,0.0,151.37513732910156,14.67486572265625,0.0,0.0,137.47410583496094,15.247024536132812,131.76666259765625,46.39302444458008,114.49954223632812,42.18917083740234,0.0,0.0,106.16769409179688,86.2051773071289,0.0,0.0,127.89178466796876,119.0311279296875,114.92665100097656,117.2547378540039,104.60919189453124,118.34872436523438,117.44155883789062,161.39300537109375,117.77311706542967,166.01959228515625,0.0,0.0,0.0,0.0
59,160.4174346923828,22.162090301513672,0.0,0.0,157.8950958251953,15.948665618896484,0.0,0.0,143.35687255859375,15.44585418701172,141.25526428222656,47.93373107910156,109.9028091430664,40.616119384765625,0.0,0.0,91.91763305664062,89.9991455078125,0.0,0.0,132.5689697265625,124.10436248779295,124.65772247314452,123.14755249023438,104.17503356933594,124.58805084228516,0.0,0.0,0.0,0.0,0.0,0.0,0.0,0.0
60,158.68942260742188,25.286518096923828,0.0,0.0,153.37411499023438,18.69491577148437,0.0,0.0,136.3846893310547,17.4019775390625,149.00146484375,52.53373336791992,110.92864227294922,40.82749938964844,0.0,0.0,92.31686401367188,89.56825256347656,0.0,0.0,134.34181213378906,116.31405639648438,130.20103454589844,128.60470581054688,106.63429260253906,126.78337097167967,0.0,0.0,0.0,0.0,0.0,0.0,0.0,0.0
61,158.85134887695312,23.22360610961914,0.0,0.0,153.4447021484375,16.911998748779297,0.0,0.0,137.39141845703125,16.345306396484375,149.06344604492188,50.321624755859375,113.1911163330078,40.60758209228516,151.3807373046875,103.34555053710938,106.09864807128906,93.2215576171875,0.0,0.0,149.81704711914062,117.7419891357422,127.7265853881836,128.58389282226562,105.46298217773438,127.82666778564452,0.0,0.0,0.0,0.0,0.0,0.0,0.0,0.0
62,0.0,0.0,0.0,0.0,0.0,0.0,0.0,0.0,151.5594024658203,12.021156311035156,152.9450225830078,48.595977783203125,114.40374755859376,36.98478698730469,0.0,0.0,93.3850555419922,94.27481079101562,0.0,0.0,136.01358032226562,127.0726318359375,139.7760009765625,147.88365173339844,115.42178344726562,147.3737335205078,0.0,0.0,0.0,0.0,0.0,0.0,0.0,0.0
63,164.86135864257812,24.184616088867188,0.0,0.0,164.21339416503906,16.86138153076172,0.0,0.0,151.28457641601562,11.467529296875,145.87562561035156,47.4510612487793,114.7140655517578,41.76067733764648,0.0,0.0,97.99337005615234,98.95156860351562,0.0,0.0,147.59085083007812,123.00277709960938,138.81961059570312,141.50155639648438,118.05111694335938,145.0364990234375,0.0,0.0,0.0,0.0,0.0,0.0,0.0,0.0
64,166.67660522460938,21.976341247558597,0.0,0.0,165.02792358398438,15.385887145996094,0.0,0.0,150.74488830566406,12.461410522460938,151.35101318359375,47.499061584472656,115.78450775146484,41.512298583984375,151.74942016601562,98.7289810180664,99.52379608154295,97.0868148803711,0.0,0.0,151.0353240966797,117.94198608398438,142.83050537109375,139.10781860351562,118.96060943603516,141.5335693359375,0.0,0.0,0.0,0.0,0.0,0.0,0.0,0.0
65,171.97384643554688,20.411376953125,0.0,0.0,169.6180877685547,13.207122802734377,0.0,0.0,151.6217803955078,7.594940185546875,139.45262145996094,40.697662353515625,120.28582000732422,38.93122863769531,0.0,0.0,110.05145263671876,107.9178466796875,0.0,0.0,162.35391235351562,129.5031280517578,135.96551513671875,161.61740112304688,123.62004089355467,167.314208984375,0.0,0.0,0.0,0.0,0.0,0.0,0.0,0.0
66,0.0,0.0,0.0,0.0,0.0,0.0,0.0,0.0,158.5535125732422,7.534168243408203,135.14059448242188,40.36463928222656,124.47834777832033,39.06309509277344,0.0,0.0,113.37144470214844,100.6088409423828,0.0,0.0,161.53919982910156,114.33114624023438,130.3431396484375,138.17144775390625,123.55905151367188,144.46090698242188,0.0,0.0,0.0,0.0,0.0,0.0,0.0,0.0
67,169.34776306152344,18.182064056396484,0.0,0.0,167.3758544921875,11.154678344726562,0.0,0.0,151.85707092285156,8.34267807006836,143.4127960205078,42.03261184692383,119.63385009765624,38.137786865234375,145.28744506835938,96.15321350097656,104.40519714355467,100.43521881103516,170.77972412109375,101.76759338378906,158.06581115722656,118.0972137451172,137.16619873046875,144.67813110351562,120.7726593017578,148.79458618164062,0.0,0.0,0.0,0.0,0.0,0.0,0.0,0.0
68,168.24484252929688,18.08742904663086,0.0,0.0,166.81085205078125,11.229888916015623,0.0,0.0,151.5959930419922,8.463287353515625,139.18746948242188,41.27653503417969,121.59446716308594,39.58863067626953,147.15037536621094,92.52838134765624,110.75306701660156,100.73031616210938,173.31240844726562,100.06190490722656,156.88575744628906,121.2644500732422,133.0199737548828,136.31219482421875,121.60820770263672,141.40435791015625,0.0,0.0,0.0,0.0,0.0,0.0,0.0,0.0
69,171.58636474609375,15.887580871582031,0.0,0.0,168.69049072265625,8.155620574951172,0.0,0.0,152.45974731445312,5.966575622558594,153.55426025390625,46.629188537597656,118.74894714355467,40.27069854736328,158.0658721923828,104.5703582763672,105.62286376953124,104.2892608642578,173.82723999023438,101.5781707763672,154.70556640625,116.62674713134766,141.698486328125,141.56124877929688,119.25572204589844,144.53762817382812,0.0,0.0,0.0,0.0,0.0,0.0,0.0,0.0
70,0.0,0.0,0.0,0.0,0.0,0.0,0.0,0.0,0.0,0.0,0.0,0.0,0.0,0.0,0.0,0.0,0.0,0.0,0.0,0.0,0.0,0.0,0.0,0.0,0.0,0.0,0.0,0.0,0.0,0.0,0.0,0.0,0.0,0.0
71,168.22938537597656,18.37125396728516,0.0,0.0,163.9848175048828,10.944099426269531,0.0,0.0,149.16526794433594,9.512798309326172,160.0906219482422,49.73874282836914,121.182373046875,41.85230255126953,165.19845581054688,102.09300994873048,98.73616790771484,97.50809478759766,177.28497314453125,103.84445190429688,144.3429718017578,120.57720947265624,149.489501953125,145.5665283203125,124.58280181884766,146.67498779296875,0.0,0.0,0.0,0.0,0.0,0.0,0.0,0.0
72,160.8185272216797,36.77333068847656,0.0,0.0,0.0,0.0,0.0,0.0,0.0,0.0,155.2638702392578,51.19895935058594,131.96278381347656,51.93053436279297,0.0,0.0,139.8925323486328,121.35125732421876,0.0,0.0,147.23489379882812,117.69429779052734,148.75344848632812,173.3730926513672,132.2069091796875,174.6680145263672,0.0,0.0,0.0,0.0,0.0,0.0,0.0,0.0
73,159.38345336914062,13.274398803710938,0.0,0.0,0.0,0.0,0.0,0.0,0.0,0.0,151.93763732910156,50.48683166503906,131.60595703125,46.930213928222656,159.0688018798828,101.64576721191406,105.75140380859376,99.14725494384766,176.72373962402344,111.67302703857422,143.06423950195312,115.71229553222656,143.92247009277344,141.5574951171875,132.16529846191406,143.7696533203125,0.0,0.0,0.0,0.0,0.0,0.0,0.0,0.0
74,0.0,0.0,0.0,0.0,0.0,0.0,0.0,0.0,165.95919799804688,14.983367919921877,121.26647186279295,46.15379333496094,164.2969512939453,50.538387298583984,101.61408996582033,93.4571533203125,167.00930786132812,101.8115234375,0.0,0.0,165.8574981689453,124.8796157836914,131.2052001953125,153.95423889160156,158.8808135986328,158.1846160888672,0.0,0.0,0.0,0.0,0.0,0.0,0.0,0.0
75,0.0,0.0,0.0,0.0,0.0,0.0,0.0,0.0,167.3406982421875,16.132286071777344,119.27955627441406,50.037139892578125,172.33966064453125,55.11376953125,104.56355285644533,96.59420776367188,186.24703979492188,105.51455688476562,138.82620239257812,112.73169708251952,186.2977752685547,117.0845718383789,126.9099578857422,148.03903198242188,161.40042114257812,151.40701293945312,0.0,0.0,0.0,0.0,0.0,0.0,0.0,0.0
76,0.0,0.0,0.0,0.0,0.0,0.0,0.0,0.0,165.67160034179688,15.876815795898438,121.24314880371094,50.44099426269531,162.40286254882812,53.601219177246094,101.60140991210938,95.49786376953124,143.1764373779297,101.59284973144533,136.2656707763672,110.79515075683594,0.0,0.0,130.18710327148438,145.89596557617188,157.85162353515625,149.99749755859375,0.0,0.0,0.0,0.0,0.0,0.0,0.0,0.0
77,175.93618774414062,23.92297744750977,0.0,0.0,0.0,0.0,0.0,0.0,0.0,0.0,170.39266967773438,53.83061218261719,130.35662841796875,49.59342575073242,181.8502197265625,99.21260833740234,100.09912109375,92.6509246826172,183.68637084960935,109.65985107421876,130.8275146484375,112.95768737792967,159.86703491210938,149.09835815429688,135.86257934570312,150.83541870117188,0.0,0.0,0.0,0.0,0.0,0.0,0.0,0.0
78,145.67498779296875,19.946983337402344,152.4228057861328,14.045425415039062,143.64051818847656,13.408126831054688,168.9893035888672,17.255821228027344,0.0,0.0,177.23309326171875,55.553558349609375,127.20632934570312,50.93916702270508,184.79953002929688,100.10554504394533,98.01715850830078,94.30013275146484,181.97195434570312,110.24954223632812,131.00796508789062,112.99224853515624,162.90716552734375,149.3582763671875,132.19090270996094,149.49026489257812,0.0,0.0,0.0,0.0,0.0,0.0,0.0,0.0
79,175.40805053710938,23.95372009277344,0.0,0.0,172.14247131347656,17.203842163085938,0.0,0.0,155.52093505859375,15.569751739501951,172.52676391601562,55.82475280761719,125.32015991210938,49.987770080566406,184.1537933349609,99.32279205322266,101.2659149169922,94.05072784423828,181.70095825195312,110.07847595214844,132.40951538085938,111.30938720703124,162.2287139892578,145.9521484375,133.61805725097656,145.7151336669922,0.0,0.0,0.0,0.0,0.0,0.0,0.0,0.0
80,169.15966796875,17.578453063964844,0.0,0.0,163.679931640625,11.255012512207031,0.0,0.0,151.41152954101562,13.85187530517578,167.8380584716797,53.97197723388672,128.97439575195312,43.94804382324219,0.0,0.0,103.87449645996094,94.92403411865234,0.0,0.0,135.58084106445312,113.51925659179688,156.23521423339844,163.6893768310547,131.03512573242188,163.14125061035156,0.0,0.0,0.0,0.0,0.0,0.0,0.0,0.0
81,175.874755859375,20.84321594238281,0.0,0.0,170.0126190185547,12.601898193359377,0.0,0.0,151.7875213623047,10.184219360351562,169.92408752441406,52.97477722167969,122.20628356933594,42.97570037841797,0.0,0.0,98.26657104492188,95.94645690917967,0.0,0.0,137.74380493164062,120.71307373046876,162.3465576171875,166.77359008789062,129.25811767578125,166.58071899414062,0.0,0.0,0.0,0.0,0.0,0.0,0.0,0.0
82,180.58094787597656,30.396774291992188,0.0,0.0,177.298095703125,22.31269073486328,0.0,0.0,160.46885681152344,18.43745422363281,166.80377197265625,59.97420501708984,125.72942352294922,47.22657775878906,0.0,0.0,99.06390380859376,96.53076934814452,0.0,0.0,138.74127197265625,123.19915008544922,156.4263458251953,163.5854034423828,128.2999725341797,162.75076293945312,0.0,0.0,149.17422485351562,215.98876953125,0.0,0.0,0.0,0.0
83,166.23883056640625,37.47239685058594,0.0,0.0,164.36544799804688,29.79082489013672,0.0,0.0,152.99859619140625,21.71380615234375,160.23190307617188,56.032806396484375,121.55793762207033,46.44768524169922,0.0,0.0,101.75519561767578,100.64958190917967,0.0,0.0,143.01365661621094,131.49522399902344,151.79905700683594,161.7332763671875,126.54454040527344,162.18646240234375,0.0,0.0,0.0,0.0,0.0,0.0,0.0,0.0
84,0.0,0.0,0.0,0.0,0.0,0.0,0.0,0.0,160.24191284179688,23.167160034179688,0.0,0.0,127.54866790771484,47.73075866699219,0.0,0.0,109.93638610839844,103.33300018310548,0.0,0.0,148.4762725830078,130.37742614746094,146.96914672851562,155.4649200439453,126.60990142822266,157.0330810546875,0.0,0.0,0.0,0.0,0.0,0.0,0.0,0.0
85,0.0,0.0,0.0,0.0,0.0,0.0,0.0,0.0,139.81390380859375,36.69215393066406,120.15060424804688,51.45310974121094,139.47036743164062,53.669830322265625,0.0,0.0,149.03341674804688,88.28375244140625,0.0,0.0,0.0,0.0,123.17984008789062,115.75260925292967,135.529296875,117.32049560546876,126.62427520751952,156.34841918945312,136.42230224609375,158.29830932617188,0.0,0.0,0.0,0.0
86,0.0,0.0,0.0,0.0,0.0,0.0,0.0,0.0,142.210205078125,40.51762390136719,121.3119125366211,58.65618896484375,138.9904022216797,60.32457733154297,0.0,0.0,147.87132263183594,98.9223861694336,0.0,0.0,163.51089477539062,119.78284454345705,123.57830810546876,132.17312622070312,135.56997680664062,134.3758087158203,0.0,0.0,139.6899871826172,180.6077880859375,0.0,0.0,0.0,0.0
87,0.0,0.0,0.0,0.0,0.0,0.0,0.0,0.0,142.69334411621094,39.32018280029297,120.78823852539062,58.67420959472656,139.4905242919922,60.87664031982422,0.0,0.0,151.01625061035156,116.24339294433594,0.0,0.0,160.09548950195312,144.97561645507812,123.79168701171876,159.61819458007812,139.01181030273438,162.35662841796875,0.0,0.0,171.5241241455078,210.18115234375,0.0,0.0,0.0,0.0
88,0.0,0.0,0.0,0.0,0.0,0.0,0.0,0.0,0.0,0.0,0.0,0.0,0.0,0.0,0.0,0.0,0.0,0.0,0.0,0.0,0.0,0.0,0.0,0.0,0.0,0.0,0.0,0.0,0.0,0.0,0.0,0.0,0.0,0.0
89,0.0,0.0,0.0,0.0,0.0,0.0,0.0,0.0,0.0,0.0,0.0,0.0,0.0,0.0,0.0,0.0,0.0,0.0,0.0,0.0,0.0,0.0,0.0,0.0,0.0,0.0,0.0,0.0,0.0,0.0,0.0,0.0,0.0,0.0
90,0.0,0.0,0.0,0.0,0.0,0.0,0.0,0.0,0.0,0.0,0.0,0.0,0.0,0.0,0.0,0.0,0.0,0.0,0.0,0.0,0.0,0.0,0.0,0.0,0.0,0.0,0.0,0.0,0.0,0.0,0.0,0.0,0.0,0.0
91,134.23521423339844,37.05303192138672,0.0,0.0,0.0,0.0,0.0,0.0,0.0,0.0,149.75650024414062,54.90153503417969,119.28619384765624,53.51982498168945,157.29336547851562,86.24850463867188,108.52379608154295,73.60751342773438,151.77780151367188,89.88610076904297,126.52005004882812,45.30249786376953,141.97828674316406,113.63104248046876,122.2224578857422,113.4600067138672,141.32183837890625,148.9176025390625,126.39979553222656,149.83143615722656,0.0,0.0,126.4969711303711,174.533935546875
92,0.0,0.0,0.0,0.0,0.0,0.0,0.0,0.0,0.0,0.0,144.90625,59.52801513671875,122.8184814453125,60.07804107666016,150.8515167236328,84.85990905761719,115.84532165527344,80.94844055175781,142.1026153564453,67.28826904296875,126.6978988647461,46.524993896484375,138.9459228515625,122.4026336669922,124.71207427978516,123.2176513671875,137.20399475097656,162.12197875976562,131.75631713867188,163.55462646484375,0.0,0.0,0.0,0.0
93,135.2466278076172,43.54751586914063,0.0,0.0,0.0,0.0,0.0,0.0,0.0,0.0,146.87884521484375,60.4189338684082,117.96233367919922,60.07445907592773,159.31878662109375,94.5694808959961,110.5864715576172,79.62228393554688,160.78158569335938,107.70185089111328,122.54766845703124,49.26604080200195,139.2406768798828,125.28282165527344,120.96646881103516,126.13175964355467,136.6989288330078,166.18380737304688,126.21669006347656,169.87574768066406,0.0,0.0,0.0,0.0
94,0.0,0.0,0.0,0.0,0.0,0.0,0.0,0.0,0.0,0.0,145.3629608154297,63.46128845214844,111.53294372558594,62.78199768066406,157.892578125,97.04265594482422,103.3958511352539,93.38215637207033,153.15988159179688,109.26372528076172,110.14332580566406,103.48625946044922,138.85618591308594,119.38973236083984,118.22932434082033,119.3587875366211,134.8153533935547,151.98397827148438,121.28475189208984,153.34652709960938,128.53298950195312,182.52345275878903,124.36460876464844,185.64407348632807
95,128.72421264648438,44.531776428222656,0.0,0.0,0.0,0.0,0.0,0.0,0.0,0.0,145.6192169189453,64.01097106933594,111.53285217285156,63.99781036376953,156.1968231201172,97.39585876464844,100.57000732421876,95.44691467285156,153.8384246826172,108.2836456298828,116.06818389892578,99.2459487915039,138.15538024902344,121.84123229980467,117.28152465820312,122.35752868652344,134.08677673339844,158.5577850341797,120.98615264892578,160.38958740234375,128.34326171875,191.1141357421875,122.9445571899414,193.11965942382807
96,0.0,0.0,0.0,0.0,0.0,0.0,0.0,0.0,134.88876342773438,46.05572509765625,110.90846252441406,68.6078872680664,144.05235290527344,67.10972595214844,95.86988830566406,97.51768493652344,159.49661254882812,98.04367065429688,0.0,0.0,0.0,0.0,115.154541015625,133.82916259765625,135.7913818359375,133.03155517578125,118.50997161865234,173.91786193847656,132.99172973632812,172.73794555664062,0.0,0.0,0.0,0.0
97,0.0,0.0,0.0,0.0,0.0,0.0,0.0,0.0,129.36114501953125,44.02413177490234,113.66876220703124,69.95504760742188,138.3836669921875,66.92308044433594,93.58533477783205,99.1888656616211,0.0,0.0,0.0,0.0,0.0,0.0,121.21315002441406,149.63973999023438,135.92724609375,148.72830200195312,122.34906005859376,201.3295135498047,138.02609252929688,197.51097106933597,0.0,0.0,0.0,0.0
98,0.0,0.0,0.0,0.0,0.0,0.0,102.67855834960938,117.13426208496094,157.20870971679688,115.49283599853516,88.41642761230469,200.77230834960935,180.0867156982422,195.49514770507807,0.0,0.0,0.0,0.0,0.0,0.0,0.0,0.0,0.0,0.0,0.0,0.0,0.0,0.0,0.0,0.0,0.0,0.0,0.0,0.0
99,0.0,0.0,0.0,0.0,0.0,0.0,0.0,0.0,152.66293334960938,118.21440887451172,85.04344177246094,197.64064025878903,169.38821411132812,197.69827270507807,0.0,0.0,0.0,0.0,0.0,0.0,0.0,0.0,0.0,0.0,0.0,0.0,0.0,0.0,0.0,0.0,0.0,0.0,0.0,0.0
100,0.0,0.0,0.0,0.0,0.0,0.0,122.20398712158205,56.73057556152344,140.85914611816406,56.95606231689453,109.62386322021484,75.02084350585938,146.80288696289062,75.79544830322266,94.77499389648438,102.1868133544922,165.5389404296875,102.1851806640625,0.0,0.0,0.0,0.0,115.46158599853516,144.18931579589844,138.26158142089844,144.75091552734375,120.18052673339844,181.3891143798828,135.1453399658203,182.9629821777344,0.0,0.0,0.0,0.0
101,0.0,0.0,0.0,0.0,0.0,0.0,105.26350402832033,132.33018493652344,154.1619110107422,133.50306701660156,89.37693786621094,197.78158569335935,175.8070831298828,195.3972320556641,0.0,0.0,0.0,0.0,0.0,0.0,0.0,0.0,0.0,0.0,0.0,0.0,0.0,0.0,0.0,0.0,0.0,0.0,0.0,0.0
102,0.0,0.0,0.0,0.0,0.0,0.0,0.0,0.0,155.59988403320312,116.39016723632812,82.27000427246094,199.88629150390625,176.9646453857422,198.62649536132807,0.0,0.0,0.0,0.0,0.0,0.0,0.0,0.0,0.0,0.0,0.0,0.0,0.0,0.0,0.0,0.0,0.0,0.0,0.0,0.0
103,0.0,0.0,0.0,0.0,0.0,0.0,0.0,0.0,145.73388671875,58.541969299316406,116.870849609375,73.81554412841797,152.167236328125,75.02071380615234,102.87149047851562,102.24595642089844,163.670654296875,101.7546157836914,106.45404052734376,124.26522827148438,0.0,0.0,119.47084045410156,126.3633270263672,142.5581512451172,126.39056396484376,120.87699127197266,161.26620483398438,141.07498168945312,161.15724182128906,0.0,0.0,0.0,0.0
104,0.0,0.0,0.0,0.0,0.0,0.0,0.0,0.0,146.79347229003906,49.9443359375,131.1157684326172,70.69692993164062,138.33251953125,71.06066131591797,0.0,0.0,143.27682495117188,107.35678100585938,0.0,0.0,0.0,0.0,126.73304748535156,132.1616668701172,130.41085815429688,133.31141662597656,125.2972183227539,167.04420471191406,130.32704162597656,170.79241943359375,0.0,0.0,0.0,0.0
105,161.10804748535156,51.159576416015625,0.0,0.0,158.6429443359375,47.13279724121094,0.0,0.0,147.99734497070312,47.43305969238281,153.12998962402344,70.5567398071289,130.95989990234375,70.21625518798828,0.0,0.0,122.71842193603516,105.91717529296876,0.0,0.0,128.5155487060547,129.92816162109375,140.3170166015625,126.9770965576172,126.96713256835938,127.62210083007812,135.42152404785156,160.5010528564453,126.35221862792967,163.77178955078125,125.68971252441406,185.33811950683597,122.86324310302734,193.2328643798828
106,0.0,0.0,0.0,0.0,0.0,0.0,0.0,0.0,0.0,0.0,0.0,0.0,0.0,0.0,0.0,0.0,0.0,0.0,0.0,0.0,0.0,0.0,0.0,0.0,0.0,0.0,0.0,0.0,0.0,0.0,0.0,0.0,0.0,0.0
107,0.0,0.0,0.0,0.0,0.0,0.0,0.0,0.0,0.0,0.0,154.9541778564453,74.41860961914062,129.49032592773438,73.99671936035156,162.22711181640625,104.42781829833984,121.19273376464844,106.1273956298828,162.2891387939453,129.404541015625,126.56946563720705,134.89730834960938,142.15467834472656,133.13961791992188,125.92417907714844,133.12286376953125,141.89956665039062,165.2752227783203,128.5694580078125,165.73646545410156,0.0,0.0,0.0,0.0
108,0.0,0.0,0.0,0.0,0.0,0.0,0.0,0.0,0.0,0.0,125.81429290771484,77.13178253173828,150.45541381835938,76.18997192382812,113.82357025146484,105.19791412353516,167.03868103027344,98.05042266845705,0.0,0.0,0.0,0.0,127.55680847167967,132.44869995117188,142.3228759765625,132.25831604003906,130.76458740234375,161.32040405273438,141.9611358642578,161.46188354492188,0.0,0.0,0.0,0.0
109,0.0,0.0,0.0,0.0,0.0,0.0,0.0,0.0,0.0,0.0,123.1255874633789,80.11109924316406,150.49246215820312,80.0694580078125,113.98150634765624,104.66453552246094,156.88055419921875,106.8813934326172,0.0,0.0,0.0,0.0,124.08203125,128.9361114501953,142.18690490722656,128.79119873046875,126.37580871582033,151.7711944580078,140.4542236328125,151.46844482421875,0.0,0.0,0.0,0.0
110,0.0,0.0,0.0,0.0,0.0,0.0,0.0,0.0,0.0,0.0,0.0,0.0,0.0,0.0,0.0,0.0,0.0,0.0,0.0,0.0,0.0,0.0,0.0,0.0,0.0,0.0,0.0,0.0,0.0,0.0,0.0,0.0,0.0,0.0
111,0.0,0.0,0.0,0.0,0.0,0.0,0.0,0.0,0.0,0.0,0.0,0.0,0.0,0.0,0.0,0.0,0.0,0.0,0.0,0.0,0.0,0.0,0.0,0.0,0.0,0.0,0.0,0.0,0.0,0.0,0.0,0.0,0.0,0.0
112,0.0,0.0,0.0,0.0,0.0,0.0,0.0,0.0,0.0,0.0,0.0,0.0,0.0,0.0,0.0,0.0,0.0,0.0,0.0,0.0,0.0,0.0,0.0,0.0,0.0,0.0,0.0,0.0,0.0,0.0,0.0,0.0,0.0,0.0
113,0.0,0.0,0.0,0.0,0.0,0.0,0.0,0.0,0.0,0.0,0.0,0.0,0.0,0.0,0.0,0.0,0.0,0.0,0.0,0.0,0.0,0.0,0.0,0.0,0.0,0.0,0.0,0.0,0.0,0.0,0.0,0.0,0.0,0.0
114,0.0,0.0,0.0,0.0,0.0,0.0,0.0,0.0,0.0,0.0,0.0,0.0,0.0,0.0,0.0,0.0,0.0,0.0,0.0,0.0,0.0,0.0,0.0,0.0,0.0,0.0,0.0,0.0,0.0,0.0,0.0,0.0,0.0,0.0
115,0.0,0.0,0.0,0.0,0.0,0.0,0.0,0.0,0.0,0.0,0.0,0.0,0.0,0.0,0.0,0.0,0.0,0.0,0.0,0.0,0.0,0.0,0.0,0.0,0.0,0.0,0.0,0.0,0.0,0.0,0.0,0.0,0.0,0.0
116,0.0,0.0,0.0,0.0,0.0,0.0,0.0,0.0,0.0,0.0,0.0,0.0,0.0,0.0,0.0,0.0,0.0,0.0,0.0,0.0,0.0,0.0,0.0,0.0,0.0,0.0,0.0,0.0,0.0,0.0,0.0,0.0,0.0,0.0
117,0.0,0.0,0.0,0.0,0.0,0.0,0.0,0.0,0.0,0.0,0.0,0.0,0.0,0.0,0.0,0.0,0.0,0.0,0.0,0.0,0.0,0.0,0.0,0.0,0.0,0.0,0.0,0.0,0.0,0.0,0.0,0.0,0.0,0.0
118,0.0,0.0,0.0,0.0,0.0,0.0,0.0,0.0,0.0,0.0,0.0,0.0,0.0,0.0,0.0,0.0,0.0,0.0,0.0,0.0,0.0,0.0,0.0,0.0,0.0,0.0,0.0,0.0,0.0,0.0,0.0,0.0,0.0,0.0
119,0.0,0.0,0.0,0.0,0.0,0.0,0.0,0.0,0.0,0.0,0.0,0.0,0.0,0.0,0.0,0.0,0.0,0.0,0.0,0.0,0.0,0.0,0.0,0.0,0.0,0.0,0.0,0.0,0.0,0.0,0.0,0.0,0.0,0.0
120,0.0,0.0,0.0,0.0,0.0,0.0,0.0,0.0,0.0,0.0,0.0,0.0,0.0,0.0,0.0,0.0,0.0,0.0,0.0,0.0,0.0,0.0,0.0,0.0,0.0,0.0,0.0,0.0,0.0,0.0,0.0,0.0,0.0,0.0
121,0.0,0.0,0.0,0.0,0.0,0.0,0.0,0.0,0.0,0.0,0.0,0.0,0.0,0.0,0.0,0.0,0.0,0.0,0.0,0.0,0.0,0.0,0.0,0.0,0.0,0.0,0.0,0.0,0.0,0.0,0.0,0.0,0.0,0.0
122,0.0,0.0,0.0,0.0,0.0,0.0,0.0,0.0,0.0,0.0,0.0,0.0,0.0,0.0,0.0,0.0,0.0,0.0,0.0,0.0,0.0,0.0,0.0,0.0,0.0,0.0,0.0,0.0,0.0,0.0,0.0,0.0,0.0,0.0
123,0.0,0.0,0.0,0.0,0.0,0.0,0.0,0.0,153.65582275390625,55.32195281982422,130.03074645996094,77.225830078125,155.3517608642578,78.3466796875,115.65177154541016,106.6904754638672,167.9734344482422,106.63965606689452,0.0,0.0,0.0,0.0,127.29064178466795,139.2479705810547,142.90338134765625,139.97622680664062,129.8443145751953,171.72042846679688,0.0,0.0,0.0,0.0,0.0,0.0
124,0.0,0.0,0.0,0.0,0.0,0.0,0.0,0.0,154.21395874023438,55.22315216064453,130.43063354492188,77.14814758300781,154.81515502929688,78.36064910888672,115.4058837890625,106.76805114746094,166.58673095703125,106.3644561767578,0.0,0.0,0.0,0.0,128.13394165039062,135.8206787109375,143.27101135253906,136.9907989501953,130.97254943847656,167.66360473632812,144.05250549316406,169.78704833984375,0.0,0.0,0.0,0.0
125,159.64657592773438,57.26402282714844,0.0,0.0,156.33612060546875,53.09513854980469,0.0,0.0,147.02772521972656,54.306915283203125,162.96456909179688,80.72234344482422,130.3891143798828,79.65750122070312,164.95286560058594,114.31302642822266,117.05731201171876,112.64410400390624,0.0,0.0,121.68870544433594,132.2098846435547,150.4372100830078,139.59913635253906,130.1212158203125,139.88510131835938,0.0,0.0,0.0,0.0,0.0,0.0,0.0,0.0
126,159.41139221191406,57.1334228515625,0.0,0.0,156.1644287109375,53.14830017089844,0.0,0.0,146.874267578125,54.76200485229492,160.91128540039062,81.45075988769531,130.58035278320312,78.31243133544922,0.0,0.0,116.13070678710938,106.68495178222656,0.0,0.0,117.46083068847656,125.80917358398438,147.95361328125,135.10154724121094,128.5970916748047,134.595703125,147.7596435546875,166.51429748535156,128.81393432617188,168.24658203125,0.0,0.0,0.0,0.0
127,158.841796875,58.30887222290039,161.4307861328125,54.72942733764648,155.38897705078125,54.02067565917969,0.0,0.0,146.46835327148438,54.801002502441406,163.40597534179688,80.63168334960938,130.58773803710938,79.13578033447266,166.27578735351562,113.83262634277344,117.58554077148438,112.37448120117188,0.0,0.0,124.52842712402344,134.85252380371094,150.51718139648438,138.63246154785156,129.8956298828125,138.8053741455078,0.0,0.0,0.0,0.0,0.0,0.0,0.0,0.0
128,0.0,0.0,0.0,0.0,0.0,0.0,0.0,0.0,0.0,0.0,0.0,0.0,0.0,0.0,0.0,0.0,0.0,0.0,0.0,0.0,0.0,0.0,0.0,0.0,0.0,0.0,0.0,0.0,0.0,0.0,0.0,0.0,0.0,0.0
129,0.0,0.0,0.0,0.0,0.0,0.0,0.0,0.0,149.51361083984375,69.09805297851562,131.61988830566406,83.1343994140625,145.315185546875,85.3916244506836,115.67559051513672,104.76801300048828,0.0,0.0,0.0,0.0,0.0,0.0,130.44505310058594,129.64395141601562,138.9325714111328,131.10191345214844,131.73980712890625,158.61166381835938,139.00277709960938,160.6234588623047,0.0,0.0,0.0,0.0
130,0.0,0.0,0.0,0.0,0.0,0.0,0.0,0.0,0.0,0.0,0.0,0.0,0.0,0.0,0.0,0.0,0.0,0.0,0.0,0.0,0.0,0.0,0.0,0.0,0.0,0.0,0.0,0.0,0.0,0.0,0.0,0.0,0.0,0.0
131,0.0,0.0,0.0,0.0,0.0,0.0,0.0,0.0,0.0,0.0,0.0,0.0,0.0,0.0,0.0,0.0,0.0,0.0,0.0,0.0,0.0,0.0,0.0,0.0,0.0,0.0,0.0,0.0,0.0,0.0,0.0,0.0,0.0,0.0
132,0.0,0.0,0.0,0.0,0.0,0.0,0.0,0.0,0.0,0.0,0.0,0.0,0.0,0.0,0.0,0.0,0.0,0.0,0.0,0.0,0.0,0.0,0.0,0.0,0.0,0.0,0.0,0.0,0.0,0.0,0.0,0.0,0.0,0.0
133,0.0,0.0,0.0,0.0,0.0,0.0,0.0,0.0,0.0,0.0,0.0,0.0,0.0,0.0,0.0,0.0,0.0,0.0,0.0,0.0,0.0,0.0,0.0,0.0,0.0,0.0,0.0,0.0,0.0,0.0,0.0,0.0,0.0,0.0
134,0.0,0.0,0.0,0.0,0.0,0.0,0.0,0.0,0.0,0.0,0.0,0.0,0.0,0.0,0.0,0.0,0.0,0.0,0.0,0.0,0.0,0.0,0.0,0.0,0.0,0.0,0.0,0.0,0.0,0.0,0.0,0.0,0.0,0.0
135,0.0,0.0,0.0,0.0,0.0,0.0,0.0,0.0,0.0,0.0,0.0,0.0,0.0,0.0,0.0,0.0,0.0,0.0,0.0,0.0,0.0,0.0,0.0,0.0,0.0,0.0,0.0,0.0,0.0,0.0,0.0,0.0,0.0,0.0
136,0.0,0.0,0.0,0.0,0.0,0.0,0.0,0.0,0.0,0.0,0.0,0.0,0.0,0.0,0.0,0.0,0.0,0.0,0.0,0.0,0.0,0.0,0.0,0.0,0.0,0.0,0.0,0.0,0.0,0.0,0.0,0.0,0.0,0.0
137,0.0,0.0,0.0,0.0,0.0,0.0,0.0,0.0,0.0,0.0,0.0,0.0,0.0,0.0,0.0,0.0,0.0,0.0,0.0,0.0,0.0,0.0,0.0,0.0,0.0,0.0,0.0,0.0,0.0,0.0,0.0,0.0,0.0,0.0
138,0.0,0.0,0.0,0.0,0.0,0.0,0.0,0.0,0.0,0.0,0.0,0.0,0.0,0.0,0.0,0.0,0.0,0.0,0.0,0.0,0.0,0.0,0.0,0.0,0.0,0.0,0.0,0.0,0.0,0.0,0.0,0.0,0.0,0.0
139,0.0,0.0,0.0,0.0,0.0,0.0,0.0,0.0,0.0,0.0,0.0,0.0,0.0,0.0,0.0,0.0,0.0,0.0,0.0,0.0,0.0,0.0,0.0,0.0,0.0,0.0,0.0,0.0,0.0,0.0,0.0,0.0,0.0,0.0
140,0.0,0.0,0.0,0.0,0.0,0.0,0.0,0.0,0.0,0.0,0.0,0.0,0.0,0.0,0.0,0.0,0.0,0.0,0.0,0.0,0.0,0.0,0.0,0.0,0.0,0.0,0.0,0.0,0.0,0.0,0.0,0.0,0.0,0.0
141,0.0,0.0,0.0,0.0,0.0,0.0,0.0,0.0,0.0,0.0,0.0,0.0,0.0,0.0,0.0,0.0,0.0,0.0,0.0,0.0,0.0,0.0,0.0,0.0,0.0,0.0,0.0,0.0,0.0,0.0,0.0,0.0,0.0,0.0
142,0.0,0.0,0.0,0.0,0.0,0.0,0.0,0.0,0.0,0.0,0.0,0.0,0.0,0.0,0.0,0.0,0.0,0.0,0.0,0.0,0.0,0.0,0.0,0.0,0.0,0.0,0.0,0.0,0.0,0.0,0.0,0.0,0.0,0.0
143,0.0,0.0,0.0,0.0,0.0,0.0,0.0,0.0,0.0,0.0,0.0,0.0,0.0,0.0,0.0,0.0,0.0,0.0,0.0,0.0,0.0,0.0,0.0,0.0,0.0,0.0,0.0,0.0,0.0,0.0,0.0,0.0,0.0,0.0
144,0.0,0.0,0.0,0.0,0.0,0.0,0.0,0.0,0.0,0.0,0.0,0.0,0.0,0.0,0.0,0.0,0.0,0.0,0.0,0.0,0.0,0.0,0.0,0.0,0.0,0.0,0.0,0.0,0.0,0.0,0.0,0.0,0.0,0.0
145,0.0,0.0,0.0,0.0,0.0,0.0,0.0,0.0,0.0,0.0,0.0,0.0,0.0,0.0,0.0,0.0,0.0,0.0,0.0,0.0,0.0,0.0,0.0,0.0,0.0,0.0,0.0,0.0,0.0,0.0,0.0,0.0,0.0,0.0
146,0.0,0.0,0.0,0.0,0.0,0.0,0.0,0.0,0.0,0.0,0.0,0.0,0.0,0.0,0.0,0.0,0.0,0.0,0.0,0.0,0.0,0.0,0.0,0.0,0.0,0.0,0.0,0.0,0.0,0.0,0.0,0.0,0.0,0.0
147,0.0,0.0,0.0,0.0,0.0,0.0,0.0,0.0,0.0,0.0,0.0,0.0,0.0,0.0,0.0,0.0,0.0,0.0,0.0,0.0,0.0,0.0,0.0,0.0,0.0,0.0,0.0,0.0,0.0,0.0,0.0,0.0,0.0,0.0
148,0.0,0.0,0.0,0.0,0.0,0.0,0.0,0.0,0.0,0.0,0.0,0.0,0.0,0.0,0.0,0.0,0.0,0.0,0.0,0.0,0.0,0.0,0.0,0.0,0.0,0.0,0.0,0.0,0.0,0.0,0.0,0.0,0.0,0.0
149,0.0,0.0,0.0,0.0,0.0,0.0,0.0,0.0,0.0,0.0,0.0,0.0,0.0,0.0,0.0,0.0,0.0,0.0,0.0,0.0,0.0,0.0,0.0,0.0,0.0,0.0,0.0,0.0,0.0,0.0,0.0,0.0,0.0,0.0
150,0.0,0.0,0.0,0.0,0.0,0.0,0.0,0.0,0.0,0.0,0.0,0.0,0.0,0.0,0.0,0.0,0.0,0.0,0.0,0.0,0.0,0.0,0.0,0.0,0.0,0.0,0.0,0.0,0.0,0.0,0.0,0.0,0.0,0.0
151,0.0,0.0,0.0,0.0,0.0,0.0,0.0,0.0,0.0,0.0,0.0,0.0,0.0,0.0,0.0,0.0,0.0,0.0,0.0,0.0,0.0,0.0,0.0,0.0,0.0,0.0,0.0,0.0,0.0,0.0,0.0,0.0,0.0,0.0
152,0.0,0.0,0.0,0.0,0.0,0.0,0.0,0.0,0.0,0.0,128.11865234375,71.77162170410156,109.9592742919922,70.96710968017578,127.74004364013672,100.55591583251952,102.73524475097656,100.6016845703125,132.17105102539062,115.6155242919922,121.0757827758789,115.96266174316406,121.41300201416016,122.86904907226562,109.06072235107422,124.00540161132812,125.30449676513672,151.81106567382812,112.70147705078124,154.05056762695312,0.0,0.0,0.0,0.0
153,0.0,0.0,0.0,0.0,0.0,0.0,0.0,0.0,122.29125213623048,53.84474182128906,101.94610595703124,74.72451782226562,120.0715103149414,74.55384826660156,0.0,0.0,124.36077880859376,99.81705474853516,0.0,0.0,128.1244659423828,115.50677490234376,103.63919830322266,122.34103393554688,116.07379913330078,123.11433410644533,111.4295425415039,151.10003662109375,118.75881958007812,151.08673095703125,0.0,0.0,0.0,0.0
154,122.92955017089844,50.13615417480469,0.0,0.0,120.54613494873048,46.38777542114258,0.0,0.0,0.0,0.0,126.90217590332033,70.453369140625,102.09345245361328,70.30667877197266,130.43666076660156,96.13937377929688,90.01082611083984,98.75994110107422,128.08740234375,115.4393310546875,101.80160522460938,114.0717315673828,118.88371276855467,117.16062927246094,103.36927795410156,118.10873413085938,121.06019592285156,143.955322265625,107.06028747558594,146.1922607421875,0.0,0.0,0.0,0.0
155,0.0,0.0,0.0,0.0,0.0,0.0,0.0,0.0,0.0,0.0,128.55392456054688,69.41863250732422,101.43975067138672,68.05322265625,130.84152221679688,100.01725769042967,89.84793853759766,99.49905395507812,127.69448852539062,115.3935775756836,113.17733764648438,116.00770568847656,119.72322082519533,120.98347473144533,102.25406646728516,121.36166381835938,120.56120300292967,153.73175048828125,106.58424377441406,154.59890747070312,0.0,0.0,0.0,0.0
156,0.0,0.0,0.0,0.0,0.0,0.0,0.0,0.0,0.0,0.0,130.58111572265625,69.3626708984375,99.2399444580078,67.67996978759766,133.66265869140625,102.41207885742188,89.90785217285156,101.55783081054688,128.08482360839844,117.91790771484376,113.72322082519533,119.0259780883789,122.9293975830078,127.5451889038086,102.50616455078124,128.01028442382812,124.14787292480467,161.1453399658203,108.87445068359376,162.55905151367188,0.0,0.0,0.0,0.0
157,119.641845703125,43.723628997802734,0.0,0.0,117.1269760131836,39.52925109863281,0.0,0.0,111.62462615966795,41.42970275878906,130.758056640625,69.97538757324219,96.33316802978516,68.47431945800781,136.56234741210938,100.87297058105467,85.60749053955078,101.52880096435548,127.6968994140625,118.98307800292967,112.69977569580078,119.81979370117188,124.03070068359376,122.41712188720705,102.15509033203124,123.11602020263672,128.4586181640625,153.67977905273438,107.5352554321289,155.46018981933594,0.0,0.0,0.0,0.0
158,0.0,0.0,0.0,0.0,0.0,0.0,0.0,0.0,0.0,0.0,122.73561096191406,71.04679870605469,105.78622436523438,69.19966125488281,128.93328857421875,105.0031280517578,99.58887481689452,102.6698760986328,124.9638214111328,121.1023406982422,114.66303253173828,121.81053161621094,117.46688079833984,126.35432434082033,106.45941162109376,126.44294738769533,122.78265380859376,161.5145721435547,114.50801849365234,161.9058074951172,0.0,0.0,0.0,0.0
159,119.00505065917967,39.46141052246094,0.0,0.0,0.0,0.0,0.0,0.0,0.0,0.0,132.54212951660156,70.10883331298828,95.2319793701172,68.9887924194336,138.53224182128906,102.95152282714844,85.39486694335938,103.921142578125,131.46356201171875,120.74644470214844,111.96515655517578,123.3230972290039,126.16677856445312,126.65638732910156,102.24864196777344,127.36497497558594,130.01194763183594,158.249755859375,108.75554656982422,159.5482177734375,0.0,0.0,0.0,0.0
160,118.85770416259766,37.06400680541992,0.0,0.0,0.0,0.0,0.0,0.0,0.0,0.0,135.53204345703125,68.87049865722656,95.09595489501952,68.84153747558594,140.25042724609375,100.91380310058594,84.60250091552734,102.57923889160156,126.41691589355467,120.86300659179688,112.15708923339844,122.6937255859375,128.03457641601562,126.71420288085938,102.2318878173828,127.8329086303711,132.1356201171875,156.3942413330078,107.13096618652344,158.78897094726562,0.0,0.0,0.0,0.0
161,122.0052490234375,36.53430938720703,0.0,0.0,118.9015884399414,32.24698638916016,0.0,0.0,0.0,0.0,135.49635314941406,67.70527648925781,97.81289672851562,68.28087615966797,139.95004272460938,99.55564880371094,85.03588104248047,103.6674346923828,129.84234619140625,122.18074035644533,111.61984252929688,125.23869323730467,128.4120330810547,125.071533203125,104.7327117919922,126.59039306640624,132.42062377929688,162.39874267578125,109.82878875732422,165.02223205566406,0.0,0.0,0.0,0.0
162,129.9348602294922,34.96821975708008,134.40679931640625,31.0661735534668,125.74522399902344,30.1925048828125,0.0,0.0,117.64332580566406,33.94488906860352,143.46820068359375,68.33489227294922,99.52655029296876,67.5573501586914,148.95608520507812,104.87464141845705,83.58788299560547,106.63484954833984,141.90145874023438,127.54524230957033,113.20578002929688,126.1763153076172,133.89979553222656,133.69090270996094,105.44068145751952,134.99099731445312,0.0,0.0,0.0,0.0,0.0,0.0,0.0,0.0
163,0.0,0.0,0.0,0.0,0.0,0.0,0.0,0.0,0.0,0.0,0.0,0.0,0.0,0.0,0.0,0.0,0.0,0.0,0.0,0.0,0.0,0.0,0.0,0.0,0.0,0.0,0.0,0.0,0.0,0.0,0.0,0.0,0.0,0.0
164,0.0,0.0,0.0,0.0,0.0,0.0,0.0,0.0,0.0,0.0,149.420166015625,67.88154602050781,104.1570281982422,64.17985534667969,158.41690063476562,105.81613159179688,88.59505462646484,100.94010925292967,147.6250457763672,125.6968765258789,113.6379623413086,123.58650970458984,141.8095703125,139.11326599121094,112.84781646728516,138.6367950439453,0.0,0.0,0.0,0.0,0.0,0.0,0.0,0.0
165,0.0,0.0,0.0,0.0,0.0,0.0,115.9905242919922,132.90098571777344,170.8961181640625,133.7288818359375,92.94224548339844,199.11279296875,183.01199340820312,195.98944091796875,0.0,0.0,0.0,0.0,0.0,0.0,0.0,0.0,0.0,0.0,0.0,0.0,0.0,0.0,0.0,0.0,0.0,0.0,0.0,0.0
166,0.0,0.0,0.0,0.0,0.0,0.0,0.0,0.0,0.0,0.0,0.0,0.0,109.32701873779295,62.11339569091797,174.30084228515625,107.63572692871094,92.2893524169922,94.70047760009766,155.95834350585938,130.07626342773438,114.58494567871094,117.23065948486328,152.25430297851562,142.85989379882812,118.88478088378906,141.85252380371094,0.0,0.0,0.0,0.0,0.0,0.0,0.0,0.0
167,0.0,0.0,0.0,0.0,0.0,0.0,114.91827392578124,123.590087890625,167.1838836669922,124.21996307373048,90.80611419677734,201.5048675537109,184.6039276123047,197.75131225585935,0.0,0.0,0.0,0.0,0.0,0.0,0.0,0.0,0.0,0.0,0.0,0.0,0.0,0.0,0.0,0.0,0.0,0.0,0.0,0.0
168,0.0,0.0,0.0,0.0,0.0,0.0,110.63642120361328,124.12429809570312,172.9654998779297,124.56292724609376,85.05498504638672,202.88119506835935,0.0,0.0,0.0,0.0,0.0,0.0,0.0,0.0,0.0,0.0,0.0,0.0,0.0,0.0,0.0,0.0,0.0,0.0,0.0,0.0,0.0,0.0
169,0.0,0.0,0.0,0.0,0.0,0.0,0.0,0.0,0.0,0.0,114.77787017822266,60.46218490600586,159.88742065429688,60.74029922485352,97.04364013671876,99.41567993164062,141.57666015625,103.58232879638672,0.0,0.0,0.0,0.0,128.0458526611328,134.66632080078125,158.19598388671875,134.2853546142578,0.0,0.0,0.0,0.0,0.0,0.0,0.0,0.0
170,0.0,0.0,0.0,0.0,0.0,0.0,0.0,0.0,0.0,0.0,120.20679473876952,68.33808135986328,153.06051635742188,69.63648986816406,100.17245483398438,102.25174713134766,132.9719696044922,104.97276306152344,119.27274322509766,115.1217803955078,0.0,0.0,131.23748779296875,138.02713012695312,151.64138793945312,139.86021423339844,0.0,0.0,0.0,0.0,0.0,0.0,0.0,0.0
171,0.0,0.0,0.0,0.0,0.0,0.0,112.61785125732422,125.84063720703124,176.91580200195312,125.65812683105467,85.93379211425781,203.45333862304688,0.0,0.0,0.0,0.0,0.0,0.0,0.0,0.0,0.0,0.0,0.0,0.0,0.0,0.0,0.0,0.0,0.0,0.0,0.0,0.0,0.0,0.0
172,0.0,0.0,0.0,0.0,0.0,0.0,0.0,0.0,0.0,0.0,117.76788330078124,59.78425979614258,169.4414520263672,64.75785827636719,113.1453094482422,110.49124145507812,0.0,0.0,0.0,0.0,0.0,0.0,124.6465835571289,139.81964111328125,158.72100830078125,139.514892578125,0.0,0.0,0.0,0.0,0.0,0.0,0.0,0.0
173,173.05734252929688,34.97114944458008,0.0,0.0,170.06866455078125,28.14191055297852,0.0,0.0,154.25453186035156,26.158924102783203,170.53912353515625,71.81827545166016,117.9586410522461,55.54377365112305,178.0585174560547,131.68690490722656,87.36347961425781,94.8491439819336,171.81475830078125,152.9723663330078,118.94625854492188,116.73049926757812,148.8896942138672,162.4700164794922,115.86247253417967,158.34446716308594,0.0,0.0,0.0,0.0,0.0,0.0,0.0,0.0
174,174.17601013183594,34.70305633544922,0.0,0.0,171.138427734375,27.986515045166016,0.0,0.0,152.0198974609375,26.900806427001957,165.77981567382812,67.2905044555664,117.89453125,57.74437713623047,164.99888610839844,115.103759765625,92.6596908569336,100.46991729736328,133.5514373779297,122.82994079589844,119.5843505859375,121.19671630859376,144.3153533935547,151.58065795898438,112.8805694580078,148.7654266357422,0.0,0.0,0.0,0.0,0.0,0.0,0.0,0.0
175,0.0,0.0,0.0,0.0,0.0,0.0,0.0,0.0,159.743408203125,22.7120361328125,126.23196411132812,57.33509063720703,139.29420471191406,57.33103942871094,0.0,0.0,129.38388061523438,109.60740661621094,0.0,0.0,126.07318115234376,124.41920471191406,0.0,0.0,118.04326629638672,149.265380859375,0.0,0.0,0.0,0.0,0.0,0.0,0.0,0.0
176,171.87863159179688,37.62633514404297,0.0,0.0,171.7606658935547,30.594810485839844,0.0,0.0,158.18417358398438,25.864227294921875,0.0,0.0,118.20410919189452,53.50911331176758,0.0,0.0,87.89557647705078,103.58465576171876,0.0,0.0,118.04489135742188,129.35223388671875,0.0,0.0,110.79387664794922,156.87045288085938,0.0,0.0,0.0,0.0,0.0,0.0,0.0,0.0
177,0.0,0.0,0.0,0.0,0.0,0.0,98.14826202392578,139.35653686523438,136.98577880859375,141.33914184570312,0.0,0.0,0.0,0.0,0.0,0.0,0.0,0.0,0.0,0.0,0.0,0.0,0.0,0.0,0.0,0.0,0.0,0.0,0.0,0.0,0.0,0.0,0.0,0.0
178,0.0,0.0,0.0,0.0,0.0,0.0,0.0,0.0,146.5626678466797,19.072784423828125,163.81182861328125,65.27902221679688,101.06698608398438,53.44832611083984,0.0,0.0,79.9184341430664,111.41397094726562,0.0,0.0,115.7491683959961,135.30581665039062,0.0,0.0,98.28104400634766,168.7149658203125,0.0,0.0,0.0,0.0,0.0,0.0,0.0,0.0
179,0.0,0.0,0.0,0.0,0.0,0.0,0.0,0.0,146.96676635742188,13.395652770996094,0.0,0.0,100.50318908691406,45.97586441040039,0.0,0.0,75.7373275756836,111.28607177734376,0.0,0.0,118.37301635742188,139.3193817138672,131.80081176757812,168.53855895996094,97.15013885498048,169.30543518066406,0.0,0.0,0.0,0.0,0.0,0.0,0.0,0.0
180,0.0,0.0,0.0,0.0,155.54559326171875,21.775360107421875,0.0,0.0,140.2203826904297,17.198043823242188,151.41123962402344,55.734222412109375,97.1352310180664,48.24156951904297,0.0,0.0,74.45695495605469,109.92801666259766,0.0,0.0,114.47746276855467,145.32455444335938,139.96656799316406,168.12611389160156,102.771240234375,169.26470947265625,0.0,0.0,0.0,0.0,0.0,0.0,0.0,0.0
181,158.02130126953125,24.100727081298828,0.0,0.0,153.25933837890625,16.14154052734375,0.0,0.0,136.2412109375,15.86029052734375,158.9553985595703,58.485931396484375,97.55977630615234,49.20404815673828,0.0,0.0,77.51749420166016,111.3402099609375,0.0,0.0,113.0513153076172,147.3076171875,138.7806854248047,169.0020294189453,97.88513946533205,168.69874572753906,0.0,0.0,0.0,0.0,0.0,0.0,0.0,0.0
182,0.0,0.0,0.0,0.0,159.81434631347656,25.398460388183597,0.0,0.0,143.3557586669922,20.26361083984375,0.0,0.0,98.49871826171876,50.09111785888672,0.0,0.0,82.35061645507812,112.41175079345705,0.0,0.0,115.61593627929688,145.7622833251953,134.33175659179688,168.24444580078125,98.73275756835938,169.67144775390625,0.0,0.0,0.0,0.0,0.0,0.0,0.0,0.0
183,0.0,0.0,0.0,0.0,0.0,0.0,0.0,0.0,141.2554168701172,21.49663543701172,151.8478240966797,59.34323501586914,98.13973236083984,48.53886795043945,0.0,0.0,79.08763122558594,108.65398406982422,0.0,0.0,118.58248138427734,146.972412109375,133.53091430664062,163.78842163085938,95.95118713378906,162.9190673828125,0.0,0.0,0.0,0.0,0.0,0.0,0.0,0.0
184,161.79360961914062,48.01810836791992,0.0,0.0,160.5057373046875,39.752960205078125,0.0,0.0,144.38902282714844,29.414703369140625,0.0,0.0,105.07017517089844,52.79037857055664,0.0,0.0,87.72789764404297,108.45851135253906,0.0,0.0,121.17218780517578,145.44223022460938,132.11183166503906,164.23036193847656,98.27106475830078,163.45309448242188,0.0,0.0,0.0,0.0,0.0,0.0,0.0,0.0
185,163.32601928710938,53.92501449584961,0.0,0.0,163.56680297851562,46.41749572753906,0.0,0.0,149.8988037109375,33.959136962890625,0.0,0.0,113.9547119140625,52.43878173828125,0.0,0.0,98.4892120361328,111.37179565429688,0.0,0.0,125.25408935546876,143.4286346435547,0.0,0.0,99.77098846435548,158.68658447265625,0.0,0.0,0.0,0.0,0.0,0.0,0.0,0.0
186,168.47439575195312,47.56131362915039,0.0,0.0,167.23965454101562,40.99745178222656,0.0,0.0,152.50778198242188,35.974464416503906,152.97994995117188,65.08052062988281,117.4900131225586,56.27732467651367,151.9439697265625,115.54956817626952,103.3119659423828,109.08432006835938,0.0,0.0,131.04176330566406,146.9449462890625,125.0143585205078,158.8592529296875,99.76007843017578,157.2781219482422,0.0,0.0,0.0,0.0,0.0,0.0,0.0,0.0
187,167.51409912109375,50.75690460205078,0.0,0.0,167.62667846679688,44.80848693847656,0.0,0.0,151.28846740722656,36.5614128112793,139.3258514404297,59.801490783691406,121.84292602539062,53.71693420410156,0.0,0.0,121.2870864868164,109.2165756225586,0.0,0.0,140.64572143554688,146.73284912109375,116.51913452148438,155.01443481445312,103.78807067871094,154.92794799804688,0.0,0.0,0.0,0.0,0.0,0.0,0.0,0.0
188,167.61131286621094,55.23770904541016,0.0,0.0,169.26544189453125,49.63864135742188,0.0,0.0,154.55081176757812,38.92820739746094,121.44351959228516,55.19074249267578,128.00218200683594,55.13614654541016,0.0,0.0,128.29310607910156,109.39376831054688,0.0,0.0,148.8942108154297,144.7635955810547,106.531005859375,154.163818359375,109.93024444580078,157.93392944335938,0.0,0.0,0.0,0.0,0.0,0.0,0.0,0.0
189,165.87820434570312,56.25791931152344,0.0,0.0,166.47933959960938,50.57127380371094,0.0,0.0,151.68824768066406,39.953704833984375,132.17807006835938,57.11672592163086,122.45227813720705,56.68377685546875,0.0,0.0,121.93972778320312,113.84170532226562,0.0,0.0,153.21469116210938,145.2843780517578,119.31063842773438,151.6815185546875,112.45172882080078,155.59207153320312,0.0,0.0,0.0,0.0,0.0,0.0,0.0,0.0
190,166.75518798828125,55.812896728515625,0.0,0.0,166.58383178710938,49.670928955078125,0.0,0.0,150.0721893310547,38.84377670288086,136.81504821777344,58.88802337646485,120.85973358154295,55.764793395996094,0.0,0.0,119.76261901855467,115.11669921875,0.0,0.0,149.00869750976562,150.37477111816406,122.94593811035156,156.3927764892578,111.76680755615234,158.8523406982422,0.0,0.0,0.0,0.0,0.0,0.0,0.0,0.0
191,168.84603881835938,57.072509765625,0.0,0.0,168.09521484375,50.800880432128906,0.0,0.0,151.1552734375,39.59833526611328,140.1627197265625,59.066009521484375,124.74794006347656,54.694297790527344,0.0,0.0,125.9268035888672,112.09495544433594,0.0,0.0,157.1986083984375,147.0730438232422,123.9628448486328,153.0947265625,112.70368194580078,154.49468994140625,0.0,0.0,0.0,0.0,0.0,0.0,0.0,0.0
192,168.37496948242188,58.17341613769531,0.0,0.0,168.9190216064453,52.27337646484375,0.0,0.0,154.37008666992188,39.67454528808594,141.8827362060547,59.4809799194336,125.0933609008789,55.10490417480469,0.0,0.0,125.13114166259766,112.33233642578124,0.0,0.0,156.76609802246094,147.68255615234375,124.29685974121094,153.76702880859375,112.08430480957033,155.343994140625,0.0,0.0,0.0,0.0,0.0,0.0,0.0,0.0
193,0.0,0.0,0.0,0.0,0.0,0.0,0.0,0.0,159.58534240722656,36.74508666992188,134.85491943359375,57.86707305908203,139.0914306640625,56.10399627685547,0.0,0.0,137.5146026611328,106.63690185546876,0.0,0.0,158.42459106445312,146.3868408203125,115.38619995117188,149.5249786376953,117.70494842529295,151.054443359375,0.0,0.0,0.0,0.0,0.0,0.0,0.0,0.0
194,163.96292114257812,44.465179443359375,0.0,0.0,0.0,0.0,0.0,0.0,160.5361328125,38.3232307434082,135.204833984375,58.48738098144531,135.2491455078125,54.66926956176758,131.62376403808594,108.35313415527344,130.7556610107422,110.18859100341795,0.0,0.0,0.0,0.0,118.252685546875,147.896240234375,115.8014144897461,150.1692657470703,0.0,0.0,0.0,0.0,0.0,0.0,0.0,0.0
195,171.86903381347656,58.57813262939453,0.0,0.0,174.1197967529297,53.81250762939453,0.0,0.0,165.0869903564453,46.201454162597656,130.66574096679688,60.0683822631836,135.5020751953125,57.81047058105469,0.0,0.0,132.03445434570312,109.86288452148438,0.0,0.0,157.131591796875,147.54315185546875,113.07159423828124,151.11151123046875,115.052978515625,154.57725524902344,0.0,0.0,0.0,0.0,0.0,0.0,0.0,0.0
196,175.32135009765625,55.974639892578125,0.0,0.0,176.41268920898438,51.085845947265625,0.0,0.0,163.80648803710938,43.887939453125,134.08619689941406,60.04664993286133,136.04371643066406,57.940067291259766,0.0,0.0,132.93731689453125,110.0872039794922,0.0,0.0,157.63101196289062,147.6749725341797,113.58426666259766,146.6328125,114.37176513671876,149.13131713867188,0.0,0.0,0.0,0.0,0.0,0.0,0.0,0.0
197,173.35107421875,61.853492736816406,0.0,0.0,175.26954650878906,56.99622344970703,0.0,0.0,163.28863525390625,45.54269027709961,134.96823120117188,58.87639999389648,133.42478942871094,58.80304718017578,0.0,0.0,128.51023864746094,112.29015350341795,0.0,0.0,154.8106689453125,148.25209045410156,116.83889770507812,146.58326721191406,115.56275939941406,150.70233154296875,0.0,0.0,0.0,0.0,0.0,0.0,0.0,0.0
198,175.71640014648438,62.367652893066406,0.0,0.0,177.59780883789062,57.67863464355469,0.0,0.0,166.43994140625,47.63507843017578,135.6575164794922,60.661354064941406,135.1348876953125,60.359642028808594,0.0,0.0,130.3062286376953,112.83342742919922,0.0,0.0,157.03164672851562,148.48062133789062,115.85826110839844,147.0272979736328,115.01390075683594,151.58763122558594,0.0,0.0,0.0,0.0,0.0,0.0,0.0,0.0
199,176.1856231689453,61.91534805297852,0.0,0.0,177.8389892578125,57.19829177856445,0.0,0.0,166.1938934326172,47.15116882324219,137.72418212890625,61.19915008544922,134.81680297851562,59.99698638916016,0.0,0.0,129.8598175048828,111.57009887695312,0.0,0.0,157.6282958984375,145.17889404296875,117.0033950805664,145.06124877929688,114.58340454101562,148.97909545898438,0.0,0.0,0.0,0.0,0.0,0.0,0.0,0.0
200,177.19715881347656,62.31208419799805,0.0,0.0,178.9178466796875,57.32819366455078,0.0,0.0,167.00320434570312,46.72663879394531,138.58660888671875,62.0435676574707,135.1065216064453,60.16414642333984,0.0,0.0,129.09439086914062,113.90872955322266,0.0,0.0,155.91488647460938,148.8517303466797,117.91764068603516,147.9129638671875,115.29832458496094,151.5811767578125,0.0,0.0,0.0,0.0,0.0,0.0,0.0,0.0
201,175.60403442382812,62.76169204711914,0.0,0.0,177.51913452148438,58.30921173095703,0.0,0.0,167.04977416992188,48.29477310180664,135.64581298828125,59.95694732666016,137.93080139160156,59.96757125854492,0.0,0.0,132.88014221191406,111.64613342285156,0.0,0.0,159.93521118164062,146.52337646484375,116.15013122558594,146.07716369628906,117.02288818359376,150.37220764160156,0.0,0.0,0.0,0.0,0.0,0.0,0.0,0.0
202,175.5688018798828,59.81265258789063,0.0,0.0,177.1011962890625,55.4616813659668,0.0,0.0,166.3029022216797,46.939544677734375,133.4700927734375,59.221622467041016,139.099853515625,60.19048309326172,0.0,0.0,133.87240600585938,111.37069702148438,0.0,0.0,159.57363891601562,148.1548614501953,114.29688262939452,145.1587677001953,117.58612060546876,149.7021484375,0.0,0.0,0.0,0.0,0.0,0.0,0.0,0.0
203,175.16099548339844,63.145416259765625,0.0,0.0,177.48959350585938,58.67807388305664,0.0,0.0,167.48562622070312,48.13862609863281,137.89678955078125,60.46900939941406,136.30711364746094,60.48854446411133,0.0,0.0,131.4383087158203,113.3051528930664,0.0,0.0,159.04522705078125,149.16006469726562,119.31124877929688,147.00173950195312,117.71207427978516,151.59751892089844,0.0,0.0,0.0,0.0,0.0,0.0,0.0,0.0
204,175.22686767578125,58.20682907104492,0.0,0.0,176.5001220703125,53.4279670715332,0.0,0.0,167.6343231201172,46.60038757324219,142.19972229003906,63.59550476074219,136.72933959960938,59.32173538208008,0.0,0.0,128.99098205566406,112.30168151855467,0.0,0.0,160.58963012695312,148.58448791503906,122.23934936523438,147.95986938476562,117.4749755859375,150.3175048828125,0.0,0.0,0.0,0.0,0.0,0.0,0.0,0.0
205,176.134765625,61.31784057617188,0.0,0.0,177.78150939941406,56.51454925537109,0.0,0.0,167.67294311523438,47.60198593139648,144.25070190429688,64.08019256591797,134.657958984375,60.12358856201172,0.0,0.0,128.29945373535156,113.2913589477539,0.0,0.0,158.69366455078125,149.5063934326172,124.45645141601562,147.60679626464844,117.18701171875,150.30654907226562,0.0,0.0,0.0,0.0,0.0,0.0,0.0,0.0
206,164.33203125,45.09958267211914,0.0,0.0,164.93026733398438,39.95504760742188,0.0,0.0,162.22125244140625,39.054664611816406,144.38638305664062,64.23127746582031,138.27378845214844,57.48237609863281,138.8201904296875,112.57313537597656,134.6055145263672,112.58663940429688,0.0,0.0,0.0,0.0,122.1491241455078,148.69766235351562,116.22686004638672,149.08233642578125,0.0,0.0,0.0,0.0,0.0,0.0,0.0,0.0
207,176.69473266601562,62.59886169433594,0.0,0.0,179.0093994140625,57.936744689941406,0.0,0.0,167.7398223876953,47.16616821289063,141.42721557617188,61.6846923828125,136.3559112548828,59.53620910644531,0.0,0.0,132.6853485107422,112.74237823486328,0.0,0.0,163.1468505859375,148.2301483154297,121.99836730957033,146.9318389892578,118.03386688232422,149.94277954101562,0.0,0.0,0.0,0.0,0.0,0.0,0.0,0.0
208,175.322021484375,58.54923248291016,0.0,0.0,176.5553436279297,53.52804565429688,0.0,0.0,163.0356903076172,43.68745422363281,142.4653778076172,61.37183380126953,133.96023559570312,57.93935394287109,0.0,0.0,131.28916931152344,111.1400909423828,0.0,0.0,162.72164916992188,146.53216552734375,125.35507202148438,145.8372802734375,119.31068420410156,147.77166748046875,0.0,0.0,0.0,0.0,0.0,0.0,0.0,0.0
209,176.706298828125,58.97540283203125,0.0,0.0,178.39378356933594,53.8944206237793,0.0,0.0,166.26730346679688,42.794918060302734,145.67291259765625,60.94633483886719,134.70663452148438,57.0400619506836,0.0,0.0,129.984375,109.26962280273438,0.0,0.0,160.18788146972656,146.76669311523438,124.618408203125,143.69056701660156,117.04483032226562,145.670654296875,0.0,0.0,0.0,0.0,0.0,0.0,0.0,0.0
210,176.856201171875,56.81804275512695,0.0,0.0,177.99012756347656,51.64911651611328,0.0,0.0,163.55081176757812,40.85713958740234,144.9546356201172,59.741432189941406,132.3474578857422,56.93756484985352,0.0,0.0,129.7438507080078,110.49918365478516,0.0,0.0,163.59141540527344,140.93255615234375,126.96868133544922,143.73809814453125,118.74449920654295,146.37835693359375,0.0,0.0,0.0,0.0,0.0,0.0,0.0,0.0
211,177.03749084472656,55.402862548828125,0.0,0.0,176.55599975585938,49.270790100097656,0.0,0.0,160.2238311767578,40.413700103759766,161.9712371826172,63.73832321166992,126.39767456054688,59.65494918823242,0.0,0.0,119.98372650146484,111.78325653076172,0.0,0.0,163.33038330078125,131.14695739746094,136.70887756347656,152.42733764648438,112.5142059326172,152.74481201171875,0.0,0.0,0.0,0.0,0.0,0.0,0.0,0.0
212,176.09088134765625,50.793643951416016,0.0,0.0,175.4308319091797,44.947998046875,0.0,0.0,159.85894775390625,37.179786682128906,158.60140991210938,63.73625183105469,128.83474731445312,56.041725158691406,0.0,0.0,126.59478759765624,106.09912872314452,0.0,0.0,162.4659423828125,130.78558349609375,137.2178192138672,147.01171875,117.85169219970705,146.29425048828125,0.0,0.0,0.0,0.0,0.0,0.0,0.0,0.0
213,176.7769775390625,48.89165496826172,0.0,0.0,175.4478759765625,42.6385612487793,0.0,0.0,157.76300048828125,36.55196380615234,160.8724365234375,65.0496597290039,127.71665954589844,57.6638298034668,0.0,0.0,124.80796813964844,110.08122253417967,0.0,0.0,162.75633239746094,116.3864288330078,139.87118530273438,152.097412109375,117.80245971679688,150.507568359375,0.0,0.0,0.0,0.0,0.0,0.0,0.0,0.0
214,178.52423095703125,47.00504302978516,0.0,0.0,176.61749267578125,40.10016632080078,0.0,0.0,157.290283203125,34.68616485595703,166.75062561035156,67.10736846923828,123.49087524414062,59.441200256347656,0.0,0.0,119.84503173828124,106.96339416503906,0.0,0.0,161.64346313476562,112.80431365966795,142.50064086914062,154.36378479003906,114.01968383789062,152.4564208984375,0.0,0.0,0.0,0.0,0.0,0.0,0.0,0.0
215,182.31646728515625,48.711082458496094,0.0,0.0,181.20578002929688,42.209903717041016,0.0,0.0,166.28872680664062,36.94359588623047,162.66004943847656,67.31586456298828,136.72235107421875,62.12812805175781,0.0,0.0,130.72694396972656,117.20574951171876,0.0,0.0,158.19021606445312,111.36532592773438,139.0054473876953,155.55905151367188,120.84806060791016,155.54197692871094,0.0,0.0,0.0,0.0,0.0,0.0,0.0,0.0
216,178.81822204589844,44.47414779663086,0.0,0.0,177.32762145996094,37.95837020874024,0.0,0.0,159.78707885742188,31.586894989013672,158.11546325683594,62.00990676879883,128.65234375,54.10905456542969,0.0,0.0,122.6719970703125,104.52835845947266,0.0,0.0,157.2362823486328,107.1635513305664,139.00340270996094,148.65480041503906,118.6330108642578,147.80752563476562,0.0,0.0,0.0,0.0,0.0,0.0,0.0,0.0
217,176.22872924804688,38.17076873779297,0.0,0.0,173.14309692382812,31.038715362548828,0.0,0.0,154.7237548828125,27.154205322265625,162.79354858398438,61.943729400634766,123.60455322265624,51.86503601074219,0.0,0.0,118.13904571533205,106.3901596069336,0.0,0.0,156.31192016601562,106.4290542602539,142.7869873046875,157.19932556152344,116.1545639038086,155.0550537109375,0.0,0.0,0.0,0.0,0.0,0.0,0.0,0.0
218,177.99745178222656,35.64387512207031,0.0,0.0,175.06202697753906,29.063491821289062,0.0,0.0,156.2130584716797,25.173736572265625,156.3128662109375,58.44359970092773,125.86930847167967,50.052879333496094,0.0,0.0,119.61566162109376,102.53194427490234,0.0,0.0,155.5615234375,106.18307495117188,137.7981719970703,152.92079162597656,116.7513427734375,152.49658203125,0.0,0.0,0.0,0.0,0.0,0.0,0.0,0.0
219,169.41326904296875,29.45867919921875,0.0,0.0,166.60769653320312,22.75971221923828,0.0,0.0,152.8704833984375,20.26221466064453,155.752197265625,55.26424407958984,124.78565979003906,48.894927978515625,0.0,0.0,118.2522964477539,109.60211944580078,0.0,0.0,154.05426025390625,103.55046081542967,137.91665649414062,151.5117950439453,117.01339721679688,151.94427490234375,0.0,0.0,0.0,0.0,0.0,0.0,0.0,0.0
220,173.91104125976562,27.932151794433597,0.0,0.0,170.8241424560547,21.24276733398437,0.0,0.0,155.5458984375,20.126724243164062,155.13262939453125,55.957427978515625,125.5012664794922,48.14456558227539,0.0,0.0,117.15399932861328,104.53648376464844,0.0,0.0,156.4710693359375,100.29007720947266,133.66586303710938,151.6053466796875,113.60391235351562,151.67462158203125,0.0,0.0,0.0,0.0,0.0,0.0,0.0,0.0
221,155.89112854003906,15.330406188964844,0.0,0.0,153.1259307861328,9.962928771972656,0.0,0.0,0.0,0.0,159.11143493652344,48.64686965942383,135.48269653320312,45.25437927246094,160.50486755371094,99.87471771240234,129.77308654785156,98.0242156982422,179.9608917236328,88.28811645507812,167.9188232421875,89.51323699951172,140.6735076904297,148.30209350585938,123.7869110107422,149.575927734375,0.0,0.0,0.0,0.0,0.0,0.0,0.0,0.0
222,168.073974609375,20.94013214111328,0.0,0.0,163.6909942626953,15.05621337890625,0.0,0.0,150.17913818359375,15.309455871582031,161.07171630859375,49.40744400024414,128.31570434570312,44.48237609863281,161.75967407226562,98.95599365234376,132.78302001953125,94.848876953125,178.9134521484375,93.302001953125,175.8129119873047,90.2730712890625,145.065185546875,148.1341552734375,120.73722839355467,148.69125366210938,0.0,0.0,0.0,0.0,0.0,0.0,0.0,0.0
223,169.37045288085938,20.577423095703125,0.0,0.0,165.2533416748047,14.632949829101562,0.0,0.0,151.72439575195312,14.098167419433594,156.72152709960938,45.48293685913086,129.19424438476562,41.85058975219727,0.0,0.0,133.81021118164062,100.65664672851562,0.0,0.0,179.12046813964844,89.72837829589844,142.39401245117188,151.8461151123047,121.8091278076172,153.89663696289062,0.0,0.0,0.0,0.0,0.0,0.0,0.0,0.0
224,175.07162475585938,24.879955291748047,0.0,0.0,173.4454345703125,16.86050796508789,0.0,0.0,157.75177001953125,10.03655242919922,154.6893768310547,46.3800163269043,124.64127349853516,41.42458724975586,0.0,0.0,127.8043212890625,104.4262237548828,186.0845947265625,95.50558471679688,185.38604736328125,93.58868408203124,143.75238037109375,157.22039794921875,121.19474792480467,159.95269775390625,0.0,0.0,0.0,0.0,0.0,0.0,0.0,0.0
225,170.38839721679688,20.89901733398437,0.0,0.0,167.481689453125,13.228271484375,0.0,0.0,154.92259216308594,10.476081848144531,155.94061279296875,47.53408050537109,126.54518127441406,41.6939697265625,0.0,0.0,131.62464904785156,106.54715728759766,0.0,0.0,188.6510467529297,92.04031372070312,142.7238311767578,157.7154541015625,120.1794891357422,160.0177001953125,0.0,0.0,0.0,0.0,0.0,0.0,0.0,0.0
226,172.70599365234375,18.29824447631836,0.0,0.0,169.4435577392578,10.712562561035156,0.0,0.0,155.02542114257812,8.904411315917969,159.1268768310547,47.94464492797852,124.73323059082033,38.48747253417969,0.0,0.0,134.72164916992188,96.16983032226562,0.0,0.0,191.0193634033203,90.73253631591795,146.46524047851562,155.90301513671875,120.03429412841795,156.74661254882812,0.0,0.0,0.0,0.0,0.0,0.0,0.0,0.0
227,177.02096557617188,14.259002685546877,0.0,0.0,173.8523712158203,6.339088439941406,0.0,0.0,157.88710021972656,5.608634948730469,151.68829345703125,45.03734970092773,132.2932891845703,39.229740142822266,0.0,0.0,149.58218383789062,103.78795623779295,0.0,0.0,194.88702392578125,89.3315200805664,136.5171661376953,158.04266357421875,120.73371124267578,160.208984375,0.0,0.0,0.0,0.0,0.0,0.0,0.0,0.0
228,175.40826416015625,20.1211051940918,0.0,0.0,174.00157165527344,12.42121124267578,0.0,0.0,158.0198516845703,8.621711730957031,147.58837890625,43.7107048034668,128.37570190429688,36.87556457519531,0.0,0.0,149.4733123779297,94.60992431640624,0.0,0.0,194.53079223632807,89.52287292480469,136.69427490234375,158.8195343017578,121.21932220458984,161.24826049804688,0.0,0.0,0.0,0.0,0.0,0.0,0.0,0.0
229,0.0,0.0,0.0,0.0,0.0,0.0,0.0,0.0,163.06703186035156,7.602161407470703,149.5301513671875,45.42693328857422,128.97657775878906,38.582313537597656,158.2264404296875,105.4923095703125,144.86871337890625,101.58294677734376,0.0,0.0,189.3373565673828,89.16869354248047,139.79910278320312,157.69424438476562,123.20394897460938,159.8741455078125,0.0,0.0,0.0,0.0,0.0,0.0,0.0,0.0
230,0.0,0.0,0.0,0.0,175.47303771972656,11.997276306152344,0.0,0.0,158.71505737304688,7.358299255371094,149.3203582763672,43.103790283203125,129.94210815429688,39.40362548828125,0.0,0.0,142.52781677246094,107.1188507080078,0.0,0.0,186.6107482910156,88.44898986816406,144.66693115234375,162.8121337890625,131.2959442138672,165.83642578125,0.0,0.0,0.0,0.0,0.0,0.0,0.0,0.0
231,168.87501525878906,13.185813903808594,0.0,0.0,165.46214294433594,6.466667175292969,0.0,0.0,151.025390625,6.115325927734375,162.14723205566406,47.50373840332031,120.18973541259766,36.42948913574219,167.32794189453125,98.79705047607422,102.76775360107422,87.47354125976562,190.2196044921875,96.42234802246094,137.31878662109375,103.8910675048828,154.30584716796875,148.11546325683594,126.34091186523438,147.2859649658203,0.0,0.0,0.0,0.0,0.0,0.0,0.0,0.0
232,0.0,0.0,0.0,0.0,0.0,0.0,0.0,0.0,155.2019805908203,6.569427490234375,169.604736328125,50.30778503417969,120.6188507080078,40.80259704589844,177.70159912109375,106.08024597167967,107.55633544921876,90.05662536621094,189.73960876464844,98.0897216796875,167.14334106445312,87.87208557128906,165.94766235351562,165.92013549804688,132.41409301757812,166.75648498535156,0.0,0.0,0.0,0.0,0.0,0.0,0.0,0.0
233,173.78709411621094,14.049095153808594,0.0,0.0,170.426025390625,6.771881103515625,0.0,0.0,151.57496643066406,5.669403076171875,166.40711975097656,49.466339111328125,115.78736877441406,39.484619140625,187.3319091796875,98.3244400024414,98.78717041015624,87.6156997680664,187.6669006347656,97.82249450683594,161.91134643554688,93.8369140625,155.44149780273438,151.17471313476562,123.43569946289062,150.9608154296875,0.0,0.0,0.0,0.0,0.0,0.0,0.0,0.0
234,179.5511474609375,19.85772705078125,0.0,0.0,174.5749053955078,13.165359497070312,0.0,0.0,154.22193908691406,10.731887817382812,175.45465087890625,43.88429260253906,121.00839233398438,40.355247497558594,189.70469665527344,93.41805267333984,101.86701202392578,89.72312927246094,180.99639892578125,95.0514907836914,154.827392578125,94.80818939208984,158.3428192138672,154.8306121826172,123.71565246582033,156.19935607910156,0.0,0.0,0.0,0.0,0.0,0.0,0.0,0.0
235,177.57081604003906,16.71459197998047,0.0,0.0,173.0513916015625,9.05376434326172,0.0,0.0,154.7259521484375,7.18951416015625,169.17880249023438,49.069610595703125,120.4228973388672,38.717041015625,0.0,0.0,93.1953125,83.04769897460938,0.0,0.0,149.92970275878906,92.05780029296876,159.4530792236328,160.42625427246094,128.48828125,160.3328399658203,0.0,0.0,0.0,0.0,0.0,0.0,0.0,0.0
236,178.4449920654297,19.8787841796875,0.0,0.0,176.9456787109375,13.028701782226562,0.0,0.0,158.93785095214844,8.566757202148438,164.24183654785156,48.70513916015625,122.35804748535156,34.98029327392578,0.0,0.0,104.82714080810548,81.99542236328125,185.50100708007807,101.6242446899414,154.7023162841797,90.51581573486328,145.9441375732422,147.1867218017578,119.86740112304688,144.8792724609375,0.0,0.0,138.267578125,206.7606201171875,0.0,0.0,0.0,0.0
237,182.37423706054688,24.57240295410156,0.0,0.0,179.44769287109375,17.30573272705078,0.0,0.0,162.28445434570312,13.312858581542969,170.29336547851562,54.871192932128906,125.37879943847656,38.76229095458984,0.0,0.0,97.44235229492188,71.44420623779297,185.8897247314453,108.28326416015624,150.72268676757812,88.4056396484375,155.73556518554688,164.8488311767578,127.9487533569336,163.46517944335938,0.0,0.0,0.0,0.0,0.0,0.0,0.0,0.0
238,183.01364135742188,24.275047302246094,0.0,0.0,180.6993865966797,16.2977294921875,0.0,0.0,162.10055541992188,11.150993347167969,168.1886444091797,54.18732452392578,123.85043334960938,38.02903747558594,0.0,0.0,102.15686798095705,76.5754165649414,0.0,0.0,152.40005493164062,88.01165771484375,153.82455444335938,169.59254455566406,125.4504852294922,167.55886840820312,0.0,0.0,0.0,0.0,0.0,0.0,0.0,0.0
239,180.55252075195312,20.22474670410156,0.0,0.0,177.37994384765625,12.452896118164062,0.0,0.0,159.82937622070312,9.35297393798828,168.82461547851562,54.08489227294922,123.53046417236328,37.682762145996094,0.0,0.0,97.31533813476562,74.76992797851562,0.0,0.0,150.75479125976562,87.50404357910156,156.54208374023438,169.50978088378906,127.80386352539062,167.6114501953125,0.0,0.0,0.0,0.0,0.0,0.0,0.0,0.0
240,182.9952087402344,25.75019836425781,0.0,0.0,180.5286865234375,17.78771209716797,0.0,0.0,162.0260467529297,12.293853759765623,169.62228393554688,53.68547058105469,123.90380096435548,38.357269287109375,0.0,0.0,100.8406982421875,81.614990234375,0.0,0.0,150.18820190429688,89.08258056640625,155.26199340820312,165.56915283203125,126.29957580566406,163.9796142578125,0.0,0.0,0.0,0.0,0.0,0.0,0.0,0.0
241,182.6595764160156,22.48228454589844,0.0,0.0,180.19851684570312,13.433013916015623,0.0,0.0,160.0613555908203,8.279716491699219,163.6062469482422,54.550323486328125,124.08802795410156,38.58076477050781,0.0,0.0,117.0433578491211,91.42555236816406,0.0,0.0,158.02752685546875,92.25250244140624,151.4178466796875,176.36154174804688,125.73965454101562,174.09996032714844,0.0,0.0,0.0,0.0,0.0,0.0,0.0,0.0
242,184.82034301757807,26.393821716308597,0.0,0.0,184.0267333984375,17.849136352539062,0.0,0.0,165.38560485839844,11.120368957519531,159.6016082763672,52.82293701171875,128.0979461669922,39.44625854492188,0.0,0.0,121.49795532226562,86.36048126220703,0.0,0.0,164.24981689453125,88.85005187988281,150.4839324951172,168.455078125,129.16529846191406,167.8986358642578,0.0,0.0,0.0,0.0,0.0,0.0,0.0,0.0
243,180.80120849609372,17.546165466308594,0.0,0.0,178.54318237304688,9.73162841796875,0.0,0.0,161.22174072265625,6.603973388671875,157.97146606445312,48.887725830078125,127.82171630859376,37.33416748046875,0.0,0.0,117.39222717285156,83.27415466308594,0.0,0.0,169.5613250732422,89.54824829101562,151.1775360107422,156.6219482421875,130.71969604492188,156.76898193359375,0.0,0.0,0.0,0.0,0.0,0.0,0.0,0.0
244,180.97238159179688,18.29574584960937,0.0,0.0,178.0792236328125,10.43718719482422,0.0,0.0,160.66036987304688,7.2737274169921875,161.59164428710938,52.08692932128906,127.43038940429688,37.98870849609375,0.0,0.0,108.95921325683594,79.15011596679688,0.0,0.0,158.6272735595703,86.16259002685547,156.60260009765625,161.7637176513672,134.2733917236328,160.89169311523438,0.0,0.0,0.0,0.0,0.0,0.0,0.0,0.0
245,181.157958984375,26.40435791015625,0.0,0.0,182.3785095214844,18.338836669921875,0.0,0.0,169.10830688476562,10.279647827148438,138.49781799316406,45.904090881347656,136.5226287841797,39.30995941162109,0.0,0.0,131.39492797851562,92.38175201416016,0.0,0.0,174.39842224121094,84.42877197265625,137.4796905517578,170.3336944580078,136.57606506347656,174.01004028320312,0.0,0.0,0.0,0.0,0.0,0.0,0.0,0.0
246,0.0,0.0,0.0,0.0,0.0,0.0,0.0,0.0,164.223876953125,7.619712829589844,155.36419677734375,46.63311767578125,130.52740478515625,36.68988800048828,0.0,0.0,109.22307586669922,81.97473907470703,0.0,0.0,155.89601135253906,86.63468170166016,155.0202178955078,166.28070068359375,138.10614013671875,167.86181640625,0.0,0.0,0.0,0.0,0.0,0.0,0.0,0.0
247,179.64588928222656,20.938331604003903,0.0,0.0,179.949951171875,13.659172058105469,0.0,0.0,168.3173370361328,8.09527587890625,153.2450408935547,46.32574462890625,131.77536010742188,36.20782470703125,0.0,0.0,114.07220458984376,88.60558319091797,0.0,0.0,166.04052734375,84.53607177734375,150.13121032714844,161.47181701660156,135.82656860351562,163.07472229003906,0.0,0.0,0.0,0.0,0.0,0.0,0.0,0.0
248,185.1447296142578,20.10003662109375,0.0,0.0,183.78057861328125,12.955001831054688,0.0,0.0,165.26800537109375,7.759735107421875,134.07135009765625,40.404388427734375,139.0579071044922,40.72828674316406,0.0,0.0,130.4484100341797,97.07714080810548,0.0,0.0,176.57321166992188,114.10883331298828,131.94410705566406,156.9129638671875,136.29600524902344,161.62059020996094,0.0,0.0,0.0,0.0,0.0,0.0,0.0,0.0
249,177.97203063964844,21.33123779296875,0.0,0.0,177.33416748046875,13.42181396484375,0.0,0.0,165.73651123046875,7.501190185546875,143.95933532714844,48.43437194824219,134.40451049804688,37.65190887451172,0.0,0.0,110.25384521484376,92.06077575683594,0.0,0.0,140.70440673828125,98.03903198242188,144.25465393066406,168.966796875,138.91629028320312,170.40771484375,0.0,0.0,0.0,0.0,0.0,0.0,0.0,0.0
250,175.7835235595703,23.23455047607422,0.0,0.0,175.03172302246094,15.707984924316406,0.0,0.0,161.3789825439453,9.100845336914062,152.31654357910156,47.1559944152832,130.04141235351562,36.550437927246094,0.0,0.0,106.06065368652344,90.7522201538086,0.0,0.0,128.11253356933594,119.18292236328124,147.1594696044922,154.8658447265625,133.46005249023438,155.0867919921875,0.0,0.0,0.0,0.0,0.0,0.0,0.0,0.0
251,0.0,0.0,0.0,0.0,180.59991455078125,13.951156616210938,0.0,0.0,161.7532501220703,7.82489013671875,160.00442504882812,44.1998291015625,131.17935180664062,40.03916931152344,163.24725341796875,111.33577728271484,130.91436767578125,110.46728515625,0.0,0.0,180.996826171875,131.3427276611328,152.3910675048828,165.52853393554688,133.58154296875,168.20416259765625,0.0,0.0,0.0,0.0,0.0,0.0,0.0,0.0
252,0.0,0.0,0.0,0.0,0.0,0.0,0.0,0.0,160.9896697998047,6.593414306640625,152.69839477539062,44.65337371826172,130.54713439941406,43.361419677734375,158.8585662841797,111.65996551513672,132.62680053710938,120.5323486328125,0.0,0.0,183.0508575439453,136.00875854492188,154.9765625,174.30038452148438,139.8275604248047,178.77076721191406,0.0,0.0,0.0,0.0,0.0,0.0,0.0,0.0
253,176.5155792236328,21.519371032714844,0.0,0.0,174.0178680419922,13.496002197265623,0.0,0.0,156.27877807617188,7.837997436523437,155.02548217773438,46.20164489746094,128.0786895751953,44.12940979003906,163.07550048828125,111.30663299560548,132.19798278808594,119.36941528320312,191.0066680908203,122.07481384277344,183.20953369140625,129.60789489746094,156.81390380859375,172.80958557128906,138.2629852294922,176.6266326904297,0.0,0.0,0.0,0.0,0.0,0.0,0.0,0.0
254,177.82980346679688,23.79345703125,0.0,0.0,176.01251220703125,16.50548553466797,0.0,0.0,160.05068969726562,10.679065704345703,158.7667999267578,47.97724914550781,126.51244354248048,40.69219207763672,162.93344116210938,100.3778839111328,105.81472778320312,96.7448272705078,193.2454376220703,110.0539779663086,135.28184509277344,124.4761962890625,155.70480346679688,149.0380096435547,135.1372833251953,151.126220703125,0.0,0.0,0.0,0.0,0.0,0.0,0.0,0.0
255,178.99453735351562,25.30585479736328,0.0,0.0,177.67498779296875,17.804027557373047,0.0,0.0,161.03416442871094,11.628219604492188,156.78436279296875,47.72780990600586,126.20758056640624,41.5809326171875,157.89852905273438,99.12605285644533,104.04080200195312,97.08576965332033,178.19595336914062,105.62020874023438,138.4815673828125,115.56283569335938,154.78176879882812,151.33209228515625,134.8577117919922,153.83522033691406,0.0,0.0,0.0,0.0,0.0,0.0,0.0,0.0
256,177.88644409179688,24.329326629638672,0.0,0.0,176.23934936523438,16.966815948486328,0.0,0.0,159.38619995117188,10.748451232910156,158.24551391601562,47.58692169189453,125.3092803955078,40.4728889465332,163.5142364501953,99.38710021972656,107.86837768554688,97.1326675415039,186.8884735107422,106.25243377685548,155.01040649414062,112.9765396118164,150.76138305664062,145.41371154785156,130.24436950683594,147.16107177734375,0.0,0.0,0.0,0.0,0.0,0.0,0.0,0.0
257,183.89190673828125,22.7264404296875,0.0,0.0,180.9308319091797,15.446487426757812,0.0,0.0,162.17379760742188,10.320068359375,164.8150177001953,47.603492736816406,127.19859313964844,41.7711181640625,173.46588134765625,101.61067199707033,109.4743194580078,101.6968994140625,202.9315185546875,105.37025451660156,163.05609130859375,114.79553985595705,156.63699340820312,166.76434326171875,132.57803344726562,169.18907165527344,0.0,0.0,0.0,0.0,0.0,0.0,0.0,0.0
258,0.0,0.0,0.0,0.0,0.0,0.0,0.0,0.0,161.22764587402344,7.0247650146484375,165.14846801757812,48.41444396972656,125.0771484375,39.55877685546875,172.47286987304688,106.61636352539062,102.81541442871094,97.23356628417967,199.4081268310547,105.48532104492188,158.8343963623047,112.43473052978516,164.17698669433594,174.900390625,138.04611206054688,177.20254516601562,0.0,0.0,0.0,0.0,0.0,0.0,0.0,0.0
259,181.57632446289065,20.37664794921875,0.0,0.0,179.1096649169922,13.085372924804688,0.0,0.0,161.97796630859375,7.221244812011719,164.1879119873047,49.29708480834961,123.36346435546876,36.65818786621094,171.35536193847656,106.91695404052734,97.68602752685548,92.75296020507812,204.7769317626953,105.36384582519533,155.51353454589844,112.76736450195312,160.3984375,161.47239685058594,134.65455627441406,163.39767456054688,0.0,0.0,0.0,0.0,0.0,0.0,0.0,0.0
260,177.679931640625,21.257080078125,0.0,0.0,174.5664520263672,13.894088745117188,0.0,0.0,158.4879913330078,8.516319274902344,166.61642456054688,47.45680236816406,122.91826629638672,40.06002807617188,172.24606323242188,102.47866821289062,96.83586120605467,95.66947174072266,193.2239990234375,103.65925598144533,156.51351928710938,105.13996887207033,167.42022705078125,167.012451171875,139.04629516601562,169.83038330078125,0.0,0.0,0.0,0.0,0.0,0.0,0.0,0.0
261,177.38595581054688,22.196327209472656,0.0,0.0,174.65223693847656,15.418411254882812,0.0,0.0,158.32830810546875,10.57489013671875,163.68569946289062,47.16790771484375,123.70073699951172,41.2218017578125,163.00222778320312,104.22537231445312,99.97764587402344,98.7962646484375,173.81631469726562,103.00161743164062,155.94386291503906,107.84815979003906,164.920654296875,164.5301513671875,138.73158264160156,167.3955078125,0.0,0.0,0.0,0.0,0.0,0.0,0.0,0.0
262,187.98904418945312,20.934051513671875,0.0,0.0,184.802490234375,13.768325805664062,0.0,0.0,164.9896697998047,9.093643188476562,163.1457061767578,44.97761535644531,129.6289520263672,40.79730987548828,0.0,0.0,106.7848892211914,97.99989318847656,0.0,0.0,159.57237243652344,102.52886962890624,158.93118286132812,161.27389526367188,136.99575805664062,164.57481384277344,0.0,0.0,0.0,0.0,0.0,0.0,0.0,0.0
263,187.9842834472656,20.729217529296875,0.0,0.0,185.13119506835935,13.285385131835938,0.0,0.0,165.69659423828125,8.556594848632812,157.0789794921875,45.39501953125,131.278076171875,38.70452880859375,0.0,0.0,99.75022888183594,94.1968002319336,0.0,0.0,140.1429443359375,109.3165283203125,151.4246826171875,156.76800537109375,136.70706176757812,158.810302734375,0.0,0.0,0.0,0.0,0.0,0.0,0.0,0.0
264,188.33319091796875,21.545562744140625,0.0,0.0,186.2191162109375,14.043228149414062,0.0,0.0,168.0106201171875,9.08685302734375,138.30247497558594,40.80799102783203,140.83773803710938,41.41014099121094,0.0,0.0,123.86727905273438,100.08609008789062,0.0,0.0,172.37925720214844,98.5666046142578,138.08685302734375,155.2940673828125,139.5011444091797,160.75025939941406,0.0,0.0,0.0,0.0,0.0,0.0,0.0,0.0
265,184.05540466308597,24.84832000732422,0.0,0.0,182.897705078125,17.159564971923828,0.0,0.0,168.81553649902344,11.065135955810549,155.27810668945312,47.54965972900391,132.25140380859375,39.8087272644043,0.0,0.0,103.9500503540039,92.91319274902344,0.0,0.0,145.91525268554688,100.55284118652344,153.58116149902344,148.4281768798828,139.03126525878906,152.05264282226562,0.0,0.0,0.0,0.0,0.0,0.0,0.0,0.0
266,0.0,0.0,0.0,0.0,0.0,0.0,0.0,0.0,168.10317993164062,10.554420471191406,150.60667419433594,47.12910461425781,136.06724548339844,39.32212066650391,143.33731079101562,99.33313751220705,112.24282836914062,94.43546295166016,0.0,0.0,150.595703125,105.34040832519533,155.88107299804688,166.53994750976562,146.4428253173828,169.15887451171875,0.0,0.0,0.0,0.0,0.0,0.0,0.0,0.0
267,189.86134338378903,21.005050659179688,0.0,0.0,188.0420837402344,13.469757080078123,0.0,0.0,170.35812377929688,7.537872314453125,150.87020874023438,41.362152099609375,139.1129150390625,39.87194061279297,0.0,0.0,122.52562713623048,96.45171356201172,0.0,0.0,177.89463806152344,93.53933715820312,149.45330810546875,162.1004180908203,141.18963623046875,167.14320373535156,0.0,0.0,0.0,0.0,0.0,0.0,0.0,0.0
268,188.8124542236328,20.421676635742188,0.0,0.0,186.66053771972656,12.979248046875,0.0,0.0,168.76942443847656,6.8975372314453125,158.51986694335938,43.15992736816406,135.08750915527344,37.49259185791016,0.0,0.0,114.78207397460938,93.3547134399414,0.0,0.0,168.29470825195312,98.23384857177734,154.75253295898438,160.08053588867188,139.05978393554688,163.08839416503906,0.0,0.0,0.0,0.0,0.0,0.0,0.0,0.0
269,0.0,0.0,0.0,0.0,0.0,0.0,0.0,0.0,172.08082580566406,8.322914123535156,160.610107421875,46.45268249511719,135.25701904296875,41.17794799804688,0.0,0.0,120.713623046875,95.94881439208984,0.0,0.0,180.4735107421875,86.24899291992188,162.93759155273438,167.0986328125,144.6552276611328,171.043212890625,0.0,0.0,0.0,0.0,0.0,0.0,0.0,0.0
270,0.0,0.0,0.0,0.0,0.0,0.0,0.0,0.0,174.8922576904297,11.182647705078123,163.55694580078125,48.62615966796875,133.84835815429688,41.17817687988281,0.0,0.0,120.29299926757812,97.61750793457033,0.0,0.0,182.44680786132807,90.0279541015625,163.245849609375,170.8048553466797,144.61428833007812,174.4744415283203,0.0,0.0,0.0,0.0,0.0,0.0,0.0,0.0
271,0.0,0.0,0.0,0.0,0.0,0.0,0.0,0.0,179.37408447265625,11.310630798339844,156.1644287109375,48.1402587890625,135.759033203125,38.19080352783203,0.0,0.0,119.98162841796876,102.2178192138672,0.0,0.0,183.44387817382807,94.03569793701172,156.33470153808594,176.00393676757812,144.59246826171875,179.6429443359375,0.0,0.0,0.0,0.0,0.0,0.0,0.0,0.0
272,0.0,0.0,0.0,0.0,0.0,0.0,0.0,0.0,172.5694580078125,8.521842956542969,158.58056640625,47.07757568359375,136.1520538330078,40.28414916992188,0.0,0.0,122.0806655883789,96.78704833984376,0.0,0.0,179.81344604492188,92.71053314208984,160.32223510742188,168.5238037109375,144.8827362060547,171.91607666015625,0.0,0.0,0.0,0.0,0.0,0.0,0.0,0.0
273,0.0,0.0,0.0,0.0,0.0,0.0,0.0,0.0,180.5317230224609,6.3431549072265625,145.40380859375,44.53190612792969,140.50674438476562,37.87664794921875,0.0,0.0,127.6573715209961,104.95237731933594,0.0,0.0,183.0276336669922,94.11797332763672,148.66867065429688,174.85243225097656,147.1250762939453,180.4022521972656,0.0,0.0,0.0,0.0,0.0,0.0,0.0,0.0
274,0.0,0.0,0.0,0.0,0.0,0.0,0.0,0.0,0.0,0.0,158.9599151611328,47.395843505859375,136.52931213378906,40.366485595703125,0.0,0.0,124.38026428222656,95.25899505615234,0.0,0.0,180.9906463623047,90.77142333984376,160.72958374023438,168.07887268066406,145.30242919921875,171.10366821289062,0.0,0.0,0.0,0.0,0.0,0.0,0.0,0.0
275,0.0,0.0,0.0,0.0,0.0,0.0,0.0,0.0,0.0,0.0,156.41587829589844,45.04497528076172,137.00851440429688,39.39101409912109,0.0,0.0,126.83419799804688,96.94586181640624,0.0,0.0,184.7808532714844,90.25900268554688,157.77340698242188,170.95343017578125,144.78643798828125,174.70294189453125,0.0,0.0,0.0,0.0,0.0,0.0,0.0,0.0
276,0.0,0.0,0.0,0.0,0.0,0.0,0.0,0.0,172.8767547607422,6.4657745361328125,160.1951904296875,46.23564147949219,135.74302673339844,39.96430969238281,0.0,0.0,128.88397216796875,100.32579040527344,0.0,0.0,183.9621124267578,90.7182159423828,161.59385681152344,168.38706970214844,144.8716583251953,171.6912841796875,0.0,0.0,0.0,0.0,0.0,0.0,0.0,0.0
277,0.0,0.0,0.0,0.0,0.0,0.0,0.0,0.0,0.0,0.0,160.28509521484375,44.96208953857422,135.97830200195312,39.98509979248047,0.0,0.0,137.43370056152344,103.79351806640624,0.0,0.0,189.08639526367188,92.64241027832033,159.90176391601562,165.52047729492188,142.5932159423828,169.0848388671875,0.0,0.0,0.0,0.0,0.0,0.0,0.0,0.0
278,0.0,0.0,0.0,0.0,0.0,0.0,0.0,0.0,177.540283203125,4.695343017578125,150.24464416503906,42.32288360595703,142.17359924316406,38.43389892578125,151.56976318359375,107.76837158203124,147.0619659423828,107.73739624023438,0.0,0.0,193.11558532714844,102.3852996826172,150.790771484375,168.77423095703125,144.56553649902344,173.04718017578125,0.0,0.0,0.0,0.0,0.0,0.0,0.0,0.0
279,0.0,0.0,0.0,0.0,0.0,0.0,0.0,0.0,176.8253631591797,5.8065185546875,153.78369140625,43.80028533935547,139.61697387695312,39.84883117675781,0.0,0.0,140.0841064453125,108.3163833618164,0.0,0.0,188.7977600097656,97.69070434570312,154.4142608642578,167.10443115234375,144.43333435058594,171.40040588378906,0.0,0.0,0.0,0.0,0.0,0.0,0.0,0.0
280,0.0,0.0,0.0,0.0,0.0,0.0,0.0,0.0,173.730224609375,4.510398864746094,150.37753295898438,43.12099456787109,139.95867919921875,40.32769012451172,0.0,0.0,144.67666625976562,109.97478485107422,0.0,0.0,192.23599243164065,108.39411926269533,154.0970916748047,169.85472106933594,146.19383239746094,174.697998046875,0.0,0.0,0.0,0.0,0.0,0.0,0.0,0.0
281,0.0,0.0,0.0,0.0,0.0,0.0,0.0,0.0,173.02647399902344,7.180519104003906,140.8243408203125,43.41575622558594,144.9243927001953,42.00495910644531,0.0,0.0,154.32896423339844,110.36505126953124,0.0,0.0,191.98953247070312,101.4685516357422,145.82257080078125,169.564697265625,149.55857849121094,174.9182586669922,0.0,0.0,0.0,0.0,0.0,0.0,0.0,0.0
282,0.0,0.0,0.0,0.0,0.0,0.0,0.0,0.0,172.3837890625,5.78662109375,137.498046875,42.42927551269531,145.6766357421875,40.29736328125,0.0,0.0,153.23817443847656,109.97553253173828,0.0,0.0,192.17015075683597,110.14762878417967,142.70433044433594,169.2710723876953,148.29356384277344,174.13856506347656,0.0,0.0,0.0,0.0,0.0,0.0,0.0,0.0
283,0.0,0.0,0.0,0.0,183.7544403076172,11.528717041015623,0.0,0.0,165.05816650390625,6.040695190429688,140.45497131347656,41.528594970703125,142.96173095703125,41.65808868408203,0.0,0.0,151.4676055908203,111.6295928955078,0.0,0.0,189.6721649169922,113.65852355957033,141.44627380371094,165.58255004882812,143.4111328125,169.8286895751953,0.0,0.0,0.0,0.0,0.0,0.0,0.0,0.0
284,0.0,0.0,0.0,0.0,0.0,0.0,0.0,0.0,171.2639617919922,6.180435180664063,142.67144775390625,43.30986022949219,144.1902618408203,40.87841796875,0.0,0.0,154.90008544921875,112.34862518310548,0.0,0.0,189.55865478515625,111.93885040283205,145.7212371826172,167.9205780029297,147.2888641357422,172.16726684570312,0.0,0.0,0.0,0.0,0.0,0.0,0.0,0.0
285,0.0,0.0,0.0,0.0,0.0,0.0,0.0,0.0,173.1439208984375,4.260467529296875,149.5435028076172,41.568878173828125,139.8126983642578,39.71315002441406,0.0,0.0,148.0132293701172,113.17982482910156,0.0,0.0,192.13189697265625,117.92748260498048,150.76962280273438,171.8559112548828,143.46923828125,176.70364379882812,0.0,0.0,0.0,0.0,0.0,0.0,0.0,0.0
286,0.0,0.0,0.0,0.0,0.0,0.0,0.0,0.0,0.0,0.0,153.27000427246094,42.08306121826172,136.07504272460938,38.93183898925781,158.91456604003906,110.36071014404295,145.51768493652344,112.85260772705078,0.0,0.0,191.1369171142578,116.59234619140624,155.33978271484375,170.6813507080078,143.1065216064453,174.39801025390625,0.0,0.0,0.0,0.0,0.0,0.0,0.0,0.0
287,0.0,0.0,0.0,0.0,0.0,0.0,0.0,0.0,170.7618408203125,6.347160339355469,152.78135681152344,42.909698486328125,138.2430419921875,40.51344299316406,0.0,0.0,150.02182006835938,115.46125793457033,0.0,0.0,188.64044189453125,117.30345153808594,153.4435577392578,171.98643493652344,144.41879272460938,176.22137451171875,0.0,0.0,0.0,0.0,0.0,0.0,0.0,0.0
288,0.0,0.0,0.0,0.0,0.0,0.0,0.0,0.0,170.98129272460938,6.028724670410156,153.37619018554688,42.63975524902344,137.87142944335938,39.42552947998047,0.0,0.0,147.6419219970703,112.45305633544922,0.0,0.0,193.02810668945312,121.31393432617188,155.6771240234375,174.6868133544922,144.40386962890625,178.88287353515625,0.0,0.0,0.0,0.0,0.0,0.0,0.0,0.0
289,0.0,0.0,0.0,0.0,0.0,0.0,0.0,0.0,0.0,0.0,152.85020446777344,43.64683532714844,137.40576171875,39.25634002685547,0.0,0.0,148.6514129638672,112.2672882080078,0.0,0.0,192.1150665283203,131.3193359375,155.9574737548828,171.8280029296875,144.68463134765625,175.0341796875,0.0,0.0,0.0,0.0,0.0,0.0,0.0,0.0
290,0.0,0.0,0.0,0.0,0.0,0.0,0.0,0.0,173.2814178466797,8.192703247070312,153.28143310546875,45.19865417480469,138.21682739257812,41.1816635131836,0.0,0.0,151.9446258544922,113.8433074951172,0.0,0.0,189.7767639160156,118.0679931640625,155.42758178710938,173.98765563964844,145.5806121826172,177.88018798828125,0.0,0.0,0.0,0.0,0.0,0.0,0.0,0.0
291,0.0,0.0,0.0,0.0,0.0,0.0,0.0,0.0,174.1739501953125,7.988166809082031,147.08953857421875,43.76318359375,141.73219299316406,40.71479797363281,0.0,0.0,150.78675842285156,109.5024871826172,0.0,0.0,190.8189697265625,111.7082977294922,149.62672424316406,173.7696990966797,146.9108123779297,178.39012145996094,0.0,0.0,0.0,0.0,0.0,0.0,0.0,0.0
292,0.0,0.0,0.0,0.0,0.0,0.0,0.0,0.0,0.0,0.0,150.6061553955078,43.40030670166016,139.462158203125,40.11021423339844,0.0,0.0,151.20013427734375,117.02354431152344,0.0,0.0,195.2816162109375,125.5577621459961,153.47390747070312,179.61846923828125,145.61962890625,183.580322265625,0.0,0.0,0.0,0.0,0.0,0.0,0.0,0.0
293,0.0,0.0,0.0,0.0,0.0,0.0,0.0,0.0,178.72653198242188,6.0763702392578125,153.7238006591797,43.37020111083984,139.84873962402344,40.94580841064453,0.0,0.0,150.73916625976562,117.12805938720705,0.0,0.0,192.4501037597656,108.75628662109376,154.53955078125,179.395263671875,145.65460205078125,184.77410888671875,0.0,0.0,0.0,0.0,0.0,0.0,0.0,0.0
294,0.0,0.0,0.0,0.0,0.0,0.0,0.0,0.0,184.0865631103516,4.975189208984375,151.60044860839844,42.71466827392578,139.59725952148438,38.99497985839844,0.0,0.0,140.83580017089844,110.08209228515624,0.0,0.0,190.1097412109375,107.66427612304688,148.21665954589844,185.30865478515625,140.0851287841797,190.8541259765625,0.0,0.0,0.0,0.0,0.0,0.0,0.0,0.0
295,0.0,0.0,0.0,0.0,0.0,0.0,0.0,0.0,178.22503662109375,6.716400146484375,154.26536560058594,46.01622772216797,137.71372985839844,40.50740051269531,0.0,0.0,141.98397827148438,108.4599838256836,0.0,0.0,191.61016845703125,104.81404113769533,155.9103240966797,178.9648895263672,145.5795440673828,183.31558227539065,0.0,0.0,0.0,0.0,0.0,0.0,0.0,0.0
296,0.0,0.0,0.0,0.0,0.0,0.0,0.0,0.0,181.583740234375,3.653861999511719,155.57171630859375,44.166114807128906,137.3712158203125,39.148048400878906,0.0,0.0,143.33151245117188,109.83397674560548,0.0,0.0,193.2923126220703,103.67990112304688,158.1265869140625,178.16253662109375,144.7826690673828,183.31710815429688,0.0,0.0,0.0,0.0,0.0,0.0,0.0,0.0
297,0.0,0.0,0.0,0.0,0.0,0.0,0.0,0.0,176.84188842773438,3.178192138671875,160.67904663085938,44.66761779785156,135.0974578857422,38.577880859375,0.0,0.0,142.30482482910156,112.63127136230467,0.0,0.0,192.92868041992188,106.0393524169922,161.3260040283203,181.19271850585935,143.6461181640625,185.1537322998047,0.0,0.0,0.0,0.0,0.0,0.0,0.0,0.0
298,0.0,0.0,0.0,0.0,0.0,0.0,0.0,0.0,181.55101013183597,1.9517364501953125,160.4873046875,44.2218017578125,135.99432373046875,39.48385620117188,0.0,0.0,139.05186462402344,110.9585189819336,0.0,0.0,192.72116088867188,106.0854034423828,160.60317993164062,178.0634002685547,143.08868408203125,183.2649688720703,0.0,0.0,0.0,0.0,0.0,0.0,0.0,0.0
299,0.0,0.0,0.0,0.0,0.0,0.0,0.0,0.0,179.75926208496094,3.22064208984375,158.8468017578125,45.25628662109375,138.53384399414062,41.437042236328125,0.0,0.0,147.3949737548828,113.36469268798828,0.0,0.0,193.1276397705078,108.56366729736328,159.4820098876953,178.5293731689453,145.12277221679688,183.77194213867188,0.0,0.0,0.0,0.0,0.0,0.0,0.0,0.0
300,0.0,0.0,0.0,0.0,195.1436920166016,10.935012817382812,0.0,0.0,174.49940490722656,7.645889282226562,168.52584838867188,50.792911529541016,133.95457458496094,37.592079162597656,0.0,0.0,129.5732879638672,100.44414520263672,0.0,0.0,178.66297912597656,131.12115478515625,157.97023010253906,152.92840576171875,134.4507293701172,152.13893127441406,0.0,0.0,0.0,0.0,0.0,0.0,0.0,0.0
301,0.0,0.0,0.0,0.0,0.0,0.0,0.0,0.0,177.9665985107422,6.7227325439453125,168.57057189941406,48.1666259765625,134.75234985351562,38.20147705078125,169.1602020263672,114.8613052368164,135.203125,109.31355285644533,0.0,0.0,192.4696350097656,124.13014221191406,162.68138122558594,171.33920288085938,139.6781005859375,172.61524963378906,0.0,0.0,0.0,0.0,0.0,0.0,0.0,0.0
302,0.0,0.0,0.0,0.0,0.0,0.0,0.0,0.0,173.8282928466797,7.618537902832031,167.35751342773438,46.920875549316406,134.0102081298828,41.91178894042969,0.0,0.0,141.2917022705078,117.8067626953125,0.0,0.0,188.89691162109372,122.29251861572266,163.69175720214844,173.8485107421875,140.57118225097656,176.85150146484375,0.0,0.0,0.0,0.0,0.0,0.0,0.0,0.0
303,0.0,0.0,0.0,0.0,200.90435791015625,13.173301696777344,0.0,0.0,175.59161376953125,5.87628173828125,168.1634063720703,48.31153869628906,133.8637237548828,42.42402648925781,0.0,0.0,142.628173828125,120.16554260253906,0.0,0.0,189.37347412109372,120.36360931396484,166.28009033203125,181.9550323486328,142.474365234375,185.1148834228516,0.0,0.0,0.0,0.0,0.0,0.0,0.0,0.0
304,0.0,0.0,0.0,0.0,0.0,0.0,0.0,0.0,173.06517028808594,6.539306640625,162.51385498046875,44.98728942871094,137.0584259033203,42.25672149658203,163.7860107421875,113.35008239746094,141.5511474609375,119.10416412353516,0.0,0.0,185.05316162109372,121.94198608398438,160.17999267578125,173.11334228515625,143.07632446289062,177.35903930664062,0.0,0.0,0.0,0.0,0.0,0.0,0.0,0.0
305,0.0,0.0,0.0,0.0,0.0,0.0,0.0,0.0,176.65371704101562,8.228103637695312,159.8717041015625,45.670631408691406,139.17559814453125,41.13807678222656,0.0,0.0,141.6758270263672,113.50017547607422,0.0,0.0,186.8252868652344,123.19100189208984,157.6923370361328,171.52078247070312,144.0725555419922,175.39541625976562,0.0,0.0,0.0,0.0,0.0,0.0,0.0,0.0
306,200.3658599853516,22.705242156982425,0.0,0.0,198.25909423828125,14.859363555908203,0.0,0.0,174.48715209960938,11.088298797607422,166.68991088867188,50.83713150024414,129.4877166748047,46.222434997558594,166.77728271484375,108.05300903320312,122.94587707519533,108.58602905273438,0.0,0.0,181.5169982910156,118.60494995117188,162.50177001953125,158.27859497070312,137.59939575195312,162.94444274902344,0.0,0.0,0.0,0.0,0.0,0.0,0.0,0.0
307,0.0,0.0,0.0,0.0,0.0,0.0,0.0,0.0,0.0,0.0,165.17660522460938,49.14336395263672,131.47654724121094,39.52913665771485,165.56661987304688,108.1002197265625,121.848876953125,109.96880340576172,0.0,0.0,162.56346130371094,165.5948486328125,160.67916870117188,169.18411254882812,137.63873291015625,169.11154174804688,0.0,0.0,0.0,0.0,0.0,0.0,0.0,0.0
308,0.0,0.0,0.0,0.0,0.0,0.0,0.0,0.0,0.0,0.0,158.18658447265625,48.46514892578125,138.3216552734375,40.940185546875,162.98126220703125,104.29100036621094,133.8980255126953,115.75641632080078,188.2167053222656,89.3418960571289,171.31248474121094,160.38560485839844,156.11141967773438,172.76791381835938,143.18170166015625,172.75489807128906,0.0,0.0,0.0,0.0,0.0,0.0,0.0,0.0
309,0.0,0.0,0.0,0.0,0.0,0.0,0.0,0.0,164.19754028320312,5.7588653564453125,150.6132049560547,47.06365966796875,142.65538024902344,40.99958801269531,156.51097106933594,100.85487365722656,143.36801147460938,117.6742935180664,0.0,0.0,178.01654052734375,162.79800415039062,149.27691650390625,167.859619140625,144.06858825683594,168.72605895996094,0.0,0.0,0.0,0.0,0.0,0.0,0.0,0.0
310,171.55931091308594,15.838233947753906,0.0,0.0,0.0,0.0,0.0,0.0,0.0,0.0,167.29190063476562,52.011451721191406,135.48768615722656,42.339263916015625,190.5360870361328,124.7375030517578,144.68765258789062,118.46859741210938,197.7636260986328,107.50157928466795,186.98703002929688,103.95970916748048,158.3140869140625,183.2732696533203,137.26217651367188,183.12908935546875,0.0,0.0,0.0,0.0,0.0,0.0,0.0,0.0
311,191.6883850097656,20.081100463867188,0.0,0.0,187.9713897705078,10.918106079101562,0.0,0.0,163.8687744140625,5.4698638916015625,166.42796325683594,49.368255615234375,135.70848083496094,42.22062683105469,185.67002868652344,119.64698791503906,149.45164489746094,117.3694305419922,197.3411865234375,107.96874237060548,190.30300903320312,117.46469116210938,158.04818725585938,176.7190704345703,138.0541534423828,176.88946533203125,0.0,0.0,0.0,0.0,0.0,0.0,0.0,0.0
312,0.0,0.0,0.0,0.0,0.0,0.0,0.0,0.0,165.59054565429688,10.7950439453125,169.22518920898438,49.85039520263672,130.06715393066406,40.853302001953125,0.0,0.0,124.5800323486328,104.105224609375,0.0,0.0,183.4026336669922,101.82777404785156,166.87266540527344,170.0684814453125,139.4223175048828,171.24868774414062,0.0,0.0,0.0,0.0,0.0,0.0,0.0,0.0
313,0.0,0.0,0.0,0.0,0.0,0.0,0.0,0.0,167.6557159423828,7.043212890625,165.7855224609375,48.415802001953125,134.01513671875,38.89250946044922,0.0,0.0,138.11370849609375,106.57840728759766,0.0,0.0,187.24777221679688,111.09042358398438,163.6792449951172,169.4144744873047,141.46694946289062,170.501220703125,0.0,0.0,0.0,0.0,0.0,0.0,0.0,0.0
314,0.0,0.0,0.0,0.0,0.0,0.0,0.0,0.0,169.3194580078125,8.689277648925781,164.259033203125,48.5516357421875,134.21180725097656,41.413909912109375,0.0,0.0,143.8040771484375,114.29743194580078,0.0,0.0,190.2433624267578,105.02843475341795,163.03543090820312,173.9856719970703,142.71568298339844,176.3160400390625,0.0,0.0,0.0,0.0,0.0,0.0,0.0,0.0
315,0.0,0.0,0.0,0.0,0.0,0.0,0.0,0.0,170.64097595214844,8.72027587890625,165.5196533203125,48.017578125,133.43731689453125,41.01601409912109,0.0,0.0,139.8328857421875,110.16693878173828,0.0,0.0,189.988037109375,105.76991271972656,163.25726318359375,169.54693603515625,140.67581176757812,171.64593505859375,0.0,0.0,0.0,0.0,0.0,0.0,0.0,0.0
316,193.19017028808597,20.076629638671875,0.0,0.0,189.3267364501953,11.55072021484375,0.0,0.0,166.3080596923828,6.228271484375,165.3727264404297,48.40812683105469,133.8318328857422,41.768798828125,0.0,0.0,135.72427368164062,106.0876922607422,0.0,0.0,188.8411407470703,105.8934555053711,158.62937927246094,175.0976104736328,136.7342987060547,177.22926330566406,0.0,0.0,0.0,0.0,0.0,0.0,0.0,0.0
317,0.0,0.0,0.0,0.0,0.0,0.0,0.0,0.0,175.16287231445312,5.7377471923828125,165.23760986328125,46.16573333740234,135.02711486816406,39.60299682617188,0.0,0.0,139.23873901367188,108.44416046142578,0.0,0.0,189.97219848632807,107.66553497314452,161.90296936035156,172.72178649902344,140.94683837890625,175.50430297851562,0.0,0.0,0.0,0.0,0.0,0.0,0.0,0.0
318,0.0,0.0,0.0,0.0,0.0,0.0,0.0,0.0,171.9268798828125,5.7591094970703125,164.83055114746094,46.921607971191406,133.5829315185547,40.04119110107422,0.0,0.0,139.7022705078125,110.39431762695312,0.0,0.0,190.37551879882807,109.48756408691406,162.7149200439453,174.47421264648438,140.96847534179688,176.88449096679688,0.0,0.0,0.0,0.0,0.0,0.0,0.0,0.0
319,0.0,0.0,0.0,0.0,0.0,0.0,0.0,0.0,177.5996856689453,3.746673583984375,164.5126953125,45.94467926025391,135.77883911132812,39.29191589355469,0.0,0.0,139.940185546875,111.79630279541016,0.0,0.0,191.4623260498047,108.39100646972656,161.4540252685547,180.0826416015625,141.9690704345703,183.3248291015625,0.0,0.0,0.0,0.0,0.0,0.0,0.0,0.0
320,0.0,0.0,0.0,0.0,0.0,0.0,0.0,0.0,175.79434204101562,3.6839599609375,0.0,0.0,136.0792999267578,39.36167144775391,0.0,0.0,142.2738494873047,112.1791763305664,0.0,0.0,192.36509704589844,108.61300659179688,160.2313995361328,175.0097198486328,141.88914489746094,178.7483367919922,0.0,0.0,0.0,0.0,0.0,0.0,0.0,0.0
321,0.0,0.0,0.0,0.0,0.0,0.0,0.0,0.0,174.59815979003906,5.481109619140625,163.5161895751953,46.24168395996094,134.72906494140625,39.30274200439453,0.0,0.0,138.6517333984375,110.81184387207033,0.0,0.0,190.8255920410156,109.3169403076172,161.36917114257812,178.70449829101562,141.9773406982422,181.6182098388672,0.0,0.0,0.0,0.0,0.0,0.0,0.0,0.0
322,0.0,0.0,0.0,0.0,199.4523468017578,14.559326171875,0.0,0.0,177.35211181640625,6.838523864746094,161.2014923095703,47.41707611083984,135.67567443847656,41.8091049194336,0.0,0.0,144.51673889160156,116.99723815917967,0.0,0.0,193.00027465820312,110.52251434326172,161.02984619140625,185.8275451660156,143.12228393554688,189.70687866210935,0.0,0.0,0.0,0.0,0.0,0.0,0.0,0.0
323,0.0,0.0,0.0,0.0,0.0,0.0,0.0,0.0,179.0989227294922,6.3460845947265625,163.61203002929688,47.5517578125,137.01290893554688,38.712013244628906,0.0,0.0,138.06948852539062,109.1224594116211,0.0,0.0,191.13221740722656,110.63065338134766,160.4008331298828,181.5100860595703,142.62901306152344,184.46414184570312,0.0,0.0,0.0,0.0,0.0,0.0,0.0,0.0
324,0.0,0.0,0.0,0.0,0.0,0.0,0.0,0.0,179.65350341796875,7.969612121582031,164.21958923339844,48.306671142578125,134.97381591796875,42.06101989746094,0.0,0.0,139.5130615234375,111.64535522460938,0.0,0.0,191.9017791748047,108.4837875366211,162.87757873535156,182.54763793945312,141.88526916503906,186.3138885498047,0.0,0.0,0.0,0.0,0.0,0.0,0.0,0.0
325,0.0,0.0,0.0,0.0,0.0,0.0,0.0,0.0,175.66404724121094,7.267242431640625,160.9490966796875,45.40386962890625,136.41824340820312,39.80946350097656,0.0,0.0,139.4696807861328,112.07966613769533,0.0,0.0,190.39276123046875,109.20484924316406,159.90626525878906,181.48361206054688,143.1638641357422,185.3271484375,0.0,0.0,0.0,0.0,0.0,0.0,0.0,0.0
326,0.0,0.0,0.0,0.0,0.0,0.0,0.0,0.0,181.13546752929688,7.38177490234375,166.19302368164062,46.40418243408203,136.73617553710938,40.55304718017578,0.0,0.0,137.1110382080078,108.9900131225586,0.0,0.0,191.35772705078125,105.798583984375,164.05905151367188,177.6934051513672,142.70579528808594,181.8041076660156,0.0,0.0,0.0,0.0,0.0,0.0,0.0,0.0
327,0.0,0.0,0.0,0.0,0.0,0.0,0.0,0.0,175.51382446289062,7.519393920898437,160.0665740966797,45.01979064941406,137.00698852539062,39.60649871826172,0.0,0.0,137.36392211914062,108.60511779785156,0.0,0.0,190.31716918945312,105.44346618652344,159.8798370361328,177.36184692382812,144.50534057617188,181.23443603515625,0.0,0.0,0.0,0.0,0.0,0.0,0.0,0.0
328,0.0,0.0,0.0,0.0,0.0,0.0,0.0,0.0,0.0,0.0,166.02857971191406,49.743560791015625,132.08432006835938,40.879241943359375,163.37606811523438,110.17102813720705,126.5082550048828,104.83262634277344,0.0,0.0,185.4273376464844,108.4121551513672,164.74462890625,178.0301513671875,141.51145935058594,179.8511199951172,0.0,0.0,0.0,0.0,0.0,0.0,0.0,0.0
329,0.0,0.0,0.0,0.0,0.0,0.0,0.0,0.0,0.0,0.0,167.69309997558594,51.70008850097656,132.28829956054688,41.10047912597656,164.28643798828125,113.52235412597656,124.46720886230467,102.84829711914062,188.03512573242188,113.48207092285156,184.09521484375,107.17013549804688,166.0710906982422,181.4408264160156,141.7119903564453,182.8795166015625,0.0,0.0,0.0,0.0,0.0,0.0,0.0,0.0
330,162.00509643554688,10.622093200683594,0.0,0.0,0.0,0.0,0.0,0.0,0.0,0.0,166.40574645996094,50.09626007080078,133.86489868164062,41.00862121582031,161.1672821044922,111.40170288085938,126.07791137695312,105.11668395996094,0.0,0.0,184.808837890625,109.2703094482422,162.8644256591797,175.84939575195312,140.8477783203125,177.5487060546875,0.0,0.0,0.0,0.0,0.0,0.0,0.0,0.0
331,161.54583740234375,9.332534790039062,0.0,0.0,0.0,0.0,0.0,0.0,0.0,0.0,167.74595642089844,49.62969970703125,135.338134765625,39.9730224609375,0.0,0.0,133.6346435546875,107.83999633789062,0.0,0.0,185.804931640625,117.52851104736328,160.1679229736328,174.12493896484375,138.0028839111328,174.59600830078125,0.0,0.0,0.0,0.0,0.0,0.0,0.0,0.0
332,166.35484313964844,11.892654418945312,174.86656188964844,7.331760406494141,164.3992156982422,3.27200698852539,0.0,0.0,0.0,0.0,166.05657958984375,51.24220275878906,130.51019287109375,43.70409393310547,0.0,0.0,117.04209899902344,105.9478530883789,0.0,0.0,0.0,0.0,160.4813995361328,158.57310485839844,136.42544555664062,162.87692260742188,0.0,0.0,0.0,0.0,0.0,0.0,0.0,0.0
333,161.52859497070312,11.199615478515623,0.0,0.0,0.0,0.0,0.0,0.0,0.0,0.0,169.5142059326172,49.688720703125,130.52012634277344,43.92518615722656,163.80345153808594,108.08295440673828,117.95582580566406,104.9687957763672,0.0,0.0,181.343017578125,118.64862060546876,161.22145080566406,153.91424560546875,134.3394012451172,158.8485107421875,0.0,0.0,0.0,0.0,0.0,0.0,0.0,0.0
334,181.48097229003903,14.6650390625,0.0,0.0,178.05276489257812,6.5614166259765625,0.0,0.0,159.49908447265625,2.072616577148437,164.20236206054688,42.920440673828125,130.26434326171875,37.54156494140625,0.0,0.0,136.9281768798828,114.33688354492188,0.0,0.0,187.131103515625,130.52566528320312,156.8567657470703,169.30662536621094,133.15231323242188,170.7089385986328,0.0,0.0,0.0,0.0,0.0,0.0,0.0,0.0
335,0.0,0.0,0.0,0.0,193.3367462158203,12.196578979492188,0.0,0.0,171.32760620117188,5.7482452392578125,171.74435424804688,45.05591583251953,133.46070861816406,43.01324462890625,0.0,0.0,136.0433807373047,122.47825622558594,0.0,0.0,187.31036376953125,118.19967651367188,165.29156494140625,173.95510864257812,137.8806915283203,177.64767456054688,0.0,0.0,0.0,0.0,0.0,0.0,0.0,0.0
336,0.0,0.0,0.0,0.0,0.0,0.0,0.0,0.0,0.0,0.0,170.3563232421875,49.516563415527344,131.8012237548828,42.53971099853516,0.0,0.0,138.0371551513672,118.03660583496094,0.0,0.0,185.37844848632807,118.46368408203124,165.58087158203125,173.82870483398438,137.28970336914062,175.47396850585938,0.0,0.0,0.0,0.0,0.0,0.0,0.0,0.0
337,0.0,0.0,0.0,0.0,0.0,0.0,0.0,0.0,174.57339477539062,7.041328430175781,169.90931701660156,48.05693054199219,132.81997680664062,43.343536376953125,0.0,0.0,138.1737518310547,119.27164459228516,0.0,0.0,187.03146362304688,118.83192443847656,165.37892150878906,176.15625,138.59767150878906,179.58474731445312,0.0,0.0,0.0,0.0,0.0,0.0,0.0,0.0
338,0.0,0.0,0.0,0.0,0.0,0.0,0.0,0.0,167.1300048828125,3.2989044189453125,173.14938354492188,42.77012634277344,131.23036193847656,40.04669952392578,0.0,0.0,133.36184692382812,119.64179229736328,0.0,0.0,186.71383666992188,119.90341186523438,166.42616271972656,175.19271850585938,136.05361938476562,178.274169921875,0.0,0.0,0.0,0.0,0.0,0.0,0.0,0.0
339,0.0,0.0,0.0,0.0,0.0,0.0,0.0,0.0,0.0,0.0,166.59678649902344,49.34608459472656,133.04461669921875,43.00946044921875,165.1721649169922,121.10885620117188,141.79754638671875,124.62984466552734,0.0,0.0,185.7606658935547,115.7571029663086,165.07492065429688,178.1944122314453,140.49620056152344,180.5800018310547,0.0,0.0,0.0,0.0,0.0,0.0,0.0,0.0
340,0.0,0.0,0.0,0.0,0.0,0.0,0.0,0.0,168.87754821777344,2.4414825439453125,161.07199096679688,46.41001892089844,134.8583984375,42.77701568603516,0.0,0.0,141.18263244628906,126.30228424072266,0.0,0.0,186.5299530029297,114.29954528808594,161.1200408935547,179.27020263671875,141.8206024169922,183.3594665527344,0.0,0.0,0.0,0.0,0.0,0.0,0.0,0.0
341,166.7490692138672,9.793746948242188,0.0,0.0,0.0,0.0,0.0,0.0,0.0,0.0,165.8368682861328,55.28126525878906,132.8662567138672,40.41203308105469,0.0,0.0,126.79261016845705,113.355712890625,0.0,0.0,180.1611328125,131.33815002441406,161.88522338867188,180.11758422851562,139.10108947753906,179.80914306640625,0.0,0.0,0.0,0.0,0.0,0.0,0.0,0.0
342,164.5059051513672,7.866546630859375,0.0,0.0,0.0,0.0,0.0,0.0,0.0,0.0,167.1590576171875,52.13037872314453,134.2680206298828,40.79376220703125,0.0,0.0,123.74483489990234,105.8076400756836,0.0,0.0,181.09930419921875,106.3578643798828,162.1520233154297,174.05747985839844,139.14370727539062,174.72119140625,0.0,0.0,0.0,0.0,0.0,0.0,0.0,0.0
343,160.51129150390625,10.623641967773438,167.88580322265625,5.866218566894531,0.0,0.0,181.73297119140625,12.438335418701172,0.0,0.0,171.12417602539062,50.37682342529297,134.52383422851562,42.06501007080078,168.15127563476562,107.46544647216795,116.3010711669922,98.09181213378906,0.0,0.0,171.55699157714844,109.9150619506836,163.20867919921875,156.32154846191406,138.88916015625,160.4003448486328,0.0,0.0,0.0,0.0,0.0,0.0,0.0,0.0
344,160.7609100341797,9.422622680664062,168.2776336669922,5.9989166259765625,0.0,0.0,0.0,0.0,0.0,0.0,173.61282348632812,52.8675537109375,135.6422882080078,40.798126220703125,181.93341064453125,117.69487762451172,130.37014770507812,106.68267822265624,0.0,0.0,186.66586303710935,100.5543212890625,162.34735107421875,175.3865203857422,138.1448516845703,174.32464599609375,0.0,0.0,0.0,0.0,0.0,0.0,0.0,0.0
345,161.08053588867188,9.98284912109375,0.0,0.0,0.0,0.0,0.0,0.0,0.0,0.0,179.39198303222656,54.58187103271485,135.42918395996094,42.30955505371094,190.89434814453125,121.86592864990234,137.20285034179688,109.50409698486328,199.1816864013672,109.85415649414062,185.97604370117188,101.76614379882812,166.8698272705078,175.67916870117188,137.92388916015625,174.23114013671875,0.0,0.0,0.0,0.0,0.0,0.0,0.0,0.0
346,166.15065002441406,11.889663696289062,0.0,0.0,0.0,0.0,0.0,0.0,0.0,0.0,164.2355194091797,51.15815734863281,136.3616180419922,41.91279602050781,167.81759643554688,114.6623764038086,144.8862762451172,111.16390991210938,0.0,0.0,188.4522247314453,105.02230834960938,158.7499542236328,171.53549194335938,139.47903442382812,172.40220642089844,0.0,0.0,0.0,0.0,0.0,0.0,0.0,0.0
347,166.64083862304688,12.283279418945312,0.0,0.0,0.0,0.0,0.0,0.0,0.0,0.0,164.42190551757812,51.22307586669922,136.5204315185547,41.020240783691406,168.05044555664062,118.03883361816406,145.13943481445312,112.32111358642578,0.0,0.0,188.30958557128903,104.70343017578124,158.1282196044922,173.38560485839844,139.15541076660156,173.9353790283203,0.0,0.0,0.0,0.0,0.0,0.0,0.0,0.0
348,164.4202880859375,11.494449615478516,172.7855682373047,6.817859649658203,0.0,0.0,0.0,0.0,0.0,0.0,164.69412231445312,48.533782958984375,132.80020141601562,44.56496047973633,163.23800659179688,108.5567855834961,135.42967224121094,109.4311294555664,0.0,0.0,0.0,0.0,159.8076934814453,156.39373779296875,137.19381713867188,162.29147338867188,0.0,0.0,0.0,0.0,0.0,0.0,0.0,0.0
349,0.0,0.0,0.0,0.0,0.0,0.0,0.0,0.0,0.0,0.0,159.85031127929688,45.209693908691406,135.86134338378906,41.83270263671875,163.61050415039062,111.12672424316406,145.51441955566406,115.21063232421876,0.0,0.0,189.71859741210935,108.36946868896484,159.7649688720703,169.21946716308594,143.19363403320312,172.64321899414062,0.0,0.0,0.0,0.0,0.0,0.0,0.0,0.0
350,0.0,0.0,0.0,0.0,0.0,0.0,0.0,0.0,175.39727783203125,5.164352416992188,164.0159149169922,45.73165893554688,136.900146484375,42.38758087158203,0.0,0.0,142.9440460205078,112.02439880371094,0.0,0.0,190.04981994628903,106.83892822265624,161.97958374023438,171.25213623046875,142.81788635253906,175.29518127441406,0.0,0.0,0.0,0.0,0.0,0.0,0.0,0.0
351,0.0,0.0,0.0,0.0,0.0,0.0,0.0,0.0,174.0860137939453,6.447036743164063,162.90252685546875,45.31287384033203,136.26004028320312,42.049560546875,0.0,0.0,144.07566833496094,114.21029663085938,0.0,0.0,190.7398681640625,109.37870025634766,161.21218872070312,169.98236083984375,142.68800354003906,173.78285217285156,0.0,0.0,0.0,0.0,0.0,0.0,0.0,0.0
352,0.0,0.0,0.0,0.0,0.0,0.0,0.0,0.0,180.77267456054688,2.159164428710937,0.0,0.0,137.11880493164062,42.679718017578125,0.0,0.0,142.9046630859375,118.03102111816406,0.0,0.0,192.22552490234372,108.99498748779295,162.99740600585938,174.93145751953125,142.791015625,179.80816650390625,0.0,0.0,0.0,0.0,0.0,0.0,0.0,0.0
353,0.0,0.0,0.0,0.0,0.0,0.0,0.0,0.0,183.1430206298828,1.9622879028320312,0.0,0.0,139.3174591064453,41.52445983886719,0.0,0.0,140.9074249267578,115.37953186035156,0.0,0.0,193.02540588378903,111.88958740234376,159.71041870117188,181.3257293701172,143.7066650390625,186.5867919921875,0.0,0.0,0.0,0.0,0.0,0.0,0.0,0.0
354,0.0,0.0,0.0,0.0,0.0,0.0,0.0,0.0,179.6063995361328,2.849205017089844,0.0,0.0,136.92730712890625,41.43247985839844,0.0,0.0,139.30104064941406,113.07958221435548,0.0,0.0,191.73855590820312,110.70165252685548,161.7639617919922,177.55300903320312,143.1339111328125,181.81619262695312,0.0,0.0,0.0,0.0,0.0,0.0,0.0,0.0
355,0.0,0.0,0.0,0.0,0.0,0.0,0.0,0.0,179.5845947265625,1.9551315307617188,164.09742736816406,45.25267791748047,138.18954467773438,41.18629455566406,159.71914672851562,113.83026123046876,137.2696990966797,112.83048248291016,0.0,0.0,196.61691284179688,110.97186279296876,163.56881713867188,182.1914978027344,144.17584228515625,186.3346099853516,0.0,0.0,0.0,0.0,0.0,0.0,0.0,0.0
356,0.0,0.0,0.0,0.0,0.0,0.0,0.0,0.0,180.87789916992188,1.4887237548828125,0.0,0.0,137.25872802734375,41.223663330078125,0.0,0.0,140.25827026367188,116.551025390625,0.0,0.0,192.1876220703125,109.115478515625,160.91026306152344,181.0256805419922,143.12998962402344,186.16110229492188,0.0,0.0,0.0,0.0,0.0,0.0,0.0,0.0
357,0.0,0.0,0.0,0.0,0.0,0.0,0.0,0.0,174.09881591796875,2.6651763916015625,0.0,0.0,135.33108520507812,40.59600830078125,0.0,0.0,145.32211303710938,115.49293518066406,0.0,0.0,193.13494873046875,105.76216888427734,162.40640258789062,174.80221557617188,141.64788818359375,178.19754028320312,0.0,0.0,0.0,0.0,0.0,0.0,0.0,0.0
358,0.0,0.0,0.0,0.0,0.0,0.0,0.0,0.0,176.5123291015625,2.242889404296875,0.0,0.0,135.27906799316406,41.06475830078125,0.0,0.0,144.9049835205078,114.21876525878906,0.0,0.0,192.48619079589844,104.099365234375,162.8482666015625,175.90667724609375,142.0491943359375,179.83099365234375,0.0,0.0,0.0,0.0,0.0,0.0,0.0,0.0
359,0.0,0.0,0.0,0.0,0.0,0.0,0.0,0.0,179.40792846679688,2.764442443847656,0.0,0.0,136.64122009277344,41.288970947265625,0.0,0.0,143.95294189453125,117.0843734741211,0.0,0.0,191.2130126953125,104.51364135742188,160.78790283203125,179.62460327148438,141.91409301757812,183.88455200195312,0.0,0.0,0.0,0.0,0.0,0.0,0.0,0.0
360,0.0,0.0,0.0,0.0,0.0,0.0,0.0,0.0,176.67855834960938,4.003936767578125,161.8929901123047,44.56324768066406,136.4842071533203,42.04524230957031,0.0,0.0,146.0321807861328,119.47383880615234,0.0,0.0,191.3080139160156,106.8369598388672,158.88043212890625,176.506591796875,141.04464721679688,180.89340209960935,0.0,0.0,0.0,0.0,0.0,0.0,0.0,0.0
361,0.0,0.0,0.0,0.0,0.0,0.0,0.0,0.0,178.6463623046875,4.484565734863281,159.35523986816406,43.166839599609375,138.13156127929688,41.688385009765625,0.0,0.0,145.60592651367188,117.35897827148438,0.0,0.0,191.58514404296875,106.88929748535156,155.65673828125,176.98812866210938,140.97640991210938,182.0388336181641,0.0,0.0,0.0,0.0,0.0,0.0,0.0,0.0
362,0.0,0.0,0.0,0.0,0.0,0.0,0.0,0.0,180.7969512939453,4.0044708251953125,159.45635986328125,42.72831726074219,139.449462890625,41.832916259765625,0.0,0.0,145.87135314941406,120.31901550292967,0.0,0.0,190.33132934570312,107.52459716796876,155.087158203125,175.49058532714844,140.83779907226562,180.7869873046875,0.0,0.0,0.0,0.0,0.0,0.0,0.0,0.0
363,0.0,0.0,0.0,0.0,0.0,0.0,0.0,0.0,179.35633850097656,3.5881576538085938,0.0,0.0,137.60824584960938,41.01573944091797,0.0,0.0,144.54896545410156,117.11856079101562,0.0,0.0,191.23031616210935,107.18492126464844,157.53414916992188,175.56027221679688,140.1206512451172,180.32147216796875,0.0,0.0,0.0,0.0,0.0,0.0,0.0,0.0
364,0.0,0.0,0.0,0.0,0.0,0.0,0.0,0.0,180.06707763671875,4.612106323242188,0.0,0.0,139.12875366210938,41.37620544433594,0.0,0.0,146.8228759765625,116.6968002319336,0.0,0.0,193.7132873535156,109.12429809570312,157.1920623779297,178.0305938720703,142.33273315429688,183.205322265625,0.0,0.0,0.0,0.0,0.0,0.0,0.0,0.0
365,0.0,0.0,0.0,0.0,0.0,0.0,0.0,0.0,179.97906494140625,3.830368041992188,0.0,0.0,139.1357879638672,40.9590072631836,0.0,0.0,146.57704162597656,116.5109405517578,0.0,0.0,193.61573791503903,109.36431121826172,155.95655822753906,175.76446533203125,141.43295288085938,180.9537353515625,0.0,0.0,0.0,0.0,0.0,0.0,0.0,0.0
366,0.0,0.0,0.0,0.0,0.0,0.0,0.0,0.0,180.95968627929688,3.865936279296875,0.0,0.0,138.47152709960938,41.79435729980469,0.0,0.0,147.20664978027344,116.5819854736328,0.0,0.0,193.6141357421875,109.1953125,158.94879150390625,177.10858154296875,140.74868774414062,182.1514129638672,0.0,0.0,0.0,0.0,0.0,0.0,0.0,0.0
367,0.0,0.0,0.0,0.0,0.0,0.0,0.0,0.0,179.33071899414062,3.4512481689453125,157.92796325683594,43.21504974365234,139.55052185058594,41.864990234375,0.0,0.0,148.99673461914062,118.55995178222656,0.0,0.0,194.03451538085935,108.63111877441406,155.8099365234375,186.66790771484372,143.02867126464844,192.1181182861328,0.0,0.0,0.0,0.0,0.0,0.0,0.0,0.0
368,0.0,0.0,0.0,0.0,0.0,0.0,0.0,0.0,0.0,0.0,162.96949768066406,44.68663787841797,139.9186553955078,41.96890258789063,160.62872314453125,117.68380737304688,143.24264526367188,117.8965301513672,0.0,0.0,196.9472198486328,107.9217758178711,161.5297393798828,182.90182495117188,143.64224243164062,187.59207153320312,0.0,0.0,0.0,0.0,0.0,0.0,0.0,0.0
369,0.0,0.0,0.0,0.0,0.0,0.0,0.0,0.0,0.0,0.0,164.1400604248047,44.3587646484375,139.5784454345703,40.946624755859375,160.03915405273438,117.0729522705078,140.08912658691406,116.4154281616211,0.0,0.0,196.5998687744141,107.38695526123048,162.45269775390625,182.14398193359372,143.28915405273438,186.6210174560547,0.0,0.0,0.0,0.0,0.0,0.0,0.0,0.0
370,0.0,0.0,0.0,0.0,0.0,0.0,0.0,0.0,181.25732421875,1.7176284790039062,161.84677124023438,43.25102233886719,138.96408081054688,39.70452880859375,0.0,0.0,144.57730102539062,112.37030792236328,0.0,0.0,195.27102661132807,107.4124526977539,158.64247131347656,180.9246826171875,142.13272094726562,185.7256622314453,0.0,0.0,0.0,0.0,0.0,0.0,0.0,0.0
371,0.0,0.0,0.0,0.0,0.0,0.0,0.0,0.0,180.49261474609372,0.9220733642578124,164.1683807373047,43.82914733886719,137.52902221679688,39.91789245605469,0.0,0.0,143.8296661376953,113.20989227294922,0.0,0.0,195.9749755859375,106.28143310546876,160.6602325439453,179.43836975097656,141.58978271484375,183.89849853515625,0.0,0.0,0.0,0.0,0.0,0.0,0.0,0.0
372,0.0,0.0,0.0,0.0,0.0,0.0,0.0,0.0,180.4610137939453,0.6478271484375,163.7621307373047,44.1058349609375,137.6757049560547,40.75911712646485,0.0,0.0,147.58311462402344,112.7899932861328,0.0,0.0,194.84674072265625,103.17970275878906,161.072265625,176.49588012695312,142.3544464111328,181.2840576171875,0.0,0.0,0.0,0.0,0.0,0.0,0.0,0.0
373,0.0,0.0,0.0,0.0,0.0,0.0,0.0,0.0,176.1498260498047,1.8127975463867188,0.0,0.0,135.2761993408203,39.46456146240234,0.0,0.0,143.52394104003906,109.9147720336914,0.0,0.0,193.9361572265625,102.61634063720705,162.26622009277344,175.49948120117188,140.8416290283203,179.04513549804688,0.0,0.0,0.0,0.0,0.0,0.0,0.0,0.0
374,0.0,0.0,0.0,0.0,0.0,0.0,0.0,0.0,176.5854034423828,0.8507156372070312,0.0,0.0,133.5203094482422,39.26622772216797,0.0,0.0,137.4852294921875,107.50658416748048,0.0,0.0,194.33468627929688,100.72946166992188,165.33108520507812,180.44371032714844,140.79794311523438,183.2207946777344,0.0,0.0,0.0,0.0,0.0,0.0,0.0,0.0
375,0.0,0.0,0.0,0.0,0.0,0.0,0.0,0.0,0.0,0.0,167.84043884277344,48.39230346679688,132.7941131591797,40.22080993652344,0.0,0.0,131.475341796875,103.925537109375,0.0,0.0,189.56768798828125,101.44319152832033,165.9103546142578,174.3239288330078,141.370361328125,176.4728546142578,0.0,0.0,0.0,0.0,0.0,0.0,0.0,0.0
376,0.0,0.0,0.0,0.0,0.0,0.0,0.0,0.0,0.0,0.0,165.14602661132812,50.6313705444336,134.2845001220703,40.27853393554688,0.0,0.0,128.24285888671875,99.67936706542967,0.0,0.0,189.68321228027344,104.27685546875,164.65357971191406,181.8475341796875,143.1240234375,183.5462951660156,0.0,0.0,0.0,0.0,0.0,0.0,0.0,0.0
377,0.0,0.0,0.0,0.0,0.0,0.0,0.0,0.0,0.0,0.0,161.23023986816406,47.539154052734375,135.30422973632812,40.80244445800781,0.0,0.0,138.34579467773438,113.99699401855467,0.0,0.0,191.28831481933597,105.16458129882812,160.11297607421875,181.48008728027344,142.2873992919922,184.48287963867188,0.0,0.0,0.0,0.0,0.0,0.0,0.0,0.0
378,0.0,0.0,0.0,0.0,0.0,0.0,0.0,0.0,0.0,0.0,167.75543212890625,49.051063537597656,133.48194885253906,41.37969970703125,165.90101623535156,117.88636779785156,135.8548583984375,112.60586547851562,0.0,0.0,188.8673858642578,108.7034149169922,163.5550994873047,173.75161743164062,139.86175537109375,175.8066864013672,0.0,0.0,0.0,0.0,0.0,0.0,0.0,0.0
379,0.0,0.0,0.0,0.0,0.0,0.0,0.0,0.0,0.0,0.0,160.66514587402344,48.1673583984375,139.35122680664062,41.35737609863281,0.0,0.0,143.9474639892578,115.38787078857422,0.0,0.0,191.10836791992188,119.3825225830078,156.30604553222656,177.73870849609375,141.50979614257812,180.2798767089844,0.0,0.0,0.0,0.0,0.0,0.0,0.0,0.0
380,0.0,0.0,0.0,0.0,0.0,0.0,0.0,0.0,0.0,0.0,155.7597198486328,48.18321228027344,142.9905548095703,42.28678131103516,158.29238891601562,110.08599853515624,148.34556579589844,114.3884735107422,0.0,0.0,193.5933990478516,118.62248229980467,152.81527709960938,179.4158935546875,145.23497009277344,182.00733947753903,0.0,0.0,0.0,0.0,0.0,0.0,0.0,0.0
381,0.0,0.0,0.0,0.0,0.0,0.0,0.0,0.0,0.0,0.0,157.0243682861328,49.49547576904297,143.90367126464844,44.42603302001953,160.18455505371094,116.71745300292967,150.7479705810547,124.2673568725586,0.0,0.0,190.6597442626953,119.4510269165039,152.2869873046875,187.2215881347656,144.6787109375,189.66552734375,0.0,0.0,0.0,0.0,0.0,0.0,0.0,0.0
382,0.0,0.0,0.0,0.0,0.0,0.0,0.0,0.0,0.0,0.0,155.29019165039062,47.35382080078125,142.96426391601562,43.63327026367188,0.0,0.0,151.83384704589844,123.70537567138672,0.0,0.0,191.9896240234375,116.21836853027344,152.15997314453125,182.85958862304688,144.7007293701172,186.22021484375,0.0,0.0,0.0,0.0,0.0,0.0,0.0,0.0
383,0.0,0.0,0.0,0.0,0.0,0.0,0.0,0.0,0.0,0.0,154.9359130859375,48.06919860839844,143.13046264648438,43.35328674316406,0.0,0.0,151.9545440673828,122.81981658935548,0.0,0.0,192.5814208984375,117.6007080078125,151.20965576171875,183.0705108642578,144.38934326171875,185.8970184326172,0.0,0.0,0.0,0.0,0.0,0.0,0.0,0.0
384,0.0,0.0,0.0,0.0,0.0,0.0,0.0,0.0,0.0,0.0,157.37876892089844,51.06581115722656,141.62294006347656,43.16407775878906,0.0,0.0,146.4263458251953,121.39654541015624,0.0,0.0,187.4423675537109,137.8692169189453,150.18113708496094,177.93475341796875,139.44949340820312,179.22259521484375,0.0,0.0,0.0,0.0,0.0,0.0,0.0,0.0
385,162.56764221191406,12.424358367919922,170.31761169433594,6.871623992919922,0.0,0.0,185.7904052734375,10.861003875732422,0.0,0.0,186.3017425537109,46.92349243164063,131.69448852539062,45.18837738037109,0.0,0.0,115.8332061767578,105.9153289794922,0.0,0.0,0.0,0.0,170.44480895996094,153.191162109375,135.49972534179688,157.32980346679688,0.0,0.0,0.0,0.0,0.0,0.0,0.0,0.0
386,163.45846557617188,12.340778350830078,0.0,0.0,0.0,0.0,0.0,0.0,0.0,0.0,168.7875518798828,46.52364349365234,135.1339874267578,45.05698776245117,0.0,0.0,124.44841003417967,104.93311309814452,0.0,0.0,184.5218505859375,105.84937286376952,160.13943481445312,151.32418823242188,137.72964477539062,158.04681396484375,0.0,0.0,0.0,0.0,0.0,0.0,0.0,0.0
387,165.2453155517578,11.78569793701172,0.0,0.0,0.0,0.0,0.0,0.0,0.0,0.0,181.33831787109372,43.51498794555664,134.57662963867188,42.83803939819336,0.0,0.0,121.96065521240234,101.82200622558594,0.0,0.0,184.09759521484372,103.07254028320312,169.7225341796875,148.50372314453125,139.1798095703125,153.42352294921875,0.0,0.0,0.0,0.0,0.0,0.0,0.0,0.0
388,0.0,0.0,0.0,0.0,0.0,0.0,0.0,0.0,0.0,0.0,164.2527618408203,41.51820373535156,139.40768432617188,39.11992645263672,0.0,0.0,145.431396484375,124.08815002441406,0.0,0.0,192.16604614257807,100.70575714111328,157.6005401611328,175.51913452148438,141.76612854003906,179.65591430664062,0.0,0.0,0.0,0.0,0.0,0.0,0.0,0.0
389,0.0,0.0,0.0,0.0,0.0,0.0,0.0,0.0,0.0,0.0,131.68968200683594,41.37422180175781,160.48556518554688,42.85560607910156,0.0,0.0,0.0,0.0,0.0,0.0,0.0,0.0,137.1639404296875,167.94259643554688,156.73992919921875,170.86807250976562,0.0,0.0,0.0,0.0,0.0,0.0,0.0,0.0
390,0.0,0.0,0.0,0.0,0.0,0.0,0.0,0.0,165.5797119140625,5.8427734375,158.59326171875,44.51158142089844,139.90342712402344,43.44047546386719,171.31649780273438,108.06813049316406,154.16322326660156,115.39525604248048,0.0,0.0,208.46633911132807,128.6563720703125,159.93487548828125,168.00787353515625,145.62213134765625,172.26258850097656,0.0,0.0,0.0,0.0,0.0,0.0,0.0,0.0
391,0.0,0.0,0.0,0.0,0.0,0.0,0.0,0.0,180.7097320556641,0.0,156.08853149414062,43.42803192138672,146.12384033203125,39.239501953125,0.0,0.0,150.9449920654297,113.04119110107422,0.0,0.0,200.60775756835935,132.15753173828125,152.88119506835938,178.5292205810547,146.70867919921875,182.97662353515625,0.0,0.0,0.0,0.0,0.0,0.0,0.0,0.0
392,0.0,0.0,0.0,0.0,0.0,0.0,0.0,0.0,168.37286376953125,5.1342620849609375,158.10519409179688,45.66133880615234,141.4110107421875,42.45298767089844,0.0,0.0,156.692138671875,114.67692565917967,0.0,0.0,200.05987548828125,138.89102172851562,157.8649139404297,165.99583435058594,145.7048797607422,169.58164978027344,0.0,0.0,0.0,0.0,0.0,0.0,0.0,0.0
393,0.0,0.0,0.0,0.0,0.0,0.0,0.0,0.0,165.74534606933594,5.96588134765625,158.3123016357422,46.636810302734375,139.27932739257812,41.651466369628906,0.0,0.0,157.72450256347656,116.49724578857422,0.0,0.0,203.21896362304688,138.9833221435547,159.3892364501953,168.82785034179688,145.53334045410156,171.2208251953125,0.0,0.0,0.0,0.0,0.0,0.0,0.0,0.0
394,0.0,0.0,0.0,0.0,180.51287841796875,10.088142395019531,0.0,0.0,164.304443359375,7.522640228271484,160.97279357910156,49.03745269775391,132.7368621826172,43.39574432373047,0.0,0.0,140.4059600830078,103.86685943603516,0.0,0.0,201.65304565429688,103.8021240234375,162.0991668701172,153.5066680908203,142.85031127929688,157.03436279296875,0.0,0.0,0.0,0.0,0.0,0.0,0.0,0.0
395,0.0,0.0,0.0,0.0,0.0,0.0,0.0,0.0,163.6566925048828,4.2483978271484375,163.3544921875,46.73954772949219,134.11976623535156,41.521881103515625,0.0,0.0,152.77114868164062,105.91830444335938,0.0,0.0,203.1282196044922,99.48873901367188,165.30157470703125,163.19924926757812,143.0744171142578,165.2113037109375,0.0,0.0,0.0,0.0,0.0,0.0,0.0,0.0
396,0.0,0.0,0.0,0.0,0.0,0.0,0.0,0.0,163.20372009277344,5.4454193115234375,164.51585388183594,50.07176208496094,130.92819213867188,40.06011962890625,187.8555450439453,107.53082275390624,150.16419982910156,96.33638763427734,216.67498779296875,103.56045532226562,208.3294677734375,87.73628997802734,162.41160583496094,165.58387756347656,137.640625,166.0333251953125,0.0,0.0,0.0,0.0,0.0,0.0,0.0,0.0
397,0.0,0.0,0.0,0.0,0.0,0.0,0.0,0.0,160.341796875,4.836097717285156,166.58929443359375,47.404335021972656,129.17417907714844,37.83451843261719,191.89474487304688,110.94375610351562,151.14515686035156,99.32361602783205,211.7527618408203,84.12120056152344,206.05999755859372,74.98587799072266,167.93878173828125,169.78927612304688,141.01502990722656,170.45350646972656,0.0,0.0,0.0,0.0,0.0,0.0,0.0,0.0
398,179.25184631347656,19.13530731201172,0.0,0.0,177.33718872070312,9.66777801513672,0.0,0.0,157.04769897460938,4.513084411621094,159.61581420898438,48.55479431152344,130.0660858154297,42.09568786621094,0.0,0.0,153.72915649414062,100.67430114746094,0.0,0.0,190.9434814453125,73.39856719970703,155.91897583007812,179.32611083984375,137.03164672851562,179.74197387695312,0.0,0.0,0.0,0.0,0.0,0.0,0.0,0.0
399,180.0492706298828,18.72380828857422,0.0,0.0,178.44419860839844,9.414222717285156,0.0,0.0,159.333251953125,3.848587036132813,153.15597534179688,47.03438568115234,137.31039428710938,41.06372833251953,0.0,0.0,163.12152099609375,100.20751953125,0.0,0.0,200.4517822265625,70.97725677490234,150.50900268554688,175.3636474609375,140.71157836914062,175.96490478515625,0.0,0.0,0.0,0.0,0.0,0.0,0.0,0.0
400,177.4691162109375,20.70587158203125,0.0,0.0,176.0738525390625,11.520721435546877,0.0,0.0,157.90538024902344,6.997642517089844,140.68218994140625,47.95270538330078,147.89283752441406,44.32355499267578,0.0,0.0,188.74172973632807,95.18138122558594,0.0,0.0,210.0731201171875,65.88896179199219,141.5231475830078,167.89149475097656,148.00833129882812,168.73562622070312,0.0,0.0,0.0,0.0,0.0,0.0,0.0,0.0
401,183.20309448242188,25.1207275390625,0.0,0.0,182.0157165527344,16.14337158203125,0.0,0.0,162.8840789794922,10.69744873046875,151.43817138671875,51.34041595458984,143.6116943359375,47.24102020263672,0.0,0.0,173.34426879882812,103.44815063476562,0.0,0.0,200.6171722412109,69.17452239990234,147.373291015625,173.29873657226562,143.12924194335938,174.24996948242188,0.0,0.0,0.0,0.0,0.0,0.0,0.0,0.0
402,182.49888610839844,25.803024291992188,0.0,0.0,181.2274475097656,16.016952514648438,0.0,0.0,162.56509399414062,9.645668029785156,164.00830078125,52.68040466308594,136.73239135742188,47.39523315429688,0.0,0.0,160.16896057128906,98.7963409423828,0.0,0.0,187.4711456298828,68.31949615478516,157.41075134277344,177.07559204101562,139.6569061279297,177.20660400390625,0.0,0.0,0.0,0.0,0.0,0.0,0.0,0.0
403,177.80935668945312,22.29425048828125,0.0,0.0,175.48953247070312,12.797996520996094,0.0,0.0,158.4622802734375,7.9208526611328125,160.19952392578125,53.86604309082031,138.91453552246094,41.97770690917969,0.0,0.0,155.13873291015625,112.76398468017578,0.0,0.0,0.0,0.0,154.50015258789062,171.50927734375,142.15309143066406,167.97958374023438,0.0,0.0,0.0,0.0,0.0,0.0,0.0,0.0
404,0.0,0.0,0.0,0.0,177.44810485839844,13.461418151855469,0.0,0.0,162.9666290283203,8.215560913085938,127.2202606201172,55.41496276855469,168.4566650390625,51.85609436035156,0.0,0.0,195.59356689453125,127.60293579101562,0.0,0.0,0.0,0.0,128.03375244140625,181.6932678222656,157.73036193847656,179.901123046875,0.0,0.0,0.0,0.0,0.0,0.0,0.0,0.0
405,177.357177734375,22.45008850097656,0.0,0.0,175.62074279785156,13.556236267089844,0.0,0.0,158.5196075439453,7.306472778320312,161.47161865234375,51.05683898925781,133.14915466308594,41.20306396484375,0.0,0.0,145.5940704345703,118.37822723388672,0.0,0.0,178.10418701171875,171.9840545654297,161.15016174316406,172.61923217773438,141.76669311523438,171.27456665039062,0.0,0.0,0.0,0.0,0.0,0.0,0.0,0.0
406,0.0,0.0,0.0,0.0,178.26551818847656,10.88359832763672,0.0,0.0,159.35562133789062,6.417228698730469,142.89590454101562,48.41915893554688,143.89434814453125,39.410133361816406,0.0,0.0,171.30325317382812,101.27311706542967,0.0,0.0,0.0,0.0,148.50897216796875,172.71502685546875,150.43154907226562,172.03799438476562,0.0,0.0,0.0,0.0,0.0,0.0,0.0,0.0
407,178.0690155029297,20.17675018310547,0.0,0.0,176.30392456054688,10.715545654296877,0.0,0.0,157.564697265625,6.185302734375,146.37989807128906,50.33091735839844,144.95718383789062,42.590599060058594,0.0,0.0,176.66909790039062,114.2347640991211,0.0,0.0,196.16845703125,156.33572387695312,148.2647705078125,180.4415740966797,148.2020263671875,179.1708984375,0.0,0.0,0.0,0.0,0.0,0.0,0.0,0.0
408,179.73822021484375,17.722862243652344,0.0,0.0,177.3486328125,8.656494140625,0.0,0.0,157.01368713378906,4.5986328125,167.21102905273438,50.76414489746094,129.4342041015625,40.22335052490234,0.0,0.0,151.3635711669922,106.87288665771484,0.0,0.0,191.231689453125,140.90264892578125,165.55203247070312,170.79049682617188,139.55592346191406,169.22337341308594,0.0,0.0,0.0,0.0,0.0,0.0,0.0,0.0
409,178.3760223388672,25.484100341796875,0.0,0.0,178.99856567382812,15.14990234375,0.0,0.0,163.92295837402344,8.83514404296875,139.07968139648438,53.491790771484375,155.53134155273438,49.09344482421875,0.0,0.0,190.9144287109375,108.79248809814452,0.0,0.0,194.94622802734372,155.12142944335938,135.5735321044922,178.52780151367188,147.05889892578125,178.04574584960938,0.0,0.0,0.0,0.0,0.0,0.0,0.0,0.0
410,177.0511932373047,19.752975463867188,0.0,0.0,176.7681121826172,9.942657470703123,0.0,0.0,158.1385955810547,4.819580078125,156.23422241210938,51.006591796875,132.72161865234375,41.13774108886719,186.31735229492188,111.47431182861328,163.7217559814453,107.74166107177734,0.0,0.0,197.0521240234375,147.87686157226562,153.98001098632812,178.6927490234375,137.3510284423828,177.2936248779297,0.0,0.0,0.0,0.0,0.0,0.0,0.0,0.0
411,176.1995391845703,21.26812744140625,0.0,0.0,176.41160583496094,12.02642822265625,0.0,0.0,159.5561981201172,6.169921875,154.6583251953125,50.04063415527344,132.83241271972656,41.98614501953125,0.0,0.0,159.48756408691406,98.81864166259766,0.0,0.0,199.04205322265625,96.3875961303711,152.92919921875,174.47219848632812,137.78970336914062,174.69940185546875,0.0,0.0,0.0,0.0,0.0,0.0,0.0,0.0
412,177.0499725341797,23.48790740966797,0.0,0.0,176.48284912109375,14.775901794433594,0.0,0.0,161.49835205078125,8.929977416992188,157.1154022216797,51.08043670654297,136.1763153076172,41.12889099121094,0.0,0.0,157.3552703857422,101.68307495117188,0.0,0.0,199.3919677734375,139.68357849121094,158.2296905517578,175.01068115234375,144.1202850341797,175.03903198242188,0.0,0.0,0.0,0.0,0.0,0.0,0.0,0.0
413,176.3846435546875,27.508758544921875,0.0,0.0,176.33291625976562,17.753768920898438,0.0,0.0,163.09368896484375,8.594825744628906,152.56893920898438,49.93994140625,137.3867645263672,40.21932220458984,0.0,0.0,152.05838012695312,106.91415405273438,0.0,0.0,195.88465881347656,130.4844970703125,150.66070556640625,174.15513610839844,139.453125,174.5655975341797,0.0,0.0,0.0,0.0,0.0,0.0,0.0,0.0
414,176.89414978027344,27.82139587402344,0.0,0.0,177.0745849609375,18.4560546875,0.0,0.0,165.0022735595703,9.578712463378906,154.87460327148438,48.80674743652344,137.8111572265625,40.720977783203125,0.0,0.0,150.72828674316406,101.71085357666016,0.0,0.0,197.68408203125,105.9438705444336,152.4410400390625,169.0673828125,139.614013671875,170.11727905273438,0.0,0.0,0.0,0.0,0.0,0.0,0.0,0.0
415,175.42584228515625,25.301124572753903,0.0,0.0,175.76661682128906,16.120086669921875,0.0,0.0,162.1603240966797,9.142044067382812,148.3225555419922,51.43511199951172,137.35797119140625,42.64202117919922,0.0,0.0,154.7703094482422,100.54943084716795,0.0,0.0,198.75372314453125,100.05772399902344,147.7858123779297,173.9874267578125,140.36941528320312,174.67201232910156,0.0,0.0,0.0,0.0,0.0,0.0,0.0,0.0
416,166.33363342285156,13.833038330078123,0.0,0.0,165.7859344482422,5.708755493164063,0.0,0.0,154.49566650390625,3.97509765625,158.96153259277344,52.14366149902344,130.13455200195312,40.06199645996094,0.0,0.0,143.98013305664062,96.98576354980467,0.0,0.0,191.08294677734372,96.02215576171876,157.5117645263672,172.20982360839844,137.488525390625,170.37063598632812,0.0,0.0,0.0,0.0,0.0,0.0,0.0,0.0
417,169.16937255859375,18.94300842285156,0.0,0.0,166.5862579345703,10.302330017089844,0.0,0.0,152.53555297851562,8.01141357421875,151.2137908935547,53.62218475341797,137.50352478027344,41.865631103515625,0.0,0.0,159.92092895507812,104.4852294921875,0.0,0.0,191.60899353027344,121.8858413696289,154.2948760986328,170.55386352539062,146.73779296875,169.01568603515625,0.0,0.0,0.0,0.0,0.0,0.0,0.0,0.0
418,168.54464721679688,17.870681762695312,0.0,0.0,167.01422119140625,8.846939086914062,0.0,0.0,154.41152954101562,5.927993774414063,151.88656616210938,52.94172668457031,137.55694580078125,43.80923461914063,0.0,0.0,160.75584411621094,104.02462768554688,0.0,0.0,191.44305419921875,92.1842803955078,152.76654052734375,172.19212341308594,142.90591430664062,171.81800842285156,0.0,0.0,0.0,0.0,0.0,0.0,0.0,0.0
419,169.90211486816406,19.276351928710938,0.0,0.0,167.79067993164062,10.534156799316406,0.0,0.0,153.6310577392578,7.377166748046875,152.30520629882812,51.43458557128906,138.00357055664062,42.0716552734375,0.0,0.0,166.7996368408203,98.87110900878906,0.0,0.0,191.2705993652344,89.17015075683594,155.62271118164062,166.6745147705078,146.81675720214844,166.62802124023438,0.0,0.0,0.0,0.0,0.0,0.0,0.0,0.0
420,171.14389038085938,18.640777587890625,0.0,0.0,168.67276000976562,10.600967407226562,0.0,0.0,155.0509033203125,7.710792541503906,153.0604705810547,49.39492034912109,137.16419982910156,40.93479919433594,0.0,0.0,157.9539794921875,93.38484191894533,0.0,0.0,190.87245178222656,82.15985870361328,154.34442138671875,159.4716796875,144.4585723876953,160.1827392578125,0.0,0.0,0.0,0.0,0.0,0.0,0.0,0.0
421,165.28929138183594,18.54342269897461,169.2683868408203,13.870246887207031,160.0503387451172,11.06488037109375,0.0,0.0,147.96786499023438,11.141006469726562,162.4098358154297,48.57917022705078,132.26168823242188,40.37821960449219,0.0,0.0,138.34957885742188,87.4881362915039,0.0,0.0,192.02804565429688,73.78903198242188,158.222900390625,146.36532592773438,136.40744018554688,146.64109802246094,0.0,0.0,0.0,0.0,0.0,0.0,0.0,0.0
422,175.52284240722656,14.929039001464844,0.0,0.0,171.12460327148438,7.054252624511719,0.0,0.0,152.37086486816406,5.87799072265625,163.7079315185547,46.33332061767578,126.56727600097656,40.71595764160156,0.0,0.0,139.91197204589844,101.3564910888672,0.0,0.0,188.6252593994141,90.2567138671875,165.7430877685547,157.32833862304688,140.1321258544922,159.9145965576172,0.0,0.0,0.0,0.0,0.0,0.0,0.0,0.0
423,0.0,0.0,0.0,0.0,0.0,0.0,0.0,0.0,150.8166961669922,5.927536010742188,176.11048889160156,45.319915771484375,126.8887939453125,45.12765502929688,0.0,0.0,144.23855590820312,99.84203338623048,0.0,0.0,198.9203338623047,70.24951171875,173.1468505859375,160.13525390625,139.47964477539062,163.08642578125,0.0,0.0,0.0,0.0,0.0,0.0,0.0,0.0
424,174.357666015625,14.135223388671877,0.0,0.0,167.7567901611328,6.152351379394531,0.0,0.0,150.6189422607422,6.95751953125,182.5228271484375,45.36425018310547,129.80026245117188,43.19804382324219,0.0,0.0,145.90863037109375,102.39585876464844,0.0,0.0,196.47286987304688,119.82489013671876,174.32186889648438,151.68673706054688,139.54739379882812,152.67816162109375,0.0,0.0,0.0,0.0,0.0,0.0,0.0,0.0
425,182.5615997314453,18.816638946533203,0.0,0.0,178.36956787109375,11.57284927368164,0.0,0.0,158.87350463867188,10.266525268554688,169.89599609375,46.01200866699219,129.52748107910156,42.73340225219727,191.54833984375,72.947509765625,144.62547302246094,78.48340606689453,221.60562133789065,55.76143646240234,218.2908935546875,59.20105743408203,161.38475036621094,140.28616333007812,132.99586486816406,143.1149139404297,0.0,0.0,0.0,0.0,0.0,0.0,0.0,0.0
426,180.0934295654297,18.578590393066406,0.0,0.0,175.93685913085938,10.313613891601562,0.0,0.0,156.4026336669922,8.493217468261719,154.72479248046875,48.135032653808594,142.71389770507812,43.71714019775391,0.0,0.0,181.6340789794922,76.98257446289062,0.0,0.0,233.2027587890625,60.88300323486328,149.49972534179688,162.85113525390625,139.16641235351562,164.87203979492188,0.0,0.0,0.0,0.0,0.0,0.0,0.0,0.0
427,190.79368591308597,18.16656494140625,0.0,0.0,186.49102783203125,10.0194091796875,0.0,0.0,163.61444091796875,8.859359741210938,158.11691284179688,47.61692810058594,144.3037872314453,51.05549621582031,188.138427734375,84.88426208496094,174.2465362548828,99.80110931396484,235.18458557128903,80.4920654296875,232.80262756347656,79.72380065917969,147.83006286621094,169.2513427734375,138.32119750976562,174.71151733398438,0.0,0.0,0.0,0.0,0.0,0.0,0.0,0.0
428,172.91567993164062,13.530044555664062,0.0,0.0,170.34097290039062,5.842063903808594,0.0,0.0,158.58547973632812,7.13250732421875,161.4895477294922,49.60044860839844,139.47000122070312,46.12843322753906,190.9217834472656,83.17822265625,171.829833984375,88.71452331542969,235.61431884765625,83.2171630859375,234.07554626464844,81.72901153564453,162.50926208496094,165.05728149414062,145.35671997070312,169.1116180419922,0.0,0.0,0.0,0.0,0.0,0.0,0.0,0.0
429,166.47068786621094,12.91469955444336,0.0,0.0,0.0,0.0,0.0,0.0,0.0,0.0,163.91067504882812,48.18854522705078,146.75469970703125,43.40300750732422,192.79443359375,83.155029296875,177.3882293701172,80.59736633300781,243.23133850097656,93.55309295654295,244.88986206054688,98.39019012451172,148.9819793701172,145.44863891601562,134.519287109375,149.0797576904297,0.0,0.0,0.0,0.0,0.0,0.0,0.0,0.0
430,0.0,0.0,0.0,0.0,0.0,0.0,0.0,0.0,168.0518035888672,8.129112243652344,165.92581176757812,48.1781120300293,147.72337341308594,42.693153381347656,194.57794189453125,85.42149353027344,177.55699157714844,85.33414459228516,241.55616760253903,96.2058334350586,240.38504028320312,97.9406280517578,156.95797729492188,150.6027069091797,142.1028289794922,152.80453491210938,0.0,0.0,0.0,0.0,0.0,0.0,0.0,0.0
431,160.6448974609375,13.63459014892578,166.49484252929688,8.497726440429688,0.0,0.0,182.38470458984372,9.736434936523438,0.0,0.0,193.58154296875,42.60859298706055,142.53565979003906,38.316139221191406,206.69406127929688,90.4323959350586,147.1450958251953,91.31886291503906,239.88331604003903,92.49476623535156,227.02044677734372,97.1114730834961,168.9425048828125,140.08900451660156,134.76296997070312,140.4850616455078,0.0,0.0,0.0,0.0,0.0,0.0,0.0,0.0
432,163.0127716064453,14.580154418945312,169.70327758789062,9.338592529296877,162.4374237060547,7.5092620849609375,183.2815399169922,12.504890441894531,0.0,0.0,176.76950073242188,46.08921432495117,146.88352966308594,42.48471832275391,184.87005615234372,95.47881317138672,146.10008239746094,97.08432006835938,220.4842071533203,86.99236297607422,212.9893493652344,87.03021240234375,162.56683349609375,147.40509033203125,141.9840087890625,150.67120361328125,0.0,0.0,0.0,0.0,0.0,0.0,0.0,0.0
433,161.96046447753906,16.88384246826172,167.93719482421875,11.599746704101562,0.0,0.0,182.6808319091797,13.610061645507812,0.0,0.0,182.28594970703125,45.98772430419922,152.9321746826172,42.80672454833984,0.0,0.0,158.65956115722656,95.4322509765625,0.0,0.0,0.0,0.0,163.78851318359375,142.050048828125,144.92527770996094,143.29281616210938,0.0,0.0,0.0,0.0,0.0,0.0,0.0,0.0
434,164.2275848388672,12.000244140625,171.6905059814453,6.223312377929688,161.4190673828125,5.208442687988281,187.1005859375,9.525283813476562,0.0,0.0,192.3265838623047,43.826171875,146.06253051757812,43.941802978515625,0.0,0.0,144.0191192626953,102.49478149414062,201.3979034423828,90.70572662353516,190.15866088867188,91.69639587402344,174.50135803222656,145.98422241210938,143.17556762695312,147.45834350585938,0.0,0.0,0.0,0.0,0.0,0.0,0.0,0.0
435,162.44766235351562,13.729988098144531,169.7540283203125,7.921737670898437,0.0,0.0,186.89356994628903,10.769775390625,0.0,0.0,194.52691650390625,43.81038284301758,145.81625366210938,43.66309356689453,204.67919921875,94.8472900390625,139.4515380859375,100.50726318359376,200.99932861328125,90.38033294677734,184.97964477539065,95.96835327148438,176.85366821289062,145.32901000976562,144.7670135498047,146.46408081054688,0.0,0.0,0.0,0.0,0.0,0.0,0.0,0.0
436,165.79197692871094,16.595867156982422,172.2615203857422,11.280296325683594,163.65518188476562,9.398818969726562,0.0,0.0,0.0,0.0,173.5250701904297,51.90999221801758,139.95120239257812,45.62194061279297,171.71900939941406,108.79645538330078,124.03074645996094,102.99493408203124,187.4798889160156,121.59481811523438,175.93460083007812,122.947265625,162.4703369140625,147.06349182128906,139.03590393066406,149.24844360351562,0.0,0.0,0.0,0.0,0.0,0.0,0.0,0.0
437,166.72467041015625,8.120048522949219,173.3958282470703,3.945709228515625,164.2449493408203,1.6697235107421875,0.0,0.0,0.0,0.0,177.47608947753906,51.55735778808594,138.2460174560547,45.19308471679688,174.558349609375,104.16447448730467,125.58299255371094,102.2567138671875,190.5041656494141,126.55706024169922,175.149658203125,133.3990936279297,166.00828552246094,148.50363159179688,139.2489471435547,148.75486755371094,0.0,0.0,0.0,0.0,0.0,0.0,0.0,0.0
438,172.93927001953125,14.892936706542969,0.0,0.0,168.7600860595703,8.039344787597656,0.0,0.0,159.4857635498047,8.920074462890625,172.65562438964844,49.278053283691406,143.79299926757812,42.41820526123047,176.46942138671875,104.6331787109375,140.56072998046875,100.38568115234376,195.09825134277344,123.73306274414062,178.197509765625,138.29510498046875,161.49819946289062,154.568115234375,140.92918395996094,154.31204223632812,0.0,0.0,0.0,0.0,0.0,0.0,0.0,0.0
439,0.0,0.0,0.0,0.0,0.0,0.0,0.0,0.0,0.0,0.0,174.85818481445312,48.44647979736328,143.51846313476562,42.796722412109375,181.1789093017578,104.51380920410156,142.6418914794922,103.48551940917967,195.71466064453125,127.4196548461914,176.80165100097656,144.08486938476562,161.32223510742188,158.2633056640625,139.21873474121094,158.17977905273438,0.0,0.0,0.0,0.0,0.0,0.0,0.0,0.0
440,159.08291625976562,13.778823852539062,0.0,0.0,0.0,0.0,0.0,0.0,0.0,0.0,168.64578247070312,49.438751220703125,142.67684936523438,47.8394775390625,184.06640625,108.38298797607422,150.5701904296875,116.42454528808594,199.19204711914065,127.47338104248048,180.35903930664065,143.987060546875,154.44082641601562,168.59608459472656,136.72959899902344,169.53643798828125,0.0,0.0,0.0,0.0,0.0,0.0,0.0,0.0
441,166.55421447753906,9.40985107421875,0.0,0.0,160.3048553466797,3.0044097900390625,0.0,0.0,148.68104553222656,7.629325866699219,165.1685333251953,45.36884307861328,139.88015747070312,43.93194580078125,182.1438446044922,111.94407653808594,151.26547241210938,115.83905792236328,202.08609008789065,130.34352111816406,178.19105529785156,144.01316833496094,151.315185546875,163.74029541015625,133.82179260253906,166.83761596679688,0.0,0.0,0.0,0.0,0.0,0.0,0.0,0.0
442,165.96148681640625,9.54864501953125,0.0,0.0,159.53280639648438,3.3841705322265625,0.0,0.0,145.8345184326172,7.323188781738281,168.55136108398438,45.80052185058594,134.23831176757812,45.55567169189453,184.95953369140625,102.71525573730467,139.95640563964844,110.5240478515625,195.23748779296875,128.3774871826172,175.33914184570312,145.82177734375,161.14370727539062,164.59255981445312,137.7532958984375,166.802734375,0.0,0.0,0.0,0.0,0.0,0.0,0.0,0.0
443,162.58187866210938,10.471572875976562,0.0,0.0,157.08670043945312,4.536163330078125,0.0,0.0,145.88381958007812,8.400550842285156,168.79244995117188,46.47587585449219,130.7677764892578,47.11994934082031,182.23297119140625,106.74169921875,130.54629516601562,117.23503112792967,197.40670776367188,126.65282440185548,161.7176055908203,134.12713623046875,154.76846313476562,159.7747802734375,129.61573791503906,162.09925842285156,0.0,0.0,0.0,0.0,0.0,0.0,0.0,0.0
444,157.81137084960938,8.980850219726562,0.0,0.0,0.0,0.0,0.0,0.0,0.0,0.0,168.528076171875,48.93766784667969,127.5414047241211,43.554595947265625,179.80679321289062,114.88699340820312,132.3312530517578,109.39836120605467,184.20755004882807,124.02985382080078,168.8438720703125,126.84829711914062,151.91754150390625,161.49307250976562,127.50435638427734,162.595703125,0.0,0.0,0.0,0.0,0.0,0.0,0.0,0.0
445,0.0,0.0,0.0,0.0,0.0,0.0,0.0,0.0,155.108154296875,9.566268920898438,171.21263122558594,51.1595458984375,118.40055084228516,46.40460968017578,180.0736083984375,96.12142944335938,93.21758270263672,91.8758544921875,177.25131225585938,128.3904571533203,118.25556182861328,124.67987060546876,156.40199279785156,150.13400268554688,122.51164245605467,150.06068420410156,0.0,0.0,0.0,0.0,0.0,0.0,0.0,0.0
446,0.0,0.0,0.0,0.0,0.0,0.0,0.0,0.0,0.0,0.0,168.24362182617188,45.68206787109375,112.0450439453125,43.39185333251953,181.6320953369141,98.28216552734376,89.50572204589844,91.71417236328124,177.90478515625,124.16881561279295,116.845458984375,92.22682189941406,153.8853302001953,155.23924255371094,116.3204116821289,156.852294921875,0.0,0.0,0.0,0.0,0.0,0.0,0.0,0.0
447,0.0,0.0,0.0,0.0,0.0,0.0,0.0,0.0,139.0682830810547,5.396003723144531,110.14642333984376,41.17524719238281,141.19602966308594,44.26536560058594,0.0,0.0,162.5701446533203,94.72583770751952,0.0,0.0,0.0,0.0,111.82322692871094,158.34811401367188,131.55172729492188,161.1226806640625,0.0,0.0,0.0,0.0,0.0,0.0,0.0,0.0
448,0.0,0.0,0.0,0.0,0.0,0.0,0.0,0.0,134.91400146484375,9.809494018554688,90.61216735839844,44.63612365722656,146.86973571777344,48.03693389892578,73.30178833007812,97.95198059082033,169.517578125,103.55580139160156,0.0,0.0,0.0,0.0,97.0770034790039,148.9638671875,133.10586547851562,150.37791442871094,0.0,0.0,0.0,0.0,0.0,0.0,0.0,0.0
449,0.0,0.0,0.0,0.0,0.0,0.0,0.0,0.0,0.0,0.0,0.0,0.0,0.0,0.0,0.0,0.0,0.0,0.0,0.0,0.0,0.0,0.0,0.0,0.0,0.0,0.0,0.0,0.0,0.0,0.0,0.0,0.0,0.0,0.0
450,0.0,0.0,0.0,0.0,0.0,0.0,0.0,0.0,0.0,0.0,134.65249633789062,49.24863815307617,63.045372009277344,46.66479110717773,149.12747192382812,98.45539093017578,28.02478790283203,94.64181518554688,147.509033203125,121.8231201171875,28.61483764648437,124.5973892211914,118.42764282226562,159.72265625,73.98721313476562,159.7100067138672,0.0,0.0,0.0,0.0,0.0,0.0,0.0,0.0
451,0.0,0.0,0.0,0.0,0.0,0.0,0.0,0.0,0.0,0.0,123.1338348388672,45.95503616333008,42.81046295166016,46.42515182495117,134.92861938476562,98.02825927734376,11.25567626953125,102.24089813232422,129.5302276611328,121.97673797607422,9.909919738769531,135.9878387451172,108.8202133178711,169.41616821289062,58.31180191040039,170.5361328125,0.0,0.0,0.0,0.0,0.0,0.0,0.0,0.0
452,0.0,0.0,0.0,0.0,0.0,0.0,0.0,0.0,0.0,0.0,110.63444519042967,44.87827301025391,0.0,0.0,131.57473754882812,104.07029724121094,0.0,0.0,125.89093017578124,124.56971740722656,0.0,0.0,99.44002532958984,182.3519592285156,46.80604934692383,184.46859741210935,0.0,0.0,0.0,0.0,0.0,0.0,0.0,0.0
453,0.0,0.0,0.0,0.0,0.0,0.0,0.0,0.0,0.0,0.0,103.93362426757812,36.6591796875,0.0,0.0,128.55125427246094,93.5254364013672,0.0,0.0,118.91078186035156,122.4761962890625,0.0,0.0,94.0203628540039,169.77195739746094,45.09211730957031,170.67630004882812,0.0,0.0,0.0,0.0,0.0,0.0,0.0,0.0
454,0.0,0.0,0.0,0.0,0.0,0.0,51.73212432861328,0.0,0.0,0.0,89.65280151367188,25.507339477539062,0.0,0.0,131.60794067382812,79.3534927368164,0.0,0.0,115.86306762695312,115.40457153320312,0.0,0.0,87.31425476074219,159.8556671142578,57.22272491455078,161.01580810546875,0.0,0.0,0.0,0.0,0.0,0.0,0.0,0.0
455,0.0,0.0,0.0,0.0,0.0,0.0,45.12470245361328,0.0,0.0,0.0,79.21859741210938,34.74730682373047,64.36116027832031,35.036598205566406,122.2686538696289,111.62803649902344,0.0,0.0,104.90249633789062,123.86103057861328,0.0,0.0,68.23030853271484,179.6790771484375,57.15919494628906,175.01004028320312,0.0,0.0,0.0,0.0,0.0,0.0,0.0,0.0
456,0.0,0.0,0.0,0.0,0.0,0.0,39.39116287231445,0.0,0.0,0.0,84.33196258544922,31.556907653808597,0.0,0.0,117.04353332519533,100.16889190673828,0.0,0.0,95.23233032226562,120.82902526855467,0.0,0.0,77.48668670654297,174.28282165527344,36.11101913452149,176.46563720703125,0.0,0.0,0.0,0.0,0.0,0.0,0.0,0.0
457,0.0,0.0,0.0,0.0,0.0,0.0,36.66648864746094,0.0,0.0,0.0,79.95646667480469,28.97787475585937,0.0,0.0,119.74079132080078,85.65669250488281,0.0,0.0,94.85994720458984,113.33013916015624,0.0,0.0,79.91639709472656,165.22080993652344,32.18024444580078,168.29132080078125,0.0,0.0,0.0,0.0,0.0,0.0,0.0,0.0
458,0.0,0.0,0.0,0.0,0.0,0.0,40.36572647094727,0.0,0.0,0.0,81.67674255371094,25.602813720703125,0.0,0.0,123.02023315429688,91.8544692993164,0.0,0.0,93.34109497070312,111.4688720703125,0.0,0.0,77.16297912597656,174.05032348632812,25.570905685424805,180.12252807617188,0.0,0.0,0.0,0.0,0.0,0.0,0.0,0.0
459,0.0,0.0,0.0,0.0,0.0,0.0,42.6180305480957,0.0,0.0,0.0,82.0206527709961,28.58362579345703,0.0,0.0,116.87081909179688,86.44447326660156,0.0,0.0,86.80046844482422,110.85124206542967,0.0,0.0,69.15861511230469,170.62574768066406,20.13096618652344,172.3016357421875,0.0,0.0,0.0,0.0,0.0,0.0,0.0,0.0
460,0.0,0.0,0.0,0.0,0.0,0.0,47.09053802490234,0.60125732421875,0.0,0.0,83.50788879394531,31.405502319335938,0.0,0.0,113.3635711669922,83.61395263671875,0.0,0.0,78.32231140136719,113.57054138183594,0.0,0.0,68.34501647949219,151.1070556640625,19.62875747680664,150.28443908691406,0.0,0.0,0.0,0.0,0.0,0.0,0.0,0.0
461,0.0,0.0,0.0,0.0,0.0,0.0,45.61754989624024,0.0,0.0,0.0,81.41400909423828,32.39007568359375,0.0,0.0,108.87596130371094,89.08474731445312,0.0,0.0,83.48703002929688,137.4342498779297,0.0,0.0,59.21794509887695,157.74249267578125,24.77820587158203,155.74063110351562,0.0,0.0,0.0,0.0,0.0,0.0,0.0,0.0
462,0.0,0.0,0.0,0.0,0.0,0.0,36.94014739990234,0.0,0.0,0.0,79.15406799316406,32.14420318603516,0.0,0.0,105.27771759033205,101.4717788696289,0.0,0.0,60.03810119628906,121.5607681274414,0.0,0.0,58.08113861083984,178.9692840576172,13.7198486328125,176.59112548828125,0.0,0.0,0.0,0.0,0.0,0.0,0.0,0.0
463,0.0,0.0,0.0,0.0,0.0,0.0,0.0,0.0,0.0,0.0,76.63375854492188,30.604751586914062,0.0,0.0,101.6200714111328,100.87297821044922,0.0,0.0,51.951019287109375,117.2067413330078,0.0,0.0,51.49961853027344,191.9566802978516,0.0,0.0,0.0,0.0,0.0,0.0,0.0,0.0,0.0,0.0
464,0.0,0.0,0.0,0.0,0.0,0.0,0.0,0.0,0.0,0.0,65.14765930175781,31.24768829345703,0.0,0.0,95.21443176269533,100.07272338867188,0.0,0.0,44.3075065612793,115.3117218017578,0.0,0.0,44.955711364746094,198.78054809570312,0.0,0.0,0.0,0.0,0.0,0.0,0.0,0.0,0.0,0.0
465,0.0,0.0,0.0,0.0,0.0,0.0,0.0,0.0,0.0,0.0,63.01416015625,30.444000244140625,0.0,0.0,84.81910705566406,102.48738861083984,0.0,0.0,33.27366638183594,120.6874008178711,0.0,0.0,40.98619842529297,188.7743225097656,0.0,0.0,0.0,0.0,0.0,0.0,0.0,0.0,0.0,0.0
466,0.0,0.0,0.0,0.0,0.0,0.0,0.0,0.0,0.0,0.0,47.67985916137695,25.32416534423828,0.0,0.0,69.07568359375,106.3482666015625,0.0,0.0,20.05736923217773,126.71737670898438,0.0,0.0,31.53514862060547,175.3860626220703,0.0,0.0,0.0,0.0,0.0,0.0,0.0,0.0,0.0,0.0
467,0.0,0.0,0.0,0.0,0.0,0.0,0.0,0.0,0.0,0.0,0.0,0.0,49.13053894042969,24.94207763671875,0.0,0.0,70.61994934082031,93.63800048828124,0.0,0.0,0.0,0.0,0.0,0.0,38.52083587646485,161.87107849121094,0.0,0.0,0.0,0.0,0.0,0.0,0.0,0.0
468,0.0,0.0,0.0,0.0,0.0,0.0,0.0,0.0,0.0,0.0,0.0,0.0,0.0,0.0,0.0,0.0,0.0,0.0,0.0,0.0,0.0,0.0,0.0,0.0,0.0,0.0,0.0,0.0,0.0,0.0,0.0,0.0,0.0,0.0
469,0.0,0.0,0.0,0.0,0.0,0.0,0.0,0.0,0.0,0.0,0.0,0.0,0.0,0.0,0.0,0.0,57.06230163574219,105.72329711914062,0.0,0.0,0.0,0.0,0.0,0.0,0.0,0.0,0.0,0.0,0.0,0.0,0.0,0.0,0.0,0.0
470,0.0,0.0,0.0,0.0,0.0,0.0,0.0,0.0,0.0,0.0,0.0,0.0,0.0,0.0,0.0,0.0,0.0,0.0,0.0,0.0,0.0,0.0,0.0,0.0,0.0,0.0,0.0,0.0,0.0,0.0,0.0,0.0,0.0,0.0
471,0.0,0.0,0.0,0.0,0.0,0.0,0.0,0.0,0.0,0.0,0.0,0.0,0.0,0.0,0.0,0.0,47.05492782592773,103.58226013183594,0.0,0.0,0.0,0.0,0.0,0.0,0.0,0.0,0.0,0.0,0.0,0.0,0.0,0.0,0.0,0.0
472,0.0,0.0,0.0,0.0,0.0,0.0,0.0,0.0,0.0,0.0,0.0,0.0,0.0,0.0,0.0,0.0,0.0,0.0,0.0,0.0,0.0,0.0,0.0,0.0,0.0,0.0,0.0,0.0,0.0,0.0,0.0,0.0,0.0,0.0
473,0.0,0.0,0.0,0.0,0.0,0.0,0.0,0.0,0.0,0.0,0.0,0.0,0.0,0.0,0.0,0.0,0.0,0.0,0.0,0.0,0.0,0.0,0.0,0.0,0.0,0.0,0.0,0.0,0.0,0.0,0.0,0.0,0.0,0.0
474,0.0,0.0,0.0,0.0,0.0,0.0,0.0,0.0,0.0,0.0,0.0,0.0,0.0,0.0,0.0,0.0,0.0,0.0,0.0,0.0,0.0,0.0,0.0,0.0,0.0,0.0,0.0,0.0,0.0,0.0,0.0,0.0,0.0,0.0
475,0.0,0.0,0.0,0.0,0.0,0.0,0.0,0.0,0.0,0.0,0.0,0.0,0.0,0.0,0.0,0.0,0.0,0.0,0.0,0.0,0.0,0.0,0.0,0.0,0.0,0.0,0.0,0.0,0.0,0.0,0.0,0.0,0.0,0.0
476,0.0,0.0,0.0,0.0,0.0,0.0,0.0,0.0,0.0,0.0,0.0,0.0,0.0,0.0,0.0,0.0,0.0,0.0,0.0,0.0,0.0,0.0,0.0,0.0,0.0,0.0,0.0,0.0,0.0,0.0,0.0,0.0,0.0,0.0
477,0.0,0.0,0.0,0.0,0.0,0.0,0.0,0.0,0.0,0.0,0.0,0.0,0.0,0.0,0.0,0.0,0.0,0.0,0.0,0.0,0.0,0.0,0.0,0.0,0.0,0.0,0.0,0.0,0.0,0.0,0.0,0.0,0.0,0.0
478,0.0,0.0,0.0,0.0,0.0,0.0,0.0,0.0,0.0,0.0,0.0,0.0,0.0,0.0,0.0,0.0,0.0,0.0,0.0,0.0,0.0,0.0,0.0,0.0,0.0,0.0,0.0,0.0,0.0,0.0,0.0,0.0,0.0,0.0
479,0.0,0.0,0.0,0.0,0.0,0.0,0.0,0.0,0.0,0.0,0.0,0.0,0.0,0.0,0.0,0.0,0.0,0.0,0.0,0.0,0.0,0.0,0.0,0.0,0.0,0.0,0.0,0.0,0.0,0.0,0.0,0.0,0.0,0.0
480,0.0,0.0,0.0,0.0,0.0,0.0,0.0,0.0,0.0,0.0,0.0,0.0,0.0,0.0,0.0,0.0,0.0,0.0,0.0,0.0,0.0,0.0,0.0,0.0,0.0,0.0,0.0,0.0,0.0,0.0,0.0,0.0,0.0,0.0
481,0.0,0.0,0.0,0.0,0.0,0.0,0.0,0.0,0.0,0.0,0.0,0.0,0.0,0.0,0.0,0.0,0.0,0.0,0.0,0.0,0.0,0.0,0.0,0.0,0.0,0.0,0.0,0.0,0.0,0.0,0.0,0.0,0.0,0.0
482,0.0,0.0,0.0,0.0,0.0,0.0,0.0,0.0,0.0,0.0,0.0,0.0,0.0,0.0,0.0,0.0,0.0,0.0,0.0,0.0,0.0,0.0,0.0,0.0,0.0,0.0,0.0,0.0,0.0,0.0,0.0,0.0,0.0,0.0
483,0.0,0.0,0.0,0.0,0.0,0.0,0.0,0.0,0.0,0.0,0.0,0.0,0.0,0.0,0.0,0.0,0.0,0.0,0.0,0.0,0.0,0.0,0.0,0.0,0.0,0.0,0.0,0.0,0.0,0.0,0.0,0.0,0.0,0.0
484,0.0,0.0,0.0,0.0,0.0,0.0,0.0,0.0,0.0,0.0,0.0,0.0,0.0,0.0,0.0,0.0,0.0,0.0,0.0,0.0,0.0,0.0,0.0,0.0,0.0,0.0,0.0,0.0,0.0,0.0,0.0,0.0,0.0,0.0
485,0.0,0.0,0.0,0.0,0.0,0.0,0.0,0.0,0.0,0.0,0.0,0.0,0.0,0.0,0.0,0.0,0.0,0.0,0.0,0.0,0.0,0.0,0.0,0.0,0.0,0.0,0.0,0.0,0.0,0.0,0.0,0.0,0.0,0.0
486,0.0,0.0,0.0,0.0,0.0,0.0,0.0,0.0,0.0,0.0,0.0,0.0,0.0,0.0,0.0,0.0,0.0,0.0,0.0,0.0,0.0,0.0,0.0,0.0,0.0,0.0,0.0,0.0,0.0,0.0,0.0,0.0,0.0,0.0
487,0.0,0.0,0.0,0.0,0.0,0.0,0.0,0.0,0.0,0.0,0.0,0.0,0.0,0.0,0.0,0.0,0.0,0.0,0.0,0.0,0.0,0.0,0.0,0.0,0.0,0.0,0.0,0.0,0.0,0.0,0.0,0.0,0.0,0.0
488,0.0,0.0,0.0,0.0,0.0,0.0,0.0,0.0,0.0,0.0,0.0,0.0,0.0,0.0,0.0,0.0,0.0,0.0,0.0,0.0,0.0,0.0,0.0,0.0,0.0,0.0,0.0,0.0,0.0,0.0,0.0,0.0,0.0,0.0
489,0.0,0.0,0.0,0.0,0.0,0.0,0.0,0.0,0.0,0.0,0.0,0.0,0.0,0.0,0.0,0.0,0.0,0.0,0.0,0.0,0.0,0.0,0.0,0.0,0.0,0.0,0.0,0.0,0.0,0.0,0.0,0.0,0.0,0.0
490,0.0,0.0,0.0,0.0,0.0,0.0,0.0,0.0,0.0,0.0,0.0,0.0,0.0,0.0,0.0,0.0,0.0,0.0,0.0,0.0,0.0,0.0,0.0,0.0,0.0,0.0,0.0,0.0,0.0,0.0,0.0,0.0,0.0,0.0
491,0.0,0.0,0.0,0.0,0.0,0.0,0.0,0.0,0.0,0.0,0.0,0.0,0.0,0.0,0.0,0.0,0.0,0.0,0.0,0.0,0.0,0.0,0.0,0.0,0.0,0.0,0.0,0.0,0.0,0.0,0.0,0.0,0.0,0.0
492,0.0,0.0,0.0,0.0,0.0,0.0,0.0,0.0,0.0,0.0,0.0,0.0,0.0,0.0,0.0,0.0,0.0,0.0,0.0,0.0,0.0,0.0,0.0,0.0,0.0,0.0,0.0,0.0,0.0,0.0,0.0,0.0,0.0,0.0
493,0.0,0.0,0.0,0.0,0.0,0.0,0.0,0.0,0.0,0.0,0.0,0.0,0.0,0.0,0.0,0.0,0.0,0.0,0.0,0.0,0.0,0.0,0.0,0.0,0.0,0.0,0.0,0.0,0.0,0.0,0.0,0.0,0.0,0.0
494,0.0,0.0,0.0,0.0,0.0,0.0,0.0,0.0,0.0,0.0,0.0,0.0,0.0,0.0,0.0,0.0,0.0,0.0,0.0,0.0,0.0,0.0,0.0,0.0,0.0,0.0,0.0,0.0,0.0,0.0,0.0,0.0,0.0,0.0
495,0.0,0.0,0.0,0.0,0.0,0.0,0.0,0.0,0.0,0.0,0.0,0.0,27.25391387939453,22.872772216796875,0.0,0.0,54.43041229248047,90.33201599121094,0.0,0.0,0.0,0.0,0.0,0.0,26.75477600097656,160.90725708007812,0.0,0.0,0.0,0.0,0.0,0.0,0.0,0.0
496,0.0,0.0,0.0,0.0,0.0,0.0,0.0,0.0,0.0,0.0,24.96661758422852,23.283172607421875,0.0,0.0,56.11407852172852,96.6956787109375,0.0,0.0,25.72329330444336,103.61564636230467,0.0,0.0,16.897451400756836,171.75970458984375,0.0,0.0,0.0,0.0,0.0,0.0,0.0,0.0,0.0,0.0
497,0.0,0.0,0.0,0.0,0.0,0.0,0.0,0.0,0.0,0.0,33.22265625,29.665298461914062,0.0,0.0,56.99568939208984,94.51097106933594,0.0,0.0,38.26066970825195,102.539306640625,0.0,0.0,27.858917236328125,162.5157928466797,0.0,0.0,0.0,0.0,0.0,0.0,0.0,0.0,0.0,0.0
498,0.0,0.0,0.0,0.0,0.0,0.0,0.0,0.0,0.0,0.0,44.54652404785156,33.042564392089844,0.0,0.0,65.26356506347656,107.4752426147461,0.0,0.0,52.685096740722656,105.33876037597656,0.0,0.0,35.680660247802734,161.5271453857422,9.379348754882812,160.00930786132812,0.0,0.0,0.0,0.0,0.0,0.0,0.0,0.0
499,0.0,0.0,0.0,0.0,0.0,0.0,0.0,0.0,0.0,0.0,42.88156509399414,35.12786865234375,0.0,0.0,64.45865631103516,109.00694274902344,0.0,0.0,51.94637298583984,105.8833236694336,0.0,0.0,34.80677032470703,165.82882690429688,13.62350082397461,162.95599365234375,0.0,0.0,0.0,0.0,0.0,0.0,0.0,0.0
500,0.0,0.0,0.0,0.0,0.0,0.0,0.0,0.0,0.0,0.0,54.65037155151367,39.71315002441406,0.0,0.0,71.71281433105469,91.66466522216795,0.0,0.0,0.0,0.0,0.0,0.0,37.19963836669922,145.52593994140625,0.0,0.0,0.0,0.0,0.0,0.0,0.0,0.0,0.0,0.0
501,0.0,0.0,0.0,0.0,0.0,0.0,0.0,0.0,0.0,0.0,63.10193634033203,44.47251129150391,0.0,0.0,0.0,0.0,0.0,0.0,0.0,0.0,0.0,0.0,45.682735443115234,165.02317810058594,20.581588745117188,161.40878295898438,0.0,0.0,0.0,0.0,0.0,0.0,0.0,0.0
502,0.0,0.0,0.0,0.0,0.0,0.0,0.0,0.0,0.0,0.0,73.26876068115234,47.36158752441406,34.31562042236328,44.08876037597656,0.0,0.0,0.0,0.0,0.0,0.0,0.0,0.0,55.15159606933594,191.6367034912109,29.32323837280273,192.0343170166016,0.0,0.0,0.0,0.0,0.0,0.0,0.0,0.0
503,0.0,0.0,0.0,0.0,0.0,0.0,0.0,0.0,0.0,0.0,85.26022338867188,54.34539794921875,37.85765838623047,49.61931610107422,0.0,0.0,0.0,0.0,0.0,0.0,0.0,0.0,67.4379653930664,178.67596435546875,37.00909423828125,177.4945068359375,0.0,0.0,0.0,0.0,0.0,0.0,0.0,0.0
504,0.0,0.0,0.0,0.0,0.0,0.0,0.0,0.0,72.72908782958984,0.0,44.435691833496094,47.330711364746094,67.61029052734375,43.70506286621094,0.0,0.0,79.4136734008789,126.18572235107422,0.0,0.0,0.0,0.0,35.180381774902344,178.9591064453125,50.38288497924805,177.8849639892578,0.0,0.0,0.0,0.0,0.0,0.0,0.0,0.0
505,102.7703628540039,21.99774932861328,0.0,0.0,100.43655395507812,13.839881896972656,0.0,0.0,80.62384033203125,8.960037231445312,89.02056884765625,52.11092376708984,39.95355987548828,43.86193084716797,0.0,0.0,28.583778381347656,111.14520263671876,0.0,0.0,0.0,0.0,69.2003173828125,161.06639099121094,38.81169891357422,160.9147491455078,0.0,0.0,0.0,0.0,0.0,0.0,0.0,0.0
506,112.27680206298828,12.858596801757812,0.0,0.0,111.43902587890624,5.01287841796875,0.0,0.0,91.99585723876952,3.039535522460937,46.46502685546875,44.407623291015625,71.13130187988281,43.81018829345703,7.08526611328125,101.10517120361328,78.16236877441406,106.00000762939452,0.0,0.0,116.94786071777344,118.51038360595705,49.98466110229492,161.8381805419922,63.01474380493164,165.6870574951172,0.0,0.0,0.0,0.0,0.0,0.0,0.0,0.0
507,0.0,0.0,0.0,0.0,0.0,0.0,0.0,0.0,97.3374252319336,1.95611572265625,51.40147399902344,40.335235595703125,83.58842468261719,44.03673553466797,0.0,0.0,92.19537353515624,111.9827880859375,0.0,0.0,118.56089782714844,125.2508773803711,52.37779998779297,159.065185546875,71.5334701538086,164.24110412597656,0.0,0.0,0.0,0.0,0.0,0.0,0.0,0.0
508,0.0,0.0,0.0,0.0,0.0,0.0,0.0,0.0,105.43458557128906,7.581413269042969,41.70416259765625,39.11699676513672,97.39451599121094,45.67039489746094,14.3392333984375,103.32144165039062,103.6597900390625,116.16287231445312,0.0,0.0,0.0,0.0,45.959503173828125,163.67747497558594,82.113525390625,169.3740692138672,0.0,0.0,0.0,0.0,0.0,0.0,0.0,0.0
509,0.0,0.0,0.0,0.0,0.0,0.0,0.0,0.0,0.0,0.0,113.9827880859375,55.74293518066406,58.66036987304688,47.93641662597656,125.66829681396484,110.44659423828124,25.97313690185547,99.17166900634766,112.78257751464844,100.84231567382812,77.43660736083984,92.9373779296875,105.39663696289062,166.9669952392578,68.71968078613281,166.98330688476562,0.0,0.0,0.0,0.0,0.0,0.0,0.0,0.0
510,120.34880065917967,12.841445922851562,0.0,0.0,116.10912322998048,4.253440856933594,0.0,0.0,100.8584442138672,4.480735778808594,112.56524658203124,50.52108001708984,69.89457702636719,43.4262924194336,130.60055541992188,117.19392395019533,68.86663055419922,114.71060180664062,138.00901794433594,102.9925308227539,116.09808349609376,100.2115707397461,103.31341552734376,166.34901428222656,75.96849822998047,168.6151580810547,0.0,0.0,0.0,0.0,0.0,0.0,0.0,0.0
511,0.0,0.0,0.0,0.0,0.0,0.0,0.0,0.0,114.63966369628906,11.694244384765623,69.67436218261719,41.008819580078125,111.70792388916016,44.14666748046875,56.633399963378906,97.60983276367188,124.9109344482422,106.54777526855467,0.0,0.0,0.0,0.0,76.15187072753906,146.08404541015625,103.90714263916016,149.43589782714844,0.0,0.0,0.0,0.0,0.0,0.0,0.0,0.0
512,0.0,0.0,0.0,0.0,0.0,0.0,0.0,0.0,0.0,0.0,0.0,0.0,0.0,0.0,0.0,0.0,0.0,0.0,0.0,0.0,0.0,0.0,0.0,0.0,0.0,0.0,0.0,0.0,0.0,0.0,0.0,0.0,0.0,0.0
513,135.37649536132812,11.058319091796877,0.0,0.0,133.37454223632812,2.9005355834960938,0.0,0.0,122.10124206542967,0.469146728515625,120.5365753173828,44.959083557128906,101.79499053955078,35.318878173828125,0.0,0.0,110.89552307128906,108.16201782226562,0.0,0.0,0.0,0.0,120.42149353027344,159.0133514404297,107.41929626464844,158.9283447265625,0.0,0.0,0.0,0.0,0.0,0.0,0.0,0.0
514,153.52850341796875,14.759651184082031,0.0,0.0,149.86048889160156,6.200798034667969,0.0,0.0,128.05740356445312,2.177680969238281,134.7459716796875,44.60414123535156,101.01669311523438,32.01756286621094,0.0,0.0,115.45628356933594,97.10335540771484,0.0,0.0,167.45986938476562,106.76109313964844,127.61175537109376,169.99533081054688,105.98006439208984,168.621337890625,0.0,0.0,0.0,0.0,0.0,0.0,0.0,0.0
515,146.20401000976562,11.955062866210938,0.0,0.0,143.29550170898438,5.219245910644531,0.0,0.0,127.9613037109375,1.861114501953125,133.47727966308594,40.47820281982422,106.5030288696289,31.492950439453125,148.89186096191406,89.59176635742188,121.1548309326172,82.27754211425781,184.1836700439453,96.4155044555664,186.61122131347656,93.41558074951172,129.37335205078125,133.33493041992188,111.79718780517578,133.65899658203125,127.81572723388672,189.12081909179688,124.85559844970705,191.1424865722656,0.0,0.0,0.0,0.0
516,152.0714569091797,25.157203674316406,0.0,0.0,148.61058044433594,16.22463607788086,0.0,0.0,134.71359252929688,8.429214477539062,147.32907104492188,45.293601989746094,112.53398895263672,34.87411117553711,162.66519165039062,100.22063446044922,128.29823303222656,94.00138092041016,0.0,0.0,185.79656982421875,95.49007415771484,137.3055877685547,150.4705810546875,112.8321533203125,149.48690795898438,0.0,0.0,0.0,0.0,0.0,0.0,0.0,0.0
517,157.37002563476562,15.227828979492188,0.0,0.0,152.64955139160156,6.523323059082031,0.0,0.0,138.53143310546875,4.927459716796875,161.68360900878906,50.27117919921875,113.15901947021484,36.931373596191406,180.34559631347656,109.08602905273438,125.27568817138672,98.83555603027344,194.88836669921875,101.64125061035156,173.1562042236328,114.95631408691406,151.54835510253906,161.419677734375,116.5314483642578,159.63265991210938,0.0,0.0,0.0,0.0,0.0,0.0,0.0,0.0
518,159.3857879638672,17.013015747070312,164.26614379882812,13.530227661132812,154.65451049804688,10.023269653320312,0.0,0.0,141.65646362304688,9.744918823242188,160.50567626953125,48.54750061035156,120.13636779785156,35.424354553222656,168.7369384765625,89.4411849975586,104.01353454589844,70.00117492675781,179.40380859375,91.88525390625,119.61735534667967,86.88986206054688,148.34925842285156,131.2657470703125,122.4538803100586,128.2417449951172,0.0,0.0,0.0,0.0,0.0,0.0,0.0,0.0
519,165.0345916748047,14.619827270507812,0.0,0.0,159.61981201171875,7.361190795898437,0.0,0.0,143.1907501220703,8.727790832519531,156.35716247558594,50.91191101074219,129.47805786132812,43.3111572265625,177.1402130126953,100.01031494140624,153.54339599609375,91.76307678222656,204.8447113037109,103.04524993896484,202.50875854492188,99.21646118164062,151.0460662841797,154.49293518066406,131.40643310546875,154.66339111328125,0.0,0.0,0.0,0.0,0.0,0.0,0.0,0.0
520,168.20790100097656,16.20684814453125,0.0,0.0,164.60269165039062,8.404220581054688,0.0,0.0,149.79486083984375,8.834068298339844,155.04443359375,49.99056243896485,136.3892364501953,45.030364990234375,183.4915313720703,105.6870574951172,174.12570190429688,103.09603881835938,210.62762451171875,103.18006896972656,211.99822998046875,100.72081756591795,146.40963745117188,164.3698272705078,132.28427124023438,165.09161376953125,0.0,0.0,0.0,0.0,0.0,0.0,0.0,0.0
521,172.89906311035156,21.105545043945312,0.0,0.0,168.41563415527344,13.277122497558594,0.0,0.0,152.57723999023438,11.70098876953125,167.1056365966797,51.79877471923828,135.52252197265625,44.115081787109375,187.74545288085935,105.35118103027344,166.49571228027344,98.79310607910156,210.8203125,105.02702331542967,213.2247009277344,101.38566589355467,159.02407836914062,154.66246032714844,134.69032287597656,154.14154052734375,0.0,0.0,0.0,0.0,0.0,0.0,0.0,0.0
522,0.0,0.0,0.0,0.0,0.0,0.0,0.0,0.0,163.13121032714844,53.75657653808594,132.0034637451172,85.70133972167969,163.38253784179688,80.1954574584961,0.0,0.0,187.31591796875,99.44710540771484,0.0,0.0,211.11312866210935,100.70044708251952,129.3609619140625,159.0795440673828,153.224365234375,158.34637451171875,0.0,0.0,0.0,0.0,0.0,0.0,0.0,0.0
523,0.0,0.0,0.0,0.0,0.0,0.0,0.0,0.0,0.0,0.0,159.90989685058594,60.47706604003906,157.2865447998047,57.44967269897461,181.9727020263672,99.40959167480467,180.5352325439453,96.80223083496094,212.4040679931641,104.34256744384766,213.7217254638672,100.9804229736328,149.7173614501953,151.6639404296875,147.07159423828125,153.13925170898438,0.0,0.0,0.0,0.0,0.0,0.0,0.0,0.0
524,0.0,0.0,0.0,0.0,0.0,0.0,0.0,0.0,0.0,0.0,163.69175720214844,56.67626190185547,157.1240997314453,53.71874237060547,182.1494140625,89.55360412597656,178.56124877929688,90.5472183227539,209.889404296875,101.11912536621094,211.22903442382807,102.667236328125,149.67149353027344,142.12969970703125,143.92556762695312,143.01629638671875,0.0,0.0,0.0,0.0,0.0,0.0,0.0,0.0
525,0.0,0.0,0.0,0.0,0.0,0.0,176.89207458496094,19.73926544189453,0.0,0.0,174.7515869140625,61.97015380859375,172.63851928710938,57.90757751464844,204.33644104003903,107.27404022216795,203.67083740234372,102.85003662109376,0.0,0.0,0.0,0.0,151.06329345703125,160.0897674560547,148.46075439453125,157.8555908203125,0.0,0.0,0.0,0.0,0.0,0.0,0.0,0.0
526,0.0,0.0,0.0,0.0,0.0,0.0,0.0,0.0,0.0,0.0,177.00262451171875,63.50331878662109,0.0,0.0,203.48941040039065,101.60843658447266,0.0,0.0,196.69224548339844,133.7335968017578,0.0,0.0,157.11949157714844,155.2625274658203,151.13526916503906,152.0222930908203,0.0,0.0,0.0,0.0,0.0,0.0,0.0,0.0
527,0.0,0.0,0.0,0.0,0.0,0.0,0.0,0.0,0.0,0.0,0.0,0.0,0.0,0.0,0.0,0.0,0.0,0.0,0.0,0.0,0.0,0.0,0.0,0.0,0.0,0.0,0.0,0.0,0.0,0.0,0.0,0.0,0.0,0.0
528,178.59759521484375,26.26698303222656,0.0,0.0,175.80747985839844,20.836639404296875,0.0,0.0,170.65267944335938,24.81005859375,169.29855346679688,56.87467956542969,176.18362426757812,60.29698181152344,201.44509887695312,99.81177520751952,210.84873962402344,103.91728973388672,0.0,0.0,216.7704620361328,77.95999908447266,147.16754150390625,163.05587768554688,151.7026824951172,163.539794921875,0.0,0.0,173.4734344482422,225.82032775878903,0.0,0.0,0.0,0.0
529,171.6302490234375,22.3172607421875,0.0,0.0,0.0,0.0,180.3475646972656,22.81898498535156,0.0,0.0,166.24728393554688,51.73265075683594,176.84756469726562,51.57854461669922,193.083740234375,95.47554779052734,214.20095825195312,96.85105895996094,0.0,0.0,211.14141845703125,66.6853256225586,145.70526123046875,155.01641845703125,153.0374298095703,155.27874755859375,0.0,0.0,180.22314453125,228.9947509765625,0.0,0.0,0.0,0.0
530,181.50238037109372,28.49591827392578,0.0,0.0,178.3325653076172,20.886375427246094,0.0,0.0,0.0,0.0,182.53158569335935,59.66278076171875,156.2738494873047,51.42396545410156,0.0,0.0,179.46444702148438,111.7139129638672,0.0,0.0,207.6773223876953,134.67266845703125,162.92098999023438,161.94471740722656,147.19491577148438,158.74459838867188,0.0,0.0,0.0,0.0,0.0,0.0,0.0,0.0
531,178.1490478515625,21.99005126953125,0.0,0.0,175.91107177734375,14.055252075195312,0.0,0.0,166.73104858398438,13.669891357421877,170.54714965820312,57.73878479003906,147.1374969482422,45.66575622558594,187.0991973876953,101.87454223632812,159.31353759765625,90.41105651855467,210.87603759765625,77.7968521118164,203.4044647216797,69.94219207763672,162.47659301757812,166.96209716796875,146.9053955078125,165.50628662109375,0.0,0.0,0.0,0.0,0.0,0.0,0.0,0.0
532,175.4213409423828,20.33677673339844,0.0,0.0,174.39141845703125,12.711929321289062,0.0,0.0,0.0,0.0,175.0872802734375,58.66123962402344,145.2766571044922,44.81417083740234,190.2699279785156,105.90086364746094,155.90145874023438,92.81522369384766,0.0,0.0,198.0355529785156,97.33146667480467,165.48167419433594,160.11407470703125,145.34103393554688,157.6575927734375,0.0,0.0,0.0,0.0,0.0,0.0,0.0,0.0
533,176.74740600585938,21.300048828125,0.0,0.0,174.2476348876953,13.998748779296877,0.0,0.0,0.0,0.0,175.34410095214844,60.41975402832031,146.71334838867188,49.14295196533203,0.0,0.0,152.57150268554688,107.43621826171876,0.0,0.0,186.1885528564453,142.35488891601562,164.85052490234375,161.73365783691406,145.6586151123047,159.53138732910156,0.0,0.0,0.0,0.0,0.0,0.0,0.0,0.0
534,176.186767578125,19.23021697998047,0.0,0.0,0.0,0.0,0.0,0.0,0.0,0.0,180.289306640625,58.99485778808594,139.98838806152344,47.59038543701172,187.0142364501953,112.95135498046876,138.89064025878906,109.3775634765625,200.32394409179688,121.58454132080078,169.34677124023438,147.7010955810547,167.14682006835938,162.8818359375,139.78578186035156,160.49830627441406,0.0,0.0,0.0,0.0,0.0,0.0,0.0,0.0
535,0.0,0.0,0.0,0.0,0.0,0.0,0.0,0.0,167.01205444335938,10.605216979980469,172.7976837158203,52.417022705078125,141.797607421875,45.7708740234375,183.6833953857422,107.81008911132812,142.976318359375,113.50768280029295,201.23899841308597,113.29104614257812,168.46841430664062,140.66424560546875,159.80340576171875,165.49331665039062,138.40272521972656,165.1143798828125,0.0,0.0,0.0,0.0,0.0,0.0,0.0,0.0
536,183.24246215820312,20.470481872558597,0.0,0.0,179.65316772460938,12.934799194335938,0.0,0.0,164.55567932128906,13.06305694580078,175.1809844970703,55.375221252441406,137.35797119140625,48.478294372558594,182.73333740234372,108.27423095703124,132.6036834716797,112.53176879882812,202.51675415039065,113.473876953125,163.17703247070312,144.3697052001953,165.22547912597656,158.0848388671875,138.1642608642578,158.57069396972656,0.0,0.0,0.0,0.0,0.0,0.0,0.0,0.0
537,0.0,0.0,0.0,0.0,0.0,0.0,0.0,0.0,0.0,0.0,172.53829956054688,51.77861022949219,140.84317016601562,47.273902893066406,179.0653839111328,106.71524047851562,135.44639587402344,117.9528350830078,202.0301818847656,106.74313354492188,165.908935546875,137.14715576171875,156.765869140625,161.9208221435547,134.33062744140625,162.87721252441406,0.0,0.0,0.0,0.0,0.0,0.0,0.0,0.0
538,181.52452087402344,21.60106658935547,184.7542724609375,17.36080551147461,176.70286560058594,14.517345428466797,0.0,0.0,162.36813354492188,14.18292236328125,175.2764129638672,54.1534423828125,137.7271728515625,46.14086151123047,183.2229156494141,103.78302001953124,126.35482788085938,98.70059204101562,202.5672607421875,104.51470184326172,159.34591674804688,123.94342803955078,165.9163055419922,143.05943298339844,141.6802520751953,143.8265380859375,0.0,0.0,0.0,0.0,0.0,0.0,0.0,0.0
539,0.0,0.0,0.0,0.0,0.0,0.0,0.0,0.0,0.0,0.0,170.65081787109375,53.94307327270508,152.31813049316406,53.40742874145508,0.0,0.0,155.85690307617188,113.03730010986328,0.0,0.0,192.70556640625,102.67525482177734,166.53085327148438,158.9742889404297,152.98326110839844,161.13507080078125,0.0,0.0,0.0,0.0,0.0,0.0,0.0,0.0
540,194.94400024414065,24.6279296875,0.0,0.0,192.0057830810547,17.013702392578125,0.0,0.0,171.97531127929688,13.462844848632812,164.8805694580078,51.6937255859375,147.3311767578125,49.85846710205078,0.0,0.0,154.8180694580078,109.36346435546876,0.0,0.0,202.3114318847656,101.10299682617188,161.3341522216797,166.5757293701172,149.39749145507812,169.6747283935547,0.0,0.0,0.0,0.0,0.0,0.0,0.0,0.0
541,192.30848693847656,22.70697021484375,0.0,0.0,188.7178955078125,15.0545654296875,0.0,0.0,168.4922332763672,11.624221801757812,165.4644012451172,49.372314453125,145.48069763183594,47.43608856201172,177.33441162109375,104.64421081542967,157.44171142578125,108.4071273803711,0.0,0.0,207.58718872070312,104.74199676513672,160.8316650390625,165.14791870117188,147.17626953125,167.97879028320312,0.0,0.0,0.0,0.0,0.0,0.0,0.0,0.0
542,181.40028381347656,22.556655883789062,0.0,0.0,178.94879150390625,15.595939636230469,0.0,0.0,165.38119506835938,13.727188110351562,167.85317993164062,51.72125244140625,142.66070556640625,45.33078384399414,0.0,0.0,150.41131591796875,106.20246887207033,0.0,0.0,203.17198181152344,103.26966857910156,163.6887664794922,154.6769561767578,146.056396484375,155.37379455566406,0.0,0.0,0.0,0.0,0.0,0.0,0.0,0.0
543,0.0,0.0,0.0,0.0,0.0,0.0,0.0,0.0,168.04745483398438,13.715705871582031,167.9577178955078,50.43000793457031,143.03738403320312,45.02845764160156,176.69300842285156,107.66625213623048,150.92739868164062,105.52632904052734,0.0,0.0,205.38839721679688,105.20614624023438,167.68858337402344,167.39166259765625,150.21856689453125,169.01576232910156,0.0,0.0,0.0,0.0,0.0,0.0,0.0,0.0
544,0.0,0.0,0.0,0.0,0.0,0.0,0.0,0.0,168.6455078125,12.973663330078123,169.90882873535156,50.77667999267578,142.45932006835938,45.35163879394531,180.2205047607422,111.51585388183594,153.47866821289062,109.56832122802734,0.0,0.0,205.9480743408203,107.5942611694336,168.5638885498047,164.92567443847656,149.5159912109375,166.1710662841797,0.0,0.0,0.0,0.0,0.0,0.0,0.0,0.0
545,0.0,0.0,0.0,0.0,0.0,0.0,0.0,0.0,169.12637329101562,10.559127807617188,168.6053466796875,51.96136474609375,144.77590942382812,46.09417724609375,0.0,0.0,157.94435119628906,112.41755676269533,0.0,0.0,206.76821899414065,101.6247100830078,165.83761596679688,170.53465270996094,149.46343994140625,171.26412963867188,0.0,0.0,0.0,0.0,0.0,0.0,0.0,0.0
546,0.0,0.0,0.0,0.0,0.0,0.0,0.0,0.0,0.0,0.0,169.91036987304688,52.51643371582031,146.69436645507812,46.2295150756836,190.1676483154297,110.76721954345705,169.08106994628906,110.09162902832033,211.7537078857422,105.41451263427734,213.7407989501953,102.24987030029295,164.7860870361328,169.81268310546875,148.1221160888672,169.87152099609375,0.0,0.0,0.0,0.0,0.0,0.0,0.0,0.0
547,0.0,0.0,0.0,0.0,0.0,0.0,0.0,0.0,171.508544921875,10.846565246582031,170.00314331054688,53.35639953613281,144.83602905273438,46.65869140625,187.8421936035156,104.89756774902344,159.65838623046875,101.1601104736328,214.6763916015625,105.75437927246094,213.6065826416016,101.89244079589844,166.5875244140625,173.03721618652344,148.86334228515625,173.8740692138672,0.0,0.0,0.0,0.0,0.0,0.0,0.0,0.0
548,0.0,0.0,0.0,0.0,0.0,0.0,0.0,0.0,0.0,0.0,156.49118041992188,65.06094360351562,166.65382385253906,60.27958679199219,201.37078857421875,118.14017486572266,205.06085205078125,116.2529296875,0.0,0.0,215.36070251464844,102.42190551757812,147.00572204589844,188.21099853515625,156.0743408203125,186.6902008056641,0.0,0.0,0.0,0.0,0.0,0.0,0.0,0.0
549,0.0,0.0,0.0,0.0,0.0,0.0,0.0,0.0,0.0,0.0,160.55767822265625,63.30078125,161.71139526367188,57.90489196777344,207.26300048828125,114.3514404296875,210.8480987548828,112.18777465820312,0.0,0.0,222.4436798095703,101.28408813476562,150.42251586914062,191.14749145507807,151.7572784423828,190.42019653320312,0.0,0.0,0.0,0.0,0.0,0.0,0.0,0.0
550,164.93092346191406,18.06084442138672,0.0,0.0,0.0,0.0,179.07188415527344,22.31896209716797,0.0,0.0,173.79718017578125,61.22457885742188,165.19308471679688,55.2911376953125,215.8772125244141,117.11705017089844,212.77096557617188,110.07234954833984,0.0,0.0,219.3319396972656,103.50726318359376,157.2863006591797,184.252685546875,150.78575134277344,182.7308807373047,0.0,0.0,0.0,0.0,0.0,0.0,0.0,0.0
551,164.4746551513672,17.119949340820312,0.0,0.0,0.0,0.0,183.3705596923828,19.46955108642578,0.0,0.0,179.5187225341797,60.79720306396485,169.02908325195312,54.66275024414063,219.0466766357422,120.8471908569336,214.5502471923828,112.00575256347656,214.2169952392578,110.99251556396484,215.71450805664065,103.52985382080078,158.9937286376953,183.542724609375,151.39505004882812,181.13400268554688,0.0,0.0,0.0,0.0,0.0,0.0,0.0,0.0
552,166.55584716796875,17.773406982421875,0.0,0.0,0.0,0.0,181.21221923828125,21.35611724853516,0.0,0.0,174.5350341796875,59.8169174194336,163.54383850097656,54.66968536376953,212.93084716796875,117.72633361816406,212.7808837890625,111.56584167480467,0.0,0.0,221.367919921875,102.614990234375,157.31080627441406,184.1739959716797,148.9254150390625,183.49447631835935,0.0,0.0,0.0,0.0,0.0,0.0,0.0,0.0
553,0.0,0.0,0.0,0.0,0.0,0.0,0.0,0.0,0.0,0.0,165.32879638671875,62.97917175292969,167.5709991455078,59.44709777832031,0.0,0.0,216.35693359375,111.7682647705078,0.0,0.0,228.40008544921875,113.14486694335938,150.43017578125,183.70504760742188,151.52359008789062,183.93624877929688,0.0,0.0,0.0,0.0,0.0,0.0,0.0,0.0
554,168.22727966308594,18.67181396484375,0.0,0.0,0.0,0.0,180.7564392089844,22.610397338867188,0.0,0.0,173.3298797607422,58.97045135498047,161.9485321044922,52.89356994628906,0.0,0.0,208.4211883544922,107.7467269897461,0.0,0.0,227.2914581298828,115.96450805664062,157.52015686035156,177.7384033203125,149.58895874023438,176.4206085205078,0.0,0.0,0.0,0.0,0.0,0.0,0.0,0.0
555,182.26451110839844,21.74398803710937,0.0,0.0,179.7958221435547,14.926651000976562,0.0,0.0,169.48513793945312,17.570404052734375,162.90367126464844,57.19361114501953,168.5769500732422,58.45599365234375,0.0,0.0,210.02395629882807,111.5086441040039,0.0,0.0,227.69781494140625,119.75382995605467,147.8250732421875,179.45079040527344,151.8827362060547,179.800537109375,0.0,0.0,0.0,0.0,0.0,0.0,0.0,0.0
556,169.847412109375,20.542495727539062,0.0,0.0,0.0,0.0,181.04139709472656,25.55499267578125,0.0,0.0,170.88092041015625,61.3443603515625,165.80189514160156,56.26758575439453,205.861328125,109.9998016357422,209.47998046875,107.88484191894533,0.0,0.0,227.72299194335935,112.49729919433594,156.23451232910156,174.28085327148438,152.0733184814453,173.62908935546875,0.0,0.0,0.0,0.0,0.0,0.0,0.0,0.0
557,0.0,0.0,0.0,0.0,0.0,0.0,0.0,0.0,172.7840576171875,21.56361389160156,160.06585693359375,58.05326843261719,172.64138793945312,59.96461486816406,0.0,0.0,210.33892822265625,110.58712005615234,0.0,0.0,225.02767944335935,114.15306091308594,145.21722412109375,178.22206115722656,153.8224639892578,178.9384002685547,0.0,0.0,0.0,0.0,0.0,0.0,0.0,0.0
558,0.0,0.0,0.0,0.0,0.0,0.0,0.0,0.0,175.73825073242188,21.525466918945312,158.68548583984375,58.28517150878906,176.00486755371094,59.98715972900391,0.0,0.0,214.21104431152344,110.82750701904295,0.0,0.0,226.6695556640625,131.95175170898438,143.4204559326172,176.06362915039062,155.1807098388672,176.47116088867188,0.0,0.0,0.0,0.0,0.0,0.0,0.0,0.0
559,0.0,0.0,0.0,0.0,0.0,0.0,0.0,0.0,178.23651123046875,23.34193420410156,157.6926727294922,56.63327026367188,174.3523406982422,59.806732177734375,0.0,0.0,208.3258819580078,109.0155792236328,0.0,0.0,223.6665802001953,114.19026184082033,143.9991455078125,171.8260040283203,155.4459686279297,173.43814086914062,0.0,0.0,0.0,0.0,0.0,0.0,0.0,0.0
560,0.0,0.0,0.0,0.0,0.0,0.0,0.0,0.0,0.0,0.0,153.00979614257812,61.038536071777344,171.9822998046875,59.53308868408203,0.0,0.0,206.415283203125,104.77215576171876,0.0,0.0,226.83364868164065,118.9339828491211,143.73284912109375,171.0938262939453,157.71954345703125,171.23532104492188,0.0,0.0,0.0,0.0,0.0,0.0,0.0,0.0
561,0.0,0.0,0.0,0.0,0.0,0.0,0.0,0.0,172.05227661132812,17.9320068359375,159.50637817382812,55.44080352783203,165.06285095214844,56.68098449707031,182.95211791992188,100.1899642944336,187.59835815429688,106.37054443359376,0.0,0.0,217.95062255859372,104.7850341796875,151.7936553955078,161.2497100830078,156.35556030273438,163.7440948486328,0.0,0.0,0.0,0.0,0.0,0.0,0.0,0.0
562,0.0,0.0,0.0,0.0,0.0,0.0,0.0,0.0,0.0,0.0,165.4518280029297,56.03145599365234,168.1697540283203,52.92236328125,185.6324462890625,100.66252136230467,189.2704162597656,100.27471923828124,213.1741485595703,107.72262573242188,218.296630859375,105.82762145996094,152.61936950683594,162.60748291015625,155.06619262695312,163.71920776367188,0.0,0.0,0.0,0.0,0.0,0.0,0.0,0.0
563,181.14532470703125,24.355712890625,0.0,0.0,0.0,0.0,0.0,0.0,170.83932495117188,19.676742553710938,161.6806640625,54.14166259765625,162.61517333984375,56.48776245117188,178.1600799560547,99.85857391357422,176.7078857421875,107.3808364868164,0.0,0.0,215.0110015869141,105.24932861328124,153.50392150878906,161.39613342285156,154.32350158691406,164.42611694335938,0.0,0.0,0.0,0.0,0.0,0.0,0.0,0.0
564,0.0,0.0,0.0,0.0,0.0,0.0,0.0,0.0,0.0,0.0,170.33212280273438,55.54312133789063,163.777587890625,54.86517333984375,177.32554626464844,106.7664031982422,171.96763610839844,112.187255859375,206.9506683349609,103.9351043701172,207.8116607666016,103.91616821289062,156.69873046875,163.23681640625,152.02252197265625,165.60574340820312,0.0,0.0,0.0,0.0,0.0,0.0,0.0,0.0
565,0.0,0.0,0.0,0.0,0.0,0.0,0.0,0.0,0.0,0.0,174.06285095214844,56.52674865722656,160.0478973388672,55.54970550537109,175.32208251953125,110.2040786743164,159.800537109375,115.60052490234376,202.94351196289065,106.09451293945312,202.31039428710935,105.080078125,163.89022827148438,163.0963134765625,153.27122497558594,165.80523681640625,0.0,0.0,0.0,0.0,0.0,0.0,0.0,0.0
566,166.4793243408203,18.291748046875,171.92288208007812,13.2490234375,0.0,0.0,181.77301025390625,19.29961395263672,0.0,0.0,175.05587768554688,56.83464050292969,159.9238739013672,54.69283676147461,176.5908660888672,107.30036926269533,159.0571746826172,108.75371551513672,203.7203826904297,106.27049255371094,202.37481689453125,105.81307983398438,162.80123901367188,157.7448272705078,150.6464080810547,159.538818359375,0.0,0.0,0.0,0.0,0.0,0.0,0.0,0.0
567,0.0,0.0,0.0,0.0,0.0,0.0,0.0,0.0,0.0,0.0,171.39559936523438,59.79171752929688,159.10670471191406,56.89231872558594,176.54345703125,109.9517822265625,165.46127319335938,111.71963500976562,205.844970703125,106.7243423461914,205.7278289794922,104.94097137451172,160.35658264160156,171.09149169921875,151.00819396972656,173.28726196289062,0.0,0.0,0.0,0.0,0.0,0.0,0.0,0.0
568,0.0,0.0,0.0,0.0,0.0,0.0,0.0,0.0,0.0,0.0,150.02032470703125,67.39817810058594,151.48377990722656,66.79309844970703,168.18081665039062,109.96733856201172,166.14501953125,112.45755767822266,203.8558654785156,104.20497131347656,208.56097412109372,102.99187469482422,150.1358642578125,173.48513793945312,150.3089141845703,175.79844665527344,0.0,0.0,0.0,0.0,0.0,0.0,0.0,0.0
569,165.9158477783203,17.5045166015625,171.65478515625,12.156326293945312,0.0,0.0,0.0,0.0,0.0,0.0,172.14614868164062,55.25216674804688,155.96685791015625,51.77150344848633,0.0,0.0,153.88157653808594,105.54973602294922,204.64329528808597,103.5592041015625,203.0576629638672,105.1738739013672,159.9494171142578,160.50885009765625,147.22946166992188,162.477783203125,0.0,0.0,0.0,0.0,0.0,0.0,0.0,0.0
570,163.7011260986328,17.749542236328125,169.42645263671875,12.46942138671875,0.0,0.0,183.34527587890625,16.783721923828125,0.0,0.0,175.6210174560547,53.51900100708008,167.30455017089844,51.42026519775391,176.73464965820312,99.65985107421876,167.66363525390625,99.52384948730467,206.81748962402344,103.1155014038086,206.5629425048828,105.03311920166016,162.23704528808594,151.7129669189453,155.55389404296875,153.10842895507812,0.0,0.0,0.0,0.0,0.0,0.0,0.0,0.0
571,165.12667846679688,19.201248168945312,0.0,0.0,0.0,0.0,0.0,0.0,0.0,0.0,173.0050506591797,54.160736083984375,162.21983337402344,50.0218505859375,183.68386840820312,98.9558563232422,175.12905883789062,99.84527587890624,215.06036376953125,104.18359375,216.31187438964844,103.42467498779295,160.39236450195312,153.55259704589844,152.7542724609375,154.11245727539062,0.0,0.0,0.0,0.0,0.0,0.0,0.0,0.0
572,162.05032348632812,21.392059326171875,0.0,0.0,0.0,0.0,176.04592895507812,21.76050567626953,0.0,0.0,170.00289916992188,53.26274871826172,164.41152954101562,48.68491363525391,183.7025604248047,96.54861450195312,179.04367065429688,96.55290222167967,214.30133056640625,98.60122680664062,217.4793243408203,96.22795867919922,156.95193481445312,157.66563415527344,152.16824340820312,157.6427001953125,0.0,0.0,0.0,0.0,0.0,0.0,0.0,0.0
573,0.0,0.0,0.0,0.0,0.0,0.0,138.12794494628906,66.32439422607422,0.0,0.0,145.2523956298828,88.25861358642578,160.61328125,85.79348754882812,180.26747131347656,104.72078704833984,188.57745361328125,105.59974670410156,0.0,0.0,0.0,0.0,148.7689208984375,176.06710815429688,159.14312744140625,175.99998474121094,0.0,0.0,0.0,0.0,0.0,0.0,0.0,0.0
574,170.5811309814453,14.157806396484377,0.0,0.0,167.84085083007812,7.8720855712890625,0.0,0.0,161.31735229492188,12.802444458007812,164.316162109375,53.68916320800781,149.7918243408203,51.27531433105469,180.20758056640625,95.60710144042967,164.007080078125,98.92230987548828,212.8038024902344,92.07643127441406,213.95492553710935,90.15103912353516,159.29408264160156,162.32244873046875,148.40310668945312,164.9562530517578,0.0,0.0,0.0,0.0,0.0,0.0,0.0,0.0
575,0.0,0.0,0.0,0.0,0.0,0.0,0.0,0.0,0.0,0.0,165.1357879638672,53.06972503662109,163.9862518310547,50.51622772216797,176.14239501953125,101.20980834960938,176.9000244140625,100.6522979736328,201.9322204589844,91.1701431274414,205.49290466308597,90.90618896484376,154.30528259277344,158.32955932617188,154.20489501953125,159.4647979736328,0.0,0.0,0.0,0.0,0.0,0.0,0.0,0.0
576,0.0,0.0,0.0,0.0,0.0,0.0,0.0,0.0,0.0,0.0,151.7650604248047,49.71987915039063,172.9716033935547,48.26226806640625,0.0,0.0,187.34266662597656,103.6124038696289,0.0,0.0,0.0,0.0,145.79444885253906,168.0117645263672,162.07064819335938,168.52117919921875,0.0,0.0,0.0,0.0,0.0,0.0,0.0,0.0
577,0.0,0.0,0.0,0.0,0.0,0.0,0.0,0.0,171.6817169189453,14.971549987792969,177.62222290039062,53.45942687988281,143.21095275878906,47.43217468261719,182.91946411132807,105.6453628540039,137.844482421875,101.7489013671875,195.03445434570312,109.90859985351562,184.0015411376953,108.86929321289062,170.22267150878906,158.916259765625,147.07901000976562,159.73243713378906,0.0,0.0,0.0,0.0,0.0,0.0,0.0,0.0
578,176.45343017578125,13.528762817382812,0.0,0.0,172.3095245361328,7.553993225097656,0.0,0.0,0.0,0.0,180.0095977783203,53.2030029296875,137.84278869628906,47.76947784423828,190.57455444335935,100.95426177978516,124.93342590332033,98.76644134521484,203.9015350341797,110.52400207519533,168.65586853027344,115.99790954589844,166.8285369873047,143.14593505859375,139.87010192871094,144.26116943359375,0.0,0.0,0.0,0.0,0.0,0.0,0.0,0.0
579,168.618408203125,9.582778930664062,0.0,0.0,0.0,0.0,0.0,0.0,0.0,0.0,179.45123291015625,51.23622131347656,142.07110595703125,51.19081115722656,191.38742065429688,105.29133605957033,134.6978759765625,113.77972412109376,194.116943359375,121.56377410888672,171.4136962890625,123.62026977539062,166.65689086914062,159.75149536132812,141.2637939453125,162.00537109375,0.0,0.0,0.0,0.0,0.0,0.0,0.0,0.0
580,0.0,0.0,0.0,0.0,0.0,0.0,0.0,0.0,0.0,0.0,175.75550842285156,50.64202880859375,139.59385681152344,49.29759979248047,186.14279174804688,110.13728332519533,137.00595092773438,122.61174774169922,205.81553649902344,122.36589050292967,172.36331176757812,131.76809692382812,165.44400024414062,177.90078735351562,139.545166015625,180.00332641601562,0.0,0.0,0.0,0.0,0.0,0.0,0.0,0.0
581,0.0,0.0,0.0,0.0,0.0,0.0,0.0,0.0,0.0,0.0,173.52931213378906,48.19071960449219,139.66461181640625,50.22285461425781,184.3082427978516,110.71609497070312,136.17799377441406,131.58865356445312,203.6691436767578,118.7714385986328,171.9176025390625,138.64505004882812,164.78680419921875,173.78594970703125,140.1500244140625,178.4680938720703,0.0,0.0,0.0,0.0,0.0,0.0,0.0,0.0
582,0.0,0.0,0.0,0.0,0.0,0.0,0.0,0.0,0.0,0.0,176.7381591796875,47.63444900512695,143.56326293945312,47.39838790893555,187.0213623046875,106.57067108154295,137.45315551757812,123.30303192138672,213.26754760742188,113.43211364746094,179.3216094970703,137.74176025390625,165.2925567626953,164.04205322265625,141.6856689453125,167.4931182861328,0.0,0.0,0.0,0.0,0.0,0.0,0.0,0.0
583,0.0,0.0,0.0,0.0,0.0,0.0,0.0,0.0,0.0,0.0,173.88015747070312,45.258094787597656,144.89208984375,43.18763732910156,183.6999053955078,104.66650390625,146.7125244140625,114.4108428955078,209.02880859375,114.20808410644533,181.197265625,131.8636016845703,158.23023986816406,164.96392822265625,136.82359313964844,166.87045288085938,0.0,0.0,0.0,0.0,0.0,0.0,0.0,0.0
584,0.0,0.0,0.0,0.0,0.0,0.0,0.0,0.0,0.0,0.0,173.06471252441406,47.318634033203125,141.5387725830078,45.86827087402344,185.03805541992188,104.99874877929688,148.86495971679688,121.47188568115234,213.86984252929688,114.37179565429688,188.30552673339844,125.1685791015625,166.37783813476562,168.15414428710938,144.10598754882812,170.209716796875,0.0,0.0,0.0,0.0,0.0,0.0,0.0,0.0
585,0.0,0.0,0.0,0.0,0.0,0.0,0.0,0.0,0.0,0.0,173.90841674804688,49.75859832763672,137.07595825195312,43.447364807128906,185.01364135742188,108.39900207519533,144.65773010253906,107.80340576171876,199.0153350830078,114.40350341796876,188.6241149902344,118.1645050048828,169.23214721679688,165.39508056640625,144.6238555908203,165.83712768554688,0.0,0.0,0.0,0.0,0.0,0.0,0.0,0.0
586,196.1770477294922,22.781463623046875,0.0,0.0,193.7662353515625,15.7105712890625,0.0,0.0,172.78875732421875,10.787017822265623,162.21397399902344,46.72565460205078,142.60891723632812,42.39244842529297,0.0,0.0,140.26487731933594,108.31852722167967,0.0,0.0,192.5181884765625,112.83758544921876,153.93850708007812,165.94491577148438,141.8455810546875,168.4313201904297,0.0,0.0,0.0,0.0,0.0,0.0,0.0,0.0
587,0.0,0.0,0.0,0.0,0.0,0.0,0.0,0.0,170.34854125976562,11.870254516601562,160.6175994873047,51.4837646484375,140.57916259765625,44.88731384277344,170.82638549804688,105.60675811767578,139.920654296875,102.95588684082033,0.0,0.0,186.197021484375,106.9696807861328,158.30552673339844,164.27557373046875,147.23968505859375,165.69882202148438,0.0,0.0,0.0,0.0,0.0,0.0,0.0,0.0
588,191.4637451171875,21.513336181640625,0.0,0.0,187.9619140625,14.46832275390625,0.0,0.0,166.1186981201172,10.140960693359377,168.59716796875,46.33901977539063,133.5513916015625,42.34169006347656,175.70748901367188,102.58155059814452,126.8793487548828,99.8688507080078,198.4652862548828,104.91117095947266,185.15415954589844,101.12762451171876,162.1676025390625,160.96466064453125,139.71563720703125,163.8061065673828,0.0,0.0,0.0,0.0,0.0,0.0,0.0,0.0
589,0.0,0.0,0.0,0.0,0.0,0.0,0.0,0.0,173.40560913085938,8.035888671875,163.33480834960938,47.49739074707031,139.1699676513672,42.0404052734375,173.4547882080078,101.01746368408205,133.9664306640625,100.1881103515625,202.2005615234375,98.98287963867188,188.93414306640625,97.24468994140624,158.46725463867188,168.98065185546875,143.62823486328125,171.54647827148438,0.0,0.0,0.0,0.0,0.0,0.0,0.0,0.0
590,0.0,0.0,0.0,0.0,0.0,0.0,0.0,0.0,162.09402465820312,6.891944885253906,168.0749053955078,46.55836486816406,132.1187744140625,41.73200988769531,179.37734985351562,103.95240020751952,134.08560180664062,105.41973876953124,198.41427612304688,98.24002075195312,191.6222381591797,96.97213745117188,161.6198272705078,166.9139862060547,137.57647705078125,168.7004852294922,0.0,0.0,0.0,0.0,0.0,0.0,0.0,0.0
591,174.23304748535156,13.054367065429688,0.0,0.0,170.609619140625,5.32257080078125,0.0,0.0,154.98129272460938,5.632720947265625,158.0209197998047,47.42328643798828,135.40151977539062,42.27068328857422,0.0,0.0,153.06419372558594,107.5189208984375,0.0,0.0,199.16233825683597,96.8014907836914,153.96817016601562,173.35955810546875,138.60696411132812,174.30174255371094,0.0,0.0,0.0,0.0,0.0,0.0,0.0,0.0
592,0.0,0.0,0.0,0.0,0.0,0.0,0.0,0.0,162.8973388671875,10.087997436523438,160.0254669189453,47.86151123046875,133.83660888671875,43.105712890625,0.0,0.0,150.4267578125,106.03058624267578,0.0,0.0,200.6148376464844,94.55834197998048,158.26829528808594,169.83285522460938,140.51541137695312,171.9871826171875,0.0,0.0,0.0,0.0,0.0,0.0,0.0,0.0
593,0.0,0.0,0.0,0.0,0.0,0.0,0.0,0.0,154.00369262695312,7.715362548828125,154.26123046875,47.47357177734375,135.01657104492188,43.64571380615234,175.8834228515625,103.05072784423828,155.50619506835938,107.05392456054688,0.0,0.0,197.71823120117188,91.38726806640624,153.14254760742188,166.70777893066406,141.57904052734375,168.10964965820312,0.0,0.0,0.0,0.0,0.0,0.0,0.0,0.0
594,0.0,0.0,0.0,0.0,0.0,0.0,0.0,0.0,157.07083129882812,5.142936706542969,150.5193634033203,44.74247741699219,135.97666931152344,43.70116424560547,0.0,0.0,151.85113525390625,107.57107543945312,0.0,0.0,194.17446899414065,91.84139251708984,150.298095703125,168.8074951171875,140.26710510253906,171.8310546875,0.0,0.0,0.0,0.0,0.0,0.0,0.0,0.0
595,0.0,0.0,0.0,0.0,0.0,0.0,0.0,0.0,158.40159606933594,9.51318359375,153.94644165039062,45.88037109375,135.72689819335938,44.01667785644531,170.53968811035156,90.96797943115234,142.91029357910156,99.502197265625,0.0,0.0,190.034912109375,89.45573425292969,156.3958740234375,161.9737091064453,145.66903686523438,164.50294494628906,0.0,0.0,0.0,0.0,0.0,0.0,0.0,0.0
596,0.0,0.0,0.0,0.0,175.12522888183594,3.572113037109375,0.0,0.0,156.23065185546875,3.72589111328125,162.58538818359375,43.27015686035156,130.251708984375,42.350830078125,176.6550750732422,90.44485473632812,133.03317260742188,102.45027923583984,195.5160675048828,79.59211730957031,187.17962646484372,92.9106674194336,158.80892944335938,161.6000213623047,137.89816284179688,164.3805389404297,0.0,0.0,0.0,0.0,0.0,0.0,0.0,0.0
597,0.0,0.0,0.0,0.0,174.68710327148438,11.43767547607422,0.0,0.0,157.24819946289062,9.146034240722656,156.59674072265625,46.69824981689453,129.38525390625,44.60182189941406,173.89283752441406,93.12026977539062,134.6794891357422,101.27631378173828,189.7740936279297,79.228271484375,182.97357177734372,85.96064758300781,159.0524139404297,159.49444580078125,141.4837646484375,162.7635955810547,0.0,0.0,0.0,0.0,0.0,0.0,0.0,0.0
598,0.0,0.0,0.0,0.0,0.0,0.0,0.0,0.0,156.16973876953125,8.928482055664062,154.5850067138672,49.86791229248047,134.81182861328125,43.7862548828125,175.06536865234375,104.6447296142578,142.43780517578125,106.72254943847656,0.0,0.0,178.41497802734375,102.11875915527344,155.2812957763672,164.66236877441406,143.984375,165.22682189941406,0.0,0.0,0.0,0.0,0.0,0.0,0.0,0.0
599,184.8025054931641,21.12481689453125,0.0,0.0,179.67184448242188,13.61138916015625,0.0,0.0,155.86326599121094,9.901168823242188,163.02468872070312,43.85595703125,127.00184631347656,42.38638305664063,172.3259735107422,92.6101531982422,116.94208526611328,101.29966735839844,0.0,0.0,160.77223205566406,103.81246948242188,154.61410522460938,162.1932373046875,132.32571411132812,164.90847778320312,0.0,0.0,0.0,0.0,0.0,0.0,0.0,0.0
600,164.26490783691406,16.789260864257812,0.0,0.0,158.79043579101562,10.432144165039062,0.0,0.0,0.0,0.0,178.5432891845703,46.26289367675781,119.26943969726562,45.39772033691406,201.78677368164065,90.5763702392578,99.7567901611328,98.53766632080078,188.62982177734372,82.47645568847656,132.9839324951172,104.37002563476562,166.4007568359375,154.3236541748047,128.80068969726562,155.10626220703125,0.0,0.0,142.11187744140625,215.22445678710935,0.0,0.0,0.0,0.0
601,163.15541076660156,12.67205810546875,167.6409454345703,8.606918334960938,158.0380859375,5.782829284667969,0.0,0.0,145.16278076171875,9.306747436523438,171.25057983398438,52.608673095703125,119.1425552368164,47.08818054199219,194.87945556640625,91.5782241821289,100.352783203125,93.56427001953124,195.4629821777344,87.36599731445312,157.4688720703125,96.59808349609376,158.70889282226562,148.0927276611328,125.34962463378906,148.53443908691406,0.0,0.0,0.0,0.0,0.0,0.0,0.0,0.0
602,163.09283447265625,12.206436157226562,167.69515991210938,8.011703491210938,157.5567169189453,5.484428405761719,0.0,0.0,145.80892944335938,9.519119262695312,173.53887939453125,51.54375457763672,120.43472290039062,47.25093078613281,194.0956878662109,96.60862731933594,102.0103759765625,98.25485229492188,199.21011352539065,85.6856918334961,160.64974975585938,91.1315460205078,167.32359313964844,150.61029052734375,132.91419982910156,152.2427215576172,0.0,0.0,0.0,0.0,0.0,0.0,0.0,0.0
603,164.13983154296875,12.238475799560549,167.67945861816406,8.310020446777344,158.9998321533203,5.910869598388672,0.0,0.0,145.52426147460938,9.355331420898438,167.3304901123047,47.29621887207031,120.11790466308594,44.8359375,191.37115478515625,84.06246948242188,97.670166015625,92.86560821533205,193.52757263183597,83.01408386230469,142.83604431152344,106.2371826171875,154.60877990722656,137.38241577148438,125.26966857910156,139.3159942626953,0.0,0.0,0.0,0.0,0.0,0.0,0.0,0.0
604,175.6908721923828,15.25537109375,0.0,0.0,169.76107788085938,8.61663818359375,0.0,0.0,149.2059783935547,8.631362915039062,174.30967712402344,45.12173461914063,118.6129150390625,42.31523132324219,188.55499267578125,92.8265380859375,104.30330657958984,94.48257446289062,183.68014526367188,87.77831268310547,158.8740692138672,97.06539916992188,165.37901306152344,153.2525634765625,129.8395538330078,155.5966033935547,0.0,0.0,0.0,0.0,0.0,0.0,0.0,0.0
605,177.40625,16.472793579101562,0.0,0.0,171.71835327148438,9.842742919921877,0.0,0.0,151.02804565429688,9.425521850585938,175.23817443847656,45.11149597167969,119.44927215576172,42.587669372558594,189.14044189453125,92.096435546875,104.64173889160156,94.92961883544922,183.91184997558597,86.27751922607422,159.564208984375,96.5528793334961,165.37376403808594,152.07574462890625,129.8187713623047,154.44456481933594,0.0,0.0,0.0,0.0,0.0,0.0,0.0,0.0
606,170.30296325683594,13.354549407958984,0.0,0.0,166.05316162109375,6.185894012451172,0.0,0.0,149.4818878173828,7.126502990722656,168.68453979492188,51.3798713684082,117.50701141357422,44.96519470214844,183.80296325683597,99.73834228515624,105.14730834960938,96.98492431640624,192.5870361328125,102.90185546875,151.46632385253906,98.21150970458984,161.14166259765625,147.75811767578125,128.22499084472656,148.77536010742188,0.0,0.0,0.0,0.0,0.0,0.0,0.0,0.0
607,171.84628295898438,13.660804748535156,0.0,0.0,168.27639770507812,6.170680999755859,0.0,0.0,151.82260131835938,6.2070159912109375,166.16571044921875,50.46379089355469,116.96482849121094,44.91864776611328,180.5509185791016,97.70018005371094,101.79155731201172,97.2613525390625,188.66424560546875,100.832763671875,150.463623046875,99.16446685791016,157.92193603515625,151.1648712158203,126.73867797851562,153.082763671875,0.0,0.0,0.0,0.0,0.0,0.0,0.0,0.0
608,173.59310913085938,15.07086181640625,0.0,0.0,171.98928833007812,7.569198608398437,0.0,0.0,156.4927520751953,5.1688232421875,167.3563690185547,48.95602035522461,116.91270446777344,42.659156799316406,181.4777984619141,104.2519760131836,98.40605926513672,100.43428802490234,190.20062255859372,123.4761962890625,149.52001953125,101.46690368652344,161.22198486328125,161.38299560546875,128.21351623535156,163.25146484375,0.0,0.0,0.0,0.0,0.0,0.0,0.0,0.0
609,174.5188446044922,15.633033752441406,0.0,0.0,171.09527587890625,7.57159423828125,0.0,0.0,153.5907440185547,5.853515625,168.7066192626953,50.50843048095703,116.27597045898438,43.816314697265625,181.0983428955078,105.46100616455078,97.78732299804688,102.03502655029295,190.9434356689453,115.9687042236328,145.8793487548828,102.47437286376952,165.234375,161.55621337890625,131.5457305908203,163.22860717773438,0.0,0.0,0.0,0.0,0.0,0.0,0.0,0.0
610,183.67117309570312,17.044937133789062,0.0,0.0,178.28973388671875,10.119247436523438,0.0,0.0,157.52088928222656,8.038909912109375,177.60557556152344,46.24043273925781,121.04467010498048,41.169525146484375,183.5223693847656,107.5476531982422,96.67648315429688,98.59782409667967,187.227294921875,115.98883056640624,147.99105834960938,103.66866302490234,168.2544403076172,169.29962158203125,131.3890838623047,171.80282592773438,0.0,0.0,0.0,0.0,0.0,0.0,0.0,0.0
611,179.20167541503906,19.25940322875977,0.0,0.0,176.69802856445312,11.155479431152344,0.0,0.0,158.10513305664062,8.108173370361328,167.16705322265625,52.43859100341797,116.47286224365234,44.19588470458984,179.4947967529297,104.87318420410156,97.3177261352539,100.09027099609376,191.5731964111328,107.16924285888672,146.35409545898438,103.00090026855467,157.41653442382812,156.42767333984375,125.08502960205078,157.93556213378906,0.0,0.0,0.0,0.0,0.0,0.0,0.0,0.0
612,179.1722412109375,17.922813415527344,0.0,0.0,176.84982299804688,10.124465942382812,0.0,0.0,159.29188537597656,6.015777587890625,168.14137268066406,50.03513717651367,117.6352081298828,40.19535827636719,175.5320281982422,109.44425201416016,95.93309783935548,97.72916412353516,183.70819091796875,115.41344451904295,145.9934844970703,104.93643188476562,162.31643676757812,163.97279357910156,129.47442626953125,165.26974487304688,0.0,0.0,0.0,0.0,0.0,0.0,0.0,0.0
613,0.0,0.0,0.0,0.0,0.0,0.0,0.0,0.0,162.80702209472656,7.437610626220703,167.61846923828125,51.41175842285156,117.59811401367188,43.53504180908203,178.9730224609375,104.36927032470705,97.39669799804688,99.23980712890624,186.94622802734372,104.78924560546876,148.37767028808594,106.45524597167967,158.79762268066406,165.34072875976562,126.6806869506836,167.81845092773438,0.0,0.0,0.0,0.0,0.0,0.0,0.0,0.0
614,0.0,0.0,0.0,0.0,177.99691772460938,9.452648162841797,0.0,0.0,160.21092224121094,6.651348114013672,166.78160095214844,52.57139205932617,117.35785675048828,42.306739807128906,175.8455047607422,109.5763702392578,96.43048095703124,99.32008361816406,185.49468994140625,111.72193908691406,150.04002380371094,106.72621154785156,158.41830444335938,166.33160400390625,126.33274841308594,167.66827392578125,0.0,0.0,0.0,0.0,0.0,0.0,0.0,0.0
615,182.2930603027344,17.133544921875,0.0,0.0,180.8184967041016,8.783035278320312,0.0,0.0,162.99339294433594,4.491065979003906,166.3536376953125,50.16901779174805,119.25437927246094,39.88396453857422,176.9975128173828,108.571044921875,99.85824584960938,98.61870574951172,186.01348876953125,112.84361267089844,155.04483032226562,107.14614868164062,156.07032775878906,165.92831420898438,125.47859191894533,166.90797424316406,0.0,0.0,0.0,0.0,0.0,0.0,0.0,0.0
616,0.0,0.0,0.0,0.0,188.43328857421875,5.9586944580078125,0.0,0.0,167.5347442626953,3.5216522216796875,166.1812744140625,50.02628326416016,122.9012222290039,41.57356643676758,167.78643798828125,109.57881927490234,102.08236694335938,102.44699096679688,187.7620849609375,107.47201538085938,159.6826171875,106.32818603515624,161.41744995117188,167.1373291015625,132.98245239257812,169.9104766845703,0.0,0.0,0.0,0.0,0.0,0.0,0.0,0.0
617,0.0,0.0,0.0,0.0,183.8536071777344,13.650238037109377,0.0,0.0,163.4111328125,10.283355712890623,173.53392028808594,48.30460357666016,125.7571258544922,43.313873291015625,174.03468322753906,106.77942657470705,110.83535766601562,102.91725158691406,184.9205322265625,109.2997055053711,167.1659393310547,109.72380065917967,162.84088134765625,166.97955322265625,130.5849151611328,169.34397888183594,0.0,0.0,0.0,0.0,0.0,0.0,0.0,0.0
618,189.2987518310547,21.00596618652344,0.0,0.0,185.7115173339844,13.602035522460938,0.0,0.0,164.7077178955078,9.599273681640623,171.79750061035156,48.90104675292969,127.03550720214844,42.33769226074219,172.8708953857422,110.29378509521484,114.9841766357422,102.96096801757812,184.2863006591797,112.81146240234376,166.2332305908203,110.12887573242188,157.5887451171875,168.4247589111328,127.14126586914062,170.0513153076172,0.0,0.0,0.0,0.0,0.0,0.0,0.0,0.0
619,0.0,0.0,0.0,0.0,0.0,0.0,0.0,0.0,166.16346740722656,10.433731079101562,178.27308654785156,50.21163940429688,126.67477416992188,42.50778198242188,183.0528259277344,104.903076171875,104.89383697509766,95.35623168945312,192.21286010742188,109.06477355957033,165.18011474609375,107.94769287109376,165.7213592529297,171.42825317382812,131.406982421875,172.69189453125,0.0,0.0,0.0,0.0,0.0,0.0,0.0,0.0
620,0.0,0.0,0.0,0.0,0.0,0.0,0.0,0.0,0.0,0.0,172.134521484375,50.79595947265625,127.52533721923828,40.65736389160156,177.82325744628906,109.18965911865234,105.6110610961914,97.66958618164062,194.5233612060547,112.85140991210938,165.780517578125,108.11064910888672,160.12158203125,175.0134735107422,130.083740234375,176.62808227539062,0.0,0.0,0.0,0.0,0.0,0.0,0.0,0.0
621,0.0,0.0,0.0,0.0,0.0,0.0,0.0,0.0,169.87579345703125,11.230224609375,179.0787353515625,52.49663543701172,129.537353515625,42.18984222412109,179.01950073242188,110.76942443847656,105.60603332519533,94.78673553466795,193.57931518554688,111.48062133789062,166.06240844726562,107.36866760253906,165.1516571044922,172.2606201171875,131.36520385742188,172.82858276367188,0.0,0.0,0.0,0.0,0.0,0.0,0.0,0.0
622,0.0,0.0,0.0,0.0,0.0,0.0,0.0,0.0,169.16001892089844,8.712509155273438,174.96200561523438,51.28977966308594,130.5529022216797,41.80606842041016,172.27359008789062,107.30085754394533,108.13214111328124,94.00022888183594,189.27967834472656,108.1453857421875,166.79762268066406,110.85440063476562,163.43911743164062,173.11585998535156,133.13894653320312,173.87686157226562,0.0,0.0,0.0,0.0,0.0,0.0,0.0,0.0
623,172.29806518554688,14.03424835205078,0.0,0.0,0.0,0.0,0.0,0.0,0.0,0.0,167.16563415527344,49.0900764465332,130.55618286132812,38.73651885986328,168.83929443359375,105.1253662109375,101.52664947509766,94.3560028076172,184.0611724853516,111.89868927001952,166.00283813476562,110.1250991821289,156.70469665527344,164.452880859375,131.93797302246094,166.14755249023438,0.0,0.0,0.0,0.0,0.0,0.0,0.0,0.0
624,0.0,0.0,0.0,0.0,0.0,0.0,0.0,0.0,0.0,0.0,175.21090698242188,52.48683166503906,129.74542236328125,39.07445526123047,174.10400390625,110.59432983398438,108.97200775146484,97.30506134033205,190.4080047607422,110.40030670166016,170.4114990234375,109.07643127441406,161.34661865234375,172.55850219726562,131.12042236328125,172.4681854248047,0.0,0.0,0.0,0.0,0.0,0.0,0.0,0.0
625,171.8392333984375,18.05858612060547,0.0,0.0,0.0,0.0,0.0,0.0,0.0,0.0,166.4725341796875,56.553070068359375,129.655517578125,44.430511474609375,165.4073944091797,109.22622680664062,119.4677505493164,100.0845184326172,182.80923461914065,110.13612365722656,173.85894775390625,108.10446166992188,156.09750366210938,177.85073852539062,131.19717407226562,178.23216247558594,0.0,0.0,0.0,0.0,0.0,0.0,0.0,0.0
626,169.01260375976562,13.889747619628906,0.0,0.0,0.0,0.0,0.0,0.0,0.0,0.0,177.990234375,53.851409912109375,132.48251342773438,42.28593444824219,178.88389587402344,111.85450744628906,118.3260269165039,99.72477722167967,189.46815490722656,111.38594818115234,174.19662475585938,107.60018920898438,161.22250366210938,178.56057739257812,131.10855102539062,178.43093872070312,0.0,0.0,0.0,0.0,0.0,0.0,0.0,0.0
627,168.82772827148438,13.326179504394531,0.0,0.0,0.0,0.0,0.0,0.0,0.0,0.0,178.62515258789062,56.91351318359375,134.3024444580078,45.52708435058594,181.6843414306641,116.2416763305664,126.38851165771484,102.81784057617188,192.6087951660156,114.27215576171876,176.7205047607422,107.6174087524414,160.50442504882812,182.5987091064453,131.67669677734375,182.49200439453125,0.0,0.0,0.0,0.0,0.0,0.0,0.0,0.0
628,172.97364807128906,15.560546875,0.0,0.0,0.0,0.0,0.0,0.0,0.0,0.0,171.0596466064453,57.950965881347656,132.32394409179688,42.302520751953125,173.2697296142578,113.8561553955078,121.99851989746094,96.40977478027344,190.42843627929688,114.27690887451172,178.5550079345703,106.84669494628906,158.34432983398438,184.4934844970703,133.03585815429688,183.73089599609372,0.0,0.0,0.0,0.0,0.0,0.0,0.0,0.0
629,172.7086181640625,13.767669677734377,0.0,0.0,0.0,0.0,0.0,0.0,0.0,0.0,170.26304626464844,60.07100296020508,135.4539031982422,44.72750854492188,174.183349609375,115.99158477783205,130.5907745361328,99.6659698486328,0.0,0.0,178.93997192382812,108.45250701904295,157.5871124267578,187.04905700683597,133.31033325195312,186.1182861328125,0.0,0.0,0.0,0.0,0.0,0.0,0.0,0.0
630,0.0,0.0,0.0,0.0,0.0,0.0,0.0,0.0,168.429931640625,8.122566223144531,166.15377807617188,57.52887725830078,131.15899658203125,44.71157836914063,173.0916290283203,115.24732208251952,130.1858367919922,104.60506439208984,0.0,0.0,177.48770141601562,105.66471862792967,154.5004425048828,181.84996032714844,131.2475128173828,182.32080078125,0.0,0.0,0.0,0.0,0.0,0.0,0.0,0.0
631,179.5836181640625,17.798797607421875,0.0,0.0,0.0,0.0,0.0,0.0,169.77012634277344,7.722282409667969,163.255859375,58.90338134765625,135.9141845703125,45.61631774902344,167.84083557128906,114.20979309082033,133.54559326171875,101.41761779785156,187.63819885253903,116.27467346191406,180.58839416503903,107.0088348388672,150.92112731933594,182.8558654785156,133.868408203125,183.40953063964844,0.0,0.0,0.0,0.0,0.0,0.0,0.0,0.0
632,178.6466064453125,15.146636962890623,0.0,0.0,0.0,0.0,0.0,0.0,168.58811950683594,9.25958251953125,158.73951721191406,61.22813415527344,138.919189453125,49.90674591064453,163.688720703125,114.07561492919922,141.7499542236328,104.5128936767578,0.0,0.0,180.59991455078125,108.23729705810548,146.26165771484375,185.855224609375,132.7044677734375,186.9958038330078,0.0,0.0,0.0,0.0,0.0,0.0,0.0,0.0
633,0.0,0.0,0.0,0.0,0.0,0.0,0.0,0.0,163.55870056152344,19.35726928710937,125.7296371459961,68.77783966064453,142.8121795654297,64.23068237304688,0.0,0.0,156.34165954589844,110.21760559082033,0.0,0.0,182.3795318603516,106.22750854492188,124.3955535888672,186.5634613037109,138.94960021972656,190.13931274414065,0.0,0.0,0.0,0.0,0.0,0.0,0.0,0.0
634,0.0,0.0,0.0,0.0,0.0,0.0,0.0,0.0,161.0453338623047,27.60516357421875,132.56658935546875,69.6925048828125,141.44363403320312,66.17288208007812,153.99807739257812,118.43949127197266,150.14517211914062,107.78981018066406,0.0,0.0,181.45974731445312,100.4141616821289,136.44070434570312,183.49798583984372,145.9113006591797,187.47120666503903,0.0,0.0,0.0,0.0,0.0,0.0,0.0,0.0
635,0.0,0.0,0.0,0.0,0.0,0.0,0.0,0.0,160.36904907226562,32.074005126953125,125.17152404785156,72.64350891113281,145.9446258544922,69.43203735351562,152.6549530029297,124.5126953125,162.75021362304688,113.60189819335938,0.0,0.0,183.8863525390625,103.11859893798828,130.66343688964844,190.04299926757807,148.48458862304688,193.400390625,0.0,0.0,0.0,0.0,0.0,0.0,0.0,0.0
636,0.0,0.0,0.0,0.0,0.0,0.0,0.0,0.0,159.5490264892578,33.699005126953125,124.33377838134766,72.97205352783203,144.8304443359375,68.99186706542969,150.53170776367188,115.23402404785156,161.25192260742188,106.87847137451172,0.0,0.0,183.6504821777344,101.72647857666016,130.53289794921875,180.33001708984372,148.1546173095703,182.8472442626953,0.0,0.0,0.0,0.0,0.0,0.0,0.0,0.0
637,0.0,0.0,0.0,0.0,0.0,0.0,0.0,0.0,162.20848083496094,38.120697021484375,120.14845275878906,72.43399047851562,150.67466735839844,74.02919006347656,147.33535766601562,119.69044494628906,166.10299682617188,119.92832946777344,0.0,0.0,190.67083740234372,105.87615966796876,124.97947692871094,185.0435485839844,148.1719970703125,189.0859375,0.0,0.0,0.0,0.0,0.0,0.0,0.0,0.0
638,0.0,0.0,0.0,0.0,0.0,0.0,0.0,0.0,166.59559631347656,16.134750366210938,128.4394989013672,61.31877136230469,155.9554443359375,58.38121032714844,148.08419799804688,117.7450180053711,167.9060516357422,115.1665496826172,0.0,0.0,191.6861267089844,107.70990753173828,128.0009765625,180.6682586669922,150.5787811279297,183.31495666503903,0.0,0.0,0.0,0.0,0.0,0.0,0.0,0.0
639,0.0,0.0,0.0,0.0,0.0,0.0,0.0,0.0,165.5205078125,25.79428100585937,118.31967163085938,56.32435607910156,160.0316162109375,62.68121337890625,0.0,0.0,167.08712768554688,112.68687438964844,0.0,0.0,190.01809692382807,104.88311004638672,122.82331848144533,171.6160888671875,153.46397399902344,176.70272827148438,0.0,0.0,0.0,0.0,0.0,0.0,0.0,0.0
640,0.0,0.0,0.0,0.0,0.0,0.0,0.0,0.0,0.0,0.0,144.9473114013672,54.06076049804688,151.0816192626953,48.337921142578125,154.43209838867188,114.64342498779295,158.6558074951172,110.44793701171876,0.0,0.0,186.59555053710935,101.57023620605467,137.1365509033203,173.75009155273438,143.85789489746094,176.0048828125,0.0,0.0,0.0,0.0,0.0,0.0,0.0,0.0
641,0.0,0.0,0.0,0.0,0.0,0.0,0.0,0.0,168.11465454101562,10.817176818847656,144.3342742919922,55.27204895019531,150.73023986816406,49.99813079833984,153.89146423339844,115.57147216796876,159.9312286376953,112.968017578125,0.0,0.0,187.33724975585935,103.02574920654295,137.43870544433594,174.73028564453125,143.98236083984375,177.40036010742188,0.0,0.0,0.0,0.0,0.0,0.0,0.0,0.0
642,0.0,0.0,0.0,0.0,0.0,0.0,0.0,0.0,164.5039825439453,18.946609497070312,138.22378540039062,59.830604553222656,149.94149780273438,57.30609130859375,154.446044921875,118.84671020507812,160.75514221191406,113.54157257080078,0.0,0.0,185.4514923095703,100.36637878417967,134.648681640625,175.87564086914062,145.7785186767578,178.9920654296875,0.0,0.0,0.0,0.0,0.0,0.0,0.0,0.0
643,0.0,0.0,0.0,0.0,0.0,0.0,0.0,0.0,166.06906127929688,17.037673950195312,135.7201385498047,64.56559753417969,154.11776733398438,59.78940582275391,160.08767700195312,126.88560485839844,170.8278045654297,119.02706909179688,0.0,0.0,188.47630310058597,103.27383422851562,131.2159881591797,183.53738403320312,147.2623748779297,185.47439575195312,0.0,0.0,0.0,0.0,0.0,0.0,0.0,0.0
644,0.0,0.0,0.0,0.0,0.0,0.0,0.0,0.0,164.82516479492188,16.68047332763672,140.2490234375,63.03548431396485,150.26290893554688,57.81584167480469,160.70799255371094,127.29796600341795,165.38414001464844,117.43264770507812,192.181396484375,123.57864379882812,188.82101440429688,102.56021881103516,137.079833984375,182.74343872070312,146.88604736328125,185.22955322265625,0.0,0.0,0.0,0.0,0.0,0.0,0.0,0.0
645,0.0,0.0,0.0,0.0,0.0,0.0,0.0,0.0,165.51385498046875,18.20458221435547,135.03721618652344,62.729759216308594,152.31785583496094,60.23265075683594,157.34046936035156,122.55613708496094,170.21975708007812,120.86045837402344,0.0,0.0,194.0160217285156,110.48382568359376,132.51882934570312,182.10202026367188,147.24497985839844,185.11810302734372,0.0,0.0,0.0,0.0,0.0,0.0,0.0,0.0
646,0.0,0.0,0.0,0.0,0.0,0.0,0.0,0.0,0.0,0.0,144.97711181640625,59.89197540283203,151.10519409179688,54.21800994873047,162.81793212890625,121.35860443115234,165.56141662597656,115.81448364257812,0.0,0.0,190.4935302734375,106.54669189453124,138.81594848632812,178.81561279296875,145.5939483642578,180.72491455078125,0.0,0.0,0.0,0.0,0.0,0.0,0.0,0.0
647,0.0,0.0,0.0,0.0,0.0,0.0,0.0,0.0,0.0,0.0,140.6798095703125,63.54628753662109,153.1028594970703,59.20032501220703,159.7563934326172,126.24957275390624,168.02505493164062,122.26945495605467,0.0,0.0,190.6969757080078,106.54528045654295,138.0008544921875,188.09881591796875,149.29364013671875,190.4732208251953,0.0,0.0,0.0,0.0,0.0,0.0,0.0,0.0
648,0.0,0.0,0.0,0.0,0.0,0.0,0.0,0.0,162.91329956054688,18.78114318847656,134.64532470703125,60.44596099853516,151.27401733398438,58.13130187988281,152.39208984375,122.97584533691406,162.9578857421875,118.42860412597656,0.0,0.0,186.90028381347656,100.3603515625,134.0762176513672,178.50682067871094,149.01405334472656,181.55831909179688,0.0,0.0,0.0,0.0,0.0,0.0,0.0,0.0
649,0.0,0.0,0.0,0.0,0.0,0.0,0.0,0.0,0.0,0.0,140.7848358154297,59.62689971923828,151.37254333496094,55.77955627441406,159.17018127441406,121.21609497070312,161.5282745361328,113.32565307617188,0.0,0.0,185.6388397216797,97.92640686035156,137.5679931640625,178.65501403808594,147.9955596923828,181.29684448242188,0.0,0.0,0.0,0.0,0.0,0.0,0.0,0.0
650,0.0,0.0,0.0,0.0,0.0,0.0,0.0,0.0,165.4093475341797,17.512794494628906,137.82044982910156,59.43949890136719,151.36297607421875,56.61327362060547,155.23550415039062,121.58893585205078,161.23416137695312,116.81077575683594,0.0,0.0,187.52365112304688,100.8258056640625,136.212890625,178.98602294921875,148.7007598876953,182.1470184326172,0.0,0.0,0.0,0.0,0.0,0.0,0.0,0.0
651,0.0,0.0,0.0,0.0,0.0,0.0,0.0,0.0,0.0,0.0,143.3260040283203,56.396331787109375,151.59364318847656,52.55867004394531,155.74082946777344,119.78770446777344,157.76170349121094,113.97731018066406,0.0,0.0,184.23167419433597,96.20535278320312,137.10006713867188,172.52120971679688,145.85919189453125,175.09080505371094,0.0,0.0,0.0,0.0,0.0,0.0,0.0,0.0
652,0.0,0.0,0.0,0.0,0.0,0.0,0.0,0.0,0.0,0.0,144.06887817382812,56.59679412841797,152.71136474609375,51.82823181152344,157.53985595703125,121.54508972167967,158.95272827148438,113.79071807861328,0.0,0.0,184.2437744140625,96.91633605957033,138.4226531982422,177.50111389160156,147.24008178710938,179.87234497070312,0.0,0.0,0.0,0.0,0.0,0.0,0.0,0.0
653,0.0,0.0,0.0,0.0,0.0,0.0,0.0,0.0,167.36285400390625,13.564971923828123,143.77255249023438,55.07281494140625,152.5542755126953,51.33280944824219,150.73158264160156,117.6300811767578,155.86566162109375,114.47158813476562,0.0,0.0,183.9600830078125,95.61204528808594,137.14459228515625,169.4429931640625,146.02947998046875,172.38623046875,0.0,0.0,0.0,0.0,0.0,0.0,0.0,0.0
654,0.0,0.0,0.0,0.0,0.0,0.0,0.0,0.0,0.0,0.0,144.4845733642578,58.283973693847656,151.64796447753906,53.11918640136719,160.28280639648438,124.42643737792967,160.02667236328125,114.22381591796876,0.0,0.0,184.2927703857422,96.11185455322266,139.47933959960938,178.39102172851562,147.5490264892578,180.4667053222656,0.0,0.0,0.0,0.0,0.0,0.0,0.0,0.0
655,0.0,0.0,0.0,0.0,0.0,0.0,0.0,0.0,0.0,0.0,139.93716430664062,61.19644165039063,153.04368591308594,56.52595520019531,159.72532653808594,127.69923400878906,166.23760986328125,118.89447784423828,0.0,0.0,186.3101043701172,98.518798828125,137.64166259765625,183.47784423828125,150.0022430419922,185.34832763671875,0.0,0.0,0.0,0.0,0.0,0.0,0.0,0.0
656,0.0,0.0,0.0,0.0,0.0,0.0,0.0,0.0,0.0,0.0,141.5004425048828,57.5849838256836,153.662353515625,53.48358154296875,156.37738037109375,122.97502136230467,163.314453125,119.03561401367188,0.0,0.0,186.489501953125,98.76351928710938,138.18345642089844,181.33880615234372,149.55877685546875,183.8855438232422,0.0,0.0,0.0,0.0,0.0,0.0,0.0,0.0
657,0.0,0.0,0.0,0.0,0.0,0.0,0.0,0.0,0.0,0.0,144.10116577148438,56.70930480957031,155.09007263183594,50.98423767089844,156.83042907714844,122.33154296875,162.91357421875,116.01451873779295,0.0,0.0,186.2400665283203,99.15885162353516,138.38546752929688,179.67657470703125,148.75997924804688,181.5942230224609,0.0,0.0,0.0,0.0,0.0,0.0,0.0,0.0
658,0.0,0.0,0.0,0.0,0.0,0.0,0.0,0.0,0.0,0.0,149.4975128173828,57.70367431640625,151.8961944580078,51.59829711914063,156.03262329101562,123.0205078125,158.79452514648438,117.20144653320312,0.0,0.0,186.8922119140625,99.16267395019533,143.58233642578125,178.52584838867188,147.3069610595703,180.78546142578125,0.0,0.0,0.0,0.0,0.0,0.0,0.0,0.0
659,0.0,0.0,0.0,0.0,0.0,0.0,0.0,0.0,166.68539428710938,15.53681182861328,137.1070098876953,61.967247009277344,155.67221069335938,58.89761352539063,149.67678833007812,124.5362319946289,164.5103302001953,121.04547882080078,0.0,0.0,187.20901489257807,99.04984283447266,135.93447875976562,180.3839263916016,152.0117950439453,183.0784912109375,0.0,0.0,0.0,0.0,0.0,0.0,0.0,0.0
660,0.0,0.0,0.0,0.0,0.0,0.0,0.0,0.0,166.53054809570312,19.621803283691406,131.0986328125,62.75509643554688,153.8240966796875,61.57267761230469,144.08746337890625,121.8497314453125,162.70703125,120.63390350341795,0.0,0.0,185.9049530029297,97.7544174194336,132.9897918701172,177.07752990722656,152.0832061767578,180.6119079589844,0.0,0.0,0.0,0.0,0.0,0.0,0.0,0.0
661,0.0,0.0,0.0,0.0,0.0,0.0,0.0,0.0,166.69114685058594,13.869651794433594,143.3047332763672,63.11129760742188,151.85775756835938,57.627540588378906,159.56964111328125,129.64041137695312,164.6220245361328,120.10122680664062,0.0,0.0,187.06414794921875,96.68256378173828,141.15496826171875,182.04876708984372,149.77069091796875,184.32835388183597,0.0,0.0,0.0,0.0,0.0,0.0,0.0,0.0
662,0.0,0.0,0.0,0.0,0.0,0.0,0.0,0.0,169.13284301757812,12.903160095214844,145.20547485351562,59.06504821777344,151.83154296875,54.80351257324219,153.1403350830078,120.77033233642578,156.848876953125,115.36849975585938,0.0,0.0,184.40353393554688,95.19446563720705,142.13832092285156,177.96316528320312,149.20155334472656,181.2832946777344,0.0,0.0,0.0,0.0,0.0,0.0,0.0,0.0
663,0.0,0.0,0.0,0.0,0.0,0.0,0.0,0.0,169.41453552246094,12.701026916503906,146.29714965820312,58.11263275146485,153.8605194091797,53.27245330810547,150.38906860351562,119.36565399169922,157.16664123535156,114.35325622558594,0.0,0.0,186.05360412597656,96.26397705078124,141.01023864746094,175.19097900390625,148.62850952148438,177.93568420410156,0.0,0.0,0.0,0.0,0.0,0.0,0.0,0.0
664,0.0,0.0,0.0,0.0,0.0,0.0,0.0,0.0,170.09886169433594,13.09136199951172,145.92776489257812,59.18498992919922,152.7376251220703,53.957916259765625,154.37477111816406,122.76914978027344,160.46588134765625,115.22663116455078,0.0,0.0,186.55792236328125,97.58917236328124,142.53640747070312,177.6069793701172,149.35330200195312,180.42340087890625,0.0,0.0,0.0,0.0,0.0,0.0,0.0,0.0
665,0.0,0.0,0.0,0.0,0.0,0.0,0.0,0.0,172.2376708984375,13.890579223632812,149.4154052734375,59.57383728027344,153.1944122314453,54.369140625,157.16722106933594,113.05807495117188,157.16796875,105.0654754638672,0.0,0.0,187.467529296875,94.9761962890625,142.83544921875,169.20774841308594,147.69834899902344,171.8137969970703,0.0,0.0,0.0,0.0,0.0,0.0,0.0,0.0
666,0.0,0.0,0.0,0.0,0.0,0.0,0.0,0.0,165.60116577148438,21.690879821777344,138.51292419433594,66.6115951538086,153.42730712890625,62.7232666015625,158.77316284179688,116.80802917480467,165.57351684570312,109.47511291503906,0.0,0.0,190.78860473632807,98.37664031982422,137.82235717773438,174.23202514648438,151.47506713867188,176.2327880859375,0.0,0.0,0.0,0.0,0.0,0.0,0.0,0.0
667,0.0,0.0,0.0,0.0,0.0,0.0,0.0,0.0,0.0,0.0,150.15066528320312,62.30343627929688,150.32000732421875,57.97637939453125,165.7982635498047,116.83099365234376,158.5496826171875,110.0740966796875,191.9361572265625,115.113037109375,186.665283203125,95.69952392578124,146.04666137695312,178.21914672851562,148.62161254882812,180.8765563964844,0.0,0.0,0.0,0.0,0.0,0.0,0.0,0.0
668,0.0,0.0,0.0,0.0,0.0,0.0,0.0,0.0,164.5260467529297,27.903282165527344,135.18960571289062,71.46640014648438,150.70693969726562,67.34063720703125,159.0725860595703,119.3502960205078,166.95135498046875,110.19395446777344,0.0,0.0,191.11105346679688,98.67550659179688,138.7107696533203,177.55099487304688,152.41786193847656,179.48333740234375,0.0,0.0,0.0,0.0,0.0,0.0,0.0,0.0
669,0.0,0.0,0.0,0.0,0.0,0.0,0.0,0.0,163.3732147216797,38.59700012207031,131.1945343017578,79.84744262695312,153.67800903320312,74.1570816040039,163.77830505371094,129.31886291503906,175.86257934570312,115.17404174804688,0.0,0.0,194.95001220703125,103.93650817871094,135.1235809326172,187.0051422119141,154.02711486816406,187.27427673339844,0.0,0.0,0.0,0.0,0.0,0.0,0.0,0.0
670,0.0,0.0,0.0,0.0,0.0,0.0,0.0,0.0,158.7905731201172,48.76561737060547,125.27155303955078,85.05845642089844,154.25628662109375,81.06510162353516,162.46615600585938,125.56981658935548,183.88232421875,114.94506072998048,0.0,0.0,195.36582946777344,104.49009704589844,130.97267150878906,186.5169677734375,154.2692108154297,186.60745239257807,0.0,0.0,0.0,0.0,0.0,0.0,0.0,0.0
671,0.0,0.0,0.0,0.0,0.0,0.0,0.0,0.0,159.30618286132812,48.46891784667969,124.11141204833984,81.08089447021484,154.98988342285156,82.11631774902344,156.62098693847656,124.43033599853516,177.85708618164062,123.40696716308594,0.0,0.0,193.71319580078125,105.62030029296876,127.4402313232422,189.564697265625,150.47030639648438,191.5320281982422,0.0,0.0,0.0,0.0,0.0,0.0,0.0,0.0
672,0.0,0.0,0.0,0.0,0.0,0.0,0.0,0.0,159.99935913085938,42.41567993164063,128.5290985107422,79.05523681640625,153.88568115234375,75.30509948730469,0.0,0.0,178.45144653320312,116.20647430419922,0.0,0.0,192.49380493164065,102.0210418701172,131.67578125,183.61582946777344,152.70462036132812,184.2274475097656,0.0,0.0,0.0,0.0,0.0,0.0,0.0,0.0
673,0.0,0.0,0.0,0.0,0.0,0.0,0.0,0.0,158.00543212890625,45.99471282958984,127.3190460205078,81.75633239746094,150.6353759765625,78.31277465820312,0.0,0.0,177.0232391357422,120.11197662353516,0.0,0.0,192.06198120117188,100.3997039794922,132.91055297851562,186.13026428222656,152.22381591796875,187.33364868164065,0.0,0.0,0.0,0.0,0.0,0.0,0.0,0.0
674,0.0,0.0,0.0,0.0,0.0,0.0,0.0,0.0,158.6165008544922,44.898681640625,130.26463317871094,79.78623962402344,148.7286376953125,75.52340698242188,162.29196166992188,132.80612182617188,172.0318145751953,116.92364501953124,0.0,0.0,191.5207061767578,97.8527603149414,134.2639923095703,181.47900390625,150.07928466796875,182.74383544921875,0.0,0.0,0.0,0.0,0.0,0.0,0.0,0.0
675,0.0,0.0,0.0,0.0,0.0,0.0,0.0,0.0,163.6297607421875,31.822479248046875,134.140869140625,68.74559783935547,149.19857788085938,69.7409896850586,162.43113708496094,128.99575805664062,170.90603637695312,127.30461120605467,0.0,0.0,198.30029296875,101.55614471435548,133.8631591796875,188.43408203125,145.04763793945312,192.1118927001953,0.0,0.0,0.0,0.0,0.0,0.0,0.0,0.0
676,0.0,0.0,0.0,0.0,0.0,0.0,0.0,0.0,158.71878051757812,47.21915435791016,127.68578338623048,83.2853775024414,154.48696899414062,81.08340454101562,165.16688537597656,134.01455688476562,185.60101318359372,128.51226806640625,0.0,0.0,201.19631958007807,111.85980987548828,132.59988403320312,187.7969665527344,154.1675262451172,188.6671905517578,0.0,0.0,0.0,0.0,0.0,0.0,0.0,0.0
677,0.0,0.0,0.0,0.0,0.0,0.0,0.0,0.0,158.9774169921875,53.3270263671875,125.69247436523438,91.16062927246094,158.93551635742188,86.14823913574219,0.0,0.0,190.20225524902344,128.9369659423828,0.0,0.0,203.0537109375,112.40821838378906,130.3436737060547,193.84210205078125,156.7562713623047,192.8966522216797,0.0,0.0,0.0,0.0,0.0,0.0,0.0,0.0
678,0.0,0.0,0.0,0.0,0.0,0.0,0.0,0.0,157.75152587890625,50.25090026855469,126.57270050048828,85.35231018066406,154.09657287597656,82.60542297363281,167.66021728515625,129.3667755126953,186.47723388671875,121.26927185058594,0.0,0.0,196.64801025390625,102.86981201171876,132.52236938476562,187.845703125,154.6157989501953,188.4515686035156,0.0,0.0,0.0,0.0,0.0,0.0,0.0,0.0
679,0.0,0.0,0.0,0.0,0.0,0.0,0.0,0.0,157.90591430664062,49.822486877441406,126.21703338623048,85.02086639404297,155.54490661621094,81.23176574707031,164.1621856689453,131.01034545898438,184.62445068359372,120.3933334350586,0.0,0.0,197.8327178955078,105.22917175292967,132.27780151367188,186.6231231689453,155.84649658203125,186.56576538085935,0.0,0.0,0.0,0.0,0.0,0.0,0.0,0.0
680,0.0,0.0,0.0,0.0,0.0,0.0,0.0,0.0,155.40191650390625,54.27081298828125,125.90290832519533,88.35906219482422,152.6785125732422,83.53455352783203,164.9427490234375,130.64064025878906,184.28045654296875,116.51262664794922,0.0,0.0,197.22938537597656,103.6408920288086,133.29844665527344,186.689453125,154.83261108398438,186.24229431152344,0.0,0.0,0.0,0.0,0.0,0.0,0.0,0.0
681,0.0,0.0,0.0,0.0,0.0,0.0,0.0,0.0,157.09190368652344,50.1539306640625,128.89288330078125,86.96804809570312,150.88681030273438,81.23614501953125,0.0,0.0,177.0045928955078,112.76763916015624,0.0,0.0,191.1931610107422,101.13458251953124,135.70474243164062,186.53909301757807,154.01849365234375,186.54827880859372,0.0,0.0,0.0,0.0,0.0,0.0,0.0,0.0
682,0.0,0.0,0.0,0.0,0.0,0.0,0.0,0.0,162.47222900390625,38.71811676025391,126.45913696289062,75.78199768066406,157.4893798828125,73.38177490234375,0.0,0.0,175.72401428222656,118.61333465576172,0.0,0.0,192.3665771484375,104.37438201904295,131.92755126953125,180.6080780029297,156.68756103515625,181.9782867431641,0.0,0.0,0.0,0.0,0.0,0.0,0.0,0.0
683,0.0,0.0,0.0,0.0,0.0,0.0,0.0,0.0,163.47659301757812,34.52416229248047,126.89864349365234,68.80670928955078,153.1131591796875,67.20767211914062,0.0,0.0,166.6121826171875,113.16995239257812,0.0,0.0,188.8009490966797,94.99066162109376,130.4368896484375,176.74928283691406,151.04864501953125,179.44784545898438,0.0,0.0,0.0,0.0,0.0,0.0,0.0,0.0
684,0.0,0.0,0.0,0.0,0.0,0.0,0.0,0.0,157.6152801513672,49.51709747314453,122.3480224609375,79.82054901123047,152.30282592773438,79.1634750366211,0.0,0.0,169.1273651123047,112.18204498291016,0.0,0.0,188.20767211914065,104.1373291015625,130.14028930664062,175.31976318359375,154.1490020751953,177.5515594482422,0.0,0.0,0.0,0.0,0.0,0.0,0.0,0.0
685,0.0,0.0,0.0,0.0,0.0,0.0,0.0,0.0,164.7935791015625,29.77461242675781,120.73179626464844,58.79328155517578,158.1329345703125,59.73961639404297,0.0,0.0,162.08116149902344,107.35728454589844,0.0,0.0,186.6888732910156,97.7546844482422,125.71549987792967,172.17523193359375,154.57373046875,175.9439239501953,0.0,0.0,0.0,0.0,0.0,0.0,0.0,0.0
686,0.0,0.0,0.0,0.0,0.0,0.0,0.0,0.0,0.0,0.0,144.9802703857422,54.84843444824219,154.66429138183594,49.77442932128906,142.0188446044922,114.5318374633789,148.8272247314453,107.15595245361328,0.0,0.0,180.69351196289065,101.03047943115234,137.12692260742188,170.34225463867188,146.5030517578125,173.474853515625,0.0,0.0,0.0,0.0,0.0,0.0,0.0,0.0
687,172.29286193847656,18.332847595214844,0.0,0.0,0.0,0.0,0.0,0.0,0.0,0.0,159.49227905273438,58.70544052124024,151.14305114746094,51.81744766235352,159.00204467773438,113.77937316894533,141.18873596191406,104.43385314941406,184.9936065673828,115.86160278320312,179.09938049316406,105.21522521972656,146.6009063720703,179.45237731933594,142.19033813476562,181.63571166992188,0.0,0.0,0.0,0.0,0.0,0.0,0.0,0.0
688,175.12351989746094,14.831954956054688,0.0,0.0,0.0,0.0,0.0,0.0,0.0,0.0,163.0454559326172,61.43478012084961,146.05984497070312,52.63484954833984,0.0,0.0,137.6036834716797,102.75508880615234,0.0,0.0,178.08560180664062,108.96974182128906,152.83651733398438,182.13868713378903,141.7131805419922,183.88616943359372,0.0,0.0,0.0,0.0,0.0,0.0,0.0,0.0
689,173.28189086914062,9.643569946289062,0.0,0.0,0.0,0.0,0.0,0.0,0.0,0.0,172.00643920898438,58.41254425048828,138.5084228515625,48.34486389160156,172.89712524414062,111.78367614746094,119.16498565673828,98.37734985351562,192.8282165527344,108.4356460571289,171.58624267578125,104.42391204833984,158.6735382080078,177.28659057617188,136.9181365966797,178.0833740234375,0.0,0.0,0.0,0.0,0.0,0.0,0.0,0.0
690,176.1332550048828,14.95513916015625,0.0,0.0,173.12844848632812,7.8157196044921875,0.0,0.0,164.44915771484375,10.289459228515623,169.19503784179688,56.58810424804688,137.44036865234375,48.729270935058594,171.4738006591797,108.88351440429688,126.76351928710938,105.48748779296876,192.9779052734375,104.97146606445312,173.97093200683594,105.4120635986328,154.6492462158203,171.0700225830078,134.3983917236328,172.37448120117188,0.0,0.0,0.0,0.0,0.0,0.0,0.0,0.0
691,0.0,0.0,0.0,0.0,0.0,0.0,0.0,0.0,0.0,0.0,166.83460998535156,52.83413314819336,140.31143188476562,46.94816589355469,170.01547241210938,109.21589660644533,128.8089599609375,106.12696838378906,190.3497467041016,111.054931640625,171.64952087402344,108.34823608398438,153.6143798828125,175.24612426757812,136.58302307128906,177.4224853515625,0.0,0.0,0.0,0.0,0.0,0.0,0.0,0.0
692,177.13107299804688,16.18292999267578,0.0,0.0,174.58364868164062,8.67974853515625,0.0,0.0,166.17083740234375,9.129295349121094,174.164306640625,57.07048034667969,131.21131896972656,43.98577880859375,177.9221954345703,111.63053894042967,105.51360321044922,94.39163970947266,193.2466278076172,109.39588165283205,165.10516357421875,106.41537475585938,165.0887451171875,177.5193328857422,137.49916076660156,178.2380828857422,0.0,0.0,0.0,0.0,0.0,0.0,0.0,0.0
693,178.40646362304688,16.266250610351562,0.0,0.0,174.72203063964844,8.66986083984375,0.0,0.0,162.8494415283203,9.265625,168.64158630371094,54.57923889160156,133.19528198242188,45.45465087890625,172.3990020751953,110.0076904296875,113.71868896484376,101.02410888671876,185.90835571289065,107.3346939086914,163.77243041992188,106.52383422851562,157.256103515625,169.27198791503906,134.97047424316406,170.6962127685547,0.0,0.0,0.0,0.0,0.0,0.0,0.0,0.0
694,174.79562377929688,13.12799835205078,0.0,0.0,0.0,0.0,0.0,0.0,0.0,0.0,174.91452026367188,54.51275634765625,130.21688842773438,42.68498229980469,177.22027587890625,120.0886459350586,107.57190704345705,99.11314392089844,185.13442993164065,116.13050842285156,159.89744567871094,106.41397857666016,165.9160614013672,179.7651824951172,135.15609741210938,180.3783416748047,0.0,0.0,0.0,0.0,0.0,0.0,0.0,0.0
695,178.59005737304688,14.375938415527344,0.0,0.0,175.35118103027344,6.264472961425781,0.0,0.0,162.55642700195312,4.937057495117188,172.6210174560547,52.80622863769531,128.38739013671875,41.134674072265625,174.9972686767578,118.233154296875,108.47941589355467,100.10984802246094,183.69749450683597,116.75180053710938,159.8183135986328,110.46568298339844,164.30294799804688,179.72262573242188,133.87765502929688,180.05429077148438,0.0,0.0,0.0,0.0,0.0,0.0,0.0,0.0
696,177.88931274414062,14.605880737304688,0.0,0.0,174.34237670898438,6.582557678222656,0.0,0.0,160.58004760742188,5.46063232421875,174.78158569335938,50.80013275146485,127.96978759765624,42.593505859375,180.27816772460935,110.2719497680664,112.2500228881836,104.22249603271484,185.1385040283203,114.68770599365234,159.01084899902344,117.30571746826172,165.29104614257812,169.92962646484375,133.30319213867188,170.4522705078125,0.0,0.0,0.0,0.0,0.0,0.0,0.0,0.0
697,0.0,0.0,0.0,0.0,0.0,0.0,0.0,0.0,0.0,0.0,173.74932861328125,49.63315582275391,128.86663818359375,41.89140319824219,177.42916870117188,110.37901306152344,113.60911560058594,104.01663208007812,183.14601135253903,122.38369750976562,158.7040557861328,123.37193298339844,163.23582458496094,168.872802734375,132.11471557617188,169.45187377929688,0.0,0.0,0.0,0.0,0.0,0.0,0.0,0.0
698,177.60067749023438,14.397972106933594,0.0,0.0,175.10467529296875,6.2547454833984375,0.0,0.0,163.1129913330078,5.205123901367188,173.94020080566406,50.326202392578125,127.80927276611328,42.55104064941406,0.0,0.0,114.19889068603516,105.94889831542967,183.4052734375,125.16319274902344,160.36660766601562,128.01638793945312,165.783447265625,169.9931640625,132.72137451171875,171.83729553222656,0.0,0.0,0.0,0.0,0.0,0.0,0.0,0.0
699,175.5953369140625,12.881088256835938,0.0,0.0,172.10433959960938,5.5490570068359375,0.0,0.0,160.7627716064453,7.180503845214844,172.0441131591797,51.89524459838867,132.7300262451172,44.710819244384766,180.01437377929688,106.56453704833984,118.22330474853516,103.99835205078124,0.0,0.0,161.33938598632812,131.42515563964844,154.0726776123047,149.4569091796875,128.28839111328125,149.69964599609375,0.0,0.0,0.0,0.0,0.0,0.0,0.0,0.0
700,177.32931518554688,15.042579650878906,0.0,0.0,173.99661254882812,5.987663269042969,0.0,0.0,160.1829833984375,3.3958816528320312,174.68316650390625,51.15110778808594,130.90176391601562,43.24171447753906,181.2430419921875,115.70216369628906,126.38117218017578,113.39697265625,191.33279418945312,133.8712921142578,160.52459716796875,133.57382202148438,163.93704223632812,173.05816650390625,132.3739013671875,172.75747680664062,0.0,0.0,0.0,0.0,0.0,0.0,0.0,0.0
701,177.8239288330078,16.431663513183594,0.0,0.0,174.48159790039062,7.283393859863281,0.0,0.0,160.67376708984375,4.566627502441406,175.86587524414062,51.00148010253906,130.8619842529297,44.182411193847656,182.17498779296875,111.45115661621094,128.41015625,114.09164428710938,187.7476501464844,124.2731475830078,163.67019653320312,133.06503295898438,165.0098419189453,169.57217407226562,132.1568603515625,169.86712646484375,0.0,0.0,0.0,0.0,0.0,0.0,0.0,0.0
702,177.64198303222656,16.077964782714844,0.0,0.0,174.39768981933594,6.786476135253906,0.0,0.0,161.0457000732422,4.2315673828125,173.58541870117188,50.37911987304688,132.86192321777344,43.99691009521485,180.6037750244141,112.03190612792967,132.0176239013672,116.0307159423828,188.4193420410156,123.71136474609376,165.9964599609375,133.9363555908203,159.88746643066406,168.12771606445312,130.64512634277344,168.1873779296875,0.0,0.0,0.0,0.0,0.0,0.0,0.0,0.0
703,178.23043823242188,16.396873474121094,0.0,0.0,174.91561889648438,6.921211242675781,0.0,0.0,160.45335388183594,4.1447601318359375,174.39755249023438,51.0587158203125,130.7504425048828,45.300323486328125,181.4589080810547,114.4066162109375,130.6240997314453,119.3678207397461,186.30902099609372,126.08811950683594,165.63641357421875,134.6193389892578,163.96945190429688,172.77197265625,131.775146484375,173.44276428222656,0.0,0.0,0.0,0.0,0.0,0.0,0.0,0.0
704,177.5754852294922,15.922584533691406,183.2835998535156,10.968002319335938,173.4404754638672,6.701103210449219,0.0,0.0,160.4945831298828,5.509147644042969,173.90423583984375,52.661842346191406,129.8505096435547,46.52129364013672,182.2582092285156,114.75311279296876,123.24183654785156,114.24408721923828,187.25050354003903,126.88902282714844,163.1531982421875,132.404541015625,163.29092407226562,158.62081909179688,132.62841796875,160.93658447265625,0.0,0.0,0.0,0.0,0.0,0.0,0.0,0.0
705,176.60760498046875,15.443244934082031,0.0,0.0,172.95062255859375,6.6851806640625,0.0,0.0,158.89080810546875,5.19488525390625,176.47769165039062,52.06196594238281,129.37646484375,43.94944763183594,182.7942352294922,109.68293762207033,122.12755584716795,107.08609008789062,184.95034790039065,123.18915557861328,158.69105529785156,130.117431640625,166.24124145507812,171.83517456054688,132.54714965820312,171.3975372314453,0.0,0.0,0.0,0.0,0.0,0.0,0.0,0.0
706,0.0,0.0,0.0,0.0,0.0,0.0,0.0,0.0,0.0,0.0,177.76678466796875,52.62995147705078,129.6854248046875,46.0537338256836,181.8560791015625,110.21763610839844,115.6942367553711,107.84762573242188,182.7335205078125,123.07394409179688,154.978271484375,128.20999145507812,168.38392639160156,176.41958618164062,133.5981903076172,176.9375762939453,0.0,0.0,0.0,0.0,0.0,0.0,0.0,0.0
707,175.72915649414062,15.384529113769531,0.0,0.0,174.5337677001953,7.068275451660156,0.0,0.0,0.0,0.0,175.77989196777344,53.24110412597656,128.2149200439453,43.053131103515625,180.286376953125,112.15310668945312,109.23468017578124,104.14288330078124,182.58676147460935,128.43028259277344,158.33009338378906,128.54978942871094,166.4298553466797,173.8896484375,131.9125518798828,174.268310546875,0.0,0.0,0.0,0.0,0.0,0.0,0.0,0.0
708,0.0,0.0,0.0,0.0,0.0,0.0,0.0,0.0,0.0,0.0,177.3571319580078,52.66033172607422,129.58065795898438,45.25109100341797,181.55075073242188,109.89317321777344,116.10774230957033,110.06407928466795,178.87118530273438,129.59596252441406,159.3207550048828,132.9878692626953,165.072021484375,167.56246948242188,131.3551025390625,167.58929443359375,0.0,0.0,0.0,0.0,0.0,0.0,0.0,0.0
709,174.64599609375,14.929779052734377,0.0,0.0,171.93222045898438,6.682243347167969,0.0,0.0,0.0,0.0,173.9374237060547,50.21369934082031,135.63873291015625,47.32810974121094,181.91749572753903,109.19068908691406,131.36387634277344,118.98937225341795,181.3826446533203,133.44161987304688,162.53973388671875,138.26406860351562,161.2840576171875,166.95655822753906,133.28952026367188,168.20599365234375,0.0,0.0,0.0,0.0,0.0,0.0,0.0,0.0
710,0.0,0.0,0.0,0.0,0.0,0.0,0.0,0.0,0.0,0.0,174.09368896484375,51.734710693359375,135.76390075683594,48.54312133789063,183.4486846923828,109.77799987792967,135.40359497070312,118.02165222167967,182.0975646972656,135.98745727539062,163.20704650878906,140.8284454345703,161.03652954101562,172.20669555664062,132.97445678710938,173.0260772705078,0.0,0.0,0.0,0.0,0.0,0.0,0.0,0.0
711,170.1143035888672,10.841583251953123,0.0,0.0,0.0,0.0,0.0,0.0,0.0,0.0,172.95460510253906,47.77557373046875,133.05564880371094,48.73170471191406,181.5373077392578,108.09239196777344,136.99508666992188,119.90858459472656,180.15170288085935,136.1761932373047,166.3716583251953,140.6741180419922,161.462890625,170.5845184326172,133.31552124023438,172.52894592285156,0.0,0.0,0.0,0.0,0.0,0.0,0.0,0.0
712,172.080322265625,12.846221923828123,0.0,0.0,0.0,0.0,0.0,0.0,0.0,0.0,177.832763671875,50.75087738037109,129.28990173339844,41.79876708984375,183.6944732666016,108.1302490234375,127.00884246826172,105.2839584350586,181.26202392578125,130.6471405029297,164.01026916503906,140.94212341308594,164.301025390625,161.6939239501953,129.78689575195312,160.60629272460938,0.0,0.0,0.0,0.0,0.0,0.0,0.0,0.0
713,184.86947631835935,15.1585693359375,0.0,0.0,180.4488525390625,7.491790771484375,0.0,0.0,161.2188720703125,5.774215698242188,176.7530517578125,47.61882019042969,126.57190704345705,38.31048583984375,182.2537384033203,106.23621368408205,113.735595703125,100.16576385498048,184.3355865478516,118.02120208740234,154.6701202392578,135.72451782226562,164.3611297607422,164.8650360107422,129.69776916503906,164.78807067871094,0.0,0.0,0.0,0.0,0.0,0.0,0.0,0.0
714,180.91163635253903,18.97039794921875,0.0,0.0,177.17633056640625,10.14093780517578,0.0,0.0,161.45533752441406,6.241455078125,178.2584686279297,52.0468978881836,125.39404296875,37.83950805664063,188.2008056640625,110.30281066894533,115.17002868652344,95.22825622558594,191.65847778320312,88.90182495117188,167.8648681640625,91.41046142578124,163.3190460205078,166.7041473388672,126.15426635742188,164.95803833007812,0.0,0.0,0.0,0.0,0.0,0.0,0.0,0.0
715,178.74989318847656,16.451614379882812,0.0,0.0,174.47169494628906,7.855056762695312,0.0,0.0,159.6050262451172,6.1912841796875,172.80996704101562,55.680206298828125,125.2024154663086,37.86083984375,0.0,0.0,100.14136505126952,88.4772720336914,0.0,0.0,129.76113891601562,92.88136291503906,162.38291931152344,169.92440795898438,130.10751342773438,166.79953002929688,0.0,0.0,0.0,0.0,0.0,0.0,0.0,0.0
716,175.54896545410156,16.47314453125,0.0,0.0,171.8199920654297,7.774085998535156,0.0,0.0,158.06092834472656,6.62127685546875,171.65179443359375,59.881324768066406,123.9204559326172,35.96148681640625,178.4047088623047,116.53551483154295,105.40188598632812,78.44831085205078,187.23802185058597,85.92683410644531,145.74476623535156,80.24897766113281,162.62664794921875,168.84576416015625,129.6946563720703,164.04119873046875,0.0,0.0,0.0,0.0,0.0,0.0,0.0,0.0
717,175.593505859375,17.003128051757812,180.32066345214844,13.892539978027344,171.71304321289062,8.272781372070312,0.0,0.0,157.21792602539062,5.920257568359375,174.41671752929688,57.209991455078125,124.34857940673828,33.87574768066406,178.87265014648438,109.33869171142578,109.53465270996094,77.1795654296875,193.40025329589844,79.17656707763672,132.1897735595703,90.8935546875,165.50062561035156,162.61361694335938,129.90438842773438,156.67977905273438,0.0,0.0,0.0,0.0,0.0,0.0,0.0,0.0
718,173.49310302734375,16.074325561523438,0.0,0.0,170.32281494140625,6.8778228759765625,0.0,0.0,156.19973754882812,5.718536376953125,167.32957458496094,53.14588928222656,128.94119262695312,43.08940124511719,182.4136199951172,105.31494140625,146.9168701171875,103.63473510742188,197.98062133789065,85.73422241210938,190.57620239257807,87.03488159179688,157.7354736328125,166.34725952148438,130.54983520507812,165.56112670898438,0.0,0.0,0.0,0.0,0.0,0.0,0.0,0.0
719,175.7795867919922,14.113899230957031,0.0,0.0,170.30271911621094,5.5194854736328125,0.0,0.0,152.16458129882812,6.000297546386719,172.01968383789062,56.24146270751953,124.80615997314452,38.93424987792969,184.71499633789065,110.17130279541016,118.55371856689452,102.47517395019533,192.5621337890625,84.07630920410156,132.11331176757812,155.64573669433594,160.44825744628906,158.9712371826172,128.6349639892578,153.99673461914062,0.0,0.0,0.0,0.0,0.0,0.0,0.0,0.0
720,174.114990234375,14.982566833496094,0.0,0.0,169.12916564941406,7.0760498046875,0.0,0.0,151.2627716064453,8.59332275390625,171.30921936035156,56.94624328613281,122.18919372558594,40.9862060546875,188.99180603027344,109.125732421875,108.60621643066406,103.01608276367188,195.985595703125,83.25537109375,113.11474609375,158.06344604492188,161.6243896484375,157.91506958007812,128.94427490234375,153.49868774414062,0.0,0.0,0.0,0.0,0.0,0.0,0.0,0.0
721,180.5028381347656,21.838882446289062,0.0,0.0,177.627197265625,12.79521942138672,0.0,0.0,157.4755401611328,9.650611877441406,150.0172882080078,52.79412078857422,139.94915771484375,43.93792724609375,186.207275390625,109.09645080566406,170.68988037109375,102.35702514648438,0.0,0.0,193.67974853515625,83.72352600097656,138.6495819091797,163.79437255859375,134.95889282226562,162.7677001953125,0.0,0.0,0.0,0.0,0.0,0.0,0.0,0.0
722,178.474609375,19.869224548339844,0.0,0.0,174.97830200195312,10.94134521484375,0.0,0.0,158.39462280273438,11.056282043457031,128.21246337890625,52.08116149902344,159.7200164794922,53.53688049316406,0.0,0.0,208.19418334960935,111.2294464111328,0.0,0.0,206.97418212890625,83.00860595703125,116.922119140625,167.1380615234375,142.16525268554688,169.5770263671875,0.0,0.0,0.0,0.0,0.0,0.0,0.0,0.0
723,177.43324279785156,21.754669189453125,0.0,0.0,176.5003662109375,13.356040954589844,0.0,0.0,164.9622344970703,12.844772338867188,136.29855346679688,52.0755615234375,154.26986694335938,50.37486267089844,0.0,0.0,186.3875732421875,107.0204849243164,0.0,0.0,204.1350555419922,83.95364379882812,120.99107360839844,160.90921020507812,137.26625061035156,162.91651916503906,0.0,0.0,0.0,0.0,0.0,0.0,0.0,0.0
724,0.0,0.0,0.0,0.0,0.0,0.0,0.0,0.0,168.88946533203125,17.31365966796875,133.67184448242188,51.55769348144531,157.0001983642578,51.82878112792969,0.0,0.0,193.99078369140625,111.13512420654295,0.0,0.0,196.01809692382807,84.037353515625,116.68333435058594,166.12408447265625,136.5003662109375,169.48318481445312,0.0,0.0,0.0,0.0,0.0,0.0,0.0,0.0
725,0.0,0.0,0.0,0.0,0.0,0.0,0.0,0.0,167.57211303710938,17.102188110351562,132.56483459472656,51.31605529785156,155.7241668701172,51.951019287109375,0.0,0.0,191.9227294921875,107.0969696044922,0.0,0.0,200.30435180664065,81.26154327392578,117.79069519042967,165.48580932617188,137.37120056152344,168.9427947998047,0.0,0.0,0.0,0.0,0.0,0.0,0.0,0.0
726,185.79742431640625,25.981948852539062,0.0,0.0,185.4478759765625,17.349700927734375,0.0,0.0,167.7083740234375,14.242233276367188,162.40505981445312,57.49053955078125,132.00018310546875,44.65521240234375,197.74871826171875,116.24382019042967,153.523193359375,96.9154281616211,204.3553466796875,86.193603515625,189.33078002929688,65.81193542480469,142.78900146484375,170.08462524414062,123.0080795288086,169.66555786132812,0.0,0.0,0.0,0.0,0.0,0.0,0.0,0.0
727,184.22515869140625,24.919235229492188,0.0,0.0,183.34747314453125,16.309974670410156,0.0,0.0,164.38583374023438,13.517005920410156,157.6636962890625,55.48780822753906,132.89108276367188,46.13484191894531,194.3338623046875,113.42654418945312,160.10400390625,100.24630737304688,195.27835083007807,77.68817138671875,191.44174194335935,64.71318054199219,141.15919494628906,168.2863311767578,126.21454620361328,168.87115478515625,0.0,0.0,0.0,0.0,0.0,0.0,0.0,0.0
728,185.68186950683597,25.52812957763672,0.0,0.0,183.97244262695312,16.597999572753906,0.0,0.0,165.44139099121094,13.888580322265623,155.5934295654297,54.26863098144531,147.93014526367188,48.978363037109375,202.6326904296875,112.5706024169922,196.49441528320312,105.61930084228516,0.0,0.0,197.986328125,64.2412338256836,133.63201904296875,173.11756896972656,130.8379669189453,173.77674865722656,0.0,0.0,0.0,0.0,0.0,0.0,0.0,0.0
729,174.6722412109375,14.460189819335938,0.0,0.0,170.19186401367188,6.31341552734375,0.0,0.0,151.83164978027344,8.912147521972656,152.08941650390625,56.45362091064453,139.7286834716797,49.01773834228516,188.72471618652344,108.70926666259766,174.826171875,94.65225982666016,0.0,0.0,196.33526611328125,62.14867401123047,141.71226501464844,168.87921142578125,133.1623992919922,168.25787353515625,0.0,0.0,0.0,0.0,0.0,0.0,0.0,0.0
730,172.2684326171875,13.69245147705078,0.0,0.0,168.00624084472656,4.5408782958984375,0.0,0.0,149.86114501953125,6.163337707519531,152.28814697265625,54.01820373535156,137.9784698486328,45.594085693359375,197.72622680664065,108.4110107421875,190.92239379882807,95.44800567626952,204.6484222412109,88.74010467529297,207.3339385986328,84.86289978027344,138.45318603515625,169.85287475585938,126.45240783691406,169.65213012695312,0.0,0.0,0.0,0.0,0.0,0.0,0.0,0.0
731,172.22364807128906,13.28376007080078,0.0,0.0,168.44290161132812,3.3309097290039062,0.0,0.0,149.42276000976562,2.727012634277344,152.19894409179688,49.66772079467773,135.30467224121094,42.85919189453125,196.8221435546875,98.26138305664062,189.1927795410156,92.77745056152344,206.58372497558597,91.89383697509766,207.67660522460935,87.31781005859375,139.95510864257812,168.658203125,125.4601058959961,168.9477996826172,0.0,0.0,0.0,0.0,0.0,0.0,0.0,0.0
732,177.07823181152344,16.364730834960938,0.0,0.0,172.40679931640625,7.554229736328125,0.0,0.0,150.9456024169922,7.2834625244140625,149.60537719726562,49.01659393310547,140.43515014648438,45.03310394287109,192.7022399902344,104.17321014404295,184.6586456298828,101.70706176757812,200.43585205078125,87.97855377197266,199.091796875,84.9991226196289,136.20249938964844,162.47967529296875,131.05320739746094,163.15126037597656,0.0,0.0,0.0,0.0,0.0,0.0,0.0,0.0
733,0.0,0.0,0.0,0.0,0.0,0.0,0.0,0.0,145.96728515625,3.0174331665039062,155.94070434570312,48.13287734985352,127.27738189697266,37.98624801635742,181.28501892089844,97.33171081542967,155.6087188720703,83.91569519042969,198.1117248535156,87.14411926269531,194.76519775390625,87.42622375488281,146.5638427734375,163.84815979003906,124.7779541015625,163.04876708984375,0.0,0.0,0.0,0.0,0.0,0.0,0.0,0.0
734,170.1190185546875,12.190353393554688,0.0,0.0,166.50982666015625,5.2015380859375,0.0,0.0,150.74806213378906,8.780662536621094,151.80224609375,50.13818359375,131.98880004882812,43.68144226074219,178.6230926513672,101.47998046875,156.506103515625,92.65542602539062,200.611083984375,93.05310821533205,196.6828765869141,86.23141479492188,138.00311279296875,158.19830322265625,122.36711883544922,158.85028076171875,0.0,0.0,0.0,0.0,0.0,0.0,0.0,0.0
735,158.9118194580078,8.665634155273438,0.0,0.0,154.08059692382812,1.8458404541015625,0.0,0.0,142.42141723632812,6.309120178222656,153.0948486328125,46.03565216064453,133.4443359375,41.3721923828125,178.3569793701172,95.66375732421876,162.2252960205078,93.7607650756836,200.2269592285156,90.7860870361328,197.23297119140625,89.2888412475586,138.21665954589844,150.16806030273438,124.1096649169922,150.1720428466797,0.0,0.0,0.0,0.0,0.0,0.0,0.0,0.0
736,155.8050537109375,8.480926513671875,0.0,0.0,150.45791625976562,0.5509719848632812,0.0,0.0,0.0,0.0,161.16941833496094,49.73774719238281,132.16844177246094,40.682464599609375,190.53623962402344,106.2205047607422,164.3502655029297,106.24342346191406,0.0,0.0,185.24603271484372,121.39617919921876,143.0209503173828,158.75515747070312,123.0359115600586,155.37135314941406,0.0,0.0,0.0,0.0,0.0,0.0,0.0,0.0
737,0.0,0.0,0.0,0.0,0.0,0.0,0.0,0.0,150.26284790039062,7.321258544921875,170.6770782470703,49.94269561767578,118.68331146240234,45.31077575683594,199.86610412597656,106.13981628417967,116.18545532226562,113.2412567138672,0.0,0.0,119.13389587402344,172.07894897460938,156.1499786376953,165.7646484375,121.65348052978516,165.14208984375,0.0,0.0,0.0,0.0,0.0,0.0,0.0,0.0
738,0.0,0.0,0.0,0.0,0.0,0.0,0.0,0.0,0.0,0.0,172.6415557861328,51.40226745605469,112.53562927246094,44.015380859375,198.7738494873047,100.6634521484375,88.10982513427734,83.32498931884766,198.83457946777344,139.30751037597656,102.25957489013672,99.81332397460938,154.37391662597656,160.66317749023438,116.56118774414062,158.59225463867188,0.0,0.0,0.0,0.0,0.0,0.0,0.0,0.0
739,0.0,0.0,0.0,0.0,0.0,0.0,0.0,0.0,147.25039672851562,10.560646057128906,108.28106689453124,42.093017578125,157.7452850341797,49.081817626953125,82.20774841308594,95.0668716430664,191.0380401611328,104.22059631347656,0.0,0.0,0.0,0.0,109.5265655517578,155.407958984375,142.3797607421875,159.45616149902344,0.0,0.0,0.0,0.0,0.0,0.0,0.0,0.0
740,0.0,0.0,0.0,0.0,0.0,0.0,0.0,0.0,0.0,0.0,100.52428436279295,51.39183044433594,159.3839569091797,53.81834411621094,70.69099426269531,77.53750610351562,184.20684814453125,107.31471252441406,0.0,0.0,0.0,0.0,108.9675064086914,159.94041442871094,147.01840209960938,159.9033660888672,0.0,0.0,0.0,0.0,0.0,0.0,0.0,0.0
741,0.0,0.0,0.0,0.0,0.0,0.0,0.0,0.0,0.0,0.0,101.74064636230467,53.83867645263672,157.3448944091797,56.19528198242188,0.0,0.0,182.5362701416016,105.83159637451172,0.0,0.0,0.0,0.0,109.70074462890624,157.1862335205078,145.81932067871094,157.07073974609375,0.0,0.0,151.20718383789062,217.6211395263672,0.0,0.0,0.0,0.0
742,0.0,0.0,0.0,0.0,0.0,0.0,0.0,0.0,141.17404174804688,20.213340759277344,95.886962890625,47.94116973876953,154.4743194580078,53.20327758789063,60.871429443359375,82.21524047851562,178.83192443847656,101.95066833496094,40.002227783203125,90.17805480957033,175.16928100585938,118.9988784790039,109.37397003173828,151.67466735839844,145.37252807617188,153.2007293701172,111.4381866455078,213.8386993408203,146.88143920898438,213.84445190429688,0.0,0.0,0.0,0.0
743,0.0,0.0,0.0,0.0,0.0,0.0,123.1606903076172,10.908416748046877,0.0,0.0,102.88727569580078,47.0355224609375,119.698974609375,44.07560729980469,48.961570739746094,85.51205444335938,66.01644134521484,78.75550079345703,27.90546417236328,110.2371063232422,7.1621856689453125,109.45164489746094,115.22560119628906,159.17796325683594,126.7175750732422,160.15904235839844,0.0,0.0,0.0,0.0,0.0,0.0,0.0,0.0
744,0.0,0.0,0.0,0.0,0.0,0.0,0.0,0.0,106.68345642089844,4.143798828125,54.89912796020508,48.12801361083984,124.26994323730467,49.79412078857422,30.52564239501953,114.5824966430664,140.9700164794922,116.64778137207033,0.0,0.0,0.0,0.0,70.23419952392578,173.86770629882812,114.78053283691406,175.59835815429688,0.0,0.0,0.0,0.0,0.0,0.0,0.0,0.0
745,0.0,0.0,0.0,0.0,0.0,0.0,0.0,0.0,0.0,0.0,46.96482849121094,44.12887573242188,113.90189361572266,42.69230651855469,19.59872436523437,100.27206420898438,125.9062957763672,109.5150146484375,0.0,0.0,0.0,0.0,70.54601287841797,170.3671875,113.27278137207033,169.79380798339844,0.0,0.0,0.0,0.0,0.0,0.0,0.0,0.0
746,0.0,0.0,0.0,0.0,0.0,0.0,0.0,0.0,0.0,0.0,45.710208892822266,40.57232666015625,113.69937896728516,42.85099792480469,18.714263916015625,94.84877014160156,125.5430145263672,112.80404663085938,0.0,0.0,0.0,0.0,71.62202453613281,171.3345489501953,115.34962463378906,173.0243377685547,0.0,0.0,0.0,0.0,0.0,0.0,0.0,0.0
747,0.0,0.0,0.0,0.0,0.0,0.0,0.0,0.0,0.0,0.0,99.13275909423828,40.40866088867188,0.0,0.0,123.64348602294922,107.37491607666016,0.0,0.0,0.0,0.0,0.0,0.0,85.4212417602539,157.46636962890625,0.0,0.0,0.0,0.0,0.0,0.0,0.0,0.0,0.0,0.0
748,0.0,0.0,0.0,0.0,0.0,0.0,46.257606506347656,0.12139892578125,0.0,0.0,91.2397918701172,37.4928092956543,0.0,0.0,128.5078582763672,99.2467803955078,0.0,0.0,111.25733947753906,69.31236267089844,0.0,0.0,83.14053344726562,162.50865173339844,38.44902801513672,163.1681671142578,0.0,0.0,0.0,0.0,0.0,0.0,0.0,0.0
749,0.0,0.0,0.0,0.0,0.0,0.0,0.0,0.0,0.0,0.0,85.98567962646484,40.391143798828125,0.0,0.0,0.0,0.0,0.0,0.0,0.0,0.0,0.0,0.0,72.82662963867188,168.07473754882812,63.1436882019043,166.00001525878906,0.0,0.0,0.0,0.0,0.0,0.0,0.0,0.0
750,64.64746856689453,63.02289581298828,69.54824829101562,57.38172149658203,59.6868782043457,58.10240173339844,79.21588134765625,58.18171691894531,0.0,0.0,92.3920669555664,79.73844909667969,47.11169052124024,88.82955932617188,115.96565246582033,86.48175811767578,39.57280731201172,116.0745086669922,87.13993072509766,45.58517456054688,41.9175910949707,92.27698516845705,88.742431640625,169.61679077148438,56.90733337402344,172.61973571777344,0.0,0.0,0.0,0.0,0.0,0.0,0.0,0.0
751,0.0,0.0,0.0,0.0,0.0,0.0,32.557003021240234,0.0,0.0,0.0,75.68467712402344,30.861351013183597,0.0,0.0,101.3225555419922,78.10823059082031,0.0,0.0,67.53840637207031,98.04426574707033,0.0,0.0,75.86607360839844,175.8376922607422,44.4334716796875,181.2823944091797,0.0,0.0,0.0,0.0,0.0,0.0,0.0,0.0
752,0.0,0.0,0.0,0.0,0.0,0.0,0.0,0.0,0.0,0.0,66.92798614501953,33.09315490722656,0.0,0.0,93.9000473022461,106.06304931640624,0.0,0.0,0.0,0.0,0.0,0.0,60.62985229492188,175.83724975585938,0.0,0.0,0.0,0.0,0.0,0.0,0.0,0.0,0.0,0.0
753,0.0,0.0,0.0,0.0,0.0,0.0,0.0,0.0,0.0,0.0,61.25349044799805,37.49104309082031,0.0,0.0,73.88219451904297,130.15451049804688,0.0,0.0,0.0,0.0,0.0,0.0,57.19161987304688,187.66444396972656,0.0,0.0,0.0,0.0,0.0,0.0,0.0,0.0,0.0,0.0
754,0.0,0.0,0.0,0.0,0.0,0.0,0.0,0.0,0.0,0.0,56.18198394775391,31.06958770751953,0.0,0.0,82.38877868652344,105.84211730957033,0.0,0.0,0.0,0.0,0.0,0.0,54.59876251220703,169.03665161132812,0.0,0.0,0.0,0.0,0.0,0.0,0.0,0.0,0.0,0.0
755,0.0,0.0,0.0,0.0,0.0,0.0,0.0,0.0,0.0,0.0,52.54273223876953,35.79955291748047,0.0,0.0,77.69977569580078,116.72541809082033,0.0,0.0,88.87629699707031,177.70770263671875,0.0,0.0,47.87872314453125,177.77877807617188,0.0,0.0,0.0,0.0,0.0,0.0,0.0,0.0,0.0,0.0
756,0.0,0.0,0.0,0.0,0.0,0.0,0.0,0.0,0.0,0.0,42.021270751953125,35.22996139526367,0.0,0.0,76.82615661621094,118.1193618774414,0.0,0.0,0.0,0.0,0.0,0.0,44.08500289916992,174.14939880371094,42.11680221557617,172.15989685058594,0.0,0.0,0.0,0.0,0.0,0.0,0.0,0.0
757,0.0,0.0,0.0,0.0,0.0,0.0,0.0,0.0,0.0,0.0,0.0,0.0,0.0,0.0,0.0,0.0,0.0,0.0,0.0,0.0,0.0,0.0,48.14592742919922,174.5390625,50.394927978515625,172.01528930664062,0.0,0.0,0.0,0.0,0.0,0.0,0.0,0.0
758,0.0,0.0,0.0,0.0,0.0,0.0,0.0,0.0,0.0,0.0,32.44621276855469,30.36543273925781,0.0,0.0,66.51013946533203,114.5580596923828,0.0,0.0,0.0,0.0,0.0,0.0,43.8607177734375,167.634521484375,0.0,0.0,0.0,0.0,0.0,0.0,0.0,0.0,0.0,0.0
759,0.0,0.0,0.0,0.0,0.0,0.0,0.0,0.0,0.0,0.0,29.317211151123047,32.59386444091797,0.0,0.0,73.76258850097656,129.3444061279297,0.0,0.0,0.0,0.0,0.0,0.0,0.0,0.0,0.0,0.0,0.0,0.0,0.0,0.0,0.0,0.0,0.0,0.0
760,0.0,0.0,0.0,0.0,0.0,0.0,0.0,0.0,0.0,0.0,0.0,0.0,0.0,0.0,0.0,0.0,0.0,0.0,0.0,0.0,0.0,0.0,0.0,0.0,0.0,0.0,0.0,0.0,0.0,0.0,0.0,0.0,0.0,0.0
761,0.0,0.0,0.0,0.0,0.0,0.0,0.0,0.0,0.0,0.0,0.0,0.0,37.058387756347656,32.28883361816406,0.0,0.0,89.5352554321289,149.9482879638672,0.0,0.0,0.0,0.0,0.0,0.0,0.0,0.0,0.0,0.0,0.0,0.0,0.0,0.0,0.0,0.0
762,0.0,0.0,0.0,0.0,0.0,0.0,0.0,0.0,0.0,0.0,0.0,0.0,52.6587142944336,64.30319213867188,0.0,0.0,103.4404296875,177.85340881347656,0.0,0.0,0.0,0.0,0.0,0.0,0.0,0.0,0.0,0.0,0.0,0.0,0.0,0.0,0.0,0.0
763,0.0,0.0,0.0,0.0,0.0,0.0,0.0,0.0,0.0,0.0,0.0,0.0,44.94459533691406,44.615814208984375,0.0,0.0,97.08264923095705,166.55128479003906,0.0,0.0,0.0,0.0,0.0,0.0,0.0,0.0,0.0,0.0,0.0,0.0,0.0,0.0,0.0,0.0
764,0.0,0.0,0.0,0.0,0.0,0.0,0.0,0.0,0.0,0.0,0.0,0.0,44.37519836425781,44.46824645996094,0.0,0.0,97.1610107421875,164.71255493164062,0.0,0.0,0.0,0.0,0.0,0.0,0.0,0.0,0.0,0.0,0.0,0.0,0.0,0.0,0.0,0.0
765,0.0,0.0,0.0,0.0,0.0,0.0,0.0,0.0,0.0,0.0,0.0,0.0,31.54874610900879,37.29884338378906,0.0,0.0,91.45329284667967,164.34320068359375,0.0,0.0,0.0,0.0,0.0,0.0,0.0,0.0,0.0,0.0,0.0,0.0,0.0,0.0,0.0,0.0
766,0.0,0.0,0.0,0.0,0.0,0.0,0.0,0.0,0.0,0.0,0.0,0.0,0.0,0.0,0.0,0.0,0.0,0.0,0.0,0.0,0.0,0.0,0.0,0.0,0.0,0.0,0.0,0.0,0.0,0.0,0.0,0.0,0.0,0.0
767,0.0,0.0,0.0,0.0,0.0,0.0,0.0,0.0,0.0,0.0,0.0,0.0,0.0,0.0,0.0,0.0,0.0,0.0,0.0,0.0,0.0,0.0,0.0,0.0,0.0,0.0,0.0,0.0,0.0,0.0,0.0,0.0,0.0,0.0
768,0.0,0.0,0.0,0.0,0.0,0.0,0.0,0.0,0.0,0.0,0.0,0.0,0.0,0.0,0.0,0.0,0.0,0.0,0.0,0.0,0.0,0.0,0.0,0.0,0.0,0.0,0.0,0.0,0.0,0.0,0.0,0.0,0.0,0.0
769,0.0,0.0,0.0,0.0,0.0,0.0,0.0,0.0,0.0,0.0,0.0,0.0,0.0,0.0,0.0,0.0,0.0,0.0,0.0,0.0,0.0,0.0,0.0,0.0,0.0,0.0,0.0,0.0,0.0,0.0,0.0,0.0,0.0,0.0
770,0.0,0.0,0.0,0.0,0.0,0.0,0.0,0.0,0.0,0.0,0.0,0.0,0.0,0.0,0.0,0.0,96.68373107910156,166.64712524414062,0.0,0.0,0.0,0.0,0.0,0.0,0.0,0.0,0.0,0.0,0.0,0.0,0.0,0.0,0.0,0.0
771,0.0,0.0,0.0,0.0,0.0,0.0,0.0,0.0,0.0,0.0,0.0,0.0,0.0,0.0,0.0,0.0,0.0,0.0,0.0,0.0,0.0,0.0,0.0,0.0,0.0,0.0,0.0,0.0,0.0,0.0,0.0,0.0,0.0,0.0
772,0.0,0.0,0.0,0.0,0.0,0.0,0.0,0.0,0.0,0.0,0.0,0.0,0.0,0.0,0.0,0.0,0.0,0.0,0.0,0.0,0.0,0.0,0.0,0.0,0.0,0.0,0.0,0.0,0.0,0.0,0.0,0.0,0.0,0.0
773,0.0,0.0,0.0,0.0,0.0,0.0,0.0,0.0,0.0,0.0,0.0,0.0,0.0,0.0,0.0,0.0,0.0,0.0,0.0,0.0,0.0,0.0,0.0,0.0,0.0,0.0,0.0,0.0,0.0,0.0,0.0,0.0,0.0,0.0
774,0.0,0.0,0.0,0.0,0.0,0.0,0.0,0.0,0.0,0.0,0.0,0.0,0.0,0.0,0.0,0.0,0.0,0.0,0.0,0.0,0.0,0.0,0.0,0.0,0.0,0.0,0.0,0.0,0.0,0.0,0.0,0.0,0.0,0.0
775,0.0,0.0,0.0,0.0,0.0,0.0,0.0,0.0,0.0,0.0,0.0,0.0,0.0,0.0,0.0,0.0,0.0,0.0,0.0,0.0,0.0,0.0,0.0,0.0,0.0,0.0,0.0,0.0,0.0,0.0,0.0,0.0,0.0,0.0
776,0.0,0.0,0.0,0.0,0.0,0.0,0.0,0.0,0.0,0.0,0.0,0.0,0.0,0.0,0.0,0.0,0.0,0.0,0.0,0.0,0.0,0.0,0.0,0.0,0.0,0.0,0.0,0.0,0.0,0.0,0.0,0.0,0.0,0.0
777,0.0,0.0,0.0,0.0,0.0,0.0,0.0,0.0,0.0,0.0,0.0,0.0,0.0,0.0,0.0,0.0,0.0,0.0,0.0,0.0,0.0,0.0,0.0,0.0,0.0,0.0,0.0,0.0,0.0,0.0,0.0,0.0,0.0,0.0
778,0.0,0.0,0.0,0.0,0.0,0.0,0.0,0.0,0.0,0.0,0.0,0.0,0.0,0.0,0.0,0.0,0.0,0.0,0.0,0.0,0.0,0.0,0.0,0.0,0.0,0.0,0.0,0.0,0.0,0.0,0.0,0.0,0.0,0.0
779,0.0,0.0,0.0,0.0,0.0,0.0,0.0,0.0,0.0,0.0,0.0,0.0,57.23590469360352,80.79219055175781,0.0,0.0,0.0,0.0,0.0,0.0,0.0,0.0,0.0,0.0,0.0,0.0,0.0,0.0,0.0,0.0,0.0,0.0,0.0,0.0
780,0.0,0.0,0.0,0.0,0.0,0.0,0.0,0.0,0.0,0.0,0.0,0.0,0.0,0.0,0.0,0.0,0.0,0.0,0.0,0.0,0.0,0.0,0.0,0.0,0.0,0.0,0.0,0.0,0.0,0.0,0.0,0.0,0.0,0.0
781,0.0,0.0,0.0,0.0,0.0,0.0,0.0,0.0,0.0,0.0,0.0,0.0,38.609336853027344,24.92618560791016,0.0,0.0,73.2479476928711,138.1184844970703,0.0,0.0,0.0,0.0,0.0,0.0,0.0,0.0,0.0,0.0,0.0,0.0,0.0,0.0,0.0,0.0
782,0.0,0.0,0.0,0.0,0.0,0.0,0.0,0.0,0.0,0.0,0.0,0.0,0.0,0.0,0.0,0.0,0.0,0.0,0.0,0.0,0.0,0.0,0.0,0.0,0.0,0.0,0.0,0.0,0.0,0.0,0.0,0.0,0.0,0.0
783,0.0,0.0,0.0,0.0,0.0,0.0,0.0,0.0,0.0,0.0,52.77299499511719,33.03041076660156,0.0,0.0,0.0,0.0,0.0,0.0,0.0,0.0,0.0,0.0,0.0,0.0,0.0,0.0,0.0,0.0,0.0,0.0,0.0,0.0,0.0,0.0
784,0.0,0.0,0.0,0.0,0.0,0.0,19.640213012695312,1.8814544677734373,0.0,0.0,51.35808563232422,35.276824951171875,0.0,0.0,61.328125,102.10234832763672,0.0,0.0,0.0,0.0,0.0,0.0,49.65764236450195,184.7593994140625,0.0,0.0,0.0,0.0,0.0,0.0,0.0,0.0,0.0,0.0
785,0.0,0.0,0.0,0.0,0.0,0.0,31.95052719116211,0.0,0.0,0.0,64.69624328613281,30.759422302246094,0.0,0.0,90.01862335205078,101.07049560546876,0.0,0.0,21.51879501342773,101.68435668945312,0.0,0.0,50.7303466796875,178.62551879882812,0.0,0.0,0.0,0.0,0.0,0.0,0.0,0.0,0.0,0.0
786,0.0,0.0,0.0,0.0,0.0,0.0,37.4863166809082,0.0,0.0,0.0,71.4706039428711,32.23474884033203,0.0,0.0,105.84806823730467,95.2406005859375,0.0,0.0,60.87445068359375,96.7400131225586,0.0,0.0,63.02020263671875,185.42578125,18.59528350830078,185.42819213867188,0.0,0.0,0.0,0.0,0.0,0.0,0.0,0.0
787,0.0,0.0,0.0,0.0,0.0,0.0,0.0,0.0,0.0,0.0,79.05226135253906,32.39701843261719,0.0,0.0,109.6227035522461,80.43807220458984,0.0,0.0,100.93827056884766,119.7138671875,0.0,0.0,74.79973602294922,158.63638305664062,30.820343017578125,160.69326782226562,0.0,0.0,0.0,0.0,0.0,0.0,0.0,0.0
788,0.0,0.0,0.0,0.0,0.0,0.0,0.0,0.0,0.0,0.0,88.11662292480469,35.1485595703125,26.048282623291016,33.307220458984375,110.7930908203125,96.52459716796876,0.0,0.0,88.91450500488281,94.01344299316406,0.0,0.0,75.67509460449219,163.96839904785156,35.686466217041016,164.23373413085938,0.0,0.0,0.0,0.0,0.0,0.0,0.0,0.0
789,0.0,0.0,0.0,0.0,0.0,0.0,0.0,0.0,76.1733169555664,0.4199142456054687,36.74520492553711,35.536399841308594,79.10993957519531,42.162445068359375,0.0,0.0,109.87523651123048,98.66678619384766,0.0,0.0,106.2817611694336,99.17169189453124,37.26067352294922,154.5248260498047,64.1204605102539,158.53541564941406,0.0,0.0,0.0,0.0,0.0,0.0,0.0,0.0
790,0.0,0.0,0.0,0.0,0.0,0.0,0.0,0.0,99.79999542236328,0.17559814453125,21.496971130371094,30.52947998046875,101.90579223632812,41.8048095703125,0.0,0.0,119.7537841796875,110.19589233398438,0.0,0.0,0.0,0.0,25.518112182617188,173.2196807861328,79.69215393066406,180.34896850585935,0.0,0.0,0.0,0.0,0.0,0.0,0.0,0.0
791,0.0,0.0,0.0,0.0,0.0,0.0,0.0,0.0,106.21735382080078,5.08721923828125,35.0143928527832,38.24055480957031,110.73614501953124,44.6303939819336,11.062767028808594,102.1488037109375,130.592529296875,106.94589233398438,29.09635162353516,130.8339385986328,121.51872253417967,120.32058715820312,44.25609970092773,168.23614501953125,92.63897705078124,172.96096801757812,0.0,0.0,0.0,0.0,0.0,0.0,0.0,0.0
792,0.0,0.0,0.0,0.0,0.0,0.0,0.0,0.0,104.08355712890624,2.655853271484375,34.71646499633789,37.65019989013672,109.07005310058594,44.059600830078125,11.848312377929688,101.2493133544922,129.185791015625,108.31045532226562,35.5301513671875,129.37741088867188,0.0,0.0,44.46439743041992,171.48831176757812,92.06861877441406,176.81796264648438,0.0,0.0,0.0,0.0,0.0,0.0,0.0,0.0
793,0.0,0.0,0.0,0.0,0.0,0.0,0.0,0.0,119.06131744384766,12.56689453125,51.02867889404297,35.406982421875,109.84911346435548,49.36716079711914,17.328834533691406,92.90843963623048,126.68521118164062,111.91448974609376,0.0,0.0,0.0,0.0,53.62880325317383,165.3263702392578,90.748291015625,175.89053344726562,0.0,0.0,0.0,0.0,0.0,0.0,0.0,0.0
794,0.0,0.0,0.0,0.0,0.0,0.0,0.0,0.0,0.0,0.0,59.60277557373047,45.20237731933594,117.21536254882812,49.375267028808594,47.006446838378906,102.68143463134766,125.99349975585938,103.74250030517578,0.0,0.0,132.0278778076172,113.90179443359376,67.69856262207031,156.528076171875,107.61248779296876,159.00552368164062,0.0,0.0,0.0,0.0,0.0,0.0,0.0,0.0
795,0.0,0.0,0.0,0.0,0.0,0.0,0.0,0.0,123.82139587402344,19.13250732421875,80.92881774902344,55.447174072265625,118.9119110107422,58.23847961425781,0.0,0.0,139.63438415527344,125.11837768554688,0.0,0.0,177.94876098632812,129.3178253173828,83.29261779785156,181.25445556640625,111.50020599365234,186.0611267089844,0.0,0.0,0.0,0.0,0.0,0.0,0.0,0.0
796,0.0,0.0,0.0,0.0,0.0,0.0,0.0,0.0,124.29402160644533,14.73419189453125,85.60333251953125,45.262298583984375,125.86922454833984,49.91606903076172,0.0,0.0,155.34747314453125,121.20420837402344,0.0,0.0,176.33010864257812,143.55335998535156,95.46461486816406,176.94798278808594,122.30824279785156,181.64431762695312,0.0,0.0,0.0,0.0,0.0,0.0,0.0,0.0
797,0.0,0.0,0.0,0.0,0.0,0.0,0.0,0.0,138.2798614501953,15.250411987304688,94.99150848388672,59.63604736328125,129.61912536621094,59.91584014892578,0.0,0.0,160.01048278808594,117.89225006103516,0.0,0.0,186.0682373046875,144.85760498046875,89.22970581054688,179.69883728027344,115.33748626708984,183.09251403808597,0.0,0.0,0.0,0.0,0.0,0.0,0.0,0.0
798,0.0,0.0,0.0,0.0,0.0,0.0,0.0,0.0,124.76364135742188,52.21380615234375,86.61375427246094,85.4259262084961,136.13351440429688,83.56523895263672,86.14898681640625,134.5282745361328,169.6413116455078,129.0136260986328,0.0,0.0,180.37522888183597,154.6718292236328,99.14361572265624,186.52085876464844,132.91616821289062,185.77761840820312,0.0,0.0,0.0,0.0,0.0,0.0,0.0,0.0
799,0.0,0.0,0.0,0.0,0.0,0.0,0.0,0.0,125.29722595214844,50.28921508789063,86.67396545410156,79.8202133178711,134.3249053955078,80.9649887084961,0.0,0.0,165.17770385742188,128.9261932373047,0.0,0.0,166.40785217285156,146.41539001464844,94.00300598144533,177.8177947998047,126.51756286621094,178.01141357421875,0.0,0.0,0.0,0.0,0.0,0.0,0.0,0.0
800,162.72775268554688,27.50890350341797,0.0,0.0,161.79339599609375,17.02484130859375,0.0,0.0,145.85060119628906,8.223800659179688,130.91806030273438,51.21830749511719,123.9932861328125,42.43634033203125,0.0,0.0,156.48805236816406,129.1664581298828,0.0,0.0,162.5812225341797,151.84658813476562,112.29591369628906,182.4551544189453,107.49583435058594,183.11175537109372,0.0,0.0,0.0,0.0,0.0,0.0,0.0,0.0
801,0.0,0.0,0.0,0.0,0.0,0.0,0.0,0.0,0.0,0.0,157.8622283935547,45.624420166015625,111.73001098632812,33.67308044433594,170.29898071289062,123.2763214111328,128.73802185058594,110.88939666748048,0.0,0.0,170.42489624023438,123.77552032470705,138.17945861816406,169.33905029296875,105.99363708496094,167.26287841796875,0.0,0.0,0.0,0.0,0.0,0.0,0.0,0.0
802,156.5990753173828,21.62731170654297,0.0,0.0,152.72471618652344,11.68195343017578,0.0,0.0,138.59083557128906,4.3797454833984375,158.80482482910156,50.161651611328125,106.88023376464844,35.45409393310547,165.3286590576172,123.97029113769533,117.96100616455078,112.941162109375,178.8811492919922,117.62799072265624,174.53433227539062,114.43838500976562,140.508544921875,174.02377319335938,104.27083587646484,171.99478149414062,0.0,0.0,0.0,0.0,0.0,0.0,0.0,0.0
803,168.67050170898438,14.890655517578123,0.0,0.0,165.56578063964844,5.661705017089844,0.0,0.0,146.08009338378906,0.0,153.4136199951172,44.920013427734375,109.2572250366211,35.30348205566406,0.0,0.0,127.6211395263672,124.03507995605467,0.0,0.0,180.9527587890625,106.6022720336914,137.88937377929688,172.37474060058594,109.0259246826172,174.754638671875,0.0,0.0,0.0,0.0,0.0,0.0,0.0,0.0
804,164.81137084960938,14.530914306640623,0.0,0.0,161.47779846191406,4.881065368652344,0.0,0.0,143.84445190429688,0.0,155.6486053466797,47.06803894042969,107.05181884765624,35.75541687011719,162.83673095703125,128.73760986328125,120.516845703125,123.10830688476562,180.2071990966797,110.57518005371094,178.2588653564453,106.28292083740234,148.0000762939453,176.25112915039062,115.71501159667967,178.46356201171875,0.0,0.0,0.0,0.0,0.0,0.0,0.0,0.0
805,0.0,0.0,0.0,0.0,165.1186981201172,5.514778137207031,0.0,0.0,145.37542724609375,0.0,151.75759887695312,43.71227264404297,108.31143951416016,34.5504150390625,161.38385009765625,123.85530853271484,124.83817291259766,121.058349609375,0.0,0.0,182.7008209228516,105.40194702148438,144.4097900390625,170.39654541015625,115.61691284179688,173.23727416992188,0.0,0.0,0.0,0.0,0.0,0.0,0.0,0.0
806,0.0,0.0,0.0,0.0,0.0,0.0,0.0,0.0,142.0541229248047,0.0,158.54615783691406,44.37062072753906,108.1676025390625,34.646484375,168.85325622558594,124.46632385253906,127.0600357055664,119.6963348388672,184.93702697753903,107.5760498046875,184.44216918945312,104.8730239868164,152.28036499023438,174.3935546875,118.943603515625,177.13262939453125,0.0,0.0,0.0,0.0,0.0,0.0,0.0,0.0
807,0.0,0.0,0.0,0.0,0.0,0.0,0.0,0.0,142.36444091796875,0.0,164.96444702148438,46.41884613037109,108.52423095703124,34.590789794921875,172.45167541503906,129.64089965820312,125.87996673583984,119.7153549194336,0.0,0.0,187.6649627685547,109.28780364990234,160.17185974121094,177.29736328125,122.3249740600586,178.278564453125,0.0,0.0,0.0,0.0,0.0,0.0,0.0,0.0
808,164.5078582763672,12.338523864746094,0.0,0.0,160.50152587890625,2.1417312622070312,0.0,0.0,143.20848083496094,0.0,154.8760986328125,45.279296875,114.9520263671875,35.628135681152344,164.24026489257812,129.1542205810547,135.74551391601562,126.00700378417967,0.0,0.0,188.8392791748047,113.45738983154295,152.2118377685547,179.7154541015625,124.11700439453124,181.32635498046875,0.0,0.0,0.0,0.0,0.0,0.0,0.0,0.0
809,0.0,0.0,0.0,0.0,0.0,0.0,0.0,0.0,0.0,0.0,160.35755920410156,45.25019073486328,116.53263854980467,35.278770446777344,171.4524383544922,128.8192138671875,137.34310913085938,122.47530364990234,0.0,0.0,194.73757934570312,114.7412109375,159.58656311035156,179.61959838867188,129.94549560546875,181.57786560058597,0.0,0.0,0.0,0.0,0.0,0.0,0.0,0.0
810,0.0,0.0,0.0,0.0,0.0,0.0,0.0,0.0,0.0,0.0,170.1561737060547,46.65087127685547,120.7333526611328,38.905906677246094,174.29747009277344,128.77081298828125,138.3702850341797,124.43939208984376,0.0,0.0,195.25759887695312,115.9318389892578,167.12750244140625,181.821533203125,132.018310546875,183.62380981445312,0.0,0.0,0.0,0.0,0.0,0.0,0.0,0.0
811,0.0,0.0,0.0,0.0,0.0,0.0,0.0,0.0,168.023193359375,0.0,160.52304077148438,43.58169555664063,130.40447998046875,37.36186218261719,164.34988403320312,120.77365112304688,140.3655242919922,119.64862823486328,0.0,0.0,194.41868591308597,117.86369323730467,156.5927276611328,172.70208740234375,134.44387817382812,175.64222717285156,0.0,0.0,0.0,0.0,0.0,0.0,0.0,0.0
812,0.0,0.0,0.0,0.0,0.0,0.0,0.0,0.0,171.57569885253906,0.0,159.12493896484375,41.100318908691406,134.6290283203125,37.56617736816406,0.0,0.0,148.51968383789062,127.13775634765624,0.0,0.0,196.49620056152344,119.1863250732422,155.37106323242188,179.2309112548828,138.48626708984375,184.44834899902344,0.0,0.0,0.0,0.0,0.0,0.0,0.0,0.0
813,0.0,0.0,0.0,0.0,0.0,0.0,0.0,0.0,180.59539794921875,0.0,156.6321563720703,38.04674530029297,142.20880126953125,37.32899475097656,0.0,0.0,146.49252319335938,120.8970947265625,0.0,0.0,197.76043701171875,119.2318115234375,151.24278259277344,171.97525024414062,141.14569091796875,178.78216552734375,0.0,0.0,0.0,0.0,0.0,0.0,0.0,0.0
814,165.36756896972656,13.300933837890623,0.0,0.0,0.0,0.0,0.0,0.0,0.0,0.0,167.01651000976562,49.604888916015625,148.8751220703125,48.01817321777344,162.52671813964844,118.60018920898438,148.26211547851562,122.2488784790039,198.93592834472656,117.58629608154295,194.91165161132807,119.8485870361328,152.93276977539062,175.3456268310547,139.5482940673828,180.06301879882812,0.0,0.0,0.0,0.0,0.0,0.0,0.0,0.0
815,0.0,0.0,0.0,0.0,0.0,0.0,0.0,0.0,0.0,0.0,154.40936279296875,57.03501892089844,150.92849731445312,59.46900939941406,160.79232788085938,124.9477767944336,159.0911865234375,132.9044189453125,198.7068634033203,119.25222778320312,197.0030975341797,120.2909927368164,148.60202026367188,189.04627990722656,146.37002563476562,196.37545776367188,0.0,0.0,0.0,0.0,0.0,0.0,0.0,0.0
816,0.0,0.0,0.0,0.0,0.0,0.0,0.0,0.0,0.0,0.0,159.4652099609375,55.19007873535156,149.10037231445312,51.949256896972656,160.28973388671875,112.72402954101562,149.71726989746094,120.61750793457033,198.62545776367188,117.1749267578125,194.9098052978516,119.97239685058594,149.7813720703125,175.71218872070312,142.2318572998047,180.97994995117188,0.0,0.0,0.0,0.0,0.0,0.0,0.0,0.0
817,180.57275390625,20.66416931152344,0.0,0.0,0.0,0.0,0.0,0.0,0.0,0.0,167.20944213867188,52.96659851074219,145.36114501953125,47.508277893066406,173.98439025878906,111.64862060546876,149.41787719726562,109.86263275146484,195.47911071777344,117.78280639648438,195.13658142089844,116.80764770507812,158.5790557861328,157.3836669921875,144.6153106689453,159.9151153564453,0.0,0.0,0.0,0.0,0.0,0.0,0.0,0.0
818,0.0,0.0,0.0,0.0,0.0,0.0,0.0,0.0,0.0,0.0,133.2653045654297,92.95305633544922,160.75204467773438,95.56126403808594,162.70118713378906,138.36183166503906,173.5762939453125,142.24708557128906,0.0,0.0,200.3749084472656,117.54388427734376,136.15664672851562,190.1974639892578,158.96620178222656,193.20062255859372,0.0,0.0,0.0,0.0,0.0,0.0,0.0,0.0
819,0.0,0.0,0.0,0.0,0.0,0.0,0.0,0.0,0.0,0.0,143.60426330566406,63.43855285644531,163.36219787597656,67.92807006835938,0.0,0.0,170.18386840820312,144.45970153808594,0.0,0.0,200.32373046875,123.82048034667967,140.37974548339844,184.70672607421875,155.4235382080078,191.39666748046875,0.0,0.0,0.0,0.0,0.0,0.0,0.0,0.0
820,0.0,0.0,0.0,0.0,0.0,0.0,0.0,0.0,0.0,0.0,161.1530303955078,59.18510437011719,162.67442321777344,60.09431457519531,170.1064453125,118.72161865234376,168.0912322998047,127.38809967041016,0.0,0.0,202.06179809570312,117.61483764648438,151.95553588867188,170.177001953125,153.71975708007812,174.81985473632812,0.0,0.0,0.0,0.0,0.0,0.0,0.0,0.0
821,0.0,0.0,0.0,0.0,0.0,0.0,0.0,0.0,165.3926239013672,55.6528549194336,133.3631591796875,92.55245971679688,156.0876922607422,94.83485412597656,0.0,0.0,176.74618530273438,133.65232849121094,0.0,0.0,201.63902282714844,118.98039245605467,139.202880859375,188.30978393554688,155.20645141601562,193.23573303222656,0.0,0.0,0.0,0.0,0.0,0.0,0.0,0.0
822,0.0,0.0,0.0,0.0,0.0,0.0,0.0,0.0,167.09976196289062,56.80416870117188,134.52310180664062,93.33482360839844,156.03887939453125,95.69983673095705,0.0,0.0,177.16969299316406,135.2286376953125,0.0,0.0,201.4725341796875,118.31617736816406,141.51527404785156,189.60899353027344,156.88714599609375,194.94015502929688,0.0,0.0,0.0,0.0,0.0,0.0,0.0,0.0
823,0.0,0.0,0.0,0.0,0.0,0.0,0.0,0.0,167.6428985595703,48.62745666503906,137.8907470703125,86.7269287109375,155.19561767578125,88.9556884765625,0.0,0.0,176.83079528808594,134.14491271972656,0.0,0.0,201.85107421875,118.50247192382812,140.9708709716797,186.6470642089844,153.43011474609375,191.92349243164065,0.0,0.0,0.0,0.0,0.0,0.0,0.0,0.0
824,0.0,0.0,0.0,0.0,0.0,0.0,0.0,0.0,0.0,0.0,131.24224853515625,100.06879425048828,162.5610809326172,101.63302612304688,0.0,0.0,184.9814910888672,147.11032104492188,0.0,0.0,199.9480133056641,120.42276000976562,134.9191131591797,199.36309814453125,158.3050994873047,202.7471618652344,0.0,0.0,0.0,0.0,0.0,0.0,0.0,0.0
825,0.0,0.0,0.0,0.0,0.0,0.0,0.0,0.0,180.76744079589844,20.85929107666016,155.38839721679688,64.9142837524414,158.31837463378906,69.7680892944336,0.0,0.0,172.31533813476562,140.83489990234375,0.0,0.0,200.1445159912109,119.25862121582033,150.37216186523438,182.85415649414065,152.2623748779297,190.42752075195312,0.0,0.0,0.0,0.0,0.0,0.0,0.0,0.0
826,0.0,0.0,0.0,0.0,0.0,0.0,0.0,0.0,0.0,0.0,145.167236328125,71.37907409667969,159.2532501220703,75.71231079101562,0.0,0.0,175.6531219482422,143.99037170410156,0.0,0.0,199.92034912109372,119.27096557617188,142.62579345703125,187.25782775878903,153.2255859375,193.618896484375,0.0,0.0,0.0,0.0,0.0,0.0,0.0,0.0
827,0.0,0.0,0.0,0.0,0.0,0.0,0.0,0.0,194.2608795166016,22.91326904296875,160.76007080078125,56.80238342285156,163.71397399902344,64.13754272460938,0.0,0.0,170.62255859375,133.9515838623047,0.0,0.0,199.40118408203125,119.67498779296876,150.32174682617188,176.8961944580078,151.41165161132812,185.6924743652344,0.0,0.0,0.0,0.0,0.0,0.0,0.0,0.0
828,0.0,0.0,0.0,0.0,0.0,0.0,0.0,0.0,182.02066040039065,20.29663848876953,159.71717834472656,61.57293701171875,160.24803161621094,64.74781799316406,0.0,0.0,167.89010620117188,128.61643981933594,0.0,0.0,198.18191528320312,118.3712158203125,151.59425354003906,179.05886840820312,151.30426025390625,186.49002075195312,0.0,0.0,0.0,0.0,0.0,0.0,0.0,0.0
829,0.0,0.0,0.0,0.0,0.0,0.0,0.0,0.0,185.60009765625,15.485389709472656,170.7934112548828,50.58135986328125,158.36842346191406,48.94447326660156,0.0,0.0,156.32728576660156,115.74945068359376,0.0,0.0,195.69219970703125,120.8215789794922,159.13084411621094,169.63717651367188,149.79100036621094,175.08985900878906,0.0,0.0,0.0,0.0,0.0,0.0,0.0,0.0
830,0.0,0.0,0.0,0.0,0.0,0.0,0.0,0.0,186.6587829589844,19.127769470214844,164.7318115234375,59.896629333496094,160.15113830566406,62.98193359375,0.0,0.0,165.0982666015625,126.6441421508789,0.0,0.0,195.5886688232422,119.70176696777344,155.29600524902344,181.43502807617188,151.7870635986328,188.54934692382807,0.0,0.0,0.0,0.0,0.0,0.0,0.0,0.0
831,0.0,0.0,0.0,0.0,0.0,0.0,0.0,0.0,0.0,0.0,172.89793395996094,56.43987274169922,159.5994873046875,56.378753662109375,0.0,0.0,158.3567352294922,121.79701232910156,0.0,0.0,195.61880493164065,120.5541763305664,161.9226837158203,176.04190063476562,152.3211669921875,181.6172637939453,0.0,0.0,0.0,0.0,0.0,0.0,0.0,0.0
832,0.0,0.0,0.0,0.0,0.0,0.0,0.0,0.0,184.89718627929688,16.01409149169922,172.33094787597656,52.258750915527344,160.64881896972656,53.412696838378906,0.0,0.0,162.91845703125,122.44654083251952,0.0,0.0,195.62567138671875,120.82974243164062,158.6629638671875,171.6434326171875,150.0863800048828,177.04238891601562,0.0,0.0,0.0,0.0,0.0,0.0,0.0,0.0
833,0.0,0.0,0.0,0.0,0.0,0.0,0.0,0.0,180.2501373291016,17.622596740722656,165.7834014892578,62.194801330566406,159.0355682373047,64.59302520751953,0.0,0.0,166.97866821289062,131.24862670898438,0.0,0.0,194.4906311035156,119.93721771240234,154.0531005859375,182.45901489257807,149.86819458007812,188.46224975585935,0.0,0.0,0.0,0.0,0.0,0.0,0.0,0.0
834,0.0,0.0,0.0,0.0,0.0,0.0,0.0,0.0,180.2201995849609,16.133888244628906,164.81365966796875,59.88459014892578,159.1834716796875,64.25851440429688,0.0,0.0,168.23983764648438,133.3482666015625,0.0,0.0,192.99932861328125,121.99056243896484,153.41070556640625,181.89505004882807,149.67251586914062,189.0595703125,0.0,0.0,0.0,0.0,0.0,0.0,0.0,0.0
835,0.0,0.0,0.0,0.0,0.0,0.0,0.0,0.0,180.1476287841797,19.681900024414062,152.52247619628906,67.23196411132812,159.66903686523438,69.7417984008789,0.0,0.0,167.49307250976562,136.1730499267578,0.0,0.0,192.1251983642578,121.32360076904295,145.75833129882812,189.98123168945312,151.35733032226562,196.56900024414065,0.0,0.0,0.0,0.0,0.0,0.0,0.0,0.0
836,0.0,0.0,0.0,0.0,0.0,0.0,0.0,0.0,0.0,0.0,166.49581909179688,52.59007263183594,162.1432647705078,55.86170959472656,0.0,0.0,166.81939697265625,125.7199249267578,0.0,0.0,194.6364898681641,121.46617126464844,150.9735107421875,168.66473388671875,148.471923828125,174.4593963623047,0.0,0.0,0.0,0.0,0.0,0.0,0.0,0.0
837,0.0,0.0,0.0,0.0,0.0,0.0,0.0,0.0,179.36170959472656,18.53726959228516,157.12075805664062,63.783729553222656,158.6377716064453,68.54219055175781,0.0,0.0,173.30477905273438,136.61769104003906,0.0,0.0,196.2620849609375,119.7176513671875,150.81813049316406,185.10107421875,152.2174835205078,192.95753479003903,0.0,0.0,0.0,0.0,0.0,0.0,0.0,0.0
838,0.0,0.0,0.0,0.0,0.0,0.0,0.0,0.0,179.5885772705078,17.564071655273438,161.08035278320312,58.24396514892578,159.45010375976562,61.96568298339844,0.0,0.0,173.07644653320312,136.95518493652344,0.0,0.0,194.75210571289065,119.24384307861328,146.80392456054688,179.0043182373047,146.96243286132812,185.126220703125,0.0,0.0,0.0,0.0,0.0,0.0,0.0,0.0
839,0.0,0.0,0.0,0.0,0.0,0.0,0.0,0.0,183.5872039794922,18.084030151367188,164.91226196289062,56.26910400390625,162.11859130859375,59.0738525390625,0.0,0.0,171.7667999267578,128.5269317626953,0.0,0.0,196.98521423339844,120.00374603271484,148.42408752441406,172.1239471435547,147.38754272460938,177.4783172607422,0.0,0.0,0.0,0.0,0.0,0.0,0.0,0.0
840,0.0,0.0,0.0,0.0,0.0,0.0,0.0,0.0,0.0,0.0,165.0430908203125,55.47002410888672,166.2584991455078,55.65437316894531,0.0,0.0,171.78878784179688,124.6134033203125,0.0,0.0,196.98486328125,125.68551635742188,148.63955688476562,166.88360595703125,152.10394287109375,169.858154296875,0.0,0.0,0.0,0.0,0.0,0.0,0.0,0.0
841,0.0,0.0,0.0,0.0,0.0,0.0,0.0,0.0,179.3499755859375,17.72077178955078,167.92709350585938,59.7860107421875,158.4600067138672,62.18524932861328,0.0,0.0,164.8379364013672,127.0391616821289,0.0,0.0,194.43792724609372,126.80593872070312,156.2922821044922,174.86685180664062,149.4331817626953,180.4371032714844,0.0,0.0,0.0,0.0,0.0,0.0,0.0,0.0
842,0.0,0.0,0.0,0.0,0.0,0.0,0.0,0.0,183.6979217529297,18.79473114013672,163.5999755859375,54.98072052001953,162.908203125,60.1083984375,0.0,0.0,169.29290771484375,130.63804626464844,0.0,0.0,196.72344970703125,133.99307250976562,148.8133544921875,167.50140380859375,149.13006591796875,172.77957153320312,0.0,0.0,0.0,0.0,0.0,0.0,0.0,0.0
843,0.0,0.0,0.0,0.0,0.0,0.0,0.0,0.0,181.8821258544922,17.097000122070312,169.10897827148438,52.349586486816406,160.4468231201172,53.04360961914063,0.0,0.0,166.60191345214844,117.90559387207033,0.0,0.0,193.72265625,131.9956512451172,151.67556762695312,159.2907257080078,146.55007934570312,162.6985321044922,0.0,0.0,0.0,0.0,0.0,0.0,0.0,0.0
844,0.0,0.0,0.0,0.0,0.0,0.0,0.0,0.0,185.3203887939453,19.20398712158203,163.45599365234375,55.76886749267578,158.15660095214844,60.893890380859375,0.0,0.0,164.31350708007812,130.423095703125,0.0,0.0,190.47239685058597,132.384765625,149.75624084472656,175.13275146484375,146.63125610351562,181.55032348632807,0.0,0.0,0.0,0.0,0.0,0.0,0.0,0.0
845,0.0,0.0,0.0,0.0,0.0,0.0,0.0,0.0,0.0,0.0,153.71688842773438,63.22230529785156,160.774658203125,69.96566772460938,0.0,0.0,176.35720825195312,133.95394897460938,0.0,0.0,0.0,0.0,147.045654296875,178.2126922607422,154.61102294921875,183.9402618408203,0.0,0.0,0.0,0.0,0.0,0.0,0.0,0.0
846,0.0,0.0,0.0,0.0,0.0,0.0,0.0,0.0,177.52621459960938,24.829986572265625,159.82899475097656,65.66439056396484,152.08685302734375,70.61405944824219,0.0,0.0,162.6371612548828,134.53285217285156,0.0,0.0,191.12469482421875,122.33486938476562,151.8831024169922,175.7983856201172,147.13726806640625,181.48880004882807,0.0,0.0,0.0,0.0,0.0,0.0,0.0,0.0
847,0.0,0.0,0.0,0.0,0.0,0.0,0.0,0.0,185.05767822265625,19.635704040527344,168.96768188476562,57.54924774169922,156.87069702148438,61.2528076171875,0.0,0.0,161.0074462890625,123.24617004394533,0.0,0.0,190.4468994140625,117.42784118652344,157.75144958496094,166.1160125732422,149.7285919189453,171.83224487304688,0.0,0.0,0.0,0.0,0.0,0.0,0.0,0.0
848,0.0,0.0,0.0,0.0,0.0,0.0,0.0,0.0,173.5177001953125,35.54267120361328,144.88958740234375,80.38670349121094,158.0250244140625,84.31901550292969,0.0,0.0,175.51998901367188,141.34326171875,0.0,0.0,194.5609893798828,119.80975341796876,141.61685180664062,187.03240966796875,152.435302734375,191.35372924804688,0.0,0.0,0.0,0.0,0.0,0.0,0.0,0.0
849,0.0,0.0,0.0,0.0,0.0,0.0,0.0,0.0,177.24029541015625,19.83641815185547,160.4779052734375,66.61514282226562,156.20249938964844,70.37309265136719,0.0,0.0,168.95974731445312,133.21995544433594,0.0,0.0,194.56809997558597,119.22193908691406,153.40667724609375,175.83480834960938,151.53028869628906,181.40658569335935,0.0,0.0,0.0,0.0,0.0,0.0,0.0,0.0
850,0.0,0.0,0.0,0.0,0.0,0.0,0.0,0.0,175.62889099121094,28.93634033203125,154.63583374023438,71.82936096191406,155.38320922851562,77.06439971923828,0.0,0.0,172.72119140625,139.52259826660156,0.0,0.0,197.9049835205078,124.4835205078125,148.55499267578125,183.95416259765625,149.36880493164062,189.226806640625,0.0,0.0,0.0,0.0,0.0,0.0,0.0,0.0
851,0.0,0.0,0.0,0.0,0.0,0.0,0.0,0.0,169.0092315673828,46.69752502441406,143.22598266601562,96.08049011230467,153.44935607910156,97.8251724243164,0.0,0.0,170.0384979248047,149.39724731445312,0.0,0.0,195.4984436035156,132.45509338378906,145.89321899414062,201.28091430664065,154.12530517578125,205.8122100830078,0.0,0.0,0.0,0.0,0.0,0.0,0.0,0.0
852,0.0,0.0,0.0,0.0,0.0,0.0,0.0,0.0,167.38406372070312,54.014404296875,146.7437744140625,96.69618225097656,150.93699645996094,101.46803283691406,0.0,0.0,167.1949005126953,150.23873901367188,0.0,0.0,195.33578491210935,128.74172973632812,151.55630493164062,198.7316436767578,155.56947326660156,204.20458984375,0.0,0.0,0.0,0.0,0.0,0.0,0.0,0.0
853,0.0,0.0,0.0,0.0,0.0,0.0,0.0,0.0,164.1958770751953,56.477806091308594,150.47430419921875,92.70587158203124,146.6044158935547,96.11244201660156,0.0,0.0,164.56988525390625,136.9069061279297,0.0,0.0,191.96176147460935,126.88433837890624,154.72244262695312,191.21014404296875,152.34332275390625,196.31504821777344,0.0,0.0,0.0,0.0,0.0,0.0,0.0,0.0
854,0.0,0.0,0.0,0.0,0.0,0.0,0.0,0.0,168.5920867919922,46.42688751220703,154.56784057617188,85.84503173828125,148.14511108398438,89.39584350585938,0.0,0.0,163.0626983642578,145.7290802001953,0.0,0.0,193.61801147460935,128.08311462402344,154.9132843017578,191.84109497070312,151.03533935546875,197.4456787109375,0.0,0.0,0.0,0.0,0.0,0.0,0.0,0.0
855,0.0,0.0,0.0,0.0,0.0,0.0,0.0,0.0,167.64031982421875,50.8765869140625,152.8290252685547,91.38211059570312,148.6339569091797,93.47320556640624,0.0,0.0,161.9237518310547,148.8148193359375,0.0,0.0,193.3316802978516,126.90660095214844,153.6451416015625,195.5414123535156,151.28457641601562,200.7136688232422,0.0,0.0,0.0,0.0,0.0,0.0,0.0,0.0
856,0.0,0.0,0.0,0.0,0.0,0.0,0.0,0.0,163.13861083984375,63.714820861816406,143.2657012939453,104.88829040527344,149.41207885742188,105.0180206298828,0.0,0.0,168.4890594482422,146.22308349609375,0.0,0.0,190.65213012695312,121.76131439208984,147.26239013671875,200.99891662597656,152.04595947265625,205.51878356933597,0.0,0.0,0.0,0.0,0.0,0.0,0.0,0.0
857,0.0,0.0,0.0,0.0,0.0,0.0,0.0,0.0,176.40623474121094,34.65821838378906,153.7633056640625,86.72624206542969,154.64816284179688,89.68451690673828,0.0,0.0,170.27523803710938,142.92974853515625,0.0,0.0,195.89749145507807,124.97013854980467,150.45474243164062,196.73126220703125,153.26109313964844,201.78900146484372,0.0,0.0,0.0,0.0,0.0,0.0,0.0,0.0
858,0.0,0.0,0.0,0.0,0.0,0.0,0.0,0.0,184.31163024902344,25.42009735107422,158.4214630126953,76.11466979980469,155.54254150390625,77.89910125732422,0.0,0.0,167.50270080566406,136.96087646484375,0.0,0.0,195.73594665527344,120.23119354248048,152.03866577148438,195.5882873535156,150.6533203125,201.3830718994141,0.0,0.0,0.0,0.0,0.0,0.0,0.0,0.0
859,0.0,0.0,0.0,0.0,0.0,0.0,0.0,0.0,168.44482421875,47.45762634277344,145.94776916503906,96.8354034423828,150.04342651367188,95.47335815429688,0.0,0.0,171.19566345214844,135.10726928710938,0.0,0.0,198.1233673095703,120.88036346435548,147.4390411376953,202.03485107421875,150.92654418945312,206.5529022216797,0.0,0.0,0.0,0.0,0.0,0.0,0.0,0.0
860,0.0,0.0,0.0,0.0,0.0,0.0,0.0,0.0,177.96266174316406,34.18104553222656,147.06982421875,81.86532592773438,157.40367126464844,86.01113891601562,0.0,0.0,169.50942993164062,152.45626831054688,0.0,0.0,199.7633209228516,127.71161651611328,144.24615478515625,198.93087768554688,152.41842651367188,204.2073211669922,0.0,0.0,0.0,0.0,0.0,0.0,0.0,0.0
861,0.0,0.0,0.0,0.0,0.0,0.0,0.0,0.0,170.5871124267578,45.6231689453125,143.0857391357422,92.57643127441406,153.13409423828125,94.05349731445312,0.0,0.0,165.52789306640625,144.08055114746094,0.0,0.0,196.52850341796875,130.84530639648438,143.9447021484375,199.7686462402344,151.724853515625,204.10971069335935,0.0,0.0,0.0,0.0,0.0,0.0,0.0,0.0
862,0.0,0.0,0.0,0.0,0.0,0.0,0.0,0.0,174.00819396972656,37.42047119140625,149.50234985351562,83.24549102783203,154.93348693847656,87.66232299804688,0.0,0.0,166.34449768066406,138.86851501464844,0.0,0.0,197.16571044921875,127.50437927246094,149.6416473388672,189.02682495117188,154.98175048828125,194.55520629882807,0.0,0.0,0.0,0.0,0.0,0.0,0.0,0.0
863,0.0,0.0,0.0,0.0,0.0,0.0,0.0,0.0,173.13143920898438,36.999656677246094,151.76927185058594,78.51587677001953,154.2740020751953,84.01947021484375,0.0,0.0,169.01837158203125,139.93814086914062,0.0,0.0,197.99026489257807,127.18767547607422,151.69485473632812,186.85568237304688,154.94105529785156,192.8065490722656,0.0,0.0,0.0,0.0,0.0,0.0,0.0,0.0
864,0.0,0.0,0.0,0.0,0.0,0.0,0.0,0.0,175.34893798828125,27.48736572265625,156.12744140625,62.17755126953125,156.54974365234375,69.89968872070312,0.0,0.0,171.87396240234375,141.0966796875,0.0,0.0,197.47845458984372,128.71063232421875,151.36167907714844,177.29486083984375,152.50343322753906,183.52008056640625,0.0,0.0,0.0,0.0,0.0,0.0,0.0,0.0
865,0.0,0.0,0.0,0.0,0.0,0.0,0.0,0.0,173.39913940429688,33.469757080078125,161.87588500976562,70.5216064453125,152.33425903320312,74.82990264892578,0.0,0.0,164.99948120117188,131.3406982421875,0.0,0.0,191.1400909423828,120.85363006591795,158.47930908203125,172.24488830566406,151.9639434814453,177.5665283203125,0.0,0.0,0.0,0.0,0.0,0.0,0.0,0.0
866,0.0,0.0,0.0,0.0,0.0,0.0,0.0,0.0,175.15440368652344,33.01134490966797,0.0,0.0,156.8675994873047,71.68872833251953,0.0,0.0,169.46551513671875,129.41464233398438,0.0,0.0,197.6175537109375,119.5911865234375,150.14407348632812,170.64012145996094,151.0461883544922,175.55406188964844,0.0,0.0,0.0,0.0,0.0,0.0,0.0,0.0
867,0.0,0.0,0.0,0.0,0.0,0.0,0.0,0.0,0.0,0.0,163.437744140625,59.22299957275391,165.21282958984375,59.405609130859375,0.0,0.0,172.10435485839844,120.99539947509766,0.0,0.0,0.0,0.0,151.48573303222656,168.90185546875,153.9775390625,172.21875,0.0,0.0,0.0,0.0,0.0,0.0,0.0,0.0
868,0.0,0.0,0.0,0.0,0.0,0.0,0.0,0.0,184.01409912109372,19.36638641357422,164.11322021484375,64.20845031738281,159.26510620117188,63.5753173828125,0.0,0.0,164.26712036132812,120.81990051269533,0.0,0.0,194.62039184570312,115.91931915283205,155.2669677734375,179.0818634033203,151.80194091796875,182.87130737304688,0.0,0.0,0.0,0.0,0.0,0.0,0.0,0.0
869,0.0,0.0,0.0,0.0,0.0,0.0,0.0,0.0,0.0,0.0,133.20529174804688,104.17935180664062,163.82928466796875,103.31038665771484,160.6625213623047,145.80995178222656,176.88087463378906,146.25474548339844,0.0,0.0,199.54884338378903,131.02841186523438,136.2894287109375,200.48605346679688,158.89236450195312,202.0469970703125,0.0,0.0,0.0,0.0,0.0,0.0,0.0,0.0
870,0.0,0.0,0.0,0.0,0.0,0.0,0.0,0.0,162.98748779296875,59.68968200683594,139.39947509765625,98.58013916015624,153.41400146484375,97.85675048828124,0.0,0.0,171.56541442871094,131.81105041503906,0.0,0.0,198.7418365478516,118.7452621459961,143.14324951171875,196.65122985839844,153.2136688232422,199.23385620117188,0.0,0.0,0.0,0.0,0.0,0.0,0.0,0.0
871,0.0,0.0,0.0,0.0,0.0,0.0,0.0,0.0,163.38116455078125,61.66693115234375,135.85789489746094,102.916259765625,157.1299591064453,102.96480560302734,0.0,0.0,176.00347900390625,135.46585083007812,0.0,0.0,199.59457397460935,118.9048080444336,140.38482666015625,199.32855224609372,156.35862731933594,201.55050659179688,0.0,0.0,0.0,0.0,0.0,0.0,0.0,0.0
872,0.0,0.0,0.0,0.0,0.0,0.0,0.0,0.0,166.4246368408203,63.27651977539063,132.86700439453125,106.84020233154295,160.24240112304688,105.66207122802734,0.0,0.0,175.37937927246094,141.53085327148438,0.0,0.0,197.42913818359372,119.93537902832033,137.66094970703125,203.5848388671875,158.30386352539062,204.91940307617188,0.0,0.0,0.0,0.0,0.0,0.0,0.0,0.0
873,0.0,0.0,0.0,0.0,0.0,0.0,0.0,0.0,165.1273193359375,60.92051696777344,134.56585693359375,102.26140594482422,156.72378540039062,101.58694458007812,0.0,0.0,170.6329803466797,137.6293182373047,0.0,0.0,194.6293182373047,119.44514465332033,141.0835723876953,199.80551147460935,157.49191284179688,201.9634552001953,0.0,0.0,0.0,0.0,0.0,0.0,0.0,0.0
874,0.0,0.0,0.0,0.0,0.0,0.0,0.0,0.0,0.0,0.0,134.06155395507812,96.24942016601562,161.0440216064453,95.8546905517578,0.0,0.0,170.74827575683594,140.73167419433594,0.0,0.0,194.17886352539065,121.70539855957033,137.4176025390625,195.2614288330078,157.56480407714844,197.08718872070312,0.0,0.0,0.0,0.0,0.0,0.0,0.0,0.0
875,0.0,0.0,0.0,0.0,0.0,0.0,0.0,0.0,165.98626708984375,56.118194580078125,137.23245239257812,95.57069396972656,154.40701293945312,94.66285705566406,0.0,0.0,167.2977294921875,136.4875946044922,0.0,0.0,193.24981689453125,119.88370513916016,141.1614990234375,196.08023071289065,153.2365264892578,198.75320434570312,0.0,0.0,0.0,0.0,0.0,0.0,0.0,0.0
876,0.0,0.0,0.0,0.0,0.0,0.0,0.0,0.0,165.96080017089844,56.8780517578125,137.8632354736328,96.19046020507812,154.49884033203125,95.0642547607422,0.0,0.0,168.70458984375,131.7076416015625,0.0,0.0,194.14747619628903,119.43260955810548,141.02308654785156,196.7186279296875,153.1631317138672,199.2276611328125,0.0,0.0,0.0,0.0,0.0,0.0,0.0,0.0
877,0.0,0.0,0.0,0.0,0.0,0.0,0.0,0.0,167.65542602539062,57.24185180664063,134.6095428466797,98.38990020751952,157.5865478515625,97.03392028808594,158.07278442382812,137.57420349121094,169.70484924316406,136.93060302734375,0.0,0.0,196.04251098632807,122.00061798095705,137.8115234375,196.3738555908203,154.69296264648438,198.34918212890625,0.0,0.0,0.0,0.0,0.0,0.0,0.0,0.0
878,0.0,0.0,0.0,0.0,0.0,0.0,0.0,0.0,165.76504516601562,56.41421508789063,135.8636474609375,98.21593475341795,154.775390625,94.81764221191406,0.0,0.0,170.42572021484375,125.86209869384766,0.0,0.0,199.3885498046875,119.54031372070312,140.26220703125,196.06414794921875,153.9219207763672,197.98635864257807,0.0,0.0,0.0,0.0,0.0,0.0,0.0,0.0
879,0.0,0.0,0.0,0.0,0.0,0.0,0.0,0.0,163.4171142578125,59.23877716064453,137.17581176757812,99.46693420410156,152.69850158691406,95.792236328125,0.0,0.0,170.65966796875,122.47322082519533,0.0,0.0,200.2757873535156,117.84368896484376,141.5502166748047,196.2854766845703,152.4929656982422,198.2559509277344,0.0,0.0,0.0,0.0,0.0,0.0,0.0,0.0
880,0.0,0.0,0.0,0.0,0.0,0.0,0.0,0.0,184.73663330078125,18.9510498046875,159.63739013671875,67.36331939697266,158.6607666015625,66.26866912841797,0.0,0.0,165.81671142578125,122.77008819580078,0.0,0.0,199.2166290283203,117.54595947265624,151.7995147705078,185.83294677734372,151.5663604736328,190.0815887451172,0.0,0.0,0.0,0.0,0.0,0.0,0.0,0.0
881,0.0,0.0,0.0,0.0,0.0,0.0,0.0,0.0,164.0858917236328,59.94161987304688,135.40826416015625,102.55854034423828,154.34515380859375,99.90440368652344,0.0,0.0,173.37155151367188,126.75747680664062,0.0,0.0,199.71490478515625,119.38197326660156,139.30831909179688,200.9398498535156,153.71444702148438,202.9498291015625,0.0,0.0,0.0,0.0,0.0,0.0,0.0,0.0
882,0.0,0.0,0.0,0.0,0.0,0.0,0.0,0.0,164.30038452148438,58.406044006347656,135.820556640625,100.70781707763672,153.5802001953125,97.87789916992188,0.0,0.0,171.6858367919922,124.7919692993164,0.0,0.0,199.5088653564453,118.96809387207033,140.1310577392578,198.62942504882807,153.48248291015625,200.7002868652344,0.0,0.0,0.0,0.0,0.0,0.0,0.0,0.0
883,0.0,0.0,0.0,0.0,0.0,0.0,0.0,0.0,166.7512664794922,53.52375793457031,136.98162841796875,95.6117706298828,155.31393432617188,95.0756378173828,0.0,0.0,170.47637939453125,131.90728759765625,0.0,0.0,196.70895385742188,119.86160278320312,139.53790283203125,196.3102264404297,153.47946166992188,199.26454162597656,0.0,0.0,0.0,0.0,0.0,0.0,0.0,0.0
884,0.0,0.0,0.0,0.0,0.0,0.0,0.0,0.0,168.19546508789062,61.74003601074219,132.9659881591797,106.14466094970705,159.74386596679688,103.60079956054688,0.0,0.0,176.05374145507812,137.11392211914062,0.0,0.0,198.8729248046875,120.5616683959961,135.91943359375,206.26351928710935,156.43887329101562,207.87615966796875,0.0,0.0,0.0,0.0,0.0,0.0,0.0,0.0
885,0.0,0.0,0.0,0.0,0.0,0.0,0.0,0.0,169.72032165527344,55.27283477783203,135.50540161132812,100.01300048828124,157.4630584716797,97.71221923828124,0.0,0.0,172.16094970703125,135.1544189453125,0.0,0.0,198.6841735839844,120.4530029296875,137.438232421875,204.7359313964844,154.2718048095703,206.94354248046875,0.0,0.0,0.0,0.0,0.0,0.0,0.0,0.0
886,0.0,0.0,0.0,0.0,0.0,0.0,0.0,0.0,170.1763916015625,65.75045776367188,128.25303649902344,113.03141021728516,164.21109008789062,108.07350158691406,0.0,0.0,178.4220733642578,139.34793090820312,0.0,0.0,198.7860870361328,121.68460083007812,132.72174072265625,207.39926147460935,159.87661743164062,207.38626098632807,0.0,0.0,0.0,0.0,0.0,0.0,0.0,0.0
887,0.0,0.0,0.0,0.0,0.0,0.0,0.0,0.0,172.28265380859375,44.85665893554688,134.88128662109375,97.6258544921875,158.24424743652344,92.39529418945312,0.0,0.0,174.08407592773438,125.60348510742188,0.0,0.0,201.20669555664065,119.89244079589844,136.30364990234375,203.62838745117188,154.65744018554688,205.1788330078125,0.0,0.0,0.0,0.0,0.0,0.0,0.0,0.0
888,0.0,0.0,0.0,0.0,0.0,0.0,0.0,0.0,176.55081176757812,31.608612060546875,139.87130737304688,88.54191589355469,159.962646484375,85.34327697753906,0.0,0.0,173.7575225830078,133.5279998779297,0.0,0.0,201.2170867919922,120.16230010986328,137.72848510742188,201.90798950195312,154.33741760253906,204.31602478027344,0.0,0.0,0.0,0.0,0.0,0.0,0.0,0.0
889,0.0,0.0,0.0,0.0,0.0,0.0,0.0,0.0,166.0608673095703,65.26841735839844,132.17674255371094,112.01049041748048,163.10797119140625,106.20594787597656,0.0,0.0,181.54547119140625,138.70651245117188,0.0,0.0,201.8690948486328,120.347412109375,136.53030395507812,205.90826416015625,161.51852416992188,204.88217163085935,0.0,0.0,0.0,0.0,0.0,0.0,0.0,0.0
890,0.0,0.0,0.0,0.0,0.0,0.0,0.0,0.0,169.7069091796875,63.61138153076172,132.10250854492188,112.15919494628906,164.42837524414062,105.64216613769533,0.0,0.0,179.39646911621094,138.9931182861328,0.0,0.0,0.0,0.0,136.20782470703125,206.41172790527344,162.644287109375,205.70941162109372,0.0,0.0,0.0,0.0,0.0,0.0,0.0,0.0
891,0.0,0.0,0.0,0.0,0.0,0.0,0.0,0.0,174.10421752929688,57.14802551269531,134.24908447265625,97.6465072631836,163.61842346191406,99.57752990722656,0.0,0.0,174.89462280273438,157.69094848632812,0.0,0.0,202.51101684570312,160.66287231445312,131.4351806640625,202.51158142089844,154.72581481933594,205.19615173339844,0.0,0.0,0.0,0.0,0.0,0.0,0.0,0.0
892,0.0,0.0,0.0,0.0,0.0,0.0,0.0,0.0,186.02679443359372,15.827194213867188,159.46026611328125,64.02515411376953,158.87066650390625,62.52391052246094,0.0,0.0,165.59121704101562,127.1424560546875,0.0,0.0,199.37954711914065,117.38835906982422,151.14736938476562,191.71829223632807,151.0453643798828,196.9479522705078,0.0,0.0,0.0,0.0,0.0,0.0,0.0,0.0
893,0.0,0.0,0.0,0.0,0.0,0.0,0.0,0.0,187.9448699951172,16.82341766357422,161.239990234375,61.0296630859375,161.28738403320312,62.09445190429688,169.0896453857422,117.32992553710938,165.6961212158203,129.5050048828125,0.0,0.0,200.7006378173828,118.77854919433594,150.69857788085938,188.11317443847656,150.94845581054688,193.29942321777344,0.0,0.0,0.0,0.0,0.0,0.0,0.0,0.0
894,0.0,0.0,0.0,0.0,0.0,0.0,0.0,0.0,191.53952026367188,17.4432373046875,168.6775360107422,55.413536071777344,159.61297607421875,55.066680908203125,0.0,0.0,161.0738067626953,120.83557891845705,0.0,0.0,200.150390625,117.08985900878906,156.59893798828125,180.10781860351562,149.87144470214844,184.9903259277344,0.0,0.0,0.0,0.0,0.0,0.0,0.0,0.0
895,0.0,0.0,0.0,0.0,0.0,0.0,0.0,0.0,188.4920959472656,15.531105041503906,168.36572265625,56.08539581298828,159.65940856933594,56.0159912109375,0.0,0.0,161.9192657470703,125.5500946044922,0.0,0.0,198.72959899902344,116.84814453125,155.11575317382812,179.80606079101562,149.28297424316406,184.2890625,0.0,0.0,0.0,0.0,0.0,0.0,0.0,0.0
896,0.0,0.0,0.0,0.0,0.0,0.0,0.0,0.0,198.92431640625,22.9337158203125,164.90524291992188,55.65782928466797,163.81300354003906,58.61808776855469,0.0,0.0,163.12203979492188,124.93022918701172,0.0,0.0,197.95123291015625,116.67771911621094,150.65582275390625,178.3810577392578,150.08078002929688,184.54605102539065,0.0,0.0,0.0,0.0,0.0,0.0,0.0,0.0
897,0.0,0.0,0.0,0.0,0.0,0.0,0.0,0.0,180.03375244140625,47.69244384765625,138.03271484375,87.88365173339844,165.60484313964844,91.25375366210938,0.0,0.0,174.89271545410156,147.27137756347656,0.0,0.0,202.66732788085935,142.01632690429688,132.07894897460938,194.5840759277344,154.1318359375,198.2460021972656,0.0,0.0,0.0,0.0,0.0,0.0,0.0,0.0
898,0.0,0.0,0.0,0.0,0.0,0.0,0.0,0.0,0.0,0.0,169.850830078125,54.84269714355469,159.96804809570312,51.879432678222656,174.2692108154297,112.05338287353516,163.21859741210938,117.19805908203124,0.0,0.0,200.0626373291016,114.66072082519533,153.52389526367188,172.05853271484375,147.72210693359375,174.7183074951172,0.0,0.0,0.0,0.0,0.0,0.0,0.0,0.0
899,0.0,0.0,0.0,0.0,0.0,0.0,0.0,0.0,0.0,0.0,172.2083282470703,54.47943115234375,161.04039001464844,55.82827758789063,173.22518920898438,112.40847778320312,160.39236450195312,121.97953033447266,0.0,0.0,196.15419006347656,114.42620849609376,155.77688598632812,173.91334533691406,148.40130615234375,178.68551635742188,0.0,0.0,0.0,0.0,0.0,0.0,0.0,0.0
900,0.0,0.0,0.0,0.0,0.0,0.0,0.0,0.0,183.91656494140625,29.79852294921875,135.15060424804688,46.88450622558594,171.02520751953125,50.27268981933594,0.0,0.0,174.76390075683594,109.61829376220705,0.0,0.0,199.7095947265625,114.13055419921876,133.42388916015625,161.35301208496094,159.275634765625,165.8659210205078,0.0,0.0,0.0,0.0,0.0,0.0,0.0,0.0
901,0.0,0.0,0.0,0.0,0.0,0.0,0.0,0.0,198.06280517578125,31.11738586425781,157.58282470703125,51.35094451904297,169.32437133789062,54.907257080078125,0.0,0.0,166.33241271972656,120.64742279052734,0.0,0.0,196.54660034179688,119.46383666992188,142.01419067382812,166.8059844970703,150.82479858398438,172.4778594970703,0.0,0.0,0.0,0.0,0.0,0.0,0.0,0.0
902,0.0,0.0,0.0,0.0,0.0,0.0,0.0,0.0,196.4492950439453,26.555625915527344,158.80340576171875,50.17120361328125,159.32012939453125,51.44577026367188,0.0,0.0,157.3199462890625,122.99464416503906,0.0,0.0,195.13807678222656,122.82168579101562,142.64950561523438,181.0912322998047,143.40367126464844,187.1163482666016,0.0,0.0,0.0,0.0,0.0,0.0,0.0,0.0
903,0.0,0.0,0.0,0.0,0.0,0.0,0.0,0.0,0.0,0.0,147.3230743408203,46.3276596069336,166.1197509765625,48.15889739990234,0.0,0.0,161.32460021972656,122.30206298828124,0.0,0.0,193.27035522460935,130.02635192871094,134.51287841796875,178.18722534179688,148.79661560058594,183.24290466308597,0.0,0.0,0.0,0.0,0.0,0.0,0.0,0.0
904,0.0,0.0,0.0,0.0,0.0,0.0,0.0,0.0,193.2330474853516,23.87071228027344,147.88043212890625,46.20822143554688,163.52035522460938,47.237892150878906,0.0,0.0,158.2614288330078,118.9061050415039,0.0,0.0,193.97857666015625,128.11448669433594,136.57090759277344,176.8572540283203,148.35198974609375,183.03811645507807,0.0,0.0,0.0,0.0,0.0,0.0,0.0,0.0
905,0.0,0.0,0.0,0.0,0.0,0.0,0.0,0.0,0.0,0.0,155.33975219726562,64.9842758178711,163.5803985595703,67.63672637939453,0.0,0.0,161.5983428955078,132.2830810546875,0.0,0.0,188.22994995117188,128.51577758789062,146.83010864257812,191.57028198242188,153.2468719482422,197.4024200439453,0.0,0.0,0.0,0.0,0.0,0.0,0.0,0.0
906,0.0,0.0,0.0,0.0,0.0,0.0,0.0,0.0,0.0,0.0,160.5692138671875,52.65357971191406,166.64559936523438,50.425048828125,163.88217163085938,114.24703979492188,160.9246826171875,110.52061462402344,0.0,0.0,187.7353363037109,125.15382385253906,149.1939697265625,176.03033447265625,153.9248504638672,178.93341064453125,0.0,0.0,0.0,0.0,0.0,0.0,0.0,0.0
907,0.0,0.0,0.0,0.0,0.0,0.0,0.0,0.0,0.0,0.0,157.70762634277344,53.827781677246094,163.55068969726562,57.48789978027344,0.0,0.0,161.80905151367188,138.0020751953125,0.0,0.0,189.31927490234372,128.3256378173828,142.61373901367188,189.0636749267578,146.89926147460938,195.57855224609372,0.0,0.0,0.0,0.0,0.0,0.0,0.0,0.0
908,0.0,0.0,0.0,0.0,0.0,0.0,0.0,0.0,0.0,0.0,156.36044311523438,47.88356018066406,164.69459533691406,48.61396789550781,0.0,0.0,159.71946716308594,123.3108139038086,0.0,0.0,190.85240173339844,122.0598602294922,144.1085205078125,177.99832153320312,150.44744873046875,183.16085815429688,0.0,0.0,0.0,0.0,0.0,0.0,0.0,0.0
909,0.0,0.0,0.0,0.0,0.0,0.0,0.0,0.0,0.0,0.0,155.66046142578125,50.19563293457031,168.6628875732422,50.23185729980469,0.0,0.0,162.91156005859375,121.09497833251952,0.0,0.0,194.0746307373047,117.69538879394533,143.84820556640625,177.16799926757812,153.86624145507812,181.27362060546875,0.0,0.0,0.0,0.0,0.0,0.0,0.0,0.0
910,0.0,0.0,0.0,0.0,0.0,0.0,0.0,0.0,0.0,0.0,146.67095947265625,58.102760314941406,170.29220581054688,59.18540191650391,0.0,0.0,173.27938842773438,127.33786010742188,0.0,0.0,197.47250366210935,120.8438491821289,137.54986572265625,184.17059326171875,155.0912628173828,188.4253845214844,0.0,0.0,0.0,0.0,0.0,0.0,0.0,0.0
911,0.0,0.0,0.0,0.0,0.0,0.0,0.0,0.0,0.0,0.0,135.64871215820312,90.0283203125,169.84100341796875,90.08123779296876,0.0,0.0,177.8385467529297,149.34317016601562,0.0,0.0,0.0,0.0,134.15489196777344,201.11312866210935,161.3850555419922,204.0584716796875,0.0,0.0,0.0,0.0,0.0,0.0,0.0,0.0
912,0.0,0.0,0.0,0.0,0.0,0.0,0.0,0.0,0.0,0.0,129.7520294189453,91.654052734375,174.27928161621094,89.75808715820312,0.0,0.0,180.55149841308597,148.41473388671875,0.0,0.0,0.0,0.0,127.54238891601562,204.77603149414065,161.9501495361328,206.1696319580078,0.0,0.0,0.0,0.0,0.0,0.0,0.0,0.0
913,0.0,0.0,0.0,0.0,0.0,0.0,0.0,0.0,178.22247314453125,67.18733978271484,131.60716247558594,106.2189483642578,169.23809814453125,103.03691864013672,0.0,0.0,181.26161193847656,146.03135681152344,0.0,0.0,0.0,0.0,132.5800018310547,206.6280517578125,162.17733764648438,207.97235107421875,0.0,0.0,0.0,0.0,0.0,0.0,0.0,0.0
914,0.0,0.0,0.0,0.0,0.0,0.0,0.0,0.0,0.0,0.0,151.96563720703125,56.60128021240234,164.89996337890625,62.96403503417969,0.0,0.0,167.64169311523438,147.67520141601562,0.0,0.0,194.6584625244141,131.38644409179688,142.35569763183594,190.46722412109372,152.13552856445312,197.1763610839844,0.0,0.0,0.0,0.0,0.0,0.0,0.0,0.0
915,0.0,0.0,0.0,0.0,0.0,0.0,0.0,0.0,0.0,0.0,151.23086547851562,64.71177673339844,164.65586853027344,69.26709747314453,0.0,0.0,168.49143981933594,145.99476623535156,0.0,0.0,193.89840698242188,126.71038818359376,145.757080078125,195.50071716308597,156.828857421875,201.51205444335935,0.0,0.0,0.0,0.0,0.0,0.0,0.0,0.0
916,0.0,0.0,0.0,0.0,0.0,0.0,0.0,0.0,0.0,0.0,161.0330352783203,55.88147735595703,162.8663787841797,60.36441040039063,0.0,0.0,162.80918884277344,139.12399291992188,0.0,0.0,191.2962646484375,127.79901885986328,147.66392517089844,186.75498962402344,148.8724365234375,193.691162109375,0.0,0.0,0.0,0.0,0.0,0.0,0.0,0.0
917,0.0,0.0,0.0,0.0,0.0,0.0,0.0,0.0,0.0,0.0,161.87698364257812,52.5338134765625,165.79005432128906,53.82220458984375,0.0,0.0,161.65371704101562,118.89199829101562,0.0,0.0,191.81837463378903,121.3386688232422,147.9810791015625,177.22525024414062,150.71507263183594,182.2853240966797,0.0,0.0,0.0,0.0,0.0,0.0,0.0,0.0
918,0.0,0.0,0.0,0.0,0.0,0.0,0.0,0.0,0.0,0.0,162.93820190429688,50.57290649414063,164.74142456054688,45.52616882324219,0.0,0.0,162.64566040039062,105.34498596191406,0.0,0.0,194.9754943847656,117.07691192626952,148.47225952148438,163.75662231445312,150.1255340576172,165.80787658691406,0.0,0.0,0.0,0.0,0.0,0.0,0.0,0.0
919,0.0,0.0,0.0,0.0,0.0,0.0,0.0,0.0,0.0,0.0,156.76788330078125,57.37603759765625,170.5338134765625,61.643463134765625,0.0,0.0,167.89053344726562,133.8983917236328,0.0,0.0,196.9576416015625,119.2846450805664,143.46163940429688,185.180419921875,152.96873474121094,191.5928649902344,0.0,0.0,0.0,0.0,0.0,0.0,0.0,0.0
920,0.0,0.0,0.0,0.0,0.0,0.0,0.0,0.0,0.0,0.0,163.6962890625,50.63023376464844,164.11476135253906,46.38877868652344,0.0,0.0,158.64218139648438,110.92522430419922,0.0,0.0,198.3204040527344,120.8498764038086,152.43411254882812,176.15745544433594,151.90626525878906,179.49818420410156,0.0,0.0,0.0,0.0,0.0,0.0,0.0,0.0
921,0.0,0.0,0.0,0.0,0.0,0.0,0.0,0.0,201.18321228027344,23.3310546875,164.56948852539062,50.1718978881836,165.19432067871094,47.76719665527344,0.0,0.0,157.5927734375,110.25291442871094,0.0,0.0,198.44444274902344,123.15523529052734,148.50363159179688,172.54705810546875,148.3344268798828,177.36819458007812,0.0,0.0,0.0,0.0,0.0,0.0,0.0,0.0
922,0.0,0.0,0.0,0.0,0.0,0.0,0.0,0.0,196.48223876953125,21.891014099121094,155.3388214111328,48.17230987548828,165.16603088378906,47.351341247558594,0.0,0.0,164.79013061523438,117.66506958007812,0.0,0.0,197.53366088867188,124.69446563720705,143.3361053466797,172.99105834960938,149.7324981689453,178.0800018310547,0.0,0.0,0.0,0.0,0.0,0.0,0.0,0.0
923,0.0,0.0,0.0,0.0,0.0,0.0,0.0,0.0,199.9437255859375,25.06109619140625,153.6842041015625,49.29814147949219,170.35939025878906,51.92399597167969,0.0,0.0,169.03530883789062,125.3684310913086,0.0,0.0,196.9930419921875,125.7624053955078,138.39083862304688,170.9765625,150.69723510742188,176.900146484375,0.0,0.0,0.0,0.0,0.0,0.0,0.0,0.0
924,0.0,0.0,0.0,0.0,0.0,0.0,0.0,0.0,202.67161560058597,27.346725463867188,164.4045867919922,52.39341735839844,163.96636962890625,55.890380859375,0.0,0.0,155.6759490966797,126.2922592163086,0.0,0.0,192.7479705810547,125.78130340576172,144.5674285888672,179.60183715820312,144.18771362304688,186.5267639160156,0.0,0.0,0.0,0.0,0.0,0.0,0.0,0.0
925,0.0,0.0,0.0,0.0,0.0,0.0,0.0,0.0,202.29379272460935,28.37621307373047,158.88633728027344,56.828216552734375,166.60926818847656,64.99242401123047,0.0,0.0,164.47657775878906,143.76513671875,0.0,0.0,191.7706756591797,124.08792877197266,142.4565887451172,184.66368103027344,148.18080139160156,193.10336303710935,0.0,0.0,0.0,0.0,0.0,0.0,0.0,0.0
926,0.0,0.0,0.0,0.0,0.0,0.0,0.0,0.0,189.4786071777344,16.913230895996094,145.75186157226562,48.48088073730469,175.21388244628906,51.97607421875,0.0,0.0,173.46131896972656,128.87396240234375,0.0,0.0,0.0,0.0,139.73959350585938,168.77679443359375,158.9938507080078,173.56626892089844,0.0,0.0,0.0,0.0,0.0,0.0,0.0,0.0
927,0.0,0.0,0.0,0.0,0.0,0.0,0.0,0.0,0.0,0.0,148.65277099609375,51.74494934082031,174.94921875,56.888648986816406,0.0,0.0,169.05035400390625,133.06503295898438,0.0,0.0,0.0,0.0,136.761962890625,176.21722412109375,156.3688201904297,182.3721618652344,0.0,0.0,0.0,0.0,0.0,0.0,0.0,0.0
928,0.0,0.0,0.0,0.0,0.0,0.0,0.0,0.0,202.08419799804688,29.22364044189453,159.57522583007812,60.01911926269531,171.48939514160156,63.57219696044922,0.0,0.0,164.5018768310547,117.0959243774414,0.0,0.0,190.8845367431641,101.91028594970705,147.96487426757812,171.2150115966797,157.7632293701172,177.43177795410156,0.0,0.0,0.0,0.0,0.0,0.0,0.0,0.0
929,0.0,0.0,0.0,0.0,0.0,0.0,0.0,0.0,198.578369140625,24.13096618652344,155.74127197265625,53.37896728515625,175.7920684814453,56.54025268554688,0.0,0.0,171.72914123535156,114.9794692993164,0.0,0.0,0.0,0.0,144.09556579589844,165.75994873046875,160.1773223876953,170.522216796875,0.0,0.0,0.0,0.0,0.0,0.0,0.0,0.0
930,0.0,0.0,0.0,0.0,0.0,0.0,0.0,0.0,0.0,0.0,156.58152770996094,52.63880920410156,171.3363037109375,54.033111572265625,0.0,0.0,168.20559692382812,116.42330932617188,0.0,0.0,0.0,0.0,143.49349975585938,173.97216796875,154.5758514404297,178.40878295898438,0.0,0.0,0.0,0.0,0.0,0.0,0.0,0.0
931,0.0,0.0,0.0,0.0,0.0,0.0,0.0,0.0,199.2566070556641,29.090232849121094,149.8306121826172,57.16651916503906,173.3209686279297,65.07047271728516,0.0,0.0,178.56640625,149.4990692138672,0.0,0.0,0.0,0.0,136.70767211914062,184.02175903320312,153.69606018066406,190.6520538330078,0.0,0.0,0.0,0.0,0.0,0.0,0.0,0.0
932,0.0,0.0,0.0,0.0,0.0,0.0,0.0,0.0,0.0,0.0,148.95663452148438,49.19905090332031,175.82247924804688,52.693267822265625,0.0,0.0,171.64486694335938,122.3705062866211,0.0,0.0,0.0,0.0,141.2182159423828,171.33248901367188,162.19175720214844,176.01336669921875,0.0,0.0,0.0,0.0,0.0,0.0,0.0,0.0
933,0.0,0.0,0.0,0.0,0.0,0.0,0.0,0.0,200.89111328125,25.655181884765625,149.88719177246094,49.25308227539063,176.08436584472656,55.50659942626953,0.0,0.0,168.35704040527344,122.46710968017578,0.0,0.0,0.0,0.0,138.07794189453125,170.3880157470703,157.33905029296875,177.290283203125,0.0,0.0,0.0,0.0,0.0,0.0,0.0,0.0
934,0.0,0.0,0.0,0.0,0.0,0.0,0.0,0.0,0.0,0.0,151.2088165283203,50.055694580078125,175.28195190429688,54.76866149902344,0.0,0.0,168.3030242919922,126.21632385253906,0.0,0.0,0.0,0.0,139.471923828125,173.8048095703125,157.20555114746094,179.95651245117188,0.0,0.0,0.0,0.0,0.0,0.0,0.0,0.0
935,0.0,0.0,0.0,0.0,0.0,0.0,0.0,0.0,0.0,0.0,156.28948974609375,51.70442199707031,171.82835388183594,54.09516906738281,0.0,0.0,166.270751953125,117.11962890625,0.0,0.0,0.0,0.0,145.6619873046875,170.02882385253906,157.41754150390625,175.22422790527344,0.0,0.0,0.0,0.0,0.0,0.0,0.0,0.0
936,0.0,0.0,0.0,0.0,0.0,0.0,0.0,0.0,0.0,0.0,151.40335083007812,50.28620910644531,173.1693878173828,55.32354736328125,0.0,0.0,168.095947265625,128.568359375,0.0,0.0,0.0,0.0,138.1700439453125,179.00460815429688,153.9410400390625,185.54959106445312,0.0,0.0,0.0,0.0,0.0,0.0,0.0,0.0
937,0.0,0.0,0.0,0.0,0.0,0.0,0.0,0.0,0.0,0.0,147.65316772460938,50.56367492675781,174.78179931640625,57.20484924316406,0.0,0.0,168.71139526367188,127.95143127441406,0.0,0.0,192.18569946289065,109.03335571289062,135.25991821289062,174.31198120117188,155.24380493164062,181.1241149902344,0.0,0.0,0.0,0.0,0.0,0.0,0.0,0.0
938,0.0,0.0,0.0,0.0,0.0,0.0,0.0,0.0,0.0,0.0,144.38059997558594,50.150299072265625,175.68980407714844,55.22216796875,0.0,0.0,172.57095336914062,126.3743896484375,0.0,0.0,0.0,0.0,135.56593322753906,178.8068389892578,160.29278564453125,184.12130737304688,0.0,0.0,0.0,0.0,0.0,0.0,0.0,0.0
939,0.0,0.0,0.0,0.0,0.0,0.0,0.0,0.0,198.64691162109372,24.67919158935547,163.44500732421875,51.304908752441406,163.7451171875,53.54635620117188,0.0,0.0,157.57237243652344,118.29280090332033,0.0,0.0,188.7718505859375,104.36964416503906,149.76206970214844,171.17327880859375,150.0806884765625,177.40380859375,0.0,0.0,0.0,0.0,0.0,0.0,0.0,0.0
940,0.0,0.0,0.0,0.0,0.0,0.0,0.0,0.0,200.7808837890625,27.203659057617188,150.07281494140625,48.23797607421875,169.84713745117188,55.44276428222656,0.0,0.0,165.5204620361328,121.6126708984375,0.0,0.0,193.7290954589844,107.78421020507812,138.60336303710938,170.90980529785156,152.8987274169922,178.88372802734375,0.0,0.0,0.0,0.0,0.0,0.0,0.0,0.0
941,0.0,0.0,0.0,0.0,0.0,0.0,0.0,0.0,198.42120361328125,25.4267578125,159.4559326171875,49.33071899414063,161.8136444091797,49.89215087890625,0.0,0.0,156.4638214111328,118.524169921875,0.0,0.0,193.1200714111328,110.66958618164062,148.0811309814453,170.72891235351562,150.01040649414062,176.57778930664062,0.0,0.0,0.0,0.0,0.0,0.0,0.0,0.0
942,0.0,0.0,0.0,0.0,0.0,0.0,0.0,0.0,199.88754272460935,28.142868041992188,165.15521240234375,50.909912109375,163.88311767578125,56.24090576171875,0.0,0.0,158.34326171875,124.47970581054688,0.0,0.0,190.36317443847656,105.33232879638672,151.1548614501953,172.69480895996094,149.9722900390625,179.81219482421875,0.0,0.0,0.0,0.0,0.0,0.0,0.0,0.0
943,0.0,0.0,0.0,0.0,0.0,0.0,0.0,0.0,198.99554443359372,28.363121032714844,160.0165252685547,49.93511199951172,167.38052368164062,55.83553314208984,0.0,0.0,164.826171875,126.13284301757812,0.0,0.0,190.30218505859372,105.51467895507812,146.5991973876953,171.3732147216797,152.01100158691406,178.3668212890625,0.0,0.0,0.0,0.0,0.0,0.0,0.0,0.0
944,0.0,0.0,0.0,0.0,0.0,0.0,0.0,0.0,0.0,0.0,159.7142791748047,52.48844909667969,168.14955139160156,52.34141540527344,167.4595184326172,130.72471618652344,168.19775390625,136.10708618164062,0.0,0.0,190.34194946289065,112.88360595703124,144.8876495361328,182.88665771484372,151.43429565429688,187.15806579589844,0.0,0.0,0.0,0.0,0.0,0.0,0.0,0.0
945,0.0,0.0,0.0,0.0,0.0,0.0,0.0,0.0,0.0,0.0,166.11569213867188,52.4476318359375,166.199462890625,55.03167724609375,171.318359375,129.77780151367188,164.4715118408203,134.47409057617188,0.0,0.0,190.1288604736328,113.97370910644533,145.32830810546875,178.08767700195312,145.6927032470703,184.23243713378903,0.0,0.0,0.0,0.0,0.0,0.0,0.0,0.0
946,0.0,0.0,0.0,0.0,0.0,0.0,0.0,0.0,204.25653076171875,25.199012756347656,163.2376708984375,52.62403869628906,166.37838745117188,55.52217102050781,169.08990478515625,131.300537109375,163.45938110351562,136.2869873046875,0.0,0.0,189.70974731445312,113.5406265258789,144.81564331054688,180.4144744873047,147.47811889648438,187.06268310546875,0.0,0.0,0.0,0.0,0.0,0.0,0.0,0.0
947,0.0,0.0,0.0,0.0,0.0,0.0,0.0,0.0,202.97024536132807,25.326339721679688,163.77572631835938,50.85035705566406,166.34808349609375,55.55612182617188,0.0,0.0,160.5895233154297,131.8680877685547,0.0,0.0,189.9104766845703,115.8813247680664,144.67626953125,178.38885498046875,146.80172729492188,185.47998046875,0.0,0.0,0.0,0.0,0.0,0.0,0.0,0.0
948,0.0,0.0,0.0,0.0,0.0,0.0,0.0,0.0,200.908447265625,22.806007385253903,166.53570556640625,49.23822784423828,158.58949279785156,51.26266479492188,0.0,0.0,153.0249786376953,124.58749389648438,0.0,0.0,189.26852416992188,119.41650390625,148.14236450195312,179.0513916015625,142.68740844726562,185.99224853515625,0.0,0.0,0.0,0.0,0.0,0.0,0.0,0.0
949,0.0,0.0,0.0,0.0,0.0,0.0,0.0,0.0,200.51611328125,24.463104248046875,147.43365478515625,47.89738464355469,169.82034301757812,55.91481018066406,0.0,0.0,165.3594512939453,131.31582641601562,0.0,0.0,192.3098907470703,116.41840362548828,134.38473510742188,176.0760498046875,150.60903930664062,184.4083251953125,0.0,0.0,0.0,0.0,0.0,0.0,0.0,0.0
950,0.0,0.0,0.0,0.0,0.0,0.0,0.0,0.0,199.6692047119141,22.082420349121094,151.72396850585938,48.443634033203125,172.1624755859375,55.93428039550781,0.0,0.0,170.90403747558594,133.63043212890625,0.0,0.0,194.6061553955078,118.70938110351562,134.31393432617188,176.0396270751953,149.9603271484375,183.2062225341797,0.0,0.0,0.0,0.0,0.0,0.0,0.0,0.0
951,0.0,0.0,0.0,0.0,0.0,0.0,0.0,0.0,200.5497131347656,21.94422149658203,158.47369384765625,48.95629119873047,170.77691650390625,53.834922790527344,0.0,0.0,164.870361328125,124.44166564941406,0.0,0.0,192.57069396972656,118.10602569580078,142.60296630859375,171.43116760253906,151.69314575195312,177.75050354003906,0.0,0.0,0.0,0.0,0.0,0.0,0.0,0.0
952,0.0,0.0,0.0,0.0,0.0,0.0,0.0,0.0,191.6651763916016,20.24542236328125,144.5537567138672,48.03215789794922,172.92198181152344,55.37675476074219,0.0,0.0,170.57168579101562,116.9802703857422,0.0,0.0,0.0,0.0,134.2196044921875,163.25125122070312,154.44833374023438,169.7432861328125,0.0,0.0,0.0,0.0,0.0,0.0,0.0,0.0
953,0.0,0.0,0.0,0.0,0.0,0.0,0.0,0.0,181.6300811767578,12.0220947265625,141.01829528808594,46.1021728515625,176.08038330078125,51.12223815917969,117.87815856933594,101.0919952392578,175.09519958496094,115.5403060913086,0.0,0.0,0.0,0.0,136.2637481689453,163.98422241210938,160.7928009033203,168.54705810546875,0.0,0.0,0.0,0.0,0.0,0.0,0.0,0.0
954,0.0,0.0,0.0,0.0,0.0,0.0,0.0,0.0,186.24615478515625,12.959716796875,150.50466918945312,45.341773986816406,170.67544555664062,51.00151062011719,0.0,0.0,176.17257690429688,115.4722137451172,0.0,0.0,190.0125274658203,124.8832550048828,136.95550537109375,170.61349487304688,151.6016845703125,174.8479461669922,0.0,0.0,0.0,0.0,0.0,0.0,0.0,0.0
955,0.0,0.0,0.0,0.0,0.0,0.0,0.0,0.0,0.0,0.0,161.14004516601562,47.06111145019531,165.21725463867188,50.335784912109375,0.0,0.0,171.9128875732422,108.11699676513672,0.0,0.0,181.541259765625,123.33203887939452,146.02369689941406,163.873046875,148.74365234375,166.20533752441406,0.0,0.0,0.0,0.0,0.0,0.0,0.0,0.0
956,0.0,0.0,0.0,0.0,0.0,0.0,0.0,0.0,0.0,0.0,172.49012756347656,46.13636016845703,157.48724365234375,46.09120178222656,181.99778747558597,98.98531341552734,160.94772338867188,104.87101745605467,195.85580444335935,127.12774658203124,180.12936401367188,130.64910888671875,156.5120391845703,157.17068481445312,145.8812255859375,158.6274871826172,0.0,0.0,0.0,0.0,0.0,0.0,0.0,0.0
957,0.0,0.0,0.0,0.0,0.0,0.0,0.0,0.0,0.0,0.0,173.795166015625,52.03890228271485,168.61923217773438,50.035911560058594,183.9674530029297,99.77752685546876,179.38751220703125,101.35799407958984,194.6426696777344,128.2776336669922,189.74215698242188,129.86062622070312,154.82595825195312,146.09310913085938,149.67958068847656,146.27102661132812,0.0,0.0,0.0,0.0,0.0,0.0,0.0,0.0
958,0.0,0.0,0.0,0.0,0.0,0.0,0.0,0.0,176.2333221435547,12.3955078125,154.76876831054688,47.76480865478516,171.4760284423828,51.07167816162109,170.61965942382812,98.4671859741211,188.2971343994141,104.55296325683594,0.0,0.0,195.30796813964844,127.17140197753906,140.35501098632812,161.32020568847656,152.3864288330078,163.0303497314453,0.0,0.0,0.0,0.0,0.0,0.0,0.0,0.0
959,0.0,0.0,0.0,0.0,0.0,0.0,0.0,0.0,0.0,0.0,175.20343017578125,49.83265686035156,154.83201599121094,47.05360412597656,185.98138427734372,100.99911499023438,166.8430938720703,103.11542510986328,196.99002075195312,128.96754455566406,193.20030212402344,126.84860229492188,158.0167999267578,158.29676818847656,142.8981475830078,158.18765258789062,0.0,0.0,0.0,0.0,0.0,0.0,0.0,0.0
960,0.0,0.0,0.0,0.0,0.0,0.0,0.0,0.0,0.0,0.0,176.10667419433594,49.39971923828125,151.8387908935547,46.55403137207031,185.9994354248047,100.88114166259766,158.42286682128906,103.94195556640624,196.6747131347656,128.6826171875,188.67193603515625,131.27857971191406,158.4512481689453,158.70538330078125,141.1551513671875,158.9771728515625,0.0,0.0,0.0,0.0,0.0,0.0,0.0,0.0
961,0.0,0.0,0.0,0.0,0.0,0.0,0.0,0.0,0.0,0.0,185.2861785888672,51.08099365234375,138.48297119140625,46.06706237792969,195.28077697753903,99.73639678955078,117.98388671875,99.02163696289062,200.2724456787109,122.91624450683594,160.78550720214844,124.09530639648438,171.39569091796875,165.16458129882812,140.27557373046875,166.25289916992188,0.0,0.0,0.0,0.0,0.0,0.0,0.0,0.0
962,0.0,0.0,0.0,0.0,0.0,0.0,0.0,0.0,0.0,0.0,187.4181060791016,49.390724182128906,139.03125,43.79121398925781,194.3539276123047,99.59528350830078,112.31590270996094,97.83180236816406,201.5025634765625,123.4093780517578,156.5292205810547,123.06428527832033,171.11087036132812,163.79937744140625,139.3734588623047,164.48895263671875,0.0,0.0,0.0,0.0,0.0,0.0,0.0,0.0
963,176.34390258789062,15.619327545166016,0.0,0.0,0.0,0.0,0.0,0.0,0.0,0.0,186.9665985107422,52.412139892578125,138.42660522460938,44.84392929077149,195.15963745117188,101.76895141601562,107.33848571777344,95.05278778076172,201.67257690429688,124.61271667480467,152.03636169433594,120.4258270263672,169.47366333007812,144.73399353027344,137.2411346435547,144.38705444335938,0.0,0.0,0.0,0.0,0.0,0.0,0.0,0.0
964,173.787109375,11.17498779296875,0.0,0.0,0.0,0.0,0.0,0.0,0.0,0.0,186.02056884765625,52.01556396484375,143.10951232910156,45.98692321777344,187.6243133544922,101.68841552734376,109.96717834472656,98.1623992919922,200.8260803222656,123.2602081298828,155.04293823242188,126.4961395263672,170.4379425048828,172.44102478027344,142.16297912597656,172.9510498046875,0.0,0.0,0.0,0.0,0.0,0.0,0.0,0.0
965,0.0,0.0,0.0,0.0,0.0,0.0,0.0,0.0,0.0,0.0,185.810546875,51.17778015136719,140.4178466796875,44.98419189453125,189.46131896972656,103.68506622314452,110.39200592041016,98.99464416503906,200.3793792724609,125.35842895507812,154.20343017578125,126.8882293701172,170.5492401123047,174.05722045898438,140.939453125,174.89627075195312,0.0,0.0,0.0,0.0,0.0,0.0,0.0,0.0
966,0.0,0.0,0.0,0.0,0.0,0.0,0.0,0.0,0.0,0.0,187.01165771484372,50.10783386230469,139.06422424316406,43.09624481201172,192.0912170410156,103.56961059570312,111.69364166259766,96.6875,201.6185760498047,123.67327880859376,152.34066772460938,125.3631591796875,171.5189666748047,167.00164794921875,139.83358764648438,166.86936950683594,0.0,0.0,0.0,0.0,0.0,0.0,0.0,0.0
967,172.71066284179688,8.426788330078125,178.72531127929688,3.0469894409179688,168.6853485107422,2.0370864868164062,0.0,0.0,0.0,0.0,180.84942626953125,51.25089645385742,145.62368774414062,46.67112350463867,186.3843536376953,102.705322265625,129.66273498535156,100.16413879394533,200.3914031982422,125.66789245605467,185.0650329589844,126.26771545410156,160.10159301757812,147.34036254882812,136.06007385253906,148.09600830078125,0.0,0.0,0.0,0.0,0.0,0.0,0.0,0.0
968,172.31036376953125,8.490943908691406,0.0,0.0,0.0,0.0,0.0,0.0,0.0,0.0,186.6399383544922,53.69806671142578,137.859619140625,46.65904235839844,189.89523315429688,104.16964721679688,108.85295104980467,99.63668060302734,201.78692626953125,126.20491790771484,151.66217041015625,128.60906982421875,172.82008361816406,170.14138793945312,140.20054626464844,170.20684814453125,0.0,0.0,0.0,0.0,0.0,0.0,0.0,0.0
969,0.0,0.0,0.0,0.0,0.0,0.0,0.0,0.0,0.0,0.0,188.6143493652344,50.29841613769531,135.7999267578125,45.349754333496094,195.10968017578125,106.73763275146484,114.31721496582033,103.8548583984375,199.5918884277344,123.63126373291016,148.59840393066406,129.69435119628906,176.1338348388672,167.55929565429688,139.03883361816406,168.66864013671875,0.0,0.0,0.0,0.0,0.0,0.0,0.0,0.0
970,0.0,0.0,0.0,0.0,0.0,0.0,0.0,0.0,0.0,0.0,180.46002197265625,45.25698852539063,158.08644104003906,46.25641632080078,192.32418823242188,101.12993621826172,171.12925720214844,106.6717758178711,201.0133514404297,125.72107696533205,189.4443206787109,127.1771240234375,169.34402465820312,173.01248168945312,152.01248168945312,174.33860778808594,0.0,0.0,0.0,0.0,0.0,0.0,0.0,0.0
971,182.71499633789065,9.59587860107422,0.0,0.0,0.0,0.0,0.0,0.0,0.0,0.0,185.36685180664065,52.558685302734375,138.86380004882812,46.54925537109375,192.1000061035156,108.0726318359375,124.92025756835938,104.11003875732422,198.9608459472656,122.45036315917967,148.30393981933594,122.6904754638672,172.2029571533203,183.17759704589844,141.53433227539062,184.22642517089844,0.0,0.0,0.0,0.0,0.0,0.0,0.0,0.0
972,175.75372314453125,10.293853759765623,0.0,0.0,171.47265625,3.7835845947265625,0.0,0.0,0.0,0.0,188.356689453125,53.17802429199219,134.92274475097656,43.099395751953125,194.77517700195312,106.32239532470705,110.3388214111328,92.40164184570312,202.0032958984375,123.73255157470705,139.11268615722656,115.54898071289062,173.0267791748047,171.87269592285156,137.338134765625,171.27175903320312,0.0,0.0,0.0,0.0,0.0,0.0,0.0,0.0
973,0.0,0.0,0.0,0.0,0.0,0.0,0.0,0.0,153.26223754882812,130.7039794921875,0.0,0.0,0.0,0.0,0.0,0.0,0.0,0.0,0.0,0.0,0.0,0.0,0.0,0.0,0.0,0.0,0.0,0.0,0.0,0.0,0.0,0.0,0.0,0.0
974,0.0,0.0,0.0,0.0,0.0,0.0,123.7135772705078,133.1886444091797,0.0,0.0,0.0,0.0,0.0,0.0,0.0,0.0,0.0,0.0,0.0,0.0,0.0,0.0,0.0,0.0,0.0,0.0,0.0,0.0,0.0,0.0,0.0,0.0,0.0,0.0
975,171.10836791992188,10.195030212402344,176.18521118164062,5.203392028808594,164.66294860839844,2.783966064453125,0.0,0.0,149.6384735107422,6.728759765625,180.5369415283203,52.57247161865234,130.5677490234375,47.66537857055664,190.98675537109372,100.6828155517578,120.77369689941406,99.44141387939452,196.42984008789065,114.86060333251952,130.01754760742188,121.9585189819336,169.1947479248047,152.6503143310547,136.89781188964844,151.68763732910156,0.0,0.0,0.0,0.0,0.0,0.0,0.0,0.0
976,0.0,0.0,0.0,0.0,0.0,0.0,0.0,0.0,144.01541137695312,131.21115112304688,0.0,0.0,0.0,0.0,0.0,0.0,0.0,0.0,0.0,0.0,0.0,0.0,0.0,0.0,0.0,0.0,0.0,0.0,0.0,0.0,0.0,0.0,0.0,0.0
977,0.0,0.0,0.0,0.0,0.0,0.0,0.0,0.0,140.53150939941406,130.0258026123047,0.0,0.0,182.70132446289065,215.23745727539065,0.0,0.0,0.0,0.0,0.0,0.0,0.0,0.0,0.0,0.0,0.0,0.0,0.0,0.0,0.0,0.0,0.0,0.0,0.0,0.0
978,0.0,0.0,0.0,0.0,0.0,0.0,0.0,0.0,138.24374389648438,128.7093505859375,0.0,0.0,177.4003143310547,208.54612731933597,0.0,0.0,0.0,0.0,0.0,0.0,0.0,0.0,0.0,0.0,0.0,0.0,0.0,0.0,0.0,0.0,0.0,0.0,0.0,0.0
979,0.0,0.0,0.0,0.0,164.35374450683594,114.6053466796875,0.0,0.0,126.4355926513672,127.3818359375,0.0,0.0,0.0,0.0,0.0,0.0,0.0,0.0,0.0,0.0,0.0,0.0,0.0,0.0,0.0,0.0,0.0,0.0,0.0,0.0,0.0,0.0,0.0,0.0
980,142.74606323242188,8.622604370117188,0.0,0.0,0.0,0.0,0.0,0.0,0.0,0.0,157.680419921875,46.3172607421875,106.40055847167967,46.2445068359375,182.39187622070312,93.03289794921876,92.68052673339844,96.04896545410156,177.09027099609375,104.45631408691406,100.70191955566406,115.1594009399414,149.1011962890625,151.23390197753906,115.5895538330078,152.4468536376953,0.0,0.0,135.8237762451172,213.14215087890625,0.0,0.0,0.0,0.0
981,0.0,0.0,0.0,0.0,0.0,0.0,0.0,0.0,0.0,0.0,102.9902572631836,44.529541015625,139.9797821044922,47.41622924804688,87.64574432373047,85.82774353027344,150.75518798828125,87.38430786132812,0.0,0.0,0.0,0.0,118.33486938476562,154.84312438964844,139.16224670410156,157.56478881835938,0.0,0.0,0.0,0.0,0.0,0.0,0.0,0.0
982,0.0,0.0,0.0,0.0,0.0,0.0,0.0,0.0,0.0,0.0,132.9827880859375,45.5423583984375,94.1334457397461,45.798736572265625,125.32205963134766,97.14126586914062,77.02115631103516,94.44993591308594,0.0,0.0,88.41932678222656,116.8480987548828,138.6678924560547,154.9015350341797,113.81320190429688,156.20420837402344,0.0,0.0,0.0,0.0,0.0,0.0,0.0,0.0
983,101.01982879638672,16.312225341796875,106.0570297241211,9.791778564453123,94.74005889892578,11.357086181640623,117.8996124267578,12.674789428710938,0.0,0.0,140.0341033935547,48.78881072998047,82.1930160522461,52.89024353027344,163.2407684326172,96.67095184326172,72.82213592529297,109.1098175048828,145.34872436523438,95.67386627197266,76.50709533691406,130.31399536132812,139.55813598632812,163.41152954101562,102.36363220214844,164.9782257080078,0.0,0.0,0.0,0.0,0.0,0.0,0.0,0.0
984,0.0,0.0,0.0,0.0,0.0,0.0,0.0,0.0,0.0,0.0,0.0,0.0,0.0,0.0,0.0,0.0,0.0,0.0,0.0,0.0,0.0,0.0,0.0,0.0,0.0,0.0,0.0,0.0,0.0,0.0,0.0,0.0,0.0,0.0
985,73.11546325683594,7.542098999023437,77.70587921142578,0.0,0.0,0.0,92.94387817382812,4.582244873046875,0.0,0.0,125.3849868774414,50.04620361328125,64.37189483642578,57.65391540527344,150.8359375,105.13037872314452,58.59814453125,118.37044525146484,119.47052764892578,99.73065948486328,0.0,0.0,120.50731658935548,174.79037475585938,80.90177917480469,176.30926513671875,0.0,0.0,0.0,0.0,0.0,0.0,0.0,0.0
986,64.43315124511719,16.2359619140625,68.07172393798828,9.520538330078123,0.0,0.0,84.5080337524414,10.33844757080078,0.0,0.0,116.2794189453125,46.55973815917969,66.33381652832031,54.1937255859375,141.1420135498047,96.02914428710938,0.0,0.0,110.44696807861328,98.7207489013672,51.7872314453125,118.57102966308594,114.3800277709961,159.67930603027344,81.34510040283203,161.0367889404297,0.0,0.0,0.0,0.0,0.0,0.0,0.0,0.0
987,56.41630172729492,18.487716674804688,59.68453598022461,12.000076293945312,0.0,0.0,78.5081558227539,12.0107421875,0.0,0.0,109.52915954589844,44.95123672485352,0.0,0.0,137.26058959960938,94.2450942993164,0.0,0.0,97.78887939453124,99.06779479980467,0.0,0.0,107.23577880859376,156.00587463378906,80.94758605957031,155.76336669921875,0.0,0.0,0.0,0.0,0.0,0.0,0.0,0.0
988,51.308048248291016,17.410171508789062,55.65566253662109,10.748252868652344,0.0,0.0,75.23223114013672,11.645118713378906,0.0,0.0,105.44175720214844,44.01501083374024,62.537479400634766,49.95331573486328,134.32681274414062,90.5624771118164,0.0,0.0,84.5610122680664,98.5215301513672,0.0,0.0,103.68464660644533,161.55148315429688,74.73109436035156,161.27340698242188,0.0,0.0,0.0,0.0,0.0,0.0,0.0,0.0
989,46.91138458251953,17.869522094726562,51.8726692199707,10.895050048828123,0.0,0.0,71.83463287353516,11.455307006835938,0.0,0.0,100.99081420898438,42.932865142822266,54.86260986328125,53.14961242675781,128.86697387695312,89.90800476074219,0.0,0.0,76.21281433105469,103.55663299560548,0.0,0.0,97.41062927246094,153.69140625,67.9044418334961,155.642822265625,0.0,0.0,0.0,0.0,0.0,0.0,0.0,0.0
990,41.81800079345703,21.091026306152344,42.87101364135742,13.917465209960938,0.0,0.0,59.28621673583984,11.041702270507812,0.0,0.0,93.29340362548828,42.30365753173828,60.951316833496094,53.14341735839844,116.52621459960938,94.718505859375,0.0,0.0,81.74520874023438,110.26907348632812,0.0,0.0,92.51288604736328,147.09988403320312,71.66151428222656,148.26052856445312,0.0,0.0,0.0,0.0,0.0,0.0,0.0,0.0
991,36.429832458496094,21.20032501220703,38.534454345703125,14.541877746582031,0.0,0.0,56.46880340576172,11.552047729492188,0.0,0.0,84.97435760498047,43.98426818847656,54.966556549072266,50.201934814453125,100.81756591796876,99.5722427368164,43.03013610839844,97.07154083251952,82.68194580078125,126.34960174560548,0.0,0.0,80.34367370605469,146.50279235839844,62.64702224731445,146.71542358398438,0.0,0.0,0.0,0.0,0.0,0.0,0.0,0.0
992,0.0,0.0,0.0,0.0,0.0,0.0,44.34513854980469,9.904205322265623,0.0,0.0,66.0458984375,44.15126037597656,69.05572509765625,44.49662780761719,76.28199768066406,103.2737045288086,0.0,0.0,50.911014556884766,139.45907592773438,0.0,0.0,65.61416625976562,147.64208984375,66.19761657714844,144.42971801757812,0.0,0.0,0.0,0.0,0.0,0.0,0.0,0.0
993,0.0,0.0,0.0,0.0,0.0,0.0,0.0,0.0,0.0,0.0,60.049224853515625,41.06681060791016,0.0,0.0,85.74981689453125,105.01773834228516,0.0,0.0,59.18929290771485,124.53362274169922,0.0,0.0,54.009742736816406,158.07180786132812,50.9476432800293,154.22862243652344,0.0,0.0,0.0,0.0,0.0,0.0,0.0,0.0
994,0.0,0.0,0.0,0.0,0.0,0.0,0.0,0.0,0.0,0.0,41.96476745605469,36.014678955078125,56.75245666503906,35.25244140625,0.0,0.0,0.0,0.0,0.0,0.0,0.0,0.0,40.39686584472656,145.5308837890625,50.60857772827149,142.98536682128906,0.0,0.0,0.0,0.0,0.0,0.0,0.0,0.0
995,0.0,0.0,0.0,0.0,0.0,0.0,0.0,0.0,0.0,0.0,39.57368087768555,44.04673767089844,0.0,0.0,0.0,0.0,0.0,0.0,0.0,0.0,0.0,0.0,0.0,0.0,0.0,0.0,0.0,0.0,0.0,0.0,0.0,0.0,0.0,0.0
996,0.0,0.0,0.0,0.0,0.0,0.0,0.0,0.0,0.0,0.0,0.0,0.0,31.32170867919922,34.09095001220703,0.0,0.0,0.0,0.0,0.0,0.0,0.0,0.0,0.0,0.0,0.0,0.0,0.0,0.0,0.0,0.0,0.0,0.0,0.0,0.0
997,0.0,0.0,0.0,0.0,0.0,0.0,0.0,0.0,0.0,0.0,0.0,0.0,0.0,0.0,0.0,0.0,0.0,0.0,0.0,0.0,0.0,0.0,0.0,0.0,0.0,0.0,0.0,0.0,0.0,0.0,0.0,0.0,0.0,0.0
998,0.0,0.0,0.0,0.0,0.0,0.0,0.0,0.0,0.0,0.0,0.0,0.0,0.0,0.0,0.0,0.0,0.0,0.0,0.0,0.0,0.0,0.0,0.0,0.0,0.0,0.0,0.0,0.0,0.0,0.0,0.0,0.0,0.0,0.0
999,0.0,0.0,0.0,0.0,0.0,0.0,0.0,0.0,0.0,0.0,0.0,0.0,0.0,0.0,0.0,0.0,0.0,0.0,0.0,0.0,0.0,0.0,0.0,0.0,0.0,0.0,0.0,0.0,0.0,0.0,0.0,0.0,0.0,0.0
1000,0.0,0.0,0.0,0.0,0.0,0.0,0.0,0.0,0.0,0.0,0.0,0.0,0.0,0.0,0.0,0.0,0.0,0.0,0.0,0.0,0.0,0.0,0.0,0.0,0.0,0.0,0.0,0.0,0.0,0.0,0.0,0.0,0.0,0.0
1001,0.0,0.0,0.0,0.0,0.0,0.0,0.0,0.0,0.0,0.0,0.0,0.0,0.0,0.0,0.0,0.0,0.0,0.0,0.0,0.0,0.0,0.0,0.0,0.0,0.0,0.0,0.0,0.0,0.0,0.0,0.0,0.0,0.0,0.0
1002,0.0,0.0,0.0,0.0,0.0,0.0,0.0,0.0,0.0,0.0,0.0,0.0,0.0,0.0,0.0,0.0,0.0,0.0,0.0,0.0,0.0,0.0,0.0,0.0,0.0,0.0,0.0,0.0,0.0,0.0,0.0,0.0,0.0,0.0
1003,0.0,0.0,0.0,0.0,0.0,0.0,0.0,0.0,0.0,0.0,0.0,0.0,0.0,0.0,0.0,0.0,0.0,0.0,0.0,0.0,0.0,0.0,0.0,0.0,0.0,0.0,0.0,0.0,0.0,0.0,0.0,0.0,0.0,0.0
1004,0.0,0.0,0.0,0.0,0.0,0.0,0.0,0.0,0.0,0.0,0.0,0.0,0.0,0.0,0.0,0.0,0.0,0.0,0.0,0.0,0.0,0.0,0.0,0.0,0.0,0.0,0.0,0.0,0.0,0.0,0.0,0.0,0.0,0.0
1005,0.0,0.0,0.0,0.0,0.0,0.0,0.0,0.0,0.0,0.0,0.0,0.0,0.0,0.0,0.0,0.0,0.0,0.0,0.0,0.0,0.0,0.0,0.0,0.0,0.0,0.0,0.0,0.0,0.0,0.0,0.0,0.0,0.0,0.0
1006,0.0,0.0,0.0,0.0,0.0,0.0,0.0,0.0,0.0,0.0,0.0,0.0,0.0,0.0,0.0,0.0,0.0,0.0,0.0,0.0,0.0,0.0,0.0,0.0,0.0,0.0,0.0,0.0,0.0,0.0,0.0,0.0,0.0,0.0
1007,0.0,0.0,0.0,0.0,0.0,0.0,0.0,0.0,0.0,0.0,0.0,0.0,0.0,0.0,0.0,0.0,0.0,0.0,0.0,0.0,0.0,0.0,0.0,0.0,0.0,0.0,0.0,0.0,0.0,0.0,0.0,0.0,0.0,0.0
1008,0.0,0.0,0.0,0.0,0.0,0.0,0.0,0.0,0.0,0.0,0.0,0.0,0.0,0.0,0.0,0.0,0.0,0.0,0.0,0.0,0.0,0.0,0.0,0.0,0.0,0.0,0.0,0.0,0.0,0.0,0.0,0.0,0.0,0.0
1009,0.0,0.0,0.0,0.0,0.0,0.0,0.0,0.0,0.0,0.0,0.0,0.0,0.0,0.0,0.0,0.0,0.0,0.0,0.0,0.0,0.0,0.0,0.0,0.0,0.0,0.0,0.0,0.0,0.0,0.0,0.0,0.0,0.0,0.0
1010,0.0,0.0,0.0,0.0,0.0,0.0,0.0,0.0,0.0,0.0,0.0,0.0,0.0,0.0,0.0,0.0,0.0,0.0,0.0,0.0,0.0,0.0,0.0,0.0,0.0,0.0,0.0,0.0,0.0,0.0,0.0,0.0,0.0,0.0
1011,0.0,0.0,0.0,0.0,0.0,0.0,0.0,0.0,0.0,0.0,0.0,0.0,0.0,0.0,0.0,0.0,0.0,0.0,0.0,0.0,0.0,0.0,0.0,0.0,0.0,0.0,0.0,0.0,0.0,0.0,0.0,0.0,0.0,0.0
1012,0.0,0.0,0.0,0.0,0.0,0.0,0.0,0.0,0.0,0.0,0.0,0.0,0.0,0.0,0.0,0.0,0.0,0.0,0.0,0.0,0.0,0.0,0.0,0.0,0.0,0.0,0.0,0.0,0.0,0.0,0.0,0.0,0.0,0.0
1013,0.0,0.0,0.0,0.0,0.0,0.0,0.0,0.0,0.0,0.0,0.0,0.0,0.0,0.0,0.0,0.0,0.0,0.0,0.0,0.0,0.0,0.0,0.0,0.0,0.0,0.0,0.0,0.0,0.0,0.0,0.0,0.0,0.0,0.0
1014,0.0,0.0,0.0,0.0,0.0,0.0,0.0,0.0,0.0,0.0,0.0,0.0,0.0,0.0,0.0,0.0,0.0,0.0,0.0,0.0,0.0,0.0,0.0,0.0,0.0,0.0,0.0,0.0,0.0,0.0,0.0,0.0,0.0,0.0
1015,0.0,0.0,0.0,0.0,0.0,0.0,0.0,0.0,0.0,0.0,0.0,0.0,0.0,0.0,0.0,0.0,0.0,0.0,0.0,0.0,0.0,0.0,0.0,0.0,0.0,0.0,0.0,0.0,0.0,0.0,0.0,0.0,0.0,0.0
1016,0.0,0.0,0.0,0.0,0.0,0.0,0.0,0.0,0.0,0.0,0.0,0.0,0.0,0.0,0.0,0.0,0.0,0.0,0.0,0.0,0.0,0.0,0.0,0.0,0.0,0.0,0.0,0.0,0.0,0.0,0.0,0.0,0.0,0.0
1017,0.0,0.0,0.0,0.0,0.0,0.0,0.0,0.0,0.0,0.0,0.0,0.0,0.0,0.0,0.0,0.0,0.0,0.0,0.0,0.0,0.0,0.0,0.0,0.0,0.0,0.0,0.0,0.0,0.0,0.0,0.0,0.0,0.0,0.0
1018,0.0,0.0,0.0,0.0,0.0,0.0,0.0,0.0,0.0,0.0,0.0,0.0,0.0,0.0,0.0,0.0,0.0,0.0,0.0,0.0,0.0,0.0,0.0,0.0,0.0,0.0,0.0,0.0,0.0,0.0,0.0,0.0,0.0,0.0
1019,0.0,0.0,0.0,0.0,0.0,0.0,0.0,0.0,0.0,0.0,0.0,0.0,0.0,0.0,0.0,0.0,0.0,0.0,0.0,0.0,0.0,0.0,0.0,0.0,0.0,0.0,0.0,0.0,0.0,0.0,0.0,0.0,0.0,0.0
1020,0.0,0.0,0.0,0.0,0.0,0.0,0.0,0.0,0.0,0.0,0.0,0.0,0.0,0.0,0.0,0.0,0.0,0.0,0.0,0.0,0.0,0.0,0.0,0.0,0.0,0.0,0.0,0.0,0.0,0.0,0.0,0.0,0.0,0.0
1021,0.0,0.0,0.0,0.0,0.0,0.0,0.0,0.0,0.0,0.0,0.0,0.0,0.0,0.0,0.0,0.0,0.0,0.0,0.0,0.0,0.0,0.0,0.0,0.0,0.0,0.0,0.0,0.0,0.0,0.0,0.0,0.0,0.0,0.0
1022,0.0,0.0,0.0,0.0,0.0,0.0,0.0,0.0,0.0,0.0,0.0,0.0,0.0,0.0,0.0,0.0,0.0,0.0,0.0,0.0,0.0,0.0,0.0,0.0,0.0,0.0,0.0,0.0,0.0,0.0,0.0,0.0,0.0,0.0
1023,0.0,0.0,0.0,0.0,0.0,0.0,0.0,0.0,0.0,0.0,0.0,0.0,0.0,0.0,0.0,0.0,0.0,0.0,0.0,0.0,0.0,0.0,0.0,0.0,0.0,0.0,0.0,0.0,0.0,0.0,0.0,0.0,0.0,0.0
1024,0.0,0.0,0.0,0.0,0.0,0.0,0.0,0.0,0.0,0.0,0.0,0.0,0.0,0.0,0.0,0.0,0.0,0.0,0.0,0.0,0.0,0.0,0.0,0.0,0.0,0.0,0.0,0.0,0.0,0.0,0.0,0.0,0.0,0.0
1025,0.0,0.0,0.0,0.0,0.0,0.0,0.0,0.0,0.0,0.0,0.0,0.0,0.0,0.0,0.0,0.0,0.0,0.0,0.0,0.0,0.0,0.0,0.0,0.0,0.0,0.0,0.0,0.0,0.0,0.0,0.0,0.0,0.0,0.0
1026,0.0,0.0,0.0,0.0,0.0,0.0,0.0,0.0,0.0,0.0,0.0,0.0,0.0,0.0,0.0,0.0,0.0,0.0,0.0,0.0,0.0,0.0,0.0,0.0,0.0,0.0,0.0,0.0,0.0,0.0,0.0,0.0,0.0,0.0
1027,0.0,0.0,0.0,0.0,0.0,0.0,0.0,0.0,0.0,0.0,0.0,0.0,0.0,0.0,0.0,0.0,0.0,0.0,0.0,0.0,0.0,0.0,0.0,0.0,0.0,0.0,0.0,0.0,0.0,0.0,0.0,0.0,0.0,0.0
1028,0.0,0.0,0.0,0.0,0.0,0.0,0.0,0.0,0.0,0.0,0.0,0.0,0.0,0.0,0.0,0.0,0.0,0.0,0.0,0.0,0.0,0.0,0.0,0.0,0.0,0.0,0.0,0.0,0.0,0.0,0.0,0.0,0.0,0.0
1029,0.0,0.0,0.0,0.0,0.0,0.0,0.0,0.0,0.0,0.0,0.0,0.0,0.0,0.0,0.0,0.0,0.0,0.0,0.0,0.0,0.0,0.0,0.0,0.0,0.0,0.0,0.0,0.0,0.0,0.0,0.0,0.0,0.0,0.0
1030,0.0,0.0,0.0,0.0,0.0,0.0,0.0,0.0,0.0,0.0,0.0,0.0,0.0,0.0,0.0,0.0,0.0,0.0,0.0,0.0,0.0,0.0,0.0,0.0,0.0,0.0,0.0,0.0,0.0,0.0,0.0,0.0,0.0,0.0
1031,0.0,0.0,0.0,0.0,0.0,0.0,0.0,0.0,0.0,0.0,0.0,0.0,0.0,0.0,0.0,0.0,0.0,0.0,0.0,0.0,0.0,0.0,0.0,0.0,0.0,0.0,0.0,0.0,0.0,0.0,0.0,0.0,0.0,0.0
1032,0.0,0.0,0.0,0.0,0.0,0.0,0.0,0.0,0.0,0.0,0.0,0.0,0.0,0.0,0.0,0.0,0.0,0.0,0.0,0.0,0.0,0.0,0.0,0.0,0.0,0.0,0.0,0.0,0.0,0.0,0.0,0.0,0.0,0.0
1033,0.0,0.0,0.0,0.0,0.0,0.0,0.0,0.0,0.0,0.0,0.0,0.0,0.0,0.0,0.0,0.0,0.0,0.0,0.0,0.0,0.0,0.0,0.0,0.0,0.0,0.0,0.0,0.0,0.0,0.0,0.0,0.0,0.0,0.0
1034,0.0,0.0,0.0,0.0,0.0,0.0,0.0,0.0,0.0,0.0,0.0,0.0,0.0,0.0,0.0,0.0,0.0,0.0,0.0,0.0,0.0,0.0,0.0,0.0,0.0,0.0,0.0,0.0,0.0,0.0,0.0,0.0,0.0,0.0
1035,0.0,0.0,0.0,0.0,0.0,0.0,0.0,0.0,0.0,0.0,0.0,0.0,0.0,0.0,0.0,0.0,0.0,0.0,0.0,0.0,0.0,0.0,0.0,0.0,0.0,0.0,0.0,0.0,0.0,0.0,0.0,0.0,0.0,0.0
1036,0.0,0.0,0.0,0.0,0.0,0.0,0.0,0.0,0.0,0.0,0.0,0.0,0.0,0.0,0.0,0.0,0.0,0.0,0.0,0.0,0.0,0.0,0.0,0.0,0.0,0.0,0.0,0.0,0.0,0.0,0.0,0.0,0.0,0.0
1037,0.0,0.0,0.0,0.0,0.0,0.0,0.0,0.0,0.0,0.0,0.0,0.0,0.0,0.0,0.0,0.0,0.0,0.0,0.0,0.0,0.0,0.0,0.0,0.0,0.0,0.0,0.0,0.0,0.0,0.0,0.0,0.0,0.0,0.0
1038,0.0,0.0,0.0,0.0,0.0,0.0,0.0,0.0,0.0,0.0,0.0,0.0,0.0,0.0,0.0,0.0,0.0,0.0,0.0,0.0,0.0,0.0,0.0,0.0,0.0,0.0,0.0,0.0,0.0,0.0,0.0,0.0,0.0,0.0
1039,0.0,0.0,0.0,0.0,0.0,0.0,0.0,0.0,0.0,0.0,0.0,0.0,0.0,0.0,0.0,0.0,0.0,0.0,0.0,0.0,0.0,0.0,0.0,0.0,0.0,0.0,0.0,0.0,0.0,0.0,0.0,0.0,0.0,0.0
1040,0.0,0.0,0.0,0.0,0.0,0.0,0.0,0.0,0.0,0.0,0.0,0.0,0.0,0.0,0.0,0.0,0.0,0.0,0.0,0.0,0.0,0.0,0.0,0.0,0.0,0.0,0.0,0.0,0.0,0.0,0.0,0.0,0.0,0.0
1041,0.0,0.0,0.0,0.0,0.0,0.0,0.0,0.0,0.0,0.0,0.0,0.0,0.0,0.0,0.0,0.0,0.0,0.0,0.0,0.0,0.0,0.0,0.0,0.0,0.0,0.0,0.0,0.0,0.0,0.0,0.0,0.0,0.0,0.0
1042,0.0,0.0,0.0,0.0,0.0,0.0,0.0,0.0,0.0,0.0,0.0,0.0,0.0,0.0,0.0,0.0,0.0,0.0,0.0,0.0,0.0,0.0,0.0,0.0,0.0,0.0,0.0,0.0,0.0,0.0,0.0,0.0,0.0,0.0
1043,0.0,0.0,0.0,0.0,0.0,0.0,0.0,0.0,0.0,0.0,0.0,0.0,0.0,0.0,0.0,0.0,0.0,0.0,0.0,0.0,0.0,0.0,0.0,0.0,0.0,0.0,0.0,0.0,0.0,0.0,0.0,0.0,0.0,0.0
1044,0.0,0.0,0.0,0.0,0.0,0.0,0.0,0.0,0.0,0.0,0.0,0.0,0.0,0.0,0.0,0.0,0.0,0.0,0.0,0.0,0.0,0.0,0.0,0.0,0.0,0.0,0.0,0.0,0.0,0.0,0.0,0.0,0.0,0.0
1045,0.0,0.0,0.0,0.0,0.0,0.0,0.0,0.0,0.0,0.0,0.0,0.0,0.0,0.0,0.0,0.0,0.0,0.0,0.0,0.0,0.0,0.0,0.0,0.0,0.0,0.0,0.0,0.0,0.0,0.0,0.0,0.0,0.0,0.0
1046,0.0,0.0,0.0,0.0,0.0,0.0,0.0,0.0,0.0,0.0,0.0,0.0,0.0,0.0,0.0,0.0,0.0,0.0,0.0,0.0,0.0,0.0,0.0,0.0,0.0,0.0,0.0,0.0,0.0,0.0,0.0,0.0,0.0,0.0
1047,0.0,0.0,0.0,0.0,0.0,0.0,0.0,0.0,0.0,0.0,0.0,0.0,0.0,0.0,0.0,0.0,0.0,0.0,0.0,0.0,0.0,0.0,0.0,0.0,0.0,0.0,0.0,0.0,0.0,0.0,0.0,0.0,0.0,0.0
1048,0.0,0.0,0.0,0.0,0.0,0.0,0.0,0.0,0.0,0.0,0.0,0.0,0.0,0.0,0.0,0.0,0.0,0.0,0.0,0.0,0.0,0.0,0.0,0.0,0.0,0.0,0.0,0.0,0.0,0.0,0.0,0.0,0.0,0.0
1049,0.0,0.0,0.0,0.0,0.0,0.0,0.0,0.0,0.0,0.0,0.0,0.0,0.0,0.0,0.0,0.0,0.0,0.0,0.0,0.0,0.0,0.0,0.0,0.0,0.0,0.0,0.0,0.0,0.0,0.0,0.0,0.0,0.0,0.0
1050,0.0,0.0,0.0,0.0,0.0,0.0,0.0,0.0,0.0,0.0,0.0,0.0,0.0,0.0,0.0,0.0,0.0,0.0,0.0,0.0,0.0,0.0,0.0,0.0,0.0,0.0,0.0,0.0,0.0,0.0,0.0,0.0,0.0,0.0
1051,0.0,0.0,0.0,0.0,0.0,0.0,0.0,0.0,0.0,0.0,0.0,0.0,0.0,0.0,0.0,0.0,0.0,0.0,0.0,0.0,0.0,0.0,0.0,0.0,0.0,0.0,0.0,0.0,0.0,0.0,0.0,0.0,0.0,0.0
1052,0.0,0.0,0.0,0.0,0.0,0.0,0.0,0.0,0.0,0.0,0.0,0.0,0.0,0.0,0.0,0.0,0.0,0.0,0.0,0.0,0.0,0.0,0.0,0.0,0.0,0.0,0.0,0.0,0.0,0.0,0.0,0.0,0.0,0.0
1053,0.0,0.0,0.0,0.0,0.0,0.0,0.0,0.0,0.0,0.0,0.0,0.0,0.0,0.0,0.0,0.0,0.0,0.0,0.0,0.0,0.0,0.0,0.0,0.0,0.0,0.0,0.0,0.0,0.0,0.0,0.0,0.0,0.0,0.0
1054,0.0,0.0,0.0,0.0,0.0,0.0,0.0,0.0,0.0,0.0,0.0,0.0,0.0,0.0,0.0,0.0,0.0,0.0,0.0,0.0,0.0,0.0,0.0,0.0,0.0,0.0,0.0,0.0,0.0,0.0,0.0,0.0,0.0,0.0
1055,0.0,0.0,0.0,0.0,0.0,0.0,0.0,0.0,0.0,0.0,0.0,0.0,0.0,0.0,0.0,0.0,0.0,0.0,0.0,0.0,0.0,0.0,0.0,0.0,0.0,0.0,0.0,0.0,0.0,0.0,0.0,0.0,0.0,0.0
1056,0.0,0.0,0.0,0.0,0.0,0.0,0.0,0.0,0.0,0.0,0.0,0.0,0.0,0.0,0.0,0.0,0.0,0.0,0.0,0.0,0.0,0.0,0.0,0.0,0.0,0.0,0.0,0.0,0.0,0.0,0.0,0.0,0.0,0.0
1057,0.0,0.0,0.0,0.0,0.0,0.0,0.0,0.0,0.0,0.0,0.0,0.0,0.0,0.0,0.0,0.0,0.0,0.0,0.0,0.0,0.0,0.0,0.0,0.0,0.0,0.0,0.0,0.0,0.0,0.0,0.0,0.0,0.0,0.0
1058,0.0,0.0,0.0,0.0,0.0,0.0,0.0,0.0,0.0,0.0,0.0,0.0,0.0,0.0,0.0,0.0,0.0,0.0,0.0,0.0,0.0,0.0,0.0,0.0,0.0,0.0,0.0,0.0,0.0,0.0,0.0,0.0,0.0,0.0
1059,0.0,0.0,0.0,0.0,0.0,0.0,0.0,0.0,0.0,0.0,0.0,0.0,0.0,0.0,0.0,0.0,0.0,0.0,0.0,0.0,0.0,0.0,0.0,0.0,0.0,0.0,0.0,0.0,0.0,0.0,0.0,0.0,0.0,0.0
1060,0.0,0.0,0.0,0.0,0.0,0.0,0.0,0.0,0.0,0.0,0.0,0.0,0.0,0.0,0.0,0.0,0.0,0.0,0.0,0.0,0.0,0.0,0.0,0.0,0.0,0.0,0.0,0.0,0.0,0.0,0.0,0.0,0.0,0.0
1061,0.0,0.0,0.0,0.0,0.0,0.0,0.0,0.0,0.0,0.0,0.0,0.0,0.0,0.0,0.0,0.0,0.0,0.0,0.0,0.0,0.0,0.0,0.0,0.0,0.0,0.0,0.0,0.0,0.0,0.0,0.0,0.0,0.0,0.0
1062,0.0,0.0,0.0,0.0,0.0,0.0,0.0,0.0,0.0,0.0,0.0,0.0,0.0,0.0,0.0,0.0,0.0,0.0,0.0,0.0,0.0,0.0,0.0,0.0,0.0,0.0,0.0,0.0,0.0,0.0,0.0,0.0,0.0,0.0
1063,0.0,0.0,0.0,0.0,0.0,0.0,0.0,0.0,0.0,0.0,0.0,0.0,0.0,0.0,0.0,0.0,0.0,0.0,0.0,0.0,0.0,0.0,0.0,0.0,0.0,0.0,0.0,0.0,0.0,0.0,0.0,0.0,0.0,0.0
1064,0.0,0.0,0.0,0.0,0.0,0.0,0.0,0.0,0.0,0.0,0.0,0.0,0.0,0.0,0.0,0.0,0.0,0.0,0.0,0.0,0.0,0.0,0.0,0.0,0.0,0.0,0.0,0.0,0.0,0.0,0.0,0.0,0.0,0.0
1065,0.0,0.0,0.0,0.0,0.0,0.0,0.0,0.0,0.0,0.0,0.0,0.0,0.0,0.0,0.0,0.0,0.0,0.0,0.0,0.0,0.0,0.0,0.0,0.0,0.0,0.0,0.0,0.0,0.0,0.0,0.0,0.0,0.0,0.0
1066,0.0,0.0,0.0,0.0,0.0,0.0,0.0,0.0,0.0,0.0,0.0,0.0,0.0,0.0,0.0,0.0,0.0,0.0,0.0,0.0,0.0,0.0,0.0,0.0,0.0,0.0,0.0,0.0,0.0,0.0,0.0,0.0,0.0,0.0
1067,0.0,0.0,0.0,0.0,0.0,0.0,0.0,0.0,0.0,0.0,0.0,0.0,0.0,0.0,0.0,0.0,0.0,0.0,0.0,0.0,0.0,0.0,0.0,0.0,0.0,0.0,0.0,0.0,0.0,0.0,0.0,0.0,0.0,0.0
1068,0.0,0.0,0.0,0.0,0.0,0.0,0.0,0.0,0.0,0.0,0.0,0.0,0.0,0.0,0.0,0.0,0.0,0.0,0.0,0.0,0.0,0.0,0.0,0.0,0.0,0.0,0.0,0.0,0.0,0.0,0.0,0.0,0.0,0.0
1069,0.0,0.0,0.0,0.0,0.0,0.0,0.0,0.0,0.0,0.0,0.0,0.0,0.0,0.0,0.0,0.0,0.0,0.0,0.0,0.0,0.0,0.0,0.0,0.0,0.0,0.0,0.0,0.0,0.0,0.0,0.0,0.0,0.0,0.0
1070,0.0,0.0,0.0,0.0,0.0,0.0,0.0,0.0,0.0,0.0,0.0,0.0,0.0,0.0,0.0,0.0,0.0,0.0,0.0,0.0,0.0,0.0,0.0,0.0,0.0,0.0,0.0,0.0,0.0,0.0,0.0,0.0,0.0,0.0
1071,0.0,0.0,0.0,0.0,0.0,0.0,0.0,0.0,0.0,0.0,0.0,0.0,0.0,0.0,0.0,0.0,0.0,0.0,0.0,0.0,0.0,0.0,0.0,0.0,0.0,0.0,0.0,0.0,0.0,0.0,0.0,0.0,0.0,0.0
1072,0.0,0.0,0.0,0.0,0.0,0.0,0.0,0.0,0.0,0.0,0.0,0.0,0.0,0.0,0.0,0.0,0.0,0.0,0.0,0.0,0.0,0.0,0.0,0.0,0.0,0.0,0.0,0.0,0.0,0.0,0.0,0.0,0.0,0.0
1073,0.0,0.0,0.0,0.0,0.0,0.0,0.0,0.0,0.0,0.0,0.0,0.0,0.0,0.0,0.0,0.0,0.0,0.0,0.0,0.0,0.0,0.0,0.0,0.0,0.0,0.0,0.0,0.0,0.0,0.0,0.0,0.0,0.0,0.0
1074,0.0,0.0,0.0,0.0,0.0,0.0,0.0,0.0,0.0,0.0,0.0,0.0,0.0,0.0,0.0,0.0,0.0,0.0,0.0,0.0,0.0,0.0,0.0,0.0,0.0,0.0,0.0,0.0,0.0,0.0,0.0,0.0,0.0,0.0
1075,0.0,0.0,0.0,0.0,0.0,0.0,0.0,0.0,0.0,0.0,0.0,0.0,0.0,0.0,0.0,0.0,0.0,0.0,0.0,0.0,0.0,0.0,0.0,0.0,0.0,0.0,0.0,0.0,0.0,0.0,0.0,0.0,0.0,0.0
1076,0.0,0.0,0.0,0.0,0.0,0.0,0.0,0.0,0.0,0.0,0.0,0.0,0.0,0.0,0.0,0.0,0.0,0.0,0.0,0.0,0.0,0.0,0.0,0.0,0.0,0.0,0.0,0.0,0.0,0.0,0.0,0.0,0.0,0.0
1077,0.0,0.0,0.0,0.0,0.0,0.0,0.0,0.0,0.0,0.0,0.0,0.0,0.0,0.0,0.0,0.0,0.0,0.0,0.0,0.0,0.0,0.0,0.0,0.0,0.0,0.0,0.0,0.0,0.0,0.0,0.0,0.0,0.0,0.0
1078,0.0,0.0,0.0,0.0,0.0,0.0,0.0,0.0,0.0,0.0,0.0,0.0,0.0,0.0,0.0,0.0,0.0,0.0,0.0,0.0,0.0,0.0,0.0,0.0,0.0,0.0,0.0,0.0,0.0,0.0,0.0,0.0,0.0,0.0
1079,0.0,0.0,0.0,0.0,0.0,0.0,0.0,0.0,0.0,0.0,0.0,0.0,0.0,0.0,0.0,0.0,0.0,0.0,0.0,0.0,0.0,0.0,0.0,0.0,0.0,0.0,0.0,0.0,0.0,0.0,0.0,0.0,0.0,0.0
1080,0.0,0.0,0.0,0.0,0.0,0.0,0.0,0.0,0.0,0.0,0.0,0.0,0.0,0.0,0.0,0.0,0.0,0.0,0.0,0.0,0.0,0.0,0.0,0.0,0.0,0.0,0.0,0.0,0.0,0.0,0.0,0.0,0.0,0.0
1081,0.0,0.0,0.0,0.0,0.0,0.0,0.0,0.0,0.0,0.0,0.0,0.0,0.0,0.0,0.0,0.0,0.0,0.0,0.0,0.0,0.0,0.0,0.0,0.0,0.0,0.0,0.0,0.0,0.0,0.0,0.0,0.0,0.0,0.0
1082,0.0,0.0,0.0,0.0,0.0,0.0,0.0,0.0,0.0,0.0,0.0,0.0,0.0,0.0,0.0,0.0,0.0,0.0,0.0,0.0,0.0,0.0,0.0,0.0,0.0,0.0,0.0,0.0,0.0,0.0,0.0,0.0,0.0,0.0
1083,0.0,0.0,0.0,0.0,0.0,0.0,0.0,0.0,0.0,0.0,0.0,0.0,0.0,0.0,0.0,0.0,0.0,0.0,0.0,0.0,0.0,0.0,0.0,0.0,0.0,0.0,0.0,0.0,0.0,0.0,0.0,0.0,0.0,0.0
1084,0.0,0.0,0.0,0.0,0.0,0.0,0.0,0.0,0.0,0.0,0.0,0.0,0.0,0.0,0.0,0.0,0.0,0.0,0.0,0.0,0.0,0.0,0.0,0.0,0.0,0.0,0.0,0.0,0.0,0.0,0.0,0.0,0.0,0.0
1085,0.0,0.0,0.0,0.0,0.0,0.0,0.0,0.0,0.0,0.0,0.0,0.0,0.0,0.0,0.0,0.0,0.0,0.0,0.0,0.0,0.0,0.0,0.0,0.0,0.0,0.0,0.0,0.0,0.0,0.0,0.0,0.0,0.0,0.0
1086,0.0,0.0,0.0,0.0,0.0,0.0,0.0,0.0,0.0,0.0,0.0,0.0,0.0,0.0,0.0,0.0,0.0,0.0,0.0,0.0,0.0,0.0,0.0,0.0,0.0,0.0,0.0,0.0,0.0,0.0,0.0,0.0,0.0,0.0
1087,0.0,0.0,0.0,0.0,0.0,0.0,0.0,0.0,0.0,0.0,0.0,0.0,0.0,0.0,0.0,0.0,0.0,0.0,0.0,0.0,0.0,0.0,0.0,0.0,0.0,0.0,0.0,0.0,0.0,0.0,0.0,0.0,0.0,0.0
1088,0.0,0.0,0.0,0.0,0.0,0.0,0.0,0.0,0.0,0.0,0.0,0.0,0.0,0.0,0.0,0.0,0.0,0.0,0.0,0.0,0.0,0.0,0.0,0.0,0.0,0.0,0.0,0.0,0.0,0.0,0.0,0.0,0.0,0.0
1089,0.0,0.0,0.0,0.0,0.0,0.0,0.0,0.0,0.0,0.0,0.0,0.0,0.0,0.0,0.0,0.0,0.0,0.0,0.0,0.0,0.0,0.0,0.0,0.0,0.0,0.0,0.0,0.0,0.0,0.0,0.0,0.0,0.0,0.0
1090,0.0,0.0,0.0,0.0,0.0,0.0,0.0,0.0,0.0,0.0,0.0,0.0,0.0,0.0,0.0,0.0,0.0,0.0,0.0,0.0,0.0,0.0,0.0,0.0,0.0,0.0,0.0,0.0,0.0,0.0,0.0,0.0,0.0,0.0
1091,0.0,0.0,0.0,0.0,0.0,0.0,0.0,0.0,0.0,0.0,0.0,0.0,0.0,0.0,0.0,0.0,0.0,0.0,0.0,0.0,0.0,0.0,0.0,0.0,0.0,0.0,0.0,0.0,0.0,0.0,0.0,0.0,0.0,0.0
1092,0.0,0.0,0.0,0.0,0.0,0.0,0.0,0.0,0.0,0.0,0.0,0.0,0.0,0.0,0.0,0.0,0.0,0.0,0.0,0.0,0.0,0.0,0.0,0.0,0.0,0.0,0.0,0.0,0.0,0.0,0.0,0.0,0.0,0.0
1093,0.0,0.0,0.0,0.0,0.0,0.0,0.0,0.0,0.0,0.0,0.0,0.0,0.0,0.0,0.0,0.0,0.0,0.0,0.0,0.0,0.0,0.0,0.0,0.0,0.0,0.0,0.0,0.0,0.0,0.0,0.0,0.0,0.0,0.0
1094,0.0,0.0,0.0,0.0,0.0,0.0,0.0,0.0,0.0,0.0,0.0,0.0,0.0,0.0,0.0,0.0,0.0,0.0,0.0,0.0,0.0,0.0,0.0,0.0,0.0,0.0,0.0,0.0,0.0,0.0,0.0,0.0,0.0,0.0
1095,0.0,0.0,0.0,0.0,0.0,0.0,0.0,0.0,0.0,0.0,0.0,0.0,0.0,0.0,0.0,0.0,0.0,0.0,0.0,0.0,0.0,0.0,0.0,0.0,0.0,0.0,0.0,0.0,0.0,0.0,0.0,0.0,0.0,0.0
1096,0.0,0.0,0.0,0.0,0.0,0.0,0.0,0.0,0.0,0.0,0.0,0.0,0.0,0.0,0.0,0.0,0.0,0.0,0.0,0.0,0.0,0.0,0.0,0.0,0.0,0.0,0.0,0.0,0.0,0.0,0.0,0.0,0.0,0.0
1097,0.0,0.0,0.0,0.0,0.0,0.0,0.0,0.0,0.0,0.0,0.0,0.0,0.0,0.0,0.0,0.0,0.0,0.0,0.0,0.0,0.0,0.0,0.0,0.0,0.0,0.0,0.0,0.0,0.0,0.0,0.0,0.0,0.0,0.0
1098,0.0,0.0,0.0,0.0,0.0,0.0,0.0,0.0,0.0,0.0,0.0,0.0,0.0,0.0,0.0,0.0,0.0,0.0,0.0,0.0,0.0,0.0,0.0,0.0,0.0,0.0,0.0,0.0,0.0,0.0,0.0,0.0,0.0,0.0
1099,0.0,0.0,0.0,0.0,0.0,0.0,0.0,0.0,0.0,0.0,0.0,0.0,0.0,0.0,0.0,0.0,0.0,0.0,0.0,0.0,0.0,0.0,0.0,0.0,0.0,0.0,0.0,0.0,0.0,0.0,0.0,0.0,0.0,0.0
1100,0.0,0.0,0.0,0.0,0.0,0.0,0.0,0.0,0.0,0.0,0.0,0.0,0.0,0.0,0.0,0.0,0.0,0.0,0.0,0.0,0.0,0.0,0.0,0.0,0.0,0.0,0.0,0.0,0.0,0.0,0.0,0.0,0.0,0.0
1101,0.0,0.0,0.0,0.0,0.0,0.0,0.0,0.0,0.0,0.0,0.0,0.0,0.0,0.0,0.0,0.0,0.0,0.0,0.0,0.0,0.0,0.0,0.0,0.0,0.0,0.0,0.0,0.0,0.0,0.0,0.0,0.0,0.0,0.0
1102,0.0,0.0,0.0,0.0,0.0,0.0,0.0,0.0,0.0,0.0,0.0,0.0,0.0,0.0,0.0,0.0,0.0,0.0,0.0,0.0,0.0,0.0,0.0,0.0,0.0,0.0,0.0,0.0,0.0,0.0,0.0,0.0,0.0,0.0
1103,0.0,0.0,0.0,0.0,0.0,0.0,0.0,0.0,0.0,0.0,0.0,0.0,0.0,0.0,0.0,0.0,0.0,0.0,0.0,0.0,0.0,0.0,0.0,0.0,0.0,0.0,0.0,0.0,0.0,0.0,0.0,0.0,0.0,0.0
1104,0.0,0.0,0.0,0.0,0.0,0.0,0.0,0.0,0.0,0.0,0.0,0.0,0.0,0.0,0.0,0.0,0.0,0.0,0.0,0.0,0.0,0.0,0.0,0.0,0.0,0.0,0.0,0.0,0.0,0.0,0.0,0.0,0.0,0.0
1105,0.0,0.0,0.0,0.0,0.0,0.0,0.0,0.0,0.0,0.0,0.0,0.0,0.0,0.0,0.0,0.0,0.0,0.0,0.0,0.0,0.0,0.0,0.0,0.0,0.0,0.0,0.0,0.0,0.0,0.0,0.0,0.0,0.0,0.0
1106,0.0,0.0,0.0,0.0,0.0,0.0,0.0,0.0,0.0,0.0,0.0,0.0,0.0,0.0,0.0,0.0,0.0,0.0,0.0,0.0,0.0,0.0,0.0,0.0,0.0,0.0,0.0,0.0,0.0,0.0,0.0,0.0,0.0,0.0
1107,0.0,0.0,0.0,0.0,0.0,0.0,0.0,0.0,0.0,0.0,0.0,0.0,0.0,0.0,0.0,0.0,0.0,0.0,0.0,0.0,0.0,0.0,0.0,0.0,0.0,0.0,0.0,0.0,0.0,0.0,0.0,0.0,0.0,0.0
1108,0.0,0.0,0.0,0.0,0.0,0.0,0.0,0.0,0.0,0.0,0.0,0.0,0.0,0.0,0.0,0.0,0.0,0.0,0.0,0.0,0.0,0.0,0.0,0.0,0.0,0.0,0.0,0.0,0.0,0.0,0.0,0.0,0.0,0.0
1109,0.0,0.0,0.0,0.0,0.0,0.0,0.0,0.0,0.0,0.0,0.0,0.0,0.0,0.0,0.0,0.0,0.0,0.0,0.0,0.0,0.0,0.0,0.0,0.0,0.0,0.0,0.0,0.0,0.0,0.0,0.0,0.0,0.0,0.0
1110,0.0,0.0,0.0,0.0,0.0,0.0,0.0,0.0,0.0,0.0,0.0,0.0,0.0,0.0,0.0,0.0,0.0,0.0,0.0,0.0,0.0,0.0,0.0,0.0,0.0,0.0,0.0,0.0,0.0,0.0,0.0,0.0,0.0,0.0
1111,0.0,0.0,0.0,0.0,0.0,0.0,0.0,0.0,0.0,0.0,0.0,0.0,0.0,0.0,0.0,0.0,0.0,0.0,0.0,0.0,0.0,0.0,0.0,0.0,0.0,0.0,0.0,0.0,0.0,0.0,0.0,0.0,0.0,0.0
1112,0.0,0.0,0.0,0.0,0.0,0.0,0.0,0.0,0.0,0.0,0.0,0.0,0.0,0.0,0.0,0.0,0.0,0.0,0.0,0.0,0.0,0.0,0.0,0.0,0.0,0.0,0.0,0.0,0.0,0.0,0.0,0.0,0.0,0.0
1113,0.0,0.0,0.0,0.0,0.0,0.0,0.0,0.0,0.0,0.0,0.0,0.0,0.0,0.0,0.0,0.0,0.0,0.0,0.0,0.0,0.0,0.0,0.0,0.0,0.0,0.0,0.0,0.0,0.0,0.0,0.0,0.0,0.0,0.0
1114,0.0,0.0,0.0,0.0,0.0,0.0,0.0,0.0,0.0,0.0,0.0,0.0,0.0,0.0,0.0,0.0,0.0,0.0,0.0,0.0,0.0,0.0,0.0,0.0,0.0,0.0,0.0,0.0,0.0,0.0,0.0,0.0,0.0,0.0
1115,0.0,0.0,0.0,0.0,0.0,0.0,0.0,0.0,0.0,0.0,0.0,0.0,0.0,0.0,0.0,0.0,0.0,0.0,0.0,0.0,0.0,0.0,0.0,0.0,0.0,0.0,0.0,0.0,0.0,0.0,0.0,0.0,0.0,0.0
1116,0.0,0.0,0.0,0.0,0.0,0.0,0.0,0.0,0.0,0.0,0.0,0.0,0.0,0.0,0.0,0.0,0.0,0.0,0.0,0.0,0.0,0.0,0.0,0.0,0.0,0.0,0.0,0.0,0.0,0.0,0.0,0.0,0.0,0.0
1117,0.0,0.0,0.0,0.0,0.0,0.0,0.0,0.0,0.0,0.0,0.0,0.0,0.0,0.0,0.0,0.0,0.0,0.0,0.0,0.0,0.0,0.0,0.0,0.0,0.0,0.0,0.0,0.0,0.0,0.0,0.0,0.0,0.0,0.0
1118,0.0,0.0,0.0,0.0,0.0,0.0,0.0,0.0,0.0,0.0,0.0,0.0,0.0,0.0,0.0,0.0,0.0,0.0,0.0,0.0,0.0,0.0,0.0,0.0,0.0,0.0,0.0,0.0,0.0,0.0,0.0,0.0,0.0,0.0
1119,0.0,0.0,0.0,0.0,0.0,0.0,0.0,0.0,0.0,0.0,0.0,0.0,0.0,0.0,0.0,0.0,0.0,0.0,0.0,0.0,0.0,0.0,0.0,0.0,0.0,0.0,0.0,0.0,0.0,0.0,0.0,0.0,0.0,0.0
1120,0.0,0.0,0.0,0.0,0.0,0.0,0.0,0.0,0.0,0.0,0.0,0.0,0.0,0.0,0.0,0.0,0.0,0.0,0.0,0.0,0.0,0.0,0.0,0.0,0.0,0.0,0.0,0.0,0.0,0.0,0.0,0.0,0.0,0.0
1121,0.0,0.0,0.0,0.0,0.0,0.0,0.0,0.0,0.0,0.0,0.0,0.0,0.0,0.0,0.0,0.0,0.0,0.0,0.0,0.0,0.0,0.0,0.0,0.0,0.0,0.0,0.0,0.0,0.0,0.0,0.0,0.0,0.0,0.0
1122,0.0,0.0,0.0,0.0,0.0,0.0,0.0,0.0,0.0,0.0,0.0,0.0,0.0,0.0,0.0,0.0,0.0,0.0,0.0,0.0,0.0,0.0,0.0,0.0,0.0,0.0,0.0,0.0,0.0,0.0,0.0,0.0,0.0,0.0
1123,0.0,0.0,0.0,0.0,0.0,0.0,0.0,0.0,0.0,0.0,0.0,0.0,0.0,0.0,0.0,0.0,0.0,0.0,0.0,0.0,0.0,0.0,0.0,0.0,0.0,0.0,0.0,0.0,0.0,0.0,0.0,0.0,0.0,0.0
1124,0.0,0.0,0.0,0.0,0.0,0.0,0.0,0.0,0.0,0.0,0.0,0.0,0.0,0.0,0.0,0.0,0.0,0.0,0.0,0.0,0.0,0.0,0.0,0.0,0.0,0.0,0.0,0.0,0.0,0.0,0.0,0.0,0.0,0.0
1125,0.0,0.0,0.0,0.0,0.0,0.0,0.0,0.0,0.0,0.0,0.0,0.0,0.0,0.0,0.0,0.0,0.0,0.0,0.0,0.0,0.0,0.0,0.0,0.0,0.0,0.0,0.0,0.0,0.0,0.0,0.0,0.0,0.0,0.0
1126,0.0,0.0,0.0,0.0,0.0,0.0,0.0,0.0,0.0,0.0,0.0,0.0,0.0,0.0,0.0,0.0,0.0,0.0,0.0,0.0,0.0,0.0,0.0,0.0,0.0,0.0,0.0,0.0,0.0,0.0,0.0,0.0,0.0,0.0
1127,0.0,0.0,0.0,0.0,0.0,0.0,0.0,0.0,0.0,0.0,0.0,0.0,0.0,0.0,0.0,0.0,0.0,0.0,0.0,0.0,0.0,0.0,0.0,0.0,0.0,0.0,0.0,0.0,0.0,0.0,0.0,0.0,0.0,0.0
1128,0.0,0.0,0.0,0.0,0.0,0.0,0.0,0.0,0.0,0.0,0.0,0.0,0.0,0.0,0.0,0.0,0.0,0.0,0.0,0.0,0.0,0.0,0.0,0.0,0.0,0.0,0.0,0.0,0.0,0.0,0.0,0.0,0.0,0.0
1129,0.0,0.0,0.0,0.0,0.0,0.0,0.0,0.0,0.0,0.0,0.0,0.0,0.0,0.0,0.0,0.0,0.0,0.0,0.0,0.0,0.0,0.0,0.0,0.0,0.0,0.0,0.0,0.0,0.0,0.0,0.0,0.0,0.0,0.0
1130,0.0,0.0,0.0,0.0,0.0,0.0,0.0,0.0,0.0,0.0,0.0,0.0,0.0,0.0,0.0,0.0,0.0,0.0,0.0,0.0,0.0,0.0,0.0,0.0,0.0,0.0,0.0,0.0,0.0,0.0,0.0,0.0,0.0,0.0
1131,0.0,0.0,0.0,0.0,0.0,0.0,0.0,0.0,0.0,0.0,0.0,0.0,0.0,0.0,0.0,0.0,0.0,0.0,0.0,0.0,0.0,0.0,0.0,0.0,0.0,0.0,0.0,0.0,0.0,0.0,0.0,0.0,0.0,0.0
1132,0.0,0.0,0.0,0.0,0.0,0.0,0.0,0.0,0.0,0.0,0.0,0.0,0.0,0.0,0.0,0.0,0.0,0.0,0.0,0.0,0.0,0.0,0.0,0.0,0.0,0.0,0.0,0.0,0.0,0.0,0.0,0.0,0.0,0.0
1133,0.0,0.0,0.0,0.0,0.0,0.0,0.0,0.0,0.0,0.0,0.0,0.0,0.0,0.0,0.0,0.0,0.0,0.0,0.0,0.0,0.0,0.0,0.0,0.0,0.0,0.0,0.0,0.0,0.0,0.0,0.0,0.0,0.0,0.0
1134,0.0,0.0,0.0,0.0,0.0,0.0,0.0,0.0,0.0,0.0,0.0,0.0,0.0,0.0,0.0,0.0,0.0,0.0,0.0,0.0,0.0,0.0,0.0,0.0,0.0,0.0,0.0,0.0,0.0,0.0,0.0,0.0,0.0,0.0
1135,0.0,0.0,0.0,0.0,0.0,0.0,0.0,0.0,0.0,0.0,0.0,0.0,0.0,0.0,0.0,0.0,0.0,0.0,0.0,0.0,0.0,0.0,0.0,0.0,0.0,0.0,0.0,0.0,0.0,0.0,0.0,0.0,0.0,0.0
1136,0.0,0.0,0.0,0.0,0.0,0.0,0.0,0.0,0.0,0.0,0.0,0.0,0.0,0.0,0.0,0.0,0.0,0.0,0.0,0.0,0.0,0.0,0.0,0.0,0.0,0.0,0.0,0.0,0.0,0.0,0.0,0.0,0.0,0.0
1137,0.0,0.0,0.0,0.0,0.0,0.0,0.0,0.0,0.0,0.0,0.0,0.0,0.0,0.0,0.0,0.0,0.0,0.0,0.0,0.0,0.0,0.0,0.0,0.0,0.0,0.0,0.0,0.0,0.0,0.0,0.0,0.0,0.0,0.0
1138,0.0,0.0,0.0,0.0,0.0,0.0,0.0,0.0,0.0,0.0,0.0,0.0,0.0,0.0,0.0,0.0,0.0,0.0,0.0,0.0,0.0,0.0,0.0,0.0,0.0,0.0,0.0,0.0,0.0,0.0,0.0,0.0,0.0,0.0
1139,0.0,0.0,0.0,0.0,0.0,0.0,0.0,0.0,0.0,0.0,0.0,0.0,0.0,0.0,0.0,0.0,0.0,0.0,0.0,0.0,0.0,0.0,0.0,0.0,0.0,0.0,0.0,0.0,0.0,0.0,0.0,0.0,0.0,0.0
1140,0.0,0.0,0.0,0.0,0.0,0.0,0.0,0.0,0.0,0.0,0.0,0.0,0.0,0.0,0.0,0.0,0.0,0.0,0.0,0.0,0.0,0.0,0.0,0.0,0.0,0.0,0.0,0.0,0.0,0.0,0.0,0.0,0.0,0.0
1141,0.0,0.0,0.0,0.0,0.0,0.0,0.0,0.0,0.0,0.0,0.0,0.0,0.0,0.0,0.0,0.0,0.0,0.0,0.0,0.0,0.0,0.0,0.0,0.0,0.0,0.0,0.0,0.0,0.0,0.0,0.0,0.0,0.0,0.0
1142,0.0,0.0,0.0,0.0,0.0,0.0,0.0,0.0,0.0,0.0,0.0,0.0,0.0,0.0,0.0,0.0,0.0,0.0,0.0,0.0,0.0,0.0,0.0,0.0,0.0,0.0,0.0,0.0,0.0,0.0,0.0,0.0,0.0,0.0
1143,0.0,0.0,0.0,0.0,0.0,0.0,0.0,0.0,0.0,0.0,0.0,0.0,0.0,0.0,0.0,0.0,0.0,0.0,0.0,0.0,0.0,0.0,0.0,0.0,0.0,0.0,0.0,0.0,0.0,0.0,0.0,0.0,0.0,0.0
1144,0.0,0.0,0.0,0.0,0.0,0.0,0.0,0.0,0.0,0.0,0.0,0.0,0.0,0.0,0.0,0.0,0.0,0.0,0.0,0.0,0.0,0.0,0.0,0.0,0.0,0.0,0.0,0.0,0.0,0.0,0.0,0.0,0.0,0.0
1145,0.0,0.0,0.0,0.0,0.0,0.0,0.0,0.0,0.0,0.0,0.0,0.0,0.0,0.0,0.0,0.0,0.0,0.0,0.0,0.0,0.0,0.0,0.0,0.0,0.0,0.0,0.0,0.0,0.0,0.0,0.0,0.0,0.0,0.0
1146,0.0,0.0,0.0,0.0,0.0,0.0,0.0,0.0,0.0,0.0,0.0,0.0,0.0,0.0,0.0,0.0,0.0,0.0,0.0,0.0,0.0,0.0,0.0,0.0,0.0,0.0,0.0,0.0,0.0,0.0,0.0,0.0,0.0,0.0
1147,0.0,0.0,0.0,0.0,0.0,0.0,0.0,0.0,0.0,0.0,0.0,0.0,0.0,0.0,0.0,0.0,0.0,0.0,0.0,0.0,0.0,0.0,0.0,0.0,0.0,0.0,0.0,0.0,0.0,0.0,0.0,0.0,0.0,0.0
1148,0.0,0.0,0.0,0.0,0.0,0.0,0.0,0.0,0.0,0.0,0.0,0.0,0.0,0.0,0.0,0.0,0.0,0.0,0.0,0.0,0.0,0.0,0.0,0.0,0.0,0.0,0.0,0.0,0.0,0.0,0.0,0.0,0.0,0.0
1149,0.0,0.0,0.0,0.0,0.0,0.0,0.0,0.0,0.0,0.0,0.0,0.0,0.0,0.0,0.0,0.0,0.0,0.0,0.0,0.0,0.0,0.0,0.0,0.0,0.0,0.0,0.0,0.0,0.0,0.0,0.0,0.0,0.0,0.0
1150,0.0,0.0,0.0,0.0,0.0,0.0,0.0,0.0,0.0,0.0,0.0,0.0,0.0,0.0,0.0,0.0,0.0,0.0,0.0,0.0,0.0,0.0,0.0,0.0,0.0,0.0,0.0,0.0,0.0,0.0,0.0,0.0,0.0,0.0
1151,0.0,0.0,0.0,0.0,0.0,0.0,0.0,0.0,0.0,0.0,0.0,0.0,0.0,0.0,0.0,0.0,0.0,0.0,0.0,0.0,0.0,0.0,0.0,0.0,0.0,0.0,0.0,0.0,0.0,0.0,0.0,0.0,0.0,0.0
1152,0.0,0.0,0.0,0.0,0.0,0.0,0.0,0.0,0.0,0.0,0.0,0.0,0.0,0.0,0.0,0.0,0.0,0.0,0.0,0.0,0.0,0.0,0.0,0.0,0.0,0.0,0.0,0.0,0.0,0.0,0.0,0.0,0.0,0.0
1153,0.0,0.0,0.0,0.0,0.0,0.0,0.0,0.0,0.0,0.0,0.0,0.0,0.0,0.0,0.0,0.0,0.0,0.0,0.0,0.0,0.0,0.0,0.0,0.0,0.0,0.0,0.0,0.0,0.0,0.0,0.0,0.0,0.0,0.0
1154,0.0,0.0,0.0,0.0,0.0,0.0,0.0,0.0,0.0,0.0,0.0,0.0,0.0,0.0,0.0,0.0,0.0,0.0,0.0,0.0,0.0,0.0,0.0,0.0,0.0,0.0,0.0,0.0,0.0,0.0,0.0,0.0,0.0,0.0
1155,0.0,0.0,0.0,0.0,0.0,0.0,0.0,0.0,0.0,0.0,0.0,0.0,0.0,0.0,0.0,0.0,0.0,0.0,0.0,0.0,0.0,0.0,0.0,0.0,0.0,0.0,0.0,0.0,0.0,0.0,0.0,0.0,0.0,0.0
1156,0.0,0.0,0.0,0.0,0.0,0.0,0.0,0.0,0.0,0.0,0.0,0.0,0.0,0.0,0.0,0.0,0.0,0.0,0.0,0.0,0.0,0.0,0.0,0.0,0.0,0.0,0.0,0.0,0.0,0.0,0.0,0.0,0.0,0.0
1157,0.0,0.0,0.0,0.0,0.0,0.0,0.0,0.0,0.0,0.0,0.0,0.0,0.0,0.0,0.0,0.0,0.0,0.0,0.0,0.0,0.0,0.0,0.0,0.0,0.0,0.0,0.0,0.0,0.0,0.0,0.0,0.0,0.0,0.0
1158,0.0,0.0,0.0,0.0,0.0,0.0,0.0,0.0,0.0,0.0,0.0,0.0,0.0,0.0,0.0,0.0,0.0,0.0,0.0,0.0,0.0,0.0,0.0,0.0,0.0,0.0,0.0,0.0,0.0,0.0,0.0,0.0,0.0,0.0
1159,0.0,0.0,0.0,0.0,0.0,0.0,0.0,0.0,0.0,0.0,0.0,0.0,0.0,0.0,0.0,0.0,0.0,0.0,0.0,0.0,0.0,0.0,0.0,0.0,0.0,0.0,0.0,0.0,0.0,0.0,0.0,0.0,0.0,0.0
