frame,joint1_x,joint1_y,joint2_x,joint2_y,joint3_x,joint3_y,joint4_x,joint4_y,joint5_x,joint5_y,joint6_x,joint6_y,joint7_x,joint7_y,joint8_x,joint8_y,joint9_x,joint9_y,joint10_x,joint10_y,joint11_x,joint11_y,joint12_x,joint12_y,joint13_x,joint13_y,joint14_x,joint14_y,joint15_x,joint15_y,joint16_x,joint16_y,joint17_x,joint17_y
0,0.0,0.0,0.0,0.0,0.0,0.0,0.0,0.0,0.0,0.0,0.0,0.0,0.0,0.0,0.0,0.0,0.0,0.0,0.0,0.0,0.0,0.0,0.0,0.0,0.0,0.0,0.0,0.0,0.0,0.0,0.0,0.0,0.0,0.0
1,0.0,0.0,0.0,0.0,0.0,0.0,0.0,0.0,0.0,0.0,0.0,0.0,0.0,0.0,0.0,0.0,0.0,0.0,0.0,0.0,0.0,0.0,0.0,0.0,0.0,0.0,0.0,0.0,0.0,0.0,0.0,0.0,0.0,0.0
2,0.0,0.0,0.0,0.0,0.0,0.0,0.0,0.0,0.0,0.0,0.0,0.0,0.0,0.0,0.0,0.0,0.0,0.0,0.0,0.0,0.0,0.0,0.0,0.0,0.0,0.0,0.0,0.0,0.0,0.0,0.0,0.0,0.0,0.0
3,192.42120361328125,88.14872741699219,0.0,0.0,189.45413208007807,86.24623107910156,0.0,0.0,180.624755859375,88.1693115234375,193.7805328369141,101.2839126586914,168.53936767578125,99.02947235107422,205.6580352783203,110.26958465576172,149.79771423339844,105.52938079833984,196.07302856445312,105.4863510131836,171.60525512695312,112.3520736694336,0.0,0.0,171.32778930664062,128.89218139648438,0.0,0.0,0.0,0.0,0.0,0.0,0.0,0.0
4,192.3774871826172,87.93438720703125,0.0,0.0,189.46530151367188,86.22735595703125,0.0,0.0,180.6534423828125,88.0825424194336,194.6874542236328,100.79484558105467,168.30397033691406,98.94830322265624,206.4178771972656,111.31549072265624,151.25852966308594,106.8844985961914,196.47959899902344,106.72454833984376,176.3064727783203,111.05291748046876,0.0,0.0,175.3484344482422,129.78582763671875,0.0,0.0,0.0,0.0,0.0,0.0,0.0,0.0
5,0.0,0.0,0.0,0.0,0.0,0.0,0.0,0.0,0.0,0.0,0.0,0.0,0.0,0.0,0.0,0.0,0.0,0.0,0.0,0.0,0.0,0.0,0.0,0.0,0.0,0.0,0.0,0.0,0.0,0.0,0.0,0.0,0.0,0.0
6,0.0,0.0,0.0,0.0,0.0,0.0,0.0,0.0,0.0,0.0,0.0,0.0,0.0,0.0,0.0,0.0,0.0,0.0,0.0,0.0,0.0,0.0,0.0,0.0,0.0,0.0,0.0,0.0,0.0,0.0,0.0,0.0,0.0,0.0
7,0.0,0.0,0.0,0.0,0.0,0.0,0.0,0.0,0.0,0.0,0.0,0.0,0.0,0.0,0.0,0.0,0.0,0.0,0.0,0.0,0.0,0.0,0.0,0.0,0.0,0.0,0.0,0.0,0.0,0.0,0.0,0.0,0.0,0.0
8,180.13267517089844,85.66168975830078,182.51959228515625,83.44695281982422,177.5850830078125,83.5047378540039,187.3422393798828,85.16203308105469,174.58059692382812,85.4488525390625,194.89210510253903,100.14982604980467,167.78672790527344,98.21967315673828,205.64431762695312,110.77943420410156,151.3308563232422,106.63270568847656,192.71585083007807,108.05352020263672,172.08973693847656,111.74242401123048,190.3373870849609,126.42091369628906,172.6872100830078,126.02162170410156,0.0,0.0,0.0,0.0,0.0,0.0,0.0,0.0
9,0.0,0.0,0.0,0.0,0.0,0.0,0.0,0.0,0.0,0.0,0.0,0.0,0.0,0.0,0.0,0.0,0.0,0.0,0.0,0.0,0.0,0.0,0.0,0.0,0.0,0.0,0.0,0.0,0.0,0.0,0.0,0.0,0.0,0.0
10,0.0,0.0,0.0,0.0,0.0,0.0,0.0,0.0,0.0,0.0,0.0,0.0,0.0,0.0,0.0,0.0,0.0,0.0,0.0,0.0,0.0,0.0,0.0,0.0,0.0,0.0,0.0,0.0,0.0,0.0,0.0,0.0,0.0,0.0
11,0.0,0.0,0.0,0.0,0.0,0.0,0.0,0.0,0.0,0.0,0.0,0.0,0.0,0.0,0.0,0.0,0.0,0.0,0.0,0.0,0.0,0.0,0.0,0.0,0.0,0.0,0.0,0.0,0.0,0.0,0.0,0.0,0.0,0.0
12,0.0,0.0,0.0,0.0,0.0,0.0,0.0,0.0,0.0,0.0,251.12342834472656,18.177759170532227,0.0,0.0,226.95042419433597,70.30830383300781,0.0,0.0,207.13284301757807,62.29281997680664,0.0,0.0,264.8330078125,115.4059600830078,293.24481201171875,110.66818237304688,0.0,0.0,0.0,0.0,0.0,0.0,0.0,0.0
13,0.0,0.0,0.0,0.0,0.0,0.0,0.0,0.0,0.0,0.0,252.4775848388672,13.895282745361328,299.09893798828125,9.402458190917969,217.5794677734375,60.58523941040039,0.0,0.0,194.78857421875,29.836448669433597,0.0,0.0,261.673583984375,127.33511352539062,294.7340087890625,122.9415054321289,0.0,0.0,0.0,0.0,0.0,0.0,0.0,0.0
14,0.0,0.0,0.0,0.0,0.0,0.0,0.0,0.0,0.0,0.0,0.0,0.0,0.0,0.0,0.0,0.0,0.0,0.0,0.0,0.0,0.0,0.0,0.0,0.0,0.0,0.0,0.0,0.0,0.0,0.0,0.0,0.0,0.0,0.0
15,0.0,0.0,0.0,0.0,0.0,0.0,0.0,0.0,0.0,0.0,251.87571716308597,16.54467010498047,0.0,0.0,194.5870819091797,41.09389114379883,0.0,0.0,179.8389434814453,6.566703796386719,0.0,0.0,266.5981750488281,111.32992553710938,269.0955810546875,110.5261459350586,0.0,0.0,0.0,0.0,0.0,0.0,0.0,0.0
16,0.0,0.0,0.0,0.0,0.0,0.0,0.0,0.0,0.0,0.0,0.0,0.0,0.0,0.0,0.0,0.0,0.0,0.0,0.0,0.0,0.0,0.0,0.0,0.0,0.0,0.0,0.0,0.0,0.0,0.0,0.0,0.0,0.0,0.0
17,179.57568359375,81.15559387207031,181.95452880859372,79.5632553100586,177.68875122070312,79.66645812988281,186.1197052001953,80.80366516113281,174.9008331298828,80.63933563232422,190.2612762451172,91.42420959472656,170.13209533691406,91.6495361328125,196.79417419433597,100.7308120727539,158.206298828125,102.4752197265625,207.9502716064453,107.83934783935548,158.25387573242188,107.76534271240234,188.4651641845703,114.78304290771484,174.958984375,115.2878875732422,194.1439208984375,102.40301513671876,172.19876098632812,102.27672576904295,191.61572265625,118.6295166015625,0.0,0.0
18,0.0,0.0,0.0,0.0,0.0,0.0,0.0,0.0,0.0,0.0,0.0,0.0,0.0,0.0,0.0,0.0,0.0,0.0,0.0,0.0,0.0,0.0,228.44444274902344,65.537109375,278.3367919921875,68.48863220214844,230.71575927734372,124.19230651855467,280.5653076171875,127.33623504638672,0.0,0.0,0.0,0.0
19,0.0,0.0,0.0,0.0,0.0,0.0,0.0,0.0,0.0,0.0,0.0,0.0,0.0,0.0,0.0,0.0,0.0,0.0,0.0,0.0,0.0,0.0,216.66790771484372,73.56716918945312,268.063720703125,77.14305114746094,0.0,0.0,0.0,0.0,0.0,0.0,0.0,0.0
20,0.0,0.0,0.0,0.0,0.0,0.0,0.0,0.0,0.0,0.0,0.0,0.0,0.0,0.0,0.0,0.0,0.0,0.0,0.0,0.0,0.0,0.0,219.826904296875,71.28269958496094,266.9785461425781,73.02491760253906,220.7696075439453,139.7583465576172,271.9657592773437,139.21401977539062,0.0,0.0,0.0,0.0
21,0.0,0.0,0.0,0.0,0.0,0.0,0.0,0.0,0.0,0.0,0.0,0.0,0.0,0.0,0.0,0.0,0.0,0.0,0.0,0.0,0.0,0.0,207.9978485107422,78.99649810791016,253.6898498535156,82.84771728515625,211.72840881347656,155.8876495361328,253.38319396972656,157.87818908691406,0.0,0.0,0.0,0.0
22,0.0,0.0,0.0,0.0,0.0,0.0,0.0,0.0,0.0,0.0,0.0,0.0,0.0,0.0,0.0,0.0,0.0,0.0,0.0,0.0,0.0,0.0,214.2265625,79.68260192871094,261.86407470703125,84.63326263427734,0.0,0.0,0.0,0.0,0.0,0.0,0.0,0.0
23,0.0,0.0,0.0,0.0,0.0,0.0,0.0,0.0,0.0,0.0,0.0,0.0,0.0,0.0,0.0,0.0,0.0,0.0,0.0,0.0,0.0,0.0,204.5841064453125,64.00910186767578,253.7342529296875,69.05543518066406,214.07589721679688,135.66094970703125,257.6960754394531,140.3421173095703,0.0,0.0,0.0,0.0
24,0.0,0.0,0.0,0.0,0.0,0.0,0.0,0.0,0.0,0.0,0.0,0.0,0.0,0.0,0.0,0.0,0.0,0.0,0.0,0.0,0.0,0.0,201.3589324951172,106.49820709228516,235.61911010742188,112.21842956542967,0.0,0.0,0.0,0.0,0.0,0.0,0.0,0.0
25,0.0,0.0,0.0,0.0,0.0,0.0,0.0,0.0,0.0,0.0,0.0,0.0,0.0,0.0,0.0,0.0,280.6819152832031,74.39513397216797,0.0,0.0,0.0,0.0,226.5548248291016,113.33650970458984,234.2997283935547,114.50696563720705,0.0,0.0,0.0,0.0,0.0,0.0,0.0,0.0
26,0.0,0.0,0.0,0.0,0.0,0.0,0.0,0.0,0.0,0.0,0.0,0.0,0.0,0.0,0.0,0.0,276.8460693359375,77.56753540039062,0.0,0.0,0.0,0.0,218.10235595703125,113.68431091308594,228.5605926513672,115.14802551269533,0.0,0.0,0.0,0.0,0.0,0.0,0.0,0.0
27,0.0,0.0,0.0,0.0,0.0,0.0,0.0,0.0,0.0,0.0,0.0,0.0,0.0,0.0,259.191162109375,80.4590835571289,0.0,0.0,0.0,0.0,0.0,0.0,0.0,0.0,0.0,0.0,0.0,0.0,0.0,0.0,0.0,0.0,0.0,0.0
28,0.0,0.0,0.0,0.0,0.0,0.0,0.0,0.0,0.0,0.0,0.0,0.0,0.0,0.0,260.3212585449219,82.13314056396484,0.0,0.0,299.8157958984375,90.67347717285156,0.0,0.0,0.0,0.0,0.0,0.0,0.0,0.0,0.0,0.0,0.0,0.0,0.0,0.0
29,0.0,0.0,0.0,0.0,0.0,0.0,0.0,0.0,0.0,0.0,0.0,0.0,0.0,0.0,0.0,0.0,0.0,0.0,0.0,0.0,0.0,0.0,0.0,0.0,0.0,0.0,0.0,0.0,0.0,0.0,0.0,0.0,0.0,0.0
30,0.0,0.0,0.0,0.0,0.0,0.0,0.0,0.0,0.0,0.0,0.0,0.0,0.0,0.0,0.0,0.0,0.0,0.0,0.0,0.0,0.0,0.0,0.0,0.0,0.0,0.0,0.0,0.0,0.0,0.0,0.0,0.0,0.0,0.0
31,0.0,0.0,0.0,0.0,0.0,0.0,0.0,0.0,0.0,0.0,0.0,0.0,0.0,0.0,0.0,0.0,0.0,0.0,0.0,0.0,0.0,0.0,200.2653961181641,93.8246078491211,233.8202362060547,99.10710906982422,0.0,0.0,0.0,0.0,0.0,0.0,0.0,0.0
32,0.0,0.0,0.0,0.0,0.0,0.0,0.0,0.0,0.0,0.0,0.0,0.0,0.0,0.0,0.0,0.0,0.0,0.0,0.0,0.0,0.0,0.0,0.0,0.0,0.0,0.0,0.0,0.0,0.0,0.0,0.0,0.0,0.0,0.0
33,0.0,0.0,0.0,0.0,0.0,0.0,0.0,0.0,0.0,0.0,0.0,0.0,0.0,0.0,0.0,0.0,0.0,0.0,0.0,0.0,0.0,0.0,0.0,0.0,0.0,0.0,0.0,0.0,0.0,0.0,0.0,0.0,0.0,0.0
34,0.0,0.0,0.0,0.0,0.0,0.0,0.0,0.0,0.0,0.0,0.0,0.0,0.0,0.0,0.0,0.0,0.0,0.0,0.0,0.0,0.0,0.0,198.25863647460935,85.41569519042969,230.5436553955078,89.79522705078125,0.0,0.0,0.0,0.0,0.0,0.0,0.0,0.0
35,0.0,0.0,0.0,0.0,0.0,0.0,0.0,0.0,0.0,0.0,0.0,0.0,0.0,0.0,0.0,0.0,0.0,0.0,0.0,0.0,0.0,0.0,218.59873962402344,90.39884948730467,214.9351043701172,88.89688110351562,0.0,0.0,0.0,0.0,0.0,0.0,0.0,0.0
36,0.0,0.0,0.0,0.0,0.0,0.0,0.0,0.0,0.0,0.0,0.0,0.0,0.0,0.0,0.0,0.0,0.0,0.0,0.0,0.0,0.0,0.0,196.33074951171875,90.1558837890625,230.02052307128903,93.8521957397461,0.0,0.0,0.0,0.0,0.0,0.0,0.0,0.0
37,0.0,0.0,0.0,0.0,0.0,0.0,0.0,0.0,0.0,0.0,0.0,0.0,0.0,0.0,0.0,0.0,0.0,0.0,0.0,0.0,0.0,0.0,195.8629150390625,88.22560119628906,225.4482421875,92.12651824951172,0.0,0.0,0.0,0.0,0.0,0.0,0.0,0.0
38,0.0,0.0,0.0,0.0,0.0,0.0,0.0,0.0,0.0,0.0,0.0,0.0,0.0,0.0,0.0,0.0,0.0,0.0,0.0,0.0,0.0,0.0,195.4035797119141,89.51760864257812,230.87326049804688,93.01097106933594,0.0,0.0,0.0,0.0,0.0,0.0,0.0,0.0
39,0.0,0.0,0.0,0.0,0.0,0.0,0.0,0.0,0.0,0.0,0.0,0.0,0.0,0.0,0.0,0.0,258.51226806640625,59.96225357055664,0.0,0.0,0.0,0.0,193.03636169433597,92.74227905273438,229.3933563232422,96.76872253417967,0.0,0.0,0.0,0.0,0.0,0.0,0.0,0.0
40,0.0,0.0,0.0,0.0,0.0,0.0,0.0,0.0,0.0,0.0,0.0,0.0,0.0,0.0,0.0,0.0,256.7001647949219,63.77324295043945,0.0,0.0,0.0,0.0,185.9346160888672,94.67848205566406,227.61871337890625,98.43464660644533,0.0,0.0,0.0,0.0,0.0,0.0,0.0,0.0
41,0.0,0.0,0.0,0.0,0.0,0.0,0.0,0.0,0.0,0.0,0.0,0.0,0.0,0.0,0.0,0.0,262.49273681640625,63.59295272827149,0.0,0.0,0.0,0.0,191.201904296875,96.55221557617188,230.19818115234372,101.38671875,0.0,0.0,0.0,0.0,0.0,0.0,0.0,0.0
42,0.0,0.0,0.0,0.0,0.0,0.0,0.0,0.0,0.0,0.0,0.0,0.0,0.0,0.0,0.0,0.0,262.2289428710937,58.69766616821289,0.0,0.0,0.0,0.0,197.17135620117188,99.15476989746094,231.3114318847656,102.55152893066406,0.0,0.0,0.0,0.0,0.0,0.0,0.0,0.0
43,0.0,0.0,0.0,0.0,0.0,0.0,0.0,0.0,0.0,0.0,0.0,0.0,0.0,0.0,0.0,0.0,0.0,0.0,0.0,0.0,0.0,0.0,202.34661865234372,105.30596923828124,236.9986572265625,108.86622619628906,0.0,0.0,0.0,0.0,0.0,0.0,0.0,0.0
44,0.0,0.0,0.0,0.0,0.0,0.0,0.0,0.0,0.0,0.0,0.0,0.0,0.0,0.0,0.0,0.0,273.46795654296875,66.64486694335938,0.0,0.0,0.0,0.0,182.52621459960935,79.95050048828125,227.43240356445312,84.83592224121094,0.0,0.0,0.0,0.0,0.0,0.0,0.0,0.0
45,0.0,0.0,0.0,0.0,0.0,0.0,0.0,0.0,0.0,0.0,0.0,0.0,0.0,0.0,150.07431030273438,26.604808807373047,274.1778564453125,67.03703308105469,146.74472045898438,11.185783386230469,276.6311950683594,112.9905776977539,197.699462890625,103.82218933105467,241.2069091796875,106.46825408935548,0.0,0.0,0.0,0.0,0.0,0.0,0.0,0.0
46,0.0,0.0,0.0,0.0,0.0,0.0,0.0,0.0,0.0,0.0,0.0,0.0,0.0,0.0,149.88194274902344,25.078754425048828,275.2673034667969,70.53483581542969,148.09295654296875,10.954429626464844,0.0,0.0,196.53411865234372,101.10514831542967,240.8930511474609,104.75926971435548,0.0,0.0,0.0,0.0,0.0,0.0,0.0,0.0
47,0.0,0.0,0.0,0.0,0.0,0.0,0.0,0.0,0.0,0.0,191.1998748779297,5.810333251953125,0.0,0.0,159.27468872070312,42.79229736328125,280.5005187988281,67.29492950439453,160.49176025390625,15.891704559326172,282.3019104003906,110.4586181640625,204.1503448486328,119.53438568115234,247.04733276367188,119.5665054321289,0.0,0.0,0.0,0.0,0.0,0.0,0.0,0.0
48,0.0,0.0,0.0,0.0,0.0,0.0,0.0,0.0,0.0,0.0,191.5723876953125,8.295356750488281,0.0,0.0,159.22283935546875,42.451210021972656,280.6158447265625,67.08967590332031,159.5096435546875,15.218807220458984,281.7558288574219,110.11170959472656,206.0284118652344,121.21917724609376,246.8899383544922,120.7168426513672,0.0,0.0,0.0,0.0,0.0,0.0,0.0,0.0
49,0.0,0.0,0.0,0.0,0.0,0.0,0.0,0.0,0.0,0.0,202.275634765625,10.336227416992188,0.0,0.0,180.014892578125,55.05575942993164,295.902099609375,74.76181030273438,180.09173583984375,37.72478866577149,0.0,0.0,208.880126953125,110.27753448486328,254.63722229003903,110.18976593017578,0.0,0.0,0.0,0.0,0.0,0.0,0.0,0.0
50,0.0,0.0,0.0,0.0,0.0,0.0,0.0,0.0,0.0,0.0,0.0,0.0,0.0,0.0,0.0,0.0,0.0,0.0,0.0,0.0,0.0,0.0,214.39517211914065,73.13655853271484,257.8035888671875,73.28190612792969,216.3794403076172,157.6107940673828,261.1272277832031,155.832275390625,0.0,0.0,0.0,0.0
51,0.0,0.0,0.0,0.0,0.0,0.0,0.0,0.0,0.0,0.0,226.2461700439453,13.277278900146484,0.0,0.0,0.0,0.0,0.0,0.0,0.0,0.0,0.0,0.0,226.65576171875,128.2001953125,251.4248962402344,126.95953369140624,0.0,0.0,0.0,0.0,0.0,0.0,0.0,0.0
52,0.0,0.0,0.0,0.0,0.0,0.0,0.0,0.0,0.0,0.0,208.72010803222656,11.136768341064451,0.0,0.0,198.0867919921875,65.88233947753906,305.9193420410156,55.01712417602539,0.0,0.0,0.0,0.0,220.6168212890625,96.49887084960938,266.5072326660156,95.93840789794922,223.451171875,154.4554443359375,0.0,0.0,0.0,0.0,0.0,0.0
53,0.0,0.0,0.0,0.0,0.0,0.0,0.0,0.0,0.0,0.0,0.0,0.0,0.0,0.0,198.5450897216797,60.87394332885742,305.4645080566406,49.59300231933594,198.88836669921875,94.29820251464844,0.0,0.0,222.74447631835935,59.73703384399414,275.5279235839844,59.9262580871582,220.8611297607422,117.99260711669922,281.1082458496094,121.86505889892578,0.0,0.0,0.0,0.0
54,0.0,0.0,0.0,0.0,0.0,0.0,0.0,0.0,0.0,0.0,0.0,0.0,0.0,0.0,204.45767211914065,60.297607421875,314.9603271484375,38.06598663330078,0.0,0.0,0.0,0.0,227.27915954589844,102.8957748413086,279.66217041015625,103.253662109375,0.0,0.0,0.0,0.0,0.0,0.0,0.0,0.0
55,0.0,0.0,0.0,0.0,0.0,0.0,0.0,0.0,0.0,0.0,0.0,0.0,0.0,0.0,204.30999755859372,66.26815032958984,0.0,0.0,0.0,0.0,0.0,0.0,232.5870513916016,85.69706726074219,284.8751525878906,85.52359008789062,221.1435394287109,116.51408386230467,0.0,0.0,0.0,0.0,0.0,0.0
56,0.0,0.0,0.0,0.0,0.0,0.0,0.0,0.0,0.0,0.0,0.0,0.0,0.0,0.0,203.337890625,64.52998352050781,0.0,0.0,0.0,0.0,0.0,0.0,232.6051025390625,81.9912109375,286.3032531738281,81.94414520263672,218.6722412109375,101.72842407226562,0.0,0.0,0.0,0.0,0.0,0.0
57,0.0,0.0,0.0,0.0,0.0,0.0,0.0,0.0,0.0,0.0,0.0,0.0,0.0,0.0,211.55545043945312,51.355712890625,0.0,0.0,203.57003784179688,100.75865173339844,0.0,0.0,240.708740234375,65.18870544433594,288.1957702636719,65.01145935058594,219.82498168945312,102.30329132080078,0.0,0.0,0.0,0.0,0.0,0.0
58,0.0,0.0,0.0,0.0,0.0,0.0,0.0,0.0,0.0,0.0,0.0,0.0,0.0,0.0,211.74880981445312,60.130470275878906,0.0,0.0,207.3096618652344,113.45965576171876,0.0,0.0,247.0348358154297,77.56065368652344,289.489501953125,76.96356964111328,222.04335021972656,114.53005981445312,0.0,0.0,0.0,0.0,0.0,0.0
59,0.0,0.0,0.0,0.0,0.0,0.0,0.0,0.0,0.0,0.0,0.0,0.0,0.0,0.0,0.0,0.0,0.0,0.0,0.0,0.0,0.0,0.0,0.0,0.0,0.0,0.0,0.0,0.0,0.0,0.0,0.0,0.0,0.0,0.0
60,0.0,0.0,0.0,0.0,0.0,0.0,0.0,0.0,0.0,0.0,0.0,0.0,0.0,0.0,0.0,0.0,211.85153198242188,50.72239303588867,0.0,0.0,200.7943420410156,101.9929656982422,290.3916015625,104.57005310058594,245.22671508789065,105.26222229003906,0.0,0.0,0.0,0.0,0.0,0.0,0.0,0.0
61,0.0,0.0,0.0,0.0,0.0,0.0,0.0,0.0,0.0,0.0,0.0,0.0,0.0,0.0,0.0,0.0,212.8382568359375,51.52019119262695,0.0,0.0,204.2120513916016,104.57349395751952,295.4507141113281,96.39390563964844,241.9846954345703,97.96086120605467,0.0,0.0,0.0,0.0,0.0,0.0,0.0,0.0
62,0.0,0.0,0.0,0.0,0.0,0.0,0.0,0.0,0.0,0.0,0.0,0.0,0.0,0.0,0.0,0.0,213.4820098876953,55.844688415527344,0.0,0.0,200.5080718994141,107.24485778808594,295.7753601074219,99.97705078125,243.3233795166016,101.61140441894533,0.0,0.0,0.0,0.0,0.0,0.0,0.0,0.0
63,0.0,0.0,0.0,0.0,0.0,0.0,0.0,0.0,0.0,0.0,0.0,0.0,0.0,0.0,0.0,0.0,211.7093505859375,51.09682083129883,0.0,0.0,203.3589630126953,102.00099182128906,272.29864501953125,93.48340606689452,249.58909606933597,95.99855041503906,0.0,0.0,0.0,0.0,0.0,0.0,0.0,0.0
64,0.0,0.0,0.0,0.0,0.0,0.0,0.0,0.0,0.0,0.0,0.0,0.0,0.0,0.0,0.0,0.0,211.8812255859375,52.81284332275391,0.0,0.0,203.22344970703125,103.8366241455078,299.4146728515625,98.70388793945312,244.31585693359372,100.79141235351562,0.0,0.0,0.0,0.0,0.0,0.0,0.0,0.0
65,0.0,0.0,0.0,0.0,0.0,0.0,0.0,0.0,0.0,0.0,0.0,0.0,0.0,0.0,0.0,0.0,211.4788360595703,52.55194091796875,0.0,0.0,203.29800415039065,103.4849090576172,296.2408447265625,96.12467956542967,245.4583740234375,98.4605941772461,0.0,0.0,0.0,0.0,0.0,0.0,0.0,0.0
66,0.0,0.0,0.0,0.0,0.0,0.0,0.0,0.0,0.0,0.0,0.0,0.0,0.0,0.0,0.0,0.0,214.6070098876953,48.596458435058594,0.0,0.0,199.68077087402344,106.467529296875,289.6460876464844,46.160675048828125,245.1393585205078,47.204532623291016,0.0,0.0,0.0,0.0,0.0,0.0,0.0,0.0
67,0.0,0.0,0.0,0.0,0.0,0.0,0.0,0.0,0.0,0.0,0.0,0.0,0.0,0.0,0.0,0.0,212.2468719482422,46.425437927246094,0.0,0.0,201.90945434570312,103.5725555419922,304.40264892578125,108.4285125732422,251.7207489013672,108.95840454101562,0.0,0.0,0.0,0.0,0.0,0.0,0.0,0.0
68,0.0,0.0,0.0,0.0,0.0,0.0,0.0,0.0,0.0,0.0,0.0,0.0,0.0,0.0,0.0,0.0,212.96694946289065,46.89284896850586,0.0,0.0,202.0560607910156,104.18641662597656,305.9375915527344,105.69357299804688,252.5672607421875,106.63050842285156,0.0,0.0,0.0,0.0,0.0,0.0,0.0,0.0
69,0.0,0.0,0.0,0.0,0.0,0.0,0.0,0.0,0.0,0.0,0.0,0.0,222.62847900390625,23.897872924804688,0.0,0.0,208.942138671875,83.28384399414062,0.0,0.0,0.0,0.0,287.2559814453125,147.03811645507812,244.6231384277344,150.18234252929688,0.0,0.0,0.0,0.0,0.0,0.0,0.0,0.0
70,270.4725036621094,35.09392547607422,281.22088623046875,24.8918571472168,259.1820678710937,23.850555419921875,0.0,0.0,240.5698089599609,8.039375305175781,309.18023681640625,34.96664047241211,222.48873901367188,32.787933349609375,0.0,0.0,216.00942993164065,96.68917846679688,0.0,0.0,212.73464965820312,120.66485595703124,0.0,0.0,243.8899688720703,147.6793212890625,0.0,0.0,0.0,0.0,0.0,0.0,0.0,0.0
71,270.5509033203125,34.86466217041016,281.3463134765625,24.800254821777344,259.1206359863281,23.74234771728516,0.0,0.0,240.69793701171875,7.922744750976562,311.1441650390625,34.925418853759766,222.20030212402344,32.006683349609375,0.0,0.0,215.48545837402344,97.22968292236328,0.0,0.0,212.4124755859375,121.00480651855467,0.0,0.0,244.27618408203125,149.38168334960938,0.0,0.0,0.0,0.0,0.0,0.0,0.0,0.0
72,0.0,0.0,0.0,0.0,0.0,0.0,0.0,0.0,0.0,0.0,289.9105529785156,20.366172790527344,235.325927734375,21.747936248779297,308.79315185546875,84.22119140625,223.8627166748047,88.42694854736328,312.4042358398437,93.62052917480467,223.82318115234372,107.88787078857422,287.1619873046875,124.48542022705078,248.3281097412109,126.39495849609376,0.0,0.0,0.0,0.0,0.0,0.0,0.0,0.0
73,0.0,0.0,0.0,0.0,0.0,0.0,0.0,0.0,0.0,0.0,302.0412902832031,72.58721923828125,227.93836975097656,68.12252044677734,0.0,0.0,222.92691040039065,99.77061462402344,0.0,0.0,225.86160278320312,113.96534729003906,0.0,0.0,0.0,0.0,0.0,0.0,0.0,0.0,0.0,0.0,0.0,0.0
74,0.0,0.0,0.0,0.0,0.0,0.0,0.0,0.0,0.0,0.0,300.0169677734375,69.82304382324219,228.0419158935547,65.49815368652344,306.0829467773437,108.08136749267578,222.62130737304688,96.91307067871094,253.27862548828125,92.1226577758789,225.59088134765625,112.28975677490234,0.0,0.0,0.0,0.0,0.0,0.0,0.0,0.0,0.0,0.0,0.0,0.0
75,0.0,0.0,0.0,0.0,0.0,0.0,0.0,0.0,0.0,0.0,301.3465576171875,71.77010345458984,227.67491149902344,67.27203369140625,305.4908447265625,111.57028198242188,222.7599639892578,99.1921844482422,254.27220153808597,97.00147247314452,225.7063751220703,113.78909301757812,0.0,0.0,0.0,0.0,0.0,0.0,0.0,0.0,0.0,0.0,0.0,0.0
76,0.0,0.0,0.0,0.0,0.0,0.0,0.0,0.0,0.0,0.0,0.0,0.0,0.0,0.0,0.0,0.0,0.0,0.0,0.0,0.0,0.0,0.0,0.0,0.0,0.0,0.0,0.0,0.0,0.0,0.0,0.0,0.0,0.0,0.0
77,0.0,0.0,0.0,0.0,0.0,0.0,0.0,0.0,0.0,0.0,0.0,0.0,0.0,0.0,0.0,0.0,0.0,0.0,0.0,0.0,0.0,0.0,0.0,0.0,0.0,0.0,0.0,0.0,0.0,0.0,0.0,0.0,0.0,0.0
78,0.0,0.0,0.0,0.0,0.0,0.0,0.0,0.0,0.0,0.0,0.0,0.0,0.0,0.0,0.0,0.0,0.0,0.0,0.0,0.0,0.0,0.0,0.0,0.0,0.0,0.0,0.0,0.0,0.0,0.0,0.0,0.0,0.0,0.0
79,0.0,0.0,0.0,0.0,0.0,0.0,0.0,0.0,0.0,0.0,0.0,0.0,0.0,0.0,0.0,0.0,0.0,0.0,0.0,0.0,0.0,0.0,0.0,0.0,0.0,0.0,0.0,0.0,0.0,0.0,0.0,0.0,0.0,0.0
80,0.0,0.0,0.0,0.0,0.0,0.0,0.0,0.0,0.0,0.0,0.0,0.0,0.0,0.0,0.0,0.0,0.0,0.0,0.0,0.0,0.0,0.0,0.0,0.0,0.0,0.0,0.0,0.0,0.0,0.0,0.0,0.0,0.0,0.0
81,0.0,0.0,0.0,0.0,0.0,0.0,0.0,0.0,0.0,0.0,0.0,0.0,0.0,0.0,0.0,0.0,0.0,0.0,0.0,0.0,0.0,0.0,0.0,0.0,0.0,0.0,0.0,0.0,0.0,0.0,0.0,0.0,0.0,0.0
82,232.9550018310547,76.61922454833984,240.5447998046875,67.90602111816406,222.9946136474609,70.6505126953125,259.0194091796875,51.636714935302734,0.0,0.0,286.4974365234375,58.51702880859375,219.80517578125,65.54904174804688,301.46319580078125,109.954833984375,221.89247131347656,111.75341796875,237.7461395263672,113.596923828125,219.13096618652344,113.29376220703124,0.0,0.0,0.0,0.0,0.0,0.0,0.0,0.0,0.0,0.0,0.0,0.0
83,0.0,0.0,0.0,0.0,0.0,0.0,0.0,0.0,0.0,0.0,249.25880432128903,13.792510986328123,219.91989135742188,20.60651016235352,262.2484130859375,54.30889892578125,232.1392517089844,77.99505615234375,213.6514434814453,27.51679229736328,227.8189697265625,108.17521667480467,280.6434631347656,113.72113800048828,255.6088714599609,116.33233642578124,0.0,0.0,0.0,0.0,0.0,0.0,0.0,0.0
84,234.9639129638672,49.63690185546875,240.88790893554688,38.09854888916016,224.2520294189453,43.59998321533203,254.1470489501953,21.98740768432617,0.0,0.0,278.23681640625,36.18696594238281,219.95135498046875,54.83575439453125,0.0,0.0,225.9339599609375,102.71881103515624,0.0,0.0,221.24855041503903,110.8969497680664,0.0,0.0,0.0,0.0,0.0,0.0,0.0,0.0,0.0,0.0,0.0,0.0
85,230.06431579589844,32.53142547607422,235.63650512695312,21.600086212158203,221.5324249267578,26.01166534423828,250.9898834228516,7.260280609130859,0.0,0.0,280.349609375,28.28013610839844,219.81805419921875,45.89887237548828,0.0,0.0,224.63433837890625,93.80508422851562,0.0,0.0,222.0363311767578,111.60421752929688,0.0,0.0,253.1906890869141,136.22518920898438,0.0,0.0,0.0,0.0,0.0,0.0,0.0,0.0
86,230.24415588378903,33.28287506103516,236.0578765869141,21.69719696044922,220.3269500732422,26.369651794433597,253.95741271972656,6.493804931640625,0.0,0.0,288.4928283691406,35.648040771484375,219.39996337890625,46.20018005371094,0.0,0.0,224.2928466796875,97.57949829101562,0.0,0.0,0.0,0.0,0.0,0.0,247.5419921875,143.83572387695312,0.0,0.0,0.0,0.0,0.0,0.0,0.0,0.0
87,224.8944549560547,13.485969543457031,230.47393798828125,3.5998458862304688,0.0,0.0,249.5526885986328,0.0,0.0,0.0,289.8966979980469,26.16745376586914,219.44985961914065,45.20346450805664,0.0,0.0,220.5261688232422,97.9735870361328,0.0,0.0,205.34320068359372,110.03965759277344,288.73809814453125,132.60623168945312,244.35292053222656,136.8193359375,0.0,0.0,0.0,0.0,0.0,0.0,0.0,0.0
88,0.0,0.0,0.0,0.0,0.0,0.0,228.6875457763672,0.0,0.0,0.0,222.22738647460935,31.36016082763672,289.0283508300781,13.799983978271484,220.48214721679688,88.24673461914062,316.00946044921875,35.89363479614258,0.0,0.0,0.0,0.0,244.72161865234372,122.44442749023438,289.5556335449219,116.98021697998048,0.0,0.0,0.0,0.0,0.0,0.0,0.0,0.0
89,0.0,0.0,0.0,0.0,0.0,0.0,0.0,0.0,0.0,0.0,0.0,0.0,219.38607788085935,20.55977249145508,312.5111083984375,59.888580322265625,213.0375061035156,77.39971160888672,301.1728210449219,74.37127685546875,219.765380859375,97.12109375,283.06719970703125,112.91460418701172,237.75631713867188,114.18019104003906,0.0,0.0,0.0,0.0,0.0,0.0,0.0,0.0
90,186.46270751953125,92.07559967041016,188.7763214111328,90.5272445678711,183.8283233642578,89.0455322265625,0.0,0.0,176.18089294433594,88.88475799560547,189.44468688964844,102.85433959960938,162.74168395996094,100.32559204101562,202.30577087402344,107.95974731445312,148.08694458007812,110.27159118652344,209.81060791015625,109.27588653564452,169.11297607421875,112.2769012451172,0.0,0.0,168.93026733398438,133.12791442871094,0.0,0.0,0.0,0.0,0.0,0.0,0.0,0.0
91,0.0,0.0,0.0,0.0,0.0,0.0,0.0,0.0,0.0,0.0,0.0,0.0,222.5586395263672,21.713132858276367,314.73297119140625,15.79201889038086,209.95909118652344,81.7593765258789,260.4938049316406,30.34514045715332,224.7154998779297,87.0074462890625,291.3148193359375,93.71810913085938,244.927490234375,102.92078399658205,0.0,0.0,0.0,0.0,0.0,0.0,0.0,0.0
92,0.0,0.0,0.0,0.0,0.0,0.0,0.0,0.0,0.0,0.0,0.0,0.0,0.0,0.0,313.9765625,41.03505325317383,209.59243774414065,75.12866973876953,279.2047424316406,36.58153533935547,216.6163024902344,84.79376220703125,293.6929931640625,117.84674835205078,244.51939392089844,121.60992431640624,0.0,0.0,0.0,0.0,0.0,0.0,0.0,0.0
93,0.0,0.0,0.0,0.0,0.0,0.0,0.0,0.0,0.0,0.0,0.0,0.0,0.0,0.0,319.99676513671875,26.13129234313965,207.10411071777344,69.64132690429688,272.5291442871094,25.85657119750977,222.14321899414065,77.17259216308594,292.64849853515625,107.21717834472656,243.46749877929688,112.79899597167967,0.0,0.0,0.0,0.0,0.0,0.0,0.0,0.0
94,0.0,0.0,0.0,0.0,0.0,0.0,0.0,0.0,0.0,0.0,0.0,0.0,0.0,0.0,307.1390380859375,18.37733459472656,203.4482879638672,64.92134094238281,265.18048095703125,21.295391082763672,228.4622802734375,69.9662094116211,287.2387084960937,96.25347900390624,241.3028717041016,100.4800796508789,0.0,0.0,0.0,0.0,0.0,0.0,0.0,0.0
95,0.0,0.0,0.0,0.0,0.0,0.0,0.0,0.0,0.0,0.0,0.0,0.0,0.0,0.0,313.9168701171875,17.343650817871094,198.7691345214844,67.3766098022461,258.0538330078125,17.324337005615234,221.4259490966797,61.51783752441406,286.3763732910156,99.50047302246094,238.61685180664065,104.709228515625,0.0,0.0,0.0,0.0,0.0,0.0,0.0,0.0
96,0.0,0.0,0.0,0.0,0.0,0.0,0.0,0.0,0.0,0.0,0.0,0.0,0.0,0.0,305.8383483886719,15.706092834472656,200.58897399902344,60.59799957275391,253.23480224609372,17.294158935546875,207.41458129882807,62.2802963256836,283.6957092285156,81.27880859375,238.165771484375,86.3140869140625,0.0,0.0,0.0,0.0,0.0,0.0,0.0,0.0
97,0.0,0.0,0.0,0.0,0.0,0.0,0.0,0.0,0.0,0.0,0.0,0.0,0.0,0.0,308.7210693359375,17.57550048828125,201.31954956054688,59.692012786865234,252.99462890625,18.20816802978516,209.6402587890625,63.31442260742188,283.7246398925781,82.47449493408203,237.96896362304688,86.55573272705078,0.0,0.0,0.0,0.0,0.0,0.0,0.0,0.0
98,0.0,0.0,0.0,0.0,0.0,0.0,0.0,0.0,0.0,0.0,0.0,0.0,0.0,0.0,301.73150634765625,19.054908752441406,204.39544677734372,54.8241081237793,249.30186462402344,12.499691009521484,206.9911346435547,64.1512451171875,282.6991577148437,76.53691864013672,237.2360076904297,79.39669036865234,0.0,0.0,0.0,0.0,0.0,0.0,0.0,0.0
99,0.0,0.0,0.0,0.0,0.0,0.0,0.0,0.0,0.0,0.0,0.0,0.0,0.0,0.0,303.1683349609375,19.390066146850582,0.0,0.0,249.2046813964844,13.848365783691406,0.0,0.0,284.6695556640625,74.03631591796875,248.52609252929688,71.20712280273438,281.3448181152344,140.9800262451172,0.0,0.0,0.0,0.0,0.0,0.0
100,0.0,0.0,0.0,0.0,0.0,0.0,0.0,0.0,0.0,0.0,0.0,0.0,0.0,0.0,0.0,0.0,0.0,0.0,249.33018493652344,8.879695892333984,240.00401306152344,16.44614028930664,285.1115417480469,60.27436065673828,256.2713928222656,59.92315673828125,0.0,0.0,0.0,0.0,0.0,0.0,0.0,0.0
101,0.0,0.0,0.0,0.0,0.0,0.0,0.0,0.0,0.0,0.0,0.0,0.0,0.0,0.0,0.0,0.0,0.0,0.0,0.0,0.0,0.0,0.0,0.0,0.0,0.0,0.0,0.0,0.0,0.0,0.0,0.0,0.0,0.0,0.0
102,0.0,0.0,0.0,0.0,0.0,0.0,0.0,0.0,0.0,0.0,0.0,0.0,0.0,0.0,0.0,0.0,0.0,0.0,0.0,0.0,0.0,0.0,0.0,0.0,0.0,0.0,0.0,0.0,0.0,0.0,0.0,0.0,0.0,0.0
103,0.0,0.0,0.0,0.0,0.0,0.0,0.0,0.0,0.0,0.0,0.0,0.0,0.0,0.0,0.0,0.0,0.0,0.0,255.7005615234375,37.24191284179688,0.0,0.0,282.4450378417969,92.0795669555664,250.7030029296875,89.87984466552734,0.0,0.0,0.0,0.0,0.0,0.0,0.0,0.0
104,0.0,0.0,0.0,0.0,0.0,0.0,0.0,0.0,0.0,0.0,0.0,0.0,0.0,0.0,0.0,0.0,0.0,0.0,0.0,0.0,250.66574096679688,42.36113357543945,282.1019592285156,94.99406433105467,240.1217041015625,93.81752014160156,0.0,0.0,0.0,0.0,0.0,0.0,0.0,0.0
105,0.0,0.0,0.0,0.0,0.0,0.0,0.0,0.0,0.0,0.0,0.0,0.0,0.0,0.0,0.0,0.0,0.0,0.0,0.0,0.0,0.0,0.0,241.3938751220703,62.83039855957031,282.89971923828125,61.50390625,228.44332885742188,103.52843475341795,284.60821533203125,102.87728881835938,0.0,0.0,0.0,0.0
106,0.0,0.0,0.0,0.0,0.0,0.0,0.0,0.0,0.0,0.0,0.0,0.0,0.0,0.0,300.251220703125,31.58895874023437,0.0,0.0,246.31300354003903,44.786407470703125,0.0,0.0,277.6149597167969,76.23394775390625,238.1126708984375,73.77642059326172,0.0,0.0,0.0,0.0,0.0,0.0,0.0,0.0
107,0.0,0.0,0.0,0.0,0.0,0.0,0.0,0.0,0.0,0.0,0.0,0.0,0.0,0.0,0.0,0.0,0.0,0.0,0.0,0.0,0.0,0.0,238.05860900878903,31.86185836791992,275.0502319335937,32.55091094970703,224.76112365722656,116.17463684082033,273.5541381835937,119.09107971191406,0.0,0.0,0.0,0.0
108,0.0,0.0,0.0,0.0,0.0,0.0,0.0,0.0,0.0,0.0,0.0,0.0,0.0,0.0,0.0,0.0,0.0,0.0,0.0,0.0,0.0,0.0,266.1697998046875,40.79309844970703,242.91476440429688,39.9931755065918,0.0,0.0,0.0,0.0,0.0,0.0,0.0,0.0
109,0.0,0.0,0.0,0.0,0.0,0.0,0.0,0.0,0.0,0.0,0.0,0.0,0.0,0.0,0.0,0.0,0.0,0.0,0.0,0.0,0.0,0.0,269.59588623046875,39.6871337890625,242.55352783203125,38.11266326904297,0.0,0.0,0.0,0.0,0.0,0.0,0.0,0.0
110,0.0,0.0,0.0,0.0,0.0,0.0,0.0,0.0,0.0,0.0,0.0,0.0,0.0,0.0,0.0,0.0,0.0,0.0,0.0,0.0,0.0,0.0,257.5066833496094,31.354522705078125,251.64593505859372,31.155296325683597,256.9974060058594,125.57274627685548,233.42327880859372,124.88078308105467,0.0,0.0,0.0,0.0
111,0.0,0.0,0.0,0.0,0.0,0.0,0.0,0.0,0.0,0.0,0.0,0.0,0.0,0.0,0.0,0.0,0.0,0.0,234.09962463378903,50.96281433105469,0.0,0.0,262.0187072753906,61.73528671264648,221.30499267578125,59.51537704467773,0.0,0.0,0.0,0.0,0.0,0.0,0.0,0.0
112,0.0,0.0,0.0,0.0,0.0,0.0,0.0,0.0,0.0,0.0,0.0,0.0,0.0,0.0,0.0,0.0,0.0,0.0,0.0,0.0,0.0,0.0,0.0,0.0,0.0,0.0,0.0,0.0,0.0,0.0,0.0,0.0,0.0,0.0
113,0.0,0.0,0.0,0.0,0.0,0.0,0.0,0.0,0.0,0.0,0.0,0.0,0.0,0.0,275.8709411621094,62.103492736816406,187.91830444335935,100.59318542480467,234.1501922607422,61.41364669799805,170.62660217285156,108.65459442138672,253.48080444335935,117.462890625,0.0,0.0,0.0,0.0,0.0,0.0,0.0,0.0,0.0,0.0
114,0.0,0.0,0.0,0.0,0.0,0.0,0.0,0.0,0.0,0.0,0.0,0.0,0.0,0.0,283.3346862792969,55.10221862792969,202.0315704345703,67.14014434814453,235.0153350830078,61.40625762939453,195.619140625,81.08101654052734,253.45469665527344,123.4463119506836,208.0172882080078,123.61875915527344,0.0,0.0,0.0,0.0,0.0,0.0,0.0,0.0
115,0.0,0.0,0.0,0.0,0.0,0.0,0.0,0.0,0.0,0.0,0.0,0.0,0.0,0.0,283.9950256347656,48.51696014404297,0.0,0.0,235.83485412597656,63.33024215698242,200.0767517089844,73.83815002441406,249.17620849609372,128.18386840820312,207.37210083007807,127.82435607910156,0.0,0.0,0.0,0.0,0.0,0.0,0.0,0.0
116,0.0,0.0,0.0,0.0,0.0,0.0,0.0,0.0,0.0,0.0,0.0,0.0,0.0,0.0,281.4021911621094,60.71593475341797,0.0,0.0,234.3060607910156,65.58582305908203,198.96876525878903,79.2840805053711,242.64715576171875,137.52227783203125,206.71340942382807,137.59619140625,0.0,0.0,0.0,0.0,0.0,0.0,0.0,0.0
117,0.0,0.0,0.0,0.0,0.0,0.0,0.0,0.0,0.0,0.0,0.0,0.0,0.0,0.0,277.9407043457031,57.28234100341797,194.7670135498047,73.27799987792969,232.5520782470703,76.63141632080078,178.84991455078125,99.10636138916016,251.29217529296875,125.43701934814452,202.5547332763672,126.85467529296876,0.0,0.0,0.0,0.0,0.0,0.0,0.0,0.0
118,0.0,0.0,0.0,0.0,0.0,0.0,0.0,0.0,0.0,0.0,0.0,0.0,0.0,0.0,275.4663391113281,56.546905517578125,0.0,0.0,230.31260681152344,76.76793670654297,201.7078094482422,82.14875030517578,257.6217041015625,104.54635620117188,208.0791015625,108.20144653320312,0.0,0.0,0.0,0.0,0.0,0.0,0.0,0.0
119,0.0,0.0,0.0,0.0,0.0,0.0,0.0,0.0,0.0,0.0,0.0,0.0,0.0,0.0,0.0,0.0,0.0,0.0,0.0,0.0,0.0,0.0,0.0,0.0,0.0,0.0,0.0,0.0,0.0,0.0,0.0,0.0,0.0,0.0
120,0.0,0.0,0.0,0.0,0.0,0.0,0.0,0.0,0.0,0.0,0.0,0.0,0.0,0.0,275.12109375,50.215858459472656,0.0,0.0,229.5270233154297,76.55125427246094,198.5709228515625,88.93492126464844,0.0,0.0,0.0,0.0,0.0,0.0,0.0,0.0,0.0,0.0,0.0,0.0
121,0.0,0.0,0.0,0.0,0.0,0.0,0.0,0.0,0.0,0.0,0.0,0.0,0.0,0.0,278.9008178710937,49.19604110717773,194.3254547119141,68.45191192626953,230.6879730224609,77.39759063720703,177.8086395263672,96.10954284667967,245.640869140625,127.8376922607422,199.9850006103516,130.1595458984375,0.0,0.0,0.0,0.0,0.0,0.0,0.0,0.0
122,0.0,0.0,0.0,0.0,0.0,0.0,0.0,0.0,0.0,0.0,0.0,0.0,0.0,0.0,279.2516174316406,45.88664245605469,0.0,0.0,229.7705078125,77.1700668334961,223.71446228027344,76.71810150146484,249.18821716308597,110.83172607421876,213.3290863037109,113.85118865966795,0.0,0.0,0.0,0.0,0.0,0.0,0.0,0.0
123,0.0,0.0,0.0,0.0,0.0,0.0,0.0,0.0,0.0,0.0,0.0,0.0,0.0,0.0,280.59918212890625,52.78020858764648,0.0,0.0,233.0640869140625,80.16127014160156,199.3389892578125,89.25444030761719,248.9538116455078,127.7805404663086,207.78765869140625,128.64105224609375,0.0,0.0,0.0,0.0,0.0,0.0,0.0,0.0
124,0.0,0.0,0.0,0.0,0.0,0.0,0.0,0.0,0.0,0.0,0.0,0.0,0.0,0.0,284.2657470703125,55.8994255065918,202.86839294433597,71.98103332519531,230.4776611328125,83.69618225097656,172.85240173339844,98.13258361816406,249.78982543945312,134.29843139648438,205.8348846435547,132.44949340820312,0.0,0.0,0.0,0.0,0.0,0.0,0.0,0.0
125,0.0,0.0,0.0,0.0,0.0,0.0,0.0,0.0,0.0,0.0,0.0,0.0,0.0,0.0,284.205810546875,65.58305358886719,201.4750823974609,74.85301971435547,228.0555725097656,85.96260070800781,171.04856872558594,99.05380249023438,246.3005828857422,138.79835510253906,204.0861053466797,135.8535614013672,0.0,0.0,0.0,0.0,0.0,0.0,0.0,0.0
126,0.0,0.0,0.0,0.0,0.0,0.0,0.0,0.0,0.0,0.0,0.0,0.0,0.0,0.0,278.71563720703125,66.0334243774414,206.87081909179688,74.6475601196289,229.70343017578125,83.83586120605469,177.6813507080078,92.63646697998048,256.5254821777344,141.32589721679688,213.24298095703125,138.65829467773438,0.0,0.0,0.0,0.0,0.0,0.0,0.0,0.0
127,0.0,0.0,0.0,0.0,0.0,0.0,0.0,0.0,0.0,0.0,0.0,0.0,0.0,0.0,285.863525390625,63.33991241455078,203.55783081054688,72.20719909667969,229.0574493408203,82.42536163330078,177.60818481445312,97.99697875976562,267.29815673828125,128.54689025878906,219.67819213867188,129.2973175048828,0.0,0.0,0.0,0.0,0.0,0.0,0.0,0.0
128,0.0,0.0,0.0,0.0,0.0,0.0,0.0,0.0,0.0,0.0,0.0,0.0,0.0,0.0,297.3450622558594,52.78666305541992,203.50906372070312,59.43278121948242,235.4429168701172,80.41157531738281,184.71401977539065,87.66361999511719,269.4031982421875,135.38449096679688,216.48912048339844,135.51531982421875,0.0,0.0,0.0,0.0,0.0,0.0,0.0,0.0
129,0.0,0.0,0.0,0.0,0.0,0.0,0.0,0.0,0.0,0.0,0.0,0.0,0.0,0.0,300.44805908203125,52.78288269042969,204.33372497558597,61.12828063964844,237.3955993652344,81.62777709960938,182.70687866210935,89.64022827148438,272.26904296875,138.033935546875,216.6633758544922,138.60202026367188,0.0,0.0,0.0,0.0,0.0,0.0,0.0,0.0
130,0.0,0.0,0.0,0.0,0.0,0.0,0.0,0.0,0.0,0.0,0.0,0.0,0.0,0.0,306.0009155273437,53.53875732421875,205.26007080078125,59.051368713378906,240.162841796875,80.48267364501953,186.8722381591797,87.08324432373047,267.1993408203125,130.7057342529297,216.69140625,131.31314086914062,0.0,0.0,0.0,0.0,0.0,0.0,0.0,0.0
131,0.0,0.0,0.0,0.0,0.0,0.0,0.0,0.0,0.0,0.0,0.0,0.0,0.0,0.0,306.6827697753906,51.77879333496094,204.78033447265625,60.847206115722656,239.8788299560547,81.69207000732422,188.27464294433597,88.54788208007812,273.71112060546875,132.31509399414062,220.24639892578125,133.81419372558594,0.0,0.0,0.0,0.0,0.0,0.0,0.0,0.0
132,0.0,0.0,0.0,0.0,0.0,0.0,0.0,0.0,0.0,0.0,0.0,0.0,0.0,0.0,309.6095275878906,55.91769027709961,203.351318359375,65.26048278808594,236.3056488037109,82.63172149658203,183.1719970703125,93.50132751464844,0.0,0.0,223.13394165039065,137.48907470703125,0.0,0.0,0.0,0.0,0.0,0.0,0.0,0.0
133,0.0,0.0,0.0,0.0,0.0,0.0,0.0,0.0,0.0,0.0,0.0,0.0,0.0,0.0,310.9873046875,62.53252410888672,207.5227813720703,70.91388702392578,238.8516387939453,83.32990264892578,187.619140625,103.45891571044922,283.1935729980469,138.77767944335938,227.2569580078125,138.72933959960938,0.0,0.0,0.0,0.0,0.0,0.0,0.0,0.0
134,0.0,0.0,0.0,0.0,0.0,0.0,0.0,0.0,0.0,0.0,0.0,0.0,0.0,0.0,312.77362060546875,61.51482772827149,211.2419586181641,63.71733856201172,240.24832153320312,84.84976196289062,188.59323120117188,94.30845642089844,281.55584716796875,129.49356079101562,227.8415069580078,127.78068542480467,0.0,0.0,0.0,0.0,0.0,0.0,0.0,0.0
135,0.0,0.0,0.0,0.0,0.0,0.0,0.0,0.0,0.0,0.0,0.0,0.0,0.0,0.0,301.27203369140625,60.906715393066406,0.0,0.0,235.20941162109372,83.60148620605469,207.31710815429688,73.8226318359375,281.0956726074219,105.87721252441406,233.4788055419922,101.95843505859376,0.0,0.0,0.0,0.0,0.0,0.0,0.0,0.0
136,0.0,0.0,0.0,0.0,0.0,0.0,0.0,0.0,0.0,0.0,0.0,0.0,0.0,0.0,0.0,0.0,234.9209747314453,51.9282341003418,0.0,0.0,301.8792724609375,77.37801361083984,0.0,0.0,236.8040771484375,87.61758422851562,0.0,0.0,0.0,0.0,0.0,0.0,0.0,0.0
137,0.0,0.0,0.0,0.0,0.0,0.0,0.0,0.0,0.0,0.0,0.0,0.0,0.0,0.0,0.0,0.0,217.21121215820312,70.77339172363281,0.0,0.0,199.063720703125,81.63815307617188,0.0,0.0,0.0,0.0,0.0,0.0,0.0,0.0,0.0,0.0,0.0,0.0
138,0.0,0.0,0.0,0.0,0.0,0.0,0.0,0.0,0.0,0.0,0.0,0.0,0.0,0.0,0.0,0.0,218.57601928710935,58.0690803527832,0.0,0.0,206.1883850097656,72.00868225097656,0.0,0.0,250.0550537109375,134.95953369140625,0.0,0.0,0.0,0.0,0.0,0.0,0.0,0.0
139,0.0,0.0,0.0,0.0,0.0,0.0,0.0,0.0,0.0,0.0,0.0,0.0,0.0,0.0,0.0,0.0,219.6370391845703,52.23820877075195,0.0,0.0,205.0528106689453,73.57847595214844,0.0,0.0,250.6787567138672,122.0657958984375,0.0,0.0,0.0,0.0,0.0,0.0,0.0,0.0
140,0.0,0.0,0.0,0.0,0.0,0.0,0.0,0.0,0.0,0.0,0.0,0.0,0.0,0.0,0.0,0.0,220.3162078857422,53.80733489990234,0.0,0.0,207.23287963867188,69.95939636230469,0.0,0.0,249.6444396972656,130.7537384033203,0.0,0.0,0.0,0.0,0.0,0.0,0.0,0.0
141,0.0,0.0,0.0,0.0,0.0,0.0,0.0,0.0,0.0,0.0,0.0,0.0,0.0,0.0,0.0,0.0,218.17515563964844,54.05392074584961,0.0,0.0,204.07066345214844,70.53654479980469,0.0,0.0,254.93875122070312,129.43614196777344,0.0,0.0,0.0,0.0,0.0,0.0,0.0,0.0
142,0.0,0.0,0.0,0.0,0.0,0.0,0.0,0.0,0.0,0.0,0.0,0.0,0.0,0.0,0.0,0.0,219.3565826416016,52.46140670776367,0.0,0.0,205.4934539794922,67.97730255126953,0.0,0.0,252.2902374267578,133.53807067871094,0.0,0.0,0.0,0.0,0.0,0.0,0.0,0.0
143,0.0,0.0,0.0,0.0,0.0,0.0,0.0,0.0,0.0,0.0,0.0,0.0,0.0,0.0,0.0,0.0,219.1962127685547,53.65763854980469,0.0,0.0,205.5862274169922,66.67393493652344,0.0,0.0,249.9156494140625,127.92877960205078,0.0,0.0,0.0,0.0,0.0,0.0,0.0,0.0
144,0.0,0.0,0.0,0.0,0.0,0.0,0.0,0.0,0.0,0.0,0.0,0.0,0.0,0.0,0.0,0.0,220.8656463623047,56.72228240966797,0.0,0.0,205.81234741210935,63.78215408325195,0.0,0.0,251.94419860839844,132.70068359375,0.0,0.0,0.0,0.0,0.0,0.0,0.0,0.0
145,0.0,0.0,0.0,0.0,0.0,0.0,0.0,0.0,0.0,0.0,0.0,0.0,0.0,0.0,0.0,0.0,217.2640380859375,48.60763549804688,0.0,0.0,203.02078247070312,65.02965545654297,0.0,0.0,248.0741729736328,126.79945373535156,0.0,0.0,0.0,0.0,0.0,0.0,0.0,0.0
146,0.0,0.0,0.0,0.0,0.0,0.0,0.0,0.0,0.0,0.0,0.0,0.0,0.0,0.0,0.0,0.0,218.01431274414065,43.63217926025391,0.0,0.0,203.67984008789065,64.05909729003906,0.0,0.0,243.77200317382807,127.9505844116211,0.0,0.0,0.0,0.0,0.0,0.0,0.0,0.0
147,0.0,0.0,0.0,0.0,0.0,0.0,0.0,0.0,0.0,0.0,0.0,0.0,0.0,0.0,0.0,0.0,216.21307373046875,46.14195251464844,0.0,0.0,202.0242919921875,62.45792770385742,0.0,0.0,244.4036102294922,121.32847595214844,0.0,0.0,0.0,0.0,0.0,0.0,0.0,0.0
148,0.0,0.0,0.0,0.0,0.0,0.0,0.0,0.0,0.0,0.0,0.0,0.0,0.0,0.0,0.0,0.0,215.42453002929688,36.558101654052734,0.0,0.0,203.1378326416016,62.67526245117188,0.0,0.0,233.7206573486328,97.2640151977539,0.0,0.0,0.0,0.0,0.0,0.0,0.0,0.0
149,0.0,0.0,0.0,0.0,0.0,0.0,0.0,0.0,0.0,0.0,0.0,0.0,0.0,0.0,0.0,0.0,212.72659301757807,40.01202774047852,0.0,0.0,201.2154235839844,62.73844909667969,290.8325500488281,111.2816925048828,235.24627685546875,111.18861389160156,0.0,0.0,0.0,0.0,0.0,0.0,0.0,0.0
150,0.0,0.0,0.0,0.0,0.0,0.0,0.0,0.0,0.0,0.0,0.0,0.0,0.0,0.0,0.0,0.0,210.43832397460935,40.86685943603516,0.0,0.0,198.8724365234375,66.79801940917969,0.0,0.0,226.73068237304688,105.26461791992188,0.0,0.0,0.0,0.0,0.0,0.0,0.0,0.0
151,0.0,0.0,0.0,0.0,0.0,0.0,0.0,0.0,0.0,0.0,0.0,0.0,0.0,0.0,0.0,0.0,212.46864318847656,37.22325134277344,0.0,0.0,201.0890655517578,63.25382232666016,285.7474060058594,91.87336730957033,223.36868286132807,90.57070922851562,0.0,0.0,0.0,0.0,0.0,0.0,0.0,0.0
152,0.0,0.0,0.0,0.0,0.0,0.0,0.0,0.0,0.0,0.0,0.0,0.0,0.0,0.0,0.0,0.0,211.2919006347656,35.32460403442383,0.0,0.0,199.57614135742188,62.98685836791992,291.22320556640625,101.34634399414062,228.97784423828125,101.21409606933594,0.0,0.0,0.0,0.0,0.0,0.0,0.0,0.0
153,0.0,0.0,0.0,0.0,0.0,0.0,0.0,0.0,0.0,0.0,0.0,0.0,0.0,0.0,0.0,0.0,211.02853393554688,32.92892837524414,0.0,0.0,199.985107421875,61.65472412109375,288.7211303710937,95.9237060546875,229.0994873046875,97.2973861694336,0.0,0.0,0.0,0.0,0.0,0.0,0.0,0.0
154,0.0,0.0,0.0,0.0,0.0,0.0,0.0,0.0,0.0,0.0,0.0,0.0,0.0,0.0,0.0,0.0,207.8934783935547,38.64544677734375,0.0,0.0,198.84750366210935,62.1894760131836,282.1105041503906,95.56698608398438,224.0988311767578,95.98594665527344,0.0,0.0,0.0,0.0,0.0,0.0,0.0,0.0
155,0.0,0.0,0.0,0.0,0.0,0.0,0.0,0.0,0.0,0.0,0.0,0.0,0.0,0.0,0.0,0.0,206.316650390625,34.73313903808594,305.95556640625,59.69517135620117,198.6298828125,60.89735412597656,279.6070861816406,84.19031524658203,222.3367156982422,85.82046508789062,0.0,0.0,0.0,0.0,0.0,0.0,0.0,0.0
156,0.0,0.0,0.0,0.0,0.0,0.0,0.0,0.0,0.0,0.0,0.0,0.0,0.0,0.0,0.0,0.0,206.7830352783203,34.866600036621094,0.0,0.0,197.50462341308597,61.90089797973633,284.1423645019531,85.32167053222656,223.9194793701172,87.71280670166016,0.0,0.0,0.0,0.0,0.0,0.0,0.0,0.0
157,0.0,0.0,0.0,0.0,0.0,0.0,0.0,0.0,0.0,0.0,0.0,0.0,0.0,0.0,0.0,0.0,207.53895568847656,35.86206817626953,0.0,0.0,196.6165008544922,61.30474853515625,279.4202575683594,81.52667236328125,220.5078125,84.02875518798828,0.0,0.0,0.0,0.0,0.0,0.0,0.0,0.0
158,0.0,0.0,0.0,0.0,0.0,0.0,0.0,0.0,0.0,0.0,0.0,0.0,0.0,0.0,0.0,0.0,206.61729431152344,32.07052993774414,0.0,0.0,196.3587188720703,58.39525604248047,277.1576843261719,83.32723999023438,221.2155303955078,84.7194595336914,0.0,0.0,0.0,0.0,0.0,0.0,0.0,0.0
159,0.0,0.0,0.0,0.0,0.0,0.0,0.0,0.0,0.0,0.0,0.0,0.0,0.0,0.0,0.0,0.0,208.93463134765625,30.59909439086914,0.0,0.0,196.54620361328125,56.82448959350586,272.7200012207031,78.22990417480469,219.2813720703125,78.38086700439453,0.0,0.0,0.0,0.0,0.0,0.0,0.0,0.0
160,0.0,0.0,0.0,0.0,0.0,0.0,0.0,0.0,0.0,0.0,0.0,0.0,0.0,0.0,0.0,0.0,207.96551513671875,32.46018981933594,0.0,0.0,196.19992065429688,57.71498489379883,276.43218994140625,78.37857818603516,221.42935180664065,79.54491424560547,0.0,0.0,0.0,0.0,0.0,0.0,0.0,0.0
161,0.0,0.0,0.0,0.0,0.0,0.0,0.0,0.0,0.0,0.0,0.0,0.0,0.0,0.0,0.0,0.0,206.3660430908203,30.560550689697266,0.0,0.0,194.41665649414065,56.210479736328125,282.2312927246094,80.9471435546875,224.75411987304688,82.52362060546875,0.0,0.0,0.0,0.0,0.0,0.0,0.0,0.0
162,0.0,0.0,0.0,0.0,0.0,0.0,0.0,0.0,0.0,0.0,0.0,0.0,0.0,0.0,0.0,0.0,205.48297119140625,28.30830764770508,0.0,0.0,195.74925231933597,55.97417449951172,274.1308288574219,84.43409729003906,221.60549926757807,84.06219482421875,0.0,0.0,0.0,0.0,0.0,0.0,0.0,0.0
163,0.0,0.0,0.0,0.0,0.0,0.0,0.0,0.0,0.0,0.0,0.0,0.0,0.0,0.0,0.0,0.0,205.72239685058597,29.62881851196289,310.64288330078125,58.320068359375,195.0537109375,54.51511764526367,272.3427734375,81.8169174194336,219.1053771972656,81.47259521484375,0.0,0.0,0.0,0.0,0.0,0.0,0.0,0.0
164,0.0,0.0,0.0,0.0,0.0,0.0,0.0,0.0,0.0,0.0,0.0,0.0,0.0,0.0,0.0,0.0,205.6393280029297,29.41996383666992,0.0,0.0,195.01644897460935,54.386268615722656,274.23126220703125,81.07667541503906,219.3632659912109,81.36200714111328,0.0,0.0,0.0,0.0,0.0,0.0,0.0,0.0
165,0.0,0.0,0.0,0.0,0.0,0.0,0.0,0.0,0.0,0.0,0.0,0.0,0.0,0.0,0.0,0.0,205.12203979492188,31.51077651977539,311.3538818359375,60.3421516418457,195.05075073242188,55.514442443847656,277.8042297363281,83.15967559814453,221.64833068847656,83.38282775878906,0.0,0.0,0.0,0.0,0.0,0.0,0.0,0.0
166,0.0,0.0,0.0,0.0,0.0,0.0,0.0,0.0,0.0,0.0,0.0,0.0,0.0,0.0,0.0,0.0,204.50405883789065,27.99034881591797,0.0,0.0,197.08702087402344,57.84748077392578,273.956787109375,78.4573974609375,221.2063140869141,78.84535217285156,0.0,0.0,0.0,0.0,0.0,0.0,0.0,0.0
167,0.0,0.0,0.0,0.0,0.0,0.0,0.0,0.0,0.0,0.0,0.0,0.0,0.0,0.0,0.0,0.0,204.35206604003903,24.5892333984375,0.0,0.0,194.73074340820312,56.638450622558594,275.5399169921875,79.23230743408203,223.63595581054688,78.30152893066406,0.0,0.0,0.0,0.0,0.0,0.0,0.0,0.0
168,0.0,0.0,0.0,0.0,0.0,0.0,0.0,0.0,0.0,0.0,0.0,0.0,0.0,0.0,0.0,0.0,202.59982299804688,22.11202621459961,0.0,0.0,194.82688903808597,55.70367431640625,272.0784912109375,75.80793762207031,218.9195098876953,74.84557342529297,0.0,0.0,0.0,0.0,0.0,0.0,0.0,0.0
169,0.0,0.0,0.0,0.0,0.0,0.0,0.0,0.0,0.0,0.0,0.0,0.0,0.0,0.0,0.0,0.0,202.61459350585935,27.076997756958008,0.0,0.0,194.08560180664065,56.65948867797852,270.3223571777344,69.55670166015625,220.07437133789065,69.07066345214844,0.0,0.0,214.9923553466797,125.94029998779295,0.0,0.0,0.0,0.0
170,0.0,0.0,0.0,0.0,0.0,0.0,0.0,0.0,0.0,0.0,0.0,0.0,0.0,0.0,0.0,0.0,203.30491638183597,22.01478576660156,0.0,0.0,192.58360290527344,54.72682189941406,271.4678955078125,78.4720687866211,219.4408264160156,78.59776306152344,0.0,0.0,211.2966461181641,143.650146484375,0.0,0.0,0.0,0.0
171,0.0,0.0,0.0,0.0,0.0,0.0,0.0,0.0,0.0,0.0,0.0,0.0,0.0,0.0,0.0,0.0,202.5829620361328,23.44118881225586,313.06072998046875,72.7151107788086,191.3990478515625,55.99655151367188,271.5564880371094,78.8098373413086,219.42431640625,77.57088470458984,0.0,0.0,210.80657958984372,140.910888671875,0.0,0.0,0.0,0.0
172,0.0,0.0,0.0,0.0,0.0,0.0,0.0,0.0,0.0,0.0,0.0,0.0,0.0,0.0,0.0,0.0,202.05133056640625,33.71256256103516,0.0,0.0,190.717041015625,58.40817260742188,273.023681640625,88.25503540039062,220.7320251464844,87.51945495605469,0.0,0.0,0.0,0.0,0.0,0.0,0.0,0.0
173,0.0,0.0,0.0,0.0,0.0,0.0,0.0,0.0,0.0,0.0,0.0,0.0,0.0,0.0,0.0,0.0,201.3220977783203,27.958406448364254,0.0,0.0,192.632080078125,56.13386917114258,275.41168212890625,87.93504333496094,219.5083770751953,88.42228698730469,0.0,0.0,0.0,0.0,0.0,0.0,0.0,0.0
174,0.0,0.0,0.0,0.0,0.0,0.0,0.0,0.0,0.0,0.0,0.0,0.0,0.0,0.0,0.0,0.0,201.33331298828125,26.945247650146484,307.0837707519531,61.77870559692383,189.72808837890625,57.48374938964844,266.2691955566406,82.23088073730469,217.45335388183597,80.404541015625,0.0,0.0,211.26089477539065,150.23196411132812,0.0,0.0,0.0,0.0
175,0.0,0.0,0.0,0.0,0.0,0.0,0.0,0.0,0.0,0.0,0.0,0.0,0.0,0.0,0.0,0.0,202.4813232421875,28.889102935791016,309.9801025390625,67.35945892333984,190.8668975830078,56.041133880615234,265.11016845703125,81.41062927246094,216.7271728515625,79.50438690185547,0.0,0.0,211.58322143554688,142.07730102539062,0.0,0.0,0.0,0.0
176,0.0,0.0,0.0,0.0,0.0,0.0,0.0,0.0,0.0,0.0,0.0,0.0,0.0,0.0,0.0,0.0,201.8730010986328,31.12439727783203,0.0,0.0,189.99526977539065,55.832427978515625,266.1416931152344,85.04212188720703,218.03211975097656,83.37061309814453,0.0,0.0,208.79934692382807,140.5105743408203,0.0,0.0,0.0,0.0
177,0.0,0.0,0.0,0.0,0.0,0.0,0.0,0.0,0.0,0.0,0.0,0.0,0.0,0.0,0.0,0.0,202.00726318359372,21.79482650756836,311.8002624511719,70.43611907958984,189.52423095703125,56.381935119628906,265.5703125,74.1249008178711,217.78030395507807,72.42089080810547,260.23223876953125,134.03858947753906,216.4787139892578,132.44190979003906,0.0,0.0,0.0,0.0
178,0.0,0.0,0.0,0.0,0.0,0.0,0.0,0.0,0.0,0.0,0.0,0.0,0.0,0.0,304.0911865234375,41.02505493164063,201.4154052734375,32.763397216796875,307.77978515625,72.08132934570312,191.5409240722656,58.05649566650391,266.5583190917969,83.20011901855469,219.0462646484375,81.56340026855469,0.0,0.0,215.0361328125,145.11297607421875,0.0,0.0,0.0,0.0
179,0.0,0.0,0.0,0.0,0.0,0.0,0.0,0.0,0.0,0.0,0.0,0.0,0.0,0.0,0.0,0.0,202.6477813720703,25.732154846191406,306.3947448730469,68.58682250976562,192.01112365722656,55.88315582275391,266.0699462890625,77.18570709228516,217.94737243652344,75.41001892089844,255.41354370117188,142.83685302734375,216.02378845214844,143.15818786621094,0.0,0.0,0.0,0.0
180,0.0,0.0,0.0,0.0,0.0,0.0,0.0,0.0,0.0,0.0,0.0,0.0,0.0,0.0,0.0,0.0,204.61505126953125,30.77037811279297,316.3555603027344,76.7735824584961,190.44488525390625,59.580902099609375,264.71661376953125,76.05802154541016,218.95053100585935,74.89070129394531,257.9134521484375,138.8937225341797,214.883056640625,138.90921020507812,0.0,0.0,0.0,0.0
181,0.0,0.0,0.0,0.0,0.0,0.0,0.0,0.0,0.0,0.0,0.0,0.0,0.0,0.0,0.0,0.0,204.42584228515625,30.838298797607425,316.9654541015625,76.56766510009766,190.4119415283203,59.52510833740234,265.1156005859375,76.99728393554688,218.7696228027344,75.42887115478516,254.81808471679688,139.77947998046875,214.1116943359375,138.89175415039062,0.0,0.0,0.0,0.0
182,0.0,0.0,0.0,0.0,0.0,0.0,0.0,0.0,0.0,0.0,0.0,0.0,0.0,0.0,0.0,0.0,204.4580993652344,23.0020751953125,313.59246826171875,72.55078125,191.23358154296875,56.389495849609375,267.872802734375,75.5133285522461,218.70034790039065,74.49090576171875,265.3226623535156,143.24905395507812,216.96206665039065,143.7533416748047,0.0,0.0,0.0,0.0
183,0.0,0.0,0.0,0.0,0.0,0.0,0.0,0.0,0.0,0.0,0.0,0.0,0.0,0.0,302.5078430175781,27.265281677246094,202.29916381835935,25.564882278442383,309.81524658203125,74.46012878417969,191.5542449951172,56.26387786865234,268.1220092773437,76.01237487792969,218.341552734375,75.57030487060547,259.1131896972656,146.43228149414062,216.96165466308597,147.49842834472656,0.0,0.0,0.0,0.0
184,0.0,0.0,0.0,0.0,0.0,0.0,0.0,0.0,0.0,0.0,0.0,0.0,0.0,0.0,299.5331115722656,31.18589401245117,202.10601806640625,27.3645133972168,310.3175964355469,73.72396850585938,191.51004028320312,56.86693954467773,266.4656982421875,73.75996398925781,219.8768615722656,73.05834197998047,255.55484008789065,137.7200927734375,218.9439697265625,138.7352752685547,0.0,0.0,0.0,0.0
185,0.0,0.0,0.0,0.0,0.0,0.0,0.0,0.0,0.0,0.0,0.0,0.0,0.0,0.0,295.42626953125,29.177135467529297,202.89251708984372,20.767269134521484,311.24432373046875,73.62721252441406,191.46337890625,56.07611083984375,267.4407043457031,71.7958984375,218.489501953125,71.47510528564453,270.5173034667969,136.820068359375,218.64254760742188,138.62234497070312,0.0,0.0,0.0,0.0
186,0.0,0.0,0.0,0.0,0.0,0.0,0.0,0.0,0.0,0.0,0.0,0.0,0.0,0.0,302.1024780273437,26.703086853027344,201.0729522705078,25.558738708496094,310.555908203125,74.63650512695312,190.075439453125,57.92691040039063,269.3033447265625,74.27347564697266,219.93115234375,74.54060363769531,269.5515441894531,141.4977264404297,218.9228363037109,143.52288818359375,0.0,0.0,0.0,0.0
187,0.0,0.0,0.0,0.0,0.0,0.0,0.0,0.0,0.0,0.0,0.0,0.0,0.0,0.0,301.25457763671875,26.75506591796875,201.0580291748047,26.12883758544922,310.2799072265625,74.5259017944336,189.99046325683597,58.01552581787109,269.43328857421875,74.16423797607422,220.2604522705078,74.59369659423828,270.20526123046875,141.01817321777344,218.86505126953125,143.2433319091797,0.0,0.0,0.0,0.0
188,0.0,0.0,0.0,0.0,0.0,0.0,0.0,0.0,0.0,0.0,0.0,0.0,0.0,0.0,301.50128173828125,25.1629638671875,201.2803497314453,21.958988189697266,311.2714233398437,74.22188568115234,191.11062622070312,55.0809326171875,269.9062805175781,72.90973663330078,218.22833251953125,73.39070129394531,273.01324462890625,142.33494567871094,218.6353912353516,144.93038940429688,0.0,0.0,0.0,0.0
189,0.0,0.0,0.0,0.0,0.0,0.0,0.0,0.0,0.0,0.0,0.0,0.0,0.0,0.0,0.0,0.0,202.81773376464844,20.065711975097656,312.103759765625,73.56903839111328,187.87625122070312,56.86009216308594,268.5966796875,67.62409973144531,218.5582275390625,68.0427017211914,276.4184875488281,128.57684326171875,218.46331787109372,131.43572998046875,0.0,0.0,0.0,0.0
190,0.0,0.0,0.0,0.0,0.0,0.0,0.0,0.0,0.0,0.0,0.0,0.0,0.0,0.0,0.0,0.0,203.19436645507807,18.987586975097656,311.9520263671875,74.62242126464844,188.2798767089844,56.0892219543457,270.00933837890625,69.44348907470703,217.9336700439453,70.29197692871094,277.9226379394531,134.7685546875,217.3630523681641,138.96835327148438,0.0,0.0,0.0,0.0
191,0.0,0.0,0.0,0.0,0.0,0.0,0.0,0.0,0.0,0.0,0.0,0.0,0.0,0.0,0.0,0.0,202.89456176757807,19.67302703857422,311.99249267578125,73.70436096191406,188.11431884765625,55.96566390991211,266.7904968261719,69.12753295898438,217.27337646484372,69.13788604736328,271.423828125,130.59751892089844,217.5429534912109,133.1328125,0.0,0.0,0.0,0.0
192,0.0,0.0,0.0,0.0,0.0,0.0,0.0,0.0,0.0,0.0,0.0,0.0,0.0,0.0,301.2311706542969,27.388500213623047,200.01461791992188,26.026262283325195,309.975341796875,74.57197570800781,190.2952117919922,55.69783401489258,269.5604248046875,72.55818939208984,219.41165161132807,72.6284408569336,262.7484130859375,135.4119110107422,219.07745361328125,136.93348693847656,0.0,0.0,0.0,0.0
193,0.0,0.0,0.0,0.0,0.0,0.0,0.0,0.0,0.0,0.0,0.0,0.0,0.0,0.0,0.0,0.0,202.03753662109372,21.963455200195312,312.2506103515625,75.14259338378906,187.14756774902344,57.03532409667969,267.1351623535156,68.10700988769531,218.91493225097656,66.96794128417969,258.3128662109375,128.04916381835938,217.8771514892578,127.63104248046876,0.0,0.0,0.0,0.0
194,0.0,0.0,0.0,0.0,0.0,0.0,0.0,0.0,0.0,0.0,0.0,0.0,0.0,0.0,0.0,0.0,201.15480041503903,26.61310195922852,312.3904113769531,75.69816589355469,186.65753173828125,56.33698272705078,269.61541748046875,70.38162231445312,223.16766357421875,69.99608612060547,249.2974548339844,123.09553527832033,215.1404571533203,123.89876556396484,0.0,0.0,0.0,0.0
195,0.0,0.0,0.0,0.0,0.0,0.0,0.0,0.0,0.0,0.0,0.0,0.0,0.0,0.0,0.0,0.0,199.1747131347656,22.018821716308597,0.0,0.0,187.79124450683597,52.79108428955078,269.8140869140625,77.43905639648438,216.0438995361328,76.5630874633789,0.0,0.0,211.20162963867188,137.99111938476562,0.0,0.0,0.0,0.0
196,0.0,0.0,0.0,0.0,0.0,0.0,0.0,0.0,0.0,0.0,0.0,0.0,0.0,0.0,0.0,0.0,198.5331115722656,22.26251983642578,312.1985168457031,75.4222183227539,185.54586791992188,55.156856536865234,269.28546142578125,77.2128677368164,216.51390075683597,76.9737777709961,267.2192077636719,142.20066833496094,213.02359008789065,143.10394287109375,0.0,0.0,0.0,0.0
197,0.0,0.0,0.0,0.0,0.0,0.0,0.0,0.0,0.0,0.0,0.0,0.0,0.0,0.0,0.0,0.0,200.2066802978516,19.13758087158203,307.97637939453125,72.97677612304688,188.67630004882807,52.97091293334961,272.6381530761719,75.48310089111328,220.3722686767578,75.00202941894531,0.0,0.0,217.05479431152344,144.13670349121094,0.0,0.0,0.0,0.0
198,0.0,0.0,0.0,0.0,0.0,0.0,0.0,0.0,0.0,0.0,0.0,0.0,0.0,0.0,0.0,0.0,198.9552001953125,16.45168685913086,310.8645324707031,72.93115997314453,186.6619873046875,52.20882797241211,273.8338317871094,72.61158752441406,217.99305725097656,72.9279556274414,0.0,0.0,0.0,0.0,0.0,0.0,0.0,0.0
199,0.0,0.0,0.0,0.0,0.0,0.0,0.0,0.0,0.0,0.0,0.0,0.0,0.0,0.0,0.0,0.0,198.02651977539065,25.09632110595703,313.29107666015625,77.3390121459961,186.07476806640625,54.73198318481445,278.2766418457031,79.58271789550781,220.02786254882807,80.1534652709961,0.0,0.0,0.0,0.0,0.0,0.0,0.0,0.0
200,0.0,0.0,0.0,0.0,0.0,0.0,0.0,0.0,0.0,0.0,0.0,0.0,0.0,0.0,0.0,0.0,198.37319946289065,18.47349548339844,311.6695556640625,73.47206115722656,185.8182830810547,53.7664794921875,273.3534545898437,71.78656768798828,217.77581787109372,72.75747680664062,0.0,0.0,218.67477416992188,142.60922241210938,0.0,0.0,0.0,0.0
201,0.0,0.0,0.0,0.0,0.0,0.0,0.0,0.0,0.0,0.0,0.0,0.0,0.0,0.0,0.0,0.0,198.07565307617188,22.500408172607425,312.29949951171875,75.53831481933594,185.1823883056641,54.41202545166016,279.3476257324219,77.9827651977539,221.9808654785156,79.05239868164062,0.0,0.0,0.0,0.0,0.0,0.0,0.0,0.0
202,0.0,0.0,0.0,0.0,0.0,0.0,0.0,0.0,0.0,0.0,0.0,0.0,0.0,0.0,0.0,0.0,197.73196411132807,22.66541290283203,313.1843566894531,75.02606201171875,185.56625366210935,53.59347152709961,276.7366027832031,77.05884552001953,219.9543914794922,78.77328491210938,0.0,0.0,0.0,0.0,0.0,0.0,0.0,0.0
203,0.0,0.0,0.0,0.0,0.0,0.0,0.0,0.0,0.0,0.0,0.0,0.0,0.0,0.0,0.0,0.0,196.9766387939453,24.005294799804688,310.2747497558594,74.4236831665039,183.22010803222656,54.82804870605469,280.6557312011719,80.60155487060547,223.6771697998047,82.20804595947266,0.0,0.0,0.0,0.0,0.0,0.0,0.0,0.0
204,0.0,0.0,0.0,0.0,0.0,0.0,0.0,0.0,0.0,0.0,0.0,0.0,0.0,0.0,0.0,0.0,198.18820190429688,20.77816772460937,311.572509765625,75.4864730834961,184.8230438232422,54.33095932006836,278.6815795898437,79.22870635986328,223.4346923828125,81.19132232666016,0.0,0.0,0.0,0.0,0.0,0.0,0.0,0.0
205,0.0,0.0,0.0,0.0,0.0,0.0,0.0,0.0,0.0,0.0,0.0,0.0,0.0,0.0,0.0,0.0,199.6475982666016,26.055906295776367,312.021728515625,77.02770233154297,185.75906372070312,53.93660354614258,285.18963623046875,85.11896514892578,226.92259216308597,87.57353210449219,0.0,0.0,0.0,0.0,0.0,0.0,0.0,0.0
206,0.0,0.0,0.0,0.0,0.0,0.0,0.0,0.0,0.0,0.0,0.0,0.0,0.0,0.0,0.0,0.0,199.2259063720703,18.125701904296875,311.69598388671875,76.33736419677734,186.26937866210935,52.571197509765625,279.1960144042969,79.49716186523438,221.92535400390625,81.25557708740234,0.0,0.0,0.0,0.0,0.0,0.0,0.0,0.0
207,0.0,0.0,0.0,0.0,0.0,0.0,0.0,0.0,0.0,0.0,0.0,0.0,0.0,0.0,0.0,0.0,198.88623046875,22.73290252685547,311.749755859375,75.58043670654297,185.9456329345703,52.419921875,281.3198547363281,76.87004089355469,223.7658843994141,78.74411010742188,0.0,0.0,0.0,0.0,0.0,0.0,0.0,0.0
208,0.0,0.0,0.0,0.0,0.0,0.0,0.0,0.0,0.0,0.0,0.0,0.0,0.0,0.0,0.0,0.0,199.5966339111328,22.714282989501957,311.5156555175781,75.57589721679688,186.33648681640625,53.94482421875,282.5342712402344,78.32537841796875,223.73370361328125,80.24060821533203,0.0,0.0,0.0,0.0,0.0,0.0,0.0,0.0
209,0.0,0.0,0.0,0.0,0.0,0.0,0.0,0.0,0.0,0.0,0.0,0.0,0.0,0.0,0.0,0.0,199.73797607421875,23.357585906982425,312.1781921386719,76.66987609863281,186.35842895507807,53.83751678466797,282.21051025390625,81.32617950439453,224.0552673339844,82.39918518066406,0.0,0.0,0.0,0.0,0.0,0.0,0.0,0.0
210,0.0,0.0,0.0,0.0,0.0,0.0,0.0,0.0,0.0,0.0,0.0,0.0,0.0,0.0,0.0,0.0,198.643310546875,23.60277557373047,312.3119812011719,75.62965393066406,186.39317321777344,55.38477325439453,277.03759765625,76.07178497314453,220.64431762695312,76.04508972167969,0.0,0.0,218.06272888183597,146.3458251953125,0.0,0.0,0.0,0.0
211,0.0,0.0,0.0,0.0,0.0,0.0,0.0,0.0,0.0,0.0,0.0,0.0,0.0,0.0,0.0,0.0,200.10824584960935,22.45086669921875,312.0448303222656,75.52180480957031,187.260498046875,53.65675735473633,277.85626220703125,77.34220886230469,222.64227294921875,77.96163940429688,0.0,0.0,0.0,0.0,0.0,0.0,0.0,0.0
212,0.0,0.0,0.0,0.0,0.0,0.0,0.0,0.0,0.0,0.0,0.0,0.0,0.0,0.0,0.0,0.0,200.373291015625,26.070613861083984,311.1142272949219,74.64544677734375,188.2648468017578,53.16439056396485,278.76959228515625,76.01454162597656,221.89230346679688,77.6830825805664,0.0,0.0,0.0,0.0,0.0,0.0,0.0,0.0
213,0.0,0.0,0.0,0.0,0.0,0.0,0.0,0.0,0.0,0.0,0.0,0.0,0.0,0.0,0.0,0.0,199.62374877929688,26.404756546020508,311.65185546875,74.87623596191406,188.23004150390625,54.40865707397461,275.20220947265625,72.13638305664062,220.55667114257807,72.80332946777344,282.151123046875,133.28012084960938,214.36041259765625,134.02345275878906,0.0,0.0,0.0,0.0
214,0.0,0.0,0.0,0.0,0.0,0.0,0.0,0.0,0.0,0.0,0.0,0.0,0.0,0.0,0.0,0.0,199.7633819580078,29.349721908569336,311.6529235839844,74.88941955566406,188.0560760498047,55.11100769042969,276.0846252441406,72.44049835205078,221.2813262939453,73.58195495605469,0.0,0.0,214.075927734375,134.45697021484375,0.0,0.0,0.0,0.0
215,0.0,0.0,0.0,0.0,0.0,0.0,0.0,0.0,0.0,0.0,0.0,0.0,0.0,0.0,294.133544921875,29.04229736328125,202.06558227539065,24.60514068603516,311.49285888671875,73.60136413574219,185.142822265625,54.73456954956055,276.3464050292969,68.275390625,227.7204742431641,69.72309875488281,0.0,0.0,0.0,0.0,0.0,0.0,0.0,0.0
216,0.0,0.0,0.0,0.0,0.0,0.0,0.0,0.0,0.0,0.0,0.0,0.0,0.0,0.0,295.21807861328125,29.608551025390625,203.73345947265625,27.85149383544922,310.3905639648437,73.72779846191406,185.7491149902344,54.9077377319336,273.26324462890625,65.32978057861328,224.2856903076172,66.97592163085938,0.0,0.0,0.0,0.0,0.0,0.0,0.0,0.0
217,0.0,0.0,0.0,0.0,0.0,0.0,0.0,0.0,0.0,0.0,0.0,0.0,0.0,0.0,292.031005859375,30.57176971435547,206.7615966796875,28.855499267578125,310.1884765625,73.11884307861328,188.16168212890625,56.280372619628906,274.0195617675781,67.15857696533203,223.31671142578125,70.06904602050781,0.0,0.0,218.84593200683597,134.3369598388672,0.0,0.0,0.0,0.0
218,0.0,0.0,0.0,0.0,0.0,0.0,0.0,0.0,0.0,0.0,0.0,0.0,0.0,0.0,293.0772399902344,32.5135612487793,204.9670562744141,28.446453094482425,311.9037780761719,72.90548706054688,188.55563354492188,56.97865676879883,276.1989440917969,69.57987976074219,226.81478881835935,71.66432189941406,0.0,0.0,0.0,0.0,0.0,0.0,0.0,0.0
219,0.0,0.0,0.0,0.0,0.0,0.0,0.0,0.0,0.0,0.0,0.0,0.0,0.0,0.0,294.92626953125,31.10007095336914,205.5822906494141,28.079402923583984,312.4621887207031,72.25312805175781,188.11346435546875,55.3912467956543,278.8191223144531,68.8640365600586,230.3994598388672,69.98199462890625,0.0,0.0,0.0,0.0,0.0,0.0,0.0,0.0
220,0.0,0.0,0.0,0.0,0.0,0.0,0.0,0.0,0.0,0.0,0.0,0.0,0.0,0.0,294.9683532714844,31.051803588867188,205.65740966796875,27.092384338378903,312.54052734375,72.1708984375,188.3658905029297,55.451934814453125,277.4631042480469,67.67412567138672,229.3929901123047,68.54166412353516,0.0,0.0,0.0,0.0,0.0,0.0,0.0,0.0
221,0.0,0.0,0.0,0.0,0.0,0.0,0.0,0.0,0.0,0.0,0.0,0.0,0.0,0.0,294.57568359375,33.84487533569336,205.46836853027344,28.42398834228516,313.6309814453125,75.29308319091797,188.0819091796875,57.14259338378906,278.6533508300781,68.64458465576172,227.01116943359372,70.81314086914062,0.0,0.0,0.0,0.0,0.0,0.0,0.0,0.0
222,0.0,0.0,0.0,0.0,0.0,0.0,0.0,0.0,0.0,0.0,0.0,0.0,0.0,0.0,293.4030456542969,34.09844207763672,205.244140625,28.56329727172852,313.4512939453125,75.24121856689453,188.03326416015625,57.38103103637695,278.69158935546875,68.88584899902344,226.47190856933597,71.42962646484375,0.0,0.0,0.0,0.0,0.0,0.0,0.0,0.0
223,0.0,0.0,0.0,0.0,0.0,0.0,0.0,0.0,0.0,0.0,0.0,0.0,0.0,0.0,291.9580078125,35.7754020690918,205.5889587402344,29.17736053466797,313.1976623535156,75.9124755859375,188.42425537109372,57.794315338134766,276.4493103027344,67.06475067138672,224.99530029296875,70.04885864257812,0.0,0.0,219.26251220703125,128.63369750976562,0.0,0.0,0.0,0.0
224,0.0,0.0,0.0,0.0,0.0,0.0,0.0,0.0,0.0,0.0,0.0,0.0,0.0,0.0,0.0,0.0,204.9776153564453,30.258445739746094,312.43829345703125,75.26799011230469,188.6673889160156,58.47175216674805,275.5010681152344,66.27557373046875,224.86248779296875,68.696044921875,0.0,0.0,217.83123779296875,126.47477722167967,0.0,0.0,0.0,0.0
225,0.0,0.0,0.0,0.0,0.0,0.0,0.0,0.0,0.0,0.0,0.0,0.0,0.0,0.0,0.0,0.0,205.39450073242188,27.285404205322266,313.767333984375,76.3355712890625,188.9687347412109,57.00057220458984,277.0043029785156,68.76609802246094,225.5333404541016,70.55337524414062,0.0,0.0,218.70236206054688,134.92691040039062,0.0,0.0,0.0,0.0
226,0.0,0.0,0.0,0.0,0.0,0.0,0.0,0.0,0.0,0.0,0.0,0.0,0.0,0.0,0.0,0.0,206.0150451660156,26.615516662597656,314.32403564453125,77.1247787475586,187.94732666015625,56.96079254150391,278.16778564453125,70.80667114257812,226.8539276123047,72.28562927246094,0.0,0.0,0.0,0.0,0.0,0.0,0.0,0.0
227,0.0,0.0,0.0,0.0,0.0,0.0,0.0,0.0,0.0,0.0,0.0,0.0,0.0,0.0,0.0,0.0,205.86427307128903,26.44644927978516,315.1716003417969,76.70742797851562,188.663818359375,57.15118408203125,279.07061767578125,71.89657592773438,227.83840942382807,73.72010803222656,0.0,0.0,0.0,0.0,0.0,0.0,0.0,0.0
228,0.0,0.0,0.0,0.0,0.0,0.0,0.0,0.0,0.0,0.0,0.0,0.0,0.0,0.0,0.0,0.0,206.2229766845703,27.149978637695312,314.902099609375,76.12480926513672,187.65972900390625,55.709590911865234,285.6410217285156,73.95428466796875,231.782958984375,75.91747283935547,0.0,0.0,0.0,0.0,0.0,0.0,0.0,0.0
229,0.0,0.0,0.0,0.0,0.0,0.0,0.0,0.0,0.0,0.0,0.0,0.0,0.0,0.0,0.0,0.0,202.74285888671875,29.424842834472656,0.0,0.0,185.01937866210935,55.01115417480469,288.8477478027344,73.37187194824219,243.3326873779297,74.0339584350586,0.0,0.0,0.0,0.0,0.0,0.0,0.0,0.0
230,0.0,0.0,0.0,0.0,0.0,0.0,0.0,0.0,0.0,0.0,0.0,0.0,0.0,0.0,0.0,0.0,204.3246154785156,30.687744140625,0.0,0.0,185.1699676513672,60.20664978027344,276.11578369140625,65.61907958984375,251.8875732421875,64.00707244873047,0.0,0.0,0.0,0.0,0.0,0.0,0.0,0.0
231,0.0,0.0,0.0,0.0,0.0,0.0,0.0,0.0,0.0,0.0,0.0,0.0,0.0,0.0,0.0,0.0,202.500732421875,30.387657165527344,0.0,0.0,184.58950805664065,60.75492477416992,282.79833984375,61.83692169189453,248.35777282714844,62.29908752441406,0.0,0.0,0.0,0.0,0.0,0.0,0.0,0.0
232,0.0,0.0,0.0,0.0,0.0,0.0,0.0,0.0,0.0,0.0,0.0,0.0,0.0,0.0,0.0,0.0,201.7559051513672,29.017822265625,0.0,0.0,182.6582946777344,60.1734504699707,286.9760131835937,59.74602890014648,241.7387542724609,60.954837799072266,0.0,0.0,0.0,0.0,0.0,0.0,0.0,0.0
233,0.0,0.0,0.0,0.0,0.0,0.0,0.0,0.0,0.0,0.0,0.0,0.0,0.0,0.0,0.0,0.0,203.32205200195312,26.59286880493164,0.0,0.0,185.68020629882807,55.853553771972656,284.0643920898437,67.332275390625,237.7744140625,68.21615600585938,0.0,0.0,0.0,0.0,0.0,0.0,0.0,0.0
234,0.0,0.0,0.0,0.0,0.0,0.0,0.0,0.0,0.0,0.0,0.0,0.0,0.0,0.0,0.0,0.0,201.9586181640625,28.807846069335938,310.9423217773437,74.32646179199219,181.68405151367188,57.12691116333008,288.2569580078125,62.16765594482422,237.87974548339844,65.02717590332031,0.0,0.0,0.0,0.0,0.0,0.0,0.0,0.0
235,0.0,0.0,0.0,0.0,0.0,0.0,0.0,0.0,0.0,0.0,0.0,0.0,0.0,0.0,298.7225341796875,31.82599639892578,203.94747924804688,22.06158828735352,313.7799987792969,77.17796325683594,188.45050048828125,55.21670913696289,280.20166015625,67.58702850341797,230.7696685791016,67.07490539550781,0.0,0.0,0.0,0.0,0.0,0.0,0.0,0.0
236,0.0,0.0,0.0,0.0,0.0,0.0,0.0,0.0,0.0,0.0,0.0,0.0,0.0,0.0,0.0,0.0,204.24757385253903,25.962158203125,313.35809326171875,76.54058837890625,185.0611267089844,55.17164993286133,287.4960327148437,71.48987579345703,231.5822906494141,74.64776611328125,0.0,0.0,0.0,0.0,0.0,0.0,0.0,0.0
237,0.0,0.0,0.0,0.0,0.0,0.0,0.0,0.0,0.0,0.0,0.0,0.0,0.0,0.0,0.0,0.0,204.822021484375,28.686317443847656,315.9013366699219,76.44984436035156,186.80740356445312,57.0026969909668,291.9709777832031,77.27033233642578,234.1424560546875,79.76998901367188,0.0,0.0,0.0,0.0,0.0,0.0,0.0,0.0
238,0.0,0.0,0.0,0.0,0.0,0.0,0.0,0.0,0.0,0.0,0.0,0.0,0.0,0.0,0.0,0.0,205.1466217041016,28.09542465209961,0.0,0.0,186.95689392089844,56.65950012207031,293.8566589355469,81.87608337402344,234.557861328125,84.42123413085938,0.0,0.0,0.0,0.0,0.0,0.0,0.0,0.0
239,0.0,0.0,0.0,0.0,0.0,0.0,0.0,0.0,0.0,0.0,0.0,0.0,0.0,0.0,0.0,0.0,203.79800415039065,26.77525329589844,314.9073486328125,76.14017486572266,186.79244995117188,56.32298278808594,288.396484375,75.81043243408203,233.6967620849609,77.49443817138672,0.0,0.0,0.0,0.0,0.0,0.0,0.0,0.0
240,0.0,0.0,0.0,0.0,0.0,0.0,0.0,0.0,0.0,0.0,0.0,0.0,0.0,0.0,0.0,0.0,205.25808715820312,30.1757926940918,0.0,0.0,187.1114044189453,56.597259521484375,294.40802001953125,83.70552825927734,236.1803131103516,86.04811096191406,0.0,0.0,0.0,0.0,0.0,0.0,0.0,0.0
241,0.0,0.0,0.0,0.0,0.0,0.0,0.0,0.0,0.0,0.0,0.0,0.0,0.0,0.0,0.0,0.0,204.90673828125,29.72325897216797,314.5234375,76.46321105957031,187.31434631347656,56.42361831665039,293.4318542480469,82.7259750366211,235.6443634033203,84.8270034790039,0.0,0.0,0.0,0.0,0.0,0.0,0.0,0.0
242,0.0,0.0,0.0,0.0,0.0,0.0,0.0,0.0,0.0,0.0,0.0,0.0,0.0,0.0,0.0,0.0,203.1952972412109,27.887969970703125,0.0,0.0,181.80186462402344,57.24073791503906,292.2876892089844,71.01731872558594,240.2406768798828,73.27639770507812,0.0,0.0,0.0,0.0,0.0,0.0,0.0,0.0
243,0.0,0.0,0.0,0.0,0.0,0.0,0.0,0.0,0.0,0.0,0.0,0.0,0.0,0.0,0.0,0.0,203.11346435546875,30.53693389892578,0.0,0.0,181.539794921875,58.66136932373047,292.5637512207031,69.6737289428711,239.17254638671875,71.8044204711914,0.0,0.0,0.0,0.0,0.0,0.0,0.0,0.0
244,0.0,0.0,0.0,0.0,0.0,0.0,0.0,0.0,0.0,0.0,0.0,0.0,0.0,0.0,0.0,0.0,202.62631225585935,27.792709350585938,0.0,0.0,184.63674926757807,57.141075134277344,289.1126708984375,69.81641387939453,234.12646484375,71.56703186035156,0.0,0.0,0.0,0.0,0.0,0.0,0.0,0.0
245,0.0,0.0,0.0,0.0,0.0,0.0,0.0,0.0,0.0,0.0,0.0,0.0,0.0,0.0,0.0,0.0,203.2686462402344,30.782764434814453,313.6706848144531,75.83970642089844,185.9997711181641,56.79965591430664,287.25054931640625,69.64471435546875,234.18540954589844,72.13153076171875,0.0,0.0,0.0,0.0,0.0,0.0,0.0,0.0
246,0.0,0.0,0.0,0.0,0.0,0.0,0.0,0.0,0.0,0.0,0.0,0.0,0.0,0.0,0.0,0.0,204.18441772460935,26.034015655517575,313.89715576171875,77.93351745605469,186.48878479003903,57.346656799316406,285.13311767578125,73.11199951171875,230.37648010253903,75.2427978515625,0.0,0.0,0.0,0.0,0.0,0.0,0.0,0.0
247,0.0,0.0,0.0,0.0,0.0,0.0,0.0,0.0,0.0,0.0,0.0,0.0,0.0,0.0,0.0,0.0,204.5215301513672,26.64603805541992,314.2597045898437,77.70479583740234,185.59445190429688,57.84025955200195,285.1933288574219,71.65437316894531,231.34954833984372,73.81123352050781,0.0,0.0,0.0,0.0,0.0,0.0,0.0,0.0
248,0.0,0.0,0.0,0.0,0.0,0.0,0.0,0.0,0.0,0.0,0.0,0.0,0.0,0.0,0.0,0.0,203.72506713867188,27.705646514892575,315.5705261230469,76.09947204589844,185.6224670410156,57.96574783325195,284.8545837402344,71.81285858154297,236.0272674560547,72.82266235351562,0.0,0.0,0.0,0.0,0.0,0.0,0.0,0.0
249,0.0,0.0,0.0,0.0,0.0,0.0,0.0,0.0,0.0,0.0,0.0,0.0,0.0,0.0,0.0,0.0,204.4531707763672,27.163745880126957,314.8944702148437,78.277099609375,186.21286010742188,57.10807037353516,286.1400146484375,77.41950225830078,233.41693115234372,78.43110656738281,0.0,0.0,0.0,0.0,0.0,0.0,0.0,0.0
250,0.0,0.0,0.0,0.0,0.0,0.0,0.0,0.0,0.0,0.0,0.0,0.0,0.0,0.0,0.0,0.0,204.1632080078125,28.62854766845703,316.27154541015625,78.63580322265625,186.0567321777344,57.40270233154297,283.2821655273437,74.57524108886719,230.0419006347656,75.1608657836914,0.0,0.0,0.0,0.0,0.0,0.0,0.0,0.0
251,0.0,0.0,0.0,0.0,0.0,0.0,0.0,0.0,0.0,0.0,0.0,0.0,0.0,0.0,0.0,0.0,204.28958129882807,27.784400939941406,314.70233154296875,78.24674987792969,185.6778564453125,56.68670272827149,284.5054931640625,76.80603790283203,230.8884735107422,78.38727569580078,0.0,0.0,0.0,0.0,0.0,0.0,0.0,0.0
252,0.0,0.0,0.0,0.0,0.0,0.0,0.0,0.0,0.0,0.0,0.0,0.0,0.0,0.0,298.8422546386719,39.03066253662109,205.3874053955078,28.626781463623047,314.07379150390625,79.16019439697266,185.509765625,55.4884033203125,284.9276428222656,73.8720474243164,229.9147491455078,75.71556854248047,0.0,0.0,0.0,0.0,0.0,0.0,0.0,0.0
253,0.0,0.0,0.0,0.0,0.0,0.0,0.0,0.0,0.0,0.0,0.0,0.0,0.0,0.0,298.135986328125,39.60310363769531,204.8376617431641,32.38629150390625,314.1180114746094,77.72567749023438,185.15049743652344,56.02341079711914,282.2275695800781,70.86339569091797,230.0464782714844,72.34854125976562,0.0,0.0,0.0,0.0,0.0,0.0,0.0,0.0
254,0.0,0.0,0.0,0.0,0.0,0.0,0.0,0.0,0.0,0.0,0.0,0.0,0.0,0.0,298.1031799316406,39.05040740966797,204.58981323242188,32.93671798706055,313.75567626953125,77.68832397460938,185.01287841796875,56.447998046875,281.50250244140625,70.21488952636719,230.3520355224609,71.85231018066406,0.0,0.0,0.0,0.0,0.0,0.0,0.0,0.0
255,0.0,0.0,0.0,0.0,0.0,0.0,0.0,0.0,0.0,0.0,0.0,0.0,0.0,0.0,298.20916748046875,37.70084381103516,207.19454956054688,40.25486373901367,313.37677001953125,77.38224029541016,184.49009704589844,62.08385467529297,287.8604736328125,73.26414489746094,237.76596069335935,76.03208923339844,0.0,0.0,0.0,0.0,0.0,0.0,0.0,0.0
256,0.0,0.0,0.0,0.0,0.0,0.0,0.0,0.0,0.0,0.0,0.0,0.0,0.0,0.0,0.0,0.0,207.93836975097656,35.31831359863281,314.382080078125,76.849609375,187.6110382080078,62.65465927124024,289.8946228027344,81.90547943115234,240.3844146728516,82.59122467041016,0.0,0.0,0.0,0.0,0.0,0.0,0.0,0.0
257,0.0,0.0,0.0,0.0,0.0,0.0,0.0,0.0,0.0,0.0,0.0,0.0,0.0,0.0,0.0,0.0,207.22122192382807,32.04610061645508,314.62420654296875,77.91197967529297,186.78173828125,52.45272445678711,287.9061889648437,78.18925476074219,240.2218017578125,78.9239730834961,0.0,0.0,0.0,0.0,0.0,0.0,0.0,0.0
258,0.0,0.0,0.0,0.0,0.0,0.0,0.0,0.0,0.0,0.0,0.0,0.0,0.0,0.0,0.0,0.0,207.6447296142578,31.109375,0.0,0.0,186.26885986328125,51.847930908203125,290.2877197265625,83.24427795410156,240.7356719970703,84.61021423339844,0.0,0.0,0.0,0.0,0.0,0.0,0.0,0.0
259,0.0,0.0,0.0,0.0,0.0,0.0,0.0,0.0,0.0,0.0,0.0,0.0,0.0,0.0,0.0,0.0,205.28196716308597,26.889942169189453,314.21435546875,76.82642364501953,188.1938934326172,50.73631286621094,290.1176452636719,80.8217544555664,237.64886474609372,82.30050659179688,0.0,0.0,0.0,0.0,0.0,0.0,0.0,0.0
260,0.0,0.0,0.0,0.0,0.0,0.0,0.0,0.0,0.0,0.0,0.0,0.0,0.0,0.0,0.0,0.0,204.4597625732422,32.380252838134766,315.21661376953125,75.18159484863281,185.40280151367188,50.89173126220703,286.0128173828125,71.72940826416016,234.60096740722656,72.79157257080078,0.0,0.0,0.0,0.0,0.0,0.0,0.0,0.0
261,0.0,0.0,0.0,0.0,0.0,0.0,0.0,0.0,0.0,0.0,0.0,0.0,0.0,0.0,293.2767944335937,37.744361877441406,202.1233062744141,31.045318603515625,316.5499267578125,73.1399154663086,184.338134765625,52.83382415771485,281.5912170410156,74.5239486694336,243.1853179931641,71.55013275146484,0.0,0.0,0.0,0.0,0.0,0.0,0.0,0.0
262,0.0,0.0,0.0,0.0,0.0,0.0,0.0,0.0,0.0,0.0,0.0,0.0,0.0,0.0,0.0,0.0,204.0553131103516,29.034141540527344,0.0,0.0,186.8642425537109,50.63151550292969,280.46929931640625,69.04856872558594,226.7802734375,70.39765930175781,0.0,0.0,0.0,0.0,0.0,0.0,0.0,0.0
263,0.0,0.0,0.0,0.0,0.0,0.0,0.0,0.0,0.0,0.0,0.0,0.0,0.0,0.0,0.0,0.0,197.13626098632807,25.06493377685547,0.0,0.0,187.21316528320312,51.70981597900391,264.92559814453125,70.99386596679688,246.2206573486328,70.55352783203125,0.0,0.0,0.0,0.0,0.0,0.0,0.0,0.0
264,0.0,0.0,0.0,0.0,0.0,0.0,0.0,0.0,0.0,0.0,0.0,0.0,0.0,0.0,0.0,0.0,202.592529296875,28.13661766052246,0.0,0.0,188.2159118652344,51.47518157958984,281.51971435546875,78.47895050048828,225.8230743408203,80.10790252685547,0.0,0.0,0.0,0.0,0.0,0.0,0.0,0.0
265,0.0,0.0,0.0,0.0,0.0,0.0,0.0,0.0,0.0,0.0,0.0,0.0,0.0,0.0,0.0,0.0,202.592529296875,28.13661766052246,0.0,0.0,188.2159118652344,51.47518157958984,281.51971435546875,78.47895050048828,225.8230743408203,80.10790252685547,0.0,0.0,0.0,0.0,0.0,0.0,0.0,0.0
266,0.0,0.0,0.0,0.0,0.0,0.0,0.0,0.0,0.0,0.0,0.0,0.0,0.0,0.0,0.0,0.0,199.79415893554688,26.554412841796875,314.3350830078125,72.97900390625,186.2660217285156,52.69921875,288.25762939453125,80.43207550048828,236.44451904296875,81.53373718261719,0.0,0.0,0.0,0.0,0.0,0.0,0.0,0.0
267,0.0,0.0,0.0,0.0,0.0,0.0,0.0,0.0,0.0,0.0,0.0,0.0,0.0,0.0,0.0,0.0,204.90924072265625,36.4537353515625,314.0553283691406,74.16558837890625,184.64093017578125,52.8179931640625,288.0854797363281,84.27682495117188,235.11849975585935,86.93384552001953,0.0,0.0,0.0,0.0,0.0,0.0,0.0,0.0
268,0.0,0.0,0.0,0.0,0.0,0.0,0.0,0.0,0.0,0.0,0.0,0.0,0.0,0.0,296.704833984375,37.16604232788086,203.6373443603516,29.725791931152344,312.552978515625,71.65685272216797,186.7201385498047,51.32312774658203,287.70806884765625,92.28147888183594,245.3050994873047,90.29601287841795,0.0,0.0,0.0,0.0,0.0,0.0,0.0,0.0
269,0.0,0.0,0.0,0.0,0.0,0.0,0.0,0.0,0.0,0.0,0.0,0.0,0.0,0.0,0.0,0.0,205.97378540039065,39.91465377807617,315.9057922363281,75.37737274169922,184.6216735839844,52.316444396972656,294.6788635253906,96.87429809570312,244.71109008789065,98.08274841308594,0.0,0.0,0.0,0.0,0.0,0.0,0.0,0.0
270,0.0,0.0,0.0,0.0,0.0,0.0,0.0,0.0,0.0,0.0,0.0,0.0,0.0,0.0,0.0,0.0,206.1280975341797,40.04557418823242,0.0,0.0,184.86090087890625,52.69606018066406,297.3345947265625,99.06319427490234,248.31088256835935,100.84535217285156,0.0,0.0,0.0,0.0,0.0,0.0,0.0,0.0
271,0.0,0.0,0.0,0.0,0.0,0.0,0.0,0.0,0.0,0.0,0.0,0.0,0.0,0.0,0.0,0.0,207.2117156982422,38.27092361450195,0.0,0.0,185.72314453125,52.660423278808594,291.5450744628906,87.10826873779297,240.48883056640625,87.24406433105469,0.0,0.0,0.0,0.0,0.0,0.0,0.0,0.0
272,0.0,0.0,0.0,0.0,0.0,0.0,0.0,0.0,0.0,0.0,0.0,0.0,0.0,0.0,0.0,0.0,206.08290100097656,38.41692352294922,0.0,0.0,185.3912811279297,56.52880096435547,295.8292541503906,91.48611450195312,243.51364135742188,93.41293334960938,0.0,0.0,0.0,0.0,0.0,0.0,0.0,0.0
273,0.0,0.0,0.0,0.0,0.0,0.0,0.0,0.0,0.0,0.0,0.0,0.0,0.0,0.0,0.0,0.0,208.06727600097656,36.77463150024414,316.1918334960937,75.60474395751953,185.84896850585935,58.55072021484375,284.8710327148437,71.39910888671875,232.99349975585935,74.21198272705078,0.0,0.0,0.0,0.0,0.0,0.0,0.0,0.0
274,0.0,0.0,0.0,0.0,0.0,0.0,0.0,0.0,0.0,0.0,0.0,0.0,0.0,0.0,0.0,0.0,208.2452850341797,36.72590637207031,0.0,0.0,187.497802734375,56.04246520996094,286.5477294921875,77.37918090820312,240.03895568847656,79.06538391113281,0.0,0.0,0.0,0.0,0.0,0.0,0.0,0.0
275,0.0,0.0,0.0,0.0,0.0,0.0,0.0,0.0,0.0,0.0,0.0,0.0,0.0,0.0,0.0,0.0,205.83157348632807,35.97501373291016,316.345458984375,76.45409393310547,187.0631103515625,51.31866836547852,293.6371154785156,95.84394073486328,237.87486267089844,99.21182250976562,0.0,0.0,0.0,0.0,0.0,0.0,0.0,0.0
276,0.0,0.0,0.0,0.0,0.0,0.0,0.0,0.0,0.0,0.0,0.0,0.0,0.0,0.0,0.0,0.0,205.4206085205078,31.84361267089844,314.82012939453125,73.60737609863281,187.6874847412109,51.20756530761719,289.7475280761719,87.35990905761719,232.00570678710935,91.06087493896484,0.0,0.0,0.0,0.0,0.0,0.0,0.0,0.0
277,0.0,0.0,0.0,0.0,0.0,0.0,0.0,0.0,0.0,0.0,0.0,0.0,0.0,0.0,0.0,0.0,204.7014617919922,30.238510131835938,0.0,0.0,188.08377075195312,50.803619384765625,285.3521423339844,83.79931640625,229.3678436279297,87.05253601074219,0.0,0.0,0.0,0.0,0.0,0.0,0.0,0.0
278,0.0,0.0,0.0,0.0,0.0,0.0,0.0,0.0,0.0,0.0,0.0,0.0,0.0,0.0,0.0,0.0,203.6828155517578,32.514801025390625,314.2139892578125,73.79371643066406,187.3675537109375,51.40345001220703,285.57354736328125,85.27970123291016,228.7340545654297,89.49186706542969,0.0,0.0,0.0,0.0,0.0,0.0,0.0,0.0
279,0.0,0.0,0.0,0.0,0.0,0.0,0.0,0.0,0.0,0.0,0.0,0.0,0.0,0.0,0.0,0.0,204.78570556640625,28.288148880004883,314.44342041015625,76.1693344116211,188.53065490722656,50.90338134765625,282.56121826171875,87.48011779785156,226.6172637939453,89.14518737792969,0.0,0.0,0.0,0.0,0.0,0.0,0.0,0.0
280,0.0,0.0,0.0,0.0,0.0,0.0,0.0,0.0,0.0,0.0,0.0,0.0,0.0,0.0,0.0,0.0,204.09759521484372,27.45861053466797,314.12384033203125,74.15921020507812,189.0889587402344,52.32991790771485,283.904052734375,92.20081329345705,226.1755523681641,94.66236877441406,0.0,0.0,0.0,0.0,0.0,0.0,0.0,0.0
281,0.0,0.0,0.0,0.0,0.0,0.0,0.0,0.0,0.0,0.0,0.0,0.0,0.0,0.0,0.0,0.0,205.54046630859372,29.30025100708008,317.0893859863281,77.91084289550781,188.12042236328125,51.54451751708984,288.8143310546875,89.600341796875,232.4662628173828,92.6802978515625,0.0,0.0,0.0,0.0,0.0,0.0,0.0,0.0
282,0.0,0.0,0.0,0.0,0.0,0.0,0.0,0.0,0.0,0.0,0.0,0.0,0.0,0.0,0.0,0.0,207.40304565429688,26.08081817626953,316.99560546875,76.76824188232422,187.9888916015625,51.00188827514648,285.7846374511719,87.11494445800781,232.45046997070312,89.2561264038086,0.0,0.0,0.0,0.0,0.0,0.0,0.0,0.0
283,0.0,0.0,0.0,0.0,0.0,0.0,0.0,0.0,0.0,0.0,0.0,0.0,0.0,0.0,0.0,0.0,206.2700958251953,33.929542541503906,317.522705078125,77.98536682128906,187.00485229492188,52.95353698730469,287.9452514648437,94.21588134765624,233.5460205078125,97.5177764892578,0.0,0.0,0.0,0.0,0.0,0.0,0.0,0.0
284,0.0,0.0,0.0,0.0,0.0,0.0,0.0,0.0,0.0,0.0,0.0,0.0,0.0,0.0,0.0,0.0,204.7997894287109,27.479774475097656,315.7152099609375,75.89291381835938,188.0498504638672,50.72953796386719,280.7676086425781,86.0599136352539,227.33343505859372,89.19190979003906,0.0,0.0,0.0,0.0,0.0,0.0,0.0,0.0
285,0.0,0.0,0.0,0.0,0.0,0.0,0.0,0.0,0.0,0.0,0.0,0.0,0.0,0.0,0.0,0.0,203.94358825683597,25.325050354003903,316.651123046875,76.60161590576172,187.47804260253903,49.92830657958984,274.586181640625,72.91644287109375,221.23776245117188,75.46599578857422,0.0,0.0,0.0,0.0,0.0,0.0,0.0,0.0
286,0.0,0.0,0.0,0.0,0.0,0.0,0.0,0.0,0.0,0.0,0.0,0.0,0.0,0.0,0.0,0.0,203.2170562744141,33.55906677246094,316.33941650390625,77.26319122314453,186.513427734375,51.56369018554688,278.405029296875,79.340576171875,224.43441772460935,83.1075439453125,0.0,0.0,0.0,0.0,0.0,0.0,0.0,0.0
287,0.0,0.0,0.0,0.0,0.0,0.0,0.0,0.0,0.0,0.0,0.0,0.0,0.0,0.0,0.0,0.0,204.13038635253903,36.71685028076172,315.9122314453125,77.74817657470703,185.9473114013672,52.12504577636719,280.284423828125,82.02909851074219,228.05247497558597,86.24887084960938,0.0,0.0,0.0,0.0,0.0,0.0,0.0,0.0
288,0.0,0.0,0.0,0.0,0.0,0.0,0.0,0.0,0.0,0.0,0.0,0.0,0.0,0.0,0.0,0.0,203.71539306640625,33.45741271972656,316.1321716308594,78.310302734375,186.3280792236328,51.22553634643555,275.1363525390625,69.73707580566406,220.39337158203125,72.34844207763672,0.0,0.0,0.0,0.0,0.0,0.0,0.0,0.0
289,0.0,0.0,0.0,0.0,0.0,0.0,0.0,0.0,0.0,0.0,0.0,0.0,0.0,0.0,299.64874267578125,27.52778625488281,203.61756896972656,35.04563903808594,314.5740051269531,75.93525695800781,185.4130096435547,50.55431365966797,278.05035400390625,82.31043243408203,224.68136596679688,85.49606323242188,0.0,0.0,0.0,0.0,0.0,0.0,0.0,0.0
290,0.0,0.0,0.0,0.0,0.0,0.0,0.0,0.0,0.0,0.0,0.0,0.0,0.0,0.0,0.0,0.0,201.11495971679688,34.42465591430664,316.01727294921875,77.8644790649414,184.0053558349609,51.92528533935547,277.53228759765625,87.98346710205078,225.88214111328125,89.7535400390625,0.0,0.0,0.0,0.0,0.0,0.0,0.0,0.0
291,0.0,0.0,0.0,0.0,0.0,0.0,0.0,0.0,0.0,0.0,0.0,0.0,0.0,0.0,0.0,0.0,201.48345947265625,33.30949401855469,314.6583251953125,75.71469116210938,185.59600830078125,52.17477035522461,279.39111328125,84.34873962402344,224.5067138671875,85.90115356445312,0.0,0.0,0.0,0.0,0.0,0.0,0.0,0.0
292,0.0,0.0,0.0,0.0,0.0,0.0,0.0,0.0,0.0,0.0,0.0,0.0,0.0,0.0,0.0,0.0,202.09327697753903,32.055076599121094,315.9347839355469,76.23261260986328,182.9159393310547,51.48042297363281,276.9177551269531,80.47566223144531,223.22592163085935,82.88667297363281,0.0,0.0,0.0,0.0,0.0,0.0,0.0,0.0
293,0.0,0.0,0.0,0.0,0.0,0.0,0.0,0.0,0.0,0.0,0.0,0.0,0.0,0.0,303.52392578125,33.629913330078125,202.2992401123047,33.919288635253906,312.8279113769531,75.32861328125,184.60037231445312,54.343994140625,278.32550048828125,92.11768341064452,231.44786071777344,93.284912109375,0.0,0.0,0.0,0.0,0.0,0.0,0.0,0.0
294,0.0,0.0,0.0,0.0,0.0,0.0,0.0,0.0,0.0,0.0,0.0,0.0,0.0,0.0,293.6619873046875,30.965991973876957,202.45773315429688,29.87993621826172,312.168701171875,73.52500915527344,185.0224151611328,54.81424331665039,268.3276672363281,64.59539794921875,225.87066650390625,65.75630187988281,264.7844543457031,110.2301025390625,215.4481506347656,115.86260986328124,0.0,0.0,0.0,0.0
295,0.0,0.0,0.0,0.0,0.0,0.0,0.0,0.0,0.0,0.0,0.0,0.0,0.0,0.0,297.1430969238281,28.3038330078125,200.61447143554688,28.227161407470703,315.26104736328125,74.74193572998047,182.33184814453125,52.28984832763672,277.35357666015625,72.97521209716797,222.1114044189453,75.97457885742188,0.0,0.0,0.0,0.0,0.0,0.0,0.0,0.0
296,0.0,0.0,0.0,0.0,0.0,0.0,0.0,0.0,0.0,0.0,0.0,0.0,0.0,0.0,294.4779663085937,31.49768447875977,201.4935607910156,26.36359024047852,312.4121398925781,74.23804473876953,184.75054931640625,54.20161819458008,267.1592712402344,69.52613067626953,221.31300354003903,69.89840698242188,0.0,0.0,214.2821044921875,125.50214385986328,0.0,0.0,0.0,0.0
297,0.0,0.0,0.0,0.0,0.0,0.0,0.0,0.0,0.0,0.0,0.0,0.0,0.0,0.0,0.0,0.0,199.4552459716797,26.62232208251953,314.1102905273437,74.30787658691406,183.7107696533203,52.05445861816406,272.6656494140625,68.89089965820312,221.0004730224609,71.33063507080078,0.0,0.0,0.0,0.0,0.0,0.0,0.0,0.0
298,0.0,0.0,0.0,0.0,0.0,0.0,0.0,0.0,0.0,0.0,0.0,0.0,0.0,0.0,0.0,0.0,199.4552459716797,26.62232208251953,314.1102905273437,74.30787658691406,183.7107696533203,52.05445861816406,272.6656494140625,68.89089965820312,221.0004730224609,71.33063507080078,0.0,0.0,0.0,0.0,0.0,0.0,0.0,0.0
299,0.0,0.0,0.0,0.0,0.0,0.0,0.0,0.0,0.0,0.0,0.0,0.0,0.0,0.0,0.0,0.0,199.3693084716797,26.729717254638672,314.6454467773437,75.35941314697266,182.26632690429688,53.62982177734375,271.18218994140625,74.27494049072266,218.83956909179688,75.80009460449219,0.0,0.0,0.0,0.0,0.0,0.0,0.0,0.0
300,0.0,0.0,0.0,0.0,0.0,0.0,0.0,0.0,0.0,0.0,0.0,0.0,0.0,0.0,0.0,0.0,0.0,0.0,0.0,0.0,0.0,0.0,0.0,0.0,0.0,0.0,0.0,0.0,0.0,0.0,0.0,0.0,0.0,0.0
301,0.0,0.0,0.0,0.0,0.0,0.0,0.0,0.0,0.0,0.0,0.0,0.0,0.0,0.0,0.0,0.0,199.12864685058597,30.377735137939453,0.0,0.0,184.5934295654297,54.49689865112305,265.6969909667969,69.21984100341797,230.87261962890625,67.65052795410156,0.0,0.0,216.9456024169922,113.45687103271484,0.0,0.0,0.0,0.0
302,0.0,0.0,0.0,0.0,0.0,0.0,0.0,0.0,0.0,0.0,0.0,0.0,0.0,0.0,0.0,0.0,0.0,0.0,0.0,0.0,0.0,0.0,0.0,0.0,0.0,0.0,0.0,0.0,0.0,0.0,0.0,0.0,0.0,0.0
303,0.0,0.0,0.0,0.0,0.0,0.0,0.0,0.0,0.0,0.0,0.0,0.0,0.0,0.0,0.0,0.0,0.0,0.0,0.0,0.0,0.0,0.0,0.0,0.0,0.0,0.0,0.0,0.0,0.0,0.0,0.0,0.0,0.0,0.0
304,0.0,0.0,0.0,0.0,0.0,0.0,0.0,0.0,0.0,0.0,0.0,0.0,0.0,0.0,0.0,0.0,199.7862243652344,25.744909286499023,0.0,0.0,187.4810028076172,54.66546630859375,270.953369140625,70.5356216430664,220.1970977783203,70.15383911132812,0.0,0.0,216.12570190429688,138.61720275878906,0.0,0.0,0.0,0.0
305,0.0,0.0,0.0,0.0,0.0,0.0,0.0,0.0,0.0,0.0,0.0,0.0,0.0,0.0,0.0,0.0,200.7045440673828,27.36114501953125,0.0,0.0,186.1918182373047,52.79730224609375,273.7605285644531,67.7995834350586,220.1351776123047,66.74235534667969,0.0,0.0,217.7621917724609,135.3438720703125,0.0,0.0,0.0,0.0
306,0.0,0.0,0.0,0.0,0.0,0.0,0.0,0.0,0.0,0.0,0.0,0.0,0.0,0.0,0.0,0.0,201.1908264160156,23.307899475097656,0.0,0.0,186.33395385742188,53.25103759765625,271.44293212890625,67.30601501464844,219.26324462890625,66.16116333007812,272.131591796875,139.09478759765625,218.07379150390625,138.81983947753906,0.0,0.0,0.0,0.0
307,0.0,0.0,0.0,0.0,0.0,0.0,0.0,0.0,0.0,0.0,0.0,0.0,0.0,0.0,0.0,0.0,200.87109375,21.637008666992188,0.0,0.0,186.66531372070312,53.23092651367188,267.3700256347656,65.39497375488281,217.1586456298828,63.62153625488281,263.42584228515625,135.47665405273438,217.0957489013672,133.76510620117188,0.0,0.0,0.0,0.0
308,0.0,0.0,0.0,0.0,0.0,0.0,0.0,0.0,0.0,0.0,0.0,0.0,0.0,0.0,0.0,0.0,203.1854705810547,26.335533142089844,0.0,0.0,188.8082275390625,52.54899215698242,272.4686889648437,74.58478546142578,220.8212127685547,73.12896728515625,0.0,0.0,0.0,0.0,0.0,0.0,0.0,0.0
309,0.0,0.0,0.0,0.0,0.0,0.0,0.0,0.0,0.0,0.0,0.0,0.0,0.0,0.0,0.0,0.0,201.2934417724609,28.07730865478516,0.0,0.0,187.0531463623047,54.99043273925781,274.45953369140625,68.2142105102539,221.7181854248047,66.63501739501953,0.0,0.0,212.30126953125,128.5231475830078,0.0,0.0,0.0,0.0
310,0.0,0.0,0.0,0.0,0.0,0.0,0.0,0.0,0.0,0.0,0.0,0.0,0.0,0.0,0.0,0.0,202.4938201904297,30.27181625366211,0.0,0.0,187.44448852539065,54.57058334350586,278.4128723144531,63.071510314941406,225.93084716796875,63.6663703918457,0.0,0.0,216.7306365966797,133.77804565429688,0.0,0.0,0.0,0.0
311,0.0,0.0,0.0,0.0,0.0,0.0,0.0,0.0,0.0,0.0,0.0,0.0,0.0,0.0,0.0,0.0,197.5660858154297,36.60953903198242,0.0,0.0,181.7261657714844,57.96871948242188,268.87713623046875,61.71001434326172,222.28001403808597,61.69197463989258,265.5321350097656,135.1121368408203,216.46124267578125,135.1549072265625,0.0,0.0,0.0,0.0
312,0.0,0.0,0.0,0.0,0.0,0.0,0.0,0.0,0.0,0.0,0.0,0.0,0.0,0.0,0.0,0.0,202.13560485839844,24.90619659423828,0.0,0.0,187.27183532714844,51.11101531982422,280.33526611328125,62.64038848876953,224.49349975585935,62.546966552734375,0.0,0.0,216.93478393554688,128.77980041503906,0.0,0.0,0.0,0.0
313,0.0,0.0,0.0,0.0,0.0,0.0,0.0,0.0,0.0,0.0,0.0,0.0,0.0,0.0,0.0,0.0,203.44775390625,27.216960906982425,0.0,0.0,189.07376098632807,51.657413482666016,276.801025390625,50.07577133178711,226.6027374267578,50.24043273925781,0.0,0.0,217.64227294921875,120.3983917236328,0.0,0.0,0.0,0.0
314,0.0,0.0,0.0,0.0,0.0,0.0,0.0,0.0,0.0,0.0,0.0,0.0,0.0,0.0,0.0,0.0,204.82211303710935,17.256290435791016,0.0,0.0,190.0838928222656,53.36348724365234,277.00213623046875,57.756141662597656,223.3790740966797,56.86737823486328,0.0,0.0,214.6380157470703,127.4286117553711,0.0,0.0,0.0,0.0
315,0.0,0.0,0.0,0.0,0.0,0.0,0.0,0.0,0.0,0.0,0.0,0.0,0.0,0.0,0.0,0.0,201.43540954589844,33.93242645263672,0.0,0.0,187.5950469970703,51.72268295288086,274.2454528808594,54.200592041015625,229.21551513671875,53.79783248901367,0.0,0.0,217.79222106933597,112.40060424804688,0.0,0.0,0.0,0.0
316,0.0,0.0,0.0,0.0,0.0,0.0,0.0,0.0,0.0,0.0,0.0,0.0,0.0,0.0,0.0,0.0,205.45579528808597,24.54450225830078,0.0,0.0,187.6038818359375,52.629425048828125,275.7626953125,53.05670166015625,224.25657653808597,52.48476409912109,0.0,0.0,218.12615966796875,121.4899444580078,0.0,0.0,0.0,0.0
317,0.0,0.0,0.0,0.0,0.0,0.0,0.0,0.0,0.0,0.0,0.0,0.0,0.0,0.0,0.0,0.0,204.0009307861328,17.369834899902344,0.0,0.0,190.0366668701172,51.68234634399414,276.3753662109375,60.3125,223.0060577392578,59.50846099853516,0.0,0.0,216.619873046875,128.23947143554688,0.0,0.0,0.0,0.0
318,0.0,0.0,0.0,0.0,0.0,0.0,0.0,0.0,0.0,0.0,0.0,0.0,0.0,0.0,0.0,0.0,205.8179473876953,22.34674835205078,0.0,0.0,188.4986267089844,54.04676055908203,278.1221008300781,59.3179931640625,227.56866455078125,58.48646926879883,0.0,0.0,216.8734893798828,119.49783325195312,0.0,0.0,0.0,0.0
319,0.0,0.0,0.0,0.0,0.0,0.0,0.0,0.0,0.0,0.0,0.0,0.0,0.0,0.0,0.0,0.0,204.4739227294922,27.574928283691406,0.0,0.0,185.19058227539065,52.81908416748047,277.3116149902344,62.55922317504883,227.7632751464844,61.88527297973633,0.0,0.0,0.0,0.0,0.0,0.0,0.0,0.0
320,0.0,0.0,0.0,0.0,0.0,0.0,0.0,0.0,0.0,0.0,0.0,0.0,0.0,0.0,0.0,0.0,203.76416015625,23.658592224121094,0.0,0.0,187.0741424560547,51.0826530456543,286.7431945800781,68.50174713134766,228.42361450195312,69.80872344970703,0.0,0.0,0.0,0.0,0.0,0.0,0.0,0.0
321,0.0,0.0,0.0,0.0,0.0,0.0,0.0,0.0,0.0,0.0,0.0,0.0,0.0,0.0,0.0,0.0,204.3939971923828,23.921287536621094,0.0,0.0,186.559326171875,52.57061004638672,285.10919189453125,72.42957305908203,227.00558471679688,73.03646850585938,0.0,0.0,0.0,0.0,0.0,0.0,0.0,0.0
322,0.0,0.0,0.0,0.0,0.0,0.0,0.0,0.0,0.0,0.0,0.0,0.0,0.0,0.0,0.0,0.0,202.1705017089844,29.820919036865234,0.0,0.0,187.45989990234372,51.88142776489258,277.41705322265625,60.582794189453125,222.89698791503903,59.319766998291016,0.0,0.0,217.34222412109372,122.4058074951172,0.0,0.0,0.0,0.0
323,0.0,0.0,0.0,0.0,0.0,0.0,0.0,0.0,0.0,0.0,0.0,0.0,0.0,0.0,0.0,0.0,201.75912475585935,23.966941833496094,0.0,0.0,187.32098388671875,52.19630432128906,272.5603942871094,60.622314453125,221.8267822265625,58.68568801879883,275.78277587890625,123.20260620117188,219.59503173828125,121.30426025390624,0.0,0.0,0.0,0.0
324,0.0,0.0,0.0,0.0,0.0,0.0,0.0,0.0,0.0,0.0,0.0,0.0,0.0,0.0,0.0,0.0,201.7576904296875,25.62538146972656,0.0,0.0,187.61505126953125,52.21725463867188,275.1210021972656,57.872989654541016,222.86070251464844,56.3315544128418,278.189208984375,119.3661651611328,218.9742889404297,118.29017639160156,0.0,0.0,0.0,0.0
325,0.0,0.0,0.0,0.0,0.0,0.0,0.0,0.0,0.0,0.0,0.0,0.0,0.0,0.0,0.0,0.0,205.7252960205078,22.4390869140625,0.0,0.0,189.01600646972656,52.41971206665039,278.8814697265625,54.50566101074219,223.23336791992188,54.457481384277344,0.0,0.0,218.28515625,128.6482391357422,0.0,0.0,0.0,0.0
326,0.0,0.0,0.0,0.0,0.0,0.0,0.0,0.0,0.0,0.0,0.0,0.0,0.0,0.0,0.0,0.0,207.1599578857422,19.79944610595703,0.0,0.0,187.31251525878903,52.66861343383789,278.37664794921875,52.1170654296875,222.70315551757807,51.40608215332031,0.0,0.0,219.4412384033203,121.59867095947266,0.0,0.0,0.0,0.0
327,0.0,0.0,0.0,0.0,0.0,0.0,0.0,0.0,0.0,0.0,0.0,0.0,0.0,0.0,0.0,0.0,204.9991455078125,26.13339614868164,0.0,0.0,187.42398071289065,50.64729690551758,268.9423522949219,45.42609024047852,231.09503173828125,43.953033447265625,0.0,0.0,217.3257751464844,101.12150573730467,0.0,0.0,0.0,0.0
328,0.0,0.0,0.0,0.0,0.0,0.0,0.0,0.0,0.0,0.0,0.0,0.0,0.0,0.0,0.0,0.0,205.8972930908203,27.38524627685547,0.0,0.0,188.94656372070312,49.704063415527344,273.1150207519531,48.73333740234375,232.95675659179688,47.43621063232422,0.0,0.0,217.06198120117188,105.96240234375,0.0,0.0,0.0,0.0
329,0.0,0.0,0.0,0.0,0.0,0.0,0.0,0.0,0.0,0.0,0.0,0.0,0.0,0.0,0.0,0.0,206.80599975585935,23.527442932128903,0.0,0.0,186.70193481445312,52.16664505004883,0.0,0.0,232.58677673339844,55.52074432373047,0.0,0.0,213.19322204589844,110.50222778320312,0.0,0.0,0.0,0.0
330,0.0,0.0,0.0,0.0,0.0,0.0,0.0,0.0,0.0,0.0,0.0,0.0,0.0,0.0,0.0,0.0,207.58148193359372,25.91888427734375,0.0,0.0,189.81756591796875,54.40188980102539,269.2922058105469,56.252403259277344,227.96661376953125,52.7904052734375,0.0,0.0,213.4823303222656,110.43153381347656,0.0,0.0,0.0,0.0
331,0.0,0.0,0.0,0.0,0.0,0.0,0.0,0.0,0.0,0.0,0.0,0.0,0.0,0.0,0.0,0.0,206.04049682617188,28.63431930541992,0.0,0.0,189.7670745849609,54.260986328125,271.3213806152344,66.19176483154297,226.96356201171875,64.68064880371094,0.0,0.0,216.84490966796875,118.0733413696289,0.0,0.0,0.0,0.0
332,0.0,0.0,0.0,0.0,0.0,0.0,0.0,0.0,0.0,0.0,0.0,0.0,0.0,0.0,0.0,0.0,206.777587890625,28.424823760986328,0.0,0.0,188.0445251464844,54.34990310668945,273.72857666015625,63.85730743408203,225.6842498779297,62.0701789855957,0.0,0.0,215.55563354492188,118.9596176147461,0.0,0.0,0.0,0.0
333,0.0,0.0,0.0,0.0,0.0,0.0,0.0,0.0,0.0,0.0,0.0,0.0,0.0,0.0,0.0,0.0,209.18682861328125,27.90660095214844,0.0,0.0,187.06524658203125,52.790016174316406,281.454345703125,65.3016357421875,229.55758666992188,64.9493637084961,0.0,0.0,0.0,0.0,0.0,0.0,0.0,0.0
334,0.0,0.0,0.0,0.0,0.0,0.0,0.0,0.0,0.0,0.0,0.0,0.0,0.0,0.0,0.0,0.0,205.40704345703125,25.27480697631836,0.0,0.0,186.3487243652344,53.271949768066406,0.0,0.0,230.74539184570312,60.04280853271485,0.0,0.0,215.65655517578125,103.50837707519533,0.0,0.0,0.0,0.0
335,0.0,0.0,0.0,0.0,0.0,0.0,0.0,0.0,0.0,0.0,0.0,0.0,0.0,0.0,0.0,0.0,208.805908203125,29.85259246826172,0.0,0.0,186.1870574951172,50.5662956237793,277.029541015625,55.4283447265625,227.7626190185547,56.0113525390625,0.0,0.0,0.0,0.0,0.0,0.0,0.0,0.0
336,0.0,0.0,0.0,0.0,0.0,0.0,0.0,0.0,0.0,0.0,0.0,0.0,0.0,0.0,0.0,0.0,209.5992126464844,30.47229766845703,0.0,0.0,188.35687255859372,50.94821548461914,276.0440979003906,68.2562255859375,235.62158203125,67.3983383178711,0.0,0.0,0.0,0.0,0.0,0.0,0.0,0.0
337,0.0,0.0,0.0,0.0,0.0,0.0,0.0,0.0,0.0,0.0,0.0,0.0,0.0,0.0,0.0,0.0,208.5145568847656,28.25933837890625,0.0,0.0,188.67416381835935,53.22434997558594,284.8353576660156,75.47674560546875,232.5520782470703,75.5841064453125,0.0,0.0,0.0,0.0,0.0,0.0,0.0,0.0
338,0.0,0.0,0.0,0.0,0.0,0.0,0.0,0.0,0.0,0.0,0.0,0.0,0.0,0.0,0.0,0.0,209.3444061279297,27.116840362548828,0.0,0.0,188.77377319335935,51.19293594360352,285.7213134765625,87.33716583251953,232.30540466308597,87.40310668945312,0.0,0.0,0.0,0.0,0.0,0.0,0.0,0.0
339,0.0,0.0,0.0,0.0,0.0,0.0,0.0,0.0,0.0,0.0,0.0,0.0,0.0,0.0,0.0,0.0,211.19332885742188,36.05067443847656,0.0,0.0,185.52810668945312,51.19571304321289,292.0177001953125,73.01814270019531,235.630615234375,76.40774536132812,0.0,0.0,0.0,0.0,0.0,0.0,0.0,0.0
340,0.0,0.0,0.0,0.0,0.0,0.0,0.0,0.0,0.0,0.0,0.0,0.0,0.0,0.0,0.0,0.0,207.75006103515625,26.65558433532715,0.0,0.0,187.9781494140625,50.76425552368164,285.876708984375,77.61199188232422,228.23846435546875,77.56390380859375,0.0,0.0,0.0,0.0,0.0,0.0,0.0,0.0
341,0.0,0.0,0.0,0.0,0.0,0.0,0.0,0.0,0.0,0.0,0.0,0.0,0.0,0.0,0.0,0.0,209.1754913330078,25.92637634277344,0.0,0.0,188.071533203125,51.870792388916016,284.9991149902344,71.40249633789062,237.92518615722656,71.90647888183594,0.0,0.0,0.0,0.0,0.0,0.0,0.0,0.0
342,0.0,0.0,0.0,0.0,0.0,0.0,0.0,0.0,0.0,0.0,0.0,0.0,0.0,0.0,0.0,0.0,210.7557830810547,34.08849334716797,0.0,0.0,185.38998413085935,50.923622131347656,294.20294189453125,83.33584594726562,239.23800659179688,85.74006652832031,0.0,0.0,0.0,0.0,0.0,0.0,0.0,0.0
343,0.0,0.0,0.0,0.0,0.0,0.0,0.0,0.0,0.0,0.0,0.0,0.0,0.0,0.0,0.0,0.0,207.9891815185547,29.619674682617188,0.0,0.0,189.67019653320312,51.60566329956055,285.1518859863281,81.59388732910156,234.8045654296875,81.72064208984375,0.0,0.0,0.0,0.0,0.0,0.0,0.0,0.0
344,0.0,0.0,0.0,0.0,0.0,0.0,0.0,0.0,0.0,0.0,0.0,0.0,0.0,0.0,0.0,0.0,204.9342041015625,30.48804473876953,0.0,0.0,188.4273376464844,52.356689453125,282.6549987792969,82.65065002441406,226.99046325683597,81.56066131591797,0.0,0.0,0.0,0.0,0.0,0.0,0.0,0.0
345,0.0,0.0,0.0,0.0,0.0,0.0,0.0,0.0,0.0,0.0,0.0,0.0,0.0,0.0,0.0,0.0,207.49891662597656,33.04857635498047,0.0,0.0,186.62139892578125,50.54039001464844,290.52667236328125,77.40945434570312,234.8990631103516,79.03998565673828,0.0,0.0,0.0,0.0,0.0,0.0,0.0,0.0
346,0.0,0.0,0.0,0.0,0.0,0.0,0.0,0.0,0.0,0.0,0.0,0.0,0.0,0.0,0.0,0.0,205.01112365722656,29.04330444335937,0.0,0.0,187.21994018554688,52.50995635986328,282.0704040527344,83.36041259765625,226.9205322265625,83.93209075927734,0.0,0.0,0.0,0.0,0.0,0.0,0.0,0.0
347,0.0,0.0,0.0,0.0,0.0,0.0,0.0,0.0,0.0,0.0,0.0,0.0,0.0,0.0,0.0,0.0,205.5240631103516,25.371417999267575,0.0,0.0,185.96397399902344,51.67075347900391,285.04296875,95.25852966308594,229.71731567382807,94.43511962890624,0.0,0.0,0.0,0.0,0.0,0.0,0.0,0.0
348,0.0,0.0,0.0,0.0,0.0,0.0,0.0,0.0,0.0,0.0,0.0,0.0,0.0,0.0,0.0,0.0,205.4530029296875,27.0271110534668,309.8866882324219,72.61778259277344,189.41622924804688,54.20317077636719,277.8020935058594,81.72161865234375,230.1249237060547,81.0055160522461,0.0,0.0,0.0,0.0,0.0,0.0,0.0,0.0
349,0.0,0.0,0.0,0.0,0.0,0.0,0.0,0.0,0.0,0.0,0.0,0.0,0.0,0.0,0.0,0.0,206.96685791015625,24.453044891357425,0.0,0.0,190.16949462890625,53.16556167602539,282.1611328125,91.43475341796876,227.7112274169922,90.6378173828125,0.0,0.0,0.0,0.0,0.0,0.0,0.0,0.0
350,0.0,0.0,0.0,0.0,0.0,0.0,0.0,0.0,0.0,0.0,0.0,0.0,0.0,0.0,0.0,0.0,208.58734130859372,35.29732894897461,0.0,0.0,184.67608642578125,53.50519561767578,284.6354064941406,85.66895294189453,238.98329162597656,85.87860870361328,0.0,0.0,0.0,0.0,0.0,0.0,0.0,0.0
351,0.0,0.0,0.0,0.0,0.0,0.0,0.0,0.0,0.0,0.0,0.0,0.0,0.0,0.0,0.0,0.0,205.4591064453125,26.1570987701416,0.0,0.0,187.9072265625,54.30213928222656,285.652587890625,86.91482543945312,230.411376953125,87.68164825439453,0.0,0.0,0.0,0.0,0.0,0.0,0.0,0.0
352,0.0,0.0,0.0,0.0,0.0,0.0,0.0,0.0,0.0,0.0,0.0,0.0,0.0,0.0,0.0,0.0,207.9577178955078,26.02392578125,0.0,0.0,187.94895935058597,53.783817291259766,288.833740234375,76.11366271972656,233.22235107421875,78.40413665771484,0.0,0.0,0.0,0.0,0.0,0.0,0.0,0.0
353,0.0,0.0,0.0,0.0,0.0,0.0,0.0,0.0,0.0,0.0,0.0,0.0,0.0,0.0,0.0,0.0,207.4852600097656,30.3021240234375,0.0,0.0,186.8913726806641,54.27136993408203,279.23828125,82.83272552490234,229.98780822753903,83.46980285644531,0.0,0.0,0.0,0.0,0.0,0.0,0.0,0.0
354,0.0,0.0,0.0,0.0,0.0,0.0,0.0,0.0,0.0,0.0,0.0,0.0,0.0,0.0,0.0,0.0,208.95640563964844,32.47028732299805,0.0,0.0,183.73709106445312,55.26677703857422,284.7026672363281,80.83174133300781,234.47720336914065,81.99980163574219,0.0,0.0,0.0,0.0,0.0,0.0,0.0,0.0
355,0.0,0.0,0.0,0.0,0.0,0.0,0.0,0.0,0.0,0.0,0.0,0.0,0.0,0.0,0.0,0.0,216.6646728515625,46.84102630615234,0.0,0.0,191.2503967285156,78.53749084472656,287.13348388671875,91.05715942382812,240.32275390625,92.44375610351562,0.0,0.0,0.0,0.0,0.0,0.0,0.0,0.0
356,0.0,0.0,0.0,0.0,0.0,0.0,0.0,0.0,0.0,0.0,0.0,0.0,0.0,0.0,0.0,0.0,213.6472320556641,38.15325164794922,0.0,0.0,189.31222534179688,60.94942855834961,281.4127197265625,85.25563049316406,242.0235290527344,86.51676177978516,0.0,0.0,0.0,0.0,0.0,0.0,0.0,0.0
357,0.0,0.0,0.0,0.0,0.0,0.0,0.0,0.0,0.0,0.0,0.0,0.0,0.0,0.0,0.0,0.0,213.0149688720703,49.34976196289063,0.0,0.0,189.03463745117188,72.37361145019531,0.0,0.0,246.0223846435547,70.19497680664062,0.0,0.0,0.0,0.0,0.0,0.0,0.0,0.0
358,0.0,0.0,0.0,0.0,0.0,0.0,0.0,0.0,0.0,0.0,0.0,0.0,0.0,0.0,0.0,0.0,208.89157104492188,35.08902740478516,0.0,0.0,188.5619201660156,62.55341339111328,279.1030578613281,74.32910919189453,235.45315551757807,76.12975311279297,0.0,0.0,0.0,0.0,0.0,0.0,0.0,0.0
359,0.0,0.0,0.0,0.0,0.0,0.0,0.0,0.0,0.0,0.0,0.0,0.0,0.0,0.0,0.0,0.0,208.9540863037109,32.082576751708984,0.0,0.0,191.80538940429688,62.786407470703125,275.13348388671875,76.48573303222656,236.9495849609375,76.28494262695312,0.0,0.0,0.0,0.0,0.0,0.0,0.0,0.0
360,0.0,0.0,0.0,0.0,0.0,0.0,0.0,0.0,0.0,0.0,0.0,0.0,0.0,0.0,0.0,0.0,207.07321166992188,45.63127899169922,0.0,0.0,187.81918334960935,73.95272827148438,277.2054443359375,67.49730682373047,244.6617584228516,69.20970153808594,0.0,0.0,0.0,0.0,0.0,0.0,0.0,0.0
361,0.0,0.0,0.0,0.0,0.0,0.0,0.0,0.0,0.0,0.0,0.0,0.0,0.0,0.0,0.0,0.0,208.0961456298828,31.30379676818848,0.0,0.0,192.1256256103516,66.45143127441406,282.5753173828125,70.14329528808594,233.87176513671875,70.71562194824219,0.0,0.0,216.45501708984372,128.74566650390625,0.0,0.0,0.0,0.0
362,0.0,0.0,0.0,0.0,0.0,0.0,0.0,0.0,0.0,0.0,0.0,0.0,0.0,0.0,0.0,0.0,208.0165100097656,33.95539855957031,0.0,0.0,189.82699584960935,64.08149719238281,275.604248046875,66.81210327148438,242.31517028808597,67.98722076416016,0.0,0.0,219.5272216796875,114.6171646118164,0.0,0.0,0.0,0.0
363,0.0,0.0,0.0,0.0,0.0,0.0,0.0,0.0,0.0,0.0,0.0,0.0,0.0,0.0,0.0,0.0,0.0,0.0,0.0,0.0,0.0,0.0,0.0,0.0,0.0,0.0,0.0,0.0,0.0,0.0,0.0,0.0,0.0,0.0
364,0.0,0.0,0.0,0.0,0.0,0.0,0.0,0.0,0.0,0.0,0.0,0.0,0.0,0.0,0.0,0.0,0.0,0.0,0.0,0.0,0.0,0.0,0.0,0.0,0.0,0.0,0.0,0.0,0.0,0.0,0.0,0.0,0.0,0.0
365,0.0,0.0,0.0,0.0,0.0,0.0,0.0,0.0,0.0,0.0,0.0,0.0,0.0,0.0,0.0,0.0,0.0,0.0,0.0,0.0,0.0,0.0,0.0,0.0,0.0,0.0,0.0,0.0,0.0,0.0,0.0,0.0,0.0,0.0
366,0.0,0.0,0.0,0.0,0.0,0.0,0.0,0.0,0.0,0.0,0.0,0.0,0.0,0.0,0.0,0.0,206.93370056152344,29.05845260620117,0.0,0.0,191.01129150390625,63.63364410400391,292.1674499511719,83.63388061523438,239.7924346923828,86.0329818725586,0.0,0.0,0.0,0.0,0.0,0.0,0.0,0.0
367,0.0,0.0,0.0,0.0,0.0,0.0,0.0,0.0,0.0,0.0,0.0,0.0,0.0,0.0,0.0,0.0,213.0940093994141,32.70150375366211,0.0,0.0,191.56385803222656,64.03699493408203,289.07781982421875,84.68216705322266,238.30372619628903,84.0233154296875,0.0,0.0,0.0,0.0,0.0,0.0,0.0,0.0
368,0.0,0.0,0.0,0.0,0.0,0.0,0.0,0.0,0.0,0.0,0.0,0.0,0.0,0.0,0.0,0.0,211.7084808349609,29.611331939697266,0.0,0.0,195.0460357666016,56.755859375,279.3661193847656,74.51902770996094,229.35504150390625,75.27934265136719,0.0,0.0,0.0,0.0,0.0,0.0,0.0,0.0
369,0.0,0.0,0.0,0.0,0.0,0.0,0.0,0.0,0.0,0.0,0.0,0.0,0.0,0.0,0.0,0.0,212.65618896484372,25.431549072265625,0.0,0.0,194.9766082763672,55.35352325439453,274.0307006835937,73.93034362792969,226.7158660888672,73.57284545898438,0.0,0.0,0.0,0.0,0.0,0.0,0.0,0.0
370,0.0,0.0,0.0,0.0,0.0,0.0,0.0,0.0,0.0,0.0,0.0,0.0,0.0,0.0,0.0,0.0,209.99249267578125,29.70992851257324,0.0,0.0,194.78933715820312,53.50751495361328,281.2704467773437,82.99800109863281,224.64276123046875,83.11275482177734,0.0,0.0,0.0,0.0,0.0,0.0,0.0,0.0
371,0.0,0.0,0.0,0.0,0.0,0.0,0.0,0.0,0.0,0.0,0.0,0.0,0.0,0.0,0.0,0.0,207.80274963378903,32.07984161376953,0.0,0.0,193.31207275390625,51.52942657470703,274.8077697753906,81.39637756347656,225.91964721679688,81.60292053222656,0.0,0.0,0.0,0.0,0.0,0.0,0.0,0.0
372,0.0,0.0,0.0,0.0,0.0,0.0,0.0,0.0,0.0,0.0,0.0,0.0,0.0,0.0,0.0,0.0,207.299560546875,24.24236297607422,0.0,0.0,193.1927795410156,52.604618072509766,276.2104797363281,71.00000762939453,226.85220336914065,72.72583770751953,0.0,0.0,213.19970703125,129.89315795898438,0.0,0.0,0.0,0.0
373,0.0,0.0,0.0,0.0,0.0,0.0,0.0,0.0,0.0,0.0,0.0,0.0,0.0,0.0,0.0,0.0,209.118896484375,20.53903579711914,0.0,0.0,195.6768798828125,48.54782485961914,282.396728515625,74.94050598144531,227.07205200195312,76.05260467529297,0.0,0.0,0.0,0.0,0.0,0.0,0.0,0.0
374,0.0,0.0,0.0,0.0,0.0,0.0,0.0,0.0,0.0,0.0,0.0,0.0,0.0,0.0,0.0,0.0,205.7717437744141,18.32710647583008,0.0,0.0,193.10006713867188,48.03746795654297,283.2763061523437,76.71426391601562,226.2619781494141,77.2162094116211,0.0,0.0,0.0,0.0,0.0,0.0,0.0,0.0
375,0.0,0.0,0.0,0.0,0.0,0.0,0.0,0.0,0.0,0.0,0.0,0.0,0.0,0.0,0.0,0.0,208.6924743652344,23.10992431640625,0.0,0.0,191.21241760253903,52.59203338623047,279.8860778808594,68.18650817871094,233.41270446777344,68.6153564453125,0.0,0.0,215.2546844482422,127.23731994628906,0.0,0.0,0.0,0.0
376,0.0,0.0,0.0,0.0,0.0,0.0,0.0,0.0,0.0,0.0,0.0,0.0,0.0,0.0,0.0,0.0,205.5137481689453,21.33202362060547,0.0,0.0,190.5262451171875,50.12639999389648,287.2984619140625,71.85917663574219,233.89260864257807,73.82609558105469,0.0,0.0,213.9679107666016,128.60650634765625,0.0,0.0,0.0,0.0
377,0.0,0.0,0.0,0.0,0.0,0.0,0.0,0.0,0.0,0.0,0.0,0.0,0.0,0.0,0.0,0.0,205.6390380859375,20.82492446899414,0.0,0.0,190.7916717529297,50.03748321533203,289.4706726074219,74.38241577148438,235.77935791015625,76.6724853515625,0.0,0.0,0.0,0.0,0.0,0.0,0.0,0.0
378,0.0,0.0,0.0,0.0,0.0,0.0,0.0,0.0,0.0,0.0,0.0,0.0,0.0,0.0,0.0,0.0,205.58338928222656,21.55102157592773,0.0,0.0,191.3905334472656,50.961368560791016,285.7027893066406,83.85494232177734,227.75076293945312,83.92017364501953,0.0,0.0,0.0,0.0,0.0,0.0,0.0,0.0
379,0.0,0.0,0.0,0.0,0.0,0.0,0.0,0.0,0.0,0.0,0.0,0.0,0.0,0.0,0.0,0.0,207.3529052734375,27.50493621826172,0.0,0.0,188.24937438964844,51.35594177246094,294.7012939453125,83.991943359375,239.34396362304688,86.50587463378906,0.0,0.0,0.0,0.0,0.0,0.0,0.0,0.0
380,0.0,0.0,0.0,0.0,0.0,0.0,0.0,0.0,0.0,0.0,0.0,0.0,0.0,0.0,0.0,0.0,210.865478515625,16.58751678466797,0.0,0.0,192.2319793701172,53.13421630859375,287.497314453125,82.91845703125,239.34585571289065,79.40760803222656,0.0,0.0,0.0,0.0,0.0,0.0,0.0,0.0
381,0.0,0.0,0.0,0.0,0.0,0.0,0.0,0.0,0.0,0.0,0.0,0.0,0.0,0.0,0.0,0.0,209.6247711181641,22.230262756347656,0.0,0.0,190.69261169433597,57.47029876708984,278.7514038085937,69.79877471923828,240.0973663330078,69.11705017089844,0.0,0.0,218.02816772460935,114.78309631347656,0.0,0.0,0.0,0.0
382,0.0,0.0,0.0,0.0,0.0,0.0,0.0,0.0,0.0,0.0,0.0,0.0,0.0,0.0,0.0,0.0,209.1329498291016,22.73245620727539,0.0,0.0,196.2271881103516,58.93614959716797,275.7267150878906,66.025634765625,226.94615173339844,66.6041259765625,272.6976623535156,127.82630157470705,214.7956695556641,129.5589141845703,0.0,0.0,0.0,0.0
383,0.0,0.0,0.0,0.0,0.0,0.0,0.0,0.0,0.0,0.0,0.0,0.0,0.0,0.0,0.0,0.0,0.0,0.0,0.0,0.0,0.0,0.0,278.5815734863281,58.23151016235352,229.1876220703125,58.02964782714844,0.0,0.0,0.0,0.0,0.0,0.0,0.0,0.0
384,0.0,0.0,0.0,0.0,0.0,0.0,0.0,0.0,0.0,0.0,0.0,0.0,0.0,0.0,0.0,0.0,0.0,0.0,0.0,0.0,198.48355102539065,60.19987106323242,278.2491760253906,63.72971725463867,228.09564208984372,64.20796966552734,0.0,0.0,0.0,0.0,0.0,0.0,0.0,0.0
385,0.0,0.0,0.0,0.0,0.0,0.0,0.0,0.0,0.0,0.0,0.0,0.0,0.0,0.0,0.0,0.0,0.0,0.0,0.0,0.0,0.0,0.0,0.0,0.0,0.0,0.0,0.0,0.0,0.0,0.0,0.0,0.0,0.0,0.0
386,0.0,0.0,0.0,0.0,0.0,0.0,0.0,0.0,0.0,0.0,0.0,0.0,0.0,0.0,0.0,0.0,0.0,0.0,0.0,0.0,0.0,0.0,0.0,0.0,0.0,0.0,0.0,0.0,0.0,0.0,0.0,0.0,0.0,0.0
387,0.0,0.0,0.0,0.0,0.0,0.0,0.0,0.0,0.0,0.0,0.0,0.0,0.0,0.0,0.0,0.0,0.0,0.0,0.0,0.0,0.0,0.0,0.0,0.0,0.0,0.0,0.0,0.0,0.0,0.0,0.0,0.0,0.0,0.0
388,0.0,0.0,0.0,0.0,0.0,0.0,0.0,0.0,0.0,0.0,0.0,0.0,0.0,0.0,0.0,0.0,0.0,0.0,0.0,0.0,0.0,0.0,0.0,0.0,0.0,0.0,0.0,0.0,0.0,0.0,0.0,0.0,0.0,0.0
389,0.0,0.0,0.0,0.0,0.0,0.0,0.0,0.0,0.0,0.0,0.0,0.0,0.0,0.0,0.0,0.0,211.249755859375,52.05372619628906,236.90594482421875,83.32614135742188,221.5194396972656,80.32691955566406,0.0,0.0,238.43255615234372,121.506103515625,0.0,0.0,0.0,0.0,0.0,0.0,0.0,0.0
390,0.0,0.0,0.0,0.0,0.0,0.0,0.0,0.0,0.0,0.0,0.0,0.0,0.0,0.0,313.7332763671875,64.3173599243164,213.3043975830078,55.910831451416016,236.04405212402344,82.68952941894531,190.23748779296875,78.13343811035156,285.07574462890625,146.28726196289062,229.08160400390625,143.712158203125,0.0,0.0,0.0,0.0,0.0,0.0,0.0,0.0
391,0.0,0.0,0.0,0.0,0.0,0.0,0.0,0.0,0.0,0.0,0.0,0.0,0.0,0.0,0.0,0.0,0.0,0.0,0.0,0.0,0.0,0.0,0.0,0.0,0.0,0.0,0.0,0.0,0.0,0.0,0.0,0.0,0.0,0.0
392,213.6780242919922,37.18462371826172,221.5127716064453,26.77330780029297,0.0,0.0,253.7415313720703,17.880340576171875,0.0,0.0,0.0,0.0,223.1350555419922,58.735816955566406,0.0,0.0,208.23687744140625,134.72650146484375,0.0,0.0,189.91148376464844,147.19772338867188,0.0,0.0,0.0,0.0,0.0,0.0,0.0,0.0,0.0,0.0,0.0,0.0
393,0.0,0.0,0.0,0.0,0.0,0.0,0.0,0.0,0.0,0.0,0.0,0.0,0.0,0.0,0.0,0.0,0.0,0.0,0.0,0.0,0.0,0.0,0.0,0.0,0.0,0.0,0.0,0.0,0.0,0.0,0.0,0.0,0.0,0.0
394,0.0,0.0,0.0,0.0,0.0,0.0,0.0,0.0,0.0,0.0,0.0,0.0,0.0,0.0,0.0,0.0,0.0,0.0,0.0,0.0,0.0,0.0,0.0,0.0,0.0,0.0,0.0,0.0,0.0,0.0,0.0,0.0,0.0,0.0
395,0.0,0.0,0.0,0.0,0.0,0.0,0.0,0.0,0.0,0.0,0.0,0.0,0.0,0.0,285.105224609375,45.87619018554688,0.0,0.0,224.6250762939453,66.16390991210938,0.0,0.0,262.8254089355469,113.70085906982422,0.0,0.0,0.0,0.0,0.0,0.0,0.0,0.0,0.0,0.0
396,0.0,0.0,0.0,0.0,0.0,0.0,0.0,0.0,0.0,0.0,0.0,0.0,0.0,0.0,292.3080139160156,50.22747802734375,0.0,0.0,224.22119140625,61.31300354003906,0.0,0.0,267.7035522460937,117.83992004394533,0.0,0.0,0.0,0.0,0.0,0.0,0.0,0.0,0.0,0.0
397,0.0,0.0,0.0,0.0,0.0,0.0,0.0,0.0,0.0,0.0,0.0,0.0,0.0,0.0,292.4718017578125,47.00887298583984,0.0,0.0,223.45480346679688,63.43617630004883,0.0,0.0,257.5191955566406,132.11468505859375,218.8308563232422,130.9530029296875,0.0,0.0,0.0,0.0,0.0,0.0,0.0,0.0
398,0.0,0.0,0.0,0.0,0.0,0.0,0.0,0.0,0.0,0.0,0.0,0.0,0.0,0.0,286.13702392578125,40.0932731628418,0.0,0.0,227.93930053710935,60.5443115234375,0.0,0.0,265.1065673828125,85.65380096435547,236.7527618408203,85.4562759399414,0.0,0.0,0.0,0.0,0.0,0.0,0.0,0.0
399,0.0,0.0,0.0,0.0,0.0,0.0,0.0,0.0,0.0,0.0,0.0,0.0,0.0,0.0,275.3534545898437,63.45195770263672,0.0,0.0,228.4014587402344,61.30191040039063,0.0,0.0,263.8540344238281,85.08988952636719,234.10585021972656,82.65369415283203,0.0,0.0,0.0,0.0,0.0,0.0,0.0,0.0
400,0.0,0.0,0.0,0.0,0.0,0.0,0.0,0.0,0.0,0.0,0.0,0.0,0.0,0.0,0.0,0.0,0.0,0.0,0.0,0.0,0.0,0.0,0.0,0.0,0.0,0.0,0.0,0.0,0.0,0.0,0.0,0.0,0.0,0.0
401,0.0,0.0,0.0,0.0,0.0,0.0,0.0,0.0,0.0,0.0,0.0,0.0,0.0,0.0,0.0,0.0,0.0,0.0,0.0,0.0,0.0,0.0,0.0,0.0,0.0,0.0,0.0,0.0,0.0,0.0,0.0,0.0,0.0,0.0
402,0.0,0.0,0.0,0.0,0.0,0.0,0.0,0.0,0.0,0.0,0.0,0.0,0.0,0.0,0.0,0.0,0.0,0.0,0.0,0.0,0.0,0.0,0.0,0.0,0.0,0.0,0.0,0.0,0.0,0.0,0.0,0.0,0.0,0.0
403,0.0,0.0,0.0,0.0,0.0,0.0,0.0,0.0,0.0,0.0,0.0,0.0,0.0,0.0,294.4027709960937,34.1697998046875,0.0,0.0,260.7235412597656,56.52588653564453,0.0,0.0,247.2178497314453,71.15848541259766,208.7806701660156,71.09590148925781,253.0557556152344,143.82833862304688,0.0,0.0,0.0,0.0,0.0,0.0
404,0.0,0.0,0.0,0.0,0.0,0.0,0.0,0.0,0.0,0.0,0.0,0.0,0.0,0.0,294.2266845703125,36.131080627441406,196.9868011474609,60.08281707763672,269.4613037109375,52.62641525268555,197.29104614257807,92.29669189453124,262.4179992675781,86.00487518310547,212.97010803222656,88.50347137451172,0.0,0.0,0.0,0.0,0.0,0.0,0.0,0.0
405,0.0,0.0,0.0,0.0,0.0,0.0,0.0,0.0,0.0,0.0,0.0,0.0,0.0,0.0,296.6712951660156,36.02879333496094,192.86666870117188,64.3187255859375,276.529052734375,49.176368713378906,201.3669586181641,88.76216125488281,265.284423828125,104.44056701660156,215.79409790039065,108.57209777832033,0.0,0.0,0.0,0.0,0.0,0.0,0.0,0.0
406,0.0,0.0,0.0,0.0,0.0,0.0,0.0,0.0,0.0,0.0,0.0,0.0,0.0,0.0,296.2429504394531,38.01450347900391,193.18603515625,62.98252868652344,278.5874328613281,45.77562713623047,205.67202758789065,88.6126708984375,268.624267578125,101.692138671875,220.6412048339844,105.45284271240234,0.0,0.0,0.0,0.0,0.0,0.0,0.0,0.0
407,0.0,0.0,0.0,0.0,0.0,0.0,0.0,0.0,0.0,0.0,0.0,0.0,202.0238800048828,15.37932586669922,298.5489807128906,33.07745361328125,191.5912933349609,70.50194549560547,281.94586181640625,43.54074096679688,206.13552856445312,90.72804260253906,268.689208984375,110.7859344482422,219.56207275390625,116.14167785644533,0.0,0.0,0.0,0.0,0.0,0.0,0.0,0.0
408,0.0,0.0,0.0,0.0,0.0,0.0,0.0,0.0,0.0,0.0,0.0,0.0,0.0,0.0,300.0788269042969,35.623252868652344,193.1536407470703,68.8536376953125,284.8653259277344,49.61865234375,214.70001220703125,90.49479675292967,273.2574157714844,107.8966064453125,225.0665435791016,112.9106903076172,0.0,0.0,0.0,0.0,0.0,0.0,0.0,0.0
409,0.0,0.0,0.0,0.0,0.0,0.0,0.0,0.0,0.0,0.0,275.9677429199219,0.0,206.7683563232422,12.748905181884766,298.9971008300781,29.37008285522461,190.78811645507807,65.23643493652344,291.7984924316406,53.74536895751953,222.9725646972656,90.05419921875,270.6093139648437,94.8511199951172,224.3863525390625,101.32186126708984,0.0,0.0,0.0,0.0,0.0,0.0,0.0,0.0
410,0.0,0.0,0.0,0.0,0.0,0.0,0.0,0.0,0.0,0.0,276.3652038574219,0.0,0.0,0.0,299.345458984375,29.499534606933597,192.1293792724609,63.29109191894531,291.6412048339844,54.17551040649414,223.339111328125,89.83604431152344,270.5419311523437,93.46440887451172,223.4833831787109,99.4601593017578,0.0,0.0,0.0,0.0,0.0,0.0,0.0,0.0
411,0.0,0.0,0.0,0.0,0.0,0.0,0.0,0.0,0.0,0.0,0.0,0.0,0.0,0.0,299.260498046875,34.43872833251953,202.19827270507807,54.29993438720703,294.79180908203125,64.06710815429688,227.4798583984375,95.7302474975586,269.50836181640625,86.49559020996094,222.13853454589844,89.04644775390625,272.27801513671875,160.70135498046875,222.7545318603516,161.20175170898438,0.0,0.0,0.0,0.0
412,0.0,0.0,0.0,0.0,0.0,0.0,0.0,0.0,0.0,0.0,284.97576904296875,2.021533966064453,0.0,0.0,302.54803466796875,41.61163330078125,201.22152709960935,67.29975128173828,295.5382385253906,72.32528686523438,232.4946136474609,102.34017944335938,273.3886413574219,95.3578643798828,224.65185546875,99.2786102294922,0.0,0.0,0.0,0.0,0.0,0.0,0.0,0.0
413,0.0,0.0,0.0,0.0,0.0,0.0,0.0,0.0,0.0,0.0,0.0,0.0,0.0,0.0,223.64572143554688,54.77459335327149,303.3659362792969,45.97438430786133,0.0,0.0,0.0,0.0,223.01551818847656,98.76470947265624,269.2350769042969,98.00056457519533,0.0,0.0,0.0,0.0,0.0,0.0,0.0,0.0
414,0.0,0.0,0.0,0.0,0.0,0.0,0.0,0.0,0.0,0.0,0.0,0.0,0.0,0.0,0.0,0.0,0.0,0.0,0.0,0.0,0.0,0.0,230.59605407714844,99.37598419189452,276.1547241210937,98.28652954101562,0.0,0.0,0.0,0.0,0.0,0.0,0.0,0.0
415,0.0,0.0,0.0,0.0,0.0,0.0,0.0,0.0,0.0,0.0,0.0,0.0,0.0,0.0,0.0,0.0,0.0,0.0,0.0,0.0,0.0,0.0,0.0,0.0,0.0,0.0,0.0,0.0,0.0,0.0,0.0,0.0,0.0,0.0
416,0.0,0.0,0.0,0.0,0.0,0.0,0.0,0.0,0.0,0.0,0.0,0.0,230.91732788085935,25.754852294921875,0.0,0.0,213.98370361328125,106.5115966796875,0.0,0.0,0.0,0.0,0.0,0.0,248.82586669921875,145.4638671875,0.0,0.0,0.0,0.0,0.0,0.0,0.0,0.0
417,0.0,0.0,0.0,0.0,0.0,0.0,0.0,0.0,0.0,0.0,0.0,0.0,233.9946136474609,38.89411544799805,0.0,0.0,218.6392822265625,117.46709442138672,0.0,0.0,0.0,0.0,0.0,0.0,260.1080017089844,172.26048278808594,0.0,0.0,0.0,0.0,0.0,0.0,0.0,0.0
418,0.0,0.0,0.0,0.0,0.0,0.0,0.0,0.0,0.0,0.0,0.0,0.0,242.64016723632807,38.491641998291016,0.0,0.0,225.42092895507807,112.56623840332033,0.0,0.0,0.0,0.0,0.0,0.0,0.0,0.0,0.0,0.0,0.0,0.0,0.0,0.0,0.0,0.0
419,0.0,0.0,0.0,0.0,296.0411071777344,25.04837417602539,0.0,0.0,278.13885498046875,9.756816864013672,0.0,0.0,245.56939697265625,44.40337371826172,0.0,0.0,231.0196228027344,121.56346130371094,0.0,0.0,0.0,0.0,0.0,0.0,0.0,0.0,0.0,0.0,0.0,0.0,0.0,0.0,0.0,0.0
420,303.7014465332031,44.29450988769531,0.0,0.0,296.6532897949219,29.46222686767578,0.0,0.0,281.25006103515625,14.303695678710938,0.0,0.0,245.6705322265625,49.23911285400391,0.0,0.0,228.87661743164065,125.73666381835938,0.0,0.0,0.0,0.0,0.0,0.0,0.0,0.0,0.0,0.0,0.0,0.0,0.0,0.0,0.0,0.0
421,302.6928405761719,43.271446228027344,0.0,0.0,296.0924072265625,28.485336303710938,0.0,0.0,281.1337890625,13.42389678955078,0.0,0.0,246.2230224609375,48.53798294067383,0.0,0.0,229.5973052978516,120.8095245361328,0.0,0.0,0.0,0.0,0.0,0.0,0.0,0.0,0.0,0.0,0.0,0.0,0.0,0.0,0.0,0.0
422,0.0,0.0,0.0,0.0,307.30047607421875,50.6150016784668,0.0,0.0,289.17919921875,31.818023681640625,0.0,0.0,248.07223510742188,55.87268829345703,0.0,0.0,228.33128356933597,124.83505249023438,0.0,0.0,0.0,0.0,0.0,0.0,0.0,0.0,0.0,0.0,0.0,0.0,0.0,0.0,0.0,0.0
423,312.0727844238281,71.73738098144531,0.0,0.0,306.6498413085937,59.06874847412109,0.0,0.0,291.0476379394531,38.62672424316406,0.0,0.0,254.04998779296875,54.07952880859375,0.0,0.0,221.57891845703125,113.66055297851562,0.0,0.0,210.2398376464844,114.75582885742188,0.0,0.0,257.39019775390625,170.3549346923828,0.0,0.0,0.0,0.0,0.0,0.0,0.0,0.0
424,311.1586303710937,80.82693481445312,0.0,0.0,306.5517883300781,70.00972747802734,0.0,0.0,290.13427734375,45.62032699584961,0.0,0.0,248.22894287109372,59.799896240234375,0.0,0.0,228.3021545410156,126.39148712158205,0.0,0.0,0.0,0.0,0.0,0.0,253.6468963623047,171.3744354248047,0.0,0.0,0.0,0.0,0.0,0.0,0.0,0.0
425,0.0,0.0,0.0,0.0,303.7994079589844,75.78958129882812,0.0,0.0,291.7789001464844,52.87821960449219,0.0,0.0,251.3221740722656,61.92165756225586,0.0,0.0,230.34860229492188,132.46478271484375,0.0,0.0,0.0,0.0,0.0,0.0,246.20504760742188,164.81954956054688,0.0,0.0,0.0,0.0,0.0,0.0,0.0,0.0
426,0.0,0.0,0.0,0.0,301.1695861816406,80.25204467773438,0.0,0.0,289.8463134765625,59.16805267333984,0.0,0.0,250.05030822753903,68.20051574707031,0.0,0.0,224.1923675537109,129.56451416015625,0.0,0.0,0.0,0.0,0.0,0.0,0.0,0.0,0.0,0.0,0.0,0.0,0.0,0.0,0.0,0.0
427,0.0,0.0,0.0,0.0,304.4584350585937,88.59286499023438,0.0,0.0,291.6041259765625,63.97232818603516,0.0,0.0,250.9393768310547,67.08540344238281,0.0,0.0,227.25784301757807,129.2333984375,0.0,0.0,241.020751953125,138.63360595703125,0.0,0.0,0.0,0.0,0.0,0.0,0.0,0.0,0.0,0.0,0.0,0.0
428,0.0,0.0,0.0,0.0,302.47027587890625,85.75753021240234,0.0,0.0,290.9090270996094,65.88677978515625,0.0,0.0,250.61373901367188,67.33905792236328,0.0,0.0,224.3536529541016,118.84909057617188,0.0,0.0,223.3893585205078,131.86949157714844,0.0,0.0,241.8780975341797,145.66647338867188,0.0,0.0,0.0,0.0,0.0,0.0,0.0,0.0
429,0.0,0.0,0.0,0.0,301.4776306152344,82.83666229248047,0.0,0.0,287.88555908203125,64.9223403930664,0.0,0.0,248.53504943847656,68.39569091796875,0.0,0.0,227.41917419433597,123.91735076904295,0.0,0.0,238.3470764160156,136.59527587890625,0.0,0.0,242.26266479492188,149.96707153320312,0.0,0.0,0.0,0.0,0.0,0.0,0.0,0.0
430,299.52496337890625,98.00030517578124,0.0,0.0,295.76025390625,86.94126892089844,0.0,0.0,284.7455749511719,63.60599899291992,0.0,0.0,250.9829559326172,68.9668960571289,0.0,0.0,225.23321533203125,127.94574737548828,0.0,0.0,235.5386657714844,137.95672607421875,0.0,0.0,242.9590759277344,156.2864532470703,0.0,0.0,0.0,0.0,0.0,0.0,0.0,0.0
431,304.27276611328125,98.79109191894533,0.0,0.0,300.6270751953125,88.47215270996094,0.0,0.0,285.49102783203125,65.49827575683594,0.0,0.0,248.6482696533203,72.43940734863281,0.0,0.0,239.40377807617188,133.61114501953125,0.0,0.0,0.0,0.0,0.0,0.0,0.0,0.0,0.0,0.0,0.0,0.0,0.0,0.0,0.0,0.0
432,302.83282470703125,97.06050872802734,0.0,0.0,299.0206298828125,87.13245391845703,0.0,0.0,284.9105224609375,63.33087921142578,0.0,0.0,247.7478790283203,68.05816650390625,0.0,0.0,232.47271728515625,134.09439086914062,0.0,0.0,0.0,0.0,0.0,0.0,0.0,0.0,0.0,0.0,0.0,0.0,0.0,0.0,0.0,0.0
433,301.13641357421875,96.20861053466795,0.0,0.0,296.7760009765625,85.41252899169922,0.0,0.0,284.544921875,61.39670944213867,0.0,0.0,249.44888305664065,68.09220123291016,0.0,0.0,235.76052856445312,136.56558227539062,0.0,0.0,0.0,0.0,0.0,0.0,0.0,0.0,0.0,0.0,0.0,0.0,0.0,0.0,0.0,0.0
434,302.8746337890625,97.32906341552734,0.0,0.0,297.8609313964844,87.19672393798828,0.0,0.0,283.72314453125,63.56876373291016,0.0,0.0,248.13845825195312,69.31736755371094,0.0,0.0,232.49798583984372,134.9930419921875,0.0,0.0,0.0,0.0,0.0,0.0,0.0,0.0,0.0,0.0,0.0,0.0,0.0,0.0,0.0,0.0
435,302.70147705078125,98.76344299316406,0.0,0.0,298.1044006347656,88.62627410888672,0.0,0.0,284.1103515625,65.69059753417969,0.0,0.0,248.22927856445312,70.59397888183594,0.0,0.0,230.56411743164065,134.31564331054688,0.0,0.0,0.0,0.0,0.0,0.0,0.0,0.0,0.0,0.0,0.0,0.0,0.0,0.0,0.0,0.0
436,306.80694580078125,98.85441589355467,0.0,0.0,304.3523864746094,89.86100769042969,0.0,0.0,286.71209716796875,72.30931091308594,0.0,0.0,247.26791381835935,77.7013168334961,0.0,0.0,237.9477386474609,125.41935729980467,0.0,0.0,0.0,0.0,0.0,0.0,0.0,0.0,0.0,0.0,0.0,0.0,0.0,0.0,0.0,0.0
437,0.0,0.0,0.0,0.0,309.4433898925781,80.05650329589844,0.0,0.0,287.95538330078125,74.96873474121094,0.0,0.0,250.13479614257807,79.10762023925781,0.0,0.0,232.8305511474609,127.3856201171875,0.0,0.0,0.0,0.0,0.0,0.0,0.0,0.0,0.0,0.0,0.0,0.0,0.0,0.0,0.0,0.0
438,0.0,0.0,0.0,0.0,0.0,0.0,0.0,0.0,285.9359130859375,74.56954956054688,0.0,0.0,245.14378356933597,80.27117919921875,0.0,0.0,216.3628387451172,119.03382110595705,0.0,0.0,189.66009521484372,114.2422866821289,0.0,0.0,224.23716735839844,133.41029357910156,0.0,0.0,0.0,0.0,0.0,0.0,0.0,0.0
439,0.0,0.0,0.0,0.0,305.0788879394531,79.1502685546875,0.0,0.0,284.6025390625,72.77556610107422,0.0,0.0,244.9805603027344,81.25050354003906,0.0,0.0,214.82907104492188,124.94984436035156,0.0,0.0,0.0,0.0,0.0,0.0,216.4271240234375,123.95943450927734,0.0,0.0,0.0,0.0,0.0,0.0,0.0,0.0
440,304.2099609375,98.11634063720705,0.0,0.0,298.5603942871094,88.20883178710938,0.0,0.0,280.21343994140625,64.56349182128906,0.0,0.0,242.6262664794922,68.04190826416016,0.0,0.0,222.20062255859372,135.41485595703125,0.0,0.0,232.48556518554688,139.30184936523438,0.0,0.0,0.0,0.0,0.0,0.0,0.0,0.0,0.0,0.0,0.0,0.0
441,302.99102783203125,90.72796630859376,0.0,0.0,295.17047119140625,77.15715026855469,0.0,0.0,277.4041748046875,59.289669036865234,0.0,0.0,244.4240875244141,69.56278991699219,0.0,0.0,223.49560546875,137.32150268554688,0.0,0.0,0.0,0.0,0.0,0.0,0.0,0.0,0.0,0.0,0.0,0.0,0.0,0.0,0.0,0.0
442,301.6553649902344,76.95474243164062,316.28546142578125,67.54249572753906,292.1913146972656,62.11699295043945,0.0,0.0,275.17626953125,48.53753662109375,0.0,0.0,242.4799041748047,63.157012939453125,0.0,0.0,219.78961181640625,133.62782287597656,0.0,0.0,0.0,0.0,0.0,0.0,0.0,0.0,0.0,0.0,0.0,0.0,0.0,0.0,0.0,0.0
443,299.4695739746094,59.42110443115234,314.3437805175781,49.190391540527344,289.3919677734375,43.81878662109375,0.0,0.0,270.90753173828125,33.20991134643555,0.0,0.0,238.4878845214844,60.2685546875,0.0,0.0,214.9981689453125,134.8881378173828,0.0,0.0,0.0,0.0,0.0,0.0,0.0,0.0,0.0,0.0,0.0,0.0,0.0,0.0,0.0,0.0
444,298.5514831542969,58.57630157470703,313.6084289550781,48.30999374389648,288.7524719238281,43.080039978027344,0.0,0.0,270.620361328125,33.66514205932617,0.0,0.0,239.178955078125,59.66364669799805,0.0,0.0,216.94921875,130.56219482421875,0.0,0.0,0.0,0.0,0.0,0.0,0.0,0.0,0.0,0.0,0.0,0.0,0.0,0.0,0.0,0.0
445,294.64501953125,31.964534759521484,308.41717529296875,22.396076202392575,281.1244201660156,20.6513671875,0.0,0.0,261.2587890625,19.72768783569336,0.0,0.0,235.33526611328125,49.25817489624024,0.0,0.0,220.5725860595703,131.92825317382812,0.0,0.0,0.0,0.0,0.0,0.0,0.0,0.0,0.0,0.0,0.0,0.0,0.0,0.0,0.0,0.0
446,0.0,0.0,0.0,0.0,0.0,0.0,0.0,0.0,0.0,0.0,0.0,0.0,230.92156982421875,42.31270980834961,0.0,0.0,214.0404510498047,115.18435668945312,0.0,0.0,0.0,0.0,0.0,0.0,257.4935913085937,174.02554321289062,0.0,0.0,0.0,0.0,0.0,0.0,0.0,0.0
447,0.0,0.0,0.0,0.0,0.0,0.0,0.0,0.0,0.0,0.0,0.0,0.0,223.4266662597656,35.93680953979492,0.0,0.0,212.2335662841797,100.42413330078124,0.0,0.0,0.0,0.0,0.0,0.0,245.3578338623047,159.2480926513672,0.0,0.0,0.0,0.0,0.0,0.0,0.0,0.0
448,0.0,0.0,0.0,0.0,0.0,0.0,0.0,0.0,0.0,0.0,300.1545715332031,29.30848693847656,218.64459228515625,26.99652099609375,0.0,0.0,205.7960662841797,77.99345397949219,0.0,0.0,219.90020751953125,111.59201049804688,287.3070983886719,132.96295166015625,234.52769470214844,132.35009765625,0.0,0.0,0.0,0.0,0.0,0.0,0.0,0.0
449,0.0,0.0,0.0,0.0,0.0,0.0,0.0,0.0,0.0,0.0,214.0694122314453,20.083534240722656,298.8998413085937,16.339244842529297,206.5810394287109,74.27528381347656,317.3847045898437,61.67843627929688,225.56915283203125,101.1782455444336,0.0,0.0,232.3916931152344,135.74244689941406,288.68975830078125,134.89073181152344,0.0,0.0,0.0,0.0,0.0,0.0,0.0,0.0
450,0.0,0.0,0.0,0.0,0.0,0.0,0.0,0.0,0.0,0.0,214.33184814453125,13.311565399169922,293.6763610839844,7.855781555175781,204.95602416992188,66.26596069335938,306.52752685546875,47.209869384765625,221.01199340820312,98.20962524414062,301.6153869628906,58.4792366027832,234.5831756591797,124.11367797851562,285.92681884765625,124.29631805419922,0.0,0.0,0.0,0.0,0.0,0.0,0.0,0.0
451,0.0,0.0,0.0,0.0,0.0,0.0,0.0,0.0,0.0,0.0,212.1187744140625,10.352409362792969,277.78497314453125,4.658016204833984,203.8852386474609,67.8475341796875,267.9910888671875,58.55169677734375,218.1405029296875,97.51116180419922,0.0,0.0,236.21212768554688,120.51141357421876,281.05194091796875,120.27273559570312,0.0,0.0,0.0,0.0,0.0,0.0,0.0,0.0
452,0.0,0.0,0.0,0.0,0.0,0.0,0.0,0.0,0.0,0.0,279.9136047363281,4.996124267578125,208.86129760742188,7.262310028076172,308.4741516113281,50.39111328125,198.2097625732422,56.02732849121094,311.97735595703125,89.51722717285156,212.9293212890625,95.4765396118164,278.31231689453125,97.06561279296876,231.5662841796875,98.34622192382812,0.0,0.0,0.0,0.0,0.0,0.0,0.0,0.0
453,0.0,0.0,0.0,0.0,0.0,0.0,0.0,0.0,0.0,0.0,0.0,0.0,0.0,0.0,315.6058349609375,51.08919906616211,199.9429473876953,53.6758041381836,311.935546875,89.70845794677734,211.7108459472656,91.7957992553711,285.7431640625,104.88656616210938,230.82627868652344,105.81710815429688,0.0,0.0,0.0,0.0,0.0,0.0,0.0,0.0
454,0.0,0.0,0.0,0.0,0.0,0.0,0.0,0.0,0.0,0.0,0.0,0.0,0.0,0.0,0.0,0.0,203.3009033203125,52.52069854736328,0.0,0.0,214.46929931640625,89.0235595703125,287.5902099609375,94.00112915039062,231.8498992919922,94.4548568725586,0.0,0.0,0.0,0.0,0.0,0.0,0.0,0.0
455,0.0,0.0,0.0,0.0,0.0,0.0,0.0,0.0,0.0,0.0,0.0,0.0,0.0,0.0,0.0,0.0,204.85177612304688,49.13006591796875,0.0,0.0,215.36456298828125,89.09930419921875,288.4342346191406,82.75740051269531,234.11219787597656,83.87785339355469,0.0,0.0,0.0,0.0,0.0,0.0,0.0,0.0
456,0.0,0.0,0.0,0.0,0.0,0.0,0.0,0.0,0.0,0.0,0.0,0.0,0.0,0.0,305.23388671875,40.91005706787109,205.2267608642578,40.260963439941406,307.7684326171875,83.19425964355469,211.6199951171875,86.03599548339844,272.4828491210937,73.06224060058594,233.19308471679688,72.34789276123047,0.0,0.0,0.0,0.0,0.0,0.0,0.0,0.0
457,0.0,0.0,0.0,0.0,0.0,0.0,0.0,0.0,0.0,0.0,0.0,0.0,0.0,0.0,0.0,0.0,0.0,0.0,0.0,0.0,0.0,0.0,280.4084777832031,65.39240264892578,233.6708221435547,65.823486328125,0.0,0.0,0.0,0.0,0.0,0.0,0.0,0.0
458,0.0,0.0,0.0,0.0,0.0,0.0,0.0,0.0,0.0,0.0,0.0,0.0,0.0,0.0,0.0,0.0,214.9914093017578,27.210329055786133,308.53564453125,78.3804702758789,215.23529052734372,79.26172637939453,287.1347045898437,68.73124694824219,232.632080078125,70.61343383789062,0.0,0.0,0.0,0.0,0.0,0.0,0.0,0.0
459,0.0,0.0,0.0,0.0,0.0,0.0,0.0,0.0,0.0,0.0,0.0,0.0,0.0,0.0,0.0,0.0,214.81817626953125,34.16741943359375,311.3626708984375,82.17749786376953,216.69775390625,81.21450805664062,292.3017272949219,91.44163513183594,235.3897247314453,90.38404846191406,0.0,0.0,0.0,0.0,0.0,0.0,0.0,0.0
460,0.0,0.0,0.0,0.0,0.0,0.0,0.0,0.0,0.0,0.0,0.0,0.0,0.0,0.0,0.0,0.0,218.3559417724609,32.05097198486328,0.0,0.0,220.14312744140625,80.98001098632812,299.223876953125,78.03543853759766,239.4869537353516,78.21334075927734,0.0,0.0,0.0,0.0,0.0,0.0,0.0,0.0
461,0.0,0.0,0.0,0.0,0.0,0.0,0.0,0.0,0.0,0.0,0.0,0.0,0.0,0.0,0.0,0.0,218.99713134765625,26.52096939086914,0.0,0.0,221.99847412109372,79.9666748046875,297.7774963378906,75.49696350097656,243.04730224609372,74.98606872558594,0.0,0.0,0.0,0.0,0.0,0.0,0.0,0.0
462,0.0,0.0,0.0,0.0,0.0,0.0,0.0,0.0,0.0,0.0,0.0,0.0,0.0,0.0,0.0,0.0,221.22874450683597,22.07663345336914,0.0,0.0,224.83834838867188,78.87156677246094,299.798828125,69.2281265258789,248.6363220214844,69.2950668334961,0.0,0.0,0.0,0.0,0.0,0.0,0.0,0.0
463,0.0,0.0,0.0,0.0,0.0,0.0,0.0,0.0,0.0,0.0,0.0,0.0,0.0,0.0,0.0,0.0,228.0362701416016,21.622299194335938,0.0,0.0,227.83267211914065,75.83009338378906,285.8964538574219,64.29116821289062,257.9978942871094,66.47224426269531,0.0,0.0,0.0,0.0,0.0,0.0,0.0,0.0
464,0.0,0.0,0.0,0.0,0.0,0.0,0.0,0.0,0.0,0.0,0.0,0.0,0.0,0.0,0.0,0.0,228.84918212890625,35.06344985961914,0.0,0.0,228.9891662597656,77.5999526977539,282.80224609375,84.80572509765625,260.31719970703125,86.6314926147461,0.0,0.0,0.0,0.0,0.0,0.0,0.0,0.0
465,0.0,0.0,0.0,0.0,0.0,0.0,0.0,0.0,0.0,0.0,0.0,0.0,0.0,0.0,0.0,0.0,228.74151611328125,29.976295471191406,0.0,0.0,230.4999084472656,77.40341186523438,300.8575744628906,83.47762298583984,254.2893524169922,83.35404968261719,0.0,0.0,0.0,0.0,0.0,0.0,0.0,0.0
466,0.0,0.0,0.0,0.0,0.0,0.0,0.0,0.0,0.0,0.0,0.0,0.0,0.0,0.0,0.0,0.0,228.4517364501953,30.317523956298828,0.0,0.0,230.0709686279297,77.24920654296875,296.5885314941406,82.81427764892578,257.0857849121094,82.7129135131836,0.0,0.0,0.0,0.0,0.0,0.0,0.0,0.0
467,0.0,0.0,0.0,0.0,0.0,0.0,0.0,0.0,0.0,0.0,0.0,0.0,0.0,0.0,0.0,0.0,230.26231384277344,35.05180740356445,0.0,0.0,232.1861114501953,76.17427062988281,291.203369140625,90.8524932861328,257.99609375,90.87913513183594,0.0,0.0,0.0,0.0,0.0,0.0,0.0,0.0
468,0.0,0.0,0.0,0.0,0.0,0.0,0.0,0.0,0.0,0.0,0.0,0.0,0.0,0.0,0.0,0.0,231.02523803710935,32.10038757324219,0.0,0.0,234.76483154296875,74.69520568847656,306.3446044921875,84.38045501708984,260.44610595703125,84.04823303222656,0.0,0.0,0.0,0.0,0.0,0.0,0.0,0.0
469,0.0,0.0,0.0,0.0,0.0,0.0,0.0,0.0,0.0,0.0,0.0,0.0,0.0,0.0,0.0,0.0,232.5194091796875,29.373491287231445,0.0,0.0,236.44422912597656,74.2476577758789,305.2579040527344,75.775634765625,259.8205871582031,75.30109405517578,0.0,0.0,0.0,0.0,0.0,0.0,0.0,0.0
470,0.0,0.0,0.0,0.0,0.0,0.0,0.0,0.0,0.0,0.0,0.0,0.0,0.0,0.0,0.0,0.0,232.54774475097656,28.98785400390625,0.0,0.0,236.62283325195312,74.19624328613281,307.6234130859375,79.04153442382812,262.2066650390625,78.84541320800781,0.0,0.0,0.0,0.0,0.0,0.0,0.0,0.0
471,0.0,0.0,0.0,0.0,0.0,0.0,0.0,0.0,0.0,0.0,0.0,0.0,0.0,0.0,0.0,0.0,230.83531188964844,48.30925750732422,0.0,0.0,241.6779022216797,70.3032455444336,0.0,0.0,264.6783142089844,91.92543029785156,0.0,0.0,0.0,0.0,0.0,0.0,0.0,0.0
472,0.0,0.0,0.0,0.0,0.0,0.0,0.0,0.0,0.0,0.0,0.0,0.0,0.0,0.0,0.0,0.0,230.88568115234372,47.02865982055664,0.0,0.0,244.74810791015625,67.34042358398438,0.0,0.0,269.37469482421875,83.75416564941406,0.0,0.0,0.0,0.0,0.0,0.0,0.0,0.0
473,0.0,0.0,0.0,0.0,0.0,0.0,0.0,0.0,0.0,0.0,0.0,0.0,0.0,0.0,0.0,0.0,228.4860076904297,56.21955490112305,0.0,0.0,251.87493896484372,70.22886657714844,0.0,0.0,276.2071533203125,101.02581787109376,0.0,0.0,0.0,0.0,0.0,0.0,0.0,0.0
474,0.0,0.0,0.0,0.0,0.0,0.0,0.0,0.0,0.0,0.0,0.0,0.0,0.0,0.0,0.0,0.0,229.21762084960935,56.19664001464844,0.0,0.0,259.1524963378906,66.3388442993164,0.0,0.0,273.5870361328125,112.05775451660156,0.0,0.0,0.0,0.0,0.0,0.0,0.0,0.0
475,0.0,0.0,0.0,0.0,0.0,0.0,0.0,0.0,0.0,0.0,0.0,0.0,0.0,0.0,0.0,0.0,230.77261352539065,50.72857284545898,0.0,0.0,256.34100341796875,63.110084533691406,0.0,0.0,271.86358642578125,125.06544494628906,0.0,0.0,0.0,0.0,0.0,0.0,0.0,0.0
476,0.0,0.0,0.0,0.0,0.0,0.0,0.0,0.0,0.0,0.0,0.0,0.0,0.0,0.0,0.0,0.0,230.2281951904297,54.149932861328125,0.0,0.0,258.73590087890625,61.27968978881836,0.0,0.0,269.3494873046875,125.82537078857422,0.0,0.0,0.0,0.0,0.0,0.0,0.0,0.0
477,0.0,0.0,0.0,0.0,0.0,0.0,0.0,0.0,0.0,0.0,0.0,0.0,0.0,0.0,0.0,0.0,229.46990966796875,56.14938735961914,0.0,0.0,255.9844970703125,59.99902725219727,0.0,0.0,268.2532653808594,113.98660278320312,0.0,0.0,0.0,0.0,0.0,0.0,0.0,0.0
478,0.0,0.0,0.0,0.0,0.0,0.0,0.0,0.0,0.0,0.0,0.0,0.0,0.0,0.0,0.0,0.0,228.69891357421875,54.16093063354492,0.0,0.0,254.4540863037109,60.193302154541016,0.0,0.0,273.29052734375,119.69133758544922,0.0,0.0,0.0,0.0,0.0,0.0,0.0,0.0
479,0.0,0.0,0.0,0.0,0.0,0.0,0.0,0.0,0.0,0.0,0.0,0.0,0.0,0.0,0.0,0.0,231.23977661132807,38.00092315673828,0.0,0.0,244.9866943359375,54.06390380859375,301.9875183105469,75.48048400878906,253.52963256835935,76.39253234863281,0.0,0.0,0.0,0.0,0.0,0.0,0.0,0.0
480,0.0,0.0,0.0,0.0,0.0,0.0,0.0,0.0,0.0,0.0,0.0,0.0,0.0,0.0,0.0,0.0,227.66131591796875,57.97281265258789,0.0,0.0,240.063232421875,65.62931823730469,0.0,0.0,264.84228515625,111.2310791015625,0.0,0.0,0.0,0.0,0.0,0.0,0.0,0.0
481,0.0,0.0,0.0,0.0,0.0,0.0,0.0,0.0,0.0,0.0,0.0,0.0,0.0,0.0,0.0,0.0,0.0,0.0,0.0,0.0,0.0,0.0,0.0,0.0,0.0,0.0,0.0,0.0,0.0,0.0,0.0,0.0,0.0,0.0
482,0.0,0.0,0.0,0.0,0.0,0.0,0.0,0.0,0.0,0.0,0.0,0.0,0.0,0.0,0.0,0.0,0.0,0.0,0.0,0.0,0.0,0.0,0.0,0.0,255.17864990234372,101.97404479980467,0.0,0.0,0.0,0.0,0.0,0.0,0.0,0.0
483,0.0,0.0,0.0,0.0,0.0,0.0,0.0,0.0,0.0,0.0,0.0,0.0,0.0,0.0,0.0,0.0,229.94053649902344,51.49679565429688,0.0,0.0,227.2053985595703,67.9999008178711,292.1101989746094,76.28874206542969,253.5985412597656,77.6329116821289,0.0,0.0,0.0,0.0,0.0,0.0,0.0,0.0
484,0.0,0.0,0.0,0.0,0.0,0.0,0.0,0.0,0.0,0.0,0.0,0.0,0.0,0.0,0.0,0.0,0.0,0.0,0.0,0.0,0.0,0.0,0.0,0.0,253.7765045166016,86.19500732421875,0.0,0.0,0.0,0.0,0.0,0.0,0.0,0.0
485,0.0,0.0,0.0,0.0,0.0,0.0,0.0,0.0,0.0,0.0,0.0,0.0,0.0,0.0,0.0,0.0,0.0,0.0,0.0,0.0,0.0,0.0,0.0,0.0,0.0,0.0,0.0,0.0,0.0,0.0,0.0,0.0,0.0,0.0
486,0.0,0.0,0.0,0.0,0.0,0.0,0.0,0.0,0.0,0.0,0.0,0.0,0.0,0.0,0.0,0.0,0.0,0.0,250.8595428466797,53.94276428222656,0.0,0.0,280.6715393066406,103.68356323242188,241.2618103027344,101.37188720703124,0.0,0.0,0.0,0.0,0.0,0.0,0.0,0.0
487,0.0,0.0,0.0,0.0,0.0,0.0,0.0,0.0,0.0,0.0,0.0,0.0,0.0,0.0,298.69757080078125,43.70429611206055,0.0,0.0,245.2063751220703,53.9957275390625,0.0,0.0,279.0550231933594,93.86846160888672,237.8809509277344,92.36981201171876,0.0,0.0,0.0,0.0,0.0,0.0,0.0,0.0
488,0.0,0.0,0.0,0.0,0.0,0.0,0.0,0.0,0.0,0.0,0.0,0.0,0.0,0.0,0.0,0.0,0.0,0.0,240.0411071777344,55.50225830078125,0.0,0.0,280.09332275390625,86.00272369384766,242.14356994628903,84.37702941894531,0.0,0.0,0.0,0.0,0.0,0.0,0.0,0.0
489,0.0,0.0,0.0,0.0,0.0,0.0,0.0,0.0,0.0,0.0,0.0,0.0,0.0,0.0,0.0,0.0,0.0,0.0,239.1036376953125,56.84181213378906,232.52310180664065,50.56478500366211,278.66357421875,80.59342193603516,239.5718536376953,80.27580261230469,0.0,0.0,0.0,0.0,0.0,0.0,0.0,0.0
490,0.0,0.0,0.0,0.0,0.0,0.0,0.0,0.0,0.0,0.0,0.0,0.0,0.0,0.0,272.699951171875,27.809520721435547,0.0,0.0,230.6328125,56.242897033691406,226.4594268798828,45.32646179199219,269.101318359375,82.19493103027344,241.62608337402344,80.79602813720703,0.0,0.0,0.0,0.0,0.0,0.0,0.0,0.0
491,0.0,0.0,0.0,0.0,0.0,0.0,0.0,0.0,0.0,0.0,0.0,0.0,0.0,0.0,0.0,0.0,0.0,0.0,0.0,0.0,0.0,0.0,263.6818542480469,76.42977905273438,243.46018981933597,73.51526641845703,0.0,0.0,0.0,0.0,0.0,0.0,0.0,0.0
492,0.0,0.0,0.0,0.0,0.0,0.0,0.0,0.0,0.0,0.0,0.0,0.0,0.0,0.0,294.58770751953125,41.994441986083984,0.0,0.0,223.82081604003903,55.11241912841797,202.21408081054688,49.7470703125,255.0269927978516,101.08417510986328,215.9951934814453,100.28134155273438,0.0,0.0,0.0,0.0,0.0,0.0,0.0,0.0
493,0.0,0.0,0.0,0.0,0.0,0.0,0.0,0.0,0.0,0.0,0.0,0.0,0.0,0.0,296.96636962890625,39.78110122680664,0.0,0.0,223.10699462890625,53.78612518310547,208.7722625732422,52.54398727416992,255.1941680908203,104.52786254882812,218.9390106201172,103.25535583496094,0.0,0.0,0.0,0.0,0.0,0.0,0.0,0.0
494,0.0,0.0,0.0,0.0,0.0,0.0,0.0,0.0,0.0,0.0,0.0,0.0,0.0,0.0,299.724365234375,36.65167236328125,0.0,0.0,224.1132049560547,53.69623947143555,210.0275115966797,52.76774597167969,252.6058654785156,109.53092956542967,216.98065185546875,109.19874572753906,0.0,0.0,0.0,0.0,0.0,0.0,0.0,0.0
495,0.0,0.0,0.0,0.0,0.0,0.0,0.0,0.0,0.0,0.0,0.0,0.0,0.0,0.0,299.67291259765625,42.327579498291016,0.0,0.0,223.0447998046875,55.93646240234375,209.49429321289065,51.71295928955078,254.96453857421875,112.54560089111328,220.3248748779297,110.77279663085938,0.0,0.0,0.0,0.0,0.0,0.0,0.0,0.0
496,0.0,0.0,0.0,0.0,0.0,0.0,0.0,0.0,0.0,0.0,0.0,0.0,0.0,0.0,302.3673095703125,35.50574493408203,218.68983459472656,40.57364654541016,226.24241638183597,54.26335906982422,210.18081665039065,52.19671630859375,257.54803466796875,107.75284576416016,228.68605041503903,106.60182189941406,0.0,0.0,0.0,0.0,0.0,0.0,0.0,0.0
497,0.0,0.0,0.0,0.0,0.0,0.0,0.0,0.0,0.0,0.0,0.0,0.0,0.0,0.0,298.30841064453125,44.20392608642578,234.99212646484372,50.13465881347656,226.48028564453125,53.272117614746094,217.6331329345703,53.611854553222656,267.89862060546875,99.32659912109376,235.49200439453125,96.00070190429688,0.0,0.0,0.0,0.0,0.0,0.0,0.0,0.0
498,0.0,0.0,0.0,0.0,0.0,0.0,0.0,0.0,0.0,0.0,0.0,0.0,0.0,0.0,294.3860778808594,50.26531219482422,0.0,0.0,225.32467651367188,55.14803314208984,214.7497100830078,55.54258346557617,264.36962890625,123.33019256591795,232.13726806640625,120.5776138305664,0.0,0.0,0.0,0.0,0.0,0.0,0.0,0.0
499,0.0,0.0,0.0,0.0,0.0,0.0,0.0,0.0,0.0,0.0,0.0,0.0,0.0,0.0,299.5740051269531,44.42589569091797,223.14645385742188,49.55328369140625,231.20623779296875,51.55775451660156,221.12538146972656,52.89921569824219,271.92706298828125,101.22103881835938,231.89501953125,98.35211181640624,0.0,0.0,0.0,0.0,0.0,0.0,0.0,0.0
500,0.0,0.0,0.0,0.0,0.0,0.0,0.0,0.0,0.0,0.0,0.0,0.0,0.0,0.0,301.7906494140625,42.208152770996094,0.0,0.0,228.57537841796875,52.57661056518555,217.02706909179688,51.82114410400391,264.6174011230469,107.43914031982422,231.6345367431641,104.4744110107422,0.0,0.0,0.0,0.0,0.0,0.0,0.0,0.0
501,0.0,0.0,0.0,0.0,0.0,0.0,0.0,0.0,0.0,0.0,0.0,0.0,0.0,0.0,296.70953369140625,45.60951232910156,0.0,0.0,226.672119140625,53.157676696777344,217.27931213378903,50.95402145385742,264.9271240234375,112.94612884521484,228.61996459960935,110.1167449951172,0.0,0.0,0.0,0.0,0.0,0.0,0.0,0.0
502,0.0,0.0,0.0,0.0,0.0,0.0,0.0,0.0,0.0,0.0,0.0,0.0,0.0,0.0,277.9827880859375,61.965667724609375,0.0,0.0,225.7430725097656,53.81928634643555,220.206298828125,54.525001525878906,256.2748107910156,110.8349151611328,0.0,0.0,0.0,0.0,0.0,0.0,0.0,0.0,0.0,0.0
503,0.0,0.0,0.0,0.0,0.0,0.0,0.0,0.0,0.0,0.0,0.0,0.0,0.0,0.0,268.3428649902344,56.65918731689453,0.0,0.0,224.82077026367188,53.410911560058594,220.09927368164065,56.47594451904297,267.79608154296875,108.18470764160156,237.98146057128903,104.28015899658205,0.0,0.0,0.0,0.0,0.0,0.0,0.0,0.0
504,0.0,0.0,0.0,0.0,0.0,0.0,0.0,0.0,0.0,0.0,0.0,0.0,0.0,0.0,251.77755737304688,65.61231994628906,212.69674682617188,62.31256103515625,225.7156219482422,57.81218719482422,222.7990264892578,56.87477493286133,268.3635559082031,126.1995849609375,242.0728302001953,123.4027099609375,0.0,0.0,0.0,0.0,0.0,0.0,0.0,0.0
505,0.0,0.0,0.0,0.0,0.0,0.0,0.0,0.0,0.0,0.0,0.0,0.0,0.0,0.0,265.2576599121094,60.54012298583984,0.0,0.0,212.08761596679688,60.42437362670898,204.42434692382807,65.66413879394531,0.0,0.0,0.0,0.0,0.0,0.0,0.0,0.0,0.0,0.0,0.0,0.0
506,0.0,0.0,0.0,0.0,0.0,0.0,0.0,0.0,0.0,0.0,0.0,0.0,0.0,0.0,227.47625732421875,61.48112869262695,219.2198486328125,55.84506607055664,217.7917022705078,70.6770248413086,215.70828247070312,70.0999755859375,274.976806640625,112.43101501464844,254.04241943359372,110.31037139892578,0.0,0.0,0.0,0.0,0.0,0.0,0.0,0.0
507,0.0,0.0,0.0,0.0,0.0,0.0,0.0,0.0,0.0,0.0,0.0,0.0,0.0,0.0,0.0,0.0,0.0,0.0,0.0,0.0,0.0,0.0,256.501953125,113.84832000732422,262.049072265625,113.90087890625,0.0,0.0,0.0,0.0,0.0,0.0,0.0,0.0
508,0.0,0.0,0.0,0.0,0.0,0.0,0.0,0.0,0.0,0.0,0.0,0.0,0.0,0.0,308.3367919921875,51.835914611816406,204.55963134765625,61.205474853515625,243.6364288330078,78.89996337890625,195.8736267089844,88.56077575683594,268.44073486328125,128.518798828125,217.44976806640625,128.82432556152344,0.0,0.0,0.0,0.0,0.0,0.0,0.0,0.0
509,0.0,0.0,0.0,0.0,0.0,0.0,0.0,0.0,0.0,0.0,0.0,0.0,0.0,0.0,304.45074462890625,75.32904052734375,203.12625122070312,65.90849304199219,244.9583740234375,85.14787292480469,186.9484405517578,94.22051239013672,284.122314453125,140.969970703125,232.8936920166016,138.6220703125,0.0,0.0,0.0,0.0,0.0,0.0,0.0,0.0
510,0.0,0.0,0.0,0.0,0.0,0.0,0.0,0.0,0.0,0.0,0.0,0.0,0.0,0.0,304.6330261230469,76.54554748535156,199.4501800537109,64.96923065185547,243.335693359375,88.29148864746094,178.20684814453125,95.99466705322266,278.2821960449219,134.1363525390625,224.5525665283203,130.33706665039062,0.0,0.0,0.0,0.0,0.0,0.0,0.0,0.0
511,0.0,0.0,0.0,0.0,0.0,0.0,0.0,0.0,0.0,0.0,0.0,0.0,0.0,0.0,0.0,0.0,201.8789978027344,59.10498046875,281.7048645019531,88.27393341064453,190.2963409423828,91.29766082763672,0.0,0.0,236.0345001220703,131.42544555664062,0.0,0.0,0.0,0.0,0.0,0.0,0.0,0.0
512,0.0,0.0,0.0,0.0,0.0,0.0,0.0,0.0,0.0,0.0,0.0,0.0,0.0,0.0,0.0,0.0,201.34213256835935,60.4638671875,240.15640258789065,86.28105163574219,185.1015625,90.95500183105467,0.0,0.0,237.60948181152344,134.85232543945312,0.0,0.0,0.0,0.0,0.0,0.0,0.0,0.0
513,0.0,0.0,0.0,0.0,0.0,0.0,0.0,0.0,0.0,0.0,0.0,0.0,212.17433166503903,7.232318878173828,0.0,0.0,200.2807159423828,53.76749038696289,300.766357421875,74.03166198730469,188.00338745117188,86.42779541015625,286.0411071777344,124.34615325927734,230.24581909179688,123.54240417480467,0.0,0.0,0.0,0.0,0.0,0.0,0.0,0.0
514,0.0,0.0,0.0,0.0,0.0,0.0,0.0,0.0,0.0,0.0,0.0,0.0,0.0,0.0,0.0,0.0,202.29837036132807,49.91107177734375,0.0,0.0,188.51690673828125,85.11644744873047,287.1492614746094,119.23475646972656,229.9370574951172,120.06076049804688,0.0,0.0,0.0,0.0,0.0,0.0,0.0,0.0
515,0.0,0.0,0.0,0.0,0.0,0.0,0.0,0.0,0.0,0.0,0.0,0.0,208.7629852294922,7.930732727050781,0.0,0.0,199.162841796875,49.95806884765625,311.00396728515625,64.98736572265625,190.368408203125,84.37681579589844,281.0292663574219,112.63005828857422,226.60699462890625,113.5062255859375,0.0,0.0,0.0,0.0,0.0,0.0,0.0,0.0
516,0.0,0.0,0.0,0.0,0.0,0.0,0.0,0.0,0.0,0.0,0.0,0.0,0.0,0.0,0.0,0.0,200.2231292724609,45.72576141357422,310.99713134765625,64.97882080078125,185.8683319091797,84.0756607055664,284.4936218261719,112.28308868408205,227.00387573242188,113.60767364501952,0.0,0.0,0.0,0.0,0.0,0.0,0.0,0.0
517,0.0,0.0,0.0,0.0,0.0,0.0,0.0,0.0,0.0,0.0,0.0,0.0,0.0,0.0,308.4989013671875,51.54841613769531,203.7540740966797,46.92529296875,315.166259765625,61.962852478027344,189.0428771972656,84.27964782714844,286.8244323730469,116.96131896972656,228.85079956054688,115.72032928466795,0.0,0.0,0.0,0.0,0.0,0.0,0.0,0.0
518,0.0,0.0,0.0,0.0,0.0,0.0,0.0,0.0,0.0,0.0,0.0,0.0,0.0,0.0,0.0,0.0,203.6823272705078,46.57516479492188,311.18634033203125,53.37680816650391,187.46836853027344,84.53785705566406,284.750244140625,112.86933135986328,229.43641662597656,115.5144500732422,0.0,0.0,0.0,0.0,0.0,0.0,0.0,0.0
519,0.0,0.0,0.0,0.0,0.0,0.0,0.0,0.0,0.0,0.0,0.0,0.0,0.0,0.0,0.0,0.0,204.22657775878903,44.13672256469727,312.06524658203125,54.67436981201172,187.16824340820312,82.21856689453125,285.9041442871094,113.13170623779295,230.83248901367188,115.76812744140624,0.0,0.0,0.0,0.0,0.0,0.0,0.0,0.0
520,0.0,0.0,0.0,0.0,0.0,0.0,0.0,0.0,0.0,0.0,0.0,0.0,0.0,0.0,0.0,0.0,204.1746063232422,44.03926467895508,309.73541259765625,53.63783645629883,187.39215087890625,82.41483306884766,280.8200988769531,102.29695129394533,222.81558227539065,106.0187530517578,0.0,0.0,0.0,0.0,0.0,0.0,0.0,0.0
521,0.0,0.0,0.0,0.0,0.0,0.0,0.0,0.0,0.0,0.0,0.0,0.0,0.0,0.0,305.75958251953125,41.00934600830078,204.50526428222656,39.46714019775391,308.1556396484375,56.90963363647461,187.80007934570312,79.88793182373047,279.4915466308594,111.84169006347656,222.6981506347656,112.40729522705078,0.0,0.0,0.0,0.0,0.0,0.0,0.0,0.0
522,0.0,0.0,0.0,0.0,0.0,0.0,0.0,0.0,0.0,0.0,0.0,0.0,0.0,0.0,0.0,0.0,204.7486572265625,40.68198776245117,309.7658386230469,55.3988151550293,187.01852416992188,81.04967498779297,281.0948181152344,111.90506744384766,225.3968811035156,113.18392181396484,0.0,0.0,0.0,0.0,0.0,0.0,0.0,0.0
523,0.0,0.0,0.0,0.0,0.0,0.0,0.0,0.0,0.0,0.0,0.0,0.0,0.0,0.0,0.0,0.0,203.78179931640625,42.77277755737305,311.2094116210937,52.23675537109375,186.901611328125,81.77206420898438,282.9619445800781,107.66984558105467,225.40122985839844,110.14372253417967,0.0,0.0,0.0,0.0,0.0,0.0,0.0,0.0
524,0.0,0.0,0.0,0.0,0.0,0.0,0.0,0.0,0.0,0.0,0.0,0.0,0.0,0.0,0.0,0.0,203.6620941162109,42.12031936645508,311.1629638671875,52.15099334716797,186.83917236328125,81.50325012207031,282.3945617675781,107.21307373046876,224.98838806152344,109.547119140625,0.0,0.0,0.0,0.0,0.0,0.0,0.0,0.0
525,0.0,0.0,0.0,0.0,0.0,0.0,0.0,0.0,0.0,0.0,0.0,0.0,0.0,0.0,0.0,0.0,204.82785034179688,42.16362380981445,311.7647705078125,55.07176971435547,186.46481323242188,81.66419982910156,284.525146484375,108.2322769165039,227.65496826171875,111.07689666748048,0.0,0.0,0.0,0.0,0.0,0.0,0.0,0.0
526,0.0,0.0,0.0,0.0,0.0,0.0,0.0,0.0,0.0,0.0,0.0,0.0,0.0,0.0,0.0,0.0,203.84222412109372,42.659576416015625,312.437255859375,59.47625732421875,186.6886138916016,81.65509796142578,280.1230773925781,98.10626220703124,223.97833251953125,100.73450469970705,0.0,0.0,0.0,0.0,0.0,0.0,0.0,0.0
527,0.0,0.0,0.0,0.0,0.0,0.0,0.0,0.0,0.0,0.0,0.0,0.0,0.0,0.0,0.0,0.0,204.41278076171875,41.91057968139648,312.48736572265625,55.23594284057617,186.64801025390625,81.79772186279297,284.6927490234375,100.60929870605467,227.37294006347656,104.19481658935548,0.0,0.0,0.0,0.0,0.0,0.0,0.0,0.0
528,0.0,0.0,0.0,0.0,0.0,0.0,0.0,0.0,0.0,0.0,0.0,0.0,0.0,0.0,0.0,0.0,204.3583068847656,41.18794250488281,309.1798095703125,56.65642929077149,187.4708709716797,80.6993408203125,280.7592163085937,100.04191589355467,225.0712738037109,102.01303100585938,0.0,0.0,0.0,0.0,0.0,0.0,0.0,0.0
529,0.0,0.0,0.0,0.0,0.0,0.0,0.0,0.0,0.0,0.0,0.0,0.0,0.0,0.0,0.0,0.0,204.7220458984375,44.01858901977539,312.5701904296875,58.41582107543945,187.6678009033203,81.66686248779297,286.6822814941406,107.58191680908205,228.6088714599609,111.49132537841795,0.0,0.0,0.0,0.0,0.0,0.0,0.0,0.0
530,0.0,0.0,0.0,0.0,0.0,0.0,0.0,0.0,0.0,0.0,0.0,0.0,0.0,0.0,0.0,0.0,203.93638610839844,45.02044677734375,307.8749694824219,60.046119689941406,189.21841430664065,80.20281219482422,282.8740234375,110.1488800048828,225.51824951171875,111.74494171142578,0.0,0.0,0.0,0.0,0.0,0.0,0.0,0.0
531,0.0,0.0,0.0,0.0,0.0,0.0,0.0,0.0,0.0,0.0,0.0,0.0,0.0,0.0,0.0,0.0,205.5775909423828,43.38295364379883,0.0,0.0,188.70376586914065,81.45025634765625,289.9759826660156,109.59089660644533,232.33792114257807,112.78849792480467,0.0,0.0,0.0,0.0,0.0,0.0,0.0,0.0
532,0.0,0.0,0.0,0.0,0.0,0.0,0.0,0.0,0.0,0.0,0.0,0.0,0.0,0.0,0.0,0.0,205.24560546875,42.48414993286133,306.29071044921875,59.49504089355469,189.97576904296875,80.07559967041016,283.7680358886719,112.2204132080078,226.80284118652344,112.58973693847656,0.0,0.0,0.0,0.0,0.0,0.0,0.0,0.0
533,0.0,0.0,0.0,0.0,0.0,0.0,0.0,0.0,0.0,0.0,0.0,0.0,0.0,0.0,0.0,0.0,204.28366088867188,45.488990783691406,309.7691345214844,58.99579620361328,189.14634704589844,80.64443969726562,285.4442749023437,112.76992797851562,228.1604766845703,113.66285705566406,0.0,0.0,0.0,0.0,0.0,0.0,0.0,0.0
534,0.0,0.0,0.0,0.0,0.0,0.0,0.0,0.0,0.0,0.0,0.0,0.0,0.0,0.0,0.0,0.0,205.1798095703125,43.612037658691406,309.31072998046875,57.57657623291016,189.8013610839844,79.93704986572266,285.8503723144531,108.6732940673828,228.3069000244141,109.6221923828125,0.0,0.0,0.0,0.0,0.0,0.0,0.0,0.0
535,0.0,0.0,0.0,0.0,0.0,0.0,0.0,0.0,0.0,0.0,0.0,0.0,0.0,0.0,0.0,0.0,204.4864196777344,44.33259582519531,0.0,0.0,190.75344848632807,80.79426574707031,290.6011657714844,108.0107192993164,231.60366821289065,110.3951644897461,0.0,0.0,0.0,0.0,0.0,0.0,0.0,0.0
536,0.0,0.0,0.0,0.0,0.0,0.0,0.0,0.0,0.0,0.0,0.0,0.0,0.0,0.0,0.0,0.0,206.39154052734372,43.15711975097656,313.54913330078125,58.834716796875,191.30636596679688,80.9703369140625,287.43170166015625,99.6737060546875,228.61163330078125,103.40753173828124,0.0,0.0,0.0,0.0,0.0,0.0,0.0,0.0
537,0.0,0.0,0.0,0.0,0.0,0.0,0.0,0.0,0.0,0.0,0.0,0.0,0.0,0.0,0.0,0.0,207.0977935791016,39.17438125610352,313.17633056640625,57.962982177734375,192.6512908935547,79.12937927246094,287.4764099121094,98.9179229736328,227.49327087402344,102.12737274169922,0.0,0.0,0.0,0.0,0.0,0.0,0.0,0.0
538,0.0,0.0,0.0,0.0,0.0,0.0,0.0,0.0,0.0,0.0,0.0,0.0,0.0,0.0,0.0,0.0,207.1132354736328,39.55438995361328,0.0,0.0,193.11196899414065,78.99949645996094,286.7332763671875,98.0990219116211,227.10845947265625,100.5712661743164,0.0,0.0,0.0,0.0,0.0,0.0,0.0,0.0
539,0.0,0.0,0.0,0.0,0.0,0.0,0.0,0.0,0.0,0.0,0.0,0.0,0.0,0.0,0.0,0.0,207.0918426513672,39.04621887207031,0.0,0.0,193.2254638671875,78.88285064697266,287.0794677734375,96.98258972167967,227.5483856201172,99.30032348632812,0.0,0.0,0.0,0.0,0.0,0.0,0.0,0.0
540,0.0,0.0,0.0,0.0,0.0,0.0,0.0,0.0,0.0,0.0,0.0,0.0,0.0,0.0,0.0,0.0,207.15206909179688,38.94189834594727,314.7616271972656,59.947364807128906,193.0800018310547,78.99927520751953,288.8390808105469,96.82438659667967,228.68344116210935,99.9101791381836,0.0,0.0,0.0,0.0,0.0,0.0,0.0,0.0
541,0.0,0.0,0.0,0.0,0.0,0.0,0.0,0.0,0.0,0.0,0.0,0.0,0.0,0.0,0.0,0.0,205.84754943847656,42.32176208496094,313.2618103027344,76.62150573730469,192.94406127929688,80.02962493896484,288.09912109375,101.17897033691406,226.81732177734372,104.20880889892578,0.0,0.0,0.0,0.0,0.0,0.0,0.0,0.0
542,0.0,0.0,0.0,0.0,0.0,0.0,0.0,0.0,0.0,0.0,0.0,0.0,0.0,0.0,0.0,0.0,205.70469665527344,41.687232971191406,314.160400390625,72.22135162353516,193.3030548095703,79.8825912475586,287.8425598144531,95.7073211669922,227.39202880859372,98.93765258789062,0.0,0.0,0.0,0.0,0.0,0.0,0.0,0.0
543,0.0,0.0,0.0,0.0,0.0,0.0,0.0,0.0,0.0,0.0,0.0,0.0,0.0,0.0,0.0,0.0,205.50531005859372,42.88250350952149,0.0,0.0,193.39617919921875,80.2923583984375,288.81982421875,98.79777526855467,228.27984619140625,101.46858215332033,0.0,0.0,0.0,0.0,0.0,0.0,0.0,0.0
544,0.0,0.0,0.0,0.0,0.0,0.0,0.0,0.0,0.0,0.0,0.0,0.0,0.0,0.0,0.0,0.0,204.91033935546875,42.71681213378906,0.0,0.0,194.0916748046875,79.73357391357422,289.3353881835937,104.0692901611328,228.5877685546875,105.55381774902344,0.0,0.0,0.0,0.0,0.0,0.0,0.0,0.0
545,0.0,0.0,0.0,0.0,0.0,0.0,0.0,0.0,0.0,0.0,0.0,0.0,0.0,0.0,0.0,0.0,205.0112152099609,45.2038459777832,0.0,0.0,191.7910614013672,81.51786041259766,289.3359069824219,106.38224792480467,229.7340087890625,108.77034759521484,0.0,0.0,0.0,0.0,0.0,0.0,0.0,0.0
546,0.0,0.0,0.0,0.0,0.0,0.0,0.0,0.0,0.0,0.0,0.0,0.0,0.0,0.0,0.0,0.0,205.04409790039065,43.93304061889648,309.25848388671875,58.76691436767578,192.31723022460935,80.48870849609375,288.054931640625,104.29266357421876,228.6226348876953,105.78504943847656,0.0,0.0,0.0,0.0,0.0,0.0,0.0,0.0
547,0.0,0.0,0.0,0.0,0.0,0.0,0.0,0.0,0.0,0.0,0.0,0.0,0.0,0.0,0.0,0.0,205.0721893310547,45.99628829956055,0.0,0.0,191.528076171875,82.29051971435547,288.33087158203125,107.53851318359376,228.8872985839844,110.2822265625,0.0,0.0,0.0,0.0,0.0,0.0,0.0,0.0
548,0.0,0.0,0.0,0.0,0.0,0.0,0.0,0.0,0.0,0.0,0.0,0.0,0.0,0.0,0.0,0.0,205.1744384765625,42.71488571166992,309.0201416015625,67.41600799560547,191.47901916503903,79.98124694824219,286.951416015625,108.31121826171876,227.6234893798828,109.24944305419922,0.0,0.0,0.0,0.0,0.0,0.0,0.0,0.0
549,0.0,0.0,0.0,0.0,0.0,0.0,0.0,0.0,0.0,0.0,0.0,0.0,0.0,0.0,0.0,0.0,205.239501953125,44.02384185791016,0.0,0.0,190.2010803222656,81.02798461914062,291.5902404785156,106.84551239013672,231.9966278076172,109.15762329101562,0.0,0.0,0.0,0.0,0.0,0.0,0.0,0.0
550,0.0,0.0,0.0,0.0,0.0,0.0,0.0,0.0,0.0,0.0,0.0,0.0,0.0,0.0,0.0,0.0,204.37106323242188,45.77285003662109,0.0,0.0,189.9538116455078,82.41667175292969,290.28094482421875,111.6431121826172,230.8463287353516,114.39191436767578,0.0,0.0,0.0,0.0,0.0,0.0,0.0,0.0
551,0.0,0.0,0.0,0.0,0.0,0.0,0.0,0.0,0.0,0.0,0.0,0.0,0.0,0.0,0.0,0.0,204.98220825195312,45.80840301513672,0.0,0.0,189.25613403320312,82.24312591552734,292.34747314453125,106.859130859375,231.77491760253903,110.40188598632812,0.0,0.0,0.0,0.0,0.0,0.0,0.0,0.0
552,0.0,0.0,0.0,0.0,0.0,0.0,0.0,0.0,0.0,0.0,0.0,0.0,0.0,0.0,0.0,0.0,204.62954711914065,45.525089263916016,0.0,0.0,190.3665008544922,80.41435241699219,287.9886474609375,114.5808563232422,227.7676239013672,115.79270935058594,0.0,0.0,0.0,0.0,0.0,0.0,0.0,0.0
553,0.0,0.0,0.0,0.0,0.0,0.0,0.0,0.0,0.0,0.0,0.0,0.0,0.0,0.0,0.0,0.0,205.10325622558597,44.21019744873047,0.0,0.0,190.5224151611328,79.9236831665039,288.29315185546875,109.99700927734376,229.00726318359372,112.45817565917967,0.0,0.0,0.0,0.0,0.0,0.0,0.0,0.0
554,0.0,0.0,0.0,0.0,0.0,0.0,0.0,0.0,0.0,0.0,0.0,0.0,0.0,0.0,0.0,0.0,204.8460693359375,45.407344818115234,0.0,0.0,188.47482299804688,81.07539367675781,290.9884033203125,106.36981201171876,232.87811279296875,109.49266052246094,0.0,0.0,0.0,0.0,0.0,0.0,0.0,0.0
555,0.0,0.0,0.0,0.0,0.0,0.0,0.0,0.0,0.0,0.0,0.0,0.0,0.0,0.0,0.0,0.0,204.4108428955078,45.12882995605469,0.0,0.0,189.97540283203125,80.59678649902344,286.1165466308594,110.00453186035156,228.08236694335935,111.55747985839844,0.0,0.0,0.0,0.0,0.0,0.0,0.0,0.0
556,0.0,0.0,0.0,0.0,0.0,0.0,0.0,0.0,0.0,0.0,0.0,0.0,0.0,0.0,0.0,0.0,204.58627319335935,46.355224609375,0.0,0.0,188.2049560546875,80.89861297607422,294.34136962890625,109.21600341796876,234.9925842285156,112.47447967529295,0.0,0.0,0.0,0.0,0.0,0.0,0.0,0.0
557,0.0,0.0,0.0,0.0,0.0,0.0,0.0,0.0,0.0,0.0,0.0,0.0,0.0,0.0,0.0,0.0,204.75582885742188,45.28060150146485,0.0,0.0,188.91323852539065,81.05500793457031,291.9910583496094,102.94359588623048,233.2100830078125,107.31979370117188,0.0,0.0,0.0,0.0,0.0,0.0,0.0,0.0
558,0.0,0.0,0.0,0.0,0.0,0.0,0.0,0.0,0.0,0.0,0.0,0.0,0.0,0.0,0.0,0.0,203.87966918945312,44.98728942871094,305.1614990234375,57.18975830078125,190.0475006103516,81.11836242675781,284.8719482421875,104.1196060180664,226.50733947753903,106.15668487548828,0.0,0.0,0.0,0.0,0.0,0.0,0.0,0.0
559,0.0,0.0,0.0,0.0,0.0,0.0,0.0,0.0,0.0,0.0,0.0,0.0,0.0,0.0,0.0,0.0,204.07693481445312,45.47669219970703,308.001708984375,55.66600799560547,189.72866821289065,81.34477996826172,285.9627685546875,102.27520751953124,228.38250732421875,104.16938018798828,0.0,0.0,0.0,0.0,0.0,0.0,0.0,0.0
560,0.0,0.0,0.0,0.0,0.0,0.0,0.0,0.0,0.0,0.0,0.0,0.0,0.0,0.0,0.0,0.0,204.65206909179688,47.50613021850586,0.0,0.0,188.69754028320312,82.23497772216797,292.0981140136719,105.99933624267578,235.49783325195312,108.74979400634766,0.0,0.0,0.0,0.0,0.0,0.0,0.0,0.0
561,0.0,0.0,0.0,0.0,0.0,0.0,0.0,0.0,0.0,0.0,0.0,0.0,0.0,0.0,0.0,0.0,204.6954040527344,48.0382080078125,0.0,0.0,189.44451904296875,82.45378875732422,288.3907165527344,100.53154754638672,233.83966064453125,103.2501220703125,0.0,0.0,0.0,0.0,0.0,0.0,0.0,0.0
562,0.0,0.0,0.0,0.0,0.0,0.0,0.0,0.0,0.0,0.0,0.0,0.0,0.0,0.0,0.0,0.0,204.4027557373047,48.45555114746094,299.373779296875,70.62742614746094,191.388671875,81.81404113769531,285.99005126953125,113.41393280029295,228.78097534179688,114.14273071289062,0.0,0.0,0.0,0.0,0.0,0.0,0.0,0.0
563,0.0,0.0,0.0,0.0,0.0,0.0,0.0,0.0,0.0,0.0,0.0,0.0,0.0,0.0,307.1637878417969,34.32899475097656,204.5877990722656,48.799591064453125,308.7791748046875,52.2456283569336,191.3939666748047,80.56730651855469,280.8706970214844,109.87596893310548,229.1019744873047,111.0556640625,0.0,0.0,0.0,0.0,0.0,0.0,0.0,0.0
564,0.0,0.0,0.0,0.0,0.0,0.0,0.0,0.0,0.0,0.0,0.0,0.0,0.0,0.0,0.0,0.0,204.52767944335935,48.88549041748047,307.6137390136719,56.36749267578125,191.6534576416016,80.40777587890625,280.760009765625,113.30757904052734,227.03927612304688,114.2948989868164,0.0,0.0,0.0,0.0,0.0,0.0,0.0,0.0
565,0.0,0.0,0.0,0.0,0.0,0.0,0.0,0.0,0.0,0.0,0.0,0.0,0.0,0.0,0.0,0.0,205.1236267089844,50.347206115722656,308.66943359375,67.812744140625,190.78121948242188,81.92747497558594,286.628173828125,117.56298828125,229.9338531494141,118.8352508544922,0.0,0.0,0.0,0.0,0.0,0.0,0.0,0.0
566,0.0,0.0,0.0,0.0,0.0,0.0,0.0,0.0,0.0,0.0,0.0,0.0,0.0,0.0,308.1732482910156,42.47901153564453,202.84185791015625,52.90648651123047,308.696533203125,78.66316986083984,190.68502807617188,96.85204315185548,286.799072265625,122.28329467773438,233.1544342041016,123.9269790649414,0.0,0.0,0.0,0.0,0.0,0.0,0.0,0.0
567,0.0,0.0,0.0,0.0,0.0,0.0,0.0,0.0,0.0,0.0,0.0,0.0,0.0,0.0,0.0,0.0,202.9110565185547,51.596168518066406,0.0,0.0,195.0700225830078,81.46580505371094,290.6051025390625,117.1508331298828,235.20217895507807,120.05799865722656,0.0,0.0,0.0,0.0,0.0,0.0,0.0,0.0
568,0.0,0.0,0.0,0.0,0.0,0.0,0.0,0.0,0.0,0.0,0.0,0.0,0.0,0.0,0.0,0.0,203.31442260742188,59.713172912597656,0.0,0.0,193.0688934326172,94.3637237548828,293.1882019042969,130.43540954589844,239.8705139160156,130.53179931640625,0.0,0.0,0.0,0.0,0.0,0.0,0.0,0.0
569,0.0,0.0,0.0,0.0,0.0,0.0,0.0,0.0,0.0,0.0,0.0,0.0,0.0,0.0,0.0,0.0,203.49478149414065,56.17037582397461,0.0,0.0,196.89202880859372,91.32583618164062,284.324462890625,117.16629028320312,244.98329162597656,118.5935287475586,0.0,0.0,0.0,0.0,0.0,0.0,0.0,0.0
570,0.0,0.0,0.0,0.0,0.0,0.0,0.0,0.0,0.0,0.0,0.0,0.0,0.0,0.0,308.178955078125,52.38200378417969,205.01995849609372,56.11790084838867,245.90011596679688,85.31681060791016,196.683837890625,87.96102142333984,283.3891906738281,128.27159118652344,225.6201934814453,129.0209503173828,0.0,0.0,0.0,0.0,0.0,0.0,0.0,0.0
571,0.0,0.0,0.0,0.0,0.0,0.0,0.0,0.0,0.0,0.0,0.0,0.0,0.0,0.0,316.5128479003906,49.70497512817383,204.0010681152344,60.46479034423828,250.179931640625,80.52708435058594,197.29872131347656,95.2237548828125,285.4418640136719,134.82395935058594,224.6509552001953,136.40689086914062,0.0,0.0,0.0,0.0,0.0,0.0,0.0,0.0
572,0.0,0.0,0.0,0.0,0.0,0.0,0.0,0.0,0.0,0.0,0.0,0.0,0.0,0.0,0.0,0.0,207.2403259277344,51.664833068847656,0.0,0.0,196.83985900878903,82.07362365722656,285.0766906738281,113.7563018798828,228.20159912109372,114.91275024414062,0.0,0.0,0.0,0.0,0.0,0.0,0.0,0.0
573,0.0,0.0,0.0,0.0,0.0,0.0,0.0,0.0,0.0,0.0,0.0,0.0,0.0,0.0,0.0,0.0,206.6995086669922,60.777610778808594,0.0,0.0,196.7995147705078,90.31549072265624,286.466064453125,120.43449401855467,232.0370941162109,122.11009216308594,0.0,0.0,0.0,0.0,0.0,0.0,0.0,0.0
574,0.0,0.0,0.0,0.0,0.0,0.0,0.0,0.0,0.0,0.0,0.0,0.0,0.0,0.0,0.0,0.0,207.8892059326172,68.70201110839844,0.0,0.0,210.57406616210935,83.48016357421875,0.0,0.0,0.0,0.0,0.0,0.0,0.0,0.0,0.0,0.0,0.0,0.0
575,0.0,0.0,0.0,0.0,0.0,0.0,0.0,0.0,0.0,0.0,0.0,0.0,0.0,0.0,306.97344970703125,81.10899353027344,0.0,0.0,241.64068603515625,62.96139526367188,227.6288299560547,64.58476257324219,0.0,0.0,0.0,0.0,0.0,0.0,0.0,0.0,0.0,0.0,0.0,0.0
576,0.0,0.0,0.0,0.0,0.0,0.0,0.0,0.0,0.0,0.0,0.0,0.0,0.0,0.0,298.3075561523437,58.669166564941406,0.0,0.0,239.53256225585935,59.49175262451172,217.19631958007807,59.84073638916016,270.45123291015625,110.01481628417967,223.10836791992188,107.5407485961914,0.0,0.0,0.0,0.0,0.0,0.0,0.0,0.0
577,0.0,0.0,0.0,0.0,0.0,0.0,0.0,0.0,0.0,0.0,0.0,0.0,0.0,0.0,0.0,0.0,0.0,0.0,239.2382659912109,60.89128875732422,225.12673950195312,47.36384201049805,279.3770446777344,95.35285949707033,234.5834808349609,94.45068359375,0.0,0.0,0.0,0.0,0.0,0.0,0.0,0.0
578,0.0,0.0,0.0,0.0,0.0,0.0,0.0,0.0,0.0,0.0,0.0,0.0,0.0,0.0,0.0,0.0,0.0,0.0,0.0,0.0,0.0,0.0,0.0,0.0,0.0,0.0,0.0,0.0,0.0,0.0,0.0,0.0,0.0,0.0
579,0.0,0.0,0.0,0.0,0.0,0.0,0.0,0.0,0.0,0.0,0.0,0.0,0.0,0.0,0.0,0.0,0.0,0.0,0.0,0.0,0.0,0.0,0.0,0.0,0.0,0.0,0.0,0.0,0.0,0.0,0.0,0.0,0.0,0.0
580,0.0,0.0,0.0,0.0,0.0,0.0,0.0,0.0,0.0,0.0,0.0,0.0,0.0,0.0,0.0,0.0,0.0,0.0,0.0,0.0,0.0,0.0,0.0,0.0,0.0,0.0,0.0,0.0,0.0,0.0,0.0,0.0,0.0,0.0
581,0.0,0.0,0.0,0.0,0.0,0.0,0.0,0.0,0.0,0.0,0.0,0.0,0.0,0.0,0.0,0.0,0.0,0.0,0.0,0.0,0.0,0.0,265.12567138671875,66.9620361328125,264.21099853515625,66.06674194335938,0.0,0.0,0.0,0.0,0.0,0.0,0.0,0.0
582,0.0,0.0,0.0,0.0,0.0,0.0,0.0,0.0,0.0,0.0,0.0,0.0,0.0,0.0,0.0,0.0,0.0,0.0,0.0,0.0,0.0,0.0,275.3551025390625,68.35979461669922,249.12258911132807,68.26445770263672,0.0,0.0,0.0,0.0,0.0,0.0,0.0,0.0
583,0.0,0.0,0.0,0.0,0.0,0.0,0.0,0.0,0.0,0.0,0.0,0.0,0.0,0.0,253.14329528808597,42.5620346069336,0.0,0.0,0.0,0.0,0.0,0.0,260.7331848144531,101.26356506347656,271.174072265625,96.89419555664062,0.0,0.0,0.0,0.0,0.0,0.0,0.0,0.0
584,0.0,0.0,0.0,0.0,0.0,0.0,0.0,0.0,0.0,0.0,0.0,0.0,0.0,0.0,280.58917236328125,45.32584762573242,0.0,0.0,227.84754943847656,57.13311004638672,0.0,0.0,269.4848022460937,114.77766418457033,231.27313232421875,113.2300262451172,0.0,0.0,0.0,0.0,0.0,0.0,0.0,0.0
585,0.0,0.0,0.0,0.0,0.0,0.0,0.0,0.0,0.0,0.0,0.0,0.0,0.0,0.0,286.2201538085937,50.795928955078125,0.0,0.0,227.74298095703125,57.6676139831543,211.07781982421875,54.09458541870117,269.3460388183594,125.81574249267578,224.0958709716797,125.0833511352539,0.0,0.0,0.0,0.0,0.0,0.0,0.0,0.0
586,0.0,0.0,0.0,0.0,0.0,0.0,0.0,0.0,0.0,0.0,0.0,0.0,0.0,0.0,288.5228881835937,44.58019256591797,212.91685485839844,66.27899932861328,229.1811981201172,57.98501968383789,205.70724487304688,60.32293701171875,270.2124328613281,114.25152587890624,233.21432495117188,115.56595611572266,0.0,0.0,0.0,0.0,0.0,0.0,0.0,0.0
587,0.0,0.0,0.0,0.0,0.0,0.0,0.0,0.0,0.0,0.0,0.0,0.0,0.0,0.0,285.3609313964844,41.54502487182617,0.0,0.0,226.54302978515625,54.77999114990234,211.3535614013672,54.404930114746094,261.99822998046875,115.08846282958984,229.85330200195312,114.60745239257812,0.0,0.0,0.0,0.0,0.0,0.0,0.0,0.0
588,0.0,0.0,0.0,0.0,0.0,0.0,0.0,0.0,0.0,0.0,0.0,0.0,0.0,0.0,259.81329345703125,44.65585708618164,0.0,0.0,226.2678985595703,56.10244369506836,0.0,0.0,252.42868041992188,98.08425903320312,266.4036560058594,92.8714599609375,0.0,0.0,0.0,0.0,0.0,0.0,0.0,0.0
589,0.0,0.0,0.0,0.0,0.0,0.0,0.0,0.0,0.0,0.0,0.0,0.0,0.0,0.0,0.0,0.0,0.0,0.0,225.42633056640625,54.58665084838867,0.0,0.0,249.3988037109375,87.53954315185547,245.6027069091797,84.09552001953125,0.0,0.0,0.0,0.0,0.0,0.0,0.0,0.0
590,0.0,0.0,0.0,0.0,0.0,0.0,0.0,0.0,0.0,0.0,0.0,0.0,0.0,0.0,268.7016296386719,54.3414192199707,0.0,0.0,223.9789581298828,54.90172576904297,0.0,0.0,252.4821929931641,98.15164947509766,226.2623291015625,96.2030792236328,0.0,0.0,0.0,0.0,0.0,0.0,0.0,0.0
591,0.0,0.0,0.0,0.0,0.0,0.0,0.0,0.0,0.0,0.0,0.0,0.0,0.0,0.0,247.9597320556641,48.70203399658203,0.0,0.0,0.0,0.0,0.0,0.0,240.54318237304688,67.79356384277344,260.2129211425781,63.93766403198242,224.4839630126953,143.15109252929688,252.5060272216797,142.0613555908203,0.0,0.0,0.0,0.0
592,0.0,0.0,0.0,0.0,0.0,0.0,0.0,0.0,0.0,0.0,0.0,0.0,0.0,0.0,261.9502868652344,61.87800216674805,0.0,0.0,220.3570709228516,53.87896347045898,0.0,0.0,247.0524444580078,121.45242309570312,221.06007385253903,118.38845825195312,0.0,0.0,0.0,0.0,0.0,0.0,0.0,0.0
593,0.0,0.0,0.0,0.0,0.0,0.0,0.0,0.0,0.0,0.0,0.0,0.0,0.0,0.0,266.90020751953125,62.78791809082031,0.0,0.0,221.39633178710935,54.36384963989258,0.0,0.0,244.5962371826172,122.6705093383789,220.6689453125,117.7174835205078,0.0,0.0,0.0,0.0,0.0,0.0,0.0,0.0
594,0.0,0.0,0.0,0.0,0.0,0.0,0.0,0.0,0.0,0.0,0.0,0.0,0.0,0.0,271.7442626953125,58.765655517578125,0.0,0.0,225.46682739257807,54.38103866577149,0.0,0.0,246.5320281982422,113.65650939941406,222.81149291992188,109.02731323242188,0.0,0.0,0.0,0.0,0.0,0.0,0.0,0.0
595,0.0,0.0,0.0,0.0,0.0,0.0,0.0,0.0,0.0,0.0,0.0,0.0,0.0,0.0,276.28082275390625,50.8125228881836,0.0,0.0,226.95745849609372,52.15151977539063,0.0,0.0,243.1339111328125,118.65557861328124,226.52462768554688,113.6181182861328,0.0,0.0,0.0,0.0,0.0,0.0,0.0,0.0
596,0.0,0.0,0.0,0.0,0.0,0.0,0.0,0.0,0.0,0.0,0.0,0.0,0.0,0.0,274.0429992675781,50.05622863769531,0.0,0.0,226.8307037353516,52.12017822265625,0.0,0.0,243.4567108154297,109.32881927490234,224.9608154296875,105.64080810546876,0.0,0.0,0.0,0.0,0.0,0.0,0.0,0.0
597,0.0,0.0,0.0,0.0,0.0,0.0,0.0,0.0,0.0,0.0,0.0,0.0,0.0,0.0,284.0282592773437,47.210487365722656,0.0,0.0,226.0412139892578,51.08037567138672,0.0,0.0,246.484375,116.65721130371094,213.0771484375,113.07543182373048,0.0,0.0,0.0,0.0,0.0,0.0,0.0,0.0
598,0.0,0.0,0.0,0.0,0.0,0.0,0.0,0.0,0.0,0.0,0.0,0.0,0.0,0.0,284.97589111328125,47.81489562988281,0.0,0.0,223.59527587890625,52.46720504760742,0.0,0.0,241.62147521972656,121.35904693603516,210.638427734375,118.00436401367188,0.0,0.0,0.0,0.0,0.0,0.0,0.0,0.0
599,0.0,0.0,0.0,0.0,0.0,0.0,0.0,0.0,0.0,0.0,0.0,0.0,0.0,0.0,280.5033569335937,50.56874084472656,0.0,0.0,224.06906127929688,53.66022491455078,197.07603454589844,49.95947647094727,243.24301147460935,116.9477310180664,205.3052673339844,114.07907104492188,0.0,0.0,0.0,0.0,0.0,0.0,0.0,0.0
600,0.0,0.0,0.0,0.0,0.0,0.0,0.0,0.0,0.0,0.0,0.0,0.0,0.0,0.0,0.0,0.0,0.0,0.0,0.0,0.0,0.0,0.0,0.0,0.0,0.0,0.0,0.0,0.0,0.0,0.0,0.0,0.0,0.0,0.0
601,0.0,0.0,0.0,0.0,0.0,0.0,0.0,0.0,0.0,0.0,0.0,0.0,0.0,0.0,0.0,0.0,0.0,0.0,227.3306121826172,45.758583068847656,0.0,0.0,254.1604156494141,64.25602722167969,209.47317504882807,64.20189666748047,0.0,0.0,0.0,0.0,0.0,0.0,0.0,0.0
602,0.0,0.0,0.0,0.0,0.0,0.0,0.0,0.0,0.0,0.0,0.0,0.0,0.0,0.0,0.0,0.0,0.0,0.0,0.0,0.0,0.0,0.0,248.1800994873047,47.76411437988281,239.22039794921875,44.72978591918945,0.0,0.0,237.4140625,142.3360595703125,0.0,0.0,0.0,0.0
603,0.0,0.0,0.0,0.0,0.0,0.0,0.0,0.0,0.0,0.0,0.0,0.0,0.0,0.0,0.0,0.0,0.0,0.0,232.22341918945312,50.00970077514648,0.0,0.0,258.7685241699219,68.32524108886719,214.3227081298828,69.07672119140625,256.1337585449219,150.88735961914062,0.0,0.0,0.0,0.0,0.0,0.0
604,0.0,0.0,0.0,0.0,0.0,0.0,0.0,0.0,0.0,0.0,0.0,0.0,0.0,0.0,0.0,0.0,0.0,0.0,0.0,0.0,0.0,0.0,260.9134521484375,62.68349075317383,211.300048828125,62.2668342590332,260.9969482421875,154.5933837890625,0.0,0.0,0.0,0.0,0.0,0.0
605,0.0,0.0,0.0,0.0,0.0,0.0,0.0,0.0,0.0,0.0,0.0,0.0,0.0,0.0,292.5699157714844,41.9384651184082,0.0,0.0,231.6055145263672,48.6573600769043,0.0,0.0,246.4654541015625,93.42317962646484,201.4537811279297,93.6380386352539,0.0,0.0,0.0,0.0,0.0,0.0,0.0,0.0
606,0.0,0.0,0.0,0.0,0.0,0.0,0.0,0.0,0.0,0.0,0.0,0.0,0.0,0.0,0.0,0.0,0.0,0.0,0.0,0.0,0.0,0.0,257.853515625,48.84344100952149,219.8411407470703,47.99800109863281,0.0,0.0,215.52719116210935,142.62844848632812,0.0,0.0,0.0,0.0
607,0.0,0.0,0.0,0.0,0.0,0.0,0.0,0.0,0.0,0.0,0.0,0.0,0.0,0.0,0.0,0.0,0.0,0.0,0.0,0.0,0.0,0.0,245.63937377929688,102.75750732421876,215.35118103027344,101.254638671875,0.0,0.0,0.0,0.0,0.0,0.0,0.0,0.0
608,0.0,0.0,0.0,0.0,0.0,0.0,0.0,0.0,0.0,0.0,0.0,0.0,0.0,0.0,299.0156555175781,39.88591766357422,189.79010009765625,65.62700653076172,243.3270721435547,45.93275833129883,190.2417755126953,80.89761352539062,259.7813720703125,106.6362533569336,212.7371368408203,109.05358123779295,0.0,0.0,0.0,0.0,0.0,0.0,0.0,0.0
609,0.0,0.0,0.0,0.0,0.0,0.0,0.0,0.0,0.0,0.0,0.0,0.0,0.0,0.0,303.8451843261719,41.56630706787109,190.80653381347656,63.70718383789063,246.4185943603516,43.24156188964844,190.34027099609372,83.26470947265625,257.49334716796875,111.0049285888672,205.4586944580078,112.3401870727539,0.0,0.0,0.0,0.0,0.0,0.0,0.0,0.0
610,0.0,0.0,0.0,0.0,0.0,0.0,0.0,0.0,0.0,0.0,0.0,0.0,0.0,0.0,306.53228759765625,38.122596740722656,188.67727661132807,75.37527465820312,253.4511566162109,42.2180290222168,199.30274963378903,78.44693756103516,262.62890625,128.0328369140625,211.63644409179688,132.69473266601562,0.0,0.0,0.0,0.0,0.0,0.0,0.0,0.0
611,0.0,0.0,0.0,0.0,0.0,0.0,0.0,0.0,0.0,0.0,0.0,0.0,0.0,0.0,308.79547119140625,41.16230010986328,184.19683837890625,58.45346832275391,257.2281494140625,37.8212776184082,191.98287963867188,69.7315673828125,263.9419250488281,110.21111297607422,208.55882263183597,111.70372772216795,0.0,0.0,0.0,0.0,0.0,0.0,0.0,0.0
612,0.0,0.0,0.0,0.0,0.0,0.0,0.0,0.0,0.0,0.0,0.0,0.0,0.0,0.0,309.5025329589844,47.637672424316406,181.4283142089844,63.102447509765625,262.53692626953125,35.667572021484375,195.17816162109372,63.31159973144531,270.8514709472656,116.36193084716795,217.3693084716797,117.5119857788086,0.0,0.0,0.0,0.0,0.0,0.0,0.0,0.0
613,0.0,0.0,0.0,0.0,0.0,0.0,0.0,0.0,0.0,0.0,0.0,0.0,0.0,0.0,314.7235717773437,48.52681350708008,179.17367553710938,60.91881561279297,265.4727478027344,33.03450012207031,204.4927978515625,61.77022171020508,276.8519897460937,112.42056274414062,219.173095703125,112.6246337890625,0.0,0.0,0.0,0.0,0.0,0.0,0.0,0.0
614,0.0,0.0,0.0,0.0,0.0,0.0,0.0,0.0,0.0,0.0,0.0,0.0,0.0,0.0,307.3619384765625,38.15477752685547,183.8666076660156,59.24678802490234,269.47906494140625,26.7727165222168,201.791015625,70.33123779296875,274.3441772460937,112.82312774658205,218.5275421142578,114.46131896972656,0.0,0.0,0.0,0.0,0.0,0.0,0.0,0.0
615,0.0,0.0,0.0,0.0,0.0,0.0,0.0,0.0,0.0,0.0,0.0,0.0,0.0,0.0,319.316162109375,40.77253341674805,183.0176239013672,62.60816955566406,276.5302734375,23.39318084716797,203.363525390625,64.26739501953125,279.7968139648437,124.67310333251952,218.99484252929688,126.39928436279295,0.0,0.0,0.0,0.0,0.0,0.0,0.0,0.0
616,0.0,0.0,0.0,0.0,0.0,0.0,0.0,0.0,0.0,0.0,0.0,0.0,0.0,0.0,320.0,43.83577728271485,186.23822021484372,63.34233093261719,286.4135131835937,21.567115783691406,213.1709899902344,63.68035507202149,281.9457092285156,122.93946838378906,225.50413513183597,124.8850555419922,0.0,0.0,0.0,0.0,0.0,0.0,0.0,0.0
617,0.0,0.0,0.0,0.0,0.0,0.0,0.0,0.0,0.0,0.0,0.0,0.0,0.0,0.0,320.0,43.3853759765625,191.5486602783203,63.13529968261719,296.6410827636719,21.49916076660156,217.69525146484372,60.797950744628906,287.3990783691406,127.96597290039062,227.6844787597656,130.76234436035156,0.0,0.0,0.0,0.0,0.0,0.0,0.0,0.0
618,0.0,0.0,0.0,0.0,0.0,0.0,0.0,0.0,0.0,0.0,0.0,0.0,0.0,0.0,0.0,0.0,190.93325805664065,59.85048675537109,0.0,0.0,223.2111968994141,57.40403747558594,285.243408203125,123.32078552246094,227.53744506835935,125.31259155273438,0.0,0.0,0.0,0.0,0.0,0.0,0.0,0.0
619,0.0,0.0,0.0,0.0,0.0,0.0,0.0,0.0,0.0,0.0,0.0,0.0,0.0,0.0,0.0,0.0,196.06231689453125,55.48086166381836,308.6627502441406,27.9921875,241.179443359375,57.97818374633789,288.0673828125,127.36085510253906,231.90802001953125,128.07479858398438,0.0,0.0,0.0,0.0,0.0,0.0,0.0,0.0
620,0.0,0.0,0.0,0.0,0.0,0.0,0.0,0.0,0.0,0.0,0.0,0.0,0.0,0.0,0.0,0.0,195.7714691162109,52.11883163452149,0.0,0.0,240.61737060546875,58.21732711791992,297.792724609375,114.84282684326172,240.0732879638672,121.19792175292967,0.0,0.0,0.0,0.0,0.0,0.0,0.0,0.0
621,0.0,0.0,0.0,0.0,0.0,0.0,0.0,0.0,0.0,0.0,0.0,0.0,0.0,0.0,0.0,0.0,197.6094207763672,55.84480667114258,0.0,0.0,253.42611694335935,56.74435043334961,300.3940734863281,119.33770751953124,239.55751037597656,123.66307830810548,0.0,0.0,0.0,0.0,0.0,0.0,0.0,0.0
622,0.0,0.0,0.0,0.0,0.0,0.0,0.0,0.0,0.0,0.0,0.0,0.0,0.0,0.0,0.0,0.0,202.4103240966797,50.74437713623047,0.0,0.0,238.88934326171875,59.51431274414063,0.0,0.0,252.444580078125,107.6667251586914,0.0,0.0,0.0,0.0,0.0,0.0,0.0,0.0
623,0.0,0.0,0.0,0.0,0.0,0.0,0.0,0.0,0.0,0.0,0.0,0.0,224.66162109375,6.5906829833984375,0.0,0.0,192.9564514160156,53.89019012451172,0.0,0.0,232.95762634277344,65.9935302734375,300.0976867675781,134.6427764892578,235.2580108642578,132.9060516357422,0.0,0.0,0.0,0.0,0.0,0.0,0.0,0.0
624,0.0,0.0,0.0,0.0,0.0,0.0,0.0,0.0,0.0,0.0,0.0,0.0,0.0,0.0,0.0,0.0,197.95480346679688,59.953712463378906,0.0,0.0,234.5618896484375,69.65355682373047,306.45684814453125,111.6004409790039,253.4637756347656,115.84741973876952,0.0,0.0,0.0,0.0,0.0,0.0,0.0,0.0
625,0.0,0.0,0.0,0.0,0.0,0.0,0.0,0.0,0.0,0.0,0.0,0.0,0.0,0.0,0.0,0.0,198.97732543945312,51.45130157470703,0.0,0.0,219.6357269287109,71.90861511230469,305.5663146972656,93.58855438232422,242.4027099609375,98.98892211914062,0.0,0.0,0.0,0.0,0.0,0.0,0.0,0.0
626,0.0,0.0,0.0,0.0,0.0,0.0,0.0,0.0,0.0,0.0,0.0,0.0,0.0,0.0,0.0,0.0,203.21759033203125,26.72753143310547,0.0,0.0,213.74185180664065,72.18525695800781,0.0,0.0,246.00685119628903,91.75462341308594,0.0,0.0,0.0,0.0,0.0,0.0,0.0,0.0
627,0.0,0.0,0.0,0.0,0.0,0.0,0.0,0.0,0.0,0.0,0.0,0.0,0.0,0.0,0.0,0.0,205.0316467285156,18.983867645263672,0.0,0.0,206.92965698242188,71.32474517822266,302.29742431640625,83.2782974243164,239.48489379882807,84.40930938720703,0.0,0.0,0.0,0.0,0.0,0.0,0.0,0.0
628,0.0,0.0,0.0,0.0,0.0,0.0,0.0,0.0,0.0,0.0,0.0,0.0,0.0,0.0,0.0,0.0,205.7266540527344,21.3689079284668,0.0,0.0,209.72610473632807,71.39262390136719,298.8675537109375,75.81019592285156,237.22555541992188,75.88117980957031,0.0,0.0,0.0,0.0,0.0,0.0,0.0,0.0
629,0.0,0.0,0.0,0.0,0.0,0.0,0.0,0.0,0.0,0.0,0.0,0.0,0.0,0.0,208.46072387695312,22.52041244506836,0.0,0.0,0.0,0.0,0.0,0.0,235.8033599853516,58.15816879272461,293.3666381835937,57.8939208984375,236.11740112304688,152.57730102539062,0.0,0.0,0.0,0.0,0.0,0.0
630,0.0,0.0,0.0,0.0,0.0,0.0,0.0,0.0,0.0,0.0,0.0,0.0,0.0,0.0,0.0,0.0,0.0,0.0,0.0,0.0,0.0,0.0,246.44580078125,81.556884765625,289.78155517578125,81.12413787841797,0.0,0.0,0.0,0.0,0.0,0.0,0.0,0.0
631,0.0,0.0,0.0,0.0,0.0,0.0,0.0,0.0,0.0,0.0,0.0,0.0,0.0,0.0,0.0,0.0,0.0,0.0,0.0,0.0,0.0,0.0,254.92086791992188,86.81486511230469,267.9228820800781,86.30277252197266,0.0,0.0,0.0,0.0,0.0,0.0,0.0,0.0
632,0.0,0.0,0.0,0.0,0.0,0.0,0.0,0.0,0.0,0.0,0.0,0.0,0.0,0.0,0.0,0.0,0.0,0.0,0.0,0.0,0.0,0.0,256.9226989746094,64.76222229003906,272.38214111328125,64.58261108398438,0.0,0.0,0.0,0.0,0.0,0.0,0.0,0.0
633,0.0,0.0,0.0,0.0,0.0,0.0,0.0,0.0,0.0,0.0,0.0,0.0,0.0,0.0,0.0,0.0,0.0,0.0,0.0,0.0,0.0,0.0,265.61444091796875,66.66512298583984,258.5944519042969,66.99507141113281,0.0,0.0,0.0,0.0,0.0,0.0,0.0,0.0
634,0.0,0.0,0.0,0.0,0.0,0.0,0.0,0.0,0.0,0.0,0.0,0.0,0.0,0.0,218.16879272460935,36.51267623901367,0.0,0.0,0.0,0.0,0.0,0.0,255.8142852783203,77.75365447998047,275.1048889160156,77.81907653808594,0.0,0.0,0.0,0.0,0.0,0.0,0.0,0.0
635,0.0,0.0,0.0,0.0,0.0,0.0,0.0,0.0,0.0,0.0,0.0,0.0,0.0,0.0,218.65707397460935,44.32276916503906,0.0,0.0,208.55960083007807,87.994140625,0.0,0.0,255.9049530029297,78.24311828613281,280.6827392578125,77.91743469238281,0.0,0.0,0.0,0.0,0.0,0.0,0.0,0.0
636,0.0,0.0,0.0,0.0,0.0,0.0,0.0,0.0,0.0,0.0,0.0,0.0,0.0,0.0,219.31988525390625,45.79811096191406,0.0,0.0,0.0,0.0,0.0,0.0,248.72628784179688,71.95016479492188,289.81915283203125,70.3468246459961,234.92117309570312,165.1523895263672,0.0,0.0,0.0,0.0,0.0,0.0
637,0.0,0.0,0.0,0.0,0.0,0.0,0.0,0.0,0.0,0.0,0.0,0.0,0.0,0.0,219.7231903076172,48.55027770996094,0.0,0.0,0.0,0.0,0.0,0.0,247.294921875,92.91810607910156,294.0397644042969,90.88790893554688,0.0,0.0,0.0,0.0,0.0,0.0,0.0,0.0
638,0.0,0.0,0.0,0.0,0.0,0.0,0.0,0.0,0.0,0.0,0.0,0.0,0.0,0.0,219.79946899414065,51.34933853149414,0.0,0.0,0.0,0.0,0.0,0.0,249.65782165527344,91.07733917236328,291.8548278808594,89.17349243164062,0.0,0.0,0.0,0.0,0.0,0.0,0.0,0.0
639,0.0,0.0,0.0,0.0,0.0,0.0,0.0,0.0,0.0,0.0,0.0,0.0,0.0,0.0,219.9877166748047,48.12721252441406,0.0,0.0,0.0,0.0,0.0,0.0,251.08474731445312,86.01360321044922,290.6704406738281,84.86622619628906,0.0,0.0,0.0,0.0,0.0,0.0,0.0,0.0
640,0.0,0.0,0.0,0.0,0.0,0.0,0.0,0.0,0.0,0.0,0.0,0.0,0.0,0.0,219.63522338867188,51.613311767578125,0.0,0.0,0.0,0.0,0.0,0.0,250.75021362304688,91.98475646972656,290.4275207519531,90.28404235839844,0.0,0.0,0.0,0.0,0.0,0.0,0.0,0.0
641,0.0,0.0,0.0,0.0,0.0,0.0,0.0,0.0,0.0,0.0,0.0,0.0,0.0,0.0,220.10186767578125,50.31317138671875,0.0,0.0,0.0,0.0,0.0,0.0,253.94903564453125,87.29173278808594,284.4873046875,85.89007568359375,0.0,0.0,0.0,0.0,0.0,0.0,0.0,0.0
642,0.0,0.0,0.0,0.0,0.0,0.0,0.0,0.0,0.0,0.0,0.0,0.0,0.0,0.0,219.6118011474609,58.9214096069336,0.0,0.0,0.0,0.0,0.0,0.0,256.73114013671875,109.45671081542967,289.3218078613281,106.90770721435548,0.0,0.0,0.0,0.0,0.0,0.0,0.0,0.0
643,0.0,0.0,0.0,0.0,0.0,0.0,0.0,0.0,0.0,0.0,0.0,0.0,0.0,0.0,0.0,0.0,0.0,0.0,0.0,0.0,0.0,0.0,260.0111083984375,89.4098129272461,276.1847839355469,87.39386749267578,0.0,0.0,0.0,0.0,0.0,0.0,0.0,0.0
644,0.0,0.0,0.0,0.0,0.0,0.0,0.0,0.0,0.0,0.0,0.0,0.0,0.0,0.0,0.0,0.0,0.0,0.0,0.0,0.0,0.0,0.0,256.5376281738281,84.5029296875,282.9563903808594,82.46121978759766,0.0,0.0,0.0,0.0,0.0,0.0,0.0,0.0
645,0.0,0.0,0.0,0.0,0.0,0.0,0.0,0.0,0.0,0.0,0.0,0.0,0.0,0.0,0.0,0.0,0.0,0.0,0.0,0.0,0.0,0.0,0.0,0.0,0.0,0.0,0.0,0.0,0.0,0.0,0.0,0.0,0.0,0.0
646,0.0,0.0,0.0,0.0,0.0,0.0,0.0,0.0,0.0,0.0,0.0,0.0,0.0,0.0,0.0,0.0,0.0,0.0,0.0,0.0,0.0,0.0,0.0,0.0,0.0,0.0,0.0,0.0,0.0,0.0,0.0,0.0,0.0,0.0
647,0.0,0.0,0.0,0.0,0.0,0.0,0.0,0.0,0.0,0.0,0.0,0.0,0.0,0.0,0.0,0.0,0.0,0.0,0.0,0.0,0.0,0.0,270.94500732421875,89.22098541259766,261.1645202636719,89.69700622558594,0.0,0.0,0.0,0.0,0.0,0.0,0.0,0.0
648,0.0,0.0,0.0,0.0,0.0,0.0,0.0,0.0,0.0,0.0,0.0,0.0,0.0,0.0,0.0,0.0,227.6870574951172,42.54328918457031,0.0,0.0,220.86480712890625,100.5130615234375,289.0533752441406,85.33271789550781,241.4670867919922,85.9613037109375,0.0,0.0,0.0,0.0,0.0,0.0,0.0,0.0
649,0.0,0.0,0.0,0.0,0.0,0.0,0.0,0.0,0.0,0.0,0.0,0.0,0.0,0.0,0.0,0.0,0.0,0.0,0.0,0.0,0.0,0.0,253.90724182128903,75.69422912597656,250.029296875,76.30107116699219,0.0,0.0,0.0,0.0,0.0,0.0,0.0,0.0
650,243.3262176513672,54.0499267578125,257.00128173828125,43.85211181640625,235.91737365722656,41.78927230834961,284.7353515625,38.92029571533203,0.0,0.0,0.0,0.0,241.6563415527344,58.28183364868164,0.0,0.0,227.18338012695312,94.26107788085938,0.0,0.0,225.514892578125,102.64275360107422,0.0,0.0,0.0,0.0,0.0,0.0,0.0,0.0,0.0,0.0,0.0,0.0
651,0.0,0.0,0.0,0.0,0.0,0.0,0.0,0.0,0.0,0.0,0.0,0.0,0.0,0.0,0.0,0.0,231.5865478515625,55.5648078918457,0.0,0.0,226.15757751464844,102.94862365722656,294.29736328125,103.58847045898438,243.8402557373047,105.12774658203124,0.0,0.0,0.0,0.0,0.0,0.0,0.0,0.0
652,0.0,0.0,0.0,0.0,0.0,0.0,0.0,0.0,0.0,0.0,0.0,0.0,0.0,0.0,0.0,0.0,234.1592254638672,58.32770538330078,293.8061828613281,65.12225341796875,227.31727600097656,101.46592712402344,295.8623962402344,113.2675323486328,247.5777282714844,114.47988891601562,0.0,0.0,0.0,0.0,0.0,0.0,0.0,0.0
653,236.82357788085935,41.31499481201172,0.0,0.0,0.0,0.0,0.0,0.0,0.0,0.0,0.0,0.0,242.81820678710935,48.07793426513672,0.0,0.0,240.2175445556641,87.88948059082031,284.2900085449219,73.33238983154297,229.1739501953125,106.73596954345705,0.0,0.0,0.0,0.0,0.0,0.0,0.0,0.0,0.0,0.0,0.0,0.0
654,172.42970275878906,92.60746002197266,173.89578247070312,90.42404174804688,169.08798217773438,90.26862335205078,0.0,0.0,162.34918212890625,90.6435089111328,178.98080444335938,99.56836700439452,157.4892120361328,100.99724578857422,187.9965057373047,111.7861785888672,152.37869262695312,114.0330810546875,181.919189453125,114.7678451538086,163.26034545898438,114.33242797851562,189.59841918945312,119.05876922607422,176.48719787597656,122.2341766357422,206.6652984619141,112.0630340576172,194.4966583251953,115.77210998535156,0.0,0.0,0.0,0.0
655,0.0,0.0,0.0,0.0,0.0,0.0,0.0,0.0,0.0,0.0,0.0,0.0,0.0,0.0,0.0,0.0,0.0,0.0,0.0,0.0,0.0,0.0,0.0,0.0,0.0,0.0,0.0,0.0,0.0,0.0,0.0,0.0,0.0,0.0
656,0.0,0.0,0.0,0.0,0.0,0.0,0.0,0.0,0.0,0.0,0.0,0.0,0.0,0.0,0.0,0.0,0.0,0.0,0.0,0.0,0.0,0.0,0.0,0.0,0.0,0.0,0.0,0.0,0.0,0.0,0.0,0.0,0.0,0.0
657,0.0,0.0,0.0,0.0,0.0,0.0,0.0,0.0,0.0,0.0,0.0,0.0,0.0,0.0,0.0,0.0,0.0,0.0,0.0,0.0,0.0,0.0,0.0,0.0,0.0,0.0,0.0,0.0,0.0,0.0,0.0,0.0,0.0,0.0
658,0.0,0.0,0.0,0.0,0.0,0.0,0.0,0.0,0.0,0.0,0.0,0.0,0.0,0.0,0.0,0.0,0.0,0.0,0.0,0.0,0.0,0.0,0.0,0.0,0.0,0.0,0.0,0.0,0.0,0.0,0.0,0.0,0.0,0.0
659,0.0,0.0,0.0,0.0,0.0,0.0,0.0,0.0,0.0,0.0,0.0,0.0,0.0,0.0,0.0,0.0,0.0,0.0,0.0,0.0,0.0,0.0,0.0,0.0,0.0,0.0,0.0,0.0,0.0,0.0,0.0,0.0,0.0,0.0
660,176.9453582763672,87.33426666259766,179.25265502929688,85.86515808105469,174.3296356201172,84.989013671875,0.0,0.0,168.71298217773438,86.45883178710938,183.4702911376953,97.5096206665039,162.33038330078125,96.92481994628906,193.00662231445312,105.8222885131836,151.0610809326172,108.3944091796875,189.9683380126953,100.18953704833984,158.3489227294922,112.372314453125,185.3152618408203,118.34449768066406,172.61495971679688,119.6184310913086,197.07025146484372,101.64825439453124,184.88937377929688,101.90042877197266,207.7611083984375,119.49341583251952,197.3028564453125,120.59059143066406
661,177.6190185546875,87.60121154785156,180.03651428222656,86.06339263916016,174.6997528076172,85.10020446777344,183.3287048339844,88.20635986328125,169.7121124267578,86.24818420410156,187.9132232666016,99.30848693847656,163.30276489257812,98.06771087646484,204.35806274414065,110.26570892333984,152.31103515625,110.94685363769533,190.3568420410156,98.77995300292967,170.29481506347656,106.65684509277344,192.87176513671875,120.32090759277344,178.7640380859375,121.876953125,207.11932373046875,113.02945709228516,199.71340942382807,114.04717254638672,0.0,0.0,0.0,0.0
662,177.52394104003906,87.9007339477539,180.5131072998047,86.7093505859375,175.17068481445312,85.13919830322266,183.708251953125,89.32566833496094,170.39193725585938,85.88592529296875,186.66233825683597,99.54588317871094,163.0344696044922,96.51419830322266,200.64378356933597,108.27327728271484,151.20620727539062,107.36539459228516,189.98146057128903,100.48806762695312,159.51634216308594,113.01820373535156,187.6902313232422,121.9453125,173.68545532226562,122.27912902832033,0.0,0.0,190.66146850585935,110.44398498535156,0.0,0.0,0.0,0.0
663,177.48785400390625,88.04296875,180.405517578125,86.33164978027344,175.36581420898438,85.4919662475586,183.9444274902344,88.12069702148438,171.37852478027344,86.06798553466797,187.82249450683597,96.52781677246094,165.60633850097656,96.54461669921876,200.29855346679688,108.82748413085938,159.86558532714844,111.04499816894533,191.8795166015625,98.1367416381836,176.81277465820312,98.9853973388672,190.92935180664065,118.42123413085938,177.2404022216797,119.68211364746094,200.05093383789065,106.07062530517578,189.69677734375,106.8833236694336,0.0,0.0,0.0,0.0
664,177.41860961914062,88.64944458007812,180.31661987304688,86.80278015136719,175.29051208496094,86.07406616210938,184.0795135498047,88.37804412841797,171.68801879882812,86.74842834472656,187.236572265625,96.3210220336914,167.8974609375,97.00939178466795,195.90402221679688,105.19471740722656,159.7506866455078,108.3049545288086,187.7142639160156,95.83731842041016,176.41392517089844,97.52838897705078,193.2408142089844,116.2524871826172,181.47964477539065,117.42658233642578,195.59754943847656,101.6602020263672,187.4037322998047,101.92472839355467,202.1854705810547,121.40754699707033,195.44613647460935,120.8626708984375
665,178.4735565185547,89.31124877929688,181.689453125,87.55743408203125,176.5631866455078,86.62454986572266,185.979248046875,89.20508575439453,173.2357635498047,86.85899353027344,188.44009399414065,97.04420471191406,168.47108459472656,96.8511962890625,195.31179809570312,105.93777465820312,156.75830078125,108.15489196777344,191.9502410888672,95.34170532226562,177.05142211914062,95.42692565917967,197.0960693359375,118.84211730957033,184.7157440185547,120.2393035888672,0.0,0.0,195.3292388916016,105.0396499633789,0.0,0.0,0.0,0.0
666,178.47239685058594,89.34239196777344,181.68463134765625,87.54971313476562,176.57785034179688,86.64045715332031,185.93186950683597,89.16598510742188,173.2632293701172,86.86135864257812,188.20599365234372,96.95883178710938,168.49862670898438,96.8465576171875,194.5543670654297,105.68001556396484,156.77294921875,108.0945281982422,191.45985412597656,95.14543914794922,176.75930786132812,95.4715347290039,196.6054229736328,118.35115814208984,184.3916015625,119.75114440917967,0.0,0.0,194.6949157714844,104.26856231689452,0.0,0.0,0.0,0.0
667,0.0,0.0,0.0,0.0,0.0,0.0,0.0,0.0,0.0,0.0,0.0,0.0,0.0,0.0,0.0,0.0,0.0,0.0,0.0,0.0,0.0,0.0,0.0,0.0,0.0,0.0,0.0,0.0,0.0,0.0,0.0,0.0,0.0,0.0
668,180.51495361328125,91.06834411621094,183.5917205810547,89.45636749267578,178.41346740722656,88.49237823486328,188.24026489257807,90.92215728759766,175.08096313476562,88.40013885498047,188.7421875,102.02722930908205,170.24609375,99.37572479248048,0.0,0.0,148.31639099121094,106.54238891601562,198.25210571289065,105.74462127685548,166.58001708984375,103.18318939208984,195.4853973388672,124.15313720703124,184.9769592285156,124.91790771484376,0.0,0.0,203.75711059570312,113.05935668945312,0.0,0.0,0.0,0.0
669,180.76397705078125,92.49234008789062,184.23193359375,90.98463439941406,179.0247802734375,89.39266204833984,187.721923828125,93.027099609375,174.63699340820312,89.18952941894531,188.4873046875,104.19446563720705,165.23907470703125,97.18142700195312,190.12733459472656,116.12259674072266,147.69764709472656,106.37671661376952,183.2325897216797,104.64041137695312,160.51866149902344,109.63215637207033,0.0,0.0,164.2129364013672,126.66930389404295,0.0,0.0,0.0,0.0,0.0,0.0,0.0,0.0
670,0.0,0.0,0.0,0.0,0.0,0.0,0.0,0.0,0.0,0.0,282.54736328125,19.27280616760254,249.6533660888672,14.152127265930176,265.50799560546875,64.6339111328125,234.67279052734372,53.50170135498047,0.0,0.0,230.89596557617188,64.02762603759766,280.4505615234375,88.23860168457031,256.65576171875,84.01331329345703,0.0,0.0,0.0,0.0,0.0,0.0,0.0,0.0
671,0.0,0.0,0.0,0.0,0.0,0.0,0.0,0.0,0.0,0.0,0.0,0.0,249.7775421142578,14.370736122131348,278.0426025390625,22.725629806518555,238.47268676757807,43.92584991455078,266.1584167480469,0.0,230.98165893554688,59.87128829956055,278.3219909667969,72.68931579589844,259.3149719238281,72.05781555175781,0.0,0.0,0.0,0.0,0.0,0.0,0.0,0.0
672,178.02073669433594,95.31626892089844,181.12998962402344,93.75444793701172,176.4339599609375,92.34992980957033,184.56655883789065,94.7774658203125,172.47952270507812,91.40637969970705,187.20050048828125,105.5471649169922,164.36642456054688,98.0443878173828,191.77415466308597,120.66412353515624,150.75979614257812,106.77761840820312,183.3563232421875,114.2164306640625,150.12832641601562,109.1182098388672,176.55929565429688,128.99676513671875,160.5194549560547,125.16703033447266,0.0,0.0,0.0,0.0,0.0,0.0,0.0,0.0
673,0.0,0.0,0.0,0.0,0.0,0.0,0.0,0.0,0.0,0.0,0.0,0.0,244.75071716308597,12.791277885437012,0.0,0.0,238.71826171875,44.93550491333008,0.0,0.0,234.1865692138672,62.85043716430664,280.071533203125,70.90650177001953,257.85400390625,71.35626220703125,0.0,0.0,0.0,0.0,0.0,0.0,0.0,0.0
674,174.46397399902344,96.697021484375,177.4690704345703,94.8968276977539,172.91502380371094,93.8400421142578,181.66444396972656,95.18448638916016,169.7102813720703,92.64002227783205,186.43836975097656,104.7567367553711,162.4768829345703,99.65731811523438,197.04244995117188,119.279296875,149.900390625,109.46485137939452,188.3611602783203,119.08869934082033,151.46531677246094,109.8967056274414,176.15255737304688,128.91554260253906,159.77835083007812,125.95619201660156,0.0,0.0,0.0,0.0,0.0,0.0,0.0,0.0
675,173.86911010742188,97.05653381347656,176.73104858398438,95.30740356445312,172.29595947265625,94.3353042602539,180.4950256347656,95.6005630493164,169.09642028808594,93.10552978515624,183.2133636474609,105.04116821289062,162.38424682617188,99.54776763916016,187.9073944091797,118.70589447021484,151.3158721923828,107.43578338623048,182.63714599609372,116.95689392089844,151.47476196289062,109.32556915283205,174.6517791748047,126.22608947753906,160.43101501464844,123.50669860839844,0.0,0.0,0.0,0.0,0.0,0.0,0.0,0.0
676,172.18653869628906,97.41395568847656,175.17286682128906,95.6346435546875,170.6147918701172,94.55941772460938,179.07334899902344,96.01238250732422,167.3792724609375,93.30811309814452,182.82708740234372,104.97166442871094,159.74281311035156,100.35789489746094,189.8166656494141,118.79473876953124,149.91761779785156,109.62129974365234,183.43975830078125,117.984130859375,149.98670959472656,110.63233947753906,175.4409942626953,128.41831970214844,159.52801513671875,126.24790954589844,0.0,0.0,0.0,0.0,0.0,0.0,0.0,0.0
677,0.0,0.0,0.0,0.0,0.0,0.0,0.0,0.0,0.0,0.0,0.0,0.0,0.0,0.0,0.0,0.0,0.0,0.0,0.0,0.0,0.0,0.0,284.60107421875,50.27656936645508,266.5964050292969,52.91576766967773,0.0,0.0,0.0,0.0,0.0,0.0,0.0,0.0
678,0.0,0.0,0.0,0.0,0.0,0.0,0.0,0.0,0.0,0.0,0.0,0.0,256.2230529785156,10.078140258789062,0.0,0.0,244.08529663085935,51.990570068359375,0.0,0.0,0.0,0.0,285.0556335449219,80.61270141601562,265.5559997558594,79.93266296386719,0.0,0.0,0.0,0.0,0.0,0.0,0.0,0.0
679,0.0,0.0,0.0,0.0,0.0,0.0,0.0,0.0,0.0,0.0,0.0,0.0,253.37120056152344,10.68212890625,0.0,0.0,242.00299072265625,61.83098602294922,0.0,0.0,0.0,0.0,286.2274475097656,86.589599609375,264.11639404296875,86.55180358886719,0.0,0.0,0.0,0.0,0.0,0.0,0.0,0.0
680,0.0,0.0,0.0,0.0,0.0,0.0,0.0,0.0,0.0,0.0,0.0,0.0,260.2815246582031,9.867374420166016,0.0,0.0,243.75070190429688,81.60389709472656,0.0,0.0,0.0,0.0,0.0,0.0,0.0,0.0,0.0,0.0,0.0,0.0,0.0,0.0,0.0,0.0
681,0.0,0.0,0.0,0.0,0.0,0.0,0.0,0.0,0.0,0.0,0.0,0.0,0.0,0.0,0.0,0.0,242.24952697753903,85.14836120605469,0.0,0.0,0.0,0.0,0.0,0.0,0.0,0.0,0.0,0.0,0.0,0.0,0.0,0.0,0.0,0.0
682,0.0,0.0,0.0,0.0,0.0,0.0,0.0,0.0,0.0,0.0,0.0,0.0,0.0,0.0,0.0,0.0,0.0,0.0,0.0,0.0,0.0,0.0,0.0,0.0,0.0,0.0,0.0,0.0,0.0,0.0,0.0,0.0,0.0,0.0
683,0.0,0.0,0.0,0.0,0.0,0.0,0.0,0.0,0.0,0.0,0.0,0.0,0.0,0.0,0.0,0.0,0.0,0.0,0.0,0.0,0.0,0.0,0.0,0.0,0.0,0.0,0.0,0.0,0.0,0.0,0.0,0.0,0.0,0.0
684,0.0,0.0,0.0,0.0,0.0,0.0,0.0,0.0,0.0,0.0,0.0,0.0,0.0,0.0,0.0,0.0,0.0,0.0,0.0,0.0,0.0,0.0,0.0,0.0,0.0,0.0,0.0,0.0,0.0,0.0,0.0,0.0,0.0,0.0
685,0.0,0.0,0.0,0.0,0.0,0.0,0.0,0.0,0.0,0.0,0.0,0.0,0.0,0.0,0.0,0.0,0.0,0.0,0.0,0.0,0.0,0.0,0.0,0.0,0.0,0.0,0.0,0.0,0.0,0.0,0.0,0.0,0.0,0.0
686,0.0,0.0,0.0,0.0,0.0,0.0,0.0,0.0,0.0,0.0,0.0,0.0,0.0,0.0,0.0,0.0,0.0,0.0,0.0,0.0,0.0,0.0,0.0,0.0,0.0,0.0,0.0,0.0,0.0,0.0,0.0,0.0,0.0,0.0
687,0.0,0.0,0.0,0.0,0.0,0.0,0.0,0.0,0.0,0.0,0.0,0.0,0.0,0.0,0.0,0.0,0.0,0.0,0.0,0.0,0.0,0.0,0.0,0.0,0.0,0.0,0.0,0.0,0.0,0.0,0.0,0.0,0.0,0.0
688,0.0,0.0,0.0,0.0,0.0,0.0,0.0,0.0,0.0,0.0,0.0,0.0,251.44827270507807,12.996299743652344,0.0,0.0,231.7920837402344,81.39678955078125,0.0,0.0,191.46751403808597,107.47052001953124,0.0,0.0,0.0,0.0,0.0,0.0,0.0,0.0,0.0,0.0,0.0,0.0
689,0.0,0.0,0.0,0.0,0.0,0.0,0.0,0.0,0.0,0.0,0.0,0.0,0.0,0.0,0.0,0.0,228.90213012695312,67.33151245117188,0.0,0.0,212.3223571777344,90.35633850097656,0.0,0.0,256.4754943847656,135.86318969726562,0.0,0.0,0.0,0.0,0.0,0.0,0.0,0.0
690,0.0,0.0,0.0,0.0,0.0,0.0,0.0,0.0,0.0,0.0,0.0,0.0,231.99957275390625,8.936569213867188,0.0,0.0,223.63406372070312,67.38318634033203,0.0,0.0,207.2333068847656,91.82717895507812,0.0,0.0,255.24229431152344,136.54681396484375,0.0,0.0,0.0,0.0,0.0,0.0,0.0,0.0
691,0.0,0.0,0.0,0.0,0.0,0.0,0.0,0.0,0.0,0.0,0.0,0.0,0.0,0.0,0.0,0.0,221.5720367431641,55.81321716308594,0.0,0.0,203.05923461914065,93.42611694335938,0.0,0.0,259.8929443359375,123.9704818725586,0.0,0.0,0.0,0.0,0.0,0.0,0.0,0.0
692,0.0,0.0,0.0,0.0,0.0,0.0,0.0,0.0,0.0,0.0,0.0,0.0,0.0,0.0,0.0,0.0,217.3998107910156,38.008750915527344,0.0,0.0,198.94618225097656,94.9084014892578,0.0,0.0,261.0507202148437,112.05841064453124,0.0,0.0,0.0,0.0,0.0,0.0,0.0,0.0
693,0.0,0.0,0.0,0.0,0.0,0.0,0.0,0.0,0.0,0.0,0.0,0.0,0.0,0.0,0.0,0.0,215.03895568847656,48.840728759765625,0.0,0.0,197.38352966308597,96.19924926757812,0.0,0.0,257.2756042480469,121.7912139892578,0.0,0.0,0.0,0.0,0.0,0.0,0.0,0.0
694,0.0,0.0,0.0,0.0,0.0,0.0,0.0,0.0,0.0,0.0,0.0,0.0,0.0,0.0,0.0,0.0,209.1235809326172,52.52873229980469,0.0,0.0,194.87747192382807,98.7612075805664,290.71533203125,126.13143920898438,243.9076995849609,124.91063690185548,0.0,0.0,0.0,0.0,0.0,0.0,0.0,0.0
695,0.0,0.0,0.0,0.0,0.0,0.0,0.0,0.0,0.0,0.0,0.0,0.0,0.0,0.0,0.0,0.0,206.9347076416016,58.61369323730469,0.0,0.0,193.2976837158203,102.23046875,265.2928466796875,129.96595764160156,257.2200622558594,133.71035766601562,0.0,0.0,0.0,0.0,0.0,0.0,0.0,0.0
696,0.0,0.0,0.0,0.0,0.0,0.0,0.0,0.0,0.0,0.0,0.0,0.0,0.0,0.0,0.0,0.0,205.07672119140625,58.83156204223633,0.0,0.0,192.64669799804688,103.18205261230467,264.4408264160156,126.14253997802734,251.7758636474609,130.38980102539062,0.0,0.0,0.0,0.0,0.0,0.0,0.0,0.0
