frame,joint1_x,joint1_y,joint2_x,joint2_y,joint3_x,joint3_y,joint4_x,joint4_y,joint5_x,joint5_y,joint6_x,joint6_y,joint7_x,joint7_y,joint8_x,joint8_y,joint9_x,joint9_y,joint10_x,joint10_y,joint11_x,joint11_y,joint12_x,joint12_y,joint13_x,joint13_y,joint14_x,joint14_y,joint15_x,joint15_y,joint16_x,joint16_y,joint17_x,joint17_y
0,0.0,0.0,0.0,0.0,0.0,0.0,0.0,0.0,0.0,0.0,0.0,0.0,0.0,0.0,0.0,0.0,0.0,0.0,0.0,0.0,0.0,0.0,0.0,0.0,0.0,0.0,0.0,0.0,0.0,0.0,0.0,0.0,0.0,0.0
1,0.0,0.0,0.0,0.0,0.0,0.0,0.0,0.0,0.0,0.0,0.0,0.0,0.0,0.0,0.0,0.0,0.0,0.0,0.0,0.0,0.0,0.0,0.0,0.0,0.0,0.0,0.0,0.0,0.0,0.0,0.0,0.0,0.0,0.0
2,0.0,0.0,0.0,0.0,0.0,0.0,0.0,0.0,0.0,0.0,0.0,0.0,0.0,0.0,0.0,0.0,0.0,0.0,0.0,0.0,0.0,0.0,0.0,0.0,0.0,0.0,0.0,0.0,0.0,0.0,0.0,0.0,0.0,0.0
3,0.0,0.0,0.0,0.0,0.0,0.0,0.0,0.0,0.0,0.0,0.0,0.0,0.0,0.0,0.0,0.0,0.0,0.0,0.0,0.0,0.0,0.0,0.0,0.0,0.0,0.0,0.0,0.0,0.0,0.0,0.0,0.0,0.0,0.0
4,0.0,0.0,0.0,0.0,0.0,0.0,0.0,0.0,0.0,0.0,0.0,0.0,0.0,0.0,0.0,0.0,0.0,0.0,0.0,0.0,0.0,0.0,0.0,0.0,0.0,0.0,0.0,0.0,0.0,0.0,0.0,0.0,0.0,0.0
5,0.0,0.0,0.0,0.0,0.0,0.0,0.0,0.0,0.0,0.0,0.0,0.0,0.0,0.0,0.0,0.0,0.0,0.0,0.0,0.0,0.0,0.0,0.0,0.0,0.0,0.0,0.0,0.0,0.0,0.0,0.0,0.0,0.0,0.0
6,0.0,0.0,0.0,0.0,0.0,0.0,0.0,0.0,0.0,0.0,0.0,0.0,0.0,0.0,0.0,0.0,0.0,0.0,0.0,0.0,0.0,0.0,0.0,0.0,0.0,0.0,0.0,0.0,0.0,0.0,0.0,0.0,0.0,0.0
7,0.0,0.0,0.0,0.0,0.0,0.0,0.0,0.0,0.0,0.0,317.6458435058594,113.53424835205078,0.0,0.0,311.0610046386719,137.55458068847656,0.0,0.0,305.0882873535156,155.42001342773438,0.0,0.0,0.0,0.0,0.0,0.0,0.0,0.0,0.0,0.0,0.0,0.0,0.0,0.0
8,0.0,0.0,0.0,0.0,0.0,0.0,0.0,0.0,0.0,0.0,0.0,0.0,0.0,0.0,0.0,0.0,0.0,0.0,0.0,0.0,0.0,0.0,0.0,0.0,0.0,0.0,0.0,0.0,0.0,0.0,0.0,0.0,0.0,0.0
9,0.0,0.0,0.0,0.0,0.0,0.0,0.0,0.0,0.0,0.0,0.0,0.0,317.7339172363281,112.45488739013672,0.0,0.0,310.7494812011719,134.5007781982422,0.0,0.0,303.8790588378906,153.6648406982422,0.0,0.0,0.0,0.0,0.0,0.0,0.0,0.0,0.0,0.0,0.0,0.0
10,0.0,0.0,0.0,0.0,0.0,0.0,0.0,0.0,0.0,0.0,0.0,0.0,0.0,0.0,0.0,0.0,311.2132568359375,136.88504028320312,0.0,0.0,305.0417785644531,153.8184814453125,0.0,0.0,0.0,0.0,0.0,0.0,0.0,0.0,0.0,0.0,0.0,0.0
11,0.0,0.0,0.0,0.0,0.0,0.0,0.0,0.0,0.0,0.0,0.0,0.0,0.0,0.0,0.0,0.0,312.4949035644531,134.2677459716797,0.0,0.0,308.0096130371094,148.8230438232422,0.0,0.0,312.85015869140625,158.27281188964844,0.0,0.0,0.0,0.0,0.0,0.0,0.0,0.0
12,0.0,0.0,0.0,0.0,0.0,0.0,0.0,0.0,0.0,0.0,0.0,0.0,0.0,0.0,0.0,0.0,311.69793701171875,133.9482421875,0.0,0.0,311.1835021972656,144.12533569335938,0.0,0.0,0.0,0.0,0.0,0.0,0.0,0.0,0.0,0.0,0.0,0.0
13,0.0,0.0,0.0,0.0,0.0,0.0,0.0,0.0,0.0,0.0,0.0,0.0,0.0,0.0,0.0,0.0,312.70135498046875,130.30792236328125,0.0,0.0,314.2818908691406,139.96847534179688,0.0,0.0,0.0,0.0,0.0,0.0,0.0,0.0,0.0,0.0,0.0,0.0
14,0.0,0.0,0.0,0.0,0.0,0.0,0.0,0.0,0.0,0.0,0.0,0.0,0.0,0.0,0.0,0.0,0.0,0.0,0.0,0.0,0.0,0.0,0.0,0.0,0.0,0.0,0.0,0.0,0.0,0.0,0.0,0.0,0.0,0.0
15,0.0,0.0,0.0,0.0,0.0,0.0,0.0,0.0,0.0,0.0,0.0,0.0,0.0,0.0,0.0,0.0,309.1199951171875,131.39849853515625,0.0,0.0,317.9537048339844,135.37350463867188,0.0,0.0,0.0,0.0,0.0,0.0,0.0,0.0,0.0,0.0,0.0,0.0
16,0.0,0.0,0.0,0.0,0.0,0.0,0.0,0.0,0.0,0.0,0.0,0.0,0.0,0.0,0.0,0.0,309.2373046875,131.24301147460938,0.0,0.0,317.88153076171875,135.38690185546875,0.0,0.0,0.0,0.0,0.0,0.0,0.0,0.0,0.0,0.0,0.0,0.0
17,0.0,0.0,0.0,0.0,0.0,0.0,0.0,0.0,0.0,0.0,0.0,0.0,0.0,0.0,0.0,0.0,309.73193359375,131.4219970703125,0.0,0.0,0.0,0.0,0.0,0.0,0.0,0.0,0.0,0.0,0.0,0.0,0.0,0.0,0.0,0.0
18,0.0,0.0,0.0,0.0,0.0,0.0,0.0,0.0,0.0,0.0,0.0,0.0,0.0,0.0,0.0,0.0,0.0,0.0,0.0,0.0,0.0,0.0,0.0,0.0,0.0,0.0,0.0,0.0,0.0,0.0,0.0,0.0,0.0,0.0
19,0.0,0.0,0.0,0.0,0.0,0.0,0.0,0.0,0.0,0.0,0.0,0.0,0.0,0.0,0.0,0.0,0.0,0.0,0.0,0.0,0.0,0.0,0.0,0.0,0.0,0.0,0.0,0.0,0.0,0.0,0.0,0.0,0.0,0.0
20,0.0,0.0,0.0,0.0,0.0,0.0,0.0,0.0,0.0,0.0,0.0,0.0,0.0,0.0,0.0,0.0,0.0,0.0,0.0,0.0,0.0,0.0,0.0,0.0,0.0,0.0,0.0,0.0,0.0,0.0,0.0,0.0,0.0,0.0
21,0.0,0.0,0.0,0.0,0.0,0.0,0.0,0.0,0.0,0.0,0.0,0.0,0.0,0.0,0.0,0.0,0.0,0.0,0.0,0.0,0.0,0.0,0.0,0.0,0.0,0.0,0.0,0.0,0.0,0.0,0.0,0.0,0.0,0.0
22,0.0,0.0,0.0,0.0,0.0,0.0,0.0,0.0,0.0,0.0,0.0,0.0,0.0,0.0,0.0,0.0,0.0,0.0,0.0,0.0,0.0,0.0,0.0,0.0,0.0,0.0,0.0,0.0,0.0,0.0,0.0,0.0,0.0,0.0
23,0.0,0.0,0.0,0.0,0.0,0.0,0.0,0.0,0.0,0.0,0.0,0.0,0.0,0.0,0.0,0.0,0.0,0.0,0.0,0.0,0.0,0.0,0.0,0.0,0.0,0.0,0.0,0.0,0.0,0.0,0.0,0.0,0.0,0.0
24,0.0,0.0,0.0,0.0,0.0,0.0,0.0,0.0,0.0,0.0,0.0,0.0,0.0,0.0,0.0,0.0,0.0,0.0,0.0,0.0,0.0,0.0,0.0,0.0,0.0,0.0,0.0,0.0,0.0,0.0,0.0,0.0,0.0,0.0
25,0.0,0.0,0.0,0.0,0.0,0.0,0.0,0.0,0.0,0.0,0.0,0.0,0.0,0.0,0.0,0.0,0.0,0.0,0.0,0.0,0.0,0.0,0.0,0.0,0.0,0.0,0.0,0.0,0.0,0.0,0.0,0.0,0.0,0.0
26,0.0,0.0,0.0,0.0,0.0,0.0,0.0,0.0,0.0,0.0,0.0,0.0,0.0,0.0,0.0,0.0,0.0,0.0,0.0,0.0,0.0,0.0,0.0,0.0,0.0,0.0,0.0,0.0,0.0,0.0,0.0,0.0,0.0,0.0
27,0.0,0.0,0.0,0.0,0.0,0.0,0.0,0.0,0.0,0.0,0.0,0.0,0.0,0.0,0.0,0.0,0.0,0.0,0.0,0.0,0.0,0.0,0.0,0.0,0.0,0.0,0.0,0.0,0.0,0.0,0.0,0.0,0.0,0.0
28,0.0,0.0,0.0,0.0,0.0,0.0,0.0,0.0,0.0,0.0,0.0,0.0,0.0,0.0,0.0,0.0,0.0,0.0,0.0,0.0,0.0,0.0,0.0,0.0,0.0,0.0,0.0,0.0,0.0,0.0,0.0,0.0,0.0,0.0
29,0.0,0.0,0.0,0.0,0.0,0.0,0.0,0.0,0.0,0.0,0.0,0.0,0.0,0.0,0.0,0.0,0.0,0.0,0.0,0.0,0.0,0.0,0.0,0.0,0.0,0.0,0.0,0.0,0.0,0.0,0.0,0.0,0.0,0.0
30,0.0,0.0,0.0,0.0,0.0,0.0,0.0,0.0,0.0,0.0,0.0,0.0,0.0,0.0,0.0,0.0,0.0,0.0,0.0,0.0,0.0,0.0,0.0,0.0,0.0,0.0,0.0,0.0,0.0,0.0,0.0,0.0,0.0,0.0
31,0.0,0.0,0.0,0.0,0.0,0.0,0.0,0.0,0.0,0.0,0.0,0.0,0.0,0.0,0.0,0.0,0.0,0.0,0.0,0.0,0.0,0.0,0.0,0.0,0.0,0.0,0.0,0.0,0.0,0.0,0.0,0.0,0.0,0.0
32,0.0,0.0,0.0,0.0,0.0,0.0,0.0,0.0,0.0,0.0,0.0,0.0,0.0,0.0,0.0,0.0,0.0,0.0,0.0,0.0,0.0,0.0,0.0,0.0,0.0,0.0,0.0,0.0,0.0,0.0,0.0,0.0,0.0,0.0
33,0.0,0.0,0.0,0.0,0.0,0.0,0.0,0.0,0.0,0.0,0.0,0.0,0.0,0.0,0.0,0.0,0.0,0.0,0.0,0.0,0.0,0.0,0.0,0.0,0.0,0.0,0.0,0.0,0.0,0.0,0.0,0.0,0.0,0.0
34,0.0,0.0,0.0,0.0,0.0,0.0,0.0,0.0,0.0,0.0,0.0,0.0,0.0,0.0,278.8015441894531,167.2662811279297,0.0,0.0,253.69894409179688,145.45909118652344,0.0,0.0,0.0,0.0,0.0,0.0,0.0,0.0,0.0,0.0,0.0,0.0,0.0,0.0
35,0.0,0.0,0.0,0.0,0.0,0.0,0.0,0.0,0.0,0.0,0.0,0.0,0.0,0.0,277.75689697265625,169.6686553955078,0.0,0.0,253.31578063964844,144.72509765625,0.0,0.0,0.0,0.0,0.0,0.0,0.0,0.0,0.0,0.0,0.0,0.0,0.0,0.0
36,0.0,0.0,0.0,0.0,0.0,0.0,0.0,0.0,0.0,0.0,0.0,0.0,0.0,0.0,0.0,0.0,274.8726501464844,84.95347595214844,234.5615692138672,141.09317016601562,209.247802734375,52.44204711914063,0.0,0.0,0.0,0.0,0.0,0.0,0.0,0.0,0.0,0.0,0.0,0.0
37,0.0,0.0,0.0,0.0,0.0,0.0,0.0,0.0,0.0,0.0,0.0,0.0,0.0,0.0,279.4638977050781,178.46124267578125,280.3011474609375,60.62606430053711,237.20877075195312,159.17758178710938,197.919189453125,32.842002868652344,0.0,0.0,0.0,0.0,0.0,0.0,0.0,0.0,0.0,0.0,0.0,0.0
38,0.0,0.0,0.0,0.0,0.0,0.0,0.0,0.0,0.0,0.0,0.0,0.0,0.0,0.0,0.0,0.0,0.0,0.0,0.0,0.0,168.84530639648438,11.654815673828123,287.9458923339844,138.95034790039062,268.9673156738281,133.18577575683594,0.0,0.0,0.0,0.0,0.0,0.0,0.0,0.0
39,0.0,0.0,0.0,0.0,0.0,0.0,0.0,0.0,0.0,0.0,0.0,0.0,0.0,0.0,0.0,0.0,0.0,0.0,168.2045135498047,11.109024047851562,0.0,0.0,288.4891967773437,138.52163696289062,270.8373413085937,132.6957550048828,0.0,0.0,0.0,0.0,0.0,0.0,0.0,0.0
40,0.0,0.0,0.0,0.0,0.0,0.0,0.0,0.0,0.0,0.0,0.0,0.0,0.0,0.0,0.0,0.0,0.0,0.0,168.3062744140625,11.032569885253906,0.0,0.0,288.8096008300781,143.00900268554688,270.16619873046875,136.37045288085938,0.0,0.0,0.0,0.0,0.0,0.0,0.0,0.0
41,0.0,0.0,0.0,0.0,0.0,0.0,0.0,0.0,0.0,0.0,0.0,0.0,0.0,0.0,0.0,0.0,0.0,0.0,0.0,0.0,0.0,0.0,281.67999267578125,116.40984344482422,266.8291015625,111.40543365478516,0.0,0.0,0.0,0.0,0.0,0.0,0.0,0.0
42,0.0,0.0,0.0,0.0,0.0,0.0,0.0,0.0,0.0,0.0,0.0,0.0,0.0,0.0,0.0,0.0,0.0,0.0,0.0,0.0,0.0,0.0,286.96783447265625,105.1341552734375,264.9935607910156,100.24983215332033,0.0,0.0,0.0,0.0,0.0,0.0,0.0,0.0
43,0.0,0.0,0.0,0.0,0.0,0.0,0.0,0.0,0.0,0.0,0.0,0.0,0.0,0.0,0.0,0.0,0.0,0.0,0.0,0.0,0.0,0.0,291.7481384277344,102.98545837402344,267.03277587890625,98.48275756835938,0.0,0.0,0.0,0.0,0.0,0.0,0.0,0.0
44,0.0,0.0,0.0,0.0,0.0,0.0,0.0,0.0,0.0,0.0,0.0,0.0,0.0,0.0,0.0,0.0,0.0,0.0,163.96298217773438,9.471359252929688,0.0,0.0,284.3901062011719,89.89769744873047,265.7074584960937,86.07855987548828,252.0512237548828,174.7735595703125,0.0,0.0,0.0,0.0,0.0,0.0
45,0.0,0.0,0.0,0.0,0.0,0.0,0.0,0.0,0.0,0.0,0.0,0.0,0.0,0.0,0.0,0.0,0.0,0.0,162.06857299804688,8.122383117675781,0.0,0.0,283.89312744140625,100.29401397705078,268.12811279296875,97.84044647216795,0.0,0.0,0.0,0.0,0.0,0.0,0.0,0.0
46,0.0,0.0,0.0,0.0,0.0,0.0,0.0,0.0,0.0,0.0,0.0,0.0,0.0,0.0,0.0,0.0,0.0,0.0,0.0,0.0,0.0,0.0,280.71661376953125,139.20550537109375,262.6333923339844,135.68350219726562,0.0,0.0,0.0,0.0,0.0,0.0,0.0,0.0
47,0.0,0.0,0.0,0.0,0.0,0.0,0.0,0.0,0.0,0.0,0.0,0.0,0.0,0.0,209.02745056152344,36.32124328613281,0.0,0.0,0.0,0.0,0.0,0.0,274.6748352050781,126.24021911621094,263.6296081542969,121.90276336669922,0.0,0.0,0.0,0.0,0.0,0.0,0.0,0.0
48,0.0,0.0,0.0,0.0,0.0,0.0,0.0,0.0,0.0,0.0,0.0,0.0,0.0,0.0,0.0,0.0,0.0,0.0,0.0,0.0,165.40663146972656,3.4829330444335938,288.63427734375,149.09840393066406,266.5050354003906,144.58807373046875,0.0,0.0,0.0,0.0,0.0,0.0,0.0,0.0
49,0.0,0.0,0.0,0.0,0.0,0.0,0.0,0.0,0.0,0.0,0.0,0.0,0.0,0.0,290.16864013671875,48.573368072509766,222.22032165527344,39.492034912109375,180.61453247070312,1.965789794921875,172.20254516601562,1.7891006469726562,284.73583984375,158.30987548828125,245.7790069580078,150.8411102294922,0.0,0.0,0.0,0.0,0.0,0.0,0.0,0.0
50,0.0,0.0,0.0,0.0,0.0,0.0,0.0,0.0,0.0,0.0,0.0,0.0,0.0,0.0,300.2645874023437,61.15470123291016,222.31085205078125,40.086875915527344,192.82432556152344,4.9787139892578125,170.50131225585938,0.6119537353515625,283.8525695800781,167.5308074951172,245.4116973876953,159.92218017578125,0.0,0.0,0.0,0.0,0.0,0.0,0.0,0.0
51,0.0,0.0,0.0,0.0,0.0,0.0,0.0,0.0,0.0,0.0,0.0,0.0,0.0,0.0,300.524169921875,61.34468078613281,222.14385986328125,40.06132507324219,193.59994506835935,5.270439147949219,170.42300415039062,0.6560440063476562,284.2675476074219,167.55931091308594,245.97055053710935,160.01370239257812,0.0,0.0,0.0,0.0,0.0,0.0,0.0,0.0
52,0.0,0.0,0.0,0.0,0.0,0.0,0.0,0.0,0.0,0.0,0.0,0.0,0.0,0.0,228.98626708984372,37.02561950683594,0.0,0.0,193.39816284179688,6.3170928955078125,0.0,0.0,277.61083984375,168.41207885742188,270.441650390625,164.91583251953125,0.0,0.0,0.0,0.0,0.0,0.0,0.0,0.0
53,0.0,0.0,0.0,0.0,0.0,0.0,0.0,0.0,0.0,0.0,0.0,0.0,0.0,0.0,0.0,0.0,0.0,0.0,0.0,0.0,0.0,0.0,287.2245178222656,152.98121643066406,269.17559814453125,153.15350341796875,0.0,0.0,0.0,0.0,0.0,0.0,0.0,0.0
54,0.0,0.0,0.0,0.0,0.0,0.0,0.0,0.0,0.0,0.0,0.0,0.0,0.0,0.0,0.0,0.0,228.35955810546875,50.70605850219727,0.0,0.0,204.56695556640625,8.478096008300781,281.5888977050781,162.21649169921875,254.09527587890625,159.00926208496094,0.0,0.0,0.0,0.0,0.0,0.0,0.0,0.0
55,0.0,0.0,0.0,0.0,0.0,0.0,0.0,0.0,0.0,0.0,0.0,0.0,0.0,0.0,0.0,0.0,0.0,0.0,0.0,0.0,0.0,0.0,269.0295715332031,162.29806518554688,279.0005798339844,164.51010131835938,0.0,0.0,0.0,0.0,0.0,0.0,0.0,0.0
56,0.0,0.0,0.0,0.0,0.0,0.0,0.0,0.0,0.0,0.0,0.0,0.0,0.0,0.0,0.0,0.0,0.0,0.0,0.0,0.0,0.0,0.0,275.6395874023437,146.31829833984375,271.3038330078125,148.84539794921875,0.0,0.0,0.0,0.0,0.0,0.0,0.0,0.0
57,0.0,0.0,0.0,0.0,0.0,0.0,0.0,0.0,0.0,0.0,0.0,0.0,0.0,0.0,0.0,0.0,247.59906005859372,68.0409164428711,0.0,0.0,254.331787109375,152.06387329101562,276.4100952148437,154.94737243652344,268.17047119140625,156.45249938964844,0.0,0.0,0.0,0.0,0.0,0.0,0.0,0.0
58,0.0,0.0,0.0,0.0,0.0,0.0,0.0,0.0,0.0,0.0,0.0,0.0,0.0,0.0,0.0,0.0,248.99392700195312,62.05052185058594,0.0,0.0,252.72789001464844,145.95498657226562,275.8951416015625,151.69618225097656,270.93505859375,154.22720336914062,0.0,0.0,0.0,0.0,0.0,0.0,0.0,0.0
59,0.0,0.0,0.0,0.0,0.0,0.0,0.0,0.0,0.0,0.0,0.0,0.0,0.0,0.0,0.0,0.0,0.0,0.0,0.0,0.0,0.0,0.0,261.02789306640625,145.0911865234375,263.3645324707031,145.8631591796875,0.0,0.0,0.0,0.0,0.0,0.0,0.0,0.0
60,0.0,0.0,0.0,0.0,0.0,0.0,0.0,0.0,0.0,0.0,0.0,0.0,0.0,0.0,0.0,0.0,0.0,0.0,0.0,0.0,0.0,0.0,252.50152587890625,150.00364685058594,263.08819580078125,150.59864807128906,0.0,0.0,0.0,0.0,0.0,0.0,0.0,0.0
61,0.0,0.0,0.0,0.0,0.0,0.0,0.0,0.0,0.0,0.0,0.0,0.0,0.0,0.0,261.15576171875,62.32411193847656,213.8275909423828,16.60565948486328,0.0,0.0,235.649658203125,12.029884338378906,267.1147155761719,142.14712524414062,255.30209350585935,138.7659912109375,0.0,0.0,0.0,0.0,0.0,0.0,0.0,0.0
62,0.0,0.0,0.0,0.0,0.0,0.0,0.0,0.0,0.0,0.0,0.0,0.0,0.0,0.0,0.0,0.0,213.398193359375,14.60894775390625,0.0,0.0,0.0,0.0,263.4689636230469,142.26510620117188,259.97003173828125,140.8485870361328,0.0,0.0,0.0,0.0,0.0,0.0,0.0,0.0
63,0.0,0.0,0.0,0.0,0.0,0.0,0.0,0.0,0.0,0.0,0.0,0.0,0.0,0.0,0.0,0.0,0.0,0.0,0.0,0.0,0.0,0.0,252.9926605224609,147.4834442138672,260.2240600585937,147.50799560546875,0.0,0.0,0.0,0.0,0.0,0.0,0.0,0.0
64,0.0,0.0,0.0,0.0,0.0,0.0,0.0,0.0,0.0,0.0,0.0,0.0,0.0,0.0,278.4317321777344,84.4557113647461,224.33367919921875,29.029830932617188,303.71728515625,109.32911682128906,0.0,0.0,269.31768798828125,139.74954223632812,258.2216491699219,135.71730041503906,0.0,0.0,0.0,0.0,0.0,0.0,0.0,0.0
65,0.0,0.0,0.0,0.0,0.0,0.0,0.0,0.0,0.0,0.0,0.0,0.0,0.0,0.0,0.0,0.0,210.10601806640625,17.354530334472656,0.0,0.0,0.0,0.0,265.6098327636719,143.3473358154297,253.0331268310547,139.95245361328125,0.0,0.0,0.0,0.0,0.0,0.0,0.0,0.0
66,0.0,0.0,0.0,0.0,0.0,0.0,0.0,0.0,0.0,0.0,0.0,0.0,0.0,0.0,0.0,0.0,0.0,0.0,0.0,0.0,0.0,0.0,268.02490234375,137.79681396484375,261.0653381347656,135.91744995117188,0.0,0.0,0.0,0.0,0.0,0.0,0.0,0.0
67,0.0,0.0,0.0,0.0,0.0,0.0,0.0,0.0,0.0,0.0,0.0,0.0,0.0,0.0,0.0,0.0,0.0,0.0,0.0,0.0,0.0,0.0,267.92486572265625,129.86544799804688,266.0440673828125,126.98453521728516,0.0,0.0,0.0,0.0,0.0,0.0,0.0,0.0
68,0.0,0.0,0.0,0.0,0.0,0.0,0.0,0.0,0.0,0.0,0.0,0.0,0.0,0.0,0.0,0.0,309.53631591796875,130.76426696777344,0.0,0.0,312.31402587890625,109.8026351928711,0.0,0.0,0.0,0.0,0.0,0.0,0.0,0.0,0.0,0.0,0.0,0.0
69,0.0,0.0,0.0,0.0,0.0,0.0,0.0,0.0,0.0,0.0,0.0,0.0,0.0,0.0,0.0,0.0,0.0,0.0,0.0,0.0,0.0,0.0,277.568115234375,133.40675354003906,264.9031677246094,131.63916015625,0.0,0.0,0.0,0.0,0.0,0.0,0.0,0.0
70,0.0,0.0,0.0,0.0,0.0,0.0,0.0,0.0,0.0,0.0,0.0,0.0,0.0,0.0,0.0,0.0,0.0,0.0,0.0,0.0,0.0,0.0,269.6334533691406,142.5835723876953,271.0949401855469,143.8568572998047,0.0,0.0,0.0,0.0,0.0,0.0,0.0,0.0
71,0.0,0.0,0.0,0.0,0.0,0.0,0.0,0.0,0.0,0.0,0.0,0.0,0.0,0.0,0.0,0.0,0.0,0.0,0.0,0.0,0.0,0.0,0.0,0.0,0.0,0.0,0.0,0.0,0.0,0.0,0.0,0.0,0.0,0.0
72,0.0,0.0,0.0,0.0,0.0,0.0,0.0,0.0,0.0,0.0,0.0,0.0,0.0,0.0,0.0,0.0,0.0,0.0,0.0,0.0,0.0,0.0,237.0806427001953,142.02093505859375,266.8054504394531,142.94512939453125,0.0,0.0,0.0,0.0,0.0,0.0,0.0,0.0
73,0.0,0.0,0.0,0.0,0.0,0.0,0.0,0.0,0.0,0.0,0.0,0.0,0.0,0.0,0.0,0.0,0.0,0.0,0.0,0.0,0.0,0.0,237.3394927978516,144.044189453125,264.42449951171875,143.42636108398438,0.0,0.0,0.0,0.0,0.0,0.0,0.0,0.0
74,0.0,0.0,0.0,0.0,0.0,0.0,0.0,0.0,0.0,0.0,0.0,0.0,0.0,0.0,0.0,0.0,0.0,0.0,0.0,0.0,0.0,0.0,237.0751495361328,136.94190979003906,269.76434326171875,136.79339599609375,0.0,0.0,0.0,0.0,0.0,0.0,0.0,0.0
75,0.0,0.0,0.0,0.0,0.0,0.0,0.0,0.0,0.0,0.0,0.0,0.0,0.0,0.0,0.0,0.0,0.0,0.0,0.0,0.0,0.0,0.0,250.99815368652344,137.6399383544922,268.0022888183594,139.26063537597656,0.0,0.0,0.0,0.0,0.0,0.0,0.0,0.0
76,0.0,0.0,0.0,0.0,0.0,0.0,0.0,0.0,0.0,0.0,0.0,0.0,0.0,0.0,0.0,0.0,0.0,0.0,0.0,0.0,0.0,0.0,249.6262969970703,132.61077880859375,267.6221008300781,135.62600708007812,0.0,0.0,0.0,0.0,0.0,0.0,0.0,0.0
77,0.0,0.0,0.0,0.0,0.0,0.0,0.0,0.0,0.0,0.0,0.0,0.0,0.0,0.0,0.0,0.0,0.0,0.0,0.0,0.0,0.0,0.0,250.9608917236328,137.4495849609375,266.94879150390625,137.26400756835938,0.0,0.0,0.0,0.0,0.0,0.0,0.0,0.0
78,0.0,0.0,0.0,0.0,0.0,0.0,0.0,0.0,0.0,0.0,0.0,0.0,0.0,0.0,0.0,0.0,0.0,0.0,0.0,0.0,0.0,0.0,250.0773162841797,131.3970184326172,273.9574584960937,133.14480590820312,0.0,0.0,0.0,0.0,0.0,0.0,0.0,0.0
79,0.0,0.0,0.0,0.0,0.0,0.0,0.0,0.0,0.0,0.0,0.0,0.0,0.0,0.0,0.0,0.0,0.0,0.0,0.0,0.0,0.0,0.0,250.7306060791016,136.43896484375,276.2997741699219,136.87506103515625,0.0,0.0,0.0,0.0,0.0,0.0,0.0,0.0
80,0.0,0.0,0.0,0.0,0.0,0.0,0.0,0.0,0.0,0.0,0.0,0.0,0.0,0.0,0.0,0.0,0.0,0.0,0.0,0.0,0.0,0.0,251.0067901611328,132.98916625976562,277.639404296875,135.618896484375,0.0,0.0,0.0,0.0,0.0,0.0,0.0,0.0
81,0.0,0.0,0.0,0.0,0.0,0.0,0.0,0.0,0.0,0.0,0.0,0.0,0.0,0.0,0.0,0.0,0.0,0.0,0.0,0.0,0.0,0.0,245.2803497314453,144.81109619140625,276.6778564453125,145.15884399414062,0.0,0.0,0.0,0.0,0.0,0.0,0.0,0.0
82,0.0,0.0,0.0,0.0,0.0,0.0,0.0,0.0,0.0,0.0,0.0,0.0,0.0,0.0,0.0,0.0,0.0,0.0,0.0,0.0,0.0,0.0,254.9994354248047,149.34588623046875,282.3432312011719,148.6001434326172,0.0,0.0,0.0,0.0,0.0,0.0,0.0,0.0
83,0.0,0.0,0.0,0.0,0.0,0.0,0.0,0.0,0.0,0.0,0.0,0.0,0.0,0.0,0.0,0.0,0.0,0.0,0.0,0.0,0.0,0.0,248.17588806152344,144.5452880859375,275.2376708984375,142.79193115234375,0.0,0.0,0.0,0.0,0.0,0.0,0.0,0.0
84,0.0,0.0,0.0,0.0,0.0,0.0,0.0,0.0,0.0,0.0,0.0,0.0,0.0,0.0,0.0,0.0,0.0,0.0,0.0,0.0,0.0,0.0,248.27818298339844,143.982421875,279.6319274902344,141.6152801513672,0.0,0.0,0.0,0.0,0.0,0.0,0.0,0.0
85,0.0,0.0,0.0,0.0,0.0,0.0,0.0,0.0,0.0,0.0,0.0,0.0,0.0,0.0,0.0,0.0,0.0,0.0,0.0,0.0,0.0,0.0,247.53366088867188,143.29200744628906,280.4849548339844,142.24615478515625,0.0,0.0,0.0,0.0,0.0,0.0,0.0,0.0
86,0.0,0.0,0.0,0.0,0.0,0.0,0.0,0.0,0.0,0.0,0.0,0.0,0.0,0.0,0.0,0.0,0.0,0.0,0.0,0.0,0.0,0.0,256.2965087890625,145.96035766601562,285.404052734375,143.6709442138672,0.0,0.0,0.0,0.0,0.0,0.0,0.0,0.0
87,0.0,0.0,0.0,0.0,0.0,0.0,0.0,0.0,0.0,0.0,0.0,0.0,0.0,0.0,0.0,0.0,0.0,0.0,0.0,0.0,0.0,0.0,247.64219665527344,139.80601501464844,278.9683837890625,138.97357177734375,0.0,0.0,0.0,0.0,0.0,0.0,0.0,0.0
88,0.0,0.0,0.0,0.0,0.0,0.0,0.0,0.0,0.0,0.0,0.0,0.0,0.0,0.0,0.0,0.0,0.0,0.0,0.0,0.0,0.0,0.0,256.44384765625,140.6054229736328,277.6791381835937,141.06903076171875,0.0,0.0,0.0,0.0,0.0,0.0,0.0,0.0
89,0.0,0.0,0.0,0.0,0.0,0.0,0.0,0.0,0.0,0.0,0.0,0.0,0.0,0.0,0.0,0.0,0.0,0.0,0.0,0.0,0.0,0.0,262.6787109375,137.02688598632812,279.17431640625,137.711181640625,0.0,0.0,0.0,0.0,0.0,0.0,0.0,0.0
90,0.0,0.0,0.0,0.0,0.0,0.0,0.0,0.0,0.0,0.0,0.0,0.0,0.0,0.0,0.0,0.0,0.0,0.0,0.0,0.0,0.0,0.0,256.2334289550781,130.99757385253906,271.18963623046875,131.9043731689453,0.0,0.0,0.0,0.0,0.0,0.0,0.0,0.0
91,0.0,0.0,0.0,0.0,0.0,0.0,0.0,0.0,0.0,0.0,0.0,0.0,0.0,0.0,232.28863525390625,59.98551177978516,0.0,0.0,0.0,0.0,0.0,0.0,261.3374938964844,137.09249877929688,262.9696044921875,135.98355102539062,0.0,0.0,0.0,0.0,0.0,0.0,0.0,0.0
92,0.0,0.0,0.0,0.0,0.0,0.0,0.0,0.0,0.0,0.0,0.0,0.0,0.0,0.0,224.5777587890625,62.185523986816406,0.0,0.0,213.69290161132807,109.19894409179688,0.0,0.0,260.7538146972656,144.8154754638672,271.7492370605469,145.52590942382812,0.0,0.0,0.0,0.0,0.0,0.0,0.0,0.0
93,0.0,0.0,0.0,0.0,0.0,0.0,0.0,0.0,0.0,0.0,0.0,0.0,0.0,0.0,0.0,0.0,229.91722106933597,55.59025573730469,0.0,0.0,216.9584045410156,125.1657943725586,266.54443359375,148.92530822753906,267.5592346191406,150.63967895507812,0.0,0.0,0.0,0.0,0.0,0.0,0.0,0.0
94,0.0,0.0,0.0,0.0,0.0,0.0,0.0,0.0,0.0,0.0,0.0,0.0,0.0,0.0,229.32015991210935,63.3670654296875,224.8318023681641,60.99616622924805,202.128662109375,10.799102783203123,201.99143981933597,2.853988647460937,261.0235595703125,143.86972045898438,248.7984619140625,143.46063232421875,0.0,0.0,0.0,0.0,0.0,0.0,0.0,0.0
95,0.0,0.0,0.0,0.0,0.0,0.0,0.0,0.0,0.0,0.0,0.0,0.0,0.0,0.0,248.3277282714844,79.62071990966797,247.4960479736328,71.26544952392578,217.1279144287109,40.93256378173828,214.39566040039065,30.70086669921875,271.5462341308594,153.60386657714844,271.18658447265625,153.2128448486328,0.0,0.0,0.0,0.0,0.0,0.0,0.0,0.0
96,0.0,0.0,0.0,0.0,0.0,0.0,0.0,0.0,0.0,0.0,0.0,0.0,0.0,0.0,0.0,0.0,245.6033935546875,69.3634033203125,0.0,0.0,214.9014892578125,33.33441162109375,275.9096069335937,153.10293579101562,271.8486328125,154.38494873046875,0.0,0.0,0.0,0.0,0.0,0.0,0.0,0.0
97,0.0,0.0,0.0,0.0,0.0,0.0,0.0,0.0,0.0,0.0,0.0,0.0,0.0,0.0,0.0,0.0,0.0,0.0,0.0,0.0,0.0,0.0,0.0,0.0,0.0,0.0,0.0,0.0,0.0,0.0,0.0,0.0,0.0,0.0
98,0.0,0.0,0.0,0.0,0.0,0.0,0.0,0.0,0.0,0.0,0.0,0.0,0.0,0.0,0.0,0.0,0.0,0.0,0.0,0.0,0.0,0.0,0.0,0.0,0.0,0.0,0.0,0.0,0.0,0.0,0.0,0.0,0.0,0.0
99,0.0,0.0,0.0,0.0,0.0,0.0,0.0,0.0,0.0,0.0,0.0,0.0,0.0,0.0,260.9790954589844,105.42985534667967,0.0,0.0,221.9608917236328,94.267822265625,0.0,0.0,278.3489990234375,166.1905975341797,281.2170715332031,162.42327880859375,0.0,0.0,0.0,0.0,0.0,0.0,0.0,0.0
100,0.0,0.0,0.0,0.0,0.0,0.0,0.0,0.0,0.0,0.0,0.0,0.0,0.0,0.0,263.8935852050781,109.0613021850586,0.0,0.0,223.29417419433597,93.59243774414062,0.0,0.0,279.0362243652344,167.29364013671875,283.00848388671875,163.14218139648438,0.0,0.0,0.0,0.0,0.0,0.0,0.0,0.0
101,0.0,0.0,0.0,0.0,0.0,0.0,0.0,0.0,0.0,0.0,0.0,0.0,0.0,0.0,264.18438720703125,109.90579223632812,0.0,0.0,223.5209197998047,93.82081604003906,0.0,0.0,279.2759704589844,169.27903747558594,282.79278564453125,165.22482299804688,0.0,0.0,0.0,0.0,0.0,0.0,0.0,0.0
102,0.0,0.0,0.0,0.0,0.0,0.0,0.0,0.0,0.0,0.0,0.0,0.0,0.0,0.0,0.0,0.0,0.0,0.0,0.0,0.0,224.54112243652344,107.678955078125,0.0,0.0,0.0,0.0,0.0,0.0,0.0,0.0,0.0,0.0,0.0,0.0
103,0.0,0.0,0.0,0.0,0.0,0.0,0.0,0.0,0.0,0.0,0.0,0.0,0.0,0.0,263.0487976074219,116.60231018066406,0.0,0.0,223.3681182861328,110.80970764160156,225.3380126953125,108.54120635986328,0.0,0.0,0.0,0.0,0.0,0.0,0.0,0.0,0.0,0.0,0.0,0.0
104,0.0,0.0,0.0,0.0,0.0,0.0,0.0,0.0,0.0,0.0,0.0,0.0,0.0,0.0,263.21197509765625,117.41480255126952,0.0,0.0,224.25579833984372,114.80690002441406,223.91439819335935,110.48468017578124,284.0939636230469,171.10635375976562,0.0,0.0,0.0,0.0,0.0,0.0,0.0,0.0,0.0,0.0
105,0.0,0.0,0.0,0.0,0.0,0.0,0.0,0.0,0.0,0.0,0.0,0.0,0.0,0.0,0.0,0.0,268.2127990722656,101.66748046875,224.7087554931641,123.11712646484376,223.87225341796875,113.00350952148438,0.0,0.0,283.6753234863281,167.90957641601562,0.0,0.0,0.0,0.0,0.0,0.0,0.0,0.0
106,0.0,0.0,0.0,0.0,0.0,0.0,0.0,0.0,0.0,0.0,0.0,0.0,0.0,0.0,259.02642822265625,115.708984375,0.0,0.0,219.4537048339844,122.7202606201172,221.16482543945312,113.82310485839844,279.8304748535156,165.41893005371094,288.86572265625,159.95387268066406,0.0,0.0,0.0,0.0,0.0,0.0,0.0,0.0
107,0.0,0.0,0.0,0.0,0.0,0.0,0.0,0.0,0.0,0.0,0.0,0.0,0.0,0.0,262.2611389160156,117.04390716552734,0.0,0.0,216.66812133789065,117.61104583740234,215.17141723632807,113.4534912109375,275.3188171386719,170.244384765625,287.5368347167969,163.76885986328125,0.0,0.0,0.0,0.0,0.0,0.0,0.0,0.0
108,0.0,0.0,0.0,0.0,0.0,0.0,0.0,0.0,0.0,0.0,0.0,0.0,0.0,0.0,263.27886962890625,111.27874755859376,0.0,0.0,218.63641357421875,115.2403564453125,215.38137817382807,114.55847930908205,277.49334716796875,173.4808349609375,277.9256286621094,167.89537048339844,0.0,0.0,0.0,0.0,0.0,0.0,0.0,0.0
109,0.0,0.0,0.0,0.0,0.0,0.0,0.0,0.0,0.0,0.0,0.0,0.0,0.0,0.0,0.0,0.0,0.0,0.0,218.80213928222656,115.48207092285156,214.8553466796875,114.55945587158205,0.0,0.0,277.3091125488281,169.1533660888672,0.0,0.0,0.0,0.0,0.0,0.0,0.0,0.0
110,0.0,0.0,0.0,0.0,0.0,0.0,0.0,0.0,0.0,0.0,0.0,0.0,0.0,0.0,261.5310974121094,120.89156341552734,0.0,0.0,213.9873962402344,115.6145477294922,0.0,0.0,277.0783386230469,168.29214477539062,0.0,0.0,0.0,0.0,0.0,0.0,0.0,0.0,0.0,0.0
111,0.0,0.0,0.0,0.0,0.0,0.0,0.0,0.0,0.0,0.0,0.0,0.0,0.0,0.0,262.57427978515625,107.35842895507812,263.9742736816406,86.07557678222656,215.0556640625,114.6505126953125,214.1470642089844,115.17253112792967,275.710693359375,162.03717041015625,273.6142578125,155.1776123046875,0.0,0.0,0.0,0.0,0.0,0.0,0.0,0.0
112,0.0,0.0,0.0,0.0,0.0,0.0,0.0,0.0,0.0,0.0,0.0,0.0,0.0,0.0,261.3585205078125,102.1285171508789,0.0,0.0,212.45899963378903,114.64923095703124,212.3470458984375,114.96659088134766,269.4872436523437,164.54946899414062,274.7450561523437,157.39971923828125,0.0,0.0,0.0,0.0,0.0,0.0,0.0,0.0
113,0.0,0.0,0.0,0.0,0.0,0.0,0.0,0.0,0.0,0.0,0.0,0.0,0.0,0.0,253.72775268554688,98.3447723388672,0.0,0.0,207.6541748046875,118.18058776855467,0.0,0.0,269.0816345214844,159.20889282226562,281.8017883300781,152.80718994140625,0.0,0.0,0.0,0.0,0.0,0.0,0.0,0.0
114,0.0,0.0,0.0,0.0,0.0,0.0,0.0,0.0,0.0,0.0,0.0,0.0,0.0,0.0,256.7418212890625,91.01116180419922,0.0,0.0,211.76541137695312,116.48419189453124,210.12608337402344,115.108154296875,269.11138916015625,155.2794952392578,268.6552429199219,151.32310485839844,0.0,0.0,0.0,0.0,0.0,0.0,0.0,0.0
115,0.0,0.0,0.0,0.0,0.0,0.0,0.0,0.0,0.0,0.0,0.0,0.0,0.0,0.0,254.6996154785156,98.33679962158205,0.0,0.0,207.2354431152344,115.99835968017578,0.0,0.0,269.02752685546875,165.1853485107422,275.2825622558594,160.54244995117188,0.0,0.0,0.0,0.0,0.0,0.0,0.0,0.0
116,0.0,0.0,0.0,0.0,0.0,0.0,0.0,0.0,0.0,0.0,0.0,0.0,0.0,0.0,249.240234375,82.587646484375,0.0,0.0,204.7824859619141,113.74436950683594,208.9945373535156,114.23082733154295,265.136474609375,160.28736877441406,267.9832458496094,157.97860717773438,0.0,0.0,0.0,0.0,0.0,0.0,0.0,0.0
117,0.0,0.0,0.0,0.0,0.0,0.0,0.0,0.0,0.0,0.0,0.0,0.0,0.0,0.0,249.8433380126953,90.95626831054688,0.0,0.0,206.38352966308597,115.9436264038086,209.7657470703125,114.74884796142578,270.095458984375,160.33062744140625,273.381591796875,157.47689819335938,0.0,0.0,0.0,0.0,0.0,0.0,0.0,0.0
118,0.0,0.0,0.0,0.0,0.0,0.0,0.0,0.0,0.0,0.0,0.0,0.0,0.0,0.0,248.14041137695312,92.25080108642578,0.0,0.0,204.8983154296875,114.99928283691406,208.6287384033203,114.30809020996094,266.0087280273437,161.97975158691406,266.654052734375,159.92398071289062,0.0,0.0,0.0,0.0,0.0,0.0,0.0,0.0
119,0.0,0.0,0.0,0.0,0.0,0.0,0.0,0.0,0.0,0.0,0.0,0.0,0.0,0.0,253.2201995849609,92.8126449584961,0.0,0.0,205.2347412109375,115.10706329345705,208.6581878662109,114.64421081542967,263.794189453125,162.53848266601562,271.0443725585937,158.50392150878906,0.0,0.0,0.0,0.0,0.0,0.0,0.0,0.0
120,0.0,0.0,0.0,0.0,0.0,0.0,0.0,0.0,0.0,0.0,0.0,0.0,0.0,0.0,253.03814697265625,96.62434387207033,0.0,0.0,204.5258026123047,114.3032684326172,0.0,0.0,261.5906066894531,161.04696655273438,274.5436096191406,156.22528076171875,0.0,0.0,0.0,0.0,0.0,0.0,0.0,0.0
121,0.0,0.0,0.0,0.0,0.0,0.0,0.0,0.0,0.0,0.0,0.0,0.0,0.0,0.0,246.9741058349609,94.28759002685548,0.0,0.0,202.6976776123047,117.41848754882812,208.75132751464844,116.95694732666016,262.4606018066406,167.83306884765625,270.5285949707031,164.482666015625,0.0,0.0,0.0,0.0,0.0,0.0,0.0,0.0
122,0.0,0.0,0.0,0.0,0.0,0.0,0.0,0.0,0.0,0.0,0.0,0.0,0.0,0.0,254.52056884765625,99.89732360839844,257.8200988769531,90.4662094116211,204.8980712890625,117.14370727539062,206.75213623046875,117.34896087646484,259.4251708984375,158.6027069091797,260.45721435546875,153.0849151611328,0.0,0.0,0.0,0.0,0.0,0.0,0.0,0.0
123,0.0,0.0,0.0,0.0,0.0,0.0,0.0,0.0,0.0,0.0,0.0,0.0,0.0,0.0,236.46630859375,19.946266174316406,250.0018615722656,71.89852905273438,176.3046417236328,0.0,204.82659912109372,115.34756469726562,273.9848022460937,164.4059600830078,248.1419219970703,160.18771362304688,0.0,0.0,0.0,0.0,0.0,0.0,0.0,0.0
124,0.0,0.0,0.0,0.0,0.0,0.0,0.0,0.0,0.0,0.0,0.0,0.0,0.0,0.0,239.6167907714844,18.669395446777344,251.681396484375,72.760986328125,179.67385864257812,1.6706314086914062,210.44024658203125,114.11399841308594,272.41802978515625,160.16493225097656,241.7592010498047,156.7597198486328,0.0,0.0,0.0,0.0,0.0,0.0,0.0,0.0
125,0.0,0.0,0.0,0.0,0.0,0.0,0.0,0.0,0.0,0.0,0.0,0.0,0.0,0.0,251.6015167236328,52.33636093139648,261.08233642578125,78.75800323486328,182.918212890625,27.916404724121094,209.36700439453125,113.50991821289062,270.5760803222656,173.76605224609375,247.7583465576172,166.93722534179688,0.0,0.0,0.0,0.0,0.0,0.0,0.0,0.0
126,0.0,0.0,0.0,0.0,0.0,0.0,0.0,0.0,0.0,0.0,0.0,0.0,0.0,0.0,261.0584411621094,57.34051132202149,259.25262451171875,78.8532943725586,183.89358520507807,27.64763641357422,209.2783660888672,113.23917388916016,273.6048278808594,174.01943969726562,246.5467987060547,166.326904296875,0.0,0.0,0.0,0.0,0.0,0.0,0.0,0.0
127,0.0,0.0,0.0,0.0,0.0,0.0,0.0,0.0,0.0,0.0,0.0,0.0,0.0,0.0,301.6187744140625,75.00489044189453,256.5111083984375,90.1731414794922,206.7028350830078,65.8006362915039,209.206298828125,116.72950744628906,274.1006164550781,171.6614990234375,235.51466369628903,163.4127197265625,0.0,0.0,0.0,0.0,0.0,0.0,0.0,0.0
128,0.0,0.0,0.0,0.0,0.0,0.0,0.0,0.0,0.0,0.0,0.0,0.0,0.0,0.0,297.6674194335937,94.75020599365234,244.07125854492188,93.17061614990234,213.2860107421875,114.0314712524414,202.1395568847656,121.01022338867188,283.9307861328125,170.6797637939453,247.5867919921875,164.5860595703125,0.0,0.0,0.0,0.0,0.0,0.0,0.0,0.0
129,0.0,0.0,0.0,0.0,0.0,0.0,0.0,0.0,0.0,0.0,0.0,0.0,0.0,0.0,251.65484619140625,106.12458801269533,239.64041137695312,88.39662170410156,204.01133728027344,126.79810333251952,199.44210815429688,121.56535339355467,268.1983642578125,158.14035034179688,252.06175231933597,153.2921142578125,0.0,0.0,0.0,0.0,0.0,0.0,0.0,0.0
130,0.0,0.0,0.0,0.0,0.0,0.0,0.0,0.0,0.0,0.0,0.0,0.0,0.0,0.0,258.83770751953125,122.25401306152344,245.87017822265625,85.73605346679688,201.4132843017578,129.5598907470703,198.7809295654297,122.00143432617188,264.9667053222656,167.83554077148438,249.7120819091797,157.10385131835938,0.0,0.0,0.0,0.0,0.0,0.0,0.0,0.0
131,0.0,0.0,0.0,0.0,0.0,0.0,0.0,0.0,0.0,0.0,0.0,0.0,0.0,0.0,257.23095703125,127.17985534667967,246.0405731201172,87.89421844482422,202.8274383544922,138.13446044921875,194.57618713378903,123.9556121826172,271.2891540527344,174.3167724609375,254.25704956054688,161.85919189453125,0.0,0.0,0.0,0.0,0.0,0.0,0.0,0.0
132,0.0,0.0,0.0,0.0,0.0,0.0,0.0,0.0,0.0,0.0,0.0,0.0,0.0,0.0,0.0,0.0,248.7152404785156,89.92874145507812,201.21401977539065,147.6748046875,191.927490234375,123.82127380371094,0.0,0.0,255.00372314453125,176.42445373535156,0.0,0.0,0.0,0.0,0.0,0.0,0.0,0.0
133,0.0,0.0,0.0,0.0,0.0,0.0,0.0,0.0,0.0,0.0,0.0,0.0,0.0,0.0,257.8334045410156,140.73655700683594,247.94454956054688,94.592041015625,199.48074340820312,137.9954833984375,193.98147583007807,126.59580993652344,0.0,0.0,257.37957763671875,179.4368438720703,0.0,0.0,0.0,0.0,0.0,0.0,0.0,0.0
134,0.0,0.0,0.0,0.0,0.0,0.0,0.0,0.0,0.0,0.0,0.0,0.0,0.0,0.0,0.0,0.0,244.69186401367188,97.05162048339844,199.00364685058597,138.7887725830078,192.84751892089844,127.20740509033205,0.0,0.0,256.2222595214844,179.39517211914062,0.0,0.0,0.0,0.0,0.0,0.0,0.0,0.0
135,0.0,0.0,0.0,0.0,0.0,0.0,0.0,0.0,0.0,0.0,0.0,0.0,0.0,0.0,0.0,0.0,247.8443756103516,95.9735870361328,203.45944213867188,142.53089904785156,193.07437133789065,127.84385681152344,0.0,0.0,252.37649536132807,187.34259033203125,0.0,0.0,0.0,0.0,0.0,0.0,0.0,0.0
136,0.0,0.0,0.0,0.0,0.0,0.0,0.0,0.0,0.0,0.0,0.0,0.0,0.0,0.0,261.3817749023437,161.3032684326172,253.95773315429688,99.06175231933594,195.17202758789065,142.53726196289062,193.1239013671875,128.05506896972656,0.0,0.0,0.0,0.0,0.0,0.0,0.0,0.0,0.0,0.0,0.0,0.0
137,0.0,0.0,0.0,0.0,0.0,0.0,0.0,0.0,0.0,0.0,0.0,0.0,0.0,0.0,263.6889953613281,157.59849548339844,249.2782440185547,100.59391021728516,198.32139587402344,145.63319396972656,192.94094848632807,128.32577514648438,0.0,0.0,255.6822509765625,189.5299072265625,0.0,0.0,0.0,0.0,0.0,0.0,0.0,0.0
138,0.0,0.0,0.0,0.0,0.0,0.0,0.0,0.0,0.0,0.0,0.0,0.0,0.0,0.0,0.0,0.0,255.0754547119141,106.9038543701172,203.76890563964844,142.0019989013672,198.2281494140625,129.02557373046875,0.0,0.0,0.0,0.0,0.0,0.0,0.0,0.0,0.0,0.0,0.0,0.0
139,0.0,0.0,0.0,0.0,0.0,0.0,0.0,0.0,0.0,0.0,0.0,0.0,0.0,0.0,0.0,0.0,264.5448303222656,108.96952056884766,220.94419860839844,159.018310546875,203.8152313232422,125.27455139160156,0.0,0.0,0.0,0.0,0.0,0.0,0.0,0.0,0.0,0.0,0.0,0.0
140,0.0,0.0,0.0,0.0,0.0,0.0,0.0,0.0,0.0,0.0,0.0,0.0,0.0,0.0,0.0,0.0,266.3898010253906,114.16831970214844,218.61622619628903,135.3740997314453,215.89739990234372,122.53414916992188,0.0,0.0,0.0,0.0,0.0,0.0,0.0,0.0,0.0,0.0,0.0,0.0
141,0.0,0.0,0.0,0.0,0.0,0.0,0.0,0.0,0.0,0.0,0.0,0.0,0.0,0.0,0.0,0.0,275.9759216308594,115.81104278564452,225.6452789306641,127.4836196899414,224.99688720703125,123.56658935546876,0.0,0.0,0.0,0.0,0.0,0.0,0.0,0.0,0.0,0.0,0.0,0.0
142,0.0,0.0,0.0,0.0,0.0,0.0,0.0,0.0,0.0,0.0,0.0,0.0,0.0,0.0,0.0,0.0,277.08331298828125,115.27520751953124,225.1344757080078,127.8234405517578,225.66384887695312,123.5052719116211,0.0,0.0,0.0,0.0,0.0,0.0,0.0,0.0,0.0,0.0,0.0,0.0
143,0.0,0.0,0.0,0.0,0.0,0.0,0.0,0.0,0.0,0.0,0.0,0.0,0.0,0.0,0.0,0.0,0.0,0.0,242.1294403076172,136.47409057617188,242.1265563964844,127.13602447509766,0.0,0.0,0.0,0.0,0.0,0.0,0.0,0.0,0.0,0.0,0.0,0.0
144,0.0,0.0,0.0,0.0,0.0,0.0,0.0,0.0,0.0,0.0,0.0,0.0,0.0,0.0,291.5343933105469,139.34542846679688,0.0,0.0,251.19078063964844,137.70790100097656,254.660888671875,129.34095764160156,0.0,0.0,0.0,0.0,0.0,0.0,0.0,0.0,0.0,0.0,0.0,0.0
145,0.0,0.0,0.0,0.0,0.0,0.0,0.0,0.0,0.0,0.0,0.0,0.0,0.0,0.0,0.0,0.0,0.0,0.0,0.0,0.0,0.0,0.0,0.0,0.0,0.0,0.0,0.0,0.0,288.2509460449219,123.03325653076172,0.0,0.0,0.0,0.0
146,0.0,0.0,0.0,0.0,0.0,0.0,0.0,0.0,0.0,0.0,0.0,0.0,0.0,0.0,0.0,0.0,0.0,0.0,0.0,0.0,0.0,0.0,0.0,0.0,0.0,0.0,284.352783203125,127.0095672607422,286.1156311035156,129.02841186523438,0.0,0.0,0.0,0.0
147,0.0,0.0,0.0,0.0,0.0,0.0,0.0,0.0,0.0,0.0,0.0,0.0,0.0,0.0,0.0,0.0,0.0,0.0,0.0,0.0,0.0,0.0,0.0,0.0,0.0,0.0,0.0,0.0,0.0,0.0,0.0,0.0,0.0,0.0
148,0.0,0.0,0.0,0.0,0.0,0.0,0.0,0.0,0.0,0.0,0.0,0.0,0.0,0.0,0.0,0.0,0.0,0.0,0.0,0.0,0.0,0.0,0.0,0.0,0.0,0.0,0.0,0.0,0.0,0.0,0.0,0.0,0.0,0.0
149,0.0,0.0,0.0,0.0,0.0,0.0,0.0,0.0,0.0,0.0,0.0,0.0,0.0,0.0,0.0,0.0,0.0,0.0,0.0,0.0,0.0,0.0,0.0,0.0,0.0,0.0,0.0,0.0,0.0,0.0,0.0,0.0,0.0,0.0
150,0.0,0.0,0.0,0.0,0.0,0.0,0.0,0.0,0.0,0.0,0.0,0.0,0.0,0.0,0.0,0.0,0.0,0.0,0.0,0.0,0.0,0.0,0.0,0.0,0.0,0.0,0.0,0.0,0.0,0.0,0.0,0.0,0.0,0.0
151,0.0,0.0,0.0,0.0,0.0,0.0,0.0,0.0,0.0,0.0,0.0,0.0,0.0,0.0,0.0,0.0,0.0,0.0,0.0,0.0,0.0,0.0,0.0,0.0,0.0,0.0,0.0,0.0,0.0,0.0,0.0,0.0,0.0,0.0
152,0.0,0.0,0.0,0.0,0.0,0.0,0.0,0.0,0.0,0.0,0.0,0.0,0.0,0.0,0.0,0.0,0.0,0.0,0.0,0.0,0.0,0.0,0.0,0.0,0.0,0.0,0.0,0.0,0.0,0.0,0.0,0.0,0.0,0.0
153,0.0,0.0,0.0,0.0,0.0,0.0,0.0,0.0,0.0,0.0,0.0,0.0,0.0,0.0,0.0,0.0,0.0,0.0,0.0,0.0,0.0,0.0,0.0,0.0,0.0,0.0,0.0,0.0,0.0,0.0,0.0,0.0,0.0,0.0
154,0.0,0.0,0.0,0.0,0.0,0.0,0.0,0.0,0.0,0.0,0.0,0.0,0.0,0.0,0.0,0.0,0.0,0.0,0.0,0.0,0.0,0.0,0.0,0.0,0.0,0.0,0.0,0.0,0.0,0.0,0.0,0.0,0.0,0.0
155,0.0,0.0,0.0,0.0,0.0,0.0,0.0,0.0,0.0,0.0,0.0,0.0,0.0,0.0,0.0,0.0,0.0,0.0,0.0,0.0,0.0,0.0,0.0,0.0,0.0,0.0,0.0,0.0,0.0,0.0,0.0,0.0,0.0,0.0
156,0.0,0.0,0.0,0.0,0.0,0.0,0.0,0.0,0.0,0.0,0.0,0.0,0.0,0.0,0.0,0.0,0.0,0.0,0.0,0.0,0.0,0.0,0.0,0.0,0.0,0.0,0.0,0.0,0.0,0.0,0.0,0.0,0.0,0.0
157,0.0,0.0,0.0,0.0,0.0,0.0,0.0,0.0,0.0,0.0,0.0,0.0,0.0,0.0,0.0,0.0,0.0,0.0,0.0,0.0,0.0,0.0,0.0,0.0,0.0,0.0,0.0,0.0,0.0,0.0,0.0,0.0,0.0,0.0
158,0.0,0.0,0.0,0.0,0.0,0.0,0.0,0.0,0.0,0.0,0.0,0.0,0.0,0.0,0.0,0.0,0.0,0.0,0.0,0.0,0.0,0.0,0.0,0.0,0.0,0.0,0.0,0.0,0.0,0.0,0.0,0.0,0.0,0.0
159,0.0,0.0,0.0,0.0,0.0,0.0,0.0,0.0,0.0,0.0,0.0,0.0,0.0,0.0,0.0,0.0,0.0,0.0,0.0,0.0,0.0,0.0,0.0,0.0,0.0,0.0,0.0,0.0,0.0,0.0,0.0,0.0,0.0,0.0
160,0.0,0.0,0.0,0.0,0.0,0.0,0.0,0.0,0.0,0.0,0.0,0.0,0.0,0.0,0.0,0.0,0.0,0.0,0.0,0.0,0.0,0.0,0.0,0.0,0.0,0.0,0.0,0.0,0.0,0.0,0.0,0.0,0.0,0.0
161,0.0,0.0,0.0,0.0,0.0,0.0,0.0,0.0,0.0,0.0,0.0,0.0,0.0,0.0,0.0,0.0,0.0,0.0,0.0,0.0,0.0,0.0,0.0,0.0,0.0,0.0,0.0,0.0,0.0,0.0,0.0,0.0,0.0,0.0
162,0.0,0.0,0.0,0.0,0.0,0.0,0.0,0.0,0.0,0.0,0.0,0.0,0.0,0.0,0.0,0.0,0.0,0.0,0.0,0.0,0.0,0.0,0.0,0.0,0.0,0.0,0.0,0.0,0.0,0.0,0.0,0.0,0.0,0.0
163,0.0,0.0,0.0,0.0,0.0,0.0,0.0,0.0,0.0,0.0,0.0,0.0,0.0,0.0,0.0,0.0,0.0,0.0,0.0,0.0,0.0,0.0,0.0,0.0,0.0,0.0,0.0,0.0,0.0,0.0,0.0,0.0,0.0,0.0
164,0.0,0.0,0.0,0.0,0.0,0.0,0.0,0.0,0.0,0.0,0.0,0.0,0.0,0.0,0.0,0.0,0.0,0.0,0.0,0.0,0.0,0.0,0.0,0.0,0.0,0.0,0.0,0.0,0.0,0.0,0.0,0.0,0.0,0.0
165,0.0,0.0,0.0,0.0,0.0,0.0,0.0,0.0,0.0,0.0,0.0,0.0,0.0,0.0,0.0,0.0,0.0,0.0,0.0,0.0,0.0,0.0,0.0,0.0,0.0,0.0,0.0,0.0,0.0,0.0,0.0,0.0,0.0,0.0
166,0.0,0.0,0.0,0.0,0.0,0.0,0.0,0.0,0.0,0.0,0.0,0.0,0.0,0.0,0.0,0.0,0.0,0.0,0.0,0.0,0.0,0.0,0.0,0.0,0.0,0.0,0.0,0.0,0.0,0.0,0.0,0.0,0.0,0.0
167,0.0,0.0,0.0,0.0,0.0,0.0,0.0,0.0,0.0,0.0,0.0,0.0,0.0,0.0,0.0,0.0,0.0,0.0,0.0,0.0,0.0,0.0,0.0,0.0,0.0,0.0,286.8808898925781,108.80807495117188,287.1178894042969,111.02272033691406,0.0,0.0,269.20269775390625,211.4461669921875
168,0.0,0.0,0.0,0.0,0.0,0.0,0.0,0.0,0.0,0.0,0.0,0.0,0.0,0.0,0.0,0.0,0.0,0.0,0.0,0.0,0.0,0.0,0.0,0.0,0.0,0.0,0.0,0.0,0.0,0.0,0.0,0.0,0.0,0.0
169,0.0,0.0,0.0,0.0,0.0,0.0,0.0,0.0,0.0,0.0,0.0,0.0,0.0,0.0,0.0,0.0,0.0,0.0,0.0,0.0,0.0,0.0,0.0,0.0,0.0,0.0,0.0,0.0,0.0,0.0,0.0,0.0,0.0,0.0
170,0.0,0.0,0.0,0.0,0.0,0.0,0.0,0.0,0.0,0.0,0.0,0.0,0.0,0.0,0.0,0.0,0.0,0.0,0.0,0.0,0.0,0.0,0.0,0.0,0.0,0.0,0.0,0.0,0.0,0.0,0.0,0.0,0.0,0.0
171,0.0,0.0,0.0,0.0,0.0,0.0,0.0,0.0,0.0,0.0,0.0,0.0,0.0,0.0,0.0,0.0,0.0,0.0,0.0,0.0,0.0,0.0,0.0,0.0,0.0,0.0,0.0,0.0,0.0,0.0,0.0,0.0,0.0,0.0
172,0.0,0.0,0.0,0.0,0.0,0.0,0.0,0.0,0.0,0.0,0.0,0.0,0.0,0.0,0.0,0.0,0.0,0.0,0.0,0.0,0.0,0.0,0.0,0.0,0.0,0.0,0.0,0.0,0.0,0.0,0.0,0.0,0.0,0.0
173,0.0,0.0,0.0,0.0,0.0,0.0,0.0,0.0,0.0,0.0,0.0,0.0,0.0,0.0,0.0,0.0,0.0,0.0,0.0,0.0,0.0,0.0,0.0,0.0,0.0,0.0,0.0,0.0,0.0,0.0,0.0,0.0,0.0,0.0
174,0.0,0.0,0.0,0.0,0.0,0.0,0.0,0.0,0.0,0.0,0.0,0.0,0.0,0.0,0.0,0.0,0.0,0.0,0.0,0.0,0.0,0.0,0.0,0.0,0.0,0.0,0.0,0.0,0.0,0.0,0.0,0.0,0.0,0.0
175,0.0,0.0,0.0,0.0,0.0,0.0,0.0,0.0,0.0,0.0,0.0,0.0,0.0,0.0,0.0,0.0,0.0,0.0,237.83204650878903,128.41937255859375,0.0,0.0,0.0,0.0,0.0,0.0,0.0,0.0,0.0,0.0,0.0,0.0,0.0,0.0
176,0.0,0.0,0.0,0.0,0.0,0.0,0.0,0.0,0.0,0.0,0.0,0.0,0.0,0.0,0.0,0.0,283.62945556640625,93.64644622802734,231.31585693359372,128.49465942382812,224.4679412841797,96.03233337402344,0.0,0.0,0.0,0.0,0.0,0.0,0.0,0.0,0.0,0.0,0.0,0.0
177,0.0,0.0,0.0,0.0,0.0,0.0,0.0,0.0,0.0,0.0,0.0,0.0,0.0,0.0,0.0,0.0,284.0819702148437,93.26512145996094,230.3499755859375,129.29379272460938,224.6892242431641,95.9771728515625,0.0,0.0,0.0,0.0,0.0,0.0,0.0,0.0,0.0,0.0,0.0,0.0
178,0.0,0.0,0.0,0.0,0.0,0.0,0.0,0.0,0.0,0.0,0.0,0.0,0.0,0.0,0.0,0.0,278.1984558105469,87.42588806152344,229.3782196044922,142.94583129882812,207.41001892089844,89.85118103027344,0.0,0.0,0.0,0.0,0.0,0.0,0.0,0.0,0.0,0.0,0.0,0.0
179,0.0,0.0,0.0,0.0,0.0,0.0,0.0,0.0,0.0,0.0,0.0,0.0,0.0,0.0,0.0,0.0,0.0,0.0,0.0,0.0,0.0,0.0,0.0,0.0,0.0,0.0,0.0,0.0,0.0,0.0,0.0,0.0,0.0,0.0
180,0.0,0.0,0.0,0.0,0.0,0.0,0.0,0.0,0.0,0.0,0.0,0.0,0.0,0.0,0.0,0.0,0.0,0.0,196.98565673828125,142.7608184814453,161.05958557128906,80.765869140625,0.0,0.0,0.0,0.0,0.0,0.0,0.0,0.0,0.0,0.0,0.0,0.0
181,0.0,0.0,0.0,0.0,0.0,0.0,0.0,0.0,0.0,0.0,0.0,0.0,0.0,0.0,0.0,0.0,236.6918182373047,74.58332824707031,182.12095642089844,142.065673828125,146.29412841796875,72.00133514404297,0.0,0.0,0.0,0.0,0.0,0.0,0.0,0.0,0.0,0.0,0.0,0.0
182,0.0,0.0,0.0,0.0,0.0,0.0,0.0,0.0,0.0,0.0,0.0,0.0,0.0,0.0,0.0,0.0,218.50457763671875,68.09088897705078,114.8725814819336,68.57167053222656,118.36315155029295,65.82787322998047,0.0,0.0,0.0,0.0,0.0,0.0,0.0,0.0,0.0,0.0,0.0,0.0
183,0.0,0.0,0.0,0.0,0.0,0.0,0.0,0.0,0.0,0.0,0.0,0.0,0.0,0.0,191.00445556640625,79.88910675048828,193.9634246826172,69.2070541381836,90.86731719970705,65.79850769042969,92.59434509277344,64.11538696289062,282.2166748046875,169.81515502929688,271.6734619140625,163.80917358398438,0.0,0.0,0.0,0.0,0.0,0.0,0.0,0.0
184,0.0,0.0,0.0,0.0,0.0,0.0,0.0,0.0,0.0,0.0,0.0,0.0,0.0,0.0,0.0,0.0,0.0,0.0,103.02576446533205,67.11602020263672,101.74523162841795,61.37955474853516,0.0,0.0,0.0,0.0,0.0,0.0,0.0,0.0,0.0,0.0,0.0,0.0
185,0.0,0.0,0.0,0.0,0.0,0.0,0.0,0.0,0.0,0.0,0.0,0.0,0.0,0.0,0.0,0.0,0.0,0.0,0.0,0.0,0.0,0.0,0.0,0.0,270.7440795898437,162.7960205078125,0.0,0.0,0.0,0.0,0.0,0.0,0.0,0.0
186,0.0,0.0,0.0,0.0,0.0,0.0,0.0,0.0,0.0,0.0,0.0,0.0,0.0,0.0,0.0,0.0,137.1561279296875,53.856781005859375,0.0,0.0,41.87060546875,77.59288024902344,273.62255859375,169.70663452148438,259.6246643066406,167.9571990966797,0.0,0.0,0.0,0.0,0.0,0.0,0.0,0.0
187,0.0,0.0,0.0,0.0,0.0,0.0,0.0,0.0,0.0,0.0,0.0,0.0,0.0,0.0,128.1727294921875,69.90933227539062,125.5942611694336,60.57395935058594,0.0,0.0,35.852325439453125,78.62811279296875,271.9833374023437,174.050048828125,259.2330322265625,173.07347106933594,0.0,0.0,0.0,0.0,0.0,0.0,0.0,0.0
188,0.0,0.0,0.0,0.0,0.0,0.0,0.0,0.0,0.0,0.0,0.0,0.0,0.0,0.0,0.0,0.0,144.40069580078125,54.66260528564453,58.779083251953125,77.66485595703125,46.34381103515625,78.52311706542969,0.0,0.0,261.280517578125,173.3856201171875,0.0,0.0,0.0,0.0,0.0,0.0,0.0,0.0
189,0.0,0.0,0.0,0.0,0.0,0.0,0.0,0.0,0.0,0.0,0.0,0.0,0.0,0.0,0.0,0.0,120.62242126464844,66.39205932617188,0.0,0.0,33.78364562988281,79.31915283203125,0.0,0.0,255.012451171875,177.22549438476562,0.0,0.0,0.0,0.0,0.0,0.0,0.0,0.0
190,0.0,0.0,0.0,0.0,0.0,0.0,0.0,0.0,0.0,0.0,0.0,0.0,0.0,0.0,0.0,0.0,120.91973876953124,66.7397689819336,0.0,0.0,33.9635009765625,79.01091766357422,0.0,0.0,254.6318359375,182.3773498535156,0.0,0.0,0.0,0.0,0.0,0.0,0.0,0.0
191,0.0,0.0,0.0,0.0,0.0,0.0,0.0,0.0,0.0,0.0,0.0,0.0,0.0,0.0,0.0,0.0,122.89325714111328,68.51353454589844,0.0,0.0,35.81852722167969,79.13231658935547,0.0,0.0,258.2178039550781,184.35769653320312,0.0,0.0,0.0,0.0,0.0,0.0,0.0,0.0
192,0.0,0.0,0.0,0.0,0.0,0.0,0.0,0.0,0.0,0.0,0.0,0.0,0.0,0.0,0.0,0.0,125.9293212890625,65.98715209960938,0.0,0.0,37.01338195800781,80.38594818115234,0.0,0.0,257.81182861328125,182.95220947265625,0.0,0.0,0.0,0.0,0.0,0.0,0.0,0.0
193,0.0,0.0,0.0,0.0,0.0,0.0,0.0,0.0,0.0,0.0,0.0,0.0,0.0,0.0,0.0,0.0,133.3857879638672,63.57676696777344,0.0,0.0,40.81304931640625,80.20147705078125,0.0,0.0,253.95181274414065,185.88815307617188,0.0,0.0,0.0,0.0,0.0,0.0,0.0,0.0
194,0.0,0.0,0.0,0.0,0.0,0.0,0.0,0.0,0.0,0.0,0.0,0.0,0.0,0.0,0.0,0.0,143.99813842773438,73.32234954833984,0.0,0.0,44.21031188964844,79.54536437988281,0.0,0.0,245.38226318359372,183.7473907470703,0.0,0.0,0.0,0.0,0.0,0.0,0.0,0.0
195,0.0,0.0,0.0,0.0,0.0,0.0,0.0,0.0,0.0,0.0,0.0,0.0,0.0,0.0,0.0,0.0,146.7503662109375,80.61837768554688,0.0,0.0,61.67106628417969,79.66162109375,277.6039733886719,187.55270385742188,231.72314453125,182.9764404296875,0.0,0.0,0.0,0.0,0.0,0.0,0.0,0.0
196,0.0,0.0,0.0,0.0,0.0,0.0,0.0,0.0,0.0,0.0,0.0,0.0,0.0,0.0,0.0,0.0,146.79063415527344,80.63125610351562,0.0,0.0,61.63505554199219,79.60530090332031,277.5126342773437,187.65005493164065,231.84683227539065,182.8719787597656,0.0,0.0,0.0,0.0,0.0,0.0,0.0,0.0
197,0.0,0.0,0.0,0.0,0.0,0.0,0.0,0.0,0.0,0.0,0.0,0.0,0.0,0.0,0.0,0.0,147.2550811767578,80.86810302734375,0.0,0.0,56.88387298583984,77.9755859375,0.0,0.0,236.65347290039065,180.750244140625,0.0,0.0,0.0,0.0,0.0,0.0,0.0,0.0
198,0.0,0.0,0.0,0.0,0.0,0.0,0.0,0.0,0.0,0.0,0.0,0.0,0.0,0.0,161.94483947753906,85.90556335449219,160.53042602539062,81.70930480957031,78.23636627197266,74.66268157958984,79.40867614746094,74.42161560058594,0.0,0.0,254.448486328125,186.0043792724609,0.0,0.0,0.0,0.0,0.0,0.0,0.0,0.0
199,0.0,0.0,0.0,0.0,0.0,0.0,0.0,0.0,0.0,0.0,0.0,0.0,0.0,0.0,177.636474609375,88.5542221069336,176.57069396972656,85.30952453613281,98.10489654541016,67.0593032836914,100.58634185791016,69.48746490478516,268.2381591796875,175.6765899658203,250.14247131347656,173.17233276367188,0.0,0.0,0.0,0.0,0.0,0.0,0.0,0.0
200,0.0,0.0,0.0,0.0,0.0,0.0,0.0,0.0,0.0,0.0,0.0,0.0,0.0,0.0,0.0,0.0,198.1388397216797,82.62394714355469,116.47508239746094,66.4716796875,121.97569274902344,69.2862548828125,0.0,0.0,250.37652587890625,173.33975219726562,0.0,0.0,0.0,0.0,0.0,0.0,0.0,0.0
201,0.0,0.0,0.0,0.0,0.0,0.0,0.0,0.0,0.0,0.0,0.0,0.0,0.0,0.0,0.0,0.0,213.01634216308597,76.9846420288086,220.39096069335935,80.23656463623047,151.7544708251953,64.9308853149414,0.0,0.0,245.9447326660156,174.41256713867188,0.0,0.0,0.0,0.0,0.0,0.0,0.0,0.0
202,0.0,0.0,0.0,0.0,0.0,0.0,0.0,0.0,0.0,0.0,0.0,0.0,0.0,0.0,305.8734741210937,82.17576599121094,0.0,0.0,213.47706604003903,69.93510437011719,214.19004821777344,71.91189575195312,0.0,0.0,0.0,0.0,0.0,0.0,0.0,0.0,0.0,0.0,0.0,0.0
203,0.0,0.0,0.0,0.0,0.0,0.0,0.0,0.0,0.0,0.0,0.0,0.0,0.0,0.0,310.4239501953125,80.22225189208984,0.0,0.0,209.61070251464844,67.18701934814453,208.2123870849609,69.8573989868164,0.0,0.0,0.0,0.0,0.0,0.0,0.0,0.0,0.0,0.0,0.0,0.0
204,0.0,0.0,0.0,0.0,0.0,0.0,0.0,0.0,0.0,0.0,0.0,0.0,0.0,0.0,304.45880126953125,81.57206726074219,209.08963012695312,73.96080017089844,196.29183959960935,65.61650085449219,176.23463439941406,55.84176635742188,296.52471923828125,168.81271362304688,237.99365234375,161.5904998779297,0.0,0.0,0.0,0.0,0.0,0.0,0.0,0.0
205,0.0,0.0,0.0,0.0,0.0,0.0,0.0,0.0,0.0,0.0,0.0,0.0,0.0,0.0,306.01324462890625,84.50718688964844,0.0,0.0,189.0017547607422,68.33910369873047,179.26353454589844,62.78538513183594,297.1450500488281,161.659423828125,231.23312377929688,150.2763671875,0.0,0.0,0.0,0.0,0.0,0.0,0.0,0.0
206,0.0,0.0,0.0,0.0,0.0,0.0,0.0,0.0,0.0,0.0,0.0,0.0,0.0,0.0,315.5430603027344,94.24417877197266,0.0,0.0,198.312255859375,75.98323059082031,182.4371032714844,71.98591613769531,281.56866455078125,171.75918579101562,211.54640197753903,159.4320068359375,0.0,0.0,0.0,0.0,0.0,0.0,0.0,0.0
207,0.0,0.0,0.0,0.0,0.0,0.0,0.0,0.0,0.0,0.0,0.0,0.0,0.0,0.0,313.8707580566406,96.5932388305664,0.0,0.0,201.2451171875,78.11155700683594,198.09976196289065,77.3200912475586,0.0,0.0,0.0,0.0,0.0,0.0,0.0,0.0,0.0,0.0,0.0,0.0
208,0.0,0.0,0.0,0.0,0.0,0.0,0.0,0.0,0.0,0.0,0.0,0.0,0.0,0.0,317.36700439453125,100.22367095947266,0.0,0.0,208.2629852294922,84.69764709472656,204.5980987548828,82.96722412109375,0.0,0.0,0.0,0.0,0.0,0.0,0.0,0.0,0.0,0.0,0.0,0.0
209,0.0,0.0,0.0,0.0,0.0,0.0,0.0,0.0,0.0,0.0,0.0,0.0,0.0,0.0,318.93914794921875,108.69149780273438,0.0,0.0,210.26123046875,91.57650756835938,214.89309692382807,86.3011474609375,0.0,0.0,0.0,0.0,0.0,0.0,0.0,0.0,0.0,0.0,0.0,0.0
210,0.0,0.0,0.0,0.0,0.0,0.0,0.0,0.0,0.0,0.0,0.0,0.0,0.0,0.0,0.0,0.0,0.0,0.0,214.1490020751953,98.33568572998048,223.41717529296875,78.00936889648438,0.0,0.0,0.0,0.0,0.0,0.0,0.0,0.0,0.0,0.0,0.0,0.0
211,0.0,0.0,0.0,0.0,0.0,0.0,0.0,0.0,0.0,0.0,0.0,0.0,0.0,0.0,0.0,0.0,297.6709899902344,71.04529571533203,217.2046661376953,99.94786071777344,231.5460662841797,63.525482177734375,0.0,0.0,0.0,0.0,0.0,0.0,0.0,0.0,0.0,0.0,0.0,0.0
212,0.0,0.0,0.0,0.0,0.0,0.0,0.0,0.0,0.0,0.0,0.0,0.0,0.0,0.0,0.0,0.0,297.20672607421875,70.91050720214844,217.1927795410156,99.56712341308594,233.47879028320312,64.70933532714844,0.0,0.0,0.0,0.0,0.0,0.0,0.0,0.0,0.0,0.0,0.0,0.0
213,0.0,0.0,0.0,0.0,0.0,0.0,0.0,0.0,0.0,0.0,0.0,0.0,0.0,0.0,0.0,0.0,0.0,0.0,220.168701171875,100.70865631103516,244.74375915527344,66.13410949707031,0.0,0.0,0.0,0.0,0.0,0.0,0.0,0.0,0.0,0.0,0.0,0.0
214,0.0,0.0,0.0,0.0,0.0,0.0,0.0,0.0,0.0,0.0,0.0,0.0,0.0,0.0,0.0,0.0,0.0,0.0,221.4654083251953,98.65933990478516,243.75344848632807,65.18405151367188,0.0,0.0,0.0,0.0,0.0,0.0,0.0,0.0,0.0,0.0,0.0,0.0
215,0.0,0.0,0.0,0.0,0.0,0.0,0.0,0.0,0.0,0.0,0.0,0.0,0.0,0.0,0.0,0.0,305.0601806640625,68.31138610839844,222.26417541503903,98.5328598022461,245.3845672607422,63.48127746582031,0.0,0.0,0.0,0.0,0.0,0.0,0.0,0.0,0.0,0.0,0.0,0.0
216,0.0,0.0,0.0,0.0,0.0,0.0,0.0,0.0,0.0,0.0,0.0,0.0,0.0,0.0,0.0,0.0,0.0,0.0,221.5648651123047,98.75828552246094,244.26174926757807,62.97734832763672,0.0,0.0,0.0,0.0,0.0,0.0,0.0,0.0,0.0,0.0,0.0,0.0
217,0.0,0.0,0.0,0.0,0.0,0.0,0.0,0.0,0.0,0.0,0.0,0.0,0.0,0.0,0.0,0.0,0.0,0.0,222.20034790039065,99.24761199951172,243.10226440429688,62.82341766357422,0.0,0.0,0.0,0.0,0.0,0.0,0.0,0.0,0.0,0.0,0.0,0.0
218,0.0,0.0,0.0,0.0,0.0,0.0,0.0,0.0,0.0,0.0,0.0,0.0,0.0,0.0,314.7431945800781,122.7716827392578,308.7601013183594,69.51441955566406,222.1253204345703,99.6747817993164,240.82418823242188,63.64961242675781,0.0,0.0,0.0,0.0,0.0,0.0,0.0,0.0,0.0,0.0,0.0,0.0
219,0.0,0.0,0.0,0.0,0.0,0.0,0.0,0.0,0.0,0.0,0.0,0.0,0.0,0.0,0.0,0.0,0.0,0.0,222.68783569335935,100.5897216796875,240.30816650390625,63.372894287109375,0.0,0.0,0.0,0.0,0.0,0.0,0.0,0.0,0.0,0.0,0.0,0.0
220,0.0,0.0,0.0,0.0,0.0,0.0,0.0,0.0,0.0,0.0,0.0,0.0,0.0,0.0,0.0,0.0,0.0,0.0,221.05099487304688,97.77626037597656,238.07171630859372,62.11314392089844,0.0,0.0,0.0,0.0,0.0,0.0,0.0,0.0,0.0,0.0,0.0,0.0
221,0.0,0.0,0.0,0.0,0.0,0.0,0.0,0.0,0.0,0.0,0.0,0.0,0.0,0.0,0.0,0.0,0.0,0.0,220.92105102539065,98.03407287597656,236.0829162597656,61.86761474609375,0.0,0.0,0.0,0.0,0.0,0.0,0.0,0.0,0.0,0.0,0.0,0.0
222,0.0,0.0,0.0,0.0,0.0,0.0,0.0,0.0,0.0,0.0,0.0,0.0,0.0,0.0,0.0,0.0,0.0,0.0,219.888427734375,94.14271545410156,240.4608459472656,61.83435821533203,0.0,0.0,0.0,0.0,0.0,0.0,0.0,0.0,0.0,0.0,0.0,0.0
223,0.0,0.0,0.0,0.0,0.0,0.0,0.0,0.0,0.0,0.0,0.0,0.0,0.0,0.0,0.0,0.0,0.0,0.0,215.0718688964844,92.50396728515624,238.7349548339844,62.034942626953125,0.0,0.0,0.0,0.0,0.0,0.0,0.0,0.0,0.0,0.0,0.0,0.0
224,0.0,0.0,0.0,0.0,0.0,0.0,0.0,0.0,0.0,0.0,0.0,0.0,0.0,0.0,309.8372802734375,113.30274963378906,0.0,0.0,211.47219848632807,90.8111572265625,237.2285919189453,66.83024597167969,0.0,0.0,0.0,0.0,0.0,0.0,0.0,0.0,0.0,0.0,0.0,0.0
225,0.0,0.0,0.0,0.0,0.0,0.0,0.0,0.0,0.0,0.0,0.0,0.0,0.0,0.0,314.79302978515625,113.15000915527344,0.0,0.0,211.82135009765625,88.64659881591797,241.25917053222656,65.88352966308594,0.0,0.0,0.0,0.0,0.0,0.0,0.0,0.0,0.0,0.0,0.0,0.0
226,0.0,0.0,0.0,0.0,0.0,0.0,0.0,0.0,0.0,0.0,0.0,0.0,0.0,0.0,311.624755859375,111.70436096191406,0.0,0.0,212.9732208251953,87.833984375,230.40267944335935,68.36430358886719,0.0,0.0,0.0,0.0,0.0,0.0,0.0,0.0,0.0,0.0,0.0,0.0
227,0.0,0.0,0.0,0.0,0.0,0.0,0.0,0.0,0.0,0.0,0.0,0.0,0.0,0.0,306.5306091308594,104.2676239013672,0.0,0.0,208.20266723632807,87.42633056640625,218.40475463867188,72.22208404541016,0.0,0.0,0.0,0.0,0.0,0.0,0.0,0.0,0.0,0.0,0.0,0.0
228,0.0,0.0,0.0,0.0,0.0,0.0,0.0,0.0,0.0,0.0,0.0,0.0,0.0,0.0,307.92559814453125,104.95684814453124,0.0,0.0,206.63137817382807,86.20442199707031,212.42678833007807,71.2202377319336,0.0,0.0,0.0,0.0,0.0,0.0,0.0,0.0,0.0,0.0,0.0,0.0
229,0.0,0.0,0.0,0.0,0.0,0.0,0.0,0.0,0.0,0.0,0.0,0.0,0.0,0.0,311.9281311035156,104.85309600830078,0.0,0.0,204.9256591796875,82.17041015625,206.66754150390625,75.21159362792969,0.0,0.0,0.0,0.0,0.0,0.0,0.0,0.0,0.0,0.0,0.0,0.0
230,0.0,0.0,0.0,0.0,0.0,0.0,0.0,0.0,0.0,0.0,0.0,0.0,0.0,0.0,312.904052734375,101.51847839355467,0.0,0.0,203.35731506347656,82.07950592041016,202.9955139160156,77.24516296386719,0.0,0.0,0.0,0.0,0.0,0.0,0.0,0.0,0.0,0.0,0.0,0.0
231,0.0,0.0,0.0,0.0,0.0,0.0,0.0,0.0,0.0,0.0,0.0,0.0,0.0,0.0,309.2585754394531,99.75409698486328,0.0,0.0,204.2946014404297,79.34257507324219,205.62625122070312,76.38292694091797,0.0,0.0,0.0,0.0,0.0,0.0,0.0,0.0,0.0,0.0,0.0,0.0
232,0.0,0.0,0.0,0.0,0.0,0.0,0.0,0.0,0.0,0.0,0.0,0.0,0.0,0.0,309.0811767578125,96.79544830322266,0.0,0.0,206.0289306640625,77.97907257080078,205.1189422607422,77.74171447753906,0.0,0.0,0.0,0.0,0.0,0.0,0.0,0.0,0.0,0.0,0.0,0.0
233,0.0,0.0,0.0,0.0,0.0,0.0,0.0,0.0,0.0,0.0,0.0,0.0,0.0,0.0,309.25103759765625,93.36209106445312,0.0,0.0,203.2335205078125,76.55038452148438,201.94520568847656,76.91756439208984,0.0,0.0,0.0,0.0,0.0,0.0,0.0,0.0,0.0,0.0,0.0,0.0
234,0.0,0.0,0.0,0.0,0.0,0.0,0.0,0.0,0.0,0.0,0.0,0.0,0.0,0.0,307.3346862792969,92.7932586669922,0.0,0.0,198.87620544433597,76.27227783203125,199.38775634765625,76.39035034179688,0.0,0.0,0.0,0.0,0.0,0.0,0.0,0.0,0.0,0.0,0.0,0.0
235,0.0,0.0,0.0,0.0,0.0,0.0,0.0,0.0,0.0,0.0,0.0,0.0,0.0,0.0,0.0,0.0,0.0,0.0,199.48687744140625,75.5671157836914,200.2212677001953,76.28746795654297,0.0,0.0,0.0,0.0,0.0,0.0,0.0,0.0,0.0,0.0,0.0,0.0
236,0.0,0.0,0.0,0.0,0.0,0.0,0.0,0.0,0.0,0.0,0.0,0.0,0.0,0.0,302.39324951171875,90.49494934082033,0.0,0.0,196.81396484375,76.64881134033203,196.63731384277344,77.783203125,0.0,0.0,0.0,0.0,0.0,0.0,0.0,0.0,0.0,0.0,0.0,0.0
237,0.0,0.0,0.0,0.0,0.0,0.0,0.0,0.0,0.0,0.0,0.0,0.0,0.0,0.0,299.69580078125,88.21883392333984,0.0,0.0,193.48092651367188,78.82374572753906,190.7026214599609,78.43366241455078,0.0,0.0,0.0,0.0,0.0,0.0,0.0,0.0,0.0,0.0,0.0,0.0
238,0.0,0.0,0.0,0.0,0.0,0.0,0.0,0.0,0.0,0.0,0.0,0.0,0.0,0.0,0.0,0.0,0.0,0.0,193.61952209472656,78.76443481445312,190.2547912597656,78.59877014160156,0.0,0.0,0.0,0.0,0.0,0.0,0.0,0.0,0.0,0.0,0.0,0.0
239,0.0,0.0,0.0,0.0,0.0,0.0,0.0,0.0,0.0,0.0,0.0,0.0,0.0,0.0,302.2392883300781,88.76909637451172,0.0,0.0,192.704345703125,80.04051208496094,191.1987152099609,79.6491928100586,0.0,0.0,0.0,0.0,0.0,0.0,0.0,0.0,0.0,0.0,0.0,0.0
240,0.0,0.0,0.0,0.0,0.0,0.0,0.0,0.0,0.0,0.0,0.0,0.0,0.0,0.0,302.0646667480469,92.573974609375,0.0,0.0,194.5668182373047,82.4873275756836,194.20120239257807,81.36692810058594,0.0,0.0,0.0,0.0,0.0,0.0,0.0,0.0,0.0,0.0,0.0,0.0
241,0.0,0.0,0.0,0.0,0.0,0.0,0.0,0.0,0.0,0.0,0.0,0.0,0.0,0.0,305.08673095703125,92.67009735107422,0.0,0.0,195.30157470703125,82.30158233642578,194.08367919921875,79.67340087890625,0.0,0.0,0.0,0.0,0.0,0.0,0.0,0.0,0.0,0.0,0.0,0.0
242,0.0,0.0,0.0,0.0,0.0,0.0,0.0,0.0,0.0,0.0,0.0,0.0,0.0,0.0,300.9378356933594,91.19478607177734,0.0,0.0,196.74131774902344,82.03338623046875,195.255615234375,78.62872314453125,0.0,0.0,0.0,0.0,0.0,0.0,0.0,0.0,0.0,0.0,0.0,0.0
243,0.0,0.0,0.0,0.0,0.0,0.0,0.0,0.0,0.0,0.0,0.0,0.0,0.0,0.0,299.1937561035156,90.86035919189452,0.0,0.0,195.38980102539065,83.96443176269531,194.60955810546875,80.03263092041016,0.0,0.0,0.0,0.0,0.0,0.0,0.0,0.0,0.0,0.0,0.0,0.0
244,0.0,0.0,0.0,0.0,0.0,0.0,0.0,0.0,0.0,0.0,0.0,0.0,0.0,0.0,302.8020324707031,90.26304626464844,0.0,0.0,195.74794006347656,83.68972778320312,194.9520568847656,79.63964080810547,0.0,0.0,0.0,0.0,0.0,0.0,0.0,0.0,0.0,0.0,0.0,0.0
245,0.0,0.0,0.0,0.0,0.0,0.0,0.0,0.0,0.0,0.0,0.0,0.0,0.0,0.0,300.38494873046875,90.45589447021484,0.0,0.0,195.56690979003903,79.02940368652344,195.08920288085935,76.51181030273438,0.0,0.0,0.0,0.0,0.0,0.0,0.0,0.0,0.0,0.0,0.0,0.0
246,0.0,0.0,0.0,0.0,0.0,0.0,0.0,0.0,0.0,0.0,0.0,0.0,0.0,0.0,295.8653564453125,90.2963409423828,0.0,0.0,191.6402587890625,76.16952514648438,193.19129943847656,75.34654235839844,0.0,0.0,0.0,0.0,0.0,0.0,0.0,0.0,0.0,0.0,0.0,0.0
247,0.0,0.0,0.0,0.0,0.0,0.0,0.0,0.0,0.0,0.0,0.0,0.0,0.0,0.0,297.3145751953125,83.55960083007812,0.0,0.0,191.43716430664065,76.54124450683594,189.75428771972656,71.99972534179688,0.0,0.0,0.0,0.0,0.0,0.0,0.0,0.0,0.0,0.0,0.0,0.0
248,0.0,0.0,0.0,0.0,0.0,0.0,0.0,0.0,0.0,0.0,0.0,0.0,0.0,0.0,0.0,0.0,0.0,0.0,0.0,0.0,0.0,0.0,0.0,0.0,0.0,0.0,0.0,0.0,0.0,0.0,0.0,0.0,0.0,0.0
249,0.0,0.0,0.0,0.0,0.0,0.0,0.0,0.0,0.0,0.0,0.0,0.0,0.0,0.0,0.0,0.0,0.0,0.0,0.0,0.0,0.0,0.0,0.0,0.0,0.0,0.0,0.0,0.0,0.0,0.0,0.0,0.0,0.0,0.0
250,0.0,0.0,0.0,0.0,0.0,0.0,0.0,0.0,0.0,0.0,0.0,0.0,0.0,0.0,0.0,0.0,0.0,0.0,0.0,0.0,0.0,0.0,0.0,0.0,0.0,0.0,0.0,0.0,0.0,0.0,0.0,0.0,0.0,0.0
251,0.0,0.0,0.0,0.0,0.0,0.0,0.0,0.0,0.0,0.0,0.0,0.0,0.0,0.0,292.0467529296875,77.36888122558594,0.0,0.0,174.93954467773438,69.09895324707031,173.25709533691406,67.3853988647461,0.0,0.0,0.0,0.0,0.0,0.0,0.0,0.0,0.0,0.0,0.0,0.0
252,0.0,0.0,0.0,0.0,0.0,0.0,0.0,0.0,0.0,0.0,0.0,0.0,0.0,0.0,0.0,0.0,273.69921875,65.28314208984375,172.606201171875,69.56816101074219,169.52392578125,63.923583984375,0.0,0.0,0.0,0.0,0.0,0.0,0.0,0.0,0.0,0.0,0.0,0.0
253,0.0,0.0,0.0,0.0,0.0,0.0,0.0,0.0,0.0,0.0,0.0,0.0,0.0,0.0,0.0,0.0,0.0,0.0,184.03900146484372,84.26380920410156,167.44711303710938,59.63756561279297,0.0,0.0,0.0,0.0,0.0,0.0,0.0,0.0,0.0,0.0,0.0,0.0
254,0.0,0.0,0.0,0.0,0.0,0.0,0.0,0.0,0.0,0.0,0.0,0.0,0.0,0.0,0.0,0.0,0.0,0.0,163.7086944580078,77.92741394042969,167.1195526123047,65.80657196044922,0.0,0.0,0.0,0.0,0.0,0.0,0.0,0.0,0.0,0.0,0.0,0.0
255,0.0,0.0,0.0,0.0,0.0,0.0,0.0,0.0,0.0,0.0,0.0,0.0,0.0,0.0,0.0,0.0,0.0,0.0,157.1949462890625,78.87371826171875,160.67945861816406,56.98133850097656,0.0,0.0,0.0,0.0,0.0,0.0,0.0,0.0,0.0,0.0,0.0,0.0
256,0.0,0.0,0.0,0.0,0.0,0.0,0.0,0.0,0.0,0.0,0.0,0.0,0.0,0.0,285.2582702636719,70.31712341308594,0.0,0.0,156.67510986328125,59.03631591796875,158.57388305664062,67.71283721923828,0.0,0.0,0.0,0.0,0.0,0.0,0.0,0.0,0.0,0.0,0.0,0.0
257,0.0,0.0,0.0,0.0,0.0,0.0,0.0,0.0,0.0,0.0,0.0,0.0,0.0,0.0,281.4696655273437,59.14224243164063,0.0,0.0,159.21234130859375,52.92979431152344,165.3641815185547,82.83901977539062,0.0,0.0,0.0,0.0,0.0,0.0,0.0,0.0,0.0,0.0,0.0,0.0
258,0.0,0.0,0.0,0.0,0.0,0.0,0.0,0.0,0.0,0.0,0.0,0.0,0.0,0.0,277.5858764648437,63.25425720214844,266.98583984375,67.98246002197266,159.58770751953125,47.90599060058594,163.82188415527344,61.992279052734375,0.0,0.0,0.0,0.0,0.0,0.0,0.0,0.0,0.0,0.0,0.0,0.0
259,0.0,0.0,0.0,0.0,0.0,0.0,0.0,0.0,0.0,0.0,0.0,0.0,0.0,0.0,272.506591796875,68.31255340576172,261.8651733398437,70.83922576904297,169.67037963867188,43.36441802978516,164.39401245117188,61.24076843261719,0.0,0.0,0.0,0.0,0.0,0.0,0.0,0.0,0.0,0.0,0.0,0.0
260,0.0,0.0,0.0,0.0,0.0,0.0,0.0,0.0,0.0,0.0,0.0,0.0,0.0,0.0,272.532470703125,58.65501403808594,0.0,0.0,168.98428344726562,42.16345977783203,167.1182861328125,69.36048889160156,0.0,0.0,0.0,0.0,0.0,0.0,0.0,0.0,0.0,0.0,0.0,0.0
261,0.0,0.0,0.0,0.0,0.0,0.0,0.0,0.0,0.0,0.0,0.0,0.0,0.0,0.0,269.635986328125,59.83030700683594,0.0,0.0,166.33102416992188,49.001861572265625,166.8582763671875,48.84537506103516,0.0,0.0,0.0,0.0,0.0,0.0,0.0,0.0,0.0,0.0,0.0,0.0
262,0.0,0.0,0.0,0.0,0.0,0.0,0.0,0.0,0.0,0.0,0.0,0.0,0.0,0.0,271.0116882324219,54.43049621582031,0.0,0.0,166.60287475585938,40.3912353515625,171.68820190429688,74.185791015625,0.0,0.0,0.0,0.0,0.0,0.0,0.0,0.0,0.0,0.0,0.0,0.0
263,0.0,0.0,0.0,0.0,0.0,0.0,0.0,0.0,0.0,0.0,0.0,0.0,0.0,0.0,266.3008728027344,51.20407104492188,262.5115051269531,79.77937316894531,165.21722412109375,42.05436706542969,172.40733337402344,88.05783081054688,0.0,0.0,0.0,0.0,0.0,0.0,0.0,0.0,0.0,0.0,0.0,0.0
264,0.0,0.0,0.0,0.0,0.0,0.0,0.0,0.0,0.0,0.0,0.0,0.0,0.0,0.0,266.8212280273437,56.70079040527344,0.0,0.0,165.5269317626953,46.24263000488281,170.00283813476562,81.14815521240234,0.0,0.0,0.0,0.0,0.0,0.0,0.0,0.0,0.0,0.0,0.0,0.0
265,0.0,0.0,0.0,0.0,0.0,0.0,0.0,0.0,0.0,0.0,0.0,0.0,0.0,0.0,268.8178100585937,51.249488830566406,254.74069213867188,79.1994400024414,167.5603790283203,38.94430541992188,172.99862670898438,87.41069793701172,0.0,0.0,0.0,0.0,0.0,0.0,0.0,0.0,0.0,0.0,0.0,0.0
266,0.0,0.0,0.0,0.0,0.0,0.0,0.0,0.0,0.0,0.0,0.0,0.0,0.0,0.0,264.1409912109375,52.28077697753906,258.0133972167969,79.60782623291016,166.50875854492188,38.041748046875,172.8737335205078,87.54629516601562,0.0,0.0,0.0,0.0,0.0,0.0,0.0,0.0,0.0,0.0,0.0,0.0
267,0.0,0.0,0.0,0.0,0.0,0.0,0.0,0.0,0.0,0.0,0.0,0.0,0.0,0.0,262.7325744628906,51.01599884033203,254.0040283203125,79.25171661376953,166.36712646484375,38.066017150878906,171.912353515625,88.41651916503906,0.0,0.0,0.0,0.0,0.0,0.0,0.0,0.0,0.0,0.0,0.0,0.0
268,0.0,0.0,0.0,0.0,0.0,0.0,0.0,0.0,0.0,0.0,0.0,0.0,0.0,0.0,264.9257202148437,52.67755889892578,249.42745971679688,81.13139343261719,169.45692443847656,36.61003112792969,172.95980834960938,86.5836410522461,0.0,0.0,0.0,0.0,0.0,0.0,0.0,0.0,0.0,0.0,0.0,0.0
269,0.0,0.0,0.0,0.0,0.0,0.0,0.0,0.0,0.0,0.0,0.0,0.0,0.0,0.0,259.5816345214844,48.27945709228516,252.37310791015625,83.8560562133789,165.54495239257812,34.679351806640625,174.20751953125,89.36576080322266,0.0,0.0,0.0,0.0,0.0,0.0,0.0,0.0,0.0,0.0,0.0,0.0
270,0.0,0.0,0.0,0.0,0.0,0.0,0.0,0.0,0.0,0.0,0.0,0.0,0.0,0.0,262.3996887207031,49.65718078613281,261.693603515625,80.42701721191406,165.952880859375,35.941261291503906,177.060791015625,94.46465301513672,0.0,0.0,0.0,0.0,0.0,0.0,0.0,0.0,0.0,0.0,0.0,0.0
271,0.0,0.0,0.0,0.0,0.0,0.0,0.0,0.0,0.0,0.0,0.0,0.0,0.0,0.0,263.9584350585937,50.02997970581055,0.0,0.0,165.78399658203125,27.22669982910156,186.3441467285156,95.69589233398438,0.0,0.0,0.0,0.0,0.0,0.0,0.0,0.0,0.0,0.0,0.0,0.0
272,0.0,0.0,0.0,0.0,0.0,0.0,0.0,0.0,0.0,0.0,0.0,0.0,0.0,0.0,257.51239013671875,43.53311920166016,0.0,0.0,161.8626708984375,24.27796173095703,173.8809051513672,87.68244171142578,0.0,0.0,0.0,0.0,0.0,0.0,0.0,0.0,0.0,0.0,0.0,0.0
273,0.0,0.0,0.0,0.0,0.0,0.0,0.0,0.0,0.0,0.0,0.0,0.0,0.0,0.0,256.0889892578125,41.86199188232422,0.0,0.0,159.57577514648438,20.907760620117188,183.88304138183597,88.76207733154297,0.0,0.0,0.0,0.0,0.0,0.0,0.0,0.0,0.0,0.0,0.0,0.0
274,0.0,0.0,0.0,0.0,0.0,0.0,0.0,0.0,0.0,0.0,0.0,0.0,0.0,0.0,251.2354736328125,33.972076416015625,255.7348175048828,75.64315795898438,159.32516479492188,21.642555236816406,171.5899200439453,88.45588684082031,0.0,0.0,0.0,0.0,0.0,0.0,0.0,0.0,0.0,0.0,0.0,0.0
275,0.0,0.0,0.0,0.0,0.0,0.0,0.0,0.0,0.0,0.0,0.0,0.0,0.0,0.0,251.5043487548828,39.84490966796875,0.0,0.0,160.7645263671875,20.473556518554688,169.68780517578125,83.91110229492188,0.0,0.0,0.0,0.0,0.0,0.0,0.0,0.0,0.0,0.0,0.0,0.0
276,0.0,0.0,0.0,0.0,0.0,0.0,0.0,0.0,0.0,0.0,0.0,0.0,0.0,0.0,249.3114776611328,42.73149871826172,0.0,0.0,159.56298828125,19.041786193847656,165.7381591796875,75.16822814941406,0.0,0.0,0.0,0.0,0.0,0.0,0.0,0.0,0.0,0.0,0.0,0.0
277,0.0,0.0,0.0,0.0,0.0,0.0,0.0,0.0,0.0,0.0,0.0,0.0,0.0,0.0,0.0,0.0,0.0,0.0,163.69320678710938,35.74828338623047,171.20347595214844,76.66458129882812,0.0,0.0,0.0,0.0,0.0,0.0,0.0,0.0,0.0,0.0,0.0,0.0
278,0.0,0.0,0.0,0.0,0.0,0.0,0.0,0.0,0.0,0.0,0.0,0.0,0.0,0.0,0.0,0.0,0.0,0.0,164.0023956298828,33.4974365234375,172.69699096679688,39.9521713256836,0.0,0.0,0.0,0.0,0.0,0.0,0.0,0.0,0.0,0.0,0.0,0.0
279,0.0,0.0,0.0,0.0,0.0,0.0,0.0,0.0,0.0,0.0,0.0,0.0,0.0,0.0,262.1038818359375,51.774993896484375,0.0,0.0,162.16050720214844,32.596046447753906,167.62850952148438,38.10386657714844,0.0,0.0,0.0,0.0,0.0,0.0,0.0,0.0,0.0,0.0,0.0,0.0
280,0.0,0.0,0.0,0.0,0.0,0.0,0.0,0.0,0.0,0.0,0.0,0.0,0.0,0.0,257.19244384765625,49.5313720703125,0.0,0.0,161.63270568847656,31.633155822753903,167.8040771484375,75.20829772949219,0.0,0.0,0.0,0.0,0.0,0.0,0.0,0.0,0.0,0.0,0.0,0.0
281,0.0,0.0,0.0,0.0,0.0,0.0,0.0,0.0,0.0,0.0,0.0,0.0,0.0,0.0,0.0,0.0,0.0,0.0,162.309326171875,37.97676086425781,168.76138305664062,59.13239288330078,0.0,0.0,0.0,0.0,0.0,0.0,0.0,0.0,0.0,0.0,0.0,0.0
282,0.0,0.0,0.0,0.0,0.0,0.0,0.0,0.0,0.0,0.0,0.0,0.0,0.0,0.0,0.0,0.0,0.0,0.0,159.5697479248047,32.982017517089844,164.65621948242188,38.29997253417969,0.0,0.0,0.0,0.0,0.0,0.0,0.0,0.0,0.0,0.0,0.0,0.0
283,0.0,0.0,0.0,0.0,0.0,0.0,0.0,0.0,0.0,0.0,0.0,0.0,0.0,0.0,258.197998046875,52.57231140136719,0.0,0.0,160.34042358398438,32.77631378173828,165.74327087402344,41.14375305175781,0.0,0.0,0.0,0.0,0.0,0.0,0.0,0.0,0.0,0.0,0.0,0.0
284,0.0,0.0,0.0,0.0,0.0,0.0,0.0,0.0,0.0,0.0,0.0,0.0,0.0,0.0,263.8432922363281,52.422760009765625,0.0,0.0,161.53271484375,34.51692199707031,167.974365234375,35.63600158691406,0.0,0.0,0.0,0.0,0.0,0.0,0.0,0.0,0.0,0.0,0.0,0.0
285,0.0,0.0,0.0,0.0,0.0,0.0,0.0,0.0,0.0,0.0,0.0,0.0,0.0,0.0,261.66070556640625,52.247535705566406,0.0,0.0,161.83563232421875,35.68303680419922,168.3708038330078,59.10755157470703,0.0,0.0,0.0,0.0,0.0,0.0,0.0,0.0,0.0,0.0,0.0,0.0
286,0.0,0.0,0.0,0.0,0.0,0.0,0.0,0.0,0.0,0.0,0.0,0.0,0.0,0.0,260.887451171875,51.46531677246094,0.0,0.0,161.02084350585938,35.81312561035156,167.72987365722656,74.56831359863281,0.0,0.0,0.0,0.0,0.0,0.0,0.0,0.0,0.0,0.0,0.0,0.0
287,0.0,0.0,0.0,0.0,0.0,0.0,0.0,0.0,0.0,0.0,0.0,0.0,0.0,0.0,0.0,0.0,0.0,0.0,160.69729614257812,34.26251983642578,167.15951538085938,33.66205596923828,0.0,0.0,0.0,0.0,0.0,0.0,0.0,0.0,0.0,0.0,0.0,0.0
288,0.0,0.0,0.0,0.0,0.0,0.0,0.0,0.0,0.0,0.0,0.0,0.0,0.0,0.0,0.0,0.0,0.0,0.0,161.44602966308594,33.72505187988281,169.8692169189453,84.58772277832031,0.0,0.0,0.0,0.0,0.0,0.0,0.0,0.0,0.0,0.0,0.0,0.0
289,0.0,0.0,0.0,0.0,0.0,0.0,0.0,0.0,0.0,0.0,0.0,0.0,0.0,0.0,0.0,0.0,0.0,0.0,157.04202270507812,25.346115112304688,165.55477905273438,56.09002685546875,0.0,0.0,0.0,0.0,0.0,0.0,0.0,0.0,0.0,0.0,0.0,0.0
290,0.0,0.0,0.0,0.0,0.0,0.0,0.0,0.0,0.0,0.0,0.0,0.0,0.0,0.0,0.0,0.0,0.0,0.0,157.86141967773438,28.42626953125,166.0166015625,72.80570983886719,0.0,0.0,0.0,0.0,0.0,0.0,0.0,0.0,0.0,0.0,0.0,0.0
291,0.0,0.0,0.0,0.0,0.0,0.0,0.0,0.0,0.0,0.0,0.0,0.0,0.0,0.0,0.0,0.0,0.0,0.0,157.68167114257812,29.41767883300781,162.8018341064453,60.75898742675781,0.0,0.0,0.0,0.0,0.0,0.0,0.0,0.0,0.0,0.0,0.0,0.0
292,0.0,0.0,0.0,0.0,0.0,0.0,0.0,0.0,0.0,0.0,0.0,0.0,0.0,0.0,0.0,0.0,0.0,0.0,157.70419311523438,26.25684356689453,164.33363342285156,26.65436553955078,0.0,0.0,0.0,0.0,0.0,0.0,0.0,0.0,0.0,0.0,0.0,0.0
293,0.0,0.0,0.0,0.0,0.0,0.0,0.0,0.0,0.0,0.0,0.0,0.0,0.0,0.0,250.88262939453125,42.931976318359375,0.0,0.0,157.43051147460938,25.22919464111328,164.17007446289062,47.18097686767578,0.0,0.0,0.0,0.0,0.0,0.0,0.0,0.0,0.0,0.0,0.0,0.0
294,0.0,0.0,0.0,0.0,0.0,0.0,0.0,0.0,0.0,0.0,0.0,0.0,0.0,0.0,252.3745880126953,43.06385040283203,0.0,0.0,158.58180236816406,25.76058959960937,163.00770568847656,41.5147705078125,0.0,0.0,0.0,0.0,0.0,0.0,0.0,0.0,0.0,0.0,0.0,0.0
295,0.0,0.0,0.0,0.0,0.0,0.0,0.0,0.0,0.0,0.0,0.0,0.0,0.0,0.0,262.7037353515625,51.01942443847656,0.0,0.0,160.74375915527344,33.72478485107422,165.52450561523438,37.340293884277344,0.0,0.0,0.0,0.0,0.0,0.0,0.0,0.0,0.0,0.0,0.0,0.0
296,0.0,0.0,0.0,0.0,0.0,0.0,0.0,0.0,0.0,0.0,0.0,0.0,0.0,0.0,252.7882080078125,45.00485229492188,0.0,0.0,160.14263916015625,27.103179931640625,165.17117309570312,51.24240112304688,0.0,0.0,0.0,0.0,0.0,0.0,0.0,0.0,0.0,0.0,0.0,0.0
297,0.0,0.0,0.0,0.0,0.0,0.0,0.0,0.0,0.0,0.0,0.0,0.0,0.0,0.0,253.33840942382807,43.74845886230469,0.0,0.0,159.8525390625,27.63827514648437,163.8251495361328,51.729103088378906,0.0,0.0,0.0,0.0,0.0,0.0,0.0,0.0,0.0,0.0,0.0,0.0
298,0.0,0.0,0.0,0.0,0.0,0.0,0.0,0.0,0.0,0.0,0.0,0.0,0.0,0.0,250.24093627929688,42.01397705078125,0.0,0.0,158.47048950195312,25.998825073242188,165.46072387695312,75.37492370605469,0.0,0.0,0.0,0.0,0.0,0.0,0.0,0.0,0.0,0.0,0.0,0.0
299,0.0,0.0,0.0,0.0,0.0,0.0,0.0,0.0,0.0,0.0,0.0,0.0,0.0,0.0,252.13650512695312,43.09332275390625,0.0,0.0,159.760986328125,27.68109893798828,165.28802490234375,73.40882873535156,0.0,0.0,0.0,0.0,0.0,0.0,0.0,0.0,0.0,0.0,0.0,0.0
300,0.0,0.0,0.0,0.0,0.0,0.0,0.0,0.0,0.0,0.0,0.0,0.0,0.0,0.0,0.0,0.0,0.0,0.0,0.0,0.0,0.0,0.0,0.0,0.0,0.0,0.0,0.0,0.0,0.0,0.0,0.0,0.0,0.0,0.0
301,0.0,0.0,0.0,0.0,0.0,0.0,0.0,0.0,0.0,0.0,0.0,0.0,0.0,0.0,254.8047790527344,52.2519760131836,0.0,0.0,155.63656616210938,33.01103973388672,159.1373291015625,51.57776641845703,0.0,0.0,0.0,0.0,0.0,0.0,0.0,0.0,0.0,0.0,0.0,0.0
302,0.0,0.0,0.0,0.0,0.0,0.0,0.0,0.0,0.0,0.0,0.0,0.0,0.0,0.0,247.3328399658203,49.163177490234375,0.0,0.0,153.201904296875,29.72455596923828,164.99549865722656,83.03235626220703,284.51287841796875,195.11692810058597,262.3036193847656,187.8257751464844,0.0,0.0,0.0,0.0,0.0,0.0,0.0,0.0
303,0.0,0.0,0.0,0.0,0.0,0.0,0.0,0.0,0.0,0.0,0.0,0.0,0.0,0.0,0.0,0.0,0.0,0.0,153.92393493652344,31.93962860107422,0.0,0.0,0.0,0.0,0.0,0.0,0.0,0.0,0.0,0.0,0.0,0.0,0.0,0.0
304,0.0,0.0,0.0,0.0,0.0,0.0,0.0,0.0,0.0,0.0,0.0,0.0,0.0,0.0,250.82635498046875,48.671348571777344,0.0,0.0,158.22442626953125,29.508628845214844,0.0,0.0,0.0,0.0,0.0,0.0,0.0,0.0,0.0,0.0,0.0,0.0,0.0,0.0
305,0.0,0.0,0.0,0.0,0.0,0.0,0.0,0.0,0.0,0.0,0.0,0.0,0.0,0.0,245.6241455078125,40.70079040527344,0.0,0.0,156.9202880859375,24.83686065673828,166.6849365234375,79.16291809082031,0.0,0.0,0.0,0.0,0.0,0.0,0.0,0.0,0.0,0.0,0.0,0.0
306,0.0,0.0,0.0,0.0,0.0,0.0,0.0,0.0,0.0,0.0,0.0,0.0,0.0,0.0,0.0,0.0,0.0,0.0,156.490478515625,26.74285125732422,0.0,0.0,0.0,0.0,0.0,0.0,0.0,0.0,0.0,0.0,0.0,0.0,0.0,0.0
307,0.0,0.0,0.0,0.0,0.0,0.0,0.0,0.0,0.0,0.0,0.0,0.0,0.0,0.0,0.0,0.0,0.0,0.0,154.59559631347656,26.42414093017578,157.5675811767578,31.412673950195312,0.0,0.0,0.0,0.0,0.0,0.0,0.0,0.0,0.0,0.0,0.0,0.0
308,0.0,0.0,0.0,0.0,0.0,0.0,0.0,0.0,0.0,0.0,0.0,0.0,0.0,0.0,0.0,0.0,0.0,0.0,155.46031188964844,27.006202697753903,157.40216064453125,43.60163116455078,0.0,0.0,0.0,0.0,0.0,0.0,0.0,0.0,0.0,0.0,0.0,0.0
309,0.0,0.0,0.0,0.0,0.0,0.0,0.0,0.0,0.0,0.0,0.0,0.0,0.0,0.0,0.0,0.0,0.0,0.0,155.1182098388672,24.101341247558597,161.34991455078125,31.71735382080078,0.0,0.0,0.0,0.0,0.0,0.0,0.0,0.0,0.0,0.0,0.0,0.0
310,0.0,0.0,0.0,0.0,0.0,0.0,0.0,0.0,0.0,0.0,0.0,0.0,0.0,0.0,0.0,0.0,0.0,0.0,154.02444458007812,22.44232940673828,160.03811645507812,44.37989044189453,0.0,0.0,0.0,0.0,0.0,0.0,0.0,0.0,0.0,0.0,0.0,0.0
311,0.0,0.0,0.0,0.0,0.0,0.0,0.0,0.0,0.0,0.0,0.0,0.0,0.0,0.0,251.83419799804688,35.21453094482422,0.0,0.0,154.7884521484375,22.00611114501953,159.3181915283203,54.43812561035156,0.0,0.0,0.0,0.0,0.0,0.0,0.0,0.0,0.0,0.0,0.0,0.0
312,0.0,0.0,0.0,0.0,0.0,0.0,0.0,0.0,0.0,0.0,0.0,0.0,0.0,0.0,0.0,0.0,0.0,0.0,156.63238525390625,23.548660278320312,159.9845733642578,21.513824462890625,0.0,0.0,0.0,0.0,0.0,0.0,0.0,0.0,0.0,0.0,0.0,0.0
313,0.0,0.0,0.0,0.0,0.0,0.0,0.0,0.0,0.0,0.0,0.0,0.0,0.0,0.0,249.45730590820312,35.66851806640625,0.0,0.0,155.8184051513672,20.446754455566406,164.523193359375,80.260498046875,0.0,0.0,0.0,0.0,0.0,0.0,0.0,0.0,0.0,0.0,0.0,0.0
314,0.0,0.0,0.0,0.0,0.0,0.0,0.0,0.0,0.0,0.0,0.0,0.0,0.0,0.0,0.0,0.0,0.0,0.0,160.89791870117188,34.392616271972656,169.98046875,88.31745147705078,0.0,0.0,0.0,0.0,0.0,0.0,0.0,0.0,0.0,0.0,0.0,0.0
315,0.0,0.0,0.0,0.0,0.0,0.0,0.0,0.0,0.0,0.0,0.0,0.0,0.0,0.0,0.0,0.0,0.0,0.0,155.8350830078125,25.866477966308597,171.09814453125,90.41209411621094,0.0,0.0,0.0,0.0,0.0,0.0,0.0,0.0,0.0,0.0,0.0,0.0
316,0.0,0.0,0.0,0.0,0.0,0.0,0.0,0.0,0.0,0.0,0.0,0.0,0.0,0.0,0.0,0.0,0.0,0.0,161.60354614257812,34.91224670410156,184.91912841796875,96.88898468017578,0.0,0.0,0.0,0.0,0.0,0.0,0.0,0.0,0.0,0.0,0.0,0.0
317,0.0,0.0,0.0,0.0,0.0,0.0,0.0,0.0,0.0,0.0,0.0,0.0,0.0,0.0,252.009033203125,41.43527221679688,0.0,0.0,159.46591186523438,26.493629455566406,189.45123291015625,97.53115844726562,0.0,0.0,0.0,0.0,0.0,0.0,0.0,0.0,0.0,0.0,0.0,0.0
318,0.0,0.0,0.0,0.0,0.0,0.0,0.0,0.0,0.0,0.0,0.0,0.0,0.0,0.0,250.54200744628903,42.53559112548828,0.0,0.0,157.30978393554688,26.19603729248047,173.58297729492188,90.62189483642578,0.0,0.0,0.0,0.0,0.0,0.0,0.0,0.0,0.0,0.0,0.0,0.0
319,0.0,0.0,0.0,0.0,0.0,0.0,0.0,0.0,0.0,0.0,0.0,0.0,0.0,0.0,251.0657501220703,43.14411163330078,0.0,0.0,153.94944763183594,24.25083923339844,167.8718719482422,70.70973205566406,0.0,0.0,0.0,0.0,0.0,0.0,0.0,0.0,0.0,0.0,0.0,0.0
320,0.0,0.0,0.0,0.0,0.0,0.0,0.0,0.0,0.0,0.0,0.0,0.0,0.0,0.0,0.0,0.0,0.0,0.0,156.29656982421875,21.08729553222656,195.5006256103516,95.1306610107422,0.0,0.0,0.0,0.0,0.0,0.0,0.0,0.0,0.0,0.0,0.0,0.0
321,0.0,0.0,0.0,0.0,0.0,0.0,0.0,0.0,0.0,0.0,0.0,0.0,0.0,0.0,0.0,0.0,0.0,0.0,154.6624755859375,32.006553649902344,158.9226837158203,71.5636215209961,0.0,0.0,0.0,0.0,0.0,0.0,0.0,0.0,0.0,0.0,0.0,0.0
322,0.0,0.0,0.0,0.0,0.0,0.0,0.0,0.0,0.0,0.0,0.0,0.0,0.0,0.0,255.487548828125,43.38670349121094,0.0,0.0,159.1070556640625,23.463592529296875,191.79185485839844,91.54969787597656,0.0,0.0,0.0,0.0,0.0,0.0,0.0,0.0,0.0,0.0,0.0,0.0
323,0.0,0.0,0.0,0.0,0.0,0.0,0.0,0.0,0.0,0.0,0.0,0.0,0.0,0.0,260.86090087890625,50.60816955566406,0.0,0.0,158.77752685546875,35.68836975097656,165.80364990234375,38.83576965332031,0.0,0.0,0.0,0.0,0.0,0.0,0.0,0.0,0.0,0.0,0.0,0.0
324,0.0,0.0,0.0,0.0,0.0,0.0,0.0,0.0,0.0,0.0,0.0,0.0,0.0,0.0,0.0,0.0,0.0,0.0,157.68099975585938,27.05411529541016,159.79653930664062,33.847381591796875,0.0,0.0,0.0,0.0,0.0,0.0,0.0,0.0,0.0,0.0,0.0,0.0
325,0.0,0.0,0.0,0.0,0.0,0.0,0.0,0.0,0.0,0.0,0.0,0.0,0.0,0.0,0.0,0.0,0.0,0.0,159.28048706054688,28.10147857666016,175.89149475097656,64.07721710205078,0.0,0.0,0.0,0.0,0.0,0.0,0.0,0.0,0.0,0.0,0.0,0.0
326,0.0,0.0,0.0,0.0,0.0,0.0,0.0,0.0,0.0,0.0,0.0,0.0,0.0,0.0,248.45513916015625,41.834449768066406,0.0,0.0,159.248046875,31.660850524902344,175.48367309570312,82.24235534667969,0.0,0.0,0.0,0.0,0.0,0.0,0.0,0.0,0.0,0.0,0.0,0.0
327,0.0,0.0,0.0,0.0,0.0,0.0,0.0,0.0,0.0,0.0,0.0,0.0,0.0,0.0,259.6828308105469,57.59129333496094,0.0,0.0,156.15411376953125,32.07807159423828,153.20840454101562,29.487693786621094,0.0,0.0,0.0,0.0,0.0,0.0,0.0,0.0,0.0,0.0,0.0,0.0
328,0.0,0.0,0.0,0.0,0.0,0.0,0.0,0.0,0.0,0.0,0.0,0.0,0.0,0.0,265.21588134765625,60.4638671875,257.5075378417969,76.11800384521484,164.57373046875,37.263580322265625,174.9208984375,76.66915130615234,0.0,0.0,0.0,0.0,0.0,0.0,0.0,0.0,0.0,0.0,0.0,0.0
329,0.0,0.0,0.0,0.0,0.0,0.0,0.0,0.0,0.0,0.0,0.0,0.0,0.0,0.0,282.1070556640625,65.69873046875,268.5456848144531,74.71810150146484,166.3765411376953,42.77836608886719,171.31101989746094,79.10491180419922,0.0,0.0,0.0,0.0,0.0,0.0,0.0,0.0,0.0,0.0,0.0,0.0
330,0.0,0.0,0.0,0.0,0.0,0.0,0.0,0.0,0.0,0.0,0.0,0.0,0.0,0.0,282.5316467285156,81.96673583984375,268.54315185546875,85.51397705078125,181.37730407714844,57.94091033935547,172.5157470703125,84.03593444824219,273.224609375,191.991455078125,256.1269836425781,182.71810913085935,0.0,0.0,0.0,0.0,0.0,0.0,0.0,0.0
331,0.0,0.0,0.0,0.0,0.0,0.0,0.0,0.0,0.0,0.0,0.0,0.0,0.0,0.0,295.7294006347656,73.22905731201172,264.0607604980469,75.09663391113281,160.88668823242188,47.950965881347656,162.34718322753906,78.70967864990234,0.0,0.0,0.0,0.0,0.0,0.0,0.0,0.0,0.0,0.0,0.0,0.0
332,0.0,0.0,0.0,0.0,0.0,0.0,0.0,0.0,0.0,0.0,0.0,0.0,0.0,0.0,300.2210998535156,81.44526672363281,0.0,0.0,170.04209899902344,48.65439987182617,170.830810546875,69.1746597290039,0.0,0.0,0.0,0.0,0.0,0.0,0.0,0.0,0.0,0.0,0.0,0.0
333,0.0,0.0,0.0,0.0,0.0,0.0,0.0,0.0,0.0,0.0,0.0,0.0,0.0,0.0,294.6423645019531,91.88998413085938,247.4872131347656,77.52436828613281,186.37075805664065,69.25079345703125,172.262939453125,75.95670318603516,282.8903503417969,180.4322509765625,251.8921661376953,171.46917724609375,0.0,0.0,0.0,0.0,0.0,0.0,0.0,0.0
334,0.0,0.0,0.0,0.0,0.0,0.0,0.0,0.0,0.0,0.0,0.0,0.0,0.0,0.0,0.0,0.0,263.45086669921875,75.66023254394531,168.997314453125,59.8597412109375,168.20016479492188,58.93119812011719,0.0,0.0,0.0,0.0,0.0,0.0,0.0,0.0,0.0,0.0,0.0,0.0
335,0.0,0.0,0.0,0.0,0.0,0.0,0.0,0.0,0.0,0.0,0.0,0.0,0.0,0.0,0.0,0.0,254.3904571533203,75.36140441894531,166.84869384765625,60.474727630615234,166.9352569580078,59.83219528198242,0.0,0.0,0.0,0.0,0.0,0.0,0.0,0.0,0.0,0.0,0.0,0.0
336,0.0,0.0,0.0,0.0,0.0,0.0,0.0,0.0,0.0,0.0,0.0,0.0,0.0,0.0,0.0,0.0,0.0,0.0,162.62408447265625,74.9005126953125,164.06634521484375,71.37062072753906,0.0,0.0,0.0,0.0,0.0,0.0,0.0,0.0,0.0,0.0,0.0,0.0
337,0.0,0.0,0.0,0.0,0.0,0.0,0.0,0.0,0.0,0.0,0.0,0.0,0.0,0.0,298.071533203125,112.55166625976562,290.37457275390625,87.34014892578125,172.516845703125,78.57120513916016,175.48265075683594,70.65868377685547,0.0,0.0,0.0,0.0,0.0,0.0,0.0,0.0,0.0,0.0,0.0,0.0
338,0.0,0.0,0.0,0.0,0.0,0.0,0.0,0.0,0.0,0.0,0.0,0.0,0.0,0.0,297.9472045898437,111.3642349243164,289.30206298828125,86.1298828125,172.26226806640625,78.935791015625,175.59361267089844,70.71730041503906,0.0,0.0,0.0,0.0,0.0,0.0,0.0,0.0,0.0,0.0,0.0,0.0
339,0.0,0.0,0.0,0.0,0.0,0.0,0.0,0.0,0.0,0.0,0.0,0.0,0.0,0.0,292.0040283203125,113.37141418457033,287.22857666015625,87.67289733886719,169.41912841796875,77.85871124267578,172.64361572265625,70.51619720458984,0.0,0.0,0.0,0.0,0.0,0.0,0.0,0.0,0.0,0.0,0.0,0.0
340,0.0,0.0,0.0,0.0,0.0,0.0,0.0,0.0,0.0,0.0,0.0,0.0,0.0,0.0,305.3263854980469,117.73636627197266,290.7389221191406,72.88077545166016,173.69229125976562,86.63729095458984,176.2279052734375,58.42504119873047,0.0,0.0,0.0,0.0,0.0,0.0,0.0,0.0,0.0,0.0,0.0,0.0
341,0.0,0.0,0.0,0.0,0.0,0.0,0.0,0.0,0.0,0.0,0.0,0.0,0.0,0.0,309.2705383300781,129.87167358398438,282.7317810058594,73.97785949707031,181.9461975097656,101.20719146728516,181.87945556640625,56.78243255615234,0.0,0.0,0.0,0.0,0.0,0.0,0.0,0.0,0.0,0.0,0.0,0.0
342,0.0,0.0,0.0,0.0,0.0,0.0,0.0,0.0,0.0,0.0,0.0,0.0,0.0,0.0,302.8973388671875,130.96978759765625,270.1934509277344,79.79545593261719,183.74282836914065,101.0293197631836,185.27243041992188,57.24329376220703,0.0,0.0,0.0,0.0,0.0,0.0,0.0,0.0,0.0,0.0,0.0,0.0
343,0.0,0.0,0.0,0.0,0.0,0.0,0.0,0.0,0.0,0.0,0.0,0.0,0.0,0.0,298.197509765625,130.326171875,275.2504577636719,79.61168670654297,183.3975982666016,104.6191864013672,188.8377990722656,61.41329956054688,0.0,0.0,0.0,0.0,0.0,0.0,0.0,0.0,0.0,0.0,0.0,0.0
344,0.0,0.0,0.0,0.0,0.0,0.0,0.0,0.0,0.0,0.0,0.0,0.0,0.0,0.0,301.0887451171875,125.9901351928711,276.1358642578125,92.1070785522461,190.8553466796875,105.93909454345705,202.5803680419922,85.1043701171875,0.0,0.0,0.0,0.0,0.0,0.0,0.0,0.0,0.0,0.0,0.0,0.0
345,0.0,0.0,0.0,0.0,0.0,0.0,0.0,0.0,0.0,0.0,0.0,0.0,0.0,0.0,307.10992431640625,128.83241271972656,282.18408203125,85.18233489990234,193.15013122558597,107.98129272460938,202.1921844482422,83.91581726074219,0.0,0.0,0.0,0.0,0.0,0.0,0.0,0.0,0.0,0.0,0.0,0.0
346,0.0,0.0,0.0,0.0,0.0,0.0,0.0,0.0,0.0,0.0,0.0,0.0,0.0,0.0,306.46075439453125,125.4145965576172,278.80694580078125,89.8485107421875,194.4603271484375,110.44847106933594,203.4888916015625,88.1044921875,0.0,0.0,0.0,0.0,0.0,0.0,0.0,0.0,0.0,0.0,0.0,0.0
347,0.0,0.0,0.0,0.0,0.0,0.0,0.0,0.0,0.0,0.0,0.0,0.0,0.0,0.0,307.9671325683594,127.01628875732422,273.6247253417969,84.89775848388672,198.51153564453125,111.71278381347656,198.8919219970703,83.5796890258789,0.0,0.0,0.0,0.0,0.0,0.0,0.0,0.0,0.0,0.0,0.0,0.0
348,0.0,0.0,0.0,0.0,0.0,0.0,0.0,0.0,0.0,0.0,0.0,0.0,0.0,0.0,310.181396484375,129.21368408203125,267.86474609375,86.98450469970703,201.0022735595703,116.46864318847656,195.8159942626953,81.88011932373047,0.0,0.0,0.0,0.0,0.0,0.0,0.0,0.0,0.0,0.0,0.0,0.0
349,0.0,0.0,0.0,0.0,0.0,0.0,0.0,0.0,0.0,0.0,0.0,0.0,0.0,0.0,304.5828857421875,131.22828674316406,259.08184814453125,86.77554321289062,205.2666778564453,124.6210708618164,173.23439025878906,71.69151306152344,0.0,0.0,0.0,0.0,0.0,0.0,0.0,0.0,0.0,0.0,0.0,0.0
350,0.0,0.0,0.0,0.0,0.0,0.0,0.0,0.0,0.0,0.0,0.0,0.0,0.0,0.0,0.0,0.0,254.1191253662109,85.8381576538086,202.7488555908203,125.2842254638672,175.9164276123047,73.42817687988281,0.0,0.0,0.0,0.0,0.0,0.0,0.0,0.0,0.0,0.0,0.0,0.0
351,0.0,0.0,0.0,0.0,0.0,0.0,0.0,0.0,0.0,0.0,0.0,0.0,0.0,0.0,0.0,0.0,246.79196166992188,86.77050018310547,188.87039184570312,131.38751220703125,150.79086303710938,62.20700073242188,0.0,0.0,0.0,0.0,0.0,0.0,0.0,0.0,0.0,0.0,0.0,0.0
352,0.0,0.0,0.0,0.0,0.0,0.0,0.0,0.0,0.0,0.0,0.0,0.0,0.0,0.0,284.4759216308594,121.7641143798828,226.74905395507807,74.70903015136719,211.7579803466797,146.51705932617188,132.29449462890625,53.16595458984375,0.0,0.0,260.6493530273437,188.09701538085935,0.0,0.0,0.0,0.0,0.0,0.0,0.0,0.0
353,0.0,0.0,0.0,0.0,0.0,0.0,0.0,0.0,0.0,0.0,0.0,0.0,0.0,0.0,0.0,0.0,211.1315460205078,71.23435974121094,233.34014892578125,157.21051025390625,106.31515502929688,55.78784942626953,0.0,0.0,0.0,0.0,0.0,0.0,0.0,0.0,0.0,0.0,0.0,0.0
354,0.0,0.0,0.0,0.0,0.0,0.0,0.0,0.0,0.0,0.0,0.0,0.0,0.0,0.0,300.8670959472656,136.218994140625,199.9105682373047,61.35051727294922,240.73265075683597,161.89837646484375,93.63973999023438,54.17212677001953,0.0,0.0,255.6025848388672,196.31895446777344,0.0,0.0,0.0,0.0,0.0,0.0,0.0,0.0
355,0.0,0.0,0.0,0.0,0.0,0.0,0.0,0.0,0.0,0.0,0.0,0.0,0.0,0.0,0.0,0.0,182.75201416015625,45.39966583251953,279.4158935546875,166.85507202148438,76.7601089477539,55.65810394287109,0.0,0.0,252.7442626953125,188.18014526367188,0.0,0.0,0.0,0.0,0.0,0.0,0.0,0.0
356,0.0,0.0,0.0,0.0,0.0,0.0,0.0,0.0,0.0,0.0,0.0,0.0,0.0,0.0,0.0,0.0,174.6390380859375,44.19671630859375,280.15045166015625,166.13990783691406,56.44878387451172,61.52066040039063,0.0,0.0,259.62994384765625,187.85862731933597,0.0,0.0,0.0,0.0,0.0,0.0,0.0,0.0
357,0.0,0.0,0.0,0.0,0.0,0.0,0.0,0.0,0.0,0.0,0.0,0.0,0.0,0.0,0.0,0.0,151.86062622070312,48.59212493896485,293.0956726074219,158.6459503173828,46.66155242919922,72.4991226196289,0.0,0.0,250.47483825683597,179.74696350097656,0.0,0.0,0.0,0.0,0.0,0.0,0.0,0.0
358,0.0,0.0,0.0,0.0,0.0,0.0,0.0,0.0,0.0,0.0,0.0,0.0,0.0,0.0,0.0,0.0,148.586669921875,46.677276611328125,297.4745483398437,162.61325073242188,41.28993225097656,77.78323364257812,0.0,0.0,250.4286193847656,181.21505737304688,0.0,0.0,0.0,0.0,0.0,0.0,0.0,0.0
359,0.0,0.0,0.0,0.0,0.0,0.0,0.0,0.0,0.0,0.0,0.0,0.0,0.0,0.0,0.0,0.0,150.184326171875,43.429931640625,299.0531616210937,161.00643920898438,42.55970001220703,80.11439514160156,0.0,0.0,251.4958038330078,179.41342163085938,0.0,0.0,0.0,0.0,0.0,0.0,0.0,0.0
360,0.0,0.0,0.0,0.0,0.0,0.0,0.0,0.0,0.0,0.0,0.0,0.0,0.0,0.0,0.0,0.0,144.0252227783203,43.81712341308594,297.490478515625,163.48394775390625,42.12481689453125,79.54586791992188,0.0,0.0,245.5582733154297,181.53738403320312,0.0,0.0,0.0,0.0,0.0,0.0,0.0,0.0
361,0.0,0.0,0.0,0.0,0.0,0.0,0.0,0.0,0.0,0.0,0.0,0.0,0.0,0.0,0.0,0.0,143.48353576660156,42.98588562011719,298.687255859375,165.6886749267578,42.632850646972656,83.6278305053711,0.0,0.0,244.9203948974609,183.5923767089844,0.0,0.0,0.0,0.0,0.0,0.0,0.0,0.0
362,0.0,0.0,0.0,0.0,0.0,0.0,0.0,0.0,0.0,0.0,0.0,0.0,0.0,0.0,0.0,0.0,143.50326538085938,42.817169189453125,299.0317687988281,166.08505249023438,41.52381896972656,83.57135009765625,0.0,0.0,244.18133544921875,184.05979919433597,0.0,0.0,0.0,0.0,0.0,0.0,0.0,0.0
363,0.0,0.0,0.0,0.0,0.0,0.0,0.0,0.0,0.0,0.0,0.0,0.0,0.0,0.0,0.0,0.0,142.63534545898438,42.27783203125,298.44842529296875,165.3150634765625,39.68782043457031,81.52558898925781,0.0,0.0,247.87506103515625,184.3980407714844,0.0,0.0,0.0,0.0,0.0,0.0,0.0,0.0
364,0.0,0.0,0.0,0.0,0.0,0.0,0.0,0.0,0.0,0.0,0.0,0.0,0.0,0.0,0.0,0.0,142.43470764160156,39.46028900146485,300.759521484375,164.20819091796875,42.169677734375,79.32708740234375,0.0,0.0,247.41873168945312,181.61648559570312,0.0,0.0,0.0,0.0,0.0,0.0,0.0,0.0
365,0.0,0.0,0.0,0.0,0.0,0.0,0.0,0.0,0.0,0.0,0.0,0.0,0.0,0.0,0.0,0.0,144.4269561767578,40.68525695800781,302.5004272460937,160.78460693359375,43.09160614013672,84.01398468017578,0.0,0.0,248.3598175048828,183.8480224609375,0.0,0.0,0.0,0.0,0.0,0.0,0.0,0.0
366,0.0,0.0,0.0,0.0,0.0,0.0,0.0,0.0,0.0,0.0,0.0,0.0,0.0,0.0,0.0,0.0,143.1103515625,41.58665466308594,302.7073974609375,163.69781494140625,41.23494720458984,83.07569122314453,0.0,0.0,248.98361206054688,180.7939300537109,0.0,0.0,0.0,0.0,0.0,0.0,0.0,0.0
367,0.0,0.0,0.0,0.0,0.0,0.0,0.0,0.0,0.0,0.0,0.0,0.0,0.0,0.0,0.0,0.0,143.16253662109375,42.91065216064453,302.1417541503906,164.26065063476562,39.71620941162109,84.45378112792969,0.0,0.0,246.42108154296875,182.94468688964844,0.0,0.0,0.0,0.0,0.0,0.0,0.0,0.0
368,0.0,0.0,0.0,0.0,0.0,0.0,0.0,0.0,0.0,0.0,0.0,0.0,0.0,0.0,0.0,0.0,143.47787475585938,44.48986053466797,300.61578369140625,162.900146484375,38.37806701660156,84.09675598144531,0.0,0.0,248.4384002685547,184.57830810546875,0.0,0.0,0.0,0.0,0.0,0.0,0.0,0.0
369,0.0,0.0,0.0,0.0,0.0,0.0,0.0,0.0,0.0,0.0,0.0,0.0,0.0,0.0,0.0,0.0,143.93772888183594,44.785247802734375,300.57244873046875,163.95193481445312,36.487579345703125,83.13784790039062,0.0,0.0,249.0597686767578,181.67611694335935,0.0,0.0,0.0,0.0,0.0,0.0,0.0,0.0
370,0.0,0.0,0.0,0.0,0.0,0.0,0.0,0.0,0.0,0.0,0.0,0.0,0.0,0.0,0.0,0.0,146.6371612548828,44.179908752441406,302.4592590332031,162.31472778320312,36.33882141113281,83.58836364746094,0.0,0.0,251.9890594482422,180.39138793945312,0.0,0.0,0.0,0.0,0.0,0.0,0.0,0.0
371,0.0,0.0,0.0,0.0,0.0,0.0,0.0,0.0,0.0,0.0,0.0,0.0,0.0,0.0,0.0,0.0,140.3642578125,48.8304443359375,299.5887451171875,162.93124389648438,36.6148681640625,83.12669372558594,0.0,0.0,244.2680206298828,184.3106842041016,0.0,0.0,0.0,0.0,0.0,0.0,0.0,0.0
372,0.0,0.0,0.0,0.0,0.0,0.0,0.0,0.0,0.0,0.0,0.0,0.0,0.0,0.0,0.0,0.0,140.89212036132812,49.07927703857422,299.4512939453125,162.1405792236328,36.30171203613281,83.74604034423828,0.0,0.0,244.5483245849609,184.7022247314453,0.0,0.0,0.0,0.0,0.0,0.0,0.0,0.0
373,0.0,0.0,0.0,0.0,0.0,0.0,0.0,0.0,0.0,0.0,0.0,0.0,0.0,0.0,0.0,0.0,173.49105834960938,44.33555603027344,288.9535217285156,162.66049194335938,66.68895721435547,74.67178344726562,0.0,0.0,257.42657470703125,183.74740600585935,0.0,0.0,0.0,0.0,0.0,0.0,0.0,0.0
374,0.0,0.0,0.0,0.0,0.0,0.0,0.0,0.0,0.0,0.0,0.0,0.0,0.0,0.0,0.0,0.0,179.6037139892578,51.09719467163086,0.0,0.0,101.2869873046875,64.32427215576172,0.0,0.0,0.0,0.0,0.0,0.0,0.0,0.0,0.0,0.0,0.0,0.0
375,0.0,0.0,0.0,0.0,0.0,0.0,0.0,0.0,0.0,0.0,0.0,0.0,0.0,0.0,0.0,0.0,160.5823211669922,59.833045959472656,287.7642517089844,163.481689453125,57.17056274414063,69.09675598144531,0.0,0.0,254.17166137695312,192.78439331054688,0.0,0.0,0.0,0.0,0.0,0.0,0.0,0.0
376,0.0,0.0,0.0,0.0,0.0,0.0,0.0,0.0,0.0,0.0,0.0,0.0,0.0,0.0,0.0,0.0,157.8083038330078,61.46098327636719,293.20233154296875,160.0791473388672,46.42881774902344,55.30169677734375,0.0,0.0,248.02032470703125,189.97235107421875,0.0,0.0,0.0,0.0,0.0,0.0,0.0,0.0
377,0.0,0.0,0.0,0.0,0.0,0.0,0.0,0.0,0.0,0.0,0.0,0.0,0.0,0.0,0.0,0.0,157.61378479003906,60.89324951171875,293.6565246582031,160.6922607421875,44.60658264160156,53.39457702636719,0.0,0.0,248.6304931640625,191.07823181152344,0.0,0.0,0.0,0.0,0.0,0.0,0.0,0.0
378,0.0,0.0,0.0,0.0,0.0,0.0,0.0,0.0,0.0,0.0,0.0,0.0,0.0,0.0,0.0,0.0,151.4234161376953,56.65740966796875,298.7230224609375,158.99130249023438,43.76256561279297,46.08081817626953,0.0,0.0,250.7111053466797,188.60708618164065,0.0,0.0,0.0,0.0,0.0,0.0,0.0,0.0
379,0.0,0.0,0.0,0.0,0.0,0.0,0.0,0.0,0.0,0.0,0.0,0.0,0.0,0.0,0.0,0.0,177.01800537109375,33.46299743652344,288.5291748046875,168.04171752929688,74.52589416503906,44.89401245117188,0.0,0.0,0.0,0.0,0.0,0.0,0.0,0.0,0.0,0.0,0.0,0.0
380,0.0,0.0,0.0,0.0,0.0,0.0,0.0,0.0,0.0,0.0,0.0,0.0,0.0,0.0,0.0,0.0,180.4895477294922,19.47637939453125,288.5835266113281,170.78611755371094,89.65252685546875,37.05119323730469,0.0,0.0,0.0,0.0,0.0,0.0,0.0,0.0,0.0,0.0,0.0,0.0
381,0.0,0.0,0.0,0.0,0.0,0.0,0.0,0.0,0.0,0.0,0.0,0.0,0.0,0.0,0.0,0.0,0.0,0.0,293.2682189941406,174.5782928466797,116.69046020507812,17.45257568359375,0.0,0.0,0.0,0.0,0.0,0.0,0.0,0.0,0.0,0.0,0.0,0.0
382,0.0,0.0,0.0,0.0,0.0,0.0,0.0,0.0,0.0,0.0,0.0,0.0,0.0,0.0,0.0,0.0,0.0,0.0,0.0,0.0,0.0,0.0,0.0,0.0,0.0,0.0,0.0,0.0,0.0,0.0,0.0,0.0,0.0,0.0
383,0.0,0.0,0.0,0.0,0.0,0.0,0.0,0.0,0.0,0.0,0.0,0.0,0.0,0.0,0.0,0.0,0.0,0.0,0.0,0.0,0.0,0.0,0.0,0.0,0.0,0.0,0.0,0.0,0.0,0.0,0.0,0.0,0.0,0.0
384,0.0,0.0,0.0,0.0,0.0,0.0,0.0,0.0,0.0,0.0,0.0,0.0,0.0,0.0,313.9208068847656,116.22157287597656,0.0,0.0,305.6986694335937,178.11441040039062,0.0,0.0,0.0,0.0,0.0,0.0,0.0,0.0,0.0,0.0,0.0,0.0,0.0,0.0
385,0.0,0.0,0.0,0.0,0.0,0.0,0.0,0.0,0.0,0.0,0.0,0.0,0.0,0.0,0.0,0.0,0.0,0.0,289.59521484375,162.14991760253906,0.0,0.0,0.0,0.0,0.0,0.0,0.0,0.0,0.0,0.0,0.0,0.0,0.0,0.0
386,0.0,0.0,0.0,0.0,0.0,0.0,0.0,0.0,0.0,0.0,0.0,0.0,0.0,0.0,0.0,0.0,0.0,0.0,300.14874267578125,168.2642364501953,0.0,0.0,0.0,0.0,0.0,0.0,0.0,0.0,0.0,0.0,0.0,0.0,0.0,0.0
387,0.0,0.0,0.0,0.0,0.0,0.0,0.0,0.0,0.0,0.0,0.0,0.0,0.0,0.0,0.0,0.0,0.0,0.0,307.948974609375,182.9632568359375,0.0,0.0,0.0,0.0,0.0,0.0,0.0,0.0,0.0,0.0,0.0,0.0,0.0,0.0
388,0.0,0.0,0.0,0.0,0.0,0.0,0.0,0.0,0.0,0.0,0.0,0.0,0.0,0.0,0.0,0.0,0.0,0.0,307.564208984375,177.0500946044922,0.0,0.0,0.0,0.0,0.0,0.0,0.0,0.0,0.0,0.0,0.0,0.0,0.0,0.0
389,0.0,0.0,0.0,0.0,0.0,0.0,0.0,0.0,0.0,0.0,0.0,0.0,0.0,0.0,0.0,0.0,0.0,0.0,264.94500732421875,156.05218505859375,115.5689926147461,32.290809631347656,0.0,0.0,0.0,0.0,0.0,0.0,0.0,0.0,0.0,0.0,0.0,0.0
390,0.0,0.0,0.0,0.0,0.0,0.0,0.0,0.0,0.0,0.0,0.0,0.0,0.0,0.0,0.0,0.0,0.0,0.0,234.93930053710935,134.00338745117188,77.83972930908203,16.021995544433594,0.0,0.0,0.0,0.0,0.0,0.0,0.0,0.0,0.0,0.0,0.0,0.0
391,0.0,0.0,0.0,0.0,0.0,0.0,0.0,0.0,0.0,0.0,0.0,0.0,0.0,0.0,0.0,0.0,0.0,0.0,301.1913757324219,165.5098114013672,84.28732299804688,21.181411743164062,0.0,0.0,0.0,0.0,0.0,0.0,0.0,0.0,0.0,0.0,0.0,0.0
392,0.0,0.0,0.0,0.0,0.0,0.0,0.0,0.0,0.0,0.0,0.0,0.0,0.0,0.0,0.0,0.0,0.0,0.0,0.0,0.0,0.0,0.0,0.0,0.0,0.0,0.0,0.0,0.0,0.0,0.0,0.0,0.0,0.0,0.0
393,0.0,0.0,0.0,0.0,0.0,0.0,0.0,0.0,0.0,0.0,0.0,0.0,0.0,0.0,0.0,0.0,176.2850341796875,9.399276733398438,272.8479919433594,147.26449584960938,75.29443359375,17.365028381347656,0.0,0.0,0.0,0.0,0.0,0.0,0.0,0.0,0.0,0.0,0.0,0.0
394,0.0,0.0,0.0,0.0,0.0,0.0,0.0,0.0,0.0,0.0,0.0,0.0,0.0,0.0,0.0,0.0,190.53173828125,26.51499938964844,240.4359588623047,125.20581817626952,100.53276824951172,13.500251770019531,0.0,0.0,0.0,0.0,0.0,0.0,0.0,0.0,0.0,0.0,0.0,0.0
395,0.0,0.0,0.0,0.0,0.0,0.0,0.0,0.0,0.0,0.0,0.0,0.0,0.0,0.0,0.0,0.0,0.0,0.0,129.91822814941406,29.496124267578125,0.0,0.0,0.0,0.0,0.0,0.0,0.0,0.0,0.0,0.0,0.0,0.0,0.0,0.0
396,0.0,0.0,0.0,0.0,0.0,0.0,0.0,0.0,0.0,0.0,0.0,0.0,0.0,0.0,293.7491455078125,100.58456420898438,211.508056640625,35.80779266357422,212.2086334228516,93.65330505371094,126.51428985595705,8.883087158203125,297.1840515136719,162.2603759765625,266.26708984375,148.98388671875,0.0,0.0,0.0,0.0,0.0,0.0,0.0,0.0
397,0.0,0.0,0.0,0.0,0.0,0.0,0.0,0.0,0.0,0.0,0.0,0.0,0.0,0.0,0.0,0.0,0.0,0.0,217.4926300048828,85.32870483398438,200.05276489257807,45.15593719482422,0.0,0.0,0.0,0.0,0.0,0.0,0.0,0.0,0.0,0.0,0.0,0.0
398,0.0,0.0,0.0,0.0,0.0,0.0,0.0,0.0,0.0,0.0,0.0,0.0,0.0,0.0,0.0,0.0,0.0,0.0,200.8079071044922,75.72969818115234,206.6680145263672,58.09703826904297,0.0,0.0,0.0,0.0,0.0,0.0,0.0,0.0,0.0,0.0,0.0,0.0
399,0.0,0.0,0.0,0.0,0.0,0.0,0.0,0.0,0.0,0.0,0.0,0.0,0.0,0.0,0.0,0.0,0.0,0.0,202.787841796875,78.11006164550781,211.18209838867188,60.764984130859375,0.0,0.0,0.0,0.0,0.0,0.0,0.0,0.0,0.0,0.0,0.0,0.0
400,0.0,0.0,0.0,0.0,0.0,0.0,0.0,0.0,0.0,0.0,0.0,0.0,0.0,0.0,0.0,0.0,299.5530700683594,68.03311920166016,210.55142211914065,85.6085205078125,227.00265502929688,54.21415710449219,0.0,0.0,0.0,0.0,0.0,0.0,0.0,0.0,0.0,0.0,0.0,0.0
401,0.0,0.0,0.0,0.0,0.0,0.0,0.0,0.0,0.0,0.0,0.0,0.0,0.0,0.0,0.0,0.0,0.0,0.0,228.28594970703125,97.7572784423828,241.3881378173828,53.28833770751953,0.0,0.0,0.0,0.0,0.0,0.0,0.0,0.0,0.0,0.0,0.0,0.0
402,0.0,0.0,0.0,0.0,0.0,0.0,0.0,0.0,0.0,0.0,0.0,0.0,0.0,0.0,0.0,0.0,0.0,0.0,234.5320281982422,101.51730346679688,246.581787109375,57.461158752441406,0.0,0.0,0.0,0.0,0.0,0.0,0.0,0.0,0.0,0.0,0.0,0.0
403,0.0,0.0,0.0,0.0,0.0,0.0,0.0,0.0,0.0,0.0,0.0,0.0,0.0,0.0,0.0,0.0,0.0,0.0,0.0,0.0,240.116943359375,101.99160766601562,0.0,0.0,0.0,0.0,0.0,0.0,0.0,0.0,0.0,0.0,0.0,0.0
404,0.0,0.0,0.0,0.0,0.0,0.0,0.0,0.0,0.0,0.0,0.0,0.0,0.0,0.0,306.2828063964844,97.59860229492188,0.0,0.0,235.82215881347656,101.52666473388672,239.3712310791016,99.8550796508789,0.0,0.0,0.0,0.0,0.0,0.0,0.0,0.0,0.0,0.0,0.0,0.0
405,0.0,0.0,0.0,0.0,0.0,0.0,0.0,0.0,0.0,0.0,0.0,0.0,0.0,0.0,303.0538330078125,102.9936981201172,0.0,0.0,239.8412628173828,101.52942657470705,248.0970764160156,92.49697875976562,0.0,0.0,0.0,0.0,0.0,0.0,0.0,0.0,0.0,0.0,0.0,0.0
406,0.0,0.0,0.0,0.0,0.0,0.0,0.0,0.0,0.0,0.0,0.0,0.0,0.0,0.0,290.77813720703125,100.96476745605467,0.0,0.0,239.55699157714844,98.36280822753906,247.5326690673828,83.79962158203125,291.3275146484375,162.01564025878906,0.0,0.0,0.0,0.0,0.0,0.0,0.0,0.0,0.0,0.0
407,0.0,0.0,0.0,0.0,0.0,0.0,0.0,0.0,0.0,0.0,0.0,0.0,0.0,0.0,294.11236572265625,99.56346130371094,0.0,0.0,239.246337890625,94.1067352294922,247.08302307128903,88.5767822265625,290.7129211425781,161.49378967285156,0.0,0.0,0.0,0.0,0.0,0.0,0.0,0.0,0.0,0.0
408,0.0,0.0,0.0,0.0,0.0,0.0,0.0,0.0,0.0,0.0,0.0,0.0,0.0,0.0,0.0,0.0,0.0,0.0,240.17938232421875,90.20726013183594,247.178466796875,85.11553955078125,288.035888671875,158.02102661132812,277.9916381835937,149.56594848632812,0.0,0.0,0.0,0.0,0.0,0.0,0.0,0.0
409,0.0,0.0,0.0,0.0,0.0,0.0,0.0,0.0,0.0,0.0,0.0,0.0,0.0,0.0,0.0,0.0,0.0,0.0,239.7904052734375,87.65758514404297,242.91986083984372,85.11394500732422,286.2469482421875,154.4329833984375,282.1058959960937,148.0857696533203,0.0,0.0,0.0,0.0,0.0,0.0,0.0,0.0
410,0.0,0.0,0.0,0.0,0.0,0.0,0.0,0.0,0.0,0.0,0.0,0.0,0.0,0.0,290.81103515625,108.13421630859376,0.0,0.0,228.25750732421875,70.73977661132812,230.65696716308597,69.47195434570312,284.4805603027344,162.79315185546875,274.2905578613281,155.7687530517578,0.0,0.0,0.0,0.0,0.0,0.0,0.0,0.0
411,0.0,0.0,0.0,0.0,0.0,0.0,0.0,0.0,0.0,0.0,0.0,0.0,0.0,0.0,290.677734375,81.03716278076172,0.0,0.0,231.81381225585935,67.21521759033203,232.69073486328125,62.68279266357422,287.3568725585937,152.32144165039062,275.97442626953125,145.9624786376953,0.0,0.0,0.0,0.0,0.0,0.0,0.0,0.0
412,0.0,0.0,0.0,0.0,0.0,0.0,0.0,0.0,0.0,0.0,0.0,0.0,0.0,0.0,300.7530212402344,103.22401428222656,0.0,0.0,232.379638671875,66.58442687988281,233.03640747070312,61.44303131103516,287.8993835449219,168.71719360351562,272.0428771972656,160.14471435546875,0.0,0.0,0.0,0.0,0.0,0.0,0.0,0.0
413,0.0,0.0,0.0,0.0,0.0,0.0,0.0,0.0,0.0,0.0,0.0,0.0,0.0,0.0,273.6507263183594,83.16239929199219,279.0350341796875,71.39207458496094,230.49581909179688,61.483863830566406,234.57073974609372,56.440460205078125,289.04443359375,146.9071044921875,280.4940185546875,141.39964294433594,0.0,0.0,0.0,0.0,0.0,0.0,0.0,0.0
414,0.0,0.0,0.0,0.0,0.0,0.0,0.0,0.0,0.0,0.0,0.0,0.0,0.0,0.0,283.1097412109375,89.66577911376953,0.0,0.0,232.7896423339844,58.83900451660156,235.28282165527344,53.58782196044922,286.6938781738281,146.740234375,278.8304443359375,139.54698181152344,0.0,0.0,0.0,0.0,0.0,0.0,0.0,0.0
415,0.0,0.0,0.0,0.0,0.0,0.0,0.0,0.0,0.0,0.0,0.0,0.0,0.0,0.0,297.0583190917969,102.31748962402344,0.0,0.0,229.15744018554688,53.29667663574219,232.62257385253903,50.07868194580078,281.9250793457031,173.8409881591797,267.5833740234375,164.8140869140625,0.0,0.0,0.0,0.0,0.0,0.0,0.0,0.0
416,0.0,0.0,0.0,0.0,0.0,0.0,0.0,0.0,0.0,0.0,0.0,0.0,0.0,0.0,301.0394592285156,102.07777404785156,0.0,0.0,229.90478515625,53.440528869628906,229.99334716796875,54.71353912353516,283.18182373046875,176.23532104492188,264.73443603515625,167.88499450683594,0.0,0.0,0.0,0.0,0.0,0.0,0.0,0.0
417,0.0,0.0,0.0,0.0,0.0,0.0,0.0,0.0,0.0,0.0,0.0,0.0,0.0,0.0,293.4706420898437,93.51848602294922,0.0,0.0,225.03546142578125,52.169090270996094,228.01719665527344,51.728065490722656,286.68280029296875,160.74725341796875,273.2627868652344,152.10879516601562,0.0,0.0,0.0,0.0,0.0,0.0,0.0,0.0
418,0.0,0.0,0.0,0.0,0.0,0.0,0.0,0.0,0.0,0.0,0.0,0.0,0.0,0.0,298.9661560058594,97.0578384399414,0.0,0.0,221.4654541015625,50.997833251953125,222.8827667236328,52.145164489746094,283.9730834960937,173.0108642578125,264.0073547363281,164.55323791503906,0.0,0.0,0.0,0.0,0.0,0.0,0.0,0.0
419,0.0,0.0,0.0,0.0,0.0,0.0,0.0,0.0,0.0,0.0,0.0,0.0,0.0,0.0,301.4693603515625,96.47484588623048,0.0,0.0,221.7875213623047,50.84593200683594,221.8703155517578,53.73571014404297,282.6768798828125,177.9785614013672,260.1324157714844,168.94113159179688,0.0,0.0,0.0,0.0,0.0,0.0,0.0,0.0
420,0.0,0.0,0.0,0.0,0.0,0.0,0.0,0.0,0.0,0.0,0.0,0.0,0.0,0.0,301.930908203125,95.76266479492188,0.0,0.0,221.8592834472656,52.24102020263672,221.85536193847656,53.47615051269531,286.1916809082031,168.1183624267578,266.6203308105469,159.1634521484375,0.0,0.0,0.0,0.0,0.0,0.0,0.0,0.0
421,0.0,0.0,0.0,0.0,0.0,0.0,0.0,0.0,0.0,0.0,0.0,0.0,0.0,0.0,307.26434326171875,95.95736694335938,0.0,0.0,223.46359252929688,51.67240905761719,222.70114135742188,54.00358581542969,284.1496887207031,169.35887145996094,261.9032897949219,159.9076690673828,0.0,0.0,0.0,0.0,0.0,0.0,0.0,0.0
422,0.0,0.0,0.0,0.0,0.0,0.0,0.0,0.0,0.0,0.0,0.0,0.0,0.0,0.0,304.9748229980469,95.88345336914062,0.0,0.0,223.5572509765625,49.91412353515625,221.69271850585935,54.46331787109375,282.91259765625,173.8951416015625,259.1060485839844,165.23130798339844,0.0,0.0,0.0,0.0,0.0,0.0,0.0,0.0
423,0.0,0.0,0.0,0.0,0.0,0.0,0.0,0.0,0.0,0.0,0.0,0.0,0.0,0.0,310.3870849609375,101.5954360961914,271.3157043457031,92.4709014892578,226.8848876953125,51.06657409667969,224.98443603515625,53.85449981689453,286.4697265625,178.9834442138672,255.28305053710935,171.36474609375,0.0,0.0,0.0,0.0,0.0,0.0,0.0,0.0
424,0.0,0.0,0.0,0.0,0.0,0.0,0.0,0.0,0.0,0.0,0.0,0.0,0.0,0.0,313.04376220703125,93.5988311767578,276.64263916015625,72.73139190673828,225.5928649902344,51.59849548339844,223.83860778808597,53.49774169921875,281.5375366210937,176.81129455566406,255.91119384765625,167.69952392578125,0.0,0.0,0.0,0.0,0.0,0.0,0.0,0.0
425,0.0,0.0,0.0,0.0,0.0,0.0,0.0,0.0,0.0,0.0,0.0,0.0,0.0,0.0,312.08172607421875,92.4677963256836,274.86187744140625,70.87924194335938,224.16612243652344,51.95825958251953,221.7993621826172,55.03113555908203,280.65069580078125,175.08880615234375,253.71212768554688,166.05264282226562,0.0,0.0,0.0,0.0,0.0,0.0,0.0,0.0
426,0.0,0.0,0.0,0.0,0.0,0.0,0.0,0.0,0.0,0.0,0.0,0.0,0.0,0.0,312.7196655273437,91.94440460205078,278.0462951660156,71.09124755859375,224.40440368652344,52.59918975830078,222.1530914306641,55.962669372558594,279.10015869140625,172.2350311279297,254.6834716796875,162.51654052734375,0.0,0.0,0.0,0.0,0.0,0.0,0.0,0.0
427,0.0,0.0,0.0,0.0,0.0,0.0,0.0,0.0,0.0,0.0,0.0,0.0,0.0,0.0,314.8500671386719,89.02586364746094,276.3337707519531,68.28801727294922,227.05665588378903,51.16182708740234,222.9813537597656,53.59571838378906,279.7997436523437,175.2449493408203,252.2024688720703,166.08255004882812,0.0,0.0,0.0,0.0,0.0,0.0,0.0,0.0
428,0.0,0.0,0.0,0.0,0.0,0.0,0.0,0.0,0.0,0.0,0.0,0.0,0.0,0.0,312.992431640625,86.07304382324219,0.0,0.0,228.4364318847656,49.98677062988281,226.1530303955078,57.40107727050781,280.57623291015625,178.92568969726562,252.86541748046875,169.27337646484375,0.0,0.0,0.0,0.0,0.0,0.0,0.0,0.0
429,0.0,0.0,0.0,0.0,0.0,0.0,0.0,0.0,0.0,0.0,0.0,0.0,0.0,0.0,314.0133361816406,85.96458435058594,278.1528625488281,67.82225036621094,227.80181884765625,51.73100280761719,225.72201538085935,55.87035369873047,282.00225830078125,176.59347534179688,253.32342529296875,167.19749450683594,0.0,0.0,0.0,0.0,0.0,0.0,0.0,0.0
430,0.0,0.0,0.0,0.0,0.0,0.0,0.0,0.0,0.0,0.0,0.0,0.0,0.0,0.0,312.068115234375,87.34046173095703,277.30029296875,70.41891479492188,225.46717834472656,54.10962677001953,222.990966796875,58.0523681640625,281.8041687011719,171.2018280029297,255.7623291015625,162.1779327392578,0.0,0.0,0.0,0.0,0.0,0.0,0.0,0.0
431,0.0,0.0,0.0,0.0,0.0,0.0,0.0,0.0,0.0,0.0,0.0,0.0,0.0,0.0,311.7518310546875,90.91529846191406,0.0,0.0,221.8359222412109,55.214385986328125,222.08673095703125,62.02190399169922,282.0368347167969,177.8212890625,257.16607666015625,168.87301635742188,0.0,0.0,0.0,0.0,0.0,0.0,0.0,0.0
432,0.0,0.0,0.0,0.0,0.0,0.0,0.0,0.0,0.0,0.0,0.0,0.0,0.0,0.0,312.6591491699219,89.10295104980469,278.6062927246094,76.91455078125,227.01644897460935,63.72439956665039,225.24588012695312,65.11095428466797,286.79931640625,172.9187469482422,260.63885498046875,165.1737518310547,0.0,0.0,0.0,0.0,0.0,0.0,0.0,0.0
433,0.0,0.0,0.0,0.0,0.0,0.0,0.0,0.0,0.0,0.0,0.0,0.0,0.0,0.0,0.0,0.0,278.5977783203125,89.86972045898438,228.24859619140625,74.62906646728516,221.96116638183597,80.02584838867188,0.0,0.0,259.3079833984375,171.5379180908203,0.0,0.0,0.0,0.0,0.0,0.0,0.0,0.0
434,0.0,0.0,0.0,0.0,0.0,0.0,0.0,0.0,0.0,0.0,0.0,0.0,0.0,0.0,0.0,0.0,283.0561218261719,82.22703552246094,222.86181640625,78.498291015625,222.08663940429688,79.4444351196289,0.0,0.0,0.0,0.0,0.0,0.0,0.0,0.0,0.0,0.0,0.0,0.0
435,0.0,0.0,0.0,0.0,0.0,0.0,0.0,0.0,0.0,0.0,0.0,0.0,0.0,0.0,0.0,0.0,272.533447265625,87.39270782470703,221.6059417724609,90.1302261352539,212.9425048828125,89.17059326171875,0.0,0.0,264.6248779296875,163.16847229003906,0.0,0.0,0.0,0.0,0.0,0.0,0.0,0.0
436,0.0,0.0,0.0,0.0,0.0,0.0,0.0,0.0,0.0,0.0,0.0,0.0,0.0,0.0,0.0,0.0,271.65106201171875,86.83299255371094,218.83004760742188,92.84380340576172,210.44241333007807,89.14443969726562,0.0,0.0,265.3313293457031,171.39251708984375,0.0,0.0,0.0,0.0,0.0,0.0,0.0,0.0
437,0.0,0.0,0.0,0.0,0.0,0.0,0.0,0.0,0.0,0.0,0.0,0.0,0.0,0.0,0.0,0.0,272.3898010253906,87.14259338378906,218.798583984375,89.26400756835938,211.6957244873047,88.46463012695312,0.0,0.0,264.5248413085937,160.3653564453125,0.0,0.0,0.0,0.0,0.0,0.0,0.0,0.0
438,0.0,0.0,0.0,0.0,0.0,0.0,0.0,0.0,0.0,0.0,0.0,0.0,0.0,0.0,0.0,0.0,0.0,0.0,212.14622497558597,99.81480407714844,211.17181396484372,97.27651977539062,0.0,0.0,0.0,0.0,0.0,0.0,0.0,0.0,0.0,0.0,0.0,0.0
439,0.0,0.0,0.0,0.0,0.0,0.0,0.0,0.0,0.0,0.0,0.0,0.0,0.0,0.0,0.0,0.0,269.41436767578125,90.59671020507812,219.5894775390625,123.91163635253906,217.1689910888672,94.16524505615234,0.0,0.0,0.0,0.0,0.0,0.0,0.0,0.0,0.0,0.0,0.0,0.0
440,0.0,0.0,0.0,0.0,0.0,0.0,0.0,0.0,0.0,0.0,0.0,0.0,0.0,0.0,302.4466857910156,123.39544677734376,266.0535583496094,85.49609375,226.5388946533203,128.34469604492188,217.239013671875,96.81858825683594,0.0,0.0,0.0,0.0,0.0,0.0,0.0,0.0,0.0,0.0,0.0,0.0
441,0.0,0.0,0.0,0.0,0.0,0.0,0.0,0.0,0.0,0.0,0.0,0.0,0.0,0.0,314.9986572265625,121.81825256347656,268.0937194824219,86.51488494873047,229.33541870117188,134.55224609375,217.73907470703125,100.0745620727539,0.0,0.0,0.0,0.0,0.0,0.0,0.0,0.0,0.0,0.0,0.0,0.0
442,0.0,0.0,0.0,0.0,0.0,0.0,0.0,0.0,0.0,0.0,0.0,0.0,0.0,0.0,310.7201232910156,124.80615997314452,0.0,0.0,232.6784820556641,140.5133514404297,211.6963348388672,91.4027099609375,0.0,0.0,0.0,0.0,0.0,0.0,0.0,0.0,0.0,0.0,0.0,0.0
443,0.0,0.0,0.0,0.0,0.0,0.0,0.0,0.0,0.0,0.0,0.0,0.0,0.0,0.0,312.76239013671875,128.4624786376953,262.5014038085937,81.32345581054688,228.24855041503903,145.6525421142578,205.89239501953125,92.35365295410156,0.0,0.0,0.0,0.0,0.0,0.0,0.0,0.0,0.0,0.0,0.0,0.0
444,0.0,0.0,0.0,0.0,0.0,0.0,0.0,0.0,0.0,0.0,0.0,0.0,0.0,0.0,316.05792236328125,132.43211364746094,265.9629211425781,84.45610809326172,225.13575744628903,146.971923828125,201.0196228027344,91.7533721923828,0.0,0.0,0.0,0.0,0.0,0.0,0.0,0.0,0.0,0.0,0.0,0.0
445,0.0,0.0,0.0,0.0,0.0,0.0,0.0,0.0,0.0,0.0,0.0,0.0,0.0,0.0,316.7318725585937,136.37709045410156,262.2342529296875,82.17475891113281,226.1708526611328,151.4646453857422,196.38043212890625,91.61651611328124,0.0,0.0,0.0,0.0,0.0,0.0,0.0,0.0,0.0,0.0,0.0,0.0
446,0.0,0.0,0.0,0.0,0.0,0.0,0.0,0.0,0.0,0.0,0.0,0.0,0.0,0.0,313.86187744140625,143.8245391845703,262.1946716308594,85.4852294921875,227.66685485839844,155.1315460205078,195.4467010498047,92.39097595214844,0.0,0.0,0.0,0.0,0.0,0.0,0.0,0.0,0.0,0.0,0.0,0.0
447,0.0,0.0,0.0,0.0,0.0,0.0,0.0,0.0,0.0,0.0,0.0,0.0,0.0,0.0,312.1636962890625,145.657958984375,262.4682922363281,82.44598388671875,226.5853271484375,158.8587646484375,196.6707763671875,92.34439086914062,0.0,0.0,0.0,0.0,0.0,0.0,0.0,0.0,0.0,0.0,0.0,0.0
448,0.0,0.0,0.0,0.0,0.0,0.0,0.0,0.0,0.0,0.0,0.0,0.0,0.0,0.0,315.8182983398437,142.5976104736328,259.8096008300781,80.485107421875,230.24305725097656,160.11074829101562,195.02874755859372,93.06564331054688,0.0,0.0,0.0,0.0,0.0,0.0,0.0,0.0,0.0,0.0,0.0,0.0
449,0.0,0.0,0.0,0.0,0.0,0.0,0.0,0.0,0.0,0.0,0.0,0.0,0.0,0.0,314.941650390625,146.42788696289062,258.2148132324219,80.08541870117188,232.3717193603516,162.98263549804688,193.5425567626953,93.16839599609376,0.0,0.0,0.0,0.0,0.0,0.0,0.0,0.0,0.0,0.0,0.0,0.0
450,0.0,0.0,0.0,0.0,0.0,0.0,0.0,0.0,0.0,0.0,0.0,0.0,0.0,0.0,315.95758056640625,144.8657684326172,256.88580322265625,76.63594055175781,231.3692169189453,162.22640991210938,193.552490234375,92.4792022705078,0.0,0.0,0.0,0.0,0.0,0.0,0.0,0.0,0.0,0.0,0.0,0.0
451,0.0,0.0,0.0,0.0,0.0,0.0,0.0,0.0,0.0,0.0,0.0,0.0,0.0,0.0,315.75054931640625,144.8258819580078,260.0516052246094,77.05372619628906,234.3623809814453,163.19618225097656,192.75405883789065,93.63502502441406,0.0,0.0,0.0,0.0,0.0,0.0,0.0,0.0,0.0,0.0,0.0,0.0
452,0.0,0.0,0.0,0.0,0.0,0.0,0.0,0.0,0.0,0.0,0.0,0.0,0.0,0.0,315.24566650390625,146.98974609375,257.1714172363281,81.11575317382812,231.2935791015625,163.12245178222656,192.3633728027344,93.4478759765625,0.0,0.0,0.0,0.0,0.0,0.0,0.0,0.0,0.0,0.0,0.0,0.0
453,0.0,0.0,0.0,0.0,0.0,0.0,0.0,0.0,0.0,0.0,0.0,0.0,0.0,0.0,316.2399597167969,144.50828552246094,258.2621765136719,79.246826171875,231.71624755859372,162.4967803955078,191.4866943359375,94.0019073486328,0.0,0.0,0.0,0.0,0.0,0.0,0.0,0.0,0.0,0.0,0.0,0.0
454,0.0,0.0,0.0,0.0,0.0,0.0,0.0,0.0,0.0,0.0,0.0,0.0,0.0,0.0,319.95831298828125,147.01910400390625,258.6365661621094,77.38568115234375,230.1399383544922,164.47108459472656,189.32992553710935,94.74494934082033,0.0,0.0,0.0,0.0,0.0,0.0,0.0,0.0,0.0,0.0,0.0,0.0
455,0.0,0.0,0.0,0.0,0.0,0.0,0.0,0.0,0.0,0.0,0.0,0.0,0.0,0.0,317.84033203125,146.92832946777344,255.7590789794922,80.38334655761719,233.30841064453125,164.2321319580078,190.395263671875,94.12522888183594,0.0,0.0,0.0,0.0,0.0,0.0,0.0,0.0,0.0,0.0,0.0,0.0
456,0.0,0.0,0.0,0.0,0.0,0.0,0.0,0.0,0.0,0.0,0.0,0.0,0.0,0.0,316.28082275390625,144.850830078125,256.2005615234375,76.96536254882812,233.75070190429688,163.83056640625,190.7447204589844,94.1721420288086,0.0,0.0,0.0,0.0,0.0,0.0,0.0,0.0,0.0,0.0,0.0,0.0
457,0.0,0.0,0.0,0.0,0.0,0.0,0.0,0.0,0.0,0.0,0.0,0.0,0.0,0.0,315.748291015625,145.92025756835938,256.9281921386719,77.97591400146484,233.1148834228516,163.94088745117188,190.74734497070312,94.23143768310548,0.0,0.0,0.0,0.0,0.0,0.0,0.0,0.0,0.0,0.0,0.0,0.0
458,0.0,0.0,0.0,0.0,0.0,0.0,0.0,0.0,0.0,0.0,0.0,0.0,0.0,0.0,315.7062683105469,146.82496643066406,254.5257568359375,77.81851196289062,231.7579498291016,163.83853149414062,191.31695556640625,93.54722595214844,0.0,0.0,0.0,0.0,0.0,0.0,0.0,0.0,0.0,0.0,0.0,0.0
459,0.0,0.0,0.0,0.0,0.0,0.0,0.0,0.0,0.0,0.0,0.0,0.0,0.0,0.0,315.6395874023437,145.79104614257812,254.99842834472656,78.55294799804688,232.20350646972656,163.6590576171875,192.24685668945312,92.70846557617188,0.0,0.0,0.0,0.0,0.0,0.0,0.0,0.0,0.0,0.0,0.0,0.0
460,0.0,0.0,0.0,0.0,0.0,0.0,0.0,0.0,0.0,0.0,0.0,0.0,0.0,0.0,318.6396789550781,141.57806396484375,255.54608154296875,77.5833740234375,231.34300231933597,165.43490600585938,192.0174102783203,93.04859924316406,0.0,0.0,0.0,0.0,0.0,0.0,0.0,0.0,0.0,0.0,0.0,0.0
461,0.0,0.0,0.0,0.0,0.0,0.0,0.0,0.0,0.0,0.0,0.0,0.0,0.0,0.0,319.39422607421875,139.75753784179688,255.61788940429688,78.07860565185547,231.90435791015625,165.6586456298828,189.8355865478516,93.8094711303711,0.0,0.0,0.0,0.0,0.0,0.0,0.0,0.0,0.0,0.0,0.0,0.0
462,0.0,0.0,0.0,0.0,0.0,0.0,0.0,0.0,0.0,0.0,0.0,0.0,0.0,0.0,318.90203857421875,142.09303283691406,256.3720703125,76.33724975585938,232.6882781982422,165.46827697753906,189.60955810546875,94.14313507080078,0.0,0.0,0.0,0.0,0.0,0.0,0.0,0.0,0.0,0.0,0.0,0.0
463,0.0,0.0,0.0,0.0,0.0,0.0,0.0,0.0,0.0,0.0,0.0,0.0,0.0,0.0,318.23388671875,141.09034729003906,256.0853881835937,75.46951293945312,231.3870086669922,165.34353637695312,188.9897003173828,94.1299819946289,0.0,0.0,0.0,0.0,0.0,0.0,0.0,0.0,0.0,0.0,0.0,0.0
464,0.0,0.0,0.0,0.0,0.0,0.0,0.0,0.0,0.0,0.0,0.0,0.0,0.0,0.0,317.2230834960937,142.6192626953125,254.76356506347656,76.58198547363281,232.4986114501953,165.9542694091797,187.9704132080078,94.36681365966795,0.0,0.0,0.0,0.0,0.0,0.0,0.0,0.0,0.0,0.0,0.0,0.0
465,0.0,0.0,0.0,0.0,0.0,0.0,0.0,0.0,0.0,0.0,0.0,0.0,0.0,0.0,316.61846923828125,145.1139373779297,254.97259521484372,76.15065002441406,230.8743133544922,165.74996948242188,187.35430908203125,94.3790283203125,0.0,0.0,0.0,0.0,0.0,0.0,0.0,0.0,0.0,0.0,0.0,0.0
466,0.0,0.0,0.0,0.0,0.0,0.0,0.0,0.0,0.0,0.0,0.0,0.0,0.0,0.0,317.3687438964844,145.33212280273438,254.4157257080078,76.21015930175781,230.5474548339844,165.5167694091797,186.13629150390625,94.72650146484376,0.0,0.0,0.0,0.0,0.0,0.0,0.0,0.0,0.0,0.0,0.0,0.0
467,0.0,0.0,0.0,0.0,0.0,0.0,0.0,0.0,0.0,0.0,0.0,0.0,0.0,0.0,318.3147888183594,143.13653564453125,254.54693603515625,76.93577575683594,230.8321075439453,165.6625213623047,186.26458740234372,94.77471160888672,0.0,0.0,0.0,0.0,0.0,0.0,0.0,0.0,0.0,0.0,0.0,0.0
468,0.0,0.0,0.0,0.0,0.0,0.0,0.0,0.0,0.0,0.0,0.0,0.0,0.0,0.0,319.5344543457031,143.8541717529297,254.94232177734372,73.26123046875,232.7913818359375,165.56411743164062,188.54757690429688,93.77880859375,0.0,0.0,0.0,0.0,0.0,0.0,0.0,0.0,0.0,0.0,0.0,0.0
469,0.0,0.0,0.0,0.0,0.0,0.0,0.0,0.0,0.0,0.0,0.0,0.0,0.0,0.0,319.5234069824219,144.8474578857422,254.56353759765625,74.42682647705078,232.09243774414065,165.57968139648438,188.087158203125,94.0784912109375,0.0,0.0,0.0,0.0,0.0,0.0,0.0,0.0,0.0,0.0,0.0,0.0
470,0.0,0.0,0.0,0.0,0.0,0.0,0.0,0.0,0.0,0.0,0.0,0.0,0.0,0.0,319.3372497558594,144.821044921875,254.80267333984372,74.297119140625,231.79689025878903,165.55650329589844,188.01206970214844,93.97128295898438,0.0,0.0,0.0,0.0,0.0,0.0,0.0,0.0,0.0,0.0,0.0,0.0
471,0.0,0.0,0.0,0.0,0.0,0.0,0.0,0.0,0.0,0.0,0.0,0.0,0.0,0.0,319.4650573730469,145.89471435546875,256.0315246582031,72.02890014648438,231.0926513671875,164.90721130371094,187.61062622070312,93.9709014892578,0.0,0.0,0.0,0.0,0.0,0.0,0.0,0.0,0.0,0.0,0.0,0.0
472,0.0,0.0,0.0,0.0,0.0,0.0,0.0,0.0,0.0,0.0,0.0,0.0,0.0,0.0,319.1329345703125,145.87200927734375,255.4755096435547,71.20051574707031,230.80776977539065,164.2443084716797,187.78594970703125,93.95582580566406,0.0,0.0,0.0,0.0,0.0,0.0,0.0,0.0,0.0,0.0,0.0,0.0
473,0.0,0.0,0.0,0.0,0.0,0.0,0.0,0.0,0.0,0.0,0.0,0.0,0.0,0.0,0.0,0.0,253.98585510253903,75.04157257080078,232.7828369140625,164.40811157226562,190.3706970214844,93.5369873046875,0.0,0.0,0.0,0.0,0.0,0.0,0.0,0.0,0.0,0.0,0.0,0.0
474,0.0,0.0,0.0,0.0,0.0,0.0,0.0,0.0,0.0,0.0,0.0,0.0,0.0,0.0,320.0,145.0119171142578,255.99148559570312,71.7396240234375,231.87838745117188,164.69241333007812,187.402099609375,93.88717651367188,0.0,0.0,0.0,0.0,0.0,0.0,0.0,0.0,0.0,0.0,0.0,0.0
475,0.0,0.0,0.0,0.0,0.0,0.0,0.0,0.0,0.0,0.0,0.0,0.0,0.0,0.0,319.7347106933594,146.97634887695312,255.90565490722656,72.1663818359375,231.293701171875,164.59918212890625,187.16665649414065,93.82305908203124,0.0,0.0,0.0,0.0,0.0,0.0,0.0,0.0,0.0,0.0,0.0,0.0
476,0.0,0.0,0.0,0.0,0.0,0.0,0.0,0.0,0.0,0.0,0.0,0.0,0.0,0.0,320.0,144.74130249023438,255.98196411132807,74.62446594238281,231.35159301757807,164.9556884765625,186.9336853027344,93.81539916992188,0.0,0.0,0.0,0.0,0.0,0.0,0.0,0.0,0.0,0.0,0.0,0.0
477,0.0,0.0,0.0,0.0,0.0,0.0,0.0,0.0,0.0,0.0,0.0,0.0,0.0,0.0,319.933349609375,146.30410766601562,255.5435333251953,74.2957763671875,231.8994140625,165.11326599121094,186.2896728515625,93.98056030273438,0.0,0.0,0.0,0.0,0.0,0.0,0.0,0.0,0.0,0.0,0.0,0.0
478,0.0,0.0,0.0,0.0,0.0,0.0,0.0,0.0,0.0,0.0,0.0,0.0,0.0,0.0,319.99249267578125,146.32290649414062,256.0739440917969,73.32804870605469,232.13092041015625,165.03707885742188,187.1448516845703,93.94904327392578,0.0,0.0,0.0,0.0,0.0,0.0,0.0,0.0,0.0,0.0,0.0,0.0
479,0.0,0.0,0.0,0.0,0.0,0.0,0.0,0.0,0.0,0.0,0.0,0.0,0.0,0.0,319.9792175292969,145.93585205078125,255.37112426757807,74.70570373535156,231.79180908203125,164.84945678710938,186.7288360595703,94.00138092041016,0.0,0.0,0.0,0.0,0.0,0.0,0.0,0.0,0.0,0.0,0.0,0.0
480,0.0,0.0,0.0,0.0,0.0,0.0,0.0,0.0,0.0,0.0,0.0,0.0,0.0,0.0,319.6856689453125,145.6715087890625,255.7140655517578,74.34181213378906,232.51980590820312,165.16171264648438,186.08172607421875,94.10748291015624,0.0,0.0,0.0,0.0,0.0,0.0,0.0,0.0,0.0,0.0,0.0,0.0
481,0.0,0.0,0.0,0.0,0.0,0.0,0.0,0.0,0.0,0.0,0.0,0.0,0.0,0.0,320.0,146.87193298339844,255.84678649902344,74.70231628417969,232.6444091796875,165.5566864013672,186.70770263671875,93.8307876586914,0.0,0.0,0.0,0.0,0.0,0.0,0.0,0.0,0.0,0.0,0.0,0.0
482,0.0,0.0,0.0,0.0,0.0,0.0,0.0,0.0,0.0,0.0,0.0,0.0,0.0,0.0,320.0,144.85714721679688,255.9104156494141,74.39103698730469,231.72088623046875,164.97354125976562,185.9806060791016,93.71299743652344,0.0,0.0,0.0,0.0,0.0,0.0,0.0,0.0,0.0,0.0,0.0,0.0
483,0.0,0.0,0.0,0.0,0.0,0.0,0.0,0.0,0.0,0.0,0.0,0.0,0.0,0.0,320.0,145.59849548339844,254.4206695556641,75.04788208007812,232.5629119873047,164.62033081054688,186.04104614257807,93.93022918701172,0.0,0.0,0.0,0.0,0.0,0.0,0.0,0.0,0.0,0.0,0.0,0.0
484,0.0,0.0,0.0,0.0,0.0,0.0,0.0,0.0,0.0,0.0,0.0,0.0,0.0,0.0,319.41925048828125,147.674560546875,254.9111785888672,75.73213195800781,231.3623046875,164.46754455566406,186.38345336914065,93.8214111328125,0.0,0.0,0.0,0.0,0.0,0.0,0.0,0.0,0.0,0.0,0.0,0.0
485,0.0,0.0,0.0,0.0,0.0,0.0,0.0,0.0,0.0,0.0,0.0,0.0,0.0,0.0,318.92877197265625,145.4066162109375,255.88433837890625,74.92564392089844,231.6646270751953,164.27894592285156,186.43637084960935,93.37216186523438,0.0,0.0,0.0,0.0,0.0,0.0,0.0,0.0,0.0,0.0,0.0,0.0
486,0.0,0.0,0.0,0.0,0.0,0.0,0.0,0.0,0.0,0.0,0.0,0.0,0.0,0.0,319.3158569335937,145.12306213378906,256.6683349609375,72.675537109375,231.9759521484375,164.40097045898438,186.38519287109372,93.48699188232422,0.0,0.0,0.0,0.0,0.0,0.0,0.0,0.0,0.0,0.0,0.0,0.0
487,0.0,0.0,0.0,0.0,0.0,0.0,0.0,0.0,0.0,0.0,0.0,0.0,0.0,0.0,318.69061279296875,147.21844482421875,254.3760223388672,74.32595825195312,232.6036376953125,164.8281707763672,189.16958618164065,93.24627685546876,0.0,0.0,0.0,0.0,0.0,0.0,0.0,0.0,0.0,0.0,0.0,0.0
488,0.0,0.0,0.0,0.0,0.0,0.0,0.0,0.0,0.0,0.0,0.0,0.0,0.0,0.0,318.8115234375,147.13096618652344,255.03564453125,73.6400146484375,232.33831787109372,164.47994995117188,188.62835693359372,93.2591323852539,0.0,0.0,0.0,0.0,0.0,0.0,0.0,0.0,0.0,0.0,0.0,0.0
489,0.0,0.0,0.0,0.0,0.0,0.0,0.0,0.0,0.0,0.0,0.0,0.0,0.0,0.0,318.7449035644531,145.8800506591797,255.75743103027344,72.11201477050781,232.3759613037109,164.51400756835938,187.6670379638672,93.53829956054688,0.0,0.0,0.0,0.0,0.0,0.0,0.0,0.0,0.0,0.0,0.0,0.0
490,0.0,0.0,0.0,0.0,0.0,0.0,0.0,0.0,0.0,0.0,0.0,0.0,0.0,0.0,318.873046875,144.22462463378906,255.7566070556641,71.50247192382812,232.4299468994141,164.44320678710938,187.91363525390625,93.17803192138672,0.0,0.0,0.0,0.0,0.0,0.0,0.0,0.0,0.0,0.0,0.0,0.0
491,0.0,0.0,0.0,0.0,0.0,0.0,0.0,0.0,0.0,0.0,0.0,0.0,0.0,0.0,318.7708740234375,144.2562255859375,255.21861267089844,72.71247100830078,231.58740234375,163.94529724121094,187.37045288085935,93.39051818847656,0.0,0.0,0.0,0.0,0.0,0.0,0.0,0.0,0.0,0.0,0.0,0.0
492,0.0,0.0,0.0,0.0,0.0,0.0,0.0,0.0,0.0,0.0,0.0,0.0,0.0,0.0,318.7301330566406,142.12652587890625,255.3658599853516,72.41297912597656,232.52667236328125,164.1967010498047,187.51284790039065,93.12799072265624,0.0,0.0,0.0,0.0,0.0,0.0,0.0,0.0,0.0,0.0,0.0,0.0
493,0.0,0.0,0.0,0.0,0.0,0.0,0.0,0.0,0.0,0.0,0.0,0.0,0.0,0.0,318.5434265136719,140.94076538085938,254.84353637695312,72.66143798828125,233.25198364257807,164.48193359375,188.01022338867188,92.88015747070312,0.0,0.0,0.0,0.0,0.0,0.0,0.0,0.0,0.0,0.0,0.0,0.0
494,0.0,0.0,0.0,0.0,0.0,0.0,0.0,0.0,0.0,0.0,0.0,0.0,0.0,0.0,318.20025634765625,140.87428283691406,255.4476623535156,74.58988952636719,231.90365600585935,164.3275146484375,187.59368896484372,92.86923217773438,0.0,0.0,0.0,0.0,0.0,0.0,0.0,0.0,0.0,0.0,0.0,0.0
495,0.0,0.0,0.0,0.0,0.0,0.0,0.0,0.0,0.0,0.0,0.0,0.0,0.0,0.0,318.2015686035156,140.5620574951172,256.0515441894531,73.55116271972656,231.6739959716797,164.4593505859375,187.7893829345703,92.8667984008789,0.0,0.0,0.0,0.0,0.0,0.0,0.0,0.0,0.0,0.0,0.0,0.0
496,0.0,0.0,0.0,0.0,0.0,0.0,0.0,0.0,0.0,0.0,0.0,0.0,0.0,0.0,0.0,0.0,254.0873870849609,77.78236389160156,233.20794677734372,164.5681610107422,190.6761779785156,93.21477508544922,0.0,0.0,0.0,0.0,0.0,0.0,0.0,0.0,0.0,0.0,0.0,0.0
497,0.0,0.0,0.0,0.0,0.0,0.0,0.0,0.0,0.0,0.0,0.0,0.0,0.0,0.0,0.0,0.0,255.45883178710935,79.15849304199219,232.4946746826172,164.4559326171875,190.37152099609372,93.09707641601562,0.0,0.0,0.0,0.0,0.0,0.0,0.0,0.0,0.0,0.0,0.0,0.0
498,0.0,0.0,0.0,0.0,0.0,0.0,0.0,0.0,0.0,0.0,0.0,0.0,0.0,0.0,0.0,0.0,256.3295288085937,78.87857818603516,233.6572723388672,164.53790283203125,190.06887817382807,93.1918716430664,0.0,0.0,0.0,0.0,0.0,0.0,0.0,0.0,0.0,0.0,0.0,0.0
499,0.0,0.0,0.0,0.0,0.0,0.0,0.0,0.0,0.0,0.0,0.0,0.0,0.0,0.0,0.0,0.0,257.21490478515625,77.1011962890625,233.11448669433597,164.33653259277344,190.63992309570312,92.6471710205078,0.0,0.0,0.0,0.0,0.0,0.0,0.0,0.0,0.0,0.0,0.0,0.0
500,0.0,0.0,0.0,0.0,0.0,0.0,0.0,0.0,0.0,0.0,0.0,0.0,0.0,0.0,318.5118103027344,142.3515167236328,255.2327880859375,77.62080383300781,230.53160095214844,163.4222412109375,189.8616485595703,93.29473114013672,0.0,0.0,0.0,0.0,0.0,0.0,0.0,0.0,0.0,0.0,0.0,0.0
501,0.0,0.0,0.0,0.0,0.0,0.0,0.0,0.0,0.0,0.0,0.0,0.0,0.0,0.0,316.9638977050781,144.1397247314453,256.6181030273437,78.1675796508789,223.23455810546875,159.15269470214844,189.7581787109375,93.05712127685548,0.0,0.0,0.0,0.0,0.0,0.0,0.0,0.0,0.0,0.0,0.0,0.0
502,0.0,0.0,0.0,0.0,0.0,0.0,0.0,0.0,0.0,0.0,0.0,0.0,0.0,0.0,0.0,0.0,254.91305541992188,82.88900756835938,218.9471893310547,152.52444458007812,191.99380493164065,91.45511627197266,0.0,0.0,0.0,0.0,0.0,0.0,0.0,0.0,0.0,0.0,0.0,0.0
503,0.0,0.0,0.0,0.0,0.0,0.0,0.0,0.0,0.0,0.0,0.0,0.0,0.0,0.0,0.0,0.0,257.5970458984375,82.37020874023438,216.55950927734372,147.26934814453125,193.6433868408203,90.40499877929688,0.0,0.0,0.0,0.0,0.0,0.0,0.0,0.0,0.0,0.0,0.0,0.0
504,0.0,0.0,0.0,0.0,0.0,0.0,0.0,0.0,0.0,0.0,0.0,0.0,0.0,0.0,309.13134765625,141.5170135498047,260.5687255859375,81.04891967773438,205.31228637695312,138.4014434814453,193.8983612060547,89.83307647705078,0.0,0.0,0.0,0.0,0.0,0.0,0.0,0.0,0.0,0.0,0.0,0.0
505,0.0,0.0,0.0,0.0,0.0,0.0,0.0,0.0,0.0,0.0,0.0,0.0,0.0,0.0,302.6082458496094,138.53677368164062,265.6204833984375,84.26651000976562,202.7555389404297,131.48550415039062,198.80039978027344,91.9828643798828,0.0,0.0,0.0,0.0,0.0,0.0,0.0,0.0,0.0,0.0,0.0,0.0
506,0.0,0.0,0.0,0.0,0.0,0.0,0.0,0.0,0.0,0.0,0.0,0.0,0.0,0.0,300.2890014648437,137.411376953125,264.960205078125,84.55992126464844,202.766357421875,132.03392028808594,198.907470703125,92.05673217773438,0.0,0.0,0.0,0.0,0.0,0.0,0.0,0.0,0.0,0.0,0.0,0.0
507,0.0,0.0,0.0,0.0,0.0,0.0,0.0,0.0,0.0,0.0,0.0,0.0,0.0,0.0,305.3748779296875,135.31201171875,276.41876220703125,87.33348846435547,197.94509887695312,120.88899230957033,202.418212890625,95.79702758789062,0.0,0.0,0.0,0.0,0.0,0.0,0.0,0.0,0.0,0.0,0.0,0.0
508,0.0,0.0,0.0,0.0,0.0,0.0,0.0,0.0,0.0,0.0,0.0,0.0,0.0,0.0,297.68231201171875,127.41533660888672,278.7366943359375,89.08848571777344,193.78648376464844,112.7268295288086,200.3367462158203,93.593017578125,0.0,0.0,0.0,0.0,0.0,0.0,0.0,0.0,0.0,0.0,0.0,0.0
509,0.0,0.0,0.0,0.0,0.0,0.0,0.0,0.0,0.0,0.0,0.0,0.0,0.0,0.0,0.0,0.0,279.27001953125,105.08799743652344,183.4850311279297,88.47398376464844,184.4655914306641,88.98745727539062,0.0,0.0,0.0,0.0,0.0,0.0,0.0,0.0,0.0,0.0,0.0,0.0
510,0.0,0.0,0.0,0.0,0.0,0.0,0.0,0.0,0.0,0.0,0.0,0.0,0.0,0.0,0.0,0.0,281.4452514648437,110.38098907470705,0.0,0.0,185.6346740722656,85.13738250732422,0.0,0.0,0.0,0.0,0.0,0.0,0.0,0.0,0.0,0.0,0.0,0.0
511,0.0,0.0,0.0,0.0,0.0,0.0,0.0,0.0,0.0,0.0,0.0,0.0,0.0,0.0,0.0,0.0,0.0,0.0,183.48263549804688,83.76863098144531,187.1568603515625,84.98956298828125,0.0,0.0,0.0,0.0,0.0,0.0,0.0,0.0,0.0,0.0,0.0,0.0
512,0.0,0.0,0.0,0.0,0.0,0.0,0.0,0.0,0.0,0.0,0.0,0.0,0.0,0.0,286.59307861328125,126.74417877197266,282.2945251464844,115.42251586914062,183.32171630859372,73.60716247558594,186.5259552001953,74.58722686767578,0.0,0.0,0.0,0.0,0.0,0.0,0.0,0.0,0.0,0.0,0.0,0.0
513,0.0,0.0,0.0,0.0,0.0,0.0,0.0,0.0,0.0,0.0,0.0,0.0,0.0,0.0,0.0,0.0,0.0,0.0,181.2724151611328,73.78050231933594,184.96763610839844,74.85635375976562,0.0,0.0,0.0,0.0,0.0,0.0,0.0,0.0,0.0,0.0,0.0,0.0
514,0.0,0.0,0.0,0.0,0.0,0.0,0.0,0.0,0.0,0.0,0.0,0.0,0.0,0.0,266.2340087890625,119.46975708007812,0.0,0.0,175.80995178222656,57.552711486816406,180.7367248535156,57.588356018066406,0.0,0.0,0.0,0.0,0.0,0.0,0.0,0.0,0.0,0.0,0.0,0.0
515,0.0,0.0,0.0,0.0,0.0,0.0,0.0,0.0,0.0,0.0,0.0,0.0,0.0,0.0,266.0682678222656,116.37976837158205,0.0,0.0,184.6887664794922,60.74493789672852,191.0094757080078,65.64143371582031,0.0,0.0,0.0,0.0,0.0,0.0,0.0,0.0,0.0,0.0,0.0,0.0
516,0.0,0.0,0.0,0.0,0.0,0.0,0.0,0.0,0.0,0.0,0.0,0.0,0.0,0.0,271.18267822265625,119.08373260498048,0.0,0.0,190.22113037109372,62.59385681152344,195.3100128173828,66.54130554199219,0.0,0.0,0.0,0.0,0.0,0.0,0.0,0.0,0.0,0.0,0.0,0.0
517,0.0,0.0,0.0,0.0,0.0,0.0,0.0,0.0,0.0,0.0,0.0,0.0,0.0,0.0,272.4664611816406,113.7042999267578,0.0,0.0,188.32159423828125,58.70574951171875,193.6077880859375,64.10295104980469,0.0,0.0,0.0,0.0,0.0,0.0,0.0,0.0,0.0,0.0,0.0,0.0
518,0.0,0.0,0.0,0.0,0.0,0.0,0.0,0.0,0.0,0.0,0.0,0.0,0.0,0.0,278.078125,113.38591003417967,0.0,0.0,188.97235107421875,57.83055114746094,194.10943603515625,63.821571350097656,0.0,0.0,0.0,0.0,0.0,0.0,0.0,0.0,0.0,0.0,0.0,0.0
519,0.0,0.0,0.0,0.0,0.0,0.0,0.0,0.0,0.0,0.0,0.0,0.0,0.0,0.0,280.98944091796875,115.93851470947266,0.0,0.0,189.47955322265625,54.71717071533203,193.52194213867188,58.55597686767578,0.0,0.0,0.0,0.0,0.0,0.0,0.0,0.0,0.0,0.0,0.0,0.0
520,0.0,0.0,0.0,0.0,0.0,0.0,0.0,0.0,0.0,0.0,0.0,0.0,0.0,0.0,288.7907409667969,112.97734832763672,0.0,0.0,194.91586303710935,55.48442840576172,197.69012451171875,63.65536880493164,0.0,0.0,0.0,0.0,0.0,0.0,0.0,0.0,0.0,0.0,0.0,0.0
521,0.0,0.0,0.0,0.0,0.0,0.0,0.0,0.0,0.0,0.0,0.0,0.0,0.0,0.0,288.6194152832031,113.50550079345705,0.0,0.0,192.00592041015625,52.85926055908203,196.3914337158203,56.774322509765625,0.0,0.0,0.0,0.0,0.0,0.0,0.0,0.0,0.0,0.0,0.0,0.0
522,0.0,0.0,0.0,0.0,0.0,0.0,0.0,0.0,0.0,0.0,0.0,0.0,0.0,0.0,291.8917541503906,105.19808959960938,273.10308837890625,83.50602722167969,194.9198455810547,51.71662902832031,198.4092559814453,53.01895904541016,0.0,0.0,0.0,0.0,0.0,0.0,0.0,0.0,0.0,0.0,0.0,0.0
523,0.0,0.0,0.0,0.0,0.0,0.0,0.0,0.0,0.0,0.0,0.0,0.0,0.0,0.0,298.8970947265625,124.3396453857422,286.2086486816406,102.04295349121094,202.21763610839844,51.37401580810547,206.34588623046875,61.44959259033203,0.0,0.0,0.0,0.0,0.0,0.0,0.0,0.0,0.0,0.0,0.0,0.0
524,0.0,0.0,0.0,0.0,0.0,0.0,0.0,0.0,0.0,0.0,0.0,0.0,0.0,0.0,300.9339599609375,114.18804931640624,271.7634582519531,100.7053680419922,206.4186248779297,51.829376220703125,208.7854156494141,71.88050842285156,285.2176513671875,176.18319702148438,0.0,0.0,0.0,0.0,0.0,0.0,0.0,0.0,0.0,0.0
525,0.0,0.0,0.0,0.0,0.0,0.0,0.0,0.0,0.0,0.0,0.0,0.0,0.0,0.0,297.1786804199219,100.8996353149414,0.0,0.0,208.19107055664065,50.35090637207031,210.94764709472656,68.16587829589844,280.5461120605469,178.9575958251953,0.0,0.0,0.0,0.0,0.0,0.0,0.0,0.0,0.0,0.0
526,0.0,0.0,0.0,0.0,0.0,0.0,0.0,0.0,0.0,0.0,0.0,0.0,0.0,0.0,309.3570556640625,115.16665649414062,282.0167541503906,90.03929138183594,209.82095336914065,46.67710876464844,206.65884399414065,49.95480346679688,0.0,0.0,0.0,0.0,0.0,0.0,0.0,0.0,0.0,0.0,0.0,0.0
527,0.0,0.0,0.0,0.0,0.0,0.0,0.0,0.0,0.0,0.0,0.0,0.0,0.0,0.0,307.1335754394531,113.72547149658205,275.41375732421875,94.958984375,211.15884399414065,46.299766540527344,210.25814819335935,57.83808898925781,0.0,0.0,0.0,0.0,0.0,0.0,0.0,0.0,0.0,0.0,0.0,0.0
528,0.0,0.0,0.0,0.0,0.0,0.0,0.0,0.0,0.0,0.0,0.0,0.0,0.0,0.0,307.9459533691406,108.95050048828124,283.1288452148437,88.86680603027344,211.13821411132807,46.79558563232422,211.13787841796875,48.70762634277344,0.0,0.0,0.0,0.0,0.0,0.0,0.0,0.0,0.0,0.0,0.0,0.0
529,0.0,0.0,0.0,0.0,0.0,0.0,0.0,0.0,0.0,0.0,0.0,0.0,0.0,0.0,307.4319763183594,110.67546081542967,277.584228515625,92.5210418701172,212.905029296875,46.83907318115234,213.75848388671875,53.77153015136719,0.0,0.0,0.0,0.0,0.0,0.0,0.0,0.0,0.0,0.0,0.0,0.0
530,0.0,0.0,0.0,0.0,0.0,0.0,0.0,0.0,0.0,0.0,0.0,0.0,0.0,0.0,315.26434326171875,111.2168960571289,0.0,0.0,214.65875244140625,46.65376281738281,210.5113677978516,53.415504455566406,0.0,0.0,0.0,0.0,0.0,0.0,0.0,0.0,0.0,0.0,0.0,0.0
531,0.0,0.0,0.0,0.0,0.0,0.0,0.0,0.0,0.0,0.0,0.0,0.0,0.0,0.0,309.315673828125,105.1652374267578,0.0,0.0,211.27166748046875,43.0194091796875,208.3906707763672,47.45702362060547,0.0,0.0,0.0,0.0,0.0,0.0,0.0,0.0,0.0,0.0,0.0,0.0
532,0.0,0.0,0.0,0.0,0.0,0.0,0.0,0.0,0.0,0.0,0.0,0.0,0.0,0.0,308.6935119628906,115.612548828125,0.0,0.0,211.57440185546875,41.822296142578125,211.05245971679688,49.94102478027344,0.0,0.0,0.0,0.0,0.0,0.0,0.0,0.0,0.0,0.0,0.0,0.0
533,0.0,0.0,0.0,0.0,0.0,0.0,0.0,0.0,0.0,0.0,0.0,0.0,0.0,0.0,308.1762084960937,110.1501235961914,271.1818542480469,89.04522705078125,207.70016479492188,41.14246368408203,204.11114501953125,47.88189697265625,0.0,0.0,0.0,0.0,0.0,0.0,0.0,0.0,0.0,0.0,0.0,0.0
534,0.0,0.0,0.0,0.0,0.0,0.0,0.0,0.0,0.0,0.0,0.0,0.0,0.0,0.0,299.9054260253906,86.07046508789062,0.0,0.0,203.52757263183597,41.2265625,205.16665649414065,44.29068756103516,0.0,0.0,0.0,0.0,0.0,0.0,0.0,0.0,0.0,0.0,0.0,0.0
535,0.0,0.0,0.0,0.0,0.0,0.0,0.0,0.0,0.0,0.0,0.0,0.0,0.0,0.0,307.31103515625,108.76848602294922,0.0,0.0,204.59689331054688,42.2627182006836,211.92208862304688,63.558624267578125,282.3064270019531,185.21144104003903,0.0,0.0,0.0,0.0,0.0,0.0,0.0,0.0,0.0,0.0
536,0.0,0.0,0.0,0.0,0.0,0.0,0.0,0.0,0.0,0.0,0.0,0.0,0.0,0.0,305.31793212890625,102.23571014404295,0.0,0.0,212.3452911376953,43.91789245605469,216.4066925048828,51.56096649169922,0.0,0.0,0.0,0.0,0.0,0.0,0.0,0.0,0.0,0.0,0.0,0.0
537,0.0,0.0,0.0,0.0,0.0,0.0,0.0,0.0,0.0,0.0,0.0,0.0,0.0,0.0,0.0,0.0,0.0,0.0,214.78204345703125,48.294212341308594,216.4849090576172,50.501495361328125,0.0,0.0,0.0,0.0,0.0,0.0,0.0,0.0,0.0,0.0,0.0,0.0
538,0.0,0.0,0.0,0.0,0.0,0.0,0.0,0.0,0.0,0.0,0.0,0.0,0.0,0.0,305.5292358398437,100.38215637207033,0.0,0.0,212.6937561035156,45.42485809326172,212.41213989257807,52.419166564941406,0.0,0.0,0.0,0.0,0.0,0.0,0.0,0.0,0.0,0.0,0.0,0.0
539,0.0,0.0,0.0,0.0,0.0,0.0,0.0,0.0,0.0,0.0,0.0,0.0,0.0,0.0,304.891845703125,102.81424713134766,0.0,0.0,204.9561920166016,36.828392028808594,205.04052734375,43.55463409423828,0.0,0.0,0.0,0.0,0.0,0.0,0.0,0.0,0.0,0.0,0.0,0.0
540,0.0,0.0,0.0,0.0,0.0,0.0,0.0,0.0,0.0,0.0,0.0,0.0,0.0,0.0,309.4455871582031,109.62215423583984,0.0,0.0,211.6973419189453,43.88984680175781,209.79232788085935,44.54095458984375,0.0,0.0,0.0,0.0,0.0,0.0,0.0,0.0,0.0,0.0,0.0,0.0
541,0.0,0.0,0.0,0.0,0.0,0.0,0.0,0.0,0.0,0.0,0.0,0.0,0.0,0.0,308.6127014160156,113.42223358154295,279.65997314453125,89.9146728515625,211.8731384277344,38.190406799316406,210.81497192382807,42.86590576171875,0.0,0.0,0.0,0.0,0.0,0.0,0.0,0.0,0.0,0.0,0.0,0.0
542,0.0,0.0,0.0,0.0,0.0,0.0,0.0,0.0,0.0,0.0,0.0,0.0,0.0,0.0,308.12335205078125,119.02264404296876,0.0,0.0,214.7901611328125,37.294898986816406,215.50624084472656,48.82855224609375,0.0,0.0,0.0,0.0,0.0,0.0,0.0,0.0,0.0,0.0,0.0,0.0
543,0.0,0.0,0.0,0.0,0.0,0.0,0.0,0.0,0.0,0.0,0.0,0.0,0.0,0.0,303.8449401855469,96.90009307861328,0.0,0.0,213.51927185058597,33.79705810546875,211.43019104003903,40.785186767578125,0.0,0.0,0.0,0.0,0.0,0.0,0.0,0.0,0.0,0.0,0.0,0.0
544,0.0,0.0,0.0,0.0,0.0,0.0,0.0,0.0,0.0,0.0,0.0,0.0,0.0,0.0,303.24969482421875,100.4886703491211,0.0,0.0,212.5061798095703,34.24552917480469,215.35626220703125,43.295257568359375,0.0,0.0,0.0,0.0,0.0,0.0,0.0,0.0,0.0,0.0,0.0,0.0
545,0.0,0.0,0.0,0.0,0.0,0.0,0.0,0.0,0.0,0.0,0.0,0.0,0.0,0.0,303.89141845703125,112.97247314453124,0.0,0.0,200.05355834960935,29.760498046875,210.43157958984372,48.62480926513672,0.0,0.0,0.0,0.0,0.0,0.0,0.0,0.0,0.0,0.0,0.0,0.0
546,0.0,0.0,0.0,0.0,0.0,0.0,0.0,0.0,0.0,0.0,0.0,0.0,0.0,0.0,307.25372314453125,117.02208709716795,0.0,0.0,206.36761474609372,34.108863830566406,209.4630279541016,42.35124206542969,0.0,0.0,0.0,0.0,0.0,0.0,0.0,0.0,0.0,0.0,0.0,0.0
547,0.0,0.0,0.0,0.0,0.0,0.0,0.0,0.0,0.0,0.0,0.0,0.0,0.0,0.0,303.65771484375,120.23827362060548,0.0,0.0,205.1562957763672,32.470237731933594,206.6919403076172,44.41928863525391,0.0,0.0,0.0,0.0,0.0,0.0,0.0,0.0,0.0,0.0,0.0,0.0
548,0.0,0.0,0.0,0.0,0.0,0.0,0.0,0.0,0.0,0.0,0.0,0.0,0.0,0.0,307.29766845703125,110.78671264648438,0.0,0.0,209.4425201416016,35.693153381347656,205.24740600585935,45.60890197753906,0.0,0.0,0.0,0.0,0.0,0.0,0.0,0.0,0.0,0.0,0.0,0.0
549,0.0,0.0,0.0,0.0,0.0,0.0,0.0,0.0,0.0,0.0,0.0,0.0,0.0,0.0,305.8568115234375,109.19352722167967,0.0,0.0,211.08436584472656,35.22711944580078,214.97740173339844,47.61490631103516,0.0,0.0,0.0,0.0,0.0,0.0,0.0,0.0,0.0,0.0,0.0,0.0
550,0.0,0.0,0.0,0.0,0.0,0.0,0.0,0.0,0.0,0.0,0.0,0.0,0.0,0.0,306.66961669921875,114.7536849975586,0.0,0.0,199.7541046142578,31.801803588867188,206.3947296142578,45.08113861083984,0.0,0.0,0.0,0.0,0.0,0.0,0.0,0.0,0.0,0.0,0.0,0.0
551,0.0,0.0,0.0,0.0,0.0,0.0,0.0,0.0,0.0,0.0,0.0,0.0,0.0,0.0,314.5181884765625,108.20779418945312,0.0,0.0,213.3871917724609,45.21993255615234,213.365234375,63.29517364501953,0.0,0.0,0.0,0.0,0.0,0.0,0.0,0.0,0.0,0.0,0.0,0.0
552,0.0,0.0,0.0,0.0,0.0,0.0,0.0,0.0,0.0,0.0,0.0,0.0,0.0,0.0,302.0697326660156,92.08164978027344,0.0,0.0,211.2857360839844,47.443634033203125,212.41026306152344,66.63069152832031,0.0,0.0,0.0,0.0,0.0,0.0,0.0,0.0,0.0,0.0,0.0,0.0
553,0.0,0.0,0.0,0.0,0.0,0.0,0.0,0.0,0.0,0.0,0.0,0.0,0.0,0.0,0.0,0.0,286.6228332519531,90.94780731201172,213.2688751220703,54.12520599365234,215.2490081787109,57.79328155517578,0.0,0.0,0.0,0.0,0.0,0.0,0.0,0.0,0.0,0.0,0.0,0.0
554,0.0,0.0,0.0,0.0,0.0,0.0,0.0,0.0,0.0,0.0,0.0,0.0,0.0,0.0,315.5382385253906,109.4259796142578,0.0,0.0,215.97537231445312,52.81500244140625,212.71360778808597,71.79666900634766,0.0,0.0,0.0,0.0,0.0,0.0,0.0,0.0,0.0,0.0,0.0,0.0
555,0.0,0.0,0.0,0.0,0.0,0.0,0.0,0.0,0.0,0.0,0.0,0.0,0.0,0.0,0.0,0.0,0.0,0.0,208.9510498046875,53.359222412109375,209.39859008789065,55.546180725097656,0.0,0.0,0.0,0.0,0.0,0.0,0.0,0.0,0.0,0.0,0.0,0.0
556,0.0,0.0,0.0,0.0,0.0,0.0,0.0,0.0,0.0,0.0,0.0,0.0,0.0,0.0,302.80596923828125,98.7558135986328,0.0,0.0,194.50477600097656,42.678558349609375,198.60069274902344,47.85789489746094,0.0,0.0,0.0,0.0,0.0,0.0,0.0,0.0,0.0,0.0,0.0,0.0
557,0.0,0.0,0.0,0.0,0.0,0.0,0.0,0.0,0.0,0.0,0.0,0.0,0.0,0.0,308.978515625,103.80418395996094,0.0,0.0,195.02354431152344,45.01188659667969,201.5015563964844,53.97574615478516,0.0,0.0,0.0,0.0,0.0,0.0,0.0,0.0,0.0,0.0,0.0,0.0
558,0.0,0.0,0.0,0.0,0.0,0.0,0.0,0.0,0.0,0.0,0.0,0.0,0.0,0.0,278.3109436035156,86.59013366699219,0.0,0.0,165.08212280273438,33.89838409423828,171.3914794921875,36.01676177978516,0.0,0.0,0.0,0.0,0.0,0.0,0.0,0.0,0.0,0.0,0.0,0.0
559,0.0,0.0,0.0,0.0,0.0,0.0,0.0,0.0,0.0,0.0,0.0,0.0,0.0,0.0,277.58990478515625,85.53707885742188,0.0,0.0,153.13685607910156,30.66510772705078,167.5563201904297,38.49220275878906,0.0,0.0,0.0,0.0,0.0,0.0,0.0,0.0,0.0,0.0,0.0,0.0
560,0.0,0.0,0.0,0.0,0.0,0.0,0.0,0.0,0.0,0.0,0.0,0.0,0.0,0.0,0.0,0.0,0.0,0.0,0.0,0.0,0.0,0.0,0.0,0.0,0.0,0.0,0.0,0.0,0.0,0.0,0.0,0.0,0.0,0.0
561,0.0,0.0,0.0,0.0,0.0,0.0,0.0,0.0,0.0,0.0,0.0,0.0,0.0,0.0,0.0,0.0,0.0,0.0,0.0,0.0,0.0,0.0,0.0,0.0,0.0,0.0,0.0,0.0,0.0,0.0,0.0,0.0,0.0,0.0
562,0.0,0.0,0.0,0.0,0.0,0.0,0.0,0.0,0.0,0.0,0.0,0.0,0.0,0.0,0.0,0.0,0.0,0.0,0.0,0.0,0.0,0.0,0.0,0.0,0.0,0.0,0.0,0.0,0.0,0.0,0.0,0.0,0.0,0.0
563,0.0,0.0,0.0,0.0,0.0,0.0,0.0,0.0,0.0,0.0,0.0,0.0,0.0,0.0,0.0,0.0,0.0,0.0,0.0,0.0,0.0,0.0,0.0,0.0,0.0,0.0,0.0,0.0,0.0,0.0,0.0,0.0,0.0,0.0
564,0.0,0.0,0.0,0.0,0.0,0.0,0.0,0.0,0.0,0.0,0.0,0.0,0.0,0.0,0.0,0.0,0.0,0.0,0.0,0.0,0.0,0.0,0.0,0.0,0.0,0.0,0.0,0.0,0.0,0.0,0.0,0.0,0.0,0.0
565,0.0,0.0,0.0,0.0,0.0,0.0,0.0,0.0,0.0,0.0,0.0,0.0,0.0,0.0,0.0,0.0,0.0,0.0,0.0,0.0,0.0,0.0,0.0,0.0,0.0,0.0,0.0,0.0,0.0,0.0,0.0,0.0,0.0,0.0
566,0.0,0.0,0.0,0.0,0.0,0.0,0.0,0.0,0.0,0.0,0.0,0.0,0.0,0.0,0.0,0.0,0.0,0.0,0.0,0.0,0.0,0.0,0.0,0.0,0.0,0.0,0.0,0.0,0.0,0.0,0.0,0.0,0.0,0.0
567,0.0,0.0,0.0,0.0,0.0,0.0,0.0,0.0,0.0,0.0,0.0,0.0,0.0,0.0,0.0,0.0,0.0,0.0,0.0,0.0,0.0,0.0,0.0,0.0,0.0,0.0,0.0,0.0,0.0,0.0,0.0,0.0,0.0,0.0
568,0.0,0.0,0.0,0.0,0.0,0.0,0.0,0.0,0.0,0.0,0.0,0.0,0.0,0.0,0.0,0.0,0.0,0.0,0.0,0.0,0.0,0.0,0.0,0.0,0.0,0.0,0.0,0.0,0.0,0.0,0.0,0.0,0.0,0.0
569,0.0,0.0,0.0,0.0,0.0,0.0,0.0,0.0,0.0,0.0,0.0,0.0,0.0,0.0,0.0,0.0,0.0,0.0,0.0,0.0,0.0,0.0,0.0,0.0,0.0,0.0,0.0,0.0,0.0,0.0,0.0,0.0,0.0,0.0
570,0.0,0.0,0.0,0.0,0.0,0.0,0.0,0.0,0.0,0.0,0.0,0.0,0.0,0.0,0.0,0.0,0.0,0.0,0.0,0.0,0.0,0.0,0.0,0.0,0.0,0.0,0.0,0.0,0.0,0.0,0.0,0.0,0.0,0.0
571,0.0,0.0,0.0,0.0,0.0,0.0,0.0,0.0,0.0,0.0,0.0,0.0,0.0,0.0,0.0,0.0,0.0,0.0,0.0,0.0,0.0,0.0,0.0,0.0,0.0,0.0,0.0,0.0,0.0,0.0,0.0,0.0,0.0,0.0
572,0.0,0.0,0.0,0.0,0.0,0.0,0.0,0.0,0.0,0.0,0.0,0.0,0.0,0.0,0.0,0.0,0.0,0.0,0.0,0.0,0.0,0.0,0.0,0.0,0.0,0.0,0.0,0.0,0.0,0.0,0.0,0.0,0.0,0.0
573,0.0,0.0,0.0,0.0,0.0,0.0,0.0,0.0,0.0,0.0,0.0,0.0,0.0,0.0,0.0,0.0,0.0,0.0,0.0,0.0,0.0,0.0,0.0,0.0,0.0,0.0,0.0,0.0,0.0,0.0,0.0,0.0,0.0,0.0
574,0.0,0.0,0.0,0.0,0.0,0.0,0.0,0.0,0.0,0.0,0.0,0.0,0.0,0.0,133.17694091796875,80.43649291992188,0.0,0.0,0.0,0.0,0.0,0.0,0.0,0.0,0.0,0.0,0.0,0.0,0.0,0.0,0.0,0.0,0.0,0.0
575,0.0,0.0,0.0,0.0,0.0,0.0,0.0,0.0,0.0,0.0,0.0,0.0,0.0,0.0,0.0,0.0,0.0,0.0,0.0,0.0,0.0,0.0,0.0,0.0,0.0,0.0,0.0,0.0,0.0,0.0,0.0,0.0,0.0,0.0
576,0.0,0.0,0.0,0.0,0.0,0.0,0.0,0.0,0.0,0.0,0.0,0.0,0.0,0.0,0.0,0.0,0.0,0.0,81.79532623291016,73.24979400634766,0.0,0.0,0.0,0.0,0.0,0.0,0.0,0.0,0.0,0.0,0.0,0.0,0.0,0.0
577,0.0,0.0,0.0,0.0,0.0,0.0,0.0,0.0,0.0,0.0,0.0,0.0,0.0,0.0,162.43670654296875,68.09519958496094,0.0,0.0,0.0,0.0,0.0,0.0,0.0,0.0,0.0,0.0,0.0,0.0,0.0,0.0,0.0,0.0,0.0,0.0
578,0.0,0.0,0.0,0.0,0.0,0.0,0.0,0.0,0.0,0.0,0.0,0.0,0.0,0.0,0.0,0.0,0.0,0.0,127.40306091308594,71.215087890625,137.64907836914062,69.24365234375,0.0,0.0,0.0,0.0,0.0,0.0,0.0,0.0,0.0,0.0,0.0,0.0
579,0.0,0.0,0.0,0.0,0.0,0.0,0.0,0.0,0.0,0.0,0.0,0.0,0.0,0.0,0.0,0.0,0.0,0.0,0.0,0.0,0.0,0.0,0.0,0.0,0.0,0.0,0.0,0.0,0.0,0.0,0.0,0.0,0.0,0.0
580,0.0,0.0,0.0,0.0,0.0,0.0,0.0,0.0,0.0,0.0,0.0,0.0,0.0,0.0,0.0,0.0,0.0,0.0,108.71666717529295,69.54673767089844,0.0,0.0,0.0,0.0,0.0,0.0,0.0,0.0,0.0,0.0,0.0,0.0,0.0,0.0
581,0.0,0.0,0.0,0.0,0.0,0.0,0.0,0.0,0.0,0.0,0.0,0.0,0.0,0.0,0.0,0.0,0.0,0.0,0.0,0.0,0.0,0.0,0.0,0.0,0.0,0.0,0.0,0.0,0.0,0.0,0.0,0.0,0.0,0.0
582,0.0,0.0,0.0,0.0,0.0,0.0,0.0,0.0,0.0,0.0,0.0,0.0,0.0,0.0,0.0,0.0,0.0,0.0,0.0,0.0,0.0,0.0,0.0,0.0,0.0,0.0,0.0,0.0,0.0,0.0,0.0,0.0,0.0,0.0
583,0.0,0.0,0.0,0.0,0.0,0.0,0.0,0.0,0.0,0.0,0.0,0.0,0.0,0.0,0.0,0.0,0.0,0.0,72.44804382324219,72.52449035644531,0.0,0.0,0.0,0.0,0.0,0.0,0.0,0.0,0.0,0.0,0.0,0.0,0.0,0.0
584,0.0,0.0,0.0,0.0,0.0,0.0,0.0,0.0,0.0,0.0,0.0,0.0,0.0,0.0,0.0,0.0,0.0,0.0,114.54464721679688,58.23005676269531,0.0,0.0,0.0,0.0,0.0,0.0,0.0,0.0,0.0,0.0,0.0,0.0,0.0,0.0
585,0.0,0.0,0.0,0.0,0.0,0.0,0.0,0.0,0.0,0.0,0.0,0.0,0.0,0.0,0.0,0.0,0.0,0.0,0.0,0.0,0.0,0.0,0.0,0.0,0.0,0.0,0.0,0.0,0.0,0.0,0.0,0.0,0.0,0.0
586,0.0,0.0,0.0,0.0,0.0,0.0,0.0,0.0,0.0,0.0,0.0,0.0,0.0,0.0,0.0,0.0,0.0,0.0,0.0,0.0,0.0,0.0,0.0,0.0,255.1787109375,178.55990600585938,0.0,0.0,0.0,0.0,0.0,0.0,0.0,0.0
587,0.0,0.0,0.0,0.0,0.0,0.0,0.0,0.0,0.0,0.0,0.0,0.0,0.0,0.0,0.0,0.0,0.0,0.0,0.0,0.0,0.0,0.0,0.0,0.0,0.0,0.0,0.0,0.0,0.0,0.0,0.0,0.0,0.0,0.0
588,0.0,0.0,0.0,0.0,0.0,0.0,0.0,0.0,0.0,0.0,0.0,0.0,0.0,0.0,0.0,0.0,0.0,0.0,0.0,0.0,0.0,0.0,0.0,0.0,259.8481140136719,181.60675048828125,0.0,0.0,0.0,0.0,0.0,0.0,0.0,0.0
589,0.0,0.0,0.0,0.0,0.0,0.0,0.0,0.0,0.0,0.0,0.0,0.0,0.0,0.0,0.0,0.0,0.0,0.0,0.0,0.0,0.0,0.0,0.0,0.0,0.0,0.0,0.0,0.0,0.0,0.0,0.0,0.0,0.0,0.0
590,0.0,0.0,0.0,0.0,0.0,0.0,0.0,0.0,0.0,0.0,0.0,0.0,0.0,0.0,220.03111267089844,83.11016845703125,0.0,0.0,92.1610870361328,83.32735443115234,100.42742919921876,79.13916015625,0.0,0.0,0.0,0.0,0.0,0.0,0.0,0.0,0.0,0.0,0.0,0.0
591,0.0,0.0,0.0,0.0,0.0,0.0,0.0,0.0,0.0,0.0,0.0,0.0,0.0,0.0,248.1080322265625,79.97127532958984,0.0,0.0,125.80166625976562,90.18077087402344,0.0,0.0,253.21292114257807,178.51219177246094,152.02618408203125,176.46905517578125,0.0,0.0,0.0,0.0,0.0,0.0,0.0,0.0
592,0.0,0.0,0.0,0.0,0.0,0.0,0.0,0.0,0.0,0.0,0.0,0.0,0.0,0.0,268.7522888183594,89.00582122802734,0.0,0.0,142.3494873046875,98.5553970336914,142.98916625976562,99.6282730102539,275.2755126953125,163.67489624023438,258.43218994140625,156.5693817138672,0.0,0.0,0.0,0.0,0.0,0.0,0.0,0.0
593,0.0,0.0,0.0,0.0,0.0,0.0,0.0,0.0,0.0,0.0,0.0,0.0,0.0,0.0,291.32183837890625,81.87423706054688,261.296875,77.7886734008789,167.26588439941406,109.5335693359375,165.06781005859375,111.21987915039062,0.0,0.0,267.5819396972656,160.14340209960938,0.0,0.0,0.0,0.0,0.0,0.0,0.0,0.0
594,0.0,0.0,0.0,0.0,0.0,0.0,0.0,0.0,0.0,0.0,0.0,0.0,0.0,0.0,298.51983642578125,73.94922637939453,0.0,0.0,188.0640869140625,114.63712310791016,190.08470153808597,116.3649444580078,282.45050048828125,173.61517333984375,255.66748046875,167.27127075195312,0.0,0.0,0.0,0.0,0.0,0.0,0.0,0.0
595,0.0,0.0,0.0,0.0,0.0,0.0,0.0,0.0,0.0,0.0,0.0,0.0,0.0,0.0,315.82391357421875,69.950439453125,0.0,0.0,221.903564453125,120.85244750976562,222.83639526367188,117.40682983398438,0.0,0.0,0.0,0.0,0.0,0.0,0.0,0.0,0.0,0.0,0.0,0.0
596,0.0,0.0,0.0,0.0,0.0,0.0,0.0,0.0,0.0,0.0,0.0,0.0,0.0,0.0,0.0,0.0,0.0,0.0,0.0,0.0,0.0,0.0,0.0,0.0,0.0,0.0,0.0,0.0,0.0,0.0,0.0,0.0,0.0,0.0
597,0.0,0.0,0.0,0.0,0.0,0.0,0.0,0.0,0.0,0.0,0.0,0.0,0.0,0.0,0.0,0.0,0.0,0.0,220.9027099609375,108.5770492553711,220.81640625,112.30300903320312,272.0971984863281,127.552734375,274.1536560058594,122.9249267578125,0.0,0.0,0.0,0.0,0.0,0.0,0.0,0.0
598,0.0,0.0,0.0,0.0,0.0,0.0,0.0,0.0,0.0,0.0,0.0,0.0,0.0,0.0,310.33416748046875,61.297019958496094,280.1940002441406,49.59494018554688,278.6903991699219,135.49884033203125,231.26109313964844,115.60041809082033,266.47222900390625,111.70746612548828,260.37310791015625,108.68116760253906,259.17413330078125,169.7054901123047,259.2308349609375,168.7611846923828,0.0,0.0,0.0,0.0
599,0.0,0.0,0.0,0.0,0.0,0.0,0.0,0.0,0.0,0.0,0.0,0.0,0.0,0.0,311.1937561035156,62.06245422363281,244.63946533203125,50.97874450683594,291.7726745605469,142.22262573242188,218.27056884765625,105.5770034790039,270.6810302734375,150.6537322998047,244.46142578125,149.0866241455078,0.0,0.0,0.0,0.0,0.0,0.0,0.0,0.0
600,0.0,0.0,0.0,0.0,0.0,0.0,0.0,0.0,0.0,0.0,0.0,0.0,0.0,0.0,306.24029541015625,53.1021728515625,247.86834716796875,52.52754211425781,293.3355407714844,145.4949188232422,216.9418487548828,116.5829620361328,268.5754089355469,150.34494018554688,237.9079742431641,149.0253143310547,0.0,0.0,0.0,0.0,0.0,0.0,0.0,0.0
601,0.0,0.0,0.0,0.0,0.0,0.0,0.0,0.0,0.0,0.0,0.0,0.0,0.0,0.0,304.1151123046875,55.36158752441406,249.15451049804688,53.51881408691406,291.72821044921875,147.6732177734375,219.0101318359375,115.3730239868164,267.06964111328125,150.8795166015625,239.89926147460935,149.9617156982422,0.0,0.0,0.0,0.0,0.0,0.0,0.0,0.0
602,0.0,0.0,0.0,0.0,0.0,0.0,0.0,0.0,0.0,0.0,0.0,0.0,0.0,0.0,297.5719299316406,60.18620300292969,245.58497619628903,59.18376922607422,282.0460205078125,149.59725952148438,216.2393341064453,115.48055267333984,264.6011657714844,151.4563751220703,237.0078125,150.40005493164062,0.0,0.0,0.0,0.0,0.0,0.0,0.0,0.0
603,0.0,0.0,0.0,0.0,0.0,0.0,0.0,0.0,0.0,0.0,0.0,0.0,0.0,0.0,295.8363342285156,56.738372802734375,247.86192321777344,56.87663269042969,280.9881591796875,148.2073211669922,219.35304260253903,115.92947387695312,263.4095764160156,149.86940002441406,238.8843231201172,149.25469970703125,0.0,0.0,0.0,0.0,0.0,0.0,0.0,0.0
604,0.0,0.0,0.0,0.0,0.0,0.0,0.0,0.0,0.0,0.0,0.0,0.0,0.0,0.0,292.72198486328125,57.76704406738281,247.3763885498047,57.84207534790039,270.9603881835937,148.1180419921875,219.4835205078125,115.66094207763672,270.0126953125,149.31777954101562,242.57745361328125,148.62353515625,0.0,0.0,0.0,0.0,0.0,0.0,0.0,0.0
605,0.0,0.0,0.0,0.0,0.0,0.0,0.0,0.0,0.0,0.0,0.0,0.0,0.0,0.0,289.8286437988281,54.322227478027344,255.5731506347656,57.45011901855469,263.5526123046875,144.6636505126953,221.84222412109372,117.37288665771484,264.7943420410156,145.8311767578125,243.6942901611328,145.21336364746094,0.0,0.0,0.0,0.0,0.0,0.0,0.0,0.0
606,0.0,0.0,0.0,0.0,0.0,0.0,0.0,0.0,0.0,0.0,0.0,0.0,0.0,0.0,287.8616027832031,51.136474609375,254.08990478515625,55.80525207519531,260.81915283203125,147.93209838867188,225.8804626464844,127.49201965332033,270.8423156738281,147.7476806640625,248.74801635742188,147.9007568359375,0.0,0.0,0.0,0.0,0.0,0.0,0.0,0.0
607,0.0,0.0,0.0,0.0,0.0,0.0,0.0,0.0,0.0,0.0,0.0,0.0,0.0,0.0,287.44580078125,51.92982482910156,0.0,0.0,259.0752258300781,148.29347229003906,225.03836059570312,133.12789916992188,269.3022766113281,158.44891357421875,248.7884826660156,159.0923309326172,0.0,0.0,0.0,0.0,0.0,0.0,0.0,0.0
608,0.0,0.0,0.0,0.0,0.0,0.0,0.0,0.0,0.0,0.0,0.0,0.0,0.0,0.0,288.0363464355469,57.283653259277344,0.0,0.0,259.10528564453125,148.351318359375,244.64881896972656,145.65487670898438,275.6898498535156,142.9849853515625,257.1535949707031,144.17422485351562,0.0,0.0,0.0,0.0,0.0,0.0,0.0,0.0
609,0.0,0.0,0.0,0.0,0.0,0.0,0.0,0.0,0.0,0.0,0.0,0.0,0.0,0.0,286.1551208496094,58.35733795166016,0.0,0.0,257.9761962890625,148.79367065429688,241.19776916503903,142.13290405273438,271.1182861328125,142.47442626953125,252.6371612548828,143.81922912597656,0.0,0.0,0.0,0.0,0.0,0.0,0.0,0.0
610,0.0,0.0,0.0,0.0,0.0,0.0,0.0,0.0,0.0,0.0,0.0,0.0,0.0,0.0,279.8977355957031,58.94065856933594,0.0,0.0,256.6642761230469,150.39541625976562,223.99661254882807,134.53732299804688,266.0705261230469,152.57933044433594,246.11575317382807,151.38377380371094,0.0,0.0,0.0,0.0,0.0,0.0,0.0,0.0
611,0.0,0.0,0.0,0.0,0.0,0.0,0.0,0.0,0.0,0.0,0.0,0.0,0.0,0.0,278.1860046386719,52.51731872558594,0.0,0.0,255.06895446777344,151.24234008789062,226.8129119873047,135.96876525878906,269.6127014160156,149.16322326660156,251.9351348876953,148.72048950195312,0.0,0.0,0.0,0.0,0.0,0.0,0.0,0.0
612,0.0,0.0,0.0,0.0,0.0,0.0,0.0,0.0,0.0,0.0,0.0,0.0,0.0,0.0,276.336669921875,54.073974609375,0.0,0.0,254.1223907470703,151.6415557861328,230.37646484375,139.00086975097656,265.2636108398437,152.1682586669922,249.94534301757807,151.26565551757812,0.0,0.0,0.0,0.0,0.0,0.0,0.0,0.0
613,0.0,0.0,0.0,0.0,0.0,0.0,0.0,0.0,0.0,0.0,0.0,0.0,0.0,0.0,276.7989807128906,63.74434280395508,0.0,0.0,251.1186065673828,153.8523712158203,228.9112548828125,144.94422912597656,270.37811279296875,161.37429809570312,255.8803253173828,160.8509521484375,0.0,0.0,0.0,0.0,0.0,0.0,0.0,0.0
614,0.0,0.0,0.0,0.0,0.0,0.0,0.0,0.0,0.0,0.0,0.0,0.0,0.0,0.0,273.9188537597656,63.510398864746094,0.0,0.0,247.9068603515625,155.4151153564453,234.55422973632807,152.49954223632812,269.4704895019531,163.0929412841797,262.2601928710937,162.62872314453125,0.0,0.0,0.0,0.0,0.0,0.0,0.0,0.0
615,0.0,0.0,0.0,0.0,0.0,0.0,0.0,0.0,0.0,0.0,0.0,0.0,0.0,0.0,275.7788391113281,55.22950744628906,0.0,0.0,248.76443481445312,153.22434997558594,0.0,0.0,270.475830078125,152.016845703125,264.76885986328125,153.10533142089844,0.0,0.0,0.0,0.0,0.0,0.0,0.0,0.0
616,0.0,0.0,0.0,0.0,0.0,0.0,0.0,0.0,0.0,0.0,0.0,0.0,0.0,0.0,272.505859375,64.00297546386719,0.0,0.0,246.25830078125,155.129150390625,0.0,0.0,270.8239440917969,159.98361206054688,265.1031188964844,159.26739501953125,0.0,0.0,0.0,0.0,0.0,0.0,0.0,0.0
617,0.0,0.0,0.0,0.0,0.0,0.0,0.0,0.0,0.0,0.0,0.0,0.0,0.0,0.0,275.1142578125,60.59466552734375,0.0,0.0,247.6888427734375,154.4254913330078,0.0,0.0,272.6904296875,151.89669799804688,267.8516540527344,152.09933471679688,0.0,0.0,0.0,0.0,0.0,0.0,0.0,0.0
618,0.0,0.0,0.0,0.0,0.0,0.0,0.0,0.0,0.0,0.0,0.0,0.0,0.0,0.0,276.12066650390625,60.59674072265625,0.0,0.0,248.013916015625,153.68447875976562,242.13604736328125,150.99533081054688,272.3775634765625,151.44461059570312,264.2200622558594,151.83494567871094,0.0,0.0,0.0,0.0,0.0,0.0,0.0,0.0
619,0.0,0.0,0.0,0.0,0.0,0.0,0.0,0.0,0.0,0.0,0.0,0.0,0.0,0.0,275.2348937988281,61.238677978515625,0.0,0.0,247.26158142089844,153.83969116210938,240.00511169433597,150.14100646972656,274.2411193847656,152.728271484375,268.419921875,153.10098266601562,0.0,0.0,0.0,0.0,0.0,0.0,0.0,0.0
620,0.0,0.0,0.0,0.0,0.0,0.0,0.0,0.0,0.0,0.0,0.0,0.0,0.0,0.0,274.03521728515625,62.11676788330078,0.0,0.0,246.95396423339844,153.74392700195312,0.0,0.0,274.8176574707031,153.29818725585938,269.94927978515625,153.96829223632812,0.0,0.0,0.0,0.0,0.0,0.0,0.0,0.0
621,0.0,0.0,0.0,0.0,0.0,0.0,0.0,0.0,0.0,0.0,0.0,0.0,0.0,0.0,274.1156616210937,59.88836669921875,0.0,0.0,247.00735473632807,153.44485473632812,0.0,0.0,275.3173828125,151.80551147460938,269.6783752441406,152.68740844726562,0.0,0.0,0.0,0.0,0.0,0.0,0.0,0.0
622,0.0,0.0,0.0,0.0,0.0,0.0,0.0,0.0,0.0,0.0,0.0,0.0,0.0,0.0,274.6013488769531,60.64905548095703,0.0,0.0,246.98968505859372,152.6954803466797,241.02638244628903,149.72767639160156,272.2567749023437,151.23095703125,267.3183288574219,151.73655700683594,0.0,0.0,0.0,0.0,0.0,0.0,0.0,0.0
623,0.0,0.0,0.0,0.0,0.0,0.0,0.0,0.0,0.0,0.0,0.0,0.0,0.0,0.0,274.7175598144531,62.89503479003906,0.0,0.0,246.54495239257807,153.0823516845703,236.60333251953125,150.3642578125,275.14666748046875,151.45767211914062,269.49139404296875,151.91455078125,0.0,0.0,0.0,0.0,0.0,0.0,0.0,0.0
624,0.0,0.0,0.0,0.0,0.0,0.0,0.0,0.0,0.0,0.0,0.0,0.0,0.0,0.0,276.3370361328125,60.41637420654297,0.0,0.0,246.79833984375,152.08518981933594,236.7548675537109,149.9283905029297,272.9000549316406,149.25294494628906,265.942626953125,149.87820434570312,0.0,0.0,0.0,0.0,0.0,0.0,0.0,0.0
625,0.0,0.0,0.0,0.0,0.0,0.0,0.0,0.0,0.0,0.0,0.0,0.0,0.0,0.0,275.4778747558594,59.51316833496094,0.0,0.0,246.46627807617188,151.49176025390625,235.0202789306641,148.9160614013672,273.227783203125,149.6464080810547,265.8797912597656,150.34555053710938,0.0,0.0,0.0,0.0,0.0,0.0,0.0,0.0
626,0.0,0.0,0.0,0.0,0.0,0.0,0.0,0.0,0.0,0.0,0.0,0.0,0.0,0.0,275.43621826171875,59.37787628173828,0.0,0.0,245.9300079345703,150.87588500976562,237.13937377929688,149.18482971191406,273.0213317871094,151.69032287597656,267.9572448730469,152.40650939941406,0.0,0.0,0.0,0.0,0.0,0.0,0.0,0.0
627,0.0,0.0,0.0,0.0,0.0,0.0,0.0,0.0,0.0,0.0,0.0,0.0,0.0,0.0,276.4887390136719,59.29240417480469,0.0,0.0,246.18544006347656,151.2083740234375,236.4147491455078,149.0764617919922,272.0662841796875,151.48110961914062,267.21630859375,151.94451904296875,0.0,0.0,0.0,0.0,0.0,0.0,0.0,0.0
628,0.0,0.0,0.0,0.0,0.0,0.0,0.0,0.0,0.0,0.0,0.0,0.0,0.0,0.0,271.1086730957031,55.63931274414063,0.0,0.0,245.8088531494141,152.22335815429688,232.4647979736328,147.40476989746094,271.8031616210937,157.7366180419922,263.6014709472656,156.75936889648438,0.0,0.0,0.0,0.0,0.0,0.0,0.0,0.0
629,0.0,0.0,0.0,0.0,0.0,0.0,0.0,0.0,0.0,0.0,0.0,0.0,0.0,0.0,275.3919982910156,57.72700500488281,0.0,0.0,246.1546630859375,151.06246948242188,236.3310546875,148.35162353515625,272.9615173339844,146.5756072998047,264.9056396484375,146.91903686523438,0.0,0.0,0.0,0.0,0.0,0.0,0.0,0.0
630,0.0,0.0,0.0,0.0,0.0,0.0,0.0,0.0,0.0,0.0,0.0,0.0,0.0,0.0,270.0648803710937,57.67444610595703,0.0,0.0,244.74591064453125,153.6437530517578,0.0,0.0,272.0527648925781,159.36151123046875,264.42169189453125,158.02151489257812,0.0,0.0,0.0,0.0,0.0,0.0,0.0,0.0
631,0.0,0.0,0.0,0.0,0.0,0.0,0.0,0.0,0.0,0.0,0.0,0.0,0.0,0.0,269.5871887207031,58.68610382080078,0.0,0.0,244.9512634277344,155.2564239501953,0.0,0.0,274.2548522949219,161.44915771484375,265.9848937988281,160.68763732910156,0.0,0.0,0.0,0.0,0.0,0.0,0.0,0.0
632,0.0,0.0,0.0,0.0,0.0,0.0,0.0,0.0,0.0,0.0,0.0,0.0,0.0,0.0,268.5702209472656,60.01599884033203,0.0,0.0,243.70440673828125,157.59230041503906,225.2875823974609,151.23431396484375,274.2799987792969,167.15219116210938,269.71417236328125,166.4130859375,0.0,0.0,0.0,0.0,0.0,0.0,0.0,0.0
633,0.0,0.0,0.0,0.0,0.0,0.0,0.0,0.0,0.0,0.0,0.0,0.0,0.0,0.0,268.4476013183594,60.55354309082031,0.0,0.0,244.59820556640625,160.04087829589844,228.70199584960935,153.849609375,276.8644104003906,175.74737548828125,269.5919494628906,175.50355529785156,0.0,0.0,0.0,0.0,0.0,0.0,0.0,0.0
634,0.0,0.0,0.0,0.0,0.0,0.0,0.0,0.0,0.0,0.0,0.0,0.0,0.0,0.0,268.3748474121094,65.69644165039062,0.0,0.0,244.16172790527344,164.8037567138672,226.9680938720703,157.9392852783203,284.5424194335937,180.7997283935547,275.66119384765625,180.8181610107422,0.0,0.0,0.0,0.0,0.0,0.0,0.0,0.0
635,0.0,0.0,0.0,0.0,0.0,0.0,0.0,0.0,0.0,0.0,0.0,0.0,0.0,0.0,264.501708984375,66.13079833984375,0.0,0.0,244.7429351806641,168.82980346679688,0.0,0.0,282.55078125,169.41891479492188,275.0130310058594,169.78350830078125,0.0,0.0,0.0,0.0,0.0,0.0,0.0,0.0
636,0.0,0.0,0.0,0.0,0.0,0.0,0.0,0.0,0.0,0.0,0.0,0.0,0.0,0.0,265.30828857421875,63.64506530761719,0.0,0.0,245.52182006835935,166.54063415527344,0.0,0.0,278.90557861328125,166.5576171875,271.9424743652344,166.914794921875,0.0,0.0,0.0,0.0,0.0,0.0,0.0,0.0
637,0.0,0.0,0.0,0.0,0.0,0.0,0.0,0.0,0.0,0.0,0.0,0.0,0.0,0.0,263.8502197265625,60.7127685546875,0.0,0.0,246.56202697753903,160.93504333496094,0.0,0.0,277.7633056640625,157.806884765625,0.0,0.0,0.0,0.0,0.0,0.0,0.0,0.0,0.0,0.0
638,0.0,0.0,0.0,0.0,0.0,0.0,0.0,0.0,0.0,0.0,0.0,0.0,0.0,0.0,263.3383178710937,62.10723876953125,0.0,0.0,246.67706298828125,160.5709686279297,0.0,0.0,279.35565185546875,158.40484619140625,272.4447021484375,159.10784912109375,0.0,0.0,0.0,0.0,0.0,0.0,0.0,0.0
639,0.0,0.0,0.0,0.0,0.0,0.0,0.0,0.0,0.0,0.0,0.0,0.0,0.0,0.0,261.7520751953125,60.14678955078125,0.0,0.0,246.33880615234372,152.07916259765625,0.0,0.0,267.09039306640625,154.92897033691406,264.5660400390625,155.02821350097656,0.0,0.0,0.0,0.0,0.0,0.0,0.0,0.0
640,0.0,0.0,0.0,0.0,0.0,0.0,0.0,0.0,0.0,0.0,0.0,0.0,0.0,0.0,259.4283142089844,58.10240173339844,0.0,0.0,245.3543243408203,148.046875,0.0,0.0,262.1182861328125,150.28758239746094,263.2191162109375,150.6953125,0.0,0.0,0.0,0.0,0.0,0.0,0.0,0.0
641,0.0,0.0,0.0,0.0,0.0,0.0,0.0,0.0,0.0,0.0,240.56198120117188,2.146553039550781,0.0,0.0,259.5804443359375,61.48139953613281,0.0,0.0,244.7331695556641,140.44607543945312,0.0,0.0,257.8643493652344,145.1770782470703,253.02413940429688,145.38140869140625,0.0,0.0,0.0,0.0,0.0,0.0,0.0,0.0
642,0.0,0.0,0.0,0.0,0.0,0.0,0.0,0.0,0.0,0.0,240.1361389160156,1.8928680419921875,0.0,0.0,257.4834289550781,59.294532775878906,0.0,0.0,243.7454833984375,132.89779663085938,225.70474243164065,125.06792449951172,254.6905212402344,138.53475952148438,250.79872131347656,139.1377716064453,235.02525329589844,225.66046142578125,0.0,0.0,0.0,0.0,0.0,0.0
643,0.0,0.0,0.0,0.0,0.0,0.0,0.0,0.0,0.0,0.0,237.630615234375,0.0,0.0,0.0,254.29986572265625,52.82882690429688,0.0,0.0,242.91270446777344,124.7733154296875,214.2638702392578,116.30899810791016,247.86819458007807,137.44796752929688,246.1324005126953,138.9730224609375,237.187255859375,224.82986450195312,0.0,0.0,0.0,0.0,0.0,0.0
644,0.0,0.0,0.0,0.0,0.0,0.0,0.0,0.0,0.0,0.0,0.0,0.0,0.0,0.0,257.910888671875,52.26970672607422,0.0,0.0,243.88677978515625,120.91665649414062,227.11685180664065,121.6949462890625,250.20030212402344,127.14344787597656,249.91119384765625,128.05364990234375,235.4756774902344,207.9145355224609,0.0,0.0,0.0,0.0,0.0,0.0
645,0.0,0.0,0.0,0.0,0.0,0.0,0.0,0.0,0.0,0.0,237.7884979248047,2.0113525390625,0.0,0.0,256.5588073730469,46.69888305664063,0.0,0.0,244.9320526123047,113.53115844726562,0.0,0.0,248.0317230224609,126.1366729736328,247.7315673828125,126.86354064941406,233.8050842285156,207.34637451171875,0.0,0.0,0.0,0.0,0.0,0.0
646,0.0,0.0,0.0,0.0,0.0,0.0,0.0,0.0,0.0,0.0,239.5319366455078,1.4615631103515625,0.0,0.0,257.2909240722656,46.23155975341797,0.0,0.0,246.69876098632807,111.57450103759766,0.0,0.0,248.3302459716797,123.84854888916016,247.11166381835935,124.57889556884766,234.6792907714844,202.6985015869141,0.0,0.0,0.0,0.0,0.0,0.0
647,0.0,0.0,0.0,0.0,0.0,0.0,0.0,0.0,0.0,0.0,241.3745574951172,2.7129364013671875,0.0,0.0,259.28228759765625,47.64960479736328,0.0,0.0,247.7341461181641,109.738525390625,219.075927734375,111.24916076660156,248.3861541748047,122.44401550292967,244.1584014892578,123.26343536376952,237.1738739013672,201.20523071289065,0.0,0.0,0.0,0.0,0.0,0.0
648,0.0,0.0,0.0,0.0,0.0,0.0,0.0,0.0,0.0,0.0,239.56744384765625,2.7548904418945312,0.0,0.0,260.4703369140625,46.56714630126953,0.0,0.0,248.216552734375,109.96376037597656,0.0,0.0,248.5225372314453,123.2516098022461,246.97157287597656,124.03378295898438,235.31707763671875,201.139892578125,0.0,0.0,0.0,0.0,0.0,0.0
649,0.0,0.0,0.0,0.0,0.0,0.0,0.0,0.0,0.0,0.0,243.11227416992188,4.6998443603515625,0.0,0.0,260.8882141113281,50.60832977294922,0.0,0.0,248.7672576904297,109.93411254882812,214.7268524169922,110.5015640258789,249.5757598876953,124.24932098388672,244.36903381347656,125.40450286865234,239.4979248046875,199.96087646484372,248.56427001953125,201.22634887695312,0.0,0.0,0.0,0.0
650,0.0,0.0,0.0,0.0,0.0,0.0,0.0,0.0,0.0,0.0,0.0,0.0,0.0,0.0,261.9173278808594,51.31348419189453,0.0,0.0,248.17291259765625,115.07191467285156,224.4318389892578,114.16204833984376,250.54689025878903,123.95630645751952,246.7255859375,124.72900390625,241.09332275390625,203.4531707763672,0.0,0.0,0.0,0.0,0.0,0.0
651,0.0,0.0,0.0,0.0,0.0,0.0,0.0,0.0,0.0,0.0,243.58084106445312,7.1166534423828125,0.0,0.0,259.8358764648437,52.42872619628906,0.0,0.0,246.52806091308597,114.39652252197266,0.0,0.0,249.81565856933597,126.9962387084961,248.82667541503903,127.2290496826172,240.131591796875,205.65138244628903,0.0,0.0,0.0,0.0,0.0,0.0
652,0.0,0.0,0.0,0.0,0.0,0.0,0.0,0.0,0.0,0.0,243.3651885986328,3.1284942626953125,0.0,0.0,258.3373718261719,52.63349914550781,242.45159912109372,62.03221130371094,244.7609100341797,115.61348724365234,215.3251037597656,111.1229248046875,246.26307678222656,127.50000762939452,244.63450622558597,128.3673095703125,239.8225250244141,208.7087554931641,255.06385803222656,208.9881134033203,0.0,0.0,0.0,0.0
653,0.0,0.0,0.0,0.0,0.0,0.0,0.0,0.0,0.0,0.0,244.0314178466797,3.626068115234375,0.0,0.0,259.88092041015625,54.30735778808594,239.23910522460935,58.0926513671875,244.21292114257807,118.60760498046876,214.3052520751953,110.68809509277344,251.5644989013672,128.09869384765625,246.40257263183597,128.89222717285156,242.24371337890625,206.66387939453125,249.29933166503903,208.427978515625,0.0,0.0,0.0,0.0
654,0.0,0.0,0.0,0.0,0.0,0.0,0.0,0.0,0.0,0.0,0.0,0.0,0.0,0.0,259.5103454589844,54.61778259277344,240.22889709472656,58.01895904541016,242.4493865966797,119.79146575927734,215.5139923095703,112.57962799072266,251.8986053466797,131.03416442871094,247.0324859619141,131.55213928222656,242.74632263183597,215.0970458984375,0.0,0.0,0.0,0.0,0.0,0.0
655,0.0,0.0,0.0,0.0,0.0,0.0,0.0,0.0,0.0,0.0,242.130126953125,2.5188140869140625,0.0,0.0,259.1591186523437,54.411651611328125,0.0,0.0,241.7572784423828,121.26985168457033,220.1259002685547,117.85855102539062,250.3312530517578,130.6256866455078,246.49310302734372,131.1048126220703,242.5120086669922,213.8772735595703,0.0,0.0,0.0,0.0,0.0,0.0
656,0.0,0.0,0.0,0.0,0.0,0.0,0.0,0.0,0.0,0.0,243.51670837402344,3.3119125366210938,0.0,0.0,258.5914306640625,55.771575927734375,0.0,0.0,241.90512084960935,121.28205871582033,219.39971923828125,117.1915512084961,250.3437957763672,131.08981323242188,247.44044494628903,131.44789123535156,241.61875915527344,214.25511169433597,0.0,0.0,0.0,0.0,0.0,0.0
657,0.0,0.0,0.0,0.0,0.0,0.0,0.0,0.0,0.0,0.0,243.55767822265625,5.672775268554688,0.0,0.0,258.1597900390625,57.44127655029297,0.0,0.0,240.23460388183597,122.98582458496094,0.0,0.0,248.75189208984372,132.95831298828125,252.0119781494141,132.52374267578125,238.6949615478516,216.83837890625,0.0,0.0,0.0,0.0,0.0,0.0
658,0.0,0.0,0.0,0.0,0.0,0.0,0.0,0.0,0.0,0.0,244.02688598632807,5.951271057128906,0.0,0.0,257.3385009765625,57.99652099609375,0.0,0.0,238.7628631591797,123.12360382080078,0.0,0.0,249.0988006591797,131.44668579101562,251.70101928710935,131.20794677734375,240.4322662353516,213.3058013916016,0.0,0.0,0.0,0.0,0.0,0.0
659,0.0,0.0,0.0,0.0,0.0,0.0,0.0,0.0,0.0,0.0,245.16375732421875,6.764488220214844,0.0,0.0,257.5691223144531,59.40296936035156,0.0,0.0,238.44195556640625,123.79466247558594,0.0,0.0,249.3404693603516,134.5054168701172,251.7909393310547,134.45765686035156,241.17823791503903,218.1856384277344,0.0,0.0,0.0,0.0,0.0,0.0
660,0.0,0.0,0.0,0.0,0.0,0.0,0.0,0.0,0.0,0.0,244.29202270507807,6.114295959472656,0.0,0.0,257.24249267578125,55.39083862304688,0.0,0.0,238.8962860107422,121.58106231689452,0.0,0.0,248.98342895507807,134.6749725341797,252.46255493164065,134.37347412109375,243.1987152099609,224.1167907714844,0.0,0.0,0.0,0.0,0.0,0.0
661,0.0,0.0,0.0,0.0,0.0,0.0,0.0,0.0,0.0,0.0,247.0116271972656,7.439178466796875,0.0,0.0,259.8096008300781,58.39076232910156,0.0,0.0,240.5670928955078,121.10619354248048,221.9922332763672,117.9483413696289,249.0877685546875,136.32101440429688,248.1683349609375,135.96392822265625,243.6778717041016,223.60855102539065,0.0,0.0,0.0,0.0,0.0,0.0
662,0.0,0.0,0.0,0.0,0.0,0.0,0.0,0.0,0.0,0.0,246.0980529785156,3.2841339111328125,0.0,0.0,261.9066162109375,57.25146484375,0.0,0.0,241.7154235839844,124.36111450195312,220.51048278808597,113.59475708007812,250.48194885253903,133.5611114501953,249.7911376953125,133.50917053222656,240.5748443603516,218.57879638671875,0.0,0.0,0.0,0.0,0.0,0.0
663,0.0,0.0,0.0,0.0,0.0,0.0,0.0,0.0,0.0,0.0,246.3692626953125,5.7862548828125,0.0,0.0,261.4813842773437,56.00601196289063,0.0,0.0,243.54443359375,122.0936050415039,226.72837829589844,117.3089599609375,249.27284240722656,136.07479858398438,251.0497589111328,135.81581115722656,238.7147979736328,222.7046356201172,0.0,0.0,0.0,0.0,0.0,0.0
664,0.0,0.0,0.0,0.0,0.0,0.0,0.0,0.0,0.0,0.0,244.73208618164065,3.960052490234375,0.0,0.0,262.0260925292969,56.91145324707031,0.0,0.0,243.30567932128903,126.16193389892578,0.0,0.0,250.11949157714844,133.31752014160156,254.2593231201172,133.28253173828125,235.50750732421875,213.7657470703125,0.0,0.0,0.0,0.0,0.0,0.0
665,0.0,0.0,0.0,0.0,0.0,0.0,0.0,0.0,0.0,0.0,243.8087310791016,3.1618194580078125,0.0,0.0,262.6324768066406,56.83837127685547,0.0,0.0,243.6075592041016,125.11766052246094,0.0,0.0,249.50091552734372,136.5294189453125,254.97781372070312,136.5120086669922,233.8746490478516,220.42449951171875,0.0,0.0,0.0,0.0,0.0,0.0
666,0.0,0.0,0.0,0.0,0.0,0.0,0.0,0.0,0.0,0.0,244.33721923828125,4.637619018554688,0.0,0.0,263.06170654296875,59.5740966796875,0.0,0.0,243.16587829589844,128.80426025390625,0.0,0.0,250.95068359375,138.12557983398438,256.0797424316406,137.88584899902344,233.51580810546875,222.00808715820312,0.0,0.0,0.0,0.0,0.0,0.0
667,0.0,0.0,0.0,0.0,0.0,0.0,0.0,0.0,0.0,0.0,244.0080108642578,4.302764892578125,0.0,0.0,262.2291564941406,61.48484802246094,0.0,0.0,242.8654327392578,132.5679168701172,0.0,0.0,251.24530029296875,139.70387268066406,252.2621612548828,139.460205078125,235.3577880859375,224.66168212890625,0.0,0.0,0.0,0.0,0.0,0.0
668,0.0,0.0,0.0,0.0,0.0,0.0,0.0,0.0,0.0,0.0,243.6104888916016,5.305732727050781,0.0,0.0,259.1139831542969,58.987281799316406,0.0,0.0,243.9541931152344,131.72836303710938,0.0,0.0,251.00706481933597,142.5635528564453,251.63792419433597,142.21295166015625,239.6412048339844,231.29010009765625,0.0,0.0,0.0,0.0,0.0,0.0
669,0.0,0.0,0.0,0.0,0.0,0.0,0.0,0.0,0.0,0.0,243.20095825195312,2.5449142456054688,0.0,0.0,259.88055419921875,58.71454620361328,0.0,0.0,243.9310760498047,134.578369140625,0.0,0.0,253.05149841308597,143.32386779785156,251.7417907714844,143.2435760498047,0.0,0.0,0.0,0.0,0.0,0.0,0.0,0.0
670,0.0,0.0,0.0,0.0,0.0,0.0,0.0,0.0,0.0,0.0,244.1167907714844,4.280860900878906,0.0,0.0,260.8371276855469,62.11270904541016,0.0,0.0,244.1573181152344,138.79251098632812,0.0,0.0,251.698486328125,145.11329650878906,251.26531982421875,144.37600708007812,239.1493988037109,234.69580078125,0.0,0.0,0.0,0.0,0.0,0.0
671,0.0,0.0,0.0,0.0,0.0,0.0,0.0,0.0,0.0,0.0,244.96414184570312,4.3831939697265625,0.0,0.0,261.8179016113281,62.772369384765625,0.0,0.0,245.02410888671875,140.21466064453125,0.0,0.0,251.74749755859372,146.57452392578125,250.5584716796875,145.7875213623047,0.0,0.0,0.0,0.0,0.0,0.0,0.0,0.0
672,0.0,0.0,0.0,0.0,0.0,0.0,0.0,0.0,0.0,0.0,245.62643432617188,2.8499298095703125,0.0,0.0,262.4154663085937,63.50862121582031,0.0,0.0,246.2308654785156,143.3925323486328,0.0,0.0,253.3321990966797,149.67916870117188,249.68814086914065,148.57005310058594,0.0,0.0,0.0,0.0,0.0,0.0,0.0,0.0
673,0.0,0.0,0.0,0.0,0.0,0.0,0.0,0.0,0.0,0.0,246.7720947265625,4.3104095458984375,0.0,0.0,262.4644775390625,65.5850601196289,0.0,0.0,245.593505859375,144.00921630859375,0.0,0.0,252.5858917236328,148.019775390625,248.4099273681641,146.69891357421875,241.70155334472656,235.83468627929688,0.0,0.0,0.0,0.0,0.0,0.0
674,0.0,0.0,0.0,0.0,0.0,0.0,0.0,0.0,0.0,0.0,250.8827209472656,6.6750030517578125,0.0,0.0,264.4814147949219,68.32769012451172,0.0,0.0,247.3506774902344,145.67962646484375,0.0,0.0,252.07818603515625,149.16061401367188,244.59173583984372,147.6042938232422,244.6322021484375,238.12319946289065,0.0,0.0,0.0,0.0,0.0,0.0
675,0.0,0.0,0.0,0.0,0.0,0.0,0.0,0.0,0.0,0.0,251.52536010742188,6.236618041992188,0.0,0.0,266.54022216796875,69.75753021240234,0.0,0.0,248.8726959228516,146.92288208007812,0.0,0.0,252.22799682617188,149.13601684570312,241.7727203369141,146.89608764648438,244.13150024414065,237.61737060546875,0.0,0.0,0.0,0.0,0.0,0.0
676,0.0,0.0,0.0,0.0,0.0,0.0,0.0,0.0,0.0,0.0,253.15826416015625,9.161865234375,0.0,0.0,269.947021484375,76.19822692871094,0.0,0.0,249.1456756591797,151.10678100585938,0.0,0.0,253.50015258789065,151.2125701904297,240.6594390869141,149.3915252685547,241.92909240722656,237.2512359619141,0.0,0.0,0.0,0.0,0.0,0.0
677,0.0,0.0,0.0,0.0,0.0,0.0,0.0,0.0,0.0,0.0,255.5016326904297,8.262359619140625,0.0,0.0,268.10968017578125,75.4791488647461,0.0,0.0,250.1119079589844,150.38372802734375,0.0,0.0,253.16598510742188,151.58250427246094,242.42074584960935,149.00552368164062,244.3469696044922,238.8423614501953,0.0,0.0,0.0,0.0,0.0,0.0
678,0.0,0.0,0.0,0.0,0.0,0.0,0.0,0.0,0.0,0.0,254.56283569335935,7.078834533691406,0.0,0.0,268.6792297363281,74.23725891113281,0.0,0.0,250.93605041503903,151.3350372314453,0.0,0.0,252.3324432373047,152.64524841308594,242.03805541992188,149.98526000976562,243.7579345703125,240.0,0.0,0.0,0.0,0.0,0.0,0.0
679,0.0,0.0,0.0,0.0,0.0,0.0,0.0,0.0,0.0,0.0,255.08364868164065,8.233200073242188,0.0,0.0,268.9613952636719,75.17078399658203,0.0,0.0,251.0692138671875,152.49868774414062,0.0,0.0,252.8713836669922,150.83139038085938,240.7267608642578,148.22171020507812,245.93356323242188,233.92616271972656,0.0,0.0,0.0,0.0,0.0,0.0
680,0.0,0.0,0.0,0.0,0.0,0.0,0.0,0.0,0.0,0.0,258.9874267578125,11.6102294921875,0.0,0.0,271.9852294921875,79.67198181152344,0.0,0.0,250.75645446777344,152.162841796875,0.0,0.0,253.84347534179688,149.0504150390625,243.56301879882807,146.69444274902344,243.0099639892578,231.131591796875,0.0,0.0,0.0,0.0,0.0,0.0
681,0.0,0.0,0.0,0.0,0.0,0.0,0.0,0.0,0.0,0.0,258.6233825683594,9.551193237304688,0.0,0.0,273.15447998046875,77.64483642578125,0.0,0.0,251.2197723388672,152.9965057373047,0.0,0.0,253.48367309570312,148.90869140625,241.48373413085935,146.62257385253906,244.60308837890625,229.77737426757807,0.0,0.0,0.0,0.0,0.0,0.0
682,0.0,0.0,0.0,0.0,0.0,0.0,0.0,0.0,0.0,0.0,262.6762390136719,15.4827880859375,0.0,0.0,276.5082092285156,81.18424224853516,0.0,0.0,252.359130859375,152.1147003173828,0.0,0.0,255.10610961914065,146.68690490722656,242.8663024902344,144.6884002685547,245.64080810546875,222.39898681640625,0.0,0.0,0.0,0.0,0.0,0.0
683,0.0,0.0,0.0,0.0,0.0,0.0,0.0,0.0,0.0,0.0,260.7434997558594,11.652435302734377,0.0,0.0,275.0751953125,77.5354232788086,0.0,0.0,252.1265411376953,152.78030395507812,0.0,0.0,252.1529693603516,147.44406127929688,244.2486267089844,145.217041015625,240.5633850097656,228.48013305664065,0.0,0.0,0.0,0.0,0.0,0.0
684,0.0,0.0,0.0,0.0,0.0,0.0,0.0,0.0,0.0,0.0,262.5228881835937,10.149307250976562,0.0,0.0,276.82623291015625,77.15704345703125,0.0,0.0,254.8346710205078,151.9281005859375,0.0,0.0,251.3293609619141,147.75648498535156,239.67893981933597,145.76258850097656,241.8695373535156,229.3357391357422,0.0,0.0,0.0,0.0,0.0,0.0
685,0.0,0.0,0.0,0.0,0.0,0.0,0.0,0.0,0.0,0.0,264.03631591796875,12.034881591796877,0.0,0.0,277.4024658203125,77.80825805664062,0.0,0.0,256.7031555175781,153.54322814941406,0.0,0.0,251.17709350585935,149.223388671875,236.9071044921875,146.7181396484375,242.38282775878903,233.26544189453125,0.0,0.0,0.0,0.0,0.0,0.0
686,0.0,0.0,0.0,0.0,0.0,0.0,0.0,0.0,0.0,0.0,265.1167297363281,12.031135559082031,0.0,0.0,278.8416748046875,77.22946166992188,0.0,0.0,259.0132141113281,152.4261016845703,0.0,0.0,249.4395446777344,148.74380493164062,233.54055786132807,145.9934539794922,244.53530883789065,231.63723754882807,0.0,0.0,0.0,0.0,0.0,0.0
687,0.0,0.0,0.0,0.0,0.0,0.0,0.0,0.0,0.0,0.0,264.09442138671875,10.541275024414062,0.0,0.0,280.0473022460937,76.32296752929688,0.0,0.0,260.534912109375,153.69302368164062,0.0,0.0,248.17335510253903,149.83108520507812,233.43077087402344,147.2000732421875,242.71609497070312,233.8482360839844,0.0,0.0,0.0,0.0,0.0,0.0
688,0.0,0.0,0.0,0.0,0.0,0.0,0.0,0.0,0.0,0.0,261.8271484375,11.936004638671877,0.0,0.0,281.07818603515625,74.36844635009766,0.0,0.0,259.92449951171875,152.9154510498047,217.0030212402344,119.350830078125,246.54872131347656,151.39752197265625,235.20855712890625,149.061767578125,0.0,0.0,0.0,0.0,0.0,0.0,0.0,0.0
689,0.0,0.0,0.0,0.0,0.0,0.0,0.0,0.0,0.0,0.0,262.4003295898437,9.067634582519531,0.0,0.0,280.825439453125,73.6161880493164,0.0,0.0,263.07867431640625,153.41262817382812,217.3731842041016,120.5644760131836,247.72494506835935,151.9769744873047,232.4898376464844,148.91714477539062,245.3232421875,237.4198303222656,0.0,0.0,0.0,0.0,0.0,0.0
690,0.0,0.0,0.0,0.0,0.0,0.0,0.0,0.0,0.0,0.0,263.4448547363281,9.0567626953125,0.0,0.0,281.0812072753906,74.440185546875,0.0,0.0,263.5738220214844,155.79345703125,218.2243804931641,124.9433822631836,247.45184326171875,151.5958709716797,232.65521240234372,148.4211883544922,243.1781311035156,235.91754150390625,0.0,0.0,0.0,0.0,0.0,0.0
691,0.0,0.0,0.0,0.0,0.0,0.0,0.0,0.0,0.0,0.0,261.3515014648437,10.673233032226562,0.0,0.0,281.4495544433594,72.67704010009766,0.0,0.0,262.07684326171875,153.1690216064453,0.0,0.0,246.5004425048828,149.2181854248047,234.97836303710935,146.57273864746094,241.08670043945312,233.2255859375,0.0,0.0,0.0,0.0,0.0,0.0
692,0.0,0.0,0.0,0.0,0.0,0.0,0.0,0.0,0.0,0.0,0.0,0.0,0.0,0.0,282.0585327148437,73.7733383178711,0.0,0.0,262.8490905761719,155.55169677734375,0.0,0.0,249.2997131347656,153.20932006835938,231.1932830810547,149.75045776367188,249.46292114257807,240.0,0.0,0.0,0.0,0.0,0.0,0.0
693,0.0,0.0,0.0,0.0,0.0,0.0,0.0,0.0,0.0,0.0,266.7216491699219,15.705734252929688,0.0,0.0,284.26727294921875,77.72847747802734,0.0,0.0,263.11016845703125,154.65875244140625,0.0,0.0,250.36495971679688,151.40359497070312,234.76829528808597,147.42599487304688,245.32347106933597,234.80941772460935,0.0,0.0,0.0,0.0,0.0,0.0
694,0.0,0.0,0.0,0.0,0.0,0.0,0.0,0.0,0.0,0.0,268.8728942871094,14.34033203125,0.0,0.0,282.14703369140625,79.74324035644531,244.9454498291016,74.00035858154297,263.2718200683594,157.36907958984375,216.16815185546875,116.29508972167967,252.2435760498047,153.39468383789062,234.99923706054688,149.99862670898438,249.37985229492188,239.75601196289065,0.0,0.0,0.0,0.0,0.0,0.0
695,0.0,0.0,0.0,0.0,0.0,0.0,0.0,0.0,0.0,0.0,267.4208068847656,11.883399963378906,0.0,0.0,281.76617431640625,80.17337036132812,247.8477020263672,73.46066284179688,261.07568359375,156.7952117919922,216.87193298339844,112.13155364990234,249.45657348632807,152.2858123779297,234.8267059326172,149.3098907470703,248.55682373046875,240.0,0.0,0.0,0.0,0.0,0.0,0.0
696,0.0,0.0,0.0,0.0,0.0,0.0,0.0,0.0,0.0,0.0,268.8303527832031,7.510589599609375,0.0,0.0,282.6618347167969,75.70646667480469,250.7770538330078,70.13066101074219,261.504150390625,157.88250732421875,217.64895629882807,116.19779205322266,252.0011749267578,157.5341033935547,238.6402282714844,153.89183044433594,0.0,0.0,0.0,0.0,0.0,0.0,0.0,0.0
697,0.0,0.0,0.0,0.0,0.0,0.0,0.0,0.0,0.0,0.0,268.2167358398437,8.008567810058594,0.0,0.0,281.44561767578125,76.37509155273438,253.4525146484375,71.95272827148438,256.6184997558594,157.70053100585938,217.15655517578125,115.76507568359376,253.6086578369141,157.05618286132812,241.14903259277344,153.7576904296875,0.0,0.0,0.0,0.0,0.0,0.0,0.0,0.0
698,0.0,0.0,0.0,0.0,0.0,0.0,0.0,0.0,0.0,0.0,274.23004150390625,11.147262573242188,0.0,0.0,284.27313232421875,78.01498413085938,252.2745361328125,71.2760238647461,258.276123046875,156.91464233398438,219.7422332763672,116.89325714111328,257.72369384765625,160.95851135253906,241.4403839111328,156.6414794921875,0.0,0.0,0.0,0.0,0.0,0.0,0.0,0.0
699,0.0,0.0,0.0,0.0,0.0,0.0,0.0,0.0,0.0,0.0,275.92510986328125,4.09906005859375,0.0,0.0,286.5732421875,75.5385513305664,255.91015625,69.77688598632812,258.2445068359375,156.99623107910156,218.9587554931641,114.49275970458984,256.3382263183594,161.88262939453125,240.0855255126953,157.69308471679688,0.0,0.0,0.0,0.0,0.0,0.0,0.0,0.0
700,0.0,0.0,0.0,0.0,0.0,0.0,0.0,0.0,0.0,0.0,272.1021728515625,4.6352386474609375,0.0,0.0,287.10009765625,81.37094116210938,254.6461944580078,77.64952087402344,258.1402282714844,159.725830078125,215.40733337402344,112.00691223144533,254.3765411376953,156.37603759765625,237.30123901367188,152.94137573242188,0.0,0.0,0.0,0.0,0.0,0.0,0.0,0.0
701,0.0,0.0,0.0,0.0,0.0,0.0,0.0,0.0,0.0,0.0,0.0,0.0,0.0,0.0,296.1733703613281,80.0787124633789,0.0,0.0,259.55792236328125,158.40142822265625,219.7518310546875,114.53827667236328,256.8904113769531,157.95623779296875,236.2080993652344,153.1919403076172,0.0,0.0,0.0,0.0,0.0,0.0,0.0,0.0
702,0.0,0.0,0.0,0.0,0.0,0.0,0.0,0.0,0.0,0.0,0.0,0.0,0.0,0.0,304.5376281738281,71.32001495361328,261.0419921875,61.48931884765625,265.9008483886719,152.90293884277344,224.22781372070312,104.6302490234375,263.3717041015625,157.11907958984375,243.2286529541016,151.73764038085938,0.0,0.0,0.0,0.0,0.0,0.0,0.0,0.0
703,0.0,0.0,0.0,0.0,0.0,0.0,0.0,0.0,0.0,0.0,0.0,0.0,0.0,0.0,314.7154846191406,70.99479675292969,0.0,0.0,266.8729248046875,149.04534912109375,234.4842987060547,123.43408203125,268.61004638671875,156.1568603515625,247.6839599609375,152.27554321289062,0.0,0.0,0.0,0.0,0.0,0.0,0.0,0.0
704,0.0,0.0,0.0,0.0,0.0,0.0,0.0,0.0,0.0,0.0,0.0,0.0,0.0,0.0,317.6824035644531,61.091758728027344,266.2450866699219,53.66636657714844,266.2439880371094,138.3759307861328,229.78439331054688,98.6173858642578,273.1281433105469,141.91244506835938,251.13232421875,138.8583221435547,0.0,0.0,0.0,0.0,0.0,0.0,0.0,0.0
705,0.0,0.0,0.0,0.0,0.0,0.0,0.0,0.0,0.0,0.0,0.0,0.0,0.0,0.0,0.0,0.0,0.0,0.0,260.40093994140625,128.55438232421875,245.0674285888672,127.59496307373048,287.1022644042969,145.12893676757812,277.98504638671875,143.59722900390625,0.0,0.0,0.0,0.0,0.0,0.0,0.0,0.0
706,0.0,0.0,0.0,0.0,0.0,0.0,0.0,0.0,0.0,0.0,0.0,0.0,0.0,0.0,0.0,0.0,253.15548706054688,79.53831481933594,0.0,0.0,233.03775024414065,129.13357543945312,290.7461242675781,165.31578063964844,265.4997253417969,163.34564208984375,0.0,0.0,0.0,0.0,0.0,0.0,0.0,0.0
707,0.0,0.0,0.0,0.0,0.0,0.0,0.0,0.0,0.0,0.0,0.0,0.0,0.0,0.0,0.0,0.0,0.0,0.0,0.0,0.0,0.0,0.0,0.0,0.0,276.8870849609375,137.11602783203125,0.0,0.0,0.0,0.0,0.0,0.0,0.0,0.0
708,0.0,0.0,0.0,0.0,0.0,0.0,0.0,0.0,0.0,0.0,0.0,0.0,0.0,0.0,0.0,0.0,262.1897277832031,85.5997314453125,253.9667053222656,100.34245300292967,238.05763244628903,104.2305145263672,288.12896728515625,177.3573455810547,258.43359375,170.71629333496094,0.0,0.0,0.0,0.0,0.0,0.0,0.0,0.0
709,0.0,0.0,0.0,0.0,0.0,0.0,0.0,0.0,0.0,0.0,0.0,0.0,0.0,0.0,0.0,0.0,280.24822998046875,82.64681243896484,253.65591430664065,99.40318298339844,247.75564575195312,101.64273834228516,285.39666748046875,176.57400512695312,259.5867614746094,167.58157348632812,0.0,0.0,0.0,0.0,0.0,0.0,0.0,0.0
710,0.0,0.0,0.0,0.0,0.0,0.0,0.0,0.0,0.0,0.0,0.0,0.0,0.0,0.0,0.0,0.0,266.9349060058594,82.83894348144531,233.3767852783203,96.54232025146484,227.404052734375,99.4585418701172,289.23370361328125,182.5956115722656,257.329345703125,174.06590270996094,0.0,0.0,0.0,0.0,0.0,0.0,0.0,0.0
711,0.0,0.0,0.0,0.0,0.0,0.0,0.0,0.0,0.0,0.0,0.0,0.0,0.0,0.0,0.0,0.0,265.6965637207031,82.80010223388672,231.0724029541016,98.574462890625,228.0918884277344,99.96453857421876,288.71881103515625,176.0414581298828,258.851318359375,169.4793243408203,0.0,0.0,0.0,0.0,0.0,0.0,0.0,0.0
712,0.0,0.0,0.0,0.0,0.0,0.0,0.0,0.0,0.0,0.0,0.0,0.0,0.0,0.0,0.0,0.0,0.0,0.0,191.1683654785156,103.88797760009766,180.34909057617188,106.73619842529295,0.0,0.0,272.63446044921875,166.29568481445312,0.0,0.0,0.0,0.0,0.0,0.0,0.0,0.0
713,0.0,0.0,0.0,0.0,0.0,0.0,0.0,0.0,0.0,0.0,0.0,0.0,0.0,0.0,0.0,0.0,0.0,0.0,198.335205078125,115.49407958984376,207.3289794921875,111.08992004394533,0.0,0.0,0.0,0.0,0.0,0.0,0.0,0.0,0.0,0.0,0.0,0.0
714,0.0,0.0,0.0,0.0,0.0,0.0,0.0,0.0,0.0,0.0,0.0,0.0,0.0,0.0,289.6327514648437,118.93243408203124,295.1532592773437,96.89552307128906,191.3973388671875,124.48186492919922,214.82911682128903,113.52012634277344,0.0,0.0,0.0,0.0,0.0,0.0,0.0,0.0,0.0,0.0,0.0,0.0
715,0.0,0.0,0.0,0.0,0.0,0.0,0.0,0.0,0.0,0.0,0.0,0.0,0.0,0.0,0.0,0.0,0.0,0.0,169.0096435546875,140.4142608642578,165.99002075195312,139.0723876953125,0.0,0.0,0.0,0.0,0.0,0.0,0.0,0.0,0.0,0.0,0.0,0.0
716,0.0,0.0,0.0,0.0,0.0,0.0,0.0,0.0,0.0,0.0,0.0,0.0,0.0,0.0,277.51678466796875,123.117431640625,0.0,0.0,159.6529083251953,143.72019958496094,158.2550048828125,143.09190368652344,0.0,0.0,0.0,0.0,0.0,0.0,0.0,0.0,0.0,0.0,0.0,0.0
717,0.0,0.0,0.0,0.0,0.0,0.0,0.0,0.0,0.0,0.0,0.0,0.0,0.0,0.0,274.9637451171875,128.33078002929688,0.0,0.0,162.73007202148438,145.09307861328125,219.5294342041016,115.98082733154295,0.0,0.0,0.0,0.0,0.0,0.0,0.0,0.0,0.0,0.0,0.0,0.0
718,0.0,0.0,0.0,0.0,0.0,0.0,0.0,0.0,0.0,0.0,0.0,0.0,0.0,0.0,274.9104309082031,128.42881774902344,0.0,0.0,161.007080078125,145.6396026611328,156.64523315429688,143.38717651367188,0.0,0.0,0.0,0.0,0.0,0.0,0.0,0.0,0.0,0.0,0.0,0.0
719,0.0,0.0,0.0,0.0,0.0,0.0,0.0,0.0,0.0,0.0,0.0,0.0,0.0,0.0,263.6889038085937,126.7880401611328,0.0,0.0,156.46212768554688,145.18173217773438,159.03128051757812,142.5474395751953,0.0,0.0,0.0,0.0,0.0,0.0,0.0,0.0,0.0,0.0,0.0,0.0
720,0.0,0.0,0.0,0.0,0.0,0.0,0.0,0.0,0.0,0.0,0.0,0.0,0.0,0.0,261.3005065917969,125.66593933105467,0.0,0.0,156.85508728027344,147.05780029296875,154.58853149414062,145.59556579589844,0.0,0.0,0.0,0.0,0.0,0.0,0.0,0.0,0.0,0.0,0.0,0.0
721,0.0,0.0,0.0,0.0,0.0,0.0,0.0,0.0,0.0,0.0,0.0,0.0,0.0,0.0,263.03533935546875,123.68556213378906,0.0,0.0,156.06675720214844,147.3687744140625,153.77110290527344,144.9522705078125,0.0,0.0,0.0,0.0,0.0,0.0,0.0,0.0,0.0,0.0,0.0,0.0
722,0.0,0.0,0.0,0.0,0.0,0.0,0.0,0.0,0.0,0.0,0.0,0.0,0.0,0.0,257.635986328125,126.55034637451172,0.0,0.0,156.4432830810547,148.06265258789062,153.468505859375,146.64508056640625,0.0,0.0,0.0,0.0,0.0,0.0,0.0,0.0,0.0,0.0,0.0,0.0
723,0.0,0.0,0.0,0.0,0.0,0.0,0.0,0.0,0.0,0.0,0.0,0.0,0.0,0.0,255.6195831298828,127.39053344726562,0.0,0.0,153.94949340820312,149.37574768066406,153.22068786621094,147.75242614746094,0.0,0.0,0.0,0.0,0.0,0.0,0.0,0.0,0.0,0.0,0.0,0.0
724,0.0,0.0,0.0,0.0,0.0,0.0,0.0,0.0,0.0,0.0,0.0,0.0,0.0,0.0,255.71368408203125,127.61708068847656,0.0,0.0,155.55316162109375,149.12168884277344,154.51669311523438,147.19589233398438,0.0,0.0,0.0,0.0,0.0,0.0,0.0,0.0,0.0,0.0,0.0,0.0
725,0.0,0.0,0.0,0.0,0.0,0.0,0.0,0.0,0.0,0.0,0.0,0.0,0.0,0.0,256.1495361328125,128.68968200683594,0.0,0.0,154.97842407226562,149.3115692138672,175.4993438720703,134.84727478027344,0.0,0.0,0.0,0.0,0.0,0.0,0.0,0.0,0.0,0.0,0.0,0.0
726,0.0,0.0,0.0,0.0,0.0,0.0,0.0,0.0,0.0,0.0,0.0,0.0,0.0,0.0,257.0242919921875,128.6033477783203,0.0,0.0,155.21429443359375,148.55873107910156,187.41102600097656,128.95306396484375,0.0,0.0,0.0,0.0,0.0,0.0,0.0,0.0,0.0,0.0,0.0,0.0
727,0.0,0.0,0.0,0.0,0.0,0.0,0.0,0.0,0.0,0.0,0.0,0.0,0.0,0.0,258.5991516113281,127.6516342163086,0.0,0.0,157.24484252929688,147.999755859375,187.2586975097656,130.8448486328125,0.0,0.0,0.0,0.0,0.0,0.0,0.0,0.0,0.0,0.0,0.0,0.0
728,0.0,0.0,0.0,0.0,0.0,0.0,0.0,0.0,0.0,0.0,0.0,0.0,0.0,0.0,259.3230285644531,129.4014892578125,0.0,0.0,159.53338623046875,145.512451171875,159.8961944580078,144.6361541748047,0.0,0.0,0.0,0.0,0.0,0.0,0.0,0.0,0.0,0.0,0.0,0.0
729,0.0,0.0,0.0,0.0,0.0,0.0,0.0,0.0,0.0,0.0,0.0,0.0,0.0,0.0,265.061767578125,127.0132293701172,0.0,0.0,163.5863037109375,144.27500915527344,181.0864715576172,135.29542541503906,0.0,0.0,0.0,0.0,0.0,0.0,0.0,0.0,0.0,0.0,0.0,0.0
730,0.0,0.0,0.0,0.0,0.0,0.0,0.0,0.0,0.0,0.0,0.0,0.0,0.0,0.0,266.7744445800781,129.581298828125,0.0,0.0,165.899169921875,139.55711364746094,173.23150634765625,132.48074340820312,277.06451416015625,192.72235107421875,0.0,0.0,0.0,0.0,0.0,0.0,0.0,0.0,0.0,0.0
731,0.0,0.0,0.0,0.0,0.0,0.0,0.0,0.0,0.0,0.0,0.0,0.0,0.0,0.0,272.22076416015625,130.7255401611328,0.0,0.0,177.61245727539062,134.0779571533203,203.2775115966797,115.60073852539062,0.0,0.0,0.0,0.0,0.0,0.0,0.0,0.0,0.0,0.0,0.0,0.0
732,0.0,0.0,0.0,0.0,0.0,0.0,0.0,0.0,0.0,0.0,0.0,0.0,0.0,0.0,274.84356689453125,131.06431579589844,274.814453125,97.90512084960938,179.2747802734375,130.93162536621094,218.07249450683597,101.77918243408205,279.9975280761719,184.0210723876953,0.0,0.0,0.0,0.0,0.0,0.0,0.0,0.0,0.0,0.0
733,0.0,0.0,0.0,0.0,0.0,0.0,0.0,0.0,0.0,0.0,0.0,0.0,0.0,0.0,282.953369140625,128.87435913085938,0.0,0.0,188.5077362060547,129.8743896484375,191.97796630859372,124.62381744384766,0.0,0.0,0.0,0.0,0.0,0.0,0.0,0.0,0.0,0.0,0.0,0.0
734,0.0,0.0,0.0,0.0,0.0,0.0,0.0,0.0,0.0,0.0,0.0,0.0,0.0,0.0,285.15020751953125,128.24317932128906,0.0,0.0,199.12075805664065,123.64094543457033,212.27178955078125,112.08056640625,284.5244140625,183.50308227539065,265.6351318359375,172.23951721191406,0.0,0.0,0.0,0.0,0.0,0.0,0.0,0.0
735,0.0,0.0,0.0,0.0,0.0,0.0,0.0,0.0,0.0,0.0,0.0,0.0,0.0,0.0,284.8920288085937,120.43987274169922,0.0,0.0,208.03363037109372,123.33541870117188,232.7106475830078,96.62728881835938,281.3211975097656,174.6976318359375,267.4174499511719,164.91329956054688,0.0,0.0,0.0,0.0,0.0,0.0,0.0,0.0
736,0.0,0.0,0.0,0.0,0.0,0.0,0.0,0.0,0.0,0.0,0.0,0.0,0.0,0.0,283.77838134765625,119.43844604492188,0.0,0.0,208.6557464599609,123.65828704833984,234.7392425537109,93.7198486328125,280.53228759765625,171.14105224609375,268.37420654296875,161.06988525390625,0.0,0.0,0.0,0.0,0.0,0.0,0.0,0.0
737,0.0,0.0,0.0,0.0,0.0,0.0,0.0,0.0,0.0,0.0,0.0,0.0,0.0,0.0,288.2023010253906,121.1950225830078,0.0,0.0,213.85272216796875,121.02166748046876,222.73199462890625,108.34400939941406,281.07391357421875,172.18882751464844,270.8533020019531,163.013916015625,0.0,0.0,0.0,0.0,0.0,0.0,0.0,0.0
738,0.0,0.0,0.0,0.0,0.0,0.0,0.0,0.0,0.0,0.0,0.0,0.0,0.0,0.0,285.82086181640625,125.58728790283205,0.0,0.0,230.6338806152344,119.57633972167967,0.0,0.0,284.70184326171875,171.93162536621094,0.0,0.0,0.0,0.0,0.0,0.0,0.0,0.0,0.0,0.0
739,0.0,0.0,0.0,0.0,0.0,0.0,0.0,0.0,0.0,0.0,0.0,0.0,0.0,0.0,279.4967346191406,126.81350708007812,0.0,0.0,231.5366668701172,111.31813049316406,0.0,0.0,0.0,0.0,0.0,0.0,0.0,0.0,0.0,0.0,0.0,0.0,0.0,0.0
740,0.0,0.0,0.0,0.0,0.0,0.0,0.0,0.0,0.0,0.0,0.0,0.0,0.0,0.0,276.261474609375,124.70333862304688,0.0,0.0,236.71600341796875,102.99596405029295,0.0,0.0,0.0,0.0,0.0,0.0,0.0,0.0,0.0,0.0,0.0,0.0,0.0,0.0
741,0.0,0.0,0.0,0.0,0.0,0.0,0.0,0.0,0.0,0.0,0.0,0.0,0.0,0.0,272.5195617675781,127.22000885009766,0.0,0.0,242.41390991210935,101.70863342285156,0.0,0.0,0.0,0.0,0.0,0.0,0.0,0.0,0.0,0.0,0.0,0.0,0.0,0.0
742,0.0,0.0,0.0,0.0,0.0,0.0,0.0,0.0,0.0,0.0,0.0,0.0,0.0,0.0,276.7536926269531,124.24650573730467,0.0,0.0,265.21240234375,111.09715270996094,0.0,0.0,0.0,0.0,0.0,0.0,0.0,0.0,0.0,0.0,0.0,0.0,0.0,0.0
743,0.0,0.0,0.0,0.0,0.0,0.0,0.0,0.0,0.0,0.0,0.0,0.0,0.0,0.0,291.29052734375,118.34304809570312,0.0,0.0,266.2172241210937,109.6634521484375,0.0,0.0,0.0,0.0,0.0,0.0,0.0,0.0,0.0,0.0,0.0,0.0,0.0,0.0
744,0.0,0.0,0.0,0.0,0.0,0.0,0.0,0.0,0.0,0.0,0.0,0.0,0.0,0.0,286.3866577148437,119.45543670654295,0.0,0.0,268.719482421875,112.30826568603516,0.0,0.0,0.0,0.0,0.0,0.0,0.0,0.0,0.0,0.0,0.0,0.0,0.0,0.0
745,0.0,0.0,0.0,0.0,0.0,0.0,0.0,0.0,0.0,0.0,0.0,0.0,0.0,0.0,0.0,0.0,0.0,0.0,0.0,0.0,0.0,0.0,0.0,0.0,0.0,0.0,0.0,0.0,0.0,0.0,0.0,0.0,0.0,0.0
746,0.0,0.0,0.0,0.0,0.0,0.0,0.0,0.0,0.0,0.0,0.0,0.0,0.0,0.0,0.0,0.0,0.0,0.0,0.0,0.0,0.0,0.0,0.0,0.0,0.0,0.0,0.0,0.0,0.0,0.0,0.0,0.0,0.0,0.0
747,0.0,0.0,0.0,0.0,0.0,0.0,0.0,0.0,0.0,0.0,0.0,0.0,0.0,0.0,0.0,0.0,0.0,0.0,0.0,0.0,0.0,0.0,0.0,0.0,0.0,0.0,0.0,0.0,0.0,0.0,0.0,0.0,0.0,0.0
748,0.0,0.0,0.0,0.0,0.0,0.0,0.0,0.0,0.0,0.0,0.0,0.0,0.0,0.0,0.0,0.0,0.0,0.0,0.0,0.0,0.0,0.0,0.0,0.0,0.0,0.0,0.0,0.0,0.0,0.0,0.0,0.0,0.0,0.0
749,0.0,0.0,0.0,0.0,0.0,0.0,0.0,0.0,0.0,0.0,0.0,0.0,0.0,0.0,0.0,0.0,0.0,0.0,0.0,0.0,0.0,0.0,0.0,0.0,0.0,0.0,0.0,0.0,0.0,0.0,0.0,0.0,0.0,0.0
750,0.0,0.0,0.0,0.0,0.0,0.0,0.0,0.0,0.0,0.0,0.0,0.0,0.0,0.0,0.0,0.0,0.0,0.0,0.0,0.0,0.0,0.0,0.0,0.0,0.0,0.0,0.0,0.0,0.0,0.0,0.0,0.0,0.0,0.0
751,0.0,0.0,0.0,0.0,0.0,0.0,0.0,0.0,0.0,0.0,0.0,0.0,0.0,0.0,0.0,0.0,0.0,0.0,0.0,0.0,0.0,0.0,0.0,0.0,0.0,0.0,0.0,0.0,0.0,0.0,0.0,0.0,0.0,0.0
752,0.0,0.0,0.0,0.0,0.0,0.0,0.0,0.0,0.0,0.0,0.0,0.0,0.0,0.0,0.0,0.0,0.0,0.0,0.0,0.0,0.0,0.0,0.0,0.0,0.0,0.0,0.0,0.0,0.0,0.0,0.0,0.0,0.0,0.0
753,0.0,0.0,0.0,0.0,0.0,0.0,0.0,0.0,0.0,0.0,0.0,0.0,0.0,0.0,0.0,0.0,0.0,0.0,0.0,0.0,0.0,0.0,0.0,0.0,0.0,0.0,0.0,0.0,0.0,0.0,0.0,0.0,0.0,0.0
754,0.0,0.0,0.0,0.0,0.0,0.0,0.0,0.0,0.0,0.0,0.0,0.0,0.0,0.0,0.0,0.0,0.0,0.0,0.0,0.0,0.0,0.0,0.0,0.0,0.0,0.0,0.0,0.0,0.0,0.0,0.0,0.0,0.0,0.0
755,0.0,0.0,0.0,0.0,0.0,0.0,0.0,0.0,0.0,0.0,0.0,0.0,0.0,0.0,0.0,0.0,0.0,0.0,0.0,0.0,0.0,0.0,0.0,0.0,0.0,0.0,0.0,0.0,0.0,0.0,0.0,0.0,0.0,0.0
756,0.0,0.0,0.0,0.0,0.0,0.0,0.0,0.0,0.0,0.0,0.0,0.0,0.0,0.0,0.0,0.0,0.0,0.0,0.0,0.0,0.0,0.0,0.0,0.0,0.0,0.0,0.0,0.0,0.0,0.0,0.0,0.0,0.0,0.0
757,0.0,0.0,0.0,0.0,0.0,0.0,0.0,0.0,0.0,0.0,0.0,0.0,0.0,0.0,0.0,0.0,0.0,0.0,0.0,0.0,0.0,0.0,0.0,0.0,0.0,0.0,0.0,0.0,0.0,0.0,0.0,0.0,0.0,0.0
758,0.0,0.0,0.0,0.0,0.0,0.0,0.0,0.0,0.0,0.0,0.0,0.0,0.0,0.0,0.0,0.0,0.0,0.0,0.0,0.0,0.0,0.0,0.0,0.0,0.0,0.0,0.0,0.0,0.0,0.0,0.0,0.0,0.0,0.0
759,0.0,0.0,0.0,0.0,0.0,0.0,0.0,0.0,0.0,0.0,0.0,0.0,0.0,0.0,0.0,0.0,0.0,0.0,0.0,0.0,0.0,0.0,0.0,0.0,0.0,0.0,0.0,0.0,0.0,0.0,0.0,0.0,0.0,0.0
760,0.0,0.0,0.0,0.0,0.0,0.0,0.0,0.0,0.0,0.0,0.0,0.0,0.0,0.0,0.0,0.0,0.0,0.0,0.0,0.0,0.0,0.0,0.0,0.0,0.0,0.0,0.0,0.0,0.0,0.0,0.0,0.0,0.0,0.0
761,0.0,0.0,0.0,0.0,0.0,0.0,0.0,0.0,0.0,0.0,0.0,0.0,0.0,0.0,0.0,0.0,0.0,0.0,0.0,0.0,0.0,0.0,0.0,0.0,0.0,0.0,0.0,0.0,0.0,0.0,0.0,0.0,0.0,0.0
762,0.0,0.0,0.0,0.0,0.0,0.0,0.0,0.0,0.0,0.0,0.0,0.0,0.0,0.0,0.0,0.0,0.0,0.0,0.0,0.0,0.0,0.0,0.0,0.0,0.0,0.0,0.0,0.0,0.0,0.0,0.0,0.0,0.0,0.0
