class,precision,recall,f1-score,support
standing,0.4522417153996101,0.45579567779960706,0.45401174168297453,509.0
sitting,0.4441747572815534,0.4236111111111111,0.43364928909952605,432.0
walking,0.6258304544246611,0.6633802816901408,0.6440585259127581,3550.0
no_activity,0.7935017271157168,0.7531762295081967,0.7728132884777124,9760.0
no_presence,0.6372448979591837,0.7519566526189043,0.6898646782656724,1661.0
accuracy,0.7145550527903469,,,15912
macro avg,0.590598710436145,0.609583990545592,0.5988795046877287,15912.0
weighted avg,0.7193824329846141,0.7145550527903469,0.7160230745688584,15912.0
