Class,Accuracy
standing,48.73949587345123
sitting,61.47540807723999
walking,90.63475728034973
no_activity,89.57887291908264
no_presence,93.17343235015869
