Class,Accuracy
standing,55.46218752861023
sitting,69.67213153839111
walking,88.96982073783875
no_activity,85.58172583580017
no_presence,99.44649338722229
