Class,Accuracy
standing,56.302523612976074
sitting,57.37704634666443
walking,93.34027171134949
no_activity,87.22341060638428
no_presence,98.52398633956909
