Class,Accuracy
standing,40.75630307197571
sitting,57.37704634666443
walking,90.94693064689636
no_activity,86.43825650215149
no_presence,96.12545967102051
