frame,person_detected,nose_x,nose_y,nose_conf,left_eye_x,left_eye_y,left_eye_conf,right_eye_x,right_eye_y,right_eye_conf,left_ear_x,left_ear_y,left_ear_conf,right_ear_x,right_ear_y,right_ear_conf,left_shoulder_x,left_shoulder_y,left_shoulder_conf,right_shoulder_x,right_shoulder_y,right_shoulder_conf,left_elbow_x,left_elbow_y,left_elbow_conf,right_elbow_x,right_elbow_y,right_elbow_conf,left_wrist_x,left_wrist_y,left_wrist_conf,right_wrist_x,right_wrist_y,right_wrist_conf,left_hip_x,left_hip_y,left_hip_conf,right_hip_x,right_hip_y,right_hip_conf,left_knee_x,left_knee_y,left_knee_conf,right_knee_x,right_knee_y,right_knee_conf,left_ankle_x,left_ankle_y,left_ankle_conf,right_ankle_x,right_ankle_y,right_ankle_conf
0,True,144.52703857421875,133.77967834472656,0.6141486763954163,145.06484985351562,131.51513671875,0.7049893140792847,0.0,0.0,0.1984064280986786,153.72830200195312,129.3732147216797,0.8348040580749512,0.0,0.0,0.08428819477558136,171.34127807617188,133.96652221679688,0.9068019390106201,173.54803466796875,128.85281372070312,0.7151779532432556,195.7184600830078,146.06033325195312,0.7730791568756104,0.0,0.0,0.4651358127593994,198.1908721923828,154.06382751464844,0.6425837278366089,0.0,0.0,0.4073183536529541,200.1221160888672,158.944580078125,0.5508807897567749,0.0,0.0,0.4389522671699524,0.0,0.0,0.12265072762966156,0.0,0.0,0.09430575370788574,0.0,0.0,0.034207120537757874,0.0,0.0,0.03228325769305229
1,True,0.0,0.0,0.020031996071338654,0.0,0.0,0.0021802480332553387,0.0,0.0,0.007760235108435154,0.0,0.0,0.001115780440159142,0.0,0.0,0.0108064329251647,0.0,0.0,0.019307851791381836,0.0,0.0,0.28786033391952515,0.0,0.0,0.08714493364095688,256.7408142089844,86.64511108398438,0.839880645275116,0.0,0.0,0.211064413189888,221.50299072265625,148.95257568359375,0.8653110861778259,0.0,0.0,0.07663291692733765,0.0,0.0,0.2644270062446594,0.0,0.0,0.004607487469911575,0.0,0.0,0.01997881755232811,0.0,0.0,0.0009695755434222519,0.0,0.0,0.002898189937695861
2,True,0.0,0.0,0.08084992319345474,0.0,0.0,0.015269420109689236,0.0,0.0,0.03490094095468521,0.0,0.0,0.005875317379832268,0.0,0.0,0.023923302069306374,0.0,0.0,0.04720538109540939,0.0,0.0,0.3532465398311615,0.0,0.0,0.11441350728273392,258.7374572753906,83.27479553222656,0.7576549649238586,0.0,0.0,0.2696722149848938,222.59213256835938,150.8665008544922,0.8060886859893799,0.0,0.0,0.12649236619472504,0.0,0.0,0.32361462712287903,0.0,0.0,0.016225529834628105,0.0,0.0,0.0487130731344223,0.0,0.0,0.003823172301054001,0.0,0.0,0.008986740373075008
3,True,0.0,0.0,0.034793920814991,0.0,0.0,0.00422680051997304,0.0,0.0,0.017845328897237778,0.0,0.0,0.0019654142670333385,0.0,0.0,0.022982535883784294,0.0,0.0,0.027750816196203232,0.0,0.0,0.3536064922809601,0.0,0.0,0.09292656928300858,251.9845428466797,78.0154037475586,0.8369852900505066,0.0,0.0,0.23390483856201172,222.61431884765625,151.7489471435547,0.8643218278884888,0.0,0.0,0.10059143602848053,0.0,0.0,0.3158549964427948,0.0,0.0,0.008835386484861374,0.0,0.0,0.03386825695633888,0.0,0.0,0.001970522338524461,0.0,0.0,0.0053448909893631935
4,True,0.0,0.0,0.0024182216729968786,0.0,0.0,0.00014989085320848972,0.0,0.0,0.001196488505229354,0.0,0.0,0.00019170968153048307,0.0,0.0,0.005665109027177095,0.0,0.0,0.00535871647298336,0.0,0.0,0.30093932151794434,0.0,0.0,0.05130487307906151,249.10919189453125,80.6657485961914,0.9495181441307068,0.0,0.0,0.12481334060430527,223.11233520507812,150.1328887939453,0.9322407245635986,0.0,0.0,0.07863054424524307,0.0,0.0,0.41150087118148804,0.0,0.0,0.0011788624105975032,0.0,0.0,0.009420889429748058,0.0,0.0,0.00017115568334702402,0.0,0.0,0.0007625703583471477
5,True,155.15208435058594,113.95359802246094,0.6105720400810242,154.3619384765625,110.82579040527344,0.71004718542099,0.0,0.0,0.13146482408046722,158.13308715820312,105.21741485595703,0.8989794254302979,0.0,0.0,0.10046827048063278,171.14532470703125,108.14503479003906,0.9757295846939087,184.44586181640625,104.27757263183594,0.8277761340141296,193.97213745117188,129.462158203125,0.9346925616264343,0.0,0.0,0.4747386872768402,194.5328369140625,148.62054443359375,0.8095406293869019,0.0,0.0,0.3671780228614807,204.04847717285156,133.96502685546875,0.8979399800300598,213.4239501953125,131.26065063476562,0.772538423538208,187.90377807617188,163.02862548828125,0.5267938375473022,0.0,0.0,0.3137786090373993,0.0,0.0,0.12894384562969208,0.0,0.0,0.0863068550825119
6,True,157.26966857910156,104.82471466064453,0.9251446723937988,159.39405822753906,100.22526550292969,0.9218117594718933,154.61549377441406,100.84909057617188,0.5886346101760864,166.91915893554688,98.81240844726562,0.8895390033721924,0.0,0.0,0.14920172095298767,183.59571838378906,106.44795227050781,0.986060380935669,167.96234130859375,107.73902893066406,0.9599347710609436,199.06283569335938,131.5491180419922,0.9619484543800354,171.88031005859375,129.08470153808594,0.8541707992553711,186.55242919921875,154.26722717285156,0.9362374544143677,168.48019409179688,150.41268920898438,0.840563952922821,210.31312561035156,120.56047821044922,0.9579145312309265,200.13925170898438,120.68753051757812,0.9346486330032349,196.50450134277344,153.83392333984375,0.7686212658882141,192.52780151367188,152.19442749023438,0.6701364517211914,0.0,0.0,0.26987820863723755,0.0,0.0,0.2332555055618286
7,True,0.0,0.0,0.0022782310843467712,0.0,0.0,0.00013117806520313025,0.0,0.0,0.001088559627532959,0.0,0.0,0.0002434997004456818,0.0,0.0,0.005840409081429243,0.0,0.0,0.0077675445936620235,0.0,0.0,0.42668455839157104,0.0,0.0,0.08248761296272278,249.65296936035156,78.70797729492188,0.973249077796936,0.0,0.0,0.18426862359046936,225.2248992919922,148.12989807128906,0.957537055015564,0.0,0.0,0.18387164175510406,290.70086669921875,164.78533935546875,0.6585425138473511,0.0,0.0,0.0014775404706597328,0.0,0.0,0.011776898987591267,0.0,0.0,0.0001239892590092495,0.0,0.0,0.0005541045102290809
8,True,0.0,0.0,0.0017296802252531052,0.0,0.0,0.00010532596934353933,0.0,0.0,0.0008015582570806146,0.0,0.0,0.00020996155217289925,0.0,0.0,0.004094821400940418,0.0,0.0,0.005397784058004618,0.0,0.0,0.3782675564289093,0.0,0.0,0.06100347265601158,248.82852172851562,79.37271118164062,0.9716301560401917,0.0,0.0,0.14901944994926453,224.0786590576172,147.69039916992188,0.9561728835105896,0.0,0.0,0.16975629329681396,289.7106628417969,167.8175048828125,0.6599382162094116,0.0,0.0,0.0012510241940617561,0.0,0.0,0.011374564841389656,0.0,0.0,0.0001036121611832641,0.0,0.0,0.0005106172175146639
9,True,0.0,0.0,0.002266227500513196,0.0,0.0,0.00011316497693769634,0.0,0.0,0.0012434046948328614,0.0,0.0,0.00026191523647867143,0.0,0.0,0.01021571084856987,0.0,0.0,0.010110004805028439,262.51171875,3.2813720703125,0.5385205149650574,0.0,0.0,0.07679079473018646,249.36627197265625,82.39750671386719,0.9773550629615784,0.0,0.0,0.13518178462982178,225.26361083984375,149.03561401367188,0.9515728950500488,0.0,0.0,0.19190126657485962,292.3496398925781,167.63455200195312,0.6891930103302002,0.0,0.0,0.0013554409379139543,0.0,0.0,0.01167651079595089,0.0,0.0,0.00011079718387918547,0.0,0.0,0.0005176931736059487
10,True,0.0,0.0,0.004254090134054422,0.0,0.0,0.00028465877403505147,0.0,0.0,0.0019249621545895934,0.0,0.0,0.0004490673018153757,0.0,0.0,0.007007059641182423,0.0,0.0,0.00840812548995018,264.1878356933594,3.90191650390625,0.5495354533195496,0.0,0.0,0.050113238394260406,250.23524475097656,81.48640441894531,0.9749470353126526,0.0,0.0,0.10758545249700546,225.88345336914062,148.598876953125,0.9494484663009644,0.0,0.0,0.1411776840686798,292.0104675292969,170.29364013671875,0.6476685404777527,0.0,0.0,0.0010306843323633075,0.0,0.0,0.010884042829275131,0.0,0.0,9.495155973127112e-05,0.0,0.0,0.0005265194922685623
11,True,0.0,0.0,0.0018014146480709314,0.0,0.0,0.00011120934505015612,0.0,0.0,0.000800916226580739,0.0,0.0,0.0003106572839897126,0.0,0.0,0.005574155133217573,0.0,0.0,0.006570300552994013,0.0,0.0,0.4816516041755676,0.0,0.0,0.04853808879852295,251.12863159179688,76.53679656982422,0.9728314876556396,0.0,0.0,0.10014916956424713,225.2332000732422,147.82723999023438,0.9445038437843323,0.0,0.0,0.15972226858139038,293.42950439453125,171.83004760742188,0.6734966039657593,0.0,0.0,0.0010329924989491701,0.0,0.0,0.010614986531436443,0.0,0.0,8.808619168121368e-05,0.0,0.0,0.0004791476530954242
12,True,171.88743591308594,86.87813568115234,0.9148035049438477,174.6554412841797,83.86802673339844,0.928981363773346,169.5689239501953,82.9260025024414,0.6014601588249207,180.7392120361328,83.664794921875,0.8845974802970886,0.0,0.0,0.1954164057970047,188.29502868652344,94.42781066894531,0.9817113876342773,183.58242797851562,90.65557861328125,0.8568307757377625,198.08172607421875,121.659912109375,0.9456164240837097,0.0,0.0,0.4981177747249603,180.5474090576172,132.84820556640625,0.8827280402183533,181.0659942626953,129.58575439453125,0.5051564574241638,215.1736297607422,118.8384017944336,0.9279299974441528,211.20883178710938,117.21269226074219,0.8277760744094849,208.88949584960938,155.96142578125,0.7329477071762085,208.9893798828125,152.7085418701172,0.514036238193512,0.0,0.0,0.27289387583732605,0.0,0.0,0.17964808642864227
13,True,169.9806365966797,85.5341796875,0.7291430830955505,171.8463592529297,83.16358947753906,0.809532880783081,0.0,0.0,0.25659987330436707,177.06089782714844,82.07042694091797,0.9441975355148315,0.0,0.0,0.2544082999229431,181.4607391357422,93.35287475585938,0.9868075251579285,195.9435577392578,85.4403305053711,0.8616567254066467,191.680908203125,120.96551513671875,0.9400250911712646,0.0,0.0,0.3929912745952606,179.86251831054688,125.59022521972656,0.813719630241394,0.0,0.0,0.3156515061855316,208.9004669189453,125.12580871582031,0.9118868112564087,218.87350463867188,121.40496063232422,0.779818058013916,201.84664916992188,162.0536651611328,0.6136559247970581,0.0,0.0,0.3689345717430115,0.0,0.0,0.156846284866333,0.0,0.0,0.09690115600824356
14,True,170.57293701171875,83.94589233398438,0.5231348872184753,0.0,0.0,0.4861977994441986,0.0,0.0,0.18123334646224976,175.72084045410156,79.71591186523438,0.7856351137161255,0.0,0.0,0.28768935799598694,179.55520629882812,91.48246765136719,0.9806021451950073,192.32940673828125,84.76856994628906,0.8497840166091919,184.0824737548828,114.9737777709961,0.9339779615402222,204.79954528808594,102.2877426147461,0.5091036558151245,181.7428741455078,118.78656768798828,0.7936100959777832,0.0,0.0,0.40326201915740967,205.75100708007812,131.226318359375,0.9279649257659912,213.72398376464844,128.2125244140625,0.836902379989624,198.916259765625,164.95574951171875,0.5695697069168091,0.0,0.0,0.35958564281463623,0.0,0.0,0.12330558151006699,0.0,0.0,0.07814237475395203
15,True,168.74346923828125,82.5551986694336,0.8828414082527161,170.8099822998047,79.43887329101562,0.8910962343215942,0.0,0.0,0.4738745093345642,175.28196716308594,78.26103210449219,0.9320386648178101,0.0,0.0,0.30667540431022644,178.025146484375,91.3458023071289,0.9896683692932129,189.76646423339844,87.91384887695312,0.9456561207771301,181.6649169921875,117.43287658691406,0.951688826084137,198.23321533203125,108.38910675048828,0.6270708441734314,167.03565979003906,111.56098175048828,0.8806639909744263,173.528564453125,108.89056396484375,0.5556685924530029,200.18435668945312,128.23207092285156,0.9570648074150085,208.12477111816406,126.34684753417969,0.9054809212684631,193.99163818359375,162.3787384033203,0.7465365529060364,209.3846435546875,158.30859375,0.5725830793380737,0.0,0.0,0.21301741898059845,0.0,0.0,0.15409468114376068
16,True,0.0,0.0,0.4884236752986908,169.1334228515625,79.17864990234375,0.5072355270385742,0.0,0.0,0.14148731529712677,171.52964782714844,77.73346710205078,0.8902769684791565,0.0,0.0,0.3273410201072693,175.7091064453125,90.34992980957031,0.9889037013053894,191.42710876464844,84.80220031738281,0.895539402961731,178.27554321289062,114.5936508178711,0.9507848024368286,204.02281188964844,104.01685333251953,0.5119473338127136,169.48965454101562,112.3822021484375,0.8134101033210754,0.0,0.0,0.36733129620552063,196.8153533935547,130.7501678466797,0.9604234099388123,207.19912719726562,128.18812561035156,0.8962454199790955,192.38726806640625,168.36351013183594,0.7130439281463623,0.0,0.0,0.4947035610675812,0.0,0.0,0.1900574415922165,0.0,0.0,0.11996070295572281
17,True,164.03797912597656,81.07006072998047,0.8406276106834412,166.3330078125,77.93586730957031,0.8413297533988953,0.0,0.0,0.4238652288913727,170.98223876953125,76.57315063476562,0.9373942613601685,0.0,0.0,0.3904159367084503,172.056884765625,90.31468963623047,0.9930962920188904,187.09124755859375,85.5228500366211,0.9436067938804626,170.76882934570312,113.80766296386719,0.9589282274246216,192.73170471191406,105.85181427001953,0.6043442487716675,159.73699951171875,103.41761779785156,0.8676445484161377,174.8985595703125,106.24095153808594,0.5031229853630066,191.92227172851562,133.7041778564453,0.9459025263786316,202.61749267578125,131.0856170654297,0.8740078210830688,184.64840698242188,172.25860595703125,0.6685519814491272,0.0,0.0,0.46662992238998413,0.0,0.0,0.14020700752735138,0.0,0.0,0.0932779535651207
18,True,0.0,0.0,0.42380285263061523,0.0,0.0,0.4114324152469635,0.0,0.0,0.08040498197078705,161.72317504882812,77.5870361328125,0.8691096305847168,0.0,0.0,0.1899985522031784,167.73147583007812,90.86927795410156,0.9870076775550842,183.5623016357422,85.7411880493164,0.9089111089706421,166.40573120117188,115.60069274902344,0.9591742753982544,182.5878143310547,107.25830078125,0.6336596608161926,153.3758544921875,107.30756378173828,0.8667855262756348,161.46234130859375,104.98281860351562,0.5276384949684143,187.19923400878906,134.12210083007812,0.9515215158462524,198.35877990722656,131.57693481445312,0.8912484645843506,184.36370849609375,172.4049530029297,0.6507475972175598,0.0,0.0,0.4629656672477722,0.0,0.0,0.11625080555677414,0.0,0.0,0.0804188922047615
19,True,153.89767456054688,79.418212890625,0.6782054901123047,154.7114715576172,76.64756774902344,0.6824671030044556,0.0,0.0,0.17756429314613342,158.22830200195312,76.36559295654297,0.9185218811035156,0.0,0.0,0.2454342246055603,161.99725341796875,90.87902069091797,0.9887803792953491,176.97280883789062,87.29056549072266,0.9504721760749817,162.8921661376953,116.90965270996094,0.9573883414268494,179.8346710205078,110.04187774658203,0.6994649767875671,150.12783813476562,106.80585479736328,0.8858746886253357,156.78778076171875,106.32398223876953,0.5958220362663269,179.73004150390625,130.19834899902344,0.9659527540206909,190.32562255859375,128.18084716796875,0.9282105565071106,176.49099731445312,165.994384765625,0.7720879316329956,192.31704711914062,161.44400024414062,0.6241752505302429,0.0,0.0,0.2076788693666458,0.0,0.0,0.15729913115501404
20,True,152.78814697265625,78.20704650878906,0.8453813791275024,154.39004516601562,75.42361450195312,0.857298731803894,0.0,0.0,0.4088805317878723,157.69198608398438,75.84794616699219,0.917448103427887,0.0,0.0,0.2744559347629547,161.1004638671875,89.94223022460938,0.9856318235397339,170.09934997558594,88.06471252441406,0.9215080738067627,161.16787719726562,115.43378448486328,0.942416787147522,172.7579803466797,109.46672058105469,0.5582249164581299,147.281982421875,102.95719909667969,0.8651750087738037,0.0,0.0,0.49633532762527466,177.76931762695312,131.5390167236328,0.9287160038948059,183.75770568847656,129.88265991210938,0.8429362177848816,169.7247314453125,165.05191040039062,0.5687945485115051,0.0,0.0,0.35883015394210815,0.0,0.0,0.10559277981519699,0.0,0.0,0.06955647468566895
21,True,146.1217498779297,79.09990692138672,0.5110786557197571,146.4920654296875,76.16275787353516,0.6450226902961731,0.0,0.0,0.105274997651577,150.65867614746094,74.5941162109375,0.9504406452178955,0.0,0.0,0.22354628145694733,155.72592163085938,88.28334045410156,0.9894030094146729,171.76634216308594,84.94088745117188,0.8566989898681641,154.05972290039062,112.31685638427734,0.9495256543159485,0.0,0.0,0.32761701941490173,142.93150329589844,101.53292083740234,0.8067353367805481,0.0,0.0,0.2334560751914978,171.6951446533203,128.73358154296875,0.9552913308143616,182.7997589111328,126.85179901123047,0.8587487936019897,169.00576782226562,166.98898315429688,0.7398679256439209,0.0,0.0,0.4679616093635559,0.0,0.0,0.21179643273353577,0.0,0.0,0.11982494592666626
22,True,143.41375732421875,77.04450988769531,0.6184000372886658,144.40769958496094,74.0284194946289,0.7125885486602783,0.0,0.0,0.16833223402500153,148.8282928466797,73.16139221191406,0.9393008947372437,0.0,0.0,0.22909273207187653,153.87452697753906,88.00859069824219,0.9866004586219788,166.9184112548828,84.45538330078125,0.8439501523971558,151.74307250976562,112.20262145996094,0.9476761817932129,0.0,0.0,0.36988967657089233,139.3182830810547,99.32538604736328,0.8311150670051575,0.0,0.0,0.29610130190849304,168.58148193359375,129.6136474609375,0.9239073991775513,177.2068634033203,127.37647247314453,0.7891628742218018,165.26422119140625,165.078369140625,0.6482296586036682,0.0,0.0,0.37968945503234863,0.0,0.0,0.1611163318157196,0.0,0.0,0.09171441197395325
23,True,141.3978271484375,76.96271514892578,0.7887589335441589,142.8546905517578,73.80902862548828,0.7971291542053223,0.0,0.0,0.3648510277271271,146.12652587890625,73.88824462890625,0.8925027847290039,0.0,0.0,0.2985154688358307,149.59298706054688,88.4992904663086,0.9811892509460449,155.86962890625,87.87681579589844,0.8779579997062683,144.8199462890625,109.30423736572266,0.9371048212051392,0.0,0.0,0.4960857033729553,134.57696533203125,97.40193176269531,0.8368432521820068,0.0,0.0,0.4212738871574402,162.66973876953125,129.55287170410156,0.8902876377105713,166.07374572753906,128.72305297851562,0.7572486400604248,161.29554748535156,163.08462524414062,0.5582221746444702,0.0,0.0,0.33492565155029297,0.0,0.0,0.13060089945793152,0.0,0.0,0.08073238283395767
24,True,134.18630981445312,80.39181518554688,0.7826405763626099,135.54861450195312,77.140625,0.8685500025749207,0.0,0.0,0.2712976932525635,141.85667419433594,75.51187133789062,0.9678207039833069,0.0,0.0,0.221041738986969,145.2976531982422,89.60484313964844,0.9872193336486816,159.15040588378906,87.1669692993164,0.8638637065887451,141.39474487304688,114.12498474121094,0.9382544159889221,0.0,0.0,0.34463614225387573,131.36509704589844,99.64134216308594,0.8208540678024292,0.0,0.0,0.2760258615016937,155.29307556152344,131.432373046875,0.8991241455078125,164.41165161132812,129.67630004882812,0.740276038646698,153.71009826660156,165.79815673828125,0.5591272115707397,0.0,0.0,0.30384543538093567,0.0,0.0,0.11877792328596115,0.0,0.0,0.06848673522472382
25,True,131.1356201171875,81.02641296386719,0.8935949206352234,132.66444396972656,77.72075653076172,0.8939038515090942,0.0,0.0,0.48591628670692444,140.53421020507812,76.68211364746094,0.8808667659759521,0.0,0.0,0.11666253209114075,152.43478393554688,90.82030487060547,0.9720762968063354,140.9979705810547,93.93081665039062,0.9250392913818359,155.77066040039062,115.64984130859375,0.9266692996025085,137.7810516357422,116.09527587890625,0.7469884157180786,137.46075439453125,115.10212707519531,0.8917612433433533,128.19833374023438,104.91015625,0.7295542359352112,155.20504760742188,133.38645935058594,0.9098098874092102,147.48162841796875,133.7747039794922,0.8594909310340881,0.0,0.0,0.49146121740341187,0.0,0.0,0.38469088077545166,0.0,0.0,0.08047642558813095,0.0,0.0,0.06831453740596771
26,True,131.2956085205078,80.95378112792969,0.9043905138969421,132.70120239257812,77.70391082763672,0.9143781065940857,0.0,0.0,0.4750279486179352,140.26248168945312,76.70831298828125,0.8961108326911926,0.0,0.0,0.10666793584823608,150.76480102539062,90.85647583007812,0.9733186364173889,141.90625,92.88539123535156,0.9053112864494324,150.336181640625,115.6393814086914,0.9359902143478394,139.8690643310547,115.81492614746094,0.6608403325080872,129.7845458984375,107.66568756103516,0.9044963717460632,128.30938720703125,105.521728515625,0.6663838624954224,155.51654052734375,132.7823028564453,0.9041396975517273,149.2211456298828,132.753662109375,0.8248904347419739,0.0,0.0,0.49431803822517395,0.0,0.0,0.34049898386001587,0.0,0.0,0.0815257653594017,0.0,0.0,0.06142216548323631
27,True,0.0,0.0,0.0013279786799103022,0.0,0.0,9.638131450628862e-05,0.0,0.0,0.0007045845268294215,0.0,0.0,0.0004255268722772598,0.0,0.0,0.010435850359499454,0.0,0.0,0.004530071746557951,0.0,0.0,0.46014776825904846,0.0,0.0,0.026087677106261253,246.41859436035156,66.90044403076172,0.94448322057724,0.0,0.0,0.045899149030447006,224.31617736816406,144.16470336914062,0.8582054972648621,0.0,0.0,0.1854546070098877,290.07928466796875,165.50698852539062,0.7198161482810974,0.0,0.0,0.0017082520062103868,0.0,0.0,0.01585027016699314,0.0,0.0,0.00019423871708568186,0.0,0.0,0.000997300143353641
28,True,0.0,0.0,0.0011086846934631467,0.0,0.0,7.453995203832164e-05,0.0,0.0,0.000498681329190731,0.0,0.0,0.0004120511293876916,0.0,0.0,0.007913664914667606,0.0,0.0,0.007724620867520571,257.623291015625,9.605239868164062,0.5658517479896545,0.0,0.0,0.03604750707745552,243.48391723632812,77.48059844970703,0.962454617023468,0.0,0.0,0.046132493764162064,220.56739807128906,146.7810821533203,0.8880134224891663,0.0,0.0,0.3046380877494812,284.2119140625,180.72421264648438,0.8354070782661438,0.0,0.0,0.003239251673221588,0.0,0.0,0.03181508556008339,0.0,0.0,0.00032973563065752387,0.0,0.0,0.0017842911183834076
29,True,0.0,0.0,0.001704568974673748,0.0,0.0,6.85398917994462e-05,0.0,0.0,0.000952035712543875,0.0,0.0,0.00023574350052513182,0.0,0.0,0.014556365087628365,0.0,0.0,0.008120367303490639,256.9494323730469,11.3477783203125,0.7267990112304688,0.0,0.0,0.029716353863477707,242.5255584716797,90.14838409423828,0.9800839424133301,0.0,0.0,0.058965541422367096,220.0601806640625,148.2184295654297,0.9455679655075073,0.0,0.0,0.15644575655460358,278.3865661621094,187.98382568359375,0.735891580581665,0.0,0.0,0.0011394161265343428,0.0,0.0,0.014791729860007763,0.0,0.0,9.22837425605394e-05,0.0,0.0,0.0005883490666747093
30,True,0.0,0.0,0.0033220837358385324,0.0,0.0,0.00013560209481511265,0.0,0.0,0.002091235714033246,0.0,0.0,0.000351897586369887,0.0,0.0,0.023641446605324745,0.0,0.0,0.010935749858617783,246.53927612304688,14.125930786132812,0.8682546019554138,0.0,0.0,0.02200191468000412,234.0209503173828,95.91962432861328,0.9903026223182678,0.0,0.0,0.03471510857343674,220.9452667236328,149.88638305664062,0.956626296043396,0.0,0.0,0.1571061611175537,278.59918212890625,184.30914306640625,0.807306706905365,0.0,0.0,0.0011426411801949143,0.0,0.0,0.022100351750850677,0.0,0.0,0.0001102012101910077,0.0,0.0,0.0009496309794485569
31,True,0.0,0.0,0.004998032934963703,0.0,0.0,0.00025731659843586385,0.0,0.0,0.003000725992023945,0.0,0.0,0.0007756385602988303,0.0,0.0,0.05340731889009476,0.0,0.0,0.04346691817045212,236.94818115234375,12.621879577636719,0.8331590890884399,0.0,0.0,0.07010088115930557,234.20370483398438,98.7238540649414,0.9700933694839478,0.0,0.0,0.045295726507902145,220.522705078125,152.581298828125,0.8487928509712219,0.0,0.0,0.18480932712554932,284.66986083984375,183.3754119873047,0.6901559233665466,0.0,0.0,0.0013417687732726336,0.0,0.0,0.010763263329863548,0.0,0.0,0.00013757171109318733,0.0,0.0,0.0006276595522649586
32,True,0.0,0.0,0.006766420789062977,0.0,0.0,0.0003911950916517526,0.0,0.0,0.003953904844820499,0.0,0.0,0.0009956443682312965,0.0,0.0,0.0440727174282074,0.0,0.0,0.03568480163812637,236.90013122558594,14.2894287109375,0.8303220868110657,0.0,0.0,0.04637529328465462,232.38125610351562,97.41742706298828,0.9672093987464905,0.0,0.0,0.04040982574224472,222.6025848388672,152.0281982421875,0.8580871224403381,0.0,0.0,0.12360614538192749,278.25152587890625,170.86587524414062,0.6066065430641174,0.0,0.0,0.0019481434719637036,0.0,0.0,0.017675021663308144,0.0,0.0,0.0003247899003326893,0.0,0.0,0.0016270532505586743
33,True,0.0,0.0,0.0039045356679707766,0.0,0.0,0.0001835831644712016,0.0,0.0,0.002636769087985158,0.0,0.0,0.0006202074000611901,0.0,0.0,0.054706208407878876,0.0,0.0,0.03100375086069107,236.59976196289062,13.454315185546875,0.8627626299858093,0.0,0.0,0.03142644837498665,233.45359802246094,96.13432312011719,0.9716653823852539,0.0,0.0,0.02045750617980957,221.8355712890625,151.75360107421875,0.837212085723877,0.0,0.0,0.17575331032276154,286.98443603515625,187.6590118408203,0.7456551194190979,0.0,0.0,0.001296524191275239,0.0,0.0,0.01558049488812685,0.0,0.0,0.00013034367293585092,0.0,0.0,0.0007986678392626345
34,True,0.0,0.0,0.003077317727729678,0.0,0.0,0.0001571701723150909,0.0,0.0,0.0018177763558924198,0.0,0.0,0.0006821175920777023,0.0,0.0,0.039042532444000244,0.0,0.0,0.03284231945872307,237.27096557617188,13.246299743652344,0.864077091217041,0.0,0.0,0.047146398574113846,233.87245178222656,95.41661071777344,0.9789820909500122,0.0,0.0,0.03378122299909592,220.31478881835938,150.48582458496094,0.8779085278511047,0.0,0.0,0.24707752466201782,283.01043701171875,179.52947998046875,0.8104320764541626,0.0,0.0,0.0018254485912621021,0.0,0.0,0.02013360522687435,0.0,0.0,0.00015415038797073066,0.0,0.0,0.0008977653342299163
35,True,0.0,0.0,0.004244579002261162,0.0,0.0,0.0003062316682189703,0.0,0.0,0.0017372104339301586,0.0,0.0,0.001612497610040009,0.0,0.0,0.031102189794182777,0.0,0.0,0.04379681497812271,243.13656616210938,14.821090698242188,0.8073820471763611,0.0,0.0,0.06050525978207588,234.70001220703125,94.50654602050781,0.9557179808616638,0.0,0.0,0.04191185161471367,223.8065643310547,150.96946716308594,0.8106735944747925,0.0,0.0,0.16644367575645447,286.00006103515625,177.18106079101562,0.6488028168678284,0.0,0.0,0.0018492911476641893,0.0,0.0,0.014786796644330025,0.0,0.0,0.0002323580556549132,0.0,0.0,0.0011082675773650408
36,True,0.0,0.0,0.004824105184525251,0.0,0.0,0.00035696994746103883,0.0,0.0,0.0026877347845584154,0.0,0.0,0.0013144353870302439,0.0,0.0,0.04383357614278793,0.0,0.0,0.030450552701950073,249.51254272460938,14.570701599121094,0.7797135710716248,0.0,0.0,0.040682606399059296,233.65061950683594,92.62568664550781,0.9521401524543762,0.0,0.0,0.02239135652780533,223.247802734375,153.56106567382812,0.7444536685943604,0.0,0.0,0.24369676411151886,288.32489013671875,186.350341796875,0.7677676677703857,0.0,0.0,0.0019090925343334675,0.0,0.0,0.01645389385521412,0.0,0.0,0.0002010078023886308,0.0,0.0,0.0009990271646529436
37,True,0.0,0.0,0.002897687256336212,0.0,0.0,0.0001732108648866415,0.0,0.0,0.002595950150862336,0.0,0.0,0.0007770449155941606,0.0,0.0,0.06721429526805878,0.0,0.0,0.019643807783722878,247.015869140625,14.965568542480469,0.7745200991630554,0.0,0.0,0.028593458235263824,239.10130310058594,92.79905700683594,0.9574791789054871,0.0,0.0,0.013575476594269276,224.5074462890625,148.25326538085938,0.7191645503044128,0.0,0.0,0.27562159299850464,288.9159240722656,187.61224365234375,0.824341893196106,0.0,0.0,0.0015929805813357234,0.0,0.0,0.016027364879846573,0.0,0.0,0.0001573255140101537,0.0,0.0,0.000841336150187999
38,True,0.0,0.0,0.00472143804654479,0.0,0.0,0.0003262441314291209,0.0,0.0,0.003265291452407837,0.0,0.0,0.0008643043111078441,0.0,0.0,0.03172128275036812,0.0,0.0,0.01021287590265274,253.47711181640625,10.417037963867188,0.8384209871292114,0.0,0.0,0.011239058338105679,244.48941040039062,89.82836151123047,0.9772393703460693,0.0,0.0,0.010053620673716068,224.63796997070312,142.63999938964844,0.8506009578704834,0.0,0.0,0.21591195464134216,293.9084167480469,181.41671752929688,0.8638538122177124,0.0,0.0,0.0017692374531179667,0.0,0.0,0.034058280289173126,0.0,0.0,0.00020032646716572344,0.0,0.0,0.0017749614780768752
39,True,0.0,0.0,0.0018549865344539285,0.0,0.0,7.713978266110644e-05,0.0,0.0,0.00163166387937963,0.0,0.0,0.00020885402045678347,0.0,0.0,0.02390102855861187,0.0,0.0,0.0028971636202186346,258.11602783203125,9.48101806640625,0.7483144402503967,0.0,0.0,0.0071350890211761,245.97125244140625,86.455810546875,0.9841654300689697,0.0,0.0,0.01558128371834755,224.38998413085938,141.11695861816406,0.9447242617607117,0.0,0.0,0.12932553887367249,299.0930480957031,184.7091522216797,0.8217946887016296,0.0,0.0,0.0009995430009439588,0.0,0.0,0.02583211101591587,0.0,0.0,9.209842392010614e-05,0.0,0.0,0.0009813635842874646
40,True,0.0,0.0,0.013974870555102825,0.0,0.0,0.0005911734187975526,0.0,0.0,0.015362240374088287,0.0,0.0,0.0004079146310687065,0.0,0.0,0.09077375382184982,0.0,0.0,0.0094722555950284,272.6509094238281,15.69085693359375,0.6091237664222717,0.0,0.0,0.02288089320063591,248.08644104003906,81.25662231445312,0.9181127548217773,0.0,0.0,0.04854679852724075,228.02639770507812,143.2664337158203,0.8625576496124268,0.0,0.0,0.07554841041564941,0.0,0.0,0.4713585674762726,0.0,0.0,0.004245595075190067,0.0,0.0,0.032302387058734894,0.0,0.0,0.0013298208359628916,0.0,0.0,0.005555443465709686
41,True,0.0,0.0,0.002706232713535428,0.0,0.0,0.00019548970158211887,0.0,0.0,0.001175243640318513,0.0,0.0,0.00044152955524623394,0.0,0.0,0.009731866419315338,0.0,0.0,0.004675853531807661,0.0,0.0,0.36452534794807434,0.0,0.0,0.01647866703569889,259.2750549316406,74.00071716308594,0.8887858390808105,0.0,0.0,0.04474257305264473,231.64889526367188,139.95994567871094,0.8625832796096802,0.0,0.0,0.09014196693897247,310.68756103515625,180.96804809570312,0.5182439088821411,0.0,0.0,0.0015358421951532364,0.0,0.0,0.016435962170362473,0.0,0.0,0.0001637476816540584,0.0,0.0,0.0009518383885733783
42,True,0.0,0.0,0.0008312128484249115,0.0,0.0,6.89806547597982e-05,0.0,0.0,0.0002977264521177858,0.0,0.0,0.0002570583892520517,0.0,0.0,0.0037034049164503813,0.0,0.0,0.0020178286358714104,0.0,0.0,0.20662838220596313,0.0,0.0,0.014345536939799786,267.5263671875,67.55524444580078,0.864482045173645,0.0,0.0,0.03813300281763077,237.61672973632812,140.54351806640625,0.8047747015953064,0.0,0.0,0.06281036883592606,0.0,0.0,0.409513384103775,0.0,0.0,0.0009542842744849622,0.0,0.0,0.008782736025750637,0.0,0.0,0.00013375285197980702,0.0,0.0,0.0006902418099343777
43,True,0.0,0.0,0.008643592707812786,0.0,0.0,0.0012934549013152719,0.0,0.0,0.0020795916207134724,0.0,0.0,0.0027131407987326384,0.0,0.0,0.00829095859080553,0.0,0.0,0.026199307292699814,0.0,0.0,0.320345938205719,0.0,0.0,0.10923678427934647,268.2664489746094,83.20063781738281,0.8008595108985901,0.0,0.0,0.15432578325271606,245.42648315429688,141.133056640625,0.7414941787719727,0.0,0.0,0.1757005751132965,0.0,0.0,0.4580840468406677,0.0,0.0,0.0037310428451746702,0.0,0.0,0.01323692686855793,0.0,0.0,0.00038915732875466347,0.0,0.0,0.0010459631448611617
44,True,0.0,0.0,0.005816464778035879,0.0,0.0,0.0007139146910049021,0.0,0.0,0.0017071400070562959,0.0,0.0,0.001593066263012588,0.0,0.0,0.007278526667505503,0.0,0.0,0.01091135572642088,0.0,0.0,0.22150170803070068,0.0,0.0,0.05530235543847084,284.9356384277344,77.8892593383789,0.7643768787384033,0.0,0.0,0.15659624338150024,258.541748046875,140.25433349609375,0.7848147749900818,0.0,0.0,0.09361927956342697,0.0,0.0,0.3181430399417877,0.0,0.0,0.003570151049643755,0.0,0.0,0.014890708029270172,0.0,0.0,0.00047738058492541313,0.0,0.0,0.001413840800523758
45,False,0.0,0.0,0.0,0.0,0.0,0.0,0.0,0.0,0.0,0.0,0.0,0.0,0.0,0.0,0.0,0.0,0.0,0.0,0.0,0.0,0.0,0.0,0.0,0.0,0.0,0.0,0.0,0.0,0.0,0.0,0.0,0.0,0.0,0.0,0.0,0.0,0.0,0.0,0.0,0.0,0.0,0.0,0.0,0.0,0.0,0.0,0.0,0.0,0.0,0.0,0.0
46,False,0.0,0.0,0.0,0.0,0.0,0.0,0.0,0.0,0.0,0.0,0.0,0.0,0.0,0.0,0.0,0.0,0.0,0.0,0.0,0.0,0.0,0.0,0.0,0.0,0.0,0.0,0.0,0.0,0.0,0.0,0.0,0.0,0.0,0.0,0.0,0.0,0.0,0.0,0.0,0.0,0.0,0.0,0.0,0.0,0.0,0.0,0.0,0.0,0.0,0.0,0.0
47,False,0.0,0.0,0.0,0.0,0.0,0.0,0.0,0.0,0.0,0.0,0.0,0.0,0.0,0.0,0.0,0.0,0.0,0.0,0.0,0.0,0.0,0.0,0.0,0.0,0.0,0.0,0.0,0.0,0.0,0.0,0.0,0.0,0.0,0.0,0.0,0.0,0.0,0.0,0.0,0.0,0.0,0.0,0.0,0.0,0.0,0.0,0.0,0.0,0.0,0.0,0.0
48,False,0.0,0.0,0.0,0.0,0.0,0.0,0.0,0.0,0.0,0.0,0.0,0.0,0.0,0.0,0.0,0.0,0.0,0.0,0.0,0.0,0.0,0.0,0.0,0.0,0.0,0.0,0.0,0.0,0.0,0.0,0.0,0.0,0.0,0.0,0.0,0.0,0.0,0.0,0.0,0.0,0.0,0.0,0.0,0.0,0.0,0.0,0.0,0.0,0.0,0.0,0.0
49,False,0.0,0.0,0.0,0.0,0.0,0.0,0.0,0.0,0.0,0.0,0.0,0.0,0.0,0.0,0.0,0.0,0.0,0.0,0.0,0.0,0.0,0.0,0.0,0.0,0.0,0.0,0.0,0.0,0.0,0.0,0.0,0.0,0.0,0.0,0.0,0.0,0.0,0.0,0.0,0.0,0.0,0.0,0.0,0.0,0.0,0.0,0.0,0.0,0.0,0.0,0.0
50,False,0.0,0.0,0.0,0.0,0.0,0.0,0.0,0.0,0.0,0.0,0.0,0.0,0.0,0.0,0.0,0.0,0.0,0.0,0.0,0.0,0.0,0.0,0.0,0.0,0.0,0.0,0.0,0.0,0.0,0.0,0.0,0.0,0.0,0.0,0.0,0.0,0.0,0.0,0.0,0.0,0.0,0.0,0.0,0.0,0.0,0.0,0.0,0.0,0.0,0.0,0.0
51,False,0.0,0.0,0.0,0.0,0.0,0.0,0.0,0.0,0.0,0.0,0.0,0.0,0.0,0.0,0.0,0.0,0.0,0.0,0.0,0.0,0.0,0.0,0.0,0.0,0.0,0.0,0.0,0.0,0.0,0.0,0.0,0.0,0.0,0.0,0.0,0.0,0.0,0.0,0.0,0.0,0.0,0.0,0.0,0.0,0.0,0.0,0.0,0.0,0.0,0.0,0.0
52,False,0.0,0.0,0.0,0.0,0.0,0.0,0.0,0.0,0.0,0.0,0.0,0.0,0.0,0.0,0.0,0.0,0.0,0.0,0.0,0.0,0.0,0.0,0.0,0.0,0.0,0.0,0.0,0.0,0.0,0.0,0.0,0.0,0.0,0.0,0.0,0.0,0.0,0.0,0.0,0.0,0.0,0.0,0.0,0.0,0.0,0.0,0.0,0.0,0.0,0.0,0.0
53,False,0.0,0.0,0.0,0.0,0.0,0.0,0.0,0.0,0.0,0.0,0.0,0.0,0.0,0.0,0.0,0.0,0.0,0.0,0.0,0.0,0.0,0.0,0.0,0.0,0.0,0.0,0.0,0.0,0.0,0.0,0.0,0.0,0.0,0.0,0.0,0.0,0.0,0.0,0.0,0.0,0.0,0.0,0.0,0.0,0.0,0.0,0.0,0.0,0.0,0.0,0.0
54,False,0.0,0.0,0.0,0.0,0.0,0.0,0.0,0.0,0.0,0.0,0.0,0.0,0.0,0.0,0.0,0.0,0.0,0.0,0.0,0.0,0.0,0.0,0.0,0.0,0.0,0.0,0.0,0.0,0.0,0.0,0.0,0.0,0.0,0.0,0.0,0.0,0.0,0.0,0.0,0.0,0.0,0.0,0.0,0.0,0.0,0.0,0.0,0.0,0.0,0.0,0.0
55,False,0.0,0.0,0.0,0.0,0.0,0.0,0.0,0.0,0.0,0.0,0.0,0.0,0.0,0.0,0.0,0.0,0.0,0.0,0.0,0.0,0.0,0.0,0.0,0.0,0.0,0.0,0.0,0.0,0.0,0.0,0.0,0.0,0.0,0.0,0.0,0.0,0.0,0.0,0.0,0.0,0.0,0.0,0.0,0.0,0.0,0.0,0.0,0.0,0.0,0.0,0.0
56,False,0.0,0.0,0.0,0.0,0.0,0.0,0.0,0.0,0.0,0.0,0.0,0.0,0.0,0.0,0.0,0.0,0.0,0.0,0.0,0.0,0.0,0.0,0.0,0.0,0.0,0.0,0.0,0.0,0.0,0.0,0.0,0.0,0.0,0.0,0.0,0.0,0.0,0.0,0.0,0.0,0.0,0.0,0.0,0.0,0.0,0.0,0.0,0.0,0.0,0.0,0.0
57,False,0.0,0.0,0.0,0.0,0.0,0.0,0.0,0.0,0.0,0.0,0.0,0.0,0.0,0.0,0.0,0.0,0.0,0.0,0.0,0.0,0.0,0.0,0.0,0.0,0.0,0.0,0.0,0.0,0.0,0.0,0.0,0.0,0.0,0.0,0.0,0.0,0.0,0.0,0.0,0.0,0.0,0.0,0.0,0.0,0.0,0.0,0.0,0.0,0.0,0.0,0.0
58,False,0.0,0.0,0.0,0.0,0.0,0.0,0.0,0.0,0.0,0.0,0.0,0.0,0.0,0.0,0.0,0.0,0.0,0.0,0.0,0.0,0.0,0.0,0.0,0.0,0.0,0.0,0.0,0.0,0.0,0.0,0.0,0.0,0.0,0.0,0.0,0.0,0.0,0.0,0.0,0.0,0.0,0.0,0.0,0.0,0.0,0.0,0.0,0.0,0.0,0.0,0.0
59,False,0.0,0.0,0.0,0.0,0.0,0.0,0.0,0.0,0.0,0.0,0.0,0.0,0.0,0.0,0.0,0.0,0.0,0.0,0.0,0.0,0.0,0.0,0.0,0.0,0.0,0.0,0.0,0.0,0.0,0.0,0.0,0.0,0.0,0.0,0.0,0.0,0.0,0.0,0.0,0.0,0.0,0.0,0.0,0.0,0.0,0.0,0.0,0.0,0.0,0.0,0.0
60,False,0.0,0.0,0.0,0.0,0.0,0.0,0.0,0.0,0.0,0.0,0.0,0.0,0.0,0.0,0.0,0.0,0.0,0.0,0.0,0.0,0.0,0.0,0.0,0.0,0.0,0.0,0.0,0.0,0.0,0.0,0.0,0.0,0.0,0.0,0.0,0.0,0.0,0.0,0.0,0.0,0.0,0.0,0.0,0.0,0.0,0.0,0.0,0.0,0.0,0.0,0.0
61,False,0.0,0.0,0.0,0.0,0.0,0.0,0.0,0.0,0.0,0.0,0.0,0.0,0.0,0.0,0.0,0.0,0.0,0.0,0.0,0.0,0.0,0.0,0.0,0.0,0.0,0.0,0.0,0.0,0.0,0.0,0.0,0.0,0.0,0.0,0.0,0.0,0.0,0.0,0.0,0.0,0.0,0.0,0.0,0.0,0.0,0.0,0.0,0.0,0.0,0.0,0.0
62,False,0.0,0.0,0.0,0.0,0.0,0.0,0.0,0.0,0.0,0.0,0.0,0.0,0.0,0.0,0.0,0.0,0.0,0.0,0.0,0.0,0.0,0.0,0.0,0.0,0.0,0.0,0.0,0.0,0.0,0.0,0.0,0.0,0.0,0.0,0.0,0.0,0.0,0.0,0.0,0.0,0.0,0.0,0.0,0.0,0.0,0.0,0.0,0.0,0.0,0.0,0.0
63,False,0.0,0.0,0.0,0.0,0.0,0.0,0.0,0.0,0.0,0.0,0.0,0.0,0.0,0.0,0.0,0.0,0.0,0.0,0.0,0.0,0.0,0.0,0.0,0.0,0.0,0.0,0.0,0.0,0.0,0.0,0.0,0.0,0.0,0.0,0.0,0.0,0.0,0.0,0.0,0.0,0.0,0.0,0.0,0.0,0.0,0.0,0.0,0.0,0.0,0.0,0.0
64,False,0.0,0.0,0.0,0.0,0.0,0.0,0.0,0.0,0.0,0.0,0.0,0.0,0.0,0.0,0.0,0.0,0.0,0.0,0.0,0.0,0.0,0.0,0.0,0.0,0.0,0.0,0.0,0.0,0.0,0.0,0.0,0.0,0.0,0.0,0.0,0.0,0.0,0.0,0.0,0.0,0.0,0.0,0.0,0.0,0.0,0.0,0.0,0.0,0.0,0.0,0.0
65,False,0.0,0.0,0.0,0.0,0.0,0.0,0.0,0.0,0.0,0.0,0.0,0.0,0.0,0.0,0.0,0.0,0.0,0.0,0.0,0.0,0.0,0.0,0.0,0.0,0.0,0.0,0.0,0.0,0.0,0.0,0.0,0.0,0.0,0.0,0.0,0.0,0.0,0.0,0.0,0.0,0.0,0.0,0.0,0.0,0.0,0.0,0.0,0.0,0.0,0.0,0.0
66,False,0.0,0.0,0.0,0.0,0.0,0.0,0.0,0.0,0.0,0.0,0.0,0.0,0.0,0.0,0.0,0.0,0.0,0.0,0.0,0.0,0.0,0.0,0.0,0.0,0.0,0.0,0.0,0.0,0.0,0.0,0.0,0.0,0.0,0.0,0.0,0.0,0.0,0.0,0.0,0.0,0.0,0.0,0.0,0.0,0.0,0.0,0.0,0.0,0.0,0.0,0.0
67,False,0.0,0.0,0.0,0.0,0.0,0.0,0.0,0.0,0.0,0.0,0.0,0.0,0.0,0.0,0.0,0.0,0.0,0.0,0.0,0.0,0.0,0.0,0.0,0.0,0.0,0.0,0.0,0.0,0.0,0.0,0.0,0.0,0.0,0.0,0.0,0.0,0.0,0.0,0.0,0.0,0.0,0.0,0.0,0.0,0.0,0.0,0.0,0.0,0.0,0.0,0.0
68,False,0.0,0.0,0.0,0.0,0.0,0.0,0.0,0.0,0.0,0.0,0.0,0.0,0.0,0.0,0.0,0.0,0.0,0.0,0.0,0.0,0.0,0.0,0.0,0.0,0.0,0.0,0.0,0.0,0.0,0.0,0.0,0.0,0.0,0.0,0.0,0.0,0.0,0.0,0.0,0.0,0.0,0.0,0.0,0.0,0.0,0.0,0.0,0.0,0.0,0.0,0.0
69,False,0.0,0.0,0.0,0.0,0.0,0.0,0.0,0.0,0.0,0.0,0.0,0.0,0.0,0.0,0.0,0.0,0.0,0.0,0.0,0.0,0.0,0.0,0.0,0.0,0.0,0.0,0.0,0.0,0.0,0.0,0.0,0.0,0.0,0.0,0.0,0.0,0.0,0.0,0.0,0.0,0.0,0.0,0.0,0.0,0.0,0.0,0.0,0.0,0.0,0.0,0.0
70,False,0.0,0.0,0.0,0.0,0.0,0.0,0.0,0.0,0.0,0.0,0.0,0.0,0.0,0.0,0.0,0.0,0.0,0.0,0.0,0.0,0.0,0.0,0.0,0.0,0.0,0.0,0.0,0.0,0.0,0.0,0.0,0.0,0.0,0.0,0.0,0.0,0.0,0.0,0.0,0.0,0.0,0.0,0.0,0.0,0.0,0.0,0.0,0.0,0.0,0.0,0.0
71,False,0.0,0.0,0.0,0.0,0.0,0.0,0.0,0.0,0.0,0.0,0.0,0.0,0.0,0.0,0.0,0.0,0.0,0.0,0.0,0.0,0.0,0.0,0.0,0.0,0.0,0.0,0.0,0.0,0.0,0.0,0.0,0.0,0.0,0.0,0.0,0.0,0.0,0.0,0.0,0.0,0.0,0.0,0.0,0.0,0.0,0.0,0.0,0.0,0.0,0.0,0.0
72,False,0.0,0.0,0.0,0.0,0.0,0.0,0.0,0.0,0.0,0.0,0.0,0.0,0.0,0.0,0.0,0.0,0.0,0.0,0.0,0.0,0.0,0.0,0.0,0.0,0.0,0.0,0.0,0.0,0.0,0.0,0.0,0.0,0.0,0.0,0.0,0.0,0.0,0.0,0.0,0.0,0.0,0.0,0.0,0.0,0.0,0.0,0.0,0.0,0.0,0.0,0.0
73,False,0.0,0.0,0.0,0.0,0.0,0.0,0.0,0.0,0.0,0.0,0.0,0.0,0.0,0.0,0.0,0.0,0.0,0.0,0.0,0.0,0.0,0.0,0.0,0.0,0.0,0.0,0.0,0.0,0.0,0.0,0.0,0.0,0.0,0.0,0.0,0.0,0.0,0.0,0.0,0.0,0.0,0.0,0.0,0.0,0.0,0.0,0.0,0.0,0.0,0.0,0.0
74,False,0.0,0.0,0.0,0.0,0.0,0.0,0.0,0.0,0.0,0.0,0.0,0.0,0.0,0.0,0.0,0.0,0.0,0.0,0.0,0.0,0.0,0.0,0.0,0.0,0.0,0.0,0.0,0.0,0.0,0.0,0.0,0.0,0.0,0.0,0.0,0.0,0.0,0.0,0.0,0.0,0.0,0.0,0.0,0.0,0.0,0.0,0.0,0.0,0.0,0.0,0.0
75,False,0.0,0.0,0.0,0.0,0.0,0.0,0.0,0.0,0.0,0.0,0.0,0.0,0.0,0.0,0.0,0.0,0.0,0.0,0.0,0.0,0.0,0.0,0.0,0.0,0.0,0.0,0.0,0.0,0.0,0.0,0.0,0.0,0.0,0.0,0.0,0.0,0.0,0.0,0.0,0.0,0.0,0.0,0.0,0.0,0.0,0.0,0.0,0.0,0.0,0.0,0.0
76,False,0.0,0.0,0.0,0.0,0.0,0.0,0.0,0.0,0.0,0.0,0.0,0.0,0.0,0.0,0.0,0.0,0.0,0.0,0.0,0.0,0.0,0.0,0.0,0.0,0.0,0.0,0.0,0.0,0.0,0.0,0.0,0.0,0.0,0.0,0.0,0.0,0.0,0.0,0.0,0.0,0.0,0.0,0.0,0.0,0.0,0.0,0.0,0.0,0.0,0.0,0.0
77,False,0.0,0.0,0.0,0.0,0.0,0.0,0.0,0.0,0.0,0.0,0.0,0.0,0.0,0.0,0.0,0.0,0.0,0.0,0.0,0.0,0.0,0.0,0.0,0.0,0.0,0.0,0.0,0.0,0.0,0.0,0.0,0.0,0.0,0.0,0.0,0.0,0.0,0.0,0.0,0.0,0.0,0.0,0.0,0.0,0.0,0.0,0.0,0.0,0.0,0.0,0.0
78,False,0.0,0.0,0.0,0.0,0.0,0.0,0.0,0.0,0.0,0.0,0.0,0.0,0.0,0.0,0.0,0.0,0.0,0.0,0.0,0.0,0.0,0.0,0.0,0.0,0.0,0.0,0.0,0.0,0.0,0.0,0.0,0.0,0.0,0.0,0.0,0.0,0.0,0.0,0.0,0.0,0.0,0.0,0.0,0.0,0.0,0.0,0.0,0.0,0.0,0.0,0.0
79,False,0.0,0.0,0.0,0.0,0.0,0.0,0.0,0.0,0.0,0.0,0.0,0.0,0.0,0.0,0.0,0.0,0.0,0.0,0.0,0.0,0.0,0.0,0.0,0.0,0.0,0.0,0.0,0.0,0.0,0.0,0.0,0.0,0.0,0.0,0.0,0.0,0.0,0.0,0.0,0.0,0.0,0.0,0.0,0.0,0.0,0.0,0.0,0.0,0.0,0.0,0.0
80,False,0.0,0.0,0.0,0.0,0.0,0.0,0.0,0.0,0.0,0.0,0.0,0.0,0.0,0.0,0.0,0.0,0.0,0.0,0.0,0.0,0.0,0.0,0.0,0.0,0.0,0.0,0.0,0.0,0.0,0.0,0.0,0.0,0.0,0.0,0.0,0.0,0.0,0.0,0.0,0.0,0.0,0.0,0.0,0.0,0.0,0.0,0.0,0.0,0.0,0.0,0.0
81,False,0.0,0.0,0.0,0.0,0.0,0.0,0.0,0.0,0.0,0.0,0.0,0.0,0.0,0.0,0.0,0.0,0.0,0.0,0.0,0.0,0.0,0.0,0.0,0.0,0.0,0.0,0.0,0.0,0.0,0.0,0.0,0.0,0.0,0.0,0.0,0.0,0.0,0.0,0.0,0.0,0.0,0.0,0.0,0.0,0.0,0.0,0.0,0.0,0.0,0.0,0.0
82,False,0.0,0.0,0.0,0.0,0.0,0.0,0.0,0.0,0.0,0.0,0.0,0.0,0.0,0.0,0.0,0.0,0.0,0.0,0.0,0.0,0.0,0.0,0.0,0.0,0.0,0.0,0.0,0.0,0.0,0.0,0.0,0.0,0.0,0.0,0.0,0.0,0.0,0.0,0.0,0.0,0.0,0.0,0.0,0.0,0.0,0.0,0.0,0.0,0.0,0.0,0.0
83,False,0.0,0.0,0.0,0.0,0.0,0.0,0.0,0.0,0.0,0.0,0.0,0.0,0.0,0.0,0.0,0.0,0.0,0.0,0.0,0.0,0.0,0.0,0.0,0.0,0.0,0.0,0.0,0.0,0.0,0.0,0.0,0.0,0.0,0.0,0.0,0.0,0.0,0.0,0.0,0.0,0.0,0.0,0.0,0.0,0.0,0.0,0.0,0.0,0.0,0.0,0.0
84,False,0.0,0.0,0.0,0.0,0.0,0.0,0.0,0.0,0.0,0.0,0.0,0.0,0.0,0.0,0.0,0.0,0.0,0.0,0.0,0.0,0.0,0.0,0.0,0.0,0.0,0.0,0.0,0.0,0.0,0.0,0.0,0.0,0.0,0.0,0.0,0.0,0.0,0.0,0.0,0.0,0.0,0.0,0.0,0.0,0.0,0.0,0.0,0.0,0.0,0.0,0.0
85,False,0.0,0.0,0.0,0.0,0.0,0.0,0.0,0.0,0.0,0.0,0.0,0.0,0.0,0.0,0.0,0.0,0.0,0.0,0.0,0.0,0.0,0.0,0.0,0.0,0.0,0.0,0.0,0.0,0.0,0.0,0.0,0.0,0.0,0.0,0.0,0.0,0.0,0.0,0.0,0.0,0.0,0.0,0.0,0.0,0.0,0.0,0.0,0.0,0.0,0.0,0.0
86,False,0.0,0.0,0.0,0.0,0.0,0.0,0.0,0.0,0.0,0.0,0.0,0.0,0.0,0.0,0.0,0.0,0.0,0.0,0.0,0.0,0.0,0.0,0.0,0.0,0.0,0.0,0.0,0.0,0.0,0.0,0.0,0.0,0.0,0.0,0.0,0.0,0.0,0.0,0.0,0.0,0.0,0.0,0.0,0.0,0.0,0.0,0.0,0.0,0.0,0.0,0.0
87,False,0.0,0.0,0.0,0.0,0.0,0.0,0.0,0.0,0.0,0.0,0.0,0.0,0.0,0.0,0.0,0.0,0.0,0.0,0.0,0.0,0.0,0.0,0.0,0.0,0.0,0.0,0.0,0.0,0.0,0.0,0.0,0.0,0.0,0.0,0.0,0.0,0.0,0.0,0.0,0.0,0.0,0.0,0.0,0.0,0.0,0.0,0.0,0.0,0.0,0.0,0.0
88,False,0.0,0.0,0.0,0.0,0.0,0.0,0.0,0.0,0.0,0.0,0.0,0.0,0.0,0.0,0.0,0.0,0.0,0.0,0.0,0.0,0.0,0.0,0.0,0.0,0.0,0.0,0.0,0.0,0.0,0.0,0.0,0.0,0.0,0.0,0.0,0.0,0.0,0.0,0.0,0.0,0.0,0.0,0.0,0.0,0.0,0.0,0.0,0.0,0.0,0.0,0.0
89,False,0.0,0.0,0.0,0.0,0.0,0.0,0.0,0.0,0.0,0.0,0.0,0.0,0.0,0.0,0.0,0.0,0.0,0.0,0.0,0.0,0.0,0.0,0.0,0.0,0.0,0.0,0.0,0.0,0.0,0.0,0.0,0.0,0.0,0.0,0.0,0.0,0.0,0.0,0.0,0.0,0.0,0.0,0.0,0.0,0.0,0.0,0.0,0.0,0.0,0.0,0.0
90,False,0.0,0.0,0.0,0.0,0.0,0.0,0.0,0.0,0.0,0.0,0.0,0.0,0.0,0.0,0.0,0.0,0.0,0.0,0.0,0.0,0.0,0.0,0.0,0.0,0.0,0.0,0.0,0.0,0.0,0.0,0.0,0.0,0.0,0.0,0.0,0.0,0.0,0.0,0.0,0.0,0.0,0.0,0.0,0.0,0.0,0.0,0.0,0.0,0.0,0.0,0.0
91,False,0.0,0.0,0.0,0.0,0.0,0.0,0.0,0.0,0.0,0.0,0.0,0.0,0.0,0.0,0.0,0.0,0.0,0.0,0.0,0.0,0.0,0.0,0.0,0.0,0.0,0.0,0.0,0.0,0.0,0.0,0.0,0.0,0.0,0.0,0.0,0.0,0.0,0.0,0.0,0.0,0.0,0.0,0.0,0.0,0.0,0.0,0.0,0.0,0.0,0.0,0.0
92,False,0.0,0.0,0.0,0.0,0.0,0.0,0.0,0.0,0.0,0.0,0.0,0.0,0.0,0.0,0.0,0.0,0.0,0.0,0.0,0.0,0.0,0.0,0.0,0.0,0.0,0.0,0.0,0.0,0.0,0.0,0.0,0.0,0.0,0.0,0.0,0.0,0.0,0.0,0.0,0.0,0.0,0.0,0.0,0.0,0.0,0.0,0.0,0.0,0.0,0.0,0.0
93,False,0.0,0.0,0.0,0.0,0.0,0.0,0.0,0.0,0.0,0.0,0.0,0.0,0.0,0.0,0.0,0.0,0.0,0.0,0.0,0.0,0.0,0.0,0.0,0.0,0.0,0.0,0.0,0.0,0.0,0.0,0.0,0.0,0.0,0.0,0.0,0.0,0.0,0.0,0.0,0.0,0.0,0.0,0.0,0.0,0.0,0.0,0.0,0.0,0.0,0.0,0.0
94,False,0.0,0.0,0.0,0.0,0.0,0.0,0.0,0.0,0.0,0.0,0.0,0.0,0.0,0.0,0.0,0.0,0.0,0.0,0.0,0.0,0.0,0.0,0.0,0.0,0.0,0.0,0.0,0.0,0.0,0.0,0.0,0.0,0.0,0.0,0.0,0.0,0.0,0.0,0.0,0.0,0.0,0.0,0.0,0.0,0.0,0.0,0.0,0.0,0.0,0.0,0.0
95,False,0.0,0.0,0.0,0.0,0.0,0.0,0.0,0.0,0.0,0.0,0.0,0.0,0.0,0.0,0.0,0.0,0.0,0.0,0.0,0.0,0.0,0.0,0.0,0.0,0.0,0.0,0.0,0.0,0.0,0.0,0.0,0.0,0.0,0.0,0.0,0.0,0.0,0.0,0.0,0.0,0.0,0.0,0.0,0.0,0.0,0.0,0.0,0.0,0.0,0.0,0.0
96,False,0.0,0.0,0.0,0.0,0.0,0.0,0.0,0.0,0.0,0.0,0.0,0.0,0.0,0.0,0.0,0.0,0.0,0.0,0.0,0.0,0.0,0.0,0.0,0.0,0.0,0.0,0.0,0.0,0.0,0.0,0.0,0.0,0.0,0.0,0.0,0.0,0.0,0.0,0.0,0.0,0.0,0.0,0.0,0.0,0.0,0.0,0.0,0.0,0.0,0.0,0.0
97,False,0.0,0.0,0.0,0.0,0.0,0.0,0.0,0.0,0.0,0.0,0.0,0.0,0.0,0.0,0.0,0.0,0.0,0.0,0.0,0.0,0.0,0.0,0.0,0.0,0.0,0.0,0.0,0.0,0.0,0.0,0.0,0.0,0.0,0.0,0.0,0.0,0.0,0.0,0.0,0.0,0.0,0.0,0.0,0.0,0.0,0.0,0.0,0.0,0.0,0.0,0.0
98,False,0.0,0.0,0.0,0.0,0.0,0.0,0.0,0.0,0.0,0.0,0.0,0.0,0.0,0.0,0.0,0.0,0.0,0.0,0.0,0.0,0.0,0.0,0.0,0.0,0.0,0.0,0.0,0.0,0.0,0.0,0.0,0.0,0.0,0.0,0.0,0.0,0.0,0.0,0.0,0.0,0.0,0.0,0.0,0.0,0.0,0.0,0.0,0.0,0.0,0.0,0.0
99,False,0.0,0.0,0.0,0.0,0.0,0.0,0.0,0.0,0.0,0.0,0.0,0.0,0.0,0.0,0.0,0.0,0.0,0.0,0.0,0.0,0.0,0.0,0.0,0.0,0.0,0.0,0.0,0.0,0.0,0.0,0.0,0.0,0.0,0.0,0.0,0.0,0.0,0.0,0.0,0.0,0.0,0.0,0.0,0.0,0.0,0.0,0.0,0.0,0.0,0.0,0.0
100,False,0.0,0.0,0.0,0.0,0.0,0.0,0.0,0.0,0.0,0.0,0.0,0.0,0.0,0.0,0.0,0.0,0.0,0.0,0.0,0.0,0.0,0.0,0.0,0.0,0.0,0.0,0.0,0.0,0.0,0.0,0.0,0.0,0.0,0.0,0.0,0.0,0.0,0.0,0.0,0.0,0.0,0.0,0.0,0.0,0.0,0.0,0.0,0.0,0.0,0.0,0.0
101,False,0.0,0.0,0.0,0.0,0.0,0.0,0.0,0.0,0.0,0.0,0.0,0.0,0.0,0.0,0.0,0.0,0.0,0.0,0.0,0.0,0.0,0.0,0.0,0.0,0.0,0.0,0.0,0.0,0.0,0.0,0.0,0.0,0.0,0.0,0.0,0.0,0.0,0.0,0.0,0.0,0.0,0.0,0.0,0.0,0.0,0.0,0.0,0.0,0.0,0.0,0.0
102,False,0.0,0.0,0.0,0.0,0.0,0.0,0.0,0.0,0.0,0.0,0.0,0.0,0.0,0.0,0.0,0.0,0.0,0.0,0.0,0.0,0.0,0.0,0.0,0.0,0.0,0.0,0.0,0.0,0.0,0.0,0.0,0.0,0.0,0.0,0.0,0.0,0.0,0.0,0.0,0.0,0.0,0.0,0.0,0.0,0.0,0.0,0.0,0.0,0.0,0.0,0.0
103,False,0.0,0.0,0.0,0.0,0.0,0.0,0.0,0.0,0.0,0.0,0.0,0.0,0.0,0.0,0.0,0.0,0.0,0.0,0.0,0.0,0.0,0.0,0.0,0.0,0.0,0.0,0.0,0.0,0.0,0.0,0.0,0.0,0.0,0.0,0.0,0.0,0.0,0.0,0.0,0.0,0.0,0.0,0.0,0.0,0.0,0.0,0.0,0.0,0.0,0.0,0.0
104,False,0.0,0.0,0.0,0.0,0.0,0.0,0.0,0.0,0.0,0.0,0.0,0.0,0.0,0.0,0.0,0.0,0.0,0.0,0.0,0.0,0.0,0.0,0.0,0.0,0.0,0.0,0.0,0.0,0.0,0.0,0.0,0.0,0.0,0.0,0.0,0.0,0.0,0.0,0.0,0.0,0.0,0.0,0.0,0.0,0.0,0.0,0.0,0.0,0.0,0.0,0.0
105,False,0.0,0.0,0.0,0.0,0.0,0.0,0.0,0.0,0.0,0.0,0.0,0.0,0.0,0.0,0.0,0.0,0.0,0.0,0.0,0.0,0.0,0.0,0.0,0.0,0.0,0.0,0.0,0.0,0.0,0.0,0.0,0.0,0.0,0.0,0.0,0.0,0.0,0.0,0.0,0.0,0.0,0.0,0.0,0.0,0.0,0.0,0.0,0.0,0.0,0.0,0.0
106,False,0.0,0.0,0.0,0.0,0.0,0.0,0.0,0.0,0.0,0.0,0.0,0.0,0.0,0.0,0.0,0.0,0.0,0.0,0.0,0.0,0.0,0.0,0.0,0.0,0.0,0.0,0.0,0.0,0.0,0.0,0.0,0.0,0.0,0.0,0.0,0.0,0.0,0.0,0.0,0.0,0.0,0.0,0.0,0.0,0.0,0.0,0.0,0.0,0.0,0.0,0.0
107,False,0.0,0.0,0.0,0.0,0.0,0.0,0.0,0.0,0.0,0.0,0.0,0.0,0.0,0.0,0.0,0.0,0.0,0.0,0.0,0.0,0.0,0.0,0.0,0.0,0.0,0.0,0.0,0.0,0.0,0.0,0.0,0.0,0.0,0.0,0.0,0.0,0.0,0.0,0.0,0.0,0.0,0.0,0.0,0.0,0.0,0.0,0.0,0.0,0.0,0.0,0.0
108,False,0.0,0.0,0.0,0.0,0.0,0.0,0.0,0.0,0.0,0.0,0.0,0.0,0.0,0.0,0.0,0.0,0.0,0.0,0.0,0.0,0.0,0.0,0.0,0.0,0.0,0.0,0.0,0.0,0.0,0.0,0.0,0.0,0.0,0.0,0.0,0.0,0.0,0.0,0.0,0.0,0.0,0.0,0.0,0.0,0.0,0.0,0.0,0.0,0.0,0.0,0.0
109,False,0.0,0.0,0.0,0.0,0.0,0.0,0.0,0.0,0.0,0.0,0.0,0.0,0.0,0.0,0.0,0.0,0.0,0.0,0.0,0.0,0.0,0.0,0.0,0.0,0.0,0.0,0.0,0.0,0.0,0.0,0.0,0.0,0.0,0.0,0.0,0.0,0.0,0.0,0.0,0.0,0.0,0.0,0.0,0.0,0.0,0.0,0.0,0.0,0.0,0.0,0.0
110,True,0.0,0.0,0.11927138268947601,0.0,0.0,0.016785670071840286,0.0,0.0,0.12679755687713623,0.0,0.0,0.11053252965211868,248.78271484375,66.58021545410156,0.8674793839454651,219.62889099121094,76.97236633300781,0.8976370096206665,247.41993713378906,82.32206726074219,0.9378538131713867,205.85272216796875,91.79911804199219,0.6358996629714966,259.4416198730469,105.70817565917969,0.7957299947738647,0.0,0.0,0.3734270930290222,268.08294677734375,100.69237518310547,0.5516245365142822,220.00047302246094,135.09860229492188,0.883917510509491,238.39552307128906,137.91744995117188,0.8942584991455078,0.0,0.0,0.44089871644973755,0.0,0.0,0.46157699823379517,0.0,0.0,0.09156783670186996,0.0,0.0,0.08901949971914291
111,True,0.0,0.0,0.032992321997880936,0.0,0.0,0.009837981313467026,0.0,0.0,0.007617911323904991,0.0,0.0,0.009580257348716259,0.0,0.0,0.0071029928512871265,0.0,0.0,0.028836620971560478,0.0,0.0,0.08861125260591507,0.0,0.0,0.1292729377746582,0.0,0.0,0.330388605594635,0.0,0.0,0.37533020973205566,265.8156433105469,94.98358154296875,0.5758664011955261,0.0,0.0,0.08216153830289841,0.0,0.0,0.134276881814003,0.0,0.0,0.01263129897415638,0.0,0.0,0.02071872353553772,0.0,0.0,0.0030948249623179436,0.0,0.0,0.004765856545418501
112,True,0.0,0.0,0.006121171172708273,0.0,0.0,0.0011578943813219666,0.0,0.0,0.0008860488305799663,0.0,0.0,0.001764102722518146,0.0,0.0,0.001721602282486856,0.0,0.0,0.012696871533989906,0.0,0.0,0.04053813964128494,0.0,0.0,0.14257989823818207,0.0,0.0,0.3604889512062073,0.0,0.0,0.45106032490730286,249.99093627929688,98.7872314453125,0.6701247692108154,0.0,0.0,0.05652294307947159,0.0,0.0,0.09608946740627289,0.0,0.0,0.006987372413277626,0.0,0.0,0.01215283665806055,0.0,0.0,0.0013886952074244618,0.0,0.0,0.0022582425735890865
113,True,0.0,0.0,0.005809000227600336,0.0,0.0,0.0010240093106403947,0.0,0.0,0.0006388476467691362,0.0,0.0,0.0021526417694985867,0.0,0.0,0.0014769848203286529,0.0,0.0,0.020983921363949776,0.0,0.0,0.07115928083658218,0.0,0.0,0.23181024193763733,301.8003845214844,83.97486114501953,0.5176020264625549,0.0,0.0,0.49959126114845276,235.17019653320312,101.42073059082031,0.7201619744300842,0.0,0.0,0.10620710253715515,0.0,0.0,0.18178965151309967,0.0,0.0,0.006619718857109547,0.0,0.0,0.012076479382812977,0.0,0.0,0.0006262860842980444,0.0,0.0,0.0010870435507968068
114,True,0.0,0.0,0.0020837460178881884,0.0,0.0,0.00028129637939855456,0.0,0.0,0.0002509660553187132,0.0,0.0,0.0013801055029034615,0.0,0.0,0.0018173817079514265,0.0,0.0,0.03460201248526573,0.0,0.0,0.09025706350803375,0.0,0.0,0.3702795207500458,286.9186096191406,90.26774597167969,0.6016348004341125,215.9075927734375,105.03363800048828,0.5657018423080444,216.67581176757812,104.81480407714844,0.7510443329811096,0.0,0.0,0.08189063519239426,0.0,0.0,0.12944601476192474,0.0,0.0,0.005632865708321333,0.0,0.0,0.008755505084991455,0.0,0.0,0.0006396856624633074,0.0,0.0,0.0009576533921062946
115,True,0.0,0.0,0.009593169204890728,0.0,0.0,0.0014735008589923382,0.0,0.0,0.0013416677247732878,0.0,0.0,0.0033175223506987095,0.0,0.0,0.004826598800718784,0.0,0.0,0.0496334508061409,0.0,0.0,0.19916702806949615,0.0,0.0,0.32135939598083496,274.7622985839844,91.65269470214844,0.6973538398742676,0.0,0.0,0.4936835765838623,206.1354217529297,107.37467193603516,0.7956785559654236,0.0,0.0,0.11588916182518005,0.0,0.0,0.222714364528656,0.0,0.0,0.006932090036571026,0.0,0.0,0.014006721787154675,0.0,0.0,0.0006519643939100206,0.0,0.0,0.0012221052311360836
116,True,0.0,0.0,0.007823250256478786,0.0,0.0,0.000843206187710166,0.0,0.0,0.0010604383423924446,0.0,0.0,0.002055874327197671,0.0,0.0,0.004862857982516289,0.0,0.0,0.04409855976700783,0.0,0.0,0.34256279468536377,0.0,0.0,0.27345794439315796,268.60394287109375,92.0942153930664,0.8689621090888977,0.0,0.0,0.46252578496932983,198.69757080078125,112.02387237548828,0.9062225818634033,0.0,0.0,0.11530992388725281,0.0,0.0,0.31900838017463684,0.0,0.0,0.003106409916654229,0.0,0.0,0.010739346034824848,0.0,0.0,0.0002323095395695418,0.0,0.0,0.000648725894279778
117,True,0.0,0.0,0.007274613715708256,0.0,0.0,0.0007215458899736404,0.0,0.0,0.000859964347910136,0.0,0.0,0.0008564169984310865,0.0,0.0,0.0016925908857956529,0.0,0.0,0.010458895936608315,0.0,0.0,0.2537686228752136,0.0,0.0,0.15299296379089355,263.0538024902344,89.19776153564453,0.9237831830978394,0.0,0.0,0.4600030779838562,188.51817321777344,115.3900146484375,0.958012580871582,0.0,0.0,0.09519536048173904,0.0,0.0,0.3871517777442932,0.0,0.0,0.0013956783805042505,0.0,0.0,0.007875272072851658,0.0,0.0,8.882661495590582e-05,0.0,0.0,0.0003601674397941679
118,True,0.0,0.0,0.0047776843421161175,0.0,0.0,0.0003853576199617237,0.0,0.0,0.0007355970446951687,0.0,0.0,0.0003015509864781052,0.0,0.0,0.0012157108867540956,0.0,0.0,0.002650305163115263,0.0,0.0,0.1889571100473404,0.0,0.0,0.05269678309559822,264.2419128417969,92.85391235351562,0.9252265095710754,0.0,0.0,0.30163004994392395,179.18283081054688,118.00921630859375,0.9607492089271545,0.0,0.0,0.038474686443805695,0.0,0.0,0.2747268080711365,0.0,0.0,0.0006057306891307235,0.0,0.0,0.004874189384281635,0.0,0.0,5.546358443098143e-05,0.0,0.0,0.00028673734050244093
119,True,0.0,0.0,0.006059988867491484,0.0,0.0,0.0005327581893652678,0.0,0.0,0.0009428877383470535,0.0,0.0,0.0004126301209907979,0.0,0.0,0.001350057078525424,0.0,0.0,0.004046774003654718,0.0,0.0,0.1795177012681961,0.0,0.0,0.07691951841115952,259.47882080078125,91.26424407958984,0.9049726724624634,0.0,0.0,0.35395878553390503,177.04855346679688,119.61470031738281,0.9528275728225708,0.0,0.0,0.048905882984399796,0.0,0.0,0.2744131088256836,0.0,0.0,0.0010137632489204407,0.0,0.0,0.006680540274828672,0.0,0.0,9.431689250050113e-05,0.0,0.0,0.00042646104702726007
120,True,0.0,0.0,0.007850393652915955,0.0,0.0,0.0011083289282396436,0.0,0.0,0.0010337888961657882,0.0,0.0,0.000929960748180747,0.0,0.0,0.000864514266140759,0.0,0.0,0.0052140578627586365,0.0,0.0,0.193879172205925,0.0,0.0,0.07886503636837006,252.08975219726562,83.99246978759766,0.9096709489822388,0.0,0.0,0.3863672912120819,172.41722106933594,122.01104736328125,0.9512290358543396,0.0,0.0,0.07270296663045883,0.0,0.0,0.35845160484313965,0.0,0.0,0.002111222129315138,0.0,0.0,0.012902740389108658,0.0,0.0,0.0002619729202706367,0.0,0.0,0.0011311689158901572
121,True,0.0,0.0,0.01744987443089485,0.0,0.0,0.0018235893221572042,0.0,0.0,0.0026146562304347754,0.0,0.0,0.0006957401637919247,0.0,0.0,0.0015478743007406592,0.0,0.0,0.005320334807038307,0.0,0.0,0.1777276247739792,0.0,0.0,0.08380967378616333,254.3990936279297,89.94432830810547,0.8754572868347168,0.0,0.0,0.4109365940093994,167.42404174804688,122.44296264648438,0.9482588768005371,0.0,0.0,0.03859316185116768,0.0,0.0,0.2072821855545044,0.0,0.0,0.0009617469622753561,0.0,0.0,0.005687767639756203,0.0,0.0,0.00010439743346069008,0.0,0.0,0.0004455597954802215
122,True,0.0,0.0,0.004204146098345518,0.0,0.0,0.0004778258444275707,0.0,0.0,0.0005113690276630223,0.0,0.0,0.000435651745647192,0.0,0.0,0.0005004238919354975,0.0,0.0,0.0035926499404013157,0.0,0.0,0.07801976054906845,0.0,0.0,0.09023996442556381,255.74191284179688,88.32377624511719,0.7764524817466736,0.0,0.0,0.473430335521698,168.74217224121094,122.89303588867188,0.9281314611434937,0.0,0.0,0.020444300025701523,0.0,0.0,0.0878986120223999,0.0,0.0,0.002431976841762662,0.0,0.0,0.010375292971730232,0.0,0.0,0.0006840444984845817,0.0,0.0,0.002260759240016341
123,True,0.0,0.0,0.009034927934408188,0.0,0.0,0.0011218757135793567,0.0,0.0,0.0011975762899965048,0.0,0.0,0.000813686812762171,0.0,0.0,0.0009401365532539785,0.0,0.0,0.006571744102984667,0.0,0.0,0.18260061740875244,0.0,0.0,0.09749811142683029,251.78036499023438,91.7877197265625,0.8924418687820435,0.0,0.0,0.3864716589450836,166.0609130859375,123.85607147216797,0.9401697516441345,0.0,0.0,0.07388323545455933,0.0,0.0,0.32373932003974915,0.0,0.0,0.0019475789740681648,0.0,0.0,0.010203611105680466,0.0,0.0,0.0002162554010283202,0.0,0.0,0.0008484946447424591
124,True,0.0,0.0,0.00930356327444315,0.0,0.0,0.001110169687308371,0.0,0.0,0.0010559572838246822,0.0,0.0,0.0008864837582223117,0.0,0.0,0.0010975933400914073,0.0,0.0,0.0077117253094911575,0.0,0.0,0.19067034125328064,0.0,0.0,0.13777561485767365,248.99853515625,86.17584228515625,0.8796820044517517,0.0,0.0,0.46489283442497253,165.08636474609375,120.8003158569336,0.9423524737358093,0.0,0.0,0.10771965980529785,0.0,0.0,0.3870846629142761,0.0,0.0,0.001900657662190497,0.0,0.0,0.008906095288693905,0.0,0.0,0.00013522479275707155,0.0,0.0,0.0004947873530909419
125,True,0.0,0.0,0.0020758623722940683,0.0,0.0,0.0002015899372054264,0.0,0.0,0.0002180511219194159,0.0,0.0,0.0003207963891327381,0.0,0.0,0.000680179859045893,0.0,0.0,0.0062515889294445515,0.0,0.0,0.09917903691530228,0.0,0.0,0.19586528837680817,253.02325439453125,85.74646759033203,0.8496941328048706,166.2601318359375,122.42486572265625,0.5573604702949524,166.55227661132812,118.62679290771484,0.938227117061615,0.0,0.0,0.10179036110639572,0.0,0.0,0.31099933385849,0.0,0.0,0.001474476302973926,0.0,0.0,0.0055084326304495335,0.0,0.0,8.308944961754605e-05,0.0,0.0,0.00025544367963448167
126,True,0.0,0.0,0.01081173587590456,0.0,0.0,0.0017812465084716678,0.0,0.0,0.0010228987084701657,0.0,0.0,0.002308257156983018,0.0,0.0,0.0019746434409171343,0.0,0.0,0.024467837065458298,0.0,0.0,0.19470666348934174,0.0,0.0,0.2877565622329712,246.28512573242188,83.8631362915039,0.8036327362060547,173.706787109375,113.03096008300781,0.5959917306900024,172.7970733642578,113.9642562866211,0.9072983264923096,0.0,0.0,0.17161935567855835,0.0,0.0,0.3835177719593048,0.0,0.0,0.004059304483234882,0.0,0.0,0.011172344908118248,0.0,0.0,0.0002296240272698924,0.0,0.0,0.0005743455840274692
127,True,0.0,0.0,0.0012059301370754838,0.0,0.0,6.459158612415195e-05,0.0,0.0,0.00031100993510335684,0.0,0.0,0.00010945658868877217,0.0,0.0,0.0017543996218591928,0.0,0.0,0.0011674421839416027,0.0,0.0,0.24722300469875336,0.0,0.0,0.030369725078344345,255.8670654296875,77.67625427246094,0.9659563302993774,0.0,0.0,0.17795458436012268,186.12100219726562,118.00765991210938,0.9757286906242371,0.0,0.0,0.06372351944446564,306.6116943359375,190.607421875,0.5087663531303406,0.0,0.0,0.0007163743721321225,0.0,0.0,0.009290685877203941,0.0,0.0,5.9234014770481735e-05,0.0,0.0,0.00041309394873678684
128,True,0.0,0.0,0.0010196042712777853,0.0,0.0,5.57553576072678e-05,0.0,0.0,0.00024833710631355643,0.0,0.0,0.00010617756197461858,0.0,0.0,0.0015070057706907392,0.0,0.0,0.001083353883586824,0.0,0.0,0.22694087028503418,0.0,0.0,0.029771964997053146,255.2908477783203,77.26152801513672,0.9641236066818237,0.0,0.0,0.18266232311725616,185.9922332763672,118.40864562988281,0.9761533737182617,0.0,0.0,0.05570101737976074,0.0,0.0,0.4702364504337311,0.0,0.0,0.0006950545939616859,0.0,0.0,0.00895607564598322,0.0,0.0,6.132821727078408e-05,0.0,0.0,0.0004272928345017135
129,True,0.0,0.0,0.01099344715476036,0.0,0.0,0.001504071056842804,0.0,0.0,0.00135288224555552,0.0,0.0,0.002350159687921405,0.0,0.0,0.0035292040556669235,0.0,0.0,0.030794557183980942,0.0,0.0,0.23838186264038086,0.0,0.0,0.2608543932437897,266.9387512207031,82.71215057373047,0.8152790069580078,0.0,0.0,0.49997639656066895,203.29006958007812,118.36425018310547,0.8874204754829407,0.0,0.0,0.15901002287864685,0.0,0.0,0.3677268922328949,0.0,0.0,0.004188949707895517,0.0,0.0,0.012221474200487137,0.0,0.0,0.00027080404106527567,0.0,0.0,0.0006775553920306265
130,True,0.0,0.0,0.001501462422311306,0.0,0.0,7.951073348522186e-05,0.0,0.0,0.000687989522702992,0.0,0.0,0.00013408793893177062,0.0,0.0,0.0038052985910326242,0.0,0.0,0.0006375739467330277,0.0,0.0,0.24355687201023102,0.0,0.0,0.0052023399621248245,275.6074523925781,73.0185546875,0.9358763694763184,0.0,0.0,0.04046231508255005,228.8342742919922,122.85570526123047,0.9397894144058228,0.0,0.0,0.02764904499053955,0.0,0.0,0.3755322992801666,0.0,0.0,0.0006137751042842865,0.0,0.0,0.01078865397721529,0.0,0.0,9.73154601524584e-05,0.0,0.0,0.0007883345824666321
131,True,0.0,0.0,0.005529450718313456,0.0,0.0,0.0005489766481332481,0.0,0.0,0.0018519448349252343,0.0,0.0,0.0008801963995210826,0.0,0.0,0.006581208668649197,0.0,0.0,0.007367391604930162,0.0,0.0,0.12890486419200897,0.0,0.0,0.03859947994351387,289.2231140136719,59.82176971435547,0.6774575114250183,0.0,0.0,0.18783970177173615,273.3182067871094,116.81289672851562,0.8169183731079102,0.0,0.0,0.037166256457567215,0.0,0.0,0.1434989869594574,0.0,0.0,0.0036052351351827383,0.0,0.0,0.01517550926655531,0.0,0.0,0.0009607680258341134,0.0,0.0,0.0027431310154497623
132,False,0.0,0.0,0.0,0.0,0.0,0.0,0.0,0.0,0.0,0.0,0.0,0.0,0.0,0.0,0.0,0.0,0.0,0.0,0.0,0.0,0.0,0.0,0.0,0.0,0.0,0.0,0.0,0.0,0.0,0.0,0.0,0.0,0.0,0.0,0.0,0.0,0.0,0.0,0.0,0.0,0.0,0.0,0.0,0.0,0.0,0.0,0.0,0.0,0.0,0.0,0.0
133,False,0.0,0.0,0.0,0.0,0.0,0.0,0.0,0.0,0.0,0.0,0.0,0.0,0.0,0.0,0.0,0.0,0.0,0.0,0.0,0.0,0.0,0.0,0.0,0.0,0.0,0.0,0.0,0.0,0.0,0.0,0.0,0.0,0.0,0.0,0.0,0.0,0.0,0.0,0.0,0.0,0.0,0.0,0.0,0.0,0.0,0.0,0.0,0.0,0.0,0.0,0.0
134,False,0.0,0.0,0.0,0.0,0.0,0.0,0.0,0.0,0.0,0.0,0.0,0.0,0.0,0.0,0.0,0.0,0.0,0.0,0.0,0.0,0.0,0.0,0.0,0.0,0.0,0.0,0.0,0.0,0.0,0.0,0.0,0.0,0.0,0.0,0.0,0.0,0.0,0.0,0.0,0.0,0.0,0.0,0.0,0.0,0.0,0.0,0.0,0.0,0.0,0.0,0.0
135,False,0.0,0.0,0.0,0.0,0.0,0.0,0.0,0.0,0.0,0.0,0.0,0.0,0.0,0.0,0.0,0.0,0.0,0.0,0.0,0.0,0.0,0.0,0.0,0.0,0.0,0.0,0.0,0.0,0.0,0.0,0.0,0.0,0.0,0.0,0.0,0.0,0.0,0.0,0.0,0.0,0.0,0.0,0.0,0.0,0.0,0.0,0.0,0.0,0.0,0.0,0.0
136,False,0.0,0.0,0.0,0.0,0.0,0.0,0.0,0.0,0.0,0.0,0.0,0.0,0.0,0.0,0.0,0.0,0.0,0.0,0.0,0.0,0.0,0.0,0.0,0.0,0.0,0.0,0.0,0.0,0.0,0.0,0.0,0.0,0.0,0.0,0.0,0.0,0.0,0.0,0.0,0.0,0.0,0.0,0.0,0.0,0.0,0.0,0.0,0.0,0.0,0.0,0.0
137,False,0.0,0.0,0.0,0.0,0.0,0.0,0.0,0.0,0.0,0.0,0.0,0.0,0.0,0.0,0.0,0.0,0.0,0.0,0.0,0.0,0.0,0.0,0.0,0.0,0.0,0.0,0.0,0.0,0.0,0.0,0.0,0.0,0.0,0.0,0.0,0.0,0.0,0.0,0.0,0.0,0.0,0.0,0.0,0.0,0.0,0.0,0.0,0.0,0.0,0.0,0.0
138,False,0.0,0.0,0.0,0.0,0.0,0.0,0.0,0.0,0.0,0.0,0.0,0.0,0.0,0.0,0.0,0.0,0.0,0.0,0.0,0.0,0.0,0.0,0.0,0.0,0.0,0.0,0.0,0.0,0.0,0.0,0.0,0.0,0.0,0.0,0.0,0.0,0.0,0.0,0.0,0.0,0.0,0.0,0.0,0.0,0.0,0.0,0.0,0.0,0.0,0.0,0.0
139,False,0.0,0.0,0.0,0.0,0.0,0.0,0.0,0.0,0.0,0.0,0.0,0.0,0.0,0.0,0.0,0.0,0.0,0.0,0.0,0.0,0.0,0.0,0.0,0.0,0.0,0.0,0.0,0.0,0.0,0.0,0.0,0.0,0.0,0.0,0.0,0.0,0.0,0.0,0.0,0.0,0.0,0.0,0.0,0.0,0.0,0.0,0.0,0.0,0.0,0.0,0.0
140,False,0.0,0.0,0.0,0.0,0.0,0.0,0.0,0.0,0.0,0.0,0.0,0.0,0.0,0.0,0.0,0.0,0.0,0.0,0.0,0.0,0.0,0.0,0.0,0.0,0.0,0.0,0.0,0.0,0.0,0.0,0.0,0.0,0.0,0.0,0.0,0.0,0.0,0.0,0.0,0.0,0.0,0.0,0.0,0.0,0.0,0.0,0.0,0.0,0.0,0.0,0.0
141,False,0.0,0.0,0.0,0.0,0.0,0.0,0.0,0.0,0.0,0.0,0.0,0.0,0.0,0.0,0.0,0.0,0.0,0.0,0.0,0.0,0.0,0.0,0.0,0.0,0.0,0.0,0.0,0.0,0.0,0.0,0.0,0.0,0.0,0.0,0.0,0.0,0.0,0.0,0.0,0.0,0.0,0.0,0.0,0.0,0.0,0.0,0.0,0.0,0.0,0.0,0.0
142,False,0.0,0.0,0.0,0.0,0.0,0.0,0.0,0.0,0.0,0.0,0.0,0.0,0.0,0.0,0.0,0.0,0.0,0.0,0.0,0.0,0.0,0.0,0.0,0.0,0.0,0.0,0.0,0.0,0.0,0.0,0.0,0.0,0.0,0.0,0.0,0.0,0.0,0.0,0.0,0.0,0.0,0.0,0.0,0.0,0.0,0.0,0.0,0.0,0.0,0.0,0.0
143,False,0.0,0.0,0.0,0.0,0.0,0.0,0.0,0.0,0.0,0.0,0.0,0.0,0.0,0.0,0.0,0.0,0.0,0.0,0.0,0.0,0.0,0.0,0.0,0.0,0.0,0.0,0.0,0.0,0.0,0.0,0.0,0.0,0.0,0.0,0.0,0.0,0.0,0.0,0.0,0.0,0.0,0.0,0.0,0.0,0.0,0.0,0.0,0.0,0.0,0.0,0.0
144,False,0.0,0.0,0.0,0.0,0.0,0.0,0.0,0.0,0.0,0.0,0.0,0.0,0.0,0.0,0.0,0.0,0.0,0.0,0.0,0.0,0.0,0.0,0.0,0.0,0.0,0.0,0.0,0.0,0.0,0.0,0.0,0.0,0.0,0.0,0.0,0.0,0.0,0.0,0.0,0.0,0.0,0.0,0.0,0.0,0.0,0.0,0.0,0.0,0.0,0.0,0.0
145,False,0.0,0.0,0.0,0.0,0.0,0.0,0.0,0.0,0.0,0.0,0.0,0.0,0.0,0.0,0.0,0.0,0.0,0.0,0.0,0.0,0.0,0.0,0.0,0.0,0.0,0.0,0.0,0.0,0.0,0.0,0.0,0.0,0.0,0.0,0.0,0.0,0.0,0.0,0.0,0.0,0.0,0.0,0.0,0.0,0.0,0.0,0.0,0.0,0.0,0.0,0.0
146,False,0.0,0.0,0.0,0.0,0.0,0.0,0.0,0.0,0.0,0.0,0.0,0.0,0.0,0.0,0.0,0.0,0.0,0.0,0.0,0.0,0.0,0.0,0.0,0.0,0.0,0.0,0.0,0.0,0.0,0.0,0.0,0.0,0.0,0.0,0.0,0.0,0.0,0.0,0.0,0.0,0.0,0.0,0.0,0.0,0.0,0.0,0.0,0.0,0.0,0.0,0.0
147,False,0.0,0.0,0.0,0.0,0.0,0.0,0.0,0.0,0.0,0.0,0.0,0.0,0.0,0.0,0.0,0.0,0.0,0.0,0.0,0.0,0.0,0.0,0.0,0.0,0.0,0.0,0.0,0.0,0.0,0.0,0.0,0.0,0.0,0.0,0.0,0.0,0.0,0.0,0.0,0.0,0.0,0.0,0.0,0.0,0.0,0.0,0.0,0.0,0.0,0.0,0.0
148,False,0.0,0.0,0.0,0.0,0.0,0.0,0.0,0.0,0.0,0.0,0.0,0.0,0.0,0.0,0.0,0.0,0.0,0.0,0.0,0.0,0.0,0.0,0.0,0.0,0.0,0.0,0.0,0.0,0.0,0.0,0.0,0.0,0.0,0.0,0.0,0.0,0.0,0.0,0.0,0.0,0.0,0.0,0.0,0.0,0.0,0.0,0.0,0.0,0.0,0.0,0.0
149,False,0.0,0.0,0.0,0.0,0.0,0.0,0.0,0.0,0.0,0.0,0.0,0.0,0.0,0.0,0.0,0.0,0.0,0.0,0.0,0.0,0.0,0.0,0.0,0.0,0.0,0.0,0.0,0.0,0.0,0.0,0.0,0.0,0.0,0.0,0.0,0.0,0.0,0.0,0.0,0.0,0.0,0.0,0.0,0.0,0.0,0.0,0.0,0.0,0.0,0.0,0.0
150,False,0.0,0.0,0.0,0.0,0.0,0.0,0.0,0.0,0.0,0.0,0.0,0.0,0.0,0.0,0.0,0.0,0.0,0.0,0.0,0.0,0.0,0.0,0.0,0.0,0.0,0.0,0.0,0.0,0.0,0.0,0.0,0.0,0.0,0.0,0.0,0.0,0.0,0.0,0.0,0.0,0.0,0.0,0.0,0.0,0.0,0.0,0.0,0.0,0.0,0.0,0.0
151,False,0.0,0.0,0.0,0.0,0.0,0.0,0.0,0.0,0.0,0.0,0.0,0.0,0.0,0.0,0.0,0.0,0.0,0.0,0.0,0.0,0.0,0.0,0.0,0.0,0.0,0.0,0.0,0.0,0.0,0.0,0.0,0.0,0.0,0.0,0.0,0.0,0.0,0.0,0.0,0.0,0.0,0.0,0.0,0.0,0.0,0.0,0.0,0.0,0.0,0.0,0.0
152,False,0.0,0.0,0.0,0.0,0.0,0.0,0.0,0.0,0.0,0.0,0.0,0.0,0.0,0.0,0.0,0.0,0.0,0.0,0.0,0.0,0.0,0.0,0.0,0.0,0.0,0.0,0.0,0.0,0.0,0.0,0.0,0.0,0.0,0.0,0.0,0.0,0.0,0.0,0.0,0.0,0.0,0.0,0.0,0.0,0.0,0.0,0.0,0.0,0.0,0.0,0.0
153,False,0.0,0.0,0.0,0.0,0.0,0.0,0.0,0.0,0.0,0.0,0.0,0.0,0.0,0.0,0.0,0.0,0.0,0.0,0.0,0.0,0.0,0.0,0.0,0.0,0.0,0.0,0.0,0.0,0.0,0.0,0.0,0.0,0.0,0.0,0.0,0.0,0.0,0.0,0.0,0.0,0.0,0.0,0.0,0.0,0.0,0.0,0.0,0.0,0.0,0.0,0.0
154,False,0.0,0.0,0.0,0.0,0.0,0.0,0.0,0.0,0.0,0.0,0.0,0.0,0.0,0.0,0.0,0.0,0.0,0.0,0.0,0.0,0.0,0.0,0.0,0.0,0.0,0.0,0.0,0.0,0.0,0.0,0.0,0.0,0.0,0.0,0.0,0.0,0.0,0.0,0.0,0.0,0.0,0.0,0.0,0.0,0.0,0.0,0.0,0.0,0.0,0.0,0.0
155,False,0.0,0.0,0.0,0.0,0.0,0.0,0.0,0.0,0.0,0.0,0.0,0.0,0.0,0.0,0.0,0.0,0.0,0.0,0.0,0.0,0.0,0.0,0.0,0.0,0.0,0.0,0.0,0.0,0.0,0.0,0.0,0.0,0.0,0.0,0.0,0.0,0.0,0.0,0.0,0.0,0.0,0.0,0.0,0.0,0.0,0.0,0.0,0.0,0.0,0.0,0.0
156,False,0.0,0.0,0.0,0.0,0.0,0.0,0.0,0.0,0.0,0.0,0.0,0.0,0.0,0.0,0.0,0.0,0.0,0.0,0.0,0.0,0.0,0.0,0.0,0.0,0.0,0.0,0.0,0.0,0.0,0.0,0.0,0.0,0.0,0.0,0.0,0.0,0.0,0.0,0.0,0.0,0.0,0.0,0.0,0.0,0.0,0.0,0.0,0.0,0.0,0.0,0.0
157,False,0.0,0.0,0.0,0.0,0.0,0.0,0.0,0.0,0.0,0.0,0.0,0.0,0.0,0.0,0.0,0.0,0.0,0.0,0.0,0.0,0.0,0.0,0.0,0.0,0.0,0.0,0.0,0.0,0.0,0.0,0.0,0.0,0.0,0.0,0.0,0.0,0.0,0.0,0.0,0.0,0.0,0.0,0.0,0.0,0.0,0.0,0.0,0.0,0.0,0.0,0.0
158,False,0.0,0.0,0.0,0.0,0.0,0.0,0.0,0.0,0.0,0.0,0.0,0.0,0.0,0.0,0.0,0.0,0.0,0.0,0.0,0.0,0.0,0.0,0.0,0.0,0.0,0.0,0.0,0.0,0.0,0.0,0.0,0.0,0.0,0.0,0.0,0.0,0.0,0.0,0.0,0.0,0.0,0.0,0.0,0.0,0.0,0.0,0.0,0.0,0.0,0.0,0.0
159,False,0.0,0.0,0.0,0.0,0.0,0.0,0.0,0.0,0.0,0.0,0.0,0.0,0.0,0.0,0.0,0.0,0.0,0.0,0.0,0.0,0.0,0.0,0.0,0.0,0.0,0.0,0.0,0.0,0.0,0.0,0.0,0.0,0.0,0.0,0.0,0.0,0.0,0.0,0.0,0.0,0.0,0.0,0.0,0.0,0.0,0.0,0.0,0.0,0.0,0.0,0.0
160,False,0.0,0.0,0.0,0.0,0.0,0.0,0.0,0.0,0.0,0.0,0.0,0.0,0.0,0.0,0.0,0.0,0.0,0.0,0.0,0.0,0.0,0.0,0.0,0.0,0.0,0.0,0.0,0.0,0.0,0.0,0.0,0.0,0.0,0.0,0.0,0.0,0.0,0.0,0.0,0.0,0.0,0.0,0.0,0.0,0.0,0.0,0.0,0.0,0.0,0.0,0.0
161,False,0.0,0.0,0.0,0.0,0.0,0.0,0.0,0.0,0.0,0.0,0.0,0.0,0.0,0.0,0.0,0.0,0.0,0.0,0.0,0.0,0.0,0.0,0.0,0.0,0.0,0.0,0.0,0.0,0.0,0.0,0.0,0.0,0.0,0.0,0.0,0.0,0.0,0.0,0.0,0.0,0.0,0.0,0.0,0.0,0.0,0.0,0.0,0.0,0.0,0.0,0.0
162,False,0.0,0.0,0.0,0.0,0.0,0.0,0.0,0.0,0.0,0.0,0.0,0.0,0.0,0.0,0.0,0.0,0.0,0.0,0.0,0.0,0.0,0.0,0.0,0.0,0.0,0.0,0.0,0.0,0.0,0.0,0.0,0.0,0.0,0.0,0.0,0.0,0.0,0.0,0.0,0.0,0.0,0.0,0.0,0.0,0.0,0.0,0.0,0.0,0.0,0.0,0.0
163,False,0.0,0.0,0.0,0.0,0.0,0.0,0.0,0.0,0.0,0.0,0.0,0.0,0.0,0.0,0.0,0.0,0.0,0.0,0.0,0.0,0.0,0.0,0.0,0.0,0.0,0.0,0.0,0.0,0.0,0.0,0.0,0.0,0.0,0.0,0.0,0.0,0.0,0.0,0.0,0.0,0.0,0.0,0.0,0.0,0.0,0.0,0.0,0.0,0.0,0.0,0.0
164,False,0.0,0.0,0.0,0.0,0.0,0.0,0.0,0.0,0.0,0.0,0.0,0.0,0.0,0.0,0.0,0.0,0.0,0.0,0.0,0.0,0.0,0.0,0.0,0.0,0.0,0.0,0.0,0.0,0.0,0.0,0.0,0.0,0.0,0.0,0.0,0.0,0.0,0.0,0.0,0.0,0.0,0.0,0.0,0.0,0.0,0.0,0.0,0.0,0.0,0.0,0.0
165,False,0.0,0.0,0.0,0.0,0.0,0.0,0.0,0.0,0.0,0.0,0.0,0.0,0.0,0.0,0.0,0.0,0.0,0.0,0.0,0.0,0.0,0.0,0.0,0.0,0.0,0.0,0.0,0.0,0.0,0.0,0.0,0.0,0.0,0.0,0.0,0.0,0.0,0.0,0.0,0.0,0.0,0.0,0.0,0.0,0.0,0.0,0.0,0.0,0.0,0.0,0.0
166,False,0.0,0.0,0.0,0.0,0.0,0.0,0.0,0.0,0.0,0.0,0.0,0.0,0.0,0.0,0.0,0.0,0.0,0.0,0.0,0.0,0.0,0.0,0.0,0.0,0.0,0.0,0.0,0.0,0.0,0.0,0.0,0.0,0.0,0.0,0.0,0.0,0.0,0.0,0.0,0.0,0.0,0.0,0.0,0.0,0.0,0.0,0.0,0.0,0.0,0.0,0.0
167,False,0.0,0.0,0.0,0.0,0.0,0.0,0.0,0.0,0.0,0.0,0.0,0.0,0.0,0.0,0.0,0.0,0.0,0.0,0.0,0.0,0.0,0.0,0.0,0.0,0.0,0.0,0.0,0.0,0.0,0.0,0.0,0.0,0.0,0.0,0.0,0.0,0.0,0.0,0.0,0.0,0.0,0.0,0.0,0.0,0.0,0.0,0.0,0.0,0.0,0.0,0.0
168,False,0.0,0.0,0.0,0.0,0.0,0.0,0.0,0.0,0.0,0.0,0.0,0.0,0.0,0.0,0.0,0.0,0.0,0.0,0.0,0.0,0.0,0.0,0.0,0.0,0.0,0.0,0.0,0.0,0.0,0.0,0.0,0.0,0.0,0.0,0.0,0.0,0.0,0.0,0.0,0.0,0.0,0.0,0.0,0.0,0.0,0.0,0.0,0.0,0.0,0.0,0.0
169,False,0.0,0.0,0.0,0.0,0.0,0.0,0.0,0.0,0.0,0.0,0.0,0.0,0.0,0.0,0.0,0.0,0.0,0.0,0.0,0.0,0.0,0.0,0.0,0.0,0.0,0.0,0.0,0.0,0.0,0.0,0.0,0.0,0.0,0.0,0.0,0.0,0.0,0.0,0.0,0.0,0.0,0.0,0.0,0.0,0.0,0.0,0.0,0.0,0.0,0.0,0.0
170,False,0.0,0.0,0.0,0.0,0.0,0.0,0.0,0.0,0.0,0.0,0.0,0.0,0.0,0.0,0.0,0.0,0.0,0.0,0.0,0.0,0.0,0.0,0.0,0.0,0.0,0.0,0.0,0.0,0.0,0.0,0.0,0.0,0.0,0.0,0.0,0.0,0.0,0.0,0.0,0.0,0.0,0.0,0.0,0.0,0.0,0.0,0.0,0.0,0.0,0.0,0.0
171,False,0.0,0.0,0.0,0.0,0.0,0.0,0.0,0.0,0.0,0.0,0.0,0.0,0.0,0.0,0.0,0.0,0.0,0.0,0.0,0.0,0.0,0.0,0.0,0.0,0.0,0.0,0.0,0.0,0.0,0.0,0.0,0.0,0.0,0.0,0.0,0.0,0.0,0.0,0.0,0.0,0.0,0.0,0.0,0.0,0.0,0.0,0.0,0.0,0.0,0.0,0.0
172,False,0.0,0.0,0.0,0.0,0.0,0.0,0.0,0.0,0.0,0.0,0.0,0.0,0.0,0.0,0.0,0.0,0.0,0.0,0.0,0.0,0.0,0.0,0.0,0.0,0.0,0.0,0.0,0.0,0.0,0.0,0.0,0.0,0.0,0.0,0.0,0.0,0.0,0.0,0.0,0.0,0.0,0.0,0.0,0.0,0.0,0.0,0.0,0.0,0.0,0.0,0.0
173,False,0.0,0.0,0.0,0.0,0.0,0.0,0.0,0.0,0.0,0.0,0.0,0.0,0.0,0.0,0.0,0.0,0.0,0.0,0.0,0.0,0.0,0.0,0.0,0.0,0.0,0.0,0.0,0.0,0.0,0.0,0.0,0.0,0.0,0.0,0.0,0.0,0.0,0.0,0.0,0.0,0.0,0.0,0.0,0.0,0.0,0.0,0.0,0.0,0.0,0.0,0.0
174,False,0.0,0.0,0.0,0.0,0.0,0.0,0.0,0.0,0.0,0.0,0.0,0.0,0.0,0.0,0.0,0.0,0.0,0.0,0.0,0.0,0.0,0.0,0.0,0.0,0.0,0.0,0.0,0.0,0.0,0.0,0.0,0.0,0.0,0.0,0.0,0.0,0.0,0.0,0.0,0.0,0.0,0.0,0.0,0.0,0.0,0.0,0.0,0.0,0.0,0.0,0.0
175,False,0.0,0.0,0.0,0.0,0.0,0.0,0.0,0.0,0.0,0.0,0.0,0.0,0.0,0.0,0.0,0.0,0.0,0.0,0.0,0.0,0.0,0.0,0.0,0.0,0.0,0.0,0.0,0.0,0.0,0.0,0.0,0.0,0.0,0.0,0.0,0.0,0.0,0.0,0.0,0.0,0.0,0.0,0.0,0.0,0.0,0.0,0.0,0.0,0.0,0.0,0.0
176,False,0.0,0.0,0.0,0.0,0.0,0.0,0.0,0.0,0.0,0.0,0.0,0.0,0.0,0.0,0.0,0.0,0.0,0.0,0.0,0.0,0.0,0.0,0.0,0.0,0.0,0.0,0.0,0.0,0.0,0.0,0.0,0.0,0.0,0.0,0.0,0.0,0.0,0.0,0.0,0.0,0.0,0.0,0.0,0.0,0.0,0.0,0.0,0.0,0.0,0.0,0.0
177,False,0.0,0.0,0.0,0.0,0.0,0.0,0.0,0.0,0.0,0.0,0.0,0.0,0.0,0.0,0.0,0.0,0.0,0.0,0.0,0.0,0.0,0.0,0.0,0.0,0.0,0.0,0.0,0.0,0.0,0.0,0.0,0.0,0.0,0.0,0.0,0.0,0.0,0.0,0.0,0.0,0.0,0.0,0.0,0.0,0.0,0.0,0.0,0.0,0.0,0.0,0.0
178,False,0.0,0.0,0.0,0.0,0.0,0.0,0.0,0.0,0.0,0.0,0.0,0.0,0.0,0.0,0.0,0.0,0.0,0.0,0.0,0.0,0.0,0.0,0.0,0.0,0.0,0.0,0.0,0.0,0.0,0.0,0.0,0.0,0.0,0.0,0.0,0.0,0.0,0.0,0.0,0.0,0.0,0.0,0.0,0.0,0.0,0.0,0.0,0.0,0.0,0.0,0.0
179,False,0.0,0.0,0.0,0.0,0.0,0.0,0.0,0.0,0.0,0.0,0.0,0.0,0.0,0.0,0.0,0.0,0.0,0.0,0.0,0.0,0.0,0.0,0.0,0.0,0.0,0.0,0.0,0.0,0.0,0.0,0.0,0.0,0.0,0.0,0.0,0.0,0.0,0.0,0.0,0.0,0.0,0.0,0.0,0.0,0.0,0.0,0.0,0.0,0.0,0.0,0.0
180,False,0.0,0.0,0.0,0.0,0.0,0.0,0.0,0.0,0.0,0.0,0.0,0.0,0.0,0.0,0.0,0.0,0.0,0.0,0.0,0.0,0.0,0.0,0.0,0.0,0.0,0.0,0.0,0.0,0.0,0.0,0.0,0.0,0.0,0.0,0.0,0.0,0.0,0.0,0.0,0.0,0.0,0.0,0.0,0.0,0.0,0.0,0.0,0.0,0.0,0.0,0.0
181,False,0.0,0.0,0.0,0.0,0.0,0.0,0.0,0.0,0.0,0.0,0.0,0.0,0.0,0.0,0.0,0.0,0.0,0.0,0.0,0.0,0.0,0.0,0.0,0.0,0.0,0.0,0.0,0.0,0.0,0.0,0.0,0.0,0.0,0.0,0.0,0.0,0.0,0.0,0.0,0.0,0.0,0.0,0.0,0.0,0.0,0.0,0.0,0.0,0.0,0.0,0.0
182,False,0.0,0.0,0.0,0.0,0.0,0.0,0.0,0.0,0.0,0.0,0.0,0.0,0.0,0.0,0.0,0.0,0.0,0.0,0.0,0.0,0.0,0.0,0.0,0.0,0.0,0.0,0.0,0.0,0.0,0.0,0.0,0.0,0.0,0.0,0.0,0.0,0.0,0.0,0.0,0.0,0.0,0.0,0.0,0.0,0.0,0.0,0.0,0.0,0.0,0.0,0.0
183,False,0.0,0.0,0.0,0.0,0.0,0.0,0.0,0.0,0.0,0.0,0.0,0.0,0.0,0.0,0.0,0.0,0.0,0.0,0.0,0.0,0.0,0.0,0.0,0.0,0.0,0.0,0.0,0.0,0.0,0.0,0.0,0.0,0.0,0.0,0.0,0.0,0.0,0.0,0.0,0.0,0.0,0.0,0.0,0.0,0.0,0.0,0.0,0.0,0.0,0.0,0.0
184,True,0.0,0.0,0.05219876393675804,0.0,0.0,0.01922372728586197,0.0,0.0,0.025994081050157547,0.0,0.0,0.03473668545484543,0.0,0.0,0.05151807516813278,0.0,0.0,0.1296904981136322,0.0,0.0,0.24310708045959473,0.0,0.0,0.17561033368110657,0.0,0.0,0.38788822293281555,0.0,0.0,0.2622913420200348,0.0,0.0,0.4524052143096924,310.5315246582031,117.86746215820312,0.5543698668479919,307.4712829589844,118.2027587890625,0.635650634765625,0.0,0.0,0.1488075703382492,0.0,0.0,0.20238269865512848,0.0,0.0,0.025433016940951347,0.0,0.0,0.03320920467376709
185,False,0.0,0.0,0.0,0.0,0.0,0.0,0.0,0.0,0.0,0.0,0.0,0.0,0.0,0.0,0.0,0.0,0.0,0.0,0.0,0.0,0.0,0.0,0.0,0.0,0.0,0.0,0.0,0.0,0.0,0.0,0.0,0.0,0.0,0.0,0.0,0.0,0.0,0.0,0.0,0.0,0.0,0.0,0.0,0.0,0.0,0.0,0.0,0.0,0.0,0.0,0.0
186,False,0.0,0.0,0.0,0.0,0.0,0.0,0.0,0.0,0.0,0.0,0.0,0.0,0.0,0.0,0.0,0.0,0.0,0.0,0.0,0.0,0.0,0.0,0.0,0.0,0.0,0.0,0.0,0.0,0.0,0.0,0.0,0.0,0.0,0.0,0.0,0.0,0.0,0.0,0.0,0.0,0.0,0.0,0.0,0.0,0.0,0.0,0.0,0.0,0.0,0.0,0.0
187,False,0.0,0.0,0.0,0.0,0.0,0.0,0.0,0.0,0.0,0.0,0.0,0.0,0.0,0.0,0.0,0.0,0.0,0.0,0.0,0.0,0.0,0.0,0.0,0.0,0.0,0.0,0.0,0.0,0.0,0.0,0.0,0.0,0.0,0.0,0.0,0.0,0.0,0.0,0.0,0.0,0.0,0.0,0.0,0.0,0.0,0.0,0.0,0.0,0.0,0.0,0.0
188,True,0.0,0.0,0.09966927021741867,0.0,0.0,0.027168363332748413,0.0,0.0,0.03499478101730347,0.0,0.0,0.025734268128871918,0.0,0.0,0.06022423878312111,0.0,0.0,0.12815840542316437,0.0,0.0,0.40468230843544006,0.0,0.0,0.20454993844032288,262.5376892089844,69.9055404663086,0.5381559133529663,0.0,0.0,0.29366227984428406,241.72740173339844,69.83296966552734,0.5939010977745056,0.0,0.0,0.22298413515090942,0.0,0.0,0.34375062584877014,0.0,0.0,0.021777525544166565,0.0,0.0,0.03531545028090477,0.0,0.0,0.002671048976480961,0.0,0.0,0.004052520729601383
189,True,0.0,0.0,0.04702156409621239,0.0,0.0,0.021008748561143875,0.0,0.0,0.008667213842272758,0.0,0.0,0.11614666134119034,0.0,0.0,0.03717103600502014,0.0,0.0,0.4725351333618164,0.0,0.0,0.3386807143688202,281.0514221191406,76.53842163085938,0.5805246829986572,0.0,0.0,0.31883054971694946,0.0,0.0,0.4960523247718811,0.0,0.0,0.35151875019073486,0.0,0.0,0.47231143712997437,0.0,0.0,0.39779987931251526,0.0,0.0,0.034386370331048965,0.0,0.0,0.02552909217774868,0.0,0.0,0.002498963847756386,0.0,0.0,0.002239977940917015
190,True,0.0,0.0,0.0234183631837368,0.0,0.0,0.005622859112918377,0.0,0.0,0.0044534821063280106,0.0,0.0,0.0073423744179308414,0.0,0.0,0.00735217472538352,0.0,0.0,0.058186840265989304,0.0,0.0,0.11321046203374863,0.0,0.0,0.28384217619895935,0.0,0.0,0.3655953109264374,0.0,0.0,0.4620521068572998,236.35153198242188,74.91345977783203,0.5459303855895996,0.0,0.0,0.23983296751976013,0.0,0.0,0.28608793020248413,0.0,0.0,0.017006222158670425,0.0,0.0,0.02124568074941635,0.0,0.0,0.0013778271386399865,0.0,0.0,0.0018096554558724165
191,True,0.0,0.0,0.09550298750400543,0.0,0.0,0.015468882396817207,0.0,0.0,0.025944989174604416,0.0,0.0,0.008908574469387531,0.0,0.0,0.024104386568069458,0.0,0.0,0.12657268345355988,0.0,0.0,0.39734914898872375,0.0,0.0,0.3233684003353119,277.8558349609375,81.28358459472656,0.5875034928321838,0.0,0.0,0.42536285519599915,221.0937957763672,83.54029846191406,0.6637648940086365,0.0,0.0,0.30330532789230347,0.0,0.0,0.4218410551548004,0.0,0.0,0.006587168667465448,0.0,0.0,0.010141032747924328,0.0,0.0,0.00041536110802553594,0.0,0.0,0.0006141859339550138
192,True,0.0,0.0,0.006339084357023239,0.0,0.0,0.0010107788257300854,0.0,0.0,0.0009049010113812983,0.0,0.0,0.001813207520172,0.0,0.0,0.0024455715902149677,0.0,0.0,0.034451816231012344,0.0,0.0,0.08803919702768326,0.0,0.0,0.31092149019241333,0.0,0.0,0.4907039701938629,0.0,0.0,0.4668519198894501,221.98184204101562,89.0146713256836,0.6401033401489258,0.0,0.0,0.15948350727558136,0.0,0.0,0.22087354958057404,0.0,0.0,0.006112908944487572,0.0,0.0,0.00857348833233118,0.0,0.0,0.0005040516261942685,0.0,0.0,0.0007172966143116355
193,True,0.0,0.0,0.0766666829586029,0.0,0.0,0.009129039011895657,0.0,0.0,0.033724989742040634,0.0,0.0,0.0046781934797763824,0.0,0.0,0.05555019900202751,0.0,0.0,0.09421596676111221,0.0,0.0,0.3956431448459625,0.0,0.0,0.1916821002960205,262.107666015625,85.42701721191406,0.5506834983825684,0.0,0.0,0.26003679633140564,210.96380615234375,89.78909301757812,0.6003613471984863,0.0,0.0,0.1746402531862259,0.0,0.0,0.30092519521713257,0.0,0.0,0.006916452199220657,0.0,0.0,0.011642992496490479,0.0,0.0,0.0009252125164493918,0.0,0.0,0.0013990233419463038
194,False,0.0,0.0,0.0,0.0,0.0,0.0,0.0,0.0,0.0,0.0,0.0,0.0,0.0,0.0,0.0,0.0,0.0,0.0,0.0,0.0,0.0,0.0,0.0,0.0,0.0,0.0,0.0,0.0,0.0,0.0,0.0,0.0,0.0,0.0,0.0,0.0,0.0,0.0,0.0,0.0,0.0,0.0,0.0,0.0,0.0,0.0,0.0,0.0,0.0,0.0,0.0
195,True,0.0,0.0,0.239435076713562,0.0,0.0,0.02104584127664566,0.0,0.0,0.24475650489330292,0.0,0.0,0.0011647086357697845,0.0,0.0,0.2512889802455902,0.0,0.0,0.03568227216601372,0.0,0.0,0.32598167657852173,0.0,0.0,0.06094526872038841,0.0,0.0,0.49809256196022034,0.0,0.0,0.20851698517799377,208.36117553710938,92.46033477783203,0.7194846272468567,0.0,0.0,0.08249863982200623,0.0,0.0,0.20335297286510468,0.0,0.0,0.004150618799030781,0.0,0.0,0.009251752868294716,0.0,0.0,0.0008131039212457836,0.0,0.0,0.001378157758153975
196,True,0.0,0.0,0.015396184287965298,0.0,0.0,0.003321506083011627,0.0,0.0,0.00277442648075521,0.0,0.0,0.010349801741540432,0.0,0.0,0.008368173614144325,0.0,0.0,0.07859767973423004,0.0,0.0,0.324283242225647,0.0,0.0,0.23945645987987518,262.5301513671875,80.19483184814453,0.6078270673751831,0.0,0.0,0.24831447005271912,206.33592224121094,95.71784973144531,0.5539268851280212,0.0,0.0,0.34094783663749695,287.4156188964844,174.08786010742188,0.5222359895706177,0.0,0.0,0.006734634283930063,0.0,0.0,0.013472494669258595,0.0,0.0,0.00040811978396959603,0.0,0.0,0.0007533854804933071
197,True,0.0,0.0,0.047756683081388474,0.0,0.0,0.005179491825401783,0.0,0.0,0.03180166333913803,0.0,0.0,0.0017286076908931136,0.0,0.0,0.040457744151353836,0.0,0.0,0.016189461573958397,0.0,0.0,0.287151962518692,0.0,0.0,0.05310378223657608,264.7528381347656,80.2886962890625,0.6521154642105103,0.0,0.0,0.14184772968292236,203.41136169433594,93.27542877197266,0.7160914540290833,0.0,0.0,0.08672131597995758,0.0,0.0,0.2843415439128876,0.0,0.0,0.003982911352068186,0.0,0.0,0.013764362782239914,0.0,0.0,0.000944766215980053,0.0,0.0,0.002366182627156377
198,True,0.0,0.0,0.012498877011239529,0.0,0.0,0.0017823134548962116,0.0,0.0,0.0032165900338441133,0.0,0.0,0.0023073535412549973,0.0,0.0,0.0075106206350028515,0.0,0.0,0.03634797781705856,0.0,0.0,0.19657529890537262,0.0,0.0,0.21549604833126068,270.75836181640625,81.5654067993164,0.5980177521705627,0.0,0.0,0.3023754060268402,201.53384399414062,94.56775665283203,0.6232744455337524,0.0,0.0,0.16550904512405396,0.0,0.0,0.3042754530906677,0.0,0.0,0.004269387573003769,0.0,0.0,0.008184553124010563,0.0,0.0,0.0004932769224978983,0.0,0.0,0.0008450754685327411
199,True,0.0,0.0,0.012104775756597519,0.0,0.0,0.0020045959390699863,0.0,0.0,0.002118711592629552,0.0,0.0,0.001685030059888959,0.0,0.0,0.0027450532652437687,0.0,0.0,0.0250035859644413,0.0,0.0,0.10144191980361938,0.0,0.0,0.2570126950740814,270.6327209472656,82.9454574584961,0.5795041918754578,0.0,0.0,0.4987109303474426,201.143310546875,95.03431701660156,0.7414963245391846,0.0,0.0,0.11964932084083557,0.0,0.0,0.21015025675296783,0.0,0.0,0.0038250270299613476,0.0,0.0,0.0068995337933301926,0.0,0.0,0.00041082443203777075,0.0,0.0,0.0006899892468936741
200,True,0.0,0.0,0.006316184066236019,0.0,0.0,0.0010565690463408828,0.0,0.0,0.000749086553696543,0.0,0.0,0.0015902912709861994,0.0,0.0,0.001521687489002943,0.0,0.0,0.02705453895032406,0.0,0.0,0.09177331626415253,0.0,0.0,0.2906160056591034,272.2181396484375,76.77696990966797,0.600785493850708,210.19638061523438,96.0894775390625,0.5713714957237244,209.18862915039062,91.24160766601562,0.7815971374511719,0.0,0.0,0.2013372778892517,0.0,0.0,0.31742769479751587,0.0,0.0,0.008848538622260094,0.0,0.0,0.016343416646122932,0.0,0.0,0.0005684331408701837,0.0,0.0,0.001018912997096777
201,True,0.0,0.0,0.018908940255641937,0.0,0.0,0.003651093225926161,0.0,0.0,0.011645126156508923,0.0,0.0,0.0050942301750183105,0.0,0.0,0.03237373009324074,0.0,0.0,0.05458350107073784,0.0,0.0,0.35091301798820496,0.0,0.0,0.06781783699989319,253.864990234375,74.10003662109375,0.6005010604858398,0.0,0.0,0.08209392428398132,0.0,0.0,0.44078993797302246,0.0,0.0,0.07934392243623734,0.0,0.0,0.1955428421497345,0.0,0.0,0.012896116822957993,0.0,0.0,0.03235714137554169,0.0,0.0,0.009107761085033417,0.0,0.0,0.017450854182243347
202,True,0.0,0.0,0.0015318343648687005,0.0,0.0,0.00040454280679114163,0.0,0.0,0.0002245081850560382,0.0,0.0,0.001444155932404101,0.0,0.0,0.0003807525208685547,0.0,0.0,0.011789747513830662,0.0,0.0,0.07447925209999084,0.0,0.0,0.4473799169063568,234.1422576904297,55.72813415527344,0.8564218878746033,235.28048706054688,115.32366943359375,0.8195328712463379,196.62933349609375,77.8381576538086,0.9487438201904297,0.0,0.0,0.2441098690032959,0.0,0.0,0.4156787693500519,0.0,0.0,0.0016865931684151292,0.0,0.0,0.003399601439014077,0.0,0.0,8.716387674212456e-05,0.0,0.0,0.00015950729721225798
203,True,0.0,0.0,0.006454722490161657,0.0,0.0,0.0015473681269213557,0.0,0.0,0.0003974663559347391,0.0,0.0,0.0013841018080711365,0.0,0.0,0.00016823274199850857,0.0,0.0,0.011733796447515488,0.0,0.0,0.04687394201755524,0.0,0.0,0.3787112236022949,248.26385498046875,60.69163513183594,0.7151028513908386,226.05044555664062,116.96611022949219,0.8397040963172913,196.73928833007812,76.58529663085938,0.9259334802627563,0.0,0.0,0.2850784361362457,0.0,0.0,0.4371292293071747,0.0,0.0,0.010785493068397045,0.0,0.0,0.020969144999980927,0.0,0.0,0.00049290043534711,0.0,0.0,0.000979159027338028
204,True,0.0,0.0,0.004280563443899155,0.0,0.0,0.0008829516591504216,0.0,0.0,0.00036913660005666316,0.0,0.0,0.0008576550171710551,0.0,0.0,0.00027308822609484196,0.0,0.0,0.00964546948671341,0.0,0.0,0.04994089528918266,0.0,0.0,0.32002562284469604,230.51356506347656,44.89338684082031,0.7111316323280334,225.318603515625,123.32005310058594,0.8063132166862488,188.9261474609375,69.4364242553711,0.9299867749214172,0.0,0.0,0.3756120800971985,270.70855712890625,171.0524139404297,0.5561463832855225,0.0,0.0,0.014203344471752644,0.0,0.0,0.02937273308634758,0.0,0.0,0.0005486350855790079,0.0,0.0,0.0011154371313750744
205,True,0.0,0.0,0.003869206877425313,0.0,0.0,0.0007042274228297174,0.0,0.0,0.0005930752959102392,0.0,0.0,0.0007231050403788686,0.0,0.0,0.0006608579424209893,0.0,0.0,0.0070489742793142796,0.0,0.0,0.0988387018442154,0.0,0.0,0.17644734680652618,217.35357666015625,29.279861450195312,0.8114655613899231,229.49050903320312,127.42170715332031,0.7038564682006836,187.21499633789062,64.16494750976562,0.9553237557411194,0.0,0.0,0.3145546317100525,270.1290283203125,171.32237243652344,0.6022768020629883,0.0,0.0,0.0061334893107414246,0.0,0.0,0.01961912401020527,0.0,0.0,0.00022551715665031224,0.0,0.0,0.0006006348412483931
206,True,0.0,0.0,0.003917613998055458,0.0,0.0,0.000982731464318931,0.0,0.0,0.00047747118514962494,0.0,0.0,0.0014776095049455762,0.0,0.0,0.0004938838537782431,0.0,0.0,0.011507774703204632,0.0,0.0,0.11548107117414474,0.0,0.0,0.28620216250419617,199.5177764892578,30.84583282470703,0.8311036825180054,227.9584503173828,125.85553741455078,0.8009157180786133,183.80181884765625,65.3092041015625,0.9614802002906799,317.5926513671875,177.9417266845703,0.5043339729309082,262.26983642578125,172.95748901367188,0.7372527122497559,0.0,0.0,0.009303804486989975,0.0,0.0,0.02507769502699375,0.0,0.0,0.00026577277458272874,0.0,0.0,0.0006472782115451992
207,True,0.0,0.0,0.0037388764321804047,0.0,0.0,0.0009004973690025508,0.0,0.0,0.00048265300574712455,0.0,0.0,0.00139318045694381,0.0,0.0,0.0005367415142245591,0.0,0.0,0.011724239215254784,0.0,0.0,0.11663275212049484,0.0,0.0,0.29681095480918884,194.39553833007812,30.417755126953125,0.8375805020332336,228.1083984375,126.36985778808594,0.81424480676651,183.36459350585938,66.16412353515625,0.964408814907074,0.0,0.0,0.4803277850151062,257.7123107910156,176.3470001220703,0.7131755948066711,0.0,0.0,0.007198673207312822,0.0,0.0,0.019419483840465546,0.0,0.0,0.0002011989854509011,0.0,0.0,0.00048442799015901983
208,True,0.0,0.0,0.0029290607199072838,0.0,0.0,0.0007694487576372921,0.0,0.0,0.000497968343552202,0.0,0.0,0.002731859218329191,0.0,0.0,0.0010090003488585353,0.0,0.0,0.032304614782333374,0.0,0.0,0.18121996521949768,313.37469482421875,81.63406372070312,0.517946183681488,190.95578002929688,31.96398162841797,0.8815807700157166,227.4416961669922,124.41117858886719,0.8399370312690735,171.20855712890625,65.23103332519531,0.9609894752502441,302.3135070800781,160.1456298828125,0.6410171389579773,251.39434814453125,154.7987060546875,0.787872850894928,0.0,0.0,0.006293002981692553,0.0,0.0,0.012764918617904186,0.0,0.0,0.0001283356104977429,0.0,0.0,0.00023589885677210987
209,True,0.0,0.0,0.003329939441755414,0.0,0.0,0.0009627527906559408,0.0,0.0,0.0004312508972361684,0.0,0.0,0.0019747137557715178,0.0,0.0,0.0005369651480577886,0.0,0.0,0.013821904547512531,0.0,0.0,0.1184174120426178,0.0,0.0,0.3293827772140503,180.25144958496094,32.18585205078125,0.817981481552124,228.09703063964844,125.85624694824219,0.8043484091758728,166.65512084960938,55.073143005371094,0.952558696269989,311.20806884765625,175.67193603515625,0.5518917441368103,253.08351135253906,172.9617462158203,0.7485878467559814,0.0,0.0,0.010723238810896873,0.0,0.0,0.02444572187960148,0.0,0.0,0.00029484552214853466,0.0,0.0,0.000630762951914221
210,True,0.0,0.0,0.0037134643644094467,0.0,0.0,0.0011102521093562245,0.0,0.0,0.00047415256267413497,0.0,0.0,0.0022721542045474052,0.0,0.0,0.0005632233805954456,0.0,0.0,0.015721570700407028,0.0,0.0,0.120912566781044,0.0,0.0,0.34638145565986633,180.41244506835938,32.78987121582031,0.8096409440040588,227.5961456298828,125.88713073730469,0.808769702911377,167.4400634765625,54.887367248535156,0.9494619965553284,310.7786560058594,174.58767700195312,0.5511104464530945,252.89700317382812,171.83642578125,0.7391065359115601,0.0,0.0,0.011285222135484219,0.0,0.0,0.024561110883951187,0.0,0.0,0.00031852535903453827,0.0,0.0,0.0006612699944525957
211,True,0.0,0.0,0.0011147073237225413,0.0,0.0,0.00031490446417592466,0.0,0.0,0.00017975355149246752,0.0,0.0,0.0012980630854144692,0.0,0.0,0.0004298312123864889,0.0,0.0,0.012842470780014992,0.0,0.0,0.07311654835939407,0.0,0.0,0.41220128536224365,185.54364013671875,31.28398895263672,0.81043541431427,222.90798950195312,124.84474182128906,0.8111101388931274,163.17108154296875,53.21417999267578,0.9472800493240356,303.952880859375,172.32237243652344,0.5985257029533386,243.583984375,167.8228759765625,0.7446061968803406,0.0,0.0,0.0047275591641664505,0.0,0.0,0.00969923846423626,0.0,0.0,8.796640031505376e-05,0.0,0.0,0.0001706041512079537
212,True,0.0,0.0,0.0011768960393965244,0.0,0.0,0.00026547821471467614,0.0,0.0,0.00020504306303337216,0.0,0.0,0.0009171722340397537,0.0,0.0,0.000450896070105955,0.0,0.0,0.012710189446806908,0.0,0.0,0.07201109826564789,0.0,0.0,0.442413330078125,190.40707397460938,32.14860534667969,0.8244094848632812,224.3432159423828,124.9173583984375,0.8510607481002808,170.54306030273438,52.67011642456055,0.9581812024116516,302.7934875488281,178.95294189453125,0.6020268797874451,242.94126892089844,174.9847869873047,0.740277111530304,0.0,0.0,0.004869203083217144,0.0,0.0,0.009699417278170586,0.0,0.0,8.914261707104743e-05,0.0,0.0,0.0001676867832429707
213,True,0.0,0.0,0.0009537453297525644,0.0,0.0,0.0001862721110228449,0.0,0.0,0.00013575695629697293,0.0,0.0,0.0007886540261097252,0.0,0.0,0.0003467021742835641,0.0,0.0,0.01638500951230526,0.0,0.0,0.09198764711618423,319.0514221191406,71.348876953125,0.5640015006065369,192.4964141845703,34.48338317871094,0.8872311115264893,223.13319396972656,123.710205078125,0.9035855531692505,167.53179931640625,54.136680603027344,0.9747728109359741,298.89654541015625,179.20095825195312,0.7222017049789429,242.78665161132812,175.5701446533203,0.8293727040290833,0.0,0.0,0.006509852595627308,0.0,0.0,0.01314299926161766,0.0,0.0,9.120453614741564e-05,0.0,0.0,0.0001745606423355639
214,True,0.0,0.0,0.0010428488021716475,0.0,0.0,0.000287108268821612,0.0,0.0,0.00012292072642594576,0.0,0.0,0.0012792611960321665,0.0,0.0,0.0002471350599080324,0.0,0.0,0.015579361468553543,0.0,0.0,0.06316753476858139,313.4768371582031,79.27438354492188,0.5066871047019958,192.8356475830078,36.582679748535156,0.8097848296165466,222.47152709960938,124.41036987304688,0.867505669593811,166.5310821533203,49.39686584472656,0.9527445435523987,296.76763916015625,176.66879272460938,0.6236558556556702,242.7384033203125,171.5245361328125,0.7369899153709412,0.0,0.0,0.006017614621669054,0.0,0.0,0.010723451152443886,0.0,0.0,0.00010679535625968128,0.0,0.0,0.00018895557150244713
215,True,0.0,0.0,0.0012740616220980883,0.0,0.0,0.0002596323611214757,0.0,0.0,0.00016773764218669385,0.0,0.0,0.0010857777670025826,0.0,0.0,0.0003618034825194627,0.0,0.0,0.0182083360850811,0.0,0.0,0.1310730129480362,315.7329406738281,72.68395233154297,0.55220627784729,185.65480041503906,41.43869400024414,0.9148790836334229,222.38351440429688,123.72071075439453,0.8913753032684326,160.48825073242188,54.437557220458984,0.9780609607696533,299.5267333984375,179.01956176757812,0.7091881632804871,242.6451416015625,175.98204040527344,0.8415176272392273,0.0,0.0,0.005119404289871454,0.0,0.0,0.0116541413590312,0.0,0.0,6.99298907420598e-05,0.0,0.0,0.0001482714433223009
216,True,0.0,0.0,0.0008883143309503794,0.0,0.0,0.000187273311894387,0.0,0.0,0.00012457541015464813,0.0,0.0,0.0009741690591908991,0.0,0.0,0.00035150896292179823,0.0,0.0,0.01681273989379406,0.0,0.0,0.12160098552703857,312.1390380859375,72.23226928710938,0.5209694504737854,186.0565185546875,39.15813064575195,0.9091396331787109,221.10520935058594,123.41450500488281,0.8756958842277527,165.52450561523438,57.49224853515625,0.9757024645805359,295.6517028808594,172.57225036621094,0.7549675703048706,238.83071899414062,169.37005615234375,0.871171236038208,0.0,0.0,0.007619085721671581,0.0,0.0,0.017888955771923065,0.0,0.0,0.00011183464812347665,0.0,0.0,0.00023958313977345824
217,True,0.0,0.0,0.00099370745010674,0.0,0.0,0.00018076626292895526,0.0,0.0,0.0001513296738266945,0.0,0.0,0.0009449751814827323,0.0,0.0,0.0005043087876401842,0.0,0.0,0.021117521449923515,0.0,0.0,0.18314410746097565,313.7432556152344,75.1702880859375,0.5460835695266724,182.84112548828125,40.90619659423828,0.9367384314537048,220.94448852539062,123.10431671142578,0.8885529637336731,163.40293884277344,60.68836212158203,0.9822773337364197,296.4052734375,174.07791137695312,0.7551608681678772,239.4581298828125,171.0198211669922,0.8819364309310913,0.0,0.0,0.006739254109561443,0.0,0.0,0.017147045582532883,0.0,0.0,9.03550535440445e-05,0.0,0.0,0.00020200517610646784
218,True,0.0,0.0,0.001204316271468997,0.0,0.0,0.0002690196270123124,0.0,0.0,0.00015131381223909557,0.0,0.0,0.0012115152785554528,0.0,0.0,0.0003328922903165221,0.0,0.0,0.01655799150466919,0.0,0.0,0.12789179384708405,0.0,0.0,0.4721043109893799,186.681640625,43.86367416381836,0.9028643369674683,219.0854949951172,123.36343383789062,0.8526049852371216,167.91978454589844,52.91270065307617,0.9728472828865051,295.1453857421875,179.65310668945312,0.6882261037826538,239.28466796875,176.08616638183594,0.8372021913528442,0.0,0.0,0.005550767295062542,0.0,0.0,0.01394313108175993,0.0,0.0,8.630421507405117e-05,0.0,0.0,0.0001962026726687327
219,True,0.0,0.0,0.001261514495126903,0.0,0.0,0.00034081964986398816,0.0,0.0,0.00013919471530243754,0.0,0.0,0.0014991593779996037,0.0,0.0,0.0002703824720811099,0.0,0.0,0.017282139509916306,0.0,0.0,0.09259837120771408,0.0,0.0,0.49891361594200134,181.06500244140625,48.781463623046875,0.8507665991783142,222.2986602783203,124.87759399414062,0.8550670742988586,169.43084716796875,52.196067810058594,0.9603756666183472,299.2618408203125,179.37680053710938,0.6670956611633301,243.7576904296875,177.254638671875,0.7917473912239075,0.0,0.0,0.006298518739640713,0.0,0.0,0.012418065220117569,0.0,0.0,0.00010786672646645457,0.0,0.0,0.0002078204561257735
220,True,0.0,0.0,0.0014351664576679468,0.0,0.0,0.000345824082614854,0.0,0.0,0.00017600350838620216,0.0,0.0,0.0014037437504157424,0.0,0.0,0.00037250734749250114,0.0,0.0,0.023773767054080963,0.0,0.0,0.10858161002397537,314.1958312988281,79.1129150390625,0.5554261803627014,195.35704040527344,35.00998306274414,0.863486111164093,221.72384643554688,123.80622863769531,0.8786026239395142,172.53134155273438,53.875762939453125,0.9638464450836182,299.3057861328125,175.98977661132812,0.7528160810470581,245.78643798828125,171.1214599609375,0.8460389971733093,0.0,0.0,0.010171409696340561,0.0,0.0,0.019683312624692917,0.0,0.0,0.00016183579282369465,0.0,0.0,0.00030496023828163743
221,True,0.0,0.0,0.0013512893347069621,0.0,0.0,0.00031712790951132774,0.0,0.0,0.00017434639448765665,0.0,0.0,0.0010554996551945806,0.0,0.0,0.00031623843824490905,0.0,0.0,0.013462998904287815,0.0,0.0,0.07771247625350952,0.0,0.0,0.44570809602737427,198.80801391601562,31.71857452392578,0.8388953804969788,223.1119842529297,124.0058364868164,0.8568490743637085,171.19369506835938,58.267452239990234,0.9629687070846558,303.13690185546875,178.50643920898438,0.6236331462860107,247.52456665039062,173.4136505126953,0.7705003619194031,0.0,0.0,0.0053297122940421104,0.0,0.0,0.011626170016825199,0.0,0.0,9.676100307842717e-05,0.0,0.0,0.000199086862266995
222,True,0.0,0.0,0.0008381163934245706,0.0,0.0,0.00018323794938623905,0.0,0.0,0.0001096306077670306,0.0,0.0,0.0008362448425032198,0.0,0.0,0.00026487221475690603,0.0,0.0,0.013322758488357067,0.0,0.0,0.07502325624227524,319.4847106933594,73.95128631591797,0.5615244507789612,194.84408569335938,35.216705322265625,0.8864385485649109,222.55126953125,124.22386169433594,0.9127848744392395,169.82167053222656,61.92852783203125,0.975978434085846,298.92425537109375,176.35516357421875,0.6686029434204102,239.5564727783203,171.1180877685547,0.794552743434906,0.0,0.0,0.004688611254096031,0.0,0.0,0.009368321858346462,0.0,0.0,6.699851655866951e-05,0.0,0.0,0.00012758812226820737
223,True,0.0,0.0,0.0006960266618989408,0.0,0.0,0.000132992077851668,0.0,0.0,0.00011287883535260335,0.0,0.0,0.0006611064891330898,0.0,0.0,0.0003754854842554778,0.0,0.0,0.01280935388058424,0.0,0.0,0.09626965969800949,318.52996826171875,76.47865295410156,0.5272250175476074,192.29000854492188,40.274757385253906,0.9134733080863953,222.5081787109375,124.65959167480469,0.8962996006011963,169.2245330810547,66.8722915649414,0.979236364364624,299.0317077636719,172.85971069335938,0.6710402965545654,238.7945098876953,168.2202606201172,0.8183543682098389,0.0,0.0,0.004534585867077112,0.0,0.0,0.01041574776172638,0.0,0.0,6.280278466874734e-05,0.0,0.0,0.00012948518269695342
224,True,0.0,0.0,0.0012219480704516172,0.0,0.0,0.00029957437072880566,0.0,0.0,0.00014646703493781388,0.0,0.0,0.0012163056526333094,0.0,0.0,0.00027180867618881166,0.0,0.0,0.012583324685692787,0.0,0.0,0.0886584222316742,320.0,74.314697265625,0.506661593914032,194.1396026611328,49.006072998046875,0.887441873550415,220.34091186523438,126.69664764404297,0.8893405795097351,167.70074462890625,69.07064819335938,0.9736413955688477,305.11529541015625,179.96810913085938,0.5453287363052368,245.57940673828125,176.46783447265625,0.7247937917709351,0.0,0.0,0.0032932828180491924,0.0,0.0,0.0071012345142662525,0.0,0.0,5.83112814638298e-05,0.0,0.0,0.00011910918692592531
225,True,0.0,0.0,0.0015479119028896093,0.0,0.0,0.000461162329884246,0.0,0.0,0.0001874927111202851,0.0,0.0,0.002427352825179696,0.0,0.0,0.0003271455061621964,0.0,0.0,0.028032636269927025,0.0,0.0,0.09043924510478973,316.22625732421875,83.47088623046875,0.6236286759376526,208.38372802734375,52.752342224121094,0.8359867334365845,220.36679077148438,126.03115844726562,0.8728647232055664,174.99900817871094,63.138633728027344,0.943817675113678,288.2055969238281,164.4064178466797,0.6175178289413452,237.3099822998047,159.63247680664062,0.7160255908966064,0.0,0.0,0.007278564851731062,0.0,0.0,0.011638861149549484,0.0,0.0,0.00019689174951054156,0.0,0.0,0.0003079476300626993
226,True,0.0,0.0,0.0008978568366728723,0.0,0.0,0.00018904243188444525,0.0,0.0,0.000107695916085504,0.0,0.0,0.0009154967847280204,0.0,0.0,0.0002602434833534062,0.0,0.0,0.018702764064073563,0.0,0.0,0.07705386728048325,320.0,83.55123138427734,0.6342845559120178,218.31460571289062,70.71286010742188,0.878954291343689,220.68984985351562,127.9468002319336,0.9084410071372986,176.6971893310547,70.33258056640625,0.9669767022132874,296.0627136230469,177.2477264404297,0.5076239705085754,242.03094482421875,174.4962158203125,0.634424090385437,0.0,0.0,0.0038333211559802294,0.0,0.0,0.006867877673357725,0.0,0.0,7.600797835038975e-05,0.0,0.0,0.00013141105591785163
227,True,0.0,0.0,0.0018420042470097542,0.0,0.0,0.0005813753232359886,0.0,0.0,0.00017253667465411127,0.0,0.0,0.002999077318236232,0.0,0.0,0.0003340746625326574,0.0,0.0,0.06349432468414307,0.0,0.0,0.07278414815664291,316.92974853515625,85.72691345214844,0.790886402130127,215.0806884765625,74.61933135986328,0.7151309847831726,219.6531982421875,129.9180450439453,0.9196486473083496,182.00460815429688,75.81817626953125,0.905404806137085,0.0,0.0,0.44493114948272705,0.0,0.0,0.41085028648376465,0.0,0.0,0.005029936321079731,0.0,0.0,0.00480378745123744,0.0,0.0,0.00017589979688636959,0.0,0.0,0.00019065767992287874
228,True,0.0,0.0,0.002409763401374221,0.0,0.0,0.0007400950416922569,0.0,0.0,0.0002198439178755507,0.0,0.0,0.003119909204542637,0.0,0.0,0.00035317029687575996,0.0,0.0,0.09249839931726456,0.0,0.0,0.060458358377218246,317.7325439453125,82.59205627441406,0.8588125705718994,224.8643341064453,76.45005798339844,0.6576670408248901,219.93418884277344,129.55213928222656,0.9395918846130371,180.88397216796875,85.78826904296875,0.8822540044784546,285.71502685546875,166.47940063476562,0.572965681552887,0.0,0.0,0.4651579260826111,0.0,0.0,0.006846558768302202,0.0,0.0,0.005143318325281143,0.0,0.0,0.000187516154255718,0.0,0.0,0.00017345944070257246
229,True,0.0,0.0,0.011501283384859562,0.0,0.0,0.0031242812983691692,0.0,0.0,0.0008822149247862399,0.0,0.0,0.007590013090521097,0.0,0.0,0.0008093617507256567,0.0,0.0,0.1745782047510147,0.0,0.0,0.1895519345998764,296.9378356933594,97.74073791503906,0.8348087072372437,231.3579864501953,84.95240783691406,0.7491289377212524,216.56869506835938,125.42642211914062,0.9183005690574646,182.91668701171875,84.24681091308594,0.8904553055763245,0.0,0.0,0.3123552203178406,0.0,0.0,0.2879822850227356,0.0,0.0,0.00381909916177392,0.0,0.0,0.003473384538665414,0.0,0.0,0.00017356265743728727,0.0,0.0,0.00018178674508817494
230,True,0.0,0.0,0.004952210932970047,0.0,0.0,0.0014176367549225688,0.0,0.0,0.0004816038126591593,0.0,0.0,0.0036147423088550568,0.0,0.0,0.000542547320947051,0.0,0.0,0.09490809589624405,0.0,0.0,0.05151164531707764,316.6111755371094,79.85860443115234,0.8060770630836487,244.00486755371094,86.18058013916016,0.5117924809455872,218.16708374023438,127.89781188964844,0.9123596549034119,204.13502502441406,110.97081756591797,0.7877023816108704,0.0,0.0,0.4189988374710083,0.0,0.0,0.305149644613266,0.0,0.0,0.006649463437497616,0.0,0.0,0.004780496004968882,0.0,0.0,0.0002755973837338388,0.0,0.0,0.0002496415690984577
231,True,0.0,0.0,0.0030516665428876877,0.0,0.0,0.0007859216420911252,0.0,0.0,0.0003661086375359446,0.0,0.0,0.0026340819895267487,0.0,0.0,0.0006121235783211887,0.0,0.0,0.07549294829368591,0.0,0.0,0.07978593558073044,314.90643310546875,80.24325561523438,0.7606310844421387,232.90386962890625,84.31893920898438,0.6792306303977966,218.47344970703125,128.35366821289062,0.891160786151886,197.5577392578125,106.79281616210938,0.8635175228118896,287.7793884277344,171.79042053222656,0.5775575637817383,241.0494842529297,170.84783935546875,0.5354034304618835,0.0,0.0,0.009549680165946484,0.0,0.0,0.009476622566580772,0.0,0.0,0.00032347842352464795,0.0,0.0,0.0003676181077025831
232,True,0.0,0.0,0.0026800320483744144,0.0,0.0,0.0007031866698525846,0.0,0.0,0.00030811852775514126,0.0,0.0,0.0022112568840384483,0.0,0.0,0.0005414676270447671,0.0,0.0,0.06524074822664261,0.0,0.0,0.05743587017059326,312.29473876953125,86.11771392822266,0.7147661447525024,238.3761444091797,88.18002319335938,0.5729922652244568,218.30010986328125,127.76798248291016,0.8543862700462341,205.51327514648438,115.72596740722656,0.791425347328186,0.0,0.0,0.49902984499931335,0.0,0.0,0.439466655254364,0.0,0.0,0.008768033236265182,0.0,0.0,0.008158023469150066,0.0,0.0,0.00036664213985204697,0.0,0.0,0.00039821970858611166
233,True,0.0,0.0,0.0021108826622366905,0.0,0.0,0.0005170644726604223,0.0,0.0,0.00023308540403377265,0.0,0.0,0.0020746979862451553,0.0,0.0,0.0004513861786108464,0.0,0.0,0.07713983952999115,0.0,0.0,0.06032291054725647,316.6412048339844,76.93644714355469,0.8342893719673157,230.0234832763672,80.6147689819336,0.6821009516716003,219.18881225585938,126.92530822753906,0.929876446723938,196.0021514892578,100.61326599121094,0.8837749361991882,287.2602844238281,173.30612182617188,0.6714869141578674,239.43255615234375,172.3909912109375,0.5866676568984985,0.0,0.0,0.008659075945615768,0.0,0.0,0.007214427925646305,0.0,0.0,0.00020020523515995592,0.0,0.0,0.00020243941980879754
234,True,0.0,0.0,0.003067030804231763,0.0,0.0,0.0008898756932467222,0.0,0.0,0.00031636119820177555,0.0,0.0,0.003194160293787718,0.0,0.0,0.000496625667437911,0.0,0.0,0.0948677584528923,0.0,0.0,0.061114732176065445,316.55316162109375,79.98644256591797,0.8251209855079651,230.22756958007812,85.18498992919922,0.5973125100135803,218.65977478027344,127.08822631835938,0.9146120548248291,199.16937255859375,107.66143798828125,0.8263562321662903,287.05059814453125,173.92279052734375,0.6566500067710876,240.5056610107422,172.94708251953125,0.5470826625823975,0.0,0.0,0.010481472127139568,0.0,0.0,0.007957317866384983,0.0,0.0,0.00028624566039070487,0.0,0.0,0.0002728576655499637
235,True,0.0,0.0,0.00440001068636775,0.0,0.0,0.0012424563756212592,0.0,0.0,0.00045270039117895067,0.0,0.0,0.003967940341681242,0.0,0.0,0.0006875758990645409,0.0,0.0,0.12023679912090302,0.0,0.0,0.0802171528339386,309.08123779296875,88.63111114501953,0.8235467672348022,229.9334259033203,82.24987030029297,0.6080626845359802,217.89175415039062,127.35203552246094,0.9021071791648865,197.73117065429688,99.439208984375,0.8193709254264832,286.00921630859375,172.94725036621094,0.6387957334518433,244.99183654785156,170.6732177734375,0.5369870662689209,0.0,0.0,0.010407120920717716,0.0,0.0,0.008025550283491611,0.0,0.0,0.0002980993886012584,0.0,0.0,0.0002857164363376796
236,True,0.0,0.0,0.0030749370343983173,0.0,0.0,0.0007499601342715323,0.0,0.0,0.00029139951220713556,0.0,0.0,0.0026900237426161766,0.0,0.0,0.0004724534519482404,0.0,0.0,0.09482108801603317,0.0,0.0,0.07703562825918198,315.5625305175781,81.25345611572266,0.8516309857368469,230.28955078125,78.09335327148438,0.7160586714744568,218.2141571044922,127.3370132446289,0.9349694848060608,184.88543701171875,83.28580474853516,0.8995716571807861,288.2160949707031,174.4870147705078,0.6566098928451538,245.01480102539062,172.71287536621094,0.5801684260368347,0.0,0.0,0.00824297871440649,0.0,0.0,0.0070428792387247086,0.0,0.0,0.00017179630231112242,0.0,0.0,0.0001788043009582907
237,True,0.0,0.0,0.0045928433537483215,0.0,0.0,0.0012279476504772902,0.0,0.0,0.00046968739479780197,0.0,0.0,0.004018985666334629,0.0,0.0,0.0007155752973631024,0.0,0.0,0.1509196162223816,0.0,0.0,0.08189911395311356,317.4906005859375,84.21038818359375,0.866286039352417,232.35211181640625,85.90860748291016,0.5989910364151001,218.23660278320312,127.74488067626953,0.9254705905914307,197.90377807617188,105.13504791259766,0.818770170211792,286.7567138671875,173.17684936523438,0.6815394759178162,243.41360473632812,171.98162841796875,0.5476499795913696,0.0,0.0,0.012591101229190826,0.0,0.0,0.008566001430153847,0.0,0.0,0.0003300453827250749,0.0,0.0,0.0002897053200285882
238,True,0.0,0.0,0.00558863952755928,0.0,0.0,0.0013056303141638637,0.0,0.0,0.000603771535679698,0.0,0.0,0.003900765674188733,0.0,0.0,0.000852377328556031,0.0,0.0,0.14650799334049225,0.0,0.0,0.11406403034925461,318.24237060546875,82.04825592041016,0.8667516708374023,230.32427978515625,79.53945922851562,0.7152100801467896,219.33047485351562,127.55352020263672,0.9360116124153137,185.55601501464844,86.00559997558594,0.8904956579208374,287.3681335449219,171.71185302734375,0.67105633020401,244.28781127929688,170.3024444580078,0.5833712220191956,0.0,0.0,0.010016823187470436,0.0,0.0,0.008057215251028538,0.0,0.0,0.00021771852334495634,0.0,0.0,0.00021476933034136891
239,True,0.0,0.0,0.0015804027207195759,0.0,0.0,0.0002682737831491977,0.0,0.0,0.00019448350940365344,0.0,0.0,0.00097876216750592,0.0,0.0,0.00044225872261449695,0.0,0.0,0.04742158204317093,0.0,0.0,0.08521657437086105,317.8693542480469,76.96031951904297,0.806930422782898,235.38925170898438,77.46339416503906,0.8584721684455872,218.60044860839844,126.04380798339844,0.940722644329071,187.11038208007812,84.27118682861328,0.95793217420578,292.2681884765625,179.17193603515625,0.6185725927352905,241.7028350830078,178.00521850585938,0.6379265785217285,0.0,0.0,0.003818797878921032,0.0,0.0,0.004928498063236475,0.0,0.0,6.143697100924328e-05,0.0,0.0,8.399283251492307e-05
240,True,0.0,0.0,0.0010180309182032943,0.0,0.0,0.00017943812417797744,0.0,0.0,0.00011003446707036346,0.0,0.0,0.0006273474427871406,0.0,0.0,0.000237685366300866,0.0,0.0,0.02715148963034153,0.0,0.0,0.04134758189320564,319.2052307128906,76.61498260498047,0.7511767148971558,241.40237426757812,76.72203063964844,0.786979615688324,218.69972229003906,123.8874740600586,0.9264904856681824,186.9810333251953,83.15169525146484,0.9420599937438965,292.9219055175781,181.930419921875,0.532680332660675,244.9359893798828,179.9212646484375,0.543217122554779,0.0,0.0,0.003266739659011364,0.0,0.0,0.004143348429352045,0.0,0.0,6.058041617507115e-05,0.0,0.0,8.294393774122e-05
241,True,0.0,0.0,0.0013543105451390147,0.0,0.0,0.00024238160403911024,0.0,0.0,0.00019974932365585119,0.0,0.0,0.001166652888059616,0.0,0.0,0.00047508763964287937,0.0,0.0,0.02713596448302269,0.0,0.0,0.11545976251363754,318.37664794921875,76.51386260986328,0.6098502278327942,233.05435180664062,74.5661392211914,0.8866206407546997,220.2161865234375,119.70655059814453,0.8603621125221252,182.5078125,84.39627838134766,0.9546357989311218,291.6490478515625,171.226318359375,0.6181043982505798,244.7698974609375,170.38766479492188,0.7418821454048157,0.0,0.0,0.003833978669717908,0.0,0.0,0.00785344373434782,0.0,0.0,6.528696394525468e-05,0.0,0.0,0.0001235299714608118
242,True,0.0,0.0,0.0033784357365220785,0.0,0.0,0.0007196834776550531,0.0,0.0,0.0006138848257251084,0.0,0.0,0.0032120540272444487,0.0,0.0,0.001171508221887052,0.0,0.0,0.04831219092011452,0.0,0.0,0.22322775423526764,317.2136535644531,76.32146453857422,0.5530017614364624,222.42686462402344,70.2020034790039,0.8830143213272095,222.03375244140625,118.56626892089844,0.7756187319755554,182.26541137695312,85.64391326904297,0.9312793612480164,292.7584228515625,165.90142822265625,0.6766051054000854,244.8334503173828,164.9184112548828,0.806273341178894,0.0,0.0,0.00564309349283576,0.0,0.0,0.011838329024612904,0.0,0.0,0.00011420305963838473,0.0,0.0,0.00021768778969999403
243,True,0.0,0.0,0.0033173789270222187,0.0,0.0,0.0008561690337955952,0.0,0.0,0.0006345193251036108,0.0,0.0,0.0033956163097172976,0.0,0.0,0.0011883043916895986,0.0,0.0,0.03306746482849121,0.0,0.0,0.16847451031208038,0.0,0.0,0.3840244710445404,221.77137756347656,71.71038818359375,0.8084781169891357,219.79254150390625,115.6961898803711,0.6397135853767395,181.17529296875,85.110595703125,0.8828058242797852,0.0,0.0,0.43360641598701477,249.76046752929688,163.85867309570312,0.6277813911437988,0.0,0.0,0.003838961012661457,0.0,0.0,0.008406313136219978,0.0,0.0,0.00013124274846632034,0.0,0.0,0.000257439271081239
244,True,0.0,0.0,0.0037504504434764385,0.0,0.0,0.0009522108011879027,0.0,0.0,0.0007527167326770723,0.0,0.0,0.0038377740420401096,0.0,0.0,0.0013472620630636811,0.0,0.0,0.03571421653032303,0.0,0.0,0.1957043558359146,0.0,0.0,0.39817720651626587,220.2830810546875,72.42414855957031,0.832401692867279,220.35540771484375,115.1165771484375,0.6644274592399597,180.79022216796875,85.09651947021484,0.8985261917114258,0.0,0.0,0.4518088400363922,247.83425903320312,162.95436096191406,0.6507089138031006,0.0,0.0,0.00400423351675272,0.0,0.0,0.009004815481603146,0.0,0.0,0.0001329288206761703,0.0,0.0,0.0002649399102665484
245,True,0.0,0.0,0.002127980347722769,0.0,0.0,0.0003353571519255638,0.0,0.0,0.00066560780396685,0.0,0.0,0.0007193790515884757,0.0,0.0,0.00199706619605422,0.0,0.0,0.013258688151836395,0.0,0.0,0.09512514621019363,0.0,0.0,0.19913409650325775,225.01475524902344,75.38872528076172,0.6713271737098694,0.0,0.0,0.45398035645484924,192.93833923339844,92.89513397216797,0.792902410030365,0.0,0.0,0.24190445244312286,0.0,0.0,0.41777580976486206,0.0,0.0,0.00391025934368372,0.0,0.0,0.007704529445618391,0.0,0.0,0.0002382196398684755,0.0,0.0,0.00041074983892031014
246,True,0.0,0.0,0.001643308438360691,0.0,0.0,0.00033531623193994164,0.0,0.0,0.0003914024855475873,0.0,0.0,0.001029772567562759,0.0,0.0,0.0010396328289061785,0.0,0.0,0.012956761755049229,0.0,0.0,0.08938302844762802,0.0,0.0,0.318316251039505,220.11434936523438,72.37480163574219,0.7652899622917175,225.6395263671875,101.67554473876953,0.6904317736625671,195.95736694335938,81.74842834472656,0.895946204662323,0.0,0.0,0.21319358050823212,0.0,0.0,0.36386027932167053,0.0,0.0,0.0024245427921414375,0.0,0.0,0.004517979454249144,0.0,0.0,0.00014682304754387587,0.0,0.0,0.00024555387790314853
247,True,0.0,0.0,0.008370655588805676,0.0,0.0,0.0032275060657411814,0.0,0.0,0.0008315836894325912,0.0,0.0,0.0063619245775043964,0.0,0.0,0.0006849643541499972,0.0,0.0,0.05223928764462471,0.0,0.0,0.12146670371294022,314.3469543457031,77.94277954101562,0.6581225991249084,220.72940063476562,73.04214477539062,0.7596997022628784,223.61953735351562,90.93508911132812,0.9317025542259216,192.3999481201172,74.82608032226562,0.9408029913902283,0.0,0.0,0.22061337530612946,0.0,0.0,0.26791098713874817,0.0,0.0,0.003546703839674592,0.0,0.0,0.004467035178095102,0.0,0.0,0.0001840030454332009,0.0,0.0,0.00024711809237487614
248,True,0.0,0.0,0.0015193556901067495,0.0,0.0,0.0004766321799252182,0.0,0.0,0.0002593601820990443,0.0,0.0,0.0018186781089752913,0.0,0.0,0.00048723953659646213,0.0,0.0,0.015188006684184074,0.0,0.0,0.05931280925869942,0.0,0.0,0.31660348176956177,231.5697021484375,76.22286224365234,0.6761912703514099,222.88748168945312,85.07328796386719,0.6662731170654297,206.52017211914062,77.9969482421875,0.8501775860786438,298.358154296875,167.21585083007812,0.6320904493331909,249.6349334716797,164.56341552734375,0.7481042146682739,0.0,0.0,0.012757818214595318,0.0,0.0,0.02450449764728546,0.0,0.0,0.00031998511985875666,0.0,0.0,0.0005876303184777498
249,True,0.0,0.0,0.002709256252273917,0.0,0.0,0.0006827133474871516,0.0,0.0,0.0006734889466315508,0.0,0.0,0.0017490783939138055,0.0,0.0,0.0011922335252165794,0.0,0.0,0.015897130593657494,0.0,0.0,0.10296711325645447,0.0,0.0,0.25978171825408936,232.72470092773438,73.14292907714844,0.7481933832168579,223.56565856933594,84.23709106445312,0.6014823317527771,207.88894653320312,77.24864196777344,0.8749802708625793,302.94976806640625,167.12779235839844,0.6150485873222351,251.84922790527344,166.33282470703125,0.7781165242195129,0.0,0.0,0.009657333604991436,0.0,0.0,0.02266136184334755,0.0,0.0,0.00028991003637202084,0.0,0.0,0.0006019546999596059
250,True,0.0,0.0,0.001565320068039,0.0,0.0,0.00035486320848576725,0.0,0.0,0.0003328335878904909,0.0,0.0,0.001054832129739225,0.0,0.0,0.0006748751038685441,0.0,0.0,0.011126602068543434,0.0,0.0,0.06289634853601456,0.0,0.0,0.28063687682151794,238.2884063720703,71.89452362060547,0.7405694723129272,223.38038635253906,85.3236312866211,0.63435959815979,206.75479125976562,77.19589233398438,0.8779631853103638,299.59271240234375,169.923095703125,0.5761660933494568,252.88693237304688,167.5885009765625,0.7377071976661682,0.0,0.0,0.00807825569063425,0.0,0.0,0.018222345039248466,0.0,0.0,0.00021588191157206893,0.0,0.0,0.00044044459355063736
251,True,0.0,0.0,0.0034161685034632683,0.0,0.0,0.000836873019579798,0.0,0.0,0.0008210047380998731,0.0,0.0,0.0019659390673041344,0.0,0.0,0.0014242782490327954,0.0,0.0,0.023476330563426018,0.0,0.0,0.10787047445774078,0.0,0.0,0.33907872438430786,231.01992797851562,72.06759643554688,0.7289564609527588,219.8630828857422,82.67227935791016,0.6495453715324402,203.58465576171875,77.74217224121094,0.8607159852981567,299.4892272949219,166.30282592773438,0.646626353263855,251.075439453125,164.90536499023438,0.7701438069343567,0.0,0.0,0.010261088609695435,0.0,0.0,0.020085562020540237,0.0,0.0,0.0002893208002205938,0.0,0.0,0.0005252721020951867
252,True,0.0,0.0,0.0035141506232321262,0.0,0.0,0.000869024486746639,0.0,0.0,0.0008833672618493438,0.0,0.0,0.001957452856004238,0.0,0.0,0.001304333214648068,0.0,0.0,0.014037390239536762,0.0,0.0,0.11533709615468979,0.0,0.0,0.24375386536121368,229.90753173828125,71.72811889648438,0.7823082804679871,222.80372619628906,81.79489135742188,0.6041874289512634,205.2543182373047,78.85325622558594,0.8962113261222839,302.41583251953125,166.13433837890625,0.5637046098709106,251.96421813964844,166.50927734375,0.7590546607971191,0.0,0.0,0.006000617519021034,0.0,0.0,0.015613439492881298,0.0,0.0,0.00016851996770128608,0.0,0.0,0.0003774871292989701
253,True,0.0,0.0,0.004983238875865936,0.0,0.0,0.001063160365447402,0.0,0.0,0.0012703986139968038,0.0,0.0,0.0018665083916857839,0.0,0.0,0.0015211044810712337,0.0,0.0,0.013731627725064754,0.0,0.0,0.15563467144966125,0.0,0.0,0.22727806866168976,222.8221435546875,77.44418334960938,0.8284302949905396,213.5766143798828,82.04232025146484,0.5927916169166565,180.76417541503906,82.96559143066406,0.91513991355896,302.86212158203125,170.29537963867188,0.5167825818061829,253.54534912109375,169.32589721679688,0.7584292888641357,0.0,0.0,0.00587999215349555,0.0,0.0,0.017170721665024757,0.0,0.0,0.00015350266767200083,0.0,0.0,0.0003772475174628198
254,True,0.0,0.0,0.006489837542176247,0.0,0.0,0.0016159511869773269,0.0,0.0,0.0013084661914035678,0.0,0.0,0.0025074875447899103,0.0,0.0,0.0011319633340463042,0.0,0.0,0.015854785218834877,0.0,0.0,0.10309944301843643,0.0,0.0,0.24750857055187225,243.68019104003906,77.58476257324219,0.7271370887756348,212.23036193847656,81.80264282226562,0.5868322849273682,197.62820434570312,81.48668670654297,0.8629482984542847,0.0,0.0,0.47410139441490173,257.17059326171875,168.72113037109375,0.6763350367546082,0.0,0.0,0.006279443856328726,0.0,0.0,0.01537687424570322,0.0,0.0,0.0001873477885965258,0.0,0.0,0.00041286126361228526
255,True,0.0,0.0,0.0047232890501618385,0.0,0.0,0.0012597901513800025,0.0,0.0,0.0009488663054071367,0.0,0.0,0.0021959058940410614,0.0,0.0,0.0009792490163818002,0.0,0.0,0.014941477216780186,0.0,0.0,0.07025106996297836,0.0,0.0,0.2797200381755829,243.85565185546875,71.27677154541016,0.6584311723709106,211.55958557128906,83.24243927001953,0.6428521871566772,201.2864990234375,79.92753601074219,0.8454717397689819,0.0,0.0,0.46039456129074097,257.3421325683594,165.83505249023438,0.6212996244430542,0.0,0.0,0.006772672291845083,0.0,0.0,0.013522692956030369,0.0,0.0,0.000212216327781789,0.0,0.0,0.00040026812348514795
256,True,0.0,0.0,0.0035407531540840864,0.0,0.0,0.0008597333217039704,0.0,0.0,0.000715696020051837,0.0,0.0,0.001872654422186315,0.0,0.0,0.000743740820325911,0.0,0.0,0.012856895104050636,0.0,0.0,0.0877687931060791,0.0,0.0,0.28707242012023926,233.51751708984375,82.70498657226562,0.7580342888832092,217.0733184814453,90.48544311523438,0.6800037622451782,197.30442810058594,89.31233978271484,0.89521723985672,298.97406005859375,177.19073486328125,0.512641429901123,249.5516815185547,175.40103149414062,0.6977920532226562,0.0,0.0,0.005721353460103273,0.0,0.0,0.012921604327857494,0.0,0.0,0.0001548423315398395,0.0,0.0,0.0003204161475878209
257,True,0.0,0.0,0.0028740456327795982,0.0,0.0,0.0006411306676454842,0.0,0.0,0.0005962646100670099,0.0,0.0,0.001423447160050273,0.0,0.0,0.0007901904755271971,0.0,0.0,0.014457319863140583,0.0,0.0,0.07458095252513885,0.0,0.0,0.33750542998313904,234.16131591796875,81.79779052734375,0.722621738910675,216.40965270996094,90.47966766357422,0.6962405443191528,196.7233123779297,89.6060791015625,0.8741832971572876,299.04705810546875,177.11817932128906,0.5373449325561523,250.85159301757812,174.6818084716797,0.6832080483436584,0.0,0.0,0.006288548931479454,0.0,0.0,0.011927569285035133,0.0,0.0,0.000172006111824885,0.0,0.0,0.00031083685462363064
258,True,0.0,0.0,0.002456160495057702,0.0,0.0,0.0004883023793809116,0.0,0.0,0.0005340083152987063,0.0,0.0,0.001285169622860849,0.0,0.0,0.0008371729054488242,0.0,0.0,0.012158413417637348,0.0,0.0,0.10755670070648193,0.0,0.0,0.2927576005458832,230.56735229492188,84.92034912109375,0.8143219947814941,217.9788818359375,101.3722915649414,0.6606431007385254,202.02723693847656,93.07743835449219,0.9140293002128601,306.4180908203125,178.4125518798828,0.5519281029701233,255.2772674560547,180.05294799804688,0.7509523034095764,0.0,0.0,0.006048901006579399,0.0,0.0,0.014965119771659374,0.0,0.0,0.00016010645776987076,0.0,0.0,0.0003528236993588507
259,True,0.0,0.0,0.004568123258650303,0.0,0.0,0.0010477523319423199,0.0,0.0,0.0010925697861239314,0.0,0.0,0.002226979937404394,0.0,0.0,0.0014953555073589087,0.0,0.0,0.019090764224529266,0.0,0.0,0.14095476269721985,0.0,0.0,0.3032638132572174,223.6607208251953,90.58792877197266,0.7794830799102783,218.87228393554688,101.13644409179688,0.6446402668952942,198.09835815429688,96.92057800292969,0.8886080980300903,0.0,0.0,0.4570479989051819,254.5336151123047,183.74766540527344,0.6530036330223083,0.0,0.0,0.004243887960910797,0.0,0.0,0.009116070345044136,0.0,0.0,0.00013956311158835888,0.0,0.0,0.0002733099099714309
260,True,0.0,0.0,0.0020573472138494253,0.0,0.0,0.0004836376174353063,0.0,0.0,0.0004477341426536441,0.0,0.0,0.0015307539142668247,0.0,0.0,0.0009103023330681026,0.0,0.0,0.016916831955313683,0.0,0.0,0.09453864395618439,0.0,0.0,0.376627117395401,219.02755737304688,84.73845672607422,0.7722728848457336,219.47439575195312,102.07331848144531,0.7167938947677612,196.52175903320312,94.84606170654297,0.8976511359214783,306.1026611328125,175.68887329101562,0.5976507663726807,253.14889526367188,176.02828979492188,0.7371256351470947,0.0,0.0,0.006645700894296169,0.0,0.0,0.012403803877532482,0.0,0.0,0.0001705249451333657,0.0,0.0,0.0003043290926143527
261,True,0.0,0.0,0.0028102388605475426,0.0,0.0,0.0006449826178140938,0.0,0.0,0.0006571759004145861,0.0,0.0,0.0020293225534260273,0.0,0.0,0.0012772832997143269,0.0,0.0,0.0243739765137434,0.0,0.0,0.12773530185222626,0.0,0.0,0.4277166426181793,221.50526428222656,81.14360809326172,0.7970895767211914,219.08534240722656,96.51982116699219,0.7497798800468445,196.05484008789062,87.4710693359375,0.9053652286529541,303.12615966796875,170.86935424804688,0.6520563960075378,251.24267578125,170.8505859375,0.7735806703567505,0.0,0.0,0.009069172665476799,0.0,0.0,0.01648562401533127,0.0,0.0,0.00021356699289754033,0.0,0.0,0.0003718491643667221
262,True,0.0,0.0,0.0034327541943639517,0.0,0.0,0.0006114253774285316,0.0,0.0,0.0009400612325407565,0.0,0.0,0.0014999241102486849,0.0,0.0,0.0017452128231525421,0.0,0.0,0.020593266934156418,0.0,0.0,0.2091590315103531,0.0,0.0,0.36403751373291016,206.6962432861328,82.29010009765625,0.8840703964233398,220.57989501953125,90.0478515625,0.7248554229736328,169.01968383789062,87.28011322021484,0.9428579211235046,303.8497314453125,172.86245727539062,0.5946864485740662,249.64991760253906,173.00485229492188,0.7914657592773438,0.0,0.0,0.005265150684863329,0.0,0.0,0.013086135499179363,0.0,0.0,0.00010875858424697071,0.0,0.0,0.00023429971770383418
263,True,0.0,0.0,0.0067801508121192455,0.0,0.0,0.0013095993781462312,0.0,0.0,0.0008841193048283458,0.0,0.0,0.0018369629979133606,0.0,0.0,0.0012226757826283574,0.0,0.0,0.06153048947453499,0.0,0.0,0.1875084787607193,307.50738525390625,83.06095886230469,0.6002704501152039,212.2076873779297,83.2152328491211,0.8034073710441589,220.62002563476562,91.03004455566406,0.8267978429794312,170.05677795410156,85.19761657714844,0.9107515215873718,304.01702880859375,179.15744018554688,0.5575454235076904,253.7374267578125,178.08811950683594,0.6593907475471497,0.0,0.0,0.00703771598637104,0.0,0.0,0.010930412448942661,0.0,0.0,0.0001387734228046611,0.0,0.0,0.00021949999791104347
264,True,0.0,0.0,0.005925921257585287,0.0,0.0,0.0015606483211740851,0.0,0.0,0.00135215581394732,0.0,0.0,0.003365510143339634,0.0,0.0,0.0017952002817764878,0.0,0.0,0.03831974416971207,0.0,0.0,0.15595783293247223,0.0,0.0,0.4039928913116455,218.1792755126953,79.52296447753906,0.7256728410720825,215.34278869628906,79.66375732421875,0.6755173206329346,183.71507263183594,80.70895385742188,0.8476115465164185,298.17071533203125,167.30316162109375,0.676681637763977,247.87388610839844,166.40176391601562,0.7783622145652771,0.0,0.0,0.010471842251718044,0.0,0.0,0.018302330747246742,0.0,0.0,0.0002707467065192759,0.0,0.0,0.0004588733136188239
265,True,0.0,0.0,0.006910229567438364,0.0,0.0,0.001799902762286365,0.0,0.0,0.0018128080992028117,0.0,0.0,0.0038459510542452335,0.0,0.0,0.0030295210890471935,0.0,0.0,0.057193100452423096,0.0,0.0,0.18923220038414001,0.0,0.0,0.4507475197315216,220.9017333984375,77.61055755615234,0.7163012027740479,214.43246459960938,77.08807373046875,0.6717014908790588,199.25927734375,79.75157928466797,0.8251710534095764,299.48809814453125,165.38023376464844,0.7467809319496155,247.61126708984375,165.193359375,0.8149410486221313,0.0,0.0,0.012855279259383678,0.0,0.0,0.020482230931520462,0.0,0.0,0.00031565141398459673,0.0,0.0,0.0004914655582979321
266,True,0.0,0.0,0.007127203047275543,0.0,0.0,0.0019665753934532404,0.0,0.0,0.0018748260335996747,0.0,0.0,0.005726093892008066,0.0,0.0,0.003446701681241393,0.0,0.0,0.07463911920785904,0.0,0.0,0.25699225068092346,0.0,0.0,0.4895249307155609,215.4174346923828,67.74082946777344,0.791262686252594,215.77154541015625,78.83021545410156,0.6748096942901611,198.2579345703125,79.9287338256836,0.855252742767334,298.3781433105469,159.80348205566406,0.8419288992881775,245.08375549316406,158.10252380371094,0.8982776403427124,0.0,0.0,0.021929442882537842,0.0,0.0,0.03839100897312164,0.0,0.0,0.0005393487517721951,0.0,0.0,0.00090847845422104
267,True,0.0,0.0,0.00615320261567831,0.0,0.0,0.0012123637134209275,0.0,0.0,0.0015350277535617352,0.0,0.0,0.0024652350693941116,0.0,0.0,0.002200829330831766,0.0,0.0,0.03143282234668732,0.0,0.0,0.24938763678073883,0.0,0.0,0.35469314455986023,209.47666931152344,80.14651489257812,0.8603368997573853,213.93824768066406,85.65412902832031,0.6804922223091125,180.41339111328125,84.20923614501953,0.9237352609634399,303.3049011230469,171.72500610351562,0.6271432638168335,247.3473663330078,170.95468139648438,0.8073282241821289,0.0,0.0,0.008531183935701847,0.0,0.0,0.02120589278638363,0.0,0.0,0.0001837786112446338,0.0,0.0,0.0004027041723020375
268,True,0.0,0.0,0.0038261190056800842,0.0,0.0,0.0006294369813986123,0.0,0.0,0.0011141363065689802,0.0,0.0,0.0011670130770653486,0.0,0.0,0.0018585056532174349,0.0,0.0,0.017263168469071388,0.0,0.0,0.14291344583034515,0.0,0.0,0.32444918155670166,212.85784912109375,74.0762710571289,0.8063205480575562,207.42144775390625,93.58570098876953,0.6821923851966858,176.67416381835938,84.55183410644531,0.9084615111351013,300.007568359375,171.8998260498047,0.560621440410614,247.36904907226562,170.80506896972656,0.7439180612564087,0.0,0.0,0.008495792746543884,0.0,0.0,0.018039127811789513,0.0,0.0,0.00023400638019666076,0.0,0.0,0.0004455249581951648
269,True,0.0,0.0,0.002354247262701392,0.0,0.0,0.00033256938331760466,0.0,0.0,0.00042266215314157307,0.0,0.0,0.0005190549418330193,0.0,0.0,0.000817346153780818,0.0,0.0,0.01576499454677105,0.0,0.0,0.10302039235830307,0.0,0.0,0.4750395715236664,218.8267364501953,69.59598541259766,0.8486507534980774,205.29287719726562,97.78666687011719,0.851837158203125,171.2976837158203,83.07710266113281,0.955247700214386,303.8262023925781,178.29782104492188,0.5396901369094849,251.96600341796875,177.077392578125,0.7030017971992493,0.0,0.0,0.005506377201527357,0.0,0.0,0.01112865936011076,0.0,0.0,0.00010525086690904573,0.0,0.0,0.00019904416694771498
270,True,0.0,0.0,0.0010470279958099127,0.0,0.0,0.00011443153925938532,0.0,0.0,0.00025974895106628537,0.0,0.0,0.00020716205472126603,0.0,0.0,0.0007624744321219623,0.0,0.0,0.0056188106536865234,0.0,0.0,0.06264678388834,0.0,0.0,0.23991860449314117,220.29562377929688,69.62001037597656,0.7858068943023682,200.8101043701172,97.02899932861328,0.6372690200805664,172.73757934570312,86.2818374633789,0.9154806733131409,0.0,0.0,0.38641494512557983,255.97682189941406,178.5345916748047,0.615008533000946,0.0,0.0,0.003933405969291925,0.0,0.0,0.009327070787549019,0.0,0.0,0.00012153017451055348,0.0,0.0,0.00024828570894896984
271,True,0.0,0.0,0.006273138802498579,0.0,0.0,0.001215426716953516,0.0,0.0,0.0005194286350160837,0.0,0.0,0.0011086446465924382,0.0,0.0,0.00046003921306692064,0.0,0.0,0.020562561228871346,0.0,0.0,0.07088158279657364,0.0,0.0,0.4393497109413147,226.2354736328125,75.04580688476562,0.6910890340805054,186.75570678710938,94.7772445678711,0.7839582562446594,171.72402954101562,87.09318542480469,0.8937761187553406,0.0,0.0,0.28375473618507385,0.0,0.0,0.4138019382953644,0.0,0.0,0.00604073004797101,0.0,0.0,0.010239038616418839,0.0,0.0,0.0002499745460227132,0.0,0.0,0.00043259127414785326
272,True,0.0,0.0,0.009634452871978283,0.0,0.0,0.001833383459597826,0.0,0.0,0.0008033422636799514,0.0,0.0,0.0014002429088577628,0.0,0.0,0.000677863135933876,0.0,0.0,0.024018017575144768,0.0,0.0,0.10538370907306671,0.0,0.0,0.42538967728614807,223.09262084960938,84.75121307373047,0.735424280166626,179.94509887695312,104.46426391601562,0.777534544467926,168.66754150390625,112.1844482421875,0.9113988280296326,0.0,0.0,0.2550114095211029,0.0,0.0,0.4026900827884674,0.0,0.0,0.004246558528393507,0.0,0.0,0.007952644489705563,0.0,0.0,0.00017125249723903835,0.0,0.0,0.00031937254243530333
273,True,0.0,0.0,0.007618660572916269,0.0,0.0,0.0019684049766510725,0.0,0.0,0.0008560310816392303,0.0,0.0,0.0016329411882907152,0.0,0.0,0.0004569255106616765,0.0,0.0,0.014460193924605846,0.0,0.0,0.031260352581739426,0.0,0.0,0.49879685044288635,237.26882934570312,65.2050552368164,0.5050709843635559,206.51715087890625,95.45072174072266,0.8229859471321106,188.49600219726562,87.96170043945312,0.8233673572540283,0.0,0.0,0.34837806224823,0.0,0.0,0.3764851987361908,0.0,0.0,0.003231039037927985,0.0,0.0,0.0034225413110107183,0.0,0.0,0.00014950601325836033,0.0,0.0,0.0001803544582799077
274,True,0.0,0.0,0.004096346441656351,0.0,0.0,0.0005480219842866063,0.0,0.0,0.0005758494371548295,0.0,0.0,0.0004649694310501218,0.0,0.0,0.0009517640573903918,0.0,0.0,0.016340205445885658,0.0,0.0,0.0579959861934185,0.0,0.0,0.4271329641342163,226.22317504882812,83.51454162597656,0.701264500617981,198.46102905273438,97.61683654785156,0.7476634979248047,192.77145385742188,100.27628326416016,0.8880075812339783,0.0,0.0,0.2103549689054489,0.0,0.0,0.30106744170188904,0.0,0.0,0.0029735874850302935,0.0,0.0,0.004448603373020887,0.0,0.0,0.00021196334273554385,0.0,0.0,0.00031398891587741673
275,True,0.0,0.0,0.010740586556494236,0.0,0.0,0.003297177841886878,0.0,0.0,0.0007098036585375667,0.0,0.0,0.003659877460449934,0.0,0.0,0.0005881587858311832,0.0,0.0,0.039632685482501984,0.0,0.0,0.040576718747615814,0.0,0.0,0.44725096225738525,0.0,0.0,0.3084107041358948,185.03981018066406,104.55062103271484,0.6856053471565247,190.24392700195312,92.67445373535156,0.6071826815605164,0.0,0.0,0.24655181169509888,0.0,0.0,0.24629530310630798,0.0,0.0,0.009528711438179016,0.0,0.0,0.009683715179562569,0.0,0.0,0.0006550729158334434,0.0,0.0,0.0008030238677747548
276,True,0.0,0.0,0.014665073715150356,0.0,0.0,0.004618985112756491,0.0,0.0,0.0010964464163407683,0.0,0.0,0.0034623306710273027,0.0,0.0,0.0005417456268332899,0.0,0.0,0.01847660541534424,0.0,0.0,0.02481226809322834,0.0,0.0,0.3841487467288971,0.0,0.0,0.29358789324760437,193.05091857910156,97.03014373779297,0.7093948125839233,197.06639099121094,96.28208923339844,0.6544983983039856,0.0,0.0,0.15536515414714813,0.0,0.0,0.16777971386909485,0.0,0.0,0.0028965824749320745,0.0,0.0,0.003064056159928441,0.0,0.0,0.00023186521138995886,0.0,0.0,0.0002884248970076442
277,True,0.0,0.0,0.016212109476327896,0.0,0.0,0.0034420581068843603,0.0,0.0,0.0019469100516289473,0.0,0.0,0.002009682124480605,0.0,0.0,0.001194365439005196,0.0,0.0,0.02391325868666172,0.0,0.0,0.044948283582925797,0.0,0.0,0.3861010670661926,0.0,0.0,0.4091033339500427,202.04002380371094,96.77806854248047,0.7091046571731567,204.7193603515625,96.89746856689453,0.7277261018753052,0.0,0.0,0.13561074435710907,0.0,0.0,0.15893851220607758,0.0,0.0,0.0029156862292438745,0.0,0.0,0.0034407973289489746,0.0,0.0,0.000278776278719306,0.0,0.0,0.00034923426574096084
278,True,0.0,0.0,0.0031037412118166685,0.0,0.0,0.0005839860532432795,0.0,0.0,0.0005763057270087302,0.0,0.0,0.0007103667012415826,0.0,0.0,0.0008679470047354698,0.0,0.0,0.009949133731424809,0.0,0.0,0.05303357541561127,0.0,0.0,0.345848947763443,230.9420928955078,77.2286376953125,0.6543430685997009,194.19540405273438,96.53156280517578,0.6802945137023926,183.8518524169922,92.3222427368164,0.8458495736122131,0.0,0.0,0.34971290826797485,0.0,0.0,0.48430436849594116,0.0,0.0,0.002938073594123125,0.0,0.0,0.004779894836246967,0.0,0.0,0.00012994864664506167,0.0,0.0,0.00020444588153623044
279,True,0.0,0.0,0.00438713701441884,0.0,0.0,0.0008725467487238348,0.0,0.0,0.0008418108918704093,0.0,0.0,0.0008430791785940528,0.0,0.0,0.0010884886141866446,0.0,0.0,0.01074755098670721,0.0,0.0,0.05668816715478897,0.0,0.0,0.3154085576534271,232.2991485595703,76.75463104248047,0.6277893781661987,193.3796844482422,96.08028411865234,0.6377947330474854,186.3765411376953,91.1537857055664,0.8245161175727844,0.0,0.0,0.3135906755924225,0.0,0.0,0.45063725113868713,0.0,0.0,0.002994236536324024,0.0,0.0,0.004906755872070789,0.0,0.0,0.00016126091941259801,0.0,0.0,0.00025282977730967104
280,True,0.0,0.0,0.0023353248834609985,0.0,0.0,0.00030492505175061524,0.0,0.0,0.00045109924394637346,0.0,0.0,0.0005728303804062307,0.0,0.0,0.0010634470963850617,0.0,0.0,0.019056344404816628,0.0,0.0,0.13173988461494446,0.0,0.0,0.44652509689331055,223.0819549560547,74.95654296875,0.8439794778823853,207.38497924804688,77.14976501464844,0.7518208026885986,165.85523986816406,80.44536590576172,0.9233686923980713,292.37432861328125,174.67518615722656,0.5412811636924744,252.73703002929688,174.67913818359375,0.7030429840087891,0.0,0.0,0.003978052642196417,0.0,0.0,0.007953766733407974,0.0,0.0,8.467309817206115e-05,0.0,0.0,0.00015183874347712845
281,True,0.0,0.0,0.003368685021996498,0.0,0.0,0.0003983786446042359,0.0,0.0,0.0008638061699457467,0.0,0.0,0.0004591187462210655,0.0,0.0,0.0019838260486721992,0.0,0.0,0.008508200757205486,0.0,0.0,0.1744585782289505,0.0,0.0,0.2238887995481491,222.68775939941406,70.0442886352539,0.891845703125,180.17539978027344,66.53971099853516,0.5515276193618774,169.04124450683594,70.4938735961914,0.9394913911819458,0.0,0.0,0.4255344271659851,260.4698791503906,175.60614013671875,0.7324192523956299,0.0,0.0,0.0024159427266567945,0.0,0.0,0.008439384400844574,0.0,0.0,6.285256677074358e-05,0.0,0.0,0.00016885227523744106
282,True,0.0,0.0,0.0021058726124465466,0.0,0.0,0.00023266443167813122,0.0,0.0,0.0007549270521849394,0.0,0.0,0.00041617240640334785,0.0,0.0,0.0027037207037210464,0.0,0.0,0.007958982139825821,0.0,0.0,0.19127672910690308,0.0,0.0,0.1650908887386322,219.76670837402344,72.63887023925781,0.9002223610877991,0.0,0.0,0.3960103392601013,173.66746520996094,87.88674926757812,0.9234721660614014,298.4153747558594,167.82684326171875,0.5128111839294434,256.4333801269531,168.37750244140625,0.8163636326789856,0.0,0.0,0.003930216189473867,0.0,0.0,0.015689866617321968,0.0,0.0,0.00012984572094865143,0.0,0.0,0.0003776564553845674
283,True,0.0,0.0,0.002093394286930561,0.0,0.0,0.00016510589921381325,0.0,0.0,0.0006348495953716338,0.0,0.0,0.00026763815549202263,0.0,0.0,0.002848101081326604,0.0,0.0,0.008060832507908344,0.0,0.0,0.3240411877632141,0.0,0.0,0.15121890604496002,213.3751983642578,75.71852111816406,0.953929603099823,0.0,0.0,0.3835143446922302,169.271240234375,80.96406555175781,0.9623077511787415,0.0,0.0,0.3956870138645172,258.10205078125,179.84530639648438,0.7989128232002258,0.0,0.0,0.002258673310279846,0.0,0.0,0.013206015340983868,0.0,0.0,7.067349361022934e-05,0.0,0.0,0.00027291386504657567
284,True,0.0,0.0,0.0012361740227788687,0.0,0.0,0.00010737731645349413,0.0,0.0,0.0004074599128216505,0.0,0.0,0.0002060278202407062,0.0,0.0,0.002953717950731516,0.0,0.0,0.006286582909524441,0.0,0.0,0.1741362065076828,0.0,0.0,0.1332024186849594,215.22268676757812,67.23915100097656,0.8922805786132812,0.0,0.0,0.28594255447387695,166.9407958984375,75.71122741699219,0.9115046262741089,0.0,0.0,0.38365018367767334,266.5662841796875,174.17620849609375,0.7498230338096619,0.0,0.0,0.004456851165741682,0.0,0.0,0.018532395362854004,0.0,0.0,0.00020074102212674916,0.0,0.0,0.0005937789101153612
285,True,0.0,0.0,0.0008621443412266672,0.0,0.0,5.6722943554632366e-05,0.0,0.0,0.00029704769258387387,0.0,0.0,0.00012631922436412424,0.0,0.0,0.002636831719428301,0.0,0.0,0.004229944199323654,0.0,0.0,0.24575376510620117,0.0,0.0,0.07857487350702286,215.0331573486328,71.5409164428711,0.9383533596992493,0.0,0.0,0.20991626381874084,163.01889038085938,78.54338073730469,0.9413809776306152,0.0,0.0,0.3080577850341797,261.0465393066406,175.8138885498047,0.7628768682479858,0.0,0.0,0.002399260876700282,0.0,0.0,0.01650182157754898,0.0,0.0,9.783940913621336e-05,0.0,0.0,0.0004187808954156935
286,True,0.0,0.0,0.004569515585899353,0.0,0.0,0.0007499894127249718,0.0,0.0,0.0006492052343674004,0.0,0.0,0.0024897807743400335,0.0,0.0,0.003149815835058689,0.0,0.0,0.09202557057142258,0.0,0.0,0.2837444841861725,245.44381713867188,70.52522277832031,0.5283132791519165,219.05380249023438,67.48057556152344,0.8095705509185791,184.8175048828125,82.78582000732422,0.5242154598236084,163.72271728515625,79.67115783691406,0.8004798889160156,295.6485595703125,172.8846435546875,0.6483575105667114,263.4885559082031,171.760986328125,0.7737106680870056,0.0,0.0,0.008913358673453331,0.0,0.0,0.015941616147756577,0.0,0.0,0.0002345420216443017,0.0,0.0,0.0004099559155292809
287,True,0.0,0.0,0.0011804631212726235,0.0,0.0,0.00012836461246479303,0.0,0.0,0.00031240907264873385,0.0,0.0,0.00042170751839876175,0.0,0.0,0.002985701896250248,0.0,0.0,0.015665311366319656,0.0,0.0,0.19329442083835602,0.0,0.0,0.21811407804489136,210.73675537109375,69.71734619140625,0.8623115420341492,0.0,0.0,0.29331663250923157,169.29888916015625,84.31497192382812,0.8604609370231628,296.7204895019531,168.7213134765625,0.5499581098556519,263.28167724609375,169.5901641845703,0.8092458248138428,0.0,0.0,0.006913547404110432,0.0,0.0,0.022224321961402893,0.0,0.0,0.00027190690161660314,0.0,0.0,0.000694441725499928
288,True,0.0,0.0,0.0018646545941010118,0.0,0.0,0.00011587524932110682,0.0,0.0,0.0008281942573376,0.0,0.0,0.00028813796234317124,0.0,0.0,0.009924604557454586,0.0,0.0,0.010895239189267159,237.41091918945312,5.254493713378906,0.5015387535095215,0.0,0.0,0.08020371198654175,206.54837036132812,78.51518249511719,0.9570292234420776,0.0,0.0,0.11375859379768372,163.94557189941406,86.5239486694336,0.9219274520874023,0.0,0.0,0.34064772725105286,261.8987121582031,181.325927734375,0.8145061135292053,0.0,0.0,0.0017573625082150102,0.0,0.0,0.013346422463655472,0.0,0.0,8.135453390423208e-05,0.0,0.0,0.00037745380541309714
289,True,0.0,0.0,0.0017599092097952962,0.0,0.0,8.888915908755735e-05,0.0,0.0,0.0017861519008874893,0.0,0.0,8.701854676473886e-05,0.0,0.0,0.01314878836274147,0.0,0.0,0.0011415618937462568,0.0,0.0,0.46822068095207214,0.0,0.0,0.008841435424983501,209.38729858398438,86.99117279052734,0.9715696573257446,0.0,0.0,0.028029881417751312,170.09652709960938,92.56913757324219,0.9461106657981873,0.0,0.0,0.1659344732761383,259.9173583984375,180.99826049804688,0.8205124735832214,0.0,0.0,0.0008984394953586161,0.0,0.0,0.0174542386084795,0.0,0.0,6.922097963979468e-05,0.0,0.0,0.0005925984005443752
290,True,0.0,0.0,0.0016286092577502131,0.0,0.0,8.168125350493938e-05,0.0,0.0,0.0016647601732984185,0.0,0.0,7.395265129161999e-05,0.0,0.0,0.011669337749481201,0.0,0.0,0.0009045846527442336,0.0,0.0,0.4051329493522644,0.0,0.0,0.008028170093894005,209.3792724609375,86.530517578125,0.9674692749977112,0.0,0.0,0.027975305914878845,170.2891082763672,92.30089569091797,0.9444245100021362,0.0,0.0,0.14470024406909943,259.0306396484375,183.079345703125,0.7928917407989502,0.0,0.0,0.0008007276919670403,0.0,0.0,0.015356527641415596,0.0,0.0,6.457680137827992e-05,0.0,0.0,0.000543867121450603
291,True,0.0,0.0,0.0013194662751629949,0.0,0.0,5.9230849728919566e-05,0.0,0.0,0.0008436071802861989,0.0,0.0,9.328895976068452e-05,0.0,0.0,0.007869763299822807,0.0,0.0,0.0029014258179813623,0.0,0.0,0.48277947306632996,0.0,0.0,0.023701606318354607,212.49209594726562,90.295166015625,0.969346821308136,0.0,0.0,0.061141908168792725,167.68663024902344,93.22590637207031,0.9438170194625854,0.0,0.0,0.19022613763809204,254.060791015625,185.90591430664062,0.7795495390892029,0.0,0.0,0.0010839836904779077,0.0,0.0,0.014590234495699406,0.0,0.0,5.9960442740703e-05,0.0,0.0,0.00040154362795874476
292,True,0.0,0.0,0.003777575446292758,0.0,0.0,0.000236697553191334,0.0,0.0,0.002787127159535885,0.0,0.0,0.0003740742104128003,0.0,0.0,0.02970280684530735,0.0,0.0,0.032666292041540146,224.6101837158203,10.7718505859375,0.5289441347122192,0.0,0.0,0.12678073346614838,205.00071716308594,92.52344512939453,0.9202486276626587,0.0,0.0,0.12134838104248047,188.2539825439453,90.89178466796875,0.8386960625648499,301.2725524902344,172.3515625,0.5193293690681458,249.3689422607422,175.46224975585938,0.8425134420394897,0.0,0.0,0.0048161456361413,0.0,0.0,0.02172727882862091,0.0,0.0,0.00020251508976798505,0.0,0.0,0.000607427500654012
293,True,0.0,0.0,0.0029666656628251076,0.0,0.0,0.00034314097138121724,0.0,0.0,0.0017810362624004483,0.0,0.0,0.0006028112838976085,0.0,0.0,0.00984423141926527,0.0,0.0,0.01242013555020094,0.0,0.0,0.29408419132232666,0.0,0.0,0.05052649602293968,211.3631591796875,91.80854797363281,0.79304438829422,0.0,0.0,0.05688247084617615,191.77398681640625,94.25559997558594,0.6513240337371826,0.0,0.0,0.3291439116001129,249.60958862304688,177.26300048828125,0.7144985795021057,0.0,0.0,0.0033075709361582994,0.0,0.0,0.015132568776607513,0.0,0.0,0.0002351077855564654,0.0,0.0,0.000730960164219141
294,True,0.0,0.0,0.0012353243073448539,0.0,0.0,0.00020565981685649604,0.0,0.0,0.0005771868745796382,0.0,0.0,0.0009731812169775367,0.0,0.0,0.003602567594498396,0.0,0.0,0.019987355917692184,0.0,0.0,0.21485945582389832,0.0,0.0,0.23055952787399292,203.93792724609375,78.1386489868164,0.8670504093170166,0.0,0.0,0.48189452290534973,245.00027465820312,94.55131530761719,0.9083808064460754,301.99365234375,154.8909912109375,0.7225071787834167,250.38687133789062,157.77386474609375,0.8749099969863892,0.0,0.0,0.010689157992601395,0.0,0.0,0.03070126660168171,0.0,0.0,0.0003303655539639294,0.0,0.0,0.0007464666850864887
295,True,0.0,0.0,0.0018757988000288606,0.0,0.0,0.0004060573410242796,0.0,0.0,0.0005534387310035527,0.0,0.0,0.001713246456347406,0.0,0.0,0.0020184728782624006,0.0,0.0,0.029853390529751778,0.0,0.0,0.16384470462799072,0.0,0.0,0.3009578287601471,200.9697265625,84.50888061523438,0.7733784317970276,251.7751922607422,102.6671371459961,0.5407135486602783,209.42352294921875,105.87208557128906,0.8453710079193115,300.4422912597656,171.9803466796875,0.6227667331695557,241.09605407714844,173.31207275390625,0.7696498036384583,0.0,0.0,0.008442684076726437,0.0,0.0,0.017631953582167625,0.0,0.0,0.0002671759284567088,0.0,0.0,0.000500721565913409
296,True,0.0,0.0,0.0032186300959438086,0.0,0.0,0.00048715079901739955,0.0,0.0,0.0014317305758595467,0.0,0.0,0.0012402808060869575,0.0,0.0,0.0043152798898518085,0.0,0.0,0.027960386127233505,0.0,0.0,0.21973811089992523,0.0,0.0,0.30217933654785156,202.5693359375,91.07444763183594,0.8488364815711975,253.13140869140625,108.10960388183594,0.5622048377990723,199.99574279785156,109.43087005615234,0.8945594429969788,304.6434326171875,176.341064453125,0.6030712127685547,241.209716796875,179.60702514648438,0.7823562026023865,0.0,0.0,0.005548374727368355,0.0,0.0,0.01255895011126995,0.0,0.0,0.00016829033847898245,0.0,0.0,0.00032428125268779695
297,True,0.0,0.0,0.004108436405658722,0.0,0.0,0.0010712897637858987,0.0,0.0,0.000772023806348443,0.0,0.0,0.004816344007849693,0.0,0.0,0.002479089656844735,0.0,0.0,0.12469165027141571,0.0,0.0,0.3179415464401245,320.0,77.50079345703125,0.6176093220710754,200.3709259033203,84.55872344970703,0.8133105635643005,247.68722534179688,113.55636596679688,0.7301327586174011,206.53115844726562,110.86700439453125,0.8503388166427612,301.87042236328125,173.1351318359375,0.6645467281341553,241.3479461669922,174.06019592285156,0.7345485091209412,0.0,0.0,0.005943466443568468,0.0,0.0,0.008814390748739243,0.0,0.0,0.00017211832164321095,0.0,0.0,0.0002591414377093315
298,True,0.0,0.0,0.009405762888491154,0.0,0.0,0.0017206192715093493,0.0,0.0,0.001968566095456481,0.0,0.0,0.006970829330384731,0.0,0.0,0.006478689610958099,0.0,0.0,0.29641130566596985,207.28829956054688,19.159385681152344,0.5838361978530884,317.15203857421875,78.32681274414062,0.7668277621269226,202.87789916992188,90.9593276977539,0.895544171333313,240.2919464111328,118.94017028808594,0.7861198782920837,203.24630737304688,116.4407958984375,0.8854274749755859,295.9634094238281,176.67684936523438,0.7187700271606445,238.8632049560547,179.45864868164062,0.7751678824424744,0.0,0.0,0.004037088248878717,0.0,0.0,0.005896418821066618,0.0,0.0,8.968677866505459e-05,0.0,0.0,0.00013297077384777367
299,True,0.0,0.0,0.009042325429618359,0.0,0.0,0.0016647474840283394,0.0,0.0,0.00261955289170146,0.0,0.0,0.0056394184939563274,0.0,0.0,0.006264268886297941,0.0,0.0,0.1607314497232437,0.0,0.0,0.4901691675186157,315.1278991699219,71.26695251464844,0.6354002952575684,196.64515686035156,83.51453399658203,0.8904139995574951,238.73782348632812,116.9822006225586,0.7367414832115173,202.92947387695312,117.65544891357422,0.8956736326217651,293.0561828613281,165.8059539794922,0.7826337814331055,236.3469696044922,169.44784545898438,0.8565858602523804,0.0,0.0,0.009789514355361462,0.0,0.0,0.016375942155718803,0.0,0.0,0.00027187218074686825,0.0,0.0,0.00042783142998814583
300,True,0.0,0.0,0.015767214819788933,0.0,0.0,0.002839792752638459,0.0,0.0,0.006142031867057085,0.0,0.0,0.003203433472663164,0.0,0.0,0.007869481109082699,0.0,0.0,0.040948886424303055,0.0,0.0,0.2638804018497467,0.0,0.0,0.2332032471895218,201.334716796875,83.3427734375,0.7455946803092957,0.0,0.0,0.4653603434562683,201.36695861816406,117.43072509765625,0.8226256966590881,0.0,0.0,0.47384169697761536,242.19125366210938,179.67352294921875,0.6730661392211914,0.0,0.0,0.00909783411771059,0.0,0.0,0.019538260996341705,0.0,0.0,0.00047321696183644235,0.0,0.0,0.0008830017177388072
301,True,0.0,0.0,0.002261445391923189,0.0,0.0,0.0003378496039658785,0.0,0.0,0.0007213685312308371,0.0,0.0,0.0016131718875840306,0.0,0.0,0.003071162151172757,0.0,0.0,0.03338806331157684,0.0,0.0,0.31036272644996643,0.0,0.0,0.2914687693119049,196.9632568359375,88.31446075439453,0.8703444004058838,233.51300048828125,116.99695587158203,0.5397260785102844,197.04505920410156,113.84081268310547,0.8991955518722534,0.0,0.0,0.42316457629203796,239.19833374023438,183.4862823486328,0.6639716625213623,0.0,0.0,0.0024161566980183125,0.0,0.0,0.006404454819858074,0.0,0.0,8.612121018813923e-05,0.0,0.0,0.00018790973990689963
302,True,0.0,0.0,0.012011083774268627,0.0,0.0,0.0024270443245768547,0.0,0.0,0.0033411788754165173,0.0,0.0,0.005854063201695681,0.0,0.0,0.0066643208265304565,0.0,0.0,0.10894671082496643,0.0,0.0,0.37206053733825684,0.0,0.0,0.47327449917793274,196.84487915039062,87.26496887207031,0.7872401475906372,222.00587463378906,115.67473602294922,0.5900936126708984,189.67626953125,115.98555755615234,0.8066415190696716,289.55804443359375,171.266845703125,0.6353251338005066,238.0030975341797,173.12460327148438,0.7477143406867981,0.0,0.0,0.007960296235978603,0.0,0.0,0.012888639234006405,0.0,0.0,0.00027240795316174626,0.0,0.0,0.0004164970596320927
303,True,0.0,0.0,0.002238874090835452,0.0,0.0,0.0003120229812338948,0.0,0.0,0.0005205368506722152,0.0,0.0,0.001121072331443429,0.0,0.0,0.0020005227997899055,0.0,0.0,0.03897823020815849,0.0,0.0,0.2445678859949112,0.0,0.0,0.47440293431282043,201.05557250976562,89.38138580322266,0.8648614883422852,220.11325073242188,111.7256851196289,0.7417856454849243,190.94561767578125,105.11222839355469,0.9245389103889465,294.9783935546875,186.56300354003906,0.5552477240562439,242.93728637695312,188.30201721191406,0.7122089862823486,0.0,0.0,0.003996087238192558,0.0,0.0,0.007872385904192924,0.0,0.0,9.890862565953285e-05,0.0,0.0,0.00017726514488458633
304,True,0.0,0.0,0.003929906524717808,0.0,0.0,0.0005181572632864118,0.0,0.0,0.0011440940434113145,0.0,0.0,0.0017172888619825244,0.0,0.0,0.0038300086744129658,0.0,0.0,0.058224406093358994,0.0,0.0,0.4433911144733429,304.8419189453125,84.4568862915039,0.5626928210258484,192.15127563476562,92.79621887207031,0.9474279880523682,220.8207244873047,106.59449768066406,0.80020672082901,176.00840759277344,105.0044174194336,0.9649632573127747,296.0065612792969,182.08865356445312,0.730208158493042,241.20263671875,183.94329833984375,0.8704091310501099,0.0,0.0,0.00444768276065588,0.0,0.0,0.010783260688185692,0.0,0.0,6.98974181432277e-05,0.0,0.0,0.00014411714801099151
305,True,0.0,0.0,0.002701830118894577,0.0,0.0,0.00040755269583314657,0.0,0.0,0.0007264826563186944,0.0,0.0,0.001683744601905346,0.0,0.0,0.002378392731770873,0.0,0.0,0.045388929545879364,0.0,0.0,0.3096030056476593,0.0,0.0,0.49644947052001953,196.69512939453125,90.05329132080078,0.9025004506111145,226.0419921875,109.29737854003906,0.7493852376937866,189.46719360351562,104.22915649414062,0.9399387240409851,297.3472595214844,186.06956481933594,0.717326819896698,240.3762969970703,188.134765625,0.8443008661270142,0.0,0.0,0.004468483850359917,0.0,0.0,0.009887312538921833,0.0,0.0,7.576410280307755e-05,0.0,0.0,0.0001494933239882812
306,True,0.0,0.0,0.003475385718047619,0.0,0.0,0.0005182367749512196,0.0,0.0,0.0007261400460265577,0.0,0.0,0.0018557151779532433,0.0,0.0,0.0023700916208326817,0.0,0.0,0.07460247725248337,0.0,0.0,0.39327678084373474,315.68084716796875,76.89205169677734,0.6212932467460632,196.9608612060547,89.41351318359375,0.9174394011497498,229.61630249023438,110.05426788330078,0.8222613334655762,186.4375762939453,107.3560791015625,0.9493998885154724,301.7599792480469,188.21092224121094,0.6918299198150635,242.06468200683594,190.11749267578125,0.8128764033317566,0.0,0.0,0.0031354750972241163,0.0,0.0,0.00623390544205904,0.0,0.0,4.5320957724470645e-05,0.0,0.0,8.322965004481375e-05
307,True,0.0,0.0,0.0031783850863575935,0.0,0.0,0.0006945549394004047,0.0,0.0,0.0004465364327188581,0.0,0.0,0.002504571806639433,0.0,0.0,0.0009843596490100026,0.0,0.0,0.05789197236299515,0.0,0.0,0.22343486547470093,319.21112060546875,76.74564361572266,0.6217225193977356,202.21852111816406,86.50502014160156,0.854171633720398,228.610107421875,111.29219818115234,0.8512194156646729,197.45877075195312,104.04833984375,0.9338372945785522,303.58697509765625,191.1654510498047,0.6313535571098328,242.78854370117188,191.66229248046875,0.7297679781913757,0.0,0.0,0.0030831540934741497,0.0,0.0,0.0050951894372701645,0.0,0.0,5.126503310748376e-05,0.0,0.0,8.507542952429503e-05
308,True,0.0,0.0,0.0024365137796849012,0.0,0.0,0.0004410534165799618,0.0,0.0,0.0003970610850956291,0.0,0.0,0.0019276783568784595,0.0,0.0,0.001318538561463356,0.0,0.0,0.07988741248846054,0.0,0.0,0.26987940073013306,315.4648742675781,79.72358703613281,0.714397668838501,203.0370330810547,88.00293731689453,0.8830417394638062,226.35787963867188,113.70260620117188,0.8749263882637024,190.94345092773438,108.6865005493164,0.9399920105934143,304.0699768066406,185.42413330078125,0.7215640544891357,243.6715545654297,186.5657196044922,0.7888630032539368,0.0,0.0,0.004092047456651926,0.0,0.0,0.006165283266454935,0.0,0.0,5.694092033081688e-05,0.0,0.0,8.696868462720886e-05
309,True,0.0,0.0,0.001277762115933001,0.0,0.0,0.00017900799866765738,0.0,0.0,0.0003276411152910441,0.0,0.0,0.0010001127375289798,0.0,0.0,0.0015384613070636988,0.0,0.0,0.03892015293240547,0.0,0.0,0.26484543085098267,312.4449462890625,78.78390502929688,0.5936400890350342,195.40362548828125,82.81361389160156,0.9308212995529175,227.2786407470703,113.31497955322266,0.8304309248924255,169.90805053710938,101.5351791381836,0.9615065455436707,297.7707214355469,177.97885131835938,0.761743426322937,239.46551513671875,178.9567108154297,0.8700015544891357,0.0,0.0,0.0050917440094053745,0.0,0.0,0.010761242359876633,0.0,0.0,6.512982508866116e-05,0.0,0.0,0.00012346247967798263
310,True,0.0,0.0,0.003111866768449545,0.0,0.0,0.0006653724703937769,0.0,0.0,0.0004955255426466465,0.0,0.0,0.002449151361361146,0.0,0.0,0.0012800473487004638,0.0,0.0,0.07528066635131836,0.0,0.0,0.21453630924224854,317.3646240234375,80.27286529541016,0.6770828366279602,203.19375610351562,78.48727416992188,0.8338214159011841,226.94740295410156,111.45924377441406,0.8644459843635559,194.81564331054688,102.95258331298828,0.9225862622261047,300.4701232910156,178.93080139160156,0.7383801937103271,242.29946899414062,177.86322021484375,0.790244460105896,0.0,0.0,0.00699247932061553,0.0,0.0,0.009909388609230518,0.0,0.0,0.00011168982018716633,0.0,0.0,0.000164103286806494
311,True,0.0,0.0,0.0025008092634379864,0.0,0.0,0.0004526123811956495,0.0,0.0,0.000659023062326014,0.0,0.0,0.0015613373834639788,0.0,0.0,0.0014546929160133004,0.0,0.0,0.022898053750395775,0.0,0.0,0.21507740020751953,0.0,0.0,0.448616623878479,196.36569213867188,77.75069427490234,0.9059350490570068,225.7572479248047,110.3972396850586,0.801501452922821,170.03359985351562,92.57197570800781,0.9561819434165955,301.088623046875,177.81234741210938,0.6214375495910645,239.4530792236328,176.72857666015625,0.799542248249054,0.0,0.0,0.00391143374145031,0.0,0.0,0.00877118669450283,0.0,0.0,7.035838643787429e-05,0.0,0.0,0.00014023639960214496
312,True,0.0,0.0,0.0022236069198697805,0.0,0.0,0.0005489797913469374,0.0,0.0,0.0002790424623526633,0.0,0.0,0.0023638312704861164,0.0,0.0,0.00070844596484676,0.0,0.0,0.06157689914107323,0.0,0.0,0.15401403605937958,319.8682861328125,82.73275756835938,0.6749050617218018,206.16090393066406,75.41956329345703,0.8102215528488159,228.25889587402344,112.27001190185547,0.8704496026039124,189.66409301757812,98.50761413574219,0.9175838232040405,300.8199462890625,175.81642150878906,0.7489804029464722,243.43153381347656,173.76882934570312,0.7933771014213562,0.0,0.0,0.009113305248320103,0.0,0.0,0.012650636024773121,0.0,0.0,0.0001386213261866942,0.0,0.0,0.00020411517471075058
313,True,0.0,0.0,0.001835971837863326,0.0,0.0,0.0004138382792007178,0.0,0.0,0.0002278283645864576,0.0,0.0,0.0018996241269633174,0.0,0.0,0.0005357925547286868,0.0,0.0,0.029993122443556786,0.0,0.0,0.12518475949764252,316.06011962890625,92.65452575683594,0.5060389637947083,201.52957153320312,73.83062744140625,0.8316466212272644,232.74916076660156,115.12320709228516,0.8126260042190552,182.8315887451172,86.81890869140625,0.9272260069847107,291.1400451660156,176.61026000976562,0.5279012322425842,241.80604553222656,172.33798217773438,0.6662335395812988,0.0,0.0,0.004443111829459667,0.0,0.0,0.007902950048446655,0.0,0.0,9.22085382626392e-05,0.0,0.0,0.0001590512110851705
314,True,0.0,0.0,0.00956173799932003,0.0,0.0,0.00299807358533144,0.0,0.0,0.0013652900233864784,0.0,0.0,0.007024103309959173,0.0,0.0,0.0010374848498031497,0.0,0.0,0.040102407336235046,0.0,0.0,0.1942393034696579,0.0,0.0,0.3665803074836731,203.3934326171875,63.1471061706543,0.8079062104225159,245.1946563720703,118.08656311035156,0.7065064907073975,181.41973876953125,72.97357177734375,0.9018480181694031,0.0,0.0,0.4085023105144501,245.00100708007812,165.08370971679688,0.6081895232200623,0.0,0.0,0.006012924946844578,0.0,0.0,0.012568368576467037,0.0,0.0,0.0002200991875724867,0.0,0.0,0.00042811332968994975
315,True,0.0,0.0,0.006347604561597109,0.0,0.0,0.0020781117491424084,0.0,0.0,0.0005243903724476695,0.0,0.0,0.008770992048084736,0.0,0.0,0.0012427563779056072,0.0,0.0,0.20895148813724518,0.0,0.0,0.2422388643026352,313.96893310546875,94.09512329101562,0.7479555010795593,201.67153930664062,67.37602233886719,0.7053858041763306,243.504638671875,126.28010559082031,0.7914056181907654,187.11093139648438,74.124755859375,0.798147439956665,296.2650451660156,169.76876831054688,0.5462767481803894,249.24261474609375,167.3009490966797,0.5385017991065979,0.0,0.0,0.006120187696069479,0.0,0.0,0.006399438716471195,0.0,0.0,0.00018033415835816413,0.0,0.0,0.00021434362861327827
316,True,0.0,0.0,0.007912990637123585,0.0,0.0,0.0023867778945714235,0.0,0.0,0.0006030377116985619,0.0,0.0,0.00605122372508049,0.0,0.0,0.0009669504361227155,0.0,0.0,0.16195127367973328,0.0,0.0,0.27386996150016785,317.2647705078125,91.6963119506836,0.7821585536003113,200.2865447998047,64.73501586914062,0.8322150707244873,253.73532104492188,136.6524200439453,0.8723060488700867,152.302978515625,69.4898910522461,0.9111985564231873,301.4542236328125,176.14642333984375,0.5530182123184204,252.22508239746094,173.01516723632812,0.6005192399024963,0.0,0.0,0.006897452287375927,0.0,0.0,0.008932447992265224,0.0,0.0,0.00019848621741402894,0.0,0.0,0.0002792258164845407
317,True,0.0,0.0,0.007271615322679281,0.0,0.0,0.002128160558640957,0.0,0.0,0.0005715853185392916,0.0,0.0,0.0042620254680514336,0.0,0.0,0.0007414521533064544,0.0,0.0,0.0946565717458725,0.0,0.0,0.21988676488399506,310.2694091796875,91.41178131103516,0.6910138130187988,208.91184997558594,60.48341369628906,0.84681636095047,262.9071044921875,145.87686157226562,0.8226245045661926,159.81430053710938,70.49485778808594,0.9195267558097839,299.0144958496094,175.62586975097656,0.5857023000717163,254.36114501953125,171.66119384765625,0.679347574710846,0.0,0.0,0.009685330092906952,0.0,0.0,0.015702536329627037,0.0,0.0,0.0003263779217377305,0.0,0.0,0.0005363308009691536
318,True,0.0,0.0,0.018252654001116753,0.0,0.0,0.005519846919924021,0.0,0.0,0.001895425608381629,0.0,0.0,0.006654813885688782,0.0,0.0,0.0010360496817156672,0.0,0.0,0.0529148243367672,0.0,0.0,0.22116008400917053,0.0,0.0,0.3253859877586365,211.11441040039062,51.71448516845703,0.7360581755638123,259.9437255859375,158.4456024169922,0.5569591522216797,152.50672912597656,70.2369384765625,0.8221520185470581,0.0,0.0,0.35783424973487854,261.2655334472656,165.59115600585938,0.5572130084037781,0.0,0.0,0.021214747801423073,0.0,0.0,0.042402882128953934,0.0,0.0,0.001971639459952712,0.0,0.0,0.003814368974417448
319,True,0.0,0.0,0.009408606216311455,0.0,0.0,0.00231345696374774,0.0,0.0,0.002217310480773449,0.0,0.0,0.0033389090094715357,0.0,0.0,0.0026271536480635405,0.0,0.0,0.004735180176794529,0.0,0.0,0.07596132904291153,0.0,0.0,0.018875258043408394,0.0,0.0,0.413281112909317,0.0,0.0,0.12475918233394623,267.10504150390625,157.42857360839844,0.6303060054779053,0.0,0.0,0.013798738829791546,0.0,0.0,0.05730438977479935,0.0,0.0,0.0037063127383589745,0.0,0.0,0.013941165059804916,0.0,0.0,0.0022061739582568407,0.0,0.0,0.006013181526213884
320,True,0.0,0.0,0.010333525948226452,0.0,0.0,0.0042137629352509975,0.0,0.0,0.0008649921510368586,0.0,0.0,0.00800064392387867,0.0,0.0,0.0005641792668029666,0.0,0.0,0.04964280501008034,0.0,0.0,0.16506466269493103,0.0,0.0,0.3284914493560791,201.7128143310547,37.701324462890625,0.6447170376777649,270.1590576171875,165.6981964111328,0.5671533346176147,155.26473999023438,65.35951232910156,0.7818727493286133,0.0,0.0,0.37566348910331726,258.62640380859375,166.28152465820312,0.5376878380775452,0.0,0.0,0.026309413835406303,0.0,0.0,0.0469534695148468,0.0,0.0,0.002711140550673008,0.0,0.0,0.004907738417387009
321,True,0.0,0.0,0.0008396487100981176,0.0,0.0,0.00017297912563662976,0.0,0.0,9.890427463687956e-05,0.0,0.0,0.000933131028432399,0.0,0.0,0.00048267029342241585,0.0,0.0,0.03763701766729355,0.0,0.0,0.15453842282295227,0.0,0.0,0.4856971204280853,202.970703125,49.309593200683594,0.8497985601425171,267.03399658203125,167.481689453125,0.5999253988265991,148.42337036132812,55.300941467285156,0.8884189128875732,304.9677734375,170.83358764648438,0.6538630723953247,255.6330108642578,167.9849090576172,0.7888765335083008,0.0,0.0,0.01846742443740368,0.0,0.0,0.039397235959768295,0.0,0.0,0.0006797768292017281,0.0,0.0,0.0013235486112535
322,True,0.0,0.0,0.030521772801876068,0.0,0.0,0.01185680739581585,0.0,0.0,0.0024379766546189785,0.0,0.0,0.013725346885621548,0.0,0.0,0.0009796558879315853,0.0,0.0,0.08780582994222641,0.0,0.0,0.21548272669315338,0.0,0.0,0.3499715328216553,205.7783966064453,38.68804931640625,0.5967685580253601,270.0032653808594,163.46852111816406,0.5209826827049255,150.02061462402344,68.87086486816406,0.7020290493965149,0.0,0.0,0.36058518290519714,260.5710754394531,167.27362060546875,0.5006045699119568,0.0,0.0,0.025145338848233223,0.0,0.0,0.04055435582995415,0.0,0.0,0.0026105062570422888,0.0,0.0,0.004408566746860743
323,True,0.0,0.0,0.0011792369186878204,0.0,0.0,0.0002483150747139007,0.0,0.0,0.0001602749398443848,0.0,0.0,0.001047403085976839,0.0,0.0,0.000660042860545218,0.0,0.0,0.034094616770744324,0.0,0.0,0.17787808179855347,0.0,0.0,0.3889646530151367,206.13314819335938,46.154693603515625,0.8500688076019287,267.53399658203125,166.9432373046875,0.5284022092819214,160.07168579101562,56.51783752441406,0.887810230255127,306.4076232910156,171.88201904296875,0.6594343781471252,255.9209442138672,168.3526153564453,0.8157298564910889,0.0,0.0,0.022976834326982498,0.0,0.0,0.05696412920951843,0.0,0.0,0.0009883096208795905,0.0,0.0,0.0021576681174337864
324,True,0.0,0.0,0.028590423986315727,0.0,0.0,0.013443494215607643,0.0,0.0,0.002473657252267003,0.0,0.0,0.013677037321031094,0.0,0.0,0.0008857386419549584,0.0,0.0,0.06817646324634552,0.0,0.0,0.1635029911994934,0.0,0.0,0.30685099959373474,203.8862762451172,35.83086395263672,0.5188400745391846,270.89361572265625,165.53392028808594,0.5227373838424683,162.24127197265625,75.7287826538086,0.694656252861023,0.0,0.0,0.3444000780582428,0.0,0.0,0.473532110452652,0.0,0.0,0.02919965609908104,0.0,0.0,0.04714478179812431,0.0,0.0,0.0035275574773550034,0.0,0.0,0.006006686482578516
325,True,0.0,0.0,0.01734686642885208,0.0,0.0,0.007153719663619995,0.0,0.0,0.0016558226197957993,0.0,0.0,0.010006548836827278,0.0,0.0,0.0007998385699465871,0.0,0.0,0.04618299752473831,0.0,0.0,0.21016225218772888,0.0,0.0,0.24976846575737,203.66183471679688,34.022003173828125,0.6758894920349121,0.0,0.0,0.47407788038253784,151.99636840820312,60.608131408691406,0.7812193632125854,0.0,0.0,0.37178048491477966,260.4355163574219,165.86122131347656,0.5858521461486816,0.0,0.0,0.02991989254951477,0.0,0.0,0.06409651786088943,0.0,0.0,0.0033826366998255253,0.0,0.0,0.0070422058925032616
326,True,0.0,0.0,0.0162469781935215,0.0,0.0,0.005277547519654036,0.0,0.0,0.001236455631442368,0.0,0.0,0.007198411505669355,0.0,0.0,0.001045902376063168,0.0,0.0,0.1321774125099182,0.0,0.0,0.31264588236808777,312.91876220703125,96.14604187011719,0.6223416328430176,202.24862670898438,45.621337890625,0.8365512490272522,266.0636291503906,168.7279052734375,0.7563079595565796,155.08135986328125,54.053260803222656,0.9034835696220398,305.7940673828125,170.72683715820312,0.765353798866272,257.32183837890625,166.536376953125,0.8419870734214783,0.0,0.0,0.0690915659070015,0.0,0.0,0.11975448578596115,0.0,0.0,0.0031227655708789825,0.0,0.0,0.005740293301641941
327,True,0.0,0.0,0.01992320641875267,0.0,0.0,0.006494574248790741,0.0,0.0,0.0016644845018163323,0.0,0.0,0.008292414247989655,0.0,0.0,0.001372476457618177,0.0,0.0,0.15573431551456451,0.0,0.0,0.3473900258541107,314.6786804199219,97.72296905517578,0.6237187385559082,203.1249237060547,44.70454406738281,0.8357672095298767,265.25048828125,168.12640380859375,0.7366147041320801,157.2134552001953,51.502113342285156,0.893517792224884,305.2943420410156,165.8939208984375,0.7943617105484009,255.23362731933594,161.29086303710938,0.8620042204856873,0.0,0.0,0.08011606335639954,0.0,0.0,0.1372963786125183,0.0,0.0,0.0034185948316007853,0.0,0.0,0.006238051224499941
328,True,0.0,0.0,0.006736248731613159,0.0,0.0,0.0014741015620529652,0.0,0.0,0.0008077306556515396,0.0,0.0,0.00313271745108068,0.0,0.0,0.00169868185184896,0.0,0.0,0.10836722701787949,0.0,0.0,0.38601627945899963,311.878662109375,96.32728576660156,0.5310086607933044,199.9028778076172,45.182098388671875,0.8918398022651672,269.517578125,166.61593627929688,0.5935764908790588,152.7316436767578,49.647682189941406,0.9064074754714966,300.7210998535156,165.11441040039062,0.79620361328125,253.56544494628906,161.72921752929688,0.8918517827987671,0.0,0.0,0.052648793905973434,0.0,0.0,0.12196487933397293,0.0,0.0,0.002055374439805746,0.0,0.0,0.004536041058599949
329,True,0.0,0.0,0.022924164310097694,0.0,0.0,0.007192255929112434,0.0,0.0,0.0021181271877139807,0.0,0.0,0.008489047177135944,0.0,0.0,0.0017291310941800475,0.0,0.0,0.16084842383861542,0.0,0.0,0.37014350295066833,312.9430236816406,94.92019653320312,0.6036413908004761,200.18028259277344,42.64772033691406,0.8347263336181641,268.58233642578125,168.79251098632812,0.7109692096710205,155.58676147460938,50.49638366699219,0.8882667422294617,303.841796875,164.2283935546875,0.8002447485923767,255.63780212402344,160.3135986328125,0.8689811825752258,0.0,0.0,0.10027587413787842,0.0,0.0,0.17054960131645203,0.0,0.0,0.005057307425886393,0.0,0.0,0.009241368621587753
330,True,0.0,0.0,0.009473785758018494,0.0,0.0,0.0034264728892594576,0.0,0.0,0.0012582972412928939,0.0,0.0,0.0079301493242383,0.0,0.0,0.0011599288554862142,0.0,0.0,0.04821113124489784,0.0,0.0,0.31062084436416626,0.0,0.0,0.26129406690597534,196.25709533691406,38.43932342529297,0.8059802055358887,0.0,0.0,0.4465109705924988,152.9857177734375,52.87455749511719,0.8377360701560974,309.18505859375,170.16122436523438,0.5646867752075195,253.59097290039062,165.7524871826172,0.7854129076004028,0.0,0.0,0.03792880102992058,0.0,0.0,0.09532035142183304,0.0,0.0,0.003087974153459072,0.0,0.0,0.007210077717900276
331,True,0.0,0.0,0.015698004513978958,0.0,0.0,0.005263977218419313,0.0,0.0,0.0023174325469881296,0.0,0.0,0.008847230114042759,0.0,0.0,0.0017692905385047197,0.0,0.0,0.05532670021057129,0.0,0.0,0.37394627928733826,0.0,0.0,0.2427903264760971,194.96311950683594,39.39771270751953,0.8222488760948181,0.0,0.0,0.425749808549881,151.5224609375,52.955108642578125,0.8465490937232971,309.7947692871094,169.96128845214844,0.53879714012146,255.47447204589844,165.6933135986328,0.7811982035636902,0.0,0.0,0.0372084379196167,0.0,0.0,0.09918416291475296,0.0,0.0,0.003175606718286872,0.0,0.0,0.00772469025105238
332,True,0.0,0.0,0.027407167479395866,0.0,0.0,0.008853428065776825,0.0,0.0,0.002531585516408086,0.0,0.0,0.010340969078242779,0.0,0.0,0.002058780752122402,0.0,0.0,0.18666522204875946,0.0,0.0,0.430804044008255,313.2672119140625,98.07695007324219,0.6041903495788574,195.2651824951172,44.6839599609375,0.8456916213035583,268.4803161621094,168.0702667236328,0.6947973370552063,152.63381958007812,48.34300231933594,0.8871219158172607,305.65673828125,167.8402099609375,0.7903816103935242,255.91305541992188,163.97291564941406,0.8659283518791199,0.0,0.0,0.08038051426410675,0.0,0.0,0.1424424648284912,0.0,0.0,0.0037598656490445137,0.0,0.0,0.007053227163851261
333,True,0.0,0.0,0.008624650537967682,0.0,0.0,0.002147552790120244,0.0,0.0,0.0011646808125078678,0.0,0.0,0.004377387929707766,0.0,0.0,0.00224043196067214,0.0,0.0,0.12255427986383438,0.0,0.0,0.43732723593711853,314.5281677246094,94.46074676513672,0.5178177356719971,192.93121337890625,44.700401306152344,0.8891366124153137,272.5301513671875,164.58065795898438,0.5668659210205078,150.9554443359375,45.763267517089844,0.8963161110877991,303.1800231933594,161.97804260253906,0.8364301323890686,251.35537719726562,159.3090057373047,0.9155301451683044,0.0,0.0,0.0719890221953392,0.0,0.0,0.15977373719215393,0.0,0.0,0.0029044058173894882,0.0,0.0,0.006301118526607752
334,True,0.0,0.0,0.012031988240778446,0.0,0.0,0.0029098421800881624,0.0,0.0,0.001553366077132523,0.0,0.0,0.0051552727818489075,0.0,0.0,0.0028042399790138006,0.0,0.0,0.13659679889678955,0.0,0.0,0.48592686653137207,0.0,0.0,0.48228174448013306,191.83314514160156,45.01298522949219,0.8905488848686218,271.5941162109375,163.29617309570312,0.5048313140869141,151.12838745117188,45.89698791503906,0.8881610035896301,302.012939453125,164.29014587402344,0.8079499006271362,252.80413818359375,161.4318389892578,0.9050381779670715,0.0,0.0,0.06273042410612106,0.0,0.0,0.15090227127075195,0.0,0.0,0.0027411854825913906,0.0,0.0,0.006351524963974953
335,True,0.0,0.0,0.030714746564626694,0.0,0.0,0.01020473800599575,0.0,0.0,0.0024710758589208126,0.0,0.0,0.013856452889740467,0.0,0.0,0.0020625784527510405,0.0,0.0,0.24624790251255035,225.31417846679688,0.35538482666015625,0.5080267786979675,309.27362060546875,102.56439208984375,0.6433997750282288,192.93264770507812,45.298095703125,0.8665742874145508,267.3282775878906,166.05667114257812,0.7090733051300049,149.75167846679688,46.16978454589844,0.8927624225616455,301.06439208984375,167.0417938232422,0.8064810037612915,254.27279663085938,162.85174560546875,0.8773343563079834,0.0,0.0,0.09690824896097183,0.0,0.0,0.17076875269412994,0.0,0.0,0.004608653020113707,0.0,0.0,0.0087588494643569
336,True,0.0,0.0,0.045591939240694046,0.0,0.0,0.016139572486281395,0.0,0.0,0.0037715935613960028,0.0,0.0,0.01870330609381199,0.0,0.0,0.002532277023419738,0.0,0.0,0.28003543615341187,226.613037109375,1.1047821044921875,0.5533958673477173,311.4080810546875,103.06008911132812,0.6565417647361755,192.2291717529297,44.727333068847656,0.8676688075065613,265.7841796875,166.38113403320312,0.7271287441253662,148.33880615234375,46.34569549560547,0.8953440189361572,302.01416015625,167.38352966308594,0.8145531415939331,253.93075561523438,162.87429809570312,0.8819271326065063,0.0,0.0,0.09957306832075119,0.0,0.0,0.17169633507728577,0.0,0.0,0.004567199852317572,0.0,0.0,0.008550100959837437
337,True,0.0,0.0,0.035328540951013565,0.0,0.0,0.012269893661141396,0.0,0.0,0.0027375926729291677,0.0,0.0,0.015057479031383991,0.0,0.0,0.001972770318388939,0.0,0.0,0.23818139731884003,0.0,0.0,0.4861345887184143,309.73883056640625,101.18978881835938,0.6448407769203186,190.4579315185547,44.50776672363281,0.8505743145942688,265.2635192871094,167.1856689453125,0.730157196521759,148.58314514160156,46.9788818359375,0.8913767337799072,301.62042236328125,169.37088012695312,0.7818002700805664,255.00213623046875,165.46958923339844,0.8554227948188782,0.0,0.0,0.08746121823787689,0.0,0.0,0.14773327112197876,0.0,0.0,0.004271123092621565,0.0,0.0,0.007783996872603893
338,True,0.0,0.0,0.035610347986221313,0.0,0.0,0.011870591901242733,0.0,0.0,0.003124662907794118,0.0,0.0,0.01409152988344431,0.0,0.0,0.002423124620690942,0.0,0.0,0.2326643466949463,226.1713104248047,0.7508697509765625,0.510791003704071,310.7117004394531,99.92144012451172,0.6166221499443054,191.29010009765625,44.77497863769531,0.8616362810134888,267.7585144042969,166.28919982910156,0.6959004998207092,150.7489013671875,47.25432586669922,0.8916065692901611,302.31988525390625,166.67283630371094,0.7954515814781189,254.4219207763672,162.81353759765625,0.872963011264801,0.0,0.0,0.09398891776800156,0.0,0.0,0.16806408762931824,0.0,0.0,0.004710665438324213,0.0,0.0,0.009011528454720974
339,True,0.0,0.0,0.034434013068675995,0.0,0.0,0.011507324874401093,0.0,0.0,0.0028707815799862146,0.0,0.0,0.013659391552209854,0.0,0.0,0.0021633931901305914,0.0,0.0,0.217289999127388,0.0,0.0,0.48716506361961365,311.015380859375,98.56095886230469,0.600409984588623,191.4830780029297,43.72666931152344,0.8541672825813293,270.09521484375,166.46502685546875,0.6835781335830688,149.10171508789062,47.24175262451172,0.887507975101471,302.2488098144531,168.42401123046875,0.7703330516815186,255.51882934570312,164.6487274169922,0.8565782904624939,0.0,0.0,0.07977348566055298,0.0,0.0,0.146526038646698,0.0,0.0,0.004002670291811228,0.0,0.0,0.007794898469001055
340,True,0.0,0.0,0.023492470383644104,0.0,0.0,0.00920312013477087,0.0,0.0,0.0023473596666008234,0.0,0.0,0.01619972661137581,0.0,0.0,0.0014036447973921895,0.0,0.0,0.1054849922657013,0.0,0.0,0.4114469289779663,0.0,0.0,0.3646608293056488,188.1976776123047,36.61509704589844,0.7963886260986328,269.10870361328125,163.84820556640625,0.5147346258163452,144.55252075195312,47.58460998535156,0.8167303204536438,304.3902587890625,169.92486572265625,0.5883318781852722,254.0374755859375,164.9375,0.7744924426078796,0.0,0.0,0.0461028628051281,0.0,0.0,0.09509658068418503,0.0,0.0,0.003641516901552677,0.0,0.0,0.007459559943526983
341,True,0.0,0.0,0.0375547893345356,0.0,0.0,0.013112086802721024,0.0,0.0,0.00338517758063972,0.0,0.0,0.015349989756941795,0.0,0.0,0.002529399935156107,0.0,0.0,0.2250686138868332,226.0589141845703,0.851715087890625,0.5136834383010864,311.1978454589844,99.01632690429688,0.5967271327972412,190.88926696777344,42.58039855957031,0.8615232706069946,267.4016418457031,166.22943115234375,0.6852402687072754,151.8349609375,46.23139190673828,0.8924388885498047,301.785888671875,163.39651489257812,0.8017773032188416,253.301025390625,159.43759155273438,0.8806586265563965,0.0,0.0,0.1112750992178917,0.0,0.0,0.2024252563714981,0.0,0.0,0.006130048539489508,0.0,0.0,0.012047511525452137
342,True,0.0,0.0,0.0409126803278923,0.0,0.0,0.013928216882050037,0.0,0.0,0.003769999137148261,0.0,0.0,0.014882066287100315,0.0,0.0,0.00275434460490942,0.0,0.0,0.2298969328403473,226.74864196777344,0.0,0.5092298984527588,311.71539306640625,99.35118103027344,0.5918927192687988,191.0557098388672,42.01850891113281,0.8546956777572632,268.6959533691406,166.749755859375,0.6728589534759521,152.13827514648438,47.180152893066406,0.8871835470199585,302.6837158203125,163.38807678222656,0.7933812737464905,254.46641540527344,159.30706787109375,0.8738492131233215,0.0,0.0,0.105378158390522,0.0,0.0,0.1917884647846222,0.0,0.0,0.005831780377775431,0.0,0.0,0.011410752311348915
343,True,0.0,0.0,0.04044540226459503,0.0,0.0,0.015345889143645763,0.0,0.0,0.0033429560717195272,0.0,0.0,0.017920374870300293,0.0,0.0,0.0022187214344739914,0.0,0.0,0.23108577728271484,227.2115478515625,1.3713836669921875,0.5046185851097107,310.8165588378906,99.80085754394531,0.6186990737915039,190.9117431640625,41.867156982421875,0.8577903509140015,264.0194396972656,166.95706176757812,0.7188745141029358,153.48837280273438,44.528785705566406,0.8970091342926025,302.107666015625,164.94091796875,0.8055353760719299,253.0478515625,160.82716369628906,0.8791547417640686,0.0,0.0,0.10386263579130173,0.0,0.0,0.18442094326019287,0.0,0.0,0.005247919354587793,0.0,0.0,0.010081184096634388
344,True,0.0,0.0,0.04006831720471382,0.0,0.0,0.015264252200722694,0.0,0.0,0.003363292431458831,0.0,0.0,0.017909526824951172,0.0,0.0,0.002243342809379101,0.0,0.0,0.2277374267578125,0.0,0.0,0.4987548589706421,311.4206237792969,98.83432006835938,0.6127257943153381,190.50241088867188,41.98390197753906,0.853398859500885,265.23992919921875,166.42935180664062,0.7109940648078918,153.31634521484375,44.32063293457031,0.8927481770515442,302.196533203125,164.29161071777344,0.8056223392486572,253.16249084472656,160.37738037109375,0.8788858652114868,0.0,0.0,0.10798519849777222,0.0,0.0,0.1899585723876953,0.0,0.0,0.005656356457620859,0.0,0.0,0.010812923312187195
345,True,0.0,0.0,0.03606921806931496,0.0,0.0,0.013603050261735916,0.0,0.0,0.003025613259524107,0.0,0.0,0.017553940415382385,0.0,0.0,0.002219904214143753,0.0,0.0,0.23936741054058075,225.61273193359375,2.064208984375,0.5064232349395752,312.1449890136719,98.11858367919922,0.6371280550956726,190.75637817382812,41.76441192626953,0.8601524233818054,265.1195068359375,165.73097229003906,0.7248095870018005,152.9416046142578,43.969696044921875,0.8957282304763794,302.18701171875,163.4791259765625,0.829937219619751,252.69601440429688,159.67127990722656,0.892959713935852,0.0,0.0,0.12286391854286194,0.0,0.0,0.21037033200263977,0.0,0.0,0.006311511155217886,0.0,0.0,0.0119217149913311
346,True,0.0,0.0,0.04564784839749336,0.0,0.0,0.018452495336532593,0.0,0.0,0.0037167067639529705,0.0,0.0,0.02207018807530403,0.0,0.0,0.0023361037019640207,0.0,0.0,0.2573521137237549,226.18350219726562,1.9665603637695312,0.52586430311203,310.9400939941406,97.9610366821289,0.6303480863571167,190.75674438476562,41.582794189453125,0.8545269966125488,264.7810974121094,166.00262451171875,0.7203884720802307,153.8760528564453,44.30449676513672,0.8913328647613525,300.69500732421875,161.9512939453125,0.828840434551239,252.1910400390625,157.8499298095703,0.8921477198600769,0.0,0.0,0.13596592843532562,0.0,0.0,0.22997553646564484,0.0,0.0,0.007421157788485289,0.0,0.0,0.014018619433045387
347,True,0.0,0.0,0.03772738203406334,0.0,0.0,0.01522844284772873,0.0,0.0,0.002853052457794547,0.0,0.0,0.019754683598876,0.0,0.0,0.0019344330066815019,0.0,0.0,0.25202351808547974,0.0,0.0,0.48775672912597656,311.8460693359375,97.73633575439453,0.6521221995353699,192.0862274169922,40.94743347167969,0.8480455279350281,265.174072265625,166.54237365722656,0.727726399898529,153.93614196777344,42.47449493408203,0.8862009644508362,302.6426086425781,165.19326782226562,0.8275594711303711,253.2506561279297,160.97784423828125,0.8859990239143372,0.0,0.0,0.1047845333814621,0.0,0.0,0.17582844197750092,0.0,0.0,0.004885771777480841,0.0,0.0,0.009069711901247501
348,True,0.0,0.0,0.03623059391975403,0.0,0.0,0.015144236385822296,0.0,0.0,0.002554077422246337,0.0,0.0,0.020398221909999847,0.0,0.0,0.0016862014308571815,0.0,0.0,0.24831338226795197,0.0,0.0,0.4740390181541443,312.9449462890625,98.63306427001953,0.6677407026290894,191.8546600341797,41.49676513671875,0.8489141464233398,265.065673828125,166.81063842773438,0.7558538317680359,154.40093994140625,42.17185974121094,0.8944644927978516,303.0252685546875,168.33053588867188,0.8205816745758057,253.264404296875,164.05625915527344,0.8789358735084534,0.0,0.0,0.09795145690441132,0.0,0.0,0.16259226202964783,0.0,0.0,0.004459156189113855,0.0,0.0,0.008183063007891178
349,True,0.0,0.0,0.041289858520030975,0.0,0.0,0.017454110085964203,0.0,0.0,0.003085153875872493,0.0,0.0,0.02274056151509285,0.0,0.0,0.0019947239197790623,0.0,0.0,0.26497066020965576,224.9671630859375,1.0462646484375,0.5092369318008423,311.6842956542969,98.43145751953125,0.6640666127204895,191.31202697753906,40.55205535888672,0.8563302755355835,265.33746337890625,165.7473602294922,0.7414143681526184,154.2200927734375,41.82530975341797,0.8925065994262695,303.04052734375,163.45611572265625,0.8398963809013367,253.22360229492188,159.15365600585938,0.895223081111908,0.0,0.0,0.11433852463960648,0.0,0.0,0.1906454712152481,0.0,0.0,0.005191096570342779,0.0,0.0,0.009660102427005768
350,True,0.0,0.0,0.04225039482116699,0.0,0.0,0.016908293589949608,0.0,0.0,0.0033774615731090307,0.0,0.0,0.020326048135757446,0.0,0.0,0.002227567136287689,0.0,0.0,0.2637787461280823,226.16294860839844,1.804656982421875,0.5050126910209656,312.35137939453125,97.6308822631836,0.6617915630340576,190.92019653320312,39.998573303222656,0.8532130122184753,267.0916442871094,165.93179321289062,0.740106999874115,154.5059051513672,41.5731201171875,0.8920044898986816,303.365966796875,163.6170654296875,0.8347836136817932,253.31004333496094,159.6064910888672,0.8908292651176453,0.0,0.0,0.12155980616807938,0.0,0.0,0.19939497113227844,0.0,0.0,0.006054270081222057,0.0,0.0,0.011043397709727287
351,True,0.0,0.0,0.037610288709402084,0.0,0.0,0.015003645792603493,0.0,0.0,0.002933499636128545,0.0,0.0,0.018438249826431274,0.0,0.0,0.0019851650577038527,0.0,0.0,0.23845630884170532,0.0,0.0,0.48682159185409546,312.37738037109375,97.38463592529297,0.645090639591217,190.16021728515625,39.84968566894531,0.8522482514381409,266.5978088378906,166.40684509277344,0.7363707423210144,154.1453399658203,41.98872375488281,0.8950428366661072,304.38525390625,163.470947265625,0.8262002468109131,254.28793334960938,159.6079864501953,0.887752890586853,0.0,0.0,0.12243350595235825,0.0,0.0,0.20457574725151062,0.0,0.0,0.006354787852615118,0.0,0.0,0.011791291646659374
352,True,0.0,0.0,0.03957071900367737,0.0,0.0,0.01554703339934349,0.0,0.0,0.0029824702069163322,0.0,0.0,0.01852250099182129,0.0,0.0,0.0019291285425424576,0.0,0.0,0.23729285597801208,0.0,0.0,0.49236011505126953,311.5939025878906,97.81424713134766,0.6457924246788025,189.63951110839844,39.947723388671875,0.8559696674346924,266.57952880859375,166.12344360351562,0.7411594390869141,153.74066162109375,42.27699279785156,0.898470938205719,304.0185241699219,164.7335205078125,0.8163970112800598,254.62025451660156,160.68731689453125,0.8824818730354309,0.0,0.0,0.10933560132980347,0.0,0.0,0.18485580384731293,0.0,0.0,0.005418461747467518,0.0,0.0,0.010077416896820068
353,True,0.0,0.0,0.03703034669160843,0.0,0.0,0.014455580152571201,0.0,0.0,0.0028510033152997494,0.0,0.0,0.01743089221417904,0.0,0.0,0.0018978925654664636,0.0,0.0,0.2347966432571411,0.0,0.0,0.4748944640159607,313.0747375488281,96.76573944091797,0.6538509130477905,190.79013061523438,39.07769775390625,0.8512512445449829,267.1971130371094,165.46322631835938,0.7502787113189697,153.69241333007812,41.54869079589844,0.8976697325706482,304.772705078125,164.8511199951172,0.8215354681015015,254.35354614257812,160.69317626953125,0.8828862905502319,0.0,0.0,0.1109665185213089,0.0,0.0,0.18334689736366272,0.0,0.0,0.005435334984213114,0.0,0.0,0.009907732717692852
354,True,0.0,0.0,0.03701924532651901,0.0,0.0,0.014540087431669235,0.0,0.0,0.0028530468698590994,0.0,0.0,0.017338156700134277,0.0,0.0,0.0018790772883221507,0.0,0.0,0.21971528232097626,0.0,0.0,0.4854621887207031,311.43658447265625,98.37513732910156,0.6192508935928345,190.81265258789062,38.197715759277344,0.8555577993392944,266.5145568847656,165.5346221923828,0.7240132093429565,153.84732055664062,40.36455535888672,0.8975730538368225,304.7138671875,165.03085327148438,0.8177942633628845,255.0389404296875,160.593505859375,0.8878850340843201,0.0,0.0,0.1203296035528183,0.0,0.0,0.2088068425655365,0.0,0.0,0.00640217075124383,0.0,0.0,0.012267514131963253
355,True,0.0,0.0,0.04134901612997055,0.0,0.0,0.016416823491454124,0.0,0.0,0.0032581714913249016,0.0,0.0,0.01744450442492962,0.0,0.0,0.0019723696168512106,0.0,0.0,0.20799049735069275,0.0,0.0,0.4655146896839142,311.8825988769531,97.72177124023438,0.5893928408622742,189.25721740722656,37.619903564453125,0.8380962610244751,267.7494201660156,165.94680786132812,0.7029043436050415,153.11744689941406,41.988433837890625,0.8883572220802307,305.5166931152344,165.25425720214844,0.7843490839004517,255.93182373046875,160.72164916992188,0.8657678961753845,0.0,0.0,0.1028265506029129,0.0,0.0,0.18090052902698517,0.0,0.0,0.005627652630209923,0.0,0.0,0.010778931900858879
356,True,0.0,0.0,0.04319362714886665,0.0,0.0,0.016642527654767036,0.0,0.0,0.0036202005576342344,0.0,0.0,0.017081715166568756,0.0,0.0,0.0022624118719249964,0.0,0.0,0.22080597281455994,0.0,0.0,0.4755350649356842,312.4736328125,98.69023895263672,0.5990334153175354,188.36404418945312,37.08606719970703,0.8353573679924011,267.735107421875,166.5164337158203,0.7095388174057007,153.8705291748047,41.90057373046875,0.8876730799674988,305.444091796875,165.47007751464844,0.7901645302772522,255.62945556640625,160.8885040283203,0.8664733171463013,0.0,0.0,0.11095437407493591,0.0,0.0,0.18904711306095123,0.0,0.0,0.006324854213744402,0.0,0.0,0.011766260489821434
357,True,0.0,0.0,0.044174786657094955,0.0,0.0,0.01746385172009468,0.0,0.0,0.0037663693074136972,0.0,0.0,0.017843155190348625,0.0,0.0,0.0022264078725129366,0.0,0.0,0.2087658941745758,0.0,0.0,0.4819299578666687,313.34271240234375,96.59786224365234,0.5867983102798462,187.97000122070312,37.08113098144531,0.8401063680648804,268.85296630859375,165.76385498046875,0.708905816078186,152.86410522460938,41.789634704589844,0.8917326927185059,306.0994873046875,163.27520751953125,0.7987703680992126,255.8617706298828,159.01112365722656,0.8760942816734314,0.0,0.0,0.11900954693555832,0.0,0.0,0.20497964322566986,0.0,0.0,0.0067358906380832195,0.0,0.0,0.012722385115921497
358,True,0.0,0.0,0.04537244513630867,0.0,0.0,0.019130585715174675,0.0,0.0,0.003462888766080141,0.0,0.0,0.019675061106681824,0.0,0.0,0.0018935257103294134,0.0,0.0,0.2175278663635254,0.0,0.0,0.4518590569496155,311.968505859375,97.11164093017578,0.6141084432601929,187.74423217773438,36.38066101074219,0.8239971995353699,266.93511962890625,167.0081787109375,0.7332033514976501,153.771728515625,42.82460021972656,0.8875789642333984,305.4332275390625,164.4557342529297,0.801929235458374,256.39422607421875,160.0032501220703,0.8699237704277039,0.0,0.0,0.1215694472193718,0.0,0.0,0.19699764251708984,0.0,0.0,0.006799006834626198,0.0,0.0,0.012272489257156849
359,True,0.0,0.0,0.03904580697417259,0.0,0.0,0.015873918309807777,0.0,0.0,0.0032229439821094275,0.0,0.0,0.017172690480947495,0.0,0.0,0.001999222906306386,0.0,0.0,0.20584146678447723,0.0,0.0,0.4549328684806824,314.7116394042969,97.91020202636719,0.5995356440544128,185.45684814453125,36.128997802734375,0.8285717368125916,267.4442443847656,166.46011352539062,0.7213120460510254,153.36843872070312,40.58488464355469,0.8884254097938538,306.8428039550781,165.72506713867188,0.7994207143783569,255.14268493652344,161.4677276611328,0.8711848258972168,0.0,0.0,0.10944198071956635,0.0,0.0,0.18346548080444336,0.0,0.0,0.005895080044865608,0.0,0.0,0.0108167240396142
360,True,0.0,0.0,0.04212307557463646,0.0,0.0,0.017013229429721832,0.0,0.0,0.0035244717728346586,0.0,0.0,0.017642050981521606,0.0,0.0,0.0020956227090209723,0.0,0.0,0.21017424762248993,0.0,0.0,0.4615631699562073,314.8897705078125,98.04133605957031,0.6007855534553528,185.83702087402344,36.45616149902344,0.8279392123222351,267.00836181640625,166.58566284179688,0.7187352776527405,153.22021484375,40.500091552734375,0.886782705783844,307.025146484375,166.69882202148438,0.8005872964859009,255.4022216796875,162.4268798828125,0.8717503547668457,0.0,0.0,0.10647069662809372,0.0,0.0,0.17831331491470337,0.0,0.0,0.005668523721396923,0.0,0.0,0.01039572898298502
361,True,0.0,0.0,0.010978246107697487,0.0,0.0,0.0038911837618798018,0.0,0.0,0.001062015420757234,0.0,0.0,0.007496603764593601,0.0,0.0,0.0013875100994482636,0.0,0.0,0.1146652102470398,0.0,0.0,0.36874493956565857,313.79315185546875,96.66648864746094,0.5076251029968262,185.16537475585938,36.287071228027344,0.8385376930236816,265.8813171386719,165.3253936767578,0.6086112260818481,154.61956787109375,38.21825408935547,0.8787818551063538,305.8572082519531,163.57733154296875,0.8050297498703003,252.8448028564453,159.79541015625,0.8888965845108032,0.0,0.0,0.07373405247926712,0.0,0.0,0.14505329728126526,0.0,0.0,0.003336050547659397,0.0,0.0,0.006665327586233616
362,True,0.0,0.0,0.011406680569052696,0.0,0.0,0.003953878302127123,0.0,0.0,0.0011322653153911233,0.0,0.0,0.007562693208456039,0.0,0.0,0.0015220518689602613,0.0,0.0,0.11632686108350754,0.0,0.0,0.3945940434932709,0.0,0.0,0.47739046812057495,186.4130096435547,35.415618896484375,0.8445645570755005,267.5651550292969,164.14805603027344,0.5674012899398804,155.17149353027344,38.211669921875,0.8739479780197144,304.55426025390625,162.36605834960938,0.8108668327331543,252.58609008789062,158.3468780517578,0.898392915725708,0.0,0.0,0.08553163707256317,0.0,0.0,0.175469309091568,0.0,0.0,0.004300645552575588,0.0,0.0,0.008975629694759846
363,True,0.0,0.0,0.044918857514858246,0.0,0.0,0.01787744089961052,0.0,0.0,0.003971068188548088,0.0,0.0,0.017642943188548088,0.0,0.0,0.0024353975895792246,0.0,0.0,0.21782271564006805,0.0,0.0,0.46041542291641235,312.75262451171875,96.73970794677734,0.5793132185935974,186.706787109375,34.560279846191406,0.8203586935997009,271.0356140136719,165.56106567382812,0.6754598021507263,153.34213256835938,39.85636901855469,0.8717249035835266,305.2605895996094,162.93304443359375,0.8046600222587585,255.01319885253906,158.3919677734375,0.8750355839729309,0.0,0.0,0.11471401154994965,0.0,0.0,0.1947927176952362,0.0,0.0,0.0064019407145679,0.0,0.0,0.011947913095355034
364,True,0.0,0.0,0.05265343189239502,0.0,0.0,0.020998071879148483,0.0,0.0,0.0047596474178135395,0.0,0.0,0.01907210238277912,0.0,0.0,0.0027957416605204344,0.0,0.0,0.2296976000070572,0.0,0.0,0.48362839221954346,312.16082763671875,98.84603118896484,0.5580521821975708,185.4490966796875,34.24925994873047,0.8158226013183594,272.7966613769531,165.68161010742188,0.640021562576294,153.09898376464844,40.70780944824219,0.8613460659980774,305.380126953125,161.87217712402344,0.79426509141922,255.56015014648438,157.08482360839844,0.8710788488388062,0.0,0.0,0.11883454024791718,0.0,0.0,0.2053517997264862,0.0,0.0,0.007149710785597563,0.0,0.0,0.013563182204961777
365,True,0.0,0.0,0.05642762407660484,0.0,0.0,0.02198786288499832,0.0,0.0,0.005535781383514404,0.0,0.0,0.01814853958785534,0.0,0.0,0.0032120326068252325,0.0,0.0,0.22548407316207886,0.0,0.0,0.4785592555999756,313.4576416015625,96.98713684082031,0.5395485758781433,186.63555908203125,34.64112091064453,0.8049384355545044,273.74542236328125,164.86636352539062,0.6184027791023254,152.67538452148438,41.296546936035156,0.8517216444015503,306.655517578125,160.96353149414062,0.7817724943161011,256.01800537109375,156.23892211914062,0.8625292181968689,0.0,0.0,0.1174558699131012,0.0,0.0,0.20250673592090607,0.0,0.0,0.007449683733284473,0.0,0.0,0.014018572866916656
366,True,0.0,0.0,0.05718569457530975,0.0,0.0,0.020899275317788124,0.0,0.0,0.0056778546422719955,0.0,0.0,0.016439523547887802,0.0,0.0,0.0034446795471012592,0.0,0.0,0.2198071926832199,0.0,0.0,0.47970449924468994,306.2664489746094,92.67399597167969,0.5368649363517761,186.73922729492188,34.608177185058594,0.8079913854598999,265.909423828125,157.48097229003906,0.6009582281112671,150.9814453125,42.23121643066406,0.8516237735748291,306.2076416015625,158.81947326660156,0.7856252789497375,256.76263427734375,154.68975830078125,0.8678125739097595,0.0,0.0,0.13034285604953766,0.0,0.0,0.22562731802463531,0.0,0.0,0.008866894990205765,0.0,0.0,0.016899505630135536
367,True,0.0,0.0,0.06073930487036705,0.0,0.0,0.022943055257201195,0.0,0.0,0.005990810226649046,0.0,0.0,0.01794283650815487,0.0,0.0,0.0034240311942994595,0.0,0.0,0.2243499457836151,0.0,0.0,0.49794095754623413,309.7403869628906,95.58771514892578,0.5208075046539307,186.4424285888672,34.258033752441406,0.8124816417694092,270.719970703125,160.4228973388672,0.5899786949157715,151.05935668945312,41.534385681152344,0.8515466451644897,306.2511901855469,161.61465454101562,0.778745710849762,255.68283081054688,156.98619079589844,0.8670594096183777,0.0,0.0,0.12131702154874802,0.0,0.0,0.21787266433238983,0.0,0.0,0.008140871301293373,0.0,0.0,0.015933314338326454
368,True,0.0,0.0,0.04352452605962753,0.0,0.0,0.015481892973184586,0.0,0.0,0.004210302606225014,0.0,0.0,0.013367160223424435,0.0,0.0,0.002782572992146015,0.0,0.0,0.18654659390449524,0.0,0.0,0.44601261615753174,307.50860595703125,93.31732177734375,0.5020982623100281,188.0111541748047,33.050445556640625,0.8028285503387451,268.92425537109375,158.19967651367188,0.569164514541626,150.44320678710938,41.83103942871094,0.8433980941772461,305.735595703125,162.13525390625,0.7777585983276367,255.920166015625,157.43582153320312,0.8669978380203247,0.0,0.0,0.12241439521312714,0.0,0.0,0.2197863906621933,0.0,0.0,0.008537756279110909,0.0,0.0,0.016699401661753654
369,True,0.0,0.0,0.04864875599741936,0.0,0.0,0.01736578531563282,0.0,0.0,0.004650699906051159,0.0,0.0,0.013993306085467339,0.0,0.0,0.0029448140412569046,0.0,0.0,0.18553461134433746,0.0,0.0,0.44634461402893066,0.0,0.0,0.49265891313552856,186.5234832763672,32.547508239746094,0.7960439920425415,263.47198486328125,152.87464904785156,0.5603107810020447,150.4455108642578,40.08018493652344,0.8407549262046814,305.9262390136719,163.23460388183594,0.7582219243049622,256.5924072265625,158.84832763671875,0.855572521686554,0.0,0.0,0.11551360040903091,0.0,0.0,0.20924335718154907,0.0,0.0,0.008420315571129322,0.0,0.0,0.016517484560608864
370,True,0.0,0.0,0.04491644352674484,0.0,0.0,0.016962235793471336,0.0,0.0,0.004218134563416243,0.0,0.0,0.01387029979377985,0.0,0.0,0.002507711760699749,0.0,0.0,0.1763322800397873,0.0,0.0,0.4107176959514618,311.3287353515625,96.06224060058594,0.5026710629463196,186.4231414794922,32.76446533203125,0.7872123718261719,276.4396667480469,164.77017211914062,0.5871749520301819,152.45570373535156,39.85340881347656,0.8414652943611145,307.45208740234375,165.6505126953125,0.7460585236549377,257.1717224121094,161.18310546875,0.8402364253997803,0.0,0.0,0.09499656409025192,0.0,0.0,0.16902542114257812,0.0,0.0,0.006409710273146629,0.0,0.0,0.012204292230308056
371,True,0.0,0.0,0.04219676926732063,0.0,0.0,0.017565177753567696,0.0,0.0,0.003885581623762846,0.0,0.0,0.015719562768936157,0.0,0.0,0.0022038102615624666,0.0,0.0,0.17280632257461548,0.0,0.0,0.382507860660553,314.62615966796875,97.67446899414062,0.5181507468223572,186.620849609375,31.64586639404297,0.7724944353103638,277.0656433105469,165.97805786132812,0.630621075630188,154.33692932128906,36.16206359863281,0.8417799472808838,306.76910400390625,166.76690673828125,0.7377347946166992,255.31234741210938,162.0379180908203,0.8259919881820679,0.0,0.0,0.08837661147117615,0.0,0.0,0.14996355772018433,0.0,0.0,0.005693152546882629,0.0,0.0,0.010357466526329517
372,True,0.0,0.0,0.047507498413324356,0.0,0.0,0.02025514654815197,0.0,0.0,0.004338874481618404,0.0,0.0,0.017301667481660843,0.0,0.0,0.002338286256417632,0.0,0.0,0.1852666437625885,0.0,0.0,0.38454002141952515,314.7134704589844,97.43206787109375,0.5218389630317688,187.50917053222656,31.098655700683594,0.7642792463302612,277.511474609375,166.13809204101562,0.623884916305542,154.3834228515625,36.10821533203125,0.8336155414581299,306.5534973144531,164.97607421875,0.7348234057426453,255.30271911621094,160.12619018554688,0.8210317492485046,0.0,0.0,0.09160874038934708,0.0,0.0,0.15373237431049347,0.0,0.0,0.006035187281668186,0.0,0.0,0.01091927383095026
373,True,0.0,0.0,0.04869304597377777,0.0,0.0,0.02142839878797531,0.0,0.0,0.0044508739374578,0.0,0.0,0.0181486327201128,0.0,0.0,0.002321369480341673,0.0,0.0,0.18127430975437164,0.0,0.0,0.3734310567378998,314.36090087890625,95.85063934326172,0.5192015171051025,188.0615997314453,29.962806701660156,0.7548156380653381,276.4061279296875,165.49044799804688,0.6310335397720337,157.61334228515625,33.63459777832031,0.831941545009613,306.20880126953125,163.21377563476562,0.7367133498191833,256.00927734375,158.6449432373047,0.8203434348106384,0.0,0.0,0.09935108572244644,0.0,0.0,0.16361075639724731,0.0,0.0,0.006747443228960037,0.0,0.0,0.012071956880390644
374,True,0.0,0.0,0.06441748887300491,0.0,0.0,0.0307600200176239,0.0,0.0,0.005997697357088327,0.0,0.0,0.02515055611729622,0.0,0.0,0.0028603028040379286,0.0,0.0,0.21475936472415924,0.0,0.0,0.419114887714386,312.4560241699219,95.98230743408203,0.5129793286323547,187.3759765625,30.450584411621094,0.7531925439834595,277.69610595703125,164.9229278564453,0.5998389720916748,157.9746551513672,36.26439666748047,0.8177682757377625,305.21185302734375,158.63116455078125,0.7545698881149292,255.28411865234375,154.08204650878906,0.8351244330406189,0.0,0.0,0.12130492180585861,0.0,0.0,0.19952647387981415,0.0,0.0,0.008821501396596432,0.0,0.0,0.015997890383005142
375,True,0.0,0.0,0.05989716202020645,0.0,0.0,0.02898893691599369,0.0,0.0,0.005457601975649595,0.0,0.0,0.024632763117551804,0.0,0.0,0.0026757020968943834,0.0,0.0,0.2132183313369751,0.0,0.0,0.4019104838371277,313.765380859375,96.4278564453125,0.5281639099121094,187.53077697753906,30.124740600585938,0.7494879961013794,277.181640625,165.341064453125,0.6261005401611328,159.76206970214844,33.967552185058594,0.8236696720123291,305.7126770019531,159.1448211669922,0.7532394528388977,255.62258911132812,154.57266235351562,0.8297792077064514,0.0,0.0,0.12387993186712265,0.0,0.0,0.1983780860900879,0.0,0.0,0.009039198979735374,0.0,0.0,0.016033561900258064
376,True,0.0,0.0,0.022975977510213852,0.0,0.0,0.01040811836719513,0.0,0.0,0.002244664588943124,0.0,0.0,0.01422494649887085,0.0,0.0,0.001907098339870572,0.0,0.0,0.1198035478591919,0.0,0.0,0.3646933436393738,0.0,0.0,0.38897931575775146,188.41668701171875,29.407493591308594,0.7779685258865356,0.0,0.0,0.4584612250328064,163.83787536621094,33.215301513671875,0.8157228231430054,305.5642395019531,159.3099365234375,0.739691436290741,254.40664672851562,154.80691528320312,0.8534689545631409,0.0,0.0,0.07380242645740509,0.0,0.0,0.15586459636688232,0.0,0.0,0.004817407112568617,0.0,0.0,0.010309511795639992
377,True,0.0,0.0,0.0764295905828476,0.0,0.0,0.03776928037405014,0.0,0.0,0.007081589661538601,0.0,0.0,0.029136907309293747,0.0,0.0,0.003135235281661153,0.0,0.0,0.23859663307666779,0.0,0.0,0.4246372878551483,312.14495849609375,95.32102966308594,0.537784218788147,187.16578674316406,30.555213928222656,0.7434512376785278,277.16668701171875,165.59593200683594,0.6202753186225891,158.02786254882812,35.284217834472656,0.8160961270332336,305.50250244140625,158.3021240234375,0.7453469038009644,256.52691650390625,153.8253173828125,0.8202206492424011,0.0,0.0,0.12177462875843048,0.0,0.0,0.19149871170520782,0.0,0.0,0.009005960077047348,0.0,0.0,0.01574636809527874
378,True,0.0,0.0,0.07044345140457153,0.0,0.0,0.0321689248085022,0.0,0.0,0.00653678085654974,0.0,0.0,0.02565000019967556,0.0,0.0,0.0031600494403392076,0.0,0.0,0.23327401280403137,0.0,0.0,0.4474186897277832,310.3219909667969,94.09783935546875,0.5419615507125854,186.32095336914062,32.72052764892578,0.7719656825065613,275.746337890625,164.46719360351562,0.6222776770591736,156.44139099121094,37.12959289550781,0.8345388770103455,305.4371032714844,158.58367919921875,0.7545033693313599,257.0233154296875,154.81829833984375,0.8342240452766418,0.0,0.0,0.12541837990283966,0.0,0.0,0.20384657382965088,0.0,0.0,0.009199941530823708,0.0,0.0,0.016554132103919983
379,True,0.0,0.0,0.07666000723838806,0.0,0.0,0.0345078706741333,0.0,0.0,0.0070747737772762775,0.0,0.0,0.025775892660021782,0.0,0.0,0.003318325150758028,0.0,0.0,0.23686496913433075,0.0,0.0,0.457469642162323,306.95623779296875,93.59874725341797,0.533806324005127,184.90858459472656,32.672752380371094,0.7725868821144104,274.56915283203125,161.02877807617188,0.6041593551635742,155.11886596679688,37.44853973388672,0.8306608200073242,305.3193359375,157.96803283691406,0.7515907287597656,257.1915588378906,154.17742919921875,0.8348945379257202,0.0,0.0,0.1290787309408188,0.0,0.0,0.21148818731307983,0.0,0.0,0.009745101444423199,0.0,0.0,0.017698707059025764
380,True,0.0,0.0,0.06957624107599258,0.0,0.0,0.029531186446547508,0.0,0.0,0.006500443909317255,0.0,0.0,0.023765088990330696,0.0,0.0,0.003368763253092766,0.0,0.0,0.23661424219608307,0.0,0.0,0.4722115695476532,304.0865478515625,91.16177368164062,0.5435076951980591,185.7949676513672,33.620086669921875,0.7914430499076843,269.9595642089844,157.64361572265625,0.6046336889266968,154.09869384765625,37.35974884033203,0.8398171663284302,303.8979797363281,156.0725860595703,0.7664213180541992,256.4559326171875,152.7108917236328,0.8486696481704712,0.0,0.0,0.13494716584682465,0.0,0.0,0.22477427124977112,0.0,0.0,0.009954503737390041,0.0,0.0,0.018412485718727112
381,True,0.0,0.0,0.02040906809270382,0.0,0.0,0.0077956439927220345,0.0,0.0,0.0021118682343512774,0.0,0.0,0.0121395792812109,0.0,0.0,0.0022779612336307764,0.0,0.0,0.12022954970598221,0.0,0.0,0.44193729758262634,0.0,0.0,0.3984947204589844,186.0604705810547,33.19085693359375,0.8351803421974182,0.0,0.0,0.4336051344871521,152.53713989257812,34.40667724609375,0.8446223139762878,303.30120849609375,153.94497680664062,0.788217306137085,253.475341796875,151.03260803222656,0.8968244194984436,0.0,0.0,0.10096172243356705,0.0,0.0,0.2249736338853836,0.0,0.0,0.006586217787116766,0.0,0.0,0.015248650684952736
382,True,0.0,0.0,0.020357470959424973,0.0,0.0,0.007678581401705742,0.0,0.0,0.0022262807469815016,0.0,0.0,0.012099501676857471,0.0,0.0,0.0024461697321385145,0.0,0.0,0.1242716833949089,0.0,0.0,0.46246498823165894,0.0,0.0,0.40331539511680603,185.68788146972656,34.65132141113281,0.8460877537727356,0.0,0.0,0.4333420693874359,152.35992431640625,34.49712371826172,0.8486083149909973,304.21685791015625,154.43136596679688,0.79188472032547,252.77064514160156,151.43075561523438,0.8995664119720459,0.0,0.0,0.08904360234737396,0.0,0.0,0.20369671285152435,0.0,0.0,0.005359761416912079,0.0,0.0,0.012494588270783424
383,True,0.0,0.0,0.019874902442097664,0.0,0.0,0.0072044855915009975,0.0,0.0,0.0022944228257983923,0.0,0.0,0.01133643463253975,0.0,0.0,0.002617583842948079,0.0,0.0,0.12060677260160446,0.0,0.0,0.47944673895835876,0.0,0.0,0.38574597239494324,185.88893127441406,34.79789733886719,0.8572558164596558,0.0,0.0,0.42129361629486084,153.01719665527344,34.68543243408203,0.8550917506217957,303.6319274902344,154.6495361328125,0.7911263108253479,251.89556884765625,151.63247680664062,0.9034423828125,0.0,0.0,0.08635883033275604,0.0,0.0,0.2069493979215622,0.0,0.0,0.0051584141328930855,0.0,0.0,0.012423013336956501
384,True,0.0,0.0,0.05952109396457672,0.0,0.0,0.024683497846126556,0.0,0.0,0.005971826612949371,0.0,0.0,0.022892849519848824,0.0,0.0,0.0034425361081957817,0.0,0.0,0.23270180821418762,225.02609252929688,1.36798095703125,0.5248639583587646,312.7147521972656,96.2250747680664,0.5231252312660217,185.319091796875,35.115623474121094,0.82781583070755,276.2519836425781,163.93258666992188,0.5941490530967712,153.05645751953125,36.04938507080078,0.8571357131004333,304.64984130859375,158.84381103515625,0.7777552008628845,253.62042236328125,155.11985778808594,0.8684741854667664,0.0,0.0,0.11393369734287262,0.0,0.0,0.21087314188480377,0.0,0.0,0.0072748069651424885,0.0,0.0,0.014528135769069195
385,True,0.0,0.0,0.05755553022027016,0.0,0.0,0.02516266144812107,0.0,0.0,0.0054888734593987465,0.0,0.0,0.023565202951431274,0.0,0.0,0.0030557287391275167,0.0,0.0,0.2310735136270523,0.0,0.0,0.4887983798980713,314.07025146484375,97.15911102294922,0.5357336401939392,186.08877563476562,33.66896057128906,0.8102440237998962,275.6531677246094,165.7010498046875,0.6143781542778015,154.541259765625,35.26519012451172,0.8515854477882385,305.60986328125,159.75718688964844,0.7745949029922485,254.11639404296875,155.57936096191406,0.8595128059387207,0.0,0.0,0.10996448248624802,0.0,0.0,0.19589801132678986,0.0,0.0,0.006880488712340593,0.0,0.0,0.013310910202562809
386,True,0.0,0.0,0.06460831314325333,0.0,0.0,0.028332198038697243,0.0,0.0,0.006401992402970791,0.0,0.0,0.02436063624918461,0.0,0.0,0.0033646756783127785,0.0,0.0,0.22691519558429718,0.0,0.0,0.48900356888771057,312.92388916015625,96.17098999023438,0.5151861310005188,186.6374053955078,33.80207061767578,0.8036440014839172,277.13482666015625,165.22872924804688,0.5879878401756287,155.37863159179688,36.495216369628906,0.8437742590904236,306.04949951171875,158.33407592773438,0.7615333199501038,255.12527465820312,154.26821899414062,0.8524330854415894,0.0,0.0,0.10614893585443497,0.0,0.0,0.19214820861816406,0.0,0.0,0.006910379510372877,0.0,0.0,0.013512124307453632
387,True,0.0,0.0,0.0687185600399971,0.0,0.0,0.03051488660275936,0.0,0.0,0.006712311413139105,0.0,0.0,0.025678055360913277,0.0,0.0,0.003471007104963064,0.0,0.0,0.231632798910141,0.0,0.0,0.4956896901130676,309.5093994140625,93.92572021484375,0.5149950981140137,185.7530517578125,33.59300231933594,0.8028444051742554,274.19049072265625,160.6248779296875,0.5785223841667175,155.51193237304688,37.31414794921875,0.8411568999290466,305.7242736816406,157.90060424804688,0.7702276110649109,255.1295166015625,154.0219268798828,0.8587818145751953,0.0,0.0,0.11323177069425583,0.0,0.0,0.20450633764266968,0.0,0.0,0.007514260709285736,0.0,0.0,0.014793217182159424
388,True,0.0,0.0,0.01946183480322361,0.0,0.0,0.006903848145157099,0.0,0.0,0.0021900867577642202,0.0,0.0,0.010278187692165375,0.0,0.0,0.0025680670514702797,0.0,0.0,0.10414861887693405,0.0,0.0,0.4523038864135742,0.0,0.0,0.3626319468021393,186.3158416748047,32.68560028076172,0.8483549356460571,0.0,0.0,0.40924328565597534,156.1095733642578,36.205345153808594,0.8571482300758362,304.77081298828125,152.90310668945312,0.781042218208313,254.57095336914062,150.4301300048828,0.9017069935798645,0.0,0.0,0.09159481525421143,0.0,0.0,0.22282686829566956,0.0,0.0,0.005884498357772827,0.0,0.0,0.01457239966839552
389,True,0.0,0.0,0.07237853109836578,0.0,0.0,0.030493466183543205,0.0,0.0,0.007419240660965443,0.0,0.0,0.02424970641732216,0.0,0.0,0.0038970636669546366,0.0,0.0,0.22572949528694153,227.28469848632812,0.04290008544921875,0.5151602029800415,0.0,0.0,0.4924045503139496,185.49159240722656,34.011688232421875,0.8132346272468567,273.53985595703125,158.82496643066406,0.5530610084533691,156.83230590820312,38.75736999511719,0.8447182178497314,305.50384521484375,156.99111938476562,0.7597393989562988,254.90122985839844,153.0794219970703,0.8585893511772156,0.0,0.0,0.10446736961603165,0.0,0.0,0.19869272410869598,0.0,0.0,0.006936266086995602,0.0,0.0,0.014148249290883541
390,True,0.0,0.0,0.07821721583604813,0.0,0.0,0.03271118178963661,0.0,0.0,0.00794410239905119,0.0,0.0,0.025225114077329636,0.0,0.0,0.004053105600178242,0.0,0.0,0.24819104373455048,226.84759521484375,0.0,0.518626868724823,307.86309814453125,93.63531494140625,0.5302965641021729,185.4718475341797,33.88526153564453,0.8134676218032837,274.45794677734375,161.4608154296875,0.5857875943183899,156.67233276367188,39.568511962890625,0.848667562007904,305.69073486328125,156.597900390625,0.7653045058250427,255.34092712402344,152.77281188964844,0.8552015423774719,0.0,0.0,0.10387276113033295,0.0,0.0,0.18884782493114471,0.0,0.0,0.006668343674391508,0.0,0.0,0.013084274716675282
391,True,0.0,0.0,0.07167859375476837,0.0,0.0,0.029864443466067314,0.0,0.0,0.007223004940897226,0.0,0.0,0.02387644536793232,0.0,0.0,0.003824167652055621,0.0,0.0,0.249224454164505,226.5954132080078,0.0,0.5142271518707275,311.467041015625,96.95022583007812,0.539024293422699,185.44631958007812,34.348350524902344,0.8153300285339355,275.0644836425781,165.77099609375,0.598398745059967,156.80685424804688,39.3221435546875,0.8510560989379883,306.2698974609375,158.76971435546875,0.7733590006828308,254.62429809570312,154.4559326171875,0.8592604994773865,0.0,0.0,0.09919687360525131,0.0,0.0,0.17945243418216705,0.0,0.0,0.0059571703895926476,0.0,0.0,0.01159881055355072
392,True,0.0,0.0,0.07128431648015976,0.0,0.0,0.029121477156877518,0.0,0.0,0.007269502151757479,0.0,0.0,0.023540548980236053,0.0,0.0,0.003948125056922436,0.0,0.0,0.24863064289093018,226.3197784423828,0.0,0.5268305540084839,312.4547424316406,97.63777923583984,0.5360438227653503,184.6774139404297,34.25175476074219,0.8226680755615234,276.39971923828125,166.3164825439453,0.5975654125213623,155.85537719726562,38.59906768798828,0.8552737832069397,306.3223876953125,159.32823181152344,0.7613992094993591,254.68173217773438,155.17404174804688,0.8535721302032471,0.0,0.0,0.09035543352365494,0.0,0.0,0.16772755980491638,0.0,0.0,0.005368943326175213,0.0,0.0,0.010592835023999214
393,True,0.0,0.0,0.076424241065979,0.0,0.0,0.03241727128624916,0.0,0.0,0.007600864395499229,0.0,0.0,0.0250141229480505,0.0,0.0,0.003747796406969428,0.0,0.0,0.24331805109977722,226.97238159179688,0.0,0.5137914419174194,313.703125,98.68095397949219,0.5301358699798584,185.772216796875,32.89802551269531,0.81467205286026,274.8284912109375,167.51971435546875,0.6030815243721008,156.22911071777344,37.160614013671875,0.8552050590515137,307.3525085449219,160.1674346923828,0.7497493624687195,255.6124267578125,155.56280517578125,0.8451254367828369,0.0,0.0,0.08443818241357803,0.0,0.0,0.15775029361248016,0.0,0.0,0.004913099575787783,0.0,0.0,0.009755349718034267
394,True,0.0,0.0,0.07729804515838623,0.0,0.0,0.032901499420404434,0.0,0.0,0.007569857873022556,0.0,0.0,0.025697315111756325,0.0,0.0,0.0037233305629342794,0.0,0.0,0.2602018117904663,226.6243133544922,0.0,0.5179077386856079,314.2463073730469,97.7955551147461,0.5637521147727966,186.18255615234375,31.92706298828125,0.818632960319519,274.8001708984375,167.65325927734375,0.6354719400405884,155.61683654785156,36.53040313720703,0.8599050045013428,306.42596435546875,160.82150268554688,0.7693034410476685,254.70660400390625,156.08311462402344,0.8532013893127441,0.0,0.0,0.09071878343820572,0.0,0.0,0.16240043938159943,0.0,0.0,0.00519944354891777,0.0,0.0,0.010009326972067356
395,True,0.0,0.0,0.06859266757965088,0.0,0.0,0.02726067788898945,0.0,0.0,0.006791777443140745,0.0,0.0,0.022110072895884514,0.0,0.0,0.003669357392936945,0.0,0.0,0.24448645114898682,227.17233276367188,0.0,0.5338341593742371,313.8581237792969,99.72842407226562,0.5298044681549072,186.01829528808594,32.96452331542969,0.8290507793426514,274.13970947265625,167.3425750732422,0.6025221943855286,154.58096313476562,37.35576629638672,0.8627486824989319,306.4652099609375,162.24676513671875,0.7615098357200623,254.62083435058594,157.26087951660156,0.8575688600540161,0.0,0.0,0.09110209345817566,0.0,0.0,0.17369315028190613,0.0,0.0,0.005398636218160391,0.0,0.0,0.010928335599601269
396,True,0.0,0.0,0.07619836926460266,0.0,0.0,0.03083452768623829,0.0,0.0,0.007469628006219864,0.0,0.0,0.023119473829865456,0.0,0.0,0.0038103668484836817,0.0,0.0,0.24732960760593414,228.43008422851562,0.0,0.5223771929740906,313.2655029296875,100.2637939453125,0.5310431122779846,186.70301818847656,32.872459411621094,0.8189228773117065,273.39764404296875,167.63876342773438,0.6023641228675842,155.82254028320312,37.01365661621094,0.8576711416244507,307.2730712890625,163.65536499023438,0.7379293441772461,255.598388671875,158.51556396484375,0.838324785232544,0.0,0.0,0.07836907356977463,0.0,0.0,0.1487787812948227,0.0,0.0,0.004647872876375914,0.0,0.0,0.009293855167925358
397,True,0.0,0.0,0.08228231966495514,0.0,0.0,0.03360026329755783,0.0,0.0,0.007895132526755333,0.0,0.0,0.023612141609191895,0.0,0.0,0.003741081804037094,0.0,0.0,0.24940474331378937,229.34487915039062,0.0,0.5055375099182129,313.2477111816406,99.7652359008789,0.5364269614219666,187.74876403808594,32.37128448486328,0.8071913123130798,272.26348876953125,167.77760314941406,0.6114753484725952,157.01004028320312,36.774505615234375,0.8551349639892578,307.67376708984375,163.3351287841797,0.730370819568634,256.60284423828125,158.11941528320312,0.8286313414573669,0.0,0.0,0.0781254693865776,0.0,0.0,0.1448916643857956,0.0,0.0,0.004641440697014332,0.0,0.0,0.009121817536652088
398,True,0.0,0.0,0.07654323428869247,0.0,0.0,0.030302343890070915,0.0,0.0,0.007489487063139677,0.0,0.0,0.02211759053170681,0.0,0.0,0.0037726042792201042,0.0,0.0,0.23803842067718506,229.51954650878906,0.0,0.5209028720855713,311.53631591796875,98.51646423339844,0.5177475810050964,186.91798400878906,33.40813446044922,0.8173312544822693,271.50836181640625,165.79258728027344,0.592513382434845,156.80043029785156,37.37675476074219,0.858604907989502,307.6426696777344,162.60536193847656,0.7351944446563721,256.74945068359375,157.80560302734375,0.8392513990402222,0.0,0.0,0.08576156944036484,0.0,0.0,0.16352340579032898,0.0,0.0,0.0053304024040699005,0.0,0.0,0.010746318846940994
399,True,0.0,0.0,0.06604042649269104,0.0,0.0,0.027004463598132133,0.0,0.0,0.006125782150775194,0.0,0.0,0.02152581699192524,0.0,0.0,0.0030651562847197056,0.0,0.0,0.22514015436172485,0.0,0.0,0.49384352564811707,314.93731689453125,99.55457305908203,0.5212059020996094,187.14088439941406,31.115676879882812,0.8121112585067749,273.8370361328125,167.9268798828125,0.6209739446640015,157.140380859375,35.26231384277344,0.8632333278656006,307.2161865234375,163.2009735107422,0.739820659160614,255.9977569580078,157.94595336914062,0.8395844101905823,0.0,0.0,0.08990152925252914,0.0,0.0,0.1680763214826584,0.0,0.0,0.00547522259876132,0.0,0.0,0.010908808559179306
400,True,0.0,0.0,0.062431126832962036,0.0,0.0,0.024883531033992767,0.0,0.0,0.0056441049091517925,0.0,0.0,0.02023833617568016,0.0,0.0,0.002920947503298521,0.0,0.0,0.22459286451339722,0.0,0.0,0.4889046251773834,315.1863708496094,100.27857971191406,0.5350673198699951,186.41482543945312,31.162628173828125,0.8159825801849365,273.8847961425781,168.65586853027344,0.6345230340957642,156.3716278076172,34.489906311035156,0.8681102395057678,307.7960205078125,165.31851196289062,0.7295663952827454,256.7098693847656,160.04995727539062,0.8306161761283875,0.0,0.0,0.0755397379398346,0.0,0.0,0.14196504652500153,0.0,0.0,0.004317878279834986,0.0,0.0,0.008573342114686966
401,True,0.0,0.0,0.06257547438144684,0.0,0.0,0.025509560480713844,0.0,0.0,0.005591950379312038,0.0,0.0,0.019693760201334953,0.0,0.0,0.0026951367035508156,0.0,0.0,0.19624567031860352,0.0,0.0,0.4704097509384155,0.0,0.0,0.4952578544616699,186.19210815429688,30.319046020507812,0.8123434782028198,273.69244384765625,168.6865234375,0.6225762367248535,157.5727996826172,33.55755615234375,0.8721612095832825,308.26593017578125,167.6329345703125,0.6973761916160583,257.0023498535156,161.9537353515625,0.8157727718353271,0.0,0.0,0.06864188611507416,0.0,0.0,0.13599646091461182,0.0,0.0,0.004102533217519522,0.0,0.0,0.008457622490823269
402,True,0.0,0.0,0.06876273453235626,0.0,0.0,0.028468986973166466,0.0,0.0,0.006347201764583588,0.0,0.0,0.02114451676607132,0.0,0.0,0.0030309169087558985,0.0,0.0,0.21334309875965118,0.0,0.0,0.47255322337150574,314.05657958984375,102.048828125,0.5099719762802124,185.45663452148438,30.453895568847656,0.8034550547599792,275.7013854980469,169.15765380859375,0.6194311380386353,158.32240295410156,33.38036346435547,0.8632311820983887,307.95391845703125,166.66929626464844,0.7015495300292969,256.7068786621094,161.09774780273438,0.8115606904029846,0.0,0.0,0.07330980896949768,0.0,0.0,0.13857558369636536,0.0,0.0,0.004593482241034508,0.0,0.0,0.009108388796448708
403,True,0.0,0.0,0.06298687309026718,0.0,0.0,0.026051511988043785,0.0,0.0,0.005810143426060677,0.0,0.0,0.01952349580824375,0.0,0.0,0.0028403413016349077,0.0,0.0,0.19843919575214386,0.0,0.0,0.4447876513004303,313.32421875,100.62056732177734,0.5024926066398621,185.33209228515625,28.878280639648438,0.7933024168014526,274.5067138671875,168.98231506347656,0.6181237697601318,158.54234313964844,32.89036560058594,0.8597650527954102,307.8254089355469,164.73812866210938,0.7046156525611877,257.01739501953125,159.189208984375,0.8121364712715149,0.0,0.0,0.07704409956932068,0.0,0.0,0.1435042768716812,0.0,0.0,0.004880380351096392,0.0,0.0,0.009588825516402721
404,True,0.0,0.0,0.05521271750330925,0.0,0.0,0.021516676992177963,0.0,0.0,0.00486935768276453,0.0,0.0,0.0181829072535038,0.0,0.0,0.002619354519993067,0.0,0.0,0.20762453973293304,0.0,0.0,0.4758143424987793,314.15570068359375,100.26786804199219,0.5272403955459595,184.60633850097656,30.65631103515625,0.8170851469039917,274.0275573730469,168.1544647216797,0.6466599702835083,158.5626678466797,32.100852966308594,0.8760934472084045,307.3653564453125,166.18814086914062,0.7203269004821777,256.97650146484375,161.1639404296875,0.8257156014442444,0.0,0.0,0.08099617809057236,0.0,0.0,0.15175428986549377,0.0,0.0,0.004924800246953964,0.0,0.0,0.009747881442308426
405,True,0.0,0.0,0.056133683770895004,0.0,0.0,0.022645404562354088,0.0,0.0,0.004902868997305632,0.0,0.0,0.01908525638282299,0.0,0.0,0.0025071860291063786,0.0,0.0,0.204077810049057,0.0,0.0,0.4642590284347534,314.3307189941406,101.13911437988281,0.5244300365447998,187.05873107910156,28.111068725585938,0.8096593022346497,272.8096923828125,167.71395874023438,0.6515471339225769,159.48257446289062,30.526947021484375,0.8723835349082947,306.77520751953125,167.0963592529297,0.7223776578903198,256.41107177734375,161.27194213867188,0.8255032300949097,0.0,0.0,0.08043750375509262,0.0,0.0,0.14963817596435547,0.0,0.0,0.0048979767598211765,0.0,0.0,0.009651119820773602
406,True,0.0,0.0,0.0543668232858181,0.0,0.0,0.0228447075933218,0.0,0.0,0.004200051072984934,0.0,0.0,0.020097408443689346,0.0,0.0,0.002112465212121606,0.0,0.0,0.21756812930107117,0.0,0.0,0.4319230914115906,314.2412109375,99.94336700439453,0.5602482557296753,189.0697784423828,27.317771911621094,0.7935933470726013,271.7791748046875,168.39935302734375,0.6763714551925659,161.5579071044922,30.464584350585938,0.8669450283050537,306.73193359375,165.74575805664062,0.7312958240509033,257.6562194824219,159.80856323242188,0.819536030292511,0.0,0.0,0.08110116422176361,0.0,0.0,0.14251650869846344,0.0,0.0,0.004651982337236404,0.0,0.0,0.008848843164741993
407,True,0.0,0.0,0.054288674145936966,0.0,0.0,0.02232467010617256,0.0,0.0,0.004459547810256481,0.0,0.0,0.019542839378118515,0.0,0.0,0.002344548236578703,0.0,0.0,0.21096332371234894,0.0,0.0,0.4534611105918884,313.9560852050781,100.67910766601562,0.5364993810653687,187.73597717285156,28.684959411621094,0.8017661571502686,273.0623474121094,168.23558044433594,0.6552020311355591,161.59744262695312,30.937301635742188,0.8683875203132629,307.216552734375,166.49786376953125,0.7248436212539673,257.9020080566406,160.810791015625,0.8223581314086914,0.0,0.0,0.082772396504879,0.0,0.0,0.15035918354988098,0.0,0.0,0.00504390150308609,0.0,0.0,0.009810030460357666
408,True,0.0,0.0,0.04733550176024437,0.0,0.0,0.01963619515299797,0.0,0.0,0.0035643139854073524,0.0,0.0,0.0182667076587677,0.0,0.0,0.0018801151309162378,0.0,0.0,0.2066357284784317,0.0,0.0,0.4171396493911743,314.78338623046875,100.16667175292969,0.5612960457801819,188.7730712890625,26.2078857421875,0.7903650403022766,271.5086669921875,167.76846313476562,0.6916250586509705,161.9989776611328,28.767379760742188,0.8706068992614746,306.687255859375,167.35214233398438,0.7339676022529602,257.8021545410156,161.34194946289062,0.8202826976776123,0.0,0.0,0.08782146126031876,0.0,0.0,0.15152932703495026,0.0,0.0,0.005209453869611025,0.0,0.0,0.009779524989426136
409,True,0.0,0.0,0.04683978483080864,0.0,0.0,0.019954150542616844,0.0,0.0,0.00343776261433959,0.0,0.0,0.01896967552602291,0.0,0.0,0.0018088389188051224,0.0,0.0,0.20648178458213806,0.0,0.0,0.4127526879310608,314.8338317871094,100.69851684570312,0.5590032935142517,189.02337646484375,26.315658569335938,0.7854084968566895,270.9136962890625,167.9056854248047,0.6876927018165588,162.05477905273438,28.430557250976562,0.8667013049125671,306.77825927734375,167.06710815429688,0.7329121232032776,257.7759704589844,160.88165283203125,0.8188194632530212,0.0,0.0,0.08683080971240997,0.0,0.0,0.14957520365715027,0.0,0.0,0.005108857527375221,0.0,0.0,0.009588182903826237
410,True,0.0,0.0,0.0493089035153389,0.0,0.0,0.02021951973438263,0.0,0.0,0.003875392721965909,0.0,0.0,0.01869948022067547,0.0,0.0,0.002133355475962162,0.0,0.0,0.21835434436798096,0.0,0.0,0.4448912739753723,314.4292297363281,101.94020080566406,0.5609546899795532,187.3697967529297,27.536231994628906,0.8005683422088623,272.6042785644531,168.44931030273438,0.6774097681045532,160.46009826660156,29.833396911621094,0.8699318170547485,306.911376953125,166.85568237304688,0.7403150796890259,257.345947265625,160.847900390625,0.8279877305030823,0.0,0.0,0.08897135406732559,0.0,0.0,0.15562595427036285,0.0,0.0,0.00530720641836524,0.0,0.0,0.010042698122560978
411,True,0.0,0.0,0.05083087459206581,0.0,0.0,0.021405763924121857,0.0,0.0,0.0038223096635192633,0.0,0.0,0.01973874308168888,0.0,0.0,0.0019882265478372574,0.0,0.0,0.22169457376003265,0.0,0.0,0.4388866722583771,315.311279296875,101.40729522705078,0.5782005190849304,188.04148864746094,26.376426696777344,0.8008601665496826,271.21099853515625,168.0691375732422,0.7040490508079529,160.3323211669922,28.374465942382812,0.8760547637939453,306.8169250488281,168.00640869140625,0.743009090423584,257.1749267578125,161.71160888671875,0.8267599940299988,0.0,0.0,0.08828337490558624,0.0,0.0,0.15204395353794098,0.0,0.0,0.005088985897600651,0.0,0.0,0.009541001170873642
412,True,0.0,0.0,0.04774991795420647,0.0,0.0,0.019479168578982353,0.0,0.0,0.0035886443220078945,0.0,0.0,0.018665693700313568,0.0,0.0,0.0019724464509636164,0.0,0.0,0.22797945141792297,0.0,0.0,0.441106379032135,314.2249755859375,100.76439666748047,0.5908558964729309,188.48294067382812,25.802757263183594,0.8061382174491882,271.4165954589844,167.92498779296875,0.7081080675125122,160.8179931640625,28.617454528808594,0.8771989345550537,305.2586669921875,166.40261840820312,0.7621778845787048,256.43536376953125,160.11898803710938,0.8390405774116516,0.0,0.0,0.09571915864944458,0.0,0.0,0.162748783826828,0.0,0.0,0.005365435499697924,0.0,0.0,0.009983758442103863
413,True,0.0,0.0,0.05380668118596077,0.0,0.0,0.02197701670229435,0.0,0.0,0.00436584185808897,0.0,0.0,0.019789885729551315,0.0,0.0,0.0023480653762817383,0.0,0.0,0.23355329036712646,0.0,0.0,0.46520745754241943,314.3640441894531,101.063232421875,0.5739457011222839,187.12901306152344,26.73974609375,0.8095772862434387,271.45556640625,167.68887329101562,0.6877519488334656,159.67271423339844,29.37090301513672,0.8742375373840332,305.21240234375,165.12860107421875,0.7634401917457581,255.38900756835938,159.13006591796875,0.8445253968238831,0.0,0.0,0.10428986698389053,0.0,0.0,0.1803150475025177,0.0,0.0,0.006269073113799095,0.0,0.0,0.011836393736302853
414,True,0.0,0.0,0.05098786577582359,0.0,0.0,0.020632687956094742,0.0,0.0,0.004047773778438568,0.0,0.0,0.01802739128470421,0.0,0.0,0.0021508396603167057,0.0,0.0,0.217628613114357,0.0,0.0,0.4417486786842346,315.1385498046875,101.3305892944336,0.5642306804656982,187.52249145507812,25.202476501464844,0.8030565977096558,271.76226806640625,168.12496948242188,0.6902157068252563,159.9219207763672,29.189247131347656,0.8753959536552429,306.060302734375,166.00320434570312,0.755820631980896,256.23431396484375,159.74313354492188,0.8394482731819153,0.0,0.0,0.10220464318990707,0.0,0.0,0.17763948440551758,0.0,0.0,0.006169977132230997,0.0,0.0,0.011692788451910019
415,True,0.0,0.0,0.054799485951662064,0.0,0.0,0.022394374012947083,0.0,0.0,0.004149791318923235,0.0,0.0,0.01968047209084034,0.0,0.0,0.002161771524697542,0.0,0.0,0.24277734756469727,0.0,0.0,0.45068109035491943,314.5295104980469,100.6842269897461,0.5981330871582031,187.90478515625,25.887359619140625,0.8047713041305542,270.82427978515625,168.44143676757812,0.7069126963615417,160.36004638671875,29.549041748046875,0.8755704760551453,305.42938232421875,164.48753356933594,0.7729334235191345,256.4497985839844,158.5104522705078,0.8458379507064819,0.0,0.0,0.10878308862447739,0.0,0.0,0.18237002193927765,0.0,0.0,0.0063843755051493645,0.0,0.0,0.01184324361383915
416,True,0.0,0.0,0.05728928744792938,0.0,0.0,0.02357247658073902,0.0,0.0,0.0045638843439519405,0.0,0.0,0.02105918899178505,0.0,0.0,0.0023777277674525976,0.0,0.0,0.2605079412460327,0.0,0.0,0.4579998552799225,315.1981201171875,96.55839538574219,0.618831217288971,187.2006072998047,26.831832885742188,0.8035606145858765,271.6784362792969,167.73123168945312,0.7171260118484497,160.336181640625,30.404876708984375,0.8736210465431213,304.0574951171875,160.9976348876953,0.8016154766082764,254.92645263671875,155.903564453125,0.8613706827163696,0.0,0.0,0.1318918615579605,0.0,0.0,0.21058987081050873,0.0,0.0,0.007781912572681904,0.0,0.0,0.014000539667904377
417,True,0.0,0.0,0.05985896289348602,0.0,0.0,0.025387022644281387,0.0,0.0,0.004607776179909706,0.0,0.0,0.022621016949415207,0.0,0.0,0.002326298039406538,0.0,0.0,0.2678506374359131,0.0,0.0,0.46166640520095825,314.887451171875,98.11815643310547,0.6149529814720154,187.60772705078125,26.46556854248047,0.7999986410140991,271.6703796386719,168.23275756835938,0.7126659750938416,160.5474090576172,30.355361938476562,0.870602548122406,303.8502197265625,160.74435424804688,0.8000771403312683,255.12997436523438,155.32228088378906,0.860658586025238,0.0,0.0,0.14008572697639465,0.0,0.0,0.22341753542423248,0.0,0.0,0.008549228310585022,0.0,0.0,0.01546387281268835
418,True,0.0,0.0,0.058929529041051865,0.0,0.0,0.02478925883769989,0.0,0.0,0.004423839505761862,0.0,0.0,0.021556247025728226,0.0,0.0,0.002184883924201131,0.0,0.0,0.2602161169052124,0.0,0.0,0.43842417001724243,313.9271240234375,97.01487731933594,0.6140389442443848,188.32591247558594,25.888938903808594,0.7915086150169373,272.58935546875,168.38333129882812,0.7107729315757751,160.1876678466797,31.45136260986328,0.8674113154411316,303.0184631347656,160.0609130859375,0.7969782948493958,255.28982543945312,154.56085205078125,0.8559253811836243,0.0,0.0,0.13847152888774872,0.0,0.0,0.21952907741069794,0.0,0.0,0.008506065234541893,0.0,0.0,0.015341206453740597
419,True,0.0,0.0,0.054220858961343765,0.0,0.0,0.022883526980876923,0.0,0.0,0.004242938943207264,0.0,0.0,0.019930757582187653,0.0,0.0,0.002140958094969392,0.0,0.0,0.24657216668128967,0.0,0.0,0.40497905015945435,315.6300964355469,96.16432189941406,0.6122491359710693,190.04177856445312,24.081031799316406,0.7742012143135071,272.12030029296875,167.88967895507812,0.7182936072349548,160.96853637695312,30.130653381347656,0.8617405295372009,303.5947265625,158.46180725097656,0.8006423711776733,255.31591796875,152.82266235351562,0.8542941212654114,0.0,0.0,0.14969459176063538,0.0,0.0,0.22875627875328064,0.0,0.0,0.009328868240118027,0.0,0.0,0.016304725781083107
420,True,0.0,0.0,0.05846504867076874,0.0,0.0,0.0247944463044405,0.0,0.0,0.004607250913977623,0.0,0.0,0.020804984495043755,0.0,0.0,0.0022525459062308073,0.0,0.0,0.25225549936294556,0.0,0.0,0.4119642972946167,314.9852600097656,96.28644561767578,0.6038199067115784,189.93338012695312,24.589599609375,0.7719051241874695,273.4985046386719,168.16807556152344,0.7038814425468445,160.29957580566406,31.24810028076172,0.8567858934402466,303.5085754394531,157.86293029785156,0.7957109808921814,255.55409240722656,152.23800659179688,0.8518453240394592,0.0,0.0,0.1519787311553955,0.0,0.0,0.23376071453094482,0.0,0.0,0.00981404259800911,0.0,0.0,0.01726972870528698
421,True,0.0,0.0,0.061625659465789795,0.0,0.0,0.026195861399173737,0.0,0.0,0.004668341018259525,0.0,0.0,0.021314330399036407,0.0,0.0,0.002234588610008359,0.0,0.0,0.26370707154273987,0.0,0.0,0.41034093499183655,314.7744140625,96.79568481445312,0.6257239580154419,190.4675750732422,25.382591247558594,0.773982584476471,273.7774353027344,168.2930908203125,0.7204225063323975,160.3269805908203,31.292320251464844,0.8606458306312561,304.29644775390625,158.4455108642578,0.7907954454421997,257.09417724609375,152.99290466308594,0.8444538712501526,0.0,0.0,0.14347144961357117,0.0,0.0,0.21761564910411835,0.0,0.0,0.009061573073267937,0.0,0.0,0.01572391763329506
422,True,0.0,0.0,0.06214923784136772,0.0,0.0,0.026073602959513664,0.0,0.0,0.004903099499642849,0.0,0.0,0.020947787910699844,0.0,0.0,0.0023710874374955893,0.0,0.0,0.24871636927127838,0.0,0.0,0.43341290950775146,314.69891357421875,99.51126861572266,0.5894068479537964,189.01092529296875,25.97393035888672,0.7838818430900574,273.37689208984375,168.14852905273438,0.6960136294364929,159.2173614501953,30.512794494628906,0.8628459572792053,304.75421142578125,163.27120971679688,0.7639153599739075,256.6914367675781,157.48147583007812,0.834181547164917,0.0,0.0,0.1203940287232399,0.0,0.0,0.19568762183189392,0.0,0.0,0.007724320515990257,0.0,0.0,0.014014284126460552
423,True,0.0,0.0,0.07371368259191513,0.0,0.0,0.03407350182533264,0.0,0.0,0.0054284026846289635,0.0,0.0,0.022618213668465614,0.0,0.0,0.0021115788258612156,0.0,0.0,0.22040075063705444,0.0,0.0,0.35762202739715576,312.8047790527344,97.81255340576172,0.5363829731941223,191.9853973388672,23.605484008789062,0.7197972536087036,272.7511291503906,168.95245361328125,0.659880518913269,161.3154296875,31.307350158691406,0.8348994255065918,305.7517395019531,159.474609375,0.7169461250305176,259.7647399902344,153.3474884033203,0.793918788433075,0.0,0.0,0.1257946640253067,0.0,0.0,0.20220766961574554,0.0,0.0,0.009342079982161522,0.0,0.0,0.01699461042881012
424,True,0.0,0.0,0.08442984521389008,0.0,0.0,0.03675747662782669,0.0,0.0,0.006936069577932358,0.0,0.0,0.024622246623039246,0.0,0.0,0.0028524701483547688,0.0,0.0,0.2674447298049927,0.0,0.0,0.44312846660614014,313.8665771484375,98.72038269042969,0.5797240734100342,189.84097290039062,26.331039428710938,0.7651523947715759,272.5661926269531,168.48184204101562,0.6822545528411865,158.43186950683594,32.23291015625,0.8506485819816589,304.7630920410156,159.63616943359375,0.7589925527572632,258.1803283691406,153.90249633789062,0.8282890915870667,0.0,0.0,0.13943803310394287,0.0,0.0,0.22020389139652252,0.0,0.0,0.009836620651185513,0.0,0.0,0.017608793452382088
425,True,0.0,0.0,0.07554645091295242,0.0,0.0,0.03224731609225273,0.0,0.0,0.006602957844734192,0.0,0.0,0.022340567782521248,0.0,0.0,0.0029318181332200766,0.0,0.0,0.24316471815109253,0.0,0.0,0.4490991532802582,313.66009521484375,97.59757995605469,0.5489743947982788,188.32748413085938,27.65648651123047,0.7752871513366699,273.12689208984375,168.00588989257812,0.6527958512306213,158.39862060546875,33.02217102050781,0.8520843982696533,305.7999267578125,157.6687469482422,0.7677865028381348,257.6640319824219,152.47271728515625,0.8438410758972168,0.0,0.0,0.1499185413122177,0.0,0.0,0.245292529463768,0.0,0.0,0.011023792438209057,0.0,0.0,0.02039419300854206
426,True,0.0,0.0,0.08783967047929764,0.0,0.0,0.03854582831263542,0.0,0.0,0.007528054062277079,0.0,0.0,0.025403307750821114,0.0,0.0,0.003062572330236435,0.0,0.0,0.2653176784515381,0.0,0.0,0.4577313959598541,313.78228759765625,98.53173828125,0.5646451115608215,190.4007568359375,27.22650909423828,0.7710973620414734,271.9003601074219,168.39219665527344,0.6666347980499268,158.31837463378906,32.494293212890625,0.8507664203643799,304.8562316894531,156.40122985839844,0.7669324278831482,257.83978271484375,150.91648864746094,0.8395242094993591,0.0,0.0,0.15761053562164307,0.0,0.0,0.2523702383041382,0.0,0.0,0.011667237617075443,0.0,0.0,0.02129042148590088
427,True,0.0,0.0,0.08698458969593048,0.0,0.0,0.03830844536423683,0.0,0.0,0.007561315316706896,0.0,0.0,0.025811361148953438,0.0,0.0,0.003109803656116128,0.0,0.0,0.2686363756656647,0.0,0.0,0.4664950370788574,314.40771484375,98.96638488769531,0.5690248012542725,190.07135009765625,26.623809814453125,0.775330126285553,272.435302734375,168.330078125,0.6713612675666809,157.73556518554688,31.38178253173828,0.8517059683799744,304.59002685546875,156.9141387939453,0.7729142308235168,257.3594665527344,151.24655151367188,0.8440033197402954,0.0,0.0,0.15751925110816956,0.0,0.0,0.2509896755218506,0.0,0.0,0.011434383690357208,0.0,0.0,0.020740430802106857
428,True,0.0,0.0,0.0970577597618103,0.0,0.0,0.04293232783675194,0.0,0.0,0.008683612570166588,0.0,0.0,0.028477361425757408,0.0,0.0,0.003450897056609392,0.0,0.0,0.2867896854877472,227.57125854492188,0.0,0.5025266408920288,315.0665283203125,98.7942886352539,0.5790889859199524,190.82196044921875,26.643051147460938,0.7917670607566833,271.8201904296875,168.05560302734375,0.6772842407226562,157.881591796875,31.006759643554688,0.8581655621528625,304.5428771972656,158.5244903564453,0.7847238183021545,256.6834716796875,152.98236083984375,0.8553109169006348,0.0,0.0,0.15404464304447174,0.0,0.0,0.2500914931297302,0.0,0.0,0.010818407870829105,0.0,0.0,0.019928621128201485
429,True,0.0,0.0,0.10639527440071106,0.0,0.0,0.04821677878499031,0.0,0.0,0.00929945893585682,0.0,0.0,0.03039667196571827,0.0,0.0,0.003394658211618662,0.0,0.0,0.28550344705581665,228.5054931640625,0.0,0.5014970898628235,315.3063659667969,99.46890258789062,0.5688807964324951,191.990478515625,25.685218811035156,0.7863369584083557,271.8057556152344,168.3046112060547,0.6730321049690247,157.66412353515625,30.57855224609375,0.8555352091789246,304.7557373046875,160.71018981933594,0.764370322227478,257.211181640625,154.6833038330078,0.8419906497001648,0.0,0.0,0.13665004074573517,0.0,0.0,0.22653472423553467,0.0,0.0,0.00956981536000967,0.0,0.0,0.017825698480010033
430,True,0.0,0.0,0.10194800049066544,0.0,0.0,0.04536166414618492,0.0,0.0,0.00872636865824461,0.0,0.0,0.03066772036254406,0.0,0.0,0.0033665995579212904,0.0,0.0,0.31280961632728577,227.6006622314453,0.0,0.5143506526947021,315.0583801269531,97.87639617919922,0.6286687254905701,192.34417724609375,25.48157501220703,0.8032428622245789,269.301025390625,167.51734924316406,0.7262543439865112,158.9671630859375,28.673660278320312,0.8711541295051575,304.0818176269531,158.58937072753906,0.8057501316070557,257.0704650878906,153.04685974121094,0.8643169403076172,0.0,0.0,0.15687353909015656,0.0,0.0,0.2445036768913269,0.0,0.0,0.009976258501410484,0.0,0.0,0.017800278961658478
431,True,0.0,0.0,0.10078390687704086,0.0,0.0,0.04663678631186485,0.0,0.0,0.008129897527396679,0.0,0.0,0.03327220678329468,0.0,0.0,0.0031063242349773645,0.0,0.0,0.3361876904964447,226.5979461669922,0.2777557373046875,0.5018967390060425,315.5535888671875,97.08136749267578,0.6638342142105103,191.36016845703125,25.301956176757812,0.7948213219642639,269.87359619140625,167.09637451171875,0.7562178373336792,159.84507751464844,26.107925415039062,0.8704559206962585,302.90106201171875,158.00506591796875,0.8148962259292603,255.9783172607422,152.71340942382812,0.861926794052124,0.0,0.0,0.17263339459896088,0.0,0.0,0.25160521268844604,0.0,0.0,0.01105470396578312,0.0,0.0,0.018689678981900215
432,True,0.0,0.0,0.10528849065303802,0.0,0.0,0.04834644868969917,0.0,0.0,0.008820967748761177,0.0,0.0,0.030883759260177612,0.0,0.0,0.0031561614014208317,0.0,0.0,0.28846660256385803,0.0,0.0,0.4853815734386444,315.0543518066406,98.20174407958984,0.588665783405304,189.09881591796875,25.49993896484375,0.7794051170349121,271.79443359375,167.31849670410156,0.7024471163749695,157.73638916015625,28.375381469726562,0.8600204586982727,304.05145263671875,160.33984375,0.761223554611206,257.0047912597656,154.91009521484375,0.833101212978363,0.0,0.0,0.14259284734725952,0.0,0.0,0.22663411498069763,0.0,0.0,0.009987322613596916,0.0,0.0,0.01797201670706272
433,True,0.0,0.0,0.10841809213161469,0.0,0.0,0.05004600062966347,0.0,0.0,0.008901924826204777,0.0,0.0,0.0318961925804615,0.0,0.0,0.003142628353089094,0.0,0.0,0.30821356177330017,0.0,0.0,0.48068055510520935,314.8072814941406,96.80043029785156,0.6280485391616821,188.62503051757812,25.791183471679688,0.7800992727279663,271.152587890625,167.17315673828125,0.7359092831611633,157.60617065429688,27.683059692382812,0.8662753105163574,303.87109375,159.4058074951172,0.7768341898918152,257.5041198730469,154.38294982910156,0.8361058235168457,0.0,0.0,0.1503116935491562,0.0,0.0,0.22705918550491333,0.0,0.0,0.010122401639819145,0.0,0.0,0.017515432089567184
434,True,0.0,0.0,0.12507639825344086,0.0,0.0,0.06693027168512344,0.0,0.0,0.009029537439346313,0.0,0.0,0.035843368619680405,0.0,0.0,0.002370542613789439,0.0,0.0,0.2585703432559967,0.0,0.0,0.39610034227371216,316.34539794921875,98.452392578125,0.5619105100631714,192.35699462890625,21.99134063720703,0.7183353304862976,274.80474853515625,169.07717895507812,0.7020359039306641,160.40328979492188,26.5037841796875,0.8420090079307556,306.74432373046875,163.58950805664062,0.6951137781143188,261.2415466308594,157.37489318847656,0.7729422450065613,0.0,0.0,0.11702188104391098,0.0,0.0,0.1842556595802307,0.0,0.0,0.008807661943137646,0.0,0.0,0.015749545767903328
435,True,0.0,0.0,0.11572550982236862,0.0,0.0,0.05820026993751526,0.0,0.0,0.008397211320698261,0.0,0.0,0.034780748188495636,0.0,0.0,0.002526362892240286,0.0,0.0,0.2835495173931122,0.0,0.0,0.4478881359100342,316.7988586425781,99.77393341064453,0.5902438163757324,190.93812561035156,23.695953369140625,0.754682183265686,273.8363037109375,168.767822265625,0.7171230316162109,158.94610595703125,27.39739227294922,0.8561919331550598,306.07183837890625,165.2247314453125,0.725712776184082,259.80963134765625,159.04591369628906,0.8005171418190002,0.0,0.0,0.12147684395313263,0.0,0.0,0.19250111281871796,0.0,0.0,0.008635331876575947,0.0,0.0,0.015518976375460625
436,True,0.0,0.0,0.1474841833114624,0.0,0.0,0.08278212696313858,0.0,0.0,0.010585225187242031,0.0,0.0,0.04106544330716133,0.0,0.0,0.002397158183157444,0.0,0.0,0.26876774430274963,0.0,0.0,0.38945576548576355,316.14288330078125,98.73368835449219,0.5648941397666931,194.02752685546875,21.304290771484375,0.7022218108177185,274.48724365234375,169.07296752929688,0.7151660919189453,159.973876953125,25.84923553466797,0.8393059968948364,305.5804138183594,162.2958526611328,0.6849406957626343,261.79595947265625,155.87301635742188,0.7596583366394043,0.0,0.0,0.13189461827278137,0.0,0.0,0.20158600807189941,0.0,0.0,0.010630727745592594,0.0,0.0,0.018708860501646996
437,True,0.0,0.0,0.11633430421352386,0.0,0.0,0.05793401598930359,0.0,0.0,0.009028449654579163,0.0,0.0,0.033043354749679565,0.0,0.0,0.002622369909659028,0.0,0.0,0.25672343373298645,0.0,0.0,0.42924657464027405,317.070068359375,97.5097427368164,0.5611100792884827,193.15728759765625,24.432449340820312,0.7402297854423523,273.6684875488281,168.77359008789062,0.7042472958564758,159.2865447998047,28.63988494873047,0.8510369062423706,306.6741027832031,163.7262420654297,0.7143456339836121,261.1105041503906,158.4501190185547,0.7945342659950256,0.0,0.0,0.13651926815509796,0.0,0.0,0.21553583443164825,0.0,0.0,0.01091734692454338,0.0,0.0,0.01957501284778118
438,True,0.0,0.0,0.10404705256223679,0.0,0.0,0.048377957195043564,0.0,0.0,0.008711264468729496,0.0,0.0,0.02949288859963417,0.0,0.0,0.0030033905059099197,0.0,0.0,0.2655448913574219,0.0,0.0,0.4554722309112549,316.3775634765625,97.30754089355469,0.5760942697525024,189.79391479492188,26.784500122070312,0.7618767619132996,275.56915283203125,168.23455810546875,0.7020953297615051,158.29811096191406,31.990150451660156,0.856844425201416,307.2139587402344,163.61712646484375,0.7322880029678345,260.1253662109375,158.58114624023438,0.8093514442443848,0.0,0.0,0.12659502029418945,0.0,0.0,0.2000417411327362,0.0,0.0,0.009352258406579494,0.0,0.0,0.016575368121266365
439,True,0.0,0.0,0.10497508943080902,0.0,0.0,0.049636781215667725,0.0,0.0,0.008598490618169308,0.0,0.0,0.0295009296387434,0.0,0.0,0.002824617549777031,0.0,0.0,0.25577056407928467,0.0,0.0,0.43385064601898193,316.40838623046875,96.58195495605469,0.5672354698181152,191.34593200683594,26.26622772216797,0.7501521706581116,275.3222351074219,168.9411163330078,0.7027766108512878,159.15725708007812,31.89598846435547,0.8554385900497437,306.954345703125,161.38467407226562,0.7255778312683105,260.8951416015625,156.31137084960938,0.8030670285224915,0.0,0.0,0.14006201922893524,0.0,0.0,0.21922679245471954,0.0,0.0,0.011063214391469955,0.0,0.0,0.01961315982043743
440,True,0.0,0.0,0.09390033781528473,0.0,0.0,0.04687562212347984,0.0,0.0,0.007574337534606457,0.0,0.0,0.03200826793909073,0.0,0.0,0.0026895608752965927,0.0,0.0,0.25020739436149597,0.0,0.0,0.467754602432251,316.6185607910156,96.55595397949219,0.5561644434928894,188.19564819335938,27.129562377929688,0.7716604471206665,274.20025634765625,168.04409790039062,0.6882708072662354,161.21121215820312,29.407928466796875,0.8594235181808472,308.63043212890625,163.86947631835938,0.7447665929794312,259.2684631347656,159.19960021972656,0.826854944229126,0.0,0.0,0.1271626502275467,0.0,0.0,0.20882627367973328,0.0,0.0,0.009286130778491497,0.0,0.0,0.017051279544830322
441,True,0.0,0.0,0.08738159388303757,0.0,0.0,0.043916888535022736,0.0,0.0,0.006989843677729368,0.0,0.0,0.03195164352655411,0.0,0.0,0.002584742847830057,0.0,0.0,0.2558933198451996,0.0,0.0,0.4599964916706085,316.02923583984375,97.8486557006836,0.562736451625824,188.3533477783203,27.515464782714844,0.7686995267868042,275.6734619140625,167.83872985839844,0.6838306188583374,160.8475799560547,30.390289306640625,0.8529229164123535,307.48724365234375,162.77401733398438,0.7585256695747375,257.71826171875,157.75987243652344,0.8342839479446411,0.0,0.0,0.1362757384777069,0.0,0.0,0.2190566509962082,0.0,0.0,0.009907573461532593,0.0,0.0,0.017940744757652283
442,True,0.0,0.0,0.07264518737792969,0.0,0.0,0.03300762549042702,0.0,0.0,0.005916165187954903,0.0,0.0,0.02628372050821781,0.0,0.0,0.0026308619417250156,0.0,0.0,0.26297566294670105,0.0,0.0,0.4660864472389221,313.7808837890625,97.14678192138672,0.5945380330085754,187.71658325195312,29.720809936523438,0.7874536514282227,274.4005126953125,168.00621032714844,0.6969590783119202,160.42623901367188,31.59014129638672,0.861997663974762,305.767578125,159.5026092529297,0.7881197333335876,257.47320556640625,155.19979858398438,0.8529689908027649,0.0,0.0,0.15960025787353516,0.0,0.0,0.24840900301933289,0.0,0.0,0.011549877934157848,0.0,0.0,0.020492080599069595
443,True,0.0,0.0,0.07144054025411606,0.0,0.0,0.0319829136133194,0.0,0.0,0.00563920708373189,0.0,0.0,0.026320796459913254,0.0,0.0,0.002507955301553011,0.0,0.0,0.2728453278541565,0.0,0.0,0.47010162472724915,313.6001281738281,95.51039123535156,0.6253936290740967,188.60134887695312,28.27105712890625,0.7946639657020569,270.7856750488281,166.85009765625,0.7280991077423096,160.86056518554688,30.333251953125,0.8704552054405212,305.0550842285156,159.59925842285156,0.8068845868110657,257.4435729980469,155.3802490234375,0.8629816770553589,0.0,0.0,0.15907499194145203,0.0,0.0,0.24230390787124634,0.0,0.0,0.010554461739957333,0.0,0.0,0.01845901645720005
444,True,0.0,0.0,0.07431064546108246,0.0,0.0,0.03336918726563454,0.0,0.0,0.005829635076224804,0.0,0.0,0.02674379013478756,0.0,0.0,0.002477487549185753,0.0,0.0,0.27362680435180664,0.0,0.0,0.4647662937641144,313.7344970703125,95.57818603515625,0.6285187005996704,189.781982421875,27.37065887451172,0.7903693318367004,269.2637023925781,167.35630798339844,0.7338442802429199,159.78826904296875,30.49236297607422,0.8698157072067261,305.0335998535156,159.83262634277344,0.804836630821228,257.8135986328125,155.39581298828125,0.8602517247200012,0.0,0.0,0.15907514095306396,0.0,0.0,0.2403322011232376,0.0,0.0,0.010534840635955334,0.0,0.0,0.018324539065361023
445,True,0.0,0.0,0.07549098879098892,0.0,0.0,0.03412530943751335,0.0,0.0,0.005974431522190571,0.0,0.0,0.027597039937973022,0.0,0.0,0.0025689234025776386,0.0,0.0,0.2784377336502075,0.0,0.0,0.4730079770088196,313.3388671875,95.03086853027344,0.6323689222335815,189.50286865234375,27.683731079101562,0.7937185168266296,269.9549560546875,167.49436950683594,0.732398271560669,159.631103515625,30.875274658203125,0.8696714043617249,305.0850524902344,159.3988494873047,0.8061935305595398,258.001708984375,155.11062622070312,0.8612175583839417,0.0,0.0,0.156107097864151,0.0,0.0,0.23597204685211182,0.0,0.0,0.010278090834617615,0.0,0.0,0.017856957390904427
446,True,0.0,0.0,0.0870593786239624,0.0,0.0,0.04224490001797676,0.0,0.0,0.006935350131243467,0.0,0.0,0.02989191934466362,0.0,0.0,0.002504694741219282,0.0,0.0,0.24771878123283386,0.0,0.0,0.4481535851955414,315.2682189941406,96.02178192138672,0.5724682807922363,191.95059204101562,24.407455444335938,0.7701383233070374,270.53448486328125,169.08413696289062,0.6970005631446838,160.94610595703125,29.907249450683594,0.8578339219093323,306.7851867675781,161.59228515625,0.7685324549674988,258.6077575683594,156.25563049316406,0.8402819037437439,0.0,0.0,0.1371597796678543,0.0,0.0,0.21990880370140076,0.0,0.0,0.009609679691493511,0.0,0.0,0.017474621534347534
447,True,0.0,0.0,0.0826740488409996,0.0,0.0,0.039091166108846664,0.0,0.0,0.006058105267584324,0.0,0.0,0.03133932128548622,0.0,0.0,0.0023896419443190098,0.0,0.0,0.29821422696113586,0.0,0.0,0.4807127118110657,315.05108642578125,97.366943359375,0.648301362991333,190.9242401123047,26.528892517089844,0.7926076054573059,269.3416748046875,168.3902130126953,0.7518486976623535,159.8804168701172,29.646682739257812,0.8726620674133301,305.5408935546875,160.90374755859375,0.8074115514755249,258.6622619628906,155.95736694335938,0.8604451417922974,0.0,0.0,0.1673000007867813,0.0,0.0,0.24800671637058258,0.0,0.0,0.011168200522661209,0.0,0.0,0.01925485022366047
448,True,0.0,0.0,0.07616648823022842,0.0,0.0,0.03584236651659012,0.0,0.0,0.005206635687500238,0.0,0.0,0.0286788921803236,0.0,0.0,0.0019637688528746367,0.0,0.0,0.27356234192848206,0.0,0.0,0.4435436427593231,315.75140380859375,97.31739807128906,0.6452065706253052,192.77993774414062,24.0906982421875,0.7864864468574524,268.01861572265625,168.58705139160156,0.7695465683937073,160.80592346191406,28.346221923828125,0.8799670338630676,305.2064208984375,162.01907348632812,0.7926021814346313,259.1236267089844,156.58253479003906,0.8483496904373169,0.0,0.0,0.15739020705223083,0.0,0.0,0.23584505915641785,0.0,0.0,0.010259045287966728,0.0,0.0,0.01785857230424881
449,True,0.0,0.0,0.009350738488137722,0.0,0.0,0.0033250374253839254,0.0,0.0,0.0010222849668934941,0.0,0.0,0.006925927475094795,0.0,0.0,0.0013491174904629588,0.0,0.0,0.08811594545841217,0.0,0.0,0.3462353050708771,0.0,0.0,0.39241379499435425,190.88612365722656,22.32189178466797,0.8010752201080322,263.62225341796875,166.13204956054688,0.5365808010101318,159.28977966308594,30.391204833984375,0.8539468050003052,308.0337219238281,161.94427490234375,0.7638446688652039,258.4477233886719,157.21261596679688,0.8770899176597595,0.0,0.0,0.13198575377464294,0.0,0.0,0.25675445795059204,0.0,0.0,0.011824246495962143,0.0,0.0,0.023989329114556313
450,True,0.0,0.0,0.010291744023561478,0.0,0.0,0.0036976528353989124,0.0,0.0,0.0011040116660296917,0.0,0.0,0.007596028968691826,0.0,0.0,0.0013979898067191243,0.0,0.0,0.10205177962779999,0.0,0.0,0.34627512097358704,0.0,0.0,0.4347163438796997,191.55374145507812,21.982704162597656,0.796846866607666,262.95770263671875,166.71270751953125,0.5693893432617188,159.44906616210938,29.67675018310547,0.8522723317146301,306.78302001953125,160.47039794921875,0.7795442342758179,257.7691650390625,155.60487365722656,0.8782016038894653,0.0,0.0,0.1431255042552948,0.0,0.0,0.26075565814971924,0.0,0.0,0.01242872979491949,0.0,0.0,0.02397201955318451
451,True,0.0,0.0,0.10346143692731857,0.0,0.0,0.050482552498579025,0.0,0.0,0.00752747617661953,0.0,0.0,0.03286619484424591,0.0,0.0,0.0024207676760852337,0.0,0.0,0.27685731649398804,0.0,0.0,0.45520874857902527,315.7982177734375,97.93354797363281,0.6040610671043396,193.79884338378906,22.58820343017578,0.7693207859992981,266.2381286621094,169.26632690429688,0.7404279112815857,163.2752685546875,28.94733428955078,0.870369017124176,306.62274169921875,161.797119140625,0.7510581016540527,260.7276306152344,155.99378967285156,0.8225318789482117,0.0,0.0,0.14142295718193054,0.0,0.0,0.22147370874881744,0.0,0.0,0.010115427896380424,0.0,0.0,0.01816435344517231
452,True,0.0,0.0,0.008451507426798344,0.0,0.0,0.0030501671135425568,0.0,0.0,0.0008911203476600349,0.0,0.0,0.006398738361895084,0.0,0.0,0.0011457186192274094,0.0,0.0,0.08246805518865585,0.0,0.0,0.2931176722049713,0.0,0.0,0.3936464786529541,193.54473876953125,20.444358825683594,0.7691407799720764,262.8486633300781,166.27096557617188,0.5458937287330627,159.93865966796875,29.283065795898438,0.8400915265083313,307.229248046875,162.21286010742188,0.7454272508621216,258.6812744140625,156.75535583496094,0.8577885627746582,0.0,0.0,0.132472425699234,0.0,0.0,0.2461235076189041,0.0,0.0,0.012233230285346508,0.0,0.0,0.02385685220360756
453,True,0.0,0.0,0.08654898405075073,0.0,0.0,0.04197755455970764,0.0,0.0,0.006210556253790855,0.0,0.0,0.02761615253984928,0.0,0.0,0.0020477459765970707,0.0,0.0,0.22914938628673553,0.0,0.0,0.41043713688850403,315.67791748046875,98.19513702392578,0.5780043005943298,195.74612426757812,21.35857391357422,0.7632073163986206,265.0444030761719,169.78480529785156,0.7327921390533447,163.40109252929688,28.612258911132812,0.8708989024162292,307.76348876953125,164.1063995361328,0.7384283542633057,261.73883056640625,157.91995239257812,0.8173903822898865,0.0,0.0,0.1321803778409958,0.0,0.0,0.2123262584209442,0.0,0.0,0.009590460918843746,0.0,0.0,0.017514709383249283
454,True,0.0,0.0,0.08040349930524826,0.0,0.0,0.0373653918504715,0.0,0.0,0.005571594461798668,0.0,0.0,0.025086183100938797,0.0,0.0,0.0019314958481118083,0.0,0.0,0.2317434847354889,0.0,0.0,0.3891071379184723,315.02972412109375,96.82616424560547,0.5986337661743164,197.2283935546875,22.143539428710938,0.7584906220436096,265.964111328125,168.89234924316406,0.748306155204773,163.5323944091797,28.589935302734375,0.8720249533653259,306.518798828125,163.15951538085938,0.7354422211647034,262.7489929199219,157.33743286132812,0.807700514793396,0.0,0.0,0.1349349468946457,0.0,0.0,0.2105126827955246,0.0,0.0,0.009770838543772697,0.0,0.0,0.01743241958320141
455,True,0.0,0.0,0.012092003598809242,0.0,0.0,0.005336959380656481,0.0,0.0,0.0010628352174535394,0.0,0.0,0.009286990389227867,0.0,0.0,0.0009198999032378197,0.0,0.0,0.08564263582229614,0.0,0.0,0.25888240337371826,0.0,0.0,0.37607458233833313,199.1405029296875,16.519729614257812,0.7179838418960571,263.4342346191406,165.34268188476562,0.5463894009590149,163.5901641845703,27.515174865722656,0.8182180523872375,308.29913330078125,159.35362243652344,0.732620894908905,261.7340087890625,152.6166229248047,0.8449032306671143,0.0,0.0,0.1578187644481659,0.0,0.0,0.2816322147846222,0.0,0.0,0.01587107963860035,0.0,0.0,0.030896862968802452
456,True,0.0,0.0,0.01225177850574255,0.0,0.0,0.00549565302208066,0.0,0.0,0.0010881978087127209,0.0,0.0,0.00934819970279932,0.0,0.0,0.0009421526920050383,0.0,0.0,0.08391952514648438,0.0,0.0,0.25429388880729675,0.0,0.0,0.36852070689201355,198.66946411132812,16.755577087402344,0.7128729224205017,264.8661193847656,165.22341918945312,0.5375651717185974,163.649169921875,26.983322143554688,0.8146263360977173,308.76666259765625,159.125244140625,0.7270250916481018,262.2353210449219,152.55702209472656,0.8412842154502869,0.0,0.0,0.15775835514068604,0.0,0.0,0.2821761667728424,0.0,0.0,0.016224373131990433,0.0,0.0,0.03163452446460724
457,True,0.0,0.0,0.014564896933734417,0.0,0.0,0.006807202473282814,0.0,0.0,0.0012717157369479537,0.0,0.0,0.01075387466698885,0.0,0.0,0.0009632069268263876,0.0,0.0,0.09024176746606827,0.0,0.0,0.2497008740901947,0.0,0.0,0.37711209058761597,199.2084197998047,16.128494262695312,0.7020290493965149,264.6848449707031,165.6536865234375,0.5470308661460876,163.34967041015625,27.01837921142578,0.8115548491477966,307.7317199707031,157.24154663085938,0.7276079654693604,261.7044677734375,150.468505859375,0.8376359939575195,0.0,0.0,0.1655045598745346,0.0,0.0,0.2898550033569336,0.0,0.0,0.01722927950322628,0.0,0.0,0.03331863507628441
458,True,0.0,0.0,0.026100292801856995,0.0,0.0,0.01441662572324276,0.0,0.0,0.001936248503625393,0.0,0.0,0.01819031499326229,0.0,0.0,0.0009893266251310706,0.0,0.0,0.11828639358282089,0.0,0.0,0.2811184525489807,0.0,0.0,0.37955522537231445,201.07443237304688,15.021186828613281,0.6895049214363098,263.3823547363281,165.9323272705078,0.5278341770172119,163.08883666992188,28.51348876953125,0.7925666570663452,307.3148193359375,159.03517150878906,0.7166683077812195,260.86883544921875,151.8484649658203,0.8334175944328308,0.0,0.0,0.1524132639169693,0.0,0.0,0.28130635619163513,0.0,0.0,0.015948917716741562,0.0,0.0,0.032680608332157135
459,True,0.0,0.0,0.04628278687596321,0.0,0.0,0.03156723827123642,0.0,0.0,0.002951704664155841,0.0,0.0,0.031059127300977707,0.0,0.0,0.0009424782474525273,0.0,0.0,0.1372285634279251,0.0,0.0,0.28816789388656616,0.0,0.0,0.36671605706214905,202.5516815185547,15.835243225097656,0.6689121127128601,262.45977783203125,166.4716796875,0.5153258442878723,163.32223510742188,28.754295349121094,0.7835140228271484,307.3047180175781,156.46778869628906,0.7003223896026611,261.59765625,149.59841918945312,0.8262754678726196,0.0,0.0,0.15514852106571198,0.0,0.0,0.2991548776626587,0.0,0.0,0.016972798854112625,0.0,0.0,0.03722791746258736
460,True,0.0,0.0,0.28938210010528564,0.0,0.0,0.2441958487033844,0.0,0.0,0.015278155915439129,0.0,0.0,0.11541035026311874,0.0,0.0,0.0016332726227119565,0.0,0.0,0.37564271688461304,0.0,0.0,0.41091492772102356,316.08197021484375,97.3263931274414,0.605423092842102,204.7822265625,19.604393005371094,0.680033802986145,265.6629638671875,168.66258239746094,0.7417375445365906,167.7574920654297,27.915252685546875,0.832207441329956,305.8404846191406,155.47756958007812,0.7072346806526184,264.9827880859375,148.8064727783203,0.7777450680732727,0.0,0.0,0.1567986011505127,0.0,0.0,0.24835701286792755,0.0,0.0,0.01223738957196474,0.0,0.0,0.02388358861207962
461,True,0.0,0.0,0.19537091255187988,0.0,0.0,0.16359323263168335,0.0,0.0,0.010245327837765217,0.0,0.0,0.09720519930124283,0.0,0.0,0.0015258698258548975,0.0,0.0,0.2770172655582428,0.0,0.0,0.4665749967098236,0.0,0.0,0.4163612723350525,203.96234130859375,19.4493408203125,0.728546679019928,264.9669189453125,170.47874450683594,0.519387423992157,166.17388916015625,29.23241424560547,0.8160346150398254,303.86151123046875,154.49658203125,0.7117547392845154,263.04766845703125,147.1873779296875,0.8402031064033508,0.0,0.0,0.1329861283302307,0.0,0.0,0.29592305421829224,0.0,0.0,0.011124493554234505,0.0,0.0,0.029205873608589172
462,True,0.0,0.0,0.28358522057533264,0.0,0.0,0.23927362263202667,0.0,0.0,0.015341256745159626,0.0,0.0,0.11467175930738449,0.0,0.0,0.001700608292594552,0.0,0.0,0.36330464482307434,0.0,0.0,0.4414811432361603,317.3235168457031,99.77308654785156,0.5868422985076904,202.96023559570312,19.652076721191406,0.6960957050323486,264.4835510253906,169.56561279296875,0.7292402386665344,165.77027893066406,27.09233856201172,0.8354106545448303,306.92950439453125,159.2982635498047,0.7049565315246582,263.9264831542969,152.06259155273438,0.7855003476142883,0.0,0.0,0.1416487991809845,0.0,0.0,0.23310399055480957,0.0,0.0,0.010760709643363953,0.0,0.0,0.0214256402105093
463,True,0.0,0.0,0.13856886327266693,0.0,0.0,0.1021696925163269,0.0,0.0,0.007763033267110586,0.0,0.0,0.06601225584745407,0.0,0.0,0.0015585307264700532,0.0,0.0,0.237972691655159,0.0,0.0,0.4520530700683594,0.0,0.0,0.40047892928123474,202.29531860351562,18.668434143066406,0.7277754545211792,265.5317077636719,170.21849060058594,0.5082191228866577,164.3113250732422,30.001075744628906,0.8136281371116638,305.1737976074219,154.56597900390625,0.7226886749267578,263.06060791015625,146.79727172851562,0.8473126888275146,0.0,0.0,0.1424454152584076,0.0,0.0,0.3054172396659851,0.0,0.0,0.012221146374940872,0.0,0.0,0.030714958906173706
464,True,0.0,0.0,0.03808822110295296,0.0,0.0,0.019184909760951996,0.0,0.0,0.002591863041743636,0.0,0.0,0.021326052024960518,0.0,0.0,0.0013831042451784015,0.0,0.0,0.16879874467849731,0.0,0.0,0.401893675327301,0.0,0.0,0.45731112360954285,195.9060516357422,18.69434356689453,0.7654584646224976,264.18011474609375,168.2930908203125,0.5796158909797668,161.84359741210938,28.994583129882812,0.8433443307876587,306.42132568359375,157.94578552246094,0.7849850654602051,260.7774353027344,150.57728576660156,0.8752650618553162,0.0,0.0,0.15603451430797577,0.0,0.0,0.29034867882728577,0.0,0.0,0.011793826706707478,0.0,0.0,0.024999739602208138
465,True,0.0,0.0,0.04833975434303284,0.0,0.0,0.025427473708987236,0.0,0.0,0.003167064394801855,0.0,0.0,0.024893565103411674,0.0,0.0,0.001421580440364778,0.0,0.0,0.171457439661026,0.0,0.0,0.4077906012535095,0.0,0.0,0.4323534369468689,197.05972290039062,17.785980224609375,0.7541565299034119,263.469970703125,168.96629333496094,0.5565862059593201,162.427001953125,28.793212890625,0.8358166813850403,306.912109375,157.91281127929688,0.7583509087562561,262.31182861328125,150.34091186523438,0.8620722889900208,0.0,0.0,0.14424899220466614,0.0,0.0,0.2790587544441223,0.0,0.0,0.01136647630482912,0.0,0.0,0.024919938296079636
466,True,0.0,0.0,0.05569745972752571,0.0,0.0,0.03007420524954796,0.0,0.0,0.0036933529190719128,0.0,0.0,0.026850322261452675,0.0,0.0,0.001479758182540536,0.0,0.0,0.1743471771478653,0.0,0.0,0.40344008803367615,0.0,0.0,0.4367520213127136,197.9302978515625,16.79338836669922,0.7500652074813843,263.9864807128906,169.20315551757812,0.5695208311080933,162.47152709960938,28.370452880859375,0.8390200734138489,307.0382080078125,155.96453857421875,0.7577160000801086,262.5068664550781,148.23638916015625,0.860023021697998,0.0,0.0,0.14713630080223083,0.0,0.0,0.28264114260673523,0.0,0.0,0.011492829769849777,0.0,0.0,0.02514115907251835
467,True,0.0,0.0,0.010807931423187256,0.0,0.0,0.004930624272674322,0.0,0.0,0.0009845402091741562,0.0,0.0,0.008962096646428108,0.0,0.0,0.0008738575270399451,0.0,0.0,0.070693239569664,0.0,0.0,0.26841458678245544,0.0,0.0,0.34657174348831177,194.9005126953125,14.864433288574219,0.7474150657653809,261.4287109375,166.6724395751953,0.5445229411125183,161.24960327148438,28.055007934570312,0.8434546589851379,310.3440246582031,161.2225341796875,0.7253400087356567,260.4459228515625,153.81536865234375,0.8539544343948364,0.0,0.0,0.14676836133003235,0.0,0.0,0.28092193603515625,0.0,0.0,0.015257403254508972,0.0,0.0,0.031388841569423676
468,True,0.0,0.0,0.019241932779550552,0.0,0.0,0.010520048439502716,0.0,0.0,0.0015055887633934617,0.0,0.0,0.01440049521625042,0.0,0.0,0.0008437828510068357,0.0,0.0,0.0864909440279007,0.0,0.0,0.25184381008148193,0.0,0.0,0.3396245837211609,199.71160888671875,12.884140014648438,0.6809768676757812,260.32061767578125,166.5501708984375,0.5268070101737976,164.41311645507812,27.206680297851562,0.8034650087356567,310.3601989746094,158.0634307861328,0.7055931091308594,262.37200927734375,150.25933837890625,0.8327618837356567,0.0,0.0,0.16697393357753754,0.0,0.0,0.3041566014289856,0.0,0.0,0.019496219232678413,0.0,0.0,0.039563748985528946
469,True,0.0,0.0,0.022268593311309814,0.0,0.0,0.012364734895527363,0.0,0.0,0.0016955842729657888,0.0,0.0,0.016069689765572548,0.0,0.0,0.0008742069476284087,0.0,0.0,0.0981883704662323,0.0,0.0,0.25740888714790344,0.0,0.0,0.3667241334915161,200.38015747070312,12.52764892578125,0.6793167591094971,260.192138671875,166.47987365722656,0.551813006401062,164.44996643066406,27.1639404296875,0.8049195408821106,309.5587463378906,157.2960205078125,0.7191348075866699,262.04327392578125,149.43797302246094,0.8354671597480774,0.0,0.0,0.17555354535579681,0.0,0.0,0.3090227544307709,0.0,0.0,0.019927795976400375,0.0,0.0,0.039516884833574295
470,True,0.0,0.0,0.01223427802324295,0.0,0.0,0.005636582151055336,0.0,0.0,0.0009246603585779667,0.0,0.0,0.010789187625050545,0.0,0.0,0.0007144524133764207,0.0,0.0,0.09465985000133514,0.0,0.0,0.2771800756454468,0.0,0.0,0.44626912474632263,197.57102966308594,14.781593322753906,0.7560730576515198,260.8351745605469,165.426513671875,0.6342012286186218,159.79042053222656,26.33924102783203,0.8542255759239197,308.80224609375,159.39117431640625,0.7728132605552673,262.66864013671875,152.53594970703125,0.8689467906951904,0.0,0.0,0.19193987548351288,0.0,0.0,0.32170549035072327,0.0,0.0,0.018982432782649994,0.0,0.0,0.03609972819685936
471,True,0.0,0.0,0.026029877364635468,0.0,0.0,0.014546006917953491,0.0,0.0,0.0018744494300335646,0.0,0.0,0.018521608784794807,0.0,0.0,0.0008744735387153924,0.0,0.0,0.1086975559592247,0.0,0.0,0.29295361042022705,0.0,0.0,0.400765061378479,200.15188598632812,13.520294189453125,0.7164316773414612,259.4515380859375,166.63832092285156,0.5850653052330017,160.4864959716797,27.380386352539062,0.8262579441070557,310.167236328125,158.48275756835938,0.7374194860458374,263.6934509277344,151.0583953857422,0.8508036136627197,0.0,0.0,0.18424858152866364,0.0,0.0,0.32248884439468384,0.0,0.0,0.020603135228157043,0.0,0.0,0.04117082804441452
472,True,0.0,0.0,0.02324678562581539,0.0,0.0,0.012682713568210602,0.0,0.0,0.0017564010340720415,0.0,0.0,0.016022875905036926,0.0,0.0,0.0008751653367653489,0.0,0.0,0.10097260028123856,0.0,0.0,0.26380684971809387,0.0,0.0,0.39601635932922363,199.67538452148438,13.400978088378906,0.6998519897460938,260.9857482910156,166.21047973632812,0.5815231800079346,160.22732543945312,27.0738525390625,0.8204501271247864,310.692626953125,155.53611755371094,0.7365487217903137,264.79840087890625,148.49658203125,0.8465747833251953,0.0,0.0,0.19660992920398712,0.0,0.0,0.3343978822231293,0.0,0.0,0.022642021998763084,0.0,0.0,0.04423157870769501
473,True,0.0,0.0,0.014357010833919048,0.0,0.0,0.006989801302552223,0.0,0.0,0.0010516855400055647,0.0,0.0,0.011201086454093456,0.0,0.0,0.0006718637887388468,0.0,0.0,0.09352175891399384,0.0,0.0,0.23449048399925232,0.0,0.0,0.44348132610321045,199.07382202148438,13.7930908203125,0.7171711325645447,261.98382568359375,166.07525634765625,0.6358585357666016,159.35421752929688,27.040008544921875,0.8399538397789001,307.5782165527344,158.128173828125,0.765751838684082,262.28082275390625,150.51856994628906,0.8565925359725952,0.0,0.0,0.19901709258556366,0.0,0.0,0.32331135869026184,0.0,0.0,0.020077716559171677,0.0,0.0,0.03742620721459389
474,True,0.0,0.0,0.012433980591595173,0.0,0.0,0.006009449250996113,0.0,0.0,0.0009528715745545924,0.0,0.0,0.01020953617990017,0.0,0.0,0.0006799617549404502,0.0,0.0,0.0844297707080841,0.0,0.0,0.23006464540958405,0.0,0.0,0.42384201288223267,197.5017852783203,13.991867065429688,0.7178239226341248,262.201416015625,165.980712890625,0.6148449778556824,160.14459228515625,26.080589294433594,0.8362417817115784,308.58697509765625,158.67025756835938,0.764475405216217,262.4147644042969,151.44671630859375,0.858704149723053,0.0,0.0,0.18665456771850586,0.0,0.0,0.3094935715198517,0.0,0.0,0.018563905730843544,0.0,0.0,0.034853700548410416
475,True,0.0,0.0,0.01423849817365408,0.0,0.0,0.007007043343037367,0.0,0.0,0.0010852990671992302,0.0,0.0,0.011153476312756538,0.0,0.0,0.0007119657821021974,0.0,0.0,0.09012958407402039,0.0,0.0,0.22819454967975616,0.0,0.0,0.43789467215538025,197.9918975830078,14.214584350585938,0.7101826667785645,262.40460205078125,165.87210083007812,0.6282373666763306,159.69345092773438,25.977073669433594,0.8353078961372375,308.2366027832031,155.5996856689453,0.7649585604667664,263.0503234863281,148.8306121826172,0.8548465371131897,0.0,0.0,0.20050258934497833,0.0,0.0,0.3224639296531677,0.0,0.0,0.020411936566233635,0.0,0.0,0.037561461329460144
476,True,0.0,0.0,0.02818732149899006,0.0,0.0,0.016942370682954788,0.0,0.0,0.0019877003505825996,0.0,0.0,0.01902925781905651,0.0,0.0,0.0008197555434890091,0.0,0.0,0.10731823742389679,0.0,0.0,0.23722977936267853,0.0,0.0,0.39889010787010193,201.23326110839844,13.302688598632812,0.6591585874557495,261.73992919921875,166.1605224609375,0.5734171867370605,165.24911499023438,26.60504150390625,0.7936243414878845,308.5381774902344,156.36788940429688,0.7362079620361328,262.51678466796875,149.10153198242188,0.8369265794754028,0.0,0.0,0.18143042922019958,0.0,0.0,0.3044900596141815,0.0,0.0,0.019783593714237213,0.0,0.0,0.037917040288448334
477,True,0.0,0.0,0.03776181489229202,0.0,0.0,0.02553490363061428,0.0,0.0,0.002570039127022028,0.0,0.0,0.02550976164638996,0.0,0.0,0.0008602634770795703,0.0,0.0,0.12036225944757462,0.0,0.0,0.23344583809375763,0.0,0.0,0.3821425437927246,202.6455078125,12.703636169433594,0.6298720240592957,261.6440124511719,166.74041748046875,0.5402898788452148,166.05247497558594,26.903274536132812,0.769145667552948,307.2356262207031,151.0960235595703,0.72935551404953,261.6788024902344,144.04428100585938,0.8324476480484009,0.0,0.0,0.20404836535453796,0.0,0.0,0.34474146366119385,0.0,0.0,0.024808615446090698,0.0,0.0,0.049109093844890594
478,True,0.0,0.0,0.03126584365963936,0.0,0.0,0.019620008766651154,0.0,0.0,0.002329254522919655,0.0,0.0,0.019927088171243668,0.0,0.0,0.0008733277209103107,0.0,0.0,0.10369259119033813,0.0,0.0,0.2050696313381195,0.0,0.0,0.3768555819988251,202.3624725341797,12.880851745605469,0.6168419122695923,262.5460510253906,166.50717163085938,0.5448546409606934,166.4884033203125,26.191879272460938,0.7686766386032104,307.96588134765625,151.90460205078125,0.7153109908103943,262.1759338378906,145.3146514892578,0.8180856704711914,0.0,0.0,0.18865817785263062,0.0,0.0,0.3146931827068329,0.0,0.0,0.022748664021492004,0.0,0.0,0.043689046055078506
479,True,0.0,0.0,0.038116704672575,0.0,0.0,0.02577800117433071,0.0,0.0,0.002918940270319581,0.0,0.0,0.02364111691713333,0.0,0.0,0.0009602742502465844,0.0,0.0,0.09756079316139221,0.0,0.0,0.2142719030380249,0.0,0.0,0.3115635812282562,202.87098693847656,13.501594543457031,0.6055149435997009,0.0,0.0,0.4620010256767273,167.33245849609375,25.58148193359375,0.7439723610877991,309.28082275390625,152.5279083251953,0.666722297668457,262.3975830078125,146.1145477294922,0.8006492257118225,0.0,0.0,0.15260714292526245,0.0,0.0,0.287293016910553,0.0,0.0,0.019013680517673492,0.0,0.0,0.04014093801379204
480,True,0.0,0.0,0.1726096272468567,0.0,0.0,0.1448519080877304,0.0,0.0,0.009618869051337242,0.0,0.0,0.07989434897899628,0.0,0.0,0.0013856355799362063,0.0,0.0,0.23333951830863953,0.0,0.0,0.37275809049606323,0.0,0.0,0.39939042925834656,203.9567108154297,15.966239929199219,0.6783594489097595,264.6684265136719,168.73974609375,0.5358700752258301,170.63526916503906,25.504547119140625,0.8068708181381226,306.00347900390625,151.29702758789062,0.686293363571167,263.8822021484375,144.11148071289062,0.8140650987625122,0.0,0.0,0.1415795385837555,0.0,0.0,0.2964605391025543,0.0,0.0,0.012812821194529533,0.0,0.0,0.03177480027079582
481,True,0.0,0.0,0.19744256138801575,0.0,0.0,0.17284251749515533,0.0,0.0,0.011824029497802258,0.0,0.0,0.09719108045101166,0.0,0.0,0.0016234546201303601,0.0,0.0,0.25504183769226074,0.0,0.0,0.3935609757900238,0.0,0.0,0.4081534445285797,202.9624786376953,16.96434783935547,0.6737529635429382,265.0390625,168.44236755371094,0.5267863869667053,170.0204620361328,27.13738250732422,0.7939257025718689,304.77203369140625,148.26742553710938,0.7062285542488098,263.0415344238281,141.89361572265625,0.8246946930885315,0.0,0.0,0.15828484296798706,0.0,0.0,0.3182658851146698,0.0,0.0,0.014919021166861057,0.0,0.0,0.036223333328962326
482,True,0.0,0.0,0.018469447270035744,0.0,0.0,0.009823727421462536,0.0,0.0,0.0015864046290516853,0.0,0.0,0.013273961842060089,0.0,0.0,0.0009101709583774209,0.0,0.0,0.08882226049900055,0.0,0.0,0.2209753543138504,0.0,0.0,0.38526055216789246,200.4656219482422,14.911163330078125,0.6657108664512634,262.2751159667969,166.94705200195312,0.5501086711883545,165.4571990966797,27.597991943359375,0.7913082242012024,309.3974609375,152.9011688232422,0.7454599142074585,262.8087463378906,147.10165405273438,0.8440101146697998,0.0,0.0,0.1971963793039322,0.0,0.0,0.3251938819885254,0.0,0.0,0.023083439096808434,0.0,0.0,0.04328674077987671
483,True,0.0,0.0,0.01863889768719673,0.0,0.0,0.009818580001592636,0.0,0.0,0.001675014616921544,0.0,0.0,0.013463638722896576,0.0,0.0,0.0010060066124424338,0.0,0.0,0.09114550054073334,0.0,0.0,0.23437850177288055,0.0,0.0,0.38427993655204773,199.7864532470703,14.547080993652344,0.6795650720596313,262.2069091796875,167.1496124267578,0.5388256907463074,164.5072021484375,27.532821655273438,0.7929611206054688,309.0352783203125,151.34176635742188,0.7559224367141724,261.9476318359375,145.72279357910156,0.8537049293518066,0.0,0.0,0.19192123413085938,0.0,0.0,0.3227601647377014,0.0,0.0,0.021521031856536865,0.0,0.0,0.04095935449004173
484,True,0.0,0.0,0.02773205004632473,0.0,0.0,0.017246155068278313,0.0,0.0,0.002166381571441889,0.0,0.0,0.020107120275497437,0.0,0.0,0.0009334258502349257,0.0,0.0,0.1026402935385704,0.0,0.0,0.23322325944900513,0.0,0.0,0.36980611085891724,201.64361572265625,14.736015319824219,0.6503791809082031,262.3929748535156,167.49563598632812,0.5187669992446899,165.3226318359375,27.52197265625,0.7730257511138916,309.3652648925781,150.50881958007812,0.7321356534957886,262.7750244140625,144.6826629638672,0.8388799428939819,0.0,0.0,0.18610066175460815,0.0,0.0,0.32196298241615295,0.0,0.0,0.02172374166548252,0.0,0.0,0.04307730495929718
485,True,0.0,0.0,0.06033072620630264,0.0,0.0,0.03541257232427597,0.0,0.0,0.00429655984044075,0.0,0.0,0.027293536812067032,0.0,0.0,0.0014541425043717027,0.0,0.0,0.1560969203710556,0.0,0.0,0.3194179832935333,0.0,0.0,0.4187055230140686,201.2383270263672,14.169448852539062,0.6870966553688049,264.464599609375,168.19651794433594,0.5635983347892761,168.36582946777344,25.980506896972656,0.8110226392745972,307.78448486328125,151.1483612060547,0.7403525114059448,263.26959228515625,144.1691436767578,0.8377009034156799,0.0,0.0,0.16114939749240875,0.0,0.0,0.28944215178489685,0.0,0.0,0.013979609124362469,0.0,0.0,0.028904926031827927
486,True,0.0,0.0,0.052683025598526,0.0,0.0,0.02935967594385147,0.0,0.0,0.0038715603295713663,0.0,0.0,0.023826997727155685,0.0,0.0,0.001472047995775938,0.0,0.0,0.14702163636684418,0.0,0.0,0.3251606523990631,0.0,0.0,0.41255879402160645,200.2718505859375,14.042648315429688,0.7015208601951599,264.42742919921875,168.39193725585938,0.557263970375061,168.33837890625,24.943450927734375,0.8174877166748047,308.4714050292969,152.98976135253906,0.743918240070343,263.3947448730469,146.18319702148438,0.8438426852226257,0.0,0.0,0.1578381508588791,0.0,0.0,0.28853195905685425,0.0,0.0,0.013622795231640339,0.0,0.0,0.02843586355447769
487,True,0.0,0.0,0.05516641587018967,0.0,0.0,0.0309283584356308,0.0,0.0,0.004040177911520004,0.0,0.0,0.024803902953863144,0.0,0.0,0.0015022469451650977,0.0,0.0,0.15182366967201233,0.0,0.0,0.32790428400039673,0.0,0.0,0.4139595031738281,200.65972900390625,14.187713623046875,0.698341965675354,265.12591552734375,168.36672973632812,0.5569594502449036,168.19007873535156,25.058380126953125,0.8149004578590393,307.7457275390625,152.56089782714844,0.7386146783828735,263.2012023925781,145.62432861328125,0.8390227556228638,0.0,0.0,0.15905524790287018,0.0,0.0,0.2890821695327759,0.0,0.0,0.01401122659444809,0.0,0.0,0.029097411781549454
488,True,0.0,0.0,0.13955388963222504,0.0,0.0,0.08237557858228683,0.0,0.0,0.009105859324336052,0.0,0.0,0.04433005303144455,0.0,0.0,0.0019633399788290262,0.0,0.0,0.2849900424480438,0.0,0.0,0.3744807839393616,315.8153076171875,94.93154907226562,0.6370607018470764,203.67474365234375,13.704612731933594,0.712893545627594,264.3542175292969,168.7667236328125,0.7777334451675415,168.08145141601562,22.61225128173828,0.8550631999969482,307.16729736328125,153.18508911132812,0.7669774293899536,264.84710693359375,147.0317840576172,0.8165655136108398,0.0,0.0,0.20494398474693298,0.0,0.0,0.2851305305957794,0.0,0.0,0.01672498509287834,0.0,0.0,0.028049439191818237
489,True,0.0,0.0,0.11818020790815353,0.0,0.0,0.06718652695417404,0.0,0.0,0.007854138500988483,0.0,0.0,0.037995435297489166,0.0,0.0,0.0018892274238169193,0.0,0.0,0.2624043822288513,0.0,0.0,0.3571256101131439,316.2362365722656,94.80906677246094,0.6305910348892212,202.6907501220703,12.99212646484375,0.7125407457351685,265.2327880859375,168.3036651611328,0.7758990526199341,168.57598876953125,21.754608154296875,0.855420708656311,307.6976623535156,155.0379180908203,0.7664287090301514,264.3755798339844,148.69154357910156,0.8160274028778076,0.0,0.0,0.192375048995018,0.0,0.0,0.2678470015525818,0.0,0.0,0.015298343263566494,0.0,0.0,0.02544756792485714
490,True,0.0,0.0,0.11301691085100174,0.0,0.0,0.06186125427484512,0.0,0.0,0.007932022213935852,0.0,0.0,0.033571433275938034,0.0,0.0,0.0019638200756162405,0.0,0.0,0.24622389674186707,0.0,0.0,0.3425125479698181,315.8533935546875,94.19791412353516,0.6163108348846436,203.47677612304688,12.176788330078125,0.7069677710533142,265.753173828125,168.1957550048828,0.7694306373596191,169.60836791992188,21.81897735595703,0.8543150424957275,307.8130798339844,152.668212890625,0.7640747427940369,264.79449462890625,146.31874084472656,0.8151845932006836,0.0,0.0,0.2013658881187439,0.0,0.0,0.27972814440727234,0.0,0.0,0.016501767560839653,0.0,0.0,0.027332914993166924
491,True,0.0,0.0,0.02248212695121765,0.0,0.0,0.009764372371137142,0.0,0.0,0.0019373638788238168,0.0,0.0,0.010454711504280567,0.0,0.0,0.0012797535164281726,0.0,0.0,0.11129095405340195,0.0,0.0,0.26717838644981384,0.0,0.0,0.437439888715744,201.06451416015625,12.976722717285156,0.72470623254776,264.2416076660156,167.34042358398438,0.5907835960388184,170.4252471923828,24.433326721191406,0.836949348449707,306.4662170410156,151.9713134765625,0.7941339015960693,260.466064453125,144.87139892578125,0.8721733093261719,0.0,0.0,0.18064802885055542,0.0,0.0,0.3098676800727844,0.0,0.0,0.014456043019890785,0.0,0.0,0.028173210099339485
492,True,0.0,0.0,0.023827284574508667,0.0,0.0,0.010541079565882683,0.0,0.0,0.00200759363360703,0.0,0.0,0.011036889627575874,0.0,0.0,0.0012771482579410076,0.0,0.0,0.11474481970071793,0.0,0.0,0.26840531826019287,0.0,0.0,0.4472094476222992,200.8836212158203,13.460411071777344,0.7255397439002991,264.7910461425781,167.3030242919922,0.6029191017150879,170.17636108398438,25.01093292236328,0.8401356339454651,306.7203369140625,152.81607055664062,0.7886597514152527,260.8365478515625,145.690185546875,0.8669029474258423,0.0,0.0,0.17175380885601044,0.0,0.0,0.29444319009780884,0.0,0.0,0.013434693217277527,0.0,0.0,0.026019301265478134
493,True,0.0,0.0,0.018189437687397003,0.0,0.0,0.007632217835634947,0.0,0.0,0.0016134683974087238,0.0,0.0,0.008991969749331474,0.0,0.0,0.001234085881151259,0.0,0.0,0.1053684651851654,0.0,0.0,0.2590806186199188,0.0,0.0,0.4503859579563141,199.2043914794922,14.075393676757812,0.7358694672584534,265.32666015625,166.72511291503906,0.6087167263031006,169.82476806640625,25.34234619140625,0.8470442891120911,306.8107604980469,151.95199584960938,0.8012505769729614,260.2706298828125,145.1846160888672,0.8754825592041016,0.0,0.0,0.18070079386234283,0.0,0.0,0.3056851327419281,0.0,0.0,0.013995636254549026,0.0,0.0,0.02675599418580532
494,True,0.0,0.0,0.07577385008335114,0.0,0.0,0.03738052025437355,0.0,0.0,0.005631228908896446,0.0,0.0,0.024724362418055534,0.0,0.0,0.0018857709364965558,0.0,0.0,0.2219552844762802,0.0,0.0,0.3472216725349426,316.6748046875,95.50895690917969,0.6111018061637878,201.9326934814453,13.567710876464844,0.7391616702079773,265.55804443359375,169.0316162109375,0.7661296725273132,170.42324829101562,23.10101318359375,0.8680941462516785,307.8394775390625,156.55279541015625,0.7865052819252014,262.2986145019531,150.17202758789062,0.8394445776939392,0.0,0.0,0.1968650370836258,0.0,0.0,0.28319051861763,0.0,0.0,0.01535753719508648,0.0,0.0,0.02597292698919773
495,True,0.0,0.0,0.0826692059636116,0.0,0.0,0.0412137433886528,0.0,0.0,0.006226607132703066,0.0,0.0,0.02662726864218712,0.0,0.0,0.002004987094551325,0.0,0.0,0.23332254588603973,0.0,0.0,0.3511635661125183,315.85308837890625,93.74208068847656,0.6269180774688721,201.79412841796875,13.177375793457031,0.7347379922866821,265.7428283691406,168.71127319335938,0.7763086557388306,170.009521484375,22.602806091308594,0.8664485812187195,307.04986572265625,154.88906860351562,0.7894834876060486,262.6079406738281,148.89041137695312,0.83705073595047,0.0,0.0,0.20870621502399445,0.0,0.0,0.2894706130027771,0.0,0.0,0.016789276152849197,0.0,0.0,0.027510447427630424
496,True,0.0,0.0,0.02011127397418022,0.0,0.0,0.008338873274624348,0.0,0.0,0.0017738617025315762,0.0,0.0,0.00968848168849945,0.0,0.0,0.0013074440648779273,0.0,0.0,0.11369366943836212,0.0,0.0,0.2799988090991974,0.0,0.0,0.45101702213287354,199.65786743164062,14.328231811523438,0.7396125197410583,265.6242980957031,166.5187530517578,0.601996660232544,169.96775817871094,25.152122497558594,0.8446677327156067,306.5413818359375,153.86764526367188,0.7940937876701355,260.3498229980469,147.34994506835938,0.8716905117034912,0.0,0.0,0.1770201474428177,0.0,0.0,0.3026246130466461,0.0,0.0,0.01424410194158554,0.0,0.0,0.02746584825217724
497,True,0.0,0.0,0.02239738032221794,0.0,0.0,0.009053907357156277,0.0,0.0,0.0019393879920244217,0.0,0.0,0.010461989790201187,0.0,0.0,0.001401705201715231,0.0,0.0,0.13282610476016998,0.0,0.0,0.3066180646419525,0.0,0.0,0.49775102734565735,199.60877990722656,14.025520324707031,0.7605462074279785,264.548095703125,166.8175506591797,0.6397249102592468,168.3428497314453,24.051300048828125,0.8579009771347046,305.29931640625,153.21279907226562,0.8159201741218567,259.710205078125,146.4670867919922,0.8826842904090881,0.0,0.0,0.1860707700252533,0.0,0.0,0.3095433712005615,0.0,0.0,0.013844333589076996,0.0,0.0,0.026236727833747864
498,True,0.0,0.0,0.0216301828622818,0.0,0.0,0.008680542930960655,0.0,0.0,0.0019466339144855738,0.0,0.0,0.010332325473427773,0.0,0.0,0.0014813309535384178,0.0,0.0,0.13295575976371765,0.0,0.0,0.31511133909225464,0.0,0.0,0.4950457215309143,198.39443969726562,14.454963684082031,0.7666290402412415,264.9317626953125,166.6124267578125,0.635039746761322,168.65365600585938,22.607925415039062,0.8593118190765381,304.9678955078125,152.13917541503906,0.8256235718727112,259.2137451171875,145.68743896484375,0.890242874622345,0.0,0.0,0.20582397282123566,0.0,0.0,0.33837613463401794,0.0,0.0,0.015911871567368507,0.0,0.0,0.030109338462352753
499,True,0.0,0.0,0.025878818705677986,0.0,0.0,0.01024727150797844,0.0,0.0,0.0024190801195800304,0.0,0.0,0.01058604009449482,0.0,0.0,0.0016754692187532783,0.0,0.0,0.13000266253948212,0.0,0.0,0.3131862282752991,0.0,0.0,0.46758511662483215,199.66712951660156,13.7427978515625,0.7551083564758301,265.907470703125,166.41165161132812,0.6107214689254761,168.37168884277344,23.368873596191406,0.8514263033866882,304.82794189453125,152.3231658935547,0.7969709634780884,259.90887451171875,145.6897430419922,0.8731753826141357,0.0,0.0,0.17761699855327606,0.0,0.0,0.3043287694454193,0.0,0.0,0.01394436415284872,0.0,0.0,0.02691214345395565
500,True,0.0,0.0,0.021484224125742912,0.0,0.0,0.008946461603045464,0.0,0.0,0.0020157708786427975,0.0,0.0,0.010097352787852287,0.0,0.0,0.0014986008172854781,0.0,0.0,0.11184295266866684,0.0,0.0,0.28599753975868225,0.0,0.0,0.4321065843105316,197.3800048828125,13.637931823730469,0.7354550957679749,265.5617370605469,166.71194458007812,0.5811071991920471,168.82778930664062,22.354354858398438,0.8400610089302063,305.9204406738281,151.71640014648438,0.7949183583259583,260.36566162109375,145.45191955566406,0.8737064003944397,0.0,0.0,0.18903273344039917,0.0,0.0,0.3234037458896637,0.0,0.0,0.015696538612246513,0.0,0.0,0.030501743778586388
501,True,0.0,0.0,0.024728721007704735,0.0,0.0,0.010077191516757011,0.0,0.0,0.0023493648041039705,0.0,0.0,0.010972454212605953,0.0,0.0,0.0016969619318842888,0.0,0.0,0.1248864084482193,0.0,0.0,0.3254976272583008,0.0,0.0,0.45549845695495605,196.2303009033203,17.332435607910156,0.7632778882980347,265.5462341308594,166.73316955566406,0.5944082140922546,169.53240966796875,25.095176696777344,0.8526749610900879,306.283935546875,156.50979614257812,0.7950277328491211,260.0553283691406,150.672607421875,0.8753156065940857,0.0,0.0,0.15186144411563873,0.0,0.0,0.2715034484863281,0.0,0.0,0.011236589401960373,0.0,0.0,0.02213095873594284
502,True,0.0,0.0,0.033840056508779526,0.0,0.0,0.013532682321965694,0.0,0.0,0.003236691001802683,0.0,0.0,0.013260978274047375,0.0,0.0,0.0021251472644507885,0.0,0.0,0.1477496176958084,0.0,0.0,0.38583993911743164,0.0,0.0,0.46781593561172485,195.85093688964844,18.750808715820312,0.7861894369125366,266.68743896484375,166.19676208496094,0.6027133464813232,165.92147827148438,29.405609130859375,0.8630386590957642,305.6321105957031,152.67709350585938,0.7868263721466064,260.810302734375,146.9189910888672,0.8739110827445984,0.0,0.0,0.15251308679580688,0.0,0.0,0.27677980065345764,0.0,0.0,0.011222745291888714,0.0,0.0,0.022414108738303185
503,True,0.0,0.0,0.025068208575248718,0.0,0.0,0.010136122815310955,0.0,0.0,0.002346060238778591,0.0,0.0,0.01182362250983715,0.0,0.0,0.001328784041106701,0.0,0.0,0.10380863398313522,0.0,0.0,0.30139854550361633,0.0,0.0,0.4650314748287201,197.97206115722656,17.668212890625,0.751375138759613,266.3006286621094,169.2220916748047,0.6754128932952881,166.39097595214844,29.485671997070312,0.8587663173675537,308.2028503417969,160.37017822265625,0.7208945751190186,262.3441162109375,155.7232666015625,0.8236209154129028,0.0,0.0,0.1554332822561264,0.0,0.0,0.25150755047798157,0.0,0.0,0.015729408711194992,0.0,0.0,0.02799713797867298
504,True,0.0,0.0,0.04012155532836914,0.0,0.0,0.020762799307703972,0.0,0.0,0.0029537726659327745,0.0,0.0,0.01802634447813034,0.0,0.0,0.0010655081132426858,0.0,0.0,0.10415561497211456,0.0,0.0,0.25963571667671204,0.0,0.0,0.41438809037208557,200.27880859375,19.097564697265625,0.685611367225647,266.3507080078125,169.87692260742188,0.6255025863647461,166.71409606933594,32.637123107910156,0.8230376839637756,310.56005859375,158.3312530517578,0.6598318219184875,265.496826171875,153.77015686035156,0.782739520072937,0.0,0.0,0.14212164282798767,0.0,0.0,0.24165108799934387,0.0,0.0,0.01606745831668377,0.0,0.0,0.030324090272188187
505,True,0.0,0.0,0.01991809532046318,0.0,0.0,0.006475777365267277,0.0,0.0,0.002093226881697774,0.0,0.0,0.008275549858808517,0.0,0.0,0.001677827793173492,0.0,0.0,0.08998855948448181,0.0,0.0,0.39729270339012146,0.0,0.0,0.40436264872550964,192.92453002929688,31.944114685058594,0.8334811925888062,268.9425354003906,167.485595703125,0.6043910980224609,164.01063537597656,36.53754425048828,0.8878671526908875,308.4735107421875,161.15545654296875,0.7223739624023438,262.97772216796875,158.54185485839844,0.8575800657272339,0.0,0.0,0.12175098806619644,0.0,0.0,0.24033492803573608,0.0,0.0,0.010181261226534843,0.0,0.0,0.0209287591278553
506,True,0.0,0.0,0.0197889506816864,0.0,0.0,0.006070296745747328,0.0,0.0,0.002436466049402952,0.0,0.0,0.0075678168796002865,0.0,0.0,0.0021581025794148445,0.0,0.0,0.07863626629114151,0.0,0.0,0.4193437099456787,0.0,0.0,0.3159582316875458,196.98699951171875,31.68939208984375,0.8351746797561646,0.0,0.0,0.4890374541282654,163.46334838867188,39.66803741455078,0.8719246983528137,307.2878112792969,152.36181640625,0.7224050760269165,263.44140625,150.3997802734375,0.8751359581947327,0.0,0.0,0.16435062885284424,0.0,0.0,0.34623026847839355,0.0,0.0,0.017532408237457275,0.0,0.0,0.03979744762182236
507,True,0.0,0.0,0.015882583335042,0.0,0.0,0.004435521084815264,0.0,0.0,0.0019754599779844284,0.0,0.0,0.0058553265407681465,0.0,0.0,0.001950545352883637,0.0,0.0,0.06944134831428528,0.0,0.0,0.4293874204158783,0.0,0.0,0.3272543251514435,196.60690307617188,35.412017822265625,0.8647264838218689,271.2132263183594,165.7292938232422,0.5284168124198914,165.07083129882812,38.166465759277344,0.8988739252090454,309.3376159667969,161.2144317626953,0.7078281044960022,263.3735046386719,158.91867065429688,0.871749997138977,0.0,0.0,0.10218562185764313,0.0,0.0,0.2418184131383896,0.0,0.0,0.008126557804644108,0.0,0.0,0.0190594382584095
508,True,0.0,0.0,0.022201664745807648,0.0,0.0,0.0069665624760091305,0.0,0.0,0.002483528573065996,0.0,0.0,0.008107200264930725,0.0,0.0,0.001950296456925571,0.0,0.0,0.08004826307296753,0.0,0.0,0.4014885127544403,0.0,0.0,0.30943360924720764,203.15089416503906,34.92033386230469,0.8243928551673889,0.0,0.0,0.489814430475235,164.74285888671875,39.29985809326172,0.8644044995307922,304.8978271484375,155.01925659179688,0.6862995624542236,263.4654541015625,152.2690887451172,0.8511673212051392,0.0,0.0,0.1479302942752838,0.0,0.0,0.31684261560440063,0.0,0.0,0.014926724135875702,0.0,0.0,0.03380991891026497
509,True,0.0,0.0,0.030999956652522087,0.0,0.0,0.008984769694507122,0.0,0.0,0.005187630653381348,0.0,0.0,0.009527969174087048,0.0,0.0,0.0044202981516718864,0.0,0.0,0.08991692960262299,239.54591369628906,0.0,0.5206551551818848,0.0,0.0,0.2061833143234253,206.03550720214844,40.252113342285156,0.8433404564857483,0.0,0.0,0.2798701822757721,166.449462890625,44.58501434326172,0.8160183429718018,300.3402099609375,145.045654296875,0.7592978477478027,258.4200744628906,142.26519775390625,0.908903956413269,0.0,0.0,0.15209579467773438,0.0,0.0,0.38305187225341797,0.0,0.0,0.013980883173644543,0.0,0.0,0.03804176673293114
510,True,0.0,0.0,0.015429890714585781,0.0,0.0,0.004293904174119234,0.0,0.0,0.0021577156148850918,0.0,0.0,0.007082250434905291,0.0,0.0,0.0026838050689548254,0.0,0.0,0.061207883059978485,0.0,0.0,0.4170163869857788,0.0,0.0,0.16833244264125824,214.7265167236328,42.1064453125,0.8071403503417969,0.0,0.0,0.2238619327545166,166.16250610351562,46.872352600097656,0.7677903175354004,297.0730895996094,150.41455078125,0.6730263233184814,262.7750244140625,148.07937622070312,0.8690788745880127,0.0,0.0,0.10658229142427444,0.0,0.0,0.2948627173900604,0.0,0.0,0.01035525742918253,0.0,0.0,0.028718460351228714
511,True,0.0,0.0,0.009192677214741707,0.0,0.0,0.0017140122363343835,0.0,0.0,0.0012175854062661529,0.0,0.0,0.003498487640172243,0.0,0.0,0.0027692809235304594,0.0,0.0,0.061264242976903915,0.0,0.0,0.4485301375389099,0.0,0.0,0.24877826869487762,219.5224151611328,48.75172424316406,0.8591468930244446,0.0,0.0,0.30169805884361267,165.7926788330078,45.34752655029297,0.8287227153778076,293.9296875,154.299072265625,0.7320603132247925,267.0750732421875,153.37789916992188,0.8978455662727356,0.0,0.0,0.12866626679897308,0.0,0.0,0.3254335820674896,0.0,0.0,0.011659718118607998,0.0,0.0,0.030712151899933815
512,True,0.0,0.0,0.04819483682513237,0.0,0.0,0.015880489721894264,0.0,0.0,0.00450737401843071,0.0,0.0,0.015189284458756447,0.0,0.0,0.003108031814917922,0.0,0.0,0.13251455128192902,0.0,0.0,0.4050087630748749,0.0,0.0,0.3257675766944885,224.80303955078125,49.460845947265625,0.743533194065094,0.0,0.0,0.4180677831172943,163.68157958984375,44.786468505859375,0.7785901427268982,298.1831970214844,159.90963745117188,0.632046639919281,268.69134521484375,155.62132263183594,0.7865461707115173,0.0,0.0,0.10508333891630173,0.0,0.0,0.22213992476463318,0.0,0.0,0.00863702967762947,0.0,0.0,0.019264820963144302
513,True,0.0,0.0,0.08269556611776352,0.0,0.0,0.027999162673950195,0.0,0.0,0.012903735041618347,0.0,0.0,0.05479281395673752,0.0,0.0,0.020892446860671043,0.0,0.0,0.2698277235031128,250.08209228515625,10.96258544921875,0.6499252319335938,0.0,0.0,0.24799886345863342,236.5495147705078,71.17022705078125,0.6987453103065491,0.0,0.0,0.27846673130989075,176.6989288330078,49.89833068847656,0.6481119990348816,0.0,0.0,0.461365669965744,266.49578857421875,155.66970825195312,0.6740454435348511,0.0,0.0,0.08431226760149002,0.0,0.0,0.18749359250068665,0.0,0.0,0.009291563183069229,0.0,0.0,0.021078160032629967
514,True,0.0,0.0,0.04315657541155815,0.0,0.0,0.008923600427806377,0.0,0.0,0.007769889198243618,0.0,0.0,0.009539266116917133,0.0,0.0,0.008853696286678314,0.0,0.0,0.08095831423997879,258.18310546875,0.0,0.5636127591133118,0.0,0.0,0.16567252576351166,242.16383361816406,51.30699920654297,0.8661567568778992,0.0,0.0,0.25614094734191895,176.10826110839844,51.79753875732422,0.8445971608161926,295.7666015625,160.51846313476562,0.5131614208221436,275.86053466796875,156.81578063964844,0.8054089546203613,0.0,0.0,0.06743988394737244,0.0,0.0,0.22821097075939178,0.0,0.0,0.007154339924454689,0.0,0.0,0.02211901731789112
515,True,0.0,0.0,0.008597983047366142,0.0,0.0,0.002451988635584712,0.0,0.0,0.0010625366121530533,0.0,0.0,0.007718384265899658,0.0,0.0,0.0019842376932501793,0.0,0.0,0.036605194211006165,0.0,0.0,0.2585177421569824,0.0,0.0,0.14306162297725677,255.59371948242188,49.860740661621094,0.7507247924804688,0.0,0.0,0.22019697725772858,183.85763549804688,61.74187088012695,0.7706445455551147,0.0,0.0,0.2826448380947113,275.0455017089844,158.23011779785156,0.5653906464576721,0.0,0.0,0.01653803139925003,0.0,0.0,0.056972913444042206,0.0,0.0,0.0024592021945863962,0.0,0.0,0.0069903479889035225
516,False,0.0,0.0,0.0,0.0,0.0,0.0,0.0,0.0,0.0,0.0,0.0,0.0,0.0,0.0,0.0,0.0,0.0,0.0,0.0,0.0,0.0,0.0,0.0,0.0,0.0,0.0,0.0,0.0,0.0,0.0,0.0,0.0,0.0,0.0,0.0,0.0,0.0,0.0,0.0,0.0,0.0,0.0,0.0,0.0,0.0,0.0,0.0,0.0,0.0,0.0,0.0
517,False,0.0,0.0,0.0,0.0,0.0,0.0,0.0,0.0,0.0,0.0,0.0,0.0,0.0,0.0,0.0,0.0,0.0,0.0,0.0,0.0,0.0,0.0,0.0,0.0,0.0,0.0,0.0,0.0,0.0,0.0,0.0,0.0,0.0,0.0,0.0,0.0,0.0,0.0,0.0,0.0,0.0,0.0,0.0,0.0,0.0,0.0,0.0,0.0,0.0,0.0,0.0
518,True,0.0,0.0,0.009285065345466137,0.0,0.0,0.0015924142207950354,0.0,0.0,0.0009911837987601757,0.0,0.0,0.0019725882448256016,0.0,0.0,0.0011735873995348811,0.0,0.0,0.04062766954302788,0.0,0.0,0.15307356417179108,0.0,0.0,0.31985267996788025,273.3119201660156,57.539649963378906,0.7727654576301575,273.19024658203125,157.46104431152344,0.5444081425666809,211.84881591796875,61.38494873046875,0.8594738841056824,0.0,0.0,0.2473166286945343,0.0,0.0,0.4244285523891449,0.0,0.0,0.01818716712296009,0.0,0.0,0.04111228510737419,0.0,0.0,0.0018443228909745812,0.0,0.0,0.0037535589653998613
519,True,0.0,0.0,0.011701690964400768,0.0,0.0,0.00205996073782444,0.0,0.0,0.0009934973204508424,0.0,0.0,0.0035361298359930515,0.0,0.0,0.001361070666462183,0.0,0.0,0.08831803500652313,0.0,0.0,0.270595908164978,0.0,0.0,0.41949424147605896,273.23095703125,67.42864990234375,0.8246163725852966,267.8077697753906,162.44456481933594,0.5583330988883972,212.52786254882812,59.1917839050293,0.8626113533973694,0.0,0.0,0.3789047598838806,288.0541076660156,174.90625,0.5703720450401306,0.0,0.0,0.0301605723798275,0.0,0.0,0.06636659801006317,0.0,0.0,0.0025680987164378166,0.0,0.0,0.005233340431004763
520,True,0.0,0.0,0.011590023525059223,0.0,0.0,0.002282779198139906,0.0,0.0,0.0008863790426403284,0.0,0.0,0.0032136987429112196,0.0,0.0,0.0007720591383986175,0.0,0.0,0.04014673829078674,0.0,0.0,0.21337385475635529,0.0,0.0,0.29963552951812744,275.9371337890625,59.85199737548828,0.8146450519561768,265.1656799316406,161.74082946777344,0.5996027588844299,220.61163330078125,60.58458709716797,0.893785834312439,0.0,0.0,0.3392728567123413,289.57373046875,169.83419799804688,0.5739127993583679,0.0,0.0,0.05063213035464287,0.0,0.0,0.12265392392873764,0.0,0.0,0.00543684558942914,0.0,0.0,0.012300671078264713
521,True,0.0,0.0,0.07578473538160324,0.0,0.0,0.018123134970664978,0.0,0.0,0.012971967458724976,0.0,0.0,0.00963396206498146,0.0,0.0,0.005250431597232819,0.0,0.0,0.04962651804089546,0.0,0.0,0.17442943155765533,0.0,0.0,0.1089441254734993,0.0,0.0,0.41698336601257324,0.0,0.0,0.28298085927963257,267.3630676269531,154.6066436767578,0.5754229426383972,0.0,0.0,0.03189993277192116,0.0,0.0,0.06613142043352127,0.0,0.0,0.009279724210500717,0.0,0.0,0.018855001777410507,0.0,0.0,0.00423669395968318,0.0,0.0,0.007831019349396229
522,True,0.0,0.0,0.03383460268378258,0.0,0.0,0.006822345778346062,0.0,0.0,0.004370029084384441,0.0,0.0,0.005854607094079256,0.0,0.0,0.003945363685488701,0.0,0.0,0.09641972929239273,0.0,0.0,0.18562734127044678,0.0,0.0,0.3201349973678589,290.4514465332031,101.48220825195312,0.5370591878890991,0.0,0.0,0.4661679267883301,262.3631591796875,153.66131591796875,0.629365086555481,0.0,0.0,0.14508311450481415,0.0,0.0,0.198743537068367,0.0,0.0,0.018992049619555473,0.0,0.0,0.028493355959653854,0.0,0.0,0.004107137676328421,0.0,0.0,0.006149147171527147
523,True,0.0,0.0,0.005023570731282234,0.0,0.0,0.001090253354050219,0.0,0.0,0.0005100750713609159,0.0,0.0,0.0018101671012118459,0.0,0.0,0.00042228258098475635,0.0,0.0,0.014806275255978107,0.0,0.0,0.07985254377126694,0.0,0.0,0.16462922096252441,274.9068908691406,64.29956817626953,0.6583272218704224,0.0,0.0,0.42699575424194336,221.4015350341797,63.72068786621094,0.8119964003562927,0.0,0.0,0.15269552171230316,0.0,0.0,0.31001996994018555,0.0,0.0,0.006138220429420471,0.0,0.0,0.01636793464422226,0.0,0.0,0.0006089461967349052,0.0,0.0,0.0014133009826764464
524,False,0.0,0.0,0.0,0.0,0.0,0.0,0.0,0.0,0.0,0.0,0.0,0.0,0.0,0.0,0.0,0.0,0.0,0.0,0.0,0.0,0.0,0.0,0.0,0.0,0.0,0.0,0.0,0.0,0.0,0.0,0.0,0.0,0.0,0.0,0.0,0.0,0.0,0.0,0.0,0.0,0.0,0.0,0.0,0.0,0.0,0.0,0.0,0.0,0.0,0.0,0.0
525,True,0.0,0.0,0.031337279826402664,0.0,0.0,0.008240663446485996,0.0,0.0,0.008425353094935417,0.0,0.0,0.01159664150327444,0.0,0.0,0.008307748474180698,0.0,0.0,0.080044686794281,0.0,0.0,0.2756282687187195,0.0,0.0,0.09932084381580353,0.0,0.0,0.48363542556762695,0.0,0.0,0.10809779912233353,0.0,0.0,0.37875989079475403,0.0,0.0,0.23326970636844635,0.0,0.0,0.39711207151412964,0.0,0.0,0.015414780005812645,0.0,0.0,0.03352591395378113,0.0,0.0,0.003400378627702594,0.0,0.0,0.006590258330106735
526,True,0.0,0.0,0.018290381878614426,0.0,0.0,0.004696791060268879,0.0,0.0,0.00674692215397954,0.0,0.0,0.030379939824342728,0.0,0.0,0.058860789984464645,0.0,0.0,0.32549238204956055,0.0,0.0,0.39346837997436523,0.0,0.0,0.29724711179733276,0.0,0.0,0.3365846574306488,0.0,0.0,0.12912045419216156,0.0,0.0,0.19001486897468567,0.0,0.0,0.46507418155670166,0.0,0.0,0.4973159432411194,0.0,0.0,0.04773452877998352,0.0,0.0,0.049946803599596024,0.0,0.0,0.007580067031085491,0.0,0.0,0.00848042219877243
527,False,0.0,0.0,0.0,0.0,0.0,0.0,0.0,0.0,0.0,0.0,0.0,0.0,0.0,0.0,0.0,0.0,0.0,0.0,0.0,0.0,0.0,0.0,0.0,0.0,0.0,0.0,0.0,0.0,0.0,0.0,0.0,0.0,0.0,0.0,0.0,0.0,0.0,0.0,0.0,0.0,0.0,0.0,0.0,0.0,0.0,0.0,0.0,0.0,0.0,0.0,0.0
528,True,0.0,0.0,0.002396240597590804,0.0,0.0,0.001508037792518735,0.0,0.0,0.00040894560515880585,0.0,0.0,0.07286010682582855,0.0,0.0,0.026646705344319344,250.84234619140625,11.2537841796875,0.5994383692741394,0.0,0.0,0.08259575814008713,238.9806365966797,62.53375244140625,0.7626857161521912,0.0,0.0,0.07122723758220673,0.0,0.0,0.44903087615966797,0.0,0.0,0.07173293083906174,290.0676574707031,116.85717010498047,0.8374720215797424,305.58331298828125,115.64195251464844,0.564128577709198,0.0,0.0,0.3508804440498352,0.0,0.0,0.1261797845363617,0.0,0.0,0.036230508238077164,0.0,0.0,0.01676986925303936
529,True,0.0,0.0,0.001453922945074737,0.0,0.0,0.0004352773248683661,0.0,0.0,0.0002838506188709289,0.0,0.0,0.021114958450198174,0.0,0.0,0.017767371609807014,0.0,0.0,0.34757041931152344,0.0,0.0,0.11297832429409027,0.0,0.0,0.48173442482948303,0.0,0.0,0.10899791866540909,0.0,0.0,0.19463230669498444,0.0,0.0,0.06265498697757721,0.0,0.0,0.38903212547302246,0.0,0.0,0.22639615833759308,0.0,0.0,0.04278947040438652,0.0,0.0,0.021329136565327644,0.0,0.0,0.006880456581711769,0.0,0.0,0.004667292814701796
530,False,0.0,0.0,0.0,0.0,0.0,0.0,0.0,0.0,0.0,0.0,0.0,0.0,0.0,0.0,0.0,0.0,0.0,0.0,0.0,0.0,0.0,0.0,0.0,0.0,0.0,0.0,0.0,0.0,0.0,0.0,0.0,0.0,0.0,0.0,0.0,0.0,0.0,0.0,0.0,0.0,0.0,0.0,0.0,0.0,0.0,0.0,0.0,0.0,0.0,0.0,0.0
531,True,0.0,0.0,0.0020549441687762737,0.0,0.0,0.0003094208659604192,0.0,0.0,0.0007398729212582111,0.0,0.0,0.003344822907820344,0.0,0.0,0.02305109240114689,0.0,0.0,0.1471378058195114,0.0,0.0,0.2029329240322113,0.0,0.0,0.3391653597354889,233.9953155517578,76.28474426269531,0.5090457797050476,0.0,0.0,0.23665201663970947,0.0,0.0,0.46804627776145935,299.1659240722656,163.29901123046875,0.6037595868110657,300.0169677734375,166.3679962158203,0.6412397623062134,0.0,0.0,0.021299095824360847,0.0,0.0,0.026671428233385086,0.0,0.0,0.0008515931549482048,0.0,0.0,0.001069644931703806
532,True,0.0,0.0,0.2358028143644333,0.0,0.0,0.05873826518654823,0.0,0.0,0.15429653227329254,0.0,0.0,0.018638985231518745,0.0,0.0,0.14484179019927979,0.0,0.0,0.13478469848632812,284.4666442871094,70.61750793457031,0.576694667339325,0.0,0.0,0.10015786439180374,246.99082946777344,74.019287109375,0.6547743678092957,0.0,0.0,0.15786567330360413,278.80999755859375,71.06300354003906,0.6625893712043762,0.0,0.0,0.3859784007072449,301.1586608886719,174.96658325195312,0.6320854425430298,0.0,0.0,0.06824073940515518,0.0,0.0,0.15680275857448578,0.0,0.0,0.01343785971403122,0.0,0.0,0.026413308456540108
533,True,0.0,0.0,0.0019304095767438412,0.0,0.0,0.00011827686103060842,0.0,0.0,0.0013582011451944709,0.0,0.0,0.00032150151673704386,0.0,0.0,0.013142962008714676,0.0,0.0,0.0034885196946561337,0.0,0.0,0.32000479102134705,0.0,0.0,0.010132253170013428,251.8934326171875,71.77230834960938,0.8975619077682495,0.0,0.0,0.03635614365339279,307.18780517578125,71.6303482055664,0.8774356842041016,0.0,0.0,0.1081627756357193,311.62762451171875,171.59442138671875,0.5705249905586243,0.0,0.0,0.005444846581667662,0.0,0.0,0.056563880294561386,0.0,0.0,0.0005561845609918237,0.0,0.0,0.0030021313577890396
534,True,0.0,0.0,0.016657471656799316,0.0,0.0,0.004932664800435305,0.0,0.0,0.00434569176286459,0.0,0.0,0.012405697256326675,0.0,0.0,0.014308931306004524,0.0,0.0,0.056745897978544235,0.0,0.0,0.14836250245571136,0.0,0.0,0.1051681861281395,0.0,0.0,0.3550249934196472,0.0,0.0,0.13607217371463776,0.0,0.0,0.37484011054039,0.0,0.0,0.21243830025196075,0.0,0.0,0.3144373595714569,0.0,0.0,0.02075371704995632,0.0,0.0,0.035782959312200546,0.0,0.0,0.002871684031561017,0.0,0.0,0.0045776693150401115
535,True,0.0,0.0,0.0013275373494252563,0.0,0.0,0.00023151858476921916,0.0,0.0,0.0005824379622936249,0.0,0.0,0.0011805057292804122,0.0,0.0,0.005130418110638857,0.0,0.0,0.005932593252509832,0.0,0.0,0.05218787118792534,0.0,0.0,0.02884385734796524,0.0,0.0,0.41729411482810974,0.0,0.0,0.09733609110116959,316.3560485839844,77.6594009399414,0.5551809668540955,0.0,0.0,0.027631623670458794,0.0,0.0,0.07847356051206589,0.0,0.0,0.010805872268974781,0.0,0.0,0.030711453408002853,0.0,0.0,0.0058530899696052074,0.0,0.0,0.012303132563829422
536,False,0.0,0.0,0.0,0.0,0.0,0.0,0.0,0.0,0.0,0.0,0.0,0.0,0.0,0.0,0.0,0.0,0.0,0.0,0.0,0.0,0.0,0.0,0.0,0.0,0.0,0.0,0.0,0.0,0.0,0.0,0.0,0.0,0.0,0.0,0.0,0.0,0.0,0.0,0.0,0.0,0.0,0.0,0.0,0.0,0.0,0.0,0.0,0.0,0.0,0.0,0.0
537,False,0.0,0.0,0.0,0.0,0.0,0.0,0.0,0.0,0.0,0.0,0.0,0.0,0.0,0.0,0.0,0.0,0.0,0.0,0.0,0.0,0.0,0.0,0.0,0.0,0.0,0.0,0.0,0.0,0.0,0.0,0.0,0.0,0.0,0.0,0.0,0.0,0.0,0.0,0.0,0.0,0.0,0.0,0.0,0.0,0.0,0.0,0.0,0.0,0.0,0.0,0.0
538,False,0.0,0.0,0.0,0.0,0.0,0.0,0.0,0.0,0.0,0.0,0.0,0.0,0.0,0.0,0.0,0.0,0.0,0.0,0.0,0.0,0.0,0.0,0.0,0.0,0.0,0.0,0.0,0.0,0.0,0.0,0.0,0.0,0.0,0.0,0.0,0.0,0.0,0.0,0.0,0.0,0.0,0.0,0.0,0.0,0.0,0.0,0.0,0.0,0.0,0.0,0.0
539,False,0.0,0.0,0.0,0.0,0.0,0.0,0.0,0.0,0.0,0.0,0.0,0.0,0.0,0.0,0.0,0.0,0.0,0.0,0.0,0.0,0.0,0.0,0.0,0.0,0.0,0.0,0.0,0.0,0.0,0.0,0.0,0.0,0.0,0.0,0.0,0.0,0.0,0.0,0.0,0.0,0.0,0.0,0.0,0.0,0.0,0.0,0.0,0.0,0.0,0.0,0.0
540,False,0.0,0.0,0.0,0.0,0.0,0.0,0.0,0.0,0.0,0.0,0.0,0.0,0.0,0.0,0.0,0.0,0.0,0.0,0.0,0.0,0.0,0.0,0.0,0.0,0.0,0.0,0.0,0.0,0.0,0.0,0.0,0.0,0.0,0.0,0.0,0.0,0.0,0.0,0.0,0.0,0.0,0.0,0.0,0.0,0.0,0.0,0.0,0.0,0.0,0.0,0.0
541,False,0.0,0.0,0.0,0.0,0.0,0.0,0.0,0.0,0.0,0.0,0.0,0.0,0.0,0.0,0.0,0.0,0.0,0.0,0.0,0.0,0.0,0.0,0.0,0.0,0.0,0.0,0.0,0.0,0.0,0.0,0.0,0.0,0.0,0.0,0.0,0.0,0.0,0.0,0.0,0.0,0.0,0.0,0.0,0.0,0.0,0.0,0.0,0.0,0.0,0.0,0.0
542,False,0.0,0.0,0.0,0.0,0.0,0.0,0.0,0.0,0.0,0.0,0.0,0.0,0.0,0.0,0.0,0.0,0.0,0.0,0.0,0.0,0.0,0.0,0.0,0.0,0.0,0.0,0.0,0.0,0.0,0.0,0.0,0.0,0.0,0.0,0.0,0.0,0.0,0.0,0.0,0.0,0.0,0.0,0.0,0.0,0.0,0.0,0.0,0.0,0.0,0.0,0.0
543,False,0.0,0.0,0.0,0.0,0.0,0.0,0.0,0.0,0.0,0.0,0.0,0.0,0.0,0.0,0.0,0.0,0.0,0.0,0.0,0.0,0.0,0.0,0.0,0.0,0.0,0.0,0.0,0.0,0.0,0.0,0.0,0.0,0.0,0.0,0.0,0.0,0.0,0.0,0.0,0.0,0.0,0.0,0.0,0.0,0.0,0.0,0.0,0.0,0.0,0.0,0.0
544,False,0.0,0.0,0.0,0.0,0.0,0.0,0.0,0.0,0.0,0.0,0.0,0.0,0.0,0.0,0.0,0.0,0.0,0.0,0.0,0.0,0.0,0.0,0.0,0.0,0.0,0.0,0.0,0.0,0.0,0.0,0.0,0.0,0.0,0.0,0.0,0.0,0.0,0.0,0.0,0.0,0.0,0.0,0.0,0.0,0.0,0.0,0.0,0.0,0.0,0.0,0.0
545,False,0.0,0.0,0.0,0.0,0.0,0.0,0.0,0.0,0.0,0.0,0.0,0.0,0.0,0.0,0.0,0.0,0.0,0.0,0.0,0.0,0.0,0.0,0.0,0.0,0.0,0.0,0.0,0.0,0.0,0.0,0.0,0.0,0.0,0.0,0.0,0.0,0.0,0.0,0.0,0.0,0.0,0.0,0.0,0.0,0.0,0.0,0.0,0.0,0.0,0.0,0.0
546,False,0.0,0.0,0.0,0.0,0.0,0.0,0.0,0.0,0.0,0.0,0.0,0.0,0.0,0.0,0.0,0.0,0.0,0.0,0.0,0.0,0.0,0.0,0.0,0.0,0.0,0.0,0.0,0.0,0.0,0.0,0.0,0.0,0.0,0.0,0.0,0.0,0.0,0.0,0.0,0.0,0.0,0.0,0.0,0.0,0.0,0.0,0.0,0.0,0.0,0.0,0.0
547,False,0.0,0.0,0.0,0.0,0.0,0.0,0.0,0.0,0.0,0.0,0.0,0.0,0.0,0.0,0.0,0.0,0.0,0.0,0.0,0.0,0.0,0.0,0.0,0.0,0.0,0.0,0.0,0.0,0.0,0.0,0.0,0.0,0.0,0.0,0.0,0.0,0.0,0.0,0.0,0.0,0.0,0.0,0.0,0.0,0.0,0.0,0.0,0.0,0.0,0.0,0.0
548,False,0.0,0.0,0.0,0.0,0.0,0.0,0.0,0.0,0.0,0.0,0.0,0.0,0.0,0.0,0.0,0.0,0.0,0.0,0.0,0.0,0.0,0.0,0.0,0.0,0.0,0.0,0.0,0.0,0.0,0.0,0.0,0.0,0.0,0.0,0.0,0.0,0.0,0.0,0.0,0.0,0.0,0.0,0.0,0.0,0.0,0.0,0.0,0.0,0.0,0.0,0.0
549,False,0.0,0.0,0.0,0.0,0.0,0.0,0.0,0.0,0.0,0.0,0.0,0.0,0.0,0.0,0.0,0.0,0.0,0.0,0.0,0.0,0.0,0.0,0.0,0.0,0.0,0.0,0.0,0.0,0.0,0.0,0.0,0.0,0.0,0.0,0.0,0.0,0.0,0.0,0.0,0.0,0.0,0.0,0.0,0.0,0.0,0.0,0.0,0.0,0.0,0.0,0.0
550,False,0.0,0.0,0.0,0.0,0.0,0.0,0.0,0.0,0.0,0.0,0.0,0.0,0.0,0.0,0.0,0.0,0.0,0.0,0.0,0.0,0.0,0.0,0.0,0.0,0.0,0.0,0.0,0.0,0.0,0.0,0.0,0.0,0.0,0.0,0.0,0.0,0.0,0.0,0.0,0.0,0.0,0.0,0.0,0.0,0.0,0.0,0.0,0.0,0.0,0.0,0.0
551,False,0.0,0.0,0.0,0.0,0.0,0.0,0.0,0.0,0.0,0.0,0.0,0.0,0.0,0.0,0.0,0.0,0.0,0.0,0.0,0.0,0.0,0.0,0.0,0.0,0.0,0.0,0.0,0.0,0.0,0.0,0.0,0.0,0.0,0.0,0.0,0.0,0.0,0.0,0.0,0.0,0.0,0.0,0.0,0.0,0.0,0.0,0.0,0.0,0.0,0.0,0.0
552,False,0.0,0.0,0.0,0.0,0.0,0.0,0.0,0.0,0.0,0.0,0.0,0.0,0.0,0.0,0.0,0.0,0.0,0.0,0.0,0.0,0.0,0.0,0.0,0.0,0.0,0.0,0.0,0.0,0.0,0.0,0.0,0.0,0.0,0.0,0.0,0.0,0.0,0.0,0.0,0.0,0.0,0.0,0.0,0.0,0.0,0.0,0.0,0.0,0.0,0.0,0.0
553,False,0.0,0.0,0.0,0.0,0.0,0.0,0.0,0.0,0.0,0.0,0.0,0.0,0.0,0.0,0.0,0.0,0.0,0.0,0.0,0.0,0.0,0.0,0.0,0.0,0.0,0.0,0.0,0.0,0.0,0.0,0.0,0.0,0.0,0.0,0.0,0.0,0.0,0.0,0.0,0.0,0.0,0.0,0.0,0.0,0.0,0.0,0.0,0.0,0.0,0.0,0.0
554,False,0.0,0.0,0.0,0.0,0.0,0.0,0.0,0.0,0.0,0.0,0.0,0.0,0.0,0.0,0.0,0.0,0.0,0.0,0.0,0.0,0.0,0.0,0.0,0.0,0.0,0.0,0.0,0.0,0.0,0.0,0.0,0.0,0.0,0.0,0.0,0.0,0.0,0.0,0.0,0.0,0.0,0.0,0.0,0.0,0.0,0.0,0.0,0.0,0.0,0.0,0.0
555,False,0.0,0.0,0.0,0.0,0.0,0.0,0.0,0.0,0.0,0.0,0.0,0.0,0.0,0.0,0.0,0.0,0.0,0.0,0.0,0.0,0.0,0.0,0.0,0.0,0.0,0.0,0.0,0.0,0.0,0.0,0.0,0.0,0.0,0.0,0.0,0.0,0.0,0.0,0.0,0.0,0.0,0.0,0.0,0.0,0.0,0.0,0.0,0.0,0.0,0.0,0.0
556,False,0.0,0.0,0.0,0.0,0.0,0.0,0.0,0.0,0.0,0.0,0.0,0.0,0.0,0.0,0.0,0.0,0.0,0.0,0.0,0.0,0.0,0.0,0.0,0.0,0.0,0.0,0.0,0.0,0.0,0.0,0.0,0.0,0.0,0.0,0.0,0.0,0.0,0.0,0.0,0.0,0.0,0.0,0.0,0.0,0.0,0.0,0.0,0.0,0.0,0.0,0.0
557,False,0.0,0.0,0.0,0.0,0.0,0.0,0.0,0.0,0.0,0.0,0.0,0.0,0.0,0.0,0.0,0.0,0.0,0.0,0.0,0.0,0.0,0.0,0.0,0.0,0.0,0.0,0.0,0.0,0.0,0.0,0.0,0.0,0.0,0.0,0.0,0.0,0.0,0.0,0.0,0.0,0.0,0.0,0.0,0.0,0.0,0.0,0.0,0.0,0.0,0.0,0.0
558,False,0.0,0.0,0.0,0.0,0.0,0.0,0.0,0.0,0.0,0.0,0.0,0.0,0.0,0.0,0.0,0.0,0.0,0.0,0.0,0.0,0.0,0.0,0.0,0.0,0.0,0.0,0.0,0.0,0.0,0.0,0.0,0.0,0.0,0.0,0.0,0.0,0.0,0.0,0.0,0.0,0.0,0.0,0.0,0.0,0.0,0.0,0.0,0.0,0.0,0.0,0.0
559,False,0.0,0.0,0.0,0.0,0.0,0.0,0.0,0.0,0.0,0.0,0.0,0.0,0.0,0.0,0.0,0.0,0.0,0.0,0.0,0.0,0.0,0.0,0.0,0.0,0.0,0.0,0.0,0.0,0.0,0.0,0.0,0.0,0.0,0.0,0.0,0.0,0.0,0.0,0.0,0.0,0.0,0.0,0.0,0.0,0.0,0.0,0.0,0.0,0.0,0.0,0.0
560,False,0.0,0.0,0.0,0.0,0.0,0.0,0.0,0.0,0.0,0.0,0.0,0.0,0.0,0.0,0.0,0.0,0.0,0.0,0.0,0.0,0.0,0.0,0.0,0.0,0.0,0.0,0.0,0.0,0.0,0.0,0.0,0.0,0.0,0.0,0.0,0.0,0.0,0.0,0.0,0.0,0.0,0.0,0.0,0.0,0.0,0.0,0.0,0.0,0.0,0.0,0.0
561,False,0.0,0.0,0.0,0.0,0.0,0.0,0.0,0.0,0.0,0.0,0.0,0.0,0.0,0.0,0.0,0.0,0.0,0.0,0.0,0.0,0.0,0.0,0.0,0.0,0.0,0.0,0.0,0.0,0.0,0.0,0.0,0.0,0.0,0.0,0.0,0.0,0.0,0.0,0.0,0.0,0.0,0.0,0.0,0.0,0.0,0.0,0.0,0.0,0.0,0.0,0.0
562,False,0.0,0.0,0.0,0.0,0.0,0.0,0.0,0.0,0.0,0.0,0.0,0.0,0.0,0.0,0.0,0.0,0.0,0.0,0.0,0.0,0.0,0.0,0.0,0.0,0.0,0.0,0.0,0.0,0.0,0.0,0.0,0.0,0.0,0.0,0.0,0.0,0.0,0.0,0.0,0.0,0.0,0.0,0.0,0.0,0.0,0.0,0.0,0.0,0.0,0.0,0.0
563,False,0.0,0.0,0.0,0.0,0.0,0.0,0.0,0.0,0.0,0.0,0.0,0.0,0.0,0.0,0.0,0.0,0.0,0.0,0.0,0.0,0.0,0.0,0.0,0.0,0.0,0.0,0.0,0.0,0.0,0.0,0.0,0.0,0.0,0.0,0.0,0.0,0.0,0.0,0.0,0.0,0.0,0.0,0.0,0.0,0.0,0.0,0.0,0.0,0.0,0.0,0.0
564,False,0.0,0.0,0.0,0.0,0.0,0.0,0.0,0.0,0.0,0.0,0.0,0.0,0.0,0.0,0.0,0.0,0.0,0.0,0.0,0.0,0.0,0.0,0.0,0.0,0.0,0.0,0.0,0.0,0.0,0.0,0.0,0.0,0.0,0.0,0.0,0.0,0.0,0.0,0.0,0.0,0.0,0.0,0.0,0.0,0.0,0.0,0.0,0.0,0.0,0.0,0.0
565,False,0.0,0.0,0.0,0.0,0.0,0.0,0.0,0.0,0.0,0.0,0.0,0.0,0.0,0.0,0.0,0.0,0.0,0.0,0.0,0.0,0.0,0.0,0.0,0.0,0.0,0.0,0.0,0.0,0.0,0.0,0.0,0.0,0.0,0.0,0.0,0.0,0.0,0.0,0.0,0.0,0.0,0.0,0.0,0.0,0.0,0.0,0.0,0.0,0.0,0.0,0.0
566,False,0.0,0.0,0.0,0.0,0.0,0.0,0.0,0.0,0.0,0.0,0.0,0.0,0.0,0.0,0.0,0.0,0.0,0.0,0.0,0.0,0.0,0.0,0.0,0.0,0.0,0.0,0.0,0.0,0.0,0.0,0.0,0.0,0.0,0.0,0.0,0.0,0.0,0.0,0.0,0.0,0.0,0.0,0.0,0.0,0.0,0.0,0.0,0.0,0.0,0.0,0.0
567,False,0.0,0.0,0.0,0.0,0.0,0.0,0.0,0.0,0.0,0.0,0.0,0.0,0.0,0.0,0.0,0.0,0.0,0.0,0.0,0.0,0.0,0.0,0.0,0.0,0.0,0.0,0.0,0.0,0.0,0.0,0.0,0.0,0.0,0.0,0.0,0.0,0.0,0.0,0.0,0.0,0.0,0.0,0.0,0.0,0.0,0.0,0.0,0.0,0.0,0.0,0.0
568,False,0.0,0.0,0.0,0.0,0.0,0.0,0.0,0.0,0.0,0.0,0.0,0.0,0.0,0.0,0.0,0.0,0.0,0.0,0.0,0.0,0.0,0.0,0.0,0.0,0.0,0.0,0.0,0.0,0.0,0.0,0.0,0.0,0.0,0.0,0.0,0.0,0.0,0.0,0.0,0.0,0.0,0.0,0.0,0.0,0.0,0.0,0.0,0.0,0.0,0.0,0.0
569,False,0.0,0.0,0.0,0.0,0.0,0.0,0.0,0.0,0.0,0.0,0.0,0.0,0.0,0.0,0.0,0.0,0.0,0.0,0.0,0.0,0.0,0.0,0.0,0.0,0.0,0.0,0.0,0.0,0.0,0.0,0.0,0.0,0.0,0.0,0.0,0.0,0.0,0.0,0.0,0.0,0.0,0.0,0.0,0.0,0.0,0.0,0.0,0.0,0.0,0.0,0.0
570,False,0.0,0.0,0.0,0.0,0.0,0.0,0.0,0.0,0.0,0.0,0.0,0.0,0.0,0.0,0.0,0.0,0.0,0.0,0.0,0.0,0.0,0.0,0.0,0.0,0.0,0.0,0.0,0.0,0.0,0.0,0.0,0.0,0.0,0.0,0.0,0.0,0.0,0.0,0.0,0.0,0.0,0.0,0.0,0.0,0.0,0.0,0.0,0.0,0.0,0.0,0.0
571,False,0.0,0.0,0.0,0.0,0.0,0.0,0.0,0.0,0.0,0.0,0.0,0.0,0.0,0.0,0.0,0.0,0.0,0.0,0.0,0.0,0.0,0.0,0.0,0.0,0.0,0.0,0.0,0.0,0.0,0.0,0.0,0.0,0.0,0.0,0.0,0.0,0.0,0.0,0.0,0.0,0.0,0.0,0.0,0.0,0.0,0.0,0.0,0.0,0.0,0.0,0.0
572,False,0.0,0.0,0.0,0.0,0.0,0.0,0.0,0.0,0.0,0.0,0.0,0.0,0.0,0.0,0.0,0.0,0.0,0.0,0.0,0.0,0.0,0.0,0.0,0.0,0.0,0.0,0.0,0.0,0.0,0.0,0.0,0.0,0.0,0.0,0.0,0.0,0.0,0.0,0.0,0.0,0.0,0.0,0.0,0.0,0.0,0.0,0.0,0.0,0.0,0.0,0.0
573,False,0.0,0.0,0.0,0.0,0.0,0.0,0.0,0.0,0.0,0.0,0.0,0.0,0.0,0.0,0.0,0.0,0.0,0.0,0.0,0.0,0.0,0.0,0.0,0.0,0.0,0.0,0.0,0.0,0.0,0.0,0.0,0.0,0.0,0.0,0.0,0.0,0.0,0.0,0.0,0.0,0.0,0.0,0.0,0.0,0.0,0.0,0.0,0.0,0.0,0.0,0.0
574,False,0.0,0.0,0.0,0.0,0.0,0.0,0.0,0.0,0.0,0.0,0.0,0.0,0.0,0.0,0.0,0.0,0.0,0.0,0.0,0.0,0.0,0.0,0.0,0.0,0.0,0.0,0.0,0.0,0.0,0.0,0.0,0.0,0.0,0.0,0.0,0.0,0.0,0.0,0.0,0.0,0.0,0.0,0.0,0.0,0.0,0.0,0.0,0.0,0.0,0.0,0.0
575,False,0.0,0.0,0.0,0.0,0.0,0.0,0.0,0.0,0.0,0.0,0.0,0.0,0.0,0.0,0.0,0.0,0.0,0.0,0.0,0.0,0.0,0.0,0.0,0.0,0.0,0.0,0.0,0.0,0.0,0.0,0.0,0.0,0.0,0.0,0.0,0.0,0.0,0.0,0.0,0.0,0.0,0.0,0.0,0.0,0.0,0.0,0.0,0.0,0.0,0.0,0.0
576,False,0.0,0.0,0.0,0.0,0.0,0.0,0.0,0.0,0.0,0.0,0.0,0.0,0.0,0.0,0.0,0.0,0.0,0.0,0.0,0.0,0.0,0.0,0.0,0.0,0.0,0.0,0.0,0.0,0.0,0.0,0.0,0.0,0.0,0.0,0.0,0.0,0.0,0.0,0.0,0.0,0.0,0.0,0.0,0.0,0.0,0.0,0.0,0.0,0.0,0.0,0.0
577,False,0.0,0.0,0.0,0.0,0.0,0.0,0.0,0.0,0.0,0.0,0.0,0.0,0.0,0.0,0.0,0.0,0.0,0.0,0.0,0.0,0.0,0.0,0.0,0.0,0.0,0.0,0.0,0.0,0.0,0.0,0.0,0.0,0.0,0.0,0.0,0.0,0.0,0.0,0.0,0.0,0.0,0.0,0.0,0.0,0.0,0.0,0.0,0.0,0.0,0.0,0.0
578,False,0.0,0.0,0.0,0.0,0.0,0.0,0.0,0.0,0.0,0.0,0.0,0.0,0.0,0.0,0.0,0.0,0.0,0.0,0.0,0.0,0.0,0.0,0.0,0.0,0.0,0.0,0.0,0.0,0.0,0.0,0.0,0.0,0.0,0.0,0.0,0.0,0.0,0.0,0.0,0.0,0.0,0.0,0.0,0.0,0.0,0.0,0.0,0.0,0.0,0.0,0.0
579,False,0.0,0.0,0.0,0.0,0.0,0.0,0.0,0.0,0.0,0.0,0.0,0.0,0.0,0.0,0.0,0.0,0.0,0.0,0.0,0.0,0.0,0.0,0.0,0.0,0.0,0.0,0.0,0.0,0.0,0.0,0.0,0.0,0.0,0.0,0.0,0.0,0.0,0.0,0.0,0.0,0.0,0.0,0.0,0.0,0.0,0.0,0.0,0.0,0.0,0.0,0.0
580,False,0.0,0.0,0.0,0.0,0.0,0.0,0.0,0.0,0.0,0.0,0.0,0.0,0.0,0.0,0.0,0.0,0.0,0.0,0.0,0.0,0.0,0.0,0.0,0.0,0.0,0.0,0.0,0.0,0.0,0.0,0.0,0.0,0.0,0.0,0.0,0.0,0.0,0.0,0.0,0.0,0.0,0.0,0.0,0.0,0.0,0.0,0.0,0.0,0.0,0.0,0.0
581,False,0.0,0.0,0.0,0.0,0.0,0.0,0.0,0.0,0.0,0.0,0.0,0.0,0.0,0.0,0.0,0.0,0.0,0.0,0.0,0.0,0.0,0.0,0.0,0.0,0.0,0.0,0.0,0.0,0.0,0.0,0.0,0.0,0.0,0.0,0.0,0.0,0.0,0.0,0.0,0.0,0.0,0.0,0.0,0.0,0.0,0.0,0.0,0.0,0.0,0.0,0.0
582,False,0.0,0.0,0.0,0.0,0.0,0.0,0.0,0.0,0.0,0.0,0.0,0.0,0.0,0.0,0.0,0.0,0.0,0.0,0.0,0.0,0.0,0.0,0.0,0.0,0.0,0.0,0.0,0.0,0.0,0.0,0.0,0.0,0.0,0.0,0.0,0.0,0.0,0.0,0.0,0.0,0.0,0.0,0.0,0.0,0.0,0.0,0.0,0.0,0.0,0.0,0.0
583,False,0.0,0.0,0.0,0.0,0.0,0.0,0.0,0.0,0.0,0.0,0.0,0.0,0.0,0.0,0.0,0.0,0.0,0.0,0.0,0.0,0.0,0.0,0.0,0.0,0.0,0.0,0.0,0.0,0.0,0.0,0.0,0.0,0.0,0.0,0.0,0.0,0.0,0.0,0.0,0.0,0.0,0.0,0.0,0.0,0.0,0.0,0.0,0.0,0.0,0.0,0.0
584,True,0.0,0.0,0.01014814805239439,0.0,0.0,0.0027402681298553944,0.0,0.0,0.004737063776701689,0.0,0.0,0.013390266336500645,0.0,0.0,0.0307749155908823,0.0,0.0,0.10219882428646088,0.0,0.0,0.18150977790355682,0.0,0.0,0.1892433613538742,0.0,0.0,0.39607787132263184,0.0,0.0,0.24387682974338531,0.0,0.0,0.40537500381469727,0.0,0.0,0.18453019857406616,0.0,0.0,0.2277590036392212,0.0,0.0,0.034497231245040894,0.0,0.0,0.04446113109588623,0.0,0.0,0.01006306055933237,0.0,0.0,0.012158012017607689
585,True,0.0,0.0,0.013913058675825596,0.0,0.0,0.004382711369544268,0.0,0.0,0.0038880351930856705,0.0,0.0,0.018300505355000496,0.0,0.0,0.015349233523011208,0.0,0.0,0.14823390543460846,0.0,0.0,0.11427123844623566,0.0,0.0,0.36211103200912476,0.0,0.0,0.28120046854019165,0.0,0.0,0.46173328161239624,0.0,0.0,0.39486655592918396,0.0,0.0,0.31887295842170715,0.0,0.0,0.2703557014465332,0.0,0.0,0.04861345887184143,0.0,0.0,0.04040587320923805,0.0,0.0,0.006857250817120075,0.0,0.0,0.0061983102932572365
586,True,0.0,0.0,0.012330681085586548,0.0,0.0,0.003805296728387475,0.0,0.0,0.004252260085195303,0.0,0.0,0.012395926751196384,0.0,0.0,0.014471097849309444,0.0,0.0,0.055008113384246826,0.0,0.0,0.09943798929452896,0.0,0.0,0.15808960795402527,0.0,0.0,0.2757042646408081,0.0,0.0,0.272892028093338,0.0,0.0,0.3774464726448059,0.0,0.0,0.2901246249675751,0.0,0.0,0.3300207555294037,0.0,0.0,0.03916643559932709,0.0,0.0,0.04870017245411873,0.0,0.0,0.005134859122335911,0.0,0.0,0.006337206345051527
587,True,0.0,0.0,0.019578320905566216,0.0,0.0,0.004458544310182333,0.0,0.0,0.01116293016821146,0.0,0.0,0.010737725533545017,0.0,0.0,0.0425507128238678,0.0,0.0,0.0671025961637497,0.0,0.0,0.21397866308689117,0.0,0.0,0.12048090249300003,0.0,0.0,0.4771551489830017,0.0,0.0,0.23420776426792145,294.7407531738281,108.93019104003906,0.5667608976364136,0.0,0.0,0.12098831683397293,0.0,0.0,0.2049807608127594,0.0,0.0,0.029262682422995567,0.0,0.0,0.054256077855825424,0.0,0.0,0.010346338152885437,0.0,0.0,0.01631883531808853
588,True,0.0,0.0,0.04152132570743561,0.0,0.0,0.02243133820593357,0.0,0.0,0.007642151787877083,0.0,0.0,0.06283324956893921,0.0,0.0,0.00920309778302908,0.0,0.0,0.09638773649930954,0.0,0.0,0.10558105260133743,0.0,0.0,0.12477919459342957,0.0,0.0,0.1675097793340683,0.0,0.0,0.2638602554798126,0.0,0.0,0.309073269367218,0.0,0.0,0.0536905974149704,0.0,0.0,0.062948077917099,0.0,0.0,0.011881750077009201,0.0,0.0,0.014929859898984432,0.0,0.0,0.004987888969480991,0.0,0.0,0.006353622768074274
589,True,0.0,0.0,0.034036654978990555,0.0,0.0,0.017495766282081604,0.0,0.0,0.006442609243094921,0.0,0.0,0.05136541649699211,0.0,0.0,0.00848077517002821,0.0,0.0,0.08506815135478973,0.0,0.0,0.09641193598508835,0.0,0.0,0.12305459380149841,0.0,0.0,0.1725708395242691,0.0,0.0,0.26759597659111023,0.0,0.0,0.32208171486854553,0.0,0.0,0.05479690432548523,0.0,0.0,0.06496033072471619,0.0,0.0,0.01188502088189125,0.0,0.0,0.015109353698790073,0.0,0.0,0.004919302184134722,0.0,0.0,0.006294033955782652
590,True,0.0,0.0,0.050955481827259064,0.0,0.0,0.009336980059742928,0.0,0.0,0.028140321373939514,0.0,0.0,0.011437284760177135,0.0,0.0,0.07964955270290375,0.0,0.0,0.10291564464569092,0.0,0.0,0.3649621903896332,0.0,0.0,0.1348247528076172,301.4900207519531,72.05570983886719,0.5288877487182617,0.0,0.0,0.20421046018600464,280.9636535644531,111.83042907714844,0.5269567966461182,0.0,0.0,0.2561921179294586,0.0,0.0,0.3995422124862671,0.0,0.0,0.03854410722851753,0.0,0.0,0.07370477169752121,0.0,0.0,0.006240437272936106,0.0,0.0,0.010367706418037415
591,True,0.0,0.0,0.022859442979097366,0.0,0.0,0.00354385725222528,0.0,0.0,0.004880037158727646,0.0,0.0,0.003386818803846836,0.0,0.0,0.004968554712831974,0.0,0.0,0.02742716856300831,0.0,0.0,0.15464383363723755,0.0,0.0,0.18577763438224792,299.3067321777344,57.028133392333984,0.6135269403457642,0.0,0.0,0.4691524803638458,234.76271057128906,83.70198059082031,0.788972795009613,0.0,0.0,0.24611306190490723,0.0,0.0,0.4178839921951294,0.0,0.0,0.00772304879501462,0.0,0.0,0.01771390624344349,0.0,0.0,0.0005266102962195873,0.0,0.0,0.001058728899806738
592,True,0.0,0.0,0.02285589650273323,0.0,0.0,0.003183105494827032,0.0,0.0,0.012561505660414696,0.0,0.0,0.0063364142552018166,0.0,0.0,0.04993604123592377,0.0,0.0,0.047399941831827164,0.0,0.0,0.48437052965164185,0.0,0.0,0.061439406126737595,277.49493408203125,92.35514831542969,0.7465608716011047,0.0,0.0,0.13361705839633942,262.4091796875,114.70169830322266,0.7563112378120422,0.0,0.0,0.2868642807006836,305.8146057128906,187.8407745361328,0.6249730587005615,0.0,0.0,0.017032532021403313,0.0,0.0,0.06634902209043503,0.0,0.0,0.0023359358310699463,0.0,0.0,0.006374262273311615
593,False,0.0,0.0,0.0,0.0,0.0,0.0,0.0,0.0,0.0,0.0,0.0,0.0,0.0,0.0,0.0,0.0,0.0,0.0,0.0,0.0,0.0,0.0,0.0,0.0,0.0,0.0,0.0,0.0,0.0,0.0,0.0,0.0,0.0,0.0,0.0,0.0,0.0,0.0,0.0,0.0,0.0,0.0,0.0,0.0,0.0,0.0,0.0,0.0,0.0,0.0,0.0
594,True,0.0,0.0,0.047143444418907166,0.0,0.0,0.014064089395105839,0.0,0.0,0.004926952533423901,0.0,0.0,0.009380737319588661,0.0,0.0,0.004736222792416811,0.0,0.0,0.10359907895326614,0.0,0.0,0.09437015652656555,236.93960571289062,57.62249755859375,0.6437308192253113,0.0,0.0,0.4040277302265167,157.71490478515625,83.61186218261719,0.8338324427604675,255.0133514404297,116.74102783203125,0.7648563385009766,0.0,0.0,0.3466823995113373,0.0,0.0,0.30910536646842957,0.0,0.0,0.017163598909974098,0.0,0.0,0.014334091916680336,0.0,0.0,0.0011992393992841244,0.0,0.0,0.001175283920019865
595,True,0.0,0.0,0.20383596420288086,0.0,0.0,0.013101299293339252,0.0,0.0,0.28725001215934753,0.0,0.0,0.0054106037132442,231.7819061279297,46.14075469970703,0.5455712080001831,0.0,0.0,0.4776124954223633,209.65415954589844,70.70252227783203,0.5209789276123047,0.0,0.0,0.47957924008369446,222.26052856445312,88.66476440429688,0.5284964442253113,235.18405151367188,110.35189056396484,0.6749615669250488,265.2927551269531,114.47360229492188,0.6449218392372131,0.0,0.0,0.43503475189208984,0.0,0.0,0.3424857556819916,0.0,0.0,0.15877722203731537,0.0,0.0,0.10884440690279007,0.0,0.0,0.08906438946723938,0.0,0.0,0.05482133477926254
596,True,0.0,0.0,0.04551589488983154,0.0,0.0,0.006456747651100159,0.0,0.0,0.018728159368038177,0.0,0.0,0.009626829996705055,0.0,0.0,0.05177595093846321,0.0,0.0,0.16036218404769897,0.0,0.0,0.3189266324043274,0.0,0.0,0.41798272728919983,211.17727661132812,75.74032592773438,0.6709388494491577,141.35958862304688,110.44257354736328,0.7124503254890442,209.5275115966797,82.47992706298828,0.8178936243057251,0.0,0.0,0.3119141161441803,0.0,0.0,0.3712855577468872,0.0,0.0,0.033743105828762054,0.0,0.0,0.044410523027181625,0.0,0.0,0.007313400972634554,0.0,0.0,0.008705480955541134
597,True,0.0,0.0,0.0018641273491084576,0.0,0.0,0.00022740430722478777,0.0,0.0,7.165819260990247e-05,0.0,0.0,0.00042212256812490523,0.0,0.0,0.00032285330235026777,0.0,0.0,0.0400746613740921,0.0,0.0,0.02728213183581829,219.653564453125,77.91472625732422,0.8783847689628601,241.021728515625,76.92984008789062,0.5735747814178467,87.8760986328125,132.3125,0.9744951128959656,157.72755432128906,141.21376037597656,0.9288010597229004,0.0,0.0,0.31241223216056824,0.0,0.0,0.228931725025177,0.0,0.0,0.005354232620447874,0.0,0.0,0.003550008637830615,0.0,0.0,0.00010808109800564125,0.0,0.0,9.528316877549514e-05
598,True,0.0,0.0,0.0051493290811777115,0.0,0.0,0.0006921444437466562,0.0,0.0,0.0002665508072823286,0.0,0.0,0.0009746267460286617,0.0,0.0,0.0012421925785019994,0.0,0.0,0.06910326331853867,0.0,0.0,0.044917795807123184,220.91720581054688,71.97523498535156,0.8367058038711548,0.0,0.0,0.4894556403160095,102.35045623779297,130.54440307617188,0.9389409422874451,99.41200256347656,133.20559692382812,0.8324027061462402,0.0,0.0,0.24711836874485016,0.0,0.0,0.1876576840877533,0.0,0.0,0.00684740487486124,0.0,0.0,0.004435548558831215,0.0,0.0,0.0003048096550628543,0.0,0.0,0.0002553467929828912
599,True,0.0,0.0,0.008149959146976471,0.0,0.0,0.0010044717928394675,0.0,0.0,0.0005627463688142598,0.0,0.0,0.0010049485135823488,0.0,0.0,0.002193376887589693,0.0,0.0,0.0527772530913353,0.0,0.0,0.05712307244539261,215.27163696289062,70.37025451660156,0.7271335124969482,225.01783752441406,70.52284240722656,0.5217611789703369,102.09891510009766,131.89328002929688,0.9005972743034363,101.36798858642578,132.8162078857422,0.8228756785392761,0.0,0.0,0.20312908291816711,0.0,0.0,0.19168755412101746,0.0,0.0,0.006999184377491474,0.0,0.0,0.005606457591056824,0.0,0.0,0.0003930768580175936,0.0,0.0,0.0003638258785940707
600,True,0.0,0.0,0.027086108922958374,0.0,0.0,0.0038473689928650856,0.0,0.0,0.007442118134349585,0.0,0.0,0.004487025551497936,0.0,0.0,0.013251124881207943,0.0,0.0,0.052556827664375305,0.0,0.0,0.1498396247625351,0.0,0.0,0.336667001247406,210.9098358154297,103.91333770751953,0.5477716326713562,166.4713134765625,121.15687561035156,0.7885700464248657,98.0831069946289,139.4727325439453,0.830147922039032,0.0,0.0,0.12904168665409088,0.0,0.0,0.18270350992679596,0.0,0.0,0.016023747622966766,0.0,0.0,0.02369348704814911,0.0,0.0,0.002729791682213545,0.0,0.0,0.0035099885426461697
601,True,0.0,0.0,0.006642339751124382,0.0,0.0,0.0012651629513129592,0.0,0.0,0.0007576975622214377,0.0,0.0,0.0033969993237406015,0.0,0.0,0.003360783914104104,0.0,0.0,0.0593804195523262,0.0,0.0,0.15584850311279297,0.0,0.0,0.3961752951145172,237.00682067871094,89.74104309082031,0.5370476245880127,0.0,0.0,0.4204484224319458,167.2738800048828,104.197998046875,0.5870846509933472,0.0,0.0,0.2800792157649994,0.0,0.0,0.3795014023780823,0.0,0.0,0.006603376939892769,0.0,0.0,0.009028343483805656,0.0,0.0,0.00043712600017897785,0.0,0.0,0.0006398024270310998
602,True,0.0,0.0,0.05719206854701042,0.0,0.0,0.00814586691558361,0.0,0.0,0.005678409244865179,0.0,0.0,0.0018347810255363584,0.0,0.0,0.0027699735946953297,0.0,0.0,0.02641257829964161,0.0,0.0,0.17345549166202545,0.0,0.0,0.21709784865379333,241.1947784423828,91.3778076171875,0.6521731019020081,149.6756591796875,114.15586853027344,0.6190311312675476,147.41079711914062,114.18356323242188,0.884621262550354,0.0,0.0,0.05909998342394829,0.0,0.0,0.14593225717544556,0.0,0.0,0.0017719024326652288,0.0,0.0,0.004346168600022793,0.0,0.0,0.00013894354924559593,0.0,0.0,0.0003075195709243417
603,True,0.0,0.0,0.009444824419915676,0.0,0.0,0.0006996658048592508,0.0,0.0,0.00311795505695045,0.0,0.0,0.0001989560987567529,0.0,0.0,0.0032328935340046883,0.0,0.0,0.00210189213976264,0.0,0.0,0.12714821100234985,0.0,0.0,0.033780537545681,256.52532958984375,86.38946533203125,0.797612726688385,0.0,0.0,0.22994638979434967,172.44541931152344,112.31816101074219,0.9077625274658203,0.0,0.0,0.04663668945431709,0.0,0.0,0.2563364505767822,0.0,0.0,0.0009531002724543214,0.0,0.0,0.0058523016050457954,0.0,0.0,0.0001026667159749195,0.0,0.0,0.00041062574018724263
604,True,0.0,0.0,0.0135213453322649,0.0,0.0,0.0013164273696020246,0.0,0.0,0.00239578471519053,0.0,0.0,0.0004507377452682704,0.0,0.0,0.0019071309361606836,0.0,0.0,0.01360494364053011,0.0,0.0,0.07879681885242462,0.0,0.0,0.25469544529914856,264.4476318359375,85.03861236572266,0.642402708530426,203.864990234375,108.85181427001953,0.7239985466003418,198.32313537597656,107.48133850097656,0.8958158493041992,0.0,0.0,0.11626854538917542,0.0,0.0,0.21694263815879822,0.0,0.0,0.0036781488452106714,0.0,0.0,0.006949799135327339,0.0,0.0,0.00025827172794379294,0.0,0.0,0.00044947414426133037
605,True,0.0,0.0,0.005957243964076042,0.0,0.0,0.00045351931476034224,0.0,0.0,0.003059523645788431,0.0,0.0,0.00024237282923422754,0.0,0.0,0.004081656690686941,0.0,0.0,0.004369867034256458,0.0,0.0,0.1428252011537552,0.0,0.0,0.09104999899864197,244.07777404785156,72.1735610961914,0.8381073474884033,0.0,0.0,0.4479776918888092,196.1955108642578,93.13676452636719,0.929514467716217,0.0,0.0,0.17781755328178406,0.0,0.0,0.48780885338783264,0.0,0.0,0.0031638669315725565,0.0,0.0,0.011541741900146008,0.0,0.0,0.00024555204436182976,0.0,0.0,0.0006430810317397118
606,True,0.0,0.0,0.010092725045979023,0.0,0.0,0.001853380468674004,0.0,0.0,0.001386040821671486,0.0,0.0,0.0008590430370531976,0.0,0.0,0.0007157936342991889,0.0,0.0,0.003348067868500948,0.0,0.0,0.03397193178534508,0.0,0.0,0.06056169047951698,0.0,0.0,0.44849225878715515,0.0,0.0,0.45003822445869446,230.53494262695312,97.74759674072266,0.8088093400001526,0.0,0.0,0.06660208851099014,0.0,0.0,0.17762820422649384,0.0,0.0,0.0032860985957086086,0.0,0.0,0.009345876052975655,0.0,0.0,0.0004119228688068688,0.0,0.0,0.0009599558543413877
607,True,0.0,0.0,0.008781026117503643,0.0,0.0,0.002811818616464734,0.0,0.0,0.0013537561753764749,0.0,0.0,0.003881483105942607,0.0,0.0,0.0007551094749942422,0.0,0.0,0.014340979978442192,0.0,0.0,0.06685729324817657,0.0,0.0,0.15112926065921783,0.0,0.0,0.4989610016345978,0.0,0.0,0.45260894298553467,201.51156616210938,80.38615417480469,0.7299962639808655,0.0,0.0,0.14456336200237274,0.0,0.0,0.26197829842567444,0.0,0.0,0.00354549428448081,0.0,0.0,0.007062554359436035,0.0,0.0,0.00036144183832220733,0.0,0.0,0.0006789127946831286
608,True,0.0,0.0,0.00725160539150238,0.0,0.0,0.0015138289891183376,0.0,0.0,0.0014734069118276238,0.0,0.0,0.0019602186512202024,0.0,0.0,0.001664926647208631,0.0,0.0,0.022816037759184837,0.0,0.0,0.16206228733062744,0.0,0.0,0.22874844074249268,241.85650634765625,67.55122375488281,0.7849167585372925,273.1847839355469,118.02240753173828,0.5548155903816223,210.10653686523438,81.61067199707031,0.8943130373954773,0.0,0.0,0.21136055886745453,0.0,0.0,0.411766916513443,0.0,0.0,0.0030198167078197002,0.0,0.0,0.00807731132954359,0.0,0.0,0.00019713914662133902,0.0,0.0,0.0004398926394060254
609,True,0.0,0.0,0.002035557059571147,0.0,0.0,0.00039464409928768873,0.0,0.0,0.0005693392013199627,0.0,0.0,0.0006798363756388426,0.0,0.0,0.001012424472719431,0.0,0.0,0.009400486014783382,0.0,0.0,0.0811121016740799,0.0,0.0,0.18625114858150482,245.65908813476562,95.99763488769531,0.7629076242446899,0.0,0.0,0.4725423753261566,220.6476593017578,98.98240661621094,0.8706074953079224,0.0,0.0,0.2456846684217453,0.0,0.0,0.45965543389320374,0.0,0.0,0.0017534212674945593,0.0,0.0,0.004822054412215948,0.0,0.0,9.840624261414632e-05,0.0,0.0,0.00022024758800398558
610,True,0.0,0.0,0.0013612909242510796,0.0,0.0,0.00036900502163916826,0.0,0.0,0.00044667310430668294,0.0,0.0,0.0011661029420793056,0.0,0.0,0.0009458272834308445,0.0,0.0,0.0076659140177071095,0.0,0.0,0.07158935815095901,0.0,0.0,0.1530083268880844,228.61505126953125,56.20061492919922,0.7789912223815918,0.0,0.0,0.3750665485858917,213.42770385742188,79.82075500488281,0.862079381942749,0.0,0.0,0.3916040360927582,247.1929168701172,161.84156799316406,0.6472654342651367,0.0,0.0,0.0018785953288897872,0.0,0.0,0.005872995126992464,0.0,0.0,9.301918180426583e-05,0.0,0.0,0.00022613424516748637
611,True,0.0,0.0,0.003406254108995199,0.0,0.0,0.0007461797213181853,0.0,0.0,0.0007031015120446682,0.0,0.0,0.0008423483814112842,0.0,0.0,0.0007908963598310947,0.0,0.0,0.006234271917492151,0.0,0.0,0.06695578992366791,0.0,0.0,0.105638287961483,230.9005584716797,53.478416442871094,0.7064570784568787,0.0,0.0,0.43099820613861084,214.12905883789062,93.86605834960938,0.8795579671859741,0.0,0.0,0.2525058090686798,267.2621765136719,175.7970733642578,0.5159047842025757,0.0,0.0,0.004979188088327646,0.0,0.0,0.01678774133324623,0.0,0.0,0.00028022483456879854,0.0,0.0,0.0007575625204481184
612,True,0.0,0.0,0.0006693029426969588,0.0,0.0,0.00010171894246013835,0.0,0.0,0.00020350089471321553,0.0,0.0,0.0002351077855564654,0.0,0.0,0.0006609464762732387,0.0,0.0,0.0025314700324088335,0.0,0.0,0.06766986846923828,0.0,0.0,0.05409354344010353,228.8037872314453,63.444740295410156,0.7949327230453491,0.0,0.0,0.2856898307800293,217.44403076171875,105.56597137451172,0.9040912389755249,0.0,0.0,0.23315395414829254,263.78570556640625,181.1501922607422,0.5875909924507141,0.0,0.0,0.002563107991591096,0.0,0.0,0.012662702240049839,0.0,0.0,0.0001376453146804124,0.0,0.0,0.00047341364552266896
613,True,0.0,0.0,0.0008544021402485669,0.0,0.0,0.00016710819909349084,0.0,0.0,0.00024368782760575414,0.0,0.0,0.0003819806152023375,0.0,0.0,0.0006623570807278156,0.0,0.0,0.003224886953830719,0.0,0.0,0.057588569819927216,0.0,0.0,0.06636202335357666,230.27981567382812,59.06013488769531,0.7473836541175842,0.0,0.0,0.3261309862136841,218.7589111328125,102.49725341796875,0.8879919052124023,0.0,0.0,0.3168496787548065,264.91619873046875,170.4228515625,0.6480079293251038,0.0,0.0,0.00603819964453578,0.0,0.0,0.024929042905569077,0.0,0.0,0.0003362464776728302,0.0,0.0,0.0010388478403910995
614,True,0.0,0.0,0.0009778925450518727,0.0,0.0,0.00018886946782004088,0.0,0.0,0.00028528011171147227,0.0,0.0,0.0003874643298331648,0.0,0.0,0.0007327123894356191,0.0,0.0,0.003423494752496481,0.0,0.0,0.056746531277894974,0.0,0.0,0.06791944801807404,230.31161499023438,59.053741455078125,0.7312479019165039,0.0,0.0,0.33112987875938416,219.09530639648438,102.39704895019531,0.8825528025627136,0.0,0.0,0.29975855350494385,265.4229736328125,169.9055633544922,0.6200112700462341,0.0,0.0,0.005943083204329014,0.0,0.0,0.023437924683094025,0.0,0.0,0.00034586808760650456,0.0,0.0,0.001028998289257288
615,True,0.0,0.0,0.0010307746706530452,0.0,0.0,0.00016323340241797268,0.0,0.0,0.0003323500568512827,0.0,0.0,0.0003140404005534947,0.0,0.0,0.001029099221341312,0.0,0.0,0.004025065340101719,0.0,0.0,0.07517646253108978,0.0,0.0,0.06550122797489166,231.79075622558594,68.4466781616211,0.7497793436050415,0.0,0.0,0.289028137922287,221.1632537841797,106.31843566894531,0.8725372552871704,0.0,0.0,0.2166789323091507,265.8584899902344,179.8959503173828,0.5222092866897583,0.0,0.0,0.0036208871752023697,0.0,0.0,0.014506824314594269,0.0,0.0,0.0002542909060139209,0.0,0.0,0.000741484691388905
616,True,0.0,0.0,0.0005239287274889648,0.0,0.0,0.00010219191608484834,0.0,0.0,0.0001725756737869233,0.0,0.0,0.0002939899277407676,0.0,0.0,0.0006079041049815714,0.0,0.0,0.002619820646941662,0.0,0.0,0.04650615155696869,0.0,0.0,0.06152530387043953,230.45777893066406,75.07073974609375,0.7527167797088623,0.0,0.0,0.23795190453529358,223.4890899658203,111.0035629272461,0.8539311289787292,0.0,0.0,0.22381944954395294,255.54766845703125,173.00051879882812,0.5291820764541626,0.0,0.0,0.0012476220726966858,0.0,0.0,0.005390377715229988,0.0,0.0,6.68199936626479e-05,0.0,0.0,0.00020542758284136653
617,True,0.0,0.0,0.0007000620244070888,0.0,0.0,0.0001152270269813016,0.0,0.0,0.00022477935999631882,0.0,0.0,0.0002617492282297462,0.0,0.0,0.0007236189558170736,0.0,0.0,0.0022566993720829487,0.0,0.0,0.062179431319236755,0.0,0.0,0.04262952506542206,231.5052490234375,75.30416870117188,0.7783698439598083,0.0,0.0,0.19635796546936035,222.63047790527344,113.52491760253906,0.8690726161003113,0.0,0.0,0.10993878543376923,0.0,0.0,0.3785099685192108,0.0,0.0,0.0008309222175739706,0.0,0.0,0.0042977118864655495,0.0,0.0,6.354582001222298e-05,0.0,0.0,0.00022001170145813376
618,True,0.0,0.0,0.0006940699531696737,0.0,0.0,0.00012723967665806413,0.0,0.0,0.00020375037274789065,0.0,0.0,0.0003120063338428736,0.0,0.0,0.0006089647649787366,0.0,0.0,0.0024071349762380123,0.0,0.0,0.05619409680366516,0.0,0.0,0.050357211381196976,233.56845092773438,69.88481140136719,0.7608391642570496,0.0,0.0,0.22828727960586548,222.69020080566406,113.8209228515625,0.8650380373001099,0.0,0.0,0.11000893265008926,0.0,0.0,0.3585362434387207,0.0,0.0,0.0008001575479283929,0.0,0.0,0.0037890917155891657,0.0,0.0,6.235931505216286e-05,0.0,0.0,0.00020456756465137005
619,True,0.0,0.0,0.016208628192543983,0.0,0.0,0.0039352597668766975,0.0,0.0,0.0031136819161474705,0.0,0.0,0.002592019736766815,0.0,0.0,0.001550741377286613,0.0,0.0,0.02144920825958252,0.0,0.0,0.06455496698617935,0.0,0.0,0.21802681684494019,236.83274841308594,77.27202606201172,0.5435741543769836,286.1394348144531,130.69631958007812,0.5962001085281372,227.9139404296875,112.18814849853516,0.7996188402175903,0.0,0.0,0.14118370413780212,0.0,0.0,0.22528722882270813,0.0,0.0,0.006440484896302223,0.0,0.0,0.011036421172320843,0.0,0.0,0.0006869998178444803,0.0,0.0,0.0011031958274543285
620,True,0.0,0.0,0.005340088624507189,0.0,0.0,0.0008818249916657805,0.0,0.0,0.0010650113690644503,0.0,0.0,0.0007870705449022353,0.0,0.0,0.0010979551589116454,0.0,0.0,0.0076489825733006,0.0,0.0,0.14353999495506287,0.0,0.0,0.10309446603059769,235.6187744140625,84.32485961914062,0.8510801792144775,0.0,0.0,0.4606391191482544,220.75819396972656,111.54662322998047,0.9361521005630493,0.0,0.0,0.14576761424541473,0.0,0.0,0.42871925234794617,0.0,0.0,0.002728233113884926,0.0,0.0,0.01180818397551775,0.0,0.0,0.00018021588039118797,0.0,0.0,0.0005674723070114851
621,True,0.0,0.0,0.0019068368710577488,0.0,0.0,0.00031646405113860965,0.0,0.0,0.00047812703996896744,0.0,0.0,0.0004606394504662603,0.0,0.0,0.0008795417379587889,0.0,0.0,0.004156056325882673,0.0,0.0,0.10277958959341049,0.0,0.0,0.05848560482263565,233.79168701171875,85.04212951660156,0.7996681928634644,0.0,0.0,0.3010593056678772,219.06988525390625,109.80940246582031,0.9016938805580139,0.0,0.0,0.1425315886735916,0.0,0.0,0.4402230679988861,0.0,0.0,0.0022307168692350388,0.0,0.0,0.010485568083822727,0.0,0.0,0.0001623004936845973,0.0,0.0,0.0005380456568673253
622,True,0.0,0.0,0.001081904862076044,0.0,0.0,0.00015094834088813514,0.0,0.0,0.0002691220142878592,0.0,0.0,0.0002815134066622704,0.0,0.0,0.0006796083762310445,0.0,0.0,0.002455606823787093,0.0,0.0,0.11604038625955582,0.0,0.0,0.042092934250831604,228.2772216796875,81.75680541992188,0.869020402431488,0.0,0.0,0.2908361256122589,220.3609161376953,113.22279357910156,0.941892147064209,0.0,0.0,0.11150775849819183,0.0,0.0,0.447075217962265,0.0,0.0,0.0011322884820401669,0.0,0.0,0.007283279672265053,0.0,0.0,6.847789336461574e-05,0.0,0.0,0.000281956628896296
623,True,0.0,0.0,0.0012861320283263922,0.0,0.0,0.0001897179608931765,0.0,0.0,0.00033151652314700186,0.0,0.0,0.00032686616759747267,0.0,0.0,0.0007458810578100383,0.0,0.0,0.002396936062723398,0.0,0.0,0.12275826185941696,0.0,0.0,0.03550758585333824,227.3734588623047,85.1952133178711,0.8684560656547546,0.0,0.0,0.26968732476234436,221.3056640625,112.79199981689453,0.9427422285079956,0.0,0.0,0.10135041922330856,0.0,0.0,0.43784016370773315,0.0,0.0,0.0013053767615929246,0.0,0.0,0.009056933224201202,0.0,0.0,9.474255057284608e-05,0.0,0.0,0.00041241029975935817
624,True,0.0,0.0,0.001151396194472909,0.0,0.0,0.00017981851124204695,0.0,0.0,0.00036175723653286695,0.0,0.0,0.00038500584196299314,0.0,0.0,0.000781199662014842,0.0,0.0,0.0023015420883893967,0.0,0.0,0.09658246487379074,0.0,0.0,0.03257424756884575,227.166015625,81.24331665039062,0.8060951828956604,0.0,0.0,0.21585075557231903,217.54486083984375,110.21846008300781,0.8988663554191589,0.0,0.0,0.10801021009683609,0.0,0.0,0.4172016382217407,0.0,0.0,0.0013366936473175883,0.0,0.0,0.007608918007463217,0.0,0.0,0.00012107236398151144,0.0,0.0,0.00045455549843609333
625,True,0.0,0.0,0.0009318285156041384,0.0,0.0,0.00018829444888979197,0.0,0.0,0.0001982172834686935,0.0,0.0,0.0003960913745686412,0.0,0.0,0.0004870829579886049,0.0,0.0,0.0034366974141448736,0.0,0.0,0.0632459744811058,0.0,0.0,0.07246863842010498,225.59222412109375,81.12803649902344,0.7807222008705139,0.0,0.0,0.36896881461143494,220.33145141601562,106.86844635009766,0.9101251363754272,0.0,0.0,0.14046742022037506,0.0,0.0,0.40030258893966675,0.0,0.0,0.0011936710216104984,0.0,0.0,0.005257417447865009,0.0,0.0,6.727323489030823e-05,0.0,0.0,0.00021329654555302113
626,True,0.0,0.0,0.0009220817009918392,0.0,0.0,0.00021769919840153307,0.0,0.0,0.00018145925423596054,0.0,0.0,0.0004724439640995115,0.0,0.0,0.00038544839480891824,0.0,0.0,0.0039461939595639706,0.0,0.0,0.04284076765179634,0.0,0.0,0.101160928606987,232.9365692138672,77.17424011230469,0.7078530788421631,0.0,0.0,0.4436718821525574,215.69830322265625,109.19977569580078,0.8812947869300842,0.0,0.0,0.16160762310028076,0.0,0.0,0.3770827353000641,0.0,0.0,0.0016507477266713977,0.0,0.0,0.005525178741663694,0.0,0.0,0.00010177103104069829,0.0,0.0,0.0002677660377230495
627,True,0.0,0.0,0.001705845003016293,0.0,0.0,0.0002784245880320668,0.0,0.0,0.00042116237455047667,0.0,0.0,0.0004478498303797096,0.0,0.0,0.0008037887164391577,0.0,0.0,0.004065238405019045,0.0,0.0,0.11738964915275574,0.0,0.0,0.06813015043735504,230.7899627685547,75.42623138427734,0.860080361366272,0.0,0.0,0.38374459743499756,203.31259155273438,116.72969055175781,0.9389269351959229,0.0,0.0,0.2154814600944519,266.46038818359375,187.33599853515625,0.5908827781677246,0.0,0.0,0.0033192492555826902,0.0,0.0,0.017516056075692177,0.0,0.0,0.00018371292389929295,0.0,0.0,0.0006706738495267928
628,True,0.0,0.0,0.013140328228473663,0.0,0.0,0.0030490392819046974,0.0,0.0,0.0017502667615190148,0.0,0.0,0.0023050636518746614,0.0,0.0,0.0011841210070997477,0.0,0.0,0.02549300715327263,0.0,0.0,0.17769964039325714,0.0,0.0,0.23668652772903442,229.1470947265625,81.03118896484375,0.8301264643669128,282.21575927734375,122.88311767578125,0.6163437962532043,199.35972595214844,118.688232421875,0.9270011782646179,0.0,0.0,0.28852060437202454,264.5566711425781,185.50210571289062,0.5457031726837158,0.0,0.0,0.004075698554515839,0.0,0.0,0.013509366661310196,0.0,0.0,0.00014880711387377232,0.0,0.0,0.00040545532829128206
629,True,0.0,0.0,0.000661268422845751,0.0,0.0,0.00011836419434985146,0.0,0.0,0.0001864546211436391,0.0,0.0,0.00024781058891676366,0.0,0.0,0.0005594388931058347,0.0,0.0,0.0028128402773290873,0.0,0.0,0.05035749077796936,0.0,0.0,0.07438579201698303,224.5200958251953,71.48612976074219,0.7907644510269165,0.0,0.0,0.3733777701854706,204.32351684570312,121.59751892089844,0.9087535738945007,0.0,0.0,0.1907351315021515,0.0,0.0,0.48945221304893494,0.0,0.0,0.0013125819386914372,0.0,0.0,0.005799182690680027,0.0,0.0,5.8294990594731644e-05,0.0,0.0,0.0001852335117291659
630,True,0.0,0.0,0.009191331453621387,0.0,0.0,0.0020231378730386496,0.0,0.0,0.001227308064699173,0.0,0.0,0.001444917288608849,0.0,0.0,0.0008771890425123274,0.0,0.0,0.01495350431650877,0.0,0.0,0.11543405801057816,0.0,0.0,0.18966716527938843,230.9623260498047,71.55935668945312,0.788125216960907,283.78570556640625,122.37724304199219,0.6092416644096375,204.1010284423828,118.7696533203125,0.9243977069854736,0.0,0.0,0.19946755468845367,0.0,0.0,0.4295877516269684,0.0,0.0,0.0032462289091199636,0.0,0.0,0.010558954440057278,0.0,0.0,0.00015079110744409263,0.0,0.0,0.00040011300006881356
631,True,0.0,0.0,0.0013371800305321813,0.0,0.0,0.00024239454069174826,0.0,0.0,0.00034121726639568806,0.0,0.0,0.0004317021230235696,0.0,0.0,0.0007072442094795406,0.0,0.0,0.0028854156844317913,0.0,0.0,0.10421804338693619,0.0,0.0,0.04773383215069771,229.3359832763672,75.90684509277344,0.8618784546852112,0.0,0.0,0.3023279011249542,213.59271240234375,107.60404968261719,0.9372822046279907,0.0,0.0,0.1878892481327057,266.93194580078125,189.2477569580078,0.584614098072052,0.0,0.0,0.002545482711866498,0.0,0.0,0.015916971489787102,0.0,0.0,0.00014938802632968873,0.0,0.0,0.0006180948694236577
632,True,0.0,0.0,0.0011078115785494447,0.0,0.0,0.00021409954933915287,0.0,0.0,0.00025032536359503865,0.0,0.0,0.0005257276352494955,0.0,0.0,0.000797587912529707,0.0,0.0,0.0069358982145786285,0.0,0.0,0.09954985976219177,0.0,0.0,0.10976888239383698,227.19387817382812,74.2215805053711,0.8179915547370911,0.0,0.0,0.40806442499160767,217.50811767578125,103.51395416259766,0.9112753868103027,0.0,0.0,0.2280692309141159,260.88995361328125,169.1768798828125,0.5220783352851868,0.0,0.0,0.002216998254880309,0.0,0.0,0.008906617760658264,0.0,0.0,0.00010604006092762575,0.0,0.0,0.0003131413832306862
633,True,0.0,0.0,0.0011352223809808493,0.0,0.0,0.00022699855617247522,0.0,0.0,0.00024684565141797066,0.0,0.0,0.0005579210119321942,0.0,0.0,0.0007596496143378317,0.0,0.0,0.006999989505857229,0.0,0.0,0.09762855619192123,0.0,0.0,0.1095874011516571,227.37705993652344,73.98690795898438,0.8135787844657898,0.0,0.0,0.4075862765312195,217.65692138671875,103.4583740234375,0.9095770716667175,0.0,0.0,0.2287101298570633,261.1221008300781,169.01341247558594,0.5214346647262573,0.0,0.0,0.0021973575931042433,0.0,0.0,0.008823927491903305,0.0,0.0,0.00010320068395230919,0.0,0.0,0.00030584889464080334
634,True,0.0,0.0,0.0006442582234740257,0.0,0.0,0.00018447560432832688,0.0,0.0,0.0001450052805012092,0.0,0.0,0.0006631675059907138,0.0,0.0,0.0003928157966583967,0.0,0.0,0.004683405160903931,0.0,0.0,0.03467510640621185,0.0,0.0,0.10928693413734436,234.32485961914062,60.51148986816406,0.6378692984580994,0.0,0.0,0.357437402009964,228.1334991455078,95.94353485107422,0.8128304481506348,0.0,0.0,0.15543311834335327,0.0,0.0,0.3279375731945038,0.0,0.0,0.00114503875374794,0.0,0.0,0.003351855091750622,0.0,0.0,8.753705333219841e-05,0.0,0.0,0.0002074739895761013
635,True,0.0,0.0,0.0040985760278999805,0.0,0.0,0.0006824264419265091,0.0,0.0,0.0006340495892800391,0.0,0.0,0.0006731718895025551,0.0,0.0,0.0006334721692837775,0.0,0.0,0.007084782235324383,0.0,0.0,0.11232685297727585,0.0,0.0,0.12172744423151016,238.2659912109375,77.0007095336914,0.8653388023376465,289.78875732421875,120.51820373535156,0.5177069902420044,220.243408203125,93.34148406982422,0.947500467300415,0.0,0.0,0.12246642261743546,0.0,0.0,0.3763420283794403,0.0,0.0,0.0025323936715722084,0.0,0.0,0.011398757807910442,0.0,0.0,0.0001705726026557386,0.0,0.0,0.0005632872926071286
636,True,0.0,0.0,0.001053952262736857,0.0,0.0,0.00036440519033931196,0.0,0.0,0.00026315374998375773,0.0,0.0,0.0008816233603283763,0.0,0.0,0.00045053259236738086,0.0,0.0,0.0028814810793846846,0.0,0.0,0.02831451967358589,0.0,0.0,0.06336070597171783,240.75665283203125,62.88259506225586,0.5697329044342041,0.0,0.0,0.26496294140815735,224.12710571289062,104.37616729736328,0.7664052248001099,0.0,0.0,0.1362232267856598,0.0,0.0,0.33096569776535034,0.0,0.0,0.0014527714811265469,0.0,0.0,0.004818355664610863,0.0,0.0,0.00013497681356966496,0.0,0.0,0.0003563868231140077
637,True,0.0,0.0,0.0008493564091622829,0.0,0.0,0.0002728740219026804,0.0,0.0,0.0002454020141158253,0.0,0.0,0.0007886450039222836,0.0,0.0,0.0005738518084399402,0.0,0.0,0.002829544013366103,0.0,0.0,0.03397778421640396,0.0,0.0,0.05363976210355759,238.6707000732422,61.35779571533203,0.5707030892372131,0.0,0.0,0.24005772173404694,226.63832092285156,106.11461639404297,0.7588311433792114,0.0,0.0,0.2077137976884842,0.0,0.0,0.46282854676246643,0.0,0.0,0.002577955136075616,0.0,0.0,0.00878099724650383,0.0,0.0,0.00019491216517053545,0.0,0.0,0.0005227260990068316
638,True,0.0,0.0,0.0006676433840766549,0.0,0.0,0.0002299890766153112,0.0,0.0,0.00019062566570937634,0.0,0.0,0.0007321820012293756,0.0,0.0,0.0004468242696020752,0.0,0.0,0.0027662115171551704,0.0,0.0,0.025794651359319687,0.0,0.0,0.07084067910909653,240.22354125976562,59.45824432373047,0.5804582834243774,0.0,0.0,0.27819693088531494,226.7262725830078,104.6683349609375,0.7654276490211487,0.0,0.0,0.2658812403678894,259.510986328125,149.87657165527344,0.5143750905990601,0.0,0.0,0.0026196662802249193,0.0,0.0,0.008200996555387974,0.0,0.0,0.00016841202159412205,0.0,0.0,0.00042441501864232123
639,True,0.0,0.0,0.014912161976099014,0.0,0.0,0.0030905145686119795,0.0,0.0,0.0028692956548184156,0.0,0.0,0.0017835678299888968,0.0,0.0,0.0019409297965466976,0.0,0.0,0.015622362494468689,0.0,0.0,0.09538492560386658,0.0,0.0,0.12533161044120789,249.12631225585938,67.54573059082031,0.5867332220077515,0.0,0.0,0.39958515763282776,236.98194885253906,110.31604766845703,0.7924772500991821,0.0,0.0,0.1411432921886444,0.0,0.0,0.2916148900985718,0.0,0.0,0.004104333464056253,0.0,0.0,0.010818355716764927,0.0,0.0,0.00035341246984899044,0.0,0.0,0.0007953402819111943
640,True,0.0,0.0,0.001152002951130271,0.0,0.0,0.0002987449406646192,0.0,0.0,0.00028697692323476076,0.0,0.0,0.0008646016358397901,0.0,0.0,0.0006983551429584622,0.0,0.0,0.005269282963126898,0.0,0.0,0.06364238262176514,0.0,0.0,0.09101168066263199,237.3958740234375,74.51498413085938,0.7012839317321777,0.0,0.0,0.28060105443000793,228.6405487060547,112.04808044433594,0.7951911091804504,0.0,0.0,0.119465671479702,0.0,0.0,0.305988609790802,0.0,0.0,0.0015057865530252457,0.0,0.0,0.00481438310816884,0.0,0.0,0.00017154258966911584,0.0,0.0,0.00043047519284300506
641,True,0.0,0.0,0.0008531021303497255,0.0,0.0,0.00019982970843557268,0.0,0.0,0.00021341229148674756,0.0,0.0,0.0006060933228582144,0.0,0.0,0.0005890886532142758,0.0,0.0,0.00399057986214757,0.0,0.0,0.06641382724046707,0.0,0.0,0.07577211409807205,234.32472229003906,78.45719909667969,0.7485703229904175,0.0,0.0,0.26534971594810486,229.86318969726562,114.4372329711914,0.8315078020095825,0.0,0.0,0.12348105013370514,0.0,0.0,0.34817203879356384,0.0,0.0,0.001527460990473628,0.0,0.0,0.005673027131706476,0.0,0.0,0.00015702188829891384,0.0,0.0,0.0004375324642751366
642,True,0.0,0.0,0.0010663006687536836,0.0,0.0,0.00028998107882216573,0.0,0.0,0.0002863155386876315,0.0,0.0,0.0008527080062776804,0.0,0.0,0.0005731070414185524,0.0,0.0,0.003592940280213952,0.0,0.0,0.05348882079124451,0.0,0.0,0.08437829464673996,237.0481719970703,69.36852264404297,0.7363812923431396,0.0,0.0,0.2828463613986969,226.640625,113.30974578857422,0.8222760558128357,0.0,0.0,0.14290478825569153,0.0,0.0,0.3754523992538452,0.0,0.0,0.0013759270077571273,0.0,0.0,0.0046262433752417564,0.0,0.0,0.00015926062769722193,0.0,0.0,0.0004172290791757405
643,True,0.0,0.0,0.0039381650276482105,0.0,0.0,0.0008616613922640681,0.0,0.0,0.0011210552183911204,0.0,0.0,0.001261110883206129,0.0,0.0,0.0014313713181763887,0.0,0.0,0.006225008517503738,0.0,0.0,0.08147581666707993,0.0,0.0,0.06073922663927078,240.80410766601562,68.41381072998047,0.6224140524864197,0.0,0.0,0.2668449878692627,234.4889678955078,117.84294128417969,0.7909612059593201,0.0,0.0,0.1748848706483841,0.0,0.0,0.41834333539009094,0.0,0.0,0.0036850753240287304,0.0,0.0,0.012500908225774765,0.0,0.0,0.00033647287636995316,0.0,0.0,0.0008880519890226424
644,True,0.0,0.0,0.0006903868052177131,0.0,0.0,0.00013644112914334983,0.0,0.0,0.00022019069001544267,0.0,0.0,0.00043050991371273994,0.0,0.0,0.0007754500838927925,0.0,0.0,0.002697403309866786,0.0,0.0,0.07064507156610489,0.0,0.0,0.049044251441955566,234.81979370117188,67.81455993652344,0.7688087224960327,0.0,0.0,0.20331335067749023,235.4117431640625,121.30010986328125,0.8469601273536682,0.0,0.0,0.1574370265007019,0.0,0.0,0.46252527832984924,0.0,0.0,0.00126738625112921,0.0,0.0,0.005897349212318659,0.0,0.0,9.823008440434933e-05,0.0,0.0,0.00032318313606083393
645,True,0.0,0.0,0.001213187351822853,0.0,0.0,0.0002479065442457795,0.0,0.0,0.00036116145201958716,0.0,0.0,0.0006145258666947484,0.0,0.0,0.001045668264850974,0.0,0.0,0.0043780445121228695,0.0,0.0,0.08163049817085266,0.0,0.0,0.0724334716796875,236.80807495117188,69.09693145751953,0.7650153040885925,0.0,0.0,0.24629445374011993,233.37083435058594,121.6021728515625,0.8382775187492371,0.0,0.0,0.14361689984798431,0.0,0.0,0.4000682234764099,0.0,0.0,0.001323636737652123,0.0,0.0,0.0051879361271858215,0.0,0.0,0.00011549654300324619,0.0,0.0,0.0003374592633917928
646,True,0.0,0.0,0.0027422101702541113,0.0,0.0,0.0007248574984259903,0.0,0.0,0.0007828018860891461,0.0,0.0,0.001298696268349886,0.0,0.0,0.0013428617967292666,0.0,0.0,0.005289807450026274,0.0,0.0,0.08026649057865143,0.0,0.0,0.07079260796308517,237.8269805908203,67.44583129882812,0.7020328044891357,0.0,0.0,0.3181203305721283,236.64266967773438,117.99514770507812,0.8447322249412537,0.0,0.0,0.11424247920513153,0.0,0.0,0.3223549425601959,0.0,0.0,0.00228480133228004,0.0,0.0,0.008021701127290726,0.0,0.0,0.0002504602598492056,0.0,0.0,0.0006837433902546763
647,True,0.0,0.0,0.002743817400187254,0.0,0.0,0.0007418115274049342,0.0,0.0,0.0007663278374820948,0.0,0.0,0.0013210582546889782,0.0,0.0,0.001269734464585781,0.0,0.0,0.005276501644402742,0.0,0.0,0.0723520889878273,0.0,0.0,0.07193077355623245,238.79638671875,67.1818618774414,0.6818444132804871,0.0,0.0,0.31747162342071533,237.17520141601562,118.0693359375,0.8344390392303467,0.0,0.0,0.11564141511917114,0.0,0.0,0.31608423590660095,0.0,0.0,0.00236755283549428,0.0,0.0,0.008083687163889408,0.0,0.0,0.0002619816514197737,0.0,0.0,0.0007020964985713363
648,True,0.0,0.0,0.014529270119965076,0.0,0.0,0.0035344029311090708,0.0,0.0,0.0032285444904118776,0.0,0.0,0.0025919321924448013,0.0,0.0,0.002151672961190343,0.0,0.0,0.021632736548781395,0.0,0.0,0.10074298083782196,0.0,0.0,0.17478039860725403,251.91845703125,77.93997192382812,0.5675553679466248,0.0,0.0,0.4799962341785431,237.23081970214844,108.25542449951172,0.7705039978027344,0.0,0.0,0.30437779426574707,0.0,0.0,0.46678072214126587,0.0,0.0,0.007646858226507902,0.0,0.0,0.01596939004957676,0.0,0.0,0.00048638941370882094,0.0,0.0,0.000918624980840832
649,False,0.0,0.0,0.0,0.0,0.0,0.0,0.0,0.0,0.0,0.0,0.0,0.0,0.0,0.0,0.0,0.0,0.0,0.0,0.0,0.0,0.0,0.0,0.0,0.0,0.0,0.0,0.0,0.0,0.0,0.0,0.0,0.0,0.0,0.0,0.0,0.0,0.0,0.0,0.0,0.0,0.0,0.0,0.0,0.0,0.0,0.0,0.0,0.0,0.0,0.0,0.0
650,True,0.0,0.0,0.009734274819493294,0.0,0.0,0.0011873432667925954,0.0,0.0,0.0021147311199456453,0.0,0.0,0.00046674616169184446,0.0,0.0,0.0016231370391324162,0.0,0.0,0.005864871200174093,0.0,0.0,0.044085822999477386,0.0,0.0,0.10267174243927002,0.0,0.0,0.4978909492492676,0.0,0.0,0.4969092905521393,210.074951171875,94.60781860351562,0.8192371129989624,0.0,0.0,0.08131539821624756,0.0,0.0,0.1879114806652069,0.0,0.0,0.004309252370148897,0.0,0.0,0.010943818837404251,0.0,0.0,0.0004736836126539856,0.0,0.0,0.0010114965261891484
651,False,0.0,0.0,0.0,0.0,0.0,0.0,0.0,0.0,0.0,0.0,0.0,0.0,0.0,0.0,0.0,0.0,0.0,0.0,0.0,0.0,0.0,0.0,0.0,0.0,0.0,0.0,0.0,0.0,0.0,0.0,0.0,0.0,0.0,0.0,0.0,0.0,0.0,0.0,0.0,0.0,0.0,0.0,0.0,0.0,0.0,0.0,0.0,0.0,0.0,0.0,0.0
652,True,0.0,0.0,0.07752072066068649,0.0,0.0,0.014560244046151638,0.0,0.0,0.009936348535120487,0.0,0.0,0.008510642684996128,0.0,0.0,0.012089697644114494,0.0,0.0,0.05982016772031784,0.0,0.0,0.260074645280838,0.0,0.0,0.29737526178359985,248.18850708007812,78.22138977050781,0.6244379281997681,141.9781494140625,109.83180236816406,0.6617481708526611,140.0484619140625,104.78031158447266,0.8475849032402039,0.0,0.0,0.13606572151184082,0.0,0.0,0.2664462625980377,0.0,0.0,0.010320713743567467,0.0,0.0,0.021395906805992126,0.0,0.0,0.0009018909768201411,0.0,0.0,0.0017903842963278294
653,True,0.0,0.0,0.04606609791517258,0.0,0.0,0.006695504300296307,0.0,0.0,0.005923292599618435,0.0,0.0,0.003561772871762514,0.0,0.0,0.0064346143044531345,0.0,0.0,0.02958551235496998,0.0,0.0,0.18514007329940796,0.0,0.0,0.2706034779548645,230.5687713623047,84.11555480957031,0.6834927797317505,119.95941925048828,116.68208312988281,0.6949847340583801,117.39874267578125,115.92574310302734,0.8927589058876038,0.0,0.0,0.07701543718576431,0.0,0.0,0.18203848600387573,0.0,0.0,0.006119227968156338,0.0,0.0,0.01469158474355936,0.0,0.0,0.0006857154658064246,0.0,0.0,0.0014629476936534047
654,True,0.0,0.0,0.006327806040644646,0.0,0.0,0.0006877442938275635,0.0,0.0,0.0015390481567010283,0.0,0.0,0.0012503094039857388,0.0,0.0,0.008917580358684063,0.0,0.0,0.037741824984550476,0.0,0.0,0.09751571714878082,195.97598266601562,81.20610046386719,0.5411316156387329,201.27667236328125,85.25248718261719,0.6559422016143799,110.46379089355469,118.14546966552734,0.8837217688560486,92.5589370727539,127.21310424804688,0.9009239077568054,0.0,0.0,0.1274069845676422,0.0,0.0,0.1598278284072876,0.0,0.0,0.009390461258590221,0.0,0.0,0.010613284073770046,0.0,0.0,0.0015071327798068523,0.0,0.0,0.001613559084944427
655,True,0.0,0.0,0.013408583588898182,0.0,0.0,0.0007074575987644494,0.0,0.0,0.002499236026778817,0.0,0.0,0.0004872710560448468,0.0,0.0,0.012058612890541553,0.0,0.0,0.031277138739824295,0.0,0.0,0.23894065618515015,0.0,0.0,0.3609139621257782,223.64173889160156,72.55052185058594,0.8436504006385803,108.22109985351562,129.71058654785156,0.7915828824043274,94.41028594970703,136.67271423339844,0.9469292759895325,0.0,0.0,0.06537433713674545,0.0,0.0,0.16143251955509186,0.0,0.0,0.005348464008420706,0.0,0.0,0.012870336882770061,0.0,0.0,0.0006992921698838472,0.0,0.0,0.001333467778749764
656,True,0.0,0.0,0.008791599422693253,0.0,0.0,0.001383026596158743,0.0,0.0,0.0054596345871686935,0.0,0.0,0.0017253892729058862,0.0,0.0,0.01798323728144169,0.0,0.0,0.03862495347857475,0.0,0.0,0.02948889136314392,0.0,0.0,0.15776893496513367,0.0,0.0,0.09225354343652725,0.0,0.0,0.49133917689323425,0.0,0.0,0.3707960546016693,0.0,0.0,0.06654234975576401,0.0,0.0,0.04296316206455231,0.0,0.0,0.05735406279563904,0.0,0.0,0.03753817081451416,0.0,0.0,0.08603749424219131,0.0,0.0,0.05833711102604866
657,True,0.0,0.0,0.0017924783751368523,0.0,0.0,9.047317143995315e-05,0.0,0.0,0.0006865295581519604,0.0,0.0,7.79040128691122e-05,0.0,0.0,0.0074009220115840435,0.0,0.0,0.011008798144757748,0.0,0.0,0.017633944749832153,0.0,0.0,0.24393455684185028,0.0,0.0,0.33735784888267517,137.64422607421875,111.17839813232422,0.7027776837348938,135.57717895507812,111.94725036621094,0.7672052383422852,0.0,0.0,0.02017137035727501,0.0,0.0,0.026017218828201294,0.0,0.0,0.009594878181815147,0.0,0.0,0.015347329899668694,0.0,0.0,0.0051220376044511795,0.0,0.0,0.006688588298857212
658,True,0.0,0.0,0.001928233541548252,0.0,0.0,0.00010057886538561434,0.0,0.0,0.000576326041482389,0.0,0.0,7.078445196384564e-05,0.0,0.0,0.004832502454519272,0.0,0.0,0.006282396614551544,0.0,0.0,0.01822364144027233,0.0,0.0,0.1705125868320465,0.0,0.0,0.38928401470184326,132.74050903320312,110.92927551269531,0.6528695821762085,131.35513305664062,111.85525512695312,0.8097254037857056,0.0,0.0,0.009207569062709808,0.0,0.0,0.01651526801288128,0.0,0.0,0.0025247002486139536,0.0,0.0,0.005176639650017023,0.0,0.0,0.0010725478641688824,0.0,0.0,0.0017123536672443151
659,True,0.0,0.0,0.002839004388079047,0.0,0.0,0.0004494638415053487,0.0,0.0,0.0005224322085268795,0.0,0.0,0.0005847418215125799,0.0,0.0,0.001957036554813385,0.0,0.0,0.011524651199579239,0.0,0.0,0.025246473029255867,0.0,0.0,0.19521069526672363,0.0,0.0,0.2968190014362335,166.53607177734375,89.7271957397461,0.6288508176803589,166.82958984375,90.90979766845703,0.7028263211250305,0.0,0.0,0.02850239910185337,0.0,0.0,0.04174765199422836,0.0,0.0,0.003516029566526413,0.0,0.0,0.004960347898304462,0.0,0.0,0.0009319769451394677,0.0,0.0,0.001244295621290803
660,True,0.0,0.0,0.012797373346984386,0.0,0.0,0.0030653688590973616,0.0,0.0,0.009259357117116451,0.0,0.0,0.0051180641166865826,0.0,0.0,0.02808002568781376,0.0,0.0,0.06635192036628723,0.0,0.0,0.18651841580867767,0.0,0.0,0.17093254625797272,248.34478759765625,59.169830322265625,0.5087481737136841,0.0,0.0,0.2818499505519867,301.5325622558594,41.625370025634766,0.579390823841095,0.0,0.0,0.24263830482959747,0.0,0.0,0.32260045409202576,0.0,0.0,0.03467368334531784,0.0,0.0,0.05014811083674431,0.0,0.0,0.011039961129426956,0.0,0.0,0.013873124495148659
661,True,0.0,0.0,0.012629889883100986,0.0,0.0,0.0032754363492131233,0.0,0.0,0.0012732804752886295,0.0,0.0,0.0044139716774225235,0.0,0.0,0.001246255706064403,0.0,0.0,0.03346671164035797,0.0,0.0,0.06287611275911331,0.0,0.0,0.2902839779853821,0.0,0.0,0.4324701130390167,226.25311279296875,80.41631317138672,0.5374760627746582,224.8270721435547,75.7316665649414,0.6481311321258545,0.0,0.0,0.2514359951019287,0.0,0.0,0.33288633823394775,0.0,0.0,0.020466838032007217,0.0,0.0,0.03171483054757118,0.0,0.0,0.0016415138961747289,0.0,0.0,0.002650654409080744
662,True,0.0,0.0,0.004672530572861433,0.0,0.0,0.0008567982004024088,0.0,0.0,0.0015729054575785995,0.0,0.0,0.0009277419885620475,0.0,0.0,0.002201653318479657,0.0,0.0,0.01049494743347168,0.0,0.0,0.05939813703298569,0.0,0.0,0.14755655825138092,266.0451965332031,62.23210144042969,0.526576578617096,0.0,0.0,0.43922144174575806,226.94024658203125,79.88526153564453,0.7384388446807861,0.0,0.0,0.31100213527679443,0.0,0.0,0.47782981395721436,0.0,0.0,0.009185101836919785,0.0,0.0,0.01831141486763954,0.0,0.0,0.0005450856406241655,0.0,0.0,0.0009650526335462928
663,True,0.0,0.0,0.003945387899875641,0.0,0.0,0.0007752919336780906,0.0,0.0,0.0012319354573264718,0.0,0.0,0.0011486564762890339,0.0,0.0,0.001920277369208634,0.0,0.0,0.013193611986935139,0.0,0.0,0.06565120816230774,0.0,0.0,0.20141679048538208,261.3529052734375,64.71287536621094,0.5831064581871033,0.0,0.0,0.49785441160202026,226.00770568847656,79.51458740234375,0.7701655626296997,0.0,0.0,0.38876602053642273,270.165283203125,162.51171875,0.5507850050926208,0.0,0.0,0.007364163175225258,0.0,0.0,0.014163262210786343,0.0,0.0,0.0003896694106515497,0.0,0.0,0.0006727989530190825
664,True,0.0,0.0,0.0033859771210700274,0.0,0.0,0.0006475201225839555,0.0,0.0,0.0010028023971244693,0.0,0.0,0.0012645339593291283,0.0,0.0,0.0020092949271202087,0.0,0.0,0.023099515587091446,0.0,0.0,0.08522918075323105,0.0,0.0,0.29954102635383606,249.10736083984375,69.40238189697266,0.6068234443664551,232.8881378173828,78.14338684082031,0.5849542021751404,223.98556518554688,78.18350219726562,0.7810637354850769,0.0,0.0,0.4927121102809906,264.558349609375,169.371826171875,0.6075336337089539,0.0,0.0,0.008893124759197235,0.0,0.0,0.014398343861103058,0.0,0.0,0.00040358060505241156,0.0,0.0,0.0006130382535047829
665,True,0.0,0.0,0.0031980948988348246,0.0,0.0,0.0007125396514311433,0.0,0.0,0.0006795377703383565,0.0,0.0,0.0015348244924098253,0.0,0.0,0.0011819573119282722,0.0,0.0,0.02717003785073757,0.0,0.0,0.07334133237600327,0.0,0.0,0.3823223412036896,248.99278259277344,68.62541198730469,0.583747386932373,233.7273712158203,76.78224182128906,0.6947082877159119,227.72898864746094,76.82022094726562,0.7937719225883484,305.33404541015625,170.16580200195312,0.5096580386161804,262.1238708496094,168.16903686523438,0.5832409262657166,0.0,0.0,0.008733140304684639,0.0,0.0,0.012230532243847847,0.0,0.0,0.00033170083770528436,0.0,0.0,0.00046471686800941825
666,True,0.0,0.0,0.0030783771071583033,0.0,0.0,0.0006660431390628219,0.0,0.0,0.0006723083206452429,0.0,0.0,0.0013865020591765642,0.0,0.0,0.0010931725846603513,0.0,0.0,0.021325064823031425,0.0,0.0,0.07073362916707993,0.0,0.0,0.32632267475128174,250.1501922607422,66.887939453125,0.5906752347946167,234.2944793701172,76.72895050048828,0.6656758189201355,227.3212127685547,77.1204833984375,0.8004679679870605,0.0,0.0,0.45850762724876404,259.828369140625,169.62005615234375,0.5574118494987488,0.0,0.0,0.007242685649544001,0.0,0.0,0.011254807934165001,0.0,0.0,0.0002980516292154789,0.0,0.0,0.00044890810386277735
667,True,0.0,0.0,0.003071828046813607,0.0,0.0,0.0007032555877231061,0.0,0.0,0.0007817902369424701,0.0,0.0,0.0016134323086589575,0.0,0.0,0.001395597355440259,0.0,0.0,0.021171556785702705,0.0,0.0,0.07615508139133453,0.0,0.0,0.2989833950996399,247.38973999023438,67.0660400390625,0.6070861220359802,234.9823455810547,77.07837677001953,0.5983191728591919,226.451904296875,77.50833892822266,0.7868730425834656,303.6271667480469,168.4029541015625,0.5513123869895935,262.0204162597656,165.49945068359375,0.6622412204742432,0.0,0.0,0.01075996458530426,0.0,0.0,0.017689978703856468,0.0,0.0,0.00046656778431497514,0.0,0.0,0.0007293093949556351
668,True,0.0,0.0,0.003548193955793977,0.0,0.0,0.0006741266115568578,0.0,0.0,0.0007698638364672661,0.0,0.0,0.0010448587127029896,0.0,0.0,0.0012208981206640601,0.0,0.0,0.0188344344496727,0.0,0.0,0.06150774285197258,0.0,0.0,0.2408694475889206,261.5889892578125,68.51748657226562,0.500983476638794,0.0,0.0,0.48574820160865784,229.68930053710938,77.20539093017578,0.6739547848701477,0.0,0.0,0.3507997691631317,0.0,0.0,0.4593276381492615,0.0,0.0,0.012420198880136013,0.0,0.0,0.01933053508400917,0.0,0.0,0.0007731701480224729,0.0,0.0,0.0011616405099630356
669,True,0.0,0.0,0.004200578201562166,0.0,0.0,0.0007942349184304476,0.0,0.0,0.0012657942716032267,0.0,0.0,0.0015446601901203394,0.0,0.0,0.0029029217548668385,0.0,0.0,0.03620777279138565,0.0,0.0,0.10535202920436859,0.0,0.0,0.3460939824581146,248.96604919433594,69.3417739868164,0.5861310362815857,234.10337829589844,76.99210357666016,0.5642241835594177,229.17312622070312,78.51116180419922,0.7285969257354736,304.89801025390625,164.35824584960938,0.5561539530754089,266.62481689453125,161.91708374023438,0.6396732330322266,0.0,0.0,0.013456014916300774,0.0,0.0,0.018694845959544182,0.0,0.0,0.0006455299444496632,0.0,0.0,0.0008726277737878263
670,True,0.0,0.0,0.003340858267620206,0.0,0.0,0.0005756425089202821,0.0,0.0,0.0012287339195609093,0.0,0.0,0.0010984160471707582,0.0,0.0,0.0035396097227931023,0.0,0.0,0.02988531067967415,0.0,0.0,0.10673138499259949,0.0,0.0,0.32903286814689636,248.0102081298828,66.7705078125,0.6397676467895508,235.18301391601562,77.1234130859375,0.5572511553764343,229.89122009277344,79.04234313964844,0.7689980268478394,307.04351806640625,159.54122924804688,0.6266644597053528,266.3675842285156,157.20187377929688,0.719494640827179,0.0,0.0,0.015373229049146175,0.0,0.0,0.023471742868423462,0.0,0.0,0.0006512003019452095,0.0,0.0,0.000932663562707603
671,True,0.0,0.0,0.003379225730895996,0.0,0.0,0.0005462728440761566,0.0,0.0,0.0013771855738013983,0.0,0.0,0.000900749524589628,0.0,0.0,0.003976226318627596,0.0,0.0,0.024641482159495354,0.0,0.0,0.08545951545238495,0.0,0.0,0.262310653924942,248.3017120361328,65.69373321533203,0.5496217608451843,0.0,0.0,0.4632563591003418,233.590576171875,78.59344482421875,0.6928646564483643,304.3497314453125,164.49838256835938,0.5395269393920898,265.5608215332031,162.02976989746094,0.6375057697296143,0.0,0.0,0.011300459504127502,0.0,0.0,0.016896020621061325,0.0,0.0,0.0005722547066397965,0.0,0.0,0.0007983691757544875
672,True,0.0,0.0,0.005114233586937189,0.0,0.0,0.0008826874545775354,0.0,0.0,0.001758537720888853,0.0,0.0,0.0012801289558410645,0.0,0.0,0.003228644374758005,0.0,0.0,0.0219863448292017,0.0,0.0,0.1118232011795044,0.0,0.0,0.22684818506240845,253.57106018066406,67.05345153808594,0.6219481229782104,0.0,0.0,0.4496211111545563,222.1146240234375,78.11842346191406,0.74346923828125,303.77978515625,165.06854248046875,0.513763427734375,267.1854553222656,162.81375122070312,0.6681681871414185,0.0,0.0,0.012826708145439625,0.0,0.0,0.023638736456632614,0.0,0.0,0.000713618821464479,0.0,0.0,0.0011804017703980207
673,True,0.0,0.0,0.006907552480697632,0.0,0.0,0.0011037362273782492,0.0,0.0,0.0015896314289420843,0.0,0.0,0.001162107684649527,0.0,0.0,0.001978841843083501,0.0,0.0,0.020332297310233116,0.0,0.0,0.1056990772485733,0.0,0.0,0.22231696546077728,263.311767578125,67.74092102050781,0.6196699738502502,0.0,0.0,0.4710341691970825,221.87774658203125,76.8883056640625,0.7501642107963562,0.0,0.0,0.33441635966300964,269.5523376464844,167.03042602539062,0.5014836192131042,0.0,0.0,0.009956544265151024,0.0,0.0,0.01912819780409336,0.0,0.0,0.0006026860792189837,0.0,0.0,0.0010464036604389548
674,True,0.0,0.0,0.003005191683769226,0.0,0.0,0.0005205656634643674,0.0,0.0,0.0007660072878934443,0.0,0.0,0.001009608618915081,0.0,0.0,0.0015075161354616284,0.0,0.0,0.01828564703464508,0.0,0.0,0.10812033712863922,0.0,0.0,0.27715983986854553,246.3565673828125,65.33182525634766,0.7072010040283203,229.94056701660156,75.82780456542969,0.5809212923049927,208.7841796875,77.88948059082031,0.8310655951499939,303.3141174316406,167.54556274414062,0.5208156704902649,263.8719787597656,164.3670196533203,0.6828287243843079,0.0,0.0,0.00928515288978815,0.0,0.0,0.018026098608970642,0.0,0.0,0.0003130548575427383,0.0,0.0,0.0005518952384591103
675,True,0.0,0.0,0.0031289630569517612,0.0,0.0,0.0005413393955677748,0.0,0.0,0.0011088759638369083,0.0,0.0,0.0010961717925965786,0.0,0.0,0.0027962469030171633,0.0,0.0,0.02264608070254326,0.0,0.0,0.11100076884031296,0.0,0.0,0.2832745909690857,243.95262145996094,66.53115844726562,0.6756791472434998,231.8821563720703,76.21231842041016,0.5281208157539368,217.1013946533203,78.42388916015625,0.7920816540718079,304.5360412597656,162.5274658203125,0.6154360175132751,263.2659606933594,160.56488037109375,0.7423015832901001,0.0,0.0,0.013219469226896763,0.0,0.0,0.023391801863908768,0.0,0.0,0.0005416274070739746,0.0,0.0,0.0008714387658983469
676,True,0.0,0.0,0.0028672893531620502,0.0,0.0,0.000439479568740353,0.0,0.0,0.0009357486269436777,0.0,0.0,0.0009756237268447876,0.0,0.0,0.0021837176755070686,0.0,0.0,0.017668306827545166,0.0,0.0,0.15590593218803406,0.0,0.0,0.30628064274787903,234.7185821533203,66.57147979736328,0.8314960598945618,233.98736572265625,76.85809326171875,0.640155017375946,200.8051300048828,79.23648071289062,0.9077093005180359,305.60064697265625,164.49771118164062,0.5992281436920166,263.1124267578125,163.03860473632812,0.7798440456390381,0.0,0.0,0.007724843919277191,0.0,0.0,0.01753569394350052,0.0,0.0,0.00022732929210178554,0.0,0.0,0.0004402426420710981
677,True,0.0,0.0,0.0053266012109816074,0.0,0.0,0.0014283532509580255,0.0,0.0,0.0008993714000098407,0.0,0.0,0.00221809558570385,0.0,0.0,0.000954292481765151,0.0,0.0,0.03222625330090523,0.0,0.0,0.04983896017074585,0.0,0.0,0.4245031177997589,0.0,0.0,0.4242575168609619,231.4308624267578,74.67276763916016,0.7048056125640869,226.78504943847656,74.661376953125,0.6871435046195984,305.6363830566406,164.4535369873047,0.5186139345169067,267.59881591796875,162.09217834472656,0.5281829237937927,0.0,0.0,0.012348981574177742,0.0,0.0,0.013291574083268642,0.0,0.0,0.00048653240082785487,0.0,0.0,0.0005709531833417714
678,True,0.0,0.0,0.004137388896197081,0.0,0.0,0.0007700971909798682,0.0,0.0,0.000930499576497823,0.0,0.0,0.0015618958277627826,0.0,0.0,0.0017370607238262892,0.0,0.0,0.026361433789134026,0.0,0.0,0.12133796513080597,0.0,0.0,0.21495766937732697,257.48388671875,70.41357421875,0.5981901288032532,0.0,0.0,0.3570089638233185,225.19137573242188,75.10195922851562,0.6553448438644409,0.0,0.0,0.42329421639442444,269.1732177734375,165.41006469726562,0.5946786403656006,0.0,0.0,0.012463314458727837,0.0,0.0,0.024007845669984818,0.0,0.0,0.0006882295128889382,0.0,0.0,0.0012121316976845264
679,True,0.0,0.0,0.003293187590315938,0.0,0.0,0.0006580062909051776,0.0,0.0,0.0009230179130099714,0.0,0.0,0.0014529085019603372,0.0,0.0,0.002201392548158765,0.0,0.0,0.03048599697649479,0.0,0.0,0.09589255601167679,0.0,0.0,0.32071059942245483,252.59042358398438,67.00779724121094,0.5850726962089539,236.69012451171875,75.62458038330078,0.5415260195732117,227.9611053466797,76.28602600097656,0.7198330760002136,307.29150390625,163.0239715576172,0.528806746006012,268.30682373046875,159.69064331054688,0.6265692114830017,0.0,0.0,0.011281386949121952,0.0,0.0,0.01643204689025879,0.0,0.0,0.0005012080073356628,0.0,0.0,0.0007038214826025069
680,True,0.0,0.0,0.003645959310233593,0.0,0.0,0.0007527246489189565,0.0,0.0,0.0006963795749470592,0.0,0.0,0.001238985569216311,0.0,0.0,0.0011500173714011908,0.0,0.0,0.022993113845586777,0.0,0.0,0.05509207770228386,0.0,0.0,0.2767050564289093,0.0,0.0,0.4350404739379883,231.61497497558594,76.282958984375,0.5194817781448364,228.3531494140625,77.67833709716797,0.6283763647079468,0.0,0.0,0.3416692316532135,0.0,0.0,0.4131399691104889,0.0,0.0,0.010082478635013103,0.0,0.0,0.013325648382306099,0.0,0.0,0.0005880239186808467,0.0,0.0,0.0007865629740990698
681,True,0.0,0.0,0.002806467469781637,0.0,0.0,0.0005501484265550971,0.0,0.0,0.0005314729642122984,0.0,0.0,0.0009638146148063242,0.0,0.0,0.0009671158040873706,0.0,0.0,0.018750229850411415,0.0,0.0,0.04858773201704025,0.0,0.0,0.26350757479667664,0.0,0.0,0.4498152732849121,231.72866821289062,76.21035766601562,0.5254116058349609,229.09254455566406,78.0057373046875,0.6524190306663513,0.0,0.0,0.32618552446365356,0.0,0.0,0.4055677652359009,0.0,0.0,0.009868480265140533,0.0,0.0,0.013640689663589,0.0,0.0,0.0005643600015901029,0.0,0.0,0.0007775945705361664
682,True,0.0,0.0,0.0023710886016488075,0.0,0.0,0.000561475520953536,0.0,0.0,0.0005805419641546905,0.0,0.0,0.0015494234394282103,0.0,0.0,0.0017967196181416512,0.0,0.0,0.027162352576851845,0.0,0.0,0.06615215539932251,0.0,0.0,0.3037736117839813,0.0,0.0,0.44821810722351074,234.14578247070312,76.45735931396484,0.5398169755935669,230.22943115234375,76.76329040527344,0.6300627589225769,0.0,0.0,0.190568208694458,0.0,0.0,0.23312708735466003,0.0,0.0,0.005206425674259663,0.0,0.0,0.006172761786729097,0.0,0.0,0.0005670040845870972,0.0,0.0,0.0006775247165933251
683,True,0.0,0.0,0.0037576875183731318,0.0,0.0,0.0007934458553791046,0.0,0.0,0.0006652234587818384,0.0,0.0,0.0014743675710633397,0.0,0.0,0.0011743808863684535,0.0,0.0,0.0375155471265316,0.0,0.0,0.060452595353126526,0.0,0.0,0.43931105732917786,0.0,0.0,0.45802661776542664,230.0751495361328,75.44212341308594,0.6578555107116699,225.58193969726562,75.92601776123047,0.6601200103759766,0.0,0.0,0.48981934785842896,270.0934143066406,165.82504272460938,0.5031837224960327,0.0,0.0,0.009413451887667179,0.0,0.0,0.010252821259200573,0.0,0.0,0.0003860485157929361,0.0,0.0,0.0004512654268182814
684,True,0.0,0.0,0.0028823413886129856,0.0,0.0,0.00041128587326966226,0.0,0.0,0.0007470989949069917,0.0,0.0,0.0007168544689193368,0.0,0.0,0.0017198226414620876,0.0,0.0,0.016886550933122635,0.0,0.0,0.11593378335237503,0.0,0.0,0.23389127850532532,251.38096618652344,65.07887268066406,0.7020807266235352,229.73513793945312,75.0281753540039,0.504108190536499,209.64288330078125,77.14405059814453,0.8108461499214172,0.0,0.0,0.3906755745410919,269.1080322265625,168.66217041015625,0.5808598399162292,0.0,0.0,0.005796230863779783,0.0,0.0,0.012161975726485252,0.0,0.0,0.0002237384469481185,0.0,0.0,0.00041144073475152254
685,True,0.0,0.0,0.0027917788829654455,0.0,0.0,0.00033922315924428403,0.0,0.0,0.0008441121317446232,0.0,0.0,0.0006201908690854907,0.0,0.0,0.0022310202475637197,0.0,0.0,0.016985898837447166,0.0,0.0,0.17169331014156342,0.0,0.0,0.27769529819488525,244.6402587890625,62.548004150390625,0.8367802500724792,227.28268432617188,73.47693634033203,0.6078431606292725,199.16799926757812,74.6806640625,0.9073832035064697,0.0,0.0,0.49607720971107483,266.28460693359375,166.44602966308594,0.7169134616851807,0.0,0.0,0.004468937404453754,0.0,0.0,0.01145222783088684,0.0,0.0,0.00012061893357895315,0.0,0.0,0.00025488148094154894
686,True,0.0,0.0,0.0028790240176022053,0.0,0.0,0.00040573658770881593,0.0,0.0,0.0008807610720396042,0.0,0.0,0.000819372886326164,0.0,0.0,0.0021906776819378138,0.0,0.0,0.017348777502775192,0.0,0.0,0.14928065240383148,0.0,0.0,0.28123465180397034,243.2142333984375,62.99523162841797,0.8123641610145569,226.56387329101562,74.13297271728516,0.58952796459198,201.48907470703125,74.90104675292969,0.8913941979408264,306.8497314453125,168.6612548828125,0.5489993691444397,268.0923767089844,165.71446228027344,0.7471343278884888,0.0,0.0,0.006981931626796722,0.0,0.0,0.016630006954073906,0.0,0.0,0.0002211918617831543,0.0,0.0,0.0004447950632311404
687,True,0.0,0.0,0.0024732276797294617,0.0,0.0,0.00046456317068077624,0.0,0.0,0.0005765589885413647,0.0,0.0,0.001078823464922607,0.0,0.0,0.0012174665462225676,0.0,0.0,0.019529733806848526,0.0,0.0,0.08477460592985153,0.0,0.0,0.3429388999938965,246.9955596923828,64.27458953857422,0.683302640914917,228.45401000976562,74.55947875976562,0.6283856630325317,208.79855346679688,74.5217056274414,0.8246728181838989,308.0106506347656,171.7008819580078,0.5590920448303223,268.2257080078125,168.8946533203125,0.6849673390388489,0.0,0.0,0.007538427598774433,0.0,0.0,0.013013198971748352,0.0,0.0,0.00024387400480918586,0.0,0.0,0.00039631008985452354
688,True,0.0,0.0,0.0022700345143675804,0.0,0.0,0.00045260332990437746,0.0,0.0,0.000582932261750102,0.0,0.0,0.0010280678980052471,0.0,0.0,0.0012053438695147634,0.0,0.0,0.014103338122367859,0.0,0.0,0.07947825640439987,0.0,0.0,0.2727585732936859,246.37176513671875,60.371986389160156,0.6957144141197205,228.18115234375,71.5216064453125,0.5817252397537231,210.7525634765625,68.24939727783203,0.8368315696716309,310.18359375,167.91542053222656,0.5896116495132446,268.2432861328125,164.872314453125,0.7402723431587219,0.0,0.0,0.00946716032922268,0.0,0.0,0.01892845146358013,0.0,0.0,0.00030875636730343103,0.0,0.0,0.0005592991947196424
689,True,0.0,0.0,0.0028062728233635426,0.0,0.0,0.0005903895944356918,0.0,0.0,0.00045343677629716694,0.0,0.0,0.0010624151909723878,0.0,0.0,0.0006503874319605529,0.0,0.0,0.014430690556764603,0.0,0.0,0.056375902146101,0.0,0.0,0.2460019439458847,262.95440673828125,62.90167999267578,0.5819275379180908,232.4766082763672,68.94950103759766,0.5660498142242432,222.9727783203125,69.29325866699219,0.777996838092804,0.0,0.0,0.40512987971305847,273.03564453125,172.72633361816406,0.5494886636734009,0.0,0.0,0.00788529310375452,0.0,0.0,0.014876033179461956,0.0,0.0,0.00029173976508900523,0.0,0.0,0.0005191531963646412
690,True,0.0,0.0,0.008303157053887844,0.0,0.0,0.0018734951736405492,0.0,0.0,0.0009864020394161344,0.0,0.0,0.0022401167079806328,0.0,0.0,0.0009678886854089797,0.0,0.0,0.043987397104501724,0.0,0.0,0.09032310545444489,0.0,0.0,0.4626501500606537,257.0631103515625,60.04982376098633,0.6179820895195007,233.33987426757812,67.95109558105469,0.7421450018882751,214.35812377929688,67.90773010253906,0.810901939868927,0.0,0.0,0.4554435908794403,269.18450927734375,171.3296661376953,0.5302017331123352,0.0,0.0,0.007817134261131287,0.0,0.0,0.011291374452412128,0.0,0.0,0.00022649829043075442,0.0,0.0,0.00033797958167269826
691,True,0.0,0.0,0.0027746506966650486,0.0,0.0,0.0005657613510265946,0.0,0.0,0.0005226358771324158,0.0,0.0,0.0009802908170968294,0.0,0.0,0.0008094230433925986,0.0,0.0,0.014691604301333427,0.0,0.0,0.06307442486286163,0.0,0.0,0.308327853679657,254.2445068359375,61.257781982421875,0.6568693518638611,233.16244506835938,69.79495239257812,0.6678037047386169,214.843017578125,67.1276626586914,0.843723714351654,0.0,0.0,0.48847416043281555,271.04949951171875,171.8974151611328,0.626093327999115,0.0,0.0,0.006364508531987667,0.0,0.0,0.011524108238518238,0.0,0.0,0.00018719406216405332,0.0,0.0,0.0003196868929080665
692,True,0.0,0.0,0.0015336996875703335,0.0,0.0,0.0004020105116069317,0.0,0.0,0.0003182091168127954,0.0,0.0,0.0012442102888599038,0.0,0.0,0.0005828302819281816,0.0,0.0,0.009953287430107594,0.0,0.0,0.054049525409936905,0.0,0.0,0.19753050804138184,245.50379943847656,63.4359245300293,0.6219195127487183,0.0,0.0,0.4973996877670288,218.55899047851562,66.25216674804688,0.7930077910423279,305.14190673828125,170.76588439941406,0.587999701499939,263.44024658203125,167.79888916015625,0.7441052198410034,0.0,0.0,0.01172047108411789,0.0,0.0,0.025445573031902313,0.0,0.0,0.00042918595136143267,0.0,0.0,0.0008425037958659232
693,True,0.0,0.0,0.0042363679967820644,0.0,0.0,0.0010606938740238547,0.0,0.0,0.0004881590430159122,0.0,0.0,0.00192329753190279,0.0,0.0,0.0006260109366849065,0.0,0.0,0.03483343496918678,0.0,0.0,0.07857713848352432,0.0,0.0,0.41324666142463684,247.4952392578125,60.539772033691406,0.5975679755210876,233.9198760986328,69.37757873535156,0.6965939402580261,213.39779663085938,64.8770751953125,0.7908679842948914,301.9377136230469,171.5325164794922,0.5150941014289856,263.6773376464844,166.96206665039062,0.5957247018814087,0.0,0.0,0.008928623981773853,0.0,0.0,0.013621163554489613,0.0,0.0,0.00022618020011577755,0.0,0.0,0.00035048305289819837
694,True,0.0,0.0,0.004658557940274477,0.0,0.0,0.0011962855933234096,0.0,0.0,0.0005289259133860469,0.0,0.0,0.002019055187702179,0.0,0.0,0.0006403331644833088,0.0,0.0,0.0358799546957016,0.0,0.0,0.08139241486787796,0.0,0.0,0.44228923320770264,245.42808532714844,60.55982208251953,0.6234272122383118,234.81690979003906,70.95753479003906,0.7311767339706421,210.8284454345703,64.46222686767578,0.8151913285255432,304.83209228515625,175.44459533691406,0.5296351909637451,263.5691833496094,170.86428833007812,0.6095112562179565,0.0,0.0,0.00858122855424881,0.0,0.0,0.01297585666179657,0.0,0.0,0.00020714823040179908,0.0,0.0,0.0003203471133019775
695,True,0.0,0.0,0.0020934080239385366,0.0,0.0,0.00036269272095523775,0.0,0.0,0.0005763469380326569,0.0,0.0,0.0008539187256246805,0.0,0.0,0.0011710949474945664,0.0,0.0,0.010037621483206749,0.0,0.0,0.1108691617846489,0.0,0.0,0.2022443413734436,239.98565673828125,61.65834045410156,0.8093941807746887,231.32498168945312,71.929931640625,0.540059506893158,204.06724548339844,62.399715423583984,0.8983569145202637,303.4102783203125,173.2789306640625,0.5425143241882324,261.9600830078125,169.92294311523438,0.7699455618858337,0.0,0.0,0.007050953805446625,0.0,0.0,0.02030753530561924,0.0,0.0,0.00022798895952291787,0.0,0.0,0.0005343226948752999
696,True,0.0,0.0,0.002805170835927129,0.0,0.0,0.0005297664902172983,0.0,0.0,0.0006245982949621975,0.0,0.0,0.0012623858638107777,0.0,0.0,0.001202118000946939,0.0,0.0,0.019427113234996796,0.0,0.0,0.1157846599817276,0.0,0.0,0.3429190516471863,238.92144775390625,58.66511917114258,0.7899041771888733,225.8199462890625,72.80503845214844,0.6471461057662964,198.08401489257812,56.19349670410156,0.8854033350944519,304.17333984375,176.76646423339844,0.6309351325035095,263.3818664550781,173.03359985351562,0.782253623008728,0.0,0.0,0.007562374696135521,0.0,0.0,0.016537031158804893,0.0,0.0,0.00019501830684021115,0.0,0.0,0.00038096783100627363
697,True,0.0,0.0,0.00297587551176548,0.0,0.0,0.000510352780111134,0.0,0.0,0.0007066273828968406,0.0,0.0,0.001165194669738412,0.0,0.0,0.0014349245466291904,0.0,0.0,0.02062174305319786,0.0,0.0,0.12624414265155792,0.0,0.0,0.35519939661026,239.06320190429688,59.49380874633789,0.7974843382835388,226.1754150390625,70.67002868652344,0.64520263671875,196.52606201171875,55.156700134277344,0.8846442103385925,304.1181335449219,175.41152954101562,0.6089935302734375,263.6302490234375,172.64981079101562,0.764103353023529,0.0,0.0,0.006171904504299164,0.0,0.0,0.013346304185688496,0.0,0.0,0.00015654497838113457,0.0,0.0,0.00030076169059611857
698,True,0.0,0.0,0.0022275608498603106,0.0,0.0,0.0003776515950448811,0.0,0.0,0.0006356305675581098,0.0,0.0,0.000948949484154582,0.0,0.0,0.0017838309286162257,0.0,0.0,0.01625014841556549,0.0,0.0,0.13326185941696167,0.0,0.0,0.2369549721479416,236.16004943847656,59.084381103515625,0.7797563076019287,0.0,0.0,0.45814248919487,194.42919921875,55.01710510253906,0.8421958088874817,306.49066162109375,175.16213989257812,0.5447546243667603,263.3714599609375,172.257080078125,0.7516597509384155,0.0,0.0,0.005069619510322809,0.0,0.0,0.012993751093745232,0.0,0.0,0.00016439003229606897,0.0,0.0,0.0003534869465511292
699,True,0.0,0.0,0.003026968566700816,0.0,0.0,0.00040311305201612413,0.0,0.0,0.000779300753492862,0.0,0.0,0.0008655792335048318,0.0,0.0,0.002169083571061492,0.0,0.0,0.02502124011516571,0.0,0.0,0.18887168169021606,0.0,0.0,0.35206860303878784,242.5832061767578,62.57038497924805,0.8334314227104187,222.072021484375,65.61570739746094,0.6283762454986572,203.41656494140625,58.645477294921875,0.8950515985488892,302.595703125,171.7864990234375,0.5506868958473206,262.8704528808594,170.4031982421875,0.7324404716491699,0.0,0.0,0.004393619019538164,0.0,0.0,0.01031773816794157,0.0,0.0,0.0001059865826391615,0.0,0.0,0.00021195263252593577
700,True,0.0,0.0,0.0035128218587487936,0.0,0.0,0.0004882944631390274,0.0,0.0,0.0009128767414949834,0.0,0.0,0.0009619027841836214,0.0,0.0,0.00228086207062006,0.0,0.0,0.027241162955760956,0.0,0.0,0.1738884598016739,0.0,0.0,0.38023874163627625,243.92843627929688,61.742923736572266,0.8116812705993652,220.39817810058594,65.56927490234375,0.6550062894821167,203.98455810546875,58.93461608886719,0.8865388631820679,302.63079833984375,172.02439880371094,0.5623697638511658,262.4995422363281,170.4722442626953,0.7219703793525696,0.0,0.0,0.004605522379279137,0.0,0.0,0.00980931706726551,0.0,0.0,0.00010962037777062505,0.0,0.0,0.00020469556329771876
701,True,0.0,0.0,0.0031328739132732153,0.0,0.0,0.00043561102938838303,0.0,0.0,0.0008941064588725567,0.0,0.0,0.000905616965610534,0.0,0.0,0.002440646756440401,0.0,0.0,0.015406199730932713,0.0,0.0,0.19560590386390686,0.0,0.0,0.21173207461833954,243.7628173828125,73.2702407836914,0.834743320941925,0.0,0.0,0.4202326536178589,195.1829833984375,62.937225341796875,0.8694434762001038,0.0,0.0,0.458972692489624,263.89990234375,170.59600830078125,0.7237239480018616,0.0,0.0,0.003766959300264716,0.0,0.0,0.01186961866915226,0.0,0.0,0.000122276323963888,0.0,0.0,0.00030109708313830197
702,True,0.0,0.0,0.005611879751086235,0.0,0.0,0.0010720350546762347,0.0,0.0,0.0010870663681998849,0.0,0.0,0.0012482140446081758,0.0,0.0,0.0013112175511196256,0.0,0.0,0.01173426117748022,0.0,0.0,0.11374063044786453,0.0,0.0,0.20979748666286469,249.71580505371094,70.5608901977539,0.7390813231468201,203.040283203125,56.85655212402344,0.537553071975708,194.5080108642578,59.17339324951172,0.8655484318733215,0.0,0.0,0.30152595043182373,268.8052978515625,169.84596252441406,0.5366744995117188,0.0,0.0,0.003383644623681903,0.0,0.0,0.008747844956815243,0.0,0.0,0.000155193978571333,0.0,0.0,0.0003421322617214173
703,True,0.0,0.0,0.0032223097514361143,0.0,0.0,0.00044673311640508473,0.0,0.0,0.0009969827951863408,0.0,0.0,0.0008523050346411765,0.0,0.0,0.0036029918119311333,0.0,0.0,0.01104231458157301,0.0,0.0,0.191087543964386,0.0,0.0,0.105213962495327,238.34535217285156,69.04953002929688,0.7830658555030823,0.0,0.0,0.17646737396717072,189.48092651367188,60.49285888671875,0.774593710899353,0.0,0.0,0.4550391137599945,268.64788818359375,167.4635009765625,0.766146719455719,0.0,0.0,0.005293356254696846,0.0,0.0,0.01989884488284588,0.0,0.0,0.00025494079454801977,0.0,0.0,0.0007146353018470109
704,True,0.0,0.0,0.01603415608406067,0.0,0.0,0.0026280118618160486,0.0,0.0,0.0034644685219973326,0.0,0.0,0.0014588194899260998,0.0,0.0,0.003116911742836237,0.0,0.0,0.02301252819597721,0.0,0.0,0.15813514590263367,0.0,0.0,0.3108883500099182,236.67044067382812,78.79995727539062,0.7544223666191101,187.86268615722656,49.32596206665039,0.650982677936554,183.57962036132812,55.223785400390625,0.8947743773460388,0.0,0.0,0.2900475561618805,0.0,0.0,0.4783463180065155,0.0,0.0,0.0028965671081095934,0.0,0.0,0.006349628791213036,0.0,0.0,0.00013031346315983683,0.0,0.0,0.00025181981618516147
705,True,0.0,0.0,0.025449497625231743,0.0,0.0,0.0042556943371891975,0.0,0.0,0.005114855244755745,0.0,0.0,0.001933867926709354,0.0,0.0,0.00409613037481904,0.0,0.0,0.03107999823987484,0.0,0.0,0.14724992215633392,0.0,0.0,0.2936883568763733,241.4949951171875,80.8173599243164,0.6445698738098145,180.66299438476562,48.57047653198242,0.5922861695289612,183.44822692871094,55.98569107055664,0.8401485681533813,0.0,0.0,0.23341453075408936,0.0,0.0,0.37459808588027954,0.0,0.0,0.0033453907817602158,0.0,0.0,0.006573117338120937,0.0,0.0,0.00019332816009409726,0.0,0.0,0.0003473501419648528
706,True,0.0,0.0,0.024223316460847855,0.0,0.0,0.004166896920651197,0.0,0.0,0.005556168500334024,0.0,0.0,0.0016641025431454182,0.0,0.0,0.004291092045605183,0.0,0.0,0.025681335479021072,0.0,0.0,0.09181251376867294,0.0,0.0,0.32752928137779236,253.9717254638672,61.83334732055664,0.5649940371513367,180.1462860107422,56.82966613769531,0.6747482419013977,180.89649963378906,61.81788635253906,0.8234307169914246,0.0,0.0,0.16528131067752838,0.0,0.0,0.2500765323638916,0.0,0.0,0.003429798176512122,0.0,0.0,0.005633512046188116,0.0,0.0,0.0002769114216789603,0.0,0.0,0.0004279054410289973
707,True,0.0,0.0,0.007060160860419273,0.0,0.0,0.0007741809240542352,0.0,0.0,0.001536550116725266,0.0,0.0,0.00057323242072016,0.0,0.0,0.004048433154821396,0.0,0.0,0.015633806586265564,0.0,0.0,0.12369008362293243,0.0,0.0,0.17105452716350555,231.41587829589844,58.529598236083984,0.6686006784439087,0.0,0.0,0.4510684311389923,184.32598876953125,62.69721221923828,0.8535029888153076,0.0,0.0,0.18842294812202454,0.0,0.0,0.3787209093570709,0.0,0.0,0.00475606182590127,0.0,0.0,0.011966295540332794,0.0,0.0,0.00035855386522598565,0.0,0.0,0.0007419229368679225
708,True,0.0,0.0,0.011777309700846672,0.0,0.0,0.001250321394763887,0.0,0.0,0.002788257785141468,0.0,0.0,0.0006383047439157963,0.0,0.0,0.005621683318167925,0.0,0.0,0.017947493121027946,0.0,0.0,0.14557811617851257,0.0,0.0,0.1677183359861374,230.8705596923828,60.03273391723633,0.6870471239089966,0.0,0.0,0.45843982696533203,187.52468872070312,65.7260971069336,0.8671854138374329,0.0,0.0,0.1723630577325821,0.0,0.0,0.3612786829471588,0.0,0.0,0.00502467155456543,0.0,0.0,0.012915954925119877,0.0,0.0,0.00042335488251410425,0.0,0.0,0.0008853690233081579
709,True,0.0,0.0,0.00826821569353342,0.0,0.0,0.0007001987542025745,0.0,0.0,0.002715159673243761,0.0,0.0,0.00035050007863901556,0.0,0.0,0.005737562198191881,0.0,0.0,0.005254931282252073,0.0,0.0,0.19507469236850739,0.0,0.0,0.04254685342311859,199.02452087402344,63.8502082824707,0.8031871914863586,0.0,0.0,0.20950189232826233,210.743408203125,65.6163330078125,0.9106862545013428,0.0,0.0,0.1084684506058693,0.0,0.0,0.3992556929588318,0.0,0.0,0.004274425562471151,0.0,0.0,0.02004162035882473,0.0,0.0,0.0005604548496194184,0.0,0.0,0.0017518921522423625
710,True,0.0,0.0,0.00902329757809639,0.0,0.0,0.0007258217665366828,0.0,0.0,0.0034297930542379618,0.0,0.0,0.00033671161509118974,0.0,0.0,0.007603066507726908,0.0,0.0,0.005664171651005745,0.0,0.0,0.20937569439411163,0.0,0.0,0.04246579483151436,213.778564453125,65.74137878417969,0.8042515516281128,0.0,0.0,0.1970842182636261,205.9934539794922,67.34327697753906,0.9022490382194519,0.0,0.0,0.10918346047401428,0.0,0.0,0.4054239094257355,0.0,0.0,0.00351316062733531,0.0,0.0,0.017133325338363647,0.0,0.0,0.0004392948467284441,0.0,0.0,0.0013971705920994282
711,True,0.0,0.0,0.01152980700135231,0.0,0.0,0.0010523389792069793,0.0,0.0,0.0035095701459795237,0.0,0.0,0.00042091793147847056,0.0,0.0,0.00552781717851758,0.0,0.0,0.0043183728121221066,0.0,0.0,0.21363301575183868,0.0,0.0,0.0283516738563776,184.45040893554688,69.02134704589844,0.7945352792739868,0.0,0.0,0.1756550669670105,212.98843383789062,67.48352813720703,0.9155450463294983,0.0,0.0,0.07146332412958145,0.0,0.0,0.32991886138916016,0.0,0.0,0.0035250307992100716,0.0,0.0,0.01803765818476677,0.0,0.0,0.0005626750644296408,0.0,0.0,0.0018910132348537445
712,True,0.0,0.0,0.008565372787415981,0.0,0.0,0.0007171639590524137,0.0,0.0,0.0030274305026978254,0.0,0.0,0.0003065895289182663,0.0,0.0,0.005619690287858248,0.0,0.0,0.0032060060184448957,0.0,0.0,0.2139539271593094,0.0,0.0,0.022145627066493034,199.68295288085938,68.92478942871094,0.8260562419891357,0.0,0.0,0.137116476893425,210.07594299316406,67.79151916503906,0.9169346690177917,0.0,0.0,0.07306285947561264,0.0,0.0,0.37477144598960876,0.0,0.0,0.0031581996008753777,0.0,0.0,0.019981682300567627,0.0,0.0,0.0005070340121164918,0.0,0.0,0.001972916768863797
713,True,0.0,0.0,0.004896665923297405,0.0,0.0,0.00031780466088093817,0.0,0.0,0.0023318100720643997,0.0,0.0,0.00014397896302398294,0.0,0.0,0.006111373659223318,0.0,0.0,0.0017130515770986676,0.0,0.0,0.27990180253982544,0.0,0.0,0.01330199558287859,214.3485565185547,70.99113464355469,0.9057673811912537,0.0,0.0,0.08806918561458588,201.5616455078125,68.80567932128906,0.9432539343833923,0.0,0.0,0.08542760461568832,281.51580810546875,196.842041015625,0.5380191802978516,0.0,0.0,0.0021391618065536022,0.0,0.0,0.022998511791229248,0.0,0.0,0.00027698007761500776,0.0,0.0,0.0015603558858856559
714,True,0.0,0.0,0.00839066319167614,0.0,0.0,0.0005641856696456671,0.0,0.0,0.004200208932161331,0.0,0.0,0.0002026632137130946,0.0,0.0,0.008511696942150593,0.0,0.0,0.0020452430471777916,0.0,0.0,0.3395514488220215,0.0,0.0,0.011727013625204563,201.67120361328125,70.81582641601562,0.9085417985916138,0.0,0.0,0.08801573514938354,206.4298095703125,68.0556640625,0.9491040706634521,0.0,0.0,0.07749111205339432,281.8050537109375,200.69967651367188,0.5211683511734009,0.0,0.0,0.00245127035304904,0.0,0.0,0.026392024010419846,0.0,0.0,0.00037195481127128005,0.0,0.0,0.002097954275086522
715,True,0.0,0.0,0.02327650412917137,0.0,0.0,0.0024036201648414135,0.0,0.0,0.006813843734562397,0.0,0.0,0.0007183486595749855,0.0,0.0,0.007923774421215057,0.0,0.0,0.006657121703028679,0.0,0.0,0.2806050479412079,0.0,0.0,0.02650253288447857,191.64573669433594,66.42088317871094,0.7903375625610352,0.0,0.0,0.1713009625673294,210.8298797607422,68.94563293457031,0.9134569764137268,0.0,0.0,0.08074215799570084,0.0,0.0,0.3701798915863037,0.0,0.0,0.00471770204603672,0.0,0.0,0.026140332221984863,0.0,0.0,0.0007376063731499016,0.0,0.0,0.002679710742086172
716,True,0.0,0.0,0.008479860611259937,0.0,0.0,0.0007369848899543285,0.0,0.0,0.0052317241206765175,0.0,0.0,0.00040512013947591186,0.0,0.0,0.014849899336695671,0.0,0.0,0.004127569030970335,0.0,0.0,0.4276384115219116,0.0,0.0,0.021403227001428604,207.54690551757812,71.11051940917969,0.9163912534713745,0.0,0.0,0.09188510477542877,207.9021759033203,68.46173095703125,0.9329615235328674,0.0,0.0,0.19370605051517487,276.8800048828125,198.24301147460938,0.7235109806060791,0.0,0.0,0.0033354039769619703,0.0,0.0,0.03077269159257412,0.0,0.0,0.0003818579134531319,0.0,0.0,0.0019455834990367293
717,True,0.0,0.0,0.007787016686052084,0.0,0.0,0.0006182544748298824,0.0,0.0,0.003762615378946066,0.0,0.0,0.00023809341655578464,0.0,0.0,0.008209937252104282,0.0,0.0,0.0030038889963179827,0.0,0.0,0.22386455535888672,0.0,0.0,0.022284243255853653,214.39083862304688,65.61460876464844,0.8401708006858826,0.0,0.0,0.13018415868282318,202.88487243652344,67.407470703125,0.9199773073196411,0.0,0.0,0.11335229128599167,279.55096435546875,201.75839233398438,0.5113782286643982,0.0,0.0,0.0031823248136788607,0.0,0.0,0.022676007822155952,0.0,0.0,0.0004423594509717077,0.0,0.0,0.0018580175237730145
718,True,0.0,0.0,0.0070370761677622795,0.0,0.0,0.0005036720540374517,0.0,0.0,0.003543309634551406,0.0,0.0,0.00019792455714195967,0.0,0.0,0.007951516658067703,0.0,0.0,0.002377420198172331,0.0,0.0,0.26909905672073364,0.0,0.0,0.016305023804306984,210.80245971679688,66.61214447021484,0.881368100643158,0.0,0.0,0.1050003170967102,207.93984985351562,66.84124755859375,0.9355970621109009,0.0,0.0,0.10221388190984726,279.6639404296875,200.21002197265625,0.5404620170593262,0.0,0.0,0.0026805878151208162,0.0,0.0,0.0238969624042511,0.0,0.0,0.00036235785228200257,0.0,0.0,0.0017865048721432686
719,True,0.0,0.0,0.028903761878609657,0.0,0.0,0.003022456308826804,0.0,0.0,0.0075391484424471855,0.0,0.0,0.0007019485929049551,0.0,0.0,0.006957331672310829,0.0,0.0,0.005432958249002695,0.0,0.0,0.2505854368209839,0.0,0.0,0.02138902060687542,169.29690551757812,71.69992065429688,0.7601336240768433,0.0,0.0,0.1692437082529068,215.4303741455078,67.96347045898438,0.919854462146759,0.0,0.0,0.050925999879837036,0.0,0.0,0.26754072308540344,0.0,0.0,0.004261631052941084,0.0,0.0,0.022630812600255013,0.0,0.0,0.0008162938174791634,0.0,0.0,0.0028809632640331984
720,True,0.0,0.0,0.013066104613244534,0.0,0.0,0.0012338461820036173,0.0,0.0,0.004626972135156393,0.0,0.0,0.00037664815317839384,0.0,0.0,0.005697070620954037,0.0,0.0,0.0020579700358211994,0.0,0.0,0.2929464876651764,0.0,0.0,0.011345336213707924,177.10693359375,67.22265625,0.872642993927002,0.0,0.0,0.08568678796291351,211.61770629882812,63.36154556274414,0.9366834163665771,0.0,0.0,0.07886500656604767,0.0,0.0,0.49890413880348206,0.0,0.0,0.003466846654191613,0.0,0.0,0.03071713261306286,0.0,0.0,0.000573081080801785,0.0,0.0,0.0029375762678682804
721,True,0.0,0.0,0.0029110265895724297,0.0,0.0,0.0003095825668424368,0.0,0.0,0.0034787131007760763,0.0,0.0,0.00033786860876716673,0.0,0.0,0.013657111674547195,0.0,0.0,0.0010076789185404778,0.0,0.0,0.24985744059085846,0.0,0.0,0.0019258711254224181,231.42822265625,68.36930847167969,0.7718464136123657,0.0,0.0,0.004476872738450766,226.5547332763672,69.43016052246094,0.5802280306816101,0.0,0.0,0.13608920574188232,275.34063720703125,173.1266326904297,0.7189154028892517,0.0,0.0,0.0047773937694728374,0.0,0.0,0.06247737258672714,0.0,0.0,0.0012769829481840134,0.0,0.0,0.008287270553410053
722,True,0.0,0.0,0.018217943608760834,0.0,0.0,0.001647740718908608,0.0,0.0,0.011011399328708649,0.0,0.0,0.0006121618207544088,0.0,0.0,0.0156768299639225,0.0,0.0,0.0026476674247533083,269.3656311035156,15.15069580078125,0.5934275984764099,0.0,0.0,0.004711315967142582,200.65428161621094,75.58248138427734,0.9226564764976501,0.0,0.0,0.01786547340452671,210.75784301757812,66.93692016601562,0.8809533715248108,0.0,0.0,0.08878421783447266,285.455810546875,190.80909729003906,0.6634613275527954,0.0,0.0,0.0038120211102068424,0.0,0.0,0.05780760198831558,0.0,0.0,0.0007751269149594009,0.0,0.0,0.005807237699627876
723,True,0.0,0.0,0.022391775622963905,0.0,0.0,0.00218154932372272,0.0,0.0,0.02126435562968254,0.0,0.0,0.0017467662692070007,0.0,0.0,0.09542793035507202,0.0,0.0,0.033654265105724335,260.5321044921875,11.869338989257812,0.5842776298522949,0.0,0.0,0.026281777769327164,231.32107543945312,81.954345703125,0.7129750847816467,0.0,0.0,0.02252236194908619,0.0,0.0,0.4417154788970947,0.0,0.0,0.3866407871246338,273.8265686035156,168.12351989746094,0.7628160715103149,0.0,0.0,0.019278984516859055,0.0,0.0,0.07834070920944214,0.0,0.0,0.003333508735522628,0.0,0.0,0.009205663576722145
724,True,0.0,0.0,0.01318391878157854,0.0,0.0,0.0009212404838763177,0.0,0.0,0.006877761799842119,0.0,0.0,0.0009508816874586046,0.0,0.0,0.046882402151823044,0.0,0.0,0.06207427382469177,0.0,0.0,0.43679577112197876,0.0,0.0,0.21547967195510864,241.70159912109375,72.70970153808594,0.7805827856063843,0.0,0.0,0.23181922733783722,205.13150024414062,66.90496826171875,0.7194487452507019,0.0,0.0,0.39338618516921997,272.3199157714844,171.88223266601562,0.6255166530609131,0.0,0.0,0.00952018704265356,0.0,0.0,0.02132834494113922,0.0,0.0,0.000612039933912456,0.0,0.0,0.001099834800697863
725,True,0.0,0.0,0.004426568280905485,0.0,0.0,0.0002641202008817345,0.0,0.0,0.0021756677888333797,0.0,0.0,0.0003465709451120347,0.0,0.0,0.017209624871611595,0.0,0.0,0.029121775180101395,0.0,0.0,0.3513115346431732,0.0,0.0,0.1892813742160797,242.37643432617188,77.6546630859375,0.829231321811676,0.0,0.0,0.24641479551792145,202.03512573242188,74.50233459472656,0.8002412915229797,0.0,0.0,0.41025570034980774,273.8287353515625,179.80438232421875,0.6836653351783752,0.0,0.0,0.005077482666820288,0.0,0.0,0.014199413359165192,0.0,0.0,0.00025091200950555503,0.0,0.0,0.0005300266202539206
726,True,0.0,0.0,0.011802075430750847,0.0,0.0,0.0026921674143522978,0.0,0.0,0.0012428530026227236,0.0,0.0,0.0027595546562224627,0.0,0.0,0.001134198741056025,0.0,0.0,0.04557293653488159,0.0,0.0,0.06850279867649078,0.0,0.0,0.4596305191516876,0.0,0.0,0.4584627151489258,219.42340087890625,70.90023040771484,0.7052859663963318,217.32757568359375,73.1787109375,0.7030977010726929,0.0,0.0,0.43194469809532166,0.0,0.0,0.4607044458389282,0.0,0.0,0.012749718502163887,0.0,0.0,0.014508910477161407,0.0,0.0,0.0005325134843587875,0.0,0.0,0.0006771735497750342
727,True,0.0,0.0,0.004043730907142162,0.0,0.0,0.0007924198289401829,0.0,0.0,0.0011633149115368724,0.0,0.0,0.0011651237728074193,0.0,0.0,0.001755583449266851,0.0,0.0,0.013096712529659271,0.0,0.0,0.07495633512735367,0.0,0.0,0.19669345021247864,255.2622528076172,66.02852630615234,0.5884476900100708,0.0,0.0,0.44038376212120056,220.95726013183594,75.03720092773438,0.7359457015991211,304.82977294921875,167.5986785888672,0.5182492733001709,269.50604248046875,165.22369384765625,0.6789084076881409,0.0,0.0,0.01240366417914629,0.0,0.0,0.023259485140442848,0.0,0.0,0.0006338919629342854,0.0,0.0,0.0010779425501823425
728,True,0.0,0.0,0.0047299242578446865,0.0,0.0,0.0009807260939851403,0.0,0.0,0.0013325599720701575,0.0,0.0,0.001487100962549448,0.0,0.0,0.0020417170599102974,0.0,0.0,0.018589185550808907,0.0,0.0,0.07819999754428864,0.0,0.0,0.25017961859703064,254.49331665039062,70.50300598144531,0.5520513653755188,0.0,0.0,0.4761132001876831,220.8136444091797,82.75468444824219,0.7008136510848999,307.9353332519531,171.89602661132812,0.5167895555496216,269.84857177734375,170.3258819580078,0.6417255401611328,0.0,0.0,0.010130354203283787,0.0,0.0,0.016561275348067284,0.0,0.0,0.0005046619917266071,0.0,0.0,0.0007812135154381394
729,True,0.0,0.0,0.005899062845855951,0.0,0.0,0.0009863633895292878,0.0,0.0,0.0016164806438609958,0.0,0.0,0.0011963027063757181,0.0,0.0,0.002719260985031724,0.0,0.0,0.02292589284479618,0.0,0.0,0.09166865795850754,0.0,0.0,0.23792725801467896,250.14002990722656,68.6370620727539,0.5232287049293518,0.0,0.0,0.4065530002117157,215.92465209960938,87.02440643310547,0.649647057056427,298.37109375,171.94320678710938,0.5232177376747131,269.8177490234375,170.89898681640625,0.6418027281761169,0.0,0.0,0.013859737664461136,0.0,0.0,0.021664956584572792,0.0,0.0,0.0008530615014024079,0.0,0.0,0.0012480340665206313
730,True,0.0,0.0,0.005132944788783789,0.0,0.0,0.0010507290717214346,0.0,0.0,0.0012361824046820402,0.0,0.0,0.0013594835763797164,0.0,0.0,0.0016997583443298936,0.0,0.0,0.016725817695260048,0.0,0.0,0.07455310970544815,0.0,0.0,0.22905312478542328,247.62196350097656,73.47991943359375,0.5345604419708252,0.0,0.0,0.4585060775279999,209.53152465820312,91.9799575805664,0.6981736421585083,0.0,0.0,0.44151851534843445,271.7232360839844,174.325927734375,0.5833866000175476,0.0,0.0,0.009412682615220547,0.0,0.0,0.01532531064003706,0.0,0.0,0.0005596210830844939,0.0,0.0,0.0008645431371405721
731,True,0.0,0.0,0.005803682375699282,0.0,0.0,0.0009604237857274711,0.0,0.0,0.0012395437806844711,0.0,0.0,0.0012936507118865848,0.0,0.0,0.0015817341627553105,0.0,0.0,0.02067328244447708,0.0,0.0,0.08995890617370605,0.0,0.0,0.2944950461387634,260.4224548339844,83.83362579345703,0.6194819211959839,219.832763671875,99.57139587402344,0.5285108089447021,211.38937377929688,98.35152435302734,0.7570101618766785,0.0,0.0,0.4027595520019531,274.2060546875,183.53591918945312,0.5445265769958496,0.0,0.0,0.006138816941529512,0.0,0.0,0.010651877149939537,0.0,0.0,0.00026606861501932144,0.0,0.0,0.0004409525135997683
732,True,0.0,0.0,0.003925354685634375,0.0,0.0,0.0008375647012144327,0.0,0.0,0.0007807695074006915,0.0,0.0,0.0014327160315588117,0.0,0.0,0.0011816690675914288,0.0,0.0,0.02425272762775421,0.0,0.0,0.04987837374210358,0.0,0.0,0.42182162404060364,0.0,0.0,0.4591614603996277,215.91259765625,101.7424087524414,0.6562979817390442,209.88265991210938,99.09468841552734,0.6778265237808228,0.0,0.0,0.40858086943626404,0.0,0.0,0.43719467520713806,0.0,0.0,0.005468291230499744,0.0,0.0,0.005842810496687889,0.0,0.0,0.0002646473003551364,0.0,0.0,0.0003025932237505913
733,True,0.0,0.0,0.005257289856672287,0.0,0.0,0.0008487667073495686,0.0,0.0,0.0012694067554548383,0.0,0.0,0.0014102162094786763,0.0,0.0,0.002503876341506839,0.0,0.0,0.03845107927918434,0.0,0.0,0.0866711288690567,0.0,0.0,0.43487435579299927,249.26759338378906,77.14152526855469,0.5500662326812744,219.49745178222656,104.35496520996094,0.6353607177734375,211.5802001953125,102.24555969238281,0.7211523652076721,0.0,0.0,0.42051371932029724,0.0,0.0,0.4757085144519806,0.0,0.0,0.007741572801023722,0.0,0.0,0.009024261496961117,0.0,0.0,0.00038943212712183595,0.0,0.0,0.00046451628440991044
734,True,0.0,0.0,0.005265695042908192,0.0,0.0,0.0010278397239744663,0.0,0.0,0.0011079456890001893,0.0,0.0,0.0017578405095264316,0.0,0.0,0.0018328808946534991,0.0,0.0,0.03207866847515106,0.0,0.0,0.06443873047828674,0.0,0.0,0.37540963292121887,0.0,0.0,0.45837604999542236,220.3634490966797,104.71308898925781,0.57502281665802,210.58921813964844,102.60836791992188,0.6480408906936646,0.0,0.0,0.37343600392341614,0.0,0.0,0.4235641658306122,0.0,0.0,0.007992473430931568,0.0,0.0,0.009274845942854881,0.0,0.0,0.00047123548574745655,0.0,0.0,0.0005693346029147506
735,True,0.0,0.0,0.002940189093351364,0.0,0.0,0.0008102136198431253,0.0,0.0,0.0004266336327418685,0.0,0.0,0.0018721233354881406,0.0,0.0,0.0006166890962049365,0.0,0.0,0.0286765918135643,0.0,0.0,0.03201023116707802,302.20660400390625,84.66187286376953,0.5203538537025452,0.0,0.0,0.39429888129234314,215.65599060058594,104.10813903808594,0.7235441207885742,209.51742553710938,102.33906555175781,0.6435450911521912,0.0,0.0,0.45806896686553955,0.0,0.0,0.42775675654411316,0.0,0.0,0.00692248810082674,0.0,0.0,0.006176255643367767,0.0,0.0,0.00030599848832935095,0.0,0.0,0.0003172721480950713
736,True,0.0,0.0,0.002650575013831258,0.0,0.0,0.0006333146011456847,0.0,0.0,0.00043958722380921245,0.0,0.0,0.00137468206230551,0.0,0.0,0.0006984020583331585,0.0,0.0,0.022411927580833435,0.0,0.0,0.033764418214559555,0.0,0.0,0.4468551576137543,0.0,0.0,0.4087172746658325,217.58218383789062,104.34933471679688,0.6738088726997375,206.96337890625,100.86610412597656,0.6486731171607971,0.0,0.0,0.4168849289417267,0.0,0.0,0.41766831278800964,0.0,0.0,0.006672249175608158,0.0,0.0,0.006655447650700808,0.0,0.0,0.00032024149550125003,0.0,0.0,0.000353109062416479
737,True,0.0,0.0,0.0035275137051939964,0.0,0.0,0.0008060321561060846,0.0,0.0,0.0006259963847696781,0.0,0.0,0.0014473121846094728,0.0,0.0,0.0008020927780307829,0.0,0.0,0.014242281205952168,0.0,0.0,0.052479904145002365,0.0,0.0,0.2685893774032593,255.19554138183594,78.43634033203125,0.5407798290252686,219.1083984375,105.8870620727539,0.5432793498039246,209.2079315185547,99.36669158935547,0.7393509745597839,0.0,0.0,0.3823695778846741,273.6109313964844,178.94467163085938,0.5126336216926575,0.0,0.0,0.006951496936380863,0.0,0.0,0.01148800365626812,0.0,0.0,0.0003247935965191573,0.0,0.0,0.0005309605621732771
738,True,0.0,0.0,0.003500880440697074,0.0,0.0,0.0008268601377494633,0.0,0.0,0.00035484155523590744,0.0,0.0,0.0010889113182201982,0.0,0.0,0.00032121260301209986,0.0,0.0,0.019609849900007248,0.0,0.0,0.027044160291552544,0.0,0.0,0.47610726952552795,0.0,0.0,0.439580500125885,220.20480346679688,105.97776794433594,0.7925759553909302,214.45204162597656,98.63121032714844,0.7702344655990601,0.0,0.0,0.40472230315208435,0.0,0.0,0.4102100729942322,0.0,0.0,0.007413614075630903,0.0,0.0,0.00817087385803461,0.0,0.0,0.00025567173724994063,0.0,0.0,0.00032245618058368564
739,True,0.0,0.0,0.007796890567988157,0.0,0.0,0.0016561411321163177,0.0,0.0,0.00077687983866781,0.0,0.0,0.0013438852038234472,0.0,0.0,0.0004696054384112358,0.0,0.0,0.022772086784243584,0.0,0.0,0.044105414301157,0.0,0.0,0.42779526114463806,0.0,0.0,0.49636611342430115,223.61074829101562,106.93330383300781,0.7743433117866516,215.12969970703125,102.8106689453125,0.7967846989631653,0.0,0.0,0.3520861864089966,0.0,0.0,0.4015636146068573,0.0,0.0,0.011971370317041874,0.0,0.0,0.014864298515021801,0.0,0.0,0.000599549850448966,0.0,0.0,0.0008184302714653313
740,True,0.0,0.0,0.0032965699210762978,0.0,0.0,0.0007584163686260581,0.0,0.0,0.00034933118149638176,0.0,0.0,0.001110855140723288,0.0,0.0,0.00034332225914113224,0.0,0.0,0.020640812814235687,0.0,0.0,0.03541454300284386,0.0,0.0,0.48850977420806885,256.7475280761719,74.66776275634766,0.5204222798347473,222.32196044921875,107.64276885986328,0.8118957281112671,213.44778442382812,98.73963165283203,0.8207507133483887,0.0,0.0,0.4559323489665985,0.0,0.0,0.48428526520729065,0.0,0.0,0.007947331294417381,0.0,0.0,0.009540550410747528,0.0,0.0,0.00024594191927462816,0.0,0.0,0.0003293146437499672
741,True,0.0,0.0,0.006548968143761158,0.0,0.0,0.0012644652742892504,0.0,0.0,0.0007279414567165077,0.0,0.0,0.0013100074138492346,0.0,0.0,0.0005748464609496295,0.0,0.0,0.025967461988329887,0.0,0.0,0.06525874882936478,0.0,0.0,0.44973111152648926,257.3556213378906,78.38948059082031,0.5973579287528992,222.81478881835938,109.35267639160156,0.7706997990608215,211.57679748535156,102.63646697998047,0.8304980397224426,0.0,0.0,0.41515758633613586,0.0,0.0,0.4924886226654053,0.0,0.0,0.010782252997159958,0.0,0.0,0.014840284362435341,0.0,0.0,0.00042689527617767453,0.0,0.0,0.0006253541796468198
742,True,0.0,0.0,0.0012152600102126598,0.0,0.0,0.00018097716383635998,0.0,0.0,0.0003052671381738037,0.0,0.0,0.00040343328146263957,0.0,0.0,0.0009273664327338338,0.0,0.0,0.01136925257742405,0.0,0.0,0.045992668718099594,0.0,0.0,0.3085533678531647,240.86561584472656,81.51561737060547,0.5874562859535217,221.50531005859375,107.76210021972656,0.6134703159332275,206.9573974609375,102.17682647705078,0.7853078246116638,0.0,0.0,0.2853783071041107,0.0,0.0,0.38144198060035706,0.0,0.0,0.002454896690323949,0.0,0.0,0.0036887640599161386,0.0,0.0,0.00011096084926975891,0.0,0.0,0.0001601279800524935
743,True,0.0,0.0,0.0015627304092049599,0.0,0.0,0.00028640124946832657,0.0,0.0,0.00038287672214210033,0.0,0.0,0.0006996811716817319,0.0,0.0,0.0008582080481573939,0.0,0.0,0.010412253439426422,0.0,0.0,0.04180368408560753,0.0,0.0,0.2958375811576843,242.92837524414062,76.43729400634766,0.5711345076560974,222.3226318359375,107.65522766113281,0.5983131527900696,210.8691864013672,99.39887237548828,0.7739861607551575,0.0,0.0,0.33633923530578613,0.0,0.0,0.44135886430740356,0.0,0.0,0.0026553680654615164,0.0,0.0,0.004100298974663019,0.0,0.0,0.00011949381587328389,0.0,0.0,0.00017811481666285545
744,True,0.0,0.0,0.0018187141977250576,0.0,0.0,0.00029985496075823903,0.0,0.0,0.000258067186223343,0.0,0.0,0.0004024039371870458,0.0,0.0,0.0003659735666587949,0.0,0.0,0.009896531701087952,0.0,0.0,0.02575397863984108,0.0,0.0,0.35824868083000183,258.9175720214844,72.65062713623047,0.5225577354431152,221.39402770996094,108.1760482788086,0.7484644055366516,217.7622833251953,95.89186096191406,0.8252979516983032,0.0,0.0,0.34471365809440613,0.0,0.0,0.4133424162864685,0.0,0.0,0.005820367485284805,0.0,0.0,0.00797283835709095,0.0,0.0,0.0002190250379499048,0.0,0.0,0.00031022695475257933
745,True,0.0,0.0,0.0013286087196320295,0.0,0.0,0.0001784231571946293,0.0,0.0,0.0003821747668553144,0.0,0.0,0.00036255133454687893,0.0,0.0,0.0012316034408286214,0.0,0.0,0.009785058908164501,0.0,0.0,0.04624911770224571,0.0,0.0,0.2402527630329132,240.0248260498047,80.38990020751953,0.5466221570968628,0.0,0.0,0.47027644515037537,203.43716430664062,101.93045043945312,0.7169948220252991,0.0,0.0,0.27740412950515747,0.0,0.0,0.3918304443359375,0.0,0.0,0.0024280468933284283,0.0,0.0,0.003892082255333662,0.0,0.0,0.00012296596833039075,0.0,0.0,0.00018192562856711447
746,True,0.0,0.0,0.001299212104640901,0.0,0.0,0.00019377921125851572,0.0,0.0,0.00039345966069959104,0.0,0.0,0.00046226789709180593,0.0,0.0,0.0013816817663609982,0.0,0.0,0.012580659240484238,0.0,0.0,0.05083354189991951,0.0,0.0,0.28439441323280334,241.35369873046875,76.54928588867188,0.5508071184158325,0.0,0.0,0.4918261766433716,204.70770263671875,102.99205780029297,0.7045857310295105,0.0,0.0,0.44741562008857727,266.2265625,181.00274658203125,0.5551732778549194,0.0,0.0,0.004042120184749365,0.0,0.0,0.006062240805476904,0.0,0.0,0.00016909025725908577,0.0,0.0,0.00024166928778868169
747,True,0.0,0.0,0.0010131486924365163,0.0,0.0,0.00015673616144340485,0.0,0.0,0.0002688237582333386,0.0,0.0,0.0004414075519889593,0.0,0.0,0.0009157813037745655,0.0,0.0,0.009856290183961391,0.0,0.0,0.043911322951316833,0.0,0.0,0.27060216665267944,247.8620147705078,78.7151107788086,0.5921457409858704,218.54421997070312,104.0150375366211,0.561253011226654,213.206298828125,98.79222106933594,0.7821133732795715,0.0,0.0,0.41582638025283813,269.115234375,177.00953674316406,0.5456476211547852,0.0,0.0,0.00669444864615798,0.0,0.0,0.010735789313912392,0.0,0.0,0.0003048817452508956,0.0,0.0,0.00046187458792701364
748,True,0.0,0.0,0.0029691515956074,0.0,0.0,0.0006940077291801572,0.0,0.0,0.0005209156079217792,0.0,0.0,0.0010838453890755773,0.0,0.0,0.0006044074543751776,0.0,0.0,0.01218385063111782,0.0,0.0,0.030115457251667976,0.0,0.0,0.2874748110771179,0.0,0.0,0.42975306510925293,218.61436462402344,102.43663024902344,0.6471482515335083,214.73695373535156,99.33915710449219,0.7227928638458252,0.0,0.0,0.32149460911750793,0.0,0.0,0.3880995512008667,0.0,0.0,0.007197413127869368,0.0,0.0,0.009531893767416477,0.0,0.0,0.00035148533061146736,0.0,0.0,0.00048336965846829116
749,True,0.0,0.0,0.0025952563155442476,0.0,0.0,0.0004937607445754111,0.0,0.0,0.0005793474265374243,0.0,0.0,0.000691408000420779,0.0,0.0,0.0007343058241531253,0.0,0.0,0.0080438032746315,0.0,0.0,0.030864497646689415,0.0,0.0,0.2083183377981186,0.0,0.0,0.45477357506752014,219.2277069091797,99.8309555053711,0.5530623197555542,212.99334716796875,98.49161529541016,0.7252894639968872,0.0,0.0,0.31094732880592346,0.0,0.0,0.4199132025241852,0.0,0.0,0.006042505614459515,0.0,0.0,0.009539391845464706,0.0,0.0,0.0003097032895311713,0.0,0.0,0.0004740390577353537
750,True,0.0,0.0,0.005591854453086853,0.0,0.0,0.0015837966930121183,0.0,0.0,0.0008248880039900541,0.0,0.0,0.003015172900632024,0.0,0.0,0.0007266228785738349,0.0,0.0,0.021698765456676483,0.0,0.0,0.05836496502161026,0.0,0.0,0.3107682466506958,0.0,0.0,0.49925196170806885,214.04129028320312,99.28075408935547,0.5722344517707825,206.5655517578125,98.32418060302734,0.702605128288269,0.0,0.0,0.44255998730659485,266.9093933105469,172.20718383789062,0.5453391075134277,0.0,0.0,0.008714856579899788,0.0,0.0,0.013466753996908665,0.0,0.0,0.00039284874219447374,0.0,0.0,0.0006169865955598652
751,True,0.0,0.0,0.0033554714173078537,0.0,0.0,0.00040611159056425095,0.0,0.0,0.0011898487573489547,0.0,0.0,0.0004750220396090299,0.0,0.0,0.0026424406096339226,0.0,0.0,0.010238773189485073,0.0,0.0,0.0682980939745903,0.0,0.0,0.16451063752174377,258.7388610839844,73.17951965332031,0.5723882913589478,0.0,0.0,0.3895929157733917,206.351806640625,96.69950103759766,0.7311293482780457,0.0,0.0,0.29729700088500977,0.0,0.0,0.4741819202899933,0.0,0.0,0.0074501316994428635,0.0,0.0,0.014631012454628944,0.0,0.0,0.0005068574100732803,0.0,0.0,0.0008573723607696593
752,True,0.0,0.0,0.004180960822850466,0.0,0.0,0.0007909306441433728,0.0,0.0,0.0008441909449175,0.0,0.0,0.0011693409178406,0.0,0.0,0.001264480291865766,0.0,0.0,0.018347956240177155,0.0,0.0,0.0576479397714138,0.0,0.0,0.27118048071861267,258.4249572753906,76.91341400146484,0.5010545253753662,213.9588623046875,95.4744644165039,0.5019816756248474,208.24742126464844,95.47488403320312,0.6818119883537292,0.0,0.0,0.41979101300239563,273.5628967285156,169.83413696289062,0.5311168432235718,0.0,0.0,0.01223115436732769,0.0,0.0,0.01806684024631977,0.0,0.0,0.0006929886294528842,0.0,0.0,0.0010070470161736012
753,True,0.0,0.0,0.007638869341462851,0.0,0.0,0.0013439980102702975,0.0,0.0,0.0012605716474354267,0.0,0.0,0.001847924548201263,0.0,0.0,0.0014009331353008747,0.0,0.0,0.02637389674782753,0.0,0.0,0.11800676584243774,0.0,0.0,0.30868110060691833,259.3005676269531,82.80424499511719,0.6696845293045044,213.75552368164062,95.94242858886719,0.5496549606323242,205.0218505859375,96.09174346923828,0.7872734665870667,0.0,0.0,0.39414846897125244,274.81536865234375,177.471923828125,0.5593024492263794,0.0,0.0,0.007293477188795805,0.0,0.0,0.013774024322628975,0.0,0.0,0.00029742176411673427,0.0,0.0,0.000529974524397403
754,True,0.0,0.0,0.006430835463106632,0.0,0.0,0.0009460903820581734,0.0,0.0,0.001615091459825635,0.0,0.0,0.0010629505850374699,0.0,0.0,0.0019828462973237038,0.0,0.0,0.013828170485794544,0.0,0.0,0.10205651819705963,0.0,0.0,0.21718215942382812,254.68812561035156,79.55689239501953,0.6778719425201416,213.21234130859375,96.47374725341797,0.5197451710700989,201.19924926757812,93.90291595458984,0.8203930854797363,0.0,0.0,0.2536931037902832,0.0,0.0,0.4391842484474182,0.0,0.0,0.0050673275254666805,0.0,0.0,0.010542109608650208,0.0,0.0,0.00030005312873981893,0.0,0.0,0.0005471534677781165
755,True,0.0,0.0,0.0058049424551427364,0.0,0.0,0.0018012620275840163,0.0,0.0,0.0006988455425016582,0.0,0.0,0.004144818056374788,0.0,0.0,0.0007667500758543611,0.0,0.0,0.05171360448002815,0.0,0.0,0.06493381410837173,299.57537841796875,81.00239562988281,0.5641191005706787,254.0839080810547,80.33154296875,0.5022795796394348,209.4113311767578,94.11466979980469,0.7105007171630859,202.5559844970703,96.51570129394531,0.6800098419189453,303.20892333984375,175.69827270507812,0.5885301828384399,266.6759948730469,173.38717651367188,0.5901778340339661,0.0,0.0,0.008074252866208553,0.0,0.0,0.008632630109786987,0.0,0.0,0.00025555965839885175,0.0,0.0,0.00031253238557837903
756,True,0.0,0.0,0.004904120694845915,0.0,0.0,0.0009064231999218464,0.0,0.0,0.0008147108601406217,0.0,0.0,0.0017554906662553549,0.0,0.0,0.0012895948020741343,0.0,0.0,0.028677163645625114,0.0,0.0,0.1113312691450119,0.0,0.0,0.35386157035827637,256.37261962890625,80.1762466430664,0.6783915162086487,209.99343872070312,96.60867309570312,0.5592776536941528,202.5633087158203,94.51189422607422,0.7809040546417236,0.0,0.0,0.4887223243713379,272.9201965332031,174.58779907226562,0.6354806423187256,0.0,0.0,0.00872754491865635,0.0,0.0,0.015732266008853912,0.0,0.0,0.0003028723003808409,0.0,0.0,0.0005260075558908284
757,True,0.0,0.0,0.0028747182805091143,0.0,0.0,0.000498799723573029,0.0,0.0,0.0005514562362805009,0.0,0.0,0.0011865122942253947,0.0,0.0,0.0013486807001754642,0.0,0.0,0.025073451921343803,0.0,0.0,0.09844145178794861,0.0,0.0,0.3521248698234558,244.74073791503906,79.41880798339844,0.6590083241462708,212.07937622070312,95.84909057617188,0.5321056246757507,198.9462432861328,93.93267059326172,0.7600012421607971,0.0,0.0,0.47619137167930603,270.5306396484375,173.33013916015625,0.6063094735145569,0.0,0.0,0.005581285338848829,0.0,0.0,0.009434849955141544,0.0,0.0,0.00020384675008244812,0.0,0.0,0.00032562759588472545
758,True,0.0,0.0,0.0030865122098475695,0.0,0.0,0.0006189637933857739,0.0,0.0,0.00049354147631675,0.0,0.0,0.0014691175892949104,0.0,0.0,0.0009225734393112361,0.0,0.0,0.022639747709035873,0.0,0.0,0.08366034924983978,0.0,0.0,0.36138391494750977,252.64273071289062,79.9970474243164,0.6677905917167664,210.0509796142578,95.23826599121094,0.5707780718803406,202.1165771484375,96.20668029785156,0.7843751311302185,306.34564208984375,176.00332641601562,0.5290966033935547,272.30438232421875,173.61570739746094,0.6621401906013489,0.0,0.0,0.007204987108707428,0.0,0.0,0.012655770406126976,0.0,0.0,0.00023540186521131545,0.0,0.0,0.0004011388518847525
759,True,0.0,0.0,0.0021482580341398716,0.0,0.0,0.00034854677505791187,0.0,0.0,0.00042477381066419184,0.0,0.0,0.0008315947488881648,0.0,0.0,0.0010679780971258879,0.0,0.0,0.01572335511445999,0.0,0.0,0.08377289772033691,0.0,0.0,0.2994307577610016,250.21624755859375,78.20886993408203,0.7101172208786011,210.3225860595703,95.2882080078125,0.5200898051261902,200.9895782470703,94.5238265991211,0.8107762336730957,305.86932373046875,176.44313049316406,0.5082044005393982,272.00152587890625,174.35369873046875,0.6771025657653809,0.0,0.0,0.006367065943777561,0.0,0.0,0.01281687617301941,0.0,0.0,0.0002145180042134598,0.0,0.0,0.00039436653605662286
760,True,0.0,0.0,0.0037760287523269653,0.0,0.0,0.00044135827920399606,0.0,0.0,0.0006554083083756268,0.0,0.0,0.0005199239822104573,0.0,0.0,0.0013590848539024591,0.0,0.0,0.025167712941765785,0.0,0.0,0.0996234267950058,0.0,0.0,0.44247663021087646,253.19859313964844,82.58212280273438,0.7374202609062195,208.69358825683594,91.43540954589844,0.72514408826828,205.48683166503906,96.33773803710938,0.8728921413421631,0.0,0.0,0.4328925907611847,270.15179443359375,181.516845703125,0.5587877631187439,0.0,0.0,0.0060575250536203384,0.0,0.0,0.009947692975401878,0.0,0.0,0.00017922386177815497,0.0,0.0,0.00028206041315570474
761,True,0.0,0.0,0.0021257500629872084,0.0,0.0,0.00021069451759103686,0.0,0.0,0.00036054261727258563,0.0,0.0,0.00028626612038351595,0.0,0.0,0.0009355457732453942,0.0,0.0,0.012322554364800453,0.0,0.0,0.09052835404872894,0.0,0.0,0.3001232147216797,252.833740234375,79.61297607421875,0.8011526465415955,213.0640869140625,92.12003326416016,0.6434416770935059,206.18411254882812,96.1768569946289,0.9061192274093628,0.0,0.0,0.31315866112709045,270.41705322265625,185.89950561523438,0.5195620059967041,0.0,0.0,0.0036800524685531855,0.0,0.0,0.008647904731333256,0.0,0.0,0.00012878133566118777,0.0,0.0,0.0002618705329950899
762,True,0.0,0.0,0.0022862637415528297,0.0,0.0,0.0003237931232433766,0.0,0.0,0.00045056204544380307,0.0,0.0,0.0008075859514065087,0.0,0.0,0.0013697284739464521,0.0,0.0,0.015320971608161926,0.0,0.0,0.10975301265716553,0.0,0.0,0.21214644610881805,247.28184509277344,83.71026611328125,0.7002032995223999,0.0,0.0,0.35748058557510376,200.47186279296875,97.95148468017578,0.753825843334198,0.0,0.0,0.3431617319583893,268.8533935546875,183.37796020507812,0.5575095415115356,0.0,0.0,0.0036650055553764105,0.0,0.0,0.008797535672783852,0.0,0.0,0.00019967029220424592,0.0,0.0,0.00040933210402727127
763,True,0.0,0.0,0.002504308708012104,0.0,0.0,0.00029466141131706536,0.0,0.0,0.0006453995010815561,0.0,0.0,0.0005888845771551132,0.0,0.0,0.002079128520563245,0.0,0.0,0.010060685686767101,0.0,0.0,0.1362832933664322,0.0,0.0,0.12285332381725311,244.0975341796875,88.72602081298828,0.741625964641571,0.0,0.0,0.2403557002544403,198.36236572265625,97.637939453125,0.7692649364471436,0.0,0.0,0.26219096779823303,270.76727294921875,183.73880004882812,0.5413908958435059,0.0,0.0,0.003266129642724991,0.0,0.0,0.010345621965825558,0.0,0.0,0.00022100511705502868,0.0,0.0,0.0005418452783487737
764,True,0.0,0.0,0.0031570226419717073,0.0,0.0,0.0003278711228631437,0.0,0.0,0.00046870566438883543,0.0,0.0,0.000360421632649377,0.0,0.0,0.000908927817363292,0.0,0.0,0.01310462225228548,0.0,0.0,0.09448415040969849,0.0,0.0,0.34202829003334045,253.18788146972656,83.7854232788086,0.7882350087165833,199.165283203125,82.10673522949219,0.6993079781532288,205.35780334472656,97.65953063964844,0.911702036857605,0.0,0.0,0.26235339045524597,0.0,0.0,0.4448293447494507,0.0,0.0,0.0027086082845926285,0.0,0.0,0.0058755879290401936,0.0,0.0,0.00010001725604524836,0.0,0.0,0.0001924890384543687
765,True,0.0,0.0,0.0026123058050870895,0.0,0.0,0.00031149867572821677,0.0,0.0,0.0006752132321707904,0.0,0.0,0.0006101324688643217,0.0,0.0,0.0021776054054498672,0.0,0.0,0.008311234414577484,0.0,0.0,0.137116476893425,0.0,0.0,0.10737718641757965,248.70603942871094,86.89750671386719,0.7445671558380127,0.0,0.0,0.22808688879013062,202.06887817382812,97.38665771484375,0.7767924666404724,0.0,0.0,0.25496894121170044,273.6889953613281,184.04798889160156,0.5518308877944946,0.0,0.0,0.0032130845356732607,0.0,0.0,0.010922332294285297,0.0,0.0,0.00022093389998190105,0.0,0.0,0.0005670013488270342
766,True,0.0,0.0,0.0021842101123183966,0.0,0.0,0.00023790053091943264,0.0,0.0,0.0006290501332841814,0.0,0.0,0.0004698064876720309,0.0,0.0,0.0025565847754478455,0.0,0.0,0.006726075429469347,0.0,0.0,0.11728975176811218,0.0,0.0,0.08165381848812103,252.77627563476562,84.96501159667969,0.7162716388702393,0.0,0.0,0.18619464337825775,197.2105712890625,92.80427551269531,0.752747654914856,0.0,0.0,0.1501307636499405,0.0,0.0,0.4086122214794159,0.0,0.0,0.0029200478456914425,0.0,0.0,0.010159975849092007,0.0,0.0,0.0002701500488910824,0.0,0.0,0.0006996304728090763
767,True,0.0,0.0,0.004619261249899864,0.0,0.0,0.00045576467528007925,0.0,0.0,0.0008025840506888926,0.0,0.0,0.0004117750795558095,0.0,0.0,0.0014193038223311305,0.0,0.0,0.012026100419461727,0.0,0.0,0.09264460951089859,0.0,0.0,0.2974860668182373,261.3294372558594,74.93283081054688,0.7613973021507263,199.54629516601562,84.71026611328125,0.6729835271835327,201.5414276123047,91.29656219482422,0.9021880030632019,0.0,0.0,0.2300492823123932,0.0,0.0,0.40768635272979736,0.0,0.0,0.0031980217900127172,0.0,0.0,0.00679972767829895,0.0,0.0,0.00014316946908365935,0.0,0.0,0.0002704263024497777
768,True,0.0,0.0,0.00515268137678504,0.0,0.0,0.00042980379657819867,0.0,0.0,0.0010394882410764694,0.0,0.0,0.00030731852166354656,0.0,0.0,0.0017988800536841154,0.0,0.0,0.011250675655901432,0.0,0.0,0.11823279410600662,0.0,0.0,0.26853328943252563,254.453369140625,78.64814758300781,0.8054185509681702,197.91879272460938,83.71150207519531,0.6436513662338257,201.834228515625,92.0708999633789,0.9190042018890381,0.0,0.0,0.2351093590259552,0.0,0.0,0.44799739122390747,0.0,0.0,0.002665401203557849,0.0,0.0,0.006484514568001032,0.0,0.0,0.00011290929251117632,0.0,0.0,0.00023162832076195627
769,True,0.0,0.0,0.002632507588714361,0.0,0.0,0.00024792333715595305,0.0,0.0,0.0007150198216550052,0.0,0.0,0.00026919154333882034,0.0,0.0,0.0015730358427390456,0.0,0.0,0.0030448995530605316,0.0,0.0,0.09053393453359604,0.0,0.0,0.06581982225179672,260.2641296386719,79.12418365478516,0.7675974369049072,0.0,0.0,0.25938472151756287,198.0057373046875,94.46792602539062,0.8612167835235596,0.0,0.0,0.12330272793769836,0.0,0.0,0.3957912027835846,0.0,0.0,0.0016391533426940441,0.0,0.0,0.006963574327528477,0.0,0.0,0.00012124774366384372,0.0,0.0,0.00036941596772521734
770,True,0.0,0.0,0.0039870827458798885,0.0,0.0,0.0004559106891974807,0.0,0.0,0.0008860421366989613,0.0,0.0,0.00048661939217709005,0.0,0.0,0.0014716106234118342,0.0,0.0,0.004874073434621096,0.0,0.0,0.08884966373443604,0.0,0.0,0.09889087826013565,261.00823974609375,73.97864532470703,0.7267516255378723,0.0,0.0,0.3455614447593689,198.23684692382812,88.76690673828125,0.8468500971794128,0.0,0.0,0.15019267797470093,0.0,0.0,0.3948914408683777,0.0,0.0,0.002281758701428771,0.0,0.0,0.00754239596426487,0.0,0.0,0.00015582924243062735,0.0,0.0,0.00040482307667844
771,True,0.0,0.0,0.004043612163513899,0.0,0.0,0.00034050235990434885,0.0,0.0,0.0008067268063314259,0.0,0.0,0.0003081570321228355,0.0,0.0,0.001783493789844215,0.0,0.0,0.011185470037162304,0.0,0.0,0.10770930349826813,0.0,0.0,0.2473127245903015,257.85601806640625,76.88290405273438,0.775077760219574,200.8957061767578,84.57162475585938,0.5975844860076904,203.12171936035156,90.12373352050781,0.8992879986763,0.0,0.0,0.2215091437101364,0.0,0.0,0.4225136637687683,0.0,0.0,0.002846326446160674,0.0,0.0,0.006755738519132137,0.0,0.0,0.00012672808952629566,0.0,0.0,0.00025655326317064464
772,True,0.0,0.0,0.003116896841675043,0.0,0.0,0.0003032837703358382,0.0,0.0,0.0008107866160571575,0.0,0.0,0.00034362776204943657,0.0,0.0,0.0017624106258153915,0.0,0.0,0.004122585989534855,0.0,0.0,0.10902244597673416,0.0,0.0,0.07629938423633575,253.75570678710938,79.76492309570312,0.7800845503807068,0.0,0.0,0.27199995517730713,196.3778533935547,89.85498809814453,0.8642747402191162,0.0,0.0,0.14070196449756622,0.0,0.0,0.42357054352760315,0.0,0.0,0.001792886178009212,0.0,0.0,0.007294613867998123,0.0,0.0,0.00011875954078277573,0.0,0.0,0.0003540189645718783
773,True,0.0,0.0,0.005653284024447203,0.0,0.0,0.0004947090637870133,0.0,0.0,0.001112549682147801,0.0,0.0,0.00031599734211340547,0.0,0.0,0.0015481580048799515,0.0,0.0,0.008905569091439247,0.0,0.0,0.0820087194442749,0.0,0.0,0.2212611883878708,260.06573486328125,73.57439422607422,0.7278407216072083,202.73175048828125,84.53633117675781,0.6234769225120544,204.31130981445312,88.03901672363281,0.8991280794143677,0.0,0.0,0.15563657879829407,0.0,0.0,0.3157220184803009,0.0,0.0,0.0025276322849094868,0.0,0.0,0.005786689464002848,0.0,0.0,0.0001450754061806947,0.0,0.0,0.0002876120852306485
774,True,0.0,0.0,0.005440848413854837,0.0,0.0,0.0005222534528002143,0.0,0.0,0.0011355208698660135,0.0,0.0,0.00037364757736213505,0.0,0.0,0.001758192665874958,0.0,0.0,0.007993694394826889,0.0,0.0,0.08885543793439865,0.0,0.0,0.15674065053462982,261.5008544921875,71.26063537597656,0.7048888206481934,0.0,0.0,0.4968448877334595,205.23362731933594,88.83396911621094,0.8702619671821594,0.0,0.0,0.1386275440454483,0.0,0.0,0.3145747482776642,0.0,0.0,0.0019240992842242122,0.0,0.0,0.005148535128682852,0.0,0.0,0.00011694208660628647,0.0,0.0,0.000259897846262902
775,True,0.0,0.0,0.003593339351937175,0.0,0.0,0.000380357465473935,0.0,0.0,0.0010906781535595655,0.0,0.0,0.0005478762905113399,0.0,0.0,0.0030851864721626043,0.0,0.0,0.006069364957511425,0.0,0.0,0.14945641160011292,0.0,0.0,0.058878783136606216,250.6927032470703,82.9105453491211,0.7334509491920471,0.0,0.0,0.1489643007516861,199.04080200195312,90.0491714477539,0.7654396295547485,0.0,0.0,0.12775595486164093,0.0,0.0,0.40339383482933044,0.0,0.0,0.0020386783871799707,0.0,0.0,0.008621915243566036,0.0,0.0,0.00020000620861537755,0.0,0.0,0.0005934818182140589
776,True,0.0,0.0,0.003936056047677994,0.0,0.0,0.0004897399339824915,0.0,0.0,0.0008314251899719238,0.0,0.0,0.0010063319932669401,0.0,0.0,0.002233572769910097,0.0,0.0,0.015820886939764023,0.0,0.0,0.16269275546073914,0.0,0.0,0.21190552413463593,253.68594360351562,80.685546875,0.7852540016174316,0.0,0.0,0.38341444730758667,197.04299926757812,95.9212875366211,0.8242404460906982,0.0,0.0,0.3229938745498657,274.45916748046875,181.18426513671875,0.5843872427940369,0.0,0.0,0.003495774231851101,0.0,0.0,0.009542614221572876,0.0,0.0,0.00017387607658747584,0.0,0.0,0.0003957977460231632
777,True,0.0,0.0,0.006215717177838087,0.0,0.0,0.0007471252465620637,0.0,0.0,0.001862275879830122,0.0,0.0,0.00102026027161628,0.0,0.0,0.004457869101315737,0.0,0.0,0.011990493163466454,0.0,0.0,0.1862139254808426,0.0,0.0,0.10235709697008133,249.31239318847656,80.8175277709961,0.7251067161560059,0.0,0.0,0.20090679824352264,201.90396118164062,91.5950927734375,0.7472403049468994,0.0,0.0,0.24347789585590363,274.529541015625,184.68582153320312,0.5344250798225403,0.0,0.0,0.0033775593619793653,0.0,0.0,0.011213530786335468,0.0,0.0,0.00027785447309724987,0.0,0.0,0.0007008276879787445
778,True,0.0,0.0,0.004375305958092213,0.0,0.0,0.0005113027291372418,0.0,0.0,0.0012467834167182446,0.0,0.0,0.0007964320247992873,0.0,0.0,0.0032562671694904566,0.0,0.0,0.009330128319561481,0.0,0.0,0.15744207799434662,0.0,0.0,0.10048459470272064,253.59664916992188,79.87512969970703,0.735962986946106,0.0,0.0,0.21530473232269287,198.82891845703125,91.47339630126953,0.7657620310783386,0.0,0.0,0.23447799682617188,274.19927978515625,182.7882080078125,0.5297134518623352,0.0,0.0,0.003252029186114669,0.0,0.0,0.011144996620714664,0.0,0.0,0.00024593391572125256,0.0,0.0,0.00063401396619156
779,True,0.0,0.0,0.0048866067081689835,0.0,0.0,0.0005092443316243589,0.0,0.0,0.0014278473099693656,0.0,0.0,0.000814380997326225,0.0,0.0,0.0046598645858466625,0.0,0.0,0.014020767994225025,0.0,0.0,0.23514284193515778,0.0,0.0,0.1402546912431717,246.3283233642578,79.080078125,0.8190625905990601,0.0,0.0,0.24825938045978546,195.35861206054688,92.18180084228516,0.8200679421424866,0.0,0.0,0.3251073956489563,274.6142883300781,183.36099243164062,0.6481398344039917,0.0,0.0,0.0033961280714720488,0.0,0.0,0.011662586592137814,0.0,0.0,0.00019555981270968914,0.0,0.0,0.0005115488893352449
780,True,0.0,0.0,0.004828259814530611,0.0,0.0,0.0004809221427422017,0.0,0.0,0.0014330537524074316,0.0,0.0,0.0007834421121515334,0.0,0.0,0.004858364816755056,0.0,0.0,0.014694559387862682,0.0,0.0,0.25920313596725464,0.0,0.0,0.14855271577835083,246.20387268066406,78.62541198730469,0.8370415568351746,0.0,0.0,0.2601558268070221,194.8531494140625,91.83084106445312,0.833168089389801,0.0,0.0,0.33052459359169006,274.7966613769531,183.03268432617188,0.6577451229095459,0.0,0.0,0.0030851818155497313,0.0,0.0,0.010763760656118393,0.0,0.0,0.00016509015404153615,0.0,0.0,0.00043457766878418624
781,True,0.0,0.0,0.004920110106468201,0.0,0.0,0.0005132344085723162,0.0,0.0,0.0012656281469389796,0.0,0.0,0.0009438584093004465,0.0,0.0,0.004009666852653027,0.0,0.0,0.017128275707364082,0.0,0.0,0.26447317004203796,0.0,0.0,0.17491233348846436,248.62246704101562,80.51042938232422,0.8422434329986572,0.0,0.0,0.2956780791282654,194.64950561523438,94.35511016845703,0.8383111357688904,0.0,0.0,0.32631197571754456,275.1126708984375,183.23623657226562,0.6426659226417542,0.0,0.0,0.002857954939827323,0.0,0.0,0.009571027010679245,0.0,0.0,0.00014335388550534844,0.0,0.0,0.0003714516351465136
782,True,0.0,0.0,0.008024463430047035,0.0,0.0,0.0008847757708281279,0.0,0.0,0.0013156614731997252,0.0,0.0,0.0006617520120926201,0.0,0.0,0.001707701594568789,0.0,0.0,0.015800489112734795,0.0,0.0,0.1026383563876152,0.0,0.0,0.2811647057533264,256.3188171386719,78.29417419433594,0.6838014125823975,197.84353637695312,83.59767150878906,0.6301847696304321,199.8259735107422,92.21235656738281,0.8637019991874695,0.0,0.0,0.18140672147274017,0.0,0.0,0.3190123736858368,0.0,0.0,0.002322025364264846,0.0,0.0,0.004514432046562433,0.0,0.0,0.00012749629968311638,0.0,0.0,0.00022861694742459804
783,True,0.0,0.0,0.005568493623286486,0.0,0.0,0.00047409016406163573,0.0,0.0,0.0013196008512750268,0.0,0.0,0.00038937124190852046,0.0,0.0,0.0030442916322499514,0.0,0.0,0.007946093566715717,0.0,0.0,0.13437223434448242,0.0,0.0,0.10243749618530273,257.0309143066406,69.54092407226562,0.7214586734771729,0.0,0.0,0.33862465620040894,200.6730194091797,86.5352554321289,0.8494168519973755,0.0,0.0,0.10746242105960846,0.0,0.0,0.30346086621284485,0.0,0.0,0.001727950293570757,0.0,0.0,0.005601790733635426,0.0,0.0,0.00013966430560685694,0.0,0.0,0.00034952571149915457
784,True,0.0,0.0,0.004822667688131332,0.0,0.0,0.0005419331137090921,0.0,0.0,0.0012113653356209397,0.0,0.0,0.0009073659311980009,0.0,0.0,0.003388438606634736,0.0,0.0,0.012466654181480408,0.0,0.0,0.197982057929039,0.0,0.0,0.14020571112632751,250.62319946289062,77.16786193847656,0.7995719313621521,0.0,0.0,0.28052428364753723,192.07278442382812,89.31996154785156,0.8236404061317444,0.0,0.0,0.252184122800827,276.907958984375,180.59735107421875,0.5564978122711182,0.0,0.0,0.0028931028209626675,0.0,0.0,0.009624488651752472,0.0,0.0,0.00017481199756730348,0.0,0.0,0.00045100098941475153
785,True,0.0,0.0,0.007956765592098236,0.0,0.0,0.0006748838350176811,0.0,0.0,0.0017059295205399394,0.0,0.0,0.0005685772630386055,0.0,0.0,0.003650517435744405,0.0,0.0,0.01951971836388111,0.0,0.0,0.17892470955848694,0.0,0.0,0.27493584156036377,258.46221923828125,75.9112319946289,0.7970849275588989,197.04673767089844,84.6053466796875,0.5869113802909851,198.06292724609375,88.45745086669922,0.8948282599449158,0.0,0.0,0.23249280452728271,0.0,0.0,0.43785351514816284,0.0,0.0,0.003089261706918478,0.0,0.0,0.007344314828515053,0.0,0.0,0.00014638243010267615,0.0,0.0,0.00029488091240637004
786,True,0.0,0.0,0.00539476377889514,0.0,0.0,0.0004665166779886931,0.0,0.0,0.001371164107695222,0.0,0.0,0.0003505127679090947,0.0,0.0,0.002943703904747963,0.0,0.0,0.00805524829775095,0.0,0.0,0.11338923126459122,0.0,0.0,0.11999349296092987,259.0159606933594,74.79642486572266,0.7069807648658752,0.0,0.0,0.3769090175628662,199.7484130859375,89.73011779785156,0.8466266393661499,0.0,0.0,0.12979000806808472,0.0,0.0,0.3242611885070801,0.0,0.0,0.0019146694103255868,0.0,0.0,0.005675860680639744,0.0,0.0,0.00013536826008930802,0.0,0.0,0.0003167559625580907
787,True,0.0,0.0,0.006270457990467548,0.0,0.0,0.0005213646800257266,0.0,0.0,0.0013583912514150143,0.0,0.0,0.0004001133784186095,0.0,0.0,0.002710960106924176,0.0,0.0,0.012969860807061195,0.0,0.0,0.1396123617887497,0.0,0.0,0.23890984058380127,259.0457763671875,76.74114990234375,0.7944185733795166,196.7324676513672,84.94609069824219,0.5816799998283386,200.25425720214844,91.12899017333984,0.9049105048179626,0.0,0.0,0.20841675996780396,0.0,0.0,0.41993752121925354,0.0,0.0,0.002842529909685254,0.0,0.0,0.007256722543388605,0.0,0.0,0.00014173709496390074,0.0,0.0,0.0003006845654454082
788,True,0.0,0.0,0.0038993239868432283,0.0,0.0,0.0003444004396442324,0.0,0.0,0.0009886242914944887,0.0,0.0,0.00025510150589980185,0.0,0.0,0.0020106511656194925,0.0,0.0,0.0051442701369524,0.0,0.0,0.1018429771065712,0.0,0.0,0.10669000446796417,250.17079162597656,72.52181243896484,0.7643918991088867,0.0,0.0,0.3864942789077759,200.93582153320312,89.51860046386719,0.8882870674133301,0.0,0.0,0.13379424810409546,0.0,0.0,0.366728812456131,0.0,0.0,0.0017594116507098079,0.0,0.0,0.006059649866074324,0.0,0.0,0.00012608936231117696,0.0,0.0,0.00032786736846901476
789,True,0.0,0.0,0.006291610188782215,0.0,0.0,0.0006959456950426102,0.0,0.0,0.0018906740006059408,0.0,0.0,0.0008558916742913425,0.0,0.0,0.004567381925880909,0.0,0.0,0.009946396574378014,0.0,0.0,0.22948481142520905,0.0,0.0,0.10040838271379471,247.81466674804688,75.3527603149414,0.8226771950721741,0.0,0.0,0.21722376346588135,194.65557861328125,89.40937805175781,0.8344102501869202,0.0,0.0,0.24295595288276672,275.6060791015625,182.29910278320312,0.5934869647026062,0.0,0.0,0.0026650805957615376,0.0,0.0,0.01078182552009821,0.0,0.0,0.00018604969955049455,0.0,0.0,0.00054538733093068
790,True,0.0,0.0,0.006088223308324814,0.0,0.0,0.0007899010088294744,0.0,0.0,0.0015042659360915422,0.0,0.0,0.001182373845949769,0.0,0.0,0.003635729430243373,0.0,0.0,0.014668257907032967,0.0,0.0,0.19276948273181915,0.0,0.0,0.15250690281391144,247.8602294921875,71.51100158691406,0.7729696035385132,0.0,0.0,0.2787988781929016,192.2974395751953,85.16224670410156,0.7970146536827087,0.0,0.0,0.28567689657211304,274.1087646484375,179.57839965820312,0.5770731568336487,0.0,0.0,0.003292293753474951,0.0,0.0,0.010165886022150517,0.0,0.0,0.0002039525134023279,0.0,0.0,0.0005000159726478159
791,True,0.0,0.0,0.0039044134318828583,0.0,0.0,0.0004905337118543684,0.0,0.0,0.00101510901004076,0.0,0.0,0.0009856916731223464,0.0,0.0,0.0037571911234408617,0.0,0.0,0.012504734098911285,0.0,0.0,0.19272638857364655,0.0,0.0,0.11881723254919052,240.09083557128906,71.68653869628906,0.7628791332244873,0.0,0.0,0.20335984230041504,192.40103149414062,82.96974182128906,0.7649737000465393,0.0,0.0,0.25944241881370544,275.2813415527344,180.11032104492188,0.5657582879066467,0.0,0.0,0.002935194643214345,0.0,0.0,0.00977172888815403,0.0,0.0,0.00019794869876932353,0.0,0.0,0.0005086326273158193
792,True,0.0,0.0,0.0030536751728504896,0.0,0.0,0.00023996767413336784,0.0,0.0,0.0009023576858453453,0.0,0.0,0.00022980888024903834,0.0,0.0,0.003042396157979965,0.0,0.0,0.004995306488126516,0.0,0.0,0.12247546017169952,0.0,0.0,0.07875411957502365,247.73782348632812,69.53048706054688,0.7750039100646973,0.0,0.0,0.284553200006485,201.83164978027344,85.86735534667969,0.8761903643608093,0.0,0.0,0.12863361835479736,0.0,0.0,0.38546597957611084,0.0,0.0,0.0019565438851714134,0.0,0.0,0.007602001074701548,0.0,0.0,0.0001558891381137073,0.0,0.0,0.0004349774098955095
793,True,0.0,0.0,0.0056244563311338425,0.0,0.0,0.0007115137414075434,0.0,0.0,0.0015990296378731728,0.0,0.0,0.000866811431478709,0.0,0.0,0.003210550406947732,0.0,0.0,0.007699631620198488,0.0,0.0,0.15825548768043518,0.0,0.0,0.09175340831279755,249.93170166015625,69.2271728515625,0.7712090611457825,0.0,0.0,0.22723230719566345,198.99005126953125,88.41032409667969,0.8139315247535706,0.0,0.0,0.23777815699577332,276.15283203125,179.9820556640625,0.5636453032493591,0.0,0.0,0.003075770102441311,0.0,0.0,0.011494703590869904,0.0,0.0,0.00022791985247749835,0.0,0.0,0.0006366260931827128
794,True,0.0,0.0,0.010516579262912273,0.0,0.0,0.001120108412578702,0.0,0.0,0.002095157979056239,0.0,0.0,0.0006478441646322608,0.0,0.0,0.0023835115134716034,0.0,0.0,0.01198332104831934,0.0,0.0,0.10220596194267273,0.0,0.0,0.2013564258813858,270.1826477050781,68.2362060546875,0.6921034455299377,204.03623962402344,81.22958374023438,0.5605729222297668,207.50616455078125,87.51332092285156,0.8682224154472351,0.0,0.0,0.18671539425849915,0.0,0.0,0.3646712899208069,0.0,0.0,0.003344898112118244,0.0,0.0,0.007963253185153008,0.0,0.0,0.0002076972450595349,0.0,0.0,0.0004295221879146993
795,True,0.0,0.0,0.004756319336593151,0.0,0.0,0.0004588230513036251,0.0,0.0,0.0012504917103797197,0.0,0.0,0.0003181696811225265,0.0,0.0,0.00228057149797678,0.0,0.0,0.005401942413300276,0.0,0.0,0.0723617896437645,0.0,0.0,0.10359566658735275,266.6544494628906,61.898441314697266,0.6351698637008667,0.0,0.0,0.3895416557788849,206.6534423828125,86.99199676513672,0.8316949009895325,0.0,0.0,0.1291865110397339,0.0,0.0,0.31096819043159485,0.0,0.0,0.0022638922091573477,0.0,0.0,0.006410141009837389,0.0,0.0,0.00017929069872479886,0.0,0.0,0.00040667757275514305
796,True,0.0,0.0,0.0044823926873505116,0.0,0.0,0.0005763634108006954,0.0,0.0,0.0012465210165828466,0.0,0.0,0.0010073306038975716,0.0,0.0,0.003494279459118843,0.0,0.0,0.006927495822310448,0.0,0.0,0.16966377198696136,0.0,0.0,0.05055329203605652,262.703369140625,76.39163208007812,0.6766722202301025,0.0,0.0,0.11119541525840759,199.72506713867188,91.35762023925781,0.6762122511863708,0.0,0.0,0.1275952011346817,0.0,0.0,0.4040696918964386,0.0,0.0,0.0017641800222918391,0.0,0.0,0.007749506272375584,0.0,0.0,0.0001765373017406091,0.0,0.0,0.0005437041400000453
797,True,0.0,0.0,0.0008885005372576416,0.0,0.0,0.00014010594168212265,0.0,0.0,0.0010744336759671569,0.0,0.0,0.00032016911427490413,0.0,0.0,0.00808174442499876,0.0,0.0,0.0012129712849855423,0.0,0.0,0.08466465026140213,0.0,0.0,0.0033359904773533344,243.0369110107422,70.869384765625,0.5414789915084839,0.0,0.0,0.011278349906206131,294.9506530761719,38.129676818847656,0.5055201649665833,0.0,0.0,0.013370594009757042,0.0,0.0,0.10020910203456879,0.0,0.0,0.0015960437012836337,0.0,0.0,0.011439386755228043,0.0,0.0,0.0012741873506456614,0.0,0.0,0.005034314934164286
798,True,0.0,0.0,0.00581212667748332,0.0,0.0,0.0005455469945445657,0.0,0.0,0.0015810815384611487,0.0,0.0,0.0008635082631371915,0.0,0.0,0.005229545757174492,0.0,0.0,0.03238680213689804,0.0,0.0,0.3002011477947235,0.0,0.0,0.25104275345802307,247.64376831054688,89.79463195800781,0.8153122067451477,0.0,0.0,0.37727633118629456,197.550048828125,95.13571166992188,0.817628800868988,0.0,0.0,0.34951531887054443,277.0887756347656,181.4130401611328,0.601255476474762,0.0,0.0,0.004797222092747688,0.0,0.0,0.01199222169816494,0.0,0.0,0.00021716620540246367,0.0,0.0,0.00044317517313174903
799,True,0.0,0.0,0.006688765715807676,0.0,0.0,0.0005955761880613863,0.0,0.0,0.002020499901846051,0.0,0.0,0.0008561102440580726,0.0,0.0,0.006534090731292963,0.0,0.0,0.03045172430574894,0.0,0.0,0.3552042841911316,0.0,0.0,0.20800180733203888,245.0860595703125,91.08678436279297,0.842128574848175,0.0,0.0,0.32112330198287964,198.0830535888672,95.73006439208984,0.8299367427825928,0.0,0.0,0.33499234914779663,276.4091796875,182.38929748535156,0.6233948469161987,0.0,0.0,0.004351821728050709,0.0,0.0,0.01272653043270111,0.0,0.0,0.00020698239677585661,0.0,0.0,0.00047115058987401426
800,True,0.0,0.0,0.008671851828694344,0.0,0.0,0.0008427667780779302,0.0,0.0,0.003000534838065505,0.0,0.0,0.0007528601563535631,0.0,0.0,0.0050021992065012455,0.0,0.0,0.016216445714235306,0.0,0.0,0.23214247822761536,0.0,0.0,0.14367634057998657,260.7527770996094,87.0207748413086,0.7928760647773743,0.0,0.0,0.29850614070892334,210.14036560058594,97.47510528564453,0.8141500353813171,0.0,0.0,0.30389779806137085,275.7341003417969,184.59515380859375,0.5960363745689392,0.0,0.0,0.003809467190876603,0.0,0.0,0.011875459924340248,0.0,0.0,0.00019762867304962128,0.0,0.0,0.0004754152032546699
801,True,0.0,0.0,0.033507660031318665,0.0,0.0,0.006789147388190031,0.0,0.0,0.0046009402722120285,0.0,0.0,0.0026864097453653812,0.0,0.0,0.0014727076049894094,0.0,0.0,0.024131597951054573,0.0,0.0,0.10973961651325226,0.0,0.0,0.2603943347930908,269.2012939453125,73.96714782714844,0.6153947114944458,226.15936279296875,92.0430908203125,0.6729562282562256,218.42135620117188,93.1412124633789,0.8539252281188965,0.0,0.0,0.27436205744743347,0.0,0.0,0.43150392174720764,0.0,0.0,0.007161669433116913,0.0,0.0,0.014298402704298496,0.0,0.0,0.0003779454855248332,0.0,0.0,0.0007198782986961305
802,True,0.0,0.0,0.006302461959421635,0.0,0.0,0.001171826384961605,0.0,0.0,0.0013708025217056274,0.0,0.0,0.0009346374426968396,0.0,0.0,0.001398297375999391,0.0,0.0,0.00956890732049942,0.0,0.0,0.053631238639354706,0.0,0.0,0.12215808033943176,0.0,0.0,0.46228963136672974,0.0,0.0,0.4136102497577667,219.65769958496094,99.22998809814453,0.7131806015968323,0.0,0.0,0.0516994409263134,0.0,0.0,0.1062837615609169,0.0,0.0,0.0019453744171187282,0.0,0.0,0.004112609662115574,0.0,0.0,0.00031732930801808834,0.0,0.0,0.0005830994923599064
803,True,0.0,0.0,0.024716360494494438,0.0,0.0,0.0033001063857227564,0.0,0.0,0.00926603376865387,0.0,0.0,0.0012004519812762737,0.0,0.0,0.00506032258272171,0.0,0.0,0.01034317072480917,0.0,0.0,0.1278599351644516,0.0,0.0,0.0918269008398056,271.623291015625,96.57072448730469,0.613135576248169,0.0,0.0,0.3204251229763031,214.3386688232422,111.29708099365234,0.7733349800109863,0.0,0.0,0.16591283679008484,0.0,0.0,0.3788635730743408,0.0,0.0,0.005001057405024767,0.0,0.0,0.013626725412905216,0.0,0.0,0.0005178782739676535,0.0,0.0,0.0011430956656113267
804,True,0.0,0.0,0.013277946040034294,0.0,0.0,0.0019281823188066483,0.0,0.0,0.002002479275688529,0.0,0.0,0.0011986397439613938,0.0,0.0,0.0018817774252966046,0.0,0.0,0.01260131411254406,0.0,0.0,0.06211831420660019,0.0,0.0,0.12730944156646729,0.0,0.0,0.3956308662891388,206.61839294433594,117.94915771484375,0.5360440611839294,203.43536376953125,118.18896484375,0.755024790763855,0.0,0.0,0.03881754353642464,0.0,0.0,0.07764139771461487,0.0,0.0,0.002330715535208583,0.0,0.0,0.0046152640134096146,0.0,0.0,0.00032549354364164174,0.0,0.0,0.0005777502665296197
805,True,0.0,0.0,0.009697677567601204,0.0,0.0,0.0010354802943766117,0.0,0.0,0.0018647698452696204,0.0,0.0,0.0006157552707009017,0.0,0.0,0.0022359297145158052,0.0,0.0,0.009328920394182205,0.0,0.0,0.08137527853250504,0.0,0.0,0.12177833169698715,271.8969421386719,85.304931640625,0.5582028031349182,0.0,0.0,0.45296111702919006,191.03903198242188,125.04155731201172,0.8004918098449707,0.0,0.0,0.07612691074609756,0.0,0.0,0.18019835650920868,0.0,0.0,0.0021476123947650194,0.0,0.0,0.005361489951610565,0.0,0.0,0.00018475776596460491,0.0,0.0,0.0003921879397239536
806,True,0.0,0.0,0.025246908888220787,0.0,0.0,0.002380917314440012,0.0,0.0,0.004305289126932621,0.0,0.0,0.000633011688478291,0.0,0.0,0.0024823464918881655,0.0,0.0,0.01166094932705164,0.0,0.0,0.09664487093687057,0.0,0.0,0.1906481832265854,272.7426452636719,87.82494354248047,0.6434178352355957,183.22283935546875,136.92330932617188,0.6921818256378174,181.99107360839844,136.63687133789062,0.9004066586494446,0.0,0.0,0.06149142608046532,0.0,0.0,0.14298219978809357,0.0,0.0,0.002234384650364518,0.0,0.0,0.005162137094885111,0.0,0.0,0.00020429604046512395,0.0,0.0,0.00040835037361830473
807,True,0.0,0.0,0.02706574834883213,0.0,0.0,0.006122906226664782,0.0,0.0,0.0012356655206531286,0.0,0.0,0.0023980513215065002,0.0,0.0,0.00044328480726107955,0.0,0.0,0.046409428119659424,0.0,0.0,0.02760162204504013,283.176513671875,98.76065826416016,0.6519433856010437,0.0,0.0,0.35553717613220215,185.00228881835938,145.17254638671875,0.9278221726417542,239.645263671875,102.86219787597656,0.8296454548835754,0.0,0.0,0.1340617835521698,0.0,0.0,0.10178464651107788,0.0,0.0,0.005633942317217588,0.0,0.0,0.004320552572607994,0.0,0.0,0.00031139180646277964,0.0,0.0,0.0003059445589315146
808,True,0.0,0.0,0.006343455985188484,0.0,0.0,0.0014108259929344058,0.0,0.0,0.00030134664848446846,0.0,0.0,0.0010600544046610594,0.0,0.0,0.0002119384880643338,0.0,0.0,0.03129826486110687,0.0,0.0,0.01416585873812437,275.85546875,102.41532897949219,0.75297611951828,0.0,0.0,0.34824883937835693,179.1510772705078,153.571533203125,0.9463303089141846,230.62167358398438,103.98075866699219,0.8349172472953796,0.0,0.0,0.17482659220695496,0.0,0.0,0.11146791279315948,0.0,0.0,0.0056191012263298035,0.0,0.0,0.0031796228140592575,0.0,0.0,0.0002898942620959133,0.0,0.0,0.00022444782371167094
809,True,0.0,0.0,0.009512807242572308,0.0,0.0,0.0013238959945738316,0.0,0.0,0.0007765238988213241,0.0,0.0,0.000695342430844903,0.0,0.0,0.0006726034334860742,0.0,0.0,0.03146259859204292,0.0,0.0,0.04030434414744377,289.068603515625,105.24786376953125,0.6270859837532043,269.3780822753906,75.62694549560547,0.611506462097168,178.16534423828125,153.390380859375,0.9098970890045166,227.54624938964844,101.53659057617188,0.91741943359375,0.0,0.0,0.13151368498802185,0.0,0.0,0.14016899466514587,0.0,0.0,0.0038198446854948997,0.0,0.0,0.004171315580606461,0.0,0.0,0.00022956097382120788,0.0,0.0,0.0002774603199213743
810,True,0.0,0.0,0.0019287384347990155,0.0,0.0,0.00019440452160779387,0.0,0.0,0.00022802264720667154,0.0,0.0,0.00014942491543479264,0.0,0.0,0.00039868714520707726,0.0,0.0,0.007339063100516796,0.0,0.0,0.023267008364200592,0.0,0.0,0.384562224149704,263.0047912597656,70.30075073242188,0.6668325662612915,187.77206420898438,134.76055908203125,0.8666435480117798,218.71568298339844,98.5832748413086,0.9415485262870789,0.0,0.0,0.05011701211333275,0.0,0.0,0.08071234077215195,0.0,0.0,0.0014643623726442456,0.0,0.0,0.002334036398679018,0.0,0.0,0.00015520730812568218,0.0,0.0,0.00023463595425710082
811,True,0.0,0.0,0.0035827187821269035,0.0,0.0,0.00039629911771044135,0.0,0.0,0.0004339275474194437,0.0,0.0,0.0002579655556473881,0.0,0.0,0.0006648989510722458,0.0,0.0,0.011386089026927948,0.0,0.0,0.03270389139652252,0.0,0.0,0.3574352264404297,258.17376708984375,71.28636169433594,0.6451959609985352,188.0753173828125,135.884521484375,0.8293263912200928,218.37066650390625,97.8238525390625,0.9271824359893799,0.0,0.0,0.038486745208501816,0.0,0.0,0.0629800409078598,0.0,0.0,0.0015448137419298291,0.0,0.0,0.002486445941030979,0.0,0.0,0.00022234002244658768,0.0,0.0,0.000336533528752625
812,True,0.0,0.0,0.002482224954292178,0.0,0.0,0.0002843031834345311,0.0,0.0,0.0005157560808584094,0.0,0.0,0.00033646938391029835,0.0,0.0,0.0012358821695670485,0.0,0.0,0.01303119957447052,0.0,0.0,0.043838389217853546,0.0,0.0,0.28048187494277954,259.6720886230469,79.17756652832031,0.5190494656562805,207.76193237304688,104.29740905761719,0.6292653679847717,208.12808227539062,99.28567504882812,0.7788548469543457,0.0,0.0,0.12661391496658325,0.0,0.0,0.18111944198608398,0.0,0.0,0.002715161070227623,0.0,0.0,0.003985968884080648,0.0,0.0,0.00022007335792295635,0.0,0.0,0.00030679599149152637
813,True,0.0,0.0,0.02286117896437645,0.0,0.0,0.0052388194017112255,0.0,0.0,0.00273680011741817,0.0,0.0,0.004184101242572069,0.0,0.0,0.0023459340445697308,0.0,0.0,0.0448649637401104,0.0,0.0,0.06987415999174118,0.0,0.0,0.3288232982158661,0.0,0.0,0.3396245837211609,210.299560546875,82.10160064697266,0.5940062403678894,208.61524963378906,81.73042297363281,0.5999754667282104,0.0,0.0,0.18369066715240479,0.0,0.0,0.21671295166015625,0.0,0.0,0.011637008748948574,0.0,0.0,0.013832729309797287,0.0,0.0,0.0009329683962278068,0.0,0.0,0.0012178464094176888
814,True,0.0,0.0,0.014100302942097187,0.0,0.0,0.00486382469534874,0.0,0.0,0.0018143998458981514,0.0,0.0,0.005944280419498682,0.0,0.0,0.0010278004920110106,0.0,0.0,0.03992956131696701,0.0,0.0,0.07623191177845001,0.0,0.0,0.41873058676719666,0.0,0.0,0.48235318064689636,211.94667053222656,69.04857635498047,0.6348612308502197,202.81866455078125,68.81234741210938,0.6731584668159485,305.7904052734375,178.13827514648438,0.5680215358734131,270.28656005859375,173.2239532470703,0.6251283884048462,0.0,0.0,0.008609326556324959,0.0,0.0,0.011334007605910301,0.0,0.0,0.0002966099127661437,0.0,0.0,0.00042429144377820194
815,True,0.0,0.0,0.01288793608546257,0.0,0.0,0.003386347321793437,0.0,0.0,0.002051932504400611,0.0,0.0,0.005012675654143095,0.0,0.0,0.0017811134457588196,0.0,0.0,0.07491366565227509,0.0,0.0,0.12574754655361176,306.58465576171875,81.50177764892578,0.5472878813743591,255.4711456298828,74.6788101196289,0.5589852333068848,212.22647094726562,68.30850219726562,0.6804831027984619,205.87176513671875,69.84554290771484,0.6927311420440674,305.8949890136719,178.392822265625,0.6587931513786316,267.8457336425781,175.8107452392578,0.6846155524253845,0.0,0.0,0.010632357560098171,0.0,0.0,0.012264383025467396,0.0,0.0,0.00032673904206603765,0.0,0.0,0.00041537752258591354
816,True,0.0,0.0,0.007735841441899538,0.0,0.0,0.0018335389904677868,0.0,0.0,0.0011948506580665708,0.0,0.0,0.00317035848274827,0.0,0.0,0.001523839309811592,0.0,0.0,0.048296693712472916,0.0,0.0,0.08956114202737808,0.0,0.0,0.4206734001636505,0.0,0.0,0.49445027112960815,213.36837768554688,73.48506927490234,0.5569005012512207,206.51251220703125,71.52088928222656,0.6226994395256042,295.3619384765625,175.26611328125,0.5258454084396362,269.6554870605469,171.4666290283203,0.5748332142829895,0.0,0.0,0.009239309467375278,0.0,0.0,0.011714480817317963,0.0,0.0,0.00037120067281648517,0.0,0.0,0.0004933307645842433
817,True,0.0,0.0,0.002974760951474309,0.0,0.0,0.0006281671230681241,0.0,0.0,0.00043179799104109406,0.0,0.0,0.0013483185321092606,0.0,0.0,0.0005449815071187913,0.0,0.0,0.014389542862772942,0.0,0.0,0.07904618233442307,0.0,0.0,0.26979607343673706,253.86358642578125,69.75543975830078,0.7082962393760681,220.11080932617188,79.05145263671875,0.5882047414779663,204.64291381835938,72.79621887207031,0.846595287322998,302.481201171875,178.14163208007812,0.5130170583724976,269.77667236328125,172.9689483642578,0.6962486505508423,0.0,0.0,0.009833510033786297,0.0,0.0,0.0224917009472847,0.0,0.0,0.0003251343732699752,0.0,0.0,0.000674065260682255
818,True,0.0,0.0,0.004396790638566017,0.0,0.0,0.00113072176463902,0.0,0.0,0.0006148967077024281,0.0,0.0,0.002387876156717539,0.0,0.0,0.0006795513909310102,0.0,0.0,0.030873028561472893,0.0,0.0,0.07650444656610489,0.0,0.0,0.39828959107398987,250.50042724609375,74.21321868896484,0.6102359294891357,217.09689331054688,78.20929718017578,0.6490253210067749,205.72607421875,78.64494323730469,0.7764084935188293,297.25634765625,175.40084838867188,0.606927216053009,260.2543640136719,170.27584838867188,0.695763111114502,0.0,0.0,0.015148531645536423,0.0,0.0,0.02440831810235977,0.0,0.0,0.0005274955183267593,0.0,0.0,0.0008499386021867394
819,True,0.0,0.0,0.004372850991785526,0.0,0.0,0.0011712940176948905,0.0,0.0,0.0005478397361002862,0.0,0.0,0.0027785932179540396,0.0,0.0,0.0006211477448232472,0.0,0.0,0.03799545392394066,0.0,0.0,0.07603255659341812,0.0,0.0,0.4387359321117401,251.12686157226562,74.25214385986328,0.5927217602729797,216.44772338867188,77.9810791015625,0.6577981114387512,204.8732452392578,78.55155181884766,0.7542707920074463,294.17742919921875,173.3070068359375,0.6178746819496155,259.4186706542969,168.1471710205078,0.687641978263855,0.0,0.0,0.015863530337810516,0.0,0.0,0.02396647445857525,0.0,0.0,0.0005271064583212137,0.0,0.0,0.0008148642955347896
820,True,0.0,0.0,0.0015796038787811995,0.0,0.0,0.00043443168397061527,0.0,0.0,0.0007627397426404059,0.0,0.0,0.0013448072131723166,0.0,0.0,0.003723415080457926,0.0,0.0,0.015909496694803238,0.0,0.0,0.08526242524385452,0.0,0.0,0.1286497414112091,225.53131103515625,56.81951904296875,0.5937522053718567,0.0,0.0,0.1853342056274414,205.75596618652344,69.66204833984375,0.5489874482154846,0.0,0.0,0.15036951005458832,0.0,0.0,0.2787463068962097,0.0,0.0,0.005738837644457817,0.0,0.0,0.011952072381973267,0.0,0.0,0.0016971516888588667,0.0,0.0,0.0028950406704097986
821,True,0.0,0.0,0.0021311845630407333,0.0,0.0,0.00047063842066563666,0.0,0.0,0.0004364053311292082,0.0,0.0,0.001325633260421455,0.0,0.0,0.0007610215689055622,0.0,0.0,0.015512609854340553,0.0,0.0,0.0713009238243103,0.0,0.0,0.28121164441108704,241.99546813964844,68.87858581542969,0.6739610433578491,227.81834411621094,100.38504028320312,0.6304644346237183,212.1022491455078,93.88459014892578,0.847815752029419,299.37005615234375,174.67132568359375,0.5521143674850464,256.36163330078125,170.66494750976562,0.6967570185661316,0.0,0.0,0.010528217069804668,0.0,0.0,0.021033836528658867,0.0,0.0,0.0003832444781437516,0.0,0.0,0.0007017861353233457
822,True,0.0,0.0,0.003593694418668747,0.0,0.0,0.0008452791371382773,0.0,0.0,0.0007197335944510996,0.0,0.0,0.001839004922658205,0.0,0.0,0.001010377425700426,0.0,0.0,0.018999718129634857,0.0,0.0,0.09779100120067596,0.0,0.0,0.25649207830429077,222.4815673828125,65.31061553955078,0.6975724101066589,227.21990966796875,106.82279968261719,0.5875871181488037,201.99420166015625,95.83253479003906,0.8526841998100281,304.8455505371094,177.74649047851562,0.558570921421051,255.8528594970703,173.15621948242188,0.7281920909881592,0.0,0.0,0.010554531589150429,0.0,0.0,0.022983485832810402,0.0,0.0,0.0003292060282547027,0.0,0.0,0.0006559206522069871
823,True,0.0,0.0,0.0038838789332658052,0.0,0.0,0.0006185438833199441,0.0,0.0,0.0005970243364572525,0.0,0.0,0.000995550537481904,0.0,0.0,0.0008232385735027492,0.0,0.0,0.013658479787409306,0.0,0.0,0.24941399693489075,0.0,0.0,0.3716368079185486,203.1083526611328,60.43915557861328,0.948262095451355,220.33831787109375,107.14163208007812,0.8515232801437378,158.29541015625,65.87125396728516,0.98348468542099,307.3132629394531,181.59942626953125,0.5223450660705566,255.4491424560547,176.67958068847656,0.7993928790092468,0.0,0.0,0.004314851481467485,0.0,0.0,0.014497173018753529,0.0,0.0,6.213564483914524e-05,0.0,0.0,0.0001699639396974817
824,True,0.0,0.0,0.002974599599838257,0.0,0.0,0.0005048857419751585,0.0,0.0,0.00023639014398213476,0.0,0.0,0.0009645007667131722,0.0,0.0,0.0004152037436142564,0.0,0.0,0.03636159002780914,0.0,0.0,0.19984641671180725,311.16302490234375,88.49163818359375,0.6933311820030212,209.8656768798828,60.14239501953125,0.9369730353355408,217.90162658691406,105.27372741699219,0.9366400241851807,162.90194702148438,66.2127914428711,0.9824081063270569,306.7054748535156,182.70738220214844,0.7088540196418762,258.0181579589844,177.34832763671875,0.8340921401977539,0.0,0.0,0.007872817106544971,0.0,0.0,0.016857711598277092,0.0,0.0,7.883833313826472e-05,0.0,0.0,0.00016150559531524777
825,True,0.0,0.0,0.010294139385223389,0.0,0.0,0.0022469821851700544,0.0,0.0,0.0007590953027829528,0.0,0.0,0.0024618450552225113,0.0,0.0,0.0005842449609190226,0.0,0.0,0.033018313348293304,0.0,0.0,0.3023894131183624,0.0,0.0,0.4460241496562958,203.26585388183594,59.86842346191406,0.9247775077819824,217.2681884765625,107.4255142211914,0.8464558124542236,161.701416015625,66.00202941894531,0.9748536944389343,308.489990234375,184.2638397216797,0.5669219493865967,260.86767578125,179.15855407714844,0.8007753491401672,0.0,0.0,0.009064082987606525,0.0,0.0,0.028114140033721924,0.0,0.0,0.00016113580204546452,0.0,0.0,0.00044425163650885224
826,True,0.0,0.0,0.0066284723579883575,0.0,0.0,0.001351241720840335,0.0,0.0,0.0006330484757199883,0.0,0.0,0.0017688821535557508,0.0,0.0,0.0007280282443389297,0.0,0.0,0.027246154844760895,0.0,0.0,0.2825707495212555,0.0,0.0,0.43760040402412415,201.42239379882812,57.36790466308594,0.9269817471504211,216.14895629882812,108.48934936523438,0.8539697527885437,157.87857055664062,65.39312744140625,0.9768328666687012,309.6488342285156,185.10836791992188,0.5386082530021667,260.6663818359375,179.49929809570312,0.7801307439804077,0.0,0.0,0.005968323443084955,0.0,0.0,0.01762770116329193,0.0,0.0,9.416223474545404e-05,0.0,0.0,0.00024264103558380157
827,True,0.0,0.0,0.0055860192514956,0.0,0.0,0.0012266302946954966,0.0,0.0,0.0005324728554114699,0.0,0.0,0.0015477269189432263,0.0,0.0,0.0005503809661604464,0.0,0.0,0.0207306370139122,0.0,0.0,0.19421352446079254,0.0,0.0,0.4234091341495514,205.3916015625,52.45011901855469,0.9056755900382996,216.3562774658203,106.02458953857422,0.8594907522201538,162.065185546875,65.02446746826172,0.9738532304763794,309.6147155761719,181.54994201660156,0.5717986226081848,259.77490234375,175.19564819335938,0.7895368337631226,0.0,0.0,0.008034303784370422,0.0,0.0,0.02231084369122982,0.0,0.0,0.00013071195280645043,0.0,0.0,0.0003260271332692355
828,True,0.0,0.0,0.0062552159652113914,0.0,0.0,0.0014104015426710248,0.0,0.0,0.0005099442787468433,0.0,0.0,0.002043334534391761,0.0,0.0,0.0005367420380935073,0.0,0.0,0.032375674694776535,0.0,0.0,0.24025915563106537,310.8436279296875,85.40789794921875,0.517242431640625,203.20252990722656,53.07411193847656,0.9125701189041138,215.78640747070312,104.86178588867188,0.890285849571228,160.92453002929688,65.23738098144531,0.9753493070602417,306.4292907714844,179.87301635742188,0.6462456583976746,258.8699035644531,173.89398193359375,0.8206372261047363,0.0,0.0,0.010752915404736996,0.0,0.0,0.026875702664256096,0.0,0.0,0.00015806833107490093,0.0,0.0,0.0003667956043500453
829,True,0.0,0.0,0.007946440018713474,0.0,0.0,0.0018629762344062328,0.0,0.0,0.0006877862615510821,0.0,0.0,0.0023298885207623243,0.0,0.0,0.0006052810931578279,0.0,0.0,0.03218912333250046,0.0,0.0,0.24182680249214172,311.99237060546875,84.4062271118164,0.5024374127388,202.90052795410156,53.17240905761719,0.9069352746009827,215.5336456298828,104.29007720947266,0.8890724778175354,159.56179809570312,64.71566772460938,0.9740201234817505,305.62158203125,178.35252380371094,0.643545389175415,257.56072998046875,172.01068115234375,0.8191884756088257,0.0,0.0,0.012686152942478657,0.0,0.0,0.030771581456065178,0.0,0.0,0.00020051929459441453,0.0,0.0,0.00045530396164394915
830,True,0.0,0.0,0.006750777363777161,0.0,0.0,0.0015521758468821645,0.0,0.0,0.0005004488630220294,0.0,0.0,0.001978123327717185,0.0,0.0,0.0004536045016720891,0.0,0.0,0.030506126582622528,0.0,0.0,0.19745314121246338,309.86651611328125,85.75896453857422,0.5420485138893127,206.925537109375,50.42224884033203,0.8972813487052917,214.5797119140625,103.80845642089844,0.9100161194801331,163.76666259765625,65.13534545898438,0.9752072691917419,307.2974548339844,182.66073608398438,0.5682441592216492,261.0754699707031,175.93411254882812,0.7505536675453186,0.0,0.0,0.0076148840598762035,0.0,0.0,0.017359258607029915,0.0,0.0,0.00011549433111213148,0.0,0.0,0.0002500620321370661
831,True,0.0,0.0,0.005955657456070185,0.0,0.0,0.0014315873850136995,0.0,0.0,0.00044093438191339374,0.0,0.0,0.001854297355748713,0.0,0.0,0.00039588697836734354,0.0,0.0,0.025898996740579605,0.0,0.0,0.15941621363162994,309.93450927734375,85.52360534667969,0.5070175528526306,208.41221618652344,50.555023193359375,0.8770672678947449,215.1836395263672,104.2491455078125,0.8987497091293335,167.04393005371094,63.47503662109375,0.970657229423523,305.42840576171875,184.15386962890625,0.5367154479026794,258.66522216796875,177.3223876953125,0.7201721668243408,0.0,0.0,0.006916154641658068,0.0,0.0,0.01565396972000599,0.0,0.0,0.00011317565804347396,0.0,0.0,0.0002436420472804457
832,True,0.0,0.0,0.005970439873635769,0.0,0.0,0.0013561872765421867,0.0,0.0,0.00040208257269114256,0.0,0.0,0.0016816715942695737,0.0,0.0,0.0003504833730403334,0.0,0.0,0.030867408961057663,0.0,0.0,0.146329864859581,311.5070495605469,85.02096557617188,0.6066076159477234,212.3980712890625,51.54144287109375,0.8774102330207825,216.00225830078125,104.5864486694336,0.9256419539451599,164.92230224609375,63.37080001831055,0.9718937277793884,306.0782775878906,185.12356567382812,0.562502920627594,260.4185485839844,178.18670654296875,0.7110750675201416,0.0,0.0,0.006695716641843319,0.0,0.0,0.013044214807450771,0.0,0.0,9.619895718060434e-05,0.0,0.0,0.00018620392074808478
833,True,0.0,0.0,0.009449067525565624,0.0,0.0,0.002201395807787776,0.0,0.0,0.0006390388589352369,0.0,0.0,0.002354270778596401,0.0,0.0,0.0004754204419441521,0.0,0.0,0.04228321462869644,0.0,0.0,0.19273021817207336,311.2667541503906,84.60733032226562,0.6435399055480957,210.94775390625,52.494720458984375,0.8933037519454956,217.72573852539062,105.17664337158203,0.9305691123008728,164.0164337158203,63.086917877197266,0.9739723801612854,306.7908020019531,186.15301513671875,0.5798808336257935,260.7670593261719,179.25987243652344,0.7258135080337524,0.0,0.0,0.006592600606381893,0.0,0.0,0.012779674492776394,0.0,0.0,9.09401715034619e-05,0.0,0.0,0.0001757080462994054
834,True,0.0,0.0,0.012351575307548046,0.0,0.0,0.0028592951130121946,0.0,0.0,0.0008656592108309269,0.0,0.0,0.003069511614739895,0.0,0.0,0.0006469781510531902,0.0,0.0,0.05629873648285866,0.0,0.0,0.27358442544937134,311.7256774902344,81.957763671875,0.6606705784797668,207.84800720214844,58.84019088745117,0.9121423959732056,217.03353881835938,105.42161560058594,0.92597895860672,162.1236572265625,59.70344543457031,0.9750317931175232,308.20440673828125,182.01980590820312,0.6255553364753723,262.28973388671875,177.23353576660156,0.771468997001648,0.0,0.0,0.008847890421748161,0.0,0.0,0.01756909489631653,0.0,0.0,0.00011937115050386637,0.0,0.0,0.000234594801440835
835,True,0.0,0.0,0.012673009186983109,0.0,0.0,0.0029458305798470974,0.0,0.0,0.0008955678204074502,0.0,0.0,0.0028206659480929375,0.0,0.0,0.0005973353399895132,0.0,0.0,0.04367996007204056,0.0,0.0,0.2516232132911682,312.3168640136719,81.2484359741211,0.5928249359130859,207.28353881835938,57.6592903137207,0.9055784940719604,216.7678985595703,105.76129913330078,0.9122827053070068,161.1505889892578,56.73687744140625,0.9740826487541199,308.4462890625,184.36956787109375,0.5622421503067017,262.52337646484375,179.49769592285156,0.7385974526405334,0.0,0.0,0.007579590193927288,0.0,0.0,0.01632544957101345,0.0,0.0,0.0001144751877291128,0.0,0.0,0.00023908134608063847
836,True,0.0,0.0,0.0090693524107337,0.0,0.0,0.002018130151554942,0.0,0.0,0.0006897844141349196,0.0,0.0,0.0022483081556856632,0.0,0.0,0.00057269970420748,0.0,0.0,0.04196741059422493,0.0,0.0,0.21401309967041016,311.8493957519531,83.01914978027344,0.6099495887756348,211.6497039794922,54.90618896484375,0.9012700319290161,216.1729736328125,105.37899780273438,0.9136698842048645,167.89312744140625,60.40019989013672,0.9730170965194702,307.3183898925781,181.66905212402344,0.613436222076416,260.4241027832031,176.08645629882812,0.7656946182250977,0.0,0.0,0.008069598115980625,0.0,0.0,0.01708265207707882,0.0,0.0,0.0001100100198527798,0.0,0.0,0.00022651103790849447
837,True,0.0,0.0,0.010582519695162773,0.0,0.0,0.002449910854920745,0.0,0.0,0.0007860084879212081,0.0,0.0,0.002778463764116168,0.0,0.0,0.0006385691231116652,0.0,0.0,0.05077281966805458,0.0,0.0,0.25023984909057617,311.8504943847656,81.49847412109375,0.6299800872802734,208.21775817871094,54.73328399658203,0.9039533138275146,217.07406616210938,106.35826110839844,0.9124413728713989,162.46812438964844,61.359779357910156,0.9715653657913208,307.4057312011719,178.4073944091797,0.6600100994110107,260.7577209472656,173.2787322998047,0.7977188229560852,0.0,0.0,0.009797850623726845,0.0,0.0,0.02003329247236252,0.0,0.0,0.00012572127161547542,0.0,0.0,0.0002526798634789884
838,True,0.0,0.0,0.016424749046564102,0.0,0.0,0.004179793875664473,0.0,0.0,0.0011032514739781618,0.0,0.0,0.0033116561826318502,0.0,0.0,0.0005364136886782944,0.0,0.0,0.03968057408928871,0.0,0.0,0.20302216708660126,309.2259521484375,86.48346710205078,0.5126586556434631,210.34527587890625,52.78296661376953,0.8563598394393921,216.2418975830078,108.69129943847656,0.8715426921844482,165.02500915527344,62.47431945800781,0.9565123915672302,302.68939208984375,179.56539916992188,0.5843073129653931,258.85626220703125,172.82400512695312,0.7515221238136292,0.0,0.0,0.013879314996302128,0.0,0.0,0.02955007739365101,0.0,0.0,0.0002734806330408901,0.0,0.0,0.0005752761499024928
839,True,0.0,0.0,0.009795043617486954,0.0,0.0,0.001889959443360567,0.0,0.0,0.0007268649060279131,0.0,0.0,0.0014291465049609542,0.0,0.0,0.00044126363354735076,0.0,0.0,0.021763985976576805,0.0,0.0,0.1497870534658432,0.0,0.0,0.4417707920074463,215.16622924804688,49.44023895263672,0.862559974193573,214.91571044921875,110.18305969238281,0.8682248592376709,168.10354614257812,64.20693969726562,0.9651619791984558,0.0,0.0,0.46048441529273987,262.0522155761719,176.40365600585938,0.6743694543838501,0.0,0.0,0.008265681564807892,0.0,0.0,0.01994040235877037,0.0,0.0,0.00017689181549940258,0.0,0.0,0.00040049536619335413
840,True,0.0,0.0,0.0061097173020243645,0.0,0.0,0.000959874945692718,0.0,0.0,0.0009400217677466571,0.0,0.0,0.0016762615414336324,0.0,0.0,0.0011554693337529898,0.0,0.0,0.028906064108014107,0.0,0.0,0.30823516845703125,318.0354919433594,78.1497802734375,0.550369143486023,198.0629425048828,47.92302703857422,0.9487684369087219,215.89508056640625,106.6338882446289,0.9197673797607422,150.75509643554688,68.60554504394531,0.9862594604492188,302.6865539550781,178.61660766601562,0.6042375564575195,253.44149780273438,173.8675994873047,0.8093568086624146,0.0,0.0,0.004776473622769117,0.0,0.0,0.012392828240990639,0.0,0.0,5.877739386050962e-05,0.0,0.0,0.0001343895128229633
841,True,0.0,0.0,0.004096665419638157,0.0,0.0,0.0006483952165581286,0.0,0.0,0.0007462743087671697,0.0,0.0,0.0015178597532212734,0.0,0.0,0.0012040329165756702,0.0,0.0,0.022217020392417908,0.0,0.0,0.2668359875679016,0.0,0.0,0.4473811686038971,197.36099243164062,50.42551803588867,0.9374930262565613,213.98435974121094,106.12250518798828,0.8614354729652405,149.87338256835938,67.35131072998047,0.9793075919151306,300.16546630859375,175.72535705566406,0.561835765838623,254.20712280273438,171.05255126953125,0.7957134246826172,0.0,0.0,0.004933057818561792,0.0,0.0,0.013655679300427437,0.0,0.0,7.760179869364947e-05,0.0,0.0,0.00018225135863758624
842,True,0.0,0.0,0.003385623451322317,0.0,0.0,0.0005623673205263913,0.0,0.0,0.0004425286315381527,0.0,0.0,0.0013341563753783703,0.0,0.0,0.000707838567905128,0.0,0.0,0.03235603868961334,0.0,0.0,0.21416105329990387,317.6993103027344,84.15857696533203,0.6641936898231506,205.224609375,54.66761779785156,0.9377560019493103,213.48577880859375,105.41095733642578,0.9418692588806152,158.42425537109375,65.035400390625,0.9839518666267395,301.4246826171875,178.34909057617188,0.685384213924408,251.76783752441406,173.14744567871094,0.8211108446121216,0.0,0.0,0.00698486203327775,0.0,0.0,0.014120933599770069,0.0,0.0,7.559580990346149e-05,0.0,0.0,0.00014504053979180753
843,True,0.0,0.0,0.00345438695512712,0.0,0.0,0.000563888403121382,0.0,0.0,0.000469205406261608,0.0,0.0,0.0013418039306998253,0.0,0.0,0.0008070867042988539,0.0,0.0,0.03646748512983322,0.0,0.0,0.21095556020736694,317.428466796875,81.72994995117188,0.6548226475715637,206.28379821777344,51.46697998046875,0.9272955656051636,214.78330993652344,106.66719055175781,0.9334812760353088,159.1189727783203,62.68321990966797,0.9804477691650391,299.0210876464844,172.18214416503906,0.7105269432067871,252.2521209716797,167.23843383789062,0.8304348587989807,0.0,0.0,0.010411291383206844,0.0,0.0,0.02036169543862343,0.0,0.0,0.00012151164264651015,0.0,0.0,0.0002269875112688169
844,True,0.0,0.0,0.003974566236138344,0.0,0.0,0.0007110047154128551,0.0,0.0,0.0006443202728405595,0.0,0.0,0.00159711844753474,0.0,0.0,0.0009029167122207582,0.0,0.0,0.019760427996516228,0.0,0.0,0.1918576955795288,0.0,0.0,0.39829742908477783,205.29957580566406,45.949886322021484,0.9029824733734131,212.6267547607422,106.4774169921875,0.8402121067047119,154.41966247558594,65.80572509765625,0.9701864123344421,297.8308410644531,172.04165649414062,0.525259792804718,254.1660919189453,165.8189239501953,0.7572488784790039,0.0,0.0,0.006807531230151653,0.0,0.0,0.01783638820052147,0.0,0.0,0.0001276796538149938,0.0,0.0,0.00029078396619297564
845,True,0.0,0.0,0.00916348583996296,0.0,0.0,0.001948725082911551,0.0,0.0,0.000822953472379595,0.0,0.0,0.00175976671744138,0.0,0.0,0.0006259701331146061,0.0,0.0,0.02963043376803398,0.0,0.0,0.15813106298446655,314.0191650390625,80.08557891845703,0.5096029043197632,213.7972412109375,39.36193084716797,0.8622164130210876,216.35472106933594,108.83943939208984,0.8970150947570801,165.32827758789062,69.13768005371094,0.9679816961288452,305.57391357421875,172.99705505371094,0.5481336116790771,260.37921142578125,165.23336791992188,0.7215372920036316,0.0,0.0,0.009556455537676811,0.0,0.0,0.020674407482147217,0.0,0.0,0.00016512243018951267,0.0,0.0,0.0003428597410675138
846,True,0.0,0.0,0.0025003834161907434,0.0,0.0,0.00042356239282526076,0.0,0.0,0.0004769089282490313,0.0,0.0,0.001130347023718059,0.0,0.0,0.0009034773684106767,0.0,0.0,0.015541554428637028,0.0,0.0,0.17239677906036377,0.0,0.0,0.36857903003692627,202.24658203125,41.44017028808594,0.9018453359603882,213.62887573242188,105.29940795898438,0.8339061737060547,152.72494506835938,74.95726776123047,0.9711796641349792,299.3377685546875,172.07760620117188,0.5174606442451477,252.57330322265625,164.59725952148438,0.7571417093276978,0.0,0.0,0.005838407669216394,0.0,0.0,0.01573152095079422,0.0,0.0,0.00011234813428018242,0.0,0.0,0.0002586536866147071
847,True,0.0,0.0,0.0020560650154948235,0.0,0.0,0.0003009125648532063,0.0,0.0,0.0004127772699575871,0.0,0.0,0.0009017148404382169,0.0,0.0,0.000987877487204969,0.0,0.0,0.015929555520415306,0.0,0.0,0.20245316624641418,0.0,0.0,0.3880584239959717,196.94387817382812,45.669189453125,0.9247785806655884,214.56239318847656,105.6209945678711,0.8416637182235718,154.31045532226562,77.4158706665039,0.9772334098815918,298.83697509765625,174.9991455078125,0.5481303334236145,252.046630859375,169.16647338867188,0.7874998450279236,0.0,0.0,0.004992539528757334,0.0,0.0,0.014354182407259941,0.0,0.0,8.410279406234622e-05,0.0,0.0,0.00020108313765376806
848,True,0.0,0.0,0.0021529304794967175,0.0,0.0,0.000339702470228076,0.0,0.0,0.00036622871994040906,0.0,0.0,0.001007446669973433,0.0,0.0,0.0007182731060311198,0.0,0.0,0.018226083368062973,0.0,0.0,0.1672109067440033,0.0,0.0,0.49523791670799255,203.5241241455078,43.73008728027344,0.9199800491333008,214.1708984375,105.32575988769531,0.8908293843269348,154.46609497070312,72.648681640625,0.9776479005813599,297.8099670410156,174.1751708984375,0.6199668645858765,250.8448028564453,167.2607421875,0.805632472038269,0.0,0.0,0.0064163547940552235,0.0,0.0,0.015191559679806232,0.0,0.0,9.720499656395987e-05,0.0,0.0,0.0002051144401775673
849,True,0.0,0.0,0.0033419316168874502,0.0,0.0,0.0005811509327031672,0.0,0.0,0.0005165988695807755,0.0,0.0,0.0015748258447274566,0.0,0.0,0.0008245257195085287,0.0,0.0,0.027260148897767067,0.0,0.0,0.2047310620546341,313.275634765625,82.9906234741211,0.5516120195388794,204.43154907226562,39.7132568359375,0.9222635626792908,213.88906860351562,104.94771575927734,0.9036058783531189,155.14938354492188,69.26068115234375,0.9777213931083679,298.4974670410156,170.12832641601562,0.6948568820953369,252.35452270507812,163.36978149414062,0.8453382849693298,0.0,0.0,0.009750514291226864,0.0,0.0,0.022036980837583542,0.0,0.0,0.00013750154175795615,0.0,0.0,0.0002841833920683712
850,True,0.0,0.0,0.004569706507027149,0.0,0.0,0.000795703032054007,0.0,0.0,0.0005886674043722451,0.0,0.0,0.0013593994081020355,0.0,0.0,0.0007340420852415264,0.0,0.0,0.0233856700360775,0.0,0.0,0.21549609303474426,0.0,0.0,0.4919126331806183,203.67884826660156,44.54646301269531,0.9232192039489746,213.8382568359375,105.91716766357422,0.9042376279830933,160.66201782226562,73.27162170410156,0.9809409976005554,302.0907287597656,174.22222900390625,0.6228995323181152,254.37326049804688,167.49937438964844,0.8135242462158203,0.0,0.0,0.008793913759291172,0.0,0.0,0.022524744272232056,0.0,0.0,0.00012367787712719291,0.0,0.0,0.00028392288368195295
851,True,0.0,0.0,0.0038428029511123896,0.0,0.0,0.0006872451049275696,0.0,0.0,0.00048126926412805915,0.0,0.0,0.0013489696430042386,0.0,0.0,0.0006991935661062598,0.0,0.0,0.025907723233103752,0.0,0.0,0.22409631311893463,315.82525634765625,85.9891586303711,0.5332304835319519,195.13905334472656,44.73082733154297,0.9283041954040527,214.85243225097656,105.7104721069336,0.9169739484786987,159.47378540039062,78.18696594238281,0.9832456111907959,306.64617919921875,176.85031127929688,0.666560173034668,255.22409057617188,170.82394409179688,0.8360536098480225,0.0,0.0,0.008384710177779198,0.0,0.0,0.02091268263757229,0.0,0.0,0.00010595334606477991,0.0,0.0,0.00024001114070415497
852,True,0.0,0.0,0.002710171276703477,0.0,0.0,0.00042704830411821604,0.0,0.0,0.0003752557677216828,0.0,0.0,0.0009431465296074748,0.0,0.0,0.00063736253650859,0.0,0.0,0.020260613411664963,0.0,0.0,0.20640045404434204,316.75592041015625,85.57815551757812,0.5398454070091248,195.82330322265625,53.06023406982422,0.9413391947746277,217.64892578125,105.7686767578125,0.9229338765144348,159.67091369628906,83.59683227539062,0.9861236810684204,304.05413818359375,181.51687622070312,0.6253547668457031,251.01016235351562,176.10650634765625,0.816283643245697,0.0,0.0,0.005031857639551163,0.0,0.0,0.01302973460406065,0.0,0.0,5.732972203986719e-05,0.0,0.0,0.00013128467253409326
853,True,0.0,0.0,0.007006113883107901,0.0,0.0,0.0013564779656007886,0.0,0.0,0.0006324562709778547,0.0,0.0,0.0013789711520075798,0.0,0.0,0.0005522641004063189,0.0,0.0,0.0235590822994709,0.0,0.0,0.1979718655347824,0.0,0.0,0.46480992436408997,203.9561004638672,52.17780303955078,0.9031556248664856,217.0875701904297,107.70204162597656,0.8857736587524414,166.27517700195312,83.61408996582031,0.976428747177124,306.82647705078125,179.72067260742188,0.5868098139762878,257.15875244140625,173.3418426513672,0.7901228666305542,0.0,0.0,0.010341271758079529,0.0,0.0,0.02717459574341774,0.0,0.0,0.00019039462495129555,0.0,0.0,0.0004542026435956359
854,True,0.0,0.0,0.0037226350978016853,0.0,0.0,0.0005288714310154319,0.0,0.0,0.0003307500446680933,0.0,0.0,0.0005507638561539352,0.0,0.0,0.00036419820389710367,0.0,0.0,0.016249272972345352,0.0,0.0,0.11165936291217804,309.17962646484375,86.86993408203125,0.5024713277816772,215.89564514160156,53.536293029785156,0.8835402131080627,214.38912963867188,103.51087188720703,0.9060825109481812,169.82986450195312,79.56600952148438,0.9753386974334717,0.0,0.0,0.4652678966522217,261.8310546875,177.7339324951172,0.6659228801727295,0.0,0.0,0.006528292316943407,0.0,0.0,0.014950835146009922,0.0,0.0,0.00012089379015378654,0.0,0.0,0.0002567891788203269
855,True,0.0,0.0,0.003907437436282635,0.0,0.0,0.0005644992925226688,0.0,0.0,0.0003308112209197134,0.0,0.0,0.0005401863600127399,0.0,0.0,0.000324640073813498,0.0,0.0,0.013769082725048065,0.0,0.0,0.1062726229429245,0.0,0.0,0.44126006960868835,219.69248962402344,54.55035400390625,0.8684067130088806,214.85816955566406,103.65109252929688,0.8831403255462646,168.79556274414062,82.4731674194336,0.9709625840187073,0.0,0.0,0.44608181715011597,264.3170471191406,178.38668823242188,0.6618089079856873,0.0,0.0,0.00637717405334115,0.0,0.0,0.015275416895747185,0.0,0.0,0.00012289457663428038,0.0,0.0,0.0002705000515561551
856,True,0.0,0.0,0.009394737891852856,0.0,0.0,0.0019580789376050234,0.0,0.0,0.0005534925148822367,0.0,0.0,0.0016590608283877373,0.0,0.0,0.00030645454535260797,0.0,0.0,0.032133907079696655,0.0,0.0,0.1002199649810791,312.66326904296875,85.9962158203125,0.557637095451355,220.4073486328125,68.69647216796875,0.7696141600608826,214.32627868652344,105.1572265625,0.8925352692604065,171.240966796875,81.55260467529297,0.9392703175544739,0.0,0.0,0.418256938457489,260.7122497558594,180.23117065429688,0.5432412624359131,0.0,0.0,0.011737385764718056,0.0,0.0,0.01907254382967949,0.0,0.0,0.00031220182427205145,0.0,0.0,0.0005397625500336289
857,True,0.0,0.0,0.0012985788052901626,0.0,0.0,0.000270860327873379,0.0,0.0,0.00023986426822375506,0.0,0.0,0.001177943660877645,0.0,0.0,0.0007409962126985192,0.0,0.0,0.02751302905380726,0.0,0.0,0.07672277092933655,0.0,0.0,0.4931103587150574,213.65431213378906,70.50059509277344,0.6843919157981873,213.6351318359375,103.8281478881836,0.7896491289138794,180.9923095703125,88.7430419921875,0.8672258257865906,296.4446716308594,174.75245666503906,0.542328417301178,251.33033752441406,169.76239013671875,0.6158501505851746,0.0,0.0,0.008212784305214882,0.0,0.0,0.01095037441700697,0.0,0.0,0.00020767962269019336,0.0,0.0,0.0002849669544957578
858,True,0.0,0.0,0.009364631026983261,0.0,0.0,0.002150635002180934,0.0,0.0,0.0011179178254678845,0.0,0.0,0.0015243312809616327,0.0,0.0,0.0004959021462127566,0.0,0.0,0.013920112513005733,0.0,0.0,0.047467656433582306,0.0,0.0,0.2764996588230133,248.59579467773438,71.3808364868164,0.54814612865448,214.41110229492188,101.31668853759766,0.7487902045249939,196.749755859375,86.61660766601562,0.861023485660553,0.0,0.0,0.2660198211669922,0.0,0.0,0.3828003704547882,0.0,0.0,0.0071897804737091064,0.0,0.0,0.012553446926176548,0.0,0.0,0.0003245843399781734,0.0,0.0,0.0005669462261721492
859,True,0.0,0.0,0.0038353046402335167,0.0,0.0,0.000933630857616663,0.0,0.0,0.000764078984502703,0.0,0.0,0.0019403608748689294,0.0,0.0,0.001002447446808219,0.0,0.0,0.016667893156409264,0.0,0.0,0.10882081836462021,0.0,0.0,0.4049491882324219,230.6598663330078,67.79405975341797,0.8210416436195374,214.86380004882812,103.28401184082031,0.7516813278198242,185.6795654296875,88.63053894042969,0.9131584763526917,0.0,0.0,0.2033354640007019,0.0,0.0,0.3620975911617279,0.0,0.0,0.0014894522028043866,0.0,0.0,0.0029792459681630135,0.0,0.0,9.323808626504615e-05,0.0,0.0,0.00016655221406836063
860,True,0.0,0.0,0.0012758868979290128,0.0,0.0,0.0003142266650684178,0.0,0.0,0.00032230617944151163,0.0,0.0,0.0008980107959359884,0.0,0.0,0.0007260822458192706,0.0,0.0,0.012186909094452858,0.0,0.0,0.0373866967856884,0.0,0.0,0.3055739998817444,235.69061279296875,72.29457092285156,0.5385596752166748,225.52085876464844,106.73328399658203,0.6280897259712219,203.956298828125,103.01687622070312,0.7546491026878357,0.0,0.0,0.3104778826236725,0.0,0.0,0.39650923013687134,0.0,0.0,0.005404033698141575,0.0,0.0,0.007760113570839167,0.0,0.0,0.0003788050380535424,0.0,0.0,0.0005274215945973992
861,True,0.0,0.0,0.0012982770567759871,0.0,0.0,0.00029095032368786633,0.0,0.0,0.00031186093110591173,0.0,0.0,0.0007832704577594995,0.0,0.0,0.0006664447137154639,0.0,0.0,0.010962906293570995,0.0,0.0,0.04403574764728546,0.0,0.0,0.32015690207481384,234.20875549316406,72.93145751953125,0.6289430260658264,224.72409057617188,107.48432922363281,0.6700323224067688,194.96853637695312,99.33699798583984,0.8230755925178528,0.0,0.0,0.2811523675918579,0.0,0.0,0.3932861089706421,0.0,0.0,0.0035511371679604053,0.0,0.0,0.005646233446896076,0.0,0.0,0.0002170134539483115,0.0,0.0,0.00032512666075490415
862,True,0.0,0.0,0.0046596103347837925,0.0,0.0,0.001115939812734723,0.0,0.0,0.0007053094450384378,0.0,0.0,0.0011337504256516695,0.0,0.0,0.0005493349162861705,0.0,0.0,0.008227357640862465,0.0,0.0,0.032770782709121704,0.0,0.0,0.19406171143054962,0.0,0.0,0.4861563742160797,236.8278045654297,111.19600677490234,0.6927148699760437,214.658203125,90.70425415039062,0.838805079460144,0.0,0.0,0.09274369478225708,0.0,0.0,0.15987801551818848,0.0,0.0,0.004220154136419296,0.0,0.0,0.007060120813548565,0.0,0.0,0.0004768327926285565,0.0,0.0,0.0007672471110709012
863,True,0.0,0.0,0.008156475611031055,0.0,0.0,0.0018487374763935804,0.0,0.0,0.001540480530820787,0.0,0.0,0.0019145228434354067,0.0,0.0,0.0010145874693989754,0.0,0.0,0.009415407665073872,0.0,0.0,0.06174994260072708,0.0,0.0,0.104688361287117,0.0,0.0,0.4900048077106476,0.0,0.0,0.40094295144081116,212.07147216796875,105.52178192138672,0.7376914620399475,0.0,0.0,0.05649236962199211,0.0,0.0,0.13043196499347687,0.0,0.0,0.0020148379262536764,0.0,0.0,0.00467890128493309,0.0,0.0,0.00030240084743127227,0.0,0.0,0.0006185008678585291
864,True,0.0,0.0,0.005941807292401791,0.0,0.0,0.0013359427684918046,0.0,0.0,0.0012499094009399414,0.0,0.0,0.0015863487496972084,0.0,0.0,0.001086159609258175,0.0,0.0,0.008212893269956112,0.0,0.0,0.06638143211603165,0.0,0.0,0.08933727443218231,246.536376953125,71.59461975097656,0.5104609727859497,0.0,0.0,0.34412282705307007,212.52923583984375,95.2948226928711,0.7375167012214661,0.0,0.0,0.10286539793014526,0.0,0.0,0.23234719038009644,0.0,0.0,0.0032513646874576807,0.0,0.0,0.007866503670811653,0.0,0.0,0.0003935106797143817,0.0,0.0,0.0008200746960937977
865,True,0.0,0.0,0.0033130839001387358,0.0,0.0,0.0009846611646935344,0.0,0.0,0.0003142509376630187,0.0,0.0,0.0016391894314438105,0.0,0.0,0.00028899635071866214,0.0,0.0,0.017984561622142792,0.0,0.0,0.03974778577685356,0.0,0.0,0.41025224328041077,259.6463623046875,64.03914642333984,0.6329467296600342,263.8548583984375,120.717529296875,0.7827911376953125,214.28135681152344,92.15544128417969,0.8782784938812256,0.0,0.0,0.15130437910556793,0.0,0.0,0.21331141889095306,0.0,0.0,0.0019073805306106806,0.0,0.0,0.0032312895637005568,0.0,0.0,0.00012940481246914715,0.0,0.0,0.00021854377700947225
866,True,0.0,0.0,0.003601235570386052,0.0,0.0,0.0010507471160963178,0.0,0.0,0.00035420749918557703,0.0,0.0,0.002135303569957614,0.0,0.0,0.0003857612027786672,0.0,0.0,0.03632034361362457,0.0,0.0,0.05185139179229736,0.0,0.0,0.48648178577423096,257.4251403808594,72.31700897216797,0.5819815993309021,270.30853271484375,123.58525848388672,0.7339347004890442,211.0317840576172,94.71772766113281,0.8002676367759705,0.0,0.0,0.16098015010356903,0.0,0.0,0.18748021125793457,0.0,0.0,0.0018400344997644424,0.0,0.0,0.0025902141351252794,0.0,0.0,0.00012792680354323238,0.0,0.0,0.00018360328976996243
867,True,0.0,0.0,0.003155855694785714,0.0,0.0,0.0010408121161162853,0.0,0.0,0.00036536806146614254,0.0,0.0,0.0024415384978055954,0.0,0.0,0.000375500152586028,0.0,0.0,0.027771860361099243,0.0,0.0,0.05457095056772232,0.0,0.0,0.4734933078289032,255.23599243164062,71.53015899658203,0.6734471321105957,269.67864990234375,127.7748031616211,0.7087992429733276,205.74313354492188,95.54289245605469,0.831267237663269,0.0,0.0,0.23917074501514435,0.0,0.0,0.3114834129810333,0.0,0.0,0.0020137440878897905,0.0,0.0,0.0032361384946852922,0.0,0.0,0.00012614215665962547,0.0,0.0,0.0002019795501837507
868,True,0.0,0.0,0.003126423340290785,0.0,0.0,0.001033443259075284,0.0,0.0,0.00042981564183719456,0.0,0.0,0.002310496289283037,0.0,0.0,0.0004257250693626702,0.0,0.0,0.019142094999551773,0.0,0.0,0.06106884405016899,0.0,0.0,0.37405359745025635,250.6611328125,67.01425170898438,0.7315355539321899,270.95751953125,129.0579833984375,0.6517853736877441,203.3402099609375,95.42594909667969,0.8601643443107605,0.0,0.0,0.25114384293556213,0.0,0.0,0.38316044211387634,0.0,0.0,0.001714935526251793,0.0,0.0,0.0035362138878554106,0.0,0.0,0.00010075876343762502,0.0,0.0,0.00019243582210037857
869,True,0.0,0.0,0.004191158339381218,0.0,0.0,0.0010029677068814635,0.0,0.0,0.00048113393131643534,0.0,0.0,0.0018358948873355985,0.0,0.0,0.0006370418122969568,0.0,0.0,0.03807150200009346,0.0,0.0,0.10125446319580078,0.0,0.0,0.43677473068237305,255.56932067871094,63.950958251953125,0.7414106130599976,270.3536376953125,128.483642578125,0.6961883902549744,205.18267822265625,92.97942352294922,0.8725139498710632,0.0,0.0,0.2637982666492462,0.0,0.0,0.37908053398132324,0.0,0.0,0.002113765338435769,0.0,0.0,0.004236866720020771,0.0,0.0,9.291935566579923e-05,0.0,0.0,0.00017362425569444895
870,True,0.0,0.0,0.0057801068760454655,0.0,0.0,0.001440399675630033,0.0,0.0,0.0007479930063709617,0.0,0.0,0.002423598663881421,0.0,0.0,0.0006723624537698925,0.0,0.0,0.027954863384366035,0.0,0.0,0.12687534093856812,0.0,0.0,0.44864940643310547,249.47032165527344,65.93115234375,0.8555198311805725,268.84442138671875,131.43800354003906,0.7738946676254272,193.61415100097656,93.51546478271484,0.9372883439064026,0.0,0.0,0.3960670530796051,263.69329833984375,168.99185180664062,0.5885618329048157,0.0,0.0,0.002854358870536089,0.0,0.0,0.00672304630279541,0.0,0.0,9.216159378411248e-05,0.0,0.0,0.0001988046133192256
871,True,0.0,0.0,0.009457306005060673,0.0,0.0,0.00204210402444005,0.0,0.0,0.0007188403978943825,0.0,0.0,0.002482855459675193,0.0,0.0,0.0007692112121731043,0.0,0.0,0.08685354143381119,0.0,0.0,0.14581504464149475,318.4387512207031,89.3499984741211,0.6900969743728638,245.35986328125,70.184326171875,0.808641254901886,268.3328857421875,130.15713500976562,0.8781557083129883,189.4486083984375,94.1532974243164,0.9282172322273254,0.0,0.0,0.4420218765735626,265.3671875,175.15980529785156,0.5110737681388855,0.0,0.0,0.004313790705054998,0.0,0.0,0.006662465166300535,0.0,0.0,0.00010783648758661002,0.0,0.0,0.00017392149311490357
872,True,0.0,0.0,0.01194229070097208,0.0,0.0,0.0033624600619077682,0.0,0.0,0.0009372833883389831,0.0,0.0,0.0033979311119765043,0.0,0.0,0.0008505681180395186,0.0,0.0,0.09491804987192154,0.0,0.0,0.0958193689584732,312.91571044921875,85.40003967285156,0.6588893532752991,241.13357543945312,72.35572052001953,0.5925437808036804,268.8720397949219,130.47930908203125,0.8214772939682007,180.56503295898438,93.84443664550781,0.8131598830223083,0.0,0.0,0.431189626455307,0.0,0.0,0.42306938767433167,0.0,0.0,0.010702514089643955,0.0,0.0,0.011546595953404903,0.0,0.0,0.000500831170938909,0.0,0.0,0.0006190652493387461
873,True,0.0,0.0,0.007014587987214327,0.0,0.0,0.001623579184524715,0.0,0.0,0.0005428528529591858,0.0,0.0,0.0020353845320641994,0.0,0.0,0.0005533166113309562,0.0,0.0,0.0615496002137661,0.0,0.0,0.10471097379922867,316.1448974609375,83.7412338256836,0.6715988516807556,238.01626586914062,66.7620849609375,0.7804757952690125,271.34808349609375,130.84521484375,0.8776601552963257,178.47125244140625,97.07220458984375,0.926055908203125,0.0,0.0,0.3795161545276642,0.0,0.0,0.4393121898174286,0.0,0.0,0.0032197562977671623,0.0,0.0,0.004858703818172216,0.0,0.0,9.65079598245211e-05,0.0,0.0,0.00015115027781575918
874,True,0.0,0.0,0.003816611133515835,0.0,0.0,0.0006659561186097562,0.0,0.0,0.0003500278980936855,0.0,0.0,0.0011785866227000952,0.0,0.0,0.0006179949850775301,0.0,0.0,0.06416362524032593,0.0,0.0,0.14793761074543,316.460693359375,87.17593383789062,0.7264861464500427,231.40533447265625,70.37782287597656,0.8846840858459473,271.7991943359375,133.28370666503906,0.8972898125648499,172.1380615234375,99.90130615234375,0.957263171672821,301.1027526855469,178.96617126464844,0.5032943487167358,255.79031372070312,173.13003540039062,0.598987877368927,0.0,0.0,0.0030048571061342955,0.0,0.0,0.0052628060802817345,0.0,0.0,5.9577087085926905e-05,0.0,0.0,0.00010194713104283437
875,True,0.0,0.0,0.0023707908112555742,0.0,0.0,0.00035868826671503484,0.0,0.0,0.0002331287250854075,0.0,0.0,0.0006992872222326696,0.0,0.0,0.0005319143529050052,0.0,0.0,0.05226734280586243,0.0,0.0,0.13129211962223053,318.6040344238281,90.80706024169922,0.7367159724235535,229.5248260498047,67.51060485839844,0.905766487121582,274.978271484375,134.126953125,0.9125863909721375,168.87486267089844,99.50865173339844,0.9682744741439819,300.1788330078125,179.20350646972656,0.5309463143348694,253.36361694335938,172.21096801757812,0.6341402530670166,0.0,0.0,0.0030818325467407703,0.0,0.0,0.005702610593289137,0.0,0.0,5.446998693514615e-05,0.0,0.0,9.557326848153025e-05
876,True,0.0,0.0,0.000855070014949888,0.0,0.0,0.00011007392458850518,0.0,0.0,9.796601079870015e-05,0.0,0.0,0.0002373845927650109,0.0,0.0,0.00031951870187185705,0.0,0.0,0.017511049285531044,0.0,0.0,0.07713773846626282,319.1856689453125,86.95811462402344,0.6338964700698853,223.96383666992188,71.03086853027344,0.9156235456466675,275.9681091308594,135.6920166015625,0.8972184062004089,161.71929931640625,100.09414672851562,0.9759806394577026,0.0,0.0,0.4604374170303345,256.80865478515625,175.03738403320312,0.6188273429870605,0.0,0.0,0.0022145621478557587,0.0,0.0,0.00486137205734849,0.0,0.0,4.1614952351665124e-05,0.0,0.0,8.158589480444789e-05
877,True,0.0,0.0,0.0018114711856469512,0.0,0.0,0.0003961329348385334,0.0,0.0,0.00020926105207763612,0.0,0.0,0.000858531566336751,0.0,0.0,0.00033379418891854584,0.0,0.0,0.015859153121709824,0.0,0.0,0.0868227556347847,320.0,84.88729858398438,0.5313354134559631,215.8245391845703,78.97731018066406,0.8903051018714905,274.54083251953125,136.54794311523438,0.8498286604881287,155.7982177734375,97.14258575439453,0.9635260105133057,0.0,0.0,0.40672898292541504,255.99642944335938,174.6724090576172,0.593839704990387,0.0,0.0,0.0020133713260293007,0.0,0.0,0.004486558958888054,0.0,0.0,5.003185651730746e-05,0.0,0.0,0.00010220000694971532
878,True,0.0,0.0,0.0010078499326482415,0.0,0.0,0.00017137157556135207,0.0,0.0,0.00014057752559892833,0.0,0.0,0.00038708734791725874,0.0,0.0,0.00037972742575220764,0.0,0.0,0.012963477522134781,0.0,0.0,0.07388901710510254,0.0,0.0,0.4877087473869324,213.39224243164062,79.72452545166016,0.8572601079940796,277.572998046875,136.77981567382812,0.8020806908607483,148.06195068359375,97.69377136230469,0.9496954083442688,0.0,0.0,0.3404681980609894,267.42877197265625,173.2401123046875,0.5122677087783813,0.0,0.0,0.001853791531175375,0.0,0.0,0.003728631418198347,0.0,0.0,5.376554690883495e-05,0.0,0.0,9.957313886843622e-05
879,True,0.0,0.0,0.0013876904267817736,0.0,0.0,0.0002097234537359327,0.0,0.0,0.0001539416698506102,0.0,0.0,0.0003903070464730263,0.0,0.0,0.0004188613092992455,0.0,0.0,0.02400059625506401,0.0,0.0,0.09028759598731995,318.4125061035156,81.23919677734375,0.6759926080703735,214.69642639160156,76.71920013427734,0.8975118398666382,277.5555725097656,138.22247314453125,0.8883728384971619,143.84396362304688,99.4657974243164,0.9668439626693726,0.0,0.0,0.44592177867889404,262.9448547363281,175.71473693847656,0.5781890749931335,0.0,0.0,0.0021691664587706327,0.0,0.0,0.004026350099593401,0.0,0.0,4.550809899228625e-05,0.0,0.0,8.01533242338337e-05
880,True,0.0,0.0,0.000992206041701138,0.0,0.0,0.0001706573530100286,0.0,0.0,0.0001192783092847094,0.0,0.0,0.0004110937879886478,0.0,0.0,0.0002798291970975697,0.0,0.0,0.013572104275226593,0.0,0.0,0.06549566239118576,320.0,83.89112854003906,0.6003267168998718,215.8566131591797,76.19802856445312,0.8840512037277222,269.2177734375,138.05429077148438,0.8625037670135498,143.75714111328125,96.34759521484375,0.9599335789680481,0.0,0.0,0.4510193467140198,262.62188720703125,174.53277587890625,0.6080955862998962,0.0,0.0,0.0021890897769480944,0.0,0.0,0.004039266612380743,0.0,0.0,5.059142495156266e-05,0.0,0.0,9.000592399388552e-05
881,True,0.0,0.0,0.0010527611011639237,0.0,0.0,0.000156747832079418,0.0,0.0,0.00010270137863699347,0.0,0.0,0.0003105361829511821,0.0,0.0,0.00026963438722305,0.0,0.0,0.01993628218770027,0.0,0.0,0.06232088804244995,317.7333984375,87.27276611328125,0.6682316064834595,219.0896453857422,75.15890502929688,0.8725873231887817,268.4825744628906,139.8679656982422,0.9009021520614624,150.47561645507812,100.21743774414062,0.9653565883636475,0.0,0.0,0.4144963324069977,260.98516845703125,177.3265838623047,0.5296359062194824,0.0,0.0,0.0024476770777255297,0.0,0.0,0.004289169330149889,0.0,0.0,5.2155042794765905e-05,0.0,0.0,8.8144835899584e-05
882,True,0.0,0.0,0.001319783041253686,0.0,0.0,0.00020830948778893799,0.0,0.0,0.0001146038412116468,0.0,0.0,0.0004204335273243487,0.0,0.0,0.0002911215415224433,0.0,0.0,0.027534471824765205,0.0,0.0,0.07426565140485764,317.1905517578125,88.47293090820312,0.7133541107177734,220.42828369140625,76.42127227783203,0.8681783080101013,266.9076843261719,137.9741973876953,0.9146282076835632,150.59402465820312,98.80301666259766,0.9628057479858398,0.0,0.0,0.47786492109298706,264.8947448730469,176.76715087890625,0.5697364807128906,0.0,0.0,0.0033939711283892393,0.0,0.0,0.0053816926665604115,0.0,0.0,6.43688763375394e-05,0.0,0.0,0.0001034298402373679
883,True,0.0,0.0,0.0014993950026109815,0.0,0.0,0.00043920858297497034,0.0,0.0,0.0001536510098958388,0.0,0.0,0.0012261641677469015,0.0,0.0,0.00020217358542140573,0.0,0.0,0.013437076471745968,0.0,0.0,0.05215377360582352,0.0,0.0,0.4869617223739624,222.72654724121094,63.23582458496094,0.8164792060852051,256.56353759765625,137.7595977783203,0.8421264886856079,166.83108520507812,100.32124328613281,0.9453582167625427,0.0,0.0,0.2908380925655365,0.0,0.0,0.4383508861064911,0.0,0.0,0.0015532610705122352,0.0,0.0,0.00318045262247324,0.0,0.0,5.242321276455186e-05,0.0,0.0,0.0001016803362290375
884,True,0.0,0.0,0.0013443537754938006,0.0,0.0,0.0003240191435907036,0.0,0.0,0.00012962192704435438,0.0,0.0,0.0009171015117317438,0.0,0.0,0.0001795438874978572,0.0,0.0,0.011451714672148228,0.0,0.0,0.056444961577653885,0.0,0.0,0.4867783784866333,230.31272888183594,61.06489562988281,0.8382887244224548,250.10714721679688,135.68646240234375,0.8734946250915527,181.1728515625,100.34820556640625,0.9590170979499817,0.0,0.0,0.18343204259872437,0.0,0.0,0.31691858172416687,0.0,0.0,0.0012712737079709768,0.0,0.0,0.002612037817016244,0.0,0.0,6.03357439104002e-05,0.0,0.0,0.00011545723100425676
885,True,0.0,0.0,0.03004402108490467,0.0,0.0,0.011528953909873962,0.0,0.0,0.014259020797908306,92.22325897216797,118.68397521972656,0.5537245273590088,111.74307250976562,117.86026000976562,0.6386576294898987,86.29750061035156,138.46395874023438,0.9486134648323059,120.04046630859375,136.8158721923828,0.960048258304596,83.51495361328125,172.01602172851562,0.7017493844032288,133.3433837890625,168.48150634765625,0.7839435338973999,0.0,0.0,0.26213276386260986,0.0,0.0,0.34950992465019226,96.50045013427734,200.43902587890625,0.9235988855361938,118.96139526367188,199.62387084960938,0.9284051060676575,0.0,0.0,0.3107243776321411,0.0,0.0,0.34026142954826355,0.0,0.0,0.0469825379550457,0.0,0.0,0.05434081330895424
886,True,0.0,0.0,0.0014513031346723437,0.0,0.0,0.00018703418027143925,0.0,0.0,0.00014024267147760838,0.0,0.0,0.00023505983699578792,0.0,0.0,0.0002385867410339415,0.0,0.0,0.01045345887541771,0.0,0.0,0.024686021730303764,300.4452819824219,99.26919555664062,0.5328056216239929,253.34698486328125,62.299835205078125,0.7059544324874878,210.99835205078125,136.12521362304688,0.9168445467948914,202.64646911621094,102.03279876708984,0.9508974552154541,0.0,0.0,0.10833098739385605,0.0,0.0,0.1482519656419754,0.0,0.0,0.0022084275260567665,0.0,0.0,0.00290667824447155,0.0,0.0,0.00016049623081926256,0.0,0.0,0.00021954732073936611
887,True,0.0,0.0,0.009001594968140125,0.0,0.0,0.0015593740390613675,0.0,0.0,0.000957186333835125,0.0,0.0,0.0008755065500736237,0.0,0.0,0.0007113807951100171,0.0,0.0,0.013196541927754879,0.0,0.0,0.018855301663279533,0.0,0.0,0.32403507828712463,0.0,0.0,0.2997666299343109,189.6457977294922,140.03916931152344,0.8190443515777588,192.97987365722656,128.74057006835938,0.7701516151428223,0.0,0.0,0.050784435123205185,0.0,0.0,0.05849272385239601,0.0,0.0,0.0037511810660362244,0.0,0.0,0.003942491952329874,0.0,0.0,0.0004535228363238275,0.0,0.0,0.0005252573173493147
888,True,0.0,0.0,0.08455943316221237,0.0,0.0,0.024573886767029762,0.0,0.0,0.008709432557225227,0.0,0.0,0.01079231221228838,0.0,0.0,0.006677272263914347,0.0,0.0,0.09500481188297272,0.0,0.0,0.07684344798326492,0.0,0.0,0.41931378841400146,0.0,0.0,0.25335031747817993,162.59609985351562,145.01686096191406,0.7727099061012268,188.87545776367188,115.7883529663086,0.6554999947547913,0.0,0.0,0.04596627131104469,0.0,0.0,0.045041635632514954,0.0,0.0,0.008089500479400158,0.0,0.0,0.007444383110851049,0.0,0.0,0.0015992717817425728,0.0,0.0,0.0017394197639077902
889,True,0.0,0.0,0.018860146403312683,0.0,0.0,0.0026917271316051483,0.0,0.0,0.0015615923330187798,0.0,0.0,0.0010274412343278527,0.0,0.0,0.0010534357279539108,0.0,0.0,0.01896890439093113,0.0,0.0,0.057123564183712006,0.0,0.0,0.3485563397407532,266.1092529296875,95.51744079589844,0.5498561263084412,149.32598876953125,143.4689483642578,0.7800946831703186,149.79022216796875,140.93942260742188,0.8516761660575867,0.0,0.0,0.05431421473622322,0.0,0.0,0.09212154150009155,0.0,0.0,0.0022732336074113846,0.0,0.0,0.0036855635698884726,0.0,0.0,0.00019173581677023321,0.0,0.0,0.00031230630702339113
890,True,0.0,0.0,0.034247297793626785,0.0,0.0,0.0074597434140741825,0.0,0.0,0.002082036342471838,0.0,0.0,0.003028721548616886,0.0,0.0,0.0009827379835769534,0.0,0.0,0.027579208835959435,0.0,0.0,0.04900423809885979,0.0,0.0,0.34800437092781067,0.0,0.0,0.3940272331237793,144.98719787597656,141.33985900878906,0.7759556174278259,146.11727905273438,140.54835510253906,0.7614586353302002,0.0,0.0,0.049405526369810104,0.0,0.0,0.07167145609855652,0.0,0.0,0.0033613559789955616,0.0,0.0,0.00480994675308466,0.0,0.0,0.00034404225880280137,0.0,0.0,0.0005273245624266565
891,True,0.0,0.0,0.022720064967870712,0.0,0.0,0.0029377746395766735,0.0,0.0,0.001710911514237523,0.0,0.0,0.000788982433732599,0.0,0.0,0.0008175424300134182,0.0,0.0,0.01445813663303852,0.0,0.0,0.04336918145418167,0.0,0.0,0.34601083397865295,260.3067932128906,93.40335845947266,0.529849648475647,139.7935333251953,144.17166137695312,0.8322402238845825,138.40313720703125,142.302001953125,0.8779881000518799,0.0,0.0,0.028003418818116188,0.0,0.0,0.048086851835250854,0.0,0.0,0.0016276598908007145,0.0,0.0,0.0026776688173413277,0.0,0.0,0.00017795116582419723,0.0,0.0,0.00029095838544890285
892,True,0.0,0.0,0.04956619814038277,0.0,0.0,0.007003454491496086,0.0,0.0,0.0037461910396814346,0.0,0.0,0.0014016551431268454,0.0,0.0,0.0015829569892957807,0.0,0.0,0.02028113789856434,0.0,0.0,0.10341768711805344,0.0,0.0,0.27869510650634766,253.7830810546875,102.18283081054688,0.658416748046875,141.08457946777344,144.76304626464844,0.7717500925064087,140.11419677734375,142.56065368652344,0.909372866153717,0.0,0.0,0.023504823446273804,0.0,0.0,0.056224215775728226,0.0,0.0,0.001405850751325488,0.0,0.0,0.003197772428393364,0.0,0.0,0.0001641320704948157,0.0,0.0,0.00034439945011399686
893,True,0.0,0.0,0.14238019287586212,0.0,0.0,0.021665144711732864,0.0,0.0,0.018942344933748245,0.0,0.0,0.003213620511814952,0.0,0.0,0.006573488004505634,0.0,0.0,0.04242600500583649,0.0,0.0,0.17604629695415497,0.0,0.0,0.2379668951034546,265.343505859375,104.1985855102539,0.5622679591178894,156.19918823242188,143.30162048339844,0.6550484299659729,153.41244506835938,140.22171020507812,0.8408054113388062,0.0,0.0,0.026576582342386246,0.0,0.0,0.05898837000131607,0.0,0.0,0.003346512094140053,0.0,0.0,0.007172221317887306,0.0,0.0,0.0005852961912751198,0.0,0.0,0.0011600434081628919
894,True,120.97364807128906,82.0908203125,0.9355214834213257,123.23477172851562,79.28970336914062,0.8537139892578125,118.09379577636719,78.76544189453125,0.9261622428894043,0.0,0.0,0.36769574880599976,112.24159240722656,78.97370910644531,0.765317440032959,119.5595474243164,96.31256103515625,0.8360894918441772,112.06420135498047,96.96418762207031,0.8113798499107361,0.0,0.0,0.370087206363678,0.0,0.0,0.39524734020233154,0.0,0.0,0.2906613349914551,0.0,0.0,0.3234465420246124,0.0,0.0,0.26214805245399475,0.0,0.0,0.25023308396339417,0.0,0.0,0.06298715621232986,0.0,0.0,0.06053723022341728,0.0,0.0,0.02452225610613823,0.0,0.0,0.022851232439279556
895,True,120.97393798828125,82.09845733642578,0.9365394115447998,123.24029541015625,79.2856216430664,0.8541081547737122,118.08306121826172,78.75502014160156,0.9275423884391785,0.0,0.0,0.36482760310173035,112.2038803100586,78.97513580322266,0.76865154504776,119.5440444946289,96.41777801513672,0.8376936316490173,111.91497802734375,97.07865905761719,0.8163002133369446,0.0,0.0,0.37104541063308716,0.0,0.0,0.4024616777896881,0.0,0.0,0.2919856309890747,0.0,0.0,0.33007362484931946,0.0,0.0,0.2622924745082855,0.0,0.0,0.25210651755332947,0.0,0.0,0.06267610937356949,0.0,0.0,0.060876864939928055,0.0,0.0,0.02437804825603962,0.0,0.0,0.022892208769917488
896,False,0.0,0.0,0.0,0.0,0.0,0.0,0.0,0.0,0.0,0.0,0.0,0.0,0.0,0.0,0.0,0.0,0.0,0.0,0.0,0.0,0.0,0.0,0.0,0.0,0.0,0.0,0.0,0.0,0.0,0.0,0.0,0.0,0.0,0.0,0.0,0.0,0.0,0.0,0.0,0.0,0.0,0.0,0.0,0.0,0.0,0.0,0.0,0.0,0.0,0.0,0.0
897,True,0.0,0.0,0.007343844510614872,0.0,0.0,0.0011320097837597132,0.0,0.0,0.001836380804888904,0.0,0.0,0.0010130752343684435,0.0,0.0,0.0023894282057881355,0.0,0.0,0.009558216668665409,0.0,0.0,0.09916850924491882,0.0,0.0,0.07980972528457642,257.4361267089844,93.26068115234375,0.5704197883605957,0.0,0.0,0.19878189265727997,222.74395751953125,128.7667694091797,0.6511322259902954,0.0,0.0,0.028159337118268013,0.0,0.0,0.08376199007034302,0.0,0.0,0.0010456827003508806,0.0,0.0,0.0029025711119174957,0.0,0.0,0.00028167531127110124,0.0,0.0,0.0006183222867548466
898,True,0.0,0.0,0.005879647098481655,0.0,0.0,0.0012631688732653856,0.0,0.0,0.0006639332859776914,0.0,0.0,0.0012590428814291954,0.0,0.0,0.00048610454541631043,0.0,0.0,0.005628378130495548,0.0,0.0,0.018337592482566833,0.0,0.0,0.08328205347061157,0.0,0.0,0.2990618050098419,0.0,0.0,0.4541585445404053,263.3020935058594,126.29165649414062,0.6961109042167664,0.0,0.0,0.027377257123589516,0.0,0.0,0.05313795804977417,0.0,0.0,0.005273536313325167,0.0,0.0,0.010775730013847351,0.0,0.0,0.0014778852928429842,0.0,0.0,0.0027054890524595976
899,True,0.0,0.0,0.004726755898445845,0.0,0.0,0.0006410371861420572,0.0,0.0,0.001347108045592904,0.0,0.0,0.00048463905113749206,0.0,0.0,0.0015812576748430729,0.0,0.0,0.0032323079649358988,0.0,0.0,0.12568384408950806,0.0,0.0,0.03878658264875412,247.92506408691406,105.86653137207031,0.8264873027801514,0.0,0.0,0.18599039316177368,218.63418579101562,133.08615112304688,0.8749280571937561,0.0,0.0,0.016302447766065598,0.0,0.0,0.09371979534626007,0.0,0.0,0.000577787694055587,0.0,0.0,0.0031818679999560118,0.0,0.0,0.00017268712690565735,0.0,0.0,0.0006278569926507771
900,False,0.0,0.0,0.0,0.0,0.0,0.0,0.0,0.0,0.0,0.0,0.0,0.0,0.0,0.0,0.0,0.0,0.0,0.0,0.0,0.0,0.0,0.0,0.0,0.0,0.0,0.0,0.0,0.0,0.0,0.0,0.0,0.0,0.0,0.0,0.0,0.0,0.0,0.0,0.0,0.0,0.0,0.0,0.0,0.0,0.0,0.0,0.0,0.0,0.0,0.0,0.0
901,True,0.0,0.0,0.007983677089214325,0.0,0.0,0.0018935016123577952,0.0,0.0,0.00138474116101861,0.0,0.0,0.0022355448454618454,0.0,0.0,0.001450742012821138,0.0,0.0,0.02161269076168537,0.0,0.0,0.11073242127895355,0.0,0.0,0.17944620549678802,251.30813598632812,99.10576629638672,0.6588708162307739,0.0,0.0,0.370268851518631,219.82179260253906,139.3065948486328,0.7334243655204773,0.0,0.0,0.07127083837985992,0.0,0.0,0.15098287165164948,0.0,0.0,0.0023947786539793015,0.0,0.0,0.0055310376919806,0.0,0.0,0.000462283322121948,0.0,0.0,0.0009262608364224434
902,True,0.0,0.0,0.00827021338045597,0.0,0.0,0.0018871534848585725,0.0,0.0,0.0013962076045572758,0.0,0.0,0.001788257621228695,0.0,0.0,0.001176477991975844,0.0,0.0,0.015952451154589653,0.0,0.0,0.1328362673521042,0.0,0.0,0.18076759576797485,247.72557067871094,99.12055969238281,0.7457864284515381,0.0,0.0,0.47980996966362,220.64242553710938,142.1710968017578,0.8480715155601501,0.0,0.0,0.11372727900743484,0.0,0.0,0.2609049677848816,0.0,0.0,0.0042479983530938625,0.0,0.0,0.010699671693146229,0.0,0.0,0.0008672575931996107,0.0,0.0,0.0018757069483399391
903,True,0.0,0.0,0.0020043328404426575,0.0,0.0,0.00027052429504692554,0.0,0.0,0.0008263403433375061,0.0,0.0,0.00038013525772839785,0.0,0.0,0.0017886210698634386,0.0,0.0,0.0025056239683181047,0.0,0.0,0.1467859148979187,0.0,0.0,0.025498870760202408,248.32884216308594,77.8606185913086,0.8670334219932556,0.0,0.0,0.1080210730433464,225.34117126464844,134.29217529296875,0.8699360489845276,0.0,0.0,0.10725004971027374,0.0,0.0,0.4781988263130188,0.0,0.0,0.0023304494097828865,0.0,0.0,0.017178857699036598,0.0,0.0,0.0003644104581326246,0.0,0.0,0.0016127993585541844
904,True,0.0,0.0,0.00600459473207593,0.0,0.0,0.0008798686321824789,0.0,0.0,0.0017324242508038878,0.0,0.0,0.0007747728377580643,0.0,0.0,0.0018355444772168994,0.0,0.0,0.00792599841952324,0.0,0.0,0.25741490721702576,0.0,0.0,0.08515619486570358,239.92391967773438,104.25080108642578,0.9189812541007996,0.0,0.0,0.26308947801589966,214.82154846191406,141.25802612304688,0.9077277183532715,0.0,0.0,0.22143173217773438,262.2900390625,169.89779663085938,0.6221162676811218,0.0,0.0,0.0072824726812541485,0.0,0.0,0.03627584129571915,0.0,0.0,0.001225547632202506,0.0,0.0,0.00414998410269618
905,True,0.0,0.0,0.0029469819273799658,0.0,0.0,0.0004815909487660974,0.0,0.0,0.0008291324484162033,0.0,0.0,0.000990932690910995,0.0,0.0,0.0017081315163522959,0.0,0.0,0.011598378419876099,0.0,0.0,0.18372462689876556,0.0,0.0,0.11358703672885895,251.5607452392578,91.27784729003906,0.8489174842834473,0.0,0.0,0.2394934892654419,226.5346221923828,134.12330627441406,0.8196625709533691,0.0,0.0,0.20506033301353455,263.7571716308594,152.31552124023438,0.5010549426078796,0.0,0.0,0.00542099354788661,0.0,0.0,0.019425496459007263,0.0,0.0,0.0010757354320958257,0.0,0.0,0.002875944599509239
906,True,0.0,0.0,0.0037064673379063606,0.0,0.0,0.0005815864424221218,0.0,0.0,0.0010745268082246184,0.0,0.0,0.0006868882337585092,0.0,0.0,0.0016874405555427074,0.0,0.0,0.005014112684875727,0.0,0.0,0.13989774882793427,0.0,0.0,0.040916502475738525,250.65402221679688,95.13893127441406,0.7936282753944397,0.0,0.0,0.13531358540058136,231.51466369628906,133.40390014648438,0.8125160932540894,0.0,0.0,0.057917241007089615,0.0,0.0,0.24640986323356628,0.0,0.0,0.0017663041362538934,0.0,0.0,0.00926029309630394,0.0,0.0,0.0003867633349727839,0.0,0.0,0.0013465618249028921
907,True,0.0,0.0,0.004124258179217577,0.0,0.0,0.0006222098018042743,0.0,0.0,0.0015047845663502812,0.0,0.0,0.001175789046101272,0.0,0.0,0.0034681500401347876,0.0,0.0,0.009911531582474709,0.0,0.0,0.3164040744304657,0.0,0.0,0.047674309462308884,252.68426513671875,76.60969543457031,0.871636152267456,0.0,0.0,0.09401381760835648,229.87388610839844,132.48611450195312,0.7863113284111023,0.0,0.0,0.20873792469501495,272.35430908203125,148.06576538085938,0.6168602108955383,0.0,0.0,0.005872705485671759,0.0,0.0,0.03409367427229881,0.0,0.0,0.0011367725674062967,0.0,0.0,0.004261339548975229
908,True,0.0,0.0,0.00344299734570086,0.0,0.0,0.0004693141672760248,0.0,0.0,0.0010772449895739555,0.0,0.0,0.0006563941133208573,0.0,0.0,0.002285875380039215,0.0,0.0,0.007432353217154741,0.0,0.0,0.14807277917861938,0.0,0.0,0.0617174357175827,256.11138916015625,76.22157287597656,0.7937074899673462,0.0,0.0,0.18084825575351715,231.8833770751953,129.26568603515625,0.8207347989082336,0.0,0.0,0.09784801304340363,0.0,0.0,0.3242383301258087,0.0,0.0,0.002759695053100586,0.0,0.0,0.01211532298475504,0.0,0.0,0.0004456026363186538,0.0,0.0,0.0013532978482544422
909,True,0.0,0.0,0.00750487856566906,0.0,0.0,0.0012042897287756205,0.0,0.0,0.0014738250756636262,0.0,0.0,0.0014216467970982194,0.0,0.0,0.0018600818002596498,0.0,0.0,0.02054012194275856,0.0,0.0,0.14575280249118805,0.0,0.0,0.18793070316314697,260.9175109863281,84.29920959472656,0.7517225742340088,0.0,0.0,0.3744249939918518,231.48858642578125,133.8518829345703,0.8027718663215637,0.0,0.0,0.1169365644454956,0.0,0.0,0.253957599401474,0.0,0.0,0.002171990927308798,0.0,0.0,0.005783768370747566,0.0,0.0,0.00027539805159904063,0.0,0.0,0.0005983325536362827
910,True,0.0,0.0,0.008549409918487072,0.0,0.0,0.0012288029538467526,0.0,0.0,0.0023153892252594233,0.0,0.0,0.001705181784927845,0.0,0.0,0.0042587523348629475,0.0,0.0,0.030940769240260124,0.0,0.0,0.34309107065200806,0.0,0.0,0.16087214648723602,252.1909942626953,80.71448516845703,0.8684352040290833,0.0,0.0,0.26407018303871155,229.0900421142578,133.33099365234375,0.838208019733429,0.0,0.0,0.26018112897872925,270.622314453125,157.44403076171875,0.5559381246566772,0.0,0.0,0.004272672813385725,0.0,0.0,0.016025913879275322,0.0,0.0,0.0003973235434386879,0.0,0.0,0.0010841861367225647
911,True,0.0,0.0,0.015904966741800308,0.0,0.0,0.002080304315313697,0.0,0.0,0.004681766964495182,0.0,0.0,0.002184344455599785,0.0,0.0,0.007651161402463913,0.0,0.0,0.045979950577020645,0.0,0.0,0.4383374750614166,0.0,0.0,0.2004358470439911,252.30850219726562,82.2373275756836,0.8931055068969727,0.0,0.0,0.3171870708465576,229.41543579101562,134.45770263671875,0.8647928237915039,0.0,0.0,0.26222923398017883,272.7542419433594,159.83026123046875,0.5514829158782959,0.0,0.0,0.003427494317293167,0.0,0.0,0.012436721473932266,0.0,0.0,0.0002688304230105132,0.0,0.0,0.0007147809956222773
912,True,0.0,0.0,0.006952823605388403,0.0,0.0,0.0007073112647049129,0.0,0.0,0.002224976196885109,0.0,0.0,0.0014421186642721295,0.0,0.0,0.005620033945888281,0.0,0.0,0.03962627798318863,259.4714660644531,14.935699462890625,0.5561065673828125,0.0,0.0,0.3553650677204132,250.96585083007812,73.22613525390625,0.974430501461029,296.31109619140625,145.07716369628906,0.6589989066123962,231.3223114013672,132.81671142578125,0.9757466316223145,305.670654296875,156.14599609375,0.5121086239814758,267.9107666015625,152.0447998046875,0.816340982913971,0.0,0.0,0.006580214481800795,0.0,0.0,0.027449779212474823,0.0,0.0,0.00033275395981036127,0.0,0.0,0.0009799260878935456
913,True,0.0,0.0,0.016086088493466377,0.0,0.0,0.002024158602580428,0.0,0.0,0.004175144247710705,0.0,0.0,0.0027703146915882826,0.0,0.0,0.00658629834651947,0.0,0.0,0.03960173577070236,260.5353698730469,18.682861328125,0.602724015712738,0.0,0.0,0.169673889875412,250.27767944335938,84.54874420166016,0.9502108693122864,0.0,0.0,0.36994460225105286,232.38031005859375,136.12533569335938,0.9402549862861633,0.0,0.0,0.19132277369499207,272.1654052734375,164.64089965820312,0.5510657429695129,0.0,0.0,0.003618591232225299,0.0,0.0,0.018388591706752777,0.0,0.0,0.0004169545427430421,0.0,0.0,0.001448549795895815
914,True,0.0,0.0,0.02846951223909855,0.0,0.0,0.003632659325376153,0.0,0.0,0.008428079076111317,0.0,0.0,0.004012045916169882,0.0,0.0,0.013140148483216763,0.0,0.0,0.11116913706064224,261.40850830078125,20.38974380493164,0.6460657119750977,0.0,0.0,0.39530467987060547,251.7103271484375,86.70767211914062,0.9451478719711304,301.6865234375,138.11312866210938,0.5114230513572693,231.2436065673828,138.22927856445312,0.917388916015625,0.0,0.0,0.46806246042251587,269.80401611328125,157.7010498046875,0.7277346849441528,0.0,0.0,0.00694449245929718,0.0,0.0,0.021891720592975616,0.0,0.0,0.00047631474444642663,0.0,0.0,0.0011579582933336496
915,True,0.0,0.0,0.01208497118204832,0.0,0.0,0.0008481223485432565,0.0,0.0,0.006000142078846693,0.0,0.0,0.001436038059182465,0.0,0.0,0.02183515392243862,0.0,0.0,0.08867880702018738,259.23883056640625,18.16905975341797,0.7009246349334717,0.0,0.0,0.43743303418159485,253.72891235351562,81.81060791015625,0.975860059261322,301.09356689453125,138.59242248535156,0.6054686307907104,233.46917724609375,136.20545959472656,0.9635004997253418,302.2152099609375,146.15431213378906,0.5568336248397827,269.4798278808594,145.49026489257812,0.8201683163642883,0.0,0.0,0.008857784792780876,0.0,0.0,0.03026471845805645,0.0,0.0,0.0005714578437618911,0.0,0.0,0.0013958485797047615
916,True,0.0,0.0,0.02577705681324005,0.0,0.0,0.0032319913152605295,0.0,0.0,0.0051969257183372974,0.0,0.0,0.004789736121892929,0.0,0.0,0.010240759700536728,0.0,0.0,0.22676976025104523,264.3431701660156,21.563377380371094,0.6198409795761108,314.90216064453125,95.18717193603516,0.6594910025596619,260.03375244140625,95.3360366821289,0.9258262515068054,300.6457824707031,149.0589141845703,0.6999636292457581,232.890625,140.4215850830078,0.9030354619026184,302.6727600097656,164.68812561035156,0.559535026550293,277.13616943359375,163.9080047607422,0.6992520689964294,0.0,0.0,0.01686721481382847,0.0,0.0,0.03105045109987259,0.0,0.0,0.0012484127655625343,0.0,0.0,0.002095150062814355
917,True,0.0,0.0,0.03559114411473274,0.0,0.0,0.00540507398545742,0.0,0.0,0.007322570309042931,0.0,0.0,0.0070967841893434525,0.0,0.0,0.008910402655601501,0.0,0.0,0.19538560509681702,262.68853759765625,19.004776000976562,0.581405758857727,318.08880615234375,94.91694641113281,0.6636272668838501,259.4244689941406,89.68775939941406,0.919191837310791,301.3252868652344,147.49905395507812,0.7392486929893494,234.879638671875,139.6321258544922,0.9030847549438477,305.6603088378906,157.46803283691406,0.5507236123085022,273.5498962402344,156.3142547607422,0.6890027523040771,0.0,0.0,0.02267874777317047,0.0,0.0,0.0370338149368763,0.0,0.0,0.002492430154234171,0.0,0.0,0.00383001402951777
918,True,0.0,0.0,0.03528472036123276,0.0,0.0,0.004984279163181782,0.0,0.0,0.007728923577815294,0.0,0.0,0.0066687799990177155,0.0,0.0,0.010366415604948997,0.0,0.0,0.20963230729103088,262.11334228515625,19.200828552246094,0.6263580322265625,319.170166015625,95.78009033203125,0.6811382174491882,259.3004150390625,90.42982482910156,0.9340043663978577,300.99957275390625,147.71176147460938,0.7488274574279785,235.21932983398438,139.83876037597656,0.9156264662742615,306.01593017578125,156.79689025878906,0.5760046243667603,273.1417236328125,155.57638549804688,0.718843936920166,0.0,0.0,0.020511694252490997,0.0,0.0,0.03488289937376976,0.0,0.0,0.001993149984627962,0.0,0.0,0.003137222258374095
919,True,0.0,0.0,0.01409278716892004,0.0,0.0,0.0009421611903235316,0.0,0.0,0.00719102006405592,0.0,0.0,0.0010553398169577122,0.0,0.0,0.027814466506242752,0.0,0.0,0.09166625887155533,261.07684326171875,21.916213989257812,0.7072519659996033,315.9110412597656,87.13908386230469,0.5040591955184937,253.755615234375,81.87918090820312,0.9784258008003235,303.3520812988281,140.58729553222656,0.6827625632286072,233.35275268554688,136.1361846923828,0.9718054533004761,309.1064453125,146.97605895996094,0.6586010456085205,274.4244079589844,146.72393798828125,0.8674729466438293,0.0,0.0,0.016451964154839516,0.0,0.0,0.05082210898399353,0.0,0.0,0.0010782871395349503,0.0,0.0,0.0024586620274931192
920,True,0.0,0.0,0.01676018536090851,0.0,0.0,0.0014912019250914454,0.0,0.0,0.006079798098653555,0.0,0.0,0.0016015598084777594,0.0,0.0,0.01694422960281372,0.0,0.0,0.0659414678812027,265.4126281738281,20.680465698242188,0.5665542483329773,0.0,0.0,0.2530847191810608,255.41673278808594,82.35926055908203,0.9248389005661011,0.0,0.0,0.38240641355514526,232.96792602539062,135.76905822753906,0.905121386051178,0.0,0.0,0.2737768590450287,278.110595703125,162.85397338867188,0.5650860071182251,0.0,0.0,0.006001120433211327,0.0,0.0,0.02045656181871891,0.0,0.0,0.0006434096139855683,0.0,0.0,0.0016014911234378815
921,True,0.0,0.0,0.02718283422291279,0.0,0.0,0.0027517983689904213,0.0,0.0,0.010282088071107864,0.0,0.0,0.003005125792697072,0.0,0.0,0.02666115202009678,0.0,0.0,0.10342264920473099,267.09332275390625,23.339920043945312,0.541796863079071,0.0,0.0,0.3626381456851959,251.54171752929688,102.34432220458984,0.8852252960205078,0.0,0.0,0.429187536239624,232.46896362304688,142.52560424804688,0.830302357673645,0.0,0.0,0.2273992896080017,0.0,0.0,0.41423889994621277,0.0,0.0,0.01014090795069933,0.0,0.0,0.02022826485335827,0.0,0.0,0.0022291233763098717,0.0,0.0,0.003717381041496992
922,True,0.0,0.0,0.01145534310489893,0.0,0.0,0.0007596806972287595,0.0,0.0,0.007379134651273489,0.0,0.0,0.0007901223143562675,0.0,0.0,0.028470538556575775,0.0,0.0,0.022014331072568893,263.07659912109375,24.385147094726562,0.6151213645935059,0.0,0.0,0.04659518599510193,246.47108459472656,106.48213958740234,0.909832775592804,0.0,0.0,0.07935481518507004,232.6309814453125,134.20945739746094,0.82475745677948,0.0,0.0,0.06683407723903656,0.0,0.0,0.3296732008457184,0.0,0.0,0.0011290970724076033,0.0,0.0,0.00685636093840003,0.0,0.0,0.00019318517297506332,0.0,0.0,0.0007059506024233997
923,True,0.0,0.0,0.01302959956228733,0.0,0.0,0.0009111120016314089,0.0,0.0,0.007972827181220055,0.0,0.0,0.000977671705186367,0.0,0.0,0.028160059824585915,0.0,0.0,0.02455238439142704,261.7545471191406,25.2261962890625,0.638564944267273,0.0,0.0,0.04963693395256996,246.09486389160156,107.40432739257812,0.9137178659439087,0.0,0.0,0.08247542381286621,232.15142822265625,134.50192260742188,0.8268494606018066,0.0,0.0,0.07311452180147171,0.0,0.0,0.35076892375946045,0.0,0.0,0.00114405807107687,0.0,0.0,0.006996844429522753,0.0,0.0,0.00018332373292651027,0.0,0.0,0.0006795218796469271
924,True,128.6782989501953,80.62360382080078,0.8961504697799683,131.02439880371094,78.1781234741211,0.7607471346855164,126.4634780883789,76.78919982910156,0.8902275562286377,0.0,0.0,0.21942995488643646,119.69497680664062,76.3601303100586,0.6448078155517578,125.65193176269531,95.36036682128906,0.8398815989494324,115.19439697265625,93.0870361328125,0.7965548038482666,0.0,0.0,0.4075307548046112,0.0,0.0,0.25063011050224304,0.0,0.0,0.29640668630599976,0.0,0.0,0.17532815039157867,0.0,0.0,0.4725811779499054,0.0,0.0,0.4082762598991394,0.0,0.0,0.09080793708562851,0.0,0.0,0.06652222573757172,0.0,0.0,0.028303058817982674,0.0,0.0,0.022105278447270393
925,True,128.0840301513672,80.4679946899414,0.9522306323051453,130.65234375,79.094482421875,0.9038070440292358,126.23046875,76.85441589355469,0.9302364587783813,0.0,0.0,0.47548699378967285,119.80615234375,75.93829345703125,0.7589088678359985,125.33299255371094,94.43077850341797,0.9319401979446411,114.38500213623047,90.25877380371094,0.7956440448760986,128.8984375,115.11421966552734,0.687488853931427,0.0,0.0,0.3467179238796234,131.8276824951172,127.11283111572266,0.521171510219574,0.0,0.0,0.2854783236980438,0.0,0.0,0.4799548089504242,0.0,0.0,0.32415255904197693,0.0,0.0,0.10501370579004288,0.0,0.0,0.05790594220161438,0.0,0.0,0.029186736792325974,0.0,0.0,0.01802808791399002
926,True,127.70641326904297,80.42244720458984,0.9494836330413818,130.2660675048828,78.91886138916016,0.8989330530166626,125.84557342529297,76.78107452392578,0.9291034936904907,0.0,0.0,0.46599793434143066,119.50243377685547,75.83523559570312,0.7568629384040833,125.16169738769531,94.62730407714844,0.9208394289016724,114.45633697509766,90.69065856933594,0.7889394164085388,128.8118896484375,115.53005981445312,0.6354654431343079,0.0,0.0,0.33494651317596436,0.0,0.0,0.4713401198387146,0.0,0.0,0.271431565284729,0.0,0.0,0.44880202412605286,0.0,0.0,0.3124716281890869,0.0,0.0,0.10117444396018982,0.0,0.0,0.05951199680566788,0.0,0.0,0.029373669996857643,0.0,0.0,0.019059572368860245
927,True,127.3922348022461,79.83902740478516,0.9497590065002441,129.79702758789062,78.22906494140625,0.8932312726974487,125.43960571289062,76.45252990722656,0.9312242865562439,0.0,0.0,0.44975557923316956,119.36528778076172,75.85267639160156,0.7701328992843628,125.67166137695312,93.85535430908203,0.9203564524650574,114.53227996826172,90.5686264038086,0.8206101655960083,128.69482421875,114.55550384521484,0.6330747604370117,0.0,0.0,0.39787527918815613,0.0,0.0,0.478322297334671,0.0,0.0,0.3217797875404358,0.0,0.0,0.4724729657173157,0.0,0.0,0.3565574288368225,0.0,0.0,0.1046319380402565,0.0,0.0,0.06780461966991425,0.0,0.0,0.0291135273873806,0.0,0.0,0.020237891003489494
928,True,0.0,0.0,0.006293703336268663,0.0,0.0,0.0015894905664026737,0.0,0.0,0.0027237674221396446,0.0,0.0,0.0026939462404698133,0.0,0.0,0.0037392745725810528,0.0,0.0,0.004648486152291298,0.0,0.0,0.11111456900835037,0.0,0.0,0.019267551600933075,280.0586853027344,62.48682403564453,0.5312391519546509,0.0,0.0,0.05429215729236603,249.7786865234375,115.84081268310547,0.5132696032524109,0.0,0.0,0.20421189069747925,287.5226745605469,124.43930053710938,0.5524359345436096,0.0,0.0,0.010698329657316208,0.0,0.0,0.04980290308594704,0.0,0.0,0.0014743051724508405,0.0,0.0,0.00470507750287652
929,True,0.0,0.0,0.0007499479106627405,0.0,0.0,0.0001539401855552569,0.0,0.0,0.00047114925109781325,0.0,0.0,0.0008303626673296094,0.0,0.0,0.0028312369249761105,0.0,0.0,0.0015106839127838612,0.0,0.0,0.04515870288014412,0.0,0.0,0.009838102385401726,0.0,0.0,0.49278736114501953,0.0,0.0,0.03769883140921593,255.35421752929688,114.91670227050781,0.5342272520065308,0.0,0.0,0.19431667029857635,288.8841857910156,90.94927978515625,0.5739971995353699,0.0,0.0,0.023676704615354538,0.0,0.0,0.12192477285861969,0.0,0.0,0.0030068422202020884,0.0,0.0,0.010375694371759892
930,True,0.0,0.0,0.004782828968018293,0.0,0.0,0.0008465567952953279,0.0,0.0,0.0016732263611629605,0.0,0.0,0.0021697236225008965,0.0,0.0,0.0031141957733780146,0.0,0.0,0.009911124594509602,0.0,0.0,0.19027096033096313,0.0,0.0,0.06013670936226845,285.9353942871094,66.70624542236328,0.8065155148506165,0.0,0.0,0.14723394811153412,253.07492065429688,116.78482055664062,0.8059285283088684,0.0,0.0,0.3336547017097473,284.4570007324219,138.20431518554688,0.7168087959289551,0.0,0.0,0.01492275670170784,0.0,0.0,0.07813703268766403,0.0,0.0,0.0014335137093439698,0.0,0.0,0.00511553231626749
931,True,0.0,0.0,0.0010628312593325973,0.0,0.0,0.00019398645963519812,0.0,0.0,0.0007016301969997585,0.0,0.0,0.0007275454699993134,0.0,0.0,0.002722924342378974,0.0,0.0,0.0015509496442973614,0.0,0.0,0.09392938017845154,0.0,0.0,0.010555901564657688,283.108642578125,56.855499267578125,0.7247338891029358,0.0,0.0,0.04453202337026596,252.87246704101562,114.85051727294922,0.7376048564910889,0.0,0.0,0.33522164821624756,285.8454284667969,83.33999633789062,0.8001025319099426,0.0,0.0,0.07426904141902924,0.0,0.0,0.39485272765159607,0.0,0.0,0.010559109039604664,0.0,0.0,0.04559922218322754
932,True,0.0,0.0,0.0009331791661679745,0.0,0.0,0.00018985386122949421,0.0,0.0,0.0005203250329941511,0.0,0.0,0.0009004595340229571,0.0,0.0,0.0019224234856665134,0.0,0.0,0.0021859840489923954,0.0,0.0,0.08917387574911118,0.0,0.0,0.01847350224852562,283.0570068359375,61.15647506713867,0.7271215319633484,0.0,0.0,0.0811338946223259,249.31130981445312,112.40943145751953,0.7598350048065186,0.0,0.0,0.3624286949634552,284.885498046875,76.00395202636719,0.7816672921180725,0.0,0.0,0.05639609694480896,0.0,0.0,0.28028884530067444,0.0,0.0,0.005359565373510122,0.0,0.0,0.020283957943320274
933,True,0.0,0.0,0.017669590190052986,0.0,0.0,0.003031966043636203,0.0,0.0,0.017292533069849014,0.0,0.0,0.002972055459395051,0.0,0.0,0.02720588631927967,0.0,0.0,0.0036849810276180506,277.9251403808594,28.42357635498047,0.510369062423706,0.0,0.0,0.0027894978411495686,278.9488830566406,97.84425354003906,0.782701849937439,0.0,0.0,0.009701424278318882,251.908203125,116.22325134277344,0.6374819278717041,0.0,0.0,0.13701538741588593,296.89727783203125,90.96676635742188,0.7101446390151978,0.0,0.0,0.04116179421544075,0.0,0.0,0.3675273358821869,0.0,0.0,0.011564383283257484,0.0,0.0,0.06970562040805817
934,True,0.0,0.0,0.028826648369431496,0.0,0.0,0.002030417788773775,0.0,0.0,0.024974379688501358,0.0,0.0,0.0010771218221634626,0.0,0.0,0.06565465033054352,0.0,0.0,0.01957625336945057,279.70806884765625,24.33971405029297,0.6322445273399353,0.0,0.0,0.023552050814032555,271.83905029296875,91.12167358398438,0.8706941604614258,0.0,0.0,0.06434272974729538,250.83575439453125,113.76728820800781,0.8226210474967957,0.0,0.0,0.0946294292807579,0.0,0.0,0.45014244318008423,0.0,0.0,0.0045036571100354195,0.0,0.0,0.031213905662298203,0.0,0.0,0.0008561510476283729,0.0,0.0,0.003416374558582902
935,True,0.0,0.0,0.04774941876530647,0.0,0.0,0.006069235038012266,0.0,0.0,0.020344913005828857,0.0,0.0,0.008472306653857231,0.0,0.0,0.04678467661142349,0.0,0.0,0.06446777284145355,278.4820556640625,21.652435302734375,0.7554779648780823,0.0,0.0,0.044068481773138046,279.1197204589844,110.02542877197266,0.8472239971160889,0.0,0.0,0.0525553897023201,253.0342559814453,113.97528839111328,0.6836318373680115,0.0,0.0,0.05738937109708786,0.0,0.0,0.28827860951423645,0.0,0.0,0.0020284554921090603,0.0,0.0,0.012605610303580761,0.0,0.0,0.0005082294228486717,0.0,0.0,0.001936954678967595
936,True,125.38287353515625,80.09321594238281,0.938065230846405,127.60771942138672,78.0267105102539,0.8520537614822388,123.06205749511719,76.6366958618164,0.9296584129333496,0.0,0.0,0.359259694814682,116.82722473144531,76.79116821289062,0.8019707798957825,122.44586181640625,95.55288696289062,0.8751721978187561,114.12007141113281,94.47798919677734,0.8230924606323242,0.0,0.0,0.4610125422477722,0.0,0.0,0.40304747223854065,0.0,0.0,0.33755362033843994,0.0,0.0,0.31365644931793213,0.0,0.0,0.3668742775917053,0.0,0.0,0.31946927309036255,0.0,0.0,0.07815319299697876,0.0,0.0,0.06479674577713013,0.0,0.0,0.023882891982793808,0.0,0.0,0.019850682467222214
937,True,0.0,0.0,0.011640760116279125,0.0,0.0,0.0014063710113987327,0.0,0.0,0.004927550908178091,0.0,0.0,0.006150939967483282,0.0,0.0,0.0654393658041954,0.0,0.0,0.20266564190387726,273.0520935058594,14.031257629394531,0.5183902978897095,0.0,0.0,0.36419644951820374,259.88226318359375,86.8486328125,0.7714614272117615,0.0,0.0,0.3506215512752533,243.59461975097656,97.03434753417969,0.7185390591621399,0.0,0.0,0.3937446177005768,290.1554260253906,143.88369750976562,0.5454943180084229,0.0,0.0,0.03926197066903114,0.0,0.0,0.06775572150945663,0.0,0.0,0.003906587604433298,0.0,0.0,0.0060096741653978825
938,True,125.04327392578125,79.95093536376953,0.9347337484359741,127.18671417236328,77.87750244140625,0.8466067314147949,122.7104263305664,76.52442932128906,0.9253183007240295,0.0,0.0,0.35372522473335266,116.46805572509766,76.95589447021484,0.7985644340515137,122.16575622558594,96.24656677246094,0.8775737285614014,113.90535736083984,95.32223510742188,0.8095982074737549,0.0,0.0,0.46445441246032715,0.0,0.0,0.3731852173805237,0.0,0.0,0.33369123935699463,0.0,0.0,0.289869099855423,0.0,0.0,0.39302635192871094,0.0,0.0,0.33193737268447876,0.0,0.0,0.09116999059915543,0.0,0.0,0.07209710031747818,0.0,0.0,0.027258139103651047,0.0,0.0,0.021831367164850235
939,True,125.03713989257812,79.97309112548828,0.9333347082138062,127.16270446777344,77.88678741455078,0.8442826271057129,122.70260620117188,76.53984832763672,0.9232566952705383,0.0,0.0,0.3548501133918762,116.4722900390625,76.96719360351562,0.794847846031189,122.16543579101562,96.21065521240234,0.8769369721412659,113.98403930664062,95.29454040527344,0.80731600522995,0.0,0.0,0.46777722239494324,0.0,0.0,0.3731197714805603,0.0,0.0,0.3373555541038513,0.0,0.0,0.29093578457832336,0.0,0.0,0.3864077627658844,0.0,0.0,0.3247697055339813,0.0,0.0,0.08707019686698914,0.0,0.0,0.06853138655424118,0.0,0.0,0.025932667776942253,0.0,0.0,0.0207180455327034
940,True,0.0,0.0,0.004272250458598137,0.0,0.0,0.0005736576276831329,0.0,0.0,0.0009496476850472391,0.0,0.0,0.0018621421186253428,0.0,0.0,0.009302192367613316,0.0,0.0,0.06711504608392715,0.0,0.0,0.26241180300712585,0.0,0.0,0.2594579756259918,241.9064483642578,80.64244079589844,0.6873906850814819,0.0,0.0,0.29462745785713196,214.92327880859375,49.70118713378906,0.6903752684593201,0.0,0.0,0.2061561644077301,0.0,0.0,0.3485166132450104,0.0,0.0,0.013408522121608257,0.0,0.0,0.026664752513170242,0.0,0.0,0.00111654051579535,0.0,0.0,0.0019537394400686026
941,True,124.65654754638672,79.31468200683594,0.9240884780883789,126.7970962524414,76.79734802246094,0.8391093611717224,121.82427978515625,75.95000457763672,0.9277470111846924,0.0,0.0,0.2690565586090088,114.99252319335938,77.16432189941406,0.7002915143966675,123.47785186767578,95.6080322265625,0.8319677114486694,112.35198974609375,94.98956298828125,0.8014501333236694,0.0,0.0,0.2802906334400177,0.0,0.0,0.19073380529880524,0.0,0.0,0.17981433868408203,0.0,0.0,0.11895130574703217,0.0,0.0,0.44952794909477234,0.0,0.0,0.4024665057659149,0.0,0.0,0.09384560585021973,0.0,0.0,0.07552164793014526,0.0,0.0,0.034028902649879456,0.0,0.0,0.02855074405670166
942,True,124.66928100585938,79.49026489257812,0.9304700493812561,126.87054443359375,76.936279296875,0.8558518290519714,121.7651138305664,76.06697082519531,0.9317916631698608,0.0,0.0,0.2883816659450531,114.7481918334961,77.28905487060547,0.6998120546340942,123.38236999511719,95.89035034179688,0.8517109155654907,111.89093017578125,95.40803527832031,0.8055413365364075,0.0,0.0,0.3166004419326782,0.0,0.0,0.18295224010944366,0.0,0.0,0.19998036324977875,0.0,0.0,0.11446303874254227,0.0,0.0,0.4679456055164337,0.0,0.0,0.40368297696113586,0.0,0.0,0.09256134182214737,0.0,0.0,0.06918647140264511,0.0,0.0,0.03198795020580292,0.0,0.0,0.025371983647346497
943,True,124.67264556884766,79.58787536621094,0.9326149821281433,126.87760162353516,76.95378875732422,0.8548699617385864,121.719970703125,76.16056823730469,0.9360017776489258,0.0,0.0,0.2768740952014923,114.70144653320312,77.44747924804688,0.7152182459831238,123.38416290283203,96.07777404785156,0.8509213328361511,111.8885498046875,95.95687866210938,0.8187313675880432,0.0,0.0,0.30311042070388794,0.0,0.0,0.19743458926677704,0.0,0.0,0.19123384356498718,0.0,0.0,0.12057054787874222,0.0,0.0,0.45779091119766235,0.0,0.0,0.40487512946128845,0.0,0.0,0.08548760414123535,0.0,0.0,0.066866435110569,0.0,0.0,0.0294337198138237,0.0,0.0,0.024213774129748344
944,True,124.42823791503906,79.7196273803711,0.9410473704338074,126.69168090820312,77.04940795898438,0.8707078099250793,121.44811248779297,76.19297790527344,0.9425734877586365,0.0,0.0,0.2946386933326721,114.2629165649414,77.42095947265625,0.729138195514679,122.98204803466797,96.43380737304688,0.866547167301178,111.21643829345703,96.36007690429688,0.8229871988296509,0.0,0.0,0.3200695812702179,0.0,0.0,0.18338097631931305,0.0,0.0,0.2005082666873932,0.0,0.0,0.11335902661085129,0.0,0.0,0.4497046172618866,0.0,0.0,0.3838728666305542,0.0,0.0,0.08225096017122269,0.0,0.0,0.06130878999829292,0.0,0.0,0.02858557365834713,0.0,0.0,0.022692309692502022
945,True,124.03282928466797,80.37017059326172,0.9394612312316895,126.11100769042969,78.04541778564453,0.842583417892456,121.27178955078125,76.99789428710938,0.9371151924133301,0.0,0.0,0.30465227365493774,114.61122131347656,77.95213317871094,0.8235585689544678,121.29022216796875,97.50021362304688,0.8573210835456848,112.5586166381836,97.51937103271484,0.82120680809021,0.0,0.0,0.394927442073822,0.0,0.0,0.3932611644268036,0.0,0.0,0.29092544317245483,0.0,0.0,0.3089367747306824,0.0,0.0,0.3546387553215027,0.0,0.0,0.3245200216770172,0.0,0.0,0.08053237944841385,0.0,0.0,0.07196783274412155,0.0,0.0,0.024451954290270805,0.0,0.0,0.02131461910903454
946,True,124.04370880126953,79.72628021240234,0.9401110410690308,126.35833740234375,77.04102325439453,0.8761311769485474,121.08759307861328,76.16947937011719,0.9385486245155334,0.0,0.0,0.30957168340682983,114.09486389160156,77.43718719482422,0.7063905596733093,123.11482238769531,96.91887664794922,0.8732174634933472,110.90930938720703,96.71409606933594,0.8136038780212402,0.0,0.0,0.34566694498062134,0.0,0.0,0.16948238015174866,0.0,0.0,0.21489274501800537,0.0,0.0,0.10665120929479599,0.0,0.0,0.45340386033058167,0.0,0.0,0.37285116314888,0.0,0.0,0.08062336593866348,0.0,0.0,0.05635242909193039,0.0,0.0,0.027486715465784073,0.0,0.0,0.020795689895749092
947,True,123.82943725585938,80.35098266601562,0.9401954412460327,125.9827651977539,78.01358032226562,0.845694363117218,121.10966491699219,77.00932312011719,0.9386523962020874,0.0,0.0,0.3194129467010498,114.74578094482422,77.94850158691406,0.82783043384552,120.98028564453125,97.0899887084961,0.8515080213546753,113.19306182861328,97.17971801757812,0.833306074142456,0.0,0.0,0.3725571930408478,0.0,0.0,0.41177237033843994,0.0,0.0,0.2726619243621826,0.0,0.0,0.3147115111351013,0.0,0.0,0.35032159090042114,0.0,0.0,0.3357613682746887,0.0,0.0,0.08008774369955063,0.0,0.0,0.07624846696853638,0.0,0.0,0.025014065206050873,0.0,0.0,0.02289426140487194
948,True,123.69209289550781,79.65943908691406,0.941983163356781,126.0908203125,77.06038665771484,0.8802133798599243,120.86407470703125,76.12824249267578,0.9387986660003662,0.0,0.0,0.3183341324329376,114.14300537109375,77.26388549804688,0.704970121383667,122.89674377441406,96.47439575195312,0.8822177648544312,110.79098510742188,96.24461364746094,0.826196551322937,0.0,0.0,0.37113237380981445,0.0,0.0,0.18668875098228455,0.0,0.0,0.2297002673149109,0.0,0.0,0.11598758399486542,0.0,0.0,0.4846133589744568,0.0,0.0,0.40352901816368103,0.0,0.0,0.08512670546770096,0.0,0.0,0.05992696434259415,0.0,0.0,0.02704565040767193,0.0,0.0,0.020561976358294487
949,True,123.69418334960938,79.63543701171875,0.9447272419929504,126.10897827148438,77.04591369628906,0.8884113430976868,120.85852813720703,76.08135986328125,0.9417601227760315,0.0,0.0,0.3293813467025757,114.15733337402344,77.25186157226562,0.7076151371002197,123.2159423828125,96.87115478515625,0.8842809200286865,110.6426773071289,96.36083984375,0.8259307742118835,0.0,0.0,0.37096455693244934,0.0,0.0,0.18048682808876038,0.0,0.0,0.22864314913749695,0.0,0.0,0.11239155381917953,0.0,0.0,0.4767383635044098,0.0,0.0,0.3933541774749756,0.0,0.0,0.0828615128993988,0.0,0.0,0.05748932808637619,0.0,0.0,0.026791971176862717,0.0,0.0,0.02013794146478176
950,True,123.45894622802734,79.69403839111328,0.9405399560928345,125.87921142578125,77.1349105834961,0.8808021545410156,120.67230987548828,76.15750885009766,0.9372237324714661,0.0,0.0,0.318994402885437,114.05194091796875,77.27702331542969,0.6950947642326355,122.93672180175781,96.69319152832031,0.8767809867858887,110.62355041503906,96.2477798461914,0.816743791103363,0.0,0.0,0.35735023021698,0.0,0.0,0.17476090788841248,0.0,0.0,0.2190334051847458,0.0,0.0,0.10850749164819717,0.0,0.0,0.4770940840244293,0.0,0.0,0.39528000354766846,0.0,0.0,0.08407121151685715,0.0,0.0,0.0588579997420311,0.0,0.0,0.027152713388204575,0.0,0.0,0.020550331100821495
951,True,123.35687255859375,80.31155395507812,0.9403674602508545,125.68391418457031,78.06718444824219,0.8535593748092651,120.78218078613281,76.88056182861328,0.9361353516578674,0.0,0.0,0.33458682894706726,114.56200408935547,77.62218475341797,0.8107061386108398,121.15965270996094,97.249267578125,0.8556967973709106,112.18900299072266,96.96281433105469,0.8250700831413269,0.0,0.0,0.38384899497032166,0.0,0.0,0.3923245072364807,0.0,0.0,0.2780648171901703,0.0,0.0,0.30090412497520447,0.0,0.0,0.38271480798721313,0.0,0.0,0.3572764992713928,0.0,0.0,0.09455693513154984,0.0,0.0,0.08658774197101593,0.0,0.0,0.029269421473145485,0.0,0.0,0.026145506650209427
952,True,123.26341247558594,79.729736328125,0.9390850067138672,125.74172973632812,77.2183837890625,0.8777481913566589,120.5586929321289,76.16970825195312,0.9359431862831116,0.0,0.0,0.3124799132347107,114.0361099243164,77.12496185302734,0.6917322278022766,122.69210052490234,96.47296905517578,0.8738061189651489,110.50863647460938,95.90715026855469,0.817674458026886,0.0,0.0,0.35291412472724915,0.0,0.0,0.1803654432296753,0.0,0.0,0.21637071669101715,0.0,0.0,0.11124995350837708,0.0,0.0,0.4810124933719635,0.0,0.0,0.4035830795764923,0.0,0.0,0.08453359454870224,0.0,0.0,0.060182295739650726,0.0,0.0,0.027016732841730118,0.0,0.0,0.020715421065688133
953,True,123.09888458251953,80.39718627929688,0.935019850730896,125.43174743652344,78.18031311035156,0.8442690372467041,120.58108520507812,76.92200469970703,0.9307564496994019,0.0,0.0,0.3289279341697693,114.40524291992188,77.61062622070312,0.8005516529083252,121.0772933959961,97.4468994140625,0.8444530367851257,112.10223388671875,97.14892578125,0.8135267496109009,0.0,0.0,0.36219045519828796,0.0,0.0,0.3753582239151001,0.0,0.0,0.2606034278869629,0.0,0.0,0.28580498695373535,0.0,0.0,0.37003886699676514,0.0,0.0,0.3471548855304718,0.0,0.0,0.0931525006890297,0.0,0.0,0.08611589670181274,0.0,0.0,0.029593491926789284,0.0,0.0,0.02668367326259613
954,True,123.19148254394531,79.78787231445312,0.934665322303772,125.62152099609375,77.23445129394531,0.8695076107978821,120.4583511352539,76.24466705322266,0.9316400289535522,0.0,0.0,0.3017725944519043,113.95091247558594,77.32784271240234,0.6828843951225281,122.8285903930664,96.78944396972656,0.8662096261978149,110.49663543701172,96.40336608886719,0.808400571346283,0.0,0.0,0.3368857800960541,0.0,0.0,0.17241910099983215,0.0,0.0,0.2057134509086609,0.0,0.0,0.1064101979136467,0.0,0.0,0.4695802628993988,0.0,0.0,0.3937342166900635,0.0,0.0,0.08257422596216202,0.0,0.0,0.059195082634687424,0.0,0.0,0.026915157213807106,0.0,0.0,0.020767206326127052
955,True,123.02238464355469,79.70159149169922,0.9301862120628357,125.36957550048828,77.11723327636719,0.8638575673103333,120.2325210571289,76.19922637939453,0.9261823892593384,0.0,0.0,0.2974236011505127,113.70365142822266,77.50154876708984,0.6683693528175354,123.050537109375,97.25318145751953,0.8671199083328247,110.1183090209961,96.88836669921875,0.8004904985427856,0.0,0.0,0.35084062814712524,0.0,0.0,0.1675046980381012,0.0,0.0,0.21332447230815887,0.0,0.0,0.10416575521230698,0.0,0.0,0.47037509083747864,0.0,0.0,0.3872050344944,0.0,0.0,0.08016730844974518,0.0,0.0,0.055747825652360916,0.0,0.0,0.02583421766757965,0.0,0.0,0.019498959183692932
956,True,122.92394256591797,80.27142333984375,0.9290708899497986,125.09358215332031,78.0193099975586,0.8332445621490479,120.3111572265625,76.9406509399414,0.9234915971755981,0.0,0.0,0.31788501143455505,114.0833511352539,77.86029052734375,0.7881927490234375,121.25887298583984,97.4789810180664,0.8410162329673767,111.95216369628906,97.18582153320312,0.7999970316886902,0.0,0.0,0.3643665611743927,0.0,0.0,0.35985317826271057,0.0,0.0,0.2606390416622162,0.0,0.0,0.27507632970809937,0.0,0.0,0.3891828656196594,0.0,0.0,0.35921579599380493,0.0,0.0,0.10816588252782822,0.0,0.0,0.09726624935865402,0.0,0.0,0.035973574966192245,0.0,0.0,0.03171774744987488
957,True,122.88640594482422,80.24656677246094,0.9294092655181885,125.08834838867188,77.99015808105469,0.8357757925987244,120.25841522216797,76.92296600341797,0.9236961007118225,0.0,0.0,0.3254668414592743,114.12181091308594,77.91787719726562,0.7875229120254517,121.29728698730469,97.57860565185547,0.8391516208648682,112.22569274902344,97.26338195800781,0.7991512417793274,0.0,0.0,0.3585500717163086,0.0,0.0,0.35710275173187256,0.0,0.0,0.25612154603004456,0.0,0.0,0.27170419692993164,0.0,0.0,0.37664473056793213,0.0,0.0,0.3486292362213135,0.0,0.0,0.1018657237291336,0.0,0.0,0.0922001525759697,0.0,0.0,0.033899154514074326,0.0,0.0,0.030061136931180954
958,True,122.8328628540039,80.18379974365234,0.9328019618988037,125.0187759399414,77.90077209472656,0.842549741268158,120.11170196533203,76.87873077392578,0.9274522662162781,0.0,0.0,0.33236774802207947,113.95743560791016,77.96788024902344,0.7929440140724182,121.14115142822266,97.55476379394531,0.8396992683410645,112.47395324707031,97.33531188964844,0.8029664158821106,0.0,0.0,0.3572409451007843,0.0,0.0,0.3619290590286255,0.0,0.0,0.25578466057777405,0.0,0.0,0.2751466929912567,0.0,0.0,0.3481563925743103,0.0,0.0,0.32364189624786377,0.0,0.0,0.08556243032217026,0.0,0.0,0.07818105816841125,0.0,0.0,0.02819291688501835,0.0,0.0,0.02518780343234539
959,True,122.80711364746094,80.12684631347656,0.9311332106590271,124.98097229003906,77.79579162597656,0.8353001475334167,120.0792465209961,76.83158111572266,0.9278649687767029,0.0,0.0,0.3193625807762146,113.9437026977539,77.93667602539062,0.7980684638023376,121.01951599121094,97.58602905273438,0.8306484818458557,112.404541015625,97.5008316040039,0.8084383010864258,0.0,0.0,0.3331157863140106,0.0,0.0,0.3701596260070801,0.0,0.0,0.2387884110212326,0.0,0.0,0.2782772183418274,0.0,0.0,0.3496937155723572,0.0,0.0,0.3365350663661957,0.0,0.0,0.08891874551773071,0.0,0.0,0.08525703102350235,0.0,0.0,0.02957651950418949,0.0,0.0,0.02736380510032177
960,True,122.75621032714844,80.0700454711914,0.9337607622146606,124.92965698242188,77.73149108886719,0.8419587016105652,119.9383544921875,76.84075927734375,0.9300963878631592,0.0,0.0,0.3278360664844513,113.86237335205078,78.16941833496094,0.8003518581390381,121.01914978027344,97.65086364746094,0.8329735994338989,112.6498031616211,97.6861572265625,0.8109822869300842,0.0,0.0,0.33483609557151794,0.0,0.0,0.3711690902709961,0.0,0.0,0.2402142435312271,0.0,0.0,0.27930310368537903,0.0,0.0,0.3394716680049896,0.0,0.0,0.32661378383636475,0.0,0.0,0.08360202610492706,0.0,0.0,0.08016637712717056,0.0,0.0,0.027810558676719666,0.0,0.0,0.025733957067131996
961,True,122.72174835205078,80.0804672241211,0.934672474861145,124.89456939697266,77.74290466308594,0.8434910774230957,119.89990997314453,76.88493347167969,0.9303134083747864,0.0,0.0,0.3282243311405182,113.83330535888672,78.19880676269531,0.7976975440979004,121.28126525878906,97.57154083251953,0.8372399210929871,112.32535552978516,97.59967803955078,0.8164395689964294,0.0,0.0,0.3460134267807007,0.0,0.0,0.38341864943504333,0.0,0.0,0.2501971423625946,0.0,0.0,0.2909082770347595,0.0,0.0,0.35336917638778687,0.0,0.0,0.34034237265586853,0.0,0.0,0.08684379607439041,0.0,0.0,0.08326622098684311,0.0,0.0,0.028379546478390694,0.0,0.0,0.026274647563695908
962,True,122.6589584350586,80.016845703125,0.9333190321922302,124.83335876464844,77.6319351196289,0.8432580828666687,119.85099792480469,76.83234405517578,0.9282763600349426,0.0,0.0,0.340737521648407,113.96168518066406,78.08917236328125,0.7951638698577881,121.065673828125,97.08390045166016,0.8356373906135559,112.9290542602539,97.21095275878906,0.816402792930603,0.0,0.0,0.34216469526290894,0.0,0.0,0.38186970353126526,0.0,0.0,0.2476544827222824,0.0,0.0,0.2878727614879608,0.0,0.0,0.33868011832237244,0.0,0.0,0.3275289833545685,0.0,0.0,0.08403412997722626,0.0,0.0,0.08104383200407028,0.0,0.0,0.02847941406071186,0.0,0.0,0.026505744084715843
963,True,122.59930419921875,80.05120086669922,0.9378657341003418,124.76250457763672,77.62882995605469,0.8560283780097961,119.78286743164062,76.9111557006836,0.9315251111984253,0.0,0.0,0.3646852970123291,114.04942321777344,78.21507263183594,0.7967419624328613,121.205078125,96.94309997558594,0.8465957045555115,113.24163055419922,97.26165771484375,0.8218480348587036,0.0,0.0,0.3607117235660553,0.0,0.0,0.38535720109939575,0.0,0.0,0.26300206780433655,0.0,0.0,0.293052613735199,0.0,0.0,0.3376697599887848,0.0,0.0,0.3215028643608093,0.0,0.0,0.08112985640764236,0.0,0.0,0.0766567662358284,0.0,0.0,0.02702910080552101,0.0,0.0,0.02482098713517189
964,True,0.0,0.0,0.008504425175487995,0.0,0.0,0.002824022201821208,0.0,0.0,0.001288805273361504,0.0,0.0,0.004717077128589153,0.0,0.0,0.002458925126120448,0.0,0.0,0.006268627941608429,0.0,0.0,0.04459109529852867,0.0,0.0,0.03727789595723152,0.0,0.0,0.24932460486888885,0.0,0.0,0.10264156013727188,0.0,0.0,0.43817728757858276,0.0,0.0,0.06154460832476616,0.0,0.0,0.15299133956432343,0.0,0.0,0.011278615333139896,0.0,0.0,0.028334522619843483,0.0,0.0,0.0025136193726211786,0.0,0.0,0.0056082201190292835
965,True,122.46968078613281,80.36238098144531,0.9407821297645569,124.78144836425781,77.98289489746094,0.8617866635322571,119.57865905761719,77.09324645996094,0.9362578392028809,0.0,0.0,0.3541492819786072,113.53347778320312,78.39523315429688,0.8018901348114014,120.91002655029297,97.69049072265625,0.8399107456207275,112.51002502441406,97.81995391845703,0.8132737278938293,0.0,0.0,0.33851397037506104,0.0,0.0,0.36251407861709595,0.0,0.0,0.24427731335163116,0.0,0.0,0.27494314312934875,0.0,0.0,0.3332781493663788,0.0,0.0,0.3169902265071869,0.0,0.0,0.08247353136539459,0.0,0.0,0.07784157246351242,0.0,0.0,0.02782353200018406,0.0,0.0,0.02549460530281067
966,True,122.47281646728516,80.3533935546875,0.9408109188079834,124.78628540039062,77.97452545166016,0.8600977063179016,119.56977844238281,77.07710266113281,0.9368470311164856,0.0,0.0,0.34870806336402893,113.49507141113281,78.37861633300781,0.8047921061515808,120.81573486328125,97.73123168945312,0.8387854099273682,112.49586486816406,97.81885528564453,0.8153995275497437,0.0,0.0,0.3366633355617523,0.0,0.0,0.36823272705078125,0.0,0.0,0.24363204836845398,0.0,0.0,0.279541552066803,0.0,0.0,0.33060795068740845,0.0,0.0,0.31677594780921936,0.0,0.0,0.08037862926721573,0.0,0.0,0.0766916573047638,0.0,0.0,0.026913071051239967,0.0,0.0,0.02484065480530262
967,True,122.36477661132812,80.54774475097656,0.9433228373527527,124.73529815673828,78.18675231933594,0.8725213408470154,119.36882781982422,77.1956558227539,0.9358670711517334,0.0,0.0,0.3610754907131195,113.00977325439453,78.55597686767578,0.7888310551643372,120.93698120117188,98.49111938476562,0.8529868721961975,111.55371856689453,98.35896301269531,0.7826263308525085,0.0,0.0,0.3770579695701599,0.0,0.0,0.3127767741680145,0.0,0.0,0.2693249583244324,0.0,0.0,0.2458353489637375,0.0,0.0,0.3334128260612488,0.0,0.0,0.2858869731426239,0.0,0.0,0.07891285419464111,0.0,0.0,0.06511480361223221,0.0,0.0,0.025472410023212433,0.0,0.0,0.021107450127601624
968,True,122.26764678955078,80.59869384765625,0.9404184818267822,124.64330291748047,78.25581359863281,0.8658233880996704,119.37183380126953,77.247802734375,0.9328893423080444,0.0,0.0,0.3585550785064697,113.13449096679688,78.3715591430664,0.7864556908607483,120.74868774414062,97.88418579101562,0.8507015705108643,111.79854583740234,97.68636322021484,0.788153886795044,0.0,0.0,0.37623265385627747,0.0,0.0,0.3272249400615692,0.0,0.0,0.26954683661460876,0.0,0.0,0.2550915777683258,0.0,0.0,0.34412482380867004,0.0,0.0,0.3012065589427948,0.0,0.0,0.08376669883728027,0.0,0.0,0.07081538438796997,0.0,0.0,0.02717839553952217,0.0,0.0,0.022939879447221756
969,True,122.29012298583984,80.5975341796875,0.9409809708595276,124.66505432128906,78.25916290283203,0.8661419153213501,119.38072204589844,77.24110412597656,0.9335926175117493,0.0,0.0,0.3592793941497803,113.12532043457031,78.43354797363281,0.7884726524353027,120.79004669189453,98.16019439697266,0.8517715930938721,111.79923248291016,97.93232727050781,0.7906962037086487,0.0,0.0,0.3789233863353729,0.0,0.0,0.3317645788192749,0.0,0.0,0.27315083146095276,0.0,0.0,0.2595408856868744,0.0,0.0,0.33753296732902527,0.0,0.0,0.2956048548221588,0.0,0.0,0.07937838137149811,0.0,0.0,0.0673191100358963,0.0,0.0,0.02553367055952549,0.0,0.0,0.021596593782305717
970,True,0.0,0.0,0.00609143590554595,0.0,0.0,0.0018399609252810478,0.0,0.0,0.002320257481187582,0.0,0.0,0.009371237829327583,0.0,0.0,0.015645962208509445,0.0,0.0,0.07450854033231735,0.0,0.0,0.12229768931865692,0.0,0.0,0.1997421383857727,0.0,0.0,0.34737899899482727,0.0,0.0,0.22781936824321747,0.0,0.0,0.40719667077064514,309.1490783691406,82.76326751708984,0.6064923405647278,305.9482727050781,84.33453369140625,0.6777344346046448,0.0,0.0,0.4063100516796112,0.0,0.0,0.47852006554603577,0.0,0.0,0.11195620894432068,0.0,0.0,0.1390613317489624
971,True,0.0,0.0,0.00460266787558794,0.0,0.0,0.000821913534309715,0.0,0.0,0.0006448313361033797,0.0,0.0,0.00204774783924222,0.0,0.0,0.0028137164190411568,0.0,0.0,0.044470157474279404,0.0,0.0,0.15981371700763702,0.0,0.0,0.2455395758152008,244.43966674804688,65.91349029541016,0.6293219327926636,0.0,0.0,0.3397344648838043,231.1634979248047,10.837104797363281,0.7069963216781616,0.0,0.0,0.177058145403862,0.0,0.0,0.30131176114082336,0.0,0.0,0.01126996148377657,0.0,0.0,0.021457510069012642,0.0,0.0,0.0011060885153710842,0.0,0.0,0.0019257061649113894
972,True,0.0,0.0,0.0021079799626022577,0.0,0.0,0.0004076568584423512,0.0,0.0,0.00024020986165851355,0.0,0.0,0.0015730485320091248,0.0,0.0,0.001449004397727549,0.0,0.0,0.034148864448070526,0.0,0.0,0.08085133135318756,0.0,0.0,0.22358092665672302,0.0,0.0,0.47297483682632446,0.0,0.0,0.29132503271102905,229.897216796875,15.465415954589844,0.5890414118766785,0.0,0.0,0.09502504765987396,0.0,0.0,0.15100198984146118,0.0,0.0,0.015996314585208893,0.0,0.0,0.026916000992059708,0.0,0.0,0.0027648017276078463,0.0,0.0,0.004480722825974226
973,True,0.0,0.0,0.002262032823637128,0.0,0.0,0.0004437067254912108,0.0,0.0,0.00033885857556015253,0.0,0.0,0.0014992322539910674,0.0,0.0,0.0016387907089665532,0.0,0.0,0.01438211277127266,0.0,0.0,0.10212165117263794,0.0,0.0,0.06782804429531097,241.6177520751953,71.32611846923828,0.5477786064147949,0.0,0.0,0.13958130776882172,226.9029541015625,14.974075317382812,0.6508783102035522,0.0,0.0,0.03820791840553284,0.0,0.0,0.11553670465946198,0.0,0.0,0.02941180393099785,0.0,0.0,0.08987129479646683,0.0,0.0,0.012282210402190685,0.0,0.0,0.030433019623160362
974,True,0.0,0.0,0.0026696878485381603,0.0,0.0,0.00047108010039664805,0.0,0.0,0.0003714598133228719,0.0,0.0,0.0015228188131004572,0.0,0.0,0.002155531896278262,0.0,0.0,0.02521597035229206,0.0,0.0,0.12805400788784027,0.0,0.0,0.14325129985809326,237.66879272460938,71.98110961914062,0.6191033720970154,0.0,0.0,0.2222725749015808,228.18707275390625,16.732528686523438,0.6873763203620911,0.0,0.0,0.09615197777748108,0.0,0.0,0.2149261236190796,0.0,0.0,0.004764447920024395,0.0,0.0,0.011871431022882462,0.0,0.0,0.00048370170406997204,0.0,0.0,0.00102498778142035
975,True,0.0,0.0,0.00173600681591779,0.0,0.0,0.00021191059204284102,0.0,0.0,0.00047352557885460556,0.0,0.0,0.001269757398404181,0.0,0.0,0.007117468863725662,0.0,0.0,0.0227990560233593,0.0,0.0,0.32723239064216614,0.0,0.0,0.08334743231534958,238.70632934570312,72.00651550292969,0.8087921142578125,0.0,0.0,0.08933764696121216,222.09600830078125,18.316062927246094,0.7151533961296082,0.0,0.0,0.2108936756849289,299.83673095703125,176.34629821777344,0.5461728572845459,0.0,0.0,0.0033123185858130455,0.0,0.0,0.014138555154204369,0.0,0.0,0.00018768214795272797,0.0,0.0,0.0005764312227256596
976,True,0.0,0.0,0.0021463455632328987,0.0,0.0,0.0002682026824913919,0.0,0.0,0.0006164281512610614,0.0,0.0,0.0017198036657646298,0.0,0.0,0.011727510951459408,0.0,0.0,0.048717569559812546,0.0,0.0,0.3491193652153015,0.0,0.0,0.15866351127624512,237.50762939453125,73.96028900146484,0.7836925983428955,0.0,0.0,0.12890538573265076,219.44688415527344,16.12396240234375,0.6750527620315552,0.0,0.0,0.28703102469444275,299.20635986328125,175.16453552246094,0.5618380904197693,0.0,0.0,0.004216096363961697,0.0,0.0,0.013068588450551033,0.0,0.0,0.0001998209481826052,0.0,0.0,0.00048617477295920253
977,True,0.0,0.0,0.0016549872234463692,0.0,0.0,0.0001487525150878355,0.0,0.0,0.0006733399932272732,0.0,0.0,0.0008299908949993551,0.0,0.0,0.013091394677758217,0.0,0.0,0.018856113776564598,0.0,0.0,0.47272568941116333,0.0,0.0,0.05199888348579407,236.76300048828125,73.16278839111328,0.8752401471138,0.0,0.0,0.05249747633934021,219.52813720703125,21.764190673828125,0.7549174427986145,0.0,0.0,0.21950383484363556,297.21087646484375,177.893798828125,0.6430387496948242,0.0,0.0,0.002451844047755003,0.0,0.0,0.015060796402394772,0.0,0.0,0.00014243130863178521,0.0,0.0,0.0005536286626011133
978,True,0.0,0.0,0.005233637988567352,0.0,0.0,0.0006803147261962295,0.0,0.0,0.0013698642142117023,0.0,0.0,0.0018405485898256302,0.0,0.0,0.009505149908363819,0.0,0.0,0.033609166741371155,0.0,0.0,0.4275800883769989,0.0,0.0,0.09856032580137253,234.34707641601562,74.22359466552734,0.8366595506668091,0.0,0.0,0.12677733600139618,224.37252807617188,21.404869079589844,0.7840045690536499,0.0,0.0,0.2337728589773178,296.3283386230469,170.84054565429688,0.5742157101631165,0.0,0.0,0.0052878884598612785,0.0,0.0,0.022618401795625687,0.0,0.0,0.0003211917937733233,0.0,0.0,0.0009760629618540406
979,True,0.0,0.0,0.007031607441604137,0.0,0.0,0.0008071004995144904,0.0,0.0,0.0022027892991900444,0.0,0.0,0.001907254452817142,0.0,0.0,0.017225945368409157,0.0,0.0,0.051472678780555725,0.0,0.0,0.4960489273071289,0.0,0.0,0.1354883760213852,234.0215301513672,77.22731018066406,0.8596369624137878,0.0,0.0,0.16020427644252777,222.82162475585938,25.331161499023438,0.8123466372489929,0.0,0.0,0.27361297607421875,295.34881591796875,170.36285400390625,0.6036987900733948,0.0,0.0,0.0072609358467161655,0.0,0.0,0.02836625650525093,0.0,0.0,0.0004579857923090458,0.0,0.0,0.001298160175792873
980,True,0.0,0.0,0.004082817584276199,0.0,0.0,0.00040258385706692934,0.0,0.0,0.0009154925355687737,0.0,0.0,0.0008320576162077487,0.0,0.0,0.006163702812045813,0.0,0.0,0.02302900142967701,0.0,0.0,0.3858920633792877,0.0,0.0,0.09683297574520111,237.7432098388672,81.40013885498047,0.8762961030006409,0.0,0.0,0.14951807260513306,219.014892578125,26.68029022216797,0.8502357602119446,0.0,0.0,0.13005287945270538,0.0,0.0,0.4330090582370758,0.0,0.0,0.0033264996018260717,0.0,0.0,0.01649494096636772,0.0,0.0,0.00023511522158514708,0.0,0.0,0.0008038664236664772
981,True,0.0,0.0,0.0026283119805157185,0.0,0.0,0.000314123957650736,0.0,0.0,0.00041934315231628716,0.0,0.0,0.0008529786136932671,0.0,0.0,0.003173865145072341,0.0,0.0,0.02621959149837494,0.0,0.0,0.20653754472732544,0.0,0.0,0.1330515593290329,237.24961853027344,83.79415893554688,0.7396158576011658,0.0,0.0,0.18655329942703247,219.8351593017578,22.816482543945312,0.7474671006202698,0.0,0.0,0.08551938086748123,0.0,0.0,0.23247671127319336,0.0,0.0,0.0027727438136935234,0.0,0.0,0.008849358186125755,0.0,0.0,0.00023117537784855813,0.0,0.0,0.0005828413995914161
982,True,0.0,0.0,0.0030371795874089003,0.0,0.0,0.0003036008565686643,0.0,0.0,0.0005730974371545017,0.0,0.0,0.0005885395221412182,0.0,0.0,0.0031379321590065956,0.0,0.0,0.01631866581737995,0.0,0.0,0.2331482619047165,0.0,0.0,0.10324559360742569,242.69883728027344,84.98728942871094,0.813553512096405,0.0,0.0,0.20944610238075256,219.48072814941406,27.309104919433594,0.8409006595611572,0.0,0.0,0.0773782730102539,0.0,0.0,0.25855791568756104,0.0,0.0,0.002594954101368785,0.0,0.0,0.010448082350194454,0.0,0.0,0.00020453831530176103,0.0,0.0,0.0005973326042294502
983,True,0.0,0.0,0.006122966762632132,0.0,0.0,0.0008303381619043648,0.0,0.0,0.0011515102814882994,0.0,0.0,0.00235750968568027,0.0,0.0,0.00672391289845109,0.0,0.0,0.06416460126638412,0.0,0.0,0.3727174401283264,0.0,0.0,0.2199782431125641,241.8865966796875,82.4012451171875,0.7899100184440613,0.0,0.0,0.26992499828338623,219.81103515625,25.614234924316406,0.7748327851295471,0.0,0.0,0.15749458968639374,0.0,0.0,0.34696346521377563,0.0,0.0,0.003680339315906167,0.0,0.0,0.010056222788989544,0.0,0.0,0.00024530888185836375,0.0,0.0,0.0005464785499498248
984,True,0.0,0.0,0.050224389880895615,0.0,0.0,0.004842435009777546,0.0,0.0,0.04550527036190033,0.0,0.0,0.0018715335754677653,0.0,0.0,0.08130306750535965,0.0,0.0,0.017307020723819733,272.31707763671875,23.87033462524414,0.669390082359314,0.0,0.0,0.02040737122297287,245.90264892578125,59.027984619140625,0.9068162441253662,0.0,0.0,0.04396311938762665,220.7948455810547,28.427410125732422,0.8450918197631836,0.0,0.0,0.21169385313987732,290.6283264160156,157.35980224609375,0.7183316946029663,0.0,0.0,0.010444218292832375,0.0,0.0,0.08785166591405869,0.0,0.0,0.0015813247300684452,0.0,0.0,0.00759339751675725
985,True,122.17587280273438,80.53511047363281,0.9426116347312927,124.5663833618164,78.16493225097656,0.8764740824699402,119.2284927368164,77.20195770263672,0.9306501746177673,0.0,0.0,0.3868723213672638,113.03229522705078,78.4295883178711,0.7759830951690674,120.85232543945312,97.86016082763672,0.871621310710907,112.0062484741211,97.52320098876953,0.775510311126709,0.0,0.0,0.4338214695453644,0.0,0.0,0.3041984438896179,0.0,0.0,0.30409684777259827,0.0,0.0,0.23949135839939117,0.0,0.0,0.36394810676574707,0.0,0.0,0.29253554344177246,0.0,0.0,0.09195663034915924,0.0,0.0,0.06929407268762589,0.0,0.0,0.030076751485466957,0.0,0.0,0.023291783407330513
986,True,122.13740539550781,80.53010559082031,0.9421201944351196,124.53480529785156,78.11932373046875,0.8763458728790283,119.18742370605469,77.203125,0.9311221837997437,0.0,0.0,0.390396386384964,113.09680938720703,78.47015380859375,0.7794118523597717,120.743896484375,97.945068359375,0.8669408559799194,112.43008422851562,97.73724365234375,0.7747912406921387,0.0,0.0,0.4110308587551117,0.0,0.0,0.29640308022499084,0.0,0.0,0.2836838960647583,0.0,0.0,0.22890834510326385,0.0,0.0,0.3565427362918854,0.0,0.0,0.2906172275543213,0.0,0.0,0.09373053163290024,0.0,0.0,0.072234608232975,0.0,0.0,0.031641483306884766,0.0,0.0,0.024921052157878876
987,True,122.14790344238281,80.52119445800781,0.936844527721405,124.51416778564453,78.1568603515625,0.8677588105201721,119.19454193115234,77.19879913330078,0.9232275485992432,0.0,0.0,0.3827260136604309,113.05498504638672,78.45164489746094,0.7607988119125366,120.83735656738281,97.65388488769531,0.86121666431427,112.28082275390625,97.27761840820312,0.7597144246101379,0.0,0.0,0.41978952288627625,0.0,0.0,0.29197239875793457,0.0,0.0,0.2951068580150604,0.0,0.0,0.23078075051307678,0.0,0.0,0.34678590297698975,0.0,0.0,0.2779689133167267,0.0,0.0,0.08650898933410645,0.0,0.0,0.06519190967082977,0.0,0.0,0.028817856684327126,0.0,0.0,0.02236620895564556
988,True,122.09159851074219,80.50607299804688,0.9426648616790771,124.48367309570312,78.1201171875,0.88090580701828,119.11698913574219,77.211181640625,0.9286878705024719,0.0,0.0,0.40724417567253113,113.09237670898438,78.53377532958984,0.7673514485359192,120.89498901367188,97.7615737915039,0.8743181824684143,112.50447845458984,97.5314712524414,0.7689562439918518,0.0,0.0,0.4434933662414551,0.0,0.0,0.29361188411712646,0.0,0.0,0.31164106726646423,0.0,0.0,0.23213516175746918,0.0,0.0,0.3505186140537262,0.0,0.0,0.27471280097961426,0.0,0.0,0.08535559475421906,0.0,0.0,0.06249479949474335,0.0,0.0,0.027921104803681374,0.0,0.0,0.021236078813672066
989,True,0.0,0.0,0.005859002470970154,0.0,0.0,0.0008903395500965416,0.0,0.0,0.0009593255235813558,0.0,0.0,0.0007558541838079691,0.0,0.0,0.0011792026925832033,0.0,0.0,0.008902753703296185,0.0,0.0,0.05757862702012062,0.0,0.0,0.11415145546197891,291.4087829589844,76.70751953125,0.5537127256393433,0.0,0.0,0.4720200300216675,245.19772338867188,94.732666015625,0.8215191960334778,0.0,0.0,0.08452603220939636,0.0,0.0,0.18336805701255798,0.0,0.0,0.005402849521487951,0.0,0.0,0.014051433652639389,0.0,0.0,0.0005582108860835433,0.0,0.0,0.0012160330079495907
990,True,0.0,0.0,0.03192676976323128,0.0,0.0,0.007097624242305756,0.0,0.0,0.004082780797034502,0.0,0.0,0.005137436557561159,0.0,0.0,0.0017360721249133348,0.0,0.0,0.02568238414824009,0.0,0.0,0.13216033577919006,0.0,0.0,0.16412028670310974,294.8825378417969,90.0308837890625,0.5745162963867188,0.0,0.0,0.45936593413352966,240.2096710205078,120.5750732421875,0.7734223008155823,0.0,0.0,0.13108624517917633,0.0,0.0,0.2610810697078705,0.0,0.0,0.005908682011067867,0.0,0.0,0.014838011004030704,0.0,0.0,0.0005117925466038287,0.0,0.0,0.0011338697513565421
991,True,0.0,0.0,0.020424822345376015,0.0,0.0,0.004009969532489777,0.0,0.0,0.002264052862301469,0.0,0.0,0.0022134496830403805,0.0,0.0,0.0010058574844151735,0.0,0.0,0.015799427404999733,0.0,0.0,0.0601072832942009,0.0,0.0,0.16249112784862518,0.0,0.0,0.47807934880256653,241.25286865234375,120.55704498291016,0.5547294020652771,240.5499725341797,119.14533233642578,0.7900590300559998,0.0,0.0,0.08077031373977661,0.0,0.0,0.14965105056762695,0.0,0.0,0.0055777402594685555,0.0,0.0,0.01181785762310028,0.0,0.0,0.0005401946255005896,0.0,0.0,0.0010675147641450167
992,True,0.0,0.0,0.3343431353569031,0.0,0.0,0.28122079372406006,0.0,0.0,0.031964343041181564,0.0,0.0,0.13775399327278137,0.0,0.0,0.002070997143164277,0.0,0.0,0.11673909425735474,0.0,0.0,0.19104571640491486,0.0,0.0,0.263045996427536,0.0,0.0,0.3935939371585846,241.75625610351562,129.18881225585938,0.5431583523750305,239.1915283203125,130.08363342285156,0.6507878303527832,0.0,0.0,0.14545534551143646,0.0,0.0,0.2203851044178009,0.0,0.0,0.008938056416809559,0.0,0.0,0.016621913760900497,0.0,0.0,0.0007972129387781024,0.0,0.0,0.0015538011211901903
993,True,0.0,0.0,0.010644231922924519,0.0,0.0,0.0019905553199350834,0.0,0.0,0.0008689722744747996,0.0,0.0,0.003096680622547865,0.0,0.0,0.000857947685290128,0.0,0.0,0.023611363023519516,0.0,0.0,0.1292581558227539,0.0,0.0,0.2493167519569397,301.4573669433594,99.41683197021484,0.6366321444511414,245.5418701171875,134.58279418945312,0.5976458787918091,240.6272735595703,121.25188446044922,0.8223075866699219,0.0,0.0,0.11071912944316864,0.0,0.0,0.20739808678627014,0.0,0.0,0.002723810262978077,0.0,0.0,0.005840126890689135,0.0,0.0,0.00018133923003915697,0.0,0.0,0.0003628276172094047
994,True,0.0,0.0,0.019849225878715515,0.0,0.0,0.004658789839595556,0.0,0.0,0.0015719800721853971,0.0,0.0,0.004980769008398056,0.0,0.0,0.0008387907291762531,0.0,0.0,0.028941797092556953,0.0,0.0,0.11112959682941437,0.0,0.0,0.308396577835083,295.84222412109375,95.24787902832031,0.5803890228271484,241.60894775390625,139.50808715820312,0.6574349999427795,236.99411010742188,125.84666442871094,0.7941199541091919,0.0,0.0,0.07652430981397629,0.0,0.0,0.12896987795829773,0.0,0.0,0.0024784940760582685,0.0,0.0,0.004237840883433819,0.0,0.0,0.00023869550204835832,0.0,0.0,0.0004065426765009761
995,True,0.0,0.0,0.18732713162899017,0.0,0.0,0.09443855285644531,0.0,0.0,0.009042175486683846,0.0,0.0,0.04134812951087952,0.0,0.0,0.0009079177398234606,0.0,0.0,0.10800322890281677,0.0,0.0,0.11391713470220566,0.0,0.0,0.4221302270889282,0.0,0.0,0.4243811368942261,243.59776306152344,140.14865112304688,0.8084886074066162,240.5270538330078,138.50469970703125,0.8033020496368408,0.0,0.0,0.0852440744638443,0.0,0.0,0.10505737364292145,0.0,0.0,0.00539445411413908,0.0,0.0,0.007881720550358295,0.0,0.0,0.0004822363844141364,0.0,0.0,0.000796223699580878
996,True,0.0,0.0,0.05738093703985214,0.0,0.0,0.012957701459527016,0.0,0.0,0.005806180648505688,0.0,0.0,0.0062245093286037445,0.0,0.0,0.0019714911468327045,0.0,0.0,0.03194931149482727,0.0,0.0,0.10575756430625916,0.0,0.0,0.1578838974237442,0.0,0.0,0.43864306807518005,0.0,0.0,0.49127310514450073,238.24107360839844,143.305908203125,0.7194918394088745,0.0,0.0,0.039341818541288376,0.0,0.0,0.07679136842489243,0.0,0.0,0.003187870141118765,0.0,0.0,0.006602079141885042,0.0,0.0,0.0005121868452988565,0.0,0.0,0.000980736338533461
997,True,0.0,0.0,0.08119580149650574,0.0,0.0,0.026099441573023796,0.0,0.0,0.005921588279306889,0.0,0.0,0.01766880415380001,0.0,0.0,0.001817676704376936,0.0,0.0,0.07369554787874222,0.0,0.0,0.16509029269218445,0.0,0.0,0.2909200191497803,0.0,0.0,0.4788523316383362,239.4794158935547,145.08676147460938,0.6051016449928284,233.38409423828125,144.98861694335938,0.7229570150375366,0.0,0.0,0.07090382277965546,0.0,0.0,0.112464040517807,0.0,0.0,0.0035896501503884792,0.0,0.0,0.006134564522653818,0.0,0.0,0.00041775955469347537,0.0,0.0,0.0007262002327479422
998,True,0.0,0.0,0.07881344109773636,0.0,0.0,0.021675141528248787,0.0,0.0,0.006300566252321005,0.0,0.0,0.012283232994377613,0.0,0.0,0.0020311707630753517,0.0,0.0,0.06607931852340698,0.0,0.0,0.12217457592487335,0.0,0.0,0.2648478150367737,0.0,0.0,0.39339303970336914,240.06192016601562,145.00167846679688,0.5806518793106079,234.34072875976562,143.40675354003906,0.6676265597343445,0.0,0.0,0.05519106984138489,0.0,0.0,0.0812510997056961,0.0,0.0,0.00384176685474813,0.0,0.0,0.005997068248689175,0.0,0.0,0.0005112634971737862,0.0,0.0,0.0008169836946763098
999,True,0.0,0.0,0.12547120451927185,0.0,0.0,0.05215037614107132,0.0,0.0,0.008875036612153053,0.0,0.0,0.030824771150946617,0.0,0.0,0.0020172670483589172,0.0,0.0,0.08895181864500046,0.0,0.0,0.12636496126651764,0.0,0.0,0.23902221024036407,0.0,0.0,0.3253649175167084,238.48269653320312,146.27099609375,0.5100991725921631,233.21273803710938,141.95591735839844,0.5941035747528076,0.0,0.0,0.06256990879774094,0.0,0.0,0.09054432064294815,0.0,0.0,0.004682577680796385,0.0,0.0,0.007520123850554228,0.0,0.0,0.0006567335803993046,0.0,0.0,0.001113164471462369
1000,True,0.0,0.0,0.33274340629577637,0.0,0.0,0.24990898370742798,0.0,0.0,0.02335888333618641,0.0,0.0,0.09354345500469208,0.0,0.0,0.0013177244691178203,0.0,0.0,0.07269492745399475,0.0,0.0,0.18317607045173645,0.0,0.0,0.1790035218000412,0.0,0.0,0.4737885296344757,232.58480834960938,144.29652404785156,0.6127645969390869,230.54800415039062,143.248779296875,0.8029321432113647,0.0,0.0,0.0409110002219677,0.0,0.0,0.08783698081970215,0.0,0.0,0.003603978082537651,0.0,0.0,0.009064231999218464,0.0,0.0,0.00047381094191223383,0.0,0.0,0.001136506674811244
1001,True,235.2821807861328,29.0272216796875,0.7588308453559875,243.60723876953125,12.992324829101562,0.6894362568855286,0.0,0.0,0.1974962204694748,0.0,0.0,0.19011323153972626,0.0,0.0,0.004099033772945404,0.0,0.0,0.13027024269104004,0.0,0.0,0.2680538594722748,0.0,0.0,0.15146777033805847,0.0,0.0,0.389833927154541,246.43032836914062,135.60728454589844,0.5718218088150024,239.7873077392578,137.45826721191406,0.7447148561477661,0.0,0.0,0.034934040158987045,0.0,0.0,0.06779535114765167,0.0,0.0,0.005056583322584629,0.0,0.0,0.011590744368731976,0.0,0.0,0.0009150782134383917,0.0,0.0,0.0020407389383763075
1002,True,229.16029357910156,17.995582580566406,0.7451540231704712,236.6623077392578,2.714630126953125,0.6938979625701904,0.0,0.0,0.17562714219093323,0.0,0.0,0.2647685706615448,0.0,0.0,0.004183588549494743,0.0,0.0,0.1610323190689087,0.0,0.0,0.3703066110610962,0.0,0.0,0.16821183264255524,0.0,0.0,0.48468825221061707,247.4097137451172,135.54335021972656,0.5565816760063171,239.37631225585938,138.37786865234375,0.7713429927825928,0.0,0.0,0.045971792191267014,0.0,0.0,0.09660042077302933,0.0,0.0,0.005386833101511002,0.0,0.0,0.013828879222273827,0.0,0.0,0.0008476634393446147,0.0,0.0,0.0020925039425492287
1003,True,0.0,0.0,0.053287073969841,0.0,0.0,0.0245443694293499,0.0,0.0,0.0031417247373610735,0.0,0.0,0.016001742333173752,0.0,0.0,0.0006184910889714956,0.0,0.0,0.03217681124806404,0.0,0.0,0.0488131009042263,0.0,0.0,0.15392819046974182,0.0,0.0,0.290203720331192,252.9866180419922,126.77597045898438,0.5540661215782166,252.93077087402344,125.42431640625,0.6837353110313416,0.0,0.0,0.04333512857556343,0.0,0.0,0.06957177072763443,0.0,0.0,0.005053043831139803,0.0,0.0,0.010080470703542233,0.0,0.0,0.0007386174984276295,0.0,0.0,0.001452449127100408
1004,True,0.0,0.0,0.01893426664173603,0.0,0.0,0.004904111381620169,0.0,0.0,0.0015685847029089928,0.0,0.0,0.004527907352894545,0.0,0.0,0.0006682761595584452,0.0,0.0,0.017084725201129913,0.0,0.0,0.051703695207834244,0.0,0.0,0.136557474732399,0.0,0.0,0.43634119629859924,261.2989501953125,114.92942810058594,0.5471707582473755,263.2947998046875,113.64311981201172,0.7813138961791992,0.0,0.0,0.05355712026357651,0.0,0.0,0.10379871726036072,0.0,0.0,0.00545140728354454,0.0,0.0,0.012891109101474285,0.0,0.0,0.0007149216835387051,0.0,0.0,0.0015460647409781814
1005,True,0.0,0.0,0.025754552334547043,0.0,0.0,0.011418682523071766,0.0,0.0,0.001956765539944172,0.0,0.0,0.007808692753314972,0.0,0.0,0.00041646449244581163,0.0,0.0,0.014399299398064613,0.0,0.0,0.025263482704758644,0.0,0.0,0.09972640872001648,0.0,0.0,0.1997753381729126,0.0,0.0,0.37521159648895264,0.0,0.0,0.49878546595573425,0.0,0.0,0.05693900212645531,0.0,0.0,0.08232134580612183,0.0,0.0,0.0033770392183214426,0.0,0.0,0.005930709652602673,0.0,0.0,0.0005558737320825458,0.0,0.0,0.0009912868263199925
1006,True,121.83296203613281,80.40129089355469,0.9400174021720886,124.07980346679688,77.91860961914062,0.8639413714408875,118.78811645507812,77.19624328613281,0.9317818880081177,0.0,0.0,0.38245296478271484,112.97745513916016,78.83648681640625,0.792736828327179,120.58543395996094,98.15435791015625,0.8562673330307007,113.14398193359375,98.37494659423828,0.8160521388053894,0.0,0.0,0.37877458333969116,0.0,0.0,0.36924639344215393,0.0,0.0,0.2633325159549713,0.0,0.0,0.27282199263572693,0.0,0.0,0.3320448100566864,0.0,0.0,0.3041340410709381,0.0,0.0,0.07116544246673584,0.0,0.0,0.06432338058948517,0.0,0.0,0.022860120981931686,0.0,0.0,0.02032703347504139
1007,True,121.83177947998047,80.36967468261719,0.940760612487793,124.07696533203125,77.8906478881836,0.8610414266586304,118.78614044189453,77.20149230957031,0.934394896030426,0.0,0.0,0.3723301291465759,113.00428771972656,78.81661987304688,0.8024562001228333,120.4039306640625,97.806396484375,0.8518972396850586,113.27723693847656,98.14547729492188,0.8292793035507202,0.0,0.0,0.36664727330207825,0.0,0.0,0.39690110087394714,0.0,0.0,0.26090970635414124,0.0,0.0,0.2957632839679718,0.0,0.0,0.3338092565536499,0.0,0.0,0.3191870450973511,0.0,0.0,0.07219081372022629,0.0,0.0,0.06903243809938431,0.0,0.0,0.02324576862156391,0.0,0.0,0.021531138569116592
1008,True,121.5059585571289,80.3359375,0.9417913556098938,123.71756744384766,77.79354858398438,0.8650301098823547,118.51020050048828,77.23956298828125,0.9332205057144165,0.0,0.0,0.38987013697624207,113.00384521484375,78.87586212158203,0.7959832549095154,120.65569305419922,97.71746826171875,0.8619909286499023,113.24207305908203,98.2512435913086,0.8375031352043152,0.0,0.0,0.39183661341667175,0.0,0.0,0.4138423800468445,0.0,0.0,0.2839739918708801,0.0,0.0,0.3144405484199524,0.0,0.0,0.3467855453491211,0.0,0.0,0.32900121808052063,0.0,0.0,0.07621055841445923,0.0,0.0,0.07219989597797394,0.0,0.0,0.024283111095428467,0.0,0.0,0.022388234734535217
1009,True,121.53280639648438,80.29936981201172,0.9412668943405151,123.70706176757812,77.77371215820312,0.8659346103668213,118.51106262207031,77.19943237304688,0.9313580393791199,0.0,0.0,0.38775408267974854,112.88086700439453,78.85330963134766,0.788515567779541,120.75552368164062,97.73582458496094,0.8641393184661865,112.89791107177734,98.16188049316406,0.8252087235450745,0.0,0.0,0.40524089336395264,0.0,0.0,0.39283889532089233,0.0,0.0,0.29422706365585327,0.0,0.0,0.3033873438835144,0.0,0.0,0.34726884961128235,0.0,0.0,0.31775549054145813,0.0,0.0,0.07631398737430573,0.0,0.0,0.06876912713050842,0.0,0.0,0.02407100982964039,0.0,0.0,0.021388111636042595
1010,True,121.52513885498047,80.29582977294922,0.9427486658096313,123.72659301757812,77.7698745727539,0.8697831630706787,118.51600646972656,77.188232421875,0.9324049949645996,0.0,0.0,0.3952592611312866,112.91909790039062,78.8150634765625,0.7889460921287537,120.70841217041016,97.65474700927734,0.8683425188064575,112.90949249267578,98.07433319091797,0.8256555795669556,0.0,0.0,0.4160824418067932,0.0,0.0,0.39226728677749634,0.0,0.0,0.30327296257019043,0.0,0.0,0.3045905530452728,0.0,0.0,0.3456136882305145,0.0,0.0,0.31236496567726135,0.0,0.0,0.07436724007129669,0.0,0.0,0.06596803665161133,0.0,0.0,0.02319474145770073,0.0,0.0,0.020371921360492706
1011,True,121.5167465209961,80.22825622558594,0.9437622427940369,123.69633483886719,77.72531127929688,0.8729791641235352,118.47711181640625,77.1487808227539,0.9324405193328857,0.0,0.0,0.39407068490982056,112.76742553710938,78.87416076660156,0.7854138612747192,120.95216369628906,97.89013671875,0.8737895488739014,112.42613220214844,98.30995178222656,0.8178494572639465,0.0,0.0,0.4332079291343689,0.0,0.0,0.3761933743953705,0.0,0.0,0.3159730136394501,0.0,0.0,0.29697611927986145,0.0,0.0,0.35491615533828735,0.0,0.0,0.3097837567329407,0.0,0.0,0.07816442847251892,0.0,0.0,0.06606297194957733,0.0,0.0,0.024192841723561287,0.0,0.0,0.02048475109040737
1012,True,121.29827880859375,80.34420776367188,0.9441973567008972,123.58466339111328,77.88745880126953,0.8756752610206604,118.32930755615234,77.2109375,0.9332895278930664,0.0,0.0,0.4051193296909332,112.71269226074219,78.76942443847656,0.7864602208137512,120.61151123046875,97.79328155517578,0.8717044591903687,112.60958862304688,98.02477264404297,0.8230290412902832,0.0,0.0,0.41887882351875305,0.0,0.0,0.37926068902015686,0.0,0.0,0.30075040459632874,0.0,0.0,0.2918623387813568,0.0,0.0,0.36690688133239746,0.0,0.0,0.32763877511024475,0.0,0.0,0.08462002128362656,0.0,0.0,0.0734979510307312,0.0,0.0,0.026710279285907745,0.0,0.0,0.023112408816814423
1013,True,121.3083267211914,80.35558319091797,0.9425953030586243,123.5745849609375,77.87759399414062,0.8713033199310303,118.35430145263672,77.22789001464844,0.9321775436401367,0.0,0.0,0.4014211893081665,112.79148864746094,78.75000762939453,0.7877559065818787,120.5306625366211,97.69359588623047,0.8681246042251587,112.88644409179688,97.92840576171875,0.8265549540519714,0.0,0.0,0.4085022211074829,0.0,0.0,0.38777193427085876,0.0,0.0,0.2929408848285675,0.0,0.0,0.2959742844104767,0.0,0.0,0.3666239380836487,0.0,0.0,0.33390459418296814,0.0,0.0,0.08561049401760101,0.0,0.0,0.07642851769924164,0.0,0.0,0.02732868120074272,0.0,0.0,0.024138277396559715
1014,True,121.2913818359375,80.35569763183594,0.943289041519165,123.58660888671875,77.88087463378906,0.8726589679718018,118.32705688476562,77.24760437011719,0.9329473376274109,0.0,0.0,0.39730146527290344,112.74834442138672,78.82958221435547,0.7866324186325073,120.7669906616211,97.7629623413086,0.8675516843795776,112.61981201171875,98.04988098144531,0.8254011273384094,0.0,0.0,0.405741423368454,0.0,0.0,0.3841262757778168,0.0,0.0,0.2933240234851837,0.0,0.0,0.29672008752822876,0.0,0.0,0.37203553318977356,0.0,0.0,0.338656485080719,0.0,0.0,0.09271541237831116,0.0,0.0,0.08268911391496658,0.0,0.0,0.030329780653119087,0.0,0.0,0.02675527334213257
1015,True,121.0397720336914,80.42453002929688,0.9423356652259827,123.37904357910156,77.9992446899414,0.8780067563056946,118.2097396850586,77.24603271484375,0.9279208779335022,0.0,0.0,0.4317442774772644,112.82634735107422,78.6072998046875,0.7694791555404663,120.60362243652344,97.56074523925781,0.876184344291687,112.75585174560547,97.54695129394531,0.8162976503372192,0.0,0.0,0.4388508200645447,0.0,0.0,0.369297593832016,0.0,0.0,0.3165196180343628,0.0,0.0,0.2862473428249359,0.0,0.0,0.36654767394065857,0.0,0.0,0.3181520402431488,0.0,0.0,0.08613231778144836,0.0,0.0,0.07207345962524414,0.0,0.0,0.027633488178253174,0.0,0.0,0.023346751928329468
1016,True,121.1568832397461,80.3880386352539,0.9432322978973389,123.44428253173828,77.93214416503906,0.8783156275749207,118.28589630126953,77.24385833740234,0.9297360777854919,0.0,0.0,0.4276076555252075,112.8643569946289,78.66720581054688,0.7754004597663879,120.64173889160156,97.54309844970703,0.8765765428543091,112.84313201904297,97.63821411132812,0.8187406659126282,0.0,0.0,0.4368354082107544,0.0,0.0,0.3719233572483063,0.0,0.0,0.3146255314350128,0.0,0.0,0.2877139449119568,0.0,0.0,0.36489081382751465,0.0,0.0,0.31793785095214844,0.0,0.0,0.08557649701833725,0.0,0.0,0.07198941707611084,0.0,0.0,0.02748207189142704,0.0,0.0,0.02328217588365078
1017,True,121.00259399414062,80.41867065429688,0.9424353837966919,123.34634399414062,77.99179077148438,0.8806601166725159,118.17540740966797,77.24897003173828,0.926892101764679,0.0,0.0,0.4402711093425751,112.82810974121094,78.61824035644531,0.7638295292854309,120.66397857666016,97.50909423828125,0.8777961730957031,112.75252532958984,97.49423217773438,0.8101521134376526,0.0,0.0,0.4454824924468994,0.0,0.0,0.3575558662414551,0.0,0.0,0.32104796171188354,0.0,0.0,0.2783885598182678,0.0,0.0,0.3637055456638336,0.0,0.0,0.30963724851608276,0.0,0.0,0.08613527566194534,0.0,0.0,0.07026541233062744,0.0,0.0,0.02790612168610096,0.0,0.0,0.0231524296104908
1018,True,121.0596694946289,80.38876342773438,0.9453387260437012,123.37550354003906,77.96122741699219,0.8894504308700562,118.21196746826172,77.2175521850586,0.9289287328720093,0.0,0.0,0.45650216937065125,112.82550811767578,78.61067199707031,0.7629959583282471,120.81036376953125,97.66403198242188,0.8861700296401978,112.69448852539062,97.5023193359375,0.8010090589523315,0.0,0.0,0.4680024981498718,0.0,0.0,0.3368070423603058,0.0,0.0,0.3338862657546997,0.0,0.0,0.2630770802497864,0.0,0.0,0.3661733567714691,0.0,0.0,0.2974480986595154,0.0,0.0,0.08591543138027191,0.0,0.0,0.06584218144416809,0.0,0.0,0.027563240379095078,0.0,0.0,0.021848872303962708
1019,True,121.06621551513672,80.38103485107422,0.9438638687133789,123.38871765136719,77.9596176147461,0.8870469927787781,118.23445892333984,77.20146942138672,0.9266062378883362,0.0,0.0,0.452602744102478,112.84431457519531,78.59180450439453,0.7570739984512329,120.85831451416016,97.65805053710938,0.8843053579330444,112.58203125,97.52628326416016,0.7983636260032654,0.0,0.0,0.4655655324459076,0.0,0.0,0.3336322605609894,0.0,0.0,0.3329593241214752,0.0,0.0,0.2620593309402466,0.0,0.0,0.3705613613128662,0.0,0.0,0.3013356626033783,0.0,0.0,0.08935908228158951,0.0,0.0,0.06840114295482635,0.0,0.0,0.028862038627266884,0.0,0.0,0.022859623655676842
1020,True,121.06512451171875,80.3730697631836,0.9433244466781616,123.39244079589844,77.95953369140625,0.8839424848556519,118.22605895996094,77.19429016113281,0.9264355301856995,0.0,0.0,0.4416986405849457,112.77356719970703,78.5759048461914,0.7587406635284424,120.83596801757812,97.6497802734375,0.8839761018753052,112.40443420410156,97.53977966308594,0.8004066348075867,0.0,0.0,0.4683702290058136,0.0,0.0,0.34124353528022766,0.0,0.0,0.3372492492198944,0.0,0.0,0.2697598338127136,0.0,0.0,0.37438398599624634,0.0,0.0,0.30608874559402466,0.0,0.0,0.08947532624006271,0.0,0.0,0.06892553716897964,0.0,0.0,0.028505587950348854,0.0,0.0,0.022654222324490547
1021,True,121.0609130859375,80.38199615478516,0.9419595003128052,123.4005126953125,77.96333312988281,0.8826460242271423,118.21833038330078,77.18443298339844,0.9257962107658386,0.0,0.0,0.4431891441345215,112.79106903076172,78.56754302978516,0.7583338022232056,120.68598937988281,97.7950210571289,0.8768226504325867,112.69416809082031,97.66370391845703,0.7967854142189026,0.0,0.0,0.44124993681907654,0.0,0.0,0.3308812975883484,0.0,0.0,0.311424195766449,0.0,0.0,0.2554478645324707,0.0,0.0,0.3641038239002228,0.0,0.0,0.30247634649276733,0.0,0.0,0.0871066078543663,0.0,0.0,0.0687195286154747,0.0,0.0,0.02820557914674282,0.0,0.0,0.022844621911644936
1022,True,121.06044006347656,80.37378692626953,0.9410664439201355,123.40896606445312,77.97789001464844,0.8810549378395081,118.20797729492188,77.17459869384766,0.9240021705627441,0.0,0.0,0.439283549785614,112.75032043457031,78.57335662841797,0.7531636357307434,120.70086669921875,97.76036834716797,0.8765353560447693,112.55079650878906,97.62255859375,0.7918826937675476,0.0,0.0,0.44753608107566833,0.0,0.0,0.32833200693130493,0.0,0.0,0.3180006444454193,0.0,0.0,0.2563304305076599,0.0,0.0,0.35815298557281494,0.0,0.0,0.2938708961009979,0.0,0.0,0.08450312167406082,0.0,0.0,0.06570824235677719,0.0,0.0,0.02735983580350876,0.0,0.0,0.021935144439339638
1023,True,121.05108642578125,80.37427520751953,0.9439387321472168,123.4108657836914,77.97708129882812,0.8881518244743347,118.19931030273438,77.16481018066406,0.9261273741722107,0.0,0.0,0.4552396535873413,112.7573471069336,78.54225158691406,0.7539679408073425,120.69110870361328,97.6209487915039,0.884589672088623,112.5361328125,97.45637512207031,0.7924398183822632,0.0,0.0,0.47029370069503784,0.0,0.0,0.3255852460861206,0.0,0.0,0.33524343371391296,0.0,0.0,0.25613340735435486,0.0,0.0,0.3595810830593109,0.0,0.0,0.28730469942092896,0.0,0.0,0.08224739879369736,0.0,0.0,0.061727896332740784,0.0,0.0,0.026192372664809227,0.0,0.0,0.020466402173042297
1024,True,121.06756591796875,80.35853576660156,0.9406038522720337,123.42352294921875,77.95885467529297,0.8793962001800537,118.22618865966797,77.17120361328125,0.9249117970466614,0.0,0.0,0.4359518885612488,112.80873107910156,78.56543731689453,0.7590752243995667,120.6844482421875,97.71879577636719,0.8727337121963501,112.77870178222656,97.67945861816406,0.7958191633224487,0.0,0.0,0.4290704131126404,0.0,0.0,0.32987239956855774,0.0,0.0,0.30139482021331787,0.0,0.0,0.2530384063720703,0.0,0.0,0.35971343517303467,0.0,0.0,0.30190640687942505,0.0,0.0,0.08758704364299774,0.0,0.0,0.070133276283741,0.0,0.0,0.02879318781197071,0.0,0.0,0.023582687601447105
1025,True,121.0584945678711,80.36107635498047,0.940646231174469,123.41220092773438,77.96737670898438,0.8812386989593506,118.21805572509766,77.1737289428711,0.9239068627357483,0.0,0.0,0.44221389293670654,112.8111572265625,78.57989501953125,0.7544930577278137,120.7175521850586,97.79654693603516,0.8753149509429932,112.758056640625,97.67153930664062,0.7908397912979126,0.0,0.0,0.4378659725189209,0.0,0.0,0.32168272137641907,0.0,0.0,0.306902676820755,0.0,0.0,0.24760596454143524,0.0,0.0,0.3628787398338318,0.0,0.0,0.2991681396961212,0.0,0.0,0.08877866715192795,0.0,0.0,0.06939001381397247,0.0,0.0,0.02917010709643364,0.0,0.0,0.023477325215935707
1026,True,121.02767181396484,80.36611938476562,0.9451494812965393,123.37532043457031,77.97303009033203,0.8892549872398376,118.18447875976562,77.18618774414062,0.9288743734359741,0.0,0.0,0.45588740706443787,112.80223083496094,78.54579162597656,0.7624321579933167,120.83474731445312,97.4406967163086,0.8842841982841492,112.69158935546875,97.33648681640625,0.8005862832069397,0.0,0.0,0.4642083942890167,0.0,0.0,0.33794131875038147,0.0,0.0,0.33083418011665344,0.0,0.0,0.2635272443294525,0.0,0.0,0.35763782262802124,0.0,0.0,0.29150938987731934,0.0,0.0,0.08052444458007812,0.0,0.0,0.06212305277585983,0.0,0.0,0.025552328675985336,0.0,0.0,0.020391566678881645
1027,True,121.0037841796875,80.36497497558594,0.9471916556358337,123.35527801513672,77.98125457763672,0.8924262523651123,118.17146301269531,77.18608093261719,0.931939959526062,0.0,0.0,0.4602757394313812,112.79537963867188,78.5225601196289,0.7719040513038635,120.68444061279297,97.36543273925781,0.8888038396835327,112.75325775146484,97.30867767333984,0.8046319484710693,0.0,0.0,0.47324925661087036,0.0,0.0,0.3416842818260193,0.0,0.0,0.33667248487472534,0.0,0.0,0.2658073604106903,0.0,0.0,0.3615446388721466,0.0,0.0,0.2929307818412781,0.0,0.0,0.07983659952878952,0.0,0.0,0.0611596442759037,0.0,0.0,0.02484101802110672,0.0,0.0,0.019709566608071327
1028,True,121.00505065917969,80.35365295410156,0.9463911652565002,123.36215209960938,77.97390747070312,0.8916183114051819,118.17749786376953,77.17259979248047,0.9305875301361084,0.0,0.0,0.46024420857429504,112.81295013427734,78.52439880371094,0.768078088760376,120.71446990966797,97.45175170898438,0.8881977796554565,112.71121215820312,97.36261749267578,0.8007121682167053,0.0,0.0,0.47329726815223694,0.0,0.0,0.33609944581985474,0.0,0.0,0.336137980222702,0.0,0.0,0.26178815960884094,0.0,0.0,0.3610815107822418,0.0,0.0,0.2906234562397003,0.0,0.0,0.07981898635625839,0.0,0.0,0.060634154826402664,0.0,0.0,0.024805257096886635,0.0,0.0,0.01956455036997795
1029,True,121.00151824951172,80.36378479003906,0.9477303624153137,123.35842895507812,77.98670196533203,0.89371657371521,118.16458892822266,77.17164611816406,0.9320613145828247,0.0,0.0,0.46165260672569275,112.75729370117188,78.515869140625,0.7704859972000122,120.69317626953125,97.45636749267578,0.8910569548606873,112.5984115600586,97.3798828125,0.8035764098167419,0.0,0.0,0.48078295588493347,0.0,0.0,0.3388717770576477,0.0,0.0,0.3428858518600464,0.0,0.0,0.2653978168964386,0.0,0.0,0.3636549711227417,0.0,0.0,0.2915128767490387,0.0,0.0,0.07988572865724564,0.0,0.0,0.06027610972523689,0.0,0.0,0.024647222831845284,0.0,0.0,0.01933671161532402
1030,True,120.91349029541016,80.3444595336914,0.9486865401268005,123.30486297607422,77.96967315673828,0.8990681767463684,118.08544921875,77.1352767944336,0.9318415522575378,0.0,0.0,0.47646498680114746,112.71833801269531,78.49598693847656,0.763695240020752,120.73482513427734,97.52787780761719,0.8937318921089172,112.40580749511719,97.50227355957031,0.7921667695045471,0.0,0.0,0.4888998866081238,0.0,0.0,0.31635782122612,0.0,0.0,0.34641310572624207,0.0,0.0,0.24926616251468658,0.0,0.0,0.3557297885417938,0.0,0.0,0.2746080756187439,0.0,0.0,0.07720745354890823,0.0,0.0,0.0557120218873024,0.0,0.0,0.02390897460281849,0.0,0.0,0.01818264275789261
1031,True,120.86530303955078,80.33733367919922,0.9481667876243591,123.28977966308594,77.97879028320312,0.9004859328269958,118.07718658447266,77.12889099121094,0.9302366375923157,0.0,0.0,0.4833102822303772,112.77175903320312,78.48340606689453,0.7564742565155029,120.83204650878906,97.49824523925781,0.8935005068778992,112.3097152709961,97.5458984375,0.7828946113586426,0.0,0.0,0.48977845907211304,0.0,0.0,0.3013271391391754,0.0,0.0,0.3455386161804199,0.0,0.0,0.2379656434059143,0.0,0.0,0.3530104160308838,0.0,0.0,0.2670484185218811,0.0,0.0,0.07804473489522934,0.0,0.0,0.05494588240981102,0.0,0.0,0.024455435574054718,0.0,0.0,0.018283354118466377
1032,True,120.86542510986328,80.33556365966797,0.9478567242622375,123.26883697509766,77.99005126953125,0.8976686000823975,118.05358123779297,77.12762451171875,0.9300386309623718,0.0,0.0,0.47709426283836365,112.70301055908203,78.49174499511719,0.7585744261741638,120.83631896972656,97.58578491210938,0.8936308026313782,112.40475463867188,97.40319061279297,0.7945838570594788,0.0,0.0,0.4926559627056122,0.0,0.0,0.32330334186553955,0.0,0.0,0.35110825300216675,0.0,0.0,0.25518935918807983,0.0,0.0,0.3621959090232849,0.0,0.0,0.2818453013896942,0.0,0.0,0.07917516678571701,0.0,0.0,0.05747111514210701,0.0,0.0,0.024490777403116226,0.0,0.0,0.01871568337082863
1033,True,120.60533142089844,80.43931579589844,0.948564887046814,123.09258270263672,78.0870132446289,0.9006891250610352,117.87421417236328,77.16287231445312,0.9308133125305176,0.0,0.0,0.490043044090271,112.6362075805664,78.34539794921875,0.7547000050544739,120.73790740966797,97.56378173828125,0.8913541436195374,112.26293182373047,97.2802505493164,0.7989183664321899,0.0,0.0,0.4797487258911133,0.0,0.0,0.32650628685951233,0.0,0.0,0.33945533633232117,0.0,0.0,0.2535145580768585,0.0,0.0,0.35630062222480774,0.0,0.0,0.2824331521987915,0.0,0.0,0.07777338474988937,0.0,0.0,0.057926908135414124,0.0,0.0,0.024334276095032692,0.0,0.0,0.018995387479662895
1034,True,120.60772705078125,80.4383544921875,0.9477882981300354,123.10221862792969,78.08832550048828,0.899852991104126,117.8782958984375,77.16986083984375,0.9297478199005127,0.0,0.0,0.48871368169784546,112.64656066894531,78.35844421386719,0.7520347237586975,120.80594635009766,97.61959838867188,0.890783965587616,112.23174285888672,97.30210876464844,0.7939410209655762,0.0,0.0,0.4788318872451782,0.0,0.0,0.3194277286529541,0.0,0.0,0.33679255843162537,0.0,0.0,0.24742254614830017,0.0,0.0,0.3558137118816376,0.0,0.0,0.2796882390975952,0.0,0.0,0.0780903548002243,0.0,0.0,0.05760681629180908,0.0,0.0,0.024457111954689026,0.0,0.0,0.01895417831838131
1035,True,120.35977172851562,80.55377197265625,0.9479911923408508,122.91462707519531,78.20691680908203,0.9017805457115173,117.59790802001953,77.21847534179688,0.9301080107688904,0.0,0.0,0.4820472300052643,112.19721984863281,78.34263610839844,0.7441928386688232,120.55961608886719,97.88488006591797,0.8845517635345459,111.56434631347656,97.53905487060547,0.7785360813140869,0.0,0.0,0.46246030926704407,0.0,0.0,0.2970271408557892,0.0,0.0,0.3243401348590851,0.0,0.0,0.23224717378616333,0.0,0.0,0.3501158654689789,0.0,0.0,0.27217015624046326,0.0,0.0,0.07956898212432861,0.0,0.0,0.05786122754216194,0.0,0.0,0.025547828525304794,0.0,0.0,0.019581297412514687
1036,True,120.19190979003906,80.65129089355469,0.948688805103302,122.77745056152344,78.29288482666016,0.9043046236038208,117.38459777832031,77.28510284423828,0.9297266006469727,0.0,0.0,0.48193085193634033,111.84541320800781,78.42886352539062,0.736693799495697,120.70584869384766,98.35301971435547,0.8887965679168701,111.07179260253906,97.89971160888672,0.7674595713615417,0.0,0.0,0.47809362411499023,0.0,0.0,0.281692236661911,0.0,0.0,0.33543482422828674,0.0,0.0,0.2233738899230957,0.0,0.0,0.3607915937900543,0.0,0.0,0.2708881199359894,0.0,0.0,0.08456651866436005,0.0,0.0,0.05864282324910164,0.0,0.0,0.026931192725896835,0.0,0.0,0.019910402595996857
1037,True,120.20307922363281,80.65953826904297,0.9448749423027039,122.79914855957031,78.27799987792969,0.8984822630882263,117.41244506835938,77.29397583007812,0.9263161420822144,0.0,0.0,0.47226202487945557,111.92878723144531,78.42303466796875,0.7322016954421997,120.46369934082031,98.17782592773438,0.8759998679161072,111.45267486572266,97.80479431152344,0.7563652396202087,0.0,0.0,0.4377896189689636,0.0,0.0,0.266539603471756,0.0,0.0,0.30367475748062134,0.0,0.0,0.20929256081581116,0.0,0.0,0.35228678584098816,0.0,0.0,0.270707905292511,0.0,0.0,0.09098055958747864,0.0,0.0,0.06523995101451874,0.0,0.0,0.030761994421482086,0.0,0.0,0.023291392251849174
1038,True,0.0,0.0,0.0668768361210823,0.0,0.0,0.08079735189676285,0.0,0.0,0.006902746390551329,0.0,0.0,0.09854422509670258,0.0,0.0,0.0024312410969287157,0.0,0.0,0.06648366898298264,0.0,0.0,0.024676576256752014,0.0,0.0,0.1583268642425537,0.0,0.0,0.06340982764959335,0.0,0.0,0.33647119998931885,0.0,0.0,0.22619713842868805,0.0,0.0,0.047609247267246246,0.0,0.0,0.04079650342464447,0.0,0.0,0.14802251756191254,0.0,0.0,0.14296624064445496,0.0,0.0,0.0759257972240448,0.0,0.0,0.08638077229261398
1039,True,120.1670913696289,81.10201263427734,0.9446830749511719,122.82498931884766,78.8046875,0.8979219794273376,117.40570831298828,77.63323974609375,0.9231903553009033,0.0,0.0,0.464545875787735,111.67243194580078,78.54768371582031,0.720391571521759,120.47628021240234,98.46490478515625,0.887541651725769,110.49828338623047,97.76996612548828,0.7479913234710693,0.0,0.0,0.4922156035900116,0.0,0.0,0.2666468620300293,0.0,0.0,0.3490484654903412,0.0,0.0,0.21835820376873016,0.0,0.0,0.3781164586544037,0.0,0.0,0.2755448818206787,0.0,0.0,0.09379622340202332,0.0,0.0,0.06215635687112808,0.0,0.0,0.029558973386883736,0.0,0.0,0.021093372255563736
1040,True,120.16490173339844,81.10186004638672,0.9450024366378784,122.82133483886719,78.80313110351562,0.898259162902832,117.40369415283203,77.63485717773438,0.9237775802612305,0.0,0.0,0.4650765359401703,111.67716217041016,78.55134582519531,0.7220664024353027,120.47016143798828,98.46271514892578,0.8877145051956177,110.52775573730469,97.77445220947266,0.7501302361488342,0.0,0.0,0.49143022298812866,0.0,0.0,0.26870331168174744,0.0,0.0,0.34827256202697754,0.0,0.0,0.21945905685424805,0.0,0.0,0.37784868478775024,0.0,0.0,0.2763197422027588,0.0,0.0,0.09348941594362259,0.0,0.0,0.06223554164171219,0.0,0.0,0.029445260763168335,0.0,0.0,0.02108369581401348
1041,True,0.0,0.0,0.005634901579469442,0.0,0.0,0.0006752981571480632,0.0,0.0,0.003083044197410345,0.0,0.0,0.0014904431300237775,0.0,0.0,0.01871652528643608,0.0,0.0,0.014718693681061268,0.0,0.0,0.17033220827579498,0.0,0.0,0.05877629294991493,268.7804870605469,35.97878646850586,0.6383966207504272,0.0,0.0,0.12496904283761978,270.324951171875,72.80020141601562,0.6972017288208008,0.0,0.0,0.23997141420841217,316.2313537597656,153.9385223388672,0.5159597992897034,0.0,0.0,0.007402866613119841,0.0,0.0,0.02391323633491993,0.0,0.0,0.0007233317592181265,0.0,0.0,0.0017289164243265986
1042,True,0.0,0.0,0.002043916145339608,0.0,0.0,0.00027066076290793717,0.0,0.0,0.0011211737291887403,0.0,0.0,0.0010780796874314547,0.0,0.0,0.0107003478333354,0.0,0.0,0.006753390189260244,0.0,0.0,0.1394493579864502,0.0,0.0,0.038536783307790756,286.58929443359375,38.868125915527344,0.7068191170692444,0.0,0.0,0.12283100932836533,274.10333251953125,91.05384826660156,0.7614969611167908,0.0,0.0,0.25146326422691345,313.96728515625,132.51290893554688,0.5930477380752563,0.0,0.0,0.011494097299873829,0.0,0.0,0.04711904004216194,0.0,0.0,0.0011715167202055454,0.0,0.0,0.003355387132614851
1043,True,120.3577651977539,81.82669067382812,0.9493358731269836,122.85545349121094,79.529541015625,0.8987922668457031,117.64657592773438,78.37757873535156,0.9342514276504517,0.0,0.0,0.44810307025909424,111.79908752441406,79.17439270019531,0.7612517476081848,120.277099609375,99.10865783691406,0.8928897380828857,110.38516235351562,98.58206939697266,0.7752726078033447,0.0,0.0,0.49456384778022766,0.0,0.0,0.30019205808639526,0.0,0.0,0.35008034110069275,0.0,0.0,0.2405886948108673,0.0,0.0,0.36444327235221863,0.0,0.0,0.27328214049339294,0.0,0.0,0.08078594505786896,0.0,0.0,0.05604357272386551,0.0,0.0,0.024504028260707855,0.0,0.0,0.018030911684036255
1044,True,120.34346008300781,82.00186920166016,0.9506608843803406,122.88947296142578,79.61795043945312,0.8982285857200623,117.63286590576172,78.54942321777344,0.9388131499290466,0.0,0.0,0.450835645198822,111.98125457763672,79.17793273925781,0.7792598605155945,119.69949340820312,98.3606185913086,0.8851657509803772,111.25822448730469,98.2837142944336,0.7995049953460693,0.0,0.0,0.4571438431739807,0.0,0.0,0.332702100276947,0.0,0.0,0.32429009675979614,0.0,0.0,0.2594672739505768,0.0,0.0,0.3370370864868164,0.0,0.0,0.27191078662872314,0.0,0.0,0.07170464843511581,0.0,0.0,0.0552840493619442,0.0,0.0,0.022381652146577835,0.0,0.0,0.017828578129410744
1045,True,0.0,0.0,0.3050076365470886,0.0,0.0,0.13926313817501068,0.0,0.0,0.08842283487319946,0.0,0.0,0.07233428210020065,0.0,0.0,0.017956191673874855,0.0,0.0,0.04733513295650482,301.4934387207031,60.11693572998047,0.5366960167884827,0.0,0.0,0.04162437841296196,295.3248291015625,90.84858703613281,0.6804797649383545,0.0,0.0,0.13971510529518127,276.5971984863281,138.4842071533203,0.7280938625335693,0.0,0.0,0.08693135529756546,0.0,0.0,0.3184667229652405,0.0,0.0,0.005395715590566397,0.0,0.0,0.026289809495210648,0.0,0.0,0.0013027547392994165,0.0,0.0,0.004556803498417139
1046,True,0.0,0.0,0.006099489983171225,0.0,0.0,0.0008906976436264813,0.0,0.0,0.0020054031629115343,0.0,0.0,0.002538135973736644,0.0,0.0,0.007105391006916761,0.0,0.0,0.016668658703565598,0.0,0.0,0.18926182389259338,0.0,0.0,0.06583032011985779,297.4899597167969,72.13628387451172,0.7006045579910278,0.0,0.0,0.14829087257385254,278.4498291015625,141.2131805419922,0.7182217240333557,0.0,0.0,0.1815306693315506,0.0,0.0,0.4522740840911865,0.0,0.0,0.005616051144897938,0.0,0.0,0.02180672250688076,0.0,0.0,0.0005848740111105144,0.0,0.0,0.0016442913329228759
1047,True,0.0,0.0,0.006809943821281195,0.0,0.0,0.0008762317593209445,0.0,0.0,0.002591993659734726,0.0,0.0,0.0025581270456314087,0.0,0.0,0.010891725309193134,0.0,0.0,0.021002572029829025,0.0,0.0,0.3220571279525757,0.0,0.0,0.0675349161028862,299.5586853027344,89.105712890625,0.8139926195144653,0.0,0.0,0.08749207854270935,280.8345947265625,149.27548217773438,0.6715252995491028,0.0,0.0,0.11292102187871933,0.0,0.0,0.3600383996963501,0.0,0.0,0.001928662066347897,0.0,0.0,0.0086056524887681,0.0,0.0,0.00030843450804241,0.0,0.0,0.0009326501749455929
1048,True,0.0,0.0,0.018209928646683693,0.0,0.0,0.0026477756910026073,0.0,0.0,0.00774797797203064,0.0,0.0,0.004318912047892809,0.0,0.0,0.02507360279560089,0.0,0.0,0.03749151900410652,0.0,0.0,0.30216512084007263,0.0,0.0,0.0623198002576828,297.07623291015625,96.22972106933594,0.6277050971984863,0.0,0.0,0.08436568081378937,281.82330322265625,158.25625610351562,0.5147273540496826,0.0,0.0,0.10603602975606918,0.0,0.0,0.27170589566230774,0.0,0.0,0.005263490602374077,0.0,0.0,0.01698593981564045,0.0,0.0,0.0009137926972471178,0.0,0.0,0.0022283620201051235
1049,True,0.0,0.0,0.017851121723651886,0.0,0.0,0.0024792063049972057,0.0,0.0,0.006645033601671457,0.0,0.0,0.004196692258119583,0.0,0.0,0.020387772470712662,0.0,0.0,0.041758764535188675,0.0,0.0,0.33855271339416504,0.0,0.0,0.07585891336202621,295.13043212890625,99.07714080810547,0.6807359457015991,0.0,0.0,0.0982694923877716,280.8727111816406,157.98355102539062,0.5574691891670227,0.0,0.0,0.0758335068821907,0.0,0.0,0.2098492980003357,0.0,0.0,0.004298224579542875,0.0,0.0,0.014057413674890995,0.0,0.0,0.000967053696513176,0.0,0.0,0.0023467354476451874
1050,True,0.0,0.0,0.017087329179048538,0.0,0.0,0.002690641675144434,0.0,0.0,0.006677794270217419,0.0,0.0,0.0039599258452653885,0.0,0.0,0.01540143322199583,0.0,0.0,0.022658873349428177,0.0,0.0,0.24936328828334808,0.0,0.0,0.035207975655794144,295.45751953125,98.20306396484375,0.5406368374824524,0.0,0.0,0.05116657540202141,0.0,0.0,0.4191192388534546,0.0,0.0,0.10030864924192429,0.0,0.0,0.2835357189178467,0.0,0.0,0.0038521471433341503,0.0,0.0,0.014040187001228333,0.0,0.0,0.0007053739973343909,0.0,0.0,0.0018848876934498549
1051,True,0.0,0.0,0.013373047113418579,0.0,0.0,0.0017806667601689696,0.0,0.0,0.005783656612038612,0.0,0.0,0.0021966102067381144,0.0,0.0,0.013561452738940716,0.0,0.0,0.015606083907186985,0.0,0.0,0.22995592653751373,0.0,0.0,0.03176160529255867,295.0714416503906,93.44158935546875,0.6161743998527527,0.0,0.0,0.05594420060515404,279.8819580078125,155.57180786132812,0.5216724872589111,0.0,0.0,0.10153432190418243,0.0,0.0,0.3140503764152527,0.0,0.0,0.0031080686021596193,0.0,0.0,0.013252582401037216,0.0,0.0,0.000486238015582785,0.0,0.0,0.0014429200673475862
1052,True,0.0,0.0,0.0039193895645439625,0.0,0.0,0.00039438987732864916,0.0,0.0,0.002477983944118023,0.0,0.0,0.0009161591297015548,0.0,0.0,0.012022588402032852,0.0,0.0,0.005249515175819397,0.0,0.0,0.33633628487586975,0.0,0.0,0.015455947257578373,289.3985290527344,85.76570129394531,0.8711848855018616,0.0,0.0,0.029756419360637665,279.9861755371094,147.3917236328125,0.7345677614212036,0.0,0.0,0.12431277334690094,305.61199951171875,167.6056365966797,0.5568687319755554,0.0,0.0,0.002124205930158496,0.0,0.0,0.018683170899748802,0.0,0.0,0.00035981982364319265,0.0,0.0,0.0017233954276889563
1053,True,0.0,0.0,0.009189759381115437,0.0,0.0,0.0009334663627669215,0.0,0.0,0.006052445620298386,0.0,0.0,0.0014244085177779198,0.0,0.0,0.026458779349923134,0.0,0.0,0.010152675211429596,0.0,0.0,0.3500792682170868,0.0,0.0,0.01433653850108385,293.3257141113281,96.35740661621094,0.7285456657409668,0.0,0.0,0.02430471032857895,277.497802734375,155.7757568359375,0.5538899302482605,0.0,0.0,0.08197928220033646,0.0,0.0,0.3674945831298828,0.0,0.0,0.0024416742380708456,0.0,0.0,0.016127876937389374,0.0,0.0,0.0004240271809976548,0.0,0.0,0.0016687511233612895
1054,True,0.0,0.0,0.012524009682238102,0.0,0.0,0.0016649520257487893,0.0,0.0,0.00809480156749487,0.0,0.0,0.0012917693238705397,0.0,0.0,0.011674056760966778,0.0,0.0,0.002383469371125102,0.0,0.0,0.2827499210834503,0.0,0.0,0.0032186084426939487,291.7314147949219,94.48403930664062,0.7088075280189514,0.0,0.0,0.009074444882571697,277.0294189453125,156.5609893798828,0.5524258017539978,0.0,0.0,0.0476849190890789,0.0,0.0,0.3718564212322235,0.0,0.0,0.0021001386921852827,0.0,0.0,0.024331513792276382,0.0,0.0,0.0005431936588138342,0.0,0.0,0.0032467658165842295
1055,True,0.0,0.0,0.0034304645378142595,0.0,0.0,0.0002985726750921458,0.0,0.0,0.003072114195674658,0.0,0.0,0.00032917747739702463,0.0,0.0,0.006045241374522448,0.0,0.0,0.0004632220370694995,0.0,0.0,0.3134581446647644,0.0,0.0,0.0009330091997981071,292.2935485839844,88.1277847290039,0.8725299835205078,0.0,0.0,0.004094088450074196,276.52508544921875,152.52261352539062,0.7325567603111267,0.0,0.0,0.049159400165081024,307.7196960449219,178.33961486816406,0.5918214321136475,0.0,0.0,0.0018740694504231215,0.0,0.0,0.04864629730582237,0.0,0.0,0.0005378733039833605,0.0,0.0,0.005614102352410555
1056,True,0.0,0.0,0.0022407667711377144,0.0,0.0,0.000333094852976501,0.0,0.0,0.0013583977706730366,0.0,0.0,0.0005744619411416352,0.0,0.0,0.0026751665864139795,0.0,0.0,0.000775946129579097,0.0,0.0,0.0962691530585289,0.0,0.0,0.0033528523053973913,296.39361572265625,75.13230895996094,0.629213809967041,0.0,0.0,0.011370261199772358,0.0,0.0,0.4970507323741913,0.0,0.0,0.07553675770759583,0.0,0.0,0.4663851261138916,0.0,0.0,0.003415866522118449,0.0,0.0,0.036046579480171204,0.0,0.0,0.0008156465482898057,0.0,0.0,0.004542636685073376
1057,True,0.0,0.0,0.003084972035139799,0.0,0.0,0.0009393860818818212,0.0,0.0,0.001414491911418736,0.0,0.0,0.002646123990416527,0.0,0.0,0.003295332659035921,0.0,0.0,0.002732536057010293,0.0,0.0,0.052840933203697205,0.0,0.0,0.009014803916215897,0.0,0.0,0.3086719214916229,0.0,0.0,0.015554691664874554,0.0,0.0,0.1785276234149933,0.0,0.0,0.1087234690785408,0.0,0.0,0.34713777899742126,0.0,0.0,0.0021984903141856194,0.0,0.0,0.010289350524544716,0.0,0.0,0.00047423705109395087,0.0,0.0,0.001536108204163611
1058,True,0.0,0.0,0.006252193823456764,0.0,0.0,0.0030057914555072784,0.0,0.0,0.0010667395545169711,0.0,0.0,0.008405394852161407,0.0,0.0,0.001180837512947619,0.0,0.0,0.007800188846886158,0.0,0.0,0.024517832323908806,0.0,0.0,0.05034975707530975,0.0,0.0,0.1566057950258255,0.0,0.0,0.09530414640903473,0.0,0.0,0.20534588396549225,0.0,0.0,0.15028506517410278,0.0,0.0,0.24515265226364136,0.0,0.0,0.006243519484996796,0.0,0.0,0.012914101593196392,0.0,0.0,0.0009533254778943956,0.0,0.0,0.0018442641012370586
1059,True,0.0,0.0,0.0025616504717618227,0.0,0.0,0.001209183013997972,0.0,0.0,0.0014642466558143497,0.0,0.0,0.0024742288514971733,0.0,0.0,0.0026538355741649866,0.0,0.0,0.0011187071213498712,0.0,0.0,0.012951962649822235,0.0,0.0,0.004045006353408098,0.0,0.0,0.11152607947587967,0.0,0.0,0.0144291240721941,0.0,0.0,0.16020289063453674,0.0,0.0,0.1380491852760315,0.0,0.0,0.36240866780281067,0.0,0.0,0.036593127995729446,0.0,0.0,0.12501029670238495,0.0,0.0,0.00929428543895483,0.0,0.0,0.02470291033387184
1060,True,0.0,0.0,0.057402703911066055,0.0,0.0,0.013782654888927937,0.0,0.0,0.0437304824590683,0.0,0.0,0.448440283536911,115.2181396484375,117.40753936767578,0.875793993473053,87.07498168945312,137.97576904296875,0.9657307863235474,122.63945007324219,136.4932098388672,0.9793780446052551,83.05935668945312,170.36575317382812,0.7191413640975952,133.53860473632812,166.39588928222656,0.8492029905319214,0.0,0.0,0.2684043347835541,0.0,0.0,0.42922747135162354,97.14273071289062,198.89065551757812,0.9442496299743652,121.13252258300781,197.75656127929688,0.9515185952186584,0.0,0.0,0.3992823660373688,0.0,0.0,0.4391424357891083,0.0,0.0,0.06540203839540482,0.0,0.0,0.07459868490695953
1061,True,0.0,0.0,0.0574660487473011,0.0,0.0,0.01491838414222002,0.0,0.0,0.04278263822197914,0.0,0.0,0.4693436026573181,115.1864242553711,117.64796447753906,0.8697789311408997,86.840576171875,138.28045654296875,0.966233491897583,122.5494384765625,136.80572509765625,0.9748742580413818,83.1527099609375,171.66845703125,0.7134420871734619,133.55819702148438,167.67044067382812,0.8025525808334351,0.0,0.0,0.2509101927280426,0.0,0.0,0.3546043634414673,96.67179107666016,199.56607055664062,0.9381341338157654,120.81729125976562,198.47251892089844,0.9405640959739685,0.0,0.0,0.39372098445892334,0.0,0.0,0.4070504605770111,0.0,0.0,0.06802714616060257,0.0,0.0,0.07231447845697403
1062,True,0.0,0.0,0.003151241224259138,0.0,0.0,0.001792142284102738,0.0,0.0,0.001411499222740531,0.0,0.0,0.0038036503829061985,0.0,0.0,0.0020231090020388365,0.0,0.0,0.00117963005322963,0.0,0.0,0.01323790568858385,0.0,0.0,0.0037033366970717907,0.0,0.0,0.08791633695363998,0.0,0.0,0.01202957984060049,0.0,0.0,0.12680087983608246,0.0,0.0,0.13243310153484344,0.0,0.0,0.348039835691452,0.0,0.0,0.03247315064072609,0.0,0.0,0.11016730964183807,0.0,0.0,0.009298527613282204,0.0,0.0,0.025060005486011505
1063,True,0.0,0.0,0.0014135426608845592,0.0,0.0,0.0006748181767761707,0.0,0.0,0.0006189820705913007,0.0,0.0,0.002595482161268592,0.0,0.0,0.0015154125867411494,0.0,0.0,0.0012352877529338002,0.0,0.0,0.008122280240058899,0.0,0.0,0.005569116678088903,0.0,0.0,0.07934824377298355,0.0,0.0,0.022569678723812103,0.0,0.0,0.16569234430789948,0.0,0.0,0.13203412294387817,0.0,0.0,0.3039810359477997,0.0,0.0,0.04372338578104973,0.0,0.0,0.12058604508638382,0.0,0.0,0.008825566619634628,0.0,0.0,0.020095624029636383
1064,True,0.0,0.0,0.001521595288068056,0.0,0.0,0.0006269756122492254,0.0,0.0,0.0006996584706939757,0.0,0.0,0.0020190109498798847,0.0,0.0,0.001635455060750246,0.0,0.0,0.001245436375029385,0.0,0.0,0.009931446984410286,0.0,0.0,0.00574311101809144,0.0,0.0,0.10014008730649948,0.0,0.0,0.02223852276802063,0.0,0.0,0.1912156194448471,0.0,0.0,0.13750995695590973,0.0,0.0,0.3333025574684143,0.0,0.0,0.03469272330403328,0.0,0.0,0.10477475821971893,0.0,0.0,0.006834200583398342,0.0,0.0,0.01645715720951557
1065,True,0.0,0.0,0.0015837845858186483,0.0,0.0,0.0005141980946063995,0.0,0.0,0.0009524403139948845,0.0,0.0,0.0015597505262121558,0.0,0.0,0.0030215412843972445,0.0,0.0,0.0017059685196727514,0.0,0.0,0.01244333479553461,0.0,0.0,0.007183408364653587,0.0,0.0,0.12131062150001526,0.0,0.0,0.025647589936852455,0.0,0.0,0.21251685917377472,0.0,0.0,0.14632996916770935,0.0,0.0,0.3363350033760071,0.0,0.0,0.04338261857628822,0.0,0.0,0.12331774830818176,0.0,0.0,0.009340474382042885,0.0,0.0,0.021059513092041016
1066,True,0.0,0.0,0.0010474270675331354,0.0,0.0,0.0003996951854787767,0.0,0.0,0.0005902844131924212,0.0,0.0,0.0016770365182310343,0.0,0.0,0.002120839897543192,0.0,0.0,0.0011509346077218652,0.0,0.0,0.010282165370881557,0.0,0.0,0.005285486113280058,0.0,0.0,0.11647366732358932,0.0,0.0,0.02336380071938038,0.0,0.0,0.22263076901435852,0.0,0.0,0.15373137593269348,0.0,0.0,0.3748255968093872,0.0,0.0,0.07298190891742706,0.0,0.0,0.21092794835567474,0.0,0.0,0.015932882204651833,0.0,0.0,0.03828589618206024
1067,True,0.0,0.0,0.0018380125984549522,0.0,0.0,0.0007239351980388165,0.0,0.0,0.0009292787290178239,0.0,0.0,0.002743575954809785,0.0,0.0,0.0030731805600225925,0.0,0.0,0.004429670982062817,0.0,0.0,0.013215973973274231,0.0,0.0,0.021852537989616394,0.0,0.0,0.11732453107833862,0.0,0.0,0.06403600424528122,0.0,0.0,0.21971018612384796,0.0,0.0,0.43078404664993286,299.0488586425781,63.777278900146484,0.5927096009254456,0.0,0.0,0.2541459798812866,0.0,0.0,0.4105796217918396,0.0,0.0,0.04669330269098282,0.0,0.0,0.07768313586711884
1068,True,0.0,0.0,0.006275692954659462,0.0,0.0,0.004364786669611931,0.0,0.0,0.0025128540582954884,0.0,0.0,0.009284665808081627,0.0,0.0,0.0029743690975010395,0.0,0.0,0.003197660204023123,0.0,0.0,0.013703346252441406,0.0,0.0,0.009198077954351902,0.0,0.0,0.0633375346660614,0.0,0.0,0.02436610870063305,0.0,0.0,0.09795796871185303,0.0,0.0,0.17953209578990936,0.0,0.0,0.3228791356086731,0.0,0.0,0.039187122136354446,0.0,0.0,0.08856292068958282,0.0,0.0,0.008175157010555267,0.0,0.0,0.016410019248723984
1069,True,0.0,0.0,0.011887993663549423,0.0,0.0,0.004629204049706459,0.0,0.0,0.0032773707062005997,0.0,0.0,0.00435379333794117,0.0,0.0,0.002358274767175317,0.0,0.0,0.004177417140454054,0.0,0.0,0.03761790320277214,0.0,0.0,0.022627437487244606,0.0,0.0,0.26460427045822144,0.0,0.0,0.08121559023857117,0.0,0.0,0.36582547426223755,0.0,0.0,0.15689601004123688,0.0,0.0,0.35987645387649536,0.0,0.0,0.017602460458874702,0.0,0.0,0.05601362884044647,0.0,0.0,0.003308250103145838,0.0,0.0,0.008539977483451366
1070,True,0.0,0.0,0.008946718648076057,0.0,0.0,0.002734977286309004,0.0,0.0,0.0018837973475456238,0.0,0.0,0.002728563966229558,0.0,0.0,0.0016756271943449974,0.0,0.0,0.005258721765130758,0.0,0.0,0.04885028675198555,0.0,0.0,0.04332133010029793,0.0,0.0,0.33809971809387207,0.0,0.0,0.13509340584278107,0.0,0.0,0.49612894654273987,0.0,0.0,0.24558430910110474,0.0,0.0,0.4866805076599121,0.0,0.0,0.017787788063287735,0.0,0.0,0.0513584241271019,0.0,0.0,0.0017263004556298256,0.0,0.0,0.004222715739160776
1071,True,0.0,0.0,0.006768619641661644,0.0,0.0,0.004084175452589989,0.0,0.0,0.0015135911526158452,0.0,0.0,0.008013331331312656,0.0,0.0,0.0012364801950752735,0.0,0.0,0.002693870570510626,0.0,0.0,0.03326130285859108,0.0,0.0,0.016305383294820786,0.0,0.0,0.2177160680294037,0.0,0.0,0.05448625981807709,0.0,0.0,0.3359413743019104,0.0,0.0,0.22417229413986206,303.256103515625,118.57506561279297,0.5094788074493408,0.0,0.0,0.019082462415099144,0.0,0.0,0.06645096093416214,0.0,0.0,0.0022771344520151615,0.0,0.0,0.006505968049168587
1072,True,121.42950439453125,82.6387939453125,0.9377754926681519,123.84921264648438,80.41667175292969,0.8727903366088867,118.930419921875,79.13356018066406,0.9238628149032593,0.0,0.0,0.40003976225852966,112.9528579711914,79.45390319824219,0.7585432529449463,120.31550598144531,98.63404083251953,0.8730200529098511,111.09241485595703,98.05427551269531,0.7613253593444824,0.0,0.0,0.4593782126903534,0.0,0.0,0.3010117709636688,0.0,0.0,0.3312126696109772,0.0,0.0,0.24467436969280243,0.0,0.0,0.3596726059913635,0.0,0.0,0.2797406315803528,0.0,0.0,0.0876857116818428,0.0,0.0,0.06357015669345856,0.0,0.0,0.02808283269405365,0.0,0.0,0.02128543332219124
1073,True,283.9447937011719,83.46517944335938,0.5134387612342834,0.0,0.0,0.3034088909626007,0.0,0.0,0.19567973911762238,0.0,0.0,0.11410278081893921,0.0,0.0,0.024008193984627724,0.0,0.0,0.08541946113109589,293.060546875,82.3061294555664,0.689691424369812,0.0,0.0,0.06559638679027557,287.37335205078125,112.35768127441406,0.8217561841011047,0.0,0.0,0.2454715371131897,268.7110595703125,148.09613037109375,0.8681914210319519,0.0,0.0,0.18751314282417297,298.26556396484375,193.23760986328125,0.5550989508628845,0.0,0.0,0.016970889642834663,0.0,0.0,0.0878802239894867,0.0,0.0,0.003370491322129965,0.0,0.0,0.012723946943879128
1074,True,0.0,0.0,0.05943600833415985,0.0,0.0,0.01665046438574791,0.0,0.0,0.03318415954709053,0.0,0.0,0.37955620884895325,117.96749877929688,116.2821044921875,0.6818292140960693,87.99418640136719,136.53359985351562,0.9500631093978882,122.02169799804688,135.31307983398438,0.9481474161148071,82.67479705810547,172.86087036132812,0.7467999458312988,130.9164276123047,168.94696044921875,0.7432489991188049,0.0,0.0,0.34329110383987427,0.0,0.0,0.3741467595100403,97.837158203125,199.3414306640625,0.9243501424789429,120.70270538330078,198.94140625,0.9160706400871277,0.0,0.0,0.38331982493400574,0.0,0.0,0.36419764161109924,0.0,0.0,0.0665309801697731,0.0,0.0,0.06431473046541214
1075,True,0.0,0.0,0.014638885855674744,0.0,0.0,0.0012904659379273653,0.0,0.0,0.009244194254279137,0.0,0.0,0.0012112556723877788,0.0,0.0,0.033304594457149506,0.0,0.0,0.01912832260131836,0.0,0.0,0.4945203363895416,0.0,0.0,0.02984321489930153,283.74072265625,93.35914611816406,0.8401200771331787,0.0,0.0,0.06505677103996277,258.60333251953125,140.5157928466797,0.755499541759491,0.0,0.0,0.20029182732105255,303.7945556640625,170.04220581054688,0.6117998361587524,0.0,0.0,0.007541303988546133,0.0,0.0,0.048913247883319855,0.0,0.0,0.0008619652944616973,0.0,0.0,0.0033875463996082544
1076,True,0.0,0.0,0.0536179281771183,0.0,0.0,0.012111951597034931,0.0,0.0,0.01627536118030548,0.0,0.0,0.008359323255717754,0.0,0.0,0.009845485910773277,0.0,0.0,0.03376837074756622,0.0,0.0,0.28003647923469543,0.0,0.0,0.0567108616232872,278.92718505859375,92.89332580566406,0.6121135354042053,0.0,0.0,0.14626313745975494,249.31597900390625,136.85189819335938,0.6359989047050476,0.0,0.0,0.17054656147956848,0.0,0.0,0.41748106479644775,0.0,0.0,0.011996048502624035,0.0,0.0,0.039896704256534576,0.0,0.0,0.002034776145592332,0.0,0.0,0.005267823580652475
1077,True,0.0,0.0,0.02466357685625553,0.0,0.0,0.00286133517511189,0.0,0.0,0.008252296596765518,0.0,0.0,0.0021552725229412317,0.0,0.0,0.013646279461681843,0.0,0.0,0.021667852997779846,0.0,0.0,0.4123936593532562,0.0,0.0,0.05085393041372299,282.08319091796875,83.91172790527344,0.8499752283096313,0.0,0.0,0.14416979253292084,243.1859130859375,128.4875030517578,0.8516654372215271,0.0,0.0,0.1558573991060257,302.07232666015625,183.23416137695312,0.5080626010894775,0.0,0.0,0.003939742222428322,0.0,0.0,0.02487603761255741,0.0,0.0,0.0003178319020662457,0.0,0.0,0.0012949137017130852
1078,True,0.0,0.0,0.09248623251914978,0.0,0.0,0.05427543446421623,0.0,0.0,0.008237749338150024,0.0,0.0,0.10230503976345062,0.0,0.0,0.009193363599479198,0.0,0.0,0.12494134902954102,0.0,0.0,0.18869245052337646,0.0,0.0,0.12490236759185791,0.0,0.0,0.2586919963359833,0.0,0.0,0.4724031984806061,234.15762329101562,130.2406005859375,0.6347281336784363,0.0,0.0,0.06238939240574837,0.0,0.0,0.10159730166196823,0.0,0.0,0.011421315371990204,0.0,0.0,0.021020041778683662,0.0,0.0,0.0021727930288761854,0.0,0.0,0.0039058858528733253
1079,True,0.0,0.0,0.20917105674743652,0.0,0.0,0.1518753170967102,0.0,0.0,0.02161908522248268,0.0,0.0,0.17628474533557892,0.0,0.0,0.010806835256516933,0.0,0.0,0.21775506436824799,0.0,0.0,0.28648656606674194,0.0,0.0,0.21425187587738037,0.0,0.0,0.3547993004322052,233.04342651367188,138.7342071533203,0.6091035604476929,230.716064453125,132.679443359375,0.7246327996253967,0.0,0.0,0.04505199193954468,0.0,0.0,0.07014121115207672,0.0,0.0,0.011135084554553032,0.0,0.0,0.018717795610427856,0.0,0.0,0.003663102863356471,0.0,0.0,0.0061798361130058765
1080,True,0.0,0.0,0.0684705525636673,0.0,0.0,0.018262304365634918,0.0,0.0,0.008744582533836365,0.0,0.0,0.014386222697794437,0.0,0.0,0.006410924717783928,0.0,0.0,0.06798743456602097,0.0,0.0,0.36454126238822937,0.0,0.0,0.14835579693317413,276.0093994140625,79.55479431152344,0.7287293076515198,0.0,0.0,0.3277665972709656,229.38580322265625,134.4718017578125,0.8079749345779419,0.0,0.0,0.12186486274003983,0.0,0.0,0.2971985638141632,0.0,0.0,0.00319119356572628,0.0,0.0,0.010872467420995235,0.0,0.0,0.00027776177739724517,0.0,0.0,0.0007738331332802773
1081,True,0.0,0.0,0.23861028254032135,0.0,0.0,0.09138195216655731,0.0,0.0,0.03297761455178261,0.0,0.0,0.05318247899413109,0.0,0.0,0.007943358272314072,0.0,0.0,0.191927969455719,276.9576110839844,24.113479614257812,0.5888029336929321,0.0,0.0,0.2931421995162964,272.2823181152344,86.44889068603516,0.819974958896637,0.0,0.0,0.4460904598236084,227.94802856445312,144.40927124023438,0.838935136795044,0.0,0.0,0.1660584956407547,0.0,0.0,0.35935482382774353,0.0,0.0,0.004123948980122805,0.0,0.0,0.012203924357891083,0.0,0.0,0.00039556840783916414,0.0,0.0,0.0010194808710366488
1082,True,0.0,0.0,0.029692495241761208,0.0,0.0,0.006218707654625177,0.0,0.0,0.003792970674112439,0.0,0.0,0.006943919695913792,0.0,0.0,0.003068214515224099,0.0,0.0,0.06035921722650528,0.0,0.0,0.3166179656982422,0.0,0.0,0.2642829716205597,280.4764709472656,87.11404418945312,0.8359618782997131,0.0,0.0,0.4234423339366913,226.88861083984375,148.4703369140625,0.853249728679657,0.0,0.0,0.10267479717731476,0.0,0.0,0.2500503361225128,0.0,0.0,0.0023686555214226246,0.0,0.0,0.007300717290490866,0.0,0.0,0.00028786720940843225,0.0,0.0,0.0007290582288987935
1083,True,0.0,0.0,0.02690884657204151,0.0,0.0,0.004408800974488258,0.0,0.0,0.004290696699172258,0.0,0.0,0.004437517374753952,0.0,0.0,0.003991398494690657,0.0,0.0,0.05448049306869507,0.0,0.0,0.3526596426963806,0.0,0.0,0.24781851470470428,277.4722900390625,86.46258544921875,0.8663126826286316,0.0,0.0,0.4032225012779236,227.9076385498047,151.2437286376953,0.8670482039451599,0.0,0.0,0.09097868949174881,0.0,0.0,0.2432665228843689,0.0,0.0,0.0023753379937261343,0.0,0.0,0.007594212889671326,0.0,0.0,0.0003338107489980757,0.0,0.0,0.0008433443726971745
1084,True,0.0,0.0,0.0331752747297287,0.0,0.0,0.005440588109195232,0.0,0.0,0.00519086979329586,0.0,0.0,0.004939958453178406,0.0,0.0,0.004417990334331989,0.0,0.0,0.06552058458328247,0.0,0.0,0.3427720367908478,0.0,0.0,0.2845071852207184,278.2164001464844,85.16655731201172,0.8493057489395142,0.0,0.0,0.44335272908210754,227.19480895996094,151.96127319335938,0.8578670024871826,0.0,0.0,0.09808024764060974,0.0,0.0,0.23442746698856354,0.0,0.0,0.001914758002385497,0.0,0.0,0.005575191229581833,0.0,0.0,0.00022142735542729497,0.0,0.0,0.0005265907384455204
1085,True,0.0,0.0,0.03448024019598961,0.0,0.0,0.01064298115670681,0.0,0.0,0.021406613290309906,95.02641296386719,117.74547576904297,0.505115807056427,116.20166015625,117.3047866821289,0.7935763001441956,87.35491180419922,137.76089477539062,0.9626489877700806,122.48663330078125,136.3187713623047,0.9703620076179504,83.1036376953125,172.14987182617188,0.7280272841453552,132.06817626953125,168.349853515625,0.791416585445404,0.0,0.0,0.2550862431526184,0.0,0.0,0.3332921862602234,97.47200012207031,198.88026428222656,0.9396182298660278,121.34548950195312,198.04812622070312,0.9406896233558655,0.0,0.0,0.40117985010147095,0.0,0.0,0.4101649820804596,0.0,0.0,0.07058214396238327,0.0,0.0,0.07481841742992401
1086,True,0.0,0.0,0.22843389213085175,0.0,0.0,0.15319092571735382,0.0,0.0,0.015669414773583412,0.0,0.0,0.20470163226127625,0.0,0.0,0.012648378498852253,0.0,0.0,0.31923338770866394,0.0,0.0,0.3937269449234009,0.0,0.0,0.22402212023735046,0.0,0.0,0.42899563908576965,305.2034606933594,172.37673950195312,0.5487791299819946,228.45291137695312,143.77403259277344,0.7111862897872925,0.0,0.0,0.037599917501211166,0.0,0.0,0.06133488193154335,0.0,0.0,0.0062537966296076775,0.0,0.0,0.011096443980932236,0.0,0.0,0.0012039639987051487,0.0,0.0,0.0021305924747139215
1087,True,0.0,0.0,0.4417698085308075,0.0,0.0,0.2697930634021759,0.0,0.0,0.03999503701925278,0.0,0.0,0.14517487585544586,0.0,0.0,0.008270354010164738,0.0,0.0,0.32904475927352905,284.5816650390625,64.10269927978516,0.6638382077217102,0.0,0.0,0.28408852219581604,265.7618408203125,95.51153564453125,0.7715656161308289,303.7110900878906,174.19479370117188,0.5679289698600769,223.6723175048828,138.39788818359375,0.869921863079071,0.0,0.0,0.09104602783918381,0.0,0.0,0.20967301726341248,0.0,0.0,0.004644626751542091,0.0,0.0,0.01382682379335165,0.0,0.0,0.00047455407911911607,0.0,0.0,0.0012545801000669599
1088,True,0.0,0.0,0.26805976033210754,0.0,0.0,0.17363056540489197,0.0,0.0,0.021525433287024498,0.0,0.0,0.22465498745441437,0.0,0.0,0.015344723127782345,0.0,0.0,0.4208792448043823,278.8194274902344,107.70982360839844,0.5055317878723145,0.0,0.0,0.2858254313468933,0.0,0.0,0.4958439767360687,302.718505859375,172.22738647460938,0.5740090012550354,212.4829864501953,136.21923828125,0.7197554111480713,0.0,0.0,0.04729614406824112,0.0,0.0,0.0726780965924263,0.0,0.0,0.005569536704570055,0.0,0.0,0.009248222224414349,0.0,0.0,0.0009233846794813871,0.0,0.0,0.0015404813457280397
1089,True,0.0,0.0,0.10108867287635803,0.0,0.0,0.03990211710333824,0.0,0.0,0.009646821767091751,0.0,0.0,0.08047102391719818,0.0,0.0,0.02067059837281704,0.0,0.0,0.2032485455274582,0.0,0.0,0.4030246436595917,0.0,0.0,0.11751367151737213,0.0,0.0,0.46827003359794617,0.0,0.0,0.4325964152812958,193.53187561035156,134.98342895507812,0.7705957293510437,0.0,0.0,0.01898224465548992,0.0,0.0,0.04322611540555954,0.0,0.0,0.0036394780036062002,0.0,0.0,0.008743089623749256,0.0,0.0,0.0007655322551727295,0.0,0.0,0.0015803162241354585
1090,True,0.0,0.0,0.01743665151298046,0.0,0.0,0.0020893497858196497,0.0,0.0,0.003274832386523485,0.0,0.0,0.0015583637868985534,0.0,0.0,0.00478246109560132,0.0,0.0,0.04882623627781868,0.0,0.0,0.24779154360294342,0.0,0.0,0.2294800877571106,247.1897430419922,94.69580841064453,0.7884372472763062,0.0,0.0,0.3335522413253784,187.87901306152344,129.4779052734375,0.8197125792503357,0.0,0.0,0.08910884708166122,0.0,0.0,0.20228344202041626,0.0,0.0,0.0026904738042503595,0.0,0.0,0.007169309072196484,0.0,0.0,0.00042076228419318795,0.0,0.0,0.000908428686670959
1091,True,0.0,0.0,0.010578755289316177,0.0,0.0,0.0010462880600243807,0.0,0.0,0.002203768352046609,0.0,0.0,0.001150428201071918,0.0,0.0,0.005661864764988422,0.0,0.0,0.045691948384046555,0.0,0.0,0.33914095163345337,0.0,0.0,0.20673662424087524,245.48080444335938,93.94489288330078,0.855433464050293,0.0,0.0,0.27616971731185913,187.493408203125,129.3808135986328,0.8475794196128845,0.0,0.0,0.10469067841768265,0.0,0.0,0.2712551951408386,0.0,0.0,0.002128638792783022,0.0,0.0,0.006895683240145445,0.0,0.0,0.0002687540545593947,0.0,0.0,0.000658696168102324
1092,True,0.0,0.0,0.006332578603178263,0.0,0.0,0.00042629786184988916,0.0,0.0,0.0016557547496631742,0.0,0.0,0.0005243498599156737,0.0,0.0,0.005631544161587954,0.0,0.0,0.034908827394247055,257.5013427734375,10.838966369628906,0.6000909209251404,0.0,0.0,0.26700538396835327,230.8863525390625,94.82501983642578,0.9767414331436157,0.0,0.0,0.38489627838134766,174.2692413330078,122.76880645751953,0.9704042673110962,0.0,0.0,0.28081846237182617,294.562255859375,182.37338256835938,0.6903997659683228,0.0,0.0,0.00269852252677083,0.0,0.0,0.014410211704671383,0.0,0.0,0.00014578428817912936,0.0,0.0,0.0005055592046119273
1093,True,0.0,0.0,0.029348978772759438,0.0,0.0,0.004150640685111284,0.0,0.0,0.004535474814474583,0.0,0.0,0.0033250642009079456,0.0,0.0,0.007587941829115152,0.0,0.0,0.13237489759922028,0.0,0.0,0.3858911395072937,306.3020935058594,99.37865447998047,0.5117865204811096,230.9718780517578,89.44013214111328,0.835870623588562,305.99908447265625,168.79969787597656,0.6154369711875916,162.5309295654297,116.05029296875,0.8820825815200806,0.0,0.0,0.3914485275745392,274.3680419921875,185.1100311279297,0.535386323928833,0.0,0.0,0.007754475809633732,0.0,0.0,0.01526174508035183,0.0,0.0,0.0003668516001198441,0.0,0.0,0.0006636932375840843
1094,True,0.0,0.0,0.01872401498258114,0.0,0.0,0.0019160578958690166,0.0,0.0,0.0031307823956012726,0.0,0.0,0.0010229493491351604,0.0,0.0,0.0031050352845340967,0.0,0.0,0.043796636164188385,0.0,0.0,0.37902146577835083,0.0,0.0,0.40031611919403076,231.25169372558594,75.16787719726562,0.9523016214370728,311.3302917480469,175.69757080078125,0.6158983111381531,158.2658233642578,112.53355407714844,0.967008113861084,0.0,0.0,0.2332535833120346,279.7821044921875,192.81387329101562,0.5232495665550232,0.0,0.0,0.002444323617964983,0.0,0.0,0.008880021050572395,0.0,0.0,0.000149010302266106,0.0,0.0,0.000412659632274881
1095,True,0.0,0.0,0.011862864717841148,0.0,0.0,0.000633682357147336,0.0,0.0,0.004448206629604101,0.0,0.0,0.00020875586778856814,0.0,0.0,0.00693129887804389,0.0,0.0,0.016034962609410286,0.0,0.0,0.40902042388916016,0.0,0.0,0.2420119047164917,221.614990234375,79.13200378417969,0.9722707271575928,0.0,0.0,0.46167662739753723,150.36569213867188,111.93378448486328,0.9771156311035156,0.0,0.0,0.21286682784557343,280.5102844238281,194.01580810546875,0.6011177897453308,0.0,0.0,0.0013581395614892244,0.0,0.0,0.006800220347940922,0.0,0.0,7.882615318521857e-05,0.0,0.0,0.0002580111031420529
1096,True,0.0,0.0,0.008396675810217857,0.0,0.0,0.0003152532153762877,0.0,0.0,0.003941982984542847,0.0,0.0,7.477503822883591e-05,0.0,0.0,0.00686225388199091,0.0,0.0,0.00842613447457552,0.0,0.0,0.3090583384037018,0.0,0.0,0.17712196707725525,223.01528930664062,80.34614562988281,0.965751588344574,0.0,0.0,0.47103655338287354,148.0150146484375,113.5274658203125,0.9799189567565918,0.0,0.0,0.1391405612230301,0.0,0.0,0.4867723286151886,0.0,0.0,0.0009482905152253807,0.0,0.0,0.005033041816204786,0.0,0.0,5.625728954328224e-05,0.0,0.0,0.00018668391567189246
1097,True,0.0,0.0,0.006184030789881945,0.0,0.0,0.0003072936087846756,0.0,0.0,0.0017558342078700662,0.0,0.0,0.00012398180842865258,0.0,0.0,0.002952399430796504,0.0,0.0,0.010659553110599518,0.0,0.0,0.2750181257724762,0.0,0.0,0.2551961839199066,224.5150909423828,81.21033477783203,0.9656891226768494,307.6246337890625,169.92941284179688,0.5899914503097534,149.5442352294922,114.13162231445312,0.9816600680351257,0.0,0.0,0.16362039744853973,0.0,0.0,0.4942571818828583,0.0,0.0,0.00095233233878389,0.0,0.0,0.004566389136016369,0.0,0.0,4.567944779410027e-05,0.0,0.0,0.00014650964294560254
1098,True,0.0,0.0,0.01229004468768835,0.0,0.0,0.0015549479285255075,0.0,0.0,0.0011837735073640943,0.0,0.0,0.001423790119588375,0.0,0.0,0.0017518945969641209,0.0,0.0,0.0399879515171051,0.0,0.0,0.30066144466400146,0.0,0.0,0.31588008999824524,227.0848846435547,81.48649597167969,0.8970958590507507,308.6470947265625,165.497314453125,0.5872176885604858,151.91233825683594,109.09553527832031,0.9400627613067627,0.0,0.0,0.24440285563468933,275.20928955078125,201.47335815429688,0.5018030405044556,0.0,0.0,0.0030970002990216017,0.0,0.0,0.010915884748101234,0.0,0.0,0.00012205279199406505,0.0,0.0,0.0003496628487482667
1099,True,0.0,0.0,0.012635545805096626,0.0,0.0,0.0015550946118310094,0.0,0.0,0.0013927360996603966,0.0,0.0,0.0012765846913680434,0.0,0.0,0.0019944875966757536,0.0,0.0,0.03183446452021599,0.0,0.0,0.2994117736816406,0.0,0.0,0.25210854411125183,226.20828247070312,81.94849395751953,0.8949133157730103,309.3162536621094,165.85107421875,0.5317325592041016,152.99441528320312,111.00492858886719,0.939294159412384,0.0,0.0,0.20304462313652039,0.0,0.0,0.4695515036582947,0.0,0.0,0.002967782551422715,0.0,0.0,0.011485611088573933,0.0,0.0,0.00013815473357681185,0.0,0.0,0.0004192847991362214
1100,True,0.0,0.0,0.016624510288238525,0.0,0.0,0.0020912555046379566,0.0,0.0,0.00199563754722476,0.0,0.0,0.0015161234186962247,0.0,0.0,0.002572437049821019,0.0,0.0,0.03360936790704727,0.0,0.0,0.29667794704437256,0.0,0.0,0.22642754018306732,227.35694885253906,82.2075424194336,0.8738426566123962,310.51617431640625,165.1558380126953,0.5111901760101318,154.2415008544922,111.95230102539062,0.931388258934021,0.0,0.0,0.1735764443874359,0.0,0.0,0.4153822362422943,0.0,0.0,0.003331890096887946,0.0,0.0,0.012696721591055393,0.0,0.0,0.0001857540337368846,0.0,0.0,0.0005538545665331185
1101,True,0.0,0.0,0.025954825803637505,0.0,0.0,0.0033867466263473034,0.0,0.0,0.0036057813558727503,0.0,0.0,0.0022865987848490477,0.0,0.0,0.003544048871845007,0.0,0.0,0.04633263126015663,0.0,0.0,0.4353203773498535,0.0,0.0,0.2588815689086914,226.21485900878906,77.90711975097656,0.9118005633354187,304.90179443359375,169.62020874023438,0.5279322266578674,157.20021057128906,113.33809661865234,0.9432516098022461,0.0,0.0,0.24453890323638916,284.3285217285156,191.41964721679688,0.5432835221290588,0.0,0.0,0.005479500629007816,0.0,0.0,0.02084648609161377,0.0,0.0,0.0003169453702867031,0.0,0.0,0.0009499762090854347
1102,True,0.0,0.0,0.044672202318906784,0.0,0.0,0.005948020610958338,0.0,0.0,0.009398266673088074,0.0,0.0,0.0028736633248627186,0.0,0.0,0.00688961474224925,0.0,0.0,0.04720435291528702,258.0249938964844,6.2921142578125,0.5266252160072327,0.0,0.0,0.18188737332820892,227.31700134277344,78.43817901611328,0.9085002541542053,0.0,0.0,0.3800975978374481,161.44180297851562,113.6754379272461,0.9241846799850464,0.0,0.0,0.1918976604938507,290.96575927734375,178.95896911621094,0.5156698822975159,0.0,0.0,0.006566214840859175,0.0,0.0,0.02661837823688984,0.0,0.0,0.0005945570301264524,0.0,0.0,0.0018291178857907653
1103,True,0.0,0.0,0.02072001062333584,0.0,0.0,0.002594535704702139,0.0,0.0,0.002942621009424329,0.0,0.0,0.0030566018540412188,0.0,0.0,0.006148301996290684,0.0,0.0,0.09166669100522995,0.0,0.0,0.46415209770202637,0.0,0.0,0.36153924465179443,233.16285705566406,88.75287628173828,0.8907621502876282,304.4023132324219,170.46066284179688,0.5093477964401245,163.57273864746094,114.76980590820312,0.9074047207832336,0.0,0.0,0.26365911960601807,0.0,0.0,0.49825048446655273,0.0,0.0,0.005436227191239595,0.0,0.0,0.0156809501349926,0.0,0.0,0.00028918980387970805,0.0,0.0,0.0007091518491506577
1104,True,0.0,0.0,0.04674972966313362,0.0,0.0,0.005645545199513435,0.0,0.0,0.010903618298470974,0.0,0.0,0.0034486183430999517,0.0,0.0,0.014413326978683472,0.0,0.0,0.09355860203504562,260.5201110839844,5.48870849609375,0.5125503540039062,0.0,0.0,0.24721762537956238,231.586669921875,81.45355987548828,0.8432745933532715,0.0,0.0,0.34500938653945923,166.5341796875,114.3753433227539,0.844887375831604,0.0,0.0,0.1983521431684494,0.0,0.0,0.4244159162044525,0.0,0.0,0.0069327522069215775,0.0,0.0,0.01892734132707119,0.0,0.0,0.0005949719925411046,0.0,0.0,0.0013559432700276375
1105,True,0.0,0.0,0.031372081488370895,0.0,0.0,0.002949897898361087,0.0,0.0,0.008602386340498924,0.0,0.0,0.0010820224415510893,0.0,0.0,0.007584516424685717,0.0,0.0,0.048002034425735474,0.0,0.0,0.4074661433696747,0.0,0.0,0.3072035312652588,238.75845336914062,79.34708404541016,0.9232025742530823,0.0,0.0,0.4983294606208801,174.57168579101562,118.45623016357422,0.9433656334877014,0.0,0.0,0.17811329662799835,0.0,0.0,0.4306507110595703,0.0,0.0,0.0031316587701439857,0.0,0.0,0.010342291556298733,0.0,0.0,0.00028964647208340466,0.0,0.0,0.0007182433037087321
1106,True,0.0,0.0,0.050517622381448746,0.0,0.0,0.005668870639055967,0.0,0.0,0.012283418327569962,0.0,0.0,0.0029502511024475098,0.0,0.0,0.014794662594795227,0.0,0.0,0.08538288623094559,264.9601745605469,8.817916870117188,0.5314064621925354,0.0,0.0,0.24122565984725952,233.53744506835938,85.98489379882812,0.8638111352920532,0.0,0.0,0.36452871561050415,172.28201293945312,114.78025817871094,0.8713409900665283,0.0,0.0,0.18218828737735748,0.0,0.0,0.41315677762031555,0.0,0.0,0.005993831902742386,0.0,0.0,0.017268046736717224,0.0,0.0,0.0005126567557454109,0.0,0.0,0.001202742219902575
1107,True,0.0,0.0,0.04545736685395241,0.0,0.0,0.005703129805624485,0.0,0.0,0.00893798004835844,0.0,0.0,0.003432297380641103,0.0,0.0,0.009333682246506214,0.0,0.0,0.08797715604305267,258.5968017578125,10.159988403320312,0.6227796077728271,0.0,0.0,0.2627321779727936,232.10452270507812,96.872314453125,0.9250766634941101,0.0,0.0,0.4065835475921631,177.4874725341797,114.80381774902344,0.923420250415802,0.0,0.0,0.22788341343402863,293.95672607421875,184.3275146484375,0.5328550338745117,0.0,0.0,0.005027304403483868,0.0,0.0,0.018584968522191048,0.0,0.0,0.00030444114236161113,0.0,0.0,0.0008725578663870692
1108,True,0.0,0.0,0.02469334937632084,0.0,0.0,0.003073581028729677,0.0,0.0,0.003913708031177521,0.0,0.0,0.0031885856296867132,0.0,0.0,0.008919776417315006,0.0,0.0,0.11773964762687683,0.0,0.0,0.44820353388786316,0.0,0.0,0.41311681270599365,242.09378051757812,95.58744812011719,0.8618026971817017,304.43243408203125,171.6971435546875,0.5256141424179077,178.85211181640625,114.61279296875,0.883442759513855,0.0,0.0,0.25624045729637146,0.0,0.0,0.4400818645954132,0.0,0.0,0.004645993933081627,0.0,0.0,0.011067279614508152,0.0,0.0,0.00023713259724900126,0.0,0.0,0.0004979923251084983
1109,True,0.0,0.0,0.030949046835303307,0.0,0.0,0.004179107490926981,0.0,0.0,0.004219545051455498,0.0,0.0,0.003174089826643467,0.0,0.0,0.005620380397886038,0.0,0.0,0.08575745671987534,0.0,0.0,0.48846474289894104,0.0,0.0,0.3280850946903229,243.0469512939453,95.6865234375,0.9025203585624695,303.974609375,171.138427734375,0.5279628038406372,184.92996215820312,113.93543243408203,0.9264293313026428,0.0,0.0,0.2302551567554474,0.0,0.0,0.482769250869751,0.0,0.0,0.00409905519336462,0.0,0.0,0.01339893601834774,0.0,0.0,0.0002007796720135957,0.0,0.0,0.0005349364946596324
1110,True,0.0,0.0,0.1724402755498886,0.0,0.0,0.06512792408466339,0.0,0.0,0.01727975904941559,0.0,0.0,0.03553799167275429,0.0,0.0,0.007878849282860756,0.0,0.0,0.13532830774784088,0.0,0.0,0.3922222852706909,0.0,0.0,0.17142242193222046,249.1056365966797,89.67332458496094,0.6715021729469299,306.4521179199219,170.45423889160156,0.5659138560295105,193.77279663085938,119.07704162597656,0.8844864368438721,0.0,0.0,0.0362531952559948,0.0,0.0,0.09184525907039642,0.0,0.0,0.0032767944503575563,0.0,0.0,0.00927258562296629,0.0,0.0,0.0005321002099663019,0.0,0.0,0.0012342446716502309
1111,True,0.0,0.0,0.02770916186273098,0.0,0.0,0.006048149894922972,0.0,0.0,0.003805506741628051,0.0,0.0,0.00517324497923255,0.0,0.0,0.005807741545140743,0.0,0.0,0.05448385328054428,0.0,0.0,0.1559692621231079,0.0,0.0,0.12337496131658554,0.0,0.0,0.4980723261833191,0.0,0.0,0.3798607289791107,212.44888305664062,126.07379150390625,0.7658175826072693,0.0,0.0,0.03692669793963432,0.0,0.0,0.07993335276842117,0.0,0.0,0.0033101909793913364,0.0,0.0,0.00827360525727272,0.0,0.0,0.000585125177167356,0.0,0.0,0.0012264730175957084
1112,True,0.0,0.0,0.13995413482189178,0.0,0.0,0.043841131031513214,0.0,0.0,0.02059617079794407,0.0,0.0,0.016378501430153847,0.0,0.0,0.008038417436182499,0.0,0.0,0.0842842161655426,0.0,0.0,0.39734968543052673,0.0,0.0,0.1581600457429886,248.23716735839844,89.25959777832031,0.7495836019515991,305.98651123046875,172.47695922851562,0.5197504758834839,213.12478637695312,127.84844207763672,0.898906409740448,0.0,0.0,0.06849756836891174,0.0,0.0,0.18485045433044434,0.0,0.0,0.005343144293874502,0.0,0.0,0.016811471432447433,0.0,0.0,0.0008261088514700532,0.0,0.0,0.0021028725896030664
1113,True,0.0,0.0,0.20669615268707275,0.0,0.0,0.02311100997030735,0.0,0.0,0.1522371619939804,0.0,0.0,0.004058338701725006,0.0,0.0,0.10251670330762863,0.0,0.0,0.07569734752178192,274.3651428222656,46.86940002441406,0.7197505235671997,0.0,0.0,0.10684457421302795,247.64051818847656,93.047119140625,0.8730226755142212,0.0,0.0,0.2731548249721527,216.0500030517578,136.31179809570312,0.8849666714668274,0.0,0.0,0.13822007179260254,0.0,0.0,0.4163384735584259,0.0,0.0,0.005825527478009462,0.0,0.0,0.020694812759757042,0.0,0.0,0.0008880981476977468,0.0,0.0,0.0022287925239652395
1114,True,0.0,0.0,0.017552180215716362,0.0,0.0,0.0024897002149373293,0.0,0.0,0.003910573665052652,0.0,0.0,0.0024851320777088404,0.0,0.0,0.004850917495787144,0.0,0.0,0.06454996019601822,0.0,0.0,0.4337288439273834,0.0,0.0,0.2612208127975464,249.15658569335938,86.34117126464844,0.8977895379066467,0.0,0.0,0.3888353705406189,218.9453125,142.0841522216797,0.8978105187416077,0.0,0.0,0.2266690731048584,0.0,0.0,0.4922958016395569,0.0,0.0,0.00465460866689682,0.0,0.0,0.015695316717028618,0.0,0.0,0.0004655211523640901,0.0,0.0,0.0011889389716088772
1115,True,0.0,0.0,0.026707857847213745,0.0,0.0,0.0025818152353167534,0.0,0.0,0.009545558132231236,0.0,0.0,0.0011389929568395019,0.0,0.0,0.011444495059549809,0.0,0.0,0.046564482152462006,0.0,0.0,0.3032984137535095,0.0,0.0,0.21771948039531708,249.92491149902344,85.72822570800781,0.814844012260437,0.0,0.0,0.3563041388988495,221.46145629882812,147.56317138671875,0.8456138968467712,0.0,0.0,0.1269579380750656,0.0,0.0,0.28144508600234985,0.0,0.0,0.003288829931989312,0.0,0.0,0.008383972570300102,0.0,0.0,0.00047418256872333586,0.0,0.0,0.0009398816619068384
1116,True,0.0,0.0,0.020160997286438942,0.0,0.0,0.001310311839915812,0.0,0.0,0.011280365288257599,0.0,0.0,0.00045281954226084054,0.0,0.0,0.018169470131397247,0.0,0.0,0.02697298303246498,0.0,0.0,0.3369201123714447,0.0,0.0,0.14039136469364166,247.63072204589844,86.32379913330078,0.8593720197677612,0.0,0.0,0.26435163617134094,220.9804229736328,148.3519744873047,0.8725232481956482,0.0,0.0,0.11897356063127518,0.0,0.0,0.32905250787734985,0.0,0.0,0.0025587109848856926,0.0,0.0,0.008436203934252262,0.0,0.0,0.00037149092531763017,0.0,0.0,0.000858016312122345
1117,True,0.0,0.0,0.13537701964378357,0.0,0.0,0.024106847122311592,0.0,0.0,0.041597526520490646,0.0,0.0,0.009065457619726658,0.0,0.0,0.022738171741366386,0.0,0.0,0.12610483169555664,265.3802490234375,24.198135375976562,0.5410042405128479,0.0,0.0,0.24632200598716736,249.2425537109375,88.16220092773438,0.7915580868721008,0.0,0.0,0.4390152096748352,220.7371063232422,151.83351135253906,0.8350744247436523,0.0,0.0,0.15944233536720276,0.0,0.0,0.33151334524154663,0.0,0.0,0.0064370231702923775,0.0,0.0,0.015126636251807213,0.0,0.0,0.0008131062495522201,0.0,0.0,0.00163664435967803
1118,True,0.0,0.0,0.03601542487740517,0.0,0.0,0.004328081384301186,0.0,0.0,0.011095083318650723,0.0,0.0,0.0016083500813692808,0.0,0.0,0.008683530613780022,0.0,0.0,0.045451365411281586,0.0,0.0,0.23454764485359192,0.0,0.0,0.24259841442108154,249.4097900390625,84.34729766845703,0.7768058180809021,0.0,0.0,0.42198947072029114,221.89633178710938,149.40365600585938,0.8396810293197632,0.0,0.0,0.1206023171544075,0.0,0.0,0.24560044705867767,0.0,0.0,0.003221363527700305,0.0,0.0,0.0074269138276577,0.0,0.0,0.0004682879080064595,0.0,0.0,0.0008814553148113191
1119,True,0.0,0.0,0.04620881751179695,0.0,0.0,0.0069344863295555115,0.0,0.0,0.010140596888959408,0.0,0.0,0.003669314319267869,0.0,0.0,0.007362570613622665,0.0,0.0,0.08685334771871567,0.0,0.0,0.34204748272895813,0.0,0.0,0.3591902554035187,250.76583862304688,88.3438949584961,0.8402343988418579,0.0,0.0,0.4866868257522583,221.05006408691406,150.5374755859375,0.8564659953117371,0.0,0.0,0.1686607003211975,0.0,0.0,0.3164311945438385,0.0,0.0,0.0034275182988494635,0.0,0.0,0.007812769152224064,0.0,0.0,0.0003841831348836422,0.0,0.0,0.0007419193862006068
1120,True,0.0,0.0,0.025713594630360603,0.0,0.0,0.003024620935320854,0.0,0.0,0.0069951945915818214,0.0,0.0,0.0021787798032164574,0.0,0.0,0.009044009260833263,0.0,0.0,0.06995732337236404,0.0,0.0,0.4257988929748535,0.0,0.0,0.2998915910720825,249.11434936523438,90.87677001953125,0.8965398669242859,0.0,0.0,0.39503180980682373,220.33285522460938,151.11843872070312,0.8806541562080383,0.0,0.0,0.1927056908607483,0.0,0.0,0.41445863246917725,0.0,0.0,0.0036331426817923784,0.0,0.0,0.010432318784296513,0.0,0.0,0.0004069831920787692,0.0,0.0,0.0009130543330684304
1121,True,0.0,0.0,0.058734387159347534,0.0,0.0,0.014419939368963242,0.0,0.0,0.01262056827545166,0.0,0.0,0.006590517237782478,0.0,0.0,0.005014184396713972,0.0,0.0,0.04767517372965813,0.0,0.0,0.28078576922416687,0.0,0.0,0.21209903061389923,251.88975524902344,91.53990173339844,0.8088200688362122,0.0,0.0,0.3942016661167145,220.8663330078125,151.33294677734375,0.8516625761985779,0.0,0.0,0.1310214400291443,0.0,0.0,0.3082011938095093,0.0,0.0,0.003075141692534089,0.0,0.0,0.008995510637760162,0.0,0.0,0.0004278356791473925,0.0,0.0,0.0010128137655556202
1122,True,0.0,0.0,0.03433879092335701,0.0,0.0,0.005415001418441534,0.0,0.0,0.007213410455733538,0.0,0.0,0.0028481942135840654,0.0,0.0,0.004373019561171532,0.0,0.0,0.037937648594379425,0.0,0.0,0.34042245149612427,0.0,0.0,0.1941472291946411,252.69479370117188,88.11590576171875,0.8805364370346069,0.0,0.0,0.37696245312690735,222.03240966796875,150.88037109375,0.8977377414703369,0.0,0.0,0.12143318355083466,0.0,0.0,0.3367237150669098,0.0,0.0,0.0024313165340572596,0.0,0.0,0.008802001364529133,0.0,0.0,0.0002922074345406145,0.0,0.0,0.0007995603955350816
1123,True,0.0,0.0,0.028171559795737267,0.0,0.0,0.00417429581284523,0.0,0.0,0.005895468406379223,0.0,0.0,0.0025203211698681116,0.0,0.0,0.004482356831431389,0.0,0.0,0.04770248010754585,0.0,0.0,0.3304343819618225,0.0,0.0,0.2435145527124405,253.2236328125,89.239501953125,0.873272180557251,0.0,0.0,0.4032507836818695,221.22171020507812,151.29541015625,0.8851892352104187,0.0,0.0,0.14227250218391418,0.0,0.0,0.34470894932746887,0.0,0.0,0.002938294317573309,0.0,0.0,0.009272673167288303,0.0,0.0,0.0003287177241872996,0.0,0.0,0.0008139838464558125
1124,True,0.0,0.0,0.02564547024667263,0.0,0.0,0.004669942893087864,0.0,0.0,0.0046845185570418835,0.0,0.0,0.0028884464409202337,0.0,0.0,0.00298815849237144,0.0,0.0,0.03194022923707962,0.0,0.0,0.2563738226890564,0.0,0.0,0.19746115803718567,254.99891662597656,83.76292419433594,0.8504382371902466,0.0,0.0,0.4055062234401703,221.1467742919922,152.42752075195312,0.8868456482887268,0.0,0.0,0.11211595684289932,0.0,0.0,0.2941945791244507,0.0,0.0,0.0023645530454814434,0.0,0.0,0.007996564731001854,0.0,0.0,0.0003026884514838457,0.0,0.0,0.0007888441905379295
1125,True,0.0,0.0,0.022318832576274872,0.0,0.0,0.002740653930231929,0.0,0.0,0.00549476221203804,0.0,0.0,0.001789016998372972,0.0,0.0,0.006128668785095215,0.0,0.0,0.040979646146297455,0.0,0.0,0.3516138195991516,0.0,0.0,0.1919293850660324,254.81927490234375,87.19412994384766,0.876939594745636,0.0,0.0,0.33324384689331055,221.91061401367188,152.19546508789062,0.8815633654594421,0.0,0.0,0.11862581223249435,0.0,0.0,0.32162851095199585,0.0,0.0,0.0026776192244142294,0.0,0.0,0.009411109611392021,0.0,0.0,0.0003349104954395443,0.0,0.0,0.0008755819872021675
1126,True,0.0,0.0,0.030870476737618446,0.0,0.0,0.004501554183661938,0.0,0.0,0.0067727393470704556,0.0,0.0,0.0025059827603399754,0.0,0.0,0.005046586971729994,0.0,0.0,0.04051627963781357,0.0,0.0,0.33957159519195557,0.0,0.0,0.19610843062400818,259.35894775390625,88.70028686523438,0.8743591904640198,0.0,0.0,0.3678368031978607,221.00315856933594,152.6530303955078,0.8883365988731384,0.0,0.0,0.102679543197155,0.0,0.0,0.29010647535324097,0.0,0.0,0.0023236246779561043,0.0,0.0,0.008242826908826828,0.0,0.0,0.000294476660201326,0.0,0.0,0.0007869419059716165
1127,True,0.0,0.0,0.04503166675567627,0.0,0.0,0.00882003828883171,0.0,0.0,0.009730157442390919,0.0,0.0,0.004127278923988342,0.0,0.0,0.005064313765615225,0.0,0.0,0.037395503371953964,0.0,0.0,0.2781541645526886,0.0,0.0,0.1802186518907547,259.60345458984375,90.62205505371094,0.8266568779945374,0.0,0.0,0.3541491627693176,221.00621032714844,152.86807250976562,0.85761559009552,0.0,0.0,0.09372413158416748,0.0,0.0,0.2557128965854645,0.0,0.0,0.002872720593586564,0.0,0.0,0.009285683743655682,0.0,0.0,0.00047902297228574753,0.0,0.0,0.001211142516694963
1128,True,0.0,0.0,0.0555712953209877,0.0,0.0,0.009730235673487186,0.0,0.0,0.014468276873230934,0.0,0.0,0.0036743413656949997,0.0,0.0,0.008363964967429638,0.0,0.0,0.050574809312820435,0.0,0.0,0.22649520635604858,0.0,0.0,0.23009660840034485,263.1915283203125,90.84195709228516,0.7386693954467773,0.0,0.0,0.39663946628570557,220.2785186767578,153.41839599609375,0.7972201704978943,0.0,0.0,0.08950597792863846,0.0,0.0,0.1903957575559616,0.0,0.0,0.0038712311070412397,0.0,0.0,0.008753216825425625,0.0,0.0,0.0007260687416419387,0.0,0.0,0.0013897098833695054
1129,True,0.0,0.0,0.09373324364423752,0.0,0.0,0.028411710634827614,0.0,0.0,0.015087991021573544,0.0,0.0,0.01405545137822628,0.0,0.0,0.004380849190056324,0.0,0.0,0.05771728977560997,0.0,0.0,0.425454318523407,0.0,0.0,0.17796312272548676,261.0094909667969,96.13670349121094,0.8717235326766968,0.0,0.0,0.3553105592727661,221.30291748046875,152.79067993164062,0.8856173157691956,0.0,0.0,0.10998367518186569,0.0,0.0,0.33198532462120056,0.0,0.0,0.003498502541333437,0.0,0.0,0.014392471872270107,0.0,0.0,0.0005340174539014697,0.0,0.0,0.001672214362770319
1130,True,0.0,0.0,0.04936439171433449,0.0,0.0,0.009346922859549522,0.0,0.0,0.010323206894099712,0.0,0.0,0.004424646031111479,0.0,0.0,0.005228223744779825,0.0,0.0,0.04504048451781273,0.0,0.0,0.3528165817260742,0.0,0.0,0.17717954516410828,257.6113586425781,93.42018127441406,0.8520532250404358,0.0,0.0,0.33716514706611633,221.50604248046875,153.90843200683594,0.8671749234199524,0.0,0.0,0.11769098043441772,0.0,0.0,0.324383020401001,0.0,0.0,0.004628478549420834,0.0,0.0,0.01610327512025833,0.0,0.0,0.0007862062775529921,0.0,0.0,0.0021017801482230425
1131,True,0.0,0.0,0.1832532286643982,0.0,0.0,0.04629084840416908,0.0,0.0,0.04239432141184807,0.0,0.0,0.016150789335370064,0.0,0.0,0.015522218309342861,0.0,0.0,0.10894139111042023,0.0,0.0,0.3972662687301636,0.0,0.0,0.24866993725299835,261.758544921875,89.79379272460938,0.7155267596244812,304.98333740234375,171.2945556640625,0.518669843673706,220.96237182617188,152.2522735595703,0.8291619420051575,0.0,0.0,0.08795501291751862,0.0,0.0,0.18312819302082062,0.0,0.0,0.005583243910223246,0.0,0.0,0.011915544047951698,0.0,0.0,0.0010871181730180979,0.0,0.0,0.002091800794005394
1132,True,0.0,0.0,0.037290096282958984,0.0,0.0,0.005286506377160549,0.0,0.0,0.0084193404763937,0.0,0.0,0.002783925738185644,0.0,0.0,0.006771752145141363,0.0,0.0,0.056719738990068436,0.0,0.0,0.3023937940597534,0.0,0.0,0.23814445734024048,266.0943298339844,93.85489654541016,0.8258174061775208,0.0,0.0,0.3768356144428253,221.1569061279297,152.91970825195312,0.8398257493972778,0.0,0.0,0.1005372405052185,0.0,0.0,0.24332816898822784,0.0,0.0,0.004704729188233614,0.0,0.0,0.012891151010990143,0.0,0.0,0.0008657804573886096,0.0,0.0,0.0019283683504909277
1133,True,0.0,0.0,0.031487103551626205,0.0,0.0,0.003705020295456052,0.0,0.0,0.009169267490506172,0.0,0.0,0.001684271264821291,0.0,0.0,0.008196421898901463,0.0,0.0,0.04068074747920036,0.0,0.0,0.329479843378067,0.0,0.0,0.1875116229057312,261.69732666015625,93.60324096679688,0.853000283241272,0.0,0.0,0.33645620942115784,220.9298553466797,153.01597595214844,0.8645275831222534,0.0,0.0,0.10516095906496048,0.0,0.0,0.28458112478256226,0.0,0.0,0.0044024926610291,0.0,0.0,0.013800191693007946,0.0,0.0,0.0007823156774975359,0.0,0.0,0.0018668478587642312
1134,True,0.0,0.0,0.031160930171608925,0.0,0.0,0.0038773720152676105,0.0,0.0,0.008251599036157131,0.0,0.0,0.002154395915567875,0.0,0.0,0.007979580201208591,0.0,0.0,0.04714798182249069,0.0,0.0,0.3635854125022888,0.0,0.0,0.19434794783592224,258.4127197265625,92.90550994873047,0.8599133491516113,0.0,0.0,0.30844998359680176,221.5019989013672,153.57589721679688,0.851535975933075,0.0,0.0,0.12230473756790161,0.0,0.0,0.32074546813964844,0.0,0.0,0.004350685980170965,0.0,0.0,0.013850999996066093,0.0,0.0,0.0007311534718610346,0.0,0.0,0.001784803345799446
1135,True,0.0,0.0,0.017334841191768646,0.0,0.0,0.0015623212093487382,0.0,0.0,0.006335066165775061,0.0,0.0,0.0010131514864042401,0.0,0.0,0.009958560578525066,0.0,0.0,0.03107258677482605,0.0,0.0,0.4205581545829773,0.0,0.0,0.138486847281456,261.0713806152344,93.65042877197266,0.9034885764122009,0.0,0.0,0.22251790761947632,222.1035614013672,152.05079650878906,0.8737074136734009,0.0,0.0,0.13640190660953522,0.0,0.0,0.41828247904777527,0.0,0.0,0.004066841676831245,0.0,0.0,0.016732240095734596,0.0,0.0,0.0006126071675680578,0.0,0.0,0.001763531705364585
1136,True,0.0,0.0,0.28301453590393066,0.0,0.0,0.13137447834014893,0.0,0.0,0.0411212332546711,0.0,0.0,0.062770776450634,0.0,0.0,0.009444717317819595,0.0,0.0,0.1826408952474594,0.0,0.0,0.4582712650299072,0.0,0.0,0.32700520753860474,263.44512939453125,93.85826873779297,0.744691014289856,304.838134765625,169.90298461914062,0.6354530453681946,221.41915893554688,150.78851318359375,0.8674454092979431,0.0,0.0,0.09873108565807343,0.0,0.0,0.1973731815814972,0.0,0.0,0.005915211513638496,0.0,0.0,0.013359577395021915,0.0,0.0,0.00099735998082906,0.0,0.0,0.002102766651660204
1137,True,0.0,0.0,0.07189121842384338,0.0,0.0,0.02306356094777584,0.0,0.0,0.010887004435062408,0.0,0.0,0.014705437235534191,0.0,0.0,0.0035806528758257627,0.0,0.0,0.049541644752025604,0.0,0.0,0.4479779899120331,0.0,0.0,0.14776617288589478,256.19952392578125,94.99756622314453,0.8767123222351074,0.0,0.0,0.30836746096611023,220.0780487060547,151.77471923828125,0.8863833546638489,0.0,0.0,0.12457136809825897,0.0,0.0,0.39061692357063293,0.0,0.0,0.003482869826257229,0.0,0.0,0.016121825203299522,0.0,0.0,0.0005229199305176735,0.0,0.0,0.001789023051969707
1138,True,0.0,0.0,0.047461360692977905,0.0,0.0,0.0072900643572211266,0.0,0.0,0.01063450425863266,0.0,0.0,0.005195898003876209,0.0,0.0,0.007653095759451389,0.0,0.0,0.09449940919876099,262.4657287597656,11.699493408203125,0.5590343475341797,0.0,0.0,0.2903769910335541,252.09039306640625,92.28809356689453,0.9135926961898804,0.0,0.0,0.3959115743637085,223.25465393066406,149.7313232421875,0.8879950046539307,0.0,0.0,0.19341033697128296,0.0,0.0,0.4589781165122986,0.0,0.0,0.004419139586389065,0.0,0.0,0.01408860832452774,0.0,0.0,0.0005308884428814054,0.0,0.0,0.001313040847890079
1139,True,0.0,0.0,0.05807609111070633,0.0,0.0,0.009616388939321041,0.0,0.0,0.012127794325351715,0.0,0.0,0.006353023461997509,0.0,0.0,0.007456535007804632,0.0,0.0,0.10961782932281494,263.13922119140625,10.999008178710938,0.5359761118888855,0.0,0.0,0.31171202659606934,251.8101806640625,89.9754638671875,0.8919079899787903,0.0,0.0,0.40481340885162354,223.28807067871094,149.59181213378906,0.8641345500946045,0.0,0.0,0.19484266638755798,0.0,0.0,0.4314786195755005,0.0,0.0,0.004640279803425074,0.0,0.0,0.013178658671677113,0.0,0.0,0.0005825764965265989,0.0,0.0,0.0013328633503988385
1140,True,0.0,0.0,0.04855802655220032,0.0,0.0,0.007835022173821926,0.0,0.0,0.010210572741925716,0.0,0.0,0.005864142905920744,0.0,0.0,0.006884260103106499,0.0,0.0,0.09914764761924744,261.7336120605469,10.369415283203125,0.564028263092041,0.0,0.0,0.3141288757324219,251.61569213867188,90.20611572265625,0.917801022529602,0.0,0.0,0.42341482639312744,222.89404296875,149.6321258544922,0.8935813903808594,0.0,0.0,0.20416004955768585,0.0,0.0,0.47267481684684753,0.0,0.0,0.004126553889364004,0.0,0.0,0.012925942428410053,0.0,0.0,0.00044785154750570655,0.0,0.0,0.0011013031471520662
1141,True,0.0,0.0,0.03359585255384445,0.0,0.0,0.004115113988518715,0.0,0.0,0.008310172706842422,0.0,0.0,0.0038324908819049597,0.0,0.0,0.009113317355513573,0.0,0.0,0.10178375244140625,259.0525817871094,10.405494689941406,0.6319561004638672,0.0,0.0,0.30391544103622437,250.31881713867188,90.59278106689453,0.9340588450431824,0.0,0.0,0.3769606649875641,222.65286254882812,149.7417755126953,0.8975344300270081,0.0,0.0,0.2277526706457138,294.6565856933594,172.96771240234375,0.5281194448471069,0.0,0.0,0.003977104090154171,0.0,0.0,0.013440134935081005,0.0,0.0,0.00040553591679781675,0.0,0.0,0.001035416265949607
1142,True,0.0,0.0,0.04697457700967789,0.0,0.0,0.008179940283298492,0.0,0.0,0.009151224046945572,0.0,0.0,0.0060270088724792,0.0,0.0,0.005592488683760166,0.0,0.0,0.0871254950761795,262.59820556640625,10.91802978515625,0.5192808508872986,0.0,0.0,0.2844657897949219,251.57965087890625,88.25077819824219,0.905098557472229,0.0,0.0,0.4104597866535187,222.78558349609375,149.58395385742188,0.8878455758094788,0.0,0.0,0.1785457879304886,0.0,0.0,0.4329199194908142,0.0,0.0,0.003551145549863577,0.0,0.0,0.011500611901283264,0.0,0.0,0.00039776196354068816,0.0,0.0,0.001005174475722015
1143,True,0.0,0.0,0.018271582201123238,0.0,0.0,0.002578543499112129,0.0,0.0,0.0036283263470977545,0.0,0.0,0.0019109114073216915,0.0,0.0,0.0033275855239480734,0.0,0.0,0.031012864783406258,0.0,0.0,0.3349743187427521,0.0,0.0,0.1631353348493576,252.09307861328125,88.59783172607422,0.8812764883041382,0.0,0.0,0.3182285726070404,221.0128173828125,151.49688720703125,0.891066312789917,0.0,0.0,0.11425301432609558,0.0,0.0,0.3422097861766815,0.0,0.0,0.002555715385824442,0.0,0.0,0.010208072140812874,0.0,0.0,0.0003357407113071531,0.0,0.0,0.0009782870765775442
1144,True,0.0,0.0,0.019513623788952827,0.0,0.0,0.0038423140067607164,0.0,0.0,0.002897550817579031,0.0,0.0,0.003482492407783866,0.0,0.0,0.002009666059166193,0.0,0.0,0.029425637796521187,0.0,0.0,0.33650586009025574,0.0,0.0,0.15758971869945526,252.0131378173828,88.66524505615234,0.8936957120895386,0.0,0.0,0.3368701934814453,220.77114868164062,151.00180053710938,0.9080250859260559,0.0,0.0,0.11832073330879211,0.0,0.0,0.3732832670211792,0.0,0.0,0.002171233529224992,0.0,0.0,0.009927800856530666,0.0,0.0,0.000246880721533671,0.0,0.0,0.0008160293800756335
1145,True,0.0,0.0,0.0541282556951046,0.0,0.0,0.008646229282021523,0.0,0.0,0.011550933122634888,0.0,0.0,0.006455670576542616,0.0,0.0,0.0080435024574399,0.0,0.0,0.10645369440317154,262.2625427246094,11.955764770507812,0.5926907062530518,0.0,0.0,0.28477856516838074,251.61727905273438,87.2867431640625,0.9123226404190063,0.0,0.0,0.37961551547050476,223.57730102539062,148.9649658203125,0.883825957775116,0.0,0.0,0.19712966680526733,0.0,0.0,0.46471384167671204,0.0,0.0,0.0033913347870111465,0.0,0.0,0.01126648299396038,0.0,0.0,0.0003693604958243668,0.0,0.0,0.0009441948495805264
1146,True,0.0,0.0,0.03699689731001854,0.0,0.0,0.006301563233137131,0.0,0.0,0.0075751193799078465,0.0,0.0,0.005541785154491663,0.0,0.0,0.005580763798207045,0.0,0.0,0.0819610208272934,262.6044616699219,12.784072875976562,0.5623459815979004,0.0,0.0,0.26171398162841797,251.55596923828125,87.20404052734375,0.9230477213859558,0.0,0.0,0.3933476507663727,223.31533813476562,149.29348754882812,0.9048553109169006,0.0,0.0,0.21937043964862823,291.26947021484375,173.54852294921875,0.5209909081459045,0.0,0.0,0.004179004114121199,0.0,0.0,0.015393443405628204,0.0,0.0,0.0004612620978150517,0.0,0.0,0.0012712785974144936
1147,True,0.0,0.0,0.05035226792097092,0.0,0.0,0.00813540630042553,0.0,0.0,0.015596359968185425,0.0,0.0,0.0048837740905582905,0.0,0.0,0.011009519919753075,0.0,0.0,0.05614495649933815,273.42059326171875,27.950302124023438,0.5754678249359131,0.0,0.0,0.15210889279842377,250.1542510986328,88.65135192871094,0.8958740234375,0.0,0.0,0.26623600721359253,224.21339416503906,149.67572021484375,0.8686844110488892,0.0,0.0,0.17671190202236176,0.0,0.0,0.4878960847854614,0.0,0.0,0.004842106718569994,0.0,0.0,0.018819790333509445,0.0,0.0,0.0008124375017359853,0.0,0.0,0.0022464070934802294
1148,True,0.0,0.0,0.01471493300050497,0.0,0.0,0.0016005710931494832,0.0,0.0,0.00385349802672863,0.0,0.0,0.0021960344165563583,0.0,0.0,0.009173114784061909,0.0,0.0,0.060939088463783264,264.7912902832031,14.80426025390625,0.5579167008399963,0.0,0.0,0.1613139808177948,252.3465576171875,86.55172729492188,0.9122107625007629,0.0,0.0,0.2088177502155304,222.4356689453125,150.21484375,0.8662122488021851,0.0,0.0,0.12498746812343597,0.0,0.0,0.384149432182312,0.0,0.0,0.002306318609043956,0.0,0.0,0.01015470176935196,0.0,0.0,0.00030045618768781424,0.0,0.0,0.0009113519918173552
1149,True,0.0,0.0,0.04719509184360504,0.0,0.0,0.011986223049461842,0.0,0.0,0.008030444383621216,0.0,0.0,0.009090091101825237,0.0,0.0,0.004891953896731138,0.0,0.0,0.03415806591510773,0.0,0.0,0.29887667298316956,0.0,0.0,0.11781945824623108,253.80735778808594,80.55455017089844,0.787506639957428,0.0,0.0,0.2260153889656067,223.4194793701172,148.44192504882812,0.792962372303009,0.0,0.0,0.0726180300116539,0.0,0.0,0.23266124725341797,0.0,0.0,0.003282193560153246,0.0,0.0,0.011989668011665344,0.0,0.0,0.0008439553203061223,0.0,0.0,0.002381950616836548
1150,True,0.0,0.0,0.016242848709225655,0.0,0.0,0.0021087725181132555,0.0,0.0,0.003910755272954702,0.0,0.0,0.0033846162259578705,0.0,0.0,0.008963443338871002,0.0,0.0,0.05333847552537918,0.0,0.0,0.4617828130722046,0.0,0.0,0.15947836637496948,253.10498046875,83.62297058105469,0.8793777823448181,0.0,0.0,0.2153678685426712,222.4951934814453,148.51885986328125,0.8329405784606934,0.0,0.0,0.07870037108659744,0.0,0.0,0.2512592375278473,0.0,0.0,0.0019733046647161245,0.0,0.0,0.007672791834920645,0.0,0.0,0.00035155119257979095,0.0,0.0,0.0009835604578256607
1151,True,248.4536895751953,65.54682159423828,0.5865796208381653,254.0426788330078,55.627479553222656,0.5887307524681091,0.0,0.0,0.065291628241539,0.0,0.0,0.398505300283432,0.0,0.0,0.004449272993952036,0.0,0.0,0.1382693499326706,0.0,0.0,0.3948228061199188,0.0,0.0,0.10662591457366943,0.0,0.0,0.49193838238716125,268.44879150390625,157.9818572998047,0.513237714767456,224.08299255371094,156.34408569335938,0.7809778451919556,0.0,0.0,0.014929248951375484,0.0,0.0,0.04070718586444855,0.0,0.0,0.00529491575434804,0.0,0.0,0.013994675129652023,0.0,0.0,0.0017602777807042003,0.0,0.0,0.004272911697626114
1152,False,0.0,0.0,0.0,0.0,0.0,0.0,0.0,0.0,0.0,0.0,0.0,0.0,0.0,0.0,0.0,0.0,0.0,0.0,0.0,0.0,0.0,0.0,0.0,0.0,0.0,0.0,0.0,0.0,0.0,0.0,0.0,0.0,0.0,0.0,0.0,0.0,0.0,0.0,0.0,0.0,0.0,0.0,0.0,0.0,0.0,0.0,0.0,0.0,0.0,0.0,0.0
1153,False,0.0,0.0,0.0,0.0,0.0,0.0,0.0,0.0,0.0,0.0,0.0,0.0,0.0,0.0,0.0,0.0,0.0,0.0,0.0,0.0,0.0,0.0,0.0,0.0,0.0,0.0,0.0,0.0,0.0,0.0,0.0,0.0,0.0,0.0,0.0,0.0,0.0,0.0,0.0,0.0,0.0,0.0,0.0,0.0,0.0,0.0,0.0,0.0,0.0,0.0,0.0
1154,True,0.0,0.0,0.013095048256218433,0.0,0.0,0.0019800097215920687,0.0,0.0,0.003924318123608828,0.0,0.0,0.0023952436167746782,0.0,0.0,0.00739395571872592,0.0,0.0,0.02677638828754425,0.0,0.0,0.26171353459358215,0.0,0.0,0.11472012102603912,258.57012939453125,72.69355010986328,0.7261843085289001,0.0,0.0,0.25832292437553406,225.078857421875,141.49525451660156,0.755938708782196,0.0,0.0,0.2951503098011017,295.74444580078125,152.01876831054688,0.5645973086357117,0.0,0.0,0.019686292856931686,0.0,0.0,0.05853724852204323,0.0,0.0,0.0021042858716100454,0.0,0.0,0.0050001246854662895
1155,True,0.0,0.0,0.18373997509479523,0.0,0.0,0.0812458023428917,0.0,0.0,0.0346805639564991,0.0,0.0,0.051184579730033875,0.0,0.0,0.006769763771444559,0.0,0.0,0.040973760187625885,267.8405456542969,50.32429504394531,0.5014865398406982,0.0,0.0,0.03169669583439827,263.88055419921875,108.84526062011719,0.6620201468467712,0.0,0.0,0.08601903170347214,224.5560760498047,143.16578674316406,0.6402854919433594,0.0,0.0,0.03607669472694397,0.0,0.0,0.1768151819705963,0.0,0.0,0.0028503972571343184,0.0,0.0,0.016975751146674156,0.0,0.0,0.000606386864092201,0.0,0.0,0.0025426270440220833
1156,True,0.0,0.0,0.03417905792593956,0.0,0.0,0.011700042523443699,0.0,0.0,0.014822712168097496,0.0,0.0,0.007285320665687323,0.0,0.0,0.008898093365132809,0.0,0.0,0.006221027113497257,0.0,0.0,0.0573519729077816,0.0,0.0,0.010776074603199959,0.0,0.0,0.25380048155784607,0.0,0.0,0.05968231335282326,0.0,0.0,0.4410378932952881,0.0,0.0,0.009473579004406929,0.0,0.0,0.035392843186855316,0.0,0.0,0.018228616565465927,0.0,0.0,0.06468261778354645,0.0,0.0,0.016886454075574875,0.0,0.0,0.043338846415281296
1157,True,0.0,0.0,0.020363738760352135,0.0,0.0,0.004471240099519491,0.0,0.0,0.006503739859908819,0.0,0.0,0.0071176402270793915,0.0,0.0,0.010671110823750496,0.0,0.0,0.02404564991593361,0.0,0.0,0.2106795459985733,0.0,0.0,0.04526378586888313,0.0,0.0,0.4795598089694977,0.0,0.0,0.06632518023252487,0.0,0.0,0.3788559138774872,0.0,0.0,0.07656826823949814,0.0,0.0,0.21976546943187714,0.0,0.0,0.0020577367395162582,0.0,0.0,0.006495010573416948,0.0,0.0,0.0004517104825936258,0.0,0.0,0.001112399622797966
1158,False,0.0,0.0,0.0,0.0,0.0,0.0,0.0,0.0,0.0,0.0,0.0,0.0,0.0,0.0,0.0,0.0,0.0,0.0,0.0,0.0,0.0,0.0,0.0,0.0,0.0,0.0,0.0,0.0,0.0,0.0,0.0,0.0,0.0,0.0,0.0,0.0,0.0,0.0,0.0,0.0,0.0,0.0,0.0,0.0,0.0,0.0,0.0,0.0,0.0,0.0,0.0
1159,True,0.0,0.0,0.01675797812640667,0.0,0.0,0.002601935062557459,0.0,0.0,0.0022237603552639484,0.0,0.0,0.0025289838667958975,0.0,0.0,0.0025230173487216234,0.0,0.0,0.05729391798377037,0.0,0.0,0.18528568744659424,0.0,0.0,0.4251997768878937,285.6558837890625,94.11687469482422,0.7236648797988892,238.62527465820312,40.73042297363281,0.6771844029426575,252.44949340820312,134.7503662109375,0.8138782978057861,0.0,0.0,0.2994000017642975,0.0,0.0,0.4134592115879059,0.0,0.0,0.0038013167213648558,0.0,0.0,0.006598892621695995,0.0,0.0,0.00014200765872374177,0.0,0.0,0.00023596138635184616
1160,True,0.0,0.0,0.005942082963883877,0.0,0.0,0.0014246255159378052,0.0,0.0,0.001073502586223185,0.0,0.0,0.0030771405436098576,0.0,0.0,0.002091385889798403,0.0,0.0,0.02525237761437893,0.0,0.0,0.07698187977075577,0.0,0.0,0.19450053572654724,0.0,0.0,0.46668219566345215,0.0,0.0,0.34142574667930603,234.98895263671875,58.55936813354492,0.5774314999580383,0.0,0.0,0.3512575626373291,0.0,0.0,0.48370736837387085,0.0,0.0,0.013693908229470253,0.0,0.0,0.0252483282238245,0.0,0.0,0.0007971965824253857,0.0,0.0,0.0013957235496491194
1161,True,0.0,0.0,0.021832803264260292,0.0,0.0,0.008482667617499828,0.0,0.0,0.002481121104210615,0.0,0.0,0.020298898220062256,0.0,0.0,0.0034023504704236984,0.0,0.0,0.07684729993343353,0.0,0.0,0.10726532340049744,0.0,0.0,0.2684943675994873,0.0,0.0,0.3530139923095703,0.0,0.0,0.34483829140663147,0.0,0.0,0.4297201335430145,0.0,0.0,0.2839471995830536,0.0,0.0,0.35030028223991394,0.0,0.0,0.01881401054561138,0.0,0.0,0.02846379019320011,0.0,0.0,0.0014545904705300927,0.0,0.0,0.0023017870262265205
1162,True,0.0,0.0,0.0009396474924869835,0.0,0.0,0.00020007525745313615,0.0,0.0,0.00022794136020820588,0.0,0.0,0.0022600945085287094,0.0,0.0,0.003657202934846282,0.0,0.0,0.031620871275663376,0.0,0.0,0.09837504476308823,0.0,0.0,0.15689590573310852,0.0,0.0,0.43235549330711365,0.0,0.0,0.13841040432453156,0.0,0.0,0.36835458874702454,0.0,0.0,0.3802262544631958,291.79461669921875,157.45632934570312,0.5241979360580444,0.0,0.0,0.009798438288271427,0.0,0.0,0.017630724236369133,0.0,0.0,0.0006673249881714582,0.0,0.0,0.0011110975174233317
1163,True,0.0,0.0,0.0070383623242378235,0.0,0.0,0.0007380074239335954,0.0,0.0,0.005355824716389179,0.0,0.0,0.0012552757980301976,0.0,0.0,0.03696037456393242,0.0,0.0,0.01811899244785309,0.0,0.0,0.3024018406867981,0.0,0.0,0.03309600055217743,254.40847778320312,70.75456237792969,0.6418083310127258,0.0,0.0,0.034506551921367645,0.0,0.0,0.4631999731063843,0.0,0.0,0.1855979561805725,284.6375427246094,155.4683074951172,0.5009600520133972,0.0,0.0,0.012025590986013412,0.0,0.0,0.04328847676515579,0.0,0.0,0.002534843748435378,0.0,0.0,0.006302337162196636
1164,True,0.0,0.0,0.007689211051911116,0.0,0.0,0.0015899371355772018,0.0,0.0,0.0017271066317334771,0.0,0.0,0.0270606130361557,0.0,0.0,0.047157272696495056,0.0,0.0,0.36825722455978394,271.905517578125,11.732673645019531,0.5452351570129395,0.0,0.0,0.3525233268737793,238.4951171875,88.4281997680664,0.5220528841018677,0.0,0.0,0.13238342106342316,0.0,0.0,0.26036638021469116,0.0,0.0,0.4780482053756714,280.37701416015625,170.00587463378906,0.5508431196212769,0.0,0.0,0.013270802795886993,0.0,0.0,0.017040573060512543,0.0,0.0,0.0008133266237564385,0.0,0.0,0.001098712207749486
1165,True,0.0,0.0,0.003426098497584462,0.0,0.0,0.00031239623785950243,0.0,0.0,0.0022729327902197838,0.0,0.0,0.001678078668192029,0.0,0.0,0.05687377601861954,0.0,0.0,0.061364687979221344,245.2354736328125,13.360801696777344,0.6521176695823669,0.0,0.0,0.07833471894264221,226.00924682617188,83.96798706054688,0.8861660361289978,0.0,0.0,0.04309670254588127,227.97982788085938,75.40834045410156,0.6605079770088196,291.57647705078125,159.96929931640625,0.550827145576477,266.40362548828125,161.71377563476562,0.863353431224823,0.0,0.0,0.01467385608702898,0.0,0.0,0.07021843641996384,0.0,0.0,0.0009671702864579856,0.0,0.0,0.0032329040113836527
1166,True,0.0,0.0,0.002030497184023261,0.0,0.0,0.0006291209137998521,0.0,0.0,0.0002861747343558818,0.0,0.0,0.061173830181360245,0.0,0.0,0.03183460980653763,245.13327026367188,16.490234375,0.6222888231277466,267.9531555175781,13.169815063476562,0.5221129059791565,214.0802764892578,86.48282623291016,0.6441324949264526,238.16644287109375,85.81600952148438,0.5034043192863464,0.0,0.0,0.2615954279899597,0.0,0.0,0.252234548330307,262.2972412109375,164.2272491455078,0.8163868188858032,276.12225341796875,163.28106689453125,0.7850412130355835,0.0,0.0,0.040390074253082275,0.0,0.0,0.0366191528737545,0.0,0.0,0.0011253473348915577,0.0,0.0,0.0012160601327195764
1167,True,0.0,0.0,0.00012475943367462605,0.0,0.0,9.637139010010287e-05,0.0,0.0,1.17846657303744e-05,0.0,0.0,0.40765368938446045,0.0,0.0,0.08188248425722122,227.83277893066406,27.49652099609375,0.9233999848365784,296.929443359375,20.04058837890625,0.5645061135292053,212.74432373046875,90.1402587890625,0.8821908235549927,0.0,0.0,0.35752958059310913,0.0,0.0,0.39865565299987793,0.0,0.0,0.11529624462127686,247.69033813476562,157.2032470703125,0.9690743684768677,294.22088623046875,152.68711853027344,0.922469973564148,0.0,0.0,0.1720438301563263,0.0,0.0,0.0963682234287262,0.0,0.0,0.0028800880536437035,0.0,0.0,0.002122208708897233
1168,True,0.0,0.0,8.86161215021275e-05,0.0,0.0,5.728933319915086e-05,0.0,0.0,1.0209323590970598e-05,0.0,0.0,0.3661130368709564,0.0,0.0,0.12654536962509155,219.55784606933594,31.66302490234375,0.9161401391029358,291.79913330078125,23.618309020996094,0.6358787417411804,205.22738647460938,92.50092315673828,0.8470966219902039,0.0,0.0,0.4279675781726837,0.0,0.0,0.34877774119377136,0.0,0.0,0.13289521634578705,239.89158630371094,161.60458374023438,0.9621033668518066,288.5882263183594,156.4616241455078,0.9205977320671082,0.0,0.0,0.14290863275527954,0.0,0.0,0.09284751862287521,0.0,0.0,0.0024891463108360767,0.0,0.0,0.002070534974336624
1169,True,0.0,0.0,0.0001844924845499918,0.0,0.0,0.00012857532419729978,0.0,0.0,2.2897656890563667e-05,217.81114196777344,0.0,0.507703959941864,0.0,0.0,0.1725839227437973,212.76168823242188,34.471458435058594,0.9369754195213318,283.25628662109375,27.902061462402344,0.7448455095291138,198.04660034179688,93.3482437133789,0.8446388244628906,0.0,0.0,0.4530309736728668,0.0,0.0,0.32599902153015137,0.0,0.0,0.13444451987743378,231.9505157470703,159.6061248779297,0.9602937698364258,280.2383728027344,155.42861938476562,0.9229263067245483,0.0,0.0,0.1421160101890564,0.0,0.0,0.09651663899421692,0.0,0.0,0.002752638654783368,0.0,0.0,0.002374429488554597
1170,True,0.0,0.0,0.0036462675780057907,0.0,0.0,0.004727173130959272,0.0,0.0,0.0002387182612437755,215.07528686523438,1.447021484375,0.8973387479782104,0.0,0.0,0.13018135726451874,208.54339599609375,40.20867919921875,0.9693210124969482,276.4656066894531,34.368385314941406,0.823096752166748,193.3496551513672,97.6434097290039,0.8655555844306946,0.0,0.0,0.37068799138069153,0.0,0.0,0.3982943892478943,0.0,0.0,0.11558008193969727,227.63063049316406,163.65359497070312,0.9521431922912598,273.78265380859375,160.27626037597656,0.8993703722953796,0.0,0.0,0.16400617361068726,0.0,0.0,0.10279899090528488,0.0,0.0,0.0037558083422482014,0.0,0.0,0.0031675954815000296
1171,True,0.0,0.0,0.02068803831934929,0.0,0.0,0.028669370338320732,0.0,0.0,0.0011371498694643378,207.66452026367188,2.7368850708007812,0.9549443125724792,0.0,0.0,0.14784441888332367,202.08514404296875,44.39250183105469,0.9864464998245239,266.0323486328125,41.119815826416016,0.9118828177452087,188.69654846191406,101.30584716796875,0.9111515879631042,0.0,0.0,0.45650818943977356,193.54493713378906,100.51508331298828,0.5277155637741089,0.0,0.0,0.15649762749671936,218.67201232910156,164.53524780273438,0.96324622631073,261.95147705078125,162.0113525390625,0.9195767641067505,0.0,0.0,0.1751110851764679,0.0,0.0,0.10790391266345978,0.0,0.0,0.0037268041633069515,0.0,0.0,0.003100012196227908
1172,True,0.0,0.0,0.021242858842015266,0.0,0.0,0.029852276667952538,0.0,0.0,0.0011423418764024973,207.73782348632812,2.6771316528320312,0.9560156464576721,0.0,0.0,0.14136293530464172,202.17831420898438,44.00840377807617,0.9862490296363831,265.8664245605469,40.770023345947266,0.9108744263648987,189.03860473632812,101.65154266357422,0.9097766876220703,0.0,0.0,0.4505617022514343,193.81597900390625,100.63483428955078,0.5222564935684204,0.0,0.0,0.15195222198963165,218.6591796875,164.81536865234375,0.9612175226211548,261.73577880859375,162.37799072265625,0.9154570698738098,0.0,0.0,0.1638268232345581,0.0,0.0,0.10045183449983597,0.0,0.0,0.00347344228066504,0.0,0.0,0.002890079515054822
1173,True,0.0,0.0,0.013350882567465305,0.0,0.0,0.019547389820218086,0.0,0.0,0.0009379166876897216,200.5508270263672,3.7036514282226562,0.9526047706604004,0.0,0.0,0.26043274998664856,195.8813934326172,45.152225494384766,0.9772583842277527,258.1382751464844,39.18634033203125,0.9148999452590942,187.57186889648438,101.4558334350586,0.7844282984733582,0.0,0.0,0.37742090225219727,0.0,0.0,0.30047616362571716,0.0,0.0,0.11166734248399734,214.05747985839844,162.73452758789062,0.9413219094276428,257.9274597167969,159.4556884765625,0.9037439227104187,0.0,0.0,0.17648738622665405,0.0,0.0,0.13620811700820923,0.0,0.0,0.004930570721626282,0.0,0.0,0.0049156020395457745
1174,True,0.0,0.0,0.08944900333881378,0.0,0.0,0.16339772939682007,0.0,0.0,0.0036505002062767744,195.436767578125,5.734992980957031,0.9619638919830322,0.0,0.0,0.058949921280145645,198.546142578125,44.30400085449219,0.9848721027374268,241.65049743652344,40.416786193847656,0.8217759132385254,188.45126342773438,100.08887481689453,0.9329683780670166,0.0,0.0,0.28896790742874146,176.7156982421875,97.9920883178711,0.6618601083755493,0.0,0.0,0.14257535338401794,214.85226440429688,158.95980834960938,0.9547377228736877,244.79425048828125,155.791015625,0.8715574741363525,0.0,0.0,0.2672387361526489,0.0,0.0,0.1259382963180542,0.0,0.0,0.007570828776806593,0.0,0.0,0.005017111077904701
1175,True,178.5450897216797,17.642364501953125,0.8311654329299927,180.30133056640625,11.528961181640625,0.8281461000442505,0.0,0.0,0.14312395453453064,193.9099884033203,10.965011596679688,0.9165637493133545,0.0,0.0,0.030947621911764145,210.60614013671875,45.498077392578125,0.989769697189331,203.48709106445312,43.986724853515625,0.9571313261985779,211.92724609375,96.54803466796875,0.9856282472610474,186.9014892578125,83.30187225341797,0.8861470222473145,171.06954956054688,94.8580322265625,0.9696257710456848,146.4482879638672,66.92521667480469,0.8594247102737427,211.54017639160156,146.5319366455078,0.9859446287155151,206.1422119140625,143.9203643798828,0.972025454044342,208.77557373046875,214.799072265625,0.5163148045539856,0.0,0.0,0.3797076642513275,0.0,0.0,0.0146799860522151,0.0,0.0,0.012433183379471302
1176,True,178.54611206054688,17.65374755859375,0.8343483209609985,180.32034301757812,11.580581665039062,0.832059383392334,0.0,0.0,0.14603237807750702,193.95118713378906,11.00250244140625,0.9182506203651428,0.0,0.0,0.0313473716378212,210.63949584960938,45.41484069824219,0.9898345470428467,203.51878356933594,43.79437255859375,0.9576577544212341,211.88204956054688,96.55216217041016,0.9854658842086792,187.00994873046875,83.17671966552734,0.8858464360237122,170.96047973632812,94.74136352539062,0.9691266417503357,146.5756378173828,66.85446166992188,0.8580327033996582,211.48367309570312,146.44505310058594,0.9858054518699646,206.09124755859375,143.7668914794922,0.9718789458274841,208.57127380371094,214.8157958984375,0.5140823125839233,0.0,0.0,0.3785949945449829,0.0,0.0,0.014618630520999432,0.0,0.0,0.01242187712341547
1177,True,177.65406799316406,21.16669464111328,0.9284733533859253,179.81118774414062,14.46734619140625,0.901903510093689,0.0,0.0,0.30723756551742554,194.72531127929688,15.759140014648438,0.8855562806129456,0.0,0.0,0.02729618363082409,214.58828735351562,53.182838439941406,0.987058699131012,190.0063018798828,52.60014343261719,0.9844574332237244,223.7636260986328,91.71127319335938,0.9886221289634705,158.89102172851562,70.99378204345703,0.9774762988090515,185.05130004882812,96.33917236328125,0.989902138710022,124.82904052734375,56.01166534423828,0.9797747731208801,211.00196838378906,144.29339599609375,0.9943481087684631,194.89584350585938,143.06393432617188,0.9928867220878601,209.32701110839844,207.50570678710938,0.6423628926277161,186.64271545410156,209.25619506835938,0.6083402633666992,0.0,0.0,0.01737048663198948,0.0,0.0,0.019476735964417458
1178,True,177.1241912841797,22.336578369140625,0.9290019273757935,179.74172973632812,16.07556915283203,0.8978681564331055,0.0,0.0,0.3245256245136261,194.84133911132812,17.55126953125,0.883335530757904,0.0,0.0,0.030398046597838402,215.02748107910156,53.36955261230469,0.988896906375885,186.71200561523438,53.37885665893555,0.9880257248878479,225.0617218017578,89.53623962402344,0.9899791479110718,155.7991485595703,70.63186645507812,0.9823675155639648,188.15948486328125,95.95451354980469,0.9907243847846985,124.4476089477539,57.71520233154297,0.983045220375061,211.44412231445312,145.26205444335938,0.996052622795105,193.03594970703125,144.4226531982422,0.995203971862793,209.22329711914062,205.78724670410156,0.7264358997344971,184.97909545898438,208.1458282470703,0.7028748989105225,0.0,0.0,0.02672698348760605,0.0,0.0,0.030403342097997665
1179,True,176.49859619140625,23.006301879882812,0.9399012327194214,179.2639923095703,17.158035278320312,0.9145817756652832,0.0,0.0,0.33554941415786743,195.65872192382812,20.434059143066406,0.8895720839500427,0.0,0.0,0.03133760020136833,216.982177734375,54.875282287597656,0.9873812198638916,185.9104766845703,55.86566925048828,0.9892170429229736,226.26278686523438,89.22675323486328,0.9874262809753418,153.01913452148438,73.45059204101562,0.9814504384994507,191.044677734375,94.43075561523438,0.9889786839485168,121.2995376586914,58.125396728515625,0.9818026423454285,212.8741455078125,145.48236083984375,0.994688868522644,193.15760803222656,145.0321044921875,0.9940272569656372,206.4956512451172,205.4368438720703,0.6399826407432556,184.51617431640625,208.90072631835938,0.6307842135429382,0.0,0.0,0.017190447077155113,0.0,0.0,0.020763613283634186
1180,True,175.4757843017578,25.313934326171875,0.9384249448776245,178.544189453125,19.70611572265625,0.9228786826133728,0.0,0.0,0.33737558126449585,194.45620727539062,22.756210327148438,0.9119240641593933,0.0,0.0,0.025836525484919548,214.79421997070312,54.49605941772461,0.9878647923469543,186.07530212402344,59.90536117553711,0.9863402843475342,227.91641235351562,89.3657455444336,0.988849937915802,156.71945190429688,85.95930480957031,0.9782541990280151,189.35906982421875,93.5205078125,0.989772617816925,130.4986572265625,61.62140655517578,0.9794600605964661,211.90951538085938,145.65988159179688,0.9943137168884277,193.10789489746094,146.48983764648438,0.9928812980651855,208.08047485351562,205.85780334472656,0.6237979531288147,185.353515625,209.05557250976562,0.5888312458992004,0.0,0.0,0.016539938747882843,0.0,0.0,0.018580595031380653
1181,True,175.4789581298828,25.363082885742188,0.9368329048156738,178.49249267578125,19.758201599121094,0.9202468991279602,0.0,0.0,0.33013105392456055,194.2936553955078,22.7740478515625,0.9092639088630676,0.0,0.0,0.025458570569753647,214.2315673828125,54.59648513793945,0.987933337688446,186.43370056152344,59.825016021728516,0.9861511588096619,228.13101196289062,89.68572998046875,0.9888328313827515,156.84307861328125,85.81465911865234,0.9777414202690125,189.66390991210938,93.44819641113281,0.9898278713226318,130.4068603515625,61.71415328979492,0.9793792963027954,211.9451446533203,145.3166961669922,0.994391143321991,194.04415893554688,146.22296142578125,0.9929133057594299,208.14877319335938,205.55648803710938,0.6427655816078186,188.02169799804688,209.00767517089844,0.6075693368911743,0.0,0.0,0.018064476549625397,0.0,0.0,0.02021951973438263
1182,True,173.65240478515625,28.189292907714844,0.9431228637695312,176.2233123779297,22.505462646484375,0.9373988509178162,0.0,0.0,0.3381260633468628,192.1613311767578,24.692100524902344,0.9237306714057922,0.0,0.0,0.022232387214899063,212.54112243652344,53.78388977050781,0.9886619448661804,185.88711547851562,61.91287612915039,0.9826574921607971,229.77859497070312,86.65005493164062,0.9896345734596252,156.2787322998047,90.19965362548828,0.970259428024292,191.9250030517578,92.85371398925781,0.9904745221138,138.94117736816406,65.05558013916016,0.9753148555755615,212.12115478515625,145.53790283203125,0.9950687885284424,195.1206512451172,147.72442626953125,0.9928268194198608,208.52114868164062,207.97198486328125,0.693065345287323,191.4259490966797,212.35601806640625,0.6330246925354004,0.0,0.0,0.022807862609624863,0.0,0.0,0.023661211133003235
1183,True,172.0402374267578,29.127487182617188,0.9312645792961121,175.12281799316406,23.7213134765625,0.9136319756507874,0.0,0.0,0.29850009083747864,192.2138671875,27.058013916015625,0.8886728882789612,0.0,0.0,0.02595142088830471,213.83737182617188,56.518333435058594,0.9851373434066772,184.5872344970703,63.09806442260742,0.98213791847229,227.88809204101562,85.83598327636719,0.9866231083869934,158.00640869140625,90.25013732910156,0.9723656177520752,191.74266052246094,92.39778137207031,0.9882976412773132,142.29510498046875,68.32720947265625,0.9761989116668701,213.92514038085938,146.72018432617188,0.9920192360877991,195.4200897216797,148.03463745117188,0.9896940588951111,209.29827880859375,208.11083984375,0.616885244846344,192.02828979492188,210.7613525390625,0.5883593559265137,0.0,0.0,0.017111651599407196,0.0,0.0,0.019690409302711487
1184,True,172.2855682373047,29.458572387695312,0.9492338299751282,175.57420349121094,24.223228454589844,0.9450933337211609,0.0,0.0,0.38462597131729126,192.8244171142578,27.83513641357422,0.9133232235908508,0.0,0.0,0.03684426099061966,215.20367431640625,58.89570999145508,0.9857637286186218,184.321044921875,62.033958435058594,0.9771780967712402,225.33221435546875,89.10620880126953,0.9803594350814819,159.99351501464844,88.14288330078125,0.9411022663116455,192.59902954101562,90.39836883544922,0.9783734083175659,142.1096649169922,68.89431762695312,0.944233238697052,214.1290283203125,145.58419799804688,0.9823862314224243,194.17750549316406,145.12115478515625,0.9747974872589111,0.0,0.0,0.48222795128822327,0.0,0.0,0.42702609300613403,0.0,0.0,0.01413790974766016,0.0,0.0,0.015216013416647911
1185,True,172.19888305664062,30.085800170898438,0.948737621307373,176.1455078125,24.700469970703125,0.9438298940658569,0.0,0.0,0.3979940414428711,192.96791076660156,27.747840881347656,0.9225946664810181,0.0,0.0,0.028383595868945122,211.8975830078125,56.51780700683594,0.9871428608894348,183.33131408691406,63.10606002807617,0.9786416292190552,226.2911376953125,86.84437561035156,0.9874570965766907,157.60797119140625,91.66529083251953,0.9630439877510071,187.7385711669922,92.14614868164062,0.9876489043235779,140.97476196289062,66.99609375,0.9673033952713013,211.60504150390625,148.93409729003906,0.9909402132034302,192.90499877929688,150.23562622070312,0.9867876768112183,208.2259979248047,210.982421875,0.5822770595550537,188.88035583496094,213.45956420898438,0.5155993103981018,0.0,0.0,0.01621980033814907,0.0,0.0,0.01672203652560711
1186,True,171.81393432617188,29.735984802246094,0.9517609477043152,175.99290466308594,24.6689453125,0.948062539100647,0.0,0.0,0.40578851103782654,192.6230010986328,28.204612731933594,0.9290888905525208,0.0,0.0,0.028836827725172043,211.00479125976562,56.960201263427734,0.9886205196380615,184.04702758789062,62.09418487548828,0.9796930551528931,224.67404174804688,86.91374969482422,0.9882810711860657,158.47982788085938,88.7862319946289,0.9611882567405701,184.611572265625,90.61985778808594,0.9873659610748291,133.39434814453125,63.698970794677734,0.9637411236763,211.59756469726562,148.53794860839844,0.991951584815979,194.04469299316406,149.043701171875,0.9879258871078491,207.7252655029297,211.4860076904297,0.6335319876670837,190.759765625,212.6687774658203,0.5596912503242493,0.0,0.0,0.020386312156915665,0.0,0.0,0.02060922048985958
1187,True,172.28794860839844,29.591575622558594,0.9546338319778442,175.7604522705078,24.478103637695312,0.9435899257659912,0.0,0.0,0.3969690799713135,193.35020446777344,28.264755249023438,0.9120294451713562,0.0,0.0,0.03915014863014221,215.32150268554688,58.301979064941406,0.987740695476532,184.83392333984375,61.29674530029297,0.9870150089263916,221.73390197753906,87.61157989501953,0.9838465452194214,156.5503387451172,84.32125091552734,0.9684500694274902,188.02549743652344,86.5121078491211,0.9823002219200134,128.7039794921875,62.99739074707031,0.9658954739570618,215.03842163085938,145.68408203125,0.9875232577323914,195.30242919921875,145.22415161132812,0.9850876927375793,206.5694122314453,200.46731567382812,0.5211371183395386,187.15353393554688,201.15936279296875,0.5021075010299683,0.0,0.0,0.01413832325488329,0.0,0.0,0.016918988898396492
1188,True,172.7483367919922,29.578964233398438,0.950694739818573,176.15928649902344,24.298355102539062,0.9356451630592346,0.0,0.0,0.3874499201774597,193.6593017578125,27.63323974609375,0.8968376517295837,0.0,0.0,0.03928188607096672,215.58763122558594,57.444190979003906,0.9870189428329468,183.257568359375,60.56721878051758,0.9870589375495911,220.84185791015625,86.9954833984375,0.9844042658805847,152.4405517578125,82.55387878417969,0.9712523818016052,186.50863647460938,86.61402130126953,0.9835385084152222,124.44905090332031,62.613319396972656,0.9693700075149536,215.29385375976562,145.2920684814453,0.9889295697212219,194.41259765625,145.14251708984375,0.9869728684425354,206.135009765625,201.4193115234375,0.5452694892883301,185.01869201660156,203.18898010253906,0.5259567499160767,0.0,0.0,0.014771160669624805,0.0,0.0,0.017549458891153336
1189,True,173.08941650390625,29.0240478515625,0.9527778625488281,177.12442016601562,23.9896240234375,0.9420828223228455,0.0,0.0,0.44214171171188354,193.38587951660156,27.610549926757812,0.9227975606918335,0.0,0.0,0.039469391107559204,212.56353759765625,57.91476058959961,0.9900568127632141,180.98500061035156,59.42517852783203,0.9868142604827881,222.2076416015625,87.8480453491211,0.9891160130500793,148.9666748046875,78.11117553710938,0.9743242263793945,182.72972106933594,88.30067443847656,0.9876185655593872,120.76734161376953,59.341331481933594,0.972213625907898,212.41653442382812,148.09829711914062,0.9931641221046448,191.78062438964844,147.8001708984375,0.9910849928855896,208.42483520507812,207.4225311279297,0.6476590037345886,185.72792053222656,209.10067749023438,0.5997128486633301,0.0,0.0,0.021765002980828285,0.0,0.0,0.02348938398063183
1190,True,173.45123291015625,28.471664428710938,0.9482705593109131,177.692138671875,23.447593688964844,0.9436324238777161,0.0,0.0,0.408393919467926,194.2403564453125,27.364791870117188,0.9312925934791565,0.0,0.0,0.03433389961719513,213.42681884765625,57.81028366088867,0.9892531037330627,180.88906860351562,58.594303131103516,0.9827796220779419,218.696044921875,87.17391967773438,0.9874618649482727,148.58078002929688,76.76313781738281,0.9615150094032288,178.84368896484375,85.54566192626953,0.9842085242271423,119.77537536621094,58.760948181152344,0.9571825265884399,211.92112731933594,148.3055419921875,0.9915862083435059,190.46607971191406,147.44351196289062,0.9881366491317749,205.8395233154297,208.86102294921875,0.6066356301307678,183.08872985839844,209.34732055664062,0.5330783724784851,0.0,0.0,0.01985267736017704,0.0,0.0,0.020127087831497192
1191,True,174.40777587890625,28.182518005371094,0.9513638615608215,178.9025115966797,23.31737518310547,0.9400267601013184,0.0,0.0,0.4478834867477417,195.28500366210938,27.54712677001953,0.9249827861785889,0.0,0.0,0.0444810576736927,213.22250366210938,57.75640869140625,0.9898315072059631,180.278076171875,59.22859573364258,0.9869084358215332,215.26641845703125,86.9837646484375,0.9870781898498535,148.168701171875,80.73799133300781,0.9704678654670715,174.30715942382812,79.90130615234375,0.9836161732673645,122.6071548461914,59.83492660522461,0.9651333689689636,211.37571716308594,147.5013885498047,0.9904314875602722,189.62921142578125,147.04200744628906,0.9878880381584167,206.14134216308594,206.0933074951172,0.5663237571716309,184.52427673339844,206.91024780273438,0.5206238627433777,0.0,0.0,0.016837697476148605,0.0,0.0,0.01828894391655922
1192,True,174.90530395507812,27.549545288085938,0.9450153112411499,179.78065490722656,22.832557678222656,0.9305525422096252,0.0,0.0,0.4490002989768982,196.08126831054688,27.43701171875,0.9210163950920105,0.0,0.0,0.056617677211761475,214.0164794921875,56.52745056152344,0.9901047348976135,178.89309692382812,58.906211853027344,0.9869548678398132,204.75732421875,82.74369812011719,0.9843698740005493,150.3297882080078,84.6705551147461,0.9658035039901733,166.01783752441406,72.45014953613281,0.9749467968940735,132.58261108398438,63.837100982666016,0.9525506496429443,211.00965881347656,146.9424285888672,0.9890735745429993,186.73736572265625,146.31414794921875,0.9864434003829956,206.758056640625,207.6875762939453,0.520354151725769,0.0,0.0,0.48223182559013367,0.0,0.0,0.015850938856601715,0.0,0.0,0.017518287524580956
1193,True,174.9862060546875,27.431434631347656,0.9474390149116516,180.123291015625,22.74615478515625,0.942351758480072,0.0,0.0,0.4581543505191803,196.20252990722656,27.641448974609375,0.932259202003479,0.0,0.0,0.054570093750953674,212.52085876464844,56.447608947753906,0.9897651672363281,180.24777221679688,59.56023406982422,0.9801775217056274,195.49517822265625,80.70684814453125,0.9813786745071411,154.07394409179688,87.55499267578125,0.9367914795875549,161.4817352294922,65.73208618164062,0.9651889801025391,139.72021484375,62.8898811340332,0.9144383072853088,211.75965881347656,145.39627075195312,0.9871299862861633,188.5692901611328,144.88677978515625,0.9814086556434631,207.86761474609375,207.15289306640625,0.5846422910690308,182.9011688232422,203.5660858154297,0.5075951814651489,0.0,0.0,0.025578532367944717,0.0,0.0,0.02537647634744644
1194,True,175.60382080078125,27.547561645507812,0.9465149641036987,180.6082763671875,22.78022003173828,0.9308243989944458,0.0,0.0,0.4908759295940399,195.86795043945312,27.213348388671875,0.9159687161445618,0.0,0.0,0.07724714279174805,212.07603454589844,54.12177276611328,0.9915177226066589,178.47451782226562,60.59980010986328,0.984555184841156,190.62039184570312,74.46197509765625,0.9848665595054626,153.68923950195312,91.9058837890625,0.953819751739502,157.9683837890625,59.79267883300781,0.9688317179679871,147.1154022216797,64.40840911865234,0.9338406920433044,211.7147979736328,144.4910125732422,0.9887913465499878,187.0548095703125,145.31349182128906,0.9841253757476807,209.553466796875,207.01522827148438,0.5713074207305908,182.7893829345703,204.03701782226562,0.5041536688804626,0.0,0.0,0.022235477343201637,0.0,0.0,0.022353200241923332
1195,True,175.5778045654297,27.702102661132812,0.9475947618484497,180.33224487304688,23.078125,0.929547131061554,0.0,0.0,0.4258739650249481,196.14190673828125,27.345741271972656,0.8966144919395447,0.0,0.0,0.05323522910475731,208.1530303955078,52.58222198486328,0.9866369366645813,181.26290893554688,60.931800842285156,0.9841842651367188,183.0299530029297,66.8544921875,0.9828628897666931,154.90896606445312,88.45033264160156,0.9573577642440796,149.1947021484375,48.26179885864258,0.9770652055740356,145.6590118408203,58.578548431396484,0.953942060470581,209.9422149658203,139.83468627929688,0.9882701635360718,189.28817749023438,141.9468994140625,0.9845528602600098,209.59780883789062,194.58706665039062,0.5317870378494263,0.0,0.0,0.4790616035461426,0.0,0.0,0.018311910331249237,0.0,0.0,0.01948668248951435
1196,True,175.58311462402344,27.45641326904297,0.9357917904853821,179.9996337890625,22.504920959472656,0.91939777135849,0.0,0.0,0.35207656025886536,196.02195739746094,26.38232421875,0.8951793313026428,0.0,0.0,0.04439269006252289,206.78750610351562,52.38774871826172,0.9851676821708679,184.62673950195312,59.59210205078125,0.9773664474487305,175.41368103027344,67.24946594238281,0.9812026023864746,154.53347778320312,86.83055114746094,0.9381595253944397,146.99295043945312,46.2949104309082,0.9734121561050415,144.92616271972656,58.77969741821289,0.9364492297172546,209.3704376220703,140.0999298095703,0.9854655265808105,191.81954956054688,141.80279541015625,0.9789373278617859,0.0,0.0,0.4989761710166931,0.0,0.0,0.4203408658504486,0.0,0.0,0.01635482721030712,0.0,0.0,0.01622665673494339
1197,True,175.74539184570312,26.877944946289062,0.9427280426025391,180.72413635253906,21.890899658203125,0.930059552192688,0.0,0.0,0.44093626737594604,196.04092407226562,26.203659057617188,0.9183207154273987,0.0,0.0,0.06400301307439804,210.1645050048828,52.67512130737305,0.9905765056610107,180.49191284179688,59.19696807861328,0.9808244705200195,181.49609375,67.80465698242188,0.9862381219863892,152.87542724609375,87.68074035644531,0.9461357593536377,146.6064910888672,48.51591491699219,0.9706728458404541,141.1531982421875,60.84236145019531,0.9285430312156677,213.0614776611328,144.70855712890625,0.9876953363418579,190.06546020507812,145.5691680908203,0.9816872477531433,210.04458618164062,207.42266845703125,0.540437638759613,0.0,0.0,0.4561993479728699,0.0,0.0,0.019690265879034996,0.0,0.0,0.01905595138669014
1198,True,175.1363983154297,26.676719665527344,0.9421799778938293,180.23214721679688,21.713096618652344,0.934194803237915,0.0,0.0,0.43024420738220215,195.66116333007812,26.236770629882812,0.9207131266593933,0.0,0.0,0.05556559935212135,210.6227569580078,53.87533950805664,0.9906197786331177,178.5238037109375,58.681610107421875,0.9774670004844666,185.41851806640625,69.39190673828125,0.9873824715614319,149.8943634033203,82.90895080566406,0.9380007386207581,148.198486328125,51.57667541503906,0.9740613698959351,136.876953125,55.91900634765625,0.9235794544219971,213.57839965820312,145.49618530273438,0.9895787835121155,189.26234436035156,145.87887573242188,0.9830333590507507,211.2703094482422,208.45144653320312,0.6069978475570679,182.5513153076172,205.35861206054688,0.5013755559921265,0.0,0.0,0.02565743587911129,0.0,0.0,0.023449186235666275
1199,True,174.70777893066406,27.144859313964844,0.9610926508903503,179.5610809326172,22.00775909423828,0.9561440944671631,0.0,0.0,0.4835287034511566,195.90802001953125,26.68743133544922,0.951779842376709,0.0,0.0,0.053060028702020645,211.81866455078125,53.99911880493164,0.9936111569404602,180.1612548828125,58.5257682800293,0.9902135729789734,186.3299560546875,67.82511138916016,0.9886865615844727,150.46817016601562,78.3660888671875,0.9649327397346497,152.58282470703125,51.34564971923828,0.9795149564743042,135.36135864257812,57.971466064453125,0.9539505243301392,213.41062927246094,142.24649047851562,0.995254397392273,189.24436950683594,142.464111328125,0.993583619594574,209.46644592285156,203.809326171875,0.6273609399795532,179.40858459472656,201.00247192382812,0.5663688778877258,0.0,0.0,0.022689707577228546,0.0,0.0,0.023929165676236153
1200,True,174.43312072753906,26.262435913085938,0.948214590549469,178.7479248046875,21.65001678466797,0.9392721652984619,0.0,0.0,0.3615667223930359,195.56036376953125,26.02092742919922,0.9184632897377014,0.0,0.0,0.03616424277424812,209.85897827148438,51.34772491455078,0.9885708689689636,182.8459930419922,55.14012145996094,0.9833198189735413,183.0100860595703,63.58473205566406,0.9859673380851746,149.2306365966797,73.4403076171875,0.9510034322738647,148.26356506347656,46.108642578125,0.9794430136680603,128.1108856201172,58.32498550415039,0.946386992931366,211.49449157714844,137.97882080078125,0.9920312166213989,191.3639373779297,138.14500427246094,0.9886175990104675,207.46533203125,195.3680877685547,0.64851313829422,181.91671752929688,193.91439819335938,0.5711050033569336,0.0,0.0,0.02823345921933651,0.0,0.0,0.02836751751601696
1201,True,174.57290649414062,25.425857543945312,0.935249924659729,179.5525360107422,20.661575317382812,0.9388625025749207,0.0,0.0,0.3771018385887146,195.5012969970703,25.373306274414062,0.940544068813324,0.0,0.0,0.046880390495061874,210.1166534423828,53.17012405395508,0.9892916083335876,182.18585205078125,54.479156494140625,0.9668525457382202,185.52247619628906,68.75418090820312,0.9842846393585205,153.05035400390625,73.30778503417969,0.8916283249855042,147.4134979248047,50.11351776123047,0.9646571278572083,125.864990234375,55.381675720214844,0.8644555807113647,211.6786651611328,141.2583770751953,0.9820156097412109,190.472900390625,140.09779357910156,0.9679213166236877,0.0,0.0,0.48700281977653503,0.0,0.0,0.3562838137149811,0.0,0.0,0.018413187935948372,0.0,0.0,0.01574123091995716
1202,True,174.67103576660156,25.402931213378906,0.9386084079742432,179.65887451171875,20.672088623046875,0.9362070560455322,0.0,0.0,0.40923359990119934,195.19883728027344,25.422645568847656,0.9353192448616028,0.0,0.0,0.05746030434966087,210.28611755371094,53.141151428222656,0.9908428192138672,180.910400390625,55.073673248291016,0.9736263751983643,184.91905212402344,67.2952880859375,0.9861689805984497,151.48464965820312,75.14214324951172,0.9123481512069702,146.64002990722656,49.41815948486328,0.967235267162323,123.66022491455078,61.993019104003906,0.8835937976837158,211.9280242919922,143.57859802246094,0.9859159588813782,189.62191772460938,142.46554565429688,0.9755983352661133,208.74916076660156,206.0226593017578,0.5178386569023132,0.0,0.0,0.39060601592063904,0.0,0.0,0.01898030936717987,0.0,0.0,0.016410404816269875
1203,True,174.62966918945312,25.336654663085938,0.9398839473724365,179.5331268310547,20.522201538085938,0.937714695930481,0.0,0.0,0.4108811914920807,195.20558166503906,25.090415954589844,0.9358491897583008,0.0,0.0,0.055401213467121124,210.38967895507812,52.96098709106445,0.9903878569602966,180.87156677246094,54.93057632446289,0.973945140838623,186.2549285888672,67.07079315185547,0.9856393337249756,150.65176391601562,74.66812133789062,0.9148055911064148,146.6971435546875,49.881324768066406,0.9676353335380554,123.21006774902344,61.62995147705078,0.8891441226005554,211.53338623046875,143.50192260742188,0.9846450686454773,189.35650634765625,142.44110107421875,0.9741109609603882,0.0,0.0,0.4865228235721588,0.0,0.0,0.3683086335659027,0.0,0.0,0.01665213517844677,0.0,0.0,0.014717144891619682
1204,True,174.13975524902344,24.944244384765625,0.9333279728889465,179.41348266601562,20.14923095703125,0.9268515706062317,0.0,0.0,0.39946627616882324,195.3010711669922,25.192291259765625,0.926785409450531,0.0,0.0,0.05785037577152252,209.95111083984375,53.00369644165039,0.9892035126686096,180.28298950195312,56.04432678222656,0.9732962846755981,184.89988708496094,67.570068359375,0.9843748211860657,152.62474060058594,80.00505828857422,0.9194650650024414,147.269775390625,51.388450622558594,0.9669201970100403,127.56375122070312,68.73360443115234,0.8991774320602417,212.31202697753906,141.38999938964844,0.9827200174331665,189.7620086669922,140.8379364013672,0.9720433950424194,0.0,0.0,0.4624154269695282,0.0,0.0,0.3589378893375397,0.0,0.0,0.015651347115635872,0.0,0.0,0.014316309243440628
1205,True,174.12179565429688,25.555030822753906,0.9207729697227478,178.8872528076172,20.696937561035156,0.9198179244995117,0.0,0.0,0.32230210304260254,194.50897216796875,24.98590087890625,0.9331343173980713,0.0,0.0,0.045709311962127686,209.17320251464844,51.701358795166016,0.9905295968055725,183.93551635742188,56.42167663574219,0.9690865278244019,181.86279296875,66.89016723632812,0.9863916635513306,157.79568481445312,80.38543701171875,0.9037306904792786,148.00424194335938,50.52165985107422,0.9674326777458191,133.8824462890625,58.49371337890625,0.8761857151985168,210.67381286621094,141.6993865966797,0.986806333065033,190.98875427246094,141.6207733154297,0.9757007956504822,209.58692932128906,203.51109313964844,0.5857784748077393,0.0,0.0,0.4492655396461487,0.0,0.0,0.026211723685264587,0.0,0.0,0.022167835384607315
1206,True,173.59718322753906,25.819549560546875,0.9206288456916809,178.68276977539062,20.77039337158203,0.9070178270339966,0.0,0.0,0.3367546498775482,194.6905975341797,25.19953155517578,0.9232696294784546,0.0,0.0,0.052552565932273865,208.4748992919922,51.36266326904297,0.9893463253974915,184.26181030273438,58.58562469482422,0.9773414731025696,182.3420867919922,68.90071105957031,0.9847649335861206,160.78857421875,91.0269775390625,0.9379611015319824,146.4172821044922,54.89470672607422,0.9687759876251221,137.79347229003906,69.16326904296875,0.9196763634681702,208.5312957763672,139.48638916015625,0.9833973050117493,189.4990692138672,140.10931396484375,0.9749634265899658,0.0,0.0,0.47443538904190063,0.0,0.0,0.3954179584980011,0.0,0.0,0.015493600629270077,0.0,0.0,0.015201151371002197
1207,True,172.94236755371094,25.99810791015625,0.9336308836936951,178.25201416015625,20.971267700195312,0.9238750338554382,0.0,0.0,0.3889627158641815,194.49179077148438,25.69415283203125,0.9400181174278259,0.0,0.0,0.07216601818799973,206.45166015625,52.62087631225586,0.9918658137321472,185.75831604003906,59.15009689331055,0.9810556769371033,171.52825927734375,71.57319641113281,0.9839882254600525,162.04803466796875,93.6938705444336,0.932855486869812,144.85757446289062,57.0181884765625,0.9603326916694641,143.86807250976562,72.38916015625,0.9005216956138611,208.0178985595703,141.5776824951172,0.988040030002594,190.47047424316406,141.97857666015625,0.9817360639572144,208.45355224609375,206.683349609375,0.5968103408813477,184.52264404296875,202.06082153320312,0.5126088261604309,0.0,0.0,0.026001548394560814,0.0,0.0,0.025231100618839264
1208,True,172.6846923828125,26.842483520507812,0.9401402473449707,178.29019165039062,21.98735809326172,0.9499401450157166,0.0,0.0,0.3844051659107208,195.0640411376953,26.23247528076172,0.9632866978645325,0.0,0.0,0.06042347848415375,203.8724365234375,50.60719680786133,0.9909509420394897,189.7952880859375,57.06061553955078,0.9640871286392212,169.00506591796875,64.94752502441406,0.9814737439155579,168.3184356689453,91.4740982055664,0.8410279750823975,135.61785888671875,45.701751708984375,0.949941873550415,141.78097534179688,75.02619934082031,0.7959449887275696,206.3682098388672,137.39865112304688,0.9809929728507996,193.03143310546875,137.60284423828125,0.963479220867157,207.67518615722656,202.37989807128906,0.5719152688980103,0.0,0.0,0.4287128150463104,0.0,0.0,0.028678571805357933,0.0,0.0,0.023828400298953056
1209,True,172.7676544189453,26.42377471923828,0.951697587966919,177.53857421875,21.676025390625,0.9660823345184326,0.0,0.0,0.3571070730686188,193.8862762451172,25.014129638671875,0.9753106832504272,0.0,0.0,0.05255363509058952,198.70474243164062,48.504234313964844,0.9911208748817444,197.139892578125,56.710269927978516,0.9609057307243347,161.5553741455078,63.6826286315918,0.9819486737251282,180.0717315673828,92.22196960449219,0.7704368829727173,129.6324005126953,50.975746154785156,0.9580932855606079,152.4252166748047,81.76448059082031,0.7488054037094116,205.37905883789062,135.82211303710938,0.9842079281806946,199.89178466796875,136.9168701171875,0.9636191129684448,205.81002807617188,196.00779724121094,0.6078788042068481,0.0,0.0,0.41661548614501953,0.0,0.0,0.033353157341480255,0.0,0.0,0.02497720904648304
1210,True,172.6599884033203,26.347396850585938,0.9455921649932861,177.89187622070312,21.71472930908203,0.963445782661438,0.0,0.0,0.3354116678237915,193.64556884765625,25.643447875976562,0.9791961312294006,0.0,0.0,0.062060002237558365,194.87615966796875,48.430938720703125,0.9920445680618286,199.62559509277344,57.184906005859375,0.9588119387626648,156.08416748046875,61.042720794677734,0.9820074439048767,186.0462646484375,91.8738784790039,0.7272443771362305,124.28353881835938,52.07563018798828,0.9535208344459534,158.78701782226562,85.79167175292969,0.695307731628418,204.45611572265625,136.64695739746094,0.9856531620025635,203.20086669921875,138.0373992919922,0.9642667770385742,202.59933471679688,197.06332397460938,0.6660059094429016,0.0,0.0,0.4604235589504242,0.0,0.0,0.04506947472691536,0.0,0.0,0.032155465334653854
1211,True,171.93202209472656,27.01770782470703,0.936788022518158,177.61231994628906,22.59172821044922,0.9626690745353699,0.0,0.0,0.32962536811828613,193.462646484375,26.868690490722656,0.9837506413459778,0.0,0.0,0.08442749083042145,191.37911987304688,48.40367126464844,0.9927349090576172,201.31512451171875,56.165489196777344,0.9466764330863953,153.82406616210938,56.611236572265625,0.9809882640838623,185.3153839111328,92.44537353515625,0.6389326453208923,118.70054626464844,47.368751525878906,0.9382600784301758,154.08770751953125,87.91542053222656,0.5955762267112732,202.87538146972656,133.8631134033203,0.9773872494697571,206.02452087402344,134.72608947753906,0.939836859703064,199.18508911132812,196.6560821533203,0.6520102024078369,0.0,0.0,0.42988795042037964,0.0,0.0,0.0518929548561573,0.0,0.0,0.03498231619596481
1212,True,172.25279235839844,27.538665771484375,0.9364258646965027,177.5670623779297,22.78180694580078,0.9532794952392578,0.0,0.0,0.35864508152008057,192.78770446777344,26.49462890625,0.9815247058868408,0.0,0.0,0.11687055975198746,192.9447021484375,49.946632385253906,0.9950502514839172,198.61416625976562,55.872154235839844,0.9719929099082947,153.7919921875,61.76470947265625,0.9853758215904236,181.14537048339844,92.0809555053711,0.7943359017372131,120.8021240234375,50.68323516845703,0.9452804923057556,154.7183074951172,88.38665771484375,0.714534342288971,204.12930297851562,137.6294403076172,0.9820212125778198,203.95828247070312,137.94810485839844,0.9596863985061646,199.2214813232422,200.315185546875,0.5807093381881714,0.0,0.0,0.399857759475708,0.0,0.0,0.03140886500477791,0.0,0.0,0.02357723005115986
1213,True,172.07421875,27.664512634277344,0.922928512096405,177.3927764892578,22.82209014892578,0.927585780620575,0.0,0.0,0.3386492133140564,192.7313232421875,26.68596649169922,0.9641891121864319,0.0,0.0,0.12219686806201935,193.66307067871094,48.812828063964844,0.9915185570716858,199.74913024902344,56.41175079345703,0.9735045433044434,155.20034790039062,58.089569091796875,0.9815564155578613,186.06619262695312,93.16847229003906,0.869329571723938,119.8481216430664,47.91107940673828,0.9495012164115906,156.655517578125,86.5473861694336,0.8272154331207275,204.97323608398438,135.2530975341797,0.9809728860855103,204.5836944580078,135.80528259277344,0.9663088321685791,202.85935974121094,200.73240661621094,0.542076826095581,0.0,0.0,0.426548033952713,0.0,0.0,0.024302678182721138,0.0,0.0,0.021776923909783363
1214,True,172.51614379882812,27.768325805664062,0.9292681813240051,177.64881896972656,22.729171752929688,0.9317013025283813,0.0,0.0,0.3521912395954132,192.7659149169922,26.1199951171875,0.9566858410835266,0.0,0.0,0.1050238236784935,194.75448608398438,49.08800506591797,0.9899123311042786,197.88180541992188,57.61444091796875,0.9710931181907654,156.5684356689453,61.6099739074707,0.9797248840332031,186.40228271484375,94.4644775390625,0.856368899345398,123.52790069580078,52.73670196533203,0.9504337310791016,158.04721069335938,88.56834411621094,0.8165309429168701,205.9075469970703,137.3824005126953,0.9817948937416077,203.15777587890625,138.5229949951172,0.9667656421661377,203.8047637939453,199.81060791015625,0.571855902671814,0.0,0.0,0.4397297203540802,0.0,0.0,0.028416847810149193,0.0,0.0,0.024487655609846115
1215,True,171.8563690185547,27.60724639892578,0.9227579236030579,177.45079040527344,22.95616912841797,0.9158622622489929,0.0,0.0,0.37017515301704407,192.71578979492188,26.9613037109375,0.9584070444107056,0.0,0.0,0.16098551452159882,192.9842529296875,48.57499694824219,0.9919375777244568,200.02256774902344,56.46905517578125,0.9808697700500488,153.757568359375,57.52473449707031,0.9824513792991638,190.4792022705078,94.64742279052734,0.9129006266593933,118.88540649414062,48.85517120361328,0.9531152844429016,162.31504821777344,91.68782806396484,0.8748731017112732,205.2949676513672,135.4880828857422,0.9843730926513672,204.92605590820312,136.04876708984375,0.9756272435188293,203.71937561035156,200.0744171142578,0.5675083994865417,0.0,0.0,0.4866832196712494,0.0,0.0,0.026310300454497337,0.0,0.0,0.025748293846845627
1216,True,172.24111938476562,27.66437530517578,0.9334187507629395,177.8475799560547,22.66785430908203,0.9298128485679626,0.0,0.0,0.37537410855293274,193.46749877929688,26.236061096191406,0.9566074013710022,0.0,0.0,0.12375735491514206,194.58428955078125,48.72026443481445,0.9904145002365112,199.76162719726562,57.477054595947266,0.9772425293922424,156.04940795898438,60.90021514892578,0.9805772304534912,192.25637817382812,96.0499267578125,0.8898656964302063,122.59445190429688,51.90034484863281,0.9544616937637329,163.44415283203125,93.60514831542969,0.8543820381164551,207.738037109375,138.35580444335938,0.9828962683677673,205.85009765625,139.47476196289062,0.97145015001297,206.19302368164062,200.04139709472656,0.5604123473167419,0.0,0.0,0.4536314904689789,0.0,0.0,0.02552434243261814,0.0,0.0,0.023646201938390732
1217,True,172.4710235595703,27.364593505859375,0.9422337412834167,178.2618408203125,22.990371704101562,0.9329634308815002,0.0,0.0,0.42466339468955994,194.3084259033203,27.49627685546875,0.9536564350128174,0.0,0.0,0.13790151476860046,196.18319702148438,47.4858283996582,0.9922857284545898,199.2777557373047,56.83366394042969,0.9842421412467957,153.85653686523438,57.67333984375,0.9857101440429688,190.53689575195312,94.82454681396484,0.9374943971633911,117.4029541015625,50.63235092163086,0.9650914669036865,164.7595672607422,92.78361511230469,0.912175714969635,211.13412475585938,139.7126007080078,0.9916077852249146,207.01687622070312,141.20755004882812,0.9874535799026489,208.00592041015625,208.54005432128906,0.610488772392273,198.68063354492188,206.51785278320312,0.5425055623054504,0.0,0.0,0.0241843294352293,0.0,0.0,0.02464589662849903
1218,True,174.2704315185547,27.797439575195312,0.964149534702301,180.11160278320312,22.71331787109375,0.9698484539985657,0.0,0.0,0.4889696538448334,196.85650634765625,25.211868286132812,0.9679087996482849,0.0,0.0,0.07879672944545746,198.92930603027344,47.99467849731445,0.990998387336731,197.86557006835938,57.42003631591797,0.9684154987335205,161.3690185546875,64.91136932373047,0.9823320508003235,189.11314392089844,97.36802673339844,0.8281582593917847,127.17034912109375,55.040958404541016,0.9634730219841003,163.6579132080078,91.81251525878906,0.812976598739624,209.1044921875,138.22705078125,0.9870114326477051,202.942138671875,139.8879852294922,0.9727935791015625,208.32180786132812,200.27566528320312,0.6472803950309753,0.0,0.0,0.48408788442611694,0.0,0.0,0.03788457065820694,0.0,0.0,0.030095748603343964
1219,True,173.9912567138672,27.60839080810547,0.9833784103393555,180.78353881835938,22.26110076904297,0.99187171459198,174.72483825683594,22.795974731445312,0.6336107850074768,199.89697265625,25.65528106689453,0.9866960048675537,0.0,0.0,0.04317963868379593,205.106689453125,52.06066131591797,0.9910485744476318,193.47157287597656,56.76637268066406,0.9408304691314697,174.4932098388672,73.53520202636719,0.9745022654533386,168.7909698486328,87.65046691894531,0.6206438541412354,138.45706176757812,62.742305755615234,0.9402986168861389,137.584228515625,71.11271667480469,0.62003093957901,213.9583282470703,141.37303161621094,0.9731721878051758,203.4892120361328,141.63177490234375,0.935523509979248,206.57830810546875,206.34744262695312,0.6387391090393066,0.0,0.0,0.4252496361732483,0.0,0.0,0.049759939312934875,0.0,0.0,0.035052571445703506
1220,True,175.83746337890625,27.44744873046875,0.9730653762817383,181.96731567382812,21.884307861328125,0.985267162322998,175.76437377929688,22.666275024414062,0.5824198126792908,200.16603088378906,24.069061279296875,0.9842087626457214,0.0,0.0,0.06541185826063156,208.96334838867188,52.756954193115234,0.9930747747421265,194.4932098388672,53.43251037597656,0.9460158348083496,186.40023803710938,88.28872680664062,0.9713712930679321,179.2069091796875,91.52561950683594,0.6112090945243835,157.100341796875,80.10946655273438,0.916020393371582,155.8693084716797,83.5307388305664,0.5395016074180603,212.09881591796875,142.86537170410156,0.9700201153755188,199.88099670410156,141.594482421875,0.9273086190223694,208.2478485107422,207.31866455078125,0.533964991569519,0.0,0.0,0.33156487345695496,0.0,0.0,0.03315707668662071,0.0,0.0,0.023311231285333633
1221,True,177.02139282226562,28.965476989746094,0.9721234440803528,182.7642822265625,22.889930725097656,0.9833176136016846,176.8289031982422,23.541595458984375,0.5771414041519165,200.77197265625,24.26580047607422,0.9775028824806213,0.0,0.0,0.05350934714078903,215.03201293945312,54.74437713623047,0.9937816262245178,191.3939666748047,56.50835037231445,0.945045530796051,200.76870727539062,92.14398193359375,0.9818676710128784,185.7105712890625,97.51194763183594,0.6822834014892578,161.21270751953125,85.36795806884766,0.9530814290046692,161.4685821533203,91.0317611694336,0.6512414813041687,215.51564025878906,143.96864318847656,0.9809710383415222,196.71241760253906,142.82504272460938,0.9483848214149475,216.4393768310547,209.2886962890625,0.5973228812217712,0.0,0.0,0.37729933857917786,0.0,0.0,0.03648734465241432,0.0,0.0,0.02448364533483982
1222,True,177.04713439941406,28.936676025390625,0.9715457558631897,182.7287139892578,22.870643615722656,0.9833993911743164,176.88302612304688,23.47222900390625,0.561797559261322,200.75430297851562,24.161758422851562,0.9784018397331238,0.0,0.0,0.04982450604438782,214.55796813964844,54.31907653808594,0.993604838848114,192.2694091796875,56.03677749633789,0.9426631927490234,200.85739135742188,92.34324645996094,0.9818000793457031,186.26161193847656,97.61073303222656,0.6732960343360901,161.4263458251953,85.53511810302734,0.953093409538269,161.2941436767578,90.95417785644531,0.6440184116363525,215.1023712158203,144.2030029296875,0.9796153903007507,197.2287139892578,143.05545043945312,0.9443342685699463,215.9221954345703,209.31150817871094,0.570304811000824,0.0,0.0,0.3497355878353119,0.0,0.0,0.03264361619949341,0.0,0.0,0.021813370287418365
1223,True,181.61680603027344,31.22509765625,0.9837893843650818,186.8099365234375,23.785247802734375,0.988105058670044,180.31744384765625,25.023727416992188,0.7027773857116699,205.80715942382812,21.519561767578125,0.9725854396820068,0.0,0.0,0.05413184314966202,221.60641479492188,52.91951370239258,0.9925224184989929,195.57882690429688,56.385318756103516,0.9651728868484497,214.08680725097656,95.44793701171875,0.9805727005004883,185.27273559570312,100.72499084472656,0.8290602564811707,172.33262634277344,87.99876403808594,0.9692061543464661,163.18954467773438,90.69280242919922,0.8404058218002319,219.4920196533203,144.2724609375,0.9726851582527161,200.52508544921875,143.9359130859375,0.9446048736572266,0.0,0.0,0.4168718159198761,0.0,0.0,0.28580015897750854,0.0,0.0,0.014130582101643085,0.0,0.0,0.011679323390126228
1224,True,184.44686889648438,30.795318603515625,0.9844622611999512,189.45114135742188,23.203025817871094,0.9860825538635254,182.90274047851562,24.943931579589844,0.7097572684288025,209.05442810058594,20.651275634765625,0.9558550715446472,0.0,0.0,0.060010455548763275,227.17274475097656,53.19473648071289,0.9894362688064575,196.11016845703125,57.628135681152344,0.9737873077392578,215.28390502929688,96.09565734863281,0.9755851626396179,184.6129150390625,101.98631286621094,0.8802353143692017,170.9685516357422,85.04313659667969,0.971617579460144,166.63604736328125,87.70184326171875,0.8948056697845459,224.13751220703125,147.18064880371094,0.9747328162193298,201.77635192871094,146.7838897705078,0.9576868414878845,0.0,0.0,0.44011446833610535,0.0,0.0,0.34298384189605713,0.0,0.0,0.013945137150585651,0.0,0.0,0.01312983874231577
1225,True,188.4355010986328,29.296653747558594,0.9865808486938477,192.98944091796875,21.492111206054688,0.9893642663955688,186.86122131347656,23.427719116210938,0.7512528896331787,211.2928009033203,18.36402130126953,0.9703814387321472,0.0,0.0,0.06153135374188423,229.30247497558594,51.575382232666016,0.9932752847671509,198.5989532470703,57.047447204589844,0.9759889841079712,220.51419067382812,96.10460662841797,0.9827896356582642,186.4364471435547,101.81180572509766,0.8753412365913391,173.49234008789062,86.57793426513672,0.976396381855011,164.47927856445312,86.0661849975586,0.8924807906150818,227.09127807617188,149.0209197998047,0.9860807657241821,204.64804077148438,149.62591552734375,0.9732990860939026,230.11949157714844,216.04190063476562,0.5212683081626892,0.0,0.0,0.3963707387447357,0.0,0.0,0.018115712329745293,0.0,0.0,0.015874886885285378
1226,True,191.55047607421875,27.373329162597656,0.9891481995582581,196.94126892089844,19.525665283203125,0.9908473491668701,189.4966278076172,21.26849365234375,0.8041033744812012,216.18780517578125,16.74602508544922,0.9733544588088989,0.0,0.0,0.08044001460075378,234.25848388671875,51.275726318359375,0.9946528673171997,202.19766235351562,53.04917526245117,0.9801169037818909,226.20518493652344,99.22289276123047,0.9828388094902039,189.22406005859375,97.65629577636719,0.8909177184104919,182.2270050048828,87.2873764038086,0.970539391040802,166.80499267578125,83.940673828125,0.882082462310791,229.39474487304688,148.96853637695312,0.9830136299133301,205.91671752929688,147.85382080078125,0.9696826338768005,232.80288696289062,215.6577606201172,0.5100911259651184,0.0,0.0,0.4020518660545349,0.0,0.0,0.018678022548556328,0.0,0.0,0.017042312771081924
1227,True,194.94107055664062,26.67626190185547,0.9908549785614014,199.74667358398438,18.634254455566406,0.9916126728057861,192.78294372558594,20.893043518066406,0.8210353255271912,218.37359619140625,15.043197631835938,0.97496098279953,0.0,0.0,0.07777376472949982,236.6904296875,48.53266906738281,0.9954936504364014,203.70936584472656,53.45414352416992,0.987903892993927,232.8726043701172,97.33505249023438,0.9871708750724792,190.93711853027344,99.77154541015625,0.9359705448150635,188.23643493652344,89.9543685913086,0.9815701246261597,171.74542236328125,86.35853576660156,0.9347227811813354,230.98312377929688,149.04080200195312,0.989251434803009,206.92343139648438,149.49856567382812,0.9822129011154175,0.0,0.0,0.4858616888523102,0.0,0.0,0.39898186922073364,0.0,0.0,0.013591748662292957,0.0,0.0,0.013133243657648563
1228,True,197.38951110839844,25.311553955078125,0.9913734793663025,202.25946044921875,16.972183227539062,0.9923822283744812,195.03952026367188,19.08069610595703,0.8176414370536804,221.4619903564453,12.965927124023438,0.9757329225540161,0.0,0.0,0.07059059292078018,238.8209228515625,48.097320556640625,0.9956438541412354,206.2940216064453,52.690185546875,0.9878703951835632,235.32215881347656,97.85487365722656,0.9882628321647644,192.47274780273438,99.65467071533203,0.9346213340759277,186.55743408203125,87.91683959960938,0.9844767451286316,173.37741088867188,86.48977661132812,0.9400646090507507,235.29400634765625,150.45846557617188,0.9918814301490784,211.94337463378906,151.18460083007812,0.9860668778419495,236.9757843017578,218.27749633789062,0.5836521983146667,0.0,0.0,0.48849356174468994,0.0,0.0,0.018605969846248627,0.0,0.0,0.017667463049292564
1229,True,199.16592407226562,24.193115234375,0.9918422698974609,204.22958374023438,15.90020751953125,0.9922045469284058,196.74105834960938,17.963302612304688,0.839544951915741,223.7667999267578,11.842903137207031,0.9746359586715698,0.0,0.0,0.08736568689346313,243.1334991455078,46.63320541381836,0.9958421587944031,206.45257568359375,51.3718376159668,0.9909847974777222,239.4130401611328,95.3500747680664,0.9884597063064575,192.78640747070312,98.00184631347656,0.954354465007782,190.3292999267578,88.08460235595703,0.9849509000778198,175.14918518066406,87.03511810302734,0.9548239707946777,239.0093536376953,150.09872436523438,0.9931776523590088,212.69259643554688,150.63821411132812,0.989561140537262,242.62081909179688,218.56138610839844,0.5820065140724182,209.42803955078125,220.51705932617188,0.5171665549278259,0.0,0.0,0.01739601418375969,0.0,0.0,0.01802355796098709
1230,True,201.1536865234375,23.838851928710938,0.994479775428772,206.09243774414062,15.336265563964844,0.994117021560669,198.20602416992188,18.083831787109375,0.8767950534820557,226.5271759033203,10.538047790527344,0.9701005816459656,0.0,0.0,0.09960038959980011,247.10459899902344,45.63042449951172,0.994632363319397,207.99517822265625,50.378700256347656,0.9930126070976257,240.7955322265625,96.8466567993164,0.9838767647743225,192.3899383544922,96.5927963256836,0.9604172706604004,190.8955535888672,86.46389770507812,0.9832565188407898,174.33433532714844,82.26802825927734,0.9615091681480408,240.72598266601562,152.53793334960938,0.9909546971321106,213.2723388671875,152.78916931152344,0.9882562756538391,0.0,0.0,0.49468865990638733,0.0,0.0,0.4655187726020813,0.0,0.0,0.010967818088829517,0.0,0.0,0.0127533208578825
1231,True,202.94447326660156,23.644798278808594,0.9936679005622864,207.69021606445312,15.06939697265625,0.9933767914772034,199.98696899414062,17.710411071777344,0.8557014465332031,228.22097778320312,9.621047973632812,0.9661737084388733,0.0,0.0,0.0839158222079277,248.7676544189453,44.787254333496094,0.9937918782234192,209.9562530517578,48.571876525878906,0.9914703965187073,241.04957580566406,97.74300384521484,0.9841946363449097,194.51429748535156,95.68527221679688,0.9578377604484558,190.55282592773438,86.31730651855469,0.9841126799583435,176.71583557128906,82.08750915527344,0.9603720903396606,241.01742553710938,154.57705688476562,0.9905875325202942,213.04708862304688,154.2145233154297,0.9874235987663269,0.0,0.0,0.4695207476615906,0.0,0.0,0.43030864000320435,0.0,0.0,0.010102991946041584,0.0,0.0,0.011418817564845085
1232,True,203.2945556640625,23.382972717285156,0.9928104281425476,208.4389190673828,15.113067626953125,0.9930275082588196,200.43930053710938,17.271774291992188,0.8418363332748413,229.03619384765625,9.731903076171875,0.9647902250289917,0.0,0.0,0.07777971029281616,249.32791137695312,44.09297180175781,0.9928902387619019,210.90892028808594,46.85002899169922,0.9866016507148743,241.96627807617188,96.42611694335938,0.9823988080024719,196.1641082763672,94.81568908691406,0.9351968169212341,191.05201721191406,87.64361572265625,0.9804149866104126,177.26870727539062,84.31587219238281,0.9382792711257935,239.85934448242188,154.19259643554688,0.9860110282897949,212.4120635986328,153.0552520751953,0.9789220094680786,0.0,0.0,0.45746365189552307,0.0,0.0,0.391213059425354,0.0,0.0,0.010693525895476341,0.0,0.0,0.011159556917846203
1233,True,203.95111083984375,23.017044067382812,0.9933552742004395,208.87388610839844,14.488998413085938,0.9934211373329163,201.2379913330078,17.044692993164062,0.8413662910461426,230.16567993164062,9.118766784667969,0.9673594236373901,0.0,0.0,0.07385087758302689,250.61038208007812,44.472991943359375,0.993631899356842,211.42222595214844,48.28175735473633,0.9902991056442261,243.22525024414062,97.56688690185547,0.9839142560958862,195.31800842285156,96.01658630371094,0.9502003192901611,192.15093994140625,87.7033462524414,0.9839422106742859,176.72030639648438,82.8489990234375,0.9548312425613403,241.15025329589844,153.92538452148438,0.9903857707977295,213.22183227539062,153.4855194091797,0.9864365458488464,0.0,0.0,0.48864078521728516,0.0,0.0,0.43643859028816223,0.0,0.0,0.011089821346104145,0.0,0.0,0.01209276169538498
1234,True,204.06346130371094,22.516616821289062,0.9933409094810486,208.98219299316406,14.014694213867188,0.9939103126525879,201.28785705566406,16.366424560546875,0.8322092890739441,230.17393493652344,8.909721374511719,0.9703956842422485,0.0,0.0,0.06454698741436005,250.13841247558594,44.48073196411133,0.9931350946426392,211.98036193847656,47.26279830932617,0.9885826110839844,242.92579650878906,97.96043395996094,0.9831446409225464,195.77377319335938,94.48736572265625,0.9403425455093384,190.3373260498047,87.6105728149414,0.9831593036651611,176.1015625,82.47482299804688,0.9473962187767029,240.8584747314453,153.51235961914062,0.9883688688278198,213.53076171875,152.59341430664062,0.9829487800598145,0.0,0.0,0.4359670579433441,0.0,0.0,0.37525954842567444,0.0,0.0,0.00942442286759615,0.0,0.0,0.010052938014268875
1235,True,203.03073120117188,22.723892211914062,0.9925731420516968,207.87716674804688,14.461441040039062,0.99285489320755,200.3946075439453,16.635108947753906,0.8266813158988953,228.495361328125,9.287895202636719,0.9650479555130005,0.0,0.0,0.06914014369249344,249.20602416992188,43.961456298828125,0.9924671053886414,212.1260528564453,45.82518005371094,0.9863379597663879,242.96823120117188,95.83277893066406,0.9824963808059692,195.5773468017578,91.44750213623047,0.9379199743270874,193.10348510742188,89.00955200195312,0.9811806678771973,174.9205322265625,83.90701293945312,0.9417631030082703,239.97509765625,154.55606079101562,0.9852188229560852,213.48214721679688,153.04864501953125,0.9781923890113831,0.0,0.0,0.4191197454929352,0.0,0.0,0.35918644070625305,0.0,0.0,0.008784284815192223,0.0,0.0,0.009349779225885868
1236,True,201.7275390625,22.386322021484375,0.99149090051651,206.10543823242188,13.980293273925781,0.9911991953849792,199.56915283203125,16.607192993164062,0.7812520265579224,227.536865234375,9.166046142578125,0.9616789221763611,0.0,0.0,0.053908880800008774,247.93064880371094,45.120567321777344,0.9925018548965454,213.0646514892578,46.477203369140625,0.9894548654556274,241.52719116210938,97.40204620361328,0.9848374724388123,193.82122802734375,88.72273254394531,0.9592412710189819,195.2030029296875,89.87122344970703,0.98634272813797,174.56689453125,80.45269012451172,0.9653832316398621,239.73880004882812,153.37615966796875,0.9907658100128174,214.7945556640625,152.1643524169922,0.9876194000244141,0.0,0.0,0.4754098057746887,0.0,0.0,0.43741095066070557,0.0,0.0,0.009831109084188938,0.0,0.0,0.011230181902647018
1237,True,198.47772216796875,21.223739624023438,0.9906812310218811,203.5067138671875,13.083396911621094,0.9909720420837402,196.99362182617188,15.364395141601562,0.7311035394668579,226.38645935058594,9.95916748046875,0.9653229117393494,0.0,0.0,0.037706561386585236,245.83250427246094,46.356746673583984,0.9916580319404602,212.0922393798828,46.811641693115234,0.9881923794746399,239.68081665039062,97.93065643310547,0.9852442741394043,193.26687622070312,87.76905822753906,0.9588949680328369,193.5247344970703,89.94139099121094,0.9875356554985046,173.9078369140625,78.29645538330078,0.9671950936317444,238.86798095703125,154.73397827148438,0.9904345273971558,214.54409790039062,153.298828125,0.9871494174003601,0.0,0.0,0.43623095750808716,0.0,0.0,0.4004957675933838,0.0,0.0,0.007911930792033672,0.0,0.0,0.009175892919301987
1238,True,196.18545532226562,21.324241638183594,0.9728849530220032,199.84793090820312,13.50421142578125,0.9754343032836914,195.06080627441406,15.719345092773438,0.5230411291122437,220.07659912109375,10.179252624511719,0.9551995396614075,0.0,0.0,0.02973181940615177,242.74575805664062,46.1558723449707,0.9930279850959778,210.9068145751953,47.55582046508789,0.979339599609375,239.36688232421875,97.1384048461914,0.9891118407249451,196.3226776123047,90.3587646484375,0.9403843283653259,192.13726806640625,90.72946166992188,0.9859321117401123,175.64569091796875,82.04568481445312,0.9462780356407166,237.4678192138672,153.346435546875,0.9932981133460999,214.06982421875,152.10116577148438,0.9883692264556885,239.6968536376953,222.89105224609375,0.5482134819030762,0.0,0.0,0.4550648033618927,0.0,0.0,0.013687585480511189,0.0,0.0,0.013308124616742134
1239,True,193.00656127929688,18.992042541503906,0.9501005411148071,196.41336059570312,11.9832763671875,0.9548362493515015,0.0,0.0,0.3506728410720825,216.30067443847656,11.020294189453125,0.9416521191596985,0.0,0.0,0.020552001893520355,239.92214965820312,47.02531433105469,0.9913902282714844,209.4820556640625,47.84917449951172,0.9730626940727234,240.512939453125,96.59100341796875,0.9897496104240417,196.3255615234375,90.629150390625,0.9388362765312195,190.75442504882812,92.87472534179688,0.9865365624427795,175.4903564453125,83.99652099609375,0.9458377957344055,236.9120635986328,152.77622985839844,0.9939519762992859,214.30953979492188,151.1338348388672,0.9891152381896973,239.00054931640625,222.8242645263672,0.5575042963027954,0.0,0.0,0.4577850103378296,0.0,0.0,0.01362100150436163,0.0,0.0,0.013083270750939846
1240,True,190.32373046875,18.839378356933594,0.9208241105079651,192.89950561523438,12.189987182617188,0.9299209713935852,0.0,0.0,0.2360219657421112,211.3141632080078,11.931365966796875,0.9296723008155823,0.0,0.0,0.014901000075042248,235.15292358398438,47.96177673339844,0.9898912906646729,209.1258087158203,49.65813064575195,0.9617621898651123,242.5892333984375,97.56775665283203,0.9900631308555603,196.0254669189453,93.34142303466797,0.9218314290046692,192.51634216308594,94.85199737548828,0.986539900302887,170.15744018554688,83.39073181152344,0.9334582090377808,233.9435577392578,152.75421142578125,0.993619978427887,214.64254760742188,151.4714813232422,0.9871860146522522,236.4517059326172,221.76754760742188,0.5711226463317871,0.0,0.0,0.44357091188430786,0.0,0.0,0.01457490585744381,0.0,0.0,0.012957536615431309
1241,True,188.42257690429688,20.31171417236328,0.9298387169837952,190.75892639160156,13.520736694335938,0.9169428944587708,0.0,0.0,0.28276970982551575,208.53915405273438,12.672332763671875,0.879594087600708,0.0,0.0,0.021438971161842346,232.7534637451172,48.225006103515625,0.9830378293991089,205.56350708007812,50.436973571777344,0.9713129997253418,241.75418090820312,96.36349487304688,0.9841922521591187,194.9736785888672,91.8028793334961,0.9519780874252319,192.8038330078125,99.3636703491211,0.9858113527297974,168.74606323242188,84.6913070678711,0.9628045558929443,231.14556884765625,151.809814453125,0.9896206855773926,211.79840087890625,150.7053985595703,0.9847905039787292,0.0,0.0,0.4168156385421753,0.0,0.0,0.3722570240497589,0.0,0.0,0.007046157959848642,0.0,0.0,0.007840131409466267
1242,True,185.05223083496094,21.36273956298828,0.9490996599197388,187.4644317626953,14.814903259277344,0.9343732595443726,0.0,0.0,0.3614759147167206,205.27369689941406,14.418869018554688,0.8932314515113831,0.0,0.0,0.026431657373905182,229.75486755371094,47.98158264160156,0.9836987257003784,203.46505737304688,51.56175994873047,0.9807515144348145,244.27569580078125,92.94497680664062,0.9840543866157532,190.1329803466797,90.29730987548828,0.9695517420768738,195.78065490722656,101.18923950195312,0.9865238666534424,156.29359436035156,78.46614074707031,0.974777102470398,227.67184448242188,151.13473510742188,0.9875521659851074,209.32447814941406,150.4109344482422,0.9846948981285095,0.0,0.0,0.30338817834854126,0.0,0.0,0.3035637438297272,0.0,0.0,0.0037789964117109776,0.0,0.0,0.004819313995540142
1243,True,182.15127563476562,21.930580139160156,0.9578752517700195,184.9293975830078,15.632774353027344,0.9479205012321472,0.0,0.0,0.38822975754737854,202.56405639648438,15.722671508789062,0.9139530062675476,0.0,0.0,0.024228503927588463,226.15980529785156,47.871646881103516,0.9866532683372498,199.77487182617188,53.41276168823242,0.9846109747886658,244.89614868164062,89.39364624023438,0.9873390197753906,180.7264862060547,88.66175842285156,0.9743306636810303,197.56175231933594,101.80257415771484,0.9893191456794739,142.10452270507812,70.70209503173828,0.9789804220199585,226.06715393066406,149.1175537109375,0.9918855428695679,208.59500122070312,149.38873291015625,0.9898412823677063,0.0,0.0,0.4473382830619812,0.0,0.0,0.43716540932655334,0.0,0.0,0.006717692594975233,0.0,0.0,0.008381063118577003
1244,True,180.12588500976562,24.050193786621094,0.9654930233955383,182.52720642089844,17.079551696777344,0.9522373080253601,0.0,0.0,0.4527645707130432,200.64401245117188,16.055023193359375,0.9162355065345764,0.0,0.0,0.030369233340024948,225.38363647460938,49.795555114746094,0.9873607158660889,196.26480102539062,54.836578369140625,0.9899370670318604,238.6970977783203,92.9447250366211,0.9869480133056641,171.57855224609375,86.93887329101562,0.9841738939285278,191.33827209472656,101.30912017822266,0.9898723363876343,135.06057739257812,67.73512268066406,0.9858930706977844,221.5699462890625,151.19967651367188,0.9910846948623657,202.16819763183594,151.42483520507812,0.9908083081245422,0.0,0.0,0.36077192425727844,0.0,0.0,0.38885360956192017,0.0,0.0,0.004156654234975576,0.0,0.0,0.005750745534896851
1245,True,178.31321716308594,24.03607177734375,0.9474117159843445,181.09600830078125,17.45934295654297,0.9405835866928101,0.0,0.0,0.3694441020488739,198.34188842773438,17.693504333496094,0.9297807216644287,0.0,0.0,0.024263976141810417,223.30093383789062,52.106689453125,0.9896670579910278,191.52391052246094,54.45067596435547,0.9849416017532349,237.29307556152344,95.42476654052734,0.990024209022522,165.315673828125,82.46709442138672,0.9752899408340454,190.31179809570312,99.37859344482422,0.9891843795776367,130.47808837890625,64.9399185180664,0.975730836391449,221.40635681152344,149.74786376953125,0.9934604167938232,199.45782470703125,149.1756134033203,0.9913855791091919,0.0,0.0,0.47529441118240356,0.0,0.0,0.437703937292099,0.0,0.0,0.00829582940787077,0.0,0.0,0.009493951685726643
1246,True,176.6502685546875,26.32361602783203,0.9529643654823303,178.3994140625,19.010520935058594,0.9406818747520447,0.0,0.0,0.3650546371936798,196.33837890625,18.166534423828125,0.9143058657646179,0.0,0.0,0.024177666753530502,222.6702880859375,53.45146179199219,0.9887111186981201,192.70269775390625,56.16413497924805,0.9872564077377319,233.876708984375,94.5768814086914,0.9889345765113831,159.1710205078125,80.20089721679688,0.9806023836135864,194.0071563720703,97.44168853759766,0.9906875491142273,125.73102569580078,62.57596206665039,0.9834022521972656,219.49774169921875,148.2082061767578,0.9945797920227051,200.11727905273438,147.841552734375,0.9935367703437805,220.91262817382812,216.67495727539062,0.569050669670105,195.1048126220703,217.60679626464844,0.5574826598167419,0.0,0.0,0.010185259394347668,0.0,0.0,0.01258595660328865
1247,True,174.79977416992188,26.895050048828125,0.9609069228172302,177.0836639404297,19.87139129638672,0.9536929726600647,0.0,0.0,0.444430410861969,194.8560791015625,19.57508087158203,0.9279355406761169,0.0,0.0,0.03033587522804737,220.48985290527344,54.538414001464844,0.9886619448661804,187.58413696289062,57.048683166503906,0.9869994521141052,232.8533935546875,92.6491470336914,0.9879837036132812,154.38636779785156,78.14732360839844,0.9781345129013062,192.06982421875,95.29817199707031,0.9895527362823486,122.78026580810547,61.87240219116211,0.9808135628700256,219.0313262939453,146.86679077148438,0.9936989545822144,197.42831420898438,146.82684326171875,0.992431640625,222.56878662109375,213.47006225585938,0.5294511318206787,191.49867248535156,215.36050415039062,0.5134569406509399,0.0,0.0,0.009563553147017956,0.0,0.0,0.011651478707790375
1248,True,174.16610717773438,28.193878173828125,0.9488753080368042,176.52015686035156,21.416038513183594,0.9317532181739807,0.0,0.0,0.39963558316230774,193.84860229492188,21.241287231445312,0.9048410654067993,0.0,0.0,0.030807605013251305,219.00021362304688,55.359779357910156,0.9866386651992798,184.9403076171875,57.653377532958984,0.9884122014045715,231.50436401367188,92.87053680419922,0.9880898594856262,152.98680114746094,77.99411010742188,0.9846204519271851,191.2022705078125,94.99200439453125,0.9902001023292542,122.21903228759766,62.76864242553711,0.9858620166778564,217.6304931640625,148.19760131835938,0.9936314225196838,194.7296142578125,148.253662109375,0.9932209253311157,0.0,0.0,0.47625869512557983,0.0,0.0,0.4870520234107971,0.0,0.0,0.007863369770348072,0.0,0.0,0.010216589085757732
1249,True,173.45272827148438,28.59393310546875,0.949026882648468,175.58758544921875,21.938270568847656,0.9352329969406128,0.0,0.0,0.37667399644851685,192.5200958251953,22.3531494140625,0.912506639957428,0.0,0.0,0.026678843423724174,217.14759826660156,55.88204574584961,0.9874218702316284,185.5733642578125,58.424285888671875,0.9880175590515137,230.258056640625,92.14264678955078,0.9889922142028809,150.25686645507812,78.1165542602539,0.9834822416305542,190.94288635253906,94.7257080078125,0.9907121062278748,119.00617218017578,62.2889518737793,0.9852024912834167,217.53054809570312,147.483642578125,0.9943975210189819,196.63433837890625,147.5820770263672,0.9937475919723511,218.70040893554688,211.2337646484375,0.5339994430541992,188.693359375,213.4517822265625,0.529927134513855,0.0,0.0,0.009780587628483772,0.0,0.0,0.012299621477723122
1250,True,172.98504638671875,28.866134643554688,0.9469552636146545,175.37245178222656,22.39862823486328,0.9332493543624878,0.0,0.0,0.3835219442844391,191.90966796875,22.853363037109375,0.9104208946228027,0.0,0.0,0.02734113112092018,215.96031188964844,55.444480895996094,0.9855430126190186,184.26686096191406,58.47709655761719,0.9863722920417786,228.54881286621094,91.33496856689453,0.9878445267677307,151.90902709960938,79.28938293457031,0.9820626378059387,190.2072296142578,94.56877136230469,0.9894636869430542,120.26201629638672,62.84469985961914,0.9833887815475464,216.5498504638672,147.98277282714844,0.9927546381950378,194.84088134765625,148.20399475097656,0.9919614195823669,0.0,0.0,0.4344547688961029,0.0,0.0,0.4321630895137787,0.0,0.0,0.00692572770640254,0.0,0.0,0.008747042156755924
1251,True,172.47634887695312,29.971046447753906,0.9410468935966492,174.81259155273438,23.501686096191406,0.9185581207275391,0.0,0.0,0.37387633323669434,191.13243103027344,23.750717163085938,0.8965075612068176,0.0,0.0,0.03086390532553196,215.3782196044922,55.7411994934082,0.9863976836204529,183.3563232421875,59.134422302246094,0.9884592890739441,227.69728088378906,91.2271499633789,0.9879949688911438,150.96023559570312,79.85075378417969,0.9850731492042542,189.1770477294922,94.62911224365234,0.9896463751792908,120.34162902832031,63.22163009643555,0.9857574701309204,215.03482055664062,147.02853393554688,0.9933454990386963,193.66368103027344,147.39541625976562,0.9929957985877991,0.0,0.0,0.4717544913291931,0.0,0.0,0.48378926515579224,0.0,0.0,0.007947702892124653,0.0,0.0,0.01034602615982294
1252,True,171.9481201171875,29.91790771484375,0.9431706666946411,174.51455688476562,23.416244506835938,0.9207346439361572,0.0,0.0,0.3814167380332947,190.73207092285156,23.738922119140625,0.8973051309585571,0.0,0.0,0.029991526156663895,214.2821044921875,56.186344146728516,0.9862667322158813,182.799560546875,59.66149139404297,0.9888929724693298,227.82960510253906,91.88936614990234,0.9883953332901001,151.229248046875,81.25,0.9861692190170288,188.27105712890625,94.67369842529297,0.9905129671096802,119.42372131347656,63.88267135620117,0.9871299862861633,214.15687561035156,147.2115936279297,0.9937671422958374,192.99172973632812,147.47714233398438,0.9935534000396729,215.54495239257812,208.81150817871094,0.5008488297462463,184.36529541015625,211.12692260742188,0.5148749947547913,0.0,0.0,0.008855490945279598,0.0,0.0,0.011587707325816154
1253,True,171.36038208007812,29.730567932128906,0.9483888149261475,174.01702880859375,23.515670776367188,0.9446554183959961,0.0,0.0,0.38320866227149963,190.072998046875,24.0745849609375,0.9280754923820496,0.0,0.0,0.024657635018229485,212.9244842529297,55.34831237792969,0.9877516031265259,183.284423828125,59.303409576416016,0.9813413619995117,227.47024536132812,91.53089141845703,0.9885053038597107,156.26004028320312,84.32723999023438,0.9683310985565186,187.96151733398438,94.2557601928711,0.9888592958450317,124.398681640625,66.83375549316406,0.9718207716941833,212.25473022460938,145.01959228515625,0.9938754439353943,192.0965576171875,145.22238159179688,0.9914354681968689,214.38296508789062,208.43441772460938,0.6005055904388428,184.59291076660156,210.21563720703125,0.5415195822715759,0.0,0.0,0.01599479839205742,0.0,0.0,0.01709737256169319
1254,True,170.79464721679688,29.328338623046875,0.9489396214485168,173.7777557373047,23.26270294189453,0.9373573660850525,0.0,0.0,0.4067434072494507,189.71632385253906,24.24834442138672,0.919660747051239,0.0,0.0,0.029022391885519028,212.27305603027344,54.76813507080078,0.9879484176635742,182.19749450683594,60.18544387817383,0.9866234660148621,227.60113525390625,91.6718521118164,0.9887514710426331,157.48789978027344,87.36536407470703,0.9797003865242004,188.08270263671875,94.34545135498047,0.9894904494285583,125.9775390625,65.34280395507812,0.9804725050926208,211.086669921875,144.56625366210938,0.9941613078117371,190.39813232421875,145.298828125,0.9929267764091492,214.82647705078125,206.77552795410156,0.5759828090667725,184.41159057617188,209.16395568847656,0.5552912354469299,0.0,0.0,0.013645830564200878,0.0,0.0,0.016175076365470886
1255,True,169.54933166503906,29.142044067382812,0.9483240246772766,172.75265502929688,23.084121704101562,0.9439927935600281,0.0,0.0,0.389463871717453,189.1581268310547,24.210548400878906,0.9291342496871948,0.0,0.0,0.02515578456223011,210.7545928955078,54.03184509277344,0.9880222082138062,181.32603454589844,61.939456939697266,0.9822465777397156,227.53131103515625,89.59575653076172,0.9885092377662659,159.41781616210938,91.69790649414062,0.9691986441612244,186.85488891601562,93.86541748046875,0.9890472292900085,133.78594970703125,65.30558776855469,0.9730138182640076,210.83819580078125,144.056884765625,0.99398273229599,190.8171844482422,146.07261657714844,0.9915452003479004,214.62530517578125,206.61666870117188,0.620373547077179,186.85458374023438,211.0965576171875,0.568655788898468,0.0,0.0,0.01744202710688114,0.0,0.0,0.018850551918148994
1256,True,169.01278686523438,29.790634155273438,0.9507282376289368,171.8560333251953,23.700424194335938,0.9429298043251038,0.0,0.0,0.405514121055603,188.6341552734375,24.686798095703125,0.9249421954154968,0.0,0.0,0.027902893722057343,210.58944702148438,53.70126724243164,0.9877498745918274,180.75942993164062,62.73389434814453,0.9854937791824341,226.8902587890625,88.91717529296875,0.988157331943512,155.89097595214844,95.06388092041016,0.9770937561988831,186.68959045410156,93.14369201660156,0.9896982312202454,141.10870361328125,68.72979736328125,0.9804763793945312,210.81719970703125,144.17335510253906,0.9937726855278015,190.63136291503906,146.748779296875,0.9921620488166809,214.4322509765625,207.61029052734375,0.5677054524421692,187.43260192871094,212.022705078125,0.5455374121665955,0.0,0.0,0.012867381796240807,0.0,0.0,0.015162722207605839
1257,True,169.20761108398438,29.995704650878906,0.9504774808883667,172.04983520507812,23.83563995361328,0.9441076517105103,0.0,0.0,0.4163086712360382,188.77352905273438,24.845458984375,0.9263694286346436,0.0,0.0,0.02971888706088066,211.14089965820312,53.69235610961914,0.9878519773483276,179.90338134765625,63.16679382324219,0.9845088124275208,226.5437774658203,88.55684661865234,0.9878935217857361,155.44203186035156,94.95899963378906,0.9751954674720764,187.43783569335938,92.91834259033203,0.9892355799674988,145.84722900390625,65.82501220703125,0.9786965847015381,210.15567016601562,143.75587463378906,0.9937823414802551,188.8209228515625,146.4831085205078,0.9919195175170898,214.24850463867188,207.11227416992188,0.5808650255203247,184.79869079589844,211.43109130859375,0.551639974117279,0.0,0.0,0.014070017263293266,0.0,0.0,0.016184352338314056
1258,True,169.59437561035156,29.985740661621094,0.9549737572669983,172.2303924560547,23.796417236328125,0.9538078308105469,0.0,0.0,0.43325600028038025,188.6481170654297,24.51024627685547,0.9365636706352234,0.0,0.0,0.029851306229829788,210.77822875976562,53.56782531738281,0.9888362288475037,180.5045166015625,62.55730438232422,0.9817507863044739,225.99554443359375,88.73465728759766,0.9876841306686401,157.00283813476562,94.74349975585938,0.9655859470367432,185.58865356445312,92.8118896484375,0.988528311252594,150.87652587890625,66.4088363647461,0.9716897010803223,210.02963256835938,143.21353149414062,0.9935336112976074,189.57058715820312,145.7841339111328,0.9906103014945984,213.2608642578125,207.1103515625,0.6185016632080078,186.53176879882812,211.07949829101562,0.5641593933105469,0.0,0.0,0.017744706943631172,0.0,0.0,0.01897554285824299
1259,True,170.35287475585938,30.13445281982422,0.9576148986816406,172.91732788085938,23.825355529785156,0.9599512815475464,0.0,0.0,0.43812626600265503,189.26724243164062,24.412506103515625,0.9442500472068787,0.0,0.0,0.028060831129550934,211.11593627929688,53.94392395019531,0.9894752502441406,181.44659423828125,62.441917419433594,0.979162335395813,226.183837890625,89.21794128417969,0.9878957271575928,156.8118896484375,93.31768798828125,0.9562143087387085,185.63937377929688,92.99305725097656,0.9883183240890503,149.25697326660156,66.19390869140625,0.9649552702903748,209.90768432617188,142.57168579101562,0.9936732053756714,190.10435485839844,144.97970581054688,0.9899397492408752,212.76968383789062,206.2637481689453,0.6627885103225708,187.6831512451172,210.16781616210938,0.5873026251792908,0.0,0.0,0.022808237001299858,0.0,0.0,0.02283567190170288
1260,True,170.49691772460938,30.40593719482422,0.9604891538619995,173.279296875,24.129241943359375,0.9613987803459167,0.0,0.0,0.46627727150917053,189.81504821777344,24.784423828125,0.9448232054710388,0.0,0.0,0.031237641349434853,211.77810668945312,54.32069778442383,0.9897706508636475,181.064453125,62.68010330200195,0.9816383123397827,226.7811279296875,89.79254150390625,0.9876618385314941,157.64968872070312,93.56425476074219,0.9610868096351624,186.6927947998047,93.1358642578125,0.9882246255874634,150.44097900390625,65.94378662109375,0.9678846597671509,210.20404052734375,142.68264770507812,0.9936273097991943,189.6392822265625,145.04840087890625,0.9903470873832703,213.42745971679688,205.9182586669922,0.6509342789649963,186.93408203125,209.91493225097656,0.5870909690856934,0.0,0.0,0.021519625559449196,0.0,0.0,0.022269926965236664
1261,True,171.3373260498047,29.86566925048828,0.9560253620147705,174.25216674804688,23.80109405517578,0.9590317010879517,0.0,0.0,0.4530083239078522,190.33792114257812,24.940582275390625,0.9441940784454346,0.0,0.0,0.03139291703701019,211.79380798339844,54.50863265991211,0.9894439578056335,180.54945373535156,62.76252746582031,0.9775621294975281,227.8822479248047,89.47349548339844,0.9870434403419495,158.99090576171875,95.04561614990234,0.9488438367843628,188.2224578857422,93.24813079833984,0.9869755506515503,152.06109619140625,73.19294738769531,0.9581556916236877,210.66131591796875,141.76634216308594,0.9936501383781433,189.76173400878906,144.1812286376953,0.9894938468933105,214.0514373779297,205.04901123046875,0.6819028854370117,187.3964080810547,209.34207153320312,0.5985931754112244,0.0,0.0,0.02686959318816662,0.0,0.0,0.02598143182694912
1262,True,171.5872344970703,30.064453125,0.9533792734146118,174.74484252929688,23.903030395507812,0.9512122869491577,0.0,0.0,0.4373696446418762,191.007568359375,25.114120483398438,0.9336112141609192,0.0,0.0,0.0305344145745039,212.1589813232422,54.288307189941406,0.98863285779953,181.08642578125,63.345401763916016,0.9812895655632019,228.63279724121094,89.224365234375,0.9875049591064453,158.27191162109375,94.41261291503906,0.9639931917190552,190.43336486816406,93.55816650390625,0.9882949590682983,147.29415893554688,65.72261810302734,0.9699190855026245,210.91319274902344,142.70530700683594,0.9937454462051392,190.1506805419922,145.47178649902344,0.9907421469688416,214.5015411376953,206.41909790039062,0.644474446773529,187.99484252929688,211.40036010742188,0.5852236151695251,0.0,0.0,0.020073898136615753,0.0,0.0,0.020955165848135948
1263,True,172.1810760498047,30.41095733642578,0.9554235339164734,175.33535766601562,24.190032958984375,0.9482603669166565,0.0,0.0,0.4590390920639038,191.7767333984375,25.36944580078125,0.9287968277931213,0.0,0.0,0.03395065665245056,213.86715698242188,54.615203857421875,0.9882051944732666,180.92474365234375,63.50367736816406,0.9861672520637512,229.8194580078125,89.67095184326172,0.9875044226646423,154.8151092529297,93.05975341796875,0.9767097234725952,192.114990234375,93.8360824584961,0.9889965057373047,141.13565063476562,63.16481018066406,0.9791475534439087,210.7001190185547,143.6540985107422,0.9934205412864685,188.60508728027344,146.09307861328125,0.9917035102844238,214.46006774902344,205.89129638671875,0.5695013403892517,184.9320526123047,210.03155517578125,0.5443755984306335,0.0,0.0,0.013619938865303993,0.0,0.0,0.015784146264195442
1264,True,172.24058532714844,29.590835571289062,0.9576340317726135,175.50164794921875,23.515487670898438,0.9612021446228027,0.0,0.0,0.43282556533813477,192.0902557373047,25.13512420654297,0.9482015371322632,0.0,0.0,0.025248456746339798,213.66574096679688,56.070556640625,0.989231526851654,181.730224609375,61.57861328125,0.9784252047538757,229.6501922607422,88.69448852539062,0.9886813163757324,154.4984130859375,84.48422241210938,0.9557155966758728,192.59901428222656,94.17890167236328,0.9887688159942627,135.29244995117188,64.52946472167969,0.9628708362579346,211.78016662597656,144.504638671875,0.9942381381988525,190.413818359375,145.76239013671875,0.9906719923019409,214.59568786621094,205.50906372070312,0.6679725646972656,185.0886688232422,208.87420654296875,0.5805048942565918,0.0,0.0,0.023878008127212524,0.0,0.0,0.02318437211215496
1265,True,173.12319946289062,29.862884521484375,0.9581515192985535,175.9803009033203,23.59282684326172,0.9511774778366089,0.0,0.0,0.4575170576572418,192.53466796875,24.662078857421875,0.9324016571044922,0.0,0.0,0.031743284314870834,215.38697814941406,56.24372863769531,0.9884202480316162,181.84764099121094,60.81297302246094,0.9876511096954346,230.9749755859375,89.02084350585938,0.9888492822647095,149.90017700195312,81.17863464355469,0.9808976054191589,193.89407348632812,94.3608169555664,0.9906150102615356,130.01412963867188,63.473304748535156,0.9828959703445435,211.93128967285156,145.1901397705078,0.994350016117096,189.4347381591797,145.9536590576172,0.9932293891906738,214.63800048828125,204.5450439453125,0.5822115540504456,181.50816345214844,207.181640625,0.5619229674339294,0.0,0.0,0.014172160066664219,0.0,0.0,0.016791919246315956
1266,True,173.06138610839844,29.52703857421875,0.9618876576423645,176.11158752441406,23.26971435546875,0.9580063223838806,0.0,0.0,0.4783068597316742,193.0758819580078,24.70537567138672,0.9392458200454712,0.0,0.0,0.03218460828065872,215.9977264404297,56.57925796508789,0.9886474013328552,181.35064697265625,60.49497985839844,0.9869957566261292,231.5042724609375,88.89861297607422,0.9887337684631348,147.33978271484375,78.63458251953125,0.978431761264801,194.56776428222656,94.25215911865234,0.990136444568634,126.02538299560547,61.55405044555664,0.9805522561073303,214.09678649902344,145.772705078125,0.9941818118095398,190.9735870361328,146.51104736328125,0.9928104281425476,215.74386596679688,206.76145935058594,0.5626949071884155,182.23829650878906,209.8184356689453,0.5318947434425354,0.0,0.0,0.012691421434283257,0.0,0.0,0.014678185805678368
1267,True,173.32772827148438,29.031478881835938,0.9539623856544495,176.44610595703125,22.857498168945312,0.9449639916419983,0.0,0.0,0.44904208183288574,192.9030303955078,24.533737182617188,0.9264912009239197,0.0,0.0,0.03463534265756607,216.24691772460938,57.226318359375,0.9885364770889282,179.5107879638672,60.0076789855957,0.9879760146141052,232.48875427246094,89.24484252929688,0.9892112016677856,145.56822204589844,75.55607604980469,0.981590747833252,195.37277221679688,94.03535461425781,0.990455687046051,122.43669128417969,58.33717346191406,0.9828116297721863,215.04368591308594,145.34701538085938,0.9948928356170654,190.5774688720703,145.96054077148438,0.9939035773277283,218.38722229003906,205.64646911621094,0.5936266183853149,181.98696899414062,209.22500610351562,0.5722492337226868,0.0,0.0,0.0141132278367877,0.0,0.0,0.01665910892188549
1268,True,173.58656311035156,28.471405029296875,0.9568196535110474,176.80361938476562,22.36041259765625,0.9496393799781799,0.0,0.0,0.4628976881504059,193.09579467773438,24.336639404296875,0.9322975277900696,0.0,0.0,0.03453744202852249,216.76901245117188,57.560279846191406,0.9887552857398987,179.30783081054688,59.32964324951172,0.9881090521812439,232.93634033203125,89.67243957519531,0.9893749952316284,143.40957641601562,72.24787139892578,0.9812837243080139,195.39715576171875,94.6451416015625,0.9903419017791748,116.05591583251953,55.12886428833008,0.9821182489395142,215.65098571777344,145.51075744628906,0.9946993589401245,190.7009735107422,145.67771911621094,0.9936537742614746,219.4588623046875,205.59523010253906,0.5761077404022217,181.97877502441406,208.44253540039062,0.5512930154800415,0.0,0.0,0.01304149441421032,0.0,0.0,0.015362823382019997
1269,True,173.905029296875,28.547637939453125,0.9541912078857422,176.8807830810547,22.333602905273438,0.9477337002754211,0.0,0.0,0.4500178396701813,193.1136474609375,24.040908813476562,0.9308478236198425,0.0,0.0,0.03349221125245094,217.88059997558594,57.74238967895508,0.988335132598877,179.5659637451172,58.74738693237305,0.9868324995040894,234.21673583984375,89.86006927490234,0.9891682863235474,143.1250457763672,70.66594696044922,0.9797741770744324,196.81695556640625,94.8956069946289,0.9901716113090515,115.95032501220703,55.8726921081543,0.9808925986289978,215.12127685546875,145.94869995117188,0.9945823550224304,189.51589965820312,145.53358459472656,0.9933524131774902,219.1279296875,206.29246520996094,0.5675451755523682,179.7667236328125,207.89035034179688,0.5364724397659302,0.0,0.0,0.012756376527249813,0.0,0.0,0.014790507964789867
1270,True,174.00794982910156,27.972320556640625,0.960175633430481,177.01373291015625,21.731964111328125,0.9566700458526611,0.0,0.0,0.47218286991119385,193.5450897216797,23.6630859375,0.9401099681854248,0.0,0.0,0.032695189118385315,218.19546508789062,57.814083099365234,0.9891666769981384,180.5877227783203,58.372337341308594,0.986970067024231,234.6180419921875,90.114013671875,0.9892862439155579,143.45944213867188,69.96888732910156,0.9783135056495667,198.4813995361328,95.4747314453125,0.9901931881904602,116.43464660644531,55.81118392944336,0.979742705821991,215.3500518798828,145.32373046875,0.9946931004524231,190.35227966308594,144.67039489746094,0.993317723274231,218.97357177734375,205.9849395751953,0.5886350870132446,180.8747100830078,206.99163818359375,0.5517234206199646,0.0,0.0,0.014175810851156712,0.0,0.0,0.016230449080467224
1271,True,173.999755859375,27.574859619140625,0.9608107209205627,177.01638793945312,21.399261474609375,0.958729088306427,0.0,0.0,0.47121530771255493,193.55958557128906,23.592300415039062,0.9430543780326843,0.0,0.0,0.03168981894850731,218.1871337890625,57.796775817871094,0.9892219305038452,180.78546142578125,58.370521545410156,0.9861937165260315,234.6753692626953,89.88768005371094,0.9892432689666748,143.6359405517578,69.83313751220703,0.9762469530105591,198.6647186279297,95.57493591308594,0.9899255037307739,116.20697021484375,55.483924865722656,0.97783362865448,215.46835327148438,145.4366455078125,0.9945682287216187,190.58987426757812,144.7753448486328,0.9929543137550354,219.08180236816406,206.2891845703125,0.5855845808982849,181.26187133789062,207.234130859375,0.541179358959198,0.0,0.0,0.014151036739349365,0.0,0.0,0.015901578590273857
1272,True,173.85525512695312,26.961715698242188,0.9570188522338867,177.0010986328125,20.845863342285156,0.9509885311126709,0.0,0.0,0.45848116278648376,193.4256591796875,23.25665283203125,0.935160756111145,0.0,0.0,0.033427752554416656,217.8821258544922,57.439231872558594,0.9891268610954285,179.79214477539062,58.42986297607422,0.9877790808677673,234.68365478515625,90.08300018310547,0.989474356174469,142.38540649414062,70.6149673461914,0.9803869128227234,198.42108154296875,95.93061828613281,0.9903290271759033,114.50556182861328,54.91322326660156,0.9812498688697815,215.1478271484375,145.05136108398438,0.9949264526367188,189.98342895507812,144.69244384765625,0.9937704205513,218.8275909423828,206.29037475585938,0.5935218930244446,181.35867309570312,208.0020294189453,0.5630928874015808,0.0,0.0,0.013798952102661133,0.0,0.0,0.016027215868234634
1273,True,173.604248046875,26.646461486816406,0.9556271433830261,176.8360137939453,20.7911376953125,0.9492954611778259,0.0,0.0,0.44754520058631897,193.65267944335938,23.746078491210938,0.9355210065841675,0.0,0.0,0.03319890424609184,217.86477661132812,57.406307220458984,0.9889301657676697,180.01080322265625,59.22712707519531,0.9879459738731384,234.1927032470703,90.67401123046875,0.9890012741088867,145.49826049804688,75.52690124511719,0.9805468916893005,197.95640563964844,95.8380126953125,0.9899460673332214,121.80859375,59.37664794921875,0.9812799692153931,214.69415283203125,144.66696166992188,0.9948137998580933,189.5140380859375,144.60025024414062,0.9937167763710022,218.82675170898438,206.26417541503906,0.5808937549591064,181.48855590820312,208.27981567382812,0.5568853616714478,0.0,0.0,0.013222690671682358,0.0,0.0,0.015591805800795555
1274,True,173.24423217773438,26.656158447265625,0.9650250673294067,176.35125732421875,20.515586853027344,0.9698348641395569,0.0,0.0,0.4677281975746155,193.64378356933594,23.03241729736328,0.9588247537612915,0.0,0.0,0.02705465815961361,217.94700622558594,56.46760559082031,0.9906284213066101,181.44161987304688,60.21240997314453,0.9817204475402832,234.5762939453125,92.009521484375,0.9887216091156006,148.25955200195312,82.1553955078125,0.958034336566925,197.7840118408203,96.02863311767578,0.9884194135665894,130.38958740234375,60.100914001464844,0.9632380604743958,214.89804077148438,144.220458984375,0.99427729845047,190.95436096191406,144.75503540039062,0.9909323453903198,218.66018676757812,207.36434936523438,0.6437936425209045,185.40579223632812,209.07257080078125,0.5597737431526184,0.0,0.0,0.019666261970996857,0.0,0.0,0.01965896412730217
1275,True,172.98651123046875,25.88909149169922,0.9553046226501465,175.9080352783203,19.822052001953125,0.9555957317352295,0.0,0.0,0.42778313159942627,192.63296508789062,22.92401123046875,0.9448289275169373,0.0,0.0,0.028680695220828056,216.82383728027344,55.761878967285156,0.9889862537384033,180.3938751220703,61.5769157409668,0.9836342334747314,233.49021911621094,91.30403137207031,0.9882897138595581,148.50820922851562,86.22750091552734,0.9700199365615845,196.44708251953125,96.12985229492188,0.9889565110206604,136.60089111328125,60.52417755126953,0.9733720421791077,213.21286010742188,143.98440551757812,0.9939761161804199,189.00083923339844,145.34503173828125,0.9915167093276978,217.0381317138672,207.15594482421875,0.5866338014602661,183.2217254638672,209.89974975585938,0.5310829281806946,0.0,0.0,0.0141967898234725,0.0,0.0,0.015318553894758224
1276,True,172.38967895507812,25.78388214111328,0.9414195418357849,175.3662872314453,20.222030639648438,0.9346898794174194,0.0,0.0,0.3678492605686188,191.62237548828125,24.017257690429688,0.9277050495147705,0.0,0.0,0.02762044593691826,215.08544921875,55.59065246582031,0.9879441261291504,179.83526611328125,61.549476623535156,0.9850584268569946,232.752685546875,91.44164276123047,0.9887251257896423,150.8285369873047,87.99067687988281,0.977316677570343,194.7206268310547,96.21114349365234,0.9896273612976074,140.32298278808594,59.357513427734375,0.9791408181190491,211.72930908203125,143.63397216796875,0.9945785999298096,188.03921508789062,145.0784149169922,0.9929261803627014,216.39599609375,206.23634338378906,0.5952451229095459,183.5891571044922,209.2440185546875,0.5622807145118713,0.0,0.0,0.014170735143125057,0.0,0.0,0.01618359237909317
1277,True,172.25743103027344,25.428611755371094,0.9252439737319946,175.20513916015625,20.177490234375,0.9246419668197632,0.0,0.0,0.33536380529403687,191.0629119873047,23.23468017578125,0.9250242114067078,0.0,0.0,0.026488056406378746,215.1928253173828,54.92448425292969,0.9889127016067505,180.69290161132812,59.111366271972656,0.9744192957878113,231.9041748046875,94.03726196289062,0.9888335466384888,155.74533081054688,87.22721862792969,0.9540247321128845,192.13079833984375,96.14742279052734,0.9854183197021484,143.18319702148438,57.41517639160156,0.953212320804596,212.59146118164062,145.2023162841797,0.992363452911377,188.54705810546875,145.82138061523438,0.9874023795127869,217.02017211914062,203.5396728515625,0.5543874502182007,0.0,0.0,0.4590029716491699,0.0,0.0,0.015753818675875664,0.0,0.0,0.014981617219746113
1278,True,172.149658203125,26.09014892578125,0.9470875263214111,174.7079620361328,20.117721557617188,0.9417704343795776,0.0,0.0,0.3859911262989044,190.84963989257812,23.02356719970703,0.9309453368186951,0.0,0.0,0.028092019259929657,214.46432495117188,54.96360778808594,0.9888774752616882,181.8216552734375,61.3200569152832,0.9849225282669067,230.89212036132812,91.20582580566406,0.9888746738433838,154.4004364013672,87.44706726074219,0.9755855202674866,192.14389038085938,96.17216491699219,0.9895925521850586,143.55801391601562,58.83844757080078,0.9777845144271851,211.00277709960938,143.682861328125,0.9949421286582947,189.0363006591797,145.14947509765625,0.9932057857513428,214.4289093017578,207.62527465820312,0.6381341814994812,184.5229949951172,210.72979736328125,0.6003623008728027,0.0,0.0,0.01720108464360237,0.0,0.0,0.019284497946500778
1279,True,172.34085083007812,26.240264892578125,0.9406904578208923,174.93983459472656,20.501136779785156,0.9328159093856812,0.0,0.0,0.34496450424194336,191.03392028808594,23.702713012695312,0.9245578050613403,0.0,0.0,0.024853454902768135,213.83499145507812,55.41118621826172,0.9881864190101624,183.04124450683594,61.2744255065918,0.9849098324775696,229.45672607421875,91.52294158935547,0.9890998005867004,156.40121459960938,87.272216796875,0.9768524169921875,189.71327209472656,95.98052978515625,0.9898731708526611,141.30712890625,59.546836853027344,0.9788084626197815,211.46519470214844,144.68673706054688,0.9950131773948669,190.62290954589844,145.98155212402344,0.9934571385383606,213.48703002929688,207.46759033203125,0.6385478973388672,185.2683563232422,210.93283081054688,0.6038961410522461,0.0,0.0,0.017214374616742134,0.0,0.0,0.019482778385281563
1280,True,172.31170654296875,25.97052001953125,0.9390143752098083,174.99017333984375,20.33300018310547,0.9294531345367432,0.0,0.0,0.3470825254917145,191.07044982910156,23.742637634277344,0.922507107257843,0.0,0.0,0.02628893218934536,213.7401885986328,55.490142822265625,0.9885632991790771,182.0558319091797,61.040771484375,0.9857122302055359,229.08328247070312,92.08824920654297,0.9893357157707214,154.470947265625,86.9149169921875,0.9783053994178772,189.5106658935547,95.8095703125,0.990057647228241,141.2357635498047,58.742645263671875,0.9798876047134399,210.59567260742188,143.50509643554688,0.9953954815864563,189.25,144.77162170410156,0.9940124154090881,213.50494384765625,205.84866333007812,0.6712682247161865,184.77406311035156,209.24481201171875,0.6404348015785217,0.0,0.0,0.020146086812019348,0.0,0.0,0.022883303463459015
1281,True,172.52728271484375,26.48253631591797,0.9411720633506775,175.14920043945312,20.77154541015625,0.9332079291343689,0.0,0.0,0.3540220558643341,191.1870574951172,23.820632934570312,0.9242472648620605,0.0,0.0,0.02636055275797844,213.70916748046875,55.53679656982422,0.9886877536773682,182.73692321777344,60.88637924194336,0.9847315549850464,228.13223266601562,92.17878723144531,0.9892276525497437,155.11331176757812,86.89817810058594,0.9760022759437561,188.70912170410156,95.77642822265625,0.989840030670166,141.3639678955078,59.109134674072266,0.9781774282455444,210.6294708251953,143.4356689453125,0.9951679706573486,189.7461395263672,144.5685272216797,0.9935120940208435,213.9226837158203,206.0565185546875,0.671200692653656,185.69667053222656,208.9521026611328,0.6334102749824524,0.0,0.0,0.020580662414431572,0.0,0.0,0.022927870973944664
1282,True,172.7973175048828,26.462905883789062,0.9397783279418945,175.44349670410156,20.801162719726562,0.9311487078666687,0.0,0.0,0.34091097116470337,191.346923828125,23.93756103515625,0.9226133227348328,0.0,0.0,0.024690626189112663,213.2836151123047,55.83417510986328,0.9885295033454895,183.2631072998047,60.77656555175781,0.9846935272216797,227.5396728515625,92.2060546875,0.98956698179245,154.69952392578125,85.78228759765625,0.9766508936882019,188.1692352294922,95.8668441772461,0.9902472496032715,139.110595703125,57.123626708984375,0.9788934588432312,210.34207153320312,144.0181884765625,0.9953670501708984,190.12762451171875,144.9778594970703,0.9937828183174133,213.1688690185547,206.86984252929688,0.6791867017745972,185.8652801513672,209.54930114746094,0.6406868696212769,0.0,0.0,0.02092028595507145,0.0,0.0,0.023272207006812096
1283,True,172.84107971191406,26.262535095214844,0.9408048391342163,175.54141235351562,20.656036376953125,0.931209921836853,0.0,0.0,0.3532991111278534,191.501708984375,23.88043975830078,0.9221988916397095,0.0,0.0,0.026516735553741455,213.77796936035156,55.77814483642578,0.9886267781257629,182.75787353515625,60.64955139160156,0.9855544567108154,228.71067810058594,92.25846862792969,0.989479124546051,154.3859405517578,85.81949615478516,0.9780024886131287,188.66134643554688,95.93160247802734,0.9901436567306519,138.16494750976562,58.02389907836914,0.9796211123466492,210.28060913085938,143.9245147705078,0.9953466057777405,189.399169921875,144.8028106689453,0.9939022064208984,213.33834838867188,206.6365509033203,0.6681699752807617,184.9427032470703,209.32757568359375,0.6345369815826416,0.0,0.0,0.019743051379919052,0.0,0.0,0.022281453013420105
1284,True,173.0001983642578,26.38556671142578,0.9396255016326904,175.7208251953125,20.8538818359375,0.9275157451629639,0.0,0.0,0.3492322564125061,191.7552032470703,24.188446044921875,0.9192469120025635,0.0,0.0,0.026495225727558136,214.2941436767578,56.03590774536133,0.9887774586677551,183.038818359375,60.608097076416016,0.9867683053016663,229.47555541992188,91.68040466308594,0.9899700284004211,153.75962829589844,84.52599334716797,0.981076717376709,190.947021484375,95.97203063964844,0.990774929523468,136.989501953125,58.49460220336914,0.9822304844856262,210.44247436523438,143.76324462890625,0.995912492275238,189.39218139648438,144.41627502441406,0.9948225021362305,213.26715087890625,206.29815673828125,0.6928012371063232,184.02606201171875,208.47198486328125,0.6669958233833313,0.0,0.0,0.02161981724202633,0.0,0.0,0.024908358231186867
1285,True,172.9250030517578,26.0557861328125,0.9372113943099976,175.6603240966797,20.653533935546875,0.925247848033905,0.0,0.0,0.3396117687225342,191.7692413330078,24.300033569335938,0.9189085960388184,0.0,0.0,0.025704754516482353,214.81918334960938,56.3100700378418,0.9881787896156311,182.4305877685547,60.275814056396484,0.9864288568496704,229.60189819335938,91.61238098144531,0.9898714423179626,152.1266326904297,83.15892028808594,0.9813829064369202,191.15853881835938,96.01802825927734,0.9906553626060486,134.75674438476562,58.525962829589844,0.9823327660560608,211.0567169189453,144.47341918945312,0.9958170056343079,189.0437774658203,144.89617919921875,0.9947657585144043,214.642578125,207.25140380859375,0.6647350788116455,182.9214324951172,209.0345458984375,0.6397972106933594,0.0,0.0,0.01864643394947052,0.0,0.0,0.021696073934435844
1286,True,173.38845825195312,26.29468536376953,0.9343471527099609,176.0213623046875,20.801528930664062,0.9188368916511536,0.0,0.0,0.3225499987602234,192.20306396484375,24.238327026367188,0.9124786853790283,0.0,0.0,0.02389584667980671,215.32118225097656,56.64661407470703,0.9872294664382935,183.46304321289062,59.927581787109375,0.986995279788971,231.080322265625,92.3918228149414,0.9898101091384888,152.66053771972656,81.86961364746094,0.9836310148239136,192.712646484375,95.54283142089844,0.991214394569397,131.97756958007812,59.01110076904297,0.9846289157867432,211.4618377685547,144.78964233398438,0.9956990480422974,189.89324951171875,144.9344482421875,0.9949087500572205,213.346923828125,207.45025634765625,0.6424077749252319,181.9029083251953,209.5662384033203,0.6271829605102539,0.0,0.0,0.016073348000645638,0.0,0.0,0.019267618656158447
1287,True,173.81558227539062,26.548370361328125,0.947567880153656,176.49766540527344,20.74028778076172,0.9422715306282043,0.0,0.0,0.3697997033596039,193.15179443359375,23.693649291992188,0.9307988882064819,0.0,0.0,0.024115368723869324,216.587646484375,56.75572204589844,0.9877453446388245,183.6593475341797,59.235084533691406,0.984896183013916,232.20651245117188,91.73554229736328,0.9892398118972778,150.7039337158203,78.7791748046875,0.9777697920799255,193.9700164794922,95.01006317138672,0.9905858635902405,130.50885009765625,59.08333206176758,0.9801895022392273,212.712890625,145.3282470703125,0.9948950409889221,190.64755249023438,145.23497009277344,0.9934451580047607,214.83460998535156,207.99569702148438,0.6091024875640869,183.2882080078125,209.59725952148438,0.5734226703643799,0.0,0.0,0.014709409326314926,0.0,0.0,0.01678393967449665
1288,True,173.96539306640625,26.0316162109375,0.9431337714195251,176.9257354736328,20.448753356933594,0.9292017817497253,0.0,0.0,0.3653101623058319,193.72239685058594,23.816673278808594,0.9174272418022156,0.0,0.0,0.02701343037188053,217.12570190429688,57.066490173339844,0.9871292114257812,182.50460815429688,58.68194580078125,0.9881551265716553,233.2862548828125,92.28440856933594,0.989193856716156,148.97137451171875,76.62454223632812,0.984567403793335,194.9684600830078,95.23999786376953,0.9909189939498901,126.143310546875,56.17333984375,0.985291600227356,213.46026611328125,145.7550048828125,0.9949066042900085,190.3855438232422,145.52670288085938,0.9942840933799744,214.67605590820312,207.48773193359375,0.5693341493606567,181.73800659179688,209.9232940673828,0.5641050934791565,0.0,0.0,0.011589755304157734,0.0,0.0,0.014346648938953876
1289,True,174.62689208984375,25.564369201660156,0.9471138119697571,177.61859130859375,19.93817138671875,0.9367113709449768,0.0,0.0,0.38894447684288025,194.3466339111328,23.1939697265625,0.9249103665351868,0.0,0.0,0.0287534911185503,217.84323120117188,56.70085144042969,0.9880384206771851,182.0436248779297,58.11298751831055,0.9878913164138794,234.90721130371094,91.66935729980469,0.9892752766609192,147.96034240722656,75.3524398803711,0.982566237449646,196.15469360351562,95.3136978149414,0.9907844066619873,126.183349609375,56.97576904296875,0.9835824966430664,213.3191375732422,145.12965393066406,0.9949674010276794,189.76173400878906,144.88580322265625,0.9940662384033203,215.0708770751953,206.35214233398438,0.5908663868904114,182.61326599121094,208.78419494628906,0.5745375752449036,0.0,0.0,0.013260740786790848,0.0,0.0,0.01588122732937336
1290,True,174.977294921875,25.271347045898438,0.9465556144714355,178.0882110595703,19.69060516357422,0.9331287145614624,0.0,0.0,0.4056149125099182,194.65078735351562,23.056739807128906,0.9209203124046326,0.0,0.0,0.03343202546238899,218.5229949951172,56.68398666381836,0.98866206407547,181.1497039794922,57.9991455078125,0.9889496564865112,235.90386962890625,91.51097106933594,0.9892910122871399,148.085693359375,75.40164184570312,0.9838773608207703,198.14329528808594,95.83419036865234,0.9904909133911133,126.41398620605469,57.362709045410156,0.9841080904006958,213.30270385742188,144.5243377685547,0.9952123165130615,188.68707275390625,144.2503662109375,0.9944542050361633,216.61294555664062,205.34674072265625,0.6028407216072083,182.20912170410156,207.66815185546875,0.5929417014122009,0.0,0.0,0.014165353029966354,0.0,0.0,0.017187951132655144
1291,True,174.99197387695312,25.351974487304688,0.9455532431602478,178.0628662109375,19.741683959960938,0.9321296811103821,0.0,0.0,0.395766019821167,194.68922424316406,23.020339965820312,0.9195269346237183,0.0,0.0,0.031977005302906036,218.6071319580078,56.654903411865234,0.9884342551231384,181.4933319091797,57.868751525878906,0.9886330962181091,236.04527282714844,91.87691497802734,0.9894341826438904,148.24801635742188,75.47505187988281,0.9838497638702393,197.9822235107422,95.86221313476562,0.9907078742980957,126.24615478515625,57.413272857666016,0.984284520149231,213.898681640625,144.7251739501953,0.9953265190124512,189.38546752929688,144.43832397460938,0.9945656061172485,216.976318359375,206.2457275390625,0.606476902961731,182.25454711914062,208.67913818359375,0.5952597856521606,0.0,0.0,0.013974371366202831,0.0,0.0,0.01691586524248123
1292,True,174.5440673828125,24.46954345703125,0.9433478713035583,178.67584228515625,19.215560913085938,0.9377272725105286,0.0,0.0,0.4003600776195526,196.1745147705078,24.035202026367188,0.926224946975708,0.0,0.0,0.033754318952560425,219.575927734375,57.12427520751953,0.9881241917610168,180.33206176757812,58.49704360961914,0.9819861650466919,235.81317138671875,91.06965637207031,0.9872402548789978,150.92074584960938,79.96891021728516,0.9682745933532715,198.5540313720703,95.27244567871094,0.987098753452301,135.06240844726562,61.87351608276367,0.969181478023529,214.65545654296875,145.22665405273438,0.9924503564834595,189.11221313476562,144.8811492919922,0.9894352555274963,219.12899780273438,208.10382080078125,0.600974977016449,187.78636169433594,208.8668212890625,0.5520403981208801,0.0,0.0,0.016829838976264,0.0,0.0,0.01830844022333622
1293,True,174.38021850585938,23.599517822265625,0.937614917755127,178.25027465820312,18.78131103515625,0.9418097138404846,0.0,0.0,0.37871018052101135,194.98837280273438,23.05694580078125,0.9387343525886536,0.0,0.0,0.02694120444357395,218.1596221923828,55.244022369384766,0.9897294044494629,179.84825134277344,57.25077819824219,0.9746007323265076,236.4681396484375,93.18679809570312,0.9894708395004272,153.13916015625,82.41326141357422,0.9509022831916809,196.61370849609375,95.1591796875,0.9863592982292175,139.97198486328125,57.55646514892578,0.9502357244491577,213.7776336669922,145.96420288085938,0.9938632249832153,187.3953857421875,145.92184448242188,0.9893792271614075,218.17401123046875,205.87864685058594,0.6105732321739197,181.8134002685547,208.15982055664062,0.502525269985199,0.0,0.0,0.01900564134120941,0.0,0.0,0.017391173169016838
1294,True,174.42440795898438,24.106117248535156,0.9420374631881714,177.53541564941406,18.75910186767578,0.9492955803871155,0.0,0.0,0.333102822303772,194.88259887695312,23.280967712402344,0.9442311525344849,0.0,0.0,0.019959494471549988,218.1908416748047,55.290401458740234,0.9863727688789368,181.176513671875,60.04164123535156,0.9755585193634033,236.1019287109375,90.86377716064453,0.9879194498062134,148.28424072265625,82.50182342529297,0.9598243832588196,197.86083984375,95.09156036376953,0.988640546798706,146.92904663085938,48.391666412353516,0.9660263061523438,214.3065185546875,146.22369384765625,0.9935610294342041,189.6074676513672,147.60000610351562,0.989947497844696,216.86830139160156,210.07125854492188,0.5622791051864624,0.0,0.0,0.4830019474029541,0.0,0.0,0.01237856037914753,0.0,0.0,0.012562228366732597
1295,True,174.614990234375,24.492515563964844,0.9326557517051697,176.9591827392578,19.075462341308594,0.9350742101669312,0.0,0.0,0.2712778151035309,194.50999450683594,23.1837158203125,0.9270483255386353,0.0,0.0,0.01898845285177231,219.51039123535156,55.77882766723633,0.983964204788208,182.85606384277344,59.585941314697266,0.9779549241065979,235.70114135742188,91.4012451171875,0.9859070777893066,150.69993591308594,82.57798767089844,0.9650070071220398,196.57554626464844,94.45256805419922,0.9881408214569092,153.10012817382812,49.22115707397461,0.971863865852356,214.2287139892578,145.71044921875,0.9917117357254028,190.1917266845703,146.37832641601562,0.9884259700775146,0.0,0.0,0.4912159740924835,0.0,0.0,0.4475853443145752,0.0,0.0,0.009325290098786354,0.0,0.0,0.010505514219403267
1296,True,175.00909423828125,24.424667358398438,0.9367546439170837,177.3961639404297,18.8836669921875,0.9419031143188477,0.0,0.0,0.28057458996772766,194.88531494140625,23.066139221191406,0.9330604076385498,0.0,0.0,0.01830401085317135,219.447265625,56.22467803955078,0.9842273592948914,183.3412628173828,60.184814453125,0.9761357307434082,235.0077362060547,91.75801849365234,0.9855006337165833,150.3671112060547,82.91615295410156,0.9591286182403564,195.86105346679688,94.21417999267578,0.9877403378486633,153.1494140625,48.302711486816406,0.9679654240608215,213.5972137451172,146.2031707763672,0.9916423559188843,190.06866455078125,146.8612060546875,0.9877815246582031,213.03662109375,207.1754913330078,0.5175692439079285,0.0,0.0,0.46136394143104553,0.0,0.0,0.010702105239033699,0.0,0.0,0.011662038043141365
1297,True,174.83984375,23.743209838867188,0.9171465039253235,178.01071166992188,19.001129150390625,0.9210748076438904,0.0,0.0,0.28199416399002075,194.53465270996094,23.347015380859375,0.9286575317382812,0.0,0.0,0.019985271617770195,217.58033752441406,54.461402893066406,0.9876074194908142,181.7718963623047,57.886112213134766,0.9736956357955933,234.2069549560547,93.38092041015625,0.9893317222595215,153.7692413330078,83.09471893310547,0.9579305052757263,193.86318969726562,94.52027130126953,0.9871121048927307,149.84385681152344,47.925479888916016,0.9584147930145264,214.64356994628906,146.23634338378906,0.9929960370063782,189.93716430664062,147.0908966064453,0.9886227250099182,216.50503540039062,205.15408325195312,0.5491225719451904,0.0,0.0,0.45684927701950073,0.0,0.0,0.014004159718751907,0.0,0.0,0.013490024022758007
1298,True,175.0719451904297,23.579742431640625,0.9168983697891235,178.26513671875,18.704185485839844,0.9167110323905945,0.0,0.0,0.28840172290802,194.71646118164062,22.88140869140625,0.9242745041847229,0.0,0.0,0.021546831354498863,217.69381713867188,54.25554275512695,0.9880306124687195,182.34292602539062,57.93301773071289,0.9756388068199158,233.90402221679688,93.63572692871094,0.9893789887428284,155.55386352539062,84.8710708618164,0.9607095122337341,193.2341766357422,94.36644744873047,0.9871701002120972,148.74942016601562,52.765663146972656,0.9608350396156311,214.4474639892578,146.306396484375,0.9932253956794739,190.08074951171875,147.1614990234375,0.9892293810844421,216.84507751464844,205.86138916015625,0.5528074502944946,0.0,0.0,0.4674922525882721,0.0,0.0,0.013940402306616306,0.0,0.0,0.013646285980939865
1299,True,175.0160369873047,23.98937225341797,0.9248050451278687,178.36941528320312,19.12444305419922,0.9248786568641663,0.0,0.0,0.3116624057292938,194.9700469970703,23.22601318359375,0.9296957850456238,0.0,0.0,0.022685933858156204,217.68727111816406,54.021018981933594,0.9886409044265747,182.77882385253906,58.16989517211914,0.9774616360664368,234.1553497314453,93.14099884033203,0.989525318145752,157.8548583984375,85.70457458496094,0.9620275497436523,193.21530151367188,94.18511199951172,0.9872559309005737,149.142822265625,55.37104034423828,0.9615010023117065,214.80645751953125,145.9157257080078,0.9933639764785767,190.6309814453125,146.94290161132812,0.9895780682563782,217.17010498046875,204.81814575195312,0.5585982799530029,0.0,0.0,0.47645387053489685,0.0,0.0,0.01451317872852087,0.0,0.0,0.01432319637387991
1300,True,175.900634765625,26.727035522460938,0.951431393623352,179.4547882080078,21.097312927246094,0.9508936405181885,0.0,0.0,0.435179740190506,196.52418518066406,23.084632873535156,0.9388163685798645,0.0,0.0,0.0295360516756773,218.1230926513672,53.877464294433594,0.9895874261856079,183.3482666015625,58.48942947387695,0.9808104634284973,234.3951873779297,93.31439971923828,0.9890328645706177,157.66172790527344,85.74391174316406,0.9648153185844421,193.52548217773438,93.84891510009766,0.9878984093666077,149.27993774414062,54.66264724731445,0.9663483500480652,214.6260223388672,145.35580444335938,0.992767333984375,190.73968505859375,146.6742401123047,0.9891373515129089,218.2452850341797,204.1475372314453,0.5541449785232544,0.0,0.0,0.4845016896724701,0.0,0.0,0.014563540928065777,0.0,0.0,0.014826389960944653
1301,True,176.21240234375,27.76964569091797,0.9717642068862915,181.0103302001953,21.997512817382812,0.9728192687034607,175.67529296875,23.193557739257812,0.6014999151229858,199.29946899414062,24.119781494140625,0.9545948505401611,0.0,0.0,0.046419255435466766,220.38101196289062,55.928977966308594,0.9914280772209167,182.77557373046875,58.736419677734375,0.9820324778556824,233.7698211669922,94.51420593261719,0.9873047471046448,158.83392333984375,84.71894836425781,0.9550873041152954,191.61660766601562,93.3714599609375,0.9842909574508667,145.9783935546875,55.227752685546875,0.9527827501296997,216.25148010253906,147.7757110595703,0.9892559051513672,190.8632354736328,148.24191284179688,0.9835360050201416,220.12301635742188,208.15667724609375,0.529934287071228,0.0,0.0,0.45593056082725525,0.0,0.0,0.014964422211050987,0.0,0.0,0.015053583309054375
1302,True,176.6797332763672,26.740234375,0.9761467576026917,181.77810668945312,20.799842834472656,0.9770594239234924,176.01202392578125,22.03931427001953,0.6411735415458679,200.49163818359375,23.257225036621094,0.9581878781318665,0.0,0.0,0.048979997634887695,221.07174682617188,55.55538558959961,0.991341769695282,183.78916931152344,58.616600036621094,0.9833595752716064,234.7342071533203,94.10899353027344,0.9861430525779724,159.22830200195312,84.5650634765625,0.955522358417511,193.44326782226562,93.21678924560547,0.9831435084342957,143.2075653076172,55.574440002441406,0.9528498649597168,218.1446533203125,148.56631469726562,0.9878012537956238,193.19764709472656,149.25035095214844,0.9821149110794067,0.0,0.0,0.47950997948646545,0.0,0.0,0.416422039270401,0.0,0.0,0.011969305574893951,0.0,0.0,0.012425984255969524
1303,True,177.31155395507812,25.56854248046875,0.9836344718933105,182.40151977539062,19.617759704589844,0.9816735982894897,177.19720458984375,21.35076904296875,0.6764693260192871,201.7153778076172,22.77544403076172,0.9645253419876099,0.0,0.0,0.04617805406451225,220.9884490966797,53.726348876953125,0.9924502372741699,184.7051239013672,60.00897216796875,0.9935232400894165,236.58131408691406,90.25157928466797,0.9893966317176819,156.2435302734375,85.4968490600586,0.9851978421211243,200.57284545898438,93.39276885986328,0.9907638430595398,140.30447387695312,56.90654373168945,0.9850018620491028,217.59579467773438,144.92074584960938,0.9951784610748291,193.49021911621094,147.06964111328125,0.994654655456543,220.25543212890625,205.95953369140625,0.6035716533660889,189.72927856445312,212.25341796875,0.6081632375717163,0.0,0.0,0.013827124610543251,0.0,0.0,0.017575226724147797
1304,True,179.2916717529297,26.71466064453125,0.9885348677635193,184.83157348632812,20.626953125,0.9852370619773865,178.5022430419922,22.174545288085938,0.7866417765617371,203.34158325195312,22.602310180664062,0.9638333320617676,0.0,0.0,0.07449709624052048,221.8057861328125,52.681549072265625,0.9933785200119019,184.6400146484375,58.664371490478516,0.9957263469696045,238.2413787841797,89.36554718017578,0.9888757467269897,156.91635131835938,84.28977966308594,0.989482045173645,202.83218383789062,93.16297912597656,0.9904294013977051,135.62216186523438,56.94544219970703,0.9882996082305908,218.10910034179688,143.34835815429688,0.9949211478233337,193.68661499023438,145.11248779296875,0.9951024055480957,219.99581909179688,203.61154174804688,0.5909575819969177,190.22337341308594,208.91159057617188,0.6261569857597351,0.0,0.0,0.013500968925654888,0.0,0.0,0.01861400343477726
1305,True,181.2164306640625,26.00322723388672,0.994461715221405,187.6913299560547,19.77149200439453,0.9932623505592346,179.78378295898438,21.474700927734375,0.8894591927528381,206.45115661621094,22.56432342529297,0.9780284762382507,0.0,0.0,0.10559791326522827,222.9876251220703,53.07730484008789,0.9947079420089722,184.2616729736328,59.076133728027344,0.9969890713691711,239.75332641601562,89.68060302734375,0.9884306192398071,155.13519287109375,83.25143432617188,0.9899313449859619,203.94859313964844,92.84715270996094,0.9899224638938904,131.48924255371094,56.529197692871094,0.9881183505058289,220.2845001220703,143.8334503173828,0.9938632249832153,194.932373046875,145.9186248779297,0.994384765625,220.62347412109375,202.20977783203125,0.5260395407676697,191.33847045898438,208.82980346679688,0.5699653625488281,0.0,0.0,0.010576454922556877,0.0,0.0,0.014937343075871468
1306,True,183.7952880859375,24.6920166015625,0.9955586194992065,190.6764373779297,18.698211669921875,0.9937176704406738,181.98756408691406,20.200164794921875,0.9248909950256348,208.04119873046875,22.519699096679688,0.9763177633285522,0.0,0.0,0.15970541536808014,224.1807098388672,53.39955520629883,0.9955409169197083,184.03208923339844,58.29886245727539,0.9979555606842041,239.99891662597656,89.58261108398438,0.9890346527099609,155.06809997558594,81.57810974121094,0.9929856657981873,207.39105224609375,93.15476989746094,0.9895648956298828,126.87311553955078,57.17860794067383,0.9903196096420288,221.71055603027344,143.750244140625,0.9952580332756042,194.91444396972656,145.0404815673828,0.9960662722587585,222.73312377929688,204.19223022460938,0.5646435022354126,190.31195068359375,208.45025634765625,0.6272220611572266,0.0,0.0,0.011990442872047424,0.0,0.0,0.017887935042381287
1307,True,186.6183319091797,24.556411743164062,0.9965329170227051,193.21035766601562,18.6204833984375,0.9949104189872742,184.13816833496094,20.212242126464844,0.9497549533843994,208.84988403320312,22.208251953125,0.9773122072219849,0.0,0.0,0.2345392256975174,225.42550659179688,53.156982421875,0.9966245889663696,184.33084106445312,57.41179656982422,0.9982603192329407,241.46392822265625,88.67512512207031,0.9895914196968079,156.421630859375,79.2168197631836,0.9923884272575378,209.28591918945312,92.8624038696289,0.98847895860672,125.34425354003906,58.01460266113281,0.9884564876556396,222.69528198242188,142.75994873046875,0.9961550831794739,195.42384338378906,143.6180419921875,0.9966212511062622,223.9674530029297,203.8026123046875,0.6571391820907593,192.23484802246094,206.74754333496094,0.6998079419136047,0.0,0.0,0.019731372594833374,0.0,0.0,0.027891172096133232
1308,True,188.7167205810547,23.52863311767578,0.9970176219940186,195.77520751953125,17.57886505126953,0.9954914450645447,185.55555725097656,18.877723693847656,0.9614651203155518,210.82908630371094,21.721900939941406,0.976791262626648,0.0,0.0,0.29015612602233887,226.85153198242188,53.32917022705078,0.9968980550765991,183.1766357421875,56.340553283691406,0.9983375072479248,244.3912353515625,89.2105484008789,0.9893993735313416,156.32508850097656,77.429443359375,0.991782546043396,211.73849487304688,92.43248748779297,0.9876819252967834,124.41720581054688,57.788124084472656,0.9872753620147705,225.22068786621094,143.77023315429688,0.9962206482887268,196.37307739257812,144.32203674316406,0.9965898990631104,226.15415954589844,206.3564910888672,0.6524835824966431,194.41236877441406,209.05764770507812,0.689763605594635,0.0,0.0,0.019324617460370064,0.0,0.0,0.026701493188738823
1309,True,192.22633361816406,22.522842407226562,0.9971241354942322,199.33648681640625,16.44628143310547,0.9946027398109436,188.4646453857422,17.81501007080078,0.9687904119491577,213.4912109375,20.529579162597656,0.9677600264549255,0.0,0.0,0.3818120062351227,229.02801513671875,53.085716247558594,0.9971908926963806,183.99827575683594,55.38166427612305,0.9987579584121704,247.43728637695312,88.85810852050781,0.9897933006286621,156.9845428466797,74.6876220703125,0.9939056038856506,216.48202514648438,92.05194854736328,0.9881350994110107,121.46678924560547,57.04848861694336,0.9900638461112976,227.40524291992188,144.2444305419922,0.9967688322067261,198.1059112548828,144.75038146972656,0.9973015785217285,227.69143676757812,206.43804931640625,0.6859707832336426,197.7276153564453,209.6726837158203,0.7364131808280945,0.0,0.0,0.02188989706337452,0.0,0.0,0.03133595734834671
1310,True,195.7786865234375,21.108177185058594,0.9971966743469238,202.52870178222656,14.848731994628906,0.9944820404052734,191.45806884765625,16.48627471923828,0.9727950096130371,215.82330322265625,18.834213256835938,0.9639840126037598,0.0,0.0,0.43956974148750305,231.94847106933594,52.41978073120117,0.9972273707389832,185.01023864746094,54.34846878051758,0.9987779259681702,250.43844604492188,88.94735717773438,0.9894511103630066,156.75608825683594,72.84568786621094,0.9937385320663452,219.3275146484375,92.67013549804688,0.9873905181884766,122.14678955078125,57.239295959472656,0.9895254373550415,229.08978271484375,145.39202880859375,0.9967350363731384,198.5755615234375,145.79949951171875,0.9972546696662903,228.17149353027344,208.56846618652344,0.6719383001327515,197.16217041015625,212.03500366210938,0.7208800911903381,0.0,0.0,0.020314913243055344,0.0,0.0,0.028565725311636925
1311,True,199.03651428222656,20.14251708984375,0.9974272847175598,206.41957092285156,13.740715026855469,0.9947085380554199,194.30995178222656,15.115943908691406,0.9769187569618225,220.0251007080078,17.888916015625,0.9590195417404175,0.0,0.0,0.47500911355018616,235.35487365722656,52.358970642089844,0.9969925880432129,186.13369750976562,52.85063934326172,0.9986822009086609,252.9789276123047,89.77904510498047,0.9885005950927734,157.71148681640625,71.17335510253906,0.9932776093482971,224.22349548339844,92.92977905273438,0.9863280653953552,120.76663208007812,55.999935150146484,0.9889035820960999,232.30905151367188,147.54649353027344,0.9961987137794495,200.03677368164062,147.417724609375,0.9968022108078003,232.321044921875,211.40756225585938,0.6091824173927307,198.62979125976562,213.9893798828125,0.663642168045044,0.0,0.0,0.01543436013162136,0.0,0.0,0.021735692396759987
1312,True,202.68467712402344,18.727249145507812,0.9974809288978577,209.94712829589844,11.901596069335938,0.9936896562576294,197.46475219726562,13.032669067382812,0.9804871678352356,222.601318359375,15.384902954101562,0.9430888891220093,193.00030517578125,17.01190948486328,0.5674722790718079,238.0887908935547,51.888275146484375,0.9972723126411438,187.17117309570312,51.27660369873047,0.9989665746688843,255.02081298828125,90.20225524902344,0.9885956645011902,158.71612548828125,69.53683471679688,0.9947177767753601,228.99134826660156,92.5382080078125,0.9861711859703064,119.7889404296875,53.977787017822266,0.9908422231674194,235.25759887695312,147.9043426513672,0.996543824672699,202.08856201171875,147.3797149658203,0.9972757697105408,235.82437133789062,212.04086303710938,0.6252780556678772,200.85935974121094,213.67526245117188,0.6938677430152893,0.0,0.0,0.016317855566740036,0.0,0.0,0.023868080228567123
1313,True,205.6590576171875,17.436767578125,0.9970605969429016,212.80215454101562,9.958412170410156,0.9928764700889587,199.7056121826172,11.096420288085938,0.9801921844482422,225.7034912109375,12.530426025390625,0.9302926659584045,194.5239715576172,14.437545776367188,0.5845093131065369,242.59323120117188,51.6237907409668,0.9964591860771179,188.53724670410156,50.328651428222656,0.9978793859481812,260.814208984375,89.00579833984375,0.9852420687675476,159.1758575439453,66.124267578125,0.9893293976783752,233.98916625976562,91.92324829101562,0.9820201992988586,123.55891418457031,54.54216766357422,0.9834344387054443,239.72628784179688,148.958251953125,0.9911969900131226,205.05429077148438,148.44976806640625,0.9918341636657715,0.0,0.0,0.43854472041130066,0.0,0.0,0.46954113245010376,0.0,0.0,0.00866005104035139,0.0,0.0,0.011036312207579613
1314,True,209.40939331054688,15.95904541015625,0.9975922107696533,217.1877899169922,8.616256713867188,0.9933004379272461,203.25628662109375,9.393814086914062,0.984995424747467,230.2375030517578,11.494613647460938,0.9309874176979065,196.9320068359375,12.712181091308594,0.6347278952598572,246.2825469970703,49.462032318115234,0.9967684745788574,189.6458740234375,49.628665924072266,0.9989818930625916,268.0530700683594,89.15667724609375,0.9867534041404724,159.23190307617188,70.8916244506836,0.9957534074783325,240.00437927246094,91.42744445800781,0.9860205054283142,127.52255249023438,51.638580322265625,0.9928138852119446,240.5865936279297,149.65460205078125,0.9956692457199097,203.66595458984375,149.2298126220703,0.9969307780265808,242.26455688476562,214.3502655029297,0.506655752658844,198.7364959716797,215.5863037109375,0.6048179864883423,0.0,0.0,0.009141180664300919,0.0,0.0,0.014065822586417198
1315,True,212.1803741455078,14.810081481933594,0.9970207810401917,219.75607299804688,7.127189636230469,0.9920434355735779,206.24049377441406,8.289497375488281,0.9801204800605774,233.26693725585938,8.656303405761719,0.9298580288887024,200.91500854492188,10.842056274414062,0.5735980868339539,251.30447387695312,45.91370391845703,0.9966667294502258,194.29014587402344,48.46240997314453,0.9989526271820068,271.8483581542969,89.0993423461914,0.986955463886261,167.3802490234375,77.1912612915039,0.9959271550178528,244.07363891601562,89.59178161621094,0.9855796098709106,136.34671020507812,52.66211700439453,0.9927109479904175,243.9586181640625,151.19363403320312,0.9963567852973938,206.30206298828125,151.17767333984375,0.9974285960197449,247.11228942871094,219.78912353515625,0.5307884812355042,202.2115020751953,220.50350952148438,0.6370495557785034,0.0,0.0,0.009318971075117588,0.0,0.0,0.01489965058863163
1316,True,215.69874572753906,12.666801452636719,0.996681272983551,223.31593322753906,5.028480529785156,0.9905198812484741,209.33612060546875,6.0275115966796875,0.9810357093811035,236.38223266601562,6.6719818115234375,0.9085640907287598,202.82102966308594,8.688682556152344,0.607507050037384,254.76416015625,43.83051300048828,0.9955149292945862,195.6455841064453,47.18034362792969,0.9988216757774353,276.4552001953125,89.12767791748047,0.9828338623046875,171.98385620117188,81.88372039794922,0.9959946870803833,250.34300231933594,89.52742004394531,0.9816182255744934,147.59283447265625,55.113616943359375,0.9925187826156616,245.30862426757812,154.38406372070312,0.9953442215919495,205.36587524414062,154.1511993408203,0.9969912767410278,0.0,0.0,0.4152615964412689,198.4891815185547,223.5848846435547,0.5496439933776855,0.0,0.0,0.005934848915785551,0.0,0.0,0.010126051492989063
1317,True,217.47549438476562,10.202667236328125,0.9847752451896667,225.05238342285156,2.7372894287109375,0.946147084236145,211.0292205810547,3.51239013671875,0.9276419878005981,237.91690063476562,4.683036804199219,0.7252915501594543,0.0,0.0,0.4999842643737793,257.18798828125,41.543548583984375,0.9924771189689636,197.0286407470703,46.13456726074219,0.9961071610450745,277.5497741699219,87.65731048583984,0.9824152588844299,181.5800323486328,85.32267761230469,0.9919427633285522,253.2546844482422,90.35693359375,0.9784027338027954,156.882080078125,62.67987823486328,0.9864463806152344,250.0813446044922,150.88406372070312,0.989189624786377,210.0413360595703,151.59327697753906,0.9907013177871704,0.0,0.0,0.25068092346191406,0.0,0.0,0.3028394877910614,0.0,0.0,0.00296222441829741,0.0,0.0,0.00398947112262249
1318,True,219.1605224609375,8.093238830566406,0.9689322113990784,226.5125732421875,0.76239013671875,0.8875541687011719,212.5087890625,1.8806228637695312,0.8627297878265381,239.2628173828125,1.8681640625,0.5903640389442444,0.0,0.0,0.4306192100048065,260.05755615234375,37.851104736328125,0.9895155429840088,197.03456115722656,42.83338165283203,0.9950880408287048,278.7388916015625,86.90469360351562,0.9799925684928894,183.43490600585938,88.10802459716797,0.9915558099746704,256.4743957519531,90.44088745117188,0.974806547164917,162.18035888671875,68.6342544555664,0.9856085777282715,251.29104614257812,152.37887573242188,0.9916986227035522,209.18577575683594,153.0088348388672,0.9929350018501282,0.0,0.0,0.3073864281177521,0.0,0.0,0.3796621561050415,0.0,0.0,0.00365044130012393,0.0,0.0,0.005121274851262569
1319,True,219.61155700683594,6.6058807373046875,0.9409376978874207,227.13864135742188,0.0,0.778139054775238,213.02935791015625,0.7246475219726562,0.7602412700653076,0.0,0.0,0.4585879445075989,0.0,0.0,0.35723376274108887,261.2905578613281,36.410301208496094,0.9878252148628235,197.44677734375,41.63140869140625,0.9943245053291321,279.88067626953125,86.53800201416016,0.9832768440246582,185.0668182373047,88.2805404663086,0.9930765628814697,257.21856689453125,90.89412689208984,0.9800763726234436,162.85501098632812,68.95291137695312,0.988810122013092,250.85848999023438,151.47039794921875,0.9931935667991638,208.36978149414062,152.08938598632812,0.9941065311431885,0.0,0.0,0.34580594301223755,0.0,0.0,0.41986730694770813,0.0,0.0,0.003956356085836887,0.0,0.0,0.0054595279507339
1320,True,220.73904418945312,5.493255615234375,0.8995810747146606,228.1278533935547,0.0,0.6789159178733826,213.8614501953125,0.0,0.6581646203994751,0.0,0.0,0.4017270803451538,0.0,0.0,0.3367713391780853,263.7266845703125,36.08851623535156,0.9855459332466125,195.09864807128906,40.36766052246094,0.9908477067947388,281.7338562011719,88.12217712402344,0.9780396819114685,186.97235107421875,91.22261047363281,0.9867820739746094,259.114013671875,92.46871948242188,0.9694324731826782,172.88221740722656,82.1800308227539,0.9782862663269043,254.16197204589844,151.3973846435547,0.9895941019058228,208.96519470214844,152.02850341796875,0.9897137880325317,0.0,0.0,0.26215481758117676,0.0,0.0,0.30028608441352844,0.0,0.0,0.0031509390100836754,0.0,0.0,0.0039355140179395676
1321,True,220.43994140625,4.1199188232421875,0.8095592856407166,227.37840270996094,0.0,0.545920193195343,0.0,0.0,0.4565242826938629,0.0,0.0,0.38548222184181213,0.0,0.0,0.19041885435581207,264.8707580566406,36.42658233642578,0.9836623072624207,194.3924560546875,40.01380920410156,0.9786132574081421,284.62176513671875,87.36446380615234,0.9833570718765259,182.79087829589844,88.93119049072266,0.9780168533325195,259.7467041015625,93.4311294555664,0.9770237803459167,178.79949951171875,90.92643737792969,0.9709706902503967,257.1726989746094,156.663818359375,0.9921024441719055,210.2798309326172,157.56202697753906,0.9895424842834473,0.0,0.0,0.3233064115047455,0.0,0.0,0.2929128110408783,0.0,0.0,0.00445634126663208,0.0,0.0,0.0044284388422966
1322,True,221.86407470703125,2.978179931640625,0.5419232249259949,0.0,0.0,0.22249218821525574,0.0,0.0,0.2061794251203537,0.0,0.0,0.19944171607494354,0.0,0.0,0.12934550642967224,265.6711120605469,36.37185287475586,0.972682535648346,190.92776489257812,39.501502990722656,0.9680526256561279,286.1070861816406,87.79719543457031,0.9828774929046631,179.6050262451172,90.73831176757812,0.9799804091453552,262.7503356933594,93.89956665039062,0.9786786437034607,183.40231323242188,100.44341278076172,0.9758111238479614,259.34307861328125,158.8096923828125,0.9931460618972778,209.44488525390625,160.05709838867188,0.990936815738678,0.0,0.0,0.24169853329658508,0.0,0.0,0.21931324899196625,0.0,0.0,0.0026762241031974554,0.0,0.0,0.002657354110851884
1323,True,0.0,0.0,0.3462553024291992,0.0,0.0,0.08841749280691147,0.0,0.0,0.11610573530197144,0.0,0.0,0.09289534389972687,0.0,0.0,0.11283063143491745,264.259033203125,34.65696716308594,0.9587458372116089,189.80087280273438,40.54998779296875,0.9621753096580505,288.21142578125,86.08053588867188,0.9842128157615662,179.95933532714844,93.84054565429688,0.9877034425735474,261.3825378417969,94.4493179321289,0.9823291897773743,186.0265655517578,103.78267669677734,0.985816240310669,261.7821350097656,160.5521697998047,0.9944162368774414,211.4945068359375,162.78970336914062,0.993438184261322,0.0,0.0,0.2657864987850189,0.0,0.0,0.2684057056903839,0.0,0.0,0.0025330695789307356,0.0,0.0,0.0027606217190623283
1324,True,0.0,0.0,0.13229595124721527,0.0,0.0,0.028221769258379936,0.0,0.0,0.03190196305513382,0.0,0.0,0.061876337975263596,0.0,0.0,0.050344593822956085,262.2943420410156,30.71454620361328,0.9431864619255066,186.4604034423828,39.24259567260742,0.9452778100967407,290.10870361328125,83.68836975097656,0.9839591383934021,179.22157287597656,96.9954605102539,0.9865846633911133,264.7322692871094,94.22554779052734,0.9809039235115051,187.5967254638672,109.74286651611328,0.9836093187332153,261.4545593261719,156.39376831054688,0.9948230981826782,210.5347900390625,159.54605102539062,0.9937217831611633,0.0,0.0,0.2374163717031479,0.0,0.0,0.23748379945755005,0.0,0.0,0.002168845385313034,0.0,0.0,0.0023684720508754253
1325,True,0.0,0.0,0.14003346860408783,0.0,0.0,0.03295328840613365,0.0,0.0,0.03243835270404816,0.0,0.0,0.0702446699142456,0.0,0.0,0.04433637484908104,263.3605041503906,28.498611450195312,0.9323164820671082,184.47134399414062,38.139892578125,0.9314681887626648,291.4169006347656,81.37646484375,0.9790815114974976,176.787353515625,97.57038116455078,0.9826651811599731,267.0137939453125,92.03001403808594,0.975324809551239,189.05032348632812,113.7589111328125,0.9790249466896057,262.45233154296875,159.19223022460938,0.9905401468276978,209.8582000732422,162.84579467773438,0.9889050722122192,0.0,0.0,0.14904585480690002,0.0,0.0,0.15510058403015137,0.0,0.0,0.0012289691949263215,0.0,0.0,0.0013949130661785603
1326,True,0.0,0.0,0.15432092547416687,0.0,0.0,0.03693421185016632,0.0,0.0,0.03660902753472328,0.0,0.0,0.07534459233283997,0.0,0.0,0.047976262867450714,263.3316650390625,28.482803344726562,0.9361374378204346,184.52761840820312,38.20061492919922,0.9360745549201965,291.51812744140625,81.13621520996094,0.9792378544807434,176.83570861816406,97.5093994140625,0.983117938041687,266.8908996582031,91.9368667602539,0.975324809551239,189.122314453125,113.67759704589844,0.9792518019676208,262.19793701171875,158.5555419921875,0.9909379482269287,209.68116760253906,162.19985961914062,0.9894492626190186,0.0,0.0,0.15858206152915955,0.0,0.0,0.1658715009689331,0.0,0.0,0.0013173868646845222,0.0,0.0,0.0015021060826256871
1327,True,0.0,0.0,0.048185255378484726,0.0,0.0,0.009090451523661613,0.0,0.0,0.010366367176175117,0.0,0.0,0.029666362330317497,0.0,0.0,0.022750334814190865,265.60577392578125,17.654159545898438,0.8613094687461853,183.03561401367188,30.8916015625,0.8885633945465088,295.55828857421875,73.35218048095703,0.9753797054290771,177.31520080566406,94.47087097167969,0.984492301940918,260.667236328125,94.63003540039062,0.9754669666290283,186.040283203125,107.28334045410156,0.9838586449623108,269.55804443359375,154.82662963867188,0.9880716800689697,214.56410217285156,159.82266235351562,0.9873691201210022,0.0,0.0,0.09701506048440933,0.0,0.0,0.11138658970594406,0.0,0.0,0.0006597985629923642,0.0,0.0,0.0008145870524458587
1328,True,0.0,0.0,0.02542499266564846,0.0,0.0,0.004407537169754505,0.0,0.0,0.005017872899770737,0.0,0.0,0.018221594393253326,0.0,0.0,0.01336815394461155,267.7052917480469,13.600112915039062,0.7956920266151428,184.6123809814453,26.032608032226562,0.8629328012466431,298.25958251953125,70.767333984375,0.9738292694091797,178.84536743164062,91.04410552978516,0.9872837066650391,260.95147705078125,91.77162170410156,0.9785498976707458,184.60743713378906,105.48548126220703,0.9883425831794739,273.30694580078125,151.64358520507812,0.9882334470748901,218.22154235839844,156.58822631835938,0.9887468218803406,0.0,0.0,0.10358031094074249,0.0,0.0,0.13126924633979797,0.0,0.0,0.0006891798693686724,0.0,0.0,0.0009236380574293435
1329,True,0.0,0.0,0.02882671356201172,0.0,0.0,0.005220712628215551,0.0,0.0,0.005533445626497269,0.0,0.0,0.020870141685009003,0.0,0.0,0.013494784012436867,267.85357666015625,13.682449340820312,0.804738461971283,184.91793823242188,25.83838653564453,0.868223249912262,298.0971374511719,71.04503631591797,0.974683403968811,178.63937377929688,90.62176513671875,0.9873985052108765,260.8308410644531,91.68475341796875,0.9795732498168945,184.6366424560547,105.35270690917969,0.9885884523391724,273.1861572265625,150.25634765625,0.988235592842102,218.17628479003906,155.06582641601562,0.988705575466156,0.0,0.0,0.10646253079175949,0.0,0.0,0.1338038444519043,0.0,0.0,0.0007172418991103768,0.0,0.0,0.0009575301664881408
1330,True,0.0,0.0,0.026899633929133415,0.0,0.0,0.0050152260810136795,0.0,0.0,0.0049763754941523075,0.0,0.0,0.020330937579274178,0.0,0.0,0.01151957269757986,270.06170654296875,10.258560180664062,0.7689215540885925,186.8703155517578,23.69066619873047,0.843867301940918,302.3202209472656,68.87741088867188,0.9722592234611511,180.82418823242188,88.32475280761719,0.9852414727210999,256.9854736328125,94.2905502319336,0.9793009757995605,186.91842651367188,106.04638671875,0.9878724813461304,277.30218505859375,149.80381774902344,0.9858002662658691,222.09848022460938,155.0078125,0.986247181892395,0.0,0.0,0.0881575345993042,0.0,0.0,0.10994256287813187,0.0,0.0,0.0005798656493425369,0.0,0.0,0.0007742407033219934
1331,True,0.0,0.0,0.008021697402000427,0.0,0.0,0.0015877783298492432,0.0,0.0,0.0013893750729039311,0.0,0.0,0.007950511761009693,0.0,0.0,0.0054470086470246315,271.72601318359375,7.4109954833984375,0.5830337405204773,189.91168212890625,22.549484252929688,0.5702010989189148,301.528564453125,65.49922180175781,0.9514581561088562,188.51846313476562,88.5652847290039,0.9427945613861084,258.0746154785156,98.24491882324219,0.9589601159095764,188.011474609375,105.9150390625,0.9595568180084229,279.5721130371094,146.8660430908203,0.9805733561515808,225.46730041503906,152.20797729492188,0.9746957421302795,0.0,0.0,0.12850934267044067,0.0,0.0,0.12324739247560501,0.0,0.0,0.0012937228893861175,0.0,0.0,0.0014026779681444168
1332,True,0.0,0.0,0.0010587727883830667,0.0,0.0,0.00027185739600099623,0.0,0.0,0.00018787820590659976,0.0,0.0,0.0026737067382782698,0.0,0.0,0.000836769409943372,0.0,0.0,0.146123468875885,0.0,0.0,0.12659819424152374,306.81353759765625,65.45911407470703,0.897251307964325,193.87808227539062,87.07154846191406,0.8577929139137268,248.69302368164062,101.46749114990234,0.9451075196266174,192.11158752441406,108.85430145263672,0.9307986497879028,276.7407531738281,155.44268798828125,0.9697868824005127,221.56982421875,158.40341186523438,0.9572471976280212,0.0,0.0,0.06861984729766846,0.0,0.0,0.058468256145715714,0.0,0.0,0.0006725489511154592,0.0,0.0,0.0006717562209814787
1333,True,0.0,0.0,0.001419259118847549,0.0,0.0,0.0003103541675955057,0.0,0.0,0.0003863471210934222,0.0,0.0,0.001278465730138123,0.0,0.0,0.0010318225249648094,0.0,0.0,0.015139007940888405,0.0,0.0,0.10765720158815384,0.0,0.0,0.23624376952648163,207.27008056640625,87.80499267578125,0.7163956165313721,241.04135131835938,106.44255828857422,0.5265976786613464,199.24290466308594,102.11676025390625,0.8317344784736633,0.0,0.0,0.42818683385849,238.27410888671875,183.0201873779297,0.608896017074585,0.0,0.0,0.0029329597018659115,0.0,0.0,0.006235991604626179,0.0,0.0,0.00011049152817577124,0.0,0.0,0.00020894782210234553
1334,True,0.0,0.0,0.007189736235886812,0.0,0.0,0.0016951599391177297,0.0,0.0,0.0011124297743663192,0.0,0.0,0.003467246890068054,0.0,0.0,0.0015310700982809067,0.0,0.0,0.08008823543787003,0.0,0.0,0.14897006750106812,317.8223571777344,85.46112060546875,0.5875891447067261,227.93162536621094,88.36741638183594,0.6462256908416748,231.6262969970703,110.43843078613281,0.7858760356903076,201.67813110351562,105.97400665283203,0.8032727837562561,0.0,0.0,0.43423566222190857,0.0,0.0,0.45831698179244995,0.0,0.0,0.003392875660210848,0.0,0.0,0.003938120324164629,0.0,0.0,0.0001082777016563341,0.0,0.0,0.0001364963100058958
1335,True,0.0,0.0,0.0077301631681621075,0.0,0.0,0.0019584442488849163,0.0,0.0,0.0010335013503208756,0.0,0.0,0.0032689732033759356,0.0,0.0,0.000990870757959783,0.0,0.0,0.07987724244594574,0.0,0.0,0.0751771628856659,319.3485107421875,78.66648864746094,0.7092782258987427,256.845947265625,80.22914123535156,0.5542325377464294,224.03738403320312,112.98953247070312,0.8757466077804565,226.2476348876953,99.36981201171875,0.7982121706008911,295.7673034667969,175.7373504638672,0.5780824422836304,251.80474853515625,174.22491455078125,0.5121604800224304,0.0,0.0,0.011800102889537811,0.0,0.0,0.01014365628361702,0.0,0.0,0.00041538526420481503,0.0,0.0,0.00042274975567124784
1336,True,0.0,0.0,0.00242741615511477,0.0,0.0,0.00042334565659984946,0.0,0.0,0.0003219959617126733,0.0,0.0,0.00076597451698035,0.0,0.0,0.0005148994387127459,0.0,0.0,0.03595660254359245,0.0,0.0,0.04081501439213753,320.0,77.46858215332031,0.6991226673126221,259.05755615234375,82.12862396240234,0.6437702178955078,225.35153198242188,120.17510986328125,0.8998024463653564,206.47576904296875,105.34735107421875,0.8777337670326233,0.0,0.0,0.2782261073589325,0.0,0.0,0.255094438791275,0.0,0.0,0.002929789014160633,0.0,0.0,0.0029665569309145212,0.0,0.0,0.00011484177230158821,0.0,0.0,0.00012816183152608573
1337,True,0.0,0.0,0.004294414073228836,0.0,0.0,0.000943566148635,0.0,0.0,0.00035107697476632893,0.0,0.0,0.0010939216008409858,0.0,0.0,0.00023993106151465327,0.0,0.0,0.02085239440202713,0.0,0.0,0.02286382205784321,320.0,78.29156494140625,0.5839038491249084,283.154052734375,69.23081970214844,0.5210469961166382,224.6218719482422,115.61500549316406,0.9180185198783875,225.86111450195312,98.74498748779297,0.8864372968673706,0.0,0.0,0.1830696016550064,0.0,0.0,0.17718563973903656,0.0,0.0,0.004790831822901964,0.0,0.0,0.004941835999488831,0.0,0.0,0.00024309814034495503,0.0,0.0,0.00028687212034128606
1338,True,0.0,0.0,0.008798515424132347,0.0,0.0,0.0013803382171317935,0.0,0.0,0.0012612706050276756,0.0,0.0,0.0010651230113580823,0.0,0.0,0.0011977888643741608,0.0,0.0,0.019783105701208115,0.0,0.0,0.08344671875238419,0.0,0.0,0.28612133860588074,272.6422119140625,79.04972839355469,0.6685784459114075,215.59469604492188,112.77230834960938,0.723010778427124,212.495361328125,105.86138153076172,0.8843389749526978,0.0,0.0,0.08115433901548386,0.0,0.0,0.1510094851255417,0.0,0.0,0.0023890328593552113,0.0,0.0,0.0047499448992311954,0.0,0.0,0.00021657480101566762,0.0,0.0,0.0003938086738344282
1339,True,0.0,0.0,0.00547274062409997,0.0,0.0,0.0008558761910535395,0.0,0.0,0.0007254069205373526,0.0,0.0,0.0008392855525016785,0.0,0.0,0.0011241971515119076,0.0,0.0,0.014866323210299015,0.0,0.0,0.04734369367361069,0.0,0.0,0.22724932432174683,0.0,0.0,0.49744462966918945,213.5604248046875,104.94776153564453,0.6962158679962158,213.72119140625,98.47079467773438,0.8307942748069763,0.0,0.0,0.04251474142074585,0.0,0.0,0.07358638942241669,0.0,0.0,0.002511336700990796,0.0,0.0,0.004482469987124205,0.0,0.0,0.0003358335525263101,0.0,0.0,0.0005527570610865951
1340,True,0.0,0.0,0.00560784200206399,0.0,0.0,0.0008814226021058857,0.0,0.0,0.0007852269918657839,0.0,0.0,0.0012447318295016885,0.0,0.0,0.0018169597024098039,0.0,0.0,0.01566223055124283,0.0,0.0,0.08478770405054092,0.0,0.0,0.16568265855312347,272.9029235839844,85.7012710571289,0.5148361325263977,0.0,0.0,0.3745577931404114,205.8187713623047,86.04208374023438,0.6941105127334595,0.0,0.0,0.10451677441596985,0.0,0.0,0.20258328318595886,0.0,0.0,0.002912383060902357,0.0,0.0,0.0062381611205637455,0.0,0.0,0.0002254513674415648,0.0,0.0,0.0004368446534499526
1341,True,0.0,0.0,0.007926260121166706,0.0,0.0,0.001563682802952826,0.0,0.0,0.0006433838279917836,0.0,0.0,0.001517023891210556,0.0,0.0,0.0005352369043976068,0.0,0.0,0.011636869981884956,0.0,0.0,0.0379117950797081,0.0,0.0,0.18748246133327484,0.0,0.0,0.4115324020385742,220.2757110595703,68.81387329101562,0.6442387700080872,215.19775390625,68.5276870727539,0.7819074392318726,0.0,0.0,0.08811736851930618,0.0,0.0,0.14994513988494873,0.0,0.0,0.003134265309199691,0.0,0.0,0.006069600582122803,0.0,0.0,0.0001911788567667827,0.0,0.0,0.0003497473953757435
1342,True,0.0,0.0,0.007670780178159475,0.0,0.0,0.0016951856669038534,0.0,0.0,0.0005730603588744998,0.0,0.0,0.001790858106687665,0.0,0.0,0.00038295926060527563,0.0,0.0,0.014547469094395638,0.0,0.0,0.041868556290864944,0.0,0.0,0.24149535596370697,292.4376525878906,66.24567413330078,0.5081254839897156,227.31442260742188,54.886940002441406,0.650397002696991,220.7757568359375,54.3292121887207,0.8064991235733032,0.0,0.0,0.18642982840538025,0.0,0.0,0.2894172966480255,0.0,0.0,0.004166750703006983,0.0,0.0,0.008666389621794224,0.0,0.0,0.00015696050832048059,0.0,0.0,0.00031655188649892807
1343,True,0.0,0.0,0.013193822465837002,0.0,0.0,0.0032485718838870525,0.0,0.0,0.0008769332780502737,0.0,0.0,0.00404689135029912,0.0,0.0,0.0007005007937550545,0.0,0.0,0.04822268709540367,0.0,0.0,0.05602744221687317,312.8807067871094,70.10493469238281,0.5192663073539734,0.0,0.0,0.49095606803894043,215.51329040527344,47.17531204223633,0.834503173828125,241.07373046875,87.39584350585938,0.8177402019500732,0.0,0.0,0.2741565704345703,0.0,0.0,0.29337337613105774,0.0,0.0,0.005008850712329149,0.0,0.0,0.006661670282483101,0.0,0.0,0.00017437315545976162,0.0,0.0,0.00025602401001378894
1344,True,0.0,0.0,0.01698041334748268,0.0,0.0,0.003737448714673519,0.0,0.0,0.0014086980372667313,0.0,0.0,0.0030455696396529675,0.0,0.0,0.0009480869048275054,0.0,0.0,0.035586319863796234,0.0,0.0,0.06216686591506004,0.0,0.0,0.39476916193962097,304.6012878417969,72.941162109375,0.5373343825340271,220.83619689941406,52.477420806884766,0.7756487727165222,253.5350341796875,88.50352478027344,0.8296586275100708,0.0,0.0,0.17476485669612885,0.0,0.0,0.22507669031620026,0.0,0.0,0.003144325688481331,0.0,0.0,0.005115976557135582,0.0,0.0,0.0001572124456288293,0.0,0.0,0.0002620895975269377
1345,True,0.0,0.0,0.011851060204207897,0.0,0.0,0.00245215417817235,0.0,0.0,0.0010225304868072271,0.0,0.0,0.002707459731027484,0.0,0.0,0.0008576419786550105,0.0,0.0,0.03416599705815315,0.0,0.0,0.06786458939313889,0.0,0.0,0.36919525265693665,302.28558349609375,63.61577224731445,0.5569260716438293,247.91619873046875,61.61701965332031,0.7372978925704956,238.3514862060547,76.56131744384766,0.8224160075187683,0.0,0.0,0.2856445610523224,0.0,0.0,0.36646538972854614,0.0,0.0,0.006226636935025454,0.0,0.0,0.010814969427883625,0.0,0.0,0.0002336743928026408,0.0,0.0,0.000408529449487105
1346,True,0.0,0.0,0.007870512083172798,0.0,0.0,0.0010014295112341642,0.0,0.0,0.0011900800745934248,0.0,0.0,0.0010689939372241497,0.0,0.0,0.0018730128649622202,0.0,0.0,0.02286890335381031,0.0,0.0,0.1339452713727951,0.0,0.0,0.2057870477437973,294.8450927734375,71.68692016601562,0.779099702835083,288.66461181640625,65.65242004394531,0.5705344676971436,242.4827117919922,86.58255004882812,0.9005697965621948,0.0,0.0,0.26527124643325806,0.0,0.0,0.48646458983421326,0.0,0.0,0.005815604235976934,0.0,0.0,0.01883629336953163,0.0,0.0,0.0002627648937050253,0.0,0.0,0.0006779868854209781
1347,True,0.0,0.0,0.010077976621687412,0.0,0.0,0.0017841060180217028,0.0,0.0,0.0011205363553017378,0.0,0.0,0.008141733705997467,0.0,0.0,0.003077537054196,0.0,0.0,0.07991818338632584,0.0,0.0,0.4136790931224823,0.0,0.0,0.3419206738471985,286.07745361328125,80.43228912353516,0.8604939579963684,0.0,0.0,0.4899512231349945,225.46856689453125,85.34835815429688,0.8612752556800842,0.0,0.0,0.4667500853538513,300.9011535644531,180.928466796875,0.7069447636604309,0.0,0.0,0.010293722152709961,0.0,0.0,0.02979137934744358,0.0,0.0,0.0003576733870431781,0.0,0.0,0.0009090507519431412
1348,True,0.0,0.0,0.013764124363660812,0.0,0.0,0.0035993577912449837,0.0,0.0,0.0011983830481767654,0.0,0.0,0.007302611134946346,0.0,0.0,0.0017788350814953446,0.0,0.0,0.06319925934076309,0.0,0.0,0.16692543029785156,0.0,0.0,0.31885847449302673,282.5846252441406,83.20581817626953,0.5483222603797913,228.95559692382812,84.1112289428711,0.5023207664489746,223.82154846191406,81.92367553710938,0.6836729049682617,0.0,0.0,0.3576829433441162,0.0,0.0,0.4805549681186676,0.0,0.0,0.02094089239835739,0.0,0.0,0.03635856509208679,0.0,0.0,0.0011600040597841144,0.0,0.0,0.002082863822579384
1349,True,0.0,0.0,0.003913890570402145,0.0,0.0,0.0005709025426767766,0.0,0.0,0.0007054767920635641,0.0,0.0,0.0009296860080212355,0.0,0.0,0.001882024691440165,0.0,0.0,0.00762217678129673,0.0,0.0,0.10553773492574692,0.0,0.0,0.048999883234500885,278.28778076171875,62.45087432861328,0.6548885703086853,0.0,0.0,0.1585712432861328,223.84754943847656,75.26665496826172,0.751144289970398,0.0,0.0,0.12886136770248413,0.0,0.0,0.3801431953907013,0.0,0.0,0.005843771621584892,0.0,0.0,0.027217922732234,0.0,0.0,0.0005387314595282078,0.0,0.0,0.0018592834239825606
1350,True,0.0,0.0,0.006727496162056923,0.0,0.0,0.0011204637121409178,0.0,0.0,0.0013026740634813905,0.0,0.0,0.0017664311453700066,0.0,0.0,0.003333719214424491,0.0,0.0,0.017726430669426918,0.0,0.0,0.12444685399532318,0.0,0.0,0.09507080912590027,272.1094970703125,56.509803771972656,0.675567626953125,0.0,0.0,0.246100515127182,223.86097717285156,74.78050231933594,0.7610564827919006,0.0,0.0,0.17915081977844238,0.0,0.0,0.4048928916454315,0.0,0.0,0.010355077683925629,0.0,0.0,0.03595881536602974,0.0,0.0,0.0008698289166204631,0.0,0.0,0.002406747080385685
1351,True,0.0,0.0,0.0013487025862559676,0.0,0.0,0.0001872119028121233,0.0,0.0,0.00025504143559373915,0.0,0.0,0.0002339747006772086,0.0,0.0,0.0006048376671969891,0.0,0.0,0.003750949166715145,0.0,0.0,0.026312461122870445,0.0,0.0,0.09383564442396164,280.2243957519531,51.24252700805664,0.6269853115081787,0.0,0.0,0.4008629024028778,224.69534301757812,80.95532989501953,0.8530492186546326,0.0,0.0,0.16732439398765564,0.0,0.0,0.35471364855766296,0.0,0.0,0.00247158482670784,0.0,0.0,0.008162553422152996,0.0,0.0,0.00014284750795923173,0.0,0.0,0.00036754278698936105
1352,True,0.0,0.0,0.0032161585986614227,0.0,0.0,0.0005364826647564769,0.0,0.0,0.0005620457814075053,0.0,0.0,0.000614891410805285,0.0,0.0,0.0008583377348259091,0.0,0.0,0.0068281833082437515,0.0,0.0,0.04143156111240387,0.0,0.0,0.10218358039855957,283.9090881347656,49.469940185546875,0.6105239391326904,0.0,0.0,0.3776057958602905,221.36351013183594,82.39327239990234,0.8152609467506409,0.0,0.0,0.12591035664081573,0.0,0.0,0.2804034948348999,0.0,0.0,0.0021731352899223566,0.0,0.0,0.006655359175056219,0.0,0.0,0.00017243305046577007,0.0,0.0,0.00042809316073544323
1353,True,0.0,0.0,0.008357271552085876,0.0,0.0,0.0031502856872975826,0.0,0.0,0.0009468072676099837,0.0,0.0,0.003654085099697113,0.0,0.0,0.0004321855085436255,0.0,0.0,0.013354224152863026,0.0,0.0,0.01640375703573227,0.0,0.0,0.1179039403796196,0.0,0.0,0.189240962266922,0.0,0.0,0.33408457040786743,0.0,0.0,0.4206281006336212,0.0,0.0,0.14533731341362,0.0,0.0,0.17428644001483917,0.0,0.0,0.005846486892551184,0.0,0.0,0.00850882101804018,0.0,0.0,0.0007353505934588611,0.0,0.0,0.0011062108678743243
1354,True,0.0,0.0,0.005965630989521742,0.0,0.0,0.0012123890919610858,0.0,0.0,0.00053569016745314,0.0,0.0,0.0014611294027417898,0.0,0.0,0.0006317180232144892,0.0,0.0,0.02549964189529419,0.0,0.0,0.04896669462323189,0.0,0.0,0.32590389251708984,271.17236328125,77.48430633544922,0.5582519173622131,296.7236022949219,113.2094497680664,0.6432502865791321,211.95828247070312,99.8523178100586,0.7922328114509583,0.0,0.0,0.2388678789138794,0.0,0.0,0.31998708844184875,0.0,0.0,0.007830727845430374,0.0,0.0,0.013352671638131142,0.0,0.0,0.000457480491604656,0.0,0.0,0.0007833943818695843
1355,True,0.0,0.0,0.005989447236061096,0.0,0.0,0.001213380484841764,0.0,0.0,0.0005636562709696591,0.0,0.0,0.0013232858618721366,0.0,0.0,0.0005973279476165771,0.0,0.0,0.021884961053729057,0.0,0.0,0.04547860100865364,0.0,0.0,0.29531043767929077,270.3565979003906,78.12503814697266,0.5462899804115295,296.4757080078125,113.44332885742188,0.6197877526283264,212.3116912841797,100.3624038696289,0.7874097228050232,0.0,0.0,0.22358067333698273,0.0,0.0,0.3087061047554016,0.0,0.0,0.007210521958768368,0.0,0.0,0.012737775221467018,0.0,0.0,0.0004356882709544152,0.0,0.0,0.0007626840379089117
1356,True,0.0,0.0,0.00762521056458354,0.0,0.0,0.0020086525473743677,0.0,0.0,0.0008524968288838863,0.0,0.0,0.0017998634139075875,0.0,0.0,0.00039577303687110543,0.0,0.0,0.008073301985859871,0.0,0.0,0.013210409320890903,0.0,0.0,0.08705169707536697,0.0,0.0,0.20918360352516174,0.0,0.0,0.39425382018089294,295.731201171875,119.47880554199219,0.5444030165672302,0.0,0.0,0.035104814916849136,0.0,0.0,0.051572199910879135,0.0,0.0,0.004469703882932663,0.0,0.0,0.007473337464034557,0.0,0.0,0.0010195529321208596,0.0,0.0,0.0016233071219176054
1357,True,0.0,0.0,0.03026544488966465,0.0,0.0,0.007698024623095989,0.0,0.0,0.005678923800587654,0.0,0.0,0.0029864769894629717,0.0,0.0,0.0016282093711197376,0.0,0.0,0.011427638120949268,0.0,0.0,0.07350574433803558,0.0,0.0,0.08358659595251083,0.0,0.0,0.4354091286659241,0.0,0.0,0.29828158020973206,203.77392578125,105.12244415283203,0.6603986620903015,0.0,0.0,0.11072389781475067,0.0,0.0,0.23696763813495636,0.0,0.0,0.005588167812675238,0.0,0.0,0.01249049324542284,0.0,0.0,0.0007927642436698079,0.0,0.0,0.0016066051321104169
1358,True,0.0,0.0,0.011690601706504822,0.0,0.0,0.0021905775647610426,0.0,0.0,0.00138514069840312,0.0,0.0,0.0012525466736406088,0.0,0.0,0.0011120483977720141,0.0,0.0,0.030001532286405563,0.0,0.0,0.05824199691414833,0.0,0.0,0.3808404803276062,250.9918212890625,74.99503326416016,0.6069105863571167,284.54644775390625,128.25283813476562,0.7234829068183899,191.72476196289062,104.23075866699219,0.8513315320014954,0.0,0.0,0.2759912312030792,0.0,0.0,0.36109623312950134,0.0,0.0,0.006779992952942848,0.0,0.0,0.01118561252951622,0.0,0.0,0.0003371497441548854,0.0,0.0,0.0005623383331112564
1359,True,0.0,0.0,0.008811062201857567,0.0,0.0,0.0019385243067517877,0.0,0.0,0.0019780131988227367,0.0,0.0,0.0011406672419980168,0.0,0.0,0.0008859969093464315,0.0,0.0,0.0046748146414756775,0.0,0.0,0.018200041726231575,0.0,0.0,0.04276014491915703,0.0,0.0,0.2111026495695114,0.0,0.0,0.25581204891204834,281.5571594238281,133.26397705078125,0.5413599610328674,0.0,0.0,0.026856759563088417,0.0,0.0,0.05335857346653938,0.0,0.0,0.002573985606431961,0.0,0.0,0.005275665316730738,0.0,0.0,0.0007983326795510948,0.0,0.0,0.0014386804541572928
1360,True,0.0,0.0,0.013863666914403439,0.0,0.0,0.0022313666995614767,0.0,0.0,0.0014143437147140503,0.0,0.0,0.001427765702828765,0.0,0.0,0.0016894708387553692,0.0,0.0,0.08416814357042313,0.0,0.0,0.1099054366350174,314.62677001953125,95.18329620361328,0.6546719074249268,250.62171936035156,83.80570983886719,0.6976556181907654,285.1950378417969,144.09193420410156,0.8362851142883301,185.92417907714844,107.87451171875,0.8804023265838623,0.0,0.0,0.3973724842071533,0.0,0.0,0.42411187291145325,0.0,0.0,0.009457207284867764,0.0,0.0,0.011637012474238873,0.0,0.0,0.0004104934341739863,0.0,0.0,0.0005462314002215862
1361,True,0.0,0.0,0.019862709566950798,0.0,0.0,0.002851298777386546,0.0,0.0,0.0018158875172957778,0.0,0.0,0.002869619056582451,0.0,0.0,0.002855102764442563,0.0,0.0,0.17242290079593658,0.0,0.0,0.30603325366973877,305.2055969238281,104.50523376464844,0.726581871509552,247.0382080078125,86.31044006347656,0.8612349033355713,273.6396789550781,152.0646209716797,0.850446343421936,174.92478942871094,113.76734924316406,0.9288998246192932,0.0,0.0,0.42490237951278687,275.3592224121094,185.54635620117188,0.5143023133277893,0.0,0.0,0.006228688172996044,0.0,0.0,0.009941341355443,0.0,0.0,0.00018770736642181873,0.0,0.0,0.00030619491008110344
1362,True,0.0,0.0,0.004782855976372957,0.0,0.0,0.000707547296769917,0.0,0.0,0.0005367911071516573,0.0,0.0,0.0012294445186853409,0.0,0.0,0.0008509430917911232,0.0,0.0,0.05144670978188515,0.0,0.0,0.23749499022960663,317.88702392578125,104.78063201904297,0.5973596572875977,236.73968505859375,86.25928497314453,0.9116805791854858,266.48321533203125,151.70144653320312,0.7640820145606995,174.63986206054688,117.67269897460938,0.940165102481842,0.0,0.0,0.2563017010688782,0.0,0.0,0.4357968270778656,0.0,0.0,0.0020365945529192686,0.0,0.0,0.004493404645472765,0.0,0.0,9.92204513750039e-05,0.0,0.0,0.0001969279837794602
1363,True,0.0,0.0,0.004363618325442076,0.0,0.0,0.0006317520164884627,0.0,0.0,0.0005396485794335604,0.0,0.0,0.0010256280656903982,0.0,0.0,0.0008607698255218565,0.0,0.0,0.04081060737371445,0.0,0.0,0.20993810892105103,320.0,102.91905212402344,0.5577139258384705,236.4614715576172,86.1898193359375,0.904280424118042,267.0583190917969,151.35711669921875,0.7510746717453003,174.56756591796875,117.57392883300781,0.9388439059257507,0.0,0.0,0.23414447903633118,0.0,0.0,0.412293016910553,0.0,0.0,0.0018838313408195972,0.0,0.0,0.004235557280480862,0.0,0.0,9.721695823827758e-05,0.0,0.0,0.00019425353093538433
1364,True,0.0,0.0,0.006167691200971603,0.0,0.0,0.0010630721226334572,0.0,0.0,0.0006710210582241416,0.0,0.0,0.0015462066512554884,0.0,0.0,0.0007317679701372981,0.0,0.0,0.03936940059065819,0.0,0.0,0.20351821184158325,320.0,97.66163635253906,0.548564612865448,236.43637084960938,82.98516082763672,0.901071310043335,264.4630126953125,148.10659790039062,0.7971126437187195,174.6851348876953,118.24102783203125,0.9500595927238464,0.0,0.0,0.17800751328468323,0.0,0.0,0.33616015315055847,0.0,0.0,0.001453273231163621,0.0,0.0,0.0034583911765366793,0.0,0.0,7.53468630136922e-05,0.0,0.0,0.00016018952010199428
1365,True,0.0,0.0,0.002407277235761285,0.0,0.0,0.00036342962994240224,0.0,0.0,0.00037585687823593616,0.0,0.0,0.0006545874057337642,0.0,0.0,0.0006464318721555173,0.0,0.0,0.01872481219470501,0.0,0.0,0.1466725468635559,320.0,96.16835021972656,0.5032128691673279,230.8259735107422,79.91500854492188,0.9133623242378235,262.3545837402344,144.05899047851562,0.8144055008888245,174.7509002685547,118.00112915039062,0.9601180553436279,0.0,0.0,0.21793138980865479,0.0,0.0,0.4140518605709076,0.0,0.0,0.001665207208134234,0.0,0.0,0.003918069414794445,0.0,0.0,8.653338591102511e-05,0.0,0.0,0.00017662215395830572
1366,True,0.0,0.0,0.0022486033849418163,0.0,0.0,0.0003462882596068084,0.0,0.0,0.0003369190380908549,0.0,0.0,0.0006713222828693688,0.0,0.0,0.0006199813797138631,0.0,0.0,0.02420693263411522,0.0,0.0,0.12478285282850266,320.0,94.58757019042969,0.6449589133262634,231.1588134765625,80.85604858398438,0.9120990633964539,263.388671875,141.89047241210938,0.8749863505363464,176.47154235839844,116.5201416015625,0.9619365334510803,0.0,0.0,0.3106765151023865,0.0,0.0,0.4720975160598755,0.0,0.0,0.0026999805122613907,0.0,0.0,0.004971856251358986,0.0,0.0,0.00012814595538657159,0.0,0.0,0.00022082017676439136
1367,True,0.0,0.0,0.004406553693115711,0.0,0.0,0.0006227265112102032,0.0,0.0,0.0005569290951825678,0.0,0.0,0.0008440550300292671,0.0,0.0,0.0008049181196838617,0.0,0.0,0.03425465151667595,0.0,0.0,0.15371285378932953,313.5731201171875,101.81111145019531,0.5929107666015625,236.94815063476562,82.91337585449219,0.8948356509208679,261.7032775878906,141.33560180664062,0.8187711238861084,176.86056518554688,116.24459838867188,0.9452039003372192,0.0,0.0,0.20765304565429688,0.0,0.0,0.3489358127117157,0.0,0.0,0.001858097966760397,0.0,0.0,0.003628602484241128,0.0,0.0,0.00010715911776060238,0.0,0.0,0.0001961149537237361
1368,True,0.0,0.0,0.002986675826832652,0.0,0.0,0.000424807018134743,0.0,0.0,0.0002910288458224386,0.0,0.0,0.0011649016523733735,0.0,0.0,0.0007271188078448176,0.0,0.0,0.0562458410859108,0.0,0.0,0.16216576099395752,290.14923095703125,98.79755401611328,0.7777309417724609,239.0142822265625,88.02067565917969,0.9033533930778503,255.36993408203125,143.49937438964844,0.8617866635322571,177.9408416748047,116.12317657470703,0.9367485642433167,0.0,0.0,0.4135003089904785,278.71185302734375,169.578125,0.5213345289230347,0.0,0.0,0.0043918234296143055,0.0,0.0,0.0060274917632341385,0.0,0.0,0.00018985386122949421,0.0,0.0,0.00027059781132265925
1369,True,0.0,0.0,0.007958884350955486,0.0,0.0,0.0015872778603807092,0.0,0.0,0.000643789884634316,0.0,0.0,0.0026964249555021524,0.0,0.0,0.0006067501963116229,0.0,0.0,0.06501461565494537,0.0,0.0,0.18323025107383728,306.29534912109375,103.46929168701172,0.7690157294273376,238.24696350097656,88.54499816894531,0.8940489292144775,252.90170288085938,144.0715789794922,0.8806047439575195,178.0992889404297,115.78729248046875,0.9386417269706726,0.0,0.0,0.3229674994945526,0.0,0.0,0.4325084686279297,0.0,0.0,0.0037162473890930414,0.0,0.0,0.00527497474104166,0.0,0.0,0.0001938468631124124,0.0,0.0,0.00029127782909199595
1370,True,0.0,0.0,0.004539560526609421,0.0,0.0,0.0009574125288054347,0.0,0.0,0.00048118989798240364,0.0,0.0,0.002085978165268898,0.0,0.0,0.0006347975577227771,0.0,0.0,0.04484124481678009,0.0,0.0,0.1837652176618576,318.41973876953125,106.84629821777344,0.6718857884407043,231.77565002441406,91.66573333740234,0.9010658860206604,249.2451934814453,143.83294677734375,0.8496171236038208,179.60311889648438,112.17947387695312,0.9474501609802246,0.0,0.0,0.3087455630302429,0.0,0.0,0.46521252393722534,0.0,0.0,0.003187735565006733,0.0,0.0,0.005550272297114134,0.0,0.0,0.00016399424930568784,0.0,0.0,0.0002859816013369709
1371,True,0.0,0.0,0.006977037061005831,0.0,0.0,0.0012734673218801618,0.0,0.0,0.0008295924053527415,0.0,0.0,0.001470181974582374,0.0,0.0,0.0006585891242139041,0.0,0.0,0.0293128564953804,0.0,0.0,0.07747309654951096,0.0,0.0,0.42113903164863586,233.14260864257812,81.53627014160156,0.6106721758842468,248.52757263183594,147.93731689453125,0.7304602861404419,180.78594970703125,106.75320434570312,0.8369863629341125,0.0,0.0,0.14888018369674683,0.0,0.0,0.2087586224079132,0.0,0.0,0.0026520276442170143,0.0,0.0,0.0035545523278415203,0.0,0.0,0.0001573555200593546,0.0,0.0,0.00022265124425757676
1372,True,0.0,0.0,0.007801732048392296,0.0,0.0,0.0013999782968312502,0.0,0.0,0.0014454767806455493,0.0,0.0,0.0011259891325607896,0.0,0.0,0.001039720606058836,0.0,0.0,0.015327513217926025,0.0,0.0,0.050120022147893906,0.0,0.0,0.2050309032201767,0.0,0.0,0.44721129536628723,248.6361541748047,153.66323852539062,0.5129258036613464,245.23342895507812,150.96694946289062,0.6882705092430115,0.0,0.0,0.06980698555707932,0.0,0.0,0.11035159975290298,0.0,0.0,0.002274534897878766,0.0,0.0,0.0035728339571505785,0.0,0.0,0.000277356622973457,0.0,0.0,0.0004236884124111384
1373,True,0.0,0.0,0.014293787069618702,0.0,0.0,0.0024022965226322412,0.0,0.0,0.0025063666980713606,0.0,0.0,0.0012159604812040925,0.0,0.0,0.0011650099186226726,0.0,0.0,0.013252508826553822,0.0,0.0,0.05565524101257324,0.0,0.0,0.15334606170654297,0.0,0.0,0.43164366483688354,0.0,0.0,0.4573362469673157,242.6617889404297,152.11273193359375,0.6765591502189636,0.0,0.0,0.03527912124991417,0.0,0.0,0.06484957784414291,0.0,0.0,0.001797985634766519,0.0,0.0,0.0031075868755578995,0.0,0.0,0.0003145105147268623,0.0,0.0,0.0005080325063318014
1374,True,0.0,0.0,0.014742978848516941,0.0,0.0,0.002917461097240448,0.0,0.0,0.0015645527746528387,0.0,0.0,0.0015901930164545774,0.0,0.0,0.0006839809939265251,0.0,0.0,0.020062027499079704,0.0,0.0,0.04620509222149849,0.0,0.0,0.26917606592178345,0.0,0.0,0.43574005365371704,252.7330322265625,154.24508666992188,0.6590102314949036,244.1462860107422,151.5421600341797,0.7404063940048218,0.0,0.0,0.04548050835728645,0.0,0.0,0.06385748833417892,0.0,0.0,0.002152669243514538,0.0,0.0,0.0030601625330746174,0.0,0.0,0.0002709843101911247,0.0,0.0,0.0003932974941562861
1375,True,0.0,0.0,0.00807174388319254,0.0,0.0,0.0019589962903410196,0.0,0.0,0.0008197313291020691,0.0,0.0,0.0017652460373938084,0.0,0.0,0.0004636235535144806,0.0,0.0,0.02556207962334156,0.0,0.0,0.03150973841547966,0.0,0.0,0.41327011585235596,0.0,0.0,0.3894710838794708,240.4325714111328,153.2278289794922,0.7173834443092346,234.2005157470703,148.1645050048828,0.6804184317588806,0.0,0.0,0.08391396701335907,0.0,0.0,0.0895335003733635,0.0,0.0,0.0021415927913039923,0.0,0.0,0.0023480632808059454,0.0,0.0,0.00020470180606935173,0.0,0.0,0.000249411998083815
1376,True,0.0,0.0,0.004025944974273443,0.0,0.0,0.0007919797208160162,0.0,0.0,0.0006406420725397766,0.0,0.0,0.0008463978883810341,0.0,0.0,0.0007220215047709644,0.0,0.0,0.015081740915775299,0.0,0.0,0.038663409650325775,0.0,0.0,0.28738924860954285,0.0,0.0,0.49423399567604065,239.3607177734375,144.22752380371094,0.588589072227478,231.37538146972656,140.57833862304688,0.7161074876785278,0.0,0.0,0.06720569729804993,0.0,0.0,0.09787009656429291,0.0,0.0,0.0019016783917322755,0.0,0.0,0.0028826030902564526,0.0,0.0,0.00024826559820212424,0.0,0.0,0.00036440379335545003
1377,True,0.0,0.0,0.0035618827678263187,0.0,0.0,0.0008031570469029248,0.0,0.0,0.0005375760374590755,0.0,0.0,0.0009846442844718695,0.0,0.0,0.0005888220039196312,0.0,0.0,0.014918278902769089,0.0,0.0,0.0319947674870491,0.0,0.0,0.30161893367767334,0.0,0.0,0.4525957703590393,239.3488006591797,143.90065002441406,0.6108036637306213,231.49476623535156,139.9350128173828,0.698577344417572,0.0,0.0,0.06488698720932007,0.0,0.0,0.08773960918188095,0.0,0.0,0.0017359076300635934,0.0,0.0,0.002460627583786845,0.0,0.0,0.0002184044278692454,0.0,0.0,0.0003082393086515367
1378,True,0.0,0.0,0.013518692925572395,0.0,0.0,0.004002708941698074,0.0,0.0,0.0015024006133899093,0.0,0.0,0.002694490598514676,0.0,0.0,0.0006231869338080287,0.0,0.0,0.021095167845487595,0.0,0.0,0.03289315477013588,0.0,0.0,0.25915712118148804,0.0,0.0,0.2996501326560974,239.7504425048828,135.36573791503906,0.6277535557746887,236.84762573242188,132.79112243652344,0.6270515322685242,0.0,0.0,0.09624216705560684,0.0,0.0,0.11201664805412292,0.0,0.0,0.003589305793866515,0.0,0.0,0.004477782640606165,0.0,0.0,0.000360046629793942,0.0,0.0,0.00048738718032836914
1379,True,0.0,0.0,0.003963790833950043,0.0,0.0,0.0013219808461144567,0.0,0.0,0.0004087791603524238,0.0,0.0,0.0021706591360270977,0.0,0.0,0.0004242829163558781,0.0,0.0,0.026233403012156487,0.0,0.0,0.03788251802325249,0.0,0.0,0.44184112548828125,0.0,0.0,0.47830092906951904,234.59059143066406,125.15754699707031,0.7572658658027649,202.57936096191406,107.40480041503906,0.7742277979850769,0.0,0.0,0.10441235452890396,0.0,0.0,0.1208963394165039,0.0,0.0,0.002061027567833662,0.0,0.0,0.0025370700750499964,0.0,0.0,0.00017173979722429067,0.0,0.0,0.00023003378009889275
1380,True,0.0,0.0,0.0024628499522805214,0.0,0.0,0.0006980114849284291,0.0,0.0,0.000239124201470986,0.0,0.0,0.0014915668871253729,0.0,0.0,0.0003134801227133721,0.0,0.0,0.01727958954870701,0.0,0.0,0.051197849214076996,0.0,0.0,0.440097838640213,240.2239227294922,63.6015625,0.7047337293624878,232.25970458984375,124.91511535644531,0.8204209208488464,195.40045166015625,86.67632293701172,0.916028618812561,0.0,0.0,0.11175114661455154,0.0,0.0,0.17700578272342682,0.0,0.0,0.0013876315206289291,0.0,0.0,0.0023537075612694025,0.0,0.0,8.67876733536832e-05,0.0,0.0,0.00014650460798293352
1381,True,0.0,0.0,0.004130545537918806,0.0,0.0,0.0012986158253625035,0.0,0.0,0.00041027748375199735,0.0,0.0,0.0022173377219587564,0.0,0.0,0.00046053214464336634,0.0,0.0,0.03426764905452728,0.0,0.0,0.0432928241789341,319.8681640625,101.08309173583984,0.5337008237838745,243.25535583496094,66.19538879394531,0.534416913986206,231.66064453125,126.70077514648438,0.8135979175567627,201.15089416503906,96.45011901855469,0.8247268795967102,0.0,0.0,0.15969783067703247,0.0,0.0,0.17381654679775238,0.0,0.0,0.002259679604321718,0.0,0.0,0.002636578632518649,0.0,0.0,0.00013322601444087923,0.0,0.0,0.00017161553842015564
1382,True,0.0,0.0,0.003439847379922867,0.0,0.0,0.0009312676265835762,0.0,0.0,0.0003542493795976043,0.0,0.0,0.001675392035394907,0.0,0.0,0.0004353943222668022,0.0,0.0,0.024911513552069664,0.0,0.0,0.058845892548561096,320.0,100.22537231445312,0.5075590014457703,236.04446411132812,63.795467376708984,0.6845102906227112,232.52236938476562,127.48628234863281,0.8279572129249573,182.51156616210938,86.25679779052734,0.9002540707588196,0.0,0.0,0.13695348799228668,0.0,0.0,0.190114364027977,0.0,0.0,0.0017468718579038978,0.0,0.0,0.00253667077049613,0.0,0.0,0.00010212928464170545,0.0,0.0,0.00015286319830920547
1383,True,0.0,0.0,0.0018157215090468526,0.0,0.0,0.000399676151573658,0.0,0.0,0.00020748643146362156,0.0,0.0,0.0008796121110208333,0.0,0.0,0.0003540660545695573,0.0,0.0,0.015248820185661316,0.0,0.0,0.06291171908378601,0.0,0.0,0.4809269607067108,236.88873291015625,59.58840560913086,0.8123995065689087,232.6394500732422,126.54790496826172,0.8437149524688721,179.57249450683594,82.37662506103516,0.948095440864563,0.0,0.0,0.18598763644695282,0.0,0.0,0.3079717457294464,0.0,0.0,0.001493564574047923,0.0,0.0,0.0028561591170728207,0.0,0.0,6.2675288063474e-05,0.0,0.0,0.00011396795161999762
1384,True,0.0,0.0,0.002323405584320426,0.0,0.0,0.0006469723884947598,0.0,0.0,0.0002390624285908416,0.0,0.0,0.0012851916253566742,0.0,0.0,0.0003394370141904801,0.0,0.0,0.019607804715633392,0.0,0.0,0.04124833643436432,0.0,0.0,0.49419522285461426,237.6249542236328,59.451499938964844,0.6502658128738403,233.17601013183594,130.76881408691406,0.803316593170166,177.1750030517578,76.760986328125,0.8873027563095093,0.0,0.0,0.1867533177137375,0.0,0.0,0.24504373967647552,0.0,0.0,0.001986295450478792,0.0,0.0,0.0028650653548538685,0.0,0.0,9.528861119179055e-05,0.0,0.0,0.00014248999650590122
1385,True,0.0,0.0,0.002698866417631507,0.0,0.0,0.0007378640584647655,0.0,0.0,0.00030008802423253655,0.0,0.0,0.001497479504905641,0.0,0.0,0.00044919486390426755,0.0,0.0,0.023515015840530396,0.0,0.0,0.059348128736019135,319.71685791015625,95.7038345336914,0.5117967128753662,235.0711669921875,53.16918182373047,0.7165516018867493,233.40692138671875,131.44866943359375,0.7991106510162354,175.941162109375,70.79066467285156,0.903907835483551,0.0,0.0,0.24581362307071686,0.0,0.0,0.33141642808914185,0.0,0.0,0.002272113226354122,0.0,0.0,0.003582616802304983,0.0,0.0,9.648495324654505e-05,0.0,0.0,0.00015294439799617976
1386,True,0.0,0.0,0.031366199254989624,0.0,0.0,0.020671110600233078,0.0,0.0,0.012807726860046387,158.51385498046875,93.87276458740234,0.5828506946563721,0.0,0.0,0.4703901708126068,153.8362579345703,112.62629699707031,0.8520637154579163,188.32614135742188,112.86873626708984,0.7973617911338806,0.0,0.0,0.47509118914604187,0.0,0.0,0.3503091037273407,0.0,0.0,0.1613265573978424,0.0,0.0,0.11814546585083008,0.0,0.0,0.35529249906539917,0.0,0.0,0.30491241812705994,0.0,0.0,0.02828831784427166,0.0,0.0,0.023875033482909203,0.0,0.0,0.005216591060161591,0.0,0.0,0.004825199488550425
1387,True,0.0,0.0,0.002022951142862439,0.0,0.0,0.0004255966341588646,0.0,0.0,0.0002150914806406945,0.0,0.0,0.0009002374135889113,0.0,0.0,0.00036642776103690267,0.0,0.0,0.016953889280557632,0.0,0.0,0.0827668234705925,0.0,0.0,0.4957227110862732,240.02496337890625,52.1246337890625,0.8658750653266907,236.212158203125,127.58378601074219,0.8385831713676453,186.59706115722656,74.84198760986328,0.9594380855560303,0.0,0.0,0.2756122946739197,0.0,0.0,0.45334112644195557,0.0,0.0,0.001813734881579876,0.0,0.0,0.003996106330305338,0.0,0.0,5.7059962273342535e-05,0.0,0.0,0.0001149561649071984
1388,True,0.0,0.0,0.0023260931484401226,0.0,0.0,0.0004889013362117112,0.0,0.0,0.00024306640261784196,0.0,0.0,0.0010834921849891543,0.0,0.0,0.00045090189087204635,0.0,0.0,0.02335619553923607,0.0,0.0,0.10497860610485077,319.44012451171875,95.44322204589844,0.5315080285072327,238.66464233398438,51.0498046875,0.8741273880004883,235.4811553955078,128.55221557617188,0.8393012881278992,186.23348999023438,73.33543395996094,0.9592252373695374,0.0,0.0,0.2975868880748749,0.0,0.0,0.47135093808174133,0.0,0.0,0.0018223952502012253,0.0,0.0,0.00402439059689641,0.0,0.0,5.39538414159324e-05,0.0,0.0,0.00010876583837671205
1389,True,0.0,0.0,0.0022581727243959904,0.0,0.0,0.00043797981925308704,0.0,0.0,0.0002517891116440296,0.0,0.0,0.0009400710696354508,0.0,0.0,0.0004997164942324162,0.0,0.0,0.022345516830682755,0.0,0.0,0.10937280207872391,315.91888427734375,94.5907211303711,0.5151969790458679,237.39866638183594,51.62474822998047,0.8761666417121887,237.54974365234375,128.54095458984375,0.8207202553749084,185.10232543945312,72.0308609008789,0.9575701951980591,0.0,0.0,0.2909438908100128,0.0,0.0,0.4693581759929657,0.0,0.0,0.0018626978853717446,0.0,0.0,0.00415744399651885,0.0,0.0,5.910947947995737e-05,0.0,0.0,0.00011910612374776974
1390,True,0.0,0.0,0.002927821595221758,0.0,0.0,0.0005443627014756203,0.0,0.0,0.00033537921262905,0.0,0.0,0.0009954869747161865,0.0,0.0,0.0005824593245051801,0.0,0.0,0.02616446278989315,0.0,0.0,0.12269056588411331,315.26556396484375,96.17440795898438,0.5206869840621948,239.35174560546875,53.03352355957031,0.8776025772094727,238.31150817871094,129.62606811523438,0.807922899723053,186.2293701171875,72.14374542236328,0.9534580707550049,0.0,0.0,0.3407445251941681,268.3304443359375,166.56410217285156,0.5248100161552429,0.0,0.0,0.0020951698534190655,0.0,0.0,0.0046111783012747765,0.0,0.0,5.818241334054619e-05,0.0,0.0,0.00011542861466296017
1391,True,0.0,0.0,0.002644692314788699,0.0,0.0,0.0005017227958887815,0.0,0.0,0.0002733925066422671,0.0,0.0,0.0012298239162191749,0.0,0.0,0.0006277448264881968,0.0,0.0,0.0353785939514637,0.0,0.0,0.1677340567111969,312.69171142578125,93.26953125,0.5408739447593689,234.79269409179688,54.46839141845703,0.8919156193733215,241.75692749023438,133.36886596679688,0.7667250037193298,177.1593475341797,72.71009826660156,0.9479249715805054,0.0,0.0,0.35820895433425903,271.1591796875,163.06561279296875,0.5503405332565308,0.0,0.0,0.0019510245183482766,0.0,0.0,0.004508489277213812,0.0,0.0,5.4925611038925126e-05,0.0,0.0,0.0001140921376645565
1392,True,0.0,0.0,0.0021292322780936956,0.0,0.0,0.000478555157314986,0.0,0.0,0.00026305316714569926,0.0,0.0,0.001095704035833478,0.0,0.0,0.0005327586550265551,0.0,0.0,0.021021012216806412,0.0,0.0,0.07652769982814789,0.0,0.0,0.4837076961994171,230.6543731689453,53.30351638793945,0.7920522689819336,238.66331481933594,136.6510009765625,0.7182856202125549,169.26397705078125,76.97314453125,0.9062766432762146,0.0,0.0,0.2754015326499939,0.0,0.0,0.406516432762146,0.0,0.0,0.0018259237986057997,0.0,0.0,0.003384799463674426,0.0,0.0,8.530385821359232e-05,0.0,0.0,0.00015162042109295726
1393,True,0.0,0.0,0.002740046475082636,0.0,0.0,0.0006084489868953824,0.0,0.0,0.00031918470631353557,0.0,0.0,0.0012852124636992812,0.0,0.0,0.0004999099764972925,0.0,0.0,0.019046686589717865,0.0,0.0,0.09736921638250351,0.0,0.0,0.4417255222797394,234.0168914794922,57.82213592529297,0.8461326360702515,240.1402587890625,140.1444091796875,0.7679831981658936,177.03819274902344,84.76686096191406,0.9430317878723145,0.0,0.0,0.1577034443616867,0.0,0.0,0.29591405391693115,0.0,0.0,0.0012367169838398695,0.0,0.0,0.0027735689654946327,0.0,0.0,6.824353476986289e-05,0.0,0.0,0.00013885667431168258
1394,True,0.0,0.0,0.0031144057866185904,0.0,0.0,0.001085821189917624,0.0,0.0,0.00033334200270473957,0.0,0.0,0.00213963002897799,0.0,0.0,0.00033929175697267056,0.0,0.0,0.018071826547384262,0.0,0.0,0.031136147677898407,0.0,0.0,0.40770989656448364,241.28738403320312,55.884490966796875,0.513070285320282,242.7100372314453,146.70425415039062,0.7289499640464783,197.70095825195312,81.0783920288086,0.8216184973716736,0.0,0.0,0.1324070394039154,0.0,0.0,0.1673177182674408,0.0,0.0,0.0019242963753640652,0.0,0.0,0.002645250875502825,0.0,0.0,0.00014286943769548088,0.0,0.0,0.0002062695857603103
1395,True,0.0,0.0,0.002951371017843485,0.0,0.0,0.0010393148986622691,0.0,0.0,0.00031503840000368655,0.0,0.0,0.0021152724511921406,0.0,0.0,0.0003255782648921013,0.0,0.0,0.01678798533976078,0.0,0.0,0.030947575345635414,0.0,0.0,0.38919728994369507,240.96112060546875,54.290401458740234,0.5261085033416748,242.19651794433594,147.25608825683594,0.7111982703208923,199.07569885253906,74.93146514892578,0.8261997103691101,0.0,0.0,0.13540136814117432,0.0,0.0,0.17727698385715485,0.0,0.0,0.0018032798543572426,0.0,0.0,0.002627994166687131,0.0,0.0,0.00012989748211111873,0.0,0.0,0.00019670110486913472
1396,True,0.0,0.0,0.0249099712818861,0.0,0.0,0.0055547538213431835,0.0,0.0,0.0028116500470787287,0.0,0.0,0.0023170465137809515,0.0,0.0,0.0007070359424687922,0.0,0.0,0.010038845241069794,0.0,0.0,0.03625544160604477,0.0,0.0,0.08680933713912964,0.0,0.0,0.3118854761123657,0.0,0.0,0.4030905067920685,250.85589599609375,150.28201293945312,0.6351366639137268,0.0,0.0,0.027310239151120186,0.0,0.0,0.05591699853539467,0.0,0.0,0.0025153777096420527,0.0,0.0,0.005411352962255478,0.0,0.0,0.0004716282128356397,0.0,0.0,0.0009246788686141372
1397,True,0.0,0.0,0.06961020827293396,0.0,0.0,0.022133301943540573,0.0,0.0,0.006865075323730707,0.0,0.0,0.008461871184408665,0.0,0.0,0.001062665251083672,0.0,0.0,0.02424497716128826,0.0,0.0,0.04855531454086304,0.0,0.0,0.12129846960306168,0.0,0.0,0.24075324833393097,250.94520568847656,156.39935302734375,0.5011225342750549,251.59817504882812,155.0482940673828,0.5956395268440247,0.0,0.0,0.014578357338905334,0.0,0.0,0.023965448141098022,0.0,0.0,0.002984707010909915,0.0,0.0,0.005020058713853359,0.0,0.0,0.001022431068122387,0.0,0.0,0.00170887669082731
1398,True,0.0,0.0,0.06164968013763428,0.0,0.0,0.030790800228714943,0.0,0.0,0.005153974983841181,0.0,0.0,0.013397826813161373,0.0,0.0,0.000627037778031081,0.0,0.0,0.018651224672794342,0.0,0.0,0.054676320403814316,0.0,0.0,0.12210626900196075,0.0,0.0,0.32213082909584045,0.0,0.0,0.4328228831291199,250.8512725830078,157.43260192871094,0.603569746017456,0.0,0.0,0.01130746677517891,0.0,0.0,0.023203710094094276,0.0,0.0,0.0015371061163023114,0.0,0.0,0.003106690477579832,0.0,0.0,0.0005214809207245708,0.0,0.0,0.0010078460909426212
1399,True,0.0,0.0,0.08268244564533234,0.0,0.0,0.05429937690496445,0.0,0.0,0.007283300627022982,0.0,0.0,0.026841305196285248,0.0,0.0,0.0009570628171786666,0.0,0.0,0.016193009912967682,0.0,0.0,0.05525832995772362,0.0,0.0,0.05585308000445366,0.0,0.0,0.2470046579837799,0.0,0.0,0.32897883653640747,255.96197509765625,158.76397705078125,0.5823286771774292,0.0,0.0,0.006151755806058645,0.0,0.0,0.015261966735124588,0.0,0.0,0.0019444357603788376,0.0,0.0,0.00473342090845108,0.0,0.0,0.0008341319626197219,0.0,0.0,0.0018682141089811921
1400,True,0.0,0.0,0.12154312431812286,0.0,0.0,0.07099327445030212,0.0,0.0,0.018709450960159302,0.0,0.0,0.0196928009390831,0.0,0.0,0.0018459836719557643,0.0,0.0,0.016252635046839714,0.0,0.0,0.04661762714385986,0.0,0.0,0.05749506503343582,0.0,0.0,0.17213551700115204,0.0,0.0,0.39702677726745605,259.4756774902344,159.81028747558594,0.561890721321106,0.0,0.0,0.007446448318660259,0.0,0.0,0.014018949121236801,0.0,0.0,0.0024008823093026876,0.0,0.0,0.0043425364419817924,0.0,0.0,0.0009247952257283032,0.0,0.0,0.001620789640583098
1401,True,0.0,0.0,0.04977775737643242,0.0,0.0,0.019759690389037132,0.0,0.0,0.0048254309222102165,0.0,0.0,0.008164839819073677,0.0,0.0,0.0009109734673984349,0.0,0.0,0.01620307005941868,0.0,0.0,0.043359965085983276,0.0,0.0,0.09441730380058289,0.0,0.0,0.25552064180374146,0.0,0.0,0.4572674036026001,258.51190185546875,159.2935028076172,0.6298998594284058,0.0,0.0,0.009479088708758354,0.0,0.0,0.017483588308095932,0.0,0.0,0.0020171524956822395,0.0,0.0,0.0037284332793205976,0.0,0.0,0.0006469899090006948,0.0,0.0,0.001178122591227293
1402,True,0.0,0.0,0.11153136938810349,0.0,0.0,0.07504314184188843,0.0,0.0,0.01296917162835598,0.0,0.0,0.05182744562625885,0.0,0.0,0.0021670928690582514,0.0,0.0,0.03633122518658638,0.0,0.0,0.08826176822185516,0.0,0.0,0.08549556136131287,0.0,0.0,0.2492981106042862,0.0,0.0,0.4064917266368866,260.004150390625,154.15782165527344,0.5835512280464172,0.0,0.0,0.01145926397293806,0.0,0.0,0.02252909168601036,0.0,0.0,0.003679732559248805,0.0,0.0,0.007159649394452572,0.0,0.0,0.0020977577660232782,0.0,0.0,0.003973996266722679
1403,True,0.0,0.0,0.10420985519886017,0.0,0.0,0.06678878515958786,0.0,0.0,0.030193550512194633,144.76104736328125,75.462646484375,0.7610103487968445,0.0,0.0,0.4690558612346649,141.98394775390625,93.77291107177734,0.9623019099235535,173.69796752929688,91.07785034179688,0.9553958773612976,137.82241821289062,124.36772918701172,0.7641167640686035,182.72366333007812,120.32369995117188,0.7459645867347717,0.0,0.0,0.38122496008872986,0.0,0.0,0.37902775406837463,148.6875457763672,143.03726196289062,0.7326012849807739,171.13687133789062,142.10858154296875,0.7212855219841003,0.0,0.0,0.08652698993682861,0.0,0.0,0.09195917844772339,0.0,0.0,0.010681289248168468,0.0,0.0,0.011929715983569622
1404,True,0.0,0.0,0.10758288204669952,0.0,0.0,0.07090447843074799,0.0,0.0,0.031041091307997704,145.1159210205078,76.32638549804688,0.764782190322876,0.0,0.0,0.46071597933769226,141.92652893066406,93.71273803710938,0.9599759578704834,173.88796997070312,91.14933776855469,0.9531304836273193,137.80389404296875,124.312255859375,0.7546083331108093,182.59234619140625,120.5510482788086,0.7357460856437683,0.0,0.0,0.3721292018890381,0.0,0.0,0.36780285835266113,148.5848388671875,143.1663055419922,0.7188549637794495,171.12759399414062,142.44100952148438,0.7077612280845642,0.0,0.0,0.08141981065273285,0.0,0.0,0.08656486868858337,0.0,0.0,0.010191396810114384,0.0,0.0,0.011376045644283295
1405,True,0.0,0.0,0.11122593283653259,0.0,0.0,0.022449830546975136,0.0,0.0,0.12042296677827835,0.0,0.0,0.2723369300365448,167.58062744140625,77.28597259521484,0.9322482943534851,141.04290771484375,95.58219909667969,0.9627504944801331,173.85684204101562,95.14606475830078,0.944035530090332,136.61073303222656,125.7674789428711,0.7295842170715332,183.24591064453125,124.42093658447266,0.6527289748191833,0.0,0.0,0.3088793158531189,0.0,0.0,0.28994622826576233,145.49191284179688,145.2498779296875,0.6936100721359253,168.46437072753906,144.12661743164062,0.6221615076065063,0.0,0.0,0.08652625232934952,0.0,0.0,0.06406127661466599,0.0,0.0,0.012501196935772896,0.0,0.0,0.009570435620844364
1406,True,0.0,0.0,0.042611099779605865,0.0,0.0,0.010774021968245506,0.0,0.0,0.04051201790571213,0.0,0.0,0.3136013448238373,170.35479736328125,80.83658599853516,0.8655616641044617,140.4803466796875,96.20389556884766,0.951103687286377,175.14724731445312,98.12332916259766,0.9320909380912781,136.49192810058594,126.9339828491211,0.719842791557312,182.72525024414062,128.49252319335938,0.6405813097953796,0.0,0.0,0.2907498776912689,0.0,0.0,0.26008161902427673,145.1691131591797,147.6717529296875,0.7366037964820862,169.72630310058594,148.6375274658203,0.6748566031455994,0.0,0.0,0.10456877201795578,0.0,0.0,0.081637442111969,0.0,0.0,0.014539855532348156,0.0,0.0,0.011686045676469803
1407,True,0.0,0.0,0.00973905622959137,0.0,0.0,0.002073648851364851,0.0,0.0,0.0016466601518914104,0.0,0.0,0.001953417668119073,0.0,0.0,0.0021573295816779137,0.0,0.0,0.016437595710158348,0.0,0.0,0.06742899119853973,0.0,0.0,0.16781914234161377,0.0,0.0,0.48473864793777466,0.0,0.0,0.4504581391811371,204.07492065429688,49.067649841308594,0.7285275459289551,0.0,0.0,0.1716390997171402,0.0,0.0,0.30351781845092773,0.0,0.0,0.006124426610767841,0.0,0.0,0.013424882665276527,0.0,0.0,0.0004084112879354507,0.0,0.0,0.0008138697012327611
1408,True,0.0,0.0,0.012370593845844269,0.0,0.0,0.002746746875345707,0.0,0.0,0.0019180376548320055,0.0,0.0,0.004104585386812687,0.0,0.0,0.0036731422878801823,0.0,0.0,0.04672136902809143,0.0,0.0,0.1294310986995697,0.0,0.0,0.32613304257392883,268.7015380859375,52.075923919677734,0.5448523163795471,195.41372680664062,53.163814544677734,0.5172802209854126,194.84368896484375,53.75966262817383,0.7055204510688782,0.0,0.0,0.29505977034568787,0.0,0.0,0.4083491265773773,0.0,0.0,0.008170455694198608,0.0,0.0,0.013822975568473339,0.0,0.0,0.000420404045144096,0.0,0.0,0.0006987398955971003
1409,True,0.0,0.0,0.015662986785173416,0.0,0.0,0.003101953538134694,0.0,0.0,0.0035337647423148155,0.0,0.0,0.0036905447486788034,0.0,0.0,0.006610330659896135,0.0,0.0,0.045182377099990845,0.0,0.0,0.17571933567523956,0.0,0.0,0.2778114080429077,261.6973571777344,56.35246658325195,0.5825009942054749,0.0,0.0,0.4437434673309326,191.42843627929688,57.11376190185547,0.6992301940917969,0.0,0.0,0.2821461260318756,0.0,0.0,0.4221683442592621,0.0,0.0,0.008149863220751286,0.0,0.0,0.014707392081618309,0.0,0.0,0.0005226087523624301,0.0,0.0,0.0008763368823565543
1410,True,0.0,0.0,0.005993664730340242,0.0,0.0,0.0008430141606368124,0.0,0.0,0.001897819573059678,0.0,0.0,0.001135632279329002,0.0,0.0,0.005938498768955469,0.0,0.0,0.015254093334078789,0.0,0.0,0.14100982248783112,0.0,0.0,0.14771151542663574,254.829345703125,51.90027618408203,0.666069746017456,0.0,0.0,0.307616651058197,188.92977905273438,60.52903366088867,0.7648604512214661,0.0,0.0,0.23437193036079407,0.0,0.0,0.45827969908714294,0.0,0.0,0.006240563932806253,0.0,0.0,0.016671769320964813,0.0,0.0,0.0004976561176590621,0.0,0.0,0.0010794659610837698
1411,True,0.0,0.0,0.011007681488990784,0.0,0.0,0.00195868662558496,0.0,0.0,0.002509039593860507,0.0,0.0,0.002275066217407584,0.0,0.0,0.004380431026220322,0.0,0.0,0.021002698689699173,0.0,0.0,0.13697898387908936,0.0,0.0,0.18464095890522003,257.76385498046875,50.48530960083008,0.5994222164154053,0.0,0.0,0.39101719856262207,189.24261474609375,66.86628723144531,0.7517966032028198,0.0,0.0,0.28879451751708984,0.0,0.0,0.48315539956092834,0.0,0.0,0.007325430866330862,0.0,0.0,0.016688326373696327,0.0,0.0,0.0005096899112686515,0.0,0.0,0.001012409571558237
1412,True,0.0,0.0,0.02048625983297825,0.0,0.0,0.003639891045168042,0.0,0.0,0.004842793568968773,0.0,0.0,0.002529360121116042,0.0,0.0,0.004712345078587532,0.0,0.0,0.013775301165878773,0.0,0.0,0.15011908113956451,0.0,0.0,0.1142645925283432,258.8499450683594,58.935279846191406,0.6108012199401855,0.0,0.0,0.32235589623451233,184.287353515625,71.78804779052734,0.7683276534080505,0.0,0.0,0.12055457383394241,0.0,0.0,0.29482322931289673,0.0,0.0,0.0035538768861442804,0.0,0.0,0.010042053647339344,0.0,0.0,0.000421869131969288,0.0,0.0,0.0009730703313834965
1413,True,0.0,0.0,0.014809314161539078,0.0,0.0,0.002431421773508191,0.0,0.0,0.003970617428421974,0.0,0.0,0.0024501781444996595,0.0,0.0,0.006508218124508858,0.0,0.0,0.020777113735675812,0.0,0.0,0.1898265928030014,0.0,0.0,0.1479431390762329,253.815673828125,53.457908630371094,0.65982985496521,0.0,0.0,0.34009572863578796,185.70635986328125,67.10948181152344,0.7777422666549683,0.0,0.0,0.1678982675075531,0.0,0.0,0.36454126238822937,0.0,0.0,0.005783905740827322,0.0,0.0,0.01552682463079691,0.0,0.0,0.0006202163058333099,0.0,0.0,0.0013666682643815875
1414,True,0.0,0.0,0.016448022797703743,0.0,0.0,0.0037902509793639183,0.0,0.0,0.002763431053608656,0.0,0.0,0.004515104927122593,0.0,0.0,0.0034204486291855574,0.0,0.0,0.044350624084472656,0.0,0.0,0.15827426314353943,0.0,0.0,0.35388463735580444,257.4970703125,56.004554748535156,0.5983025431632996,187.0499267578125,64.12358093261719,0.5653139352798462,186.54086303710938,64.19190216064453,0.7519579529762268,0.0,0.0,0.3298592269420624,0.0,0.0,0.45596441626548767,0.0,0.0,0.008694739080965519,0.0,0.0,0.014271707274019718,0.0,0.0,0.0005385007243603468,0.0,0.0,0.0008600840228609741
1415,True,0.0,0.0,0.00938798114657402,0.0,0.0,0.0013367279898375273,0.0,0.0,0.0026075358036905527,0.0,0.0,0.0013862143969163299,0.0,0.0,0.0066097453236579895,0.0,0.0,0.030829785391688347,0.0,0.0,0.12770254909992218,0.0,0.0,0.2991693615913391,262.224365234375,49.24644088745117,0.6014309525489807,195.3563232421875,56.049415588378906,0.5120287537574768,192.5814971923828,57.314205169677734,0.7559744715690613,0.0,0.0,0.31522858142852783,0.0,0.0,0.4473898410797119,0.0,0.0,0.009372525848448277,0.0,0.0,0.015819134190678596,0.0,0.0,0.0005755380261689425,0.0,0.0,0.0008934247307479382
1416,True,0.0,0.0,0.008738120086491108,0.0,0.0,0.0012433100491762161,0.0,0.0,0.0026651020161807537,0.0,0.0,0.001435199286788702,0.0,0.0,0.007910897955298424,0.0,0.0,0.0318935252726078,0.0,0.0,0.13352170586585999,0.0,0.0,0.27963221073150635,262.600341796875,48.72106170654297,0.5876008868217468,0.0,0.0,0.4842875003814697,193.17608642578125,56.82167053222656,0.740426778793335,0.0,0.0,0.351704865694046,0.0,0.0,0.4890495240688324,0.0,0.0,0.017187176272273064,0.0,0.0,0.02876097522675991,0.0,0.0,0.001227548811584711,0.0,0.0,0.0018814316717907786
1417,True,0.0,0.0,0.05406827852129936,0.0,0.0,0.021722717210650444,0.0,0.0,0.022281978279352188,142.76878356933594,79.29066467285156,0.6015828847885132,162.19509887695312,79.10784912109375,0.6614562273025513,135.46578979492188,97.66000366210938,0.9595780372619629,170.84837341308594,97.96575164794922,0.9510719776153564,132.78912353515625,125.18071746826172,0.8023499250411987,179.58563232421875,124.93360137939453,0.7506933808326721,0.0,0.0,0.44644400477409363,0.0,0.0,0.39187753200531006,142.575439453125,146.117431640625,0.8262781500816345,167.27462768554688,146.80838012695312,0.7910831570625305,0.0,0.0,0.14220093190670013,0.0,0.0,0.12190394103527069,0.0,0.0,0.014012491330504417,0.0,0.0,0.012806236743927002
1418,True,0.0,0.0,0.015261773020029068,0.0,0.0,0.004058923106640577,0.0,0.0,0.013634205795824528,0.0,0.0,0.004202467389404774,0.0,0.0,0.027308953925967216,0.0,0.0,0.0303780660033226,0.0,0.0,0.17006489634513855,0.0,0.0,0.06458712369203568,243.25994873046875,61.7462043762207,0.5157650113105774,0.0,0.0,0.1267937570810318,298.9588317871094,56.383636474609375,0.5465900301933289,0.0,0.0,0.12742336094379425,0.0,0.0,0.2626470923423767,0.0,0.0,0.017505407333374023,0.0,0.0,0.03974323719739914,0.0,0.0,0.007847683504223824,0.0,0.0,0.013934505172073841
1419,True,119.50491333007812,80.2302017211914,0.8786752223968506,121.494873046875,77.70539855957031,0.7979726195335388,116.92808532714844,77.35871887207031,0.856746256351471,0.0,0.0,0.30026835203170776,112.06303405761719,79.20790100097656,0.5096201300621033,121.7198486328125,97.18745422363281,0.7611491680145264,111.24533081054688,96.98712158203125,0.7164593935012817,0.0,0.0,0.2311035543680191,0.0,0.0,0.16119694709777832,0.0,0.0,0.15456806123256683,0.0,0.0,0.10918495804071426,0.0,0.0,0.36770209670066833,0.0,0.0,0.33188745379447937,0.0,0.0,0.09869349747896194,0.0,0.0,0.08433964848518372,0.0,0.0,0.045303672552108765,0.0,0.0,0.0399128794670105
1420,True,0.0,0.0,0.0037611236330121756,0.0,0.0,0.0007566642598249018,0.0,0.0,0.0008145905449055135,0.0,0.0,0.001358322100713849,0.0,0.0,0.0014365653041750193,0.0,0.0,0.015053123235702515,0.0,0.0,0.08620470017194748,0.0,0.0,0.1547793596982956,248.4647674560547,82.31183624267578,0.6118040680885315,0.0,0.0,0.38396742939949036,264.4789123535156,121.63294219970703,0.7446720004081726,0.0,0.0,0.09158367663621902,0.0,0.0,0.1790408492088318,0.0,0.0,0.0016132256714627147,0.0,0.0,0.003608936909586191,0.0,0.0,0.00019410873937886208,0.0,0.0,0.00037539564073085785
1421,True,0.0,0.0,0.0012693764874711633,0.0,0.0,0.0004104488471057266,0.0,0.0,0.000199088390218094,0.0,0.0,0.0014114945661276579,0.0,0.0,0.000398948322981596,0.0,0.0,0.012345352210104465,0.0,0.0,0.045101992785930634,0.0,0.0,0.23481614887714386,234.12452697753906,71.3969497680664,0.573352038860321,0.0,0.0,0.44996020197868347,199.94729614257812,87.00206756591797,0.7519039511680603,0.0,0.0,0.20463891327381134,0.0,0.0,0.3178083896636963,0.0,0.0,0.0029785819351673126,0.0,0.0,0.005509098991751671,0.0,0.0,0.0002615813282318413,0.0,0.0,0.00045317946933209896
1422,True,0.0,0.0,0.0037754797376692295,0.0,0.0,0.0011149027850478888,0.0,0.0,0.0005689285462722182,0.0,0.0,0.001952711376361549,0.0,0.0,0.000609979557339102,0.0,0.0,0.013877319172024727,0.0,0.0,0.05565361678600311,0.0,0.0,0.1929667890071869,235.22653198242188,72.15904235839844,0.5232790112495422,0.0,0.0,0.432380735874176,206.0101776123047,100.7043228149414,0.7308977842330933,0.0,0.0,0.11053932458162308,0.0,0.0,0.1924344301223755,0.0,0.0,0.00228613312356174,0.0,0.0,0.004362247418612242,0.0,0.0,0.00026568485191091895,0.0,0.0,0.0004689143970608711
1423,True,0.0,0.0,0.004550153389573097,0.0,0.0,0.0010822584154084325,0.0,0.0,0.0008088034810498357,0.0,0.0,0.0015569067327305675,0.0,0.0,0.0010722342412918806,0.0,0.0,0.01709589920938015,0.0,0.0,0.05913621187210083,0.0,0.0,0.19825243949890137,248.69473266601562,84.13803100585938,0.5014561414718628,0.0,0.0,0.4409175515174866,252.888671875,141.65560913085938,0.6893375515937805,0.0,0.0,0.1129673570394516,0.0,0.0,0.17976419627666473,0.0,0.0,0.0025367841590195894,0.0,0.0,0.004615378100425005,0.0,0.0,0.00027613472775556147,0.0,0.0,0.00046556242159567773
1424,True,0.0,0.0,0.0021096374839544296,0.0,0.0,0.0004074785392731428,0.0,0.0,0.00033383589470759034,0.0,0.0,0.0006774459616281092,0.0,0.0,0.0004709126369562,0.0,0.0,0.007964014075696468,0.0,0.0,0.051957014948129654,0.0,0.0,0.20492765307426453,233.59423828125,66.45274353027344,0.6928073167800903,256.8619689941406,157.30453491210938,0.5203021168708801,182.58935546875,85.48309326171875,0.8716317415237427,0.0,0.0,0.1071351021528244,0.0,0.0,0.22791117429733276,0.0,0.0,0.0015248792478814721,0.0,0.0,0.0036225318908691406,0.0,0.0,0.00011947547318413854,0.0,0.0,0.0002476410008966923
1425,True,0.0,0.0,0.003994838800281286,0.0,0.0,0.0006038463325239718,0.0,0.0,0.0004013170546386391,0.0,0.0,0.0005141309229657054,0.0,0.0,0.0003674835606943816,0.0,0.0,0.012700488790869713,0.0,0.0,0.07132331281900406,0.0,0.0,0.355211079120636,242.16636657714844,65.82966613769531,0.8035342693328857,254.47691345214844,152.27468872070312,0.7841062545776367,181.8843231201172,80.77367401123047,0.9474934935569763,0.0,0.0,0.18185746669769287,0.0,0.0,0.33584386110305786,0.0,0.0,0.002346375957131386,0.0,0.0,0.005486065987497568,0.0,0.0,9.178053005598485e-05,0.0,0.0,0.00019458256429061294
1426,True,0.0,0.0,0.0031520745251327753,0.0,0.0,0.0004479557101149112,0.0,0.0,0.0003020651638507843,0.0,0.0,0.00041874879389069974,0.0,0.0,0.00030399562092497945,0.0,0.0,0.01090704370290041,0.0,0.0,0.062440451234579086,0.0,0.0,0.40470996499061584,242.6197052001953,67.53250885009766,0.8328380584716797,251.5731201171875,145.39744567871094,0.840321958065033,183.11476135253906,81.45222473144531,0.9592322707176208,0.0,0.0,0.1931234449148178,0.0,0.0,0.34786900877952576,0.0,0.0,0.002425297163426876,0.0,0.0,0.005324103403836489,0.0,0.0,9.276088530896232e-05,0.0,0.0,0.00018761790124699473
1427,True,0.0,0.0,0.0021243931259959936,0.0,0.0,0.00025817964342422783,0.0,0.0,0.0003160057822242379,0.0,0.0,0.00033568788785487413,0.0,0.0,0.0004076739423908293,0.0,0.0,0.005302025470882654,0.0,0.0,0.08442498743534088,0.0,0.0,0.22069314122200012,238.927490234375,71.37662506103516,0.8893074989318848,253.0934295654297,145.745361328125,0.7183668613433838,183.97828674316406,82.21279907226562,0.9663905501365662,0.0,0.0,0.15519478917121887,0.0,0.0,0.3986794948577881,0.0,0.0,0.0014850214356556535,0.0,0.0,0.00490118283778429,0.0,0.0,5.7504494179738685e-05,0.0,0.0,0.0001527543499832973
1428,True,0.0,0.0,0.0021060870494693518,0.0,0.0,0.0004634870565496385,0.0,0.0,0.000321696832543239,0.0,0.0,0.0011903817066922784,0.0,0.0,0.0005765741225332022,0.0,0.0,0.01394057460129261,0.0,0.0,0.09920021146535873,0.0,0.0,0.3541826009750366,234.86827087402344,64.33212280273438,0.8469154834747314,248.59423828125,135.5529327392578,0.6538965702056885,184.54933166503906,81.3902359008789,0.9241849780082703,0.0,0.0,0.22039054334163666,0.0,0.0,0.4147196114063263,0.0,0.0,0.0014121795538812876,0.0,0.0,0.0034240835811942816,0.0,0.0,7.479100167984143e-05,0.0,0.0,0.00015787612937856466
1429,True,119.71147155761719,80.33692932128906,0.8958910703659058,121.65332794189453,77.75265502929688,0.8470267057418823,117.05546569824219,77.43690490722656,0.8595632314682007,0.0,0.0,0.37979719042778015,0.0,0.0,0.479118674993515,121.84056091308594,96.5966567993164,0.8392918705940247,110.65015411376953,96.31620788574219,0.7268034815788269,0.0,0.0,0.39061591029167175,0.0,0.0,0.15606607496738434,0.0,0.0,0.25669872760772705,0.0,0.0,0.11244770884513855,0.0,0.0,0.48720744252204895,0.0,0.0,0.39006149768829346,0.0,0.0,0.12407757341861725,0.0,0.0,0.08245939761400223,0.0,0.0,0.044607024639844894,0.0,0.0,0.03223956376314163
1430,True,0.0,0.0,0.002040947787463665,0.0,0.0,0.0002734363079071045,0.0,0.0,0.00018914503743872046,0.0,0.0,0.0004924113745801151,0.0,0.0,0.00030166917713359,0.0,0.0,0.011319585144519806,0.0,0.0,0.09100685268640518,0.0,0.0,0.32400819659233093,242.726806640625,63.052284240722656,0.8554479479789734,255.7694854736328,136.5244140625,0.7677643895149231,190.67822265625,70.65321350097656,0.9543884992599487,0.0,0.0,0.20772959291934967,0.0,0.0,0.40901079773902893,0.0,0.0,0.002598099410533905,0.0,0.0,0.006827911362051964,0.0,0.0,8.383071690332144e-05,0.0,0.0,0.00019350282673258334
1431,True,0.0,0.0,0.00424928916618228,0.0,0.0,0.0006017734413035214,0.0,0.0,0.00035608591861091554,0.0,0.0,0.0008268405217677355,0.0,0.0,0.00039631177787669003,0.0,0.0,0.017856314778327942,0.0,0.0,0.10822778940200806,0.0,0.0,0.3691946268081665,243.0987091064453,59.07619857788086,0.8347196578979492,255.0777130126953,138.49240112304688,0.7824862003326416,188.526611328125,68.15571594238281,0.9467947483062744,0.0,0.0,0.18190361559391022,0.0,0.0,0.34290191531181335,0.0,0.0,0.002835037186741829,0.0,0.0,0.006601794622838497,0.0,0.0,0.00011079042451456189,0.0,0.0,0.00023485597921535373
1432,True,0.0,0.0,0.006249676458537579,0.0,0.0,0.001002054545097053,0.0,0.0,0.0008161764126271009,0.0,0.0,0.0013562364038079977,0.0,0.0,0.0006347135058604181,0.0,0.0,0.014781100675463676,0.0,0.0,0.16064119338989258,0.0,0.0,0.23069751262664795,245.52267456054688,56.211273193359375,0.8636448979377747,256.3030090332031,138.04763793945312,0.6577638983726501,190.482177734375,67.11740112304688,0.943088173866272,0.0,0.0,0.26207590103149414,276.69464111328125,183.54550170898438,0.5392916798591614,0.0,0.0,0.005397333297878504,0.0,0.0,0.017018910497426987,0.0,0.0,0.0002496972738299519,0.0,0.0,0.0006483627366833389
1433,True,0.0,0.0,0.008393277414143085,0.0,0.0,0.0015783995622768998,0.0,0.0,0.0008140528225339949,0.0,0.0,0.001575201633386314,0.0,0.0,0.00039915525121614337,0.0,0.0,0.012792801484465599,0.0,0.0,0.10344264656305313,0.0,0.0,0.23377926647663116,251.29446411132812,50.643280029296875,0.794075071811676,256.2861328125,140.59971618652344,0.7212877869606018,193.5718994140625,65.15924835205078,0.9331871867179871,0.0,0.0,0.1935650259256363,0.0,0.0,0.40623828768730164,0.0,0.0,0.008298862725496292,0.0,0.0,0.021611139178276062,0.0,0.0,0.0005630500381812453,0.0,0.0,0.0012951893731951714
1434,True,0.0,0.0,0.01866646111011505,0.0,0.0,0.0037683630362153053,0.0,0.0,0.0014329282566905022,0.0,0.0,0.001991847762838006,0.0,0.0,0.00043469222146086395,0.0,0.0,0.013527006842195988,0.0,0.0,0.07039491087198257,0.0,0.0,0.20477689802646637,272.83697509765625,60.832664489746094,0.6549208760261536,253.39730834960938,140.41400146484375,0.7229883670806885,200.33871459960938,72.14628601074219,0.9005388021469116,0.0,0.0,0.08146888017654419,0.0,0.0,0.1794220358133316,0.0,0.0,0.008969269692897797,0.0,0.0,0.020603906363248825,0.0,0.0,0.0010642684064805508,0.0,0.0,0.0022072060965001583
1435,True,0.0,0.0,0.014844117686152458,0.0,0.0,0.0029824702069163322,0.0,0.0,0.001424861722625792,0.0,0.0,0.002223548712208867,0.0,0.0,0.0005224518245086074,0.0,0.0,0.014923247508704662,0.0,0.0,0.11387724429368973,0.0,0.0,0.20295433700084686,257.82513427734375,51.07695770263672,0.7642385363578796,254.9906768798828,139.49342346191406,0.6718745231628418,198.88092041015625,63.234649658203125,0.9183543920516968,0.0,0.0,0.16151347756385803,0.0,0.0,0.3591831624507904,0.0,0.0,0.007538221310824156,0.0,0.0,0.020879773423075676,0.0,0.0,0.0005684559000656009,0.0,0.0,0.0013658232055604458
1436,True,0.0,0.0,0.004060777369886637,0.0,0.0,0.0008213912951759994,0.0,0.0,0.0006986582884564996,0.0,0.0,0.0017400638898834586,0.0,0.0,0.0012951629469171166,0.0,0.0,0.021879911422729492,0.0,0.0,0.24790331721305847,0.0,0.0,0.2918453514575958,241.4521026611328,53.092323303222656,0.9191502332687378,251.54339599609375,133.6502685546875,0.5829374194145203,196.28671264648438,63.48681640625,0.9522426128387451,0.0,0.0,0.3307885527610779,269.8176574707031,154.04879760742188,0.6363441944122314,0.0,0.0,0.0026349362451583147,0.0,0.0,0.009499849751591682,0.0,0.0,0.00010742113227024674,0.0,0.0,0.0002926970482803881
1437,True,0.0,0.0,0.005990594159811735,0.0,0.0,0.0012474593240767717,0.0,0.0,0.0009115252760238945,0.0,0.0,0.0020208691712468863,0.0,0.0,0.0011692752595990896,0.0,0.0,0.02358633279800415,0.0,0.0,0.22735626995563507,0.0,0.0,0.3384714722633362,243.26507568359375,51.03174591064453,0.9123262166976929,250.0266571044922,133.95567321777344,0.6536784768104553,195.41064453125,62.39579772949219,0.9543350338935852,0.0,0.0,0.308372437953949,271.4488525390625,160.91183471679688,0.589928388595581,0.0,0.0,0.0020956106018275023,0.0,0.0,0.006732625421136618,0.0,0.0,8.151644578902051e-05,0.0,0.0,0.00020657249842770398
1438,True,0.0,0.0,0.0038516439963132143,0.0,0.0,0.0005632260581478477,0.0,0.0,0.0004130901943426579,0.0,0.0,0.000719004194252193,0.0,0.0,0.0004903878434561193,0.0,0.0,0.01289939321577549,0.0,0.0,0.11157409101724625,0.0,0.0,0.28883641958236694,245.7759246826172,54.68220520019531,0.8496783375740051,252.7781219482422,137.97372436523438,0.7366504073143005,195.37632751464844,59.091556549072266,0.9502227306365967,0.0,0.0,0.20535726845264435,0.0,0.0,0.4141988158226013,0.0,0.0,0.003205728717148304,0.0,0.0,0.008916527032852173,0.0,0.0,0.00012426066678017378,0.0,0.0,0.00029204756719991565
1439,True,0.0,0.0,0.004868668969720602,0.0,0.0,0.0007272363291122019,0.0,0.0,0.0005172808305360377,0.0,0.0,0.0007724344031885266,0.0,0.0,0.0005150118377059698,0.0,0.0,0.012700578197836876,0.0,0.0,0.10584810376167297,0.0,0.0,0.27566707134246826,246.71583557128906,50.390052795410156,0.8333273530006409,252.43313598632812,138.0362548828125,0.7369750142097473,195.12142944335938,58.61277389526367,0.9478678703308105,0.0,0.0,0.19127783179283142,0.0,0.0,0.3918702006340027,0.0,0.0,0.003252514870837331,0.0,0.0,0.008873777464032173,0.0,0.0,0.0001334123662672937,0.0,0.0,0.0003105394425801933
1440,True,0.0,0.0,0.0049291811883449554,0.0,0.0,0.0010317463893443346,0.0,0.0,0.0006686494452878833,0.0,0.0,0.0018086660420522094,0.0,0.0,0.0009200694039463997,0.0,0.0,0.023960618302226067,0.0,0.0,0.19407938420772552,0.0,0.0,0.40339431166648865,241.87774658203125,48.94999694824219,0.9077040553092957,249.48529052734375,134.8120574951172,0.711028516292572,194.213623046875,60.97325897216797,0.9554750919342041,0.0,0.0,0.33848994970321655,273.91180419921875,162.17428588867188,0.5942503809928894,0.0,0.0,0.002084342995658517,0.0,0.0,0.005850895307958126,0.0,0.0,7.13808840373531e-05,0.0,0.0,0.00016520589997526258
1441,True,119.51093292236328,80.82371520996094,0.9224153757095337,122.13143920898438,78.48971557617188,0.8728234767913818,116.80941009521484,77.5998764038086,0.9096896052360535,0.0,0.0,0.375266969203949,111.54265594482422,78.75224304199219,0.617774248123169,120.59831237792969,96.90655517578125,0.8434281349182129,110.67948913574219,95.64283752441406,0.8018506765365601,0.0,0.0,0.29555290937423706,0.0,0.0,0.17453613877296448,0.0,0.0,0.16825678944587708,0.0,0.0,0.09911434352397919,0.0,0.0,0.4536972939968109,0.0,0.0,0.3956049978733063,0.0,0.0,0.08469432592391968,0.0,0.0,0.06504164636135101,0.0,0.0,0.03075861558318138,0.0,0.0,0.025260888040065765
1442,True,0.0,0.0,0.01959044300019741,0.0,0.0,0.003942473325878382,0.0,0.0,0.0019094758899882436,0.0,0.0,0.0023406189866364002,0.0,0.0,0.0005727354437112808,0.0,0.0,0.011653928086161613,0.0,0.0,0.11549216508865356,0.0,0.0,0.15316933393478394,257.0969543457031,46.501197814941406,0.743951678276062,251.19082641601562,140.8136444091797,0.6266492605209351,196.03118896484375,59.42009735107422,0.914276123046875,0.0,0.0,0.09526678174734116,0.0,0.0,0.2555842101573944,0.0,0.0,0.0047850944101810455,0.0,0.0,0.014332760125398636,0.0,0.0,0.00047167588490992785,0.0,0.0,0.00119206088129431
1443,True,0.0,0.0,0.010740186087787151,0.0,0.0,0.0018330030143260956,0.0,0.0,0.0015523857437074184,0.0,0.0,0.0017399447970092297,0.0,0.0,0.0009266642155125737,0.0,0.0,0.012347811833024025,0.0,0.0,0.1777971237897873,0.0,0.0,0.17344236373901367,243.5118865966797,48.7391357421875,0.8652920126914978,251.19894409179688,141.04347229003906,0.6198257803916931,195.89361572265625,59.22682571411133,0.948350727558136,0.0,0.0,0.15097318589687347,0.0,0.0,0.40608829259872437,0.0,0.0,0.002740484429523349,0.0,0.0,0.009990048594772816,0.0,0.0,0.00014819414354860783,0.0,0.0,0.00041998247615993023
1444,True,0.0,0.0,0.0097385598346591,0.0,0.0,0.001640243106521666,0.0,0.0,0.0013983872486278415,0.0,0.0,0.0015871314099058509,0.0,0.0,0.0008596104453317821,0.0,0.0,0.012302704155445099,0.0,0.0,0.16507618129253387,0.0,0.0,0.17264972627162933,244.6601104736328,45.04109191894531,0.8565667271614075,253.10089111328125,141.5373992919922,0.6112992763519287,196.4404296875,58.81965255737305,0.9450125694274902,0.0,0.0,0.1560845673084259,0.0,0.0,0.4093128442764282,0.0,0.0,0.0025842105969786644,0.0,0.0,0.00942973978817463,0.0,0.0,0.0001370021200273186,0.0,0.0,0.00039037325768731534
1445,True,0.0,0.0,0.008095120079815388,0.0,0.0,0.0015231712022796273,0.0,0.0,0.0006643884116783738,0.0,0.0,0.0011819752398878336,0.0,0.0,0.00048643065383657813,0.0,0.0,0.022608336061239243,0.0,0.0,0.11366535723209381,0.0,0.0,0.360873281955719,245.56210327148438,47.46339416503906,0.8053610920906067,248.7231903076172,144.18209838867188,0.7678624987602234,196.2424774169922,61.932472229003906,0.9409698843955994,0.0,0.0,0.3064066767692566,281.4585876464844,175.2227783203125,0.5006119608879089,0.0,0.0,0.005357418209314346,0.0,0.0,0.013128540478646755,0.0,0.0,0.00016201366088353097,0.0,0.0,0.00036107710911892354
1446,True,0.0,0.0,0.014202884398400784,0.0,0.0,0.003046381985768676,0.0,0.0,0.0010995687916874886,0.0,0.0,0.001963556744158268,0.0,0.0,0.0006166021339595318,0.0,0.0,0.029933417215943336,0.0,0.0,0.13123352825641632,0.0,0.0,0.35990241169929504,244.07083129882812,44.61304473876953,0.778009295463562,249.49818420410156,145.60781860351562,0.7480008602142334,196.77066040039062,61.66868591308594,0.9286839365959167,0.0,0.0,0.2916348874568939,0.0,0.0,0.4731011688709259,0.0,0.0,0.005355152301490307,0.0,0.0,0.012664597481489182,0.0,0.0,0.00017387623665854335,0.0,0.0,0.0003803762956522405
1447,True,0.0,0.0,0.00706810038536787,0.0,0.0,0.0012903761817142367,0.0,0.0,0.0006759665557183325,0.0,0.0,0.0010240580886602402,0.0,0.0,0.0004256365937180817,0.0,0.0,0.008261238224804401,0.0,0.0,0.08462736755609512,0.0,0.0,0.16467654705047607,246.08746337890625,41.75822448730469,0.7541307806968689,251.0662384033203,146.3717041015625,0.6543500423431396,198.2974090576172,58.40443420410156,0.9286084771156311,0.0,0.0,0.10968838632106781,0.0,0.0,0.277016818523407,0.0,0.0,0.003365411190316081,0.0,0.0,0.009945916943252087,0.0,0.0,0.00022623647237196565,0.0,0.0,0.0005650973762385547
1448,True,0.0,0.0,0.010256974026560783,0.0,0.0,0.001926626660861075,0.0,0.0,0.0008819031645543873,0.0,0.0,0.0014025645796209574,0.0,0.0,0.0006191626307554543,0.0,0.0,0.025809213519096375,0.0,0.0,0.13649782538414001,0.0,0.0,0.3534228801727295,245.29998779296875,48.32672882080078,0.8058741688728333,248.8207550048828,145.88543701171875,0.7402570843696594,196.9973602294922,64.1921615600586,0.9344573020935059,0.0,0.0,0.3686550259590149,280.59552001953125,173.77450561523438,0.5721403956413269,0.0,0.0,0.007662745658308268,0.0,0.0,0.018790163099765778,0.0,0.0,0.0002446094003971666,0.0,0.0,0.0005442574038170278
1449,True,0.0,0.0,0.005580650642514229,0.0,0.0,0.0008775878231972456,0.0,0.0,0.0005924261640757322,0.0,0.0,0.0007123814430087805,0.0,0.0,0.00041045801481232047,0.0,0.0,0.006282146088778973,0.0,0.0,0.08547736704349518,0.0,0.0,0.14612175524234772,246.34898376464844,43.961944580078125,0.7924278378486633,252.28662109375,146.32904052734375,0.6424033045768738,196.4163055419922,63.34483337402344,0.9404954314231873,0.0,0.0,0.11518289148807526,0.0,0.0,0.3126102387905121,0.0,0.0,0.0032678141724318266,0.0,0.0,0.01076345145702362,0.0,0.0,0.00020285211212467402,0.0,0.0,0.0005428401636891067
1450,True,0.0,0.0,0.006822462193667889,0.0,0.0,0.001055691740475595,0.0,0.0,0.0005913785425946116,0.0,0.0,0.0008490627515129745,0.0,0.0,0.0005256396834738553,0.0,0.0,0.021547872573137283,0.0,0.0,0.13467875123023987,0.0,0.0,0.3658938407897949,245.28927612304688,48.74401092529297,0.8485874533653259,247.6674346923828,144.72352600097656,0.7868808507919312,196.83038330078125,66.07048797607422,0.9565770626068115,0.0,0.0,0.32826924324035645,281.9556884765625,178.3605499267578,0.5478922128677368,0.0,0.0,0.005786160007119179,0.0,0.0,0.015541093423962593,0.0,0.0,0.00016859648167155683,0.0,0.0,0.0003985041694249958
1451,True,0.0,0.0,0.006068306043744087,0.0,0.0,0.000930256734136492,0.0,0.0,0.0006227199919521809,0.0,0.0,0.000749837898183614,0.0,0.0,0.0004521693044807762,0.0,0.0,0.008205508813261986,0.0,0.0,0.09667505323886871,0.0,0.0,0.1828409731388092,245.51414489746094,46.035308837890625,0.8104333877563477,250.70018005371094,147.04067993164062,0.696365237236023,196.05389404296875,65.78236389160156,0.9485368132591248,0.0,0.0,0.12063382565975189,0.0,0.0,0.31110453605651855,0.0,0.0,0.003559424774721265,0.0,0.0,0.01102377101778984,0.0,0.0,0.00022013024135958403,0.0,0.0,0.000564041081815958
1452,True,0.0,0.0,0.014678861014544964,0.0,0.0,0.002440924057736993,0.0,0.0,0.002173979999497533,0.0,0.0,0.001902022399008274,0.0,0.0,0.001166202942840755,0.0,0.0,0.015609893947839737,0.0,0.0,0.19919395446777344,0.0,0.0,0.18516585230827332,240.75709533691406,45.60603332519531,0.8636955618858337,250.35464477539062,145.62188720703125,0.6250756978988647,193.13104248046875,64.05374145507812,0.949082612991333,0.0,0.0,0.16408555209636688,0.0,0.0,0.42445775866508484,0.0,0.0,0.0028896168805658817,0.0,0.0,0.010398652404546738,0.0,0.0,0.00015032869123388082,0.0,0.0,0.0004254538216628134
1453,True,0.0,0.0,0.00726288789883256,0.0,0.0,0.0011036815121769905,0.0,0.0,0.0005987315671518445,0.0,0.0,0.0008518820977769792,0.0,0.0,0.0005164743633940816,0.0,0.0,0.02380388230085373,0.0,0.0,0.14116890728473663,0.0,0.0,0.40238603949546814,243.7393035888672,49.34413146972656,0.8536253571510315,247.8397674560547,146.41738891601562,0.8120940327644348,194.6300048828125,67.31803894042969,0.9600978493690491,0.0,0.0,0.3409479856491089,285.099853515625,179.9620361328125,0.5522484183311462,0.0,0.0,0.006076450925320387,0.0,0.0,0.015497223474085331,0.0,0.0,0.00016707487520761788,0.0,0.0,0.00037945457734167576
1454,True,0.0,0.0,0.013885263353586197,0.0,0.0,0.0022451719269156456,0.0,0.0,0.0020277604926377535,0.0,0.0,0.0017125688027590513,0.0,0.0,0.0010612523183226585,0.0,0.0,0.012991677969694138,0.0,0.0,0.20081362128257751,0.0,0.0,0.16521872580051422,240.84214782714844,47.57817077636719,0.8760659098625183,250.51800537109375,146.13186645507812,0.6059361100196838,192.53721618652344,65.4909896850586,0.9537045955657959,0.0,0.0,0.1547190546989441,0.0,0.0,0.42971932888031006,0.0,0.0,0.0022589797154068947,0.0,0.0,0.008955428376793861,0.0,0.0,0.00010953302262350917,0.0,0.0,0.0003313506313133985
1455,True,0.0,0.0,0.00796864926815033,0.0,0.0,0.0011759502813220024,0.0,0.0,0.0008422778337262571,0.0,0.0,0.0007731273071840405,0.0,0.0,0.0005199668230488896,0.0,0.0,0.008495410904288292,0.0,0.0,0.10238946974277496,0.0,0.0,0.18566380441188812,244.7274169921875,45.737220764160156,0.8238730430603027,252.0228729248047,150.58827209472656,0.6970335841178894,196.0824432373047,65.75187683105469,0.9523483514785767,0.0,0.0,0.12211383879184723,0.0,0.0,0.3177519738674164,0.0,0.0,0.0027184037026017904,0.0,0.0,0.008719087578356266,0.0,0.0,0.00014249488594941795,0.0,0.0,0.0003744856221601367
1456,True,0.0,0.0,0.008026313036680222,0.0,0.0,0.0012593138962984085,0.0,0.0,0.000820476096123457,0.0,0.0,0.0008926839800551534,0.0,0.0,0.0005267822416499257,0.0,0.0,0.01024132501333952,0.0,0.0,0.10842537879943848,0.0,0.0,0.21607130765914917,243.6119842529297,45.335166931152344,0.8263983726501465,252.510009765625,151.20420837402344,0.7233355641365051,196.51971435546875,67.40904998779297,0.9529447555541992,0.0,0.0,0.14396317303180695,0.0,0.0,0.3459928631782532,0.0,0.0,0.003307713894173503,0.0,0.0,0.009920875541865826,0.0,0.0,0.00016895760199986398,0.0,0.0,0.000424861500505358
1457,True,0.0,0.0,0.004166849423199892,0.0,0.0,0.0008451060275547206,0.0,0.0,0.0006267796270549297,0.0,0.0,0.0012652677251026034,0.0,0.0,0.000818431843072176,0.0,0.0,0.013248591683804989,0.0,0.0,0.1542077660560608,0.0,0.0,0.2586611211299896,236.11636352539062,48.796878814697266,0.8866357207298279,247.5763397216797,148.64639282226562,0.6460205912590027,195.80926513671875,67.42593383789062,0.9585752487182617,0.0,0.0,0.24891923367977142,280.6998291015625,173.31422424316406,0.5281400680541992,0.0,0.0,0.0017394197639077902,0.0,0.0,0.005999812390655279,0.0,0.0,6.098110679886304e-05,0.0,0.0,0.00016501336358487606
1458,True,0.0,0.0,0.005349194165319204,0.0,0.0,0.0010935559403151274,0.0,0.0,0.0008271856349892914,0.0,0.0,0.0014606320764869452,0.0,0.0,0.0009909350192174315,0.0,0.0,0.014688808470964432,0.0,0.0,0.17212165892124176,0.0,0.0,0.2430063635110855,235.86581420898438,47.85523986816406,0.8826568126678467,246.68960571289062,148.7119140625,0.6273409724235535,195.83274841308594,67.7664794921875,0.9564391374588013,0.0,0.0,0.2340392768383026,280.51141357421875,173.5881805419922,0.5136922001838684,0.0,0.0,0.0017166252946481109,0.0,0.0,0.00608885008841753,0.0,0.0,6.224749813554808e-05,0.0,0.0,0.0001711392105789855
1459,True,0.0,0.0,0.007351398933678865,0.0,0.0,0.0010605312418192625,0.0,0.0,0.0008394423057325184,0.0,0.0,0.0008224776829592884,0.0,0.0,0.0006152906571514904,0.0,0.0,0.009852494113147259,0.0,0.0,0.13445155322551727,0.0,0.0,0.20362727344036102,241.01934814453125,49.68949890136719,0.8621213436126709,252.30599975585938,152.21461486816406,0.7087774276733398,196.05242919921875,68.82537078857422,0.9603976011276245,0.0,0.0,0.14736488461494446,0.0,0.0,0.3799932599067688,0.0,0.0,0.0032232073135674,0.0,0.0,0.01071497518569231,0.0,0.0,0.0001631747290957719,0.0,0.0,0.00044051004806533456
1460,True,0.0,0.0,0.008474241942167282,0.0,0.0,0.0013130790321156383,0.0,0.0,0.000924032530747354,0.0,0.0,0.0009723433176986873,0.0,0.0,0.0006089400849305093,0.0,0.0,0.011232749558985233,0.0,0.0,0.13181182742118835,0.0,0.0,0.23465903103351593,241.4443817138672,48.455665588378906,0.8613616228103638,251.38108825683594,152.46881103515625,0.7475643754005432,196.6785430908203,68.9284896850586,0.9622025489807129,0.0,0.0,0.1614741086959839,0.0,0.0,0.3904716968536377,0.0,0.0,0.0037009550724178553,0.0,0.0,0.011470569297671318,0.0,0.0,0.0001831528643378988,0.0,0.0,0.0004724023456219584
1461,True,0.0,0.0,0.004937237594276667,0.0,0.0,0.0009366387384943664,0.0,0.0,0.0008626981871202588,0.0,0.0,0.001284153899177909,0.0,0.0,0.0011656987480819225,0.0,0.0,0.013255788013339043,0.0,0.0,0.20029863715171814,0.0,0.0,0.22614604234695435,234.60043334960938,51.756324768066406,0.907227098941803,246.35121154785156,149.59658813476562,0.5972122550010681,194.74853515625,69.66508483886719,0.961560845375061,0.0,0.0,0.2641852796077728,279.6820983886719,171.36456298828125,0.5840291380882263,0.0,0.0,0.0018819512333720922,0.0,0.0,0.007357636466622353,0.0,0.0,6.565275543835014e-05,0.0,0.0,0.00019184975826647133
1462,True,0.0,0.0,0.004776559304445982,0.0,0.0,0.0009211509604938328,0.0,0.0,0.0007982539827935398,0.0,0.0,0.0013388819061219692,0.0,0.0,0.0010994598269462585,0.0,0.0,0.015339716337621212,0.0,0.0,0.19327333569526672,0.0,0.0,0.2680402100086212,236.060302734375,51.52404022216797,0.9053319096565247,244.4273681640625,149.8577423095703,0.6371113061904907,193.8648681640625,69.8927993774414,0.9610839486122131,0.0,0.0,0.30310389399528503,278.49127197265625,172.3733673095703,0.6070809364318848,0.0,0.0,0.002042150590568781,0.0,0.0,0.0073941475711762905,0.0,0.0,6.446759653044865e-05,0.0,0.0,0.00017904042033478618
1463,True,0.0,0.0,0.006538858637213707,0.0,0.0,0.0008596178377047181,0.0,0.0,0.0008493904606439173,0.0,0.0,0.0007078500930219889,0.0,0.0,0.0007225725566968322,0.0,0.0,0.008804148994386196,0.0,0.0,0.16295509040355682,0.0,0.0,0.19509662687778473,239.5707550048828,49.88397979736328,0.904936671257019,251.2179412841797,154.81304931640625,0.7049234509468079,195.20028686523438,71.90373229980469,0.971844494342804,0.0,0.0,0.1697956919670105,0.0,0.0,0.4598126709461212,0.0,0.0,0.002897917293012142,0.0,0.0,0.011369048617780209,0.0,0.0,0.00011910885223187506,0.0,0.0,0.0003621647774707526
1464,True,0.0,0.0,0.004311493597924709,0.0,0.0,0.000777553825173527,0.0,0.0,0.000808531534858048,0.0,0.0,0.001159113715402782,0.0,0.0,0.0013902750797569752,0.0,0.0,0.016854211688041687,0.0,0.0,0.2066228836774826,0.0,0.0,0.2883928716182709,234.8463897705078,52.091827392578125,0.9163051843643188,245.50733947753906,150.7353057861328,0.6166710257530212,192.8497772216797,71.04390716552734,0.9606910347938538,0.0,0.0,0.37459853291511536,277.40478515625,167.65182495117188,0.6768035888671875,0.0,0.0,0.0022292761132121086,0.0,0.0,0.00805918499827385,0.0,0.0,6.374489021254703e-05,0.0,0.0,0.00017536159430164844
1465,True,0.0,0.0,0.0041707297787070274,0.0,0.0,0.0007546875858679414,0.0,0.0,0.000793228973634541,0.0,0.0,0.001135048340074718,0.0,0.0,0.0013907644897699356,0.0,0.0,0.01582062616944313,0.0,0.0,0.20362377166748047,0.0,0.0,0.2638576328754425,234.828125,50.442352294921875,0.911153256893158,245.599609375,150.05760192871094,0.6030222773551941,193.50967407226562,70.81263732910156,0.9595946073532104,0.0,0.0,0.34527915716171265,278.2796936035156,165.89662170410156,0.6550456285476685,0.0,0.0,0.00230862176977098,0.0,0.0,0.008497479371726513,0.0,0.0,7.063536031637341e-05,0.0,0.0,0.00019635519129224122
1466,True,0.0,0.0,0.006019905209541321,0.0,0.0,0.0011103557189926505,0.0,0.0,0.0011264418717473745,0.0,0.0,0.0013950306456536055,0.0,0.0,0.0016209123423323035,0.0,0.0,0.017437083646655083,0.0,0.0,0.23252615332603455,0.0,0.0,0.24940519034862518,234.85301208496094,50.40760803222656,0.9139607548713684,245.2848663330078,151.05123901367188,0.5806825160980225,193.63861083984375,71.14553833007812,0.9592852592468262,0.0,0.0,0.329977422952652,279.6143798828125,169.5697784423828,0.6524764895439148,0.0,0.0,0.002187061822041869,0.0,0.0,0.008447599597275257,0.0,0.0,6.805553130107e-05,0.0,0.0,0.00019690170302055776
1467,True,0.0,0.0,0.0050380346365273,0.0,0.0,0.0009467441122978926,0.0,0.0,0.0009303640108555555,0.0,0.0,0.001267427927814424,0.0,0.0,0.0013673146022483706,0.0,0.0,0.015171028673648834,0.0,0.0,0.1993170529603958,0.0,0.0,0.2372114658355713,235.88296508789062,48.268653869628906,0.9050838947296143,246.59886169433594,150.8516082763672,0.5793361663818359,194.72564697265625,71.31959533691406,0.9577115774154663,0.0,0.0,0.2957528829574585,277.76385498046875,169.83717346191406,0.6112173795700073,0.0,0.0,0.001871292246505618,0.0,0.0,0.007236770819872618,0.0,0.0,6.279170338530093e-05,0.0,0.0,0.00018195982556790113
1468,True,0.0,0.0,0.0045953551307320595,0.0,0.0,0.000867173308506608,0.0,0.0,0.0008219370502047241,0.0,0.0,0.0011513555655255914,0.0,0.0,0.0011865958804264665,0.0,0.0,0.012997377663850784,0.0,0.0,0.17897768318653107,0.0,0.0,0.22138109803199768,236.38589477539062,48.12937927246094,0.898837149143219,245.91290283203125,151.0159912109375,0.5756120681762695,195.19961547851562,71.20854949951172,0.9574154615402222,0.0,0.0,0.2653845548629761,279.04205322265625,171.48895263671875,0.579018235206604,0.0,0.0,0.0017427530838176608,0.0,0.0,0.006776605732738972,0.0,0.0,6.230189319467172e-05,0.0,0.0,0.0001811477413866669
1469,True,0.0,0.0,0.004637314006686211,0.0,0.0,0.0009146494558081031,0.0,0.0,0.0008061335538513958,0.0,0.0,0.0012230310821905732,0.0,0.0,0.001111819059588015,0.0,0.0,0.012636890634894371,0.0,0.0,0.17228135466575623,0.0,0.0,0.21625429391860962,235.7439422607422,47.5346794128418,0.8952512145042419,245.564697265625,151.94912719726562,0.5776572227478027,195.73211669921875,71.03711700439453,0.9571110010147095,0.0,0.0,0.25353574752807617,277.6487731933594,171.92156982421875,0.563946545124054,0.0,0.0,0.0017043434781953692,0.0,0.0,0.006628400180488825,0.0,0.0,6.273101462284103e-05,0.0,0.0,0.00018279592040926218
1470,True,0.0,0.0,0.00480402447283268,0.0,0.0,0.0008845936972647905,0.0,0.0,0.0009290839661844075,0.0,0.0,0.0010890928097069263,0.0,0.0,0.001328272745013237,0.0,0.0,0.011220145970582962,0.0,0.0,0.18542759120464325,0.0,0.0,0.18788382411003113,235.4410400390625,47.40229797363281,0.9034700393676758,245.69973754882812,152.1501007080078,0.5319247841835022,195.52804565429688,71.24385070800781,0.9579403400421143,0.0,0.0,0.23783384263515472,279.3384094238281,172.33163452148438,0.5679476857185364,0.0,0.0,0.0016134792240336537,0.0,0.0,0.0067735291086137295,0.0,0.0,6.428140477510169e-05,0.0,0.0,0.00019661935220938176
1471,True,0.0,0.0,0.005703167524188757,0.0,0.0,0.0010941124055534601,0.0,0.0,0.001045247889123857,0.0,0.0,0.0013040060875937343,0.0,0.0,0.0013909863773733377,0.0,0.0,0.013919292949140072,0.0,0.0,0.19602105021476746,0.0,0.0,0.21326018869876862,237.1924591064453,47.86791229248047,0.9011666774749756,245.93814086914062,152.13958740234375,0.5522035956382751,195.75376892089844,70.94569396972656,0.9557284116744995,0.0,0.0,0.2650952637195587,279.1020202636719,172.23077392578125,0.586664080619812,0.0,0.0,0.00175419170409441,0.0,0.0,0.007012027315795422,0.0,0.0,6.427202606573701e-05,0.0,0.0,0.00019056897144764662
1472,True,0.0,0.0,0.006399714387953281,0.0,0.0,0.0012003639712929726,0.0,0.0,0.0011696283472701907,0.0,0.0,0.0014544484438374639,0.0,0.0,0.0015395793598145247,0.0,0.0,0.016611317172646523,0.0,0.0,0.2301451861858368,0.0,0.0,0.23539136350154877,236.51370239257812,49.700958251953125,0.9123932123184204,245.24411010742188,152.1849822998047,0.5804544687271118,195.457275390625,71.79630279541016,0.9601191282272339,0.0,0.0,0.29449185729026794,278.0783996582031,170.80934143066406,0.6205368041992188,0.0,0.0,0.002019478939473629,0.0,0.0,0.008035878650844097,0.0,0.0,6.92605972290039e-05,0.0,0.0,0.00020456445054151118
1473,True,0.0,0.0,0.006672590505331755,0.0,0.0,0.0011630633380264044,0.0,0.0,0.0013567234855145216,0.0,0.0,0.0013483533402904868,0.0,0.0,0.0019910489208996296,0.0,0.0,0.01785270869731903,0.0,0.0,0.25124603509902954,0.0,0.0,0.22560705244541168,234.82179260253906,51.68031311035156,0.9143708944320679,245.18751525878906,152.2544403076172,0.5361801981925964,195.0759735107422,71.9227294921875,0.9568216800689697,0.0,0.0,0.3153282403945923,278.4000549316406,169.2242431640625,0.6474505662918091,0.0,0.0,0.0023218211717903614,0.0,0.0,0.009421752765774727,0.0,0.0,8.112839714158326e-05,0.0,0.0,0.0002414564514765516
1474,True,0.0,0.0,0.005515780299901962,0.0,0.0,0.0007424763753078878,0.0,0.0,0.0010039188200607896,0.0,0.0,0.0008883067057467997,0.0,0.0,0.001698148320429027,0.0,0.0,0.021055325865745544,0.0,0.0,0.27248719334602356,0.0,0.0,0.30788227915763855,233.888671875,55.31924819946289,0.9340303540229797,245.03704833984375,155.89456176757812,0.6922422051429749,193.66738891601562,71.24790954589844,0.9731017351150513,0.0,0.0,0.311450332403183,282.26226806640625,175.16815185546875,0.6257113814353943,0.0,0.0,0.0026283306069672108,0.0,0.0,0.009845495223999023,0.0,0.0,7.039201591396704e-05,0.0,0.0,0.00019763469754252583
1475,True,0.0,0.0,0.005265680607408285,0.0,0.0,0.0006987948436290026,0.0,0.0,0.0010361138265579939,0.0,0.0,0.0008045948343351483,0.0,0.0,0.0017588071059435606,0.0,0.0,0.017267147079110146,0.0,0.0,0.26548969745635986,0.0,0.0,0.25467923283576965,232.8505859375,54.280616760253906,0.9327484369277954,246.38572692871094,156.20602416992188,0.6540345549583435,193.4866485595703,71.0709228515625,0.9731970429420471,0.0,0.0,0.2792249619960785,282.87213134765625,175.37896728515625,0.610931396484375,0.0,0.0,0.0027132711838930845,0.0,0.0,0.011054313741624355,0.0,0.0,8.07514225016348e-05,0.0,0.0,0.00024002532882150263
1476,True,0.0,0.0,0.008103099651634693,0.0,0.0,0.0011814226163551211,0.0,0.0,0.0009941449388861656,0.0,0.0,0.0009340783581137657,0.0,0.0,0.0007240594131872058,0.0,0.0,0.010739235207438469,0.0,0.0,0.1740574687719345,0.0,0.0,0.18785999715328217,240.02621459960938,49.8035888671875,0.8840409517288208,250.72689819335938,158.82217407226562,0.6654766798019409,194.44174194335938,72.96607971191406,0.9623086452484131,0.0,0.0,0.18070805072784424,0.0,0.0,0.47059309482574463,0.0,0.0,0.004950434900820255,0.0,0.0,0.01817122846841812,0.0,0.0,0.00026800227351486683,0.0,0.0,0.0007784386980347335
1477,True,0.0,0.0,0.006387915462255478,0.0,0.0,0.0009899107972159982,0.0,0.0,0.0007525875698775053,0.0,0.0,0.0009565508225932717,0.0,0.0,0.0006145199877209961,0.0,0.0,0.010921497829258442,0.0,0.0,0.16877011954784393,0.0,0.0,0.21467478573322296,237.9564666748047,50.05909729003906,0.891002357006073,251.182373046875,158.2422332763672,0.7064229249954224,194.236572265625,73.75355529785156,0.9660618901252747,0.0,0.0,0.22337548434734344,282.7591552734375,175.9072265625,0.5260682106018066,0.0,0.0,0.006204096134752035,0.0,0.0,0.021651236340403557,0.0,0.0,0.0003041028685402125,0.0,0.0,0.0008569705532863736
1478,True,0.0,0.0,0.005198153667151928,0.0,0.0,0.0006778153474442661,0.0,0.0,0.0011258497834205627,0.0,0.0,0.0008506742888130248,0.0,0.0,0.002161935204640031,0.0,0.0,0.020913194864988327,0.0,0.0,0.3005835711956024,0.0,0.0,0.2788369655609131,232.17710876464844,56.40503692626953,0.9388332962989807,248.1566619873047,156.7371368408203,0.6376005411148071,192.45547485351562,71.9604721069336,0.9710943102836609,0.0,0.0,0.3784492015838623,278.78009033203125,170.9149169921875,0.7051888704299927,0.0,0.0,0.004093915224075317,0.0,0.0,0.016150766983628273,0.0,0.0,0.000116110393719282,0.0,0.0,0.0003359344264026731
1479,True,0.0,0.0,0.004552802070975304,0.0,0.0,0.0006365860463120043,0.0,0.0,0.0008848701254464686,0.0,0.0,0.0008522751159034669,0.0,0.0,0.001611695857718587,0.0,0.0,0.018181800842285156,0.0,0.0,0.25987133383750916,0.0,0.0,0.2908359169960022,231.52500915527344,55.826751708984375,0.9349744915962219,247.3523406982422,156.36947631835938,0.6768098473548889,192.27035522460938,72.19892120361328,0.9727211594581604,0.0,0.0,0.3461800813674927,280.0131530761719,170.43785095214844,0.6680196523666382,0.0,0.0,0.0036602222826331854,0.0,0.0,0.013758371584117413,0.0,0.0,0.00010498053597984836,0.0,0.0,0.00029501167591661215
1480,True,0.0,0.0,0.004156348295509815,0.0,0.0,0.0005857603973709047,0.0,0.0,0.0008005674462765455,0.0,0.0,0.0008397455676458776,0.0,0.0,0.0014752537244930863,0.0,0.0,0.016655532643198967,0.0,0.0,0.25869619846343994,0.0,0.0,0.29158639907836914,231.4882049560547,55.22453689575195,0.9401441216468811,246.52352905273438,155.59805297851562,0.6927992105484009,192.23089599609375,71.74540710449219,0.9754829406738281,0.0,0.0,0.3462064862251282,278.548828125,170.4025421142578,0.6745285391807556,0.0,0.0,0.0032286199275404215,0.0,0.0,0.012470236979424953,0.0,0.0,8.674497075844556e-05,0.0,0.0,0.0002483981952536851
1481,True,0.0,0.0,0.0044652544893324375,0.0,0.0,0.0006192529108375311,0.0,0.0,0.0008833311730995774,0.0,0.0,0.0008759379270486534,0.0,0.0,0.001657279091887176,0.0,0.0,0.01818733476102352,0.0,0.0,0.2777186334133148,0.0,0.0,0.29378193616867065,231.14706420898438,54.701622009277344,0.9419720768928528,246.57232666015625,155.55421447753906,0.6853224039077759,192.3291473388672,71.53626251220703,0.9750733971595764,0.0,0.0,0.35580116510391235,277.3634948730469,169.5334930419922,0.6847717761993408,0.0,0.0,0.003432995406910777,0.0,0.0,0.013340541161596775,0.0,0.0,9.46115396800451e-05,0.0,0.0,0.0002713110588956624
1482,True,0.0,0.0,0.00502946600317955,0.0,0.0,0.0006750767934136093,0.0,0.0,0.001006075064651668,0.0,0.0,0.0008783942903392017,0.0,0.0,0.0017701750621199608,0.0,0.0,0.017919208854436874,0.0,0.0,0.2889031171798706,0.0,0.0,0.2895500659942627,230.83827209472656,54.382686614990234,0.9445770978927612,246.78350830078125,155.01776123046875,0.6874401569366455,192.35504150390625,71.31343841552734,0.9762945771217346,0.0,0.0,0.32573920488357544,278.1097412109375,170.506591796875,0.6621140241622925,0.0,0.0,0.002991722198203206,0.0,0.0,0.011865515261888504,0.0,0.0,8.524530858267099e-05,0.0,0.0,0.00024733590544201434
1483,True,0.0,0.0,0.004361775238066912,0.0,0.0,0.000761269242502749,0.0,0.0,0.0008731330162845552,0.0,0.0,0.001253520604223013,0.0,0.0,0.0016758099664002657,0.0,0.0,0.018879160284996033,0.0,0.0,0.2616179883480072,0.0,0.0,0.28603777289390564,230.3549346923828,54.65955352783203,0.9294673204421997,243.41331481933594,150.836669921875,0.6156564354896545,192.16241455078125,71.96467590332031,0.9646302461624146,0.0,0.0,0.3957955539226532,274.59149169921875,164.94644165039062,0.7116503119468689,0.0,0.0,0.00294962408952415,0.0,0.0,0.01111379824578762,0.0,0.0,8.809106657281518e-05,0.0,0.0,0.00024668261175975204
1484,True,0.0,0.0,0.004286229144781828,0.0,0.0,0.0005745944799855351,0.0,0.0,0.0008100800914689898,0.0,0.0,0.0008296318701468408,0.0,0.0,0.0015269615687429905,0.0,0.0,0.019073279574513435,0.0,0.0,0.26924362778663635,0.0,0.0,0.34568893909454346,230.44972229003906,56.01801300048828,0.9462679028511047,245.22251892089844,154.25250244140625,0.7371576428413391,190.94961547851562,70.81736755371094,0.9780194759368896,0.0,0.0,0.3542611002922058,277.4443664550781,172.0836944580078,0.6697659492492676,0.0,0.0,0.0027378115337342024,0.0,0.0,0.010051329620182514,0.0,0.0,6.676285556750372e-05,0.0,0.0,0.00018410570919513702
1485,True,0.0,0.0,0.0050182826817035675,0.0,0.0,0.0008998103439807892,0.0,0.0,0.0009738684166222811,0.0,0.0,0.0014297678135335445,0.0,0.0,0.0017010034061968327,0.0,0.0,0.01962532103061676,0.0,0.0,0.2793496251106262,0.0,0.0,0.29529955983161926,230.44961547851562,55.13412094116211,0.9347742199897766,242.71841430664062,151.44769287109375,0.6255761981010437,191.941650390625,71.66393280029297,0.9666785001754761,0.0,0.0,0.4101121127605438,273.55517578125,165.482421875,0.726537823677063,0.0,0.0,0.002690396038815379,0.0,0.0,0.010303548537194729,0.0,0.0,7.540860679000616e-05,0.0,0.0,0.0002142441226169467
1486,True,0.0,0.0,0.004884469322860241,0.0,0.0,0.0008430654997937381,0.0,0.0,0.0010111795272678137,0.0,0.0,0.001391748315654695,0.0,0.0,0.001916946261189878,0.0,0.0,0.02128809690475464,0.0,0.0,0.29251477122306824,0.0,0.0,0.31524214148521423,231.2989959716797,56.38554382324219,0.9386733174324036,242.64138793945312,150.89895629882812,0.6278814077377319,191.44317626953125,72.26448822021484,0.9663487672805786,0.0,0.0,0.4422266483306885,271.82275390625,165.32220458984375,0.7480383515357971,0.0,0.0,0.002828588942065835,0.0,0.0,0.01067611575126648,0.0,0.0,7.802906475262716e-05,0.0,0.0,0.0002182534954044968
1487,True,0.0,0.0,0.005104721989482641,0.0,0.0,0.0008740670164115727,0.0,0.0,0.001049958635121584,0.0,0.0,0.0014389579882845283,0.0,0.0,0.002014023019000888,0.0,0.0,0.02372550591826439,0.0,0.0,0.3045831620693207,0.0,0.0,0.3297439515590668,231.2382354736328,57.04100036621094,0.9393677711486816,242.63331604003906,150.9048614501953,0.6302083730697632,191.47280883789062,72.1474609375,0.9657848477363586,0.0,0.0,0.4621371328830719,271.8567810058594,164.7899932861328,0.7585967183113098,0.0,0.0,0.0029251405503600836,0.0,0.0,0.01084812544286251,0.0,0.0,7.68793688621372e-05,0.0,0.0,0.0002125725441146642
1488,True,0.0,0.0,0.00534895621240139,0.0,0.0,0.0010203039273619652,0.0,0.0,0.0009876253316178918,0.0,0.0,0.0015868087066337466,0.0,0.0,0.0014985721791163087,0.0,0.0,0.01883562281727791,0.0,0.0,0.25485047698020935,0.0,0.0,0.29644903540611267,231.54136657714844,57.21418380737305,0.9258440136909485,242.97940063476562,150.20223999023438,0.6275603771209717,191.83616638183594,71.26156616210938,0.9625729918479919,0.0,0.0,0.37349820137023926,272.7557678222656,168.86050415039062,0.6858397722244263,0.0,0.0,0.002304681111127138,0.0,0.0,0.008408643305301666,0.0,0.0,6.91516324877739e-05,0.0,0.0,0.000190399878192693
1489,True,0.0,0.0,0.005308547522872686,0.0,0.0,0.0010378120932728052,0.0,0.0,0.0008814461180008948,0.0,0.0,0.0016942957881838083,0.0,0.0,0.0012761384714394808,0.0,0.0,0.021569184958934784,0.0,0.0,0.2489253431558609,0.0,0.0,0.3447718024253845,232.48324584960938,56.99687194824219,0.9241251945495605,242.09747314453125,149.58778381347656,0.6868944764137268,192.06251525878906,71.3055648803711,0.9648649096488953,0.0,0.0,0.38919422030448914,273.43994140625,171.2918243408203,0.6817570924758911,0.0,0.0,0.0024890017230063677,0.0,0.0,0.008352672681212425,0.0,0.0,6.978087913012132e-05,0.0,0.0,0.00018194160657003522
1490,True,0.0,0.0,0.005817797034978867,0.0,0.0,0.0011038791853934526,0.0,0.0,0.0010431131813675165,0.0,0.0,0.0017019768711179495,0.0,0.0,0.0015076696872711182,0.0,0.0,0.021978357806801796,0.0,0.0,0.2625459134578705,0.0,0.0,0.3390759825706482,232.57717895507812,56.78654479980469,0.927047073841095,243.64590454101562,149.4547882080078,0.6697248220443726,191.7257537841797,70.62216186523438,0.9640820622444153,0.0,0.0,0.39292579889297485,273.2890625,170.9359130859375,0.6891751289367676,0.0,0.0,0.002502056071534753,0.0,0.0,0.008538240566849709,0.0,0.0,7.241416460601613e-05,0.0,0.0,0.0001904196833493188
1491,True,0.0,0.0,0.009101935662329197,0.0,0.0,0.0013900104677304626,0.0,0.0,0.0008276168373413384,0.0,0.0,0.001172450603917241,0.0,0.0,0.000723262142855674,0.0,0.0,0.031043216586112976,0.0,0.0,0.22636091709136963,0.0,0.0,0.46742239594459534,238.42576599121094,52.50996398925781,0.9124459028244019,244.06280517578125,148.6531524658203,0.8532518148422241,193.1238555908203,69.54144287109375,0.9753782749176025,0.0,0.0,0.4167260229587555,283.29156494140625,178.52915954589844,0.6566563248634338,0.0,0.0,0.006802678108215332,0.0,0.0,0.018635695800185204,0.0,0.0,0.00015742081450298429,0.0,0.0,0.0003785783483181149
1492,True,0.0,0.0,0.011811478063464165,0.0,0.0,0.0019314315868541598,0.0,0.0,0.0009498015278950334,0.0,0.0,0.0015376484952867031,0.0,0.0,0.0007359476294368505,0.0,0.0,0.039910975843667984,0.0,0.0,0.2469400018453598,0.0,0.0,0.4782889783382416,239.8365936279297,52.58183288574219,0.9019872546195984,244.16867065429688,147.36666870117188,0.8470062613487244,193.79415893554688,68.82396697998047,0.9712809920310974,0.0,0.0,0.43204596638679504,284.97283935546875,178.43771362304688,0.6586695313453674,0.0,0.0,0.00812160037457943,0.0,0.0,0.021641936153173447,0.0,0.0,0.00019321538275107741,0.0,0.0,0.00045892054913565516
1493,True,0.0,0.0,0.0071516744792461395,0.0,0.0,0.0010805338388308883,0.0,0.0,0.0008512280764989555,0.0,0.0,0.0010283088777214289,0.0,0.0,0.000726854894310236,0.0,0.0,0.011134701780974865,0.0,0.0,0.16784851253032684,0.0,0.0,0.20506805181503296,238.18898010253906,52.377716064453125,0.877662718296051,248.17454528808594,149.10829162597656,0.691092848777771,192.68748474121094,67.59059143066406,0.9603523015975952,0.0,0.0,0.17428548634052277,0.0,0.0,0.44031935930252075,0.0,0.0,0.0038107377476990223,0.0,0.0,0.013145782984793186,0.0,0.0,0.0001711689110379666,0.0,0.0,0.00047578741214238107
1494,True,0.0,0.0,0.009824426844716072,0.0,0.0,0.0015454875538125634,0.0,0.0,0.0007885179948061705,0.0,0.0,0.0012636622413992882,0.0,0.0,0.000645143969450146,0.0,0.0,0.03431909531354904,0.0,0.0,0.20448744297027588,0.0,0.0,0.4701644480228424,240.4676055908203,53.57771301269531,0.8868736624717712,244.03187561035156,146.00958251953125,0.8388264775276184,192.2635498046875,66.32438659667969,0.9664596915245056,0.0,0.0,0.4050039052963257,285.0970458984375,177.6932830810547,0.622113049030304,0.0,0.0,0.007744506932795048,0.0,0.0,0.019450804218649864,0.0,0.0,0.00019044819055125117,0.0,0.0,0.0004329602816142142
1495,True,0.0,0.0,0.009967662394046783,0.0,0.0,0.0016107683768495917,0.0,0.0,0.0007707527838647366,0.0,0.0,0.0013040495105087757,0.0,0.0,0.000619784346781671,0.0,0.0,0.0325738899409771,0.0,0.0,0.19554637372493744,0.0,0.0,0.44231730699539185,242.86270141601562,54.141693115234375,0.8791859745979309,244.683837890625,146.28326416015625,0.8187287449836731,192.80294799804688,66.14254760742188,0.9628843665122986,0.0,0.0,0.35739412903785706,285.9840087890625,180.05410766601562,0.578417956829071,0.0,0.0,0.005932576023042202,0.0,0.0,0.01539624109864235,0.0,0.0,0.00015127773804124445,0.0,0.0,0.00035331546678207815
1496,True,0.0,0.0,0.010247538797557354,0.0,0.0,0.002171316184103489,0.0,0.0,0.001512984512373805,0.0,0.0,0.0025179965887218714,0.0,0.0,0.0014697802253067493,0.0,0.0,0.027987496927380562,0.0,0.0,0.24431371688842773,0.0,0.0,0.322066068649292,235.45008850097656,59.35828399658203,0.8836961984634399,241.9533233642578,144.3170623779297,0.66311115026474,191.47340393066406,66.85301208496094,0.9484176635742188,0.0,0.0,0.28142380714416504,278.81097412109375,173.6815185546875,0.5419573187828064,0.0,0.0,0.0026311534456908703,0.0,0.0,0.007903005927801132,0.0,0.0,8.995469397632405e-05,0.0,0.0,0.00021873308287467808
1497,True,0.0,0.0,0.00779780512675643,0.0,0.0,0.001554537913762033,0.0,0.0,0.0012011622311547399,0.0,0.0,0.0020369309931993484,0.0,0.0,0.0014595065731555223,0.0,0.0,0.02934623695909977,0.0,0.0,0.22828753292560577,0.0,0.0,0.35417038202285767,234.8578643798828,60.521888732910156,0.8822277784347534,241.7195587158203,144.3573455810547,0.6656982898712158,190.3135986328125,66.49554443359375,0.944865345954895,0.0,0.0,0.32106783986091614,277.70806884765625,175.066650390625,0.5694171786308289,0.0,0.0,0.0025982798542827368,0.0,0.0,0.007331244181841612,0.0,0.0,8.016387437237427e-05,0.0,0.0,0.00018596227164380252
1498,True,0.0,0.0,0.008641056716442108,0.0,0.0,0.0016596090281382203,0.0,0.0,0.0012446583714336157,0.0,0.0,0.0021392127964645624,0.0,0.0,0.001510287751443684,0.0,0.0,0.03378573805093765,0.0,0.0,0.24285432696342468,0.0,0.0,0.37660062313079834,237.1045684814453,61.25006103515625,0.8842953443527222,241.81582641601562,144.001220703125,0.6677780747413635,190.35569763183594,67.04985809326172,0.9421977400779724,0.0,0.0,0.30804070830345154,277.5579833984375,174.5144805908203,0.5495436191558838,0.0,0.0,0.0024479739367961884,0.0,0.0,0.00675189308822155,0.0,0.0,7.841276237741113e-05,0.0,0.0,0.0001795021235011518
1499,True,0.0,0.0,0.0070287445560097694,0.0,0.0,0.0012420612620189786,0.0,0.0,0.0010951884323731065,0.0,0.0,0.0017097308300435543,0.0,0.0,0.001577046699821949,0.0,0.0,0.032054100185632706,0.0,0.0,0.23676995933055878,0.0,0.0,0.3891541361808777,237.1266632080078,61.047725677490234,0.8924599885940552,240.6725616455078,143.15663146972656,0.6764033436775208,187.93154907226562,67.35478973388672,0.9455679655075073,0.0,0.0,0.3234829902648926,277.6136474609375,171.85537719726562,0.567814826965332,0.0,0.0,0.002647032495588064,0.0,0.0,0.007206296548247337,0.0,0.0,8.419387449976057e-05,0.0,0.0,0.0001894318120321259
1500,True,0.0,0.0,0.05199110135436058,0.0,0.0,0.016375897452235222,0.0,0.0,0.0034315064549446106,0.0,0.0,0.00638725608587265,0.0,0.0,0.0006464173784479499,0.0,0.0,0.03417547047138214,0.0,0.0,0.09695654362440109,0.0,0.0,0.3417683243751526,245.39234924316406,63.37286376953125,0.5976092219352722,244.1511688232422,145.4586639404297,0.7875033020973206,191.4947967529297,75.25149536132812,0.8746341466903687,0.0,0.0,0.13232631981372833,0.0,0.0,0.21501167118549347,0.0,0.0,0.010472441092133522,0.0,0.0,0.01762367971241474,0.0,0.0,0.0009306618594564497,0.0,0.0,0.0016460019396618009
1501,True,0.0,0.0,0.00570026645436883,0.0,0.0,0.0014273441629484296,0.0,0.0,0.0006620276253670454,0.0,0.0,0.00262695481069386,0.0,0.0,0.0007569895242340863,0.0,0.0,0.030165918171405792,0.0,0.0,0.1805100291967392,0.0,0.0,0.49003228545188904,234.51541137695312,66.11779022216797,0.888576090335846,237.7069091796875,137.80453491210938,0.7630872130393982,187.72459411621094,67.68608856201172,0.9482560753822327,0.0,0.0,0.34652820229530334,270.7678527832031,166.5937957763672,0.5610734224319458,0.0,0.0,0.0021732915192842484,0.0,0.0,0.004827136639505625,0.0,0.0,7.092471787473187e-05,0.0,0.0,0.00014115833619143814
1502,True,0.0,0.0,0.00481838546693325,0.0,0.0,0.0012092877877876163,0.0,0.0,0.0005196420825086534,0.0,0.0,0.0023803396616131067,0.0,0.0,0.0005591206718236208,0.0,0.0,0.02385697327554226,0.0,0.0,0.15278881788253784,0.0,0.0,0.4815903902053833,236.7694091796875,66.87727355957031,0.8845510482788086,235.61936950683594,135.95474243164062,0.7883291244506836,189.36404418945312,68.84381103515625,0.9523077011108398,0.0,0.0,0.29039275646209717,0.0,0.0,0.499813973903656,0.0,0.0,0.0018776262877508998,0.0,0.0,0.00414897920563817,0.0,0.0,6.778033275622874e-05,0.0,0.0,0.00013448757817968726
1503,True,0.0,0.0,0.004084442742168903,0.0,0.0,0.0008834497421048582,0.0,0.0,0.0005324789672158659,0.0,0.0,0.0017802284564822912,0.0,0.0,0.0007300801808014512,0.0,0.0,0.02253628522157669,0.0,0.0,0.17922556400299072,0.0,0.0,0.4489325284957886,234.3165740966797,68.51075744628906,0.9028887152671814,238.89674377441406,133.59619140625,0.7597624659538269,186.8295135498047,68.18914031982422,0.9569684267044067,0.0,0.0,0.29969143867492676,271.0997619628906,168.45526123046875,0.5330424904823303,0.0,0.0,0.0017857406055554748,0.0,0.0,0.004399026744067669,0.0,0.0,6.205712998053059e-05,0.0,0.0,0.00013186506112106144
1504,True,0.0,0.0,0.002292210003361106,0.0,0.0,0.00048317594337277114,0.0,0.0,0.00027682562358677387,0.0,0.0,0.0012319202069193125,0.0,0.0,0.0004675093514379114,0.0,0.0,0.015219822525978088,0.0,0.0,0.12867042422294617,0.0,0.0,0.4172651171684265,236.5371551513672,63.848243713378906,0.8929245471954346,241.15048217773438,129.32569885253906,0.759285569190979,185.5660400390625,68.26032257080078,0.9564955830574036,0.0,0.0,0.24296051263809204,0.0,0.0,0.46645721793174744,0.0,0.0,0.0015962243778631091,0.0,0.0,0.004014597740024328,0.0,0.0,6.55834810459055e-05,0.0,0.0,0.00014205749903339893
1505,True,0.0,0.0,0.0026918575167655945,0.0,0.0,0.0005435564671643078,0.0,0.0,0.00024186013615690172,0.0,0.0,0.0011717549059540033,0.0,0.0,0.0003680810041259974,0.0,0.0,0.021656768396496773,0.0,0.0,0.11799614131450653,315.3775939941406,92.50721740722656,0.5580800175666809,236.52542114257812,60.67708969116211,0.8952453136444092,240.87705993652344,128.42811584472656,0.8640442490577698,181.24658203125,66.53462219238281,0.9678396582603455,0.0,0.0,0.20579488575458527,0.0,0.0,0.3651964068412781,0.0,0.0,0.0014654973056167364,0.0,0.0,0.003206990659236908,0.0,0.0,5.952030187472701e-05,0.0,0.0,0.0001187538800877519
1506,True,0.0,0.0,0.009967864491045475,0.0,0.0,0.0027103156317025423,0.0,0.0,0.0009334093774668872,0.0,0.0,0.002939398167654872,0.0,0.0,0.0006775673246011138,0.0,0.0,0.045695070177316666,0.0,0.0,0.08200325816869736,319.62017822265625,98.89961242675781,0.5378950834274292,252.93270874023438,76.34742736816406,0.6036918759346008,237.85313415527344,123.83890533447266,0.8149623274803162,187.38272094726562,73.5729751586914,0.8549880981445312,0.0,0.0,0.12221814692020416,0.0,0.0,0.14900445938110352,0.0,0.0,0.0035322706680744886,0.0,0.0,0.004504816140979528,0.0,0.0,0.0002912456402555108,0.0,0.0,0.00039207952795550227
1507,True,0.0,0.0,0.011004671454429626,0.0,0.0,0.0029821100179105997,0.0,0.0,0.0008918397943489254,0.0,0.0,0.00322109367698431,0.0,0.0,0.00048798194620758295,0.0,0.0,0.03244324401021004,0.0,0.0,0.07747262716293335,320.0,93.53520202636719,0.5042163729667664,239.2969512939453,62.644287109375,0.6534746885299683,238.5791473388672,122.10823822021484,0.8678621649742126,182.73231506347656,66.88423156738281,0.9035093188285828,0.0,0.0,0.1433333158493042,0.0,0.0,0.19232740998268127,0.0,0.0,0.003995954524725676,0.0,0.0,0.005508968140929937,0.0,0.0,0.00024871196364983916,0.0,0.0,0.00036400920362211764
1508,True,125.10199737548828,81.14201354980469,0.5693753361701965,0.0,0.0,0.1460326761007309,123.28368377685547,78.13697814941406,0.6893462538719177,0.0,0.0,0.041231948882341385,116.40980529785156,78.7882080078125,0.7561037540435791,115.89844512939453,95.54618835449219,0.5894564390182495,113.00778198242188,95.75495910644531,0.8430270552635193,0.0,0.0,0.1079607680439949,116.97723388671875,117.93788146972656,0.5070153474807739,0.0,0.0,0.08046862483024597,0.0,0.0,0.2703181803226471,0.0,0.0,0.3457885682582855,0.0,0.0,0.4791773557662964,0.0,0.0,0.050136368721723557,0.0,0.0,0.08806079626083374,0.0,0.0,0.01846582442522049,0.0,0.0,0.02831377275288105
1509,True,124.74563598632812,81.28407287597656,0.5596413016319275,0.0,0.0,0.15368269383907318,122.96561431884766,78.32917785644531,0.6658024787902832,0.0,0.0,0.04693286493420601,116.24859619140625,79.10710144042969,0.734063982963562,115.89885711669922,95.8306655883789,0.6144335865974426,112.59630584716797,96.10600280761719,0.8315257430076599,0.0,0.0,0.1284002661705017,0.0,0.0,0.4731808602809906,0.0,0.0,0.0917598083615303,0.0,0.0,0.25071123242378235,0.0,0.0,0.35633888840675354,0.0,0.0,0.4660511314868927,0.0,0.0,0.05164690315723419,0.0,0.0,0.08203010261058807,0.0,0.0,0.018647586926817894,0.0,0.0,0.026507841423153877
1510,True,0.0,0.0,0.012573689222335815,0.0,0.0,0.003607962979003787,0.0,0.0,0.0007568654837086797,0.0,0.0,0.0034390059299767017,0.0,0.0,0.00039644556818529963,0.0,0.0,0.06084772199392319,0.0,0.0,0.04417375475168228,318.6228332519531,92.47209930419922,0.5977458357810974,0.0,0.0,0.4079185426235199,240.7270965576172,109.76683807373047,0.8664255142211914,227.6258087158203,98.35272216796875,0.7729708552360535,0.0,0.0,0.2843399941921234,0.0,0.0,0.24606867134571075,0.0,0.0,0.011013857088983059,0.0,0.0,0.010140783153474331,0.0,0.0,0.000570328498724848,0.0,0.0,0.000637771503534168
1511,True,0.0,0.0,0.004528834018856287,0.0,0.0,0.0013399412855505943,0.0,0.0,0.0004506419354584068,0.0,0.0,0.0022680824622511864,0.0,0.0,0.0003241464728489518,0.0,0.0,0.01773533597588539,0.0,0.0,0.03346645087003708,0.0,0.0,0.34371039271354675,0.0,0.0,0.46386411786079407,240.52273559570312,109.66175079345703,0.7602220177650452,223.19534301757812,78.71025085449219,0.8064135909080505,0.0,0.0,0.22339463233947754,0.0,0.0,0.2714739441871643,0.0,0.0,0.0050851148553192616,0.0,0.0,0.007103167939931154,0.0,0.0,0.0002712826244533062,0.0,0.0,0.00040106658707372844
1512,True,0.0,0.0,0.275075227022171,0.0,0.0,0.2193998098373413,0.0,0.0,0.0188200231641531,0.0,0.0,0.1231834813952446,0.0,0.0,0.0017872151220217347,0.0,0.0,0.10757812112569809,0.0,0.0,0.15773740410804749,0.0,0.0,0.22507603466510773,0.0,0.0,0.32638680934906006,240.9817352294922,109.04821014404297,0.5607916712760925,235.9473419189453,104.95187377929688,0.5952450037002563,0.0,0.0,0.14282026886940002,0.0,0.0,0.20449501276016235,0.0,0.0,0.00998243410140276,0.0,0.0,0.01750415936112404,0.0,0.0,0.0009468068601563573,0.0,0.0,0.0017891541356220841
1513,True,0.0,0.0,0.00693815853446722,0.0,0.0,0.0016423106426373124,0.0,0.0,0.00046739887329749763,0.0,0.0,0.0018980768509209156,0.0,0.0,0.00035829690750688314,0.0,0.0,0.03913641721010208,0.0,0.0,0.054302047938108444,320.0,87.1157455444336,0.5517445206642151,258.5477294921875,69.9712905883789,0.5765956044197083,242.83029174804688,110.5752944946289,0.861577033996582,205.28086853027344,83.34934997558594,0.8673447370529175,0.0,0.0,0.2887672483921051,0.0,0.0,0.31655898690223694,0.0,0.0,0.007163527887314558,0.0,0.0,0.008890224620699883,0.0,0.0,0.00028268928872421384,0.0,0.0,0.00039168240618892014
1514,True,0.0,0.0,0.050498027354478836,0.0,0.0,0.024999110028147697,0.0,0.0,0.0037655248306691647,0.0,0.0,0.014615965075790882,0.0,0.0,0.0008341199718415737,0.0,0.0,0.05876867100596428,0.0,0.0,0.058799244463443756,0.0,0.0,0.36490511894226074,0.0,0.0,0.2850562036037445,247.83062744140625,111.38734436035156,0.736928403377533,223.18109130859375,97.31237030029297,0.6576745510101318,0.0,0.0,0.15488143265247345,0.0,0.0,0.1588716059923172,0.0,0.0,0.007869965396821499,0.0,0.0,0.008711335249245167,0.0,0.0,0.0006668719579465687,0.0,0.0,0.0008651599637232721
1515,True,0.0,0.0,0.011755264364182949,0.0,0.0,0.005339924246072769,0.0,0.0,0.001442949054762721,0.0,0.0,0.007785323075950146,0.0,0.0,0.0007994194165803492,0.0,0.0,0.028435256332159042,0.0,0.0,0.07731946557760239,0.0,0.0,0.3069628179073334,255.49539184570312,74.99110412597656,0.538668692111969,248.19119262695312,111.32701110839844,0.6626966595649719,212.34588623046875,87.71160888671875,0.7872439622879028,0.0,0.0,0.060036271810531616,0.0,0.0,0.09755420684814453,0.0,0.0,0.002592975040897727,0.0,0.0,0.003934087697416544,0.0,0.0,0.00045541897998191416,0.0,0.0,0.0006966833025217056
1516,True,124.94539642333984,81.45550537109375,0.6902952790260315,0.0,0.0,0.24705688655376434,122.77932739257812,78.44713592529297,0.777485191822052,0.0,0.0,0.05761934816837311,115.93354797363281,79.1582260131836,0.777742862701416,118.03276824951172,95.8018569946289,0.6697342991828918,113.2640609741211,95.99024963378906,0.875458836555481,0.0,0.0,0.16699902713298798,116.633544921875,117.92141723632812,0.5978699326515198,0.0,0.0,0.13624420762062073,0.0,0.0,0.37846195697784424,0.0,0.0,0.4614684581756592,115.04475402832031,135.4190673828125,0.5923624634742737,0.0,0.0,0.08035307377576828,0.0,0.0,0.13125763833522797,0.0,0.0,0.022982638329267502,0.0,0.0,0.03382417559623718
1517,True,0.0,0.0,0.016877377405762672,0.0,0.0,0.005124621093273163,0.0,0.0,0.0034019220620393753,0.0,0.0,0.006926314905285835,0.0,0.0,0.0021696039475500584,0.0,0.0,0.03796637803316116,0.0,0.0,0.11433658003807068,0.0,0.0,0.18699157238006592,0.0,0.0,0.42728230357170105,0.0,0.0,0.3752949833869934,225.48696899414062,120.11219787597656,0.5579736232757568,0.0,0.0,0.11683724820613861,0.0,0.0,0.1884841024875641,0.0,0.0,0.003934157080948353,0.0,0.0,0.006252531427890062,0.0,0.0,0.0005115001695230603,0.0,0.0,0.0007914403104223311
1518,True,0.0,0.0,0.016677116975188255,0.0,0.0,0.004970421548932791,0.0,0.0,0.0034086506348103285,0.0,0.0,0.006432447582483292,0.0,0.0,0.002159588038921356,0.0,0.0,0.03383832797408104,0.0,0.0,0.11220908910036087,0.0,0.0,0.17231278121471405,0.0,0.0,0.441094309091568,0.0,0.0,0.3733122944831848,222.43963623046875,116.106689453125,0.5858561396598816,0.0,0.0,0.10452515631914139,0.0,0.0,0.178636372089386,0.0,0.0,0.0037648628931492567,0.0,0.0,0.006324488669633865,0.0,0.0,0.0005083454889245331,0.0,0.0,0.0008161242585629225
1519,True,0.0,0.0,0.012153265997767448,0.0,0.0,0.0029269393999129534,0.0,0.0,0.002069130539894104,0.0,0.0,0.002828583586961031,0.0,0.0,0.0010462880600243807,0.0,0.0,0.012721025384962559,0.0,0.0,0.08654596656560898,0.0,0.0,0.10718122124671936,0.0,0.0,0.4517032504081726,0.0,0.0,0.4107165038585663,253.59237670898438,125.14110565185547,0.697249174118042,0.0,0.0,0.08689283579587936,0.0,0.0,0.1743677258491516,0.0,0.0,0.003195703262463212,0.0,0.0,0.0064557017758488655,0.0,0.0,0.00037805846659466624,0.0,0.0,0.0006955432472750545
1520,True,0.0,0.0,0.021222883835434914,0.0,0.0,0.005150279030203819,0.0,0.0,0.0033606116194278,0.0,0.0,0.0033853785134851933,0.0,0.0,0.001451829681172967,0.0,0.0,0.027816375717520714,0.0,0.0,0.07560768723487854,0.0,0.0,0.21950910985469818,0.0,0.0,0.4341953992843628,255.3580322265625,130.89132690429688,0.5780369639396667,256.05023193359375,130.11679077148438,0.7045263648033142,0.0,0.0,0.10188007354736328,0.0,0.0,0.1488257348537445,0.0,0.0,0.005565978121012449,0.0,0.0,0.008375980891287327,0.0,0.0,0.0007347065838985145,0.0,0.0,0.0010953637538477778
1521,True,0.0,0.0,0.011909723281860352,0.0,0.0,0.0028944567311555147,0.0,0.0,0.0012281453236937523,0.0,0.0,0.0022146578412503004,0.0,0.0,0.0007031705463305116,0.0,0.0,0.039558086544275284,0.0,0.0,0.07797771692276001,0.0,0.0,0.45167016983032227,243.69566345214844,95.387939453125,0.5494207739830017,254.71873474121094,134.1011962890625,0.7731282114982605,185.9412384033203,103.51510620117188,0.8141573667526245,0.0,0.0,0.1728222817182541,0.0,0.0,0.21430641412734985,0.0,0.0,0.006090688053518534,0.0,0.0,0.007537300698459148,0.0,0.0,0.0004742451710626483,0.0,0.0,0.0006301759276539087
1522,True,0.0,0.0,0.003242358798161149,0.0,0.0,0.0004980637459084392,0.0,0.0,0.0004486522520892322,0.0,0.0,0.00051894411444664,0.0,0.0,0.0005504636210389435,0.0,0.0,0.01636204682290554,0.0,0.0,0.08760446310043335,0.0,0.0,0.418972373008728,236.31166076660156,78.75284576416016,0.8452081680297852,255.51290893554688,133.44869995117188,0.7957333326339722,177.4849853515625,107.52336120605469,0.9452086091041565,0.0,0.0,0.24341729283332825,0.0,0.0,0.41770079731941223,0.0,0.0,0.0027557651046663523,0.0,0.0,0.006027142982929945,0.0,0.0,0.00013086597027722746,0.0,0.0,0.00025460217148065567
1523,True,0.0,0.0,0.0029838772024959326,0.0,0.0,0.0005991134676150978,0.0,0.0,0.000341425824444741,0.0,0.0,0.0009896202245727181,0.0,0.0,0.0003784098371397704,0.0,0.0,0.017060792073607445,0.0,0.0,0.11585304886102676,320.0,99.86407470703125,0.5109257698059082,226.21511840820312,81.41314697265625,0.8817721605300903,256.3585205078125,134.95602416992188,0.845779538154602,168.51173400878906,109.69804382324219,0.9553253650665283,0.0,0.0,0.35022419691085815,263.99468994140625,178.0426025390625,0.5509116649627686,0.0,0.0,0.004643624182790518,0.0,0.0,0.00888083502650261,0.0,0.0,0.00021515200205612928,0.0,0.0,0.00039157451828941703
1524,True,0.0,0.0,0.009480257518589497,0.0,0.0,0.0016158329090103507,0.0,0.0,0.000985229853540659,0.0,0.0,0.0013136356137692928,0.0,0.0,0.0006966590881347656,0.0,0.0,0.02940145879983902,0.0,0.0,0.19605053961277008,315.27587890625,94.38075256347656,0.6065130233764648,223.12742614746094,77.65785217285156,0.9289054870605469,260.5482177734375,133.55661010742188,0.9005391001701355,153.67507934570312,114.205810546875,0.9742496609687805,0.0,0.0,0.30297890305519104,256.5907287597656,179.57305908203125,0.5114344954490662,0.0,0.0,0.003133996855467558,0.0,0.0,0.006396113429218531,0.0,0.0,0.000138429255457595,0.0,0.0,0.00026218159473501146
1525,True,0.0,0.0,0.0025739218108356,0.0,0.0,0.00021943198225926608,0.0,0.0,0.0004016424063593149,0.0,0.0,0.00017923310224432498,0.0,0.0,0.0006944523775018752,0.0,0.0,0.014104739762842655,0.0,0.0,0.1383066028356552,319.08392333984375,100.9133071899414,0.5387957096099854,217.45433044433594,86.18809509277344,0.949680745601654,260.7400817871094,135.3690948486328,0.9028366208076477,145.35708618164062,114.38897705078125,0.9864598512649536,0.0,0.0,0.3312537372112274,257.3094482421875,197.53756713867188,0.5808666348457336,0.0,0.0,0.0022081430070102215,0.0,0.0,0.006027242634445429,0.0,0.0,5.501105624716729e-05,0.0,0.0,0.00012610763951670378
1526,True,0.0,0.0,0.0034945420920848846,0.0,0.0,0.00030964575125835836,0.0,0.0,0.000548320822417736,0.0,0.0,0.00021911108342465013,0.0,0.0,0.0007344045443460345,0.0,0.0,0.011515696533024311,0.0,0.0,0.17381510138511658,0.0,0.0,0.46040961146354675,216.07958984375,91.00785827636719,0.9624096751213074,260.1030578613281,135.9325714111328,0.8848935961723328,141.76095581054688,116.73210144042969,0.9891223311424255,0.0,0.0,0.2766079008579254,254.867919921875,197.79229736328125,0.5757589936256409,0.0,0.0,0.0015011257492005825,0.0,0.0,0.005092608742415905,0.0,0.0,3.932450636057183e-05,0.0,0.0,0.00010670527262846008
1527,True,0.0,0.0,0.00727257551625371,0.0,0.0,0.0007219358813017607,0.0,0.0,0.0010896988678723574,0.0,0.0,0.0004921772051602602,0.0,0.0,0.0011927458690479398,0.0,0.0,0.02564847469329834,0.0,0.0,0.2699803411960602,320.0,101.7969970703125,0.5801215171813965,210.870849609375,95.45021057128906,0.9661376476287842,259.0708312988281,136.21109008789062,0.9168177247047424,142.52871704101562,114.35262298583984,0.9896944761276245,0.0,0.0,0.36183640360832214,251.43008422851562,198.7245330810547,0.6342383027076721,0.0,0.0,0.0021430584602057934,0.0,0.0,0.006366525776684284,0.0,0.0,4.504554090090096e-05,0.0,0.0,0.00011179104330949485
1528,True,0.0,0.0,0.0036822434049099684,0.0,0.0,0.00033612214610911906,0.0,0.0,0.0005989621276967227,0.0,0.0,0.0002519350964576006,0.0,0.0,0.0008229080121964216,0.0,0.0,0.013586066663265228,0.0,0.0,0.1920907199382782,0.0,0.0,0.47958996891975403,213.843994140625,89.27861785888672,0.9633285403251648,261.5390625,136.45831298828125,0.8905861973762512,141.4778594970703,117.27802276611328,0.9893993735313416,0.0,0.0,0.28595760464668274,254.07249450683594,199.3956298828125,0.5823633670806885,0.0,0.0,0.0015560700558125973,0.0,0.0,0.005280118901282549,0.0,0.0,4.072804586030543e-05,0.0,0.0,0.00011031045141862705
1529,True,0.0,0.0,0.004671678878366947,0.0,0.0,0.0004649875918403268,0.0,0.0,0.0007387371733784676,0.0,0.0,0.0003136804443784058,0.0,0.0,0.0009312432957813144,0.0,0.0,0.014971544966101646,0.0,0.0,0.20059171319007874,0.0,0.0,0.4494473338127136,212.19512939453125,89.22139739990234,0.9612860679626465,263.7168273925781,137.11013793945312,0.867129921913147,140.1953125,116.84751892089844,0.988075852394104,0.0,0.0,0.27761247754096985,255.64678955078125,200.6182861328125,0.5786347389221191,0.0,0.0,0.0012607582611963153,0.0,0.0,0.004570396151393652,0.0,0.0,3.0454821171588264e-05,0.0,0.0,8.763577352510765e-05
1530,True,0.0,0.0,0.02146962471306324,0.0,0.0,0.002514990046620369,0.0,0.0,0.00261899852193892,0.0,0.0,0.0011016667122021317,0.0,0.0,0.0017527012387290597,0.0,0.0,0.04833008348941803,0.0,0.0,0.33839380741119385,317.75103759765625,102.61334991455078,0.6039476990699768,213.21327209472656,90.93235778808594,0.9561406373977661,260.6543273925781,136.89491271972656,0.9136844277381897,140.97183227539062,114.66258239746094,0.9870278835296631,0.0,0.0,0.3144770860671997,264.8665771484375,199.10316467285156,0.5629952549934387,0.0,0.0,0.002292236313223839,0.0,0.0,0.006363682448863983,0.0,0.0,5.3410181863000616e-05,0.0,0.0,0.00013041925558354706
1531,True,0.0,0.0,0.011987658217549324,0.0,0.0,0.0020092930644750595,0.0,0.0,0.0016999873332679272,0.0,0.0,0.0016995189944282174,0.0,0.0,0.0013650261098518968,0.0,0.0,0.03936446085572243,0.0,0.0,0.2723831832408905,320.0,100.26560974121094,0.5130265951156616,201.20452880859375,85.20794677734375,0.9282616972923279,266.7098083496094,136.7834014892578,0.8519434332847595,136.71804809570312,110.62019348144531,0.9717278480529785,0.0,0.0,0.36664482951164246,255.3195343017578,189.72586059570312,0.6137720346450806,0.0,0.0,0.004120210185647011,0.0,0.0,0.01031609158962965,0.0,0.0,0.00012330141908023506,0.0,0.0,0.0002782720257528126
1532,True,0.0,0.0,0.02825804427266121,0.0,0.0,0.005686939228326082,0.0,0.0,0.00448463624343276,0.0,0.0,0.003032736014574766,0.0,0.0,0.002185462974011898,0.0,0.0,0.05136202648282051,0.0,0.0,0.22311460971832275,0.0,0.0,0.47730180621147156,198.47906494140625,85.15766906738281,0.8431665897369385,269.2425231933594,135.52459716796875,0.8099378943443298,136.54373168945312,109.71453857421875,0.9334284067153931,0.0,0.0,0.32130786776542664,250.74205017089844,185.89564514160156,0.502619743347168,0.0,0.0,0.009236926212906837,0.0,0.0,0.01708534173667431,0.0,0.0,0.0004687137552537024,0.0,0.0,0.0008477774099446833
1533,True,0.0,0.0,0.0031918168533593416,0.0,0.0,0.0004216488159727305,0.0,0.0,0.0004185651778243482,0.0,0.0,0.00035679846769198775,0.0,0.0,0.0005628260551020503,0.0,0.0,0.012207373976707458,0.0,0.0,0.132231667637825,0.0,0.0,0.31787192821502686,215.3842315673828,76.35646057128906,0.9158371686935425,277.52911376953125,136.30543518066406,0.7026489973068237,136.5042724609375,113.51052856445312,0.9603942632675171,0.0,0.0,0.22047054767608643,0.0,0.0,0.49314311146736145,0.0,0.0,0.0015731345629319549,0.0,0.0,0.0053610350005328655,0.0,0.0,6.569107790710405e-05,0.0,0.0,0.00017718150047585368
1534,True,0.0,0.0,0.0017270591342821717,0.0,0.0,0.0001940136426128447,0.0,0.0,0.00025022277259267867,0.0,0.0,0.00020947605662513524,0.0,0.0,0.000570917793083936,0.0,0.0,0.010042721405625343,0.0,0.0,0.13664300739765167,0.0,0.0,0.32635581493377686,207.5390625,71.24064636230469,0.9418411254882812,278.1446533203125,136.59913635253906,0.7262718677520752,136.94651794433594,105.6590576171875,0.9748753905296326,0.0,0.0,0.1982957273721695,0.0,0.0,0.4857216477394104,0.0,0.0,0.000721743272151798,0.0,0.0,0.002813139697536826,0.0,0.0,2.257913729408756e-05,0.0,0.0,6.555459549417719e-05
1535,True,0.0,0.0,0.0018555499846115708,0.0,0.0,0.00018436975369695574,0.0,0.0,0.00026068478473462164,0.0,0.0,0.00017046350694727153,0.0,0.0,0.0005795528995804489,0.0,0.0,0.00925724022090435,0.0,0.0,0.14540690183639526,0.0,0.0,0.32025888562202454,207.84542846679688,72.63542175292969,0.9514243006706238,274.1832275390625,135.82691955566406,0.785881757736206,137.0533905029297,103.39022064208984,0.9845577478408813,0.0,0.0,0.20357508957386017,251.66246032714844,194.44273376464844,0.5105413794517517,0.0,0.0,0.0010306185577064753,0.0,0.0,0.004384908825159073,0.0,0.0,2.896268415497616e-05,0.0,0.0,9.077962022274733e-05
1536,True,0.0,0.0,0.0034720085095614195,0.0,0.0,0.00041409910772927105,0.0,0.0,0.00037639905349351466,0.0,0.0,0.0003551738918758929,0.0,0.0,0.0006070188828743994,0.0,0.0,0.02022475376725197,0.0,0.0,0.19120849668979645,314.247802734375,102.59449768066406,0.5051267743110657,202.18727111816406,75.73435974121094,0.9569824934005737,273.5602722167969,134.93563842773438,0.8805878162384033,134.0151824951172,94.3102035522461,0.9878095388412476,0.0,0.0,0.3766750693321228,253.51780700683594,193.36279296875,0.6552117466926575,0.0,0.0,0.002138223499059677,0.0,0.0,0.007387340534478426,0.0,0.0,3.986577576142736e-05,0.0,0.0,0.00011145119788125157
1537,True,0.0,0.0,0.004030735231935978,0.0,0.0,0.00048502589925192297,0.0,0.0,0.0005265094223432243,0.0,0.0,0.00036011525662615895,0.0,0.0,0.0009673066670075059,0.0,0.0,0.01895485259592533,0.0,0.0,0.20399969816207886,0.0,0.0,0.4005754292011261,195.00836181640625,73.13545227050781,0.9382057189941406,272.72998046875,135.42967224121094,0.7915722131729126,130.1907958984375,93.51795959472656,0.9780722856521606,0.0,0.0,0.3466901481151581,257.12091064453125,188.4486083984375,0.6322193145751953,0.0,0.0,0.002347585279494524,0.0,0.0,0.007836141623556614,0.0,0.0,5.453162521007471e-05,0.0,0.0,0.00014543591532856226
1538,True,0.0,0.0,0.018433133140206337,0.0,0.0,0.0036907342728227377,0.0,0.0,0.0017377232434228063,0.0,0.0,0.0020902955438941717,0.0,0.0,0.0012378284009173512,0.0,0.0,0.056533001363277435,0.0,0.0,0.23476289212703705,314.107177734375,92.44674682617188,0.514268696308136,195.9564208984375,72.05152130126953,0.8691142201423645,270.56304931640625,132.52874755859375,0.8071616291999817,131.47146606445312,89.93138122558594,0.9476903080940247,0.0,0.0,0.47236499190330505,254.64588928222656,181.28427124023438,0.657962441444397,0.0,0.0,0.010308417491614819,0.0,0.0,0.023628732189536095,0.0,0.0,0.0003060063754674047,0.0,0.0,0.0006617847830057144
1539,True,0.0,0.0,0.00406871922314167,0.0,0.0,0.0004652531642932445,0.0,0.0,0.000535478291567415,0.0,0.0,0.00038052714080549777,0.0,0.0,0.0010571535676717758,0.0,0.0,0.02234436199069023,0.0,0.0,0.24801649153232574,0.0,0.0,0.40741002559661865,192.83616638183594,73.30050659179688,0.9440532326698303,269.7541198730469,133.4157257080078,0.7917431592941284,129.39752197265625,94.97811126708984,0.9794624447822571,0.0,0.0,0.39229002594947815,256.7636413574219,192.80288696289062,0.6813401579856873,0.0,0.0,0.0024551325477659702,0.0,0.0,0.008592387661337852,0.0,0.0,5.0158454541815445e-05,0.0,0.0,0.00013850940740667284
1540,True,0.0,0.0,0.0035298913717269897,0.0,0.0,0.0003477886784821749,0.0,0.0,0.0004373414849396795,0.0,0.0,0.0002937472891062498,0.0,0.0,0.0009932975517585874,0.0,0.0,0.02322518453001976,0.0,0.0,0.2526557743549347,0.0,0.0,0.4358770549297333,193.8845672607422,72.78008270263672,0.9487546682357788,266.79876708984375,132.7490234375,0.8068851232528687,127.17374420166016,95.23507690429688,0.9812396764755249,0.0,0.0,0.3498527705669403,260.0712890625,194.1033935546875,0.6398224830627441,0.0,0.0,0.0021387669257819653,0.0,0.0,0.007368573918938637,0.0,0.0,4.5640914322575554e-05,0.0,0.0,0.00012421670544426888
1541,True,0.0,0.0,0.004730642773211002,0.0,0.0,0.0007912517758086324,0.0,0.0,0.0005495414952747524,0.0,0.0,0.000867249327711761,0.0,0.0,0.0008012849721126258,0.0,0.0,0.02436600625514984,0.0,0.0,0.22175845503807068,0.0,0.0,0.41012969613075256,187.86383056640625,74.11732482910156,0.9185923337936401,265.81170654296875,132.91915893554688,0.7804929614067078,127.99079132080078,84.47529602050781,0.9688252210617065,0.0,0.0,0.3987511396408081,259.1064147949219,192.1897430419922,0.6609843373298645,0.0,0.0,0.0032248562201857567,0.0,0.0,0.009497014805674553,0.0,0.0,7.853533315937966e-05,0.0,0.0,0.00019734585657715797
1542,True,0.0,0.0,0.025162018835544586,0.0,0.0,0.0055589331313967705,0.0,0.0,0.0014519112883135676,0.0,0.0,0.0034358203411102295,0.0,0.0,0.0008547286852262914,0.0,0.0,0.11920952051877975,0.0,0.0,0.3057703971862793,299.84527587890625,99.57694244384766,0.7350022792816162,195.92054748535156,72.8426284790039,0.8996044397354126,265.7171630859375,129.2063446044922,0.9045571684837341,125.7642822265625,75.94100952148438,0.9615400433540344,292.5856628417969,189.3936767578125,0.604373574256897,248.9588623046875,183.56753540039062,0.7196567058563232,0.0,0.0,0.01182312797755003,0.0,0.0,0.02147240936756134,0.0,0.0,0.00024302701058331877,0.0,0.0,0.0004471570427995175
1543,True,0.0,0.0,0.026709778234362602,0.0,0.0,0.006291836965829134,0.0,0.0,0.001404930604621768,0.0,0.0,0.0037217370700091124,0.0,0.0,0.0006686268607154489,0.0,0.0,0.11044000089168549,0.0,0.0,0.24954737722873688,316.32952880859375,99.96940612792969,0.6767322421073914,210.5321502685547,74.666748046875,0.857725977897644,262.2665710449219,131.7042236328125,0.8697593212127686,134.87445068359375,62.07820129394531,0.9438549280166626,0.0,0.0,0.4608100354671478,259.8141174316406,193.6578369140625,0.5865036249160767,0.0,0.0,0.007547181099653244,0.0,0.0,0.01437448337674141,0.0,0.0,0.00017978629330173135,0.0,0.0,0.0003543896891642362
1544,True,0.0,0.0,0.004281226079910994,0.0,0.0,0.0009508255170658231,0.0,0.0,0.0004043646913487464,0.0,0.0,0.0016935112653300166,0.0,0.0,0.00042356361518613994,0.0,0.0,0.036957792937755585,0.0,0.0,0.1411120891571045,320.0,94.11796569824219,0.5956133604049683,217.78067016601562,78.76437377929688,0.8747490644454956,256.8784484863281,130.9520263671875,0.8685250878334045,151.80712890625,69.07698059082031,0.9545939564704895,0.0,0.0,0.4746430516242981,256.31634521484375,189.876708984375,0.6263791918754578,0.0,0.0,0.00581180676817894,0.0,0.0,0.011526682414114475,0.0,0.0,0.0001513775932835415,0.0,0.0,0.00029361233464442194
1545,True,0.0,0.0,0.004128823988139629,0.0,0.0,0.0008770060376264155,0.0,0.0,0.0003976596053689718,0.0,0.0,0.0016287140315398574,0.0,0.0,0.000454567139968276,0.0,0.0,0.04104918986558914,0.0,0.0,0.14801844954490662,320.0,94.82066345214844,0.6143842935562134,217.8468475341797,79.07029724121094,0.8764296770095825,256.7146911621094,130.95718383789062,0.8685285449028015,151.21380615234375,68.75370025634766,0.9530708193778992,0.0,0.0,0.49496957659721375,255.9974822998047,189.66273498535156,0.6380975842475891,0.0,0.0,0.005870027467608452,0.0,0.0,0.01137414202094078,0.0,0.0,0.00014507926243823022,0.0,0.0,0.00027660111663863063
1546,True,0.0,0.0,0.20723570883274078,0.0,0.0,0.2128191739320755,0.0,0.0,0.02978002466261387,74.18183898925781,120.84546661376953,0.9240590333938599,0.0,0.0,0.23613396286964417,70.32011413574219,142.300048828125,0.9349758625030518,102.73080444335938,139.1392822265625,0.9503003358840942,64.35073852539062,175.70069885253906,0.609359860420227,112.36210632324219,170.71176147460938,0.664522647857666,0.0,0.0,0.3328457176685333,0.0,0.0,0.34854164719581604,78.68657684326172,204.8384552001953,0.8157781958580017,100.6461410522461,203.99490356445312,0.8373829126358032,0.0,0.0,0.2776471972465515,0.0,0.0,0.32883983850479126,0.0,0.0,0.04898037761449814,0.0,0.0,0.066209577023983
1547,True,0.0,0.0,0.0914134681224823,0.0,0.0,0.07930435240268707,0.0,0.0,0.01443518791347742,71.78219604492188,120.49445343017578,0.871839702129364,0.0,0.0,0.27680277824401855,68.38517761230469,141.7904052734375,0.9248981475830078,103.38926696777344,138.5635528564453,0.9474010467529297,63.39122772216797,174.7996063232422,0.606999397277832,111.63054656982422,170.35360717773438,0.7001486420631409,0.0,0.0,0.3144565224647522,0.0,0.0,0.3663537800312042,77.61557006835938,203.71893310546875,0.8363842368125916,101.51581573486328,202.8855438232422,0.8600505590438843,0.0,0.0,0.29067525267601013,0.0,0.0,0.3513742685317993,0.0,0.0,0.049826957285404205,0.0,0.0,0.06807006150484085
1548,True,0.0,0.0,0.06233682855963707,0.0,0.0,0.04742802679538727,0.0,0.0,0.011410768143832684,70.9305191040039,120.248291015625,0.8806784152984619,0.0,0.0,0.3980817198753357,67.15840148925781,140.9884796142578,0.9576165676116943,102.76044464111328,137.278564453125,0.973601758480072,62.458160400390625,174.4373321533203,0.7039213180541992,111.15794372558594,167.66477966308594,0.8240768313407898,0.0,0.0,0.3511240482330322,0.0,0.0,0.4709756672382355,75.94282531738281,202.5192108154297,0.9113903641700745,100.51495361328125,202.1321563720703,0.930957555770874,0.0,0.0,0.3015838861465454,0.0,0.0,0.392362117767334,0.0,0.0,0.03988209739327431,0.0,0.0,0.05792628228664398
1549,True,0.0,0.0,0.0899629071354866,0.0,0.0,0.08260850608348846,0.0,0.0,0.015230408869683743,71.64025115966797,120.64175415039062,0.8971685767173767,0.0,0.0,0.31521424651145935,68.0446548461914,141.4338836669922,0.9383720755577087,102.88421630859375,138.68252563476562,0.9578697085380554,63.127281188964844,175.2538299560547,0.6222092509269714,111.38762664794922,171.29815673828125,0.7350715398788452,0.0,0.0,0.30794045329093933,0.0,0.0,0.38773313164711,77.26919555664062,203.18081665039062,0.8556835651397705,101.11683654785156,202.86622619628906,0.8829585909843445,0.0,0.0,0.27800220251083374,0.0,0.0,0.3557227849960327,0.0,0.0,0.04546235501766205,0.0,0.0,0.0651123896241188
1550,True,0.0,0.0,0.08866982161998749,0.0,0.0,0.08124063909053802,0.0,0.0,0.015111923217773438,71.56993103027344,120.64603424072266,0.897109866142273,0.0,0.0,0.31901615858078003,68.01356506347656,141.3887176513672,0.9385825991630554,102.86946105957031,138.68118286132812,0.9582191705703735,63.11842346191406,175.28343200683594,0.6200670599937439,111.36160278320312,171.4582977294922,0.7348178029060364,0.0,0.0,0.30361926555633545,0.0,0.0,0.3847559690475464,77.34041595458984,203.13027954101562,0.8548911809921265,101.24012756347656,202.8253173828125,0.8826088309288025,0.0,0.0,0.274554967880249,0.0,0.0,0.35251501202583313,0.0,0.0,0.04450486972928047,0.0,0.0,0.0639084130525589
1551,True,0.0,0.0,0.06476164609193802,0.0,0.0,0.04932359233498573,0.0,0.0,0.011715474538505077,71.07316589355469,120.20570373535156,0.882594108581543,0.0,0.0,0.3989725112915039,67.26365661621094,140.7615966796875,0.9602147340774536,102.87666320800781,137.2327880859375,0.973696231842041,62.11309814453125,173.88580322265625,0.7280510067939758,111.28626251220703,167.37332153320312,0.8297179937362671,0.0,0.0,0.3792751431465149,0.0,0.0,0.48853227496147156,76.00260925292969,202.29019165039062,0.9186652302742004,100.43126678466797,201.93246459960938,0.9347373843193054,0.0,0.0,0.3123758137226105,0.0,0.0,0.3975667953491211,0.0,0.0,0.03996482118964195,0.0,0.0,0.056949514895677567
1552,True,0.0,0.0,0.1002054437994957,0.0,0.0,0.0887901559472084,0.0,0.0,0.016252467408776283,72.06319427490234,120.30790710449219,0.9145516753196716,0.0,0.0,0.35437867045402527,68.06936645507812,140.5353240966797,0.957781195640564,103.0535888671875,137.69288635253906,0.9713460803031921,62.78385925292969,175.05593872070312,0.678063690662384,110.82369995117188,170.51380920410156,0.7841677665710449,0.0,0.0,0.3322505056858063,0.0,0.0,0.4236310124397278,76.23990631103516,203.10838317871094,0.8918761610984802,100.43856811523438,203.07765197753906,0.9133051037788391,0.0,0.0,0.26919710636138916,0.0,0.0,0.3503682017326355,0.0,0.0,0.03528795763850212,0.0,0.0,0.05112956091761589
1553,True,0.0,0.0,0.07463615387678146,0.0,0.0,0.059774212539196014,0.0,0.0,0.013474891893565655,71.44113159179688,119.81775665283203,0.8927011489868164,0.0,0.0,0.393841952085495,67.43257141113281,140.30340576171875,0.9568139314651489,102.80499267578125,137.54437255859375,0.9718984365463257,61.97206115722656,174.2667694091797,0.6883310079574585,110.956787109375,169.91128540039062,0.8050860166549683,0.0,0.0,0.3355039954185486,0.0,0.0,0.4445473253726959,75.99781799316406,203.0830078125,0.8986204266548157,100.32182312011719,203.04379272460938,0.9197010397911072,0.0,0.0,0.27002641558647156,0.0,0.0,0.3536687195301056,0.0,0.0,0.03438878431916237,0.0,0.0,0.04983644187450409
1554,True,0.0,0.0,0.14020054042339325,0.0,0.0,0.12982264161109924,0.0,0.0,0.02295425906777382,73.27255249023438,119.57454681396484,0.9319339990615845,0.0,0.0,0.36995211243629456,68.58173370361328,140.089111328125,0.9626519680023193,102.86117553710938,137.54852294921875,0.9743379354476929,62.81828308105469,174.3540802001953,0.6868122816085815,111.04501342773438,170.052490234375,0.7827426791191101,0.0,0.0,0.3404805660247803,0.0,0.0,0.4211047887802124,76.7164077758789,203.66513061523438,0.8907559514045715,100.3113021850586,203.808837890625,0.9115785360336304,0.0,0.0,0.26136940717697144,0.0,0.0,0.3381229043006897,0.0,0.0,0.033911652863025665,0.0,0.0,0.04883812740445137
1555,True,0.0,0.0,0.06086641177535057,0.0,0.0,0.04390253126621246,0.0,0.0,0.01234256848692894,71.110107421875,119.43438720703125,0.8693233728408813,0.0,0.0,0.4349415600299835,67.00578308105469,140.24151611328125,0.9530301690101624,102.86632537841797,137.26649475097656,0.9737669825553894,62.25436782836914,174.44667053222656,0.6676234602928162,111.09657287597656,169.35166931152344,0.8250118494033813,0.0,0.0,0.31203803420066833,0.0,0.0,0.4614071547985077,75.8737564086914,204.24310302734375,0.8922578692436218,100.57858276367188,204.10812377929688,0.91999751329422,0.0,0.0,0.2386437952518463,0.0,0.0,0.3319498598575592,0.0,0.0,0.029080847278237343,0.0,0.0,0.044028766453266144
1556,True,0.0,0.0,0.16914397478103638,0.0,0.0,0.1665985882282257,0.0,0.0,0.027332540601491928,73.39598846435547,120.23097229003906,0.9408992528915405,0.0,0.0,0.36529964208602905,69.275634765625,140.67526245117188,0.9646811485290527,103.05442810058594,137.26422119140625,0.9731115698814392,63.69268035888672,174.84109497070312,0.6897669434547424,111.42118835449219,168.9835205078125,0.7624496817588806,0.0,0.0,0.3417448401451111,0.0,0.0,0.40030983090400696,78.15499114990234,203.0763702392578,0.887196958065033,101.40604400634766,202.65191650390625,0.9055372476577759,0.0,0.0,0.26367464661598206,0.0,0.0,0.3315291702747345,0.0,0.0,0.035134222358465195,0.0,0.0,0.04948805645108223
1557,True,0.0,0.0,0.1107742190361023,0.0,0.0,0.10246668010950089,0.0,0.0,0.019037306308746338,72.32707214355469,120.1805419921875,0.9045373797416687,0.0,0.0,0.3293306529521942,68.51847076416016,140.61769104003906,0.943598210811615,103.14875793457031,137.51296997070312,0.959290623664856,63.10574722290039,174.1319580078125,0.6362060904502869,111.1899642944336,169.3437957763672,0.7307782769203186,0.0,0.0,0.3192741870880127,0.0,0.0,0.38631460070610046,77.8692626953125,203.76182556152344,0.8500351905822754,101.58019256591797,203.30892944335938,0.875141978263855,0.0,0.0,0.26519787311553955,0.0,0.0,0.3340483605861664,0.0,0.0,0.04320356622338295,0.0,0.0,0.0607806034386158
1558,True,0.0,0.0,0.20926406979560852,0.0,0.0,0.2275935411453247,0.0,0.0,0.03298380225896835,74.20881652832031,120.60684204101562,0.946697473526001,0.0,0.0,0.3068181276321411,71.46418762207031,140.34927368164062,0.955582857131958,102.9007797241211,137.16493225097656,0.9667049050331116,65.45987701416016,175.13015747070312,0.615079402923584,112.00341796875,170.42518615722656,0.7004135847091675,0.0,0.0,0.28065791726112366,0.0,0.0,0.3325684070587158,79.74513244628906,203.45327758789062,0.8534887433052063,101.38224029541016,202.6820526123047,0.8800210356712341,0.0,0.0,0.23851768672466278,0.0,0.0,0.3071809411048889,0.0,0.0,0.035670701414346695,0.0,0.0,0.05152846500277519
1559,True,0.0,0.0,0.10746894776821136,0.0,0.0,0.09995987266302109,0.0,0.0,0.018730780109763145,72.67366027832031,120.23802185058594,0.9033381938934326,0.0,0.0,0.33267831802368164,68.8271484375,140.2788848876953,0.9417928457260132,103.52516174316406,137.28611755371094,0.9584028720855713,63.294029235839844,173.6251983642578,0.6238806247711182,111.72382354736328,169.40228271484375,0.7213596105575562,0.0,0.0,0.3078559339046478,0.0,0.0,0.374441534280777,78.09362030029297,202.6878204345703,0.8492110967636108,101.96829223632812,202.21096801757812,0.8750102519989014,0.0,0.0,0.2762857973575592,0.0,0.0,0.3469017744064331,0.0,0.0,0.04667360335588455,0.0,0.0,0.065561942756176
1560,True,0.0,0.0,0.14747807383537292,0.0,0.0,0.1501869261264801,0.0,0.0,0.024360135197639465,73.14974975585938,119.9168701171875,0.9272276163101196,0.0,0.0,0.32504475116729736,69.66651916503906,139.98297119140625,0.9502514600753784,103.48323059082031,136.97552490234375,0.9600779414176941,63.71687316894531,173.01828002929688,0.643458902835846,111.96463012695312,168.9109649658203,0.7020580172538757,0.0,0.0,0.32193416357040405,0.0,0.0,0.3574777841567993,78.96914672851562,201.6308135986328,0.8548561930656433,102.24323272705078,201.02737426757812,0.8741413354873657,0.0,0.0,0.29124003648757935,0.0,0.0,0.3515239357948303,0.0,0.0,0.04961250349879265,0.0,0.0,0.06773021072149277
1561,True,0.0,0.0,0.14484570920467377,0.0,0.0,0.14546027779579163,0.0,0.0,0.023954063653945923,72.99259948730469,119.80036926269531,0.9242121577262878,0.0,0.0,0.32391345500946045,69.7808837890625,139.89541625976562,0.9495643377304077,103.47348022460938,136.85362243652344,0.9604305624961853,63.98126983642578,173.1903839111328,0.6422141194343567,111.96806335449219,168.8431854248047,0.708369791507721,0.0,0.0,0.32236430048942566,0.0,0.0,0.36442404985427856,79.08345794677734,201.80677795410156,0.8540298342704773,102.305419921875,201.15451049804688,0.8748106956481934,0.0,0.0,0.287994921207428,0.0,0.0,0.35079821944236755,0.0,0.0,0.04877324402332306,0.0,0.0,0.06714170426130295
1562,True,0.0,0.0,0.10162314027547836,0.0,0.0,0.0944092720746994,0.0,0.0,0.017305560410022736,72.2749252319336,119.94244384765625,0.9028805494308472,0.0,0.0,0.3277560770511627,68.6963119506836,139.97113037109375,0.9440960884094238,103.57026672363281,136.99630737304688,0.9584885239601135,63.13213348388672,173.1790008544922,0.6406304836273193,111.63896179199219,168.98110961914062,0.7254568934440613,0.0,0.0,0.31968528032302856,0.0,0.0,0.37926146388053894,78.11341857910156,201.9810791015625,0.8580084443092346,102.15080261230469,201.4859161376953,0.8802761435508728,0.0,0.0,0.28470343351364136,0.0,0.0,0.3519650995731354,0.0,0.0,0.04685165360569954,0.0,0.0,0.06501977145671844
1563,True,0.0,0.0,0.09282485395669937,0.0,0.0,0.08940602838993073,0.0,0.0,0.015202691778540611,72.39826202392578,119.9520492553711,0.9000099897384644,0.0,0.0,0.3002870976924896,69.43301391601562,139.72283935546875,0.9407824277877808,103.85128021240234,136.8292236328125,0.9530282616615295,63.70686340332031,173.22604370117188,0.6352100968360901,112.02272033691406,169.4081573486328,0.7011157870292664,0.0,0.0,0.31421971321105957,0.0,0.0,0.35707786679267883,78.79875946044922,201.10150146484375,0.8595064282417297,102.61146545410156,200.4794464111328,0.8784414529800415,0.0,0.0,0.30501508712768555,0.0,0.0,0.36673659086227417,0.0,0.0,0.05274982005357742,0.0,0.0,0.07156194746494293
1564,True,0.0,0.0,0.10127131640911102,0.0,0.0,0.09851155430078506,0.0,0.0,0.01680709794163704,72.60009002685547,120.06353759765625,0.9040906429290771,0.0,0.0,0.30629560351371765,69.64177703857422,139.87893676757812,0.9409125447273254,103.86538696289062,136.8943328857422,0.9535455107688904,63.28697204589844,172.9830322265625,0.6240448355674744,112.09529113769531,169.6448211669922,0.6944655776023865,0.0,0.0,0.30304649472236633,0.0,0.0,0.34734708070755005,79.01473999023438,201.2788543701172,0.8534666895866394,102.61858367919922,200.5934295654297,0.8743187785148621,0.0,0.0,0.300578236579895,0.0,0.0,0.3640608787536621,0.0,0.0,0.052833739668130875,0.0,0.0,0.07217592000961304
1565,True,0.0,0.0,0.09598004072904587,0.0,0.0,0.0847415030002594,0.0,0.0,0.014843568205833435,72.65193939208984,119.7578353881836,0.8797516822814941,0.0,0.0,0.28293973207473755,69.07052612304688,140.96975708007812,0.9332135319709778,104.5353775024414,137.55789184570312,0.9460764527320862,63.43038558959961,174.70907592773438,0.6376441121101379,112.61341857910156,169.90676879882812,0.6822818517684937,0.0,0.0,0.33395135402679443,0.0,0.0,0.35116127133369446,78.11430358886719,203.36964416503906,0.8359295129776001,102.49433135986328,202.34629821777344,0.8498550057411194,0.0,0.0,0.27594447135925293,0.0,0.0,0.31768134236335754,0.0,0.0,0.043673042207956314,0.0,0.0,0.05682213231921196
1566,True,0.0,0.0,0.04522353783249855,0.0,0.0,0.01506906095892191,0.0,0.0,0.007300465367734432,0.0,0.0,0.01285055372864008,0.0,0.0,0.00302861537784338,0.0,0.0,0.044941794127225876,0.0,0.0,0.1780616194009781,0.0,0.0,0.14032508432865143,275.7607116699219,88.13786315917969,0.503602921962738,0.0,0.0,0.2837378680706024,242.052978515625,137.90260314941406,0.565290629863739,0.0,0.0,0.03521251305937767,0.0,0.0,0.08230824768543243,0.0,0.0,0.012158693745732307,0.0,0.0,0.028496261686086655,0.0,0.0,0.009167291224002838,0.0,0.0,0.018866918981075287
1567,True,0.0,0.0,0.1611795872449875,0.0,0.0,0.1608741730451584,0.0,0.0,0.02394065633416176,73.89848327636719,119.29881286621094,0.910190224647522,0.0,0.0,0.25701379776000977,71.05304718017578,140.52999877929688,0.9363506436347961,104.01493835449219,137.39736938476562,0.9419270157814026,64.14134979248047,173.78536987304688,0.6329100728034973,113.26492309570312,170.0584259033203,0.6369925141334534,0.0,0.0,0.33964022994041443,0.0,0.0,0.32201847434043884,79.47454833984375,203.48085021972656,0.8122599124908447,101.88850402832031,202.30250549316406,0.8210007548332214,0.0,0.0,0.2584485411643982,0.0,0.0,0.2877815067768097,0.0,0.0,0.04191773012280464,0.0,0.0,0.05314774438738823
1568,True,0.0,0.0,0.03439442813396454,0.0,0.0,0.010391971096396446,0.0,0.0,0.005615396425127983,0.0,0.0,0.009248051792383194,0.0,0.0,0.0028965685050934553,0.0,0.0,0.04253121837973595,0.0,0.0,0.15662577748298645,0.0,0.0,0.16243530809879303,0.0,0.0,0.49695274233818054,0.0,0.0,0.2944207191467285,241.0615997314453,138.60040283203125,0.5399422645568848,0.0,0.0,0.04576994106173515,0.0,0.0,0.09661684185266495,0.0,0.0,0.008071518503129482,0.0,0.0,0.017015112563967705,0.0,0.0,0.004460175987333059,0.0,0.0,0.00846115779131651
1569,True,0.0,0.0,0.02670830301940441,0.0,0.0,0.008745210245251656,0.0,0.0,0.003786966437473893,0.0,0.0,0.009053843095898628,0.0,0.0,0.0018284337129443884,0.0,0.0,0.02963416464626789,0.0,0.0,0.1415473073720932,0.0,0.0,0.12001741677522659,276.2998352050781,87.01162719726562,0.5213631391525269,0.0,0.0,0.23891685903072357,240.67066955566406,138.5198974609375,0.5521323680877686,0.0,0.0,0.04527176171541214,0.0,0.0,0.1130920797586441,0.0,0.0,0.006079049315303564,0.0,0.0,0.015902047976851463,0.0,0.0,0.002976806601509452,0.0,0.0,0.006730179768055677
1570,True,0.0,0.0,0.03563572093844414,0.0,0.0,0.012419147416949272,0.0,0.0,0.004901094362139702,0.0,0.0,0.01193979848176241,0.0,0.0,0.002044422784820199,0.0,0.0,0.03146413713693619,0.0,0.0,0.15291793644428253,0.0,0.0,0.10459913313388824,0.0,0.0,0.4963492453098297,0.0,0.0,0.21943534910678864,241.60427856445312,138.60888671875,0.5402286052703857,0.0,0.0,0.02991834469139576,0.0,0.0,0.08004672080278397,0.0,0.0,0.006733173970133066,0.0,0.0,0.01852760836482048,0.0,0.0,0.0044740173034369946,0.0,0.0,0.010533995926380157
1571,True,0.0,0.0,0.05753070488572121,0.0,0.0,0.021204793825745583,0.0,0.0,0.009440251626074314,0.0,0.0,0.017104459926486015,0.0,0.0,0.0035264177713543177,0.0,0.0,0.04622434452176094,0.0,0.0,0.21743141114711761,0.0,0.0,0.09670421481132507,278.0610046386719,91.63501739501953,0.5433749556541443,0.0,0.0,0.21929533779621124,241.34384155273438,138.960693359375,0.5893690586090088,0.0,0.0,0.02285251021385193,0.0,0.0,0.06801876425743103,0.0,0.0,0.01629830338060856,0.0,0.0,0.04976406693458557,0.0,0.0,0.01755179464817047,0.0,0.0,0.04372180998325348
1572,True,0.0,0.0,0.17581690847873688,0.0,0.0,0.17315572500228882,0.0,0.0,0.02551930770277977,74.23736572265625,119.24200439453125,0.917701244354248,0.0,0.0,0.26237112283706665,70.64134216308594,139.96226501464844,0.9446596503257751,104.08531951904297,137.03262329101562,0.9507047533988953,63.13677978515625,172.9892578125,0.6683419942855835,113.0875473022461,168.92581176757812,0.6735954880714417,0.0,0.0,0.3745484948158264,0.0,0.0,0.35678085684776306,79.18939208984375,202.40103149414062,0.8391791582107544,101.96873474121094,201.48460388183594,0.8467206358909607,0.0,0.0,0.2887721359729767,0.0,0.0,0.31982704997062683,0.0,0.0,0.045953936874866486,0.0,0.0,0.05820264667272568
1573,True,0.0,0.0,0.17028367519378662,0.0,0.0,0.16863742470741272,0.0,0.0,0.024722697213292122,74.29849243164062,119.51806640625,0.9168713092803955,0.0,0.0,0.2630234658718109,70.55010986328125,140.19467163085938,0.9430173635482788,104.16329193115234,137.2861328125,0.949120283126831,63.256134033203125,173.18124389648438,0.6659216284751892,113.0330810546875,169.27732849121094,0.6692087650299072,0.0,0.0,0.37155410647392273,0.0,0.0,0.3519011437892914,79.02698516845703,203.01156616210938,0.8371424674987793,101.79978942871094,202.12059020996094,0.8442863821983337,0.0,0.0,0.28202199935913086,0.0,0.0,0.3114248812198639,0.0,0.0,0.04484500363469124,0.0,0.0,0.056544139981269836
1574,True,0.0,0.0,0.10290920734405518,0.0,0.0,0.08910802006721497,0.0,0.0,0.01554904691874981,72.9598617553711,119.25580596923828,0.8807814121246338,0.0,0.0,0.27929022908210754,69.01254272460938,139.89715576171875,0.9393236041069031,104.3836669921875,137.05325317382812,0.9494214057922363,62.83257293701172,173.5850830078125,0.6770366430282593,112.40991973876953,169.43710327148438,0.7046518325805664,0.0,0.0,0.37622514367103577,0.0,0.0,0.3814753592014313,77.95316314697266,202.59373474121094,0.85440993309021,102.2152099609375,201.8996124267578,0.8632210493087769,0.0,0.0,0.297717809677124,0.0,0.0,0.3333996832370758,0.0,0.0,0.04596756026148796,0.0,0.0,0.05831053853034973
1575,True,0.0,0.0,0.11263012886047363,0.0,0.0,0.09569412469863892,0.0,0.0,0.01705763302743435,73.40778350830078,119.24632263183594,0.8794645071029663,0.0,0.0,0.2789900004863739,69.56553649902344,140.0038299560547,0.9402979016304016,104.24205017089844,136.56930541992188,0.9527406692504883,62.8375244140625,172.6665802001953,0.6866507530212402,112.30442810058594,167.46810913085938,0.7294059991836548,0.0,0.0,0.3989509046077728,0.0,0.0,0.4165004789829254,78.35450744628906,201.49620056152344,0.866515040397644,102.05411529541016,200.57284545898438,0.8774545788764954,0.0,0.0,0.32542499899864197,0.0,0.0,0.36833375692367554,0.0,0.0,0.05124107748270035,0.0,0.0,0.06595277041196823
1576,True,0.0,0.0,0.10774990916252136,0.0,0.0,0.09056065231561661,0.0,0.0,0.016537930816411972,73.10438537597656,119.21820831298828,0.877046525478363,0.0,0.0,0.28473737835884094,69.3110580444336,140.01731872558594,0.9402761459350586,104.12637329101562,136.65274047851562,0.9531425833702087,62.85597229003906,172.8604736328125,0.6846931576728821,112.3092041015625,167.87493896484375,0.7306080460548401,0.0,0.0,0.39343932271003723,0.0,0.0,0.4142283499240875,78.20915222167969,201.56126403808594,0.8666255474090576,102.02842712402344,200.65028381347656,0.8779776096343994,0.0,0.0,0.32397159934043884,0.0,0.0,0.36771973967552185,0.0,0.0,0.05091671273112297,0.0,0.0,0.0656755343079567
1577,True,0.0,0.0,0.09132106602191925,0.0,0.0,0.07194920629262924,0.0,0.0,0.014311487786471844,72.3818130493164,118.79325866699219,0.8606202006340027,0.0,0.0,0.29420754313468933,68.54056549072266,139.96380615234375,0.9416029453277588,104.03239440917969,136.3862762451172,0.9541572332382202,62.763580322265625,173.41741943359375,0.7041002511978149,112.11746978759766,167.3459930419922,0.749071478843689,0.0,0.0,0.4126735031604767,0.0,0.0,0.4367401599884033,77.76573944091797,201.91732788085938,0.8745373487472534,102.09549713134766,200.99856567382812,0.8843780755996704,0.0,0.0,0.3258458971977234,0.0,0.0,0.3680642247200012,0.0,0.0,0.04935780167579651,0.0,0.0,0.06315925717353821
1578,True,0.0,0.0,0.12731020152568817,0.0,0.0,0.11092273145914078,0.0,0.0,0.018606096506118774,73.64928436279297,119.12828063964844,0.88808673620224,0.0,0.0,0.26834484934806824,69.99540710449219,139.4988555908203,0.9440783262252808,104.2205810546875,136.20318603515625,0.9539695382118225,63.039833068847656,171.85206604003906,0.7051804661750793,112.69576263427734,166.7064971923828,0.7312491536140442,0.0,0.0,0.4215828478336334,0.0,0.0,0.4240418076515198,78.93341064453125,201.0066375732422,0.8741358518600464,102.27947998046875,200.08682250976562,0.8820957541465759,0.0,0.0,0.34160828590393066,0.0,0.0,0.37906554341316223,0.0,0.0,0.05409088730812073,0.0,0.0,0.0685497522354126
1579,True,0.0,0.0,0.10539966821670532,0.0,0.0,0.08525711297988892,0.0,0.0,0.01620957814157009,72.83206176757812,118.73538208007812,0.8752231001853943,0.0,0.0,0.29756277799606323,68.81590270996094,139.7120361328125,0.9466091394424438,104.159423828125,136.01400756835938,0.9573847651481628,62.34137725830078,172.4461212158203,0.7167055010795593,112.28446960449219,166.06690979003906,0.7538197040557861,0.0,0.0,0.4262324273586273,0.0,0.0,0.44288575649261475,78.03961181640625,201.238525390625,0.8820908665657043,102.24685668945312,200.2788848876953,0.8905929327011108,0.0,0.0,0.3441726267337799,0.0,0.0,0.3852054476737976,0.0,0.0,0.0526694692671299,0.0,0.0,0.06709431111812592
1580,True,0.0,0.0,0.09751018136739731,0.0,0.0,0.07867970317602158,0.0,0.0,0.015316223725676537,73.34102630615234,119.39173889160156,0.8670382499694824,0.0,0.0,0.29635095596313477,69.44900512695312,139.99594116210938,0.942631185054779,104.65823364257812,136.35125732421875,0.9541056752204895,62.796546936035156,172.4881134033203,0.701736569404602,112.7530517578125,166.5339813232422,0.7404000163078308,0.0,0.0,0.4078020751476288,0.0,0.0,0.425078809261322,78.50975799560547,201.1526336669922,0.8770642280578613,102.64340209960938,200.1172637939453,0.8860012292861938,0.0,0.0,0.34407293796539307,0.0,0.0,0.3846433758735657,0.0,0.0,0.05427545681595802,0.0,0.0,0.06893821060657501
1581,True,0.0,0.0,0.08267766982316971,0.0,0.0,0.0639791414141655,0.0,0.0,0.013251797296106815,72.78827667236328,118.92835998535156,0.8545366525650024,0.0,0.0,0.3037645220756531,68.7704849243164,139.76483154296875,0.9422862529754639,104.72085571289062,136.11795043945312,0.9538007378578186,62.355709075927734,172.59304809570312,0.7046277523040771,112.48637390136719,166.53306579589844,0.744490921497345,0.0,0.0,0.4044729173183441,0.0,0.0,0.42531540989875793,77.92903137207031,201.49801635742188,0.8791051506996155,102.62918853759766,200.50209045410156,0.8875333070755005,0.0,0.0,0.3433363437652588,0.0,0.0,0.38366198539733887,0.0,0.0,0.053651973605155945,0.0,0.0,0.06796374917030334
1582,True,0.0,0.0,0.07521771639585495,0.0,0.0,0.05777211859822273,0.0,0.0,0.012220565229654312,72.75337219238281,118.85857391357422,0.8436676859855652,0.0,0.0,0.2987464964389801,68.92012786865234,139.238525390625,0.9401276111602783,104.81935119628906,136.13597106933594,0.9498806595802307,62.35745620727539,171.4628448486328,0.7081352472305298,112.63796997070312,166.74868774414062,0.7342177629470825,0.0,0.0,0.40839874744415283,0.0,0.0,0.4167572259902954,77.9725112915039,200.511962890625,0.8827175498008728,102.61579895019531,199.6375732421875,0.8880916237831116,0.0,0.0,0.3606688678264618,0.0,0.0,0.3935836851596832,0.0,0.0,0.058249834924936295,0.0,0.0,0.07190599292516708
1583,True,0.0,0.0,0.07127714902162552,0.0,0.0,0.052898384630680084,0.0,0.0,0.011911974288523197,72.68987274169922,118.95249938964844,0.8360875844955444,0.0,0.0,0.3094630837440491,68.447509765625,139.47598266601562,0.9404054284095764,104.64886474609375,136.41122436523438,0.9516291618347168,62.151954650878906,171.7601318359375,0.7096916437149048,112.32311248779297,166.9195556640625,0.742611289024353,0.0,0.0,0.4097311496734619,0.0,0.0,0.42442384362220764,77.3997573852539,200.6746063232422,0.8846227526664734,102.33409881591797,199.90866088867188,0.8907630443572998,0.0,0.0,0.3611181080341339,0.0,0.0,0.395696222782135,0.0,0.0,0.057963382452726364,0.0,0.0,0.07163507491350174
1584,True,0.0,0.0,0.007469521835446358,0.0,0.0,0.0017550238408148289,0.0,0.0,0.0007131455931812525,0.0,0.0,0.001405069837346673,0.0,0.0,0.000357344833901152,0.0,0.0,0.00715893367305398,0.0,0.0,0.02625955641269684,0.0,0.0,0.09362892806529999,0.0,0.0,0.3191158175468445,0.0,0.0,0.4274262487888336,260.39801025390625,124.77848815917969,0.656444787979126,0.0,0.0,0.030496792867779732,0.0,0.0,0.05697217583656311,0.0,0.0,0.0023077004589140415,0.0,0.0,0.004680627025663853,0.0,0.0,0.00043120214832015336,0.0,0.0,0.0008009860757738352
1585,True,0.0,0.0,0.01414430607110262,0.0,0.0,0.0027417356614023447,0.0,0.0,0.0018092722166329622,0.0,0.0,0.0020703242626041174,0.0,0.0,0.0009134045103564858,0.0,0.0,0.017736472189426422,0.0,0.0,0.05555635690689087,0.0,0.0,0.17355823516845703,0.0,0.0,0.48527806997299194,266.44036865234375,130.16131591796875,0.5380296111106873,265.0177307128906,129.0580596923828,0.7562851905822754,0.0,0.0,0.07302026450634003,0.0,0.0,0.12780217826366425,0.0,0.0,0.004501344170421362,0.0,0.0,0.008646245114505291,0.0,0.0,0.0005922333803027868,0.0,0.0,0.0010505981044843793
1586,True,0.0,0.0,0.13806626200675964,0.0,0.0,0.11158392578363419,0.0,0.0,0.021825449541211128,74.6214599609375,120.72917175292969,0.9030302166938782,0.0,0.0,0.33259284496307373,70.39411926269531,140.197509765625,0.9722018837928772,104.64602661132812,136.63352966308594,0.9783469438552856,62.803958892822266,172.9605255126953,0.7994340062141418,112.83219909667969,167.43614196777344,0.8545347452163696,0.0,0.0,0.44891688227653503,111.57633972167969,184.19773864746094,0.525092363357544,79.70268249511719,200.16183471679688,0.947708010673523,102.4632568359375,199.11505126953125,0.9558391571044922,0.0,0.0,0.33754852414131165,0.0,0.0,0.4100206792354584,0.0,0.0,0.035656869411468506,0.0,0.0,0.049219097942113876
1587,True,0.0,0.0,0.17294786870479584,0.0,0.0,0.16424262523651123,0.0,0.0,0.02514265477657318,75.2274169921875,120.44843292236328,0.9104530215263367,0.0,0.0,0.2634460926055908,70.74803161621094,140.87799072265625,0.9484257102012634,104.4896240234375,137.81398010253906,0.9527595043182373,63.254051208496094,172.87832641601562,0.7036953568458557,113.08174896240234,168.3451385498047,0.6947385668754578,0.0,0.0,0.4237327575683594,0.0,0.0,0.392636775970459,78.97863006591797,201.06173706054688,0.8680582046508789,102.100341796875,200.17247009277344,0.8707472085952759,0.0,0.0,0.3583703339099884,0.0,0.0,0.38353225588798523,0.0,0.0,0.06110366806387901,0.0,0.0,0.07474658638238907
1588,True,0.0,0.0,0.015755586326122284,0.0,0.0,0.003685635281726718,0.0,0.0,0.0018077932763844728,0.0,0.0,0.00256591709330678,0.0,0.0,0.0007059657946228981,0.0,0.0,0.011394442990422249,0.0,0.0,0.052451957017183304,0.0,0.0,0.09929479658603668,0.0,0.0,0.41911548376083374,0.0,0.0,0.4099529981613159,266.20819091796875,130.2273712158203,0.7048848867416382,0.0,0.0,0.03647831082344055,0.0,0.0,0.07711130380630493,0.0,0.0,0.0022693865466862917,0.0,0.0,0.0051781111396849155,0.0,0.0,0.00042862744885496795,0.0,0.0,0.0008739628829061985
1589,True,0.0,0.0,0.013854485005140305,0.0,0.0,0.0030811994802206755,0.0,0.0,0.0017958036623895168,0.0,0.0,0.0024118698202073574,0.0,0.0,0.0007567251450382173,0.0,0.0,0.008923660032451153,0.0,0.0,0.06363575905561447,0.0,0.0,0.0679606944322586,0.0,0.0,0.45418548583984375,0.0,0.0,0.29503217339515686,264.8587951660156,129.94630432128906,0.6841133236885071,0.0,0.0,0.030376143753528595,0.0,0.0,0.07895182818174362,0.0,0.0,0.0014704845380038023,0.0,0.0,0.004118469078093767,0.0,0.0,0.00028967796242795885,0.0,0.0,0.0006816075183451176
1590,True,0.0,0.0,0.24319075047969818,0.0,0.0,0.23483413457870483,0.0,0.0,0.0382104367017746,76.45162200927734,120.00526428222656,0.9222046732902527,0.0,0.0,0.2757720649242401,71.57443237304688,139.82040405273438,0.953599214553833,103.91313934326172,137.29629516601562,0.9565401077270508,63.52235794067383,171.61724853515625,0.7198071479797363,113.09439849853516,168.13906860351562,0.7018278241157532,0.0,0.0,0.44899025559425354,0.0,0.0,0.4077502191066742,79.60216522216797,200.63182067871094,0.870963454246521,101.59101867675781,199.86936950683594,0.8717980980873108,0.0,0.0,0.3633936643600464,0.0,0.0,0.3845798969268799,0.0,0.0,0.062108393758535385,0.0,0.0,0.07531385868787766
1591,True,0.0,0.0,0.2641233503818512,0.0,0.0,0.2581959068775177,0.0,0.0,0.042160648852586746,76.73458862304688,119.89181518554688,0.9243992567062378,0.0,0.0,0.2697347104549408,71.9147720336914,139.740966796875,0.95346599817276,103.60731506347656,137.2301788330078,0.9556165933609009,63.66408920288086,171.5524139404297,0.7189621925354004,113.24324035644531,167.93069458007812,0.6958439350128174,0.0,0.0,0.4517986476421356,0.0,0.0,0.40549007058143616,79.90266418457031,200.67974853515625,0.8688481450080872,101.38603973388672,199.86741638183594,0.8689268827438354,0.0,0.0,0.3646971583366394,0.0,0.0,0.384036660194397,0.0,0.0,0.0632132813334465,0.0,0.0,0.0763312354683876
1592,True,0.0,0.0,0.010436410084366798,0.0,0.0,0.0021264925599098206,0.0,0.0,0.001441962900571525,0.0,0.0,0.002065552631393075,0.0,0.0,0.0008712494163773954,0.0,0.0,0.011745862662792206,0.0,0.0,0.08319795876741409,0.0,0.0,0.10342172533273697,283.66949462890625,102.97187805175781,0.5771533846855164,0.0,0.0,0.36986619234085083,266.7174377441406,128.131103515625,0.7616399526596069,0.0,0.0,0.06494871526956558,0.0,0.0,0.15504179894924164,0.0,0.0,0.002546882489696145,0.0,0.0,0.00669103441759944,0.0,0.0,0.00036276172613725066,0.0,0.0,0.0008151349029503763
1593,True,0.0,0.0,0.011374211870133877,0.0,0.0,0.002048950642347336,0.0,0.0,0.0017077772645279765,0.0,0.0,0.0016103037633001804,0.0,0.0,0.0009729122393764555,0.0,0.0,0.008645791560411453,0.0,0.0,0.07981587201356888,0.0,0.0,0.06601271033287048,289.6662292480469,106.96231079101562,0.5511098504066467,0.0,0.0,0.30785876512527466,275.96923828125,129.71653747558594,0.7553431391716003,0.0,0.0,0.03185174614191055,0.0,0.0,0.09137330949306488,0.0,0.0,0.0021195746958255768,0.0,0.0,0.006252933759242296,0.0,0.0,0.00046136084711179137,0.0,0.0,0.00109337258618325
1594,True,0.0,0.0,0.011695891618728638,0.0,0.0,0.0025731113273650408,0.0,0.0,0.0016299932030960917,0.0,0.0,0.002240295521914959,0.0,0.0,0.0008185409824363887,0.0,0.0,0.008237956091761589,0.0,0.0,0.07435113191604614,0.0,0.0,0.051737722009420395,0.0,0.0,0.47674885392189026,0.0,0.0,0.230217844247818,276.19403076171875,129.17481994628906,0.6748886704444885,0.0,0.0,0.028374554589390755,0.0,0.0,0.08194110542535782,0.0,0.0,0.0015909320209175348,0.0,0.0,0.004900082945823669,0.0,0.0,0.00034501333720982075,0.0,0.0,0.0008564807358197868
1595,True,131.19284057617188,84.75970458984375,0.9152060747146606,132.83111572265625,82.70221710205078,0.6868323087692261,129.7796630859375,81.0592041015625,0.9400728940963745,0.0,0.0,0.15680627524852753,122.1449203491211,78.58055877685547,0.8902608752250671,122.66230773925781,94.86531829833984,0.7940590381622314,115.40431213378906,93.6021728515625,0.9125944375991821,0.0,0.0,0.3140580356121063,117.67060852050781,119.16743469238281,0.7079368233680725,0.0,0.0,0.2594791650772095,128.0925750732422,128.658935546875,0.5665826797485352,0.0,0.0,0.3502984941005707,0.0,0.0,0.4591732323169708,0.0,0.0,0.058938074856996536,0.0,0.0,0.08930295705795288,0.0,0.0,0.017120739445090294,0.0,0.0,0.02167586050927639
1596,True,131.8682403564453,85.21846008300781,0.9028506875038147,133.98342895507812,83.03118133544922,0.6504935026168823,130.4613494873047,81.15522766113281,0.9174940586090088,0.0,0.0,0.11738139390945435,123.15328979492188,78.49221801757812,0.7690135836601257,125.5302734375,95.57549285888672,0.8586896657943726,114.60543823242188,93.32301330566406,0.9008925557136536,0.0,0.0,0.4514588415622711,115.39762878417969,117.81031036376953,0.5810722708702087,0.0,0.0,0.361093133687973,0.0,0.0,0.41763952374458313,125.84709930419922,135.14161682128906,0.5194282531738281,118.11141967773438,135.5357666015625,0.5468509793281555,0.0,0.0,0.06421541422605515,0.0,0.0,0.06737830489873886,0.0,0.0,0.014797261916100979,0.0,0.0,0.015033313073217869
1597,True,133.70567321777344,85.6693115234375,0.8704959154129028,0.0,0.0,0.4011809229850769,132.6890106201172,81.67485046386719,0.9298584461212158,0.0,0.0,0.050748832523822784,124.99019622802734,78.19241333007812,0.9006340503692627,125.50772857666016,93.74483489990234,0.8136803507804871,114.74905395507812,92.00502014160156,0.9581737518310547,0.0,0.0,0.2580658197402954,115.6393814086914,115.79842376708984,0.8299815654754639,0.0,0.0,0.21343733370304108,124.34673309326172,126.30809020996094,0.6149670481681824,126.76385498046875,134.7433624267578,0.5605061650276184,119.2474594116211,135.38623046875,0.7248629331588745,0.0,0.0,0.05752014368772507,0.0,0.0,0.11044735461473465,0.0,0.0,0.01152430847287178,0.0,0.0,0.01906091906130314
1598,True,133.88819885253906,85.00733184814453,0.9198840856552124,136.2720184326172,82.85143280029297,0.5845808386802673,132.72433471679688,80.79216766357422,0.9561273455619812,0.0,0.0,0.06794742494821548,125.45588684082031,77.37950134277344,0.9063417315483093,127.48551177978516,94.32711029052734,0.8386131525039673,115.74095153808594,91.50350952148438,0.9613237380981445,0.0,0.0,0.2843647003173828,116.55023956298828,115.443115234375,0.8209381699562073,0.0,0.0,0.23576565086841583,124.67195129394531,126.53911590576172,0.613759458065033,128.1525115966797,134.82522583007812,0.5793153047561646,119.81414794921875,135.0962371826172,0.7309555411338806,0.0,0.0,0.06373436748981476,0.0,0.0,0.11462713032960892,0.0,0.0,0.012632583267986774,0.0,0.0,0.019927404820919037
1599,True,134.7399139404297,84.82357788085938,0.9039047956466675,137.12889099121094,82.75086975097656,0.5733727812767029,133.62545776367188,80.84149932861328,0.9408720135688782,0.0,0.0,0.0804569274187088,127.07754516601562,77.64203643798828,0.8860787153244019,129.90524291992188,93.85237121582031,0.8578530550003052,117.46142578125,91.15250396728516,0.9622503519058228,0.0,0.0,0.3659169375896454,117.30725860595703,114.23592376708984,0.8428677916526794,0.0,0.0,0.29548904299736023,124.7808609008789,126.11719512939453,0.6513144373893738,129.5552978515625,132.56179809570312,0.638116180896759,120.77528381347656,132.76712036132812,0.7664051651954651,0.0,0.0,0.07622452825307846,0.0,0.0,0.1276104599237442,0.0,0.0,0.01375411357730627,0.0,0.0,0.0207218024879694
1600,True,134.8786163330078,83.99160766601562,0.9414269924163818,137.8850860595703,82.02365112304688,0.7857646346092224,133.3363494873047,79.96113586425781,0.954782247543335,0.0,0.0,0.1564292013645172,126.80036926269531,77.4122314453125,0.8370722532272339,132.6804962158203,95.29212188720703,0.8863914012908936,118.1177749633789,91.34703826904297,0.9475787878036499,0.0,0.0,0.44322043657302856,117.46196746826172,113.61337280273438,0.7190132141113281,0.0,0.0,0.34752029180526733,125.1192398071289,126.59313201904297,0.520939290523529,130.5339813232422,133.68704223632812,0.6104162931442261,120.25568389892578,133.23292541503906,0.6811797618865967,0.0,0.0,0.07737919688224792,0.0,0.0,0.09629101306200027,0.0,0.0,0.015741772949695587,0.0,0.0,0.018751351162791252
1601,True,137.2869415283203,83.52877807617188,0.946614682674408,139.7113037109375,81.52935791015625,0.7200525403022766,135.6446533203125,79.76544189453125,0.9700706005096436,0.0,0.0,0.09589112550020218,128.32919311523438,77.3749771118164,0.9165294170379639,133.87429809570312,94.0940170288086,0.8823525905609131,118.66736602783203,91.04823303222656,0.9729129076004028,0.0,0.0,0.3638688027858734,116.7984619140625,113.99282836914062,0.8651703000068665,0.0,0.0,0.2951439619064331,126.52967834472656,125.39229583740234,0.68285071849823,132.4646453857422,132.91583251953125,0.6531844735145569,121.90557861328125,132.92996215820312,0.7872879505157471,0.0,0.0,0.07668006420135498,0.0,0.0,0.13496865332126617,0.0,0.0,0.013845236971974373,0.0,0.0,0.021817585453391075
1602,True,138.68423461914062,82.50098419189453,0.9445347785949707,140.97268676757812,80.62678527832031,0.7252416014671326,136.92701721191406,79.1478042602539,0.9680439233779907,0.0,0.0,0.10271306335926056,130.16505432128906,77.83412170410156,0.9081769585609436,135.96096801757812,94.21267700195312,0.8713461756706238,121.73545837402344,91.3690414428711,0.9725273847579956,0.0,0.0,0.34332096576690674,119.00927734375,112.6504898071289,0.8724521398544312,0.0,0.0,0.2805986702442169,125.75505828857422,125.59264373779297,0.6932222843170166,133.66334533691406,132.0554962158203,0.6431698203086853,123.75433349609375,131.90460205078125,0.7885469794273376,0.0,0.0,0.0774383619427681,0.0,0.0,0.14351963996887207,0.0,0.0,0.014886939898133278,0.0,0.0,0.02453939989209175
1603,True,139.89215087890625,82.08861541748047,0.9780884385108948,142.77162170410156,80.20014953613281,0.8845269083976746,138.01162719726562,78.415283203125,0.9860529899597168,0.0,0.0,0.18681256473064423,131.2716522216797,77.27861785888672,0.9339993000030518,138.570556640625,95.26238250732422,0.9475253820419312,121.9398422241211,91.87419891357422,0.9842537641525269,136.7415771484375,115.38311767578125,0.5685608983039856,118.76998138427734,114.03997802734375,0.8976925015449524,0.0,0.0,0.46421149373054504,127.09274291992188,126.01932525634766,0.7521035671234131,134.93350219726562,133.39817810058594,0.7511370182037354,123.23738098144531,133.04464721679688,0.8375835418701172,0.0,0.0,0.0911470428109169,0.0,0.0,0.13873006403446198,0.0,0.0,0.013382633216679096,0.0,0.0,0.01857566460967064
1604,True,142.2885284423828,82.38729858398438,0.9726988077163696,145.05062866210938,80.53199005126953,0.8610936403274536,140.44119262695312,78.90774536132812,0.9753639698028564,0.0,0.0,0.2776491940021515,134.04730224609375,78.05447387695312,0.9277543425559998,140.15225219726562,95.83174133300781,0.924504280090332,123.57621002197266,92.81501770019531,0.9825390577316284,137.44143676757812,116.49971771240234,0.564847469329834,118.59356689453125,114.83949279785156,0.9248164892196655,138.7918243408203,126.91024780273438,0.5183313488960266,129.6590576171875,126.35250854492188,0.8543546199798584,133.69830322265625,133.80804443359375,0.6607288122177124,122.27131652832031,133.68545532226562,0.7894725203514099,0.0,0.0,0.1246088519692421,0.0,0.0,0.21470926702022552,0.0,0.0,0.022526782006025314,0.0,0.0,0.03332347422838211
1605,True,143.8409881591797,81.81006622314453,0.9751797318458557,146.65692138671875,79.85123443603516,0.8850497007369995,142.0243377685547,78.43315124511719,0.97849440574646,0.0,0.0,0.31535446643829346,136.20068359375,77.53052520751953,0.9294375777244568,144.06532287597656,94.96273803710938,0.9362385869026184,126.06085968017578,92.59004974365234,0.9806544184684753,142.81275939941406,114.43202209472656,0.6073902249336243,119.985595703125,114.50912475585938,0.9150123596191406,143.22703552246094,126.34508514404297,0.5362205505371094,130.13943481445312,127.72894287109375,0.8344472646713257,137.3101806640625,132.1623077392578,0.6489389538764954,125.34077453613281,132.05506896972656,0.7628695964813232,0.0,0.0,0.10296262800693512,0.0,0.0,0.16660943627357483,0.0,0.0,0.01862453855574131,0.0,0.0,0.025645440444350243
1606,True,146.17332458496094,81.2574691772461,0.9716819524765015,148.99282836914062,79.29325866699219,0.859495222568512,144.19859313964844,77.86406707763672,0.9795200824737549,0.0,0.0,0.2535686492919922,138.23638916015625,77.36825561523438,0.9345981478691101,145.7905731201172,95.14871978759766,0.8895286917686462,129.1629180908203,92.35307312011719,0.9818978905677795,0.0,0.0,0.41986083984375,122.89836120605469,113.50408935546875,0.927943766117096,0.0,0.0,0.38704684376716614,133.98634338378906,127.40434265136719,0.8461796641349792,139.37850952148438,133.25575256347656,0.585895836353302,128.23516845703125,132.8990478515625,0.7775127291679382,0.0,0.0,0.09190191328525543,0.0,0.0,0.1998862326145172,0.0,0.0,0.019270019605755806,0.0,0.0,0.03367256373167038
1607,True,148.72943115234375,81.01007843017578,0.9743461608886719,151.52093505859375,78.97404479980469,0.8599933385848999,146.559326171875,77.6441421508789,0.9790904521942139,0.0,0.0,0.25269192457199097,140.47015380859375,77.1740951538086,0.9308231472969055,149.3701629638672,95.09567260742188,0.8878189325332642,131.16485595703125,92.08720397949219,0.9865959286689758,0.0,0.0,0.4268413782119751,119.67095947265625,111.17201232910156,0.950847327709198,0.0,0.0,0.4359744191169739,130.04710388183594,124.75877380371094,0.9008709192276001,144.1101837158203,132.8484649658203,0.6341658234596252,132.39126586914062,132.45904541015625,0.8317219018936157,0.0,0.0,0.12011149525642395,0.0,0.0,0.27736696600914,0.0,0.0,0.02360623888671398,0.0,0.0,0.045345697551965714
1608,True,148.81956481933594,81.00950622558594,0.9744000434875488,151.53903198242188,78.96924591064453,0.8564440011978149,146.58187866210938,77.71314239501953,0.9795952439308167,0.0,0.0,0.2432144433259964,140.42031860351562,77.4387435913086,0.9341422915458679,149.46754455566406,95.24101257324219,0.8866972327232361,131.15322875976562,92.31278991699219,0.9871619343757629,0.0,0.0,0.42183002829551697,119.55081939697266,111.14385986328125,0.9535106420516968,0.0,0.0,0.4330422282218933,130.15240478515625,124.53874206542969,0.905350923538208,144.22076416015625,132.84515380859375,0.6357712149620056,132.42369079589844,132.49851989746094,0.8363789916038513,0.0,0.0,0.11975874751806259,0.0,0.0,0.28197288513183594,0.0,0.0,0.02350451424717903,0.0,0.0,0.04587254300713539
1609,True,150.7489013671875,80.87480163574219,0.9778707027435303,153.66397094726562,78.60871887207031,0.8998635411262512,148.488525390625,77.60708618164062,0.9794703125953674,0.0,0.0,0.3422256112098694,143.20875549316406,77.35974884033203,0.9214159846305847,151.70260620117188,95.13872528076172,0.9402246475219727,135.38499450683594,91.6917953491211,0.9844880700111389,151.23501586914062,112.54134368896484,0.6189124584197998,123.07440185546875,110.34713745117188,0.9347692728042603,159.2662811279297,117.06611633300781,0.5791518688201904,133.7645721435547,123.60629272460938,0.8768723607063293,146.3321075439453,133.2073211669922,0.7412444353103638,135.88058471679688,132.92059326171875,0.8435129523277283,0.0,0.0,0.16577105224132538,0.0,0.0,0.2776767313480377,0.0,0.0,0.029720665886998177,0.0,0.0,0.044641584157943726
1610,True,0.0,0.0,0.12751781940460205,0.0,0.0,0.11977489292621613,0.0,0.0,0.02063511498272419,73.81913757324219,121.41336822509766,0.9096082448959351,0.0,0.0,0.31442776322364807,69.35154724121094,140.1121826171875,0.9511773586273193,104.49644470214844,138.908203125,0.9588900804519653,59.16040802001953,164.38986206054688,0.6783668398857117,112.04656982421875,171.83779907226562,0.7130813598632812,0.0,0.0,0.3492940366268158,0.0,0.0,0.37551406025886536,79.07476043701172,200.40577697753906,0.8631249666213989,103.07122802734375,200.36703491210938,0.8787421584129333,0.0,0.0,0.32421988248825073,0.0,0.0,0.3808589279651642,0.0,0.0,0.056403711438179016,0.0,0.0,0.0745270848274231
1611,True,0.0,0.0,0.005156979896128178,0.0,0.0,0.0014387463452294469,0.0,0.0,0.001574115944094956,0.0,0.0,0.002153489738702774,0.0,0.0,0.0018487012712284923,0.0,0.0,0.01321452483534813,0.0,0.0,0.1315738707780838,0.0,0.0,0.12766298651695251,218.24655151367188,86.29271697998047,0.7401401400566101,0.0,0.0,0.3280240297317505,206.39453125,111.97452545166016,0.8105471134185791,0.0,0.0,0.32584136724472046,251.1617431640625,184.14730834960938,0.586346447467804,0.0,0.0,0.002621445804834366,0.0,0.0,0.00815468281507492,0.0,0.0,0.00015322919352911413,0.0,0.0,0.00038921760278753936
1612,True,0.0,0.0,0.0038276277482509613,0.0,0.0,0.0005778766353614628,0.0,0.0,0.0019099778728559613,0.0,0.0,0.0010008476674556732,0.0,0.0,0.004353291355073452,0.0,0.0,0.009033442474901676,0.0,0.0,0.26659414172172546,0.0,0.0,0.07100673764944077,218.3465576171875,90.31575012207031,0.876447856426239,0.0,0.0,0.25890693068504333,227.4211883544922,115.79342651367188,0.9047818779945374,0.0,0.0,0.21622107923030853,260.6932373046875,187.41299438476562,0.584697961807251,0.0,0.0,0.0015899642603471875,0.0,0.0,0.007627571001648903,0.0,0.0,9.826643508858979e-05,0.0,0.0,0.00032203097362071276
1613,True,0.0,0.0,0.01456105150282383,0.0,0.0,0.0014374371385201812,0.0,0.0,0.004831000696867704,0.0,0.0,0.0006498477887362242,0.0,0.0,0.006673975382000208,0.0,0.0,0.029804985970258713,0.0,0.0,0.365200012922287,0.0,0.0,0.2938421964645386,213.63565063476562,93.44628143310547,0.928674578666687,271.6188659667969,120.8019790649414,0.6000810861587524,161.32110595703125,110.99055480957031,0.9563451409339905,0.0,0.0,0.39271116256713867,259.92291259765625,189.61981201171875,0.6928761601448059,0.0,0.0,0.0033458825200796127,0.0,0.0,0.012043868191540241,0.0,0.0,0.00010740516881924123,0.0,0.0,0.0002931955677922815
1614,True,0.0,0.0,0.009110506623983383,0.0,0.0,0.0010241576237604022,0.0,0.0,0.0017609348287805915,0.0,0.0,0.0005827361601404846,0.0,0.0,0.0021456428803503513,0.0,0.0,0.02857951447367668,0.0,0.0,0.18704180419445038,0.0,0.0,0.3926067352294922,221.5884552001953,100.47404479980469,0.8622745871543884,272.05987548828125,128.16629028320312,0.7465396523475647,165.13644409179688,114.22686767578125,0.9456157088279724,0.0,0.0,0.22046887874603271,0.0,0.0,0.39848923683166504,0.0,0.0,0.0031786873005330563,0.0,0.0,0.0076226782985031605,0.0,0.0,0.00017601725994609296,0.0,0.0,0.0003628781414590776
1615,True,0.0,0.0,0.031571801751852036,0.0,0.0,0.0037820423021912575,0.0,0.0,0.004706221166998148,0.0,0.0,0.001185452681966126,0.0,0.0,0.0028888212982565165,0.0,0.0,0.06052529811859131,0.0,0.0,0.27037233114242554,316.05328369140625,96.6965560913086,0.5395959615707397,223.34361267089844,104.43547058105469,0.8778588175773621,267.0663146972656,130.06849670410156,0.8408663272857666,157.71377563476562,112.41950225830078,0.9566453695297241,0.0,0.0,0.2023923546075821,0.0,0.0,0.34497982263565063,0.0,0.0,0.0025315324310213327,0.0,0.0,0.005209278780966997,0.0,0.0,0.00010442282655276358,0.0,0.0,0.00019864960631821305
1616,True,0.0,0.0,0.006505721248686314,0.0,0.0,0.0007672851206734776,0.0,0.0,0.0010505019454285502,0.0,0.0,0.0005745747475884855,0.0,0.0,0.001104482333175838,0.0,0.0,0.02534550242125988,0.0,0.0,0.15609051287174225,320.0,96.96883392333984,0.5366641879081726,227.53237915039062,87.41710662841797,0.9079134464263916,264.1485290527344,134.82301330566406,0.8496923446655273,160.6654510498047,112.67547607421875,0.9638842940330505,0.0,0.0,0.15952643752098083,0.0,0.0,0.3054257929325104,0.0,0.0,0.001272180350497365,0.0,0.0,0.0028336881659924984,0.0,0.0,7.359534356510267e-05,0.0,0.0,0.00014401947555597872
1617,True,0.0,0.0,0.013266826048493385,0.0,0.0,0.002437169663608074,0.0,0.0,0.0008596056140959263,0.0,0.0,0.002353169023990631,0.0,0.0,0.0005927887978032231,0.0,0.0,0.07991668581962585,0.0,0.0,0.23075690865516663,317.580078125,95.11908721923828,0.7153930068016052,224.1797332763672,75.45127868652344,0.892216145992279,252.33914184570312,138.63424682617188,0.9224854111671448,152.46939086914062,113.29109191894531,0.9647082686424255,0.0,0.0,0.3359028995037079,0.0,0.0,0.46357056498527527,0.0,0.0,0.004794168286025524,0.0,0.0,0.008586487732827663,0.0,0.0,0.00017691271204967052,0.0,0.0,0.0003169867559336126
1618,True,0.0,0.0,0.015875378623604774,0.0,0.0,0.001892009750008583,0.0,0.0,0.001720496453344822,0.0,0.0,0.0009755687206052244,0.0,0.0,0.0009767342125996947,0.0,0.0,0.03312433511018753,0.0,0.0,0.21849679946899414,315.5264892578125,104.96802520751953,0.573816180229187,222.34524536132812,85.44319152832031,0.9268994927406311,247.96136474609375,145.94876098632812,0.9106823205947876,146.78933715820312,111.37733459472656,0.9801044464111328,0.0,0.0,0.24733993411064148,0.0,0.0,0.4407568573951721,0.0,0.0,0.0021601191256195307,0.0,0.0,0.005108312238007784,0.0,0.0,6.39986974420026e-05,0.0,0.0,0.0001383205526508391
1619,True,0.0,0.0,0.04546618089079857,0.0,0.0,0.009943204000592232,0.0,0.0,0.0027660788036882877,0.0,0.0,0.004036677535623312,0.0,0.0,0.0009329639724455774,0.0,0.0,0.06997863203287125,0.0,0.0,0.28472378849983215,320.0,99.49638366699219,0.5837160348892212,208.8426055908203,85.88555145263672,0.8888104557991028,246.20741271972656,147.09986877441406,0.8786951899528503,135.53057861328125,110.36576080322266,0.9649026393890381,0.0,0.0,0.36357980966567993,258.447998046875,193.62655639648438,0.5581250190734863,0.0,0.0,0.005031081382185221,0.0,0.0,0.011801274493336678,0.0,0.0,0.0001322727184742689,0.0,0.0,0.0003051760431844741
1620,True,0.0,0.0,0.1164039894938469,0.0,0.0,0.03543241694569588,0.0,0.0,0.007905503734946251,0.0,0.0,0.012258267030119896,0.0,0.0,0.0016968408599495888,0.0,0.0,0.14292393624782562,0.0,0.0,0.26995977759361267,308.5135192871094,110.19473266601562,0.6115410923957825,204.5423583984375,78.15827941894531,0.7498073577880859,242.5201416015625,147.40167236328125,0.8787925243377686,134.3687744140625,103.71049499511719,0.9169655442237854,0.0,0.0,0.29665350914001465,0.0,0.0,0.389683336019516,0.0,0.0,0.011812642216682434,0.0,0.0,0.018149031326174736,0.0,0.0,0.0005671537946909666,0.0,0.0,0.0009356139344163239
1621,True,0.0,0.0,0.06244366616010666,0.0,0.0,0.01825605519115925,0.0,0.0,0.004151391331106424,0.0,0.0,0.007258955389261246,0.0,0.0,0.0010539843933656812,0.0,0.0,0.09644705802202225,0.0,0.0,0.1834055781364441,310.623291015625,104.70254516601562,0.5926263928413391,196.7144012451172,69.00384521484375,0.6806734800338745,237.966796875,150.3241424560547,0.8869080543518066,124.21623229980469,101.60041809082031,0.9061097502708435,0.0,0.0,0.3046354651451111,0.0,0.0,0.37643975019454956,0.0,0.0,0.015362211503088474,0.0,0.0,0.020394090563058853,0.0,0.0,0.0008115271921269596,0.0,0.0,0.0012006646720692515
1622,True,0.0,0.0,0.02765674702823162,0.0,0.0,0.0034839571453630924,0.0,0.0,0.002559791784733534,0.0,0.0,0.0015158960595726967,0.0,0.0,0.0012935952981933951,0.0,0.0,0.04546384513378143,0.0,0.0,0.2578798532485962,302.046875,122.85084533691406,0.5353338718414307,206.7021942138672,60.64628601074219,0.8904237151145935,226.99903869628906,155.4119873046875,0.9004402756690979,121.55361938476562,104.94834899902344,0.9721821546554565,0.0,0.0,0.1931338906288147,0.0,0.0,0.3612614572048187,0.0,0.0,0.004064449109137058,0.0,0.0,0.008122023195028305,0.0,0.0,0.00016798445722088218,0.0,0.0,0.00031248084269464016
1623,True,0.0,0.0,0.01727922447025776,0.0,0.0,0.0027634426951408386,0.0,0.0,0.0012516463175415993,0.0,0.0,0.0015773598570376635,0.0,0.0,0.0005305740633048117,0.0,0.0,0.023372821509838104,0.0,0.0,0.20209161937236786,0.0,0.0,0.49258115887641907,200.8197021484375,60.1278076171875,0.909506618976593,222.786376953125,154.87811279296875,0.9188628792762756,120.19530487060547,102.6630859375,0.9837911128997803,0.0,0.0,0.16565419733524323,0.0,0.0,0.3574383854866028,0.0,0.0,0.0019296819809824228,0.0,0.0,0.004859053995460272,0.0,0.0,5.706828596885316e-05,0.0,0.0,0.00013369190855883062
1624,True,0.0,0.0,0.00916075799614191,0.0,0.0,0.001086495816707611,0.0,0.0,0.0008907172014005482,0.0,0.0,0.0007118243374861777,0.0,0.0,0.0007314461399801075,0.0,0.0,0.024094680324196815,0.0,0.0,0.2018771767616272,0.0,0.0,0.4933300018310547,200.39288330078125,60.62842559814453,0.9049050211906433,210.9165802001953,158.46435546875,0.8807752132415771,120.96190643310547,100.84342956542969,0.9763708114624023,0.0,0.0,0.21795490384101868,0.0,0.0,0.4257609248161316,0.0,0.0,0.0020668040961027145,0.0,0.0,0.004660163540393114,0.0,0.0,6.100693281041458e-05,0.0,0.0,0.00012731504102703184
1625,True,0.0,0.0,0.02637372724711895,0.0,0.0,0.004037786275148392,0.0,0.0,0.001863268786109984,0.0,0.0,0.00385879329405725,0.0,0.0,0.0024784833658486605,0.0,0.0,0.09783334285020828,0.0,0.0,0.2550627589225769,279.12469482421875,128.49732971191406,0.5540270209312439,274.2713317871094,111.33159637451172,0.7359142303466797,205.67547607421875,159.65684509277344,0.8513481020927429,184.95358276367188,144.05389404296875,0.8990409970283508,0.0,0.0,0.21352025866508484,0.0,0.0,0.3083431124687195,0.0,0.0,0.020297762006521225,0.0,0.0,0.02822977676987648,0.0,0.0,0.0017490258906036615,0.0,0.0,0.0025156873743981123
1626,True,0.0,0.0,0.03667861595749855,0.0,0.0,0.0057538761757314205,0.0,0.0,0.0022551773581653833,0.0,0.0,0.003075515851378441,0.0,0.0,0.0010986573761329055,0.0,0.0,0.07985653728246689,0.0,0.0,0.3871076703071594,289.2142333984375,114.71533203125,0.6500687599182129,223.63902282714844,77.33550262451172,0.9392778873443604,199.11923217773438,158.17747497558594,0.9067758917808533,151.50682067871094,107.928466796875,0.979720413684845,0.0,0.0,0.38184481859207153,264.9889831542969,172.0474395751953,0.610519528388977,0.0,0.0,0.00817748811095953,0.0,0.0,0.019075389951467514,0.0,0.0,0.00025642220862209797,0.0,0.0,0.0005722885834984481
1627,True,0.0,0.0,0.011105887591838837,0.0,0.0,0.0027914894744753838,0.0,0.0,0.00042800194933079183,0.0,0.0,0.002411904279142618,0.0,0.0,0.0001993007172131911,0.0,0.0,0.05375495180487633,0.0,0.0,0.042614057660102844,300.1871643066406,102.66425323486328,0.7960654497146606,262.29095458984375,68.2092514038086,0.6438426971435547,178.69715881347656,165.8482666015625,0.9578198194503784,195.3040008544922,98.72557830810547,0.9330236911773682,0.0,0.0,0.2666456699371338,0.0,0.0,0.24499335885047913,0.0,0.0,0.008509673178195953,0.0,0.0,0.008138076402246952,0.0,0.0,0.0003201504878234118,0.0,0.0,0.00039212251431308687
1628,True,0.0,0.0,0.30604419112205505,0.0,0.0,0.10187084972858429,0.0,0.0,0.021920645609498024,0.0,0.0,0.020547280088067055,0.0,0.0,0.004013073164969683,0.0,0.0,0.33228227496147156,0.0,0.0,0.36163946986198425,280.0413513183594,137.07257080078125,0.8120976090431213,280.27056884765625,102.32489013671875,0.7939264178276062,164.8313446044922,167.15499877929688,0.9498310685157776,198.8090057373047,122.81028747558594,0.9413043856620789,0.0,0.0,0.18767601251602173,0.0,0.0,0.2216120958328247,0.0,0.0,0.021532148122787476,0.0,0.0,0.023394819349050522,0.0,0.0,0.0018425803864374757,0.0,0.0,0.0022837547585368156
1629,True,0.0,0.0,0.12430053949356079,0.0,0.0,0.029212499037384987,0.0,0.0,0.008263071067631245,0.0,0.0,0.024963153526186943,0.0,0.0,0.006514455191791058,0.0,0.0,0.22455772757530212,0.0,0.0,0.4549851715564728,259.32952880859375,142.91209411621094,0.5488593578338623,264.02435302734375,134.23251342773438,0.6883171796798706,161.24851989746094,170.6204071044922,0.8193254470825195,162.32374572753906,168.48123168945312,0.8331670761108398,0.0,0.0,0.09550828486680984,0.0,0.0,0.15399344265460968,0.0,0.0,0.014100899919867516,0.0,0.0,0.018385570496320724,0.0,0.0,0.0020495846401900053,0.0,0.0,0.0027619898319244385
1630,True,171.9617156982422,85.7145004272461,0.982311487197876,173.7542724609375,81.04647827148438,0.9686097502708435,167.16644287109375,84.58787536621094,0.918854832649231,181.1358642578125,78.37089538574219,0.8579369187355042,0.0,0.0,0.46157360076904297,201.86648559570312,88.19337463378906,0.9892070293426514,177.5034637451172,96.61796569824219,0.9883861541748047,218.42807006835938,113.33969116210938,0.9548394083976746,186.162109375,119.83402252197266,0.9499786496162415,206.4564208984375,126.04000854492188,0.9265921115875244,175.6854705810547,137.22219848632812,0.9087042808532715,214.2146759033203,131.5528106689453,0.9370185732841492,196.7498016357422,133.12855529785156,0.9351789951324463,0.0,0.0,0.369193434715271,0.0,0.0,0.3500538468360901,0.0,0.0,0.044343333691358566,0.0,0.0,0.04591960087418556
1631,True,0.0,0.0,0.031564369797706604,0.0,0.0,0.008966036140918732,0.0,0.0,0.0008772090659476817,0.0,0.0,0.0054985471069812775,0.0,0.0,0.0005992196383886039,0.0,0.0,0.10589725524187088,0.0,0.0,0.03701987490057945,274.2951354980469,106.44332122802734,0.7248373031616211,0.0,0.0,0.23130370676517487,142.00218200683594,169.64747619628906,0.903020977973938,151.30467224121094,165.65919494628906,0.6203022599220276,0.0,0.0,0.03913785517215729,0.0,0.0,0.026529453694820404,0.0,0.0,0.010552559979259968,0.0,0.0,0.006160838063806295,0.0,0.0,0.002009943127632141,0.0,0.0,0.0016043399227783084
1632,True,0.0,0.0,0.23529435694217682,0.0,0.0,0.04683297500014305,0.0,0.0,0.03503323718905449,0.0,0.0,0.005084979813545942,0.0,0.0,0.014467778615653515,0.0,0.0,0.11431033164262772,0.0,0.0,0.18535465002059937,0.0,0.0,0.41812726855278015,277.1927185058594,108.32888793945312,0.5392267107963562,141.20306396484375,173.96417236328125,0.8333945870399475,206.71885681152344,159.71420288085938,0.8634151816368103,0.0,0.0,0.013343674130737782,0.0,0.0,0.019675076007843018,0.0,0.0,0.004814349580556154,0.0,0.0,0.006318288389593363,0.0,0.0,0.002052122028544545,0.0,0.0,0.0026620314456522465
1633,True,0.0,0.0,0.024950390681624413,0.0,0.0,0.0035019987262785435,0.0,0.0,0.0018286581616848707,0.0,0.0,0.0015409772749990225,0.0,0.0,0.0034389877691864967,0.0,0.0,0.15899717807769775,0.0,0.0,0.05422504246234894,288.0099792480469,78.8553237915039,0.8005545139312744,0.0,0.0,0.3242737054824829,166.48626708984375,155.07888793945312,0.9329710006713867,168.08627319335938,162.04127502441406,0.7320160269737244,0.0,0.0,0.06294695287942886,0.0,0.0,0.037355512380599976,0.0,0.0,0.03063943237066269,0.0,0.0,0.016006959602236748,0.0,0.0,0.009936356917023659,0.0,0.0,0.006692121736705303
1634,True,0.0,0.0,0.09717833250761032,0.0,0.0,0.01520503405481577,0.0,0.0,0.00852597039192915,0.0,0.0,0.0019843357149511576,0.0,0.0,0.0046159871853888035,0.0,0.0,0.12694025039672852,0.0,0.0,0.06368695199489594,290.8285217285156,105.61280822753906,0.6912805438041687,0.0,0.0,0.37321630120277405,145.06666564941406,167.9738006591797,0.9388566613197327,171.9938201904297,156.8750762939453,0.8537378907203674,0.0,0.0,0.02894219011068344,0.0,0.0,0.02328813448548317,0.0,0.0,0.022114144638180733,0.0,0.0,0.017081955447793007,0.0,0.0,0.007169465068727732,0.0,0.0,0.006485853809863329
1635,True,0.0,0.0,0.1289510428905487,0.0,0.0,0.021025819703936577,0.0,0.0,0.018873969092965126,0.0,0.0,0.005270085763186216,0.0,0.0,0.02091243863105774,0.0,0.0,0.2266809493303299,0.0,0.0,0.28319403529167175,282.57305908203125,102.46314239501953,0.5842196345329285,282.280517578125,94.1603775024414,0.5464798808097839,156.00230407714844,161.81753540039062,0.7731267809867859,180.39358520507812,147.90025329589844,0.7498781681060791,0.0,0.0,0.08640512079000473,0.0,0.0,0.10461626946926117,0.0,0.0,0.026250654831528664,0.0,0.0,0.02731277234852314,0.0,0.0,0.00812184251844883,0.0,0.0,0.009043256752192974
1636,True,285.3438415527344,37.02672576904297,0.7731304168701172,0.0,0.0,0.3791864812374115,0.0,0.0,0.40813323855400085,0.0,0.0,0.06935004889965057,0.0,0.0,0.165273979306221,0.0,0.0,0.4268518090248108,292.09857177734375,57.61290740966797,0.8540096282958984,0.0,0.0,0.3478768467903137,270.66741943359375,122.23095703125,0.8139316439628601,183.8259735107422,150.0081329345703,0.6655095815658569,195.58944702148438,144.58255004882812,0.8834055662155151,0.0,0.0,0.14876559376716614,0.0,0.0,0.3203303813934326,0.0,0.0,0.0411548838019371,0.0,0.0,0.08698289096355438,0.0,0.0,0.009131700731813908,0.0,0.0,0.01717836782336235
1637,True,0.0,0.0,0.05942795053124428,0.0,0.0,0.005810294300317764,0.0,0.0,0.037540365010499954,0.0,0.0,0.0023459563963115215,0.0,0.0,0.06617224961519241,0.0,0.0,0.05331907421350479,0.0,0.0,0.14915873110294342,0.0,0.0,0.16056762635707855,0.0,0.0,0.3232326805591583,199.75607299804688,148.17697143554688,0.5331021547317505,207.24151611328125,140.5122833251953,0.6738145351409912,0.0,0.0,0.017819629982113838,0.0,0.0,0.026134705170989037,0.0,0.0,0.006122253369539976,0.0,0.0,0.007515427190810442,0.0,0.0,0.0032718826550990343,0.0,0.0,0.0036779672373086214
1638,True,0.0,0.0,0.0478740930557251,0.0,0.0,0.005745082627981901,0.0,0.0,0.014653640799224377,0.0,0.0,0.0023459072690457106,0.0,0.0,0.027783289551734924,0.0,0.0,0.07272225618362427,0.0,0.0,0.22871164977550507,0.0,0.0,0.24400173127651215,275.8988952636719,106.28245544433594,0.5572490096092224,196.03604125976562,151.74993896484375,0.6508825421333313,207.58380126953125,141.08639526367188,0.8363622426986694,0.0,0.0,0.045493435114622116,0.0,0.0,0.07895883917808533,0.0,0.0,0.01142882276326418,0.0,0.0,0.018305063247680664,0.0,0.0,0.0044846320524811745,0.0,0.0,0.0063688429072499275
1639,True,0.0,0.0,0.02063310332596302,0.0,0.0,0.002138066804036498,0.0,0.0,0.008035893552005291,0.0,0.0,0.0007534874603152275,0.0,0.0,0.009203367866575718,0.0,0.0,0.01226421445608139,0.0,0.0,0.05950206518173218,0.0,0.0,0.09160291403532028,0.0,0.0,0.3581254184246063,225.7615966796875,142.1733856201172,0.5187450647354126,227.13140869140625,139.41030883789062,0.7660665512084961,0.0,0.0,0.015158366411924362,0.0,0.0,0.030344408005475998,0.0,0.0,0.005486481823027134,0.0,0.0,0.009512124583125114,0.0,0.0,0.003484184155240655,0.0,0.0,0.005157806910574436
1640,False,0.0,0.0,0.0,0.0,0.0,0.0,0.0,0.0,0.0,0.0,0.0,0.0,0.0,0.0,0.0,0.0,0.0,0.0,0.0,0.0,0.0,0.0,0.0,0.0,0.0,0.0,0.0,0.0,0.0,0.0,0.0,0.0,0.0,0.0,0.0,0.0,0.0,0.0,0.0,0.0,0.0,0.0,0.0,0.0,0.0,0.0,0.0,0.0,0.0,0.0,0.0
1641,False,0.0,0.0,0.0,0.0,0.0,0.0,0.0,0.0,0.0,0.0,0.0,0.0,0.0,0.0,0.0,0.0,0.0,0.0,0.0,0.0,0.0,0.0,0.0,0.0,0.0,0.0,0.0,0.0,0.0,0.0,0.0,0.0,0.0,0.0,0.0,0.0,0.0,0.0,0.0,0.0,0.0,0.0,0.0,0.0,0.0,0.0,0.0,0.0,0.0,0.0,0.0
1642,True,156.6764678955078,133.9497528076172,0.9665789604187012,159.18284606933594,129.50875854492188,0.9821104407310486,152.7494659423828,131.3090057373047,0.7314874529838562,167.71994018554688,128.30499267578125,0.9446659088134766,0.0,0.0,0.1069520115852356,184.35504150390625,134.89109802246094,0.9638247489929199,165.49118041992188,141.3004608154297,0.8120008707046509,188.08006286621094,155.74168395996094,0.9003159403800964,0.0,0.0,0.3571093678474426,163.41818237304688,152.3745880126953,0.8622878789901733,0.0,0.0,0.4434799551963806,211.00094604492188,163.14102172851562,0.647723913192749,0.0,0.0,0.43706172704696655,0.0,0.0,0.20889803767204285,0.0,0.0,0.09459658712148666,0.0,0.0,0.04653073474764824,0.0,0.0,0.02965640276670456
1643,True,160.33731079101562,136.7798614501953,0.9827324151992798,163.59661865234375,132.45254516601562,0.9881982207298279,155.90945434570312,133.53004455566406,0.907151460647583,171.03355407714844,133.1649169921875,0.9262101054191589,0.0,0.0,0.29896295070648193,184.9051055908203,141.4007110595703,0.9662721753120422,156.83384704589844,149.3931884765625,0.8049504160881042,211.11187744140625,146.89151000976562,0.8691587448120117,0.0,0.0,0.3223573863506317,216.04315185546875,153.52774047851562,0.8304364085197449,0.0,0.0,0.4198533594608307,0.0,0.0,0.46791818737983704,0.0,0.0,0.2556946873664856,0.0,0.0,0.08898551762104034,0.0,0.0,0.03887610137462616,0.0,0.0,0.021572617813944817,0.0,0.0,0.013145682401955128
1644,True,0.0,0.0,0.05997270718216896,0.0,0.0,0.011519236490130424,0.0,0.0,0.01225048117339611,0.0,0.0,0.00957104004919529,0.0,0.0,0.008890267461538315,0.0,0.0,0.1400703340768814,252.1842803955078,12.22821044921875,0.580674409866333,0.0,0.0,0.3657606542110443,240.8288116455078,96.82011413574219,0.9035022258758545,0.0,0.0,0.38322219252586365,221.7657470703125,145.881591796875,0.8419392108917236,0.0,0.0,0.24943171441555023,0.0,0.0,0.4803515076637268,0.0,0.0,0.004195277579128742,0.0,0.0,0.012066880241036415,0.0,0.0,0.000490199017804116,0.0,0.0,0.0011593125527724624
1645,True,0.0,0.0,0.023171385750174522,0.0,0.0,0.0026039083022624254,0.0,0.0,0.010531778447329998,0.0,0.0,0.0030601259786635637,0.0,0.0,0.023316098377108574,0.0,0.0,0.12742087244987488,240.72479248046875,11.9498291015625,0.7432790994644165,0.0,0.0,0.358763724565506,239.34559631347656,89.04959869384766,0.9663311839103699,0.0,0.0,0.3431011140346527,224.938720703125,143.15850830078125,0.9196154475212097,308.90380859375,159.66912841796875,0.5169656872749329,262.74688720703125,157.15692138671875,0.8072322010993958,0.0,0.0,0.006224931683391333,0.0,0.0,0.02441863715648651,0.0,0.0,0.0004730946966446936,0.0,0.0,0.0013026536908000708
1646,True,0.0,0.0,0.03219292685389519,0.0,0.0,0.0033329352736473083,0.0,0.0,0.0144052067771554,0.0,0.0,0.002862046705558896,0.0,0.0,0.030302273109555244,0.0,0.0,0.10752183198928833,242.90936279296875,15.209770202636719,0.7688841819763184,0.0,0.0,0.22410668432712555,236.23245239257812,90.10771179199219,0.9554342031478882,0.0,0.0,0.21496336162090302,224.1487579345703,144.54095458984375,0.888309895992279,0.0,0.0,0.35537537932395935,268.7137756347656,159.9551239013672,0.718015730381012,0.0,0.0,0.003995787352323532,0.0,0.0,0.018764017149806023,0.0,0.0,0.0003436619881540537,0.0,0.0,0.0010805431520566344
1647,True,0.0,0.0,0.03632994368672371,0.0,0.0,0.0046977391466498375,0.0,0.0,0.017260847613215446,0.0,0.0,0.002716091927140951,0.0,0.0,0.02075318433344364,0.0,0.0,0.07298842817544937,0.0,0.0,0.4975090026855469,0.0,0.0,0.26602327823638916,238.20315551757812,87.92610168457031,0.9077007174491882,0.0,0.0,0.28930792212486267,226.97666931152344,142.19863891601562,0.854288637638092,0.0,0.0,0.2959820330142975,266.30865478515625,158.89178466796875,0.5789636969566345,0.0,0.0,0.005795343313366175,0.0,0.0,0.017866352573037148,0.0,0.0,0.000856242433656007,0.0,0.0,0.0019892628770321608
1648,True,0.0,0.0,0.06730831414461136,0.0,0.0,0.00415867380797863,0.0,0.0,0.09640663862228394,0.0,0.0,0.00047511348384432495,0.0,0.0,0.1324707567691803,0.0,0.0,0.02910778298974037,0.0,0.0,0.3417010009288788,0.0,0.0,0.09270532429218292,242.47296142578125,85.18598937988281,0.7672393321990967,0.0,0.0,0.2475663125514984,226.02969360351562,151.07501220703125,0.8261673450469971,0.0,0.0,0.0921001210808754,0.0,0.0,0.25436434149742126,0.0,0.0,0.01243563275784254,0.0,0.0,0.031193653121590614,0.0,0.0,0.004452317487448454,0.0,0.0,0.007925502955913544
1649,True,0.0,0.0,0.029991084709763527,0.0,0.0,0.003363677766174078,0.0,0.0,0.013241954147815704,0.0,0.0,0.002640066435560584,0.0,0.0,0.025272991508245468,0.0,0.0,0.09770694375038147,236.08262634277344,16.91175079345703,0.6647182703018188,0.0,0.0,0.30837365984916687,233.68939208984375,88.97119140625,0.9543487429618835,0.0,0.0,0.32787013053894043,224.9957733154297,144.79933166503906,0.9129690527915955,0.0,0.0,0.3862542510032654,268.0031433105469,153.99273681640625,0.7075081467628479,0.0,0.0,0.00502075906842947,0.0,0.0,0.01964951865375042,0.0,0.0,0.000432571250712499,0.0,0.0,0.0012086579808965325
1650,True,0.0,0.0,0.032553113996982574,0.0,0.0,0.00508179422467947,0.0,0.0,0.010666456073522568,0.0,0.0,0.004528457298874855,0.0,0.0,0.011868192814290524,0.0,0.0,0.059910234063863754,234.24630737304688,19.846572875976562,0.6452850103378296,0.0,0.0,0.16354292631149292,237.6895751953125,98.28886413574219,0.945536732673645,0.0,0.0,0.1847589612007141,224.27371215820312,146.2692108154297,0.8856154680252075,0.0,0.0,0.24755868315696716,270.6438293457031,165.03146362304688,0.6342081427574158,0.0,0.0,0.0027366764843463898,0.0,0.0,0.014908961020410061,0.0,0.0,0.00028912999550811946,0.0,0.0,0.00106580660212785
1651,True,0.0,0.0,0.017295612022280693,0.0,0.0,0.001650204067118466,0.0,0.0,0.008705698885023594,0.0,0.0,0.001231056870892644,0.0,0.0,0.01928197406232357,0.0,0.0,0.05234089493751526,236.84664916992188,17.212230682373047,0.6149334907531738,0.0,0.0,0.19584688544273376,235.61184692382812,91.78352355957031,0.9551158547401428,0.0,0.0,0.23873324692249298,225.26663208007812,144.29421997070312,0.9175781607627869,0.0,0.0,0.3390093147754669,268.47625732421875,159.37237548828125,0.7151132822036743,0.0,0.0,0.005211325362324715,0.0,0.0,0.025674456730484962,0.0,0.0,0.0005834230687469244,0.0,0.0,0.00188955117482692
1652,True,0.0,0.0,0.03194630518555641,0.0,0.0,0.004529410041868687,0.0,0.0,0.00878642313182354,0.0,0.0,0.005139494314789772,0.0,0.0,0.013500034809112549,0.0,0.0,0.12190062552690506,231.60968017578125,16.897850036621094,0.745840847492218,0.0,0.0,0.35194507241249084,234.73448181152344,91.8719482421875,0.9708555936813354,0.0,0.0,0.36949753761291504,224.133544921875,144.8001251220703,0.9393734931945801,0.0,0.0,0.3993075489997864,272.5910339355469,160.5093994140625,0.7471767663955688,0.0,0.0,0.0035711214877665043,0.0,0.0,0.016976570710539818,0.0,0.0,0.00023130877525545657,0.0,0.0,0.0007706022588536143
1653,True,0.0,0.0,0.016978949308395386,0.0,0.0,0.0012373249046504498,0.0,0.0,0.010838489979505539,0.0,0.0,0.0007043119985610247,0.0,0.0,0.02252775803208351,0.0,0.0,0.03304065391421318,231.65579223632812,13.720489501953125,0.5699312090873718,0.0,0.0,0.15254758298397064,235.0055694580078,90.26319885253906,0.9628960490226746,0.0,0.0,0.20960046350955963,225.87916564941406,142.322265625,0.9351640939712524,0.0,0.0,0.23728002607822418,272.0995788574219,166.01614379882812,0.6524219512939453,0.0,0.0,0.0033233913127332926,0.0,0.0,0.01859445869922638,0.0,0.0,0.000439360155723989,0.0,0.0,0.0015226404648274183
1654,True,0.0,0.0,0.014265785925090313,0.0,0.0,0.0008955422090366483,0.0,0.0,0.011913343332707882,0.0,0.0,0.0004124716215301305,0.0,0.0,0.029223887249827385,0.0,0.0,0.023781491443514824,234.73159790039062,15.113906860351562,0.5391149520874023,0.0,0.0,0.13090430200099945,234.46310424804688,91.21641540527344,0.9636622071266174,0.0,0.0,0.19360752403736115,225.5829620361328,142.73834228515625,0.9375756978988647,0.0,0.0,0.23066209256649017,270.4443054199219,169.35940551757812,0.6553409695625305,0.0,0.0,0.0027293087914586067,0.0,0.0,0.015584006905555725,0.0,0.0,0.0003727432049345225,0.0,0.0,0.0012702678795903921
1655,True,0.0,0.0,0.01333833858370781,0.0,0.0,0.0008751312270760536,0.0,0.0,0.00828601699322462,0.0,0.0,0.0005469397292472422,0.0,0.0,0.027757268399000168,0.0,0.0,0.04365236684679985,236.5007781982422,16.805496215820312,0.6318289041519165,0.0,0.0,0.1755366325378418,233.00474548339844,92.96475219726562,0.9639082551002502,0.0,0.0,0.21196620166301727,223.54359436035156,144.86366271972656,0.9296663403511047,0.0,0.0,0.3083678185939789,273.43560791015625,166.69662475585938,0.707585871219635,0.0,0.0,0.003319903975352645,0.0,0.0,0.01747320592403412,0.0,0.0,0.000306107074720785,0.0,0.0,0.0010037218453362584
1656,True,0.0,0.0,0.018927518278360367,0.0,0.0,0.0011680907336995006,0.0,0.0,0.012074590660631657,0.0,0.0,0.0005428259028121829,0.0,0.0,0.02328544482588768,0.0,0.0,0.027193617075681686,243.920654296875,11.536033630371094,0.5740802884101868,0.0,0.0,0.12446308881044388,234.25225830078125,84.63760375976562,0.9589282274246216,0.0,0.0,0.3066238462924957,224.59243774414062,148.00929260253906,0.958217978477478,0.0,0.0,0.1479281485080719,283.519287109375,176.48207092285156,0.535698652267456,0.0,0.0,0.0033351501915603876,0.0,0.0,0.018712082877755165,0.0,0.0,0.00043651057058013976,0.0,0.0,0.0015231291763484478
1657,True,0.0,0.0,0.013111383654177189,0.0,0.0,0.0006727544241584837,0.0,0.0,0.009528585709631443,0.0,0.0,0.00023084257554728538,0.0,0.0,0.020512953400611877,0.0,0.0,0.01593969389796257,0.0,0.0,0.4658549427986145,0.0,0.0,0.08084449917078018,234.051513671875,88.5860595703125,0.9457261562347412,0.0,0.0,0.24199403822422028,223.2862548828125,149.61370849609375,0.9535380601882935,0.0,0.0,0.12243194878101349,0.0,0.0,0.4826883375644684,0.0,0.0,0.002598446561023593,0.0,0.0,0.016277827322483063,0.0,0.0,0.00033594900742173195,0.0,0.0,0.0012326720170676708
1658,True,0.0,0.0,0.020009130239486694,0.0,0.0,0.0010732704540714622,0.0,0.0,0.015887033194303513,0.0,0.0,0.0006131135742180049,0.0,0.0,0.0529407300055027,0.0,0.0,0.0448121502995491,244.76260375976562,14.876296997070312,0.7787220478057861,0.0,0.0,0.13708177208900452,238.6608123779297,93.95419311523438,0.980102002620697,0.0,0.0,0.1591559201478958,226.09303283691406,144.43563842773438,0.9457614421844482,0.0,0.0,0.2850416898727417,276.9944763183594,165.3145751953125,0.7520179152488708,0.0,0.0,0.004316580947488546,0.0,0.0,0.02923358976840973,0.0,0.0,0.0005533400690183043,0.0,0.0,0.0021263589151203632
1659,True,0.0,0.0,0.04742111265659332,0.0,0.0,0.004442297853529453,0.0,0.0,0.027006806805729866,0.0,0.0,0.000903284118976444,0.0,0.0,0.020393583923578262,0.0,0.0,0.018899954855442047,0.0,0.0,0.4268558919429779,0.0,0.0,0.07504231482744217,239.6040496826172,86.7508316040039,0.9067628979682922,0.0,0.0,0.3388621211051941,224.82867431640625,149.6309814453125,0.9518083930015564,0.0,0.0,0.07065819203853607,0.0,0.0,0.3107428252696991,0.0,0.0,0.002401885110884905,0.0,0.0,0.013151017017662525,0.0,0.0,0.0003777277597691864,0.0,0.0,0.0012990506365895271
1660,True,0.0,0.0,0.2632026970386505,0.0,0.0,0.13566601276397705,0.0,0.0,0.06500113755464554,0.0,0.0,0.03215884789824486,0.0,0.0,0.00912241730839014,0.0,0.0,0.03419935703277588,275.7174072265625,69.91162872314453,0.5112435221672058,0.0,0.0,0.05772735923528671,246.017333984375,98.44770050048828,0.8573307991027832,0.0,0.0,0.26172882318496704,222.53192138671875,150.5965118408203,0.9138778448104858,0.0,0.0,0.06579913198947906,0.0,0.0,0.3181845247745514,0.0,0.0,0.0025650495663285255,0.0,0.0,0.016933660954236984,0.0,0.0,0.00047948898281902075,0.0,0.0,0.002102178055793047
1661,True,0.0,0.0,0.027664054185152054,0.0,0.0,0.0017036215867847204,0.0,0.0,0.018277594819664955,0.0,0.0,0.00185482669621706,0.0,0.0,0.06552975624799728,0.0,0.0,0.09774979203939438,260.53729248046875,14.697441101074219,0.9112902283668518,0.0,0.0,0.17663952708244324,246.54702758789062,92.15277862548828,0.9870115518569946,0.0,0.0,0.21198724210262299,226.2812042236328,144.13417053222656,0.9583051800727844,0.0,0.0,0.45254990458488464,286.3025207519531,150.99002075195312,0.8702968955039978,0.0,0.0,0.01000963430851698,0.0,0.0,0.06766973435878754,0.0,0.0,0.0009362725540995598,0.0,0.0,0.003771824762225151
1662,True,0.0,0.0,0.03755499795079231,0.0,0.0,0.004796662367880344,0.0,0.0,0.009567944332957268,0.0,0.0,0.0035522342659533024,0.0,0.0,0.012659303843975067,0.0,0.0,0.04398457333445549,275.5696716308594,9.397750854492188,0.5644524693489075,0.0,0.0,0.1036062240600586,260.2308349609375,76.10618591308594,0.8898422718048096,0.0,0.0,0.2503589689731598,232.49713134765625,139.14468383789062,0.892670750617981,0.0,0.0,0.15145321190357208,0.0,0.0,0.4690389633178711,0.0,0.0,0.0035870587453246117,0.0,0.0,0.017644595354795456,0.0,0.0,0.00031447873334400356,0.0,0.0,0.0010791009990498424
