frame,person_detected,nose_x,nose_y,nose_conf,left_eye_x,left_eye_y,left_eye_conf,right_eye_x,right_eye_y,right_eye_conf,left_ear_x,left_ear_y,left_ear_conf,right_ear_x,right_ear_y,right_ear_conf,left_shoulder_x,left_shoulder_y,left_shoulder_conf,right_shoulder_x,right_shoulder_y,right_shoulder_conf,left_elbow_x,left_elbow_y,left_elbow_conf,right_elbow_x,right_elbow_y,right_elbow_conf,left_wrist_x,left_wrist_y,left_wrist_conf,right_wrist_x,right_wrist_y,right_wrist_conf,left_hip_x,left_hip_y,left_hip_conf,right_hip_x,right_hip_y,right_hip_conf,left_knee_x,left_knee_y,left_knee_conf,right_knee_x,right_knee_y,right_knee_conf,left_ankle_x,left_ankle_y,left_ankle_conf,right_ankle_x,right_ankle_y,right_ankle_conf
0,True,82.5754165649414,86.90443420410156,0.8738623261451721,0.0,0.0,0.26857471466064453,82.3456039428711,83.45553588867188,0.9009685516357422,0.0,0.0,0.07707459479570389,77.60224151611328,79.52071380615234,0.951883852481842,68.1119155883789,86.1505355834961,0.970876932144165,66.83440399169922,84.57673645019531,0.9978196620941162,70.48760986328125,110.90199279785156,0.8422034382820129,71.2591781616211,111.34398651123047,0.9957386255264282,80.03269958496094,131.63247680664062,0.8187421560287476,81.22122955322266,133.33326721191406,0.9853825569152832,37.967185974121094,107.54385375976562,0.9927237629890442,36.82328414916992,106.4490737915039,0.9975013136863708,47.258270263671875,144.634521484375,0.9682140946388245,43.6519889831543,145.56878662109375,0.989021360874176,48.5916748046875,178.42919921875,0.7920464277267456,39.182098388671875,182.30850219726562,0.8761546015739441
1,True,83.0352554321289,87.03166198730469,0.9116361737251282,0.0,0.0,0.38094207644462585,82.53901672363281,83.50536346435547,0.9263766407966614,0.0,0.0,0.09276775270700455,77.32215881347656,79.64495849609375,0.9519241452217102,69.5994873046875,86.55828094482422,0.9770481586456299,66.39297485351562,85.39068603515625,0.9971641898155212,70.44664764404297,111.60396575927734,0.880844235420227,70.65959930419922,113.29168701171875,0.993914783000946,79.38240814208984,131.93084716796875,0.8566576242446899,80.55884552001953,133.6683349609375,0.9818148016929626,39.181095123291016,106.70418548583984,0.9922336339950562,36.296165466308594,105.6823959350586,0.9965673685073853,48.76789855957031,143.58016967773438,0.9658321738243103,40.65347671508789,144.46859741210938,0.9847175478935242,49.308197021484375,176.445556640625,0.7769812345504761,34.66037368774414,179.47207641601562,0.8432756066322327
2,True,83.25263977050781,87.5489501953125,0.8917495608329773,0.0,0.0,0.29353028535842896,83.11304473876953,84.04900360107422,0.9196546673774719,0.0,0.0,0.08424310386180878,78.17903137207031,79.5232162475586,0.9611417651176453,67.85874938964844,85.52877807617188,0.9727837443351746,67.2894287109375,85.34288787841797,0.9982049465179443,69.27959442138672,110.55972290039062,0.8324161767959595,70.99055480957031,113.89140319824219,0.9961010217666626,78.94715881347656,131.51205444335938,0.8064807653427124,80.45772552490234,133.83657836914062,0.9856969118118286,36.33006286621094,105.93762969970703,0.9905445575714111,35.910400390625,105.15548706054688,0.9969503283500671,44.01961135864258,143.01943969726562,0.9547921419143677,41.191505432128906,144.20474243164062,0.9850480556488037,42.620140075683594,175.79786682128906,0.7201894521713257,35.67316436767578,179.05300903320312,0.8315819501876831
3,True,82.59513092041016,87.97439575195312,0.8674653172492981,0.0,0.0,0.39744874835014343,82.48140716552734,84.44584655761719,0.8190650343894958,0.0,0.0,0.12165485322475433,76.89531707763672,80.1033935546875,0.8410084247589111,70.91827392578125,89.05191802978516,0.9868710041046143,62.346012115478516,84.49977111816406,0.9871934056282043,70.78768157958984,115.03014373779297,0.9650125503540039,65.08888244628906,111.13490295410156,0.9722528457641602,80.06541442871094,133.81521606445312,0.9413275122642517,80.03871154785156,135.7578887939453,0.9462350010871887,40.160579681396484,108.37068176269531,0.9948782920837402,33.378562927246094,106.23902130126953,0.9935593605041504,49.05400085449219,144.16009521484375,0.9794440269470215,34.83500671386719,143.6017303466797,0.9741841554641724,46.179534912109375,175.95977783203125,0.8437021374702454,28.569923400878906,178.9635467529297,0.8009260296821594
4,True,82.17054748535156,86.90461730957031,0.892058253288269,0.0,0.0,0.49156972765922546,82.5726318359375,83.33212280273438,0.870290219783783,0.0,0.0,0.15351390838623047,76.94145202636719,78.6170654296875,0.8581373691558838,69.62193298339844,89.32969665527344,0.9711522459983826,60.624755859375,83.21952819824219,0.9783157110214233,70.32355499267578,114.68368530273438,0.9043511152267456,64.34271240234375,108.97502136230469,0.9445133209228516,81.34770965576172,133.3623046875,0.8852155804634094,80.64515686035156,134.8433380126953,0.9131666421890259,36.119651794433594,111.11093139648438,0.978094756603241,28.84552001953125,108.10553741455078,0.976543128490448,47.224159240722656,143.9154510498047,0.9479042887687683,31.299022674560547,141.4219207763672,0.9437475800514221,43.05738830566406,178.6417999267578,0.7586772441864014,24.558860778808594,180.16749572753906,0.7242777347564697
5,True,80.37693786621094,88.43782043457031,0.8511741161346436,0.0,0.0,0.3659493923187256,81.20658874511719,85.28765869140625,0.7949373126029968,0.0,0.0,0.10170670598745346,76.02265930175781,79.86576080322266,0.7867463231086731,70.33760833740234,89.91990661621094,0.9825244545936584,55.632835388183594,81.7598876953125,0.9867287278175354,68.61279296875,115.17396545410156,0.9725064039230347,43.01765441894531,99.93939208984375,0.98256516456604,78.29203796386719,131.40872192382812,0.9689509868621826,50.32229995727539,115.69202423095703,0.9763631820678711,35.700439453125,110.57920837402344,0.9944540858268738,24.933208465576172,106.94778442382812,0.9935936331748962,45.538936614990234,143.8201141357422,0.9769628047943115,23.763240814208984,141.71017456054688,0.973235547542572,40.87184143066406,178.16123962402344,0.8079233169555664,15.005500793457031,180.0588836669922,0.7706672549247742
6,True,77.77978515625,87.96632385253906,0.7861354947090149,0.0,0.0,0.2569290101528168,79.146240234375,85.10191345214844,0.7625705599784851,0.0,0.0,0.0736408531665802,74.87385559082031,79.12420654296875,0.7917935252189636,67.98088836669922,90.55180358886719,0.9642172455787659,56.10260772705078,81.1515121459961,0.9876278638839722,64.94334411621094,112.25934600830078,0.9335021376609802,45.92229461669922,98.50530242919922,0.9870951771736145,76.04186248779297,127.03857421875,0.9261444211006165,61.95122528076172,115.4896240234375,0.9774460196495056,38.36635208129883,118.46587371826172,0.9901123642921448,28.89468002319336,114.55841064453125,0.9927462935447693,50.0538330078125,144.87454223632812,0.9466049671173096,29.735557556152344,141.19244384765625,0.9612029790878296,46.14060592651367,176.46853637695312,0.686486005783081,20.813095092773438,176.9077911376953,0.7136170864105225
7,False,0.0,0.0,0.0,0.0,0.0,0.0,0.0,0.0,0.0,0.0,0.0,0.0,0.0,0.0,0.0,0.0,0.0,0.0,0.0,0.0,0.0,0.0,0.0,0.0,0.0,0.0,0.0,0.0,0.0,0.0,0.0,0.0,0.0,0.0,0.0,0.0,0.0,0.0,0.0,0.0,0.0,0.0,0.0,0.0,0.0,0.0,0.0,0.0,0.0,0.0,0.0
8,True,73.35869598388672,83.81692504882812,0.7297054529190063,0.0,0.0,0.3780069947242737,73.29704284667969,81.02685546875,0.7675126194953918,0.0,0.0,0.1160091906785965,68.36418151855469,77.43993377685547,0.6905118823051453,60.13526916503906,81.20319366455078,0.64726722240448,51.397647857666016,78.38685607910156,0.8518508672714233,0.0,0.0,0.31640294194221497,38.25226593017578,91.77067565917969,0.7151786088943481,0.0,0.0,0.36445316672325134,52.45969009399414,96.23723602294922,0.6534870862960815,0.0,0.0,0.34927356243133545,0.0,0.0,0.457725465297699,0.0,0.0,0.1116945818066597,0.0,0.0,0.1613442450761795,0.0,0.0,0.05308808013796806,0.0,0.0,0.06397933512926102
9,False,0.0,0.0,0.0,0.0,0.0,0.0,0.0,0.0,0.0,0.0,0.0,0.0,0.0,0.0,0.0,0.0,0.0,0.0,0.0,0.0,0.0,0.0,0.0,0.0,0.0,0.0,0.0,0.0,0.0,0.0,0.0,0.0,0.0,0.0,0.0,0.0,0.0,0.0,0.0,0.0,0.0,0.0,0.0,0.0,0.0,0.0,0.0,0.0,0.0,0.0,0.0
10,False,0.0,0.0,0.0,0.0,0.0,0.0,0.0,0.0,0.0,0.0,0.0,0.0,0.0,0.0,0.0,0.0,0.0,0.0,0.0,0.0,0.0,0.0,0.0,0.0,0.0,0.0,0.0,0.0,0.0,0.0,0.0,0.0,0.0,0.0,0.0,0.0,0.0,0.0,0.0,0.0,0.0,0.0,0.0,0.0,0.0,0.0,0.0,0.0,0.0,0.0,0.0
11,True,0.0,0.0,0.06452597677707672,0.0,0.0,0.006819490343332291,0.0,0.0,0.036389052867889404,0.0,0.0,0.0065363687463104725,0.0,0.0,0.10203465074300766,0.0,0.0,0.1935369074344635,0.0,0.0,0.27148279547691345,0.0,0.0,0.2570023238658905,0.0,0.0,0.3698015511035919,0.0,0.0,0.39519432187080383,64.90931701660156,93.97174835205078,0.5418590903282166,13.667999267578125,92.02804565429688,0.5276470184326172,13.923044204711914,97.05998229980469,0.5036338567733765,0.0,0.0,0.44400981068611145,0.0,0.0,0.4851892590522766,0.0,0.0,0.20253489911556244,0.0,0.0,0.2138114869594574
12,True,0.0,0.0,0.00023565786250401288,0.0,0.0,3.8193364161998034e-05,0.0,0.0,0.0002717604802455753,0.0,0.0,0.0021103613544255495,0.0,0.0,0.03547880798578262,0.0,0.0,0.021943002939224243,0.0,0.0,0.13488245010375977,0.0,0.0,0.04565541073679924,0.0,0.0,0.46231624484062195,0.0,0.0,0.0656256228685379,0.0,0.0,0.35964202880859375,0.0,0.0,0.4237285256385803,20.604305267333984,56.91238021850586,0.6421023607254028,0.0,0.0,0.33203813433647156,30.01431655883789,59.37540817260742,0.5594720840454102,0.0,0.0,0.25524652004241943,0.0,0.0,0.3839111626148224
13,True,0.0,0.0,0.044193390756845474,0.0,0.0,0.006348347757011652,0.0,0.0,0.027247406542301178,0.0,0.0,0.012579107657074928,0.0,0.0,0.07075607031583786,0.0,0.0,0.097931869328022,0.0,0.0,0.2865200340747833,0.0,0.0,0.11952677369117737,40.31439971923828,57.07220458984375,0.5377996563911438,0.0,0.0,0.17727859318256378,0.0,0.0,0.4735572338104248,0.0,0.0,0.27777329087257385,0.0,0.0,0.4094619154930115,0.0,0.0,0.09366488456726074,0.0,0.0,0.16489268839359283,0.0,0.0,0.015426013618707657,0.0,0.0,0.02299724705517292
14,True,0.0,0.0,0.04339916259050369,0.0,0.0,0.004075882490724325,0.0,0.0,0.02401459775865078,0.0,0.0,0.005057159345597029,0.0,0.0,0.05357338860630989,0.0,0.0,0.1700318604707718,0.0,0.0,0.2540845274925232,0.0,0.0,0.26582396030426025,30.821624755859375,86.22010803222656,0.5726392269134521,0.0,0.0,0.40295836329460144,96.32977294921875,120.14466857910156,0.6032798290252686,0.0,0.0,0.34325194358825684,0.0,0.0,0.3750293254852295,0.0,0.0,0.05506081134080887,0.0,0.0,0.07137318700551987,0.0,0.0,0.005232548341155052,0.0,0.0,0.0058043538592755795
15,True,62.5941162109375,45.48163604736328,0.6649798154830933,0.0,0.0,0.1521405428647995,58.491539001464844,36.69422912597656,0.6519805788993835,0.0,0.0,0.016400471329689026,0.0,0.0,0.3648134768009186,0.0,0.0,0.3397560119628906,28.12547492980957,49.294898986816406,0.563319742679596,0.0,0.0,0.22935408353805542,19.629364013671875,100.93855285644531,0.6319730281829834,0.0,0.0,0.4812653958797455,96.6907958984375,122.84901428222656,0.7352902889251709,0.0,0.0,0.28720763325691223,0.0,0.0,0.3401679992675781,0.0,0.0,0.056236233562231064,0.0,0.0,0.0749930813908577,0.0,0.0,0.005844572093337774,0.0,0.0,0.006274797488003969
16,True,70.95646667480469,34.141090393066406,0.734853982925415,0.0,0.0,0.174039825797081,65.9061050415039,20.882156372070312,0.7334175705909729,0.0,0.0,0.012804953381419182,0.0,0.0,0.4580341577529907,0.0,0.0,0.3636419177055359,0.0,0.0,0.36056753993034363,0.0,0.0,0.20528824627399445,0.0,0.0,0.30188292264938354,0.0,0.0,0.48848992586135864,100.37445831298828,124.34555053710938,0.5387128591537476,0.0,0.0,0.1816229373216629,0.0,0.0,0.14702460169792175,0.0,0.0,0.04913118854165077,0.0,0.0,0.041717205196619034,0.0,0.0,0.005832571070641279,0.0,0.0,0.004356857389211655
17,True,69.08892822265625,34.748680114746094,0.854293167591095,0.0,0.0,0.29939666390419006,64.93171691894531,22.36395263671875,0.8893272876739502,0.0,0.0,0.01803956739604473,46.39952087402344,11.80938720703125,0.7164513468742371,35.903465270996094,54.130157470703125,0.5157163739204407,23.007465362548828,47.32074737548828,0.6499539017677307,0.0,0.0,0.2350413203239441,0.0,0.0,0.49726900458335876,0.0,0.0,0.42004889249801636,98.41584777832031,122.6489486694336,0.5918185114860535,0.0,0.0,0.3146478533744812,0.0,0.0,0.3170583248138428,0.0,0.0,0.12329667806625366,0.0,0.0,0.12860850989818573,0.0,0.0,0.020027782768011093,0.0,0.0,0.017389502376317978
18,True,75.88017272949219,33.071319580078125,0.837540328502655,0.0,0.0,0.1528530716896057,75.08622741699219,20.664169311523438,0.9110625982284546,0.0,0.0,0.004806865938007832,52.464691162109375,4.937095642089844,0.8457716107368469,27.218612670898438,47.90338134765625,0.563317596912384,20.05275535583496,39.019500732421875,0.6952349543571472,0.0,0.0,0.35828062891960144,20.23771858215332,101.83113861083984,0.6240987777709961,92.32569885253906,120.73802185058594,0.5531854629516602,95.50003051757812,122.19979858398438,0.7216140627861023,0.0,0.0,0.40125805139541626,0.0,0.0,0.3798364996910095,0.0,0.0,0.10668632388114929,0.0,0.0,0.0986214280128479,0.0,0.0,0.01233377680182457,0.0,0.0,0.009348657913506031
19,True,76.1016845703125,35.839447021484375,0.9489925503730774,0.0,0.0,0.42561936378479004,74.19403076171875,19.31964111328125,0.9760223031044006,0.0,0.0,0.00688561238348484,48.95397186279297,2.752685546875,0.8610013723373413,0.0,0.0,0.40321820974349976,16.330730438232422,42.02003479003906,0.5165475606918335,0.0,0.0,0.1253531277179718,0.0,0.0,0.3159070312976837,0.0,0.0,0.3390435576438904,99.8065185546875,122.90496063232422,0.5314133167266846,0.0,0.0,0.11676762998104095,0.0,0.0,0.1144527867436409,0.0,0.0,0.048446476459503174,0.0,0.0,0.049346379935741425,0.0,0.0,0.0085114361718297,0.0,0.0,0.007039319258183241
20,True,81.62094116210938,29.530029296875,0.9275034070014954,0.0,0.0,0.44043344259262085,75.70269012451172,15.516738891601562,0.9310694336891174,0.0,0.0,0.0202198326587677,50.93888854980469,9.314788818359375,0.734626293182373,39.2082633972168,55.348663330078125,0.6039553284645081,24.860267639160156,53.45323944091797,0.5707980394363403,0.0,0.0,0.25205057859420776,0.0,0.0,0.2832472026348114,0.0,0.0,0.43625953793525696,0.0,0.0,0.4399124085903168,0.0,0.0,0.1813603788614273,0.0,0.0,0.13613277673721313,0.0,0.0,0.04342447221279144,0.0,0.0,0.03245982155203819,0.0,0.0,0.007302795071154833,0.0,0.0,0.00502835214138031
21,True,79.12596893310547,41.86852264404297,0.8813337087631226,0.0,0.0,0.2842554450035095,77.31483459472656,27.583534240722656,0.936378538608551,0.0,0.0,0.01242818497121334,55.703006744384766,14.981842041015625,0.8332240581512451,0.0,0.0,0.42176249623298645,25.20895767211914,48.4837646484375,0.5662869215011597,0.0,0.0,0.12552817165851593,0.0,0.0,0.3433249294757843,0.0,0.0,0.25853604078292847,0.0,0.0,0.42833638191223145,0.0,0.0,0.13231594860553741,0.0,0.0,0.1386963129043579,0.0,0.0,0.06333822011947632,0.0,0.0,0.06940877437591553,0.0,0.0,0.014500484801828861,0.0,0.0,0.012778188101947308
22,True,80.88279724121094,34.396575927734375,0.7375171780586243,0.0,0.0,0.15489362180233002,79.13574981689453,23.837326049804688,0.843768298625946,0.0,0.0,0.007921050302684307,61.36678695678711,12.588249206542969,0.7953532934188843,0.0,0.0,0.4795859754085541,0.0,0.0,0.3002173900604248,0.0,0.0,0.17440594732761383,0.0,0.0,0.13462460041046143,0.0,0.0,0.25416845083236694,0.0,0.0,0.1964813619852066,0.0,0.0,0.26998329162597656,0.0,0.0,0.1770242154598236,0.0,0.0,0.21995414793491364,0.0,0.0,0.14558188617229462,0.0,0.0,0.054867591708898544,0.0,0.0,0.0307407695800066
23,True,0.0,0.0,0.017850026488304138,0.0,0.0,0.002159389667212963,0.0,0.0,0.01708938740193844,0.0,0.0,0.004625920206308365,0.0,0.0,0.07314341515302658,0.0,0.0,0.07954386621713638,0.0,0.0,0.1687598079442978,0.0,0.0,0.14663740992546082,0.0,0.0,0.45170286297798157,0.0,0.0,0.2643618881702423,0.0,0.0,0.44218358397483826,0.0,0.0,0.4198780655860901,19.983692169189453,85.13737487792969,0.5041975378990173,0.0,0.0,0.3144080340862274,0.0,0.0,0.4077390134334564,0.0,0.0,0.06501884758472443,0.0,0.0,0.0754794105887413
24,True,0.0,0.0,0.21183927357196808,0.0,0.0,0.01444240752607584,0.0,0.0,0.27795282006263733,0.0,0.0,0.004922785796225071,66.55323028564453,3.7974853515625,0.535112202167511,0.0,0.0,0.4056222140789032,48.7927360534668,31.476829528808594,0.5286925435066223,0.0,0.0,0.3082568347454071,65.84635925292969,83.4487533569336,0.5995256304740906,0.0,0.0,0.42000478506088257,109.28684997558594,109.78085327148438,0.5754674673080444,0.0,0.0,0.48726341128349304,0.0,0.0,0.4906538128852844,0.0,0.0,0.2956531345844269,0.0,0.0,0.3034225106239319,0.0,0.0,0.0563829280436039,0.0,0.0,0.0477246455848217
25,True,0.0,0.0,0.006616837345063686,0.0,0.0,0.0006731142057105899,0.0,0.0,0.003187220310792327,0.0,0.0,0.002201222814619541,0.0,0.0,0.012597481720149517,0.0,0.0,0.09246854484081268,0.0,0.0,0.21879324316978455,0.0,0.0,0.33588311076164246,60.725242614746094,57.13263702392578,0.7217720746994019,87.04764556884766,7.9429931640625,0.5018481612205505,90.14297485351562,97.96552276611328,0.6970268487930298,17.704265594482422,95.44562530517578,0.7791026830673218,11.417465209960938,95.0493392944336,0.82831209897995,0.0,0.0,0.2954416573047638,0.0,0.0,0.38326844573020935,0.0,0.0,0.030765710398554802,0.0,0.0,0.036404822021722794
26,True,0.0,0.0,0.007410666439682245,0.0,0.0,0.00042723846854642034,0.0,0.0,0.00915112067013979,0.0,0.0,0.0011512296041473746,0.0,0.0,0.10008635371923447,0.0,0.0,0.06200442835688591,0.0,0.0,0.31139740347862244,0.0,0.0,0.14444409310817719,66.83597564697266,61.700233459472656,0.7789336442947388,0.0,0.0,0.2897450923919678,90.8231201171875,95.6516342163086,0.7382822632789612,16.266616821289062,103.05097961425781,0.5040646195411682,12.719144821166992,102.40495300292969,0.6781867146492004,0.0,0.0,0.12913459539413452,0.0,0.0,0.24532753229141235,0.0,0.0,0.012761631980538368,0.0,0.0,0.01891571842133999
27,True,0.0,0.0,0.11251445859670639,0.0,0.0,0.007849539630115032,0.0,0.0,0.12123328447341919,0.0,0.0,0.0023559548426419497,0.0,0.0,0.2083147168159485,0.0,0.0,0.22194042801856995,0.0,0.0,0.16523267328739166,0.0,0.0,0.32599765062332153,0.0,0.0,0.33966806530952454,104.47953033447266,105.47119903564453,0.5066171884536743,0.0,0.0,0.4753091037273407,0.0,0.0,0.43626344203948975,0.0,0.0,0.33990803360939026,0.0,0.0,0.1591217964887619,0.0,0.0,0.11799170821905136,0.0,0.0,0.022885361686348915,0.0,0.0,0.01495121419429779
28,True,0.0,0.0,0.012445468455553055,0.0,0.0,0.000800836889538914,0.0,0.0,0.008713352493941784,0.0,0.0,0.0012736612698063254,0.0,0.0,0.04416536167263985,0.0,0.0,0.12349206954240799,0.0,0.0,0.1119193509221077,0.0,0.0,0.30815258622169495,0.0,0.0,0.43806636333465576,0.0,0.0,0.44385361671447754,116.44403076171875,114.77690124511719,0.508960485458374,0.0,0.0,0.3890465497970581,0.0,0.0,0.33688437938690186,0.0,0.0,0.09275741875171661,0.0,0.0,0.0870668962597847,0.0,0.0,0.011316932737827301,0.0,0.0,0.009365998208522797
29,True,0.0,0.0,0.1046283096075058,0.0,0.0,0.005234059877693653,0.0,0.0,0.14913752675056458,0.0,0.0,0.002581157023087144,0.0,0.0,0.4228939116001129,0.0,0.0,0.24736280739307404,0.0,0.0,0.39619073271751404,0.0,0.0,0.2639108896255493,54.20707321166992,76.66928100585938,0.598629891872406,0.0,0.0,0.41117990016937256,110.25312805175781,117.57992553710938,0.6186649799346924,0.0,0.0,0.416364461183548,0.0,0.0,0.4376119375228882,0.0,0.0,0.20572344958782196,0.0,0.0,0.22853147983551025,0.0,0.0,0.03331055864691734,0.0,0.0,0.030043384060263634
30,True,0.0,0.0,0.004347121808677912,0.0,0.0,0.0003954481508117169,0.0,0.0,0.006387310102581978,0.0,0.0,0.0013145216507837176,0.0,0.0,0.07826502621173859,0.0,0.0,0.024997230619192123,0.0,0.0,0.10575440526008606,0.0,0.0,0.07284314930438995,0.0,0.0,0.44772836565971375,0.0,0.0,0.15944989025592804,0.0,0.0,0.43963414430618286,0.0,0.0,0.39012476801872253,17.420434951782227,78.30665588378906,0.5389188528060913,0.0,0.0,0.21480940282344818,0.0,0.0,0.33986321091651917,0.0,0.0,0.0333060584962368,0.0,0.0,0.04449349641799927
31,True,0.0,0.0,0.086990125477314,0.0,0.0,0.006559263449162245,0.0,0.0,0.19935396313667297,0.0,0.0,0.004050117917358875,66.67683410644531,15.97393798828125,0.5638707876205444,0.0,0.0,0.06761988252401352,0.0,0.0,0.39692550897598267,0.0,0.0,0.04793509468436241,62.7434196472168,37.06555938720703,0.5318171977996826,0.0,0.0,0.09867778420448303,0.0,0.0,0.4348542392253876,0.0,0.0,0.28717589378356934,0.0,0.0,0.49129000306129456,0.0,0.0,0.148720845580101,0.0,0.0,0.28311887383461,0.0,0.0,0.02284340001642704,0.0,0.0,0.03369254618883133
32,True,75.91769409179688,34.64097213745117,0.744026243686676,0.0,0.0,0.1541089564561844,76.22685241699219,16.621719360351562,0.839300274848938,0.0,0.0,0.008814065717160702,54.941200256347656,3.213531494140625,0.5945897102355957,0.0,0.0,0.1825646162033081,0.0,0.0,0.16612616181373596,0.0,0.0,0.03679298236966133,0.0,0.0,0.05671991780400276,0.0,0.0,0.14045129716396332,0.0,0.0,0.17352430522441864,0.0,0.0,0.02066277712583542,0.0,0.0,0.016409289091825485,0.0,0.0,0.015172210521996021,0.0,0.0,0.013681251555681229,0.0,0.0,0.0049784984439611435,0.0,0.0,0.0038986429572105408
33,True,0.0,0.0,0.3870551586151123,0.0,0.0,0.04947435483336449,74.64028930664062,17.55908203125,0.5088819861412048,0.0,0.0,0.005116505082696676,0.0,0.0,0.4998563826084137,0.0,0.0,0.15578511357307434,0.0,0.0,0.2395671308040619,0.0,0.0,0.11604192852973938,0.0,0.0,0.2551756501197815,0.0,0.0,0.26316359639167786,0.0,0.0,0.3862173557281494,0.0,0.0,0.17735470831394196,0.0,0.0,0.1854228675365448,0.0,0.0,0.12551985681056976,0.0,0.0,0.13229535520076752,0.0,0.0,0.025375263765454292,0.0,0.0,0.02188156358897686
34,True,0.0,0.0,0.20973235368728638,0.0,0.0,0.013720906339585781,0.0,0.0,0.3455171287059784,0.0,0.0,0.0030648645479232073,59.373252868652344,9.195640563964844,0.5739437341690063,0.0,0.0,0.15127184987068176,0.0,0.0,0.4820128381252289,0.0,0.0,0.11823344230651855,59.89894485473633,37.947364807128906,0.6077501773834229,0.0,0.0,0.21390622854232788,62.5673942565918,18.76818084716797,0.5746176242828369,0.0,0.0,0.3290124833583832,0.0,0.0,0.4777437150478363,0.0,0.0,0.1748645305633545,0.0,0.0,0.2854066491127014,0.0,0.0,0.039360661059617996,0.0,0.0,0.04942796006798744
35,True,0.0,0.0,0.01987638883292675,0.0,0.0,0.0014394576428458095,0.0,0.0,0.013886595144867897,0.0,0.0,0.0023209156934171915,0.0,0.0,0.06177638843655586,0.0,0.0,0.20654374361038208,0.0,0.0,0.19354219734668732,0.0,0.0,0.3854166567325592,40.9445686340332,72.15762329101562,0.5670921206474304,108.13087463378906,56.9517822265625,0.5412624478340149,112.31062316894531,53.19819641113281,0.6398584246635437,8.527511596679688,125.25044250488281,0.5372249484062195,6.303031921386719,129.0176239013672,0.5046273469924927,0.0,0.0,0.2865000367164612,0.0,0.0,0.295718789100647,0.0,0.0,0.03965603560209274,0.0,0.0,0.035510241985321045
36,True,0.0,0.0,0.01744217611849308,0.0,0.0,0.0015824355650693178,0.0,0.0,0.009500047191977501,0.0,0.0,0.002729795640334487,0.0,0.0,0.032072585076093674,0.0,0.0,0.16552217304706573,0.0,0.0,0.1097935363650322,0.0,0.0,0.38286685943603516,0.0,0.0,0.41919422149658203,107.43205261230469,56.325042724609375,0.5536697506904602,112.86766052246094,52.57362365722656,0.5422910451889038,0.0,0.0,0.43860575556755066,0.0,0.0,0.3607765734195709,0.0,0.0,0.16473758220672607,0.0,0.0,0.14716625213623047,0.0,0.0,0.019144181162118912,0.0,0.0,0.015405003912746906
37,True,0.0,0.0,0.25833433866500854,0.0,0.0,0.01016499288380146,0.0,0.0,0.39272913336753845,0.0,0.0,0.0015605399385094643,44.053733825683594,0.0,0.6113945245742798,0.0,0.0,0.23583468794822693,21.323745727539062,33.416603088378906,0.6033107042312622,0.0,0.0,0.1648315042257309,40.167030334472656,65.2971420288086,0.7696409821510315,0.0,0.0,0.32110336422920227,114.37799835205078,19.187957763671875,0.7765546441078186,0.0,0.0,0.394029438495636,1.3616256713867188,143.73837280273438,0.5392876267433167,0.0,0.0,0.13792355358600616,0.0,0.0,0.23428374528884888,0.0,0.0,0.019830936565995216,0.0,0.0,0.02539246156811714
38,True,0.0,0.0,0.08242808282375336,0.0,0.0,0.010897268541157246,0.0,0.0,0.07346561551094055,0.0,0.0,0.006969584617763758,0.0,0.0,0.18029189109802246,0.0,0.0,0.20319455862045288,0.0,0.0,0.2210061401128769,0.0,0.0,0.2754030227661133,0.0,0.0,0.34784233570098877,0.0,0.0,0.4055447578430176,0.0,0.0,0.45517945289611816,0.0,0.0,0.43958309292793274,0.0,0.0,0.3971650004386902,0.0,0.0,0.15627078711986542,0.0,0.0,0.13387459516525269,0.0,0.0,0.03160780295729637,0.0,0.0,0.025250453501939774
39,True,0.0,0.0,0.056270621716976166,0.0,0.0,0.007350361440330744,0.0,0.0,0.07819940894842148,0.0,0.0,0.0037969674449414015,0.0,0.0,0.14861737191677094,0.0,0.0,0.03137797862291336,0.0,0.0,0.07048077136278152,0.0,0.0,0.030976388603448868,0.0,0.0,0.09379857778549194,0.0,0.0,0.09163834899663925,0.0,0.0,0.18219402432441711,0.0,0.0,0.22795245051383972,0.0,0.0,0.26263678073883057,0.0,0.0,0.12209252268075943,0.0,0.0,0.1402227282524109,0.0,0.0,0.025521839037537575,0.0,0.0,0.025244642049074173
40,True,0.0,0.0,0.47676360607147217,0.0,0.0,0.09912456572055817,59.044185638427734,39.47972106933594,0.6315209865570068,0.0,0.0,0.010689591988921165,0.0,0.0,0.41397953033447266,0.0,0.0,0.04065592586994171,0.0,0.0,0.20921772718429565,0.0,0.0,0.01172624621540308,0.0,0.0,0.15292289853096008,0.0,0.0,0.042915817350149155,0.0,0.0,0.24224452674388885,0.0,0.0,0.09020720422267914,0.0,0.0,0.18473978340625763,0.0,0.0,0.04388916492462158,0.0,0.0,0.09391052275896072,0.0,0.0,0.011132932268083096,0.0,0.0,0.017580373212695122
41,True,60.55999755859375,46.92981719970703,0.6388128399848938,0.0,0.0,0.13664354383945465,55.766666412353516,32.31615447998047,0.7802817225456238,0.0,0.0,0.007070574443787336,33.95147705078125,23.621253967285156,0.5838062167167664,0.0,0.0,0.09687704592943192,0.0,0.0,0.2247992753982544,0.0,0.0,0.030856596305966377,0.0,0.0,0.17161323130130768,0.0,0.0,0.10116102546453476,0.0,0.0,0.3086467385292053,0.0,0.0,0.12531691789627075,0.0,0.0,0.17911015450954437,0.0,0.0,0.07148151844739914,0.0,0.0,0.10421666502952576,0.0,0.0,0.016548745334148407,0.0,0.0,0.019304128363728523
42,True,61.847496032714844,44.14484405517578,0.7455316185951233,0.0,0.0,0.21198587119579315,55.59037399291992,32.667762756347656,0.8332558870315552,0.0,0.0,0.006613139994442463,34.56117248535156,22.839141845703125,0.6116976141929626,0.0,0.0,0.20665277540683746,0.0,0.0,0.1872040331363678,0.0,0.0,0.09010636061429977,0.0,0.0,0.13197457790374756,0.0,0.0,0.20864634215831757,0.0,0.0,0.27552473545074463,0.0,0.0,0.23243238031864166,0.0,0.0,0.20638693869113922,0.0,0.0,0.09891878068447113,0.0,0.0,0.08588633686304092,0.0,0.0,0.01713305339217186,0.0,0.0,0.012940490618348122
43,True,62.03015899658203,42.01411437988281,0.7940521240234375,0.0,0.0,0.29197967052459717,58.10260772705078,34.961944580078125,0.7968998551368713,0.0,0.0,0.02481400966644287,45.498435974121094,23.63634490966797,0.5307978391647339,41.89963912963867,39.892738342285156,0.5060977935791016,28.149368286132812,37.099082946777344,0.5920074582099915,0.0,0.0,0.3340597152709961,20.869462966918945,73.4827651977539,0.5590057969093323,68.04373931884766,87.4339599609375,0.502184271812439,74.82371520996094,77.30607604980469,0.6596663594245911,19.15185546875,124.56878662109375,0.5413535833358765,8.85430908203125,126.98300170898438,0.5514714121818542,0.0,0.0,0.14765745401382446,0.0,0.0,0.1588243693113327,0.0,0.0,0.015698358416557312,0.0,0.0,0.014589815400540829
44,True,58.22848129272461,39.20983123779297,0.9507330656051636,62.29487991333008,30.084716796875,0.6238827705383301,53.23469924926758,27.70862579345703,0.9630724787712097,0.0,0.0,0.027478832751512527,34.35552978515625,13.817367553710938,0.7938067317008972,36.48735427856445,43.80723571777344,0.6027649641036987,17.35210418701172,37.548919677734375,0.6913633942604065,0.0,0.0,0.2623305022716522,0.0,0.0,0.498935341835022,0.0,0.0,0.4404274821281433,68.35780334472656,86.13776397705078,0.63652104139328,0.0,0.0,0.41889646649360657,0.0,0.0,0.44548627734184265,0.0,0.0,0.207307368516922,0.0,0.0,0.22723954916000366,0.0,0.0,0.033269237726926804,0.0,0.0,0.03129947930574417
45,True,59.612342834472656,31.012908935546875,0.5444768071174622,0.0,0.0,0.059765029698610306,56.28702926635742,25.37335968017578,0.6737849712371826,0.0,0.0,0.005619319621473551,42.47795867919922,20.096824645996094,0.746391773223877,0.0,0.0,0.43779876828193665,25.053709030151367,38.062225341796875,0.777987539768219,0.0,0.0,0.29748982191085815,20.930706024169922,78.87958526611328,0.8286115527153015,0.0,0.0,0.4176833927631378,67.64710998535156,83.38339233398438,0.8157436847686768,24.14885902404785,120.47398376464844,0.6576262712478638,14.883190155029297,122.47232818603516,0.7676053643226624,0.0,0.0,0.23125684261322021,0.0,0.0,0.3369831442832947,0.0,0.0,0.027118148282170296,0.0,0.0,0.03295479714870453
46,True,0.0,0.0,0.40719714760780334,0.0,0.0,0.03655309975147247,56.73722457885742,27.096900939941406,0.5580259561538696,0.0,0.0,0.004872191697359085,43.28217315673828,20.2247314453125,0.6877740621566772,0.0,0.0,0.30004850029945374,26.24795150756836,37.47894287109375,0.7403808832168579,0.0,0.0,0.1821298897266388,24.28909683227539,77.20610046386719,0.8055502772331238,0.0,0.0,0.28882792592048645,66.42095947265625,85.32376098632812,0.7791144847869873,23.415437698364258,120.18930053710938,0.5946944952011108,16.450096130371094,121.6513671875,0.7563048601150513,0.0,0.0,0.20777751505374908,0.0,0.0,0.35054558515548706,0.0,0.0,0.027645599097013474,0.0,0.0,0.038832686841487885
47,True,0.0,0.0,0.4553174376487732,0.0,0.0,0.043561942875385284,56.58941650390625,25.414199829101562,0.6159141659736633,0.0,0.0,0.004978134762495756,42.34282302856445,18.091079711914062,0.7090857625007629,0.0,0.0,0.25939229130744934,27.137786865234375,35.91743469238281,0.7215445637702942,0.0,0.0,0.1344166100025177,25.988941192626953,76.0112533569336,0.767457127571106,0.0,0.0,0.23663531243801117,66.21197509765625,86.83660888671875,0.7483392953872681,21.88555908203125,119.37864685058594,0.5448169708251953,16.557992935180664,121.27824401855469,0.7276435494422913,0.0,0.0,0.19141891598701477,0.0,0.0,0.33862507343292236,0.0,0.0,0.026601772755384445,0.0,0.0,0.03868857026100159
48,True,0.0,0.0,0.08557023108005524,0.0,0.0,0.006520800292491913,0.0,0.0,0.11387675255537033,0.0,0.0,0.004971461836248636,0.0,0.0,0.3229917883872986,0.0,0.0,0.12432437390089035,33.72798538208008,30.357894897460938,0.6408901810646057,0.0,0.0,0.10719073563814163,26.595508575439453,74.83795928955078,0.8103367686271667,0.0,0.0,0.2030678540468216,65.19609832763672,87.8351821899414,0.7687003016471863,18.915809631347656,117.64830017089844,0.56005859375,18.509647369384766,120.0865707397461,0.7818957567214966,0.0,0.0,0.169947549700737,0.0,0.0,0.36512529850006104,0.0,0.0,0.022578444331884384,0.0,0.0,0.04116836190223694
49,True,0.0,0.0,0.004182001575827599,0.0,0.0,0.00041855082963593304,0.0,0.0,0.0031715293880552053,0.0,0.0,0.00259939837269485,0.0,0.0,0.046073827892541885,0.0,0.0,0.0558648519217968,0.0,0.0,0.31753477454185486,0.0,0.0,0.12409254163503647,30.039609909057617,69.57738494873047,0.7436417937278748,0.0,0.0,0.20831884443759918,66.72984313964844,86.48324584960938,0.6927588582038879,21.100643157958984,114.89991760253906,0.6539229154586792,22.500015258789062,116.86347961425781,0.8155432939529419,0.0,0.0,0.21486306190490723,0.0,0.0,0.4020523726940155,0.0,0.0,0.02432282082736492,0.0,0.0,0.04228230193257332
50,True,0.0,0.0,0.03275272622704506,0.0,0.0,0.002679009921848774,0.0,0.0,0.04117991775274277,0.0,0.0,0.0041727107018232346,0.0,0.0,0.2003340721130371,0.0,0.0,0.07540035247802734,36.57502365112305,27.222915649414062,0.5105554461479187,0.0,0.0,0.08029665052890778,29.7608642578125,74.05561828613281,0.7666630148887634,0.0,0.0,0.16268432140350342,65.7822265625,87.00565338134766,0.718807578086853,17.789386749267578,115.97318267822266,0.5098925232887268,19.770282745361328,118.35533905029297,0.7517735362052917,0.0,0.0,0.1622512936592102,0.0,0.0,0.3625040650367737,0.0,0.0,0.021609444171190262,0.0,0.0,0.04103252664208412
51,True,0.0,0.0,0.4868462383747101,0.0,0.0,0.05600409582257271,57.303123474121094,31.3289794921875,0.6411290168762207,0.0,0.0,0.009481233544647694,44.098304748535156,19.245712280273438,0.6834900379180908,0.0,0.0,0.19605813920497894,29.13804817199707,37.084686279296875,0.7504337430000305,0.0,0.0,0.07725686579942703,32.779911041259766,76.81590270996094,0.7636405229568481,0.0,0.0,0.16615627706050873,67.7919921875,86.81388854980469,0.732287585735321,0.0,0.0,0.3964630961418152,17.255409240722656,122.04203033447266,0.6561337113380432,0.0,0.0,0.12459900230169296,0.0,0.0,0.29004916548728943,0.0,0.0,0.01924867555499077,0.0,0.0,0.03486595302820206
52,True,0.0,0.0,0.15125036239624023,0.0,0.0,0.011492001824080944,0.0,0.0,0.24065367877483368,0.0,0.0,0.0064596813172101974,47.58049774169922,16.314666748046875,0.502328634262085,0.0,0.0,0.11901789903640747,33.100711822509766,32.193748474121094,0.7114699482917786,0.0,0.0,0.06150766462087631,33.923309326171875,74.75424194335938,0.805804431438446,0.0,0.0,0.12061825394630432,67.82020568847656,85.83726501464844,0.7254645824432373,0.0,0.0,0.4915210008621216,18.196786880493164,121.07257080078125,0.7726179957389832,0.0,0.0,0.14566437900066376,0.0,0.0,0.3699980080127716,0.0,0.0,0.02046656794846058,0.0,0.0,0.0425896979868412
53,True,0.0,0.0,0.011087720282375813,0.0,0.0,0.0010967848356813192,0.0,0.0,0.01602374203503132,0.0,0.0,0.0025696272496134043,0.0,0.0,0.1303659975528717,0.0,0.0,0.03283103555440903,0.0,0.0,0.2498520314693451,0.0,0.0,0.03645845875144005,34.8779182434082,68.11652374267578,0.5239298343658447,0.0,0.0,0.0715038999915123,0.0,0.0,0.45970648527145386,0.0,0.0,0.45830583572387695,17.878446578979492,118.9438705444336,0.6933431625366211,0.0,0.0,0.14594778418540955,0.0,0.0,0.31562235951423645,0.0,0.0,0.02432345598936081,0.0,0.0,0.04345148429274559
54,True,0.0,0.0,0.03389764577150345,0.0,0.0,0.0022131388541311026,0.0,0.0,0.058391228318214417,0.0,0.0,0.0022396626882255077,0.0,0.0,0.3702300786972046,0.0,0.0,0.10755600780248642,0.0,0.0,0.4025194048881531,0.0,0.0,0.09684763103723526,34.216880798339844,70.54551696777344,0.6276264190673828,0.0,0.0,0.15839305520057678,67.07534790039062,82.63905334472656,0.5813660621643066,14.552074432373047,117.69508361816406,0.5530810356140137,16.995723724365234,118.91232299804688,0.7065534591674805,0.0,0.0,0.17512750625610352,0.0,0.0,0.2950470447540283,0.0,0.0,0.02191474661231041,0.0,0.0,0.03035932220518589
55,True,0.0,0.0,0.008266017772257328,0.0,0.0,0.0005384211544878781,0.0,0.0,0.013142133131623268,0.0,0.0,0.0018739009974524379,0.0,0.0,0.20116257667541504,0.0,0.0,0.0513179711997509,0.0,0.0,0.4778376817703247,0.0,0.0,0.05685574188828468,37.848297119140625,65.0384521484375,0.8009337186813354,0.0,0.0,0.10032546520233154,67.27776336669922,75.02075958251953,0.694313108921051,17.721736907958984,112.6903076171875,0.5373529195785522,21.19807243347168,114.08628845214844,0.8025948405265808,0.0,0.0,0.20597250759601593,0.0,0.0,0.4828585088253021,0.0,0.0,0.032509952783584595,0.0,0.0,0.06939788162708282
56,True,0.0,0.0,0.09356491267681122,0.0,0.0,0.006925514899194241,0.0,0.0,0.15438205003738403,0.0,0.0,0.0037220693193376064,0.0,0.0,0.4288441240787506,0.0,0.0,0.09872705489397049,33.69973373413086,24.590835571289062,0.5490176677703857,0.0,0.0,0.06114882975816727,31.894786834716797,76.49694061279297,0.7056470513343811,0.0,0.0,0.12106351554393768,67.35137939453125,85.42686462402344,0.6499132513999939,0.0,0.0,0.40653756260871887,17.26515007019043,116.70137023925781,0.6542113423347473,0.0,0.0,0.15583553910255432,0.0,0.0,0.3388076722621918,0.0,0.0,0.02575737237930298,0.0,0.0,0.04524444043636322
57,True,0.0,0.0,0.02594207599759102,0.0,0.0,0.0016572215827181935,0.0,0.0,0.037796564400196075,0.0,0.0,0.0023070911411195993,0.0,0.0,0.24170413613319397,0.0,0.0,0.09367282688617706,31.39191436767578,24.771896362304688,0.5203907489776611,0.0,0.0,0.10969371348619461,29.261484146118164,78.14227294921875,0.8051637411117554,0.0,0.0,0.1971708983182907,68.78337097167969,84.60968017578125,0.7546300292015076,18.076820373535156,114.58012390136719,0.5300992727279663,17.326175689697266,116.9439468383789,0.7494789958000183,0.0,0.0,0.19881832599639893,0.0,0.0,0.401358962059021,0.0,0.0,0.028770018368959427,0.0,0.0,0.04991951957345009
58,True,0.0,0.0,0.03949299082159996,0.0,0.0,0.0026394324377179146,0.0,0.0,0.060372255742549896,0.0,0.0,0.0019265550654381514,0.0,0.0,0.31706929206848145,0.0,0.0,0.14488102495670319,0.0,0.0,0.3829772472381592,0.0,0.0,0.15215837955474854,30.40781021118164,73.10250854492188,0.636384129524231,0.0,0.0,0.23137745261192322,70.09855651855469,84.18444061279297,0.6117075681686401,18.056535720825195,117.37816619873047,0.59332275390625,15.589820861816406,117.94943237304688,0.6996378898620605,0.0,0.0,0.2099219560623169,0.0,0.0,0.3021090626716614,0.0,0.0,0.025379719212651253,0.0,0.0,0.030492763966321945
59,True,0.0,0.0,0.09739319980144501,0.0,0.0,0.00485883979126811,0.0,0.0,0.18557396531105042,0.0,0.0,0.0016409509116783738,43.61745834350586,3.0750885009765625,0.5782602429389954,0.0,0.0,0.16714590787887573,32.25352478027344,22.72308349609375,0.5918641686439514,0.0,0.0,0.11750593781471252,33.284950256347656,76.45414733886719,0.777829647064209,0.0,0.0,0.19958166778087616,71.105712890625,84.85000610351562,0.7360538244247437,17.292999267578125,117.15423583984375,0.567535936832428,15.238140106201172,118.29864501953125,0.7465546727180481,0.0,0.0,0.2016449272632599,0.0,0.0,0.36487606167793274,0.0,0.0,0.025809423997998238,0.0,0.0,0.03796499967575073
60,True,0.0,0.0,0.07983744889497757,0.0,0.0,0.004281136207282543,0.0,0.0,0.14336858689785004,0.0,0.0,0.0019232708727940917,0.0,0.0,0.4412606358528137,0.0,0.0,0.11549928784370422,29.352886199951172,28.762489318847656,0.618662416934967,0.0,0.0,0.0979534238576889,27.638303756713867,75.69158172607422,0.8301840424537659,0.0,0.0,0.1882052719593048,67.62251281738281,83.39639282226562,0.7893046736717224,19.6978816986084,115.98526000976562,0.5188086032867432,16.24991798400879,117.62926483154297,0.7584105134010315,0.0,0.0,0.20620009303092957,0.0,0.0,0.4290907680988312,0.0,0.0,0.032148800790309906,0.0,0.0,0.056854311376810074
61,True,0.0,0.0,0.34209078550338745,0.0,0.0,0.022243313491344452,59.707275390625,29.128929138183594,0.521987795829773,0.0,0.0,0.0029986354056745768,44.622379302978516,20.319488525390625,0.7062111496925354,0.0,0.0,0.280486136674881,24.399944305419922,37.390953063964844,0.7190997004508972,0.0,0.0,0.18094561994075775,26.858760833740234,79.11837768554688,0.803770899772644,0.0,0.0,0.2929234206676483,67.68915557861328,83.24910736083984,0.7795267105102539,20.971649169921875,120.3983383178711,0.5599405765533447,14.621025085449219,121.61882019042969,0.7247260212898254,0.0,0.0,0.22915153205394745,0.0,0.0,0.37454748153686523,0.0,0.0,0.03499431535601616,0.0,0.0,0.04728206992149353
62,True,0.0,0.0,0.03325860574841499,0.0,0.0,0.0019717803224921227,0.0,0.0,0.050237227231264114,0.0,0.0,0.0017693975241854787,0.0,0.0,0.2746772766113281,0.0,0.0,0.11944113671779633,0.0,0.0,0.4829169809818268,0.0,0.0,0.15064723789691925,28.647615432739258,73.24006652832031,0.7741605043411255,0.0,0.0,0.24776209890842438,67.96214294433594,83.087646484375,0.7364716529846191,20.29745864868164,116.47376251220703,0.5916337370872498,16.760196685791016,117.78173065185547,0.75531405210495,0.0,0.0,0.2312774807214737,0.0,0.0,0.38966017961502075,0.0,0.0,0.03237755596637726,0.0,0.0,0.04702678695321083
63,True,0.0,0.0,0.3239559829235077,0.0,0.0,0.024377629160881042,0.0,0.0,0.4888118803501129,0.0,0.0,0.0031775757670402527,43.89543914794922,16.097869873046875,0.672238826751709,0.0,0.0,0.24725008010864258,28.0601749420166,33.730979919433594,0.6240924000740051,0.0,0.0,0.1595262885093689,29.4587345123291,74.51618957519531,0.7192458510398865,0.0,0.0,0.26297202706336975,67.93673706054688,83.18429565429688,0.7084964513778687,21.078060150146484,116.54939270019531,0.5349173545837402,15.180612564086914,117.728515625,0.6791356205940247,0.0,0.0,0.23140566051006317,0.0,0.0,0.3503725826740265,0.0,0.0,0.03796832635998726,0.0,0.0,0.0475313663482666
64,True,61.26441955566406,33.037925720214844,0.8803386688232422,0.0,0.0,0.2305435687303543,55.317317962646484,27.20892333984375,0.9467605352401733,0.0,0.0,0.005230600014328957,35.51195526123047,24.678184509277344,0.9356024861335754,35.46021270751953,45.689170837402344,0.5804852247238159,22.534698486328125,42.46247863769531,0.8232636451721191,0.0,0.0,0.2400023490190506,28.58090591430664,82.44990539550781,0.7354850769042969,0.0,0.0,0.337505042552948,68.1069107055664,86.2197494506836,0.7350335121154785,22.133502960205078,120.79051971435547,0.6441670656204224,13.089607238769531,122.30536651611328,0.7314665913581848,0.0,0.0,0.26975446939468384,0.0,0.0,0.34681129455566406,0.0,0.0,0.042020995169878006,0.0,0.0,0.04374033585190773
65,True,0.0,0.0,0.13411349058151245,0.0,0.0,0.008153957314789295,0.0,0.0,0.21603308618068695,0.0,0.0,0.002609544200822711,0.0,0.0,0.49083834886550903,0.0,0.0,0.14869460463523865,29.978897094726562,30.7645263671875,0.5887112021446228,0.0,0.0,0.12143551558256149,27.975173950195312,75.74348449707031,0.7651470899581909,0.0,0.0,0.22202803194522858,67.19210815429688,84.24742126464844,0.7443099021911621,0.0,0.0,0.4953713119029999,17.21957778930664,118.2785415649414,0.6927636861801147,0.0,0.0,0.16997545957565308,0.0,0.0,0.31683874130249023,0.0,0.0,0.02505858615040779,0.0,0.0,0.03773709759116173
66,True,0.0,0.0,0.0024977896828204393,0.0,0.0,0.00018832425121217966,0.0,0.0,0.0022727209143340588,0.0,0.0,0.0009388618054799736,0.0,0.0,0.03612947836518288,0.0,0.0,0.0283503457903862,0.0,0.0,0.2366359531879425,0.0,0.0,0.0918528214097023,28.301895141601562,67.23160552978516,0.7693424820899963,0.0,0.0,0.19426164031028748,66.1534652709961,85.49049377441406,0.7523182034492493,19.421232223510742,112.33738708496094,0.554509699344635,19.867557525634766,114.25726318359375,0.77267986536026,0.0,0.0,0.1736297607421875,0.0,0.0,0.3781245946884155,0.0,0.0,0.022207088768482208,0.0,0.0,0.04232014715671539
67,True,0.0,0.0,0.003967015538364649,0.0,0.0,0.00031991739524528384,0.0,0.0,0.0034768013283610344,0.0,0.0,0.001212308299727738,0.0,0.0,0.044245537370443344,0.0,0.0,0.04663354158401489,0.0,0.0,0.2466527819633484,0.0,0.0,0.13153590261936188,27.04120635986328,71.08213806152344,0.7399360537528992,0.0,0.0,0.23540422320365906,66.39315032958984,83.9742431640625,0.7187866568565369,20.362506866455078,112.55110168457031,0.5612718462944031,19.259450912475586,114.51274108886719,0.7390317916870117,0.0,0.0,0.2037762999534607,0.0,0.0,0.37365424633026123,0.0,0.0,0.027599744498729706,0.0,0.0,0.044702570885419846
68,True,0.0,0.0,0.028224162757396698,0.0,0.0,0.0018924347823485732,0.0,0.0,0.03517428785562515,0.0,0.0,0.0019269721815362573,0.0,0.0,0.18051449954509735,0.0,0.0,0.1289123147726059,0.0,0.0,0.43296176195144653,0.0,0.0,0.1808345466852188,24.47943878173828,79.53375244140625,0.7499029040336609,0.0,0.0,0.27237507700920105,66.52008056640625,83.36538696289062,0.7092782258987427,19.485107421875,118.44451141357422,0.5681897401809692,14.946826934814453,120.39840698242188,0.7124397158622742,0.0,0.0,0.16657622158527374,0.0,0.0,0.2743968069553375,0.0,0.0,0.019054733216762543,0.0,0.0,0.025779830291867256
69,True,0.0,0.0,0.0076573737896978855,0.0,0.0,0.000531695899553597,0.0,0.0,0.009747724048793316,0.0,0.0,0.001312864013016224,0.0,0.0,0.09516363590955734,0.0,0.0,0.03788800910115242,0.0,0.0,0.32016292214393616,0.0,0.0,0.06580447405576706,34.545501708984375,80.61831665039062,0.739022433757782,0.0,0.0,0.12420392781496048,68.04864501953125,81.87030029296875,0.6644434928894043,0.0,0.0,0.3784230947494507,16.910429000854492,120.04165649414062,0.6400432586669922,0.0,0.0,0.08169522881507874,0.0,0.0,0.21070778369903564,0.0,0.0,0.01052472461014986,0.0,0.0,0.020156800746917725
70,True,0.0,0.0,0.005041793920099735,0.0,0.0,0.0003105125215370208,0.0,0.0,0.005778862629085779,0.0,0.0,0.00087409105617553,0.0,0.0,0.06824040412902832,0.0,0.0,0.03715348243713379,0.0,0.0,0.33024901151657104,0.0,0.0,0.08866392821073532,27.393230438232422,78.25943756103516,0.8085310459136963,0.0,0.0,0.17279620468616486,67.69429016113281,81.62638854980469,0.7606644630432129,0.0,0.0,0.47867539525032043,16.752187728881836,122.56497192382812,0.7302275896072388,0.0,0.0,0.10504017770290375,0.0,0.0,0.2633477747440338,0.0,0.0,0.01137329451739788,0.0,0.0,0.022073430940508842
71,True,0.0,0.0,0.0930798277258873,0.0,0.0,0.005741477943956852,0.0,0.0,0.16318067908287048,0.0,0.0,0.0024007929023355246,0.0,0.0,0.42433658242225647,0.0,0.0,0.08885741978883743,32.57875061035156,25.277549743652344,0.5621770620346069,0.0,0.0,0.06110740080475807,32.17070770263672,80.97488403320312,0.7553220987319946,0.0,0.0,0.11448735743761063,67.85029602050781,82.60110473632812,0.6773512959480286,0.0,0.0,0.395876944065094,13.655284881591797,122.13684844970703,0.66280597448349,0.0,0.0,0.07819394022226334,0.0,0.0,0.20139479637145996,0.0,0.0,0.009516379795968533,0.0,0.0,0.01747450791299343
72,True,0.0,0.0,0.31797248125076294,0.0,0.0,0.025960445404052734,0.0,0.0,0.47400420904159546,0.0,0.0,0.004708597902208567,44.64208221435547,11.811111450195312,0.657993495464325,0.0,0.0,0.23119206726551056,29.49158477783203,28.5916748046875,0.6940615177154541,0.0,0.0,0.11891906708478928,34.99480056762695,85.12588500976562,0.7547137141227722,0.0,0.0,0.17917019128799438,69.33653259277344,82.16889953613281,0.6770262122154236,0.0,0.0,0.4673025608062744,14.185226440429688,122.70150756835938,0.6651631593704224,0.0,0.0,0.10635743290185928,0.0,0.0,0.2106374055147171,0.0,0.0,0.012994778342545033,0.0,0.0,0.01925654336810112
73,True,0.0,0.0,0.2171640843153,0.0,0.0,0.02618141658604145,0.0,0.0,0.1977691501379013,0.0,0.0,0.007208426482975483,0.0,0.0,0.22949500381946564,0.0,0.0,0.29536139965057373,0.0,0.0,0.47586584091186523,0.0,0.0,0.33687353134155273,16.266979217529297,75.49954223632812,0.6452526450157166,0.0,0.0,0.46356770396232605,63.976470947265625,82.41802978515625,0.6790526509284973,24.28156280517578,124.21825408935547,0.5630302429199219,13.478275299072266,125.1192855834961,0.6052838563919067,0.0,0.0,0.142868310213089,0.0,0.0,0.16830670833587646,0.0,0.0,0.01451272051781416,0.0,0.0,0.014840771444141865
74,True,0.0,0.0,0.15192322432994843,0.0,0.0,0.012645585462450981,0.0,0.0,0.19043967127799988,0.0,0.0,0.004948716145008802,0.0,0.0,0.3514013886451721,0.0,0.0,0.16818232834339142,29.84980583190918,23.566734313964844,0.558986246585846,0.0,0.0,0.1440812349319458,28.352264404296875,74.56427001953125,0.7290761470794678,0.0,0.0,0.24608822166919708,67.10978698730469,81.20396423339844,0.701543927192688,0.0,0.0,0.43202459812164307,15.549468994140625,123.02690887451172,0.6097565293312073,0.0,0.0,0.09424684196710587,0.0,0.0,0.17875118553638458,0.0,0.0,0.010719738900661469,0.0,0.0,0.015795188024640083
75,True,0.0,0.0,0.1431928426027298,0.0,0.0,0.012236819602549076,0.0,0.0,0.2021074891090393,0.0,0.0,0.004996404051780701,0.0,0.0,0.3626551926136017,0.0,0.0,0.11017069220542908,29.431142807006836,25.490646362304688,0.512575089931488,0.0,0.0,0.08246882259845734,30.80491828918457,73.55216217041016,0.6632913947105408,0.0,0.0,0.16033212840557098,68.09358215332031,82.32839965820312,0.6293918490409851,0.0,0.0,0.3537593483924866,16.023696899414062,121.41674041748047,0.5628374218940735,0.0,0.0,0.08049078285694122,0.0,0.0,0.17248423397541046,0.0,0.0,0.010786587372422218,0.0,0.0,0.01745869778096676
76,True,61.899383544921875,26.161697387695312,0.6717713475227356,0.0,0.0,0.07981836050748825,58.640254974365234,17.944000244140625,0.8289480805397034,0.0,0.0,0.0046597011387348175,41.128509521484375,8.940826416015625,0.8301861882209778,0.0,0.0,0.25101497769355774,24.89045524597168,31.390548706054688,0.7864927053451538,0.0,0.0,0.0940694510936737,30.167388916015625,79.12409210205078,0.7925768494606018,0.0,0.0,0.18467487394809723,71.22305297851562,79.06047058105469,0.7604966163635254,0.0,0.0,0.3422987163066864,15.601661682128906,126.82833099365234,0.5834391117095947,0.0,0.0,0.08012822270393372,0.0,0.0,0.18772149085998535,0.0,0.0,0.010863907635211945,0.0,0.0,0.017930371686816216
77,True,60.06078338623047,27.555221557617188,0.8102314472198486,0.0,0.0,0.20232073962688446,56.008270263671875,16.246795654296875,0.8871628046035767,0.0,0.0,0.008827473036944866,36.656333923339844,7.9793853759765625,0.7843042016029358,0.0,0.0,0.3182262182235718,20.407752990722656,36.5809326171875,0.6412866711616516,0.0,0.0,0.11067080497741699,33.312652587890625,78.56120300292969,0.5521203279495239,0.0,0.0,0.2166294902563095,74.86890411376953,78.01693725585938,0.6048753261566162,0.0,0.0,0.2737821042537689,0.0,0.0,0.3927517235279083,0.0,0.0,0.08301518112421036,0.0,0.0,0.13758628070354462,0.0,0.0,0.013462676666676998,0.0,0.0,0.017023058608174324
78,True,0.0,0.0,0.4566807448863983,0.0,0.0,0.05151334032416344,58.834632873535156,16.771560668945312,0.5490017533302307,0.0,0.0,0.006463563069701195,43.087059020996094,7.7490692138671875,0.5204994678497314,0.0,0.0,0.2084364891052246,27.743144989013672,30.468421936035156,0.5962359309196472,0.0,0.0,0.11047172546386719,34.295692443847656,79.18963623046875,0.6501147150993347,0.0,0.0,0.20624838769435883,74.38140106201172,77.65892791748047,0.6519861221313477,0.0,0.0,0.3443727195262909,14.782657623291016,129.95986938476562,0.5160815715789795,0.0,0.0,0.08168794959783554,0.0,0.0,0.1565917283296585,0.0,0.0,0.01122331153601408,0.0,0.0,0.01629824936389923
79,True,60.20071792602539,29.083351135253906,0.7066085338592529,0.0,0.0,0.1281045377254486,57.0444221496582,18.47338104248047,0.7755147218704224,0.0,0.0,0.008695562370121479,39.047183990478516,7.7454071044921875,0.6657218337059021,0.0,0.0,0.41644272208213806,21.95477294921875,33.49066162109375,0.6480131149291992,0.0,0.0,0.24065211415290833,42.39509582519531,80.77442932128906,0.6528664827346802,0.0,0.0,0.35803383588790894,82.91546630859375,68.52044677734375,0.6626430153846741,0.0,0.0,0.4036649465560913,0.0,0.0,0.48403358459472656,0.0,0.0,0.08637287467718124,0.0,0.0,0.12137448042631149,0.0,0.0,0.00949182640761137,0.0,0.0,0.010529205203056335
80,True,0.0,0.0,0.10693078488111496,0.0,0.0,0.006222011987119913,0.0,0.0,0.13512839376926422,0.0,0.0,0.002618276048451662,0.0,0.0,0.41784974932670593,0.0,0.0,0.38934335112571716,30.73383140563965,35.810821533203125,0.5124230980873108,0.0,0.0,0.45103782415390015,57.68159484863281,80.19729614257812,0.7460922002792358,0.0,0.0,0.48081448674201965,91.83734893798828,53.27429962158203,0.6858316659927368,24.25054931640625,126.68450927734375,0.6816751956939697,15.60784912109375,127.96533203125,0.6966221332550049,0.0,0.0,0.19040586054325104,0.0,0.0,0.21389217674732208,0.0,0.0,0.0181118194013834,0.0,0.0,0.01668570563197136
81,True,0.0,0.0,0.03630492836236954,0.0,0.0,0.0011058147065341473,0.0,0.0,0.059652477502822876,0.0,0.0,0.0012103745248168707,0.0,0.0,0.4268077611923218,0.0,0.0,0.24413731694221497,35.51976013183594,23.878005981445312,0.7013095021247864,0.0,0.0,0.2989433705806732,72.55642700195312,77.35842895507812,0.9251667261123657,0.0,0.0,0.35730504989624023,100.4197769165039,42.165557861328125,0.8495766520500183,19.44766616821289,134.6109619140625,0.606698751449585,17.254478454589844,137.2621612548828,0.775417149066925,0.0,0.0,0.05322433263063431,0.0,0.0,0.12706898152828217,0.0,0.0,0.002888873452320695,0.0,0.0,0.0046366010792553425
82,True,0.0,0.0,0.00729621946811676,0.0,0.0,0.00030305515974760056,0.0,0.0,0.007318443153053522,0.0,0.0,0.001066803582943976,0.0,0.0,0.10837888717651367,0.0,0.0,0.18475888669490814,0.0,0.0,0.47380608320236206,0.0,0.0,0.38235601782798767,81.25582885742188,70.75147247314453,0.8831815123558044,0.0,0.0,0.4073561728000641,107.75180053710938,31.68218231201172,0.7771878242492676,21.323932647705078,133.94749450683594,0.7063223123550415,16.12677001953125,135.564697265625,0.8005472421646118,0.0,0.0,0.09414723515510559,0.0,0.0,0.17307892441749573,0.0,0.0,0.005338235292583704,0.0,0.0,0.007521031890064478
83,True,0.0,0.0,0.012227813713252544,0.0,0.0,0.0005197456339374185,0.0,0.0,0.014521699398756027,0.0,0.0,0.0013298721751198173,0.0,0.0,0.14462396502494812,0.0,0.0,0.1577892005443573,0.0,0.0,0.45121702551841736,0.0,0.0,0.2861350178718567,92.76573944091797,61.2705078125,0.8597059845924377,0.0,0.0,0.3089366555213928,119.56840515136719,18.655601501464844,0.7107017040252686,21.360004425048828,133.0875701904297,0.6105770468711853,17.607120513916016,134.2744598388672,0.7382233738899231,0.0,0.0,0.040947847068309784,0.0,0.0,0.08589350432157516,0.0,0.0,0.0018980125896632671,0.0,0.0,0.0028062902856618166
84,True,0.0,0.0,0.0057848189026117325,0.0,0.0,0.0002740998170338571,0.0,0.0,0.006326346192508936,0.0,0.0,0.0011063931742683053,0.0,0.0,0.07127545028924942,0.0,0.0,0.09168225526809692,0.0,0.0,0.33767497539520264,0.0,0.0,0.2281714826822281,101.86839294433594,52.084075927734375,0.8480785489082336,0.0,0.0,0.2639324367046356,128.03265380859375,10.0909423828125,0.683390736579895,19.752708435058594,129.68408203125,0.6147579550743103,15.622604370117188,130.44349670410156,0.7574101090431213,0.0,0.0,0.0456625372171402,0.0,0.0,0.10748833417892456,0.0,0.0,0.0023867131676524878,0.0,0.0,0.003933817148208618
85,True,0.0,0.0,0.008977984078228474,0.0,0.0,0.0004969451110810041,0.0,0.0,0.008948123082518578,0.0,0.0,0.0011074856156483293,0.0,0.0,0.058980509638786316,0.0,0.0,0.10558182001113892,0.0,0.0,0.19695596396923065,0.0,0.0,0.2560816705226898,109.42144775390625,46.50275421142578,0.6809555292129517,0.0,0.0,0.2833230495452881,124.53579711914062,10.067497253417969,0.5286853909492493,24.081783294677734,135.73843383789062,0.6273691058158875,17.10196304321289,135.50961303710938,0.69309401512146,0.0,0.0,0.07351452857255936,0.0,0.0,0.12339457124471664,0.0,0.0,0.005054803565144539,0.0,0.0,0.0064741759561002254
86,True,0.0,0.0,0.006010203622281551,0.0,0.0,0.000636639422737062,0.0,0.0,0.0031318257097154856,0.0,0.0,0.0017940182005986571,0.0,0.0,0.01313726045191288,0.0,0.0,0.14767661690711975,0.0,0.0,0.04671754688024521,113.75326538085938,37.90807342529297,0.512322723865509,0.0,0.0,0.30233240127563477,0.0,0.0,0.49797558784484863,0.0,0.0,0.2686348259449005,25.852432250976562,134.4062042236328,0.7048937678337097,13.87652587890625,132.84695434570312,0.5469306707382202,0.0,0.0,0.10510912537574768,0.0,0.0,0.07389966398477554,0.0,0.0,0.006327138282358646,0.0,0.0,0.004253912251442671
87,True,0.0,0.0,0.0024340832605957985,0.0,0.0,0.00020845413382630795,0.0,0.0,0.00176092644687742,0.0,0.0,0.0009913179092109203,0.0,0.0,0.015522188507020473,0.0,0.0,0.04233350232243538,0.0,0.0,0.06822291761636734,0.0,0.0,0.2089073359966278,0.0,0.0,0.49208948016166687,0.0,0.0,0.30652546882629395,0.0,0.0,0.48910650610923767,26.15142822265625,122.7406005859375,0.6287283301353455,20.941871643066406,122.97811126708984,0.661004900932312,0.0,0.0,0.10154004395008087,0.0,0.0,0.139337956905365,0.0,0.0,0.009773312136530876,0.0,0.0,0.011427282355725765
88,True,0.0,0.0,0.002130681648850441,0.0,0.0,0.0001112805402954109,0.0,0.0,0.002553066937252879,0.0,0.0,0.0003974155697505921,0.0,0.0,0.022648412734270096,0.0,0.0,0.016314825043082237,0.0,0.0,0.09057117253541946,0.0,0.0,0.0808037593960762,103.64569091796875,20.0587158203125,0.6668081283569336,0.0,0.0,0.1596008688211441,130.04737854003906,14.826972961425781,0.5836650133132935,25.132568359375,121.19662475585938,0.5507600903511047,18.62596893310547,120.91605377197266,0.7297669649124146,0.0,0.0,0.07052498310804367,0.0,0.0,0.17430604994297028,0.0,0.0,0.006789925508201122,0.0,0.0,0.012244660407304764
89,False,0.0,0.0,0.0,0.0,0.0,0.0,0.0,0.0,0.0,0.0,0.0,0.0,0.0,0.0,0.0,0.0,0.0,0.0,0.0,0.0,0.0,0.0,0.0,0.0,0.0,0.0,0.0,0.0,0.0,0.0,0.0,0.0,0.0,0.0,0.0,0.0,0.0,0.0,0.0,0.0,0.0,0.0,0.0,0.0,0.0,0.0,0.0,0.0,0.0,0.0,0.0
90,True,0.0,0.0,0.4540196657180786,0.0,0.0,0.14098812639713287,0.0,0.0,0.4548336863517761,0.0,0.0,0.02581585757434368,0.0,0.0,0.20426438748836517,0.0,0.0,0.10097970813512802,0.0,0.0,0.06519999355077744,0.0,0.0,0.0796855092048645,0.0,0.0,0.0712825283408165,0.0,0.0,0.3179606795310974,0.0,0.0,0.2566585838794708,0.0,0.0,0.23407413065433502,0.0,0.0,0.1786850392818451,0.0,0.0,0.121635802090168,0.0,0.0,0.10059107095003128,0.0,0.0,0.02254181168973446,0.0,0.0,0.01817060261964798
91,True,0.0,0.0,0.03755186125636101,0.0,0.0,0.006301873363554478,0.0,0.0,0.020940979942679405,0.0,0.0,0.006783439312130213,0.0,0.0,0.02054223231971264,0.0,0.0,0.09468284994363785,0.0,0.0,0.03856904059648514,0.0,0.0,0.21360568702220917,0.0,0.0,0.1189856082201004,0.0,0.0,0.31471988558769226,0.0,0.0,0.16522161662578583,28.743865966796875,120.43579864501953,0.5130046010017395,0.0,0.0,0.38875633478164673,0.0,0.0,0.21794725954532623,0.0,0.0,0.172997385263443,0.0,0.0,0.050809118896722794,0.0,0.0,0.038939204066991806
92,True,0.0,0.0,0.4011479318141937,0.0,0.0,0.07139851897954941,0.0,0.0,0.3423416316509247,0.0,0.0,0.00908107589930296,0.0,0.0,0.15033140778541565,0.0,0.0,0.28652575612068176,0.0,0.0,0.11456694453954697,0.0,0.0,0.34950771927833557,0.0,0.0,0.17557518184185028,0.0,0.0,0.48430755734443665,0.0,0.0,0.2925373911857605,29.37893295288086,121.24786376953125,0.5789815783500671,0.0,0.0,0.4165512025356293,0.0,0.0,0.22834371030330658,0.0,0.0,0.15392950177192688,0.0,0.0,0.04346451535820961,0.0,0.0,0.027551840990781784
93,True,0.0,0.0,0.00976740662008524,0.0,0.0,0.00084275146946311,0.0,0.0,0.006908700801432133,0.0,0.0,0.0013922321377322078,0.0,0.0,0.02141878753900528,0.0,0.0,0.09905504435300827,0.0,0.0,0.04917101562023163,0.0,0.0,0.3369598984718323,0.0,0.0,0.3094901144504547,0.0,0.0,0.423876017332077,0.0,0.0,0.33414608240127563,26.717178344726562,118.96643829345703,0.6418431401252747,15.080795288085938,118.53670501708984,0.5449713468551636,0.0,0.0,0.21641068160533905,0.0,0.0,0.19554503262043,0.0,0.0,0.028147783130407333,0.0,0.0,0.022609369829297066
94,True,0.0,0.0,0.01067450363188982,0.0,0.0,0.0010773454559966922,0.0,0.0,0.00690602557733655,0.0,0.0,0.001546511659398675,0.0,0.0,0.018490541726350784,0.0,0.0,0.09894964098930359,0.0,0.0,0.03312121704220772,0.0,0.0,0.38111603260040283,0.0,0.0,0.21464130282402039,0.0,0.0,0.487377792596817,0.0,0.0,0.2961416244506836,27.35369873046875,120.94200897216797,0.6717387437820435,15.2618408203125,120.60112762451172,0.5162680149078369,0.0,0.0,0.24567219614982605,0.0,0.0,0.17944438755512238,0.0,0.0,0.03516693040728569,0.0,0.0,0.023814324289560318
95,True,0.0,0.0,0.005435626022517681,0.0,0.0,0.0005076518282294273,0.0,0.0,0.0034003041218966246,0.0,0.0,0.0013254161458462477,0.0,0.0,0.013797434978187084,0.0,0.0,0.08059784024953842,0.0,0.0,0.045089878141880035,0.0,0.0,0.3299349844455719,0.0,0.0,0.33331096172332764,0.0,0.0,0.41816896200180054,0.0,0.0,0.35146695375442505,28.013214111328125,115.98697662353516,0.7232404947280884,16.251068115234375,114.600830078125,0.6505491733551025,0.0,0.0,0.25134941935539246,0.0,0.0,0.23962870240211487,0.0,0.0,0.029102137312293053,0.0,0.0,0.024958303198218346
96,True,0.0,0.0,0.0049951267428696156,0.0,0.0,0.0004929364076815546,0.0,0.0,0.0035646967589855194,0.0,0.0,0.0014145089080557227,0.0,0.0,0.01326824352145195,0.0,0.0,0.053828246891498566,0.0,0.0,0.058674316853284836,0.0,0.0,0.2699216902256012,0.0,0.0,0.4751356840133667,0.0,0.0,0.3910215198993683,0.0,0.0,0.45461514592170715,32.063053131103516,106.29854583740234,0.7641811370849609,18.940345764160156,105.2171630859375,0.7604048252105713,0.0,0.0,0.28501421213150024,0.0,0.0,0.3417985141277313,0.0,0.0,0.03158801794052124,0.0,0.0,0.03433556854724884
97,True,0.0,0.0,0.02762511558830738,0.0,0.0,0.002112790010869503,0.0,0.0,0.028422044590115547,0.0,0.0,0.0023914955090731382,0.0,0.0,0.0691070631146431,0.0,0.0,0.09960924834012985,0.0,0.0,0.1179710105061531,0.0,0.0,0.19829338788986206,0.0,0.0,0.41702574491500854,0.0,0.0,0.3096444606781006,0.0,0.0,0.4089394211769104,26.65509796142578,115.76254272460938,0.6500476002693176,20.3953857421875,114.88340759277344,0.6597853302955627,0.0,0.0,0.288036972284317,0.0,0.0,0.35317569971084595,0.0,0.0,0.05178666487336159,0.0,0.0,0.05535818263888359
98,True,0.0,0.0,0.037220969796180725,0.0,0.0,0.0022343602031469345,0.0,0.0,0.048116955906152725,0.0,0.0,0.001636527362279594,0.0,0.0,0.13718542456626892,0.0,0.0,0.11873481422662735,0.0,0.0,0.12978386878967285,0.0,0.0,0.2104637324810028,0.0,0.0,0.40689897537231445,0.0,0.0,0.3370683491230011,0.0,0.0,0.43824735283851624,26.23651123046875,111.38387298583984,0.6716020703315735,20.820892333984375,111.23664855957031,0.664506196975708,0.0,0.0,0.33776670694351196,0.0,0.0,0.37806183099746704,0.0,0.0,0.055505115538835526,0.0,0.0,0.0532439723610878
99,True,0.0,0.0,0.0070252614095807076,0.0,0.0,0.0005408705328591168,0.0,0.0,0.006696155294775963,0.0,0.0,0.0012841613497585058,0.0,0.0,0.028309259563684464,0.0,0.0,0.0512588731944561,0.0,0.0,0.11298687011003494,0.0,0.0,0.21264488995075226,114.75335693359375,20.165924072265625,0.6355155110359192,0.0,0.0,0.33988457918167114,135.8431396484375,11.114715576171875,0.579337477684021,33.584449768066406,106.74866485595703,0.7405865788459778,22.87323760986328,106.49068450927734,0.7991831302642822,0.0,0.0,0.25599831342697144,0.0,0.0,0.38256192207336426,0.0,0.0,0.02948143519461155,0.0,0.0,0.03922554478049278
100,True,0.0,0.0,0.006899827625602484,0.0,0.0,0.00039199323509819806,0.0,0.0,0.007920409552752972,0.0,0.0,0.0008503168937750161,0.0,0.0,0.05219711363315582,0.0,0.0,0.06348417699337006,0.0,0.0,0.10068379342556,0.0,0.0,0.20104575157165527,117.2248306274414,19.163055419921875,0.5169474482536316,0.0,0.0,0.3054061830043793,0.0,0.0,0.48423510789871216,30.23102569580078,108.17627716064453,0.7133095860481262,24.25257110595703,108.20164489746094,0.7425235509872437,0.0,0.0,0.3069356381893158,0.0,0.0,0.392886221408844,0.0,0.0,0.043825000524520874,0.0,0.0,0.04875519871711731
101,True,0.0,0.0,0.009245002642273903,0.0,0.0,0.0007180003449320793,0.0,0.0,0.008837608620524406,0.0,0.0,0.0012264408869668841,0.0,0.0,0.03979365527629852,0.0,0.0,0.07600439339876175,0.0,0.0,0.05127689614892006,0.0,0.0,0.23942731320858002,0.0,0.0,0.3061267137527466,0.0,0.0,0.3597148060798645,0.0,0.0,0.35963571071624756,29.08474349975586,108.04681396484375,0.6435040831565857,20.214797973632812,107.8161849975586,0.583649754524231,0.0,0.0,0.29906749725341797,0.0,0.0,0.2982921302318573,0.0,0.0,0.04891081899404526,0.0,0.0,0.04288996756076813
102,True,0.0,0.0,0.003091108053922653,0.0,0.0,0.0002289275435032323,0.0,0.0,0.002527665812522173,0.0,0.0,0.0008844916592352092,0.0,0.0,0.0223276074975729,0.0,0.0,0.06400901079177856,0.0,0.0,0.05881906673312187,0.0,0.0,0.2834889888763428,0.0,0.0,0.4467043876647949,0.0,0.0,0.3851480484008789,0.0,0.0,0.4538848400115967,32.066383361816406,107.17752838134766,0.720142126083374,24.959178924560547,107.26107025146484,0.6961517930030823,0.0,0.0,0.2984519302845001,0.0,0.0,0.3277040421962738,0.0,0.0,0.04118485003709793,0.0,0.0,0.04005417972803116
103,True,0.0,0.0,0.003517415141686797,0.0,0.0,0.00023288502416107804,0.0,0.0,0.0031700553372502327,0.0,0.0,0.0007622601697221398,0.0,0.0,0.025765297934412956,0.0,0.0,0.058519091457128525,0.0,0.0,0.06470324844121933,0.0,0.0,0.25177231431007385,0.0,0.0,0.4751366674900055,0.0,0.0,0.35225939750671387,0.0,0.0,0.46003007888793945,32.09177017211914,108.8414077758789,0.7041774392127991,24.389434814453125,108.72758483886719,0.6995465159416199,0.0,0.0,0.27969324588775635,0.0,0.0,0.3278867304325104,0.0,0.0,0.03784850239753723,0.0,0.0,0.038768887519836426
104,True,0.0,0.0,0.006021095439791679,0.0,0.0,0.0004325263143982738,0.0,0.0,0.005453074816614389,0.0,0.0,0.0010182521073147655,0.0,0.0,0.030749905854463577,0.0,0.0,0.06691502779722214,0.0,0.0,0.05970165506005287,0.0,0.0,0.22553957998752594,0.0,0.0,0.3642774820327759,0.0,0.0,0.305484801530838,0.0,0.0,0.35408785939216614,30.928611755371094,110.44273376464844,0.6134317517280579,23.068496704101562,109.05192565917969,0.58550626039505,0.0,0.0,0.26962870359420776,0.0,0.0,0.29779744148254395,0.0,0.0,0.04816481098532677,0.0,0.0,0.04670558124780655
105,True,0.0,0.0,0.004647961352020502,0.0,0.0,0.0002972842485178262,0.0,0.0,0.004042676649987698,0.0,0.0,0.000813448743429035,0.0,0.0,0.026214707642793655,0.0,0.0,0.07308237254619598,0.0,0.0,0.0757453441619873,0.0,0.0,0.2994558811187744,118.87223815917969,22.610206604003906,0.5096160173416138,0.0,0.0,0.3869929611682892,0.0,0.0,0.4731653332710266,32.17700958251953,113.0867919921875,0.7203840613365173,22.369815826416016,112.5264663696289,0.7072314620018005,0.0,0.0,0.25534355640411377,0.0,0.0,0.2974843680858612,0.0,0.0,0.03225449100136757,0.0,0.0,0.032517075538635254
106,True,0.0,0.0,0.007088980171829462,0.0,0.0,0.00036176724825054407,0.0,0.0,0.008047280833125114,0.0,0.0,0.0008700652397237718,0.0,0.0,0.059024617075920105,0.0,0.0,0.07810638099908829,0.0,0.0,0.1399783343076706,0.0,0.0,0.2418523132801056,122.81027221679688,18.841552734375,0.625185489654541,0.0,0.0,0.3310836851596832,146.53103637695312,3.4853439331054688,0.5466670393943787,31.575637817382812,111.24380493164062,0.717002809047699,25.834365844726562,110.64170837402344,0.757468044757843,0.0,0.0,0.2564387321472168,0.0,0.0,0.35233449935913086,0.0,0.0,0.03304486349225044,0.0,0.0,0.03872174397110939
107,True,0.0,0.0,0.018028624355793,0.0,0.0,0.0009942358592525125,0.0,0.0,0.01955975778400898,0.0,0.0,0.001389575656503439,0.0,0.0,0.08361151069402695,0.0,0.0,0.11114581674337387,0.0,0.0,0.1750515252351761,0.0,0.0,0.26459231972694397,122.62637329101562,21.209251403808594,0.5914656519889832,0.0,0.0,0.3596905469894409,145.96234130859375,7.056938171386719,0.5243073105812073,33.28855895996094,114.3909912109375,0.7050098180770874,26.061477661132812,113.16203308105469,0.7301981449127197,0.0,0.0,0.26958003640174866,0.0,0.0,0.34185534715652466,0.0,0.0,0.040633633732795715,0.0,0.0,0.04397707059979439
108,True,0.0,0.0,0.01164140086621046,0.0,0.0,0.0007170525495894253,0.0,0.0,0.011099008843302727,0.0,0.0,0.0012865865137428045,0.0,0.0,0.051669199019670486,0.0,0.0,0.11457951366901398,0.0,0.0,0.130624920129776,0.0,0.0,0.342172235250473,122.2038803100586,19.455886840820312,0.5828951001167297,0.0,0.0,0.4401571452617645,147.48562622070312,6.315452575683594,0.5364323854446411,34.49785232543945,112.46931457519531,0.7538306713104248,24.72295379638672,111.34402465820312,0.749074399471283,0.0,0.0,0.3214714229106903,0.0,0.0,0.3708581328392029,0.0,0.0,0.049258165061473846,0.0,0.0,0.049571990966796875
109,True,0.0,0.0,0.011901870369911194,0.0,0.0,0.0007377606816589832,0.0,0.0,0.011120172217488289,0.0,0.0,0.0012769250897690654,0.0,0.0,0.049959391355514526,0.0,0.0,0.10610643029212952,0.0,0.0,0.11917058378458023,0.0,0.0,0.32294607162475586,122.93246459960938,20.166664123535156,0.5332586765289307,0.0,0.0,0.43233704566955566,146.27474975585938,8.8253173828125,0.5069984793663025,34.86923599243164,112.43102264404297,0.7194920182228088,25.211528778076172,111.29364013671875,0.7064217329025269,0.0,0.0,0.28174450993537903,0.0,0.0,0.3173133432865143,0.0,0.0,0.044265806674957275,0.0,0.0,0.04310234263539314
110,True,0.0,0.0,0.010114777833223343,0.0,0.0,0.0009687222773209214,0.0,0.0,0.006224990822374821,0.0,0.0,0.002368705114349723,0.0,0.0,0.021187065169215202,0.0,0.0,0.13982108235359192,0.0,0.0,0.08125121146440506,0.0,0.0,0.41623687744140625,0.0,0.0,0.43263939023017883,0.0,0.0,0.4872148334980011,0.0,0.0,0.41336169838905334,35.901248931884766,115.97377014160156,0.734103262424469,23.482295989990234,113.97126770019531,0.6649138331413269,0.0,0.0,0.3001496493816376,0.0,0.0,0.2922981083393097,0.0,0.0,0.045496486127376556,0.0,0.0,0.040081873536109924
111,True,0.0,0.0,0.017960598692297935,0.0,0.0,0.001110657351091504,0.0,0.0,0.01795053482055664,0.0,0.0,0.0017391970613971353,0.0,0.0,0.06750039011240005,0.0,0.0,0.11694619059562683,0.0,0.0,0.16163724660873413,0.0,0.0,0.2746327221393585,125.98300170898438,19.690231323242188,0.5729303359985352,0.0,0.0,0.3728504180908203,150.69798278808594,7.191535949707031,0.5087902545928955,33.129600524902344,112.08859252929688,0.6979931592941284,24.40251922607422,110.90474700927734,0.7151535153388977,0.0,0.0,0.2735258638858795,0.0,0.0,0.3439576327800751,0.0,0.0,0.04265233129262924,0.0,0.0,0.046358976513147354
112,True,0.0,0.0,0.008170213550329208,0.0,0.0,0.0005939283291809261,0.0,0.0,0.007187755778431892,0.0,0.0,0.0015157538000494242,0.0,0.0,0.03230735659599304,0.0,0.0,0.07140335440635681,0.0,0.0,0.1342090368270874,0.0,0.0,0.264763206243515,122.08332824707031,20.417037963867188,0.6323044300079346,0.0,0.0,0.3701106309890747,150.52272033691406,10.587417602539062,0.5506955981254578,36.98609161376953,109.23304748535156,0.7064858675003052,26.198665618896484,107.56600189208984,0.7440648674964905,0.0,0.0,0.19937220215797424,0.0,0.0,0.2766438126564026,0.0,0.0,0.025714633986353874,0.0,0.0,0.03097856603562832
113,True,0.0,0.0,0.015255351550877094,0.0,0.0,0.0009862864390015602,0.0,0.0,0.01391481701284647,0.0,0.0,0.0017573100049048662,0.0,0.0,0.057624392211437225,0.0,0.0,0.12955570220947266,0.0,0.0,0.16741640865802765,0.0,0.0,0.3077717423439026,120.4874267578125,22.25140380859375,0.5904027223587036,0.0,0.0,0.3865435719490051,146.6029815673828,9.260833740234375,0.5180761218070984,34.23906707763672,112.90949249267578,0.7265385985374451,25.81415557861328,111.64181518554688,0.7382081747055054,0.0,0.0,0.29417455196380615,0.0,0.0,0.35999587178230286,0.0,0.0,0.04540662840008736,0.0,0.0,0.0487186424434185
114,True,0.0,0.0,0.0050783888436853886,0.0,0.0,0.0005277812015265226,0.0,0.0,0.003779793856665492,0.0,0.0,0.001995665952563286,0.0,0.0,0.017419079318642616,0.0,0.0,0.05276702716946602,0.0,0.0,0.07479960471391678,0.0,0.0,0.21517306566238403,0.0,0.0,0.48463189601898193,0.0,0.0,0.31873077154159546,0.0,0.0,0.4385612905025482,36.93348693847656,105.29531860351562,0.6700819730758667,26.31147003173828,103.75841522216797,0.6921790838241577,0.0,0.0,0.1985340565443039,0.0,0.0,0.26357653737068176,0.0,0.0,0.02555692568421364,0.0,0.0,0.030364688485860825
115,True,0.0,0.0,0.00624252250418067,0.0,0.0,0.0006226832047104836,0.0,0.0,0.004584002774208784,0.0,0.0,0.0018958857981488109,0.0,0.0,0.01648886315524578,0.0,0.0,0.05146266892552376,0.0,0.0,0.079354427754879,0.0,0.0,0.21668805181980133,120.28260803222656,21.246185302734375,0.501821756362915,0.0,0.0,0.3374079167842865,0.0,0.0,0.4679013192653656,36.349761962890625,106.30462646484375,0.653527557849884,24.061782836914062,105.0886459350586,0.6820077300071716,0.0,0.0,0.1972329318523407,0.0,0.0,0.2680482268333435,0.0,0.0,0.028347758576273918,0.0,0.0,0.03420042619109154
116,True,0.0,0.0,0.007420933339744806,0.0,0.0,0.0008078276296146214,0.0,0.0,0.004791456740349531,0.0,0.0,0.0020668907091021538,0.0,0.0,0.017497994005680084,0.0,0.0,0.09120820462703705,0.0,0.0,0.042730700224637985,0.0,0.0,0.28598347306251526,0.0,0.0,0.2555282711982727,0.0,0.0,0.35958606004714966,0.0,0.0,0.27663344144821167,34.28800582885742,117.48076629638672,0.6573826670646667,23.868446350097656,115.77129364013672,0.5646342635154724,0.0,0.0,0.3090515434741974,0.0,0.0,0.28620240092277527,0.0,0.0,0.06355443596839905,0.0,0.0,0.054296672344207764
117,True,0.0,0.0,0.011248739436268806,0.0,0.0,0.0011992062209174037,0.0,0.0,0.008187406696379185,0.0,0.0,0.003008203348144889,0.0,0.0,0.022314585745334625,0.0,0.0,0.06478787958621979,0.0,0.0,0.09864093363285065,0.0,0.0,0.21752268075942993,0.0,0.0,0.486230731010437,0.0,0.0,0.3347400724887848,0.0,0.0,0.44817888736724854,37.11445999145508,110.87993621826172,0.6353663802146912,26.37267303466797,109.22544860839844,0.6647018790245056,0.0,0.0,0.17709407210350037,0.0,0.0,0.24162429571151733,0.0,0.0,0.026137782260775566,0.0,0.0,0.03164025396108627
118,True,0.0,0.0,0.029340045526623726,0.0,0.0,0.0022400738671422005,0.0,0.0,0.028445929288864136,0.0,0.0,0.0022012197878211737,0.0,0.0,0.06283358484506607,0.0,0.0,0.10817809402942657,0.0,0.0,0.11382399499416351,0.0,0.0,0.23456816375255585,0.0,0.0,0.4273744225502014,0.0,0.0,0.34939104318618774,0.0,0.0,0.431414932012558,32.18635177612305,117.42080688476562,0.6437750458717346,23.032875061035156,116.81182861328125,0.6392896771430969,0.0,0.0,0.26196420192718506,0.0,0.0,0.31055954098701477,0.0,0.0,0.050345610827207565,0.0,0.0,0.051893364638090134
119,True,0.0,0.0,0.011500036343932152,0.0,0.0,0.0012558927992358804,0.0,0.0,0.00821735244244337,0.0,0.0,0.0022320544812828302,0.0,0.0,0.01812147907912731,0.0,0.0,0.06320217251777649,0.0,0.0,0.05899311229586601,0.0,0.0,0.25937801599502563,0.0,0.0,0.37348389625549316,0.0,0.0,0.382576048374176,0.0,0.0,0.38705793023109436,35.502532958984375,112.53384399414062,0.6630460619926453,22.892841339111328,112.06803894042969,0.6331281065940857,0.0,0.0,0.188730388879776,0.0,0.0,0.21007154881954193,0.0,0.0,0.02571498416364193,0.0,0.0,0.02575923688709736
120,True,0.0,0.0,0.004024889785796404,0.0,0.0,0.000413585890782997,0.0,0.0,0.00265321834012866,0.0,0.0,0.001350741251371801,0.0,0.0,0.01298811286687851,0.0,0.0,0.06466051936149597,0.0,0.0,0.059828564524650574,0.0,0.0,0.34558722376823425,0.0,0.0,0.49234190583229065,0.0,0.0,0.44448211789131165,0.0,0.0,0.48513263463974,37.28498840332031,109.99061584472656,0.7475228309631348,23.93218231201172,110.56806945800781,0.7222239971160889,0.0,0.0,0.22126440703868866,0.0,0.0,0.2437681406736374,0.0,0.0,0.025923922657966614,0.0,0.0,0.025709567591547966
121,True,0.0,0.0,0.008832978084683418,0.0,0.0,0.0008991657523438334,0.0,0.0,0.007077423390001059,0.0,0.0,0.001326139667071402,0.0,0.0,0.02680063806474209,0.0,0.0,0.08448563516139984,0.0,0.0,0.06424465030431747,0.0,0.0,0.3550463616847992,0.0,0.0,0.434824138879776,0.0,0.0,0.4798414707183838,123.60011291503906,24.836090087890625,0.5073074102401733,39.95328140258789,110.5032730102539,0.748737633228302,23.388275146484375,111.5001449584961,0.7027988433837891,0.0,0.0,0.3121897578239441,0.0,0.0,0.301807165145874,0.0,0.0,0.05657864734530449,0.0,0.0,0.04927020147442818
122,True,0.0,0.0,0.018499968573451042,0.0,0.0,0.0011407259153202176,0.0,0.0,0.018834944814443588,0.0,0.0,0.0011905085993930697,0.0,0.0,0.08101172745227814,0.0,0.0,0.1308060735464096,0.0,0.0,0.19441762566566467,0.0,0.0,0.35984110832214355,103.06668853759766,33.61323547363281,0.6299499869346619,0.0,0.0,0.4504956901073456,117.76112365722656,25.7435302734375,0.5896145105361938,37.470787048339844,112.32017517089844,0.7928513288497925,25.07037353515625,112.11427307128906,0.7995437979698181,0.0,0.0,0.32007819414138794,0.0,0.0,0.3654244840145111,0.0,0.0,0.0482582189142704,0.0,0.0,0.047854166477918625
123,True,0.0,0.0,0.2164902240037918,0.0,0.0,0.02066105604171753,0.0,0.0,0.23388679325580597,0.0,0.0,0.003259585238993168,0.0,0.0,0.1950431764125824,0.0,0.0,0.19723893702030182,0.0,0.0,0.2249147593975067,0.0,0.0,0.3226730227470398,103.61289978027344,32.91522216796875,0.5229979157447815,0.0,0.0,0.4602373540401459,121.25654602050781,8.221435546875,0.5429448485374451,37.74736022949219,121.38712310791016,0.6944063901901245,22.830307006835938,121.54534912109375,0.688534140586853,0.0,0.0,0.191033273935318,0.0,0.0,0.2123165726661682,0.0,0.0,0.02644624561071396,0.0,0.0,0.024466698989272118
124,True,0.0,0.0,0.01020088605582714,0.0,0.0,0.000902027590200305,0.0,0.0,0.00771678052842617,0.0,0.0,0.0023407037369906902,0.0,0.0,0.05450580269098282,0.0,0.0,0.21019253134727478,0.0,0.0,0.20043480396270752,0.0,0.0,0.48523372411727905,104.28074645996094,44.97251892089844,0.6465818285942078,0.0,0.0,0.475959450006485,119.8741455078125,10.206352233886719,0.5294424295425415,36.449729919433594,116.08404541015625,0.8305400609970093,26.559947967529297,114.96139526367188,0.8130166530609131,0.0,0.0,0.33568572998046875,0.0,0.0,0.3544531464576721,0.0,0.0,0.037593718618154526,0.0,0.0,0.035111065953969955
125,True,0.0,0.0,0.022561097517609596,0.0,0.0,0.0017295648576691747,0.0,0.0,0.020011037588119507,0.0,0.0,0.0030162238981574774,0.0,0.0,0.14143744111061096,0.0,0.0,0.35474297404289246,0.0,0.0,0.31671464443206787,94.76788330078125,50.0960693359375,0.5591822862625122,95.91943359375,52.010597229003906,0.6855692863464355,115.8444595336914,7.0068817138671875,0.5115101933479309,114.49681854248047,8.565521240234375,0.5587496757507324,32.37682342529297,119.03228759765625,0.8225603103637695,25.99919891357422,119.06456756591797,0.794789731502533,0.0,0.0,0.27125412225723267,0.0,0.0,0.27295976877212524,0.0,0.0,0.02163454331457615,0.0,0.0,0.018563661724328995
126,True,0.0,0.0,0.09599088132381439,0.0,0.0,0.009140183217823505,0.0,0.0,0.06988733261823654,0.0,0.0,0.0043313167989254,0.0,0.0,0.26344823837280273,60.44968795776367,42.34368896484375,0.7647590041160583,0.0,0.0,0.28482115268707275,88.41085815429688,63.26597595214844,0.8881723880767822,0.0,0.0,0.49019110202789307,108.65399169921875,14.962127685546875,0.819425642490387,0.0,0.0,0.477838397026062,38.08612060546875,126.59351348876953,0.932333767414093,23.802318572998047,124.74433135986328,0.809749960899353,40.6119384765625,196.5361785888672,0.517645537853241,0.0,0.0,0.2735171914100647,0.0,0.0,0.04899861291050911,0.0,0.0,0.020005259662866592
127,True,0.0,0.0,0.05772655829787254,0.0,0.0,0.003416213905438781,0.0,0.0,0.04519972205162048,0.0,0.0,0.004239752423018217,0.0,0.0,0.3698938488960266,53.88661193847656,40.12150192260742,0.8195105195045471,47.192527770996094,40.60789108276367,0.6689187288284302,83.93964385986328,69.88619995117188,0.9168717265129089,85.03540802001953,70.7262191772461,0.8566984534263611,102.98722839355469,25.37635040283203,0.8698025345802307,106.61076354980469,24.185699462890625,0.7844042181968689,34.673912048339844,126.10525512695312,0.955539882183075,27.12209129333496,127.1654052734375,0.9142248034477234,0.0,0.0,0.26320698857307434,0.0,0.0,0.1680753082036972,0.0,0.0,0.009465299546718597,0.0,0.0,0.0053238836117088795
128,True,0.0,0.0,0.1374099999666214,0.0,0.0,0.0057864319533109665,0.0,0.0,0.168892964720726,0.0,0.0,0.0053213187493383884,58.78330612182617,35.787681579589844,0.6663708090782166,44.92131805419922,56.036102294921875,0.7532574534416199,49.874237060546875,57.42104721069336,0.9328819513320923,80.39495849609375,72.12566375732422,0.6755027174949646,81.49983978271484,75.59221649169922,0.9665519595146179,100.91423034667969,33.93669891357422,0.6779850721359253,103.22477722167969,34.567317962646484,0.9321469068527222,33.67934036254883,127.42710876464844,0.9522068500518799,36.42272186279297,128.9637908935547,0.9723495244979858,41.31832504272461,178.13351440429688,0.5136435031890869,47.29545593261719,183.6654815673828,0.6805050373077393,0.0,0.0,0.052999336272478104,0.0,0.0,0.07179585844278336
129,True,0.0,0.0,0.02421812154352665,0.0,0.0,0.0034515350125730038,0.0,0.0,0.011547889560461044,0.0,0.0,0.005744718015193939,0.0,0.0,0.0739627555012703,52.70930099487305,46.464256286621094,0.6673458814620972,0.0,0.0,0.1742277890443802,69.76982116699219,85.65309143066406,0.9107583165168762,0.0,0.0,0.47663965821266174,96.34611511230469,42.795310974121094,0.8701227307319641,91.58604431152344,41.33918762207031,0.5095590949058533,39.35435104370117,133.09169006347656,0.9102329611778259,24.02937889099121,132.290771484375,0.7350838780403137,0.0,0.0,0.296364426612854,0.0,0.0,0.11675088107585907,0.0,0.0,0.015484065748751163,0.0,0.0,0.006102708168327808
130,True,0.0,0.0,0.18877483904361725,0.0,0.0,0.0123634934425354,0.0,0.0,0.17412319779396057,0.0,0.0,0.001901627634651959,0.0,0.0,0.37740397453308105,44.84851837158203,44.87029266357422,0.6799291968345642,0.0,0.0,0.3202415406703949,64.54873657226562,86.51549530029297,0.8118733167648315,38.49966812133789,63.835044860839844,0.5353984832763672,97.85897064208984,52.871246337890625,0.8066591024398804,70.12031555175781,33.47564697265625,0.6266567707061768,32.20526885986328,138.05935668945312,0.8645520806312561,16.81078338623047,136.9763641357422,0.7212175130844116,0.0,0.0,0.3168833255767822,0.0,0.0,0.16850754618644714,0.0,0.0,0.021857552230358124,0.0,0.0,0.010258106514811516
131,True,0.0,0.0,0.20756593346595764,0.0,0.0,0.020165452733635902,0.0,0.0,0.20537148416042328,0.0,0.0,0.006292400415986776,0.0,0.0,0.3503507673740387,46.35661697387695,31.782928466796875,0.5190666913986206,0.0,0.0,0.4975118041038513,0.0,0.0,0.48015096783638,51.14023971557617,66.63771057128906,0.6243049502372742,0.0,0.0,0.45864811539649963,95.49310302734375,45.89118194580078,0.5553562045097351,30.773635864257812,128.7075958251953,0.7580233216285706,18.12230682373047,127.51010131835938,0.7314368486404419,0.0,0.0,0.24057826399803162,0.0,0.0,0.23216094076633453,0.0,0.0,0.023823099210858345,0.0,0.0,0.020181730389595032
132,True,0.0,0.0,0.20517316460609436,0.0,0.0,0.0186142660677433,0.0,0.0,0.1977185159921646,0.0,0.0,0.004062069579958916,0.0,0.0,0.34034907817840576,46.30928039550781,30.937538146972656,0.5255018472671509,0.0,0.0,0.4309101402759552,57.4075813293457,84.9389419555664,0.5478954911231995,35.694541931152344,51.54527282714844,0.5774030685424805,92.39329528808594,68.31755065917969,0.5328918695449829,72.18275451660156,35.09968566894531,0.559973955154419,33.176788330078125,129.57998657226562,0.7944582104682922,18.350311279296875,127.34225463867188,0.7417394518852234,0.0,0.0,0.2733098566532135,0.0,0.0,0.23183222115039825,0.0,0.0,0.026336994022130966,0.0,0.0,0.019821813330054283
133,True,0.0,0.0,0.0055603329092264175,0.0,0.0,0.0005352068110369146,0.0,0.0,0.004669821355491877,0.0,0.0,0.004443124867975712,0.0,0.0,0.06977653503417969,0.0,0.0,0.0866691917181015,0.0,0.0,0.35304388403892517,0.0,0.0,0.10967911779880524,59.74708557128906,79.45790100097656,0.700126051902771,0.0,0.0,0.15012036263942719,96.40962219238281,71.31266021728516,0.5751681327819824,19.549362182617188,120.68852233886719,0.5292422771453857,26.69878387451172,123.35565185546875,0.7106739282608032,0.0,0.0,0.14489568769931793,0.0,0.0,0.3003736436367035,0.0,0.0,0.018942363560199738,0.0,0.0,0.033503457903862
134,True,0.0,0.0,0.00031221075914800167,0.0,0.0,5.4461102990899235e-05,0.0,0.0,0.00025584196555428207,0.0,0.0,0.0024759231600910425,0.0,0.0,0.014489233493804932,0.0,0.0,0.006956963334232569,0.0,0.0,0.09186417609453201,0.0,0.0,0.017483195289969444,0.0,0.0,0.43144023418426514,0.0,0.0,0.02530774287879467,0.0,0.0,0.2740236818790436,0.0,0.0,0.4245738685131073,33.17332077026367,110.73399353027344,0.7296460270881653,0.0,0.0,0.11948323249816895,0.0,0.0,0.35745081305503845,0.0,0.0,0.023693567141890526,0.0,0.0,0.06171948462724686
135,False,0.0,0.0,0.0,0.0,0.0,0.0,0.0,0.0,0.0,0.0,0.0,0.0,0.0,0.0,0.0,0.0,0.0,0.0,0.0,0.0,0.0,0.0,0.0,0.0,0.0,0.0,0.0,0.0,0.0,0.0,0.0,0.0,0.0,0.0,0.0,0.0,0.0,0.0,0.0,0.0,0.0,0.0,0.0,0.0,0.0,0.0,0.0,0.0,0.0,0.0,0.0
136,True,64.26876831054688,32.095863342285156,0.6196296215057373,0.0,0.0,0.11141636967658997,60.214027404785156,22.491714477539062,0.5814023613929749,0.0,0.0,0.008021666668355465,0.0,0.0,0.3789970278739929,40.304359436035156,40.780853271484375,0.5396831631660461,0.0,0.0,0.3654414117336273,46.56194305419922,92.9884033203125,0.5524693131446838,0.0,0.0,0.4118742346763611,96.83599090576172,120.00453186035156,0.6762062907218933,95.26968383789062,123.80415344238281,0.5829976201057434,25.932899475097656,144.73580932617188,0.5700767040252686,0.0,0.0,0.41645053029060364,0.0,0.0,0.10647723823785782,0.0,0.0,0.06375075876712799,0.0,0.0,0.01121679786592722,0.0,0.0,0.00663264375180006
137,True,65.36068725585938,30.510475158691406,0.6832451820373535,0.0,0.0,0.16181600093841553,61.72783660888672,22.787338256835938,0.6056098341941833,0.0,0.0,0.011872807517647743,42.592857360839844,16.16529083251953,0.5165319442749023,48.18247985839844,48.365318298339844,0.8747369050979614,0.0,0.0,0.329409122467041,55.48638916015625,95.23789978027344,0.9015581011772156,0.0,0.0,0.2900540828704834,96.8712158203125,119.97815704345703,0.8910398483276367,0.0,0.0,0.45904824137687683,29.823577880859375,146.04042053222656,0.8199473023414612,0.0,0.0,0.4742427170276642,0.0,0.0,0.24333132803440094,0.0,0.0,0.06399430334568024,0.0,0.0,0.019698960706591606,0.0,0.0,0.005689558573067188
138,True,0.0,0.0,0.011455846019089222,0.0,0.0,0.0010909276315942407,0.0,0.0,0.00403160834684968,0.0,0.0,0.005306398030370474,0.0,0.0,0.029648594558238983,0.0,0.0,0.4592830240726471,0.0,0.0,0.3008077144622803,53.64165496826172,88.02445220947266,0.8129708766937256,45.91748046875,95.79093933105469,0.7134519219398499,94.31341552734375,121.61137390136719,0.8383470773696899,95.08438110351562,130.56666564941406,0.7486287951469421,21.330238342285156,139.36013793945312,0.8349080681800842,15.827220916748047,141.35218811035156,0.730999231338501,0.0,0.0,0.12182494252920151,0.0,0.0,0.08161591738462448,0.0,0.0,0.004682902712374926,0.0,0.0,0.0031787084881216288
139,True,65.75567626953125,23.67095947265625,0.6564050316810608,0.0,0.0,0.09495656192302704,62.303672790527344,16.06678009033203,0.5928654670715332,0.0,0.0,0.007939135655760765,0.0,0.0,0.4969356060028076,44.5545539855957,39.104591369628906,0.7665889859199524,22.572277069091797,41.80659484863281,0.6512985229492188,53.36954116821289,91.0329818725586,0.8363064527511597,27.36288833618164,110.87248229980469,0.7634029984474182,93.45559692382812,122.26554870605469,0.8889483213424683,92.33622741699219,134.83834838867188,0.8469552993774414,23.884273529052734,148.82269287109375,0.7537292242050171,8.149238586425781,152.60719299316406,0.6150202751159668,0.0,0.0,0.07567746937274933,0.0,0.0,0.04514344409108162,0.0,0.0,0.0032609072513878345,0.0,0.0,0.0018919664435088634
140,True,0.0,0.0,0.0369403176009655,0.0,0.0,0.00230354443192482,0.0,0.0,0.01809551753103733,0.0,0.0,0.002764224773272872,0.0,0.0,0.057500436902046204,0.0,0.0,0.44495147466659546,0.0,0.0,0.43014082312583923,52.342796325683594,87.3455581665039,0.8128714561462402,30.693103790283203,102.32400512695312,0.834445595741272,90.19131469726562,122.42683410644531,0.88648921251297,87.92851257324219,136.12771606445312,0.8872177004814148,21.41802215576172,138.61302185058594,0.80263352394104,10.683868408203125,142.6537628173828,0.7307974696159363,0.0,0.0,0.10119309276342392,0.0,0.0,0.08163485676050186,0.0,0.0,0.0038363428320735693,0.0,0.0,0.002889080671593547
141,True,68.1042709350586,15.740219116210938,0.5154744982719421,0.0,0.0,0.07371964305639267,0.0,0.0,0.379886656999588,0.0,0.0,0.010374004952609539,0.0,0.0,0.3351087272167206,48.919883728027344,34.335182189941406,0.7884104251861572,28.509973526000977,34.30467224121094,0.5625913739204407,51.60645294189453,90.38946533203125,0.8782734274864197,30.021020889282227,101.9701919555664,0.6878764033317566,91.35416412353516,123.6958236694336,0.910901665687561,87.45601654052734,134.8963165283203,0.802259087562561,24.300270080566406,141.10671997070312,0.8110941052436829,9.722511291503906,143.88404846191406,0.6360162496566772,0.0,0.0,0.13030506670475006,0.0,0.0,0.06375440210103989,0.0,0.0,0.0062101236544549465,0.0,0.0,0.0030937441624701023
142,True,0.0,0.0,0.053092800080776215,0.0,0.0,0.002939168829470873,0.0,0.0,0.03144250810146332,0.0,0.0,0.0017100810073316097,0.0,0.0,0.06588630378246307,0.0,0.0,0.2934732437133789,0.0,0.0,0.3410709798336029,48.76963424682617,85.62135314941406,0.703558087348938,28.35662841796875,101.66075897216797,0.7861269116401672,87.81752014160156,121.92761993408203,0.8451746106147766,86.8840560913086,135.64210510253906,0.8720358610153198,22.917076110839844,144.2589111328125,0.6658141016960144,11.419380187988281,148.5682830810547,0.598574697971344,0.0,0.0,0.048061612993478775,0.0,0.0,0.04053090140223503,0.0,0.0,0.0019196586217731237,0.0,0.0,0.0014810184948146343
143,True,0.0,0.0,0.38189515471458435,0.0,0.0,0.03626949340105057,0.0,0.0,0.31747516989707947,0.0,0.0,0.0035132174380123615,0.0,0.0,0.26131102442741394,0.0,0.0,0.46495679020881653,0.0,0.0,0.4209703803062439,48.71746826171875,89.84674072265625,0.6534412503242493,20.686033248901367,101.6787109375,0.6662237048149109,89.53326416015625,120.3564224243164,0.813830554485321,89.8377685546875,134.9240264892578,0.8172469735145569,25.44335174560547,143.9259796142578,0.6491287350654602,9.264347076416016,147.26097106933594,0.5414295196533203,0.0,0.0,0.07193318009376526,0.0,0.0,0.05144975334405899,0.0,0.0,0.0039634257555007935,0.0,0.0,0.0026451649609953165
144,False,0.0,0.0,0.0,0.0,0.0,0.0,0.0,0.0,0.0,0.0,0.0,0.0,0.0,0.0,0.0,0.0,0.0,0.0,0.0,0.0,0.0,0.0,0.0,0.0,0.0,0.0,0.0,0.0,0.0,0.0,0.0,0.0,0.0,0.0,0.0,0.0,0.0,0.0,0.0,0.0,0.0,0.0,0.0,0.0,0.0,0.0,0.0,0.0,0.0,0.0,0.0
145,True,0.0,0.0,0.22559767961502075,0.0,0.0,0.018667833879590034,0.0,0.0,0.22461922466754913,0.0,0.0,0.0074135963805019855,0.0,0.0,0.4783271551132202,51.035804748535156,35.08808898925781,0.6149795055389404,37.110164642333984,34.144073486328125,0.5736214518547058,54.26129150390625,88.04313659667969,0.652605414390564,47.63956069946289,90.57510375976562,0.679182767868042,93.70042419433594,123.59725952148438,0.6907850503921509,96.70465087890625,127.1097412109375,0.694381594657898,31.63079833984375,138.771240234375,0.6673135161399841,21.26968765258789,140.1880340576172,0.5828548669815063,0.0,0.0,0.2055141180753708,0.0,0.0,0.15605393052101135,0.0,0.0,0.02465391531586647,0.0,0.0,0.016968391835689545
146,True,0.0,0.0,0.27238729596138,0.0,0.0,0.0255384873598814,0.0,0.0,0.27647167444229126,0.0,0.0,0.0057024722918868065,51.13946533203125,13.69366455078125,0.5471897721290588,50.48350524902344,42.937652587890625,0.6918889284133911,0.0,0.0,0.3909602761268616,55.824092864990234,91.12965393066406,0.7265701293945312,0.0,0.0,0.45862820744514465,93.93084716796875,123.63245391845703,0.720073401927948,95.69835662841797,126.3025894165039,0.5189365148544312,27.166961669921875,137.62118530273438,0.7475918531417847,16.312538146972656,138.798828125,0.5475434064865112,0.0,0.0,0.18036353588104248,0.0,0.0,0.08801097422838211,0.0,0.0,0.015743574127554893,0.0,0.0,0.007376250345259905
147,True,69.16546630859375,30.619827270507812,0.7843433618545532,0.0,0.0,0.15942950546741486,65.43804931640625,23.84777069091797,0.8435884118080139,0.0,0.0,0.007891715504229069,46.15290832519531,16.482559204101562,0.8374457955360413,46.760093688964844,41.902076721191406,0.7764651775360107,30.833099365234375,37.08869171142578,0.6166244149208069,54.78757095336914,87.99778747558594,0.6234838962554932,51.45336151123047,83.84687805175781,0.5139787793159485,91.17109680175781,122.90116882324219,0.6597923636436462,93.79450988769531,125.58855438232422,0.582320511341095,26.55429458618164,121.88593292236328,0.7124550938606262,15.36395263671875,121.81848907470703,0.573987603187561,0.0,0.0,0.2974817156791687,0.0,0.0,0.19045989215373993,0.0,0.0,0.03980683907866478,0.0,0.0,0.021827874705195427
148,True,69.55570983886719,28.73694610595703,0.7813908457756042,0.0,0.0,0.2186460793018341,66.44590759277344,21.34967803955078,0.793159008026123,0.0,0.0,0.014016352593898773,48.30204772949219,13.041488647460938,0.7447208166122437,48.92876052856445,42.348655700683594,0.8233487606048584,0.0,0.0,0.475422739982605,55.1380615234375,90.44165802001953,0.7427892088890076,0.0,0.0,0.3378658592700958,91.96969604492188,123.72515869140625,0.7466680407524109,0.0,0.0,0.4454507827758789,29.12370491027832,126.73188781738281,0.7463447451591492,15.033863067626953,127.01277160644531,0.5011566877365112,0.0,0.0,0.311808317899704,0.0,0.0,0.1378077268600464,0.0,0.0,0.038813646882772446,0.0,0.0,0.015821682289242744
149,True,0.0,0.0,0.11673003435134888,0.0,0.0,0.010427313856780529,0.0,0.0,0.11031537503004074,0.0,0.0,0.006457197479903698,0.0,0.0,0.30601805448532104,50.65683364868164,29.800064086914062,0.5107834339141846,0.0,0.0,0.39992380142211914,54.18170166015625,87.89224243164062,0.5962794423103333,53.68253707885742,87.3204116821289,0.5543314218521118,91.69862365722656,123.25916290283203,0.6416979432106018,93.9351806640625,126.4990463256836,0.5874215960502625,25.18618392944336,117.94654846191406,0.7423497438430786,17.502464294433594,118.71180725097656,0.6399681568145752,0.0,0.0,0.25329557061195374,0.0,0.0,0.18357180058956146,0.0,0.0,0.024658402428030968,0.0,0.0,0.01600726880133152
150,True,69.91415405273438,31.083267211914062,0.8928398489952087,0.0,0.0,0.4342501759529114,63.557525634765625,23.241180419921875,0.8914359211921692,0.0,0.0,0.013578143902122974,40.70170593261719,19.00640106201172,0.7976776361465454,52.67936706542969,49.84142303466797,0.8989047408103943,0.0,0.0,0.29251763224601746,58.191314697265625,93.73729705810547,0.8463916778564453,0.0,0.0,0.13063913583755493,92.13751220703125,123.74876403808594,0.8309602737426758,0.0,0.0,0.2705100178718567,32.85003662109375,128.14437866210938,0.8114261627197266,0.0,0.0,0.41951748728752136,0.0,0.0,0.46536561846733093,0.0,0.0,0.12787334620952606,0.0,0.0,0.07195334136486053,0.0,0.0,0.01769697293639183
151,True,71.37338256835938,34.472900390625,0.9219518899917603,0.0,0.0,0.45336005091667175,65.71769714355469,26.67400360107422,0.9337347149848938,0.0,0.0,0.01341343019157648,42.95146942138672,21.257781982421875,0.8725988864898682,52.42129898071289,50.080406188964844,0.9021952748298645,0.0,0.0,0.4633166790008545,59.089019775390625,92.55122375488281,0.8076124787330627,0.0,0.0,0.23693452775478363,91.61680603027344,123.25424194335938,0.8044866323471069,0.0,0.0,0.38396450877189636,31.873695373535156,122.96919250488281,0.7975766658782959,0.0,0.0,0.4877331256866455,0.0,0.0,0.46592098474502563,0.0,0.0,0.17230553925037384,0.0,0.0,0.073079414665699,0.0,0.0,0.02268585003912449
152,True,70.51502227783203,32.01264190673828,0.8683156967163086,0.0,0.0,0.4137626886367798,65.51913452148438,24.380271911621094,0.8530454039573669,0.0,0.0,0.01886529102921486,45.19597625732422,18.365020751953125,0.7419666647911072,54.18143081665039,49.00279998779297,0.902644157409668,0.0,0.0,0.3178650140762329,57.37347412109375,92.81619262695312,0.859065055847168,0.0,0.0,0.14918427169322968,92.30144500732422,123.29522705078125,0.8431284427642822,0.0,0.0,0.29062700271606445,33.066043853759766,124.36178588867188,0.8241892457008362,0.0,0.0,0.4498550295829773,39.51138687133789,195.49591064453125,0.5061251521110535,0.0,0.0,0.1526622772216797,0.0,0.0,0.08200494199991226,0.0,0.0,0.02123543620109558
153,True,70.86964416503906,33.567054748535156,0.8919631838798523,0.0,0.0,0.4202791154384613,65.24076843261719,25.579345703125,0.9001057147979736,0.0,0.0,0.014738206751644611,44.04838943481445,18.978469848632812,0.7982097268104553,52.798580169677734,47.044677734375,0.8484949469566345,0.0,0.0,0.3423839509487152,56.48133087158203,91.64700317382812,0.7496404647827148,0.0,0.0,0.17663143575191498,91.73828125,122.6619644165039,0.763576090335846,0.0,0.0,0.3208472728729248,31.7347412109375,124.23149108886719,0.7597320079803467,0.0,0.0,0.43439197540283203,0.0,0.0,0.4053482711315155,0.0,0.0,0.14301198720932007,0.0,0.0,0.05880872160196304,0.0,0.0,0.018690427765250206
154,True,70.87422180175781,33.896759033203125,0.9103519916534424,0.0,0.0,0.4106867015361786,64.84098052978516,26.17241668701172,0.9271994233131409,0.0,0.0,0.01105210930109024,41.852081298828125,20.87762451171875,0.86166912317276,51.83289337158203,47.979217529296875,0.8609340190887451,0.0,0.0,0.40818077325820923,58.065650939941406,92.29064178466797,0.7466517686843872,0.0,0.0,0.21756765246391296,92.26319122314453,122.87703704833984,0.7595080733299255,0.0,0.0,0.36428970098495483,32.08794021606445,124.41134643554688,0.7628210186958313,0.0,0.0,0.4594334661960602,0.0,0.0,0.4085007905960083,0.0,0.0,0.15303386747837067,0.0,0.0,0.06128091365098953,0.0,0.0,0.020092612132430077
155,True,0.0,0.0,0.09276411682367325,0.0,0.0,0.00851487647742033,0.0,0.0,0.09440792351961136,0.0,0.0,0.008810576051473618,0.0,0.0,0.3262624740600586,0.0,0.0,0.41902366280555725,44.1505012512207,30.257217407226562,0.5796480178833008,0.0,0.0,0.42873769998550415,57.67133331298828,88.16941833496094,0.7418310642242432,91.51065063476562,123.048828125,0.5095308423042297,95.09786987304688,125.79107666015625,0.7061113715171814,25.75444793701172,116.13646697998047,0.7618279457092285,19.998554229736328,116.94474792480469,0.7792184352874756,0.0,0.0,0.2748343348503113,0.0,0.0,0.3129517436027527,0.0,0.0,0.027047032490372658,0.0,0.0,0.0269685797393322
156,True,0.0,0.0,0.10485778003931046,0.0,0.0,0.01065664179623127,0.0,0.0,0.08436451852321625,0.0,0.0,0.004551907069981098,0.0,0.0,0.17911465466022491,0.0,0.0,0.4496571719646454,0.0,0.0,0.25416332483291626,53.77021408081055,85.17289733886719,0.6528591513633728,0.0,0.0,0.4689723551273346,91.78533935546875,122.50214385986328,0.7257504463195801,92.59321594238281,124.1939697265625,0.5859767198562622,29.22386932373047,119.87928771972656,0.8080264329910278,14.594226837158203,119.86345672607422,0.6756216883659363,0.0,0.0,0.3075319230556488,0.0,0.0,0.19032344222068787,0.0,0.0,0.027358967810869217,0.0,0.0,0.015372022986412048
157,True,0.0,0.0,0.15401524305343628,0.0,0.0,0.012050775811076164,0.0,0.0,0.17400209605693817,0.0,0.0,0.004387195222079754,0.0,0.0,0.38397401571273804,0.0,0.0,0.39016854763031006,0.0,0.0,0.4622722268104553,0.0,0.0,0.4438146948814392,53.38652420043945,85.64398956298828,0.661203920841217,91.52515411376953,121.15437316894531,0.5607777237892151,94.45112609863281,124.10750579833984,0.6927069425582886,27.016193389892578,119.7122802734375,0.7361178994178772,17.208209991455078,120.54853057861328,0.7172752618789673,0.0,0.0,0.24347850680351257,0.0,0.0,0.23794947564601898,0.0,0.0,0.023220818489789963,0.0,0.0,0.019442850723862648
158,True,66.22008514404297,21.310699462890625,0.5228467583656311,0.0,0.0,0.07323960959911346,62.14651870727539,14.856246948242188,0.5751180052757263,0.0,0.0,0.008080552332103252,45.924957275390625,10.822189331054688,0.6816702485084534,48.970115661621094,38.85694122314453,0.7146265506744385,30.49524688720703,34.20277404785156,0.5017215609550476,55.88051223754883,88.42261505126953,0.6361240148544312,0.0,0.0,0.48026883602142334,91.51318359375,119.9773178100586,0.6447767019271851,93.42381286621094,122.59269714355469,0.5272843837738037,28.603607177734375,121.035888671875,0.7731602191925049,15.233051300048828,121.15806579589844,0.6353195309638977,0.0,0.0,0.33380526304244995,0.0,0.0,0.21029263734817505,0.0,0.0,0.04176094010472298,0.0,0.0,0.022680891677737236
159,True,64.26899719238281,23.4844970703125,0.6571161150932312,0.0,0.0,0.12963959574699402,60.03813934326172,17.152076721191406,0.7126789689064026,0.0,0.0,0.01016401406377554,42.91172790527344,14.980445861816406,0.7608106136322021,47.25743103027344,43.341339111328125,0.7489309906959534,0.0,0.0,0.481122761964798,57.1204948425293,89.88616943359375,0.6074888110160828,0.0,0.0,0.3692117929458618,90.26476287841797,116.861083984375,0.5923709869384766,0.0,0.0,0.4168331027030945,29.296876907348633,120.44789123535156,0.7731813788414001,14.719341278076172,120.6134033203125,0.6096394062042236,0.0,0.0,0.39778485894203186,0.0,0.0,0.23585283756256104,0.0,0.0,0.0625724270939827,0.0,0.0,0.0313885323703289
160,True,0.0,0.0,0.08235129714012146,0.0,0.0,0.00948942732065916,0.0,0.0,0.0584103986620903,0.0,0.0,0.003680130932480097,0.0,0.0,0.1843508929014206,52.53660583496094,31.409530639648438,0.5903462767601013,0.0,0.0,0.13308662176132202,51.62150573730469,87.69190979003906,0.8032404780387878,0.0,0.0,0.2587585747241974,89.28340911865234,113.79702758789062,0.8166118860244751,0.0,0.0,0.4296719431877136,30.939851760864258,121.01528930664062,0.8321199417114258,14.135005950927734,120.88298034667969,0.5601260662078857,0.0,0.0,0.40598079562187195,0.0,0.0,0.16080215573310852,0.0,0.0,0.04347523674368858,0.0,0.0,0.015553896315395832
161,True,62.11723327636719,27.301727294921875,0.6117203235626221,0.0,0.0,0.08851319551467896,59.04405975341797,21.504608154296875,0.70054030418396,0.0,0.0,0.010639728978276253,44.189781188964844,17.87964630126953,0.8031984567642212,42.03133773803711,43.36663818359375,0.7194114327430725,30.253080368041992,41.3509521484375,0.6914458274841309,50.64469909667969,88.56429290771484,0.533425509929657,48.562599182128906,87.16312408447266,0.6413152813911438,88.85968017578125,112.77180480957031,0.5544695854187012,92.49974060058594,115.37799072265625,0.6322210431098938,26.328014373779297,119.34889221191406,0.7303690910339355,17.446918487548828,120.64186096191406,0.6785402894020081,0.0,0.0,0.31764280796051025,0.0,0.0,0.2717249095439911,0.0,0.0,0.04427378624677658,0.0,0.0,0.031963929533958435
162,True,0.0,0.0,0.1238403171300888,0.0,0.0,0.006916440092027187,0.0,0.0,0.19863304495811462,0.0,0.0,0.0030015537049621344,44.47932052612305,9.185943603515625,0.5118476152420044,0.0,0.0,0.22906771302223206,33.302398681640625,29.344558715820312,0.5883801579475403,0.0,0.0,0.1699812263250351,47.214088439941406,82.93559265136719,0.7588430047035217,0.0,0.0,0.26529234647750854,88.26699829101562,113.42156219482422,0.7255987524986267,21.66512680053711,119.42427062988281,0.5188642144203186,19.321388244628906,121.4542465209961,0.6683712005615234,0.0,0.0,0.16000592708587646,0.0,0.0,0.273629754781723,0.0,0.0,0.022414185106754303,0.0,0.0,0.03056616708636284
163,True,0.0,0.0,0.00407087616622448,0.0,0.0,0.00029192422516644,0.0,0.0,0.004424471873790026,0.0,0.0,0.0013855411671102047,0.0,0.0,0.053157538175582886,0.0,0.0,0.02333192154765129,0.0,0.0,0.23768006265163422,0.0,0.0,0.038878437131643295,46.70703887939453,69.51091766357422,0.7139119505882263,0.0,0.0,0.09735127538442612,94.72364807128906,113.81218719482422,0.6710578799247742,0.0,0.0,0.36308932304382324,20.286483764648438,116.1418685913086,0.6569182276725769,0.0,0.0,0.09545572102069855,0.0,0.0,0.28857263922691345,0.0,0.0,0.013864437118172646,0.0,0.0,0.032268986105918884
164,True,0.0,0.0,0.001814729650504887,0.0,0.0,0.00044810009421780705,0.0,0.0,0.00154493295121938,0.0,0.0,0.008242538198828697,0.0,0.0,0.03697285056114197,0.0,0.0,0.022931747138500214,0.0,0.0,0.11865260452032089,0.0,0.0,0.021723730489611626,0.0,0.0,0.23457053303718567,0.0,0.0,0.01894177868962288,0.0,0.0,0.11340942233800888,14.820090293884277,116.93305969238281,0.6119364500045776,24.179210662841797,116.20855712890625,0.7743261456489563,0.0,0.0,0.20593780279159546,0.0,0.0,0.3791789710521698,0.0,0.0,0.044675711542367935,0.0,0.0,0.07803495973348618
165,True,0.0,0.0,0.0029853270389139652,0.0,0.0,0.00028511506388895214,0.0,0.0,0.004119865596294403,0.0,0.0,0.002457384020090103,0.0,0.0,0.08621599525213242,0.0,0.0,0.014666120521724224,0.0,0.0,0.3706596791744232,0.0,0.0,0.014218688942492008,48.750389099121094,47.85388946533203,0.737724781036377,0.0,0.0,0.0250028558075428,56.97545623779297,60.14617156982422,0.5325862169265747,0.0,0.0,0.4279996454715729,21.987199783325195,112.09437561035156,0.8165857791900635,0.0,0.0,0.16119997203350067,24.38812828063965,200.40182495117188,0.5530533790588379,0.0,0.0,0.038262445479631424,0.0,0.0,0.12375705689191818
166,True,0.0,0.0,0.41867300868034363,0.0,0.0,0.034569039940834045,53.53462219238281,31.605491638183594,0.6338706016540527,0.0,0.0,0.0042245048098266125,38.84661865234375,21.635292053222656,0.656131386756897,0.0,0.0,0.10234369337558746,25.528400421142578,37.67572784423828,0.7032305002212524,0.0,0.0,0.027744024991989136,33.08678436279297,76.68156433105469,0.7371187806129456,0.0,0.0,0.07595735043287277,73.31394958496094,102.55644989013672,0.7041186690330505,0.0,0.0,0.3717970848083496,11.045398712158203,121.31158447265625,0.7057371735572815,0.0,0.0,0.16744530200958252,0.0,0.0,0.45239678025245667,0.0,0.0,0.03764859214425087,0.0,0.0,0.08281705528497696
167,True,52.944190979003906,33.78870391845703,0.7946811318397522,0.0,0.0,0.25076210498809814,48.85204315185547,23.94287109375,0.8610929250717163,0.0,0.0,0.01167616993188858,30.768596649169922,13.438995361328125,0.7219699621200562,0.0,0.0,0.4084022641181946,0.0,0.0,0.4601597785949707,0.0,0.0,0.17985303699970245,0.0,0.0,0.328014075756073,0.0,0.0,0.30874043703079224,0.0,0.0,0.4477357268333435,0.0,0.0,0.37745437026023865,0.0,0.0,0.3700040578842163,0.0,0.0,0.2134156972169876,0.0,0.0,0.21092002093791962,0.0,0.0,0.04509701952338219,0.0,0.0,0.038162168115377426
168,True,0.0,0.0,0.35878607630729675,0.0,0.0,0.030747540295124054,45.538047790527344,33.38788604736328,0.5480117797851562,0.0,0.0,0.0029680763836950064,28.04769515991211,31.123977661132812,0.7082692980766296,0.0,0.0,0.24791905283927917,0.0,0.0,0.4924408197402954,0.0,0.0,0.15361657738685608,22.748619079589844,85.7932357788086,0.5637291669845581,0.0,0.0,0.25515124201774597,65.857177734375,94.57382202148438,0.6089972257614136,0.0,0.0,0.48663538694381714,8.676380157470703,125.01677703857422,0.5789616107940674,0.0,0.0,0.36282259225845337,0.0,0.0,0.44648444652557373,0.0,0.0,0.104110948741436,0.0,0.0,0.10899356752634048
169,True,0.0,0.0,0.3439311683177948,0.0,0.0,0.04989399388432503,0.0,0.0,0.42951780557632446,0.0,0.0,0.006342328153550625,0.0,0.0,0.48881083726882935,0.0,0.0,0.26048001646995544,0.0,0.0,0.2778264284133911,0.0,0.0,0.200038343667984,0.0,0.0,0.33874768018722534,0.0,0.0,0.3281257748603821,0.0,0.0,0.47497573494911194,0.0,0.0,0.396781861782074,0.0,0.0,0.3892991542816162,0.0,0.0,0.2822158932685852,0.0,0.0,0.2768860161304474,0.0,0.0,0.08157177269458771,0.0,0.0,0.07004877179861069
170,True,0.0,0.0,0.3785536587238312,0.0,0.0,0.09788252413272858,0.0,0.0,0.3621246814727783,0.0,0.0,0.01746836118400097,0.0,0.0,0.2972372770309448,0.0,0.0,0.29520100355148315,0.0,0.0,0.19072704017162323,0.0,0.0,0.2061031460762024,0.0,0.0,0.16738316416740417,0.0,0.0,0.3151337504386902,0.0,0.0,0.2886652946472168,0.0,0.0,0.33564430475234985,0.0,0.0,0.2646482288837433,0.0,0.0,0.2795764207839966,0.0,0.0,0.21970638632774353,0.0,0.0,0.09437759965658188,0.0,0.0,0.07072820514440536
171,True,0.0,0.0,0.10297438502311707,0.0,0.0,0.02027396485209465,0.0,0.0,0.11388224363327026,0.0,0.0,0.0179084874689579,0.0,0.0,0.2636510729789734,0.0,0.0,0.11204460263252258,0.0,0.0,0.29947879910469055,0.0,0.0,0.06314537674188614,0.0,0.0,0.2920718789100647,0.0,0.0,0.10401579737663269,0.0,0.0,0.31340762972831726,0.0,0.0,0.35059070587158203,0.0,0.0,0.4679136574268341,0.0,0.0,0.2066313475370407,0.0,0.0,0.30049532651901245,0.0,0.0,0.06179733946919441,0.0,0.0,0.08070585131645203
172,True,0.0,0.0,0.38580408692359924,0.0,0.0,0.07631886005401611,0.0,0.0,0.44751831889152527,0.0,0.0,0.011609234847128391,0.0,0.0,0.44377651810646057,0.0,0.0,0.2337932139635086,0.0,0.0,0.41849949955940247,0.0,0.0,0.11758001893758774,0.0,0.0,0.3913666009902954,0.0,0.0,0.1770794689655304,0.0,0.0,0.4450025260448456,18.17528533935547,125.96949768066406,0.5567406415939331,11.75760269165039,128.6481475830078,0.6418670415878296,0.0,0.0,0.32414302229881287,0.0,0.0,0.4100881814956665,0.0,0.0,0.09939734637737274,0.0,0.0,0.11387506872415543
173,True,50.41654586791992,36.52049255371094,0.5504284501075745,0.0,0.0,0.10246807336807251,45.00255584716797,22.204383850097656,0.7467795610427856,0.0,0.0,0.003922994714230299,21.712268829345703,16.5572509765625,0.6427211165428162,0.0,0.0,0.04631497710943222,0.0,0.0,0.11043179780244827,0.0,0.0,0.011045464314520359,0.0,0.0,0.05539360269904137,0.0,0.0,0.03503146395087242,0.0,0.0,0.12571176886558533,0.0,0.0,0.09361360967159271,0.0,0.0,0.1317821741104126,0.0,0.0,0.0790083184838295,0.0,0.0,0.10714467614889145,0.0,0.0,0.03098473511636257,0.0,0.0,0.03409985452890396
174,True,0.0,0.0,0.4504649043083191,0.0,0.0,0.06980343908071518,44.70743942260742,26.682403564453125,0.5857125520706177,0.0,0.0,0.004447395913302898,22.751304626464844,21.993064880371094,0.5355507731437683,0.0,0.0,0.09323591738939285,0.0,0.0,0.12672138214111328,0.0,0.0,0.04021241143345833,0.0,0.0,0.08123046159744263,0.0,0.0,0.10004910081624985,0.0,0.0,0.18692466616630554,0.0,0.0,0.14757020771503448,0.0,0.0,0.15309248864650726,0.0,0.0,0.10050195455551147,0.0,0.0,0.10091526806354523,0.0,0.0,0.029321063309907913,0.0,0.0,0.026001615449786186
175,True,49.34077072143555,34.321136474609375,0.601891815662384,0.0,0.0,0.1329304277896881,47.62504959106445,22.352439880371094,0.6913253664970398,0.0,0.0,0.011904853396117687,0.0,0.0,0.3374035656452179,0.0,0.0,0.08401389420032501,0.0,0.0,0.13063660264015198,0.0,0.0,0.02480466477572918,0.0,0.0,0.10063139349222183,0.0,0.0,0.06834447383880615,0.0,0.0,0.16255944967269897,0.0,0.0,0.1219620481133461,0.0,0.0,0.15808114409446716,0.0,0.0,0.08717093616724014,0.0,0.0,0.1317911148071289,0.0,0.0,0.028116917237639427,0.0,0.0,0.03432935103774071
176,True,0.0,0.0,0.22096170485019684,0.0,0.0,0.03822179138660431,0.0,0.0,0.28584936261177063,0.0,0.0,0.008670909330248833,0.0,0.0,0.4448748826980591,0.0,0.0,0.1286441832780838,0.0,0.0,0.10271306335926056,0.0,0.0,0.04287887364625931,0.0,0.0,0.035419777035713196,0.0,0.0,0.08579608798027039,0.0,0.0,0.08582139015197754,0.0,0.0,0.11015665531158447,0.0,0.0,0.08157384395599365,0.0,0.0,0.12753580510616302,0.0,0.0,0.09270110726356506,0.0,0.0,0.03865022584795952,0.0,0.0,0.02752855233848095
177,True,0.0,0.0,0.4782833456993103,0.0,0.0,0.07776717841625214,42.1376953125,31.079925537109375,0.6087570786476135,0.0,0.0,0.004856873769313097,24.157629013061523,28.41132354736328,0.5738387107849121,0.0,0.0,0.12716691195964813,0.0,0.0,0.2145308405160904,0.0,0.0,0.07317482680082321,0.0,0.0,0.1896393895149231,0.0,0.0,0.11823520064353943,0.0,0.0,0.257743775844574,0.0,0.0,0.2576902508735657,0.0,0.0,0.2930808365345001,0.0,0.0,0.13070248067378998,0.0,0.0,0.15236492455005646,0.0,0.0,0.03817734494805336,0.0,0.0,0.038137540221214294
178,True,0.0,0.0,0.17301759123802185,0.0,0.0,0.02892421744763851,0.0,0.0,0.24774517118930817,0.0,0.0,0.016811281442642212,0.0,0.0,0.41355016827583313,0.0,0.0,0.073124960064888,0.0,0.0,0.1680942177772522,0.0,0.0,0.010895404033362865,0.0,0.0,0.04948538914322853,0.0,0.0,0.04356865584850311,0.0,0.0,0.1274438053369522,0.0,0.0,0.058855872601270676,0.0,0.0,0.08308255672454834,0.0,0.0,0.07980155944824219,0.0,0.0,0.11390727013349533,0.0,0.0,0.026737522333860397,0.0,0.0,0.03302387148141861
179,True,0.0,0.0,0.39196476340293884,0.0,0.0,0.13562071323394775,0.0,0.0,0.3161777853965759,0.0,0.0,0.03466516360640526,0.0,0.0,0.18570153415203094,0.0,0.0,0.1698058694601059,0.0,0.0,0.22204162180423737,0.0,0.0,0.036258209496736526,0.0,0.0,0.07303658127784729,0.0,0.0,0.0604240782558918,0.0,0.0,0.10393765568733215,0.0,0.0,0.02479659765958786,0.0,0.0,0.028341827914118767,0.0,0.0,0.024806002154946327,0.0,0.0,0.029308989644050598,0.0,0.0,0.016788309440016747,0.0,0.0,0.018693961203098297
180,True,25.97784423828125,79.3829345703125,0.6583917737007141,0.0,0.0,0.15448534488677979,20.489803314208984,70.55292510986328,0.7350600361824036,0.0,0.0,0.012911537662148476,4.653119087219238,71.62994384765625,0.5914654731750488,0.0,0.0,0.15595783293247223,15.461067199707031,118.18955993652344,0.5574817061424255,0.0,0.0,0.019572630524635315,0.0,0.0,0.35333189368247986,0.0,0.0,0.03415624052286148,0.0,0.0,0.31719300150871277,0.0,0.0,0.00942580308765173,0.0,0.0,0.02716425247490406,0.0,0.0,0.007004392333328724,0.0,0.0,0.021645091474056244,0.0,0.0,0.008087193593382835,0.0,0.0,0.016852788627147675
181,True,0.0,0.0,0.07421377301216125,0.0,0.0,0.010047093033790588,0.0,0.0,0.08185788989067078,0.0,0.0,0.023492481559515,0.0,0.0,0.33644795417785645,0.0,0.0,0.16901935636997223,13.733875274658203,113.08198547363281,0.7195426821708679,0.0,0.0,0.02827136591076851,29.5268611907959,191.72216796875,0.5364210605621338,0.0,0.0,0.022028185427188873,0.0,0.0,0.2605198919773102,0.0,0.0,0.026659155264496803,0.0,0.0,0.08883368223905563,0.0,0.0,0.008232250809669495,0.0,0.0,0.029846420511603355,0.0,0.0,0.006739988457411528,0.0,0.0,0.016330618411302567
182,True,16.739830017089844,80.92057800292969,0.5107842683792114,0.0,0.0,0.21229812502861023,0.0,0.0,0.4175875782966614,0.0,0.0,0.040337760001420975,0.0,0.0,0.25452089309692383,0.0,0.0,0.3257749676704407,0.0,0.0,0.2998349368572235,0.0,0.0,0.11875706911087036,0.0,0.0,0.15870192646980286,0.0,0.0,0.11431422084569931,0.0,0.0,0.15551599860191345,0.0,0.0,0.08254832774400711,0.0,0.0,0.08426028490066528,0.0,0.0,0.04424963891506195,0.0,0.0,0.045657508075237274,0.0,0.0,0.024180850014090538,0.0,0.0,0.023862045258283615
183,True,0.0,0.0,0.2025292068719864,0.0,0.0,0.05028461292386055,0.0,0.0,0.17970183491706848,0.0,0.0,0.03386121988296509,0.0,0.0,0.254120409488678,0.0,0.0,0.22321340441703796,0.0,0.0,0.4838860034942627,0.0,0.0,0.07706017792224884,0.0,0.0,0.3513910472393036,0.0,0.0,0.06907492876052856,0.0,0.0,0.23769789934158325,0.0,0.0,0.08319321274757385,0.0,0.0,0.14161698520183563,0.0,0.0,0.02499840222299099,0.0,0.0,0.04472261294722557,0.0,0.0,0.01279439777135849,0.0,0.0,0.01877227984368801
184,True,0.0,0.0,0.1274765431880951,0.0,0.0,0.04642171412706375,0.0,0.0,0.06520016491413116,0.0,0.0,0.019769961014389992,0.0,0.0,0.025429613888263702,0.0,0.0,0.17908883094787598,0.0,0.0,0.017708655446767807,0.0,0.0,0.3386642634868622,0.0,0.0,0.0439671091735363,97.6099624633789,11.048431396484375,0.5081281065940857,0.0,0.0,0.1363937109708786,0.0,0.0,0.43796420097351074,0.0,0.0,0.1994781643152237,0.0,0.0,0.13736137747764587,0.0,0.0,0.05831870436668396,0.0,0.0,0.02218974195420742,0.0,0.0,0.010893364436924458
185,True,0.0,0.0,0.07092037796974182,0.0,0.0,0.01240604743361473,0.0,0.0,0.040009062737226486,0.0,0.0,0.011203812435269356,0.0,0.0,0.04271871596574783,0.0,0.0,0.1763961911201477,0.0,0.0,0.07447829842567444,0.0,0.0,0.25952568650245667,0.0,0.0,0.20677274465560913,0.0,0.0,0.34719783067703247,0.0,0.0,0.2647329270839691,0.0,0.0,0.3127540051937103,0.0,0.0,0.23929904401302338,0.0,0.0,0.05815061554312706,0.0,0.0,0.05078420415520668,0.0,0.0,0.006399823818355799,0.0,0.0,0.005339848343282938
186,True,0.0,0.0,0.017392689362168312,0.0,0.0,0.0024540398735553026,0.0,0.0,0.011676544323563576,0.0,0.0,0.003555153263732791,0.0,0.0,0.02715737372636795,0.0,0.0,0.07199861109256744,0.0,0.0,0.03214230760931969,0.0,0.0,0.19251206517219543,0.0,0.0,0.15753981471061707,0.0,0.0,0.34249162673950195,0.0,0.0,0.2783879041671753,0.0,0.0,0.22180213034152985,0.0,0.0,0.16368719935417175,0.0,0.0,0.041433874517679214,0.0,0.0,0.03526287153363228,0.0,0.0,0.0065152607858181,0.0,0.0,0.00525667704641819
187,True,0.0,0.0,0.06983896344900131,0.0,0.0,0.016026824712753296,0.0,0.0,0.042517244815826416,0.0,0.0,0.010598883032798767,0.0,0.0,0.04041272774338722,0.0,0.0,0.14449268579483032,0.0,0.0,0.034468334168195724,0.0,0.0,0.29407528042793274,0.0,0.0,0.10590518265962601,0.0,0.0,0.4808279573917389,0.0,0.0,0.25634461641311646,0.0,0.0,0.24109753966331482,0.0,0.0,0.13507144153118134,0.0,0.0,0.05102819204330444,0.0,0.0,0.031176839023828506,0.0,0.0,0.008631507866084576,0.0,0.0,0.005546054802834988
188,True,0.0,0.0,0.006552204489707947,0.0,0.0,0.0011361981742084026,0.0,0.0,0.0028395552653819323,0.0,0.0,0.0030375057831406593,0.0,0.0,0.010278934612870216,0.0,0.0,0.07884287089109421,0.0,0.0,0.020675048232078552,0.0,0.0,0.3381878733634949,0.0,0.0,0.13123470544815063,75.76559448242188,47.40943145751953,0.5169246792793274,0.0,0.0,0.2874910831451416,0.0,0.0,0.3197786509990692,0.0,0.0,0.18336962163448334,0.0,0.0,0.07237931340932846,0.0,0.0,0.042920712381601334,0.0,0.0,0.008668155409395695,0.0,0.0,0.005382389295846224
189,True,0.0,0.0,0.024914337322115898,0.0,0.0,0.0028307954780757427,0.0,0.0,0.018118035048246384,0.0,0.0,0.0034999523777514696,0.0,0.0,0.06636160612106323,0.0,0.0,0.2009047120809555,0.0,0.0,0.10407941043376923,0.0,0.0,0.4908936023712158,0.0,0.0,0.39761748909950256,71.54463195800781,55.14154052734375,0.6169194579124451,72.33599090576172,54.13300323486328,0.539799690246582,5.517791748046875,155.40382385253906,0.5095443725585938,0.0,0.0,0.3949981927871704,0.0,0.0,0.10671763867139816,0.0,0.0,0.08072240650653839,0.0,0.0,0.01258170884102583,0.0,0.0,0.009074479341506958
190,True,0.0,0.0,0.011511914432048798,0.0,0.0,0.0012017139233648777,0.0,0.0,0.007993532344698906,0.0,0.0,0.0024175362195819616,0.0,0.0,0.04484343156218529,0.0,0.0,0.11870633065700531,0.0,0.0,0.10977768152952194,0.0,0.0,0.3397333025932312,0.0,0.0,0.4509836435317993,0.0,0.0,0.48679447174072266,65.52174377441406,56.219268798828125,0.5673894286155701,0.0,0.0,0.46547386050224304,0.0,0.0,0.4303782284259796,0.0,0.0,0.09444481879472733,0.0,0.0,0.09406376630067825,0.0,0.0,0.010180516168475151,0.0,0.0,0.009236305952072144
191,True,0.0,0.0,0.07087844610214233,0.0,0.0,0.02004600316286087,0.0,0.0,0.058744143694639206,0.0,0.0,0.0456693135201931,0.0,0.0,0.17518845200538635,0.0,0.0,0.1602170169353485,5.752516269683838,115.25302124023438,0.5794873833656311,0.0,0.0,0.04649302363395691,0.0,0.0,0.42996734380722046,0.0,0.0,0.03288162872195244,0.0,0.0,0.20376846194267273,0.0,0.0,0.12458501756191254,0.0,0.0,0.26657262444496155,0.0,0.0,0.05219869315624237,0.0,0.0,0.11989760398864746,0.0,0.0,0.041900575160980225,0.0,0.0,0.07587204873561859
192,True,0.0,0.0,0.016575470566749573,0.0,0.0,0.0018771224422380328,0.0,0.0,0.015429657883942127,0.0,0.0,0.0032372339628636837,0.0,0.0,0.09507424384355545,0.0,0.0,0.15570825338363647,0.0,0.0,0.17299623787403107,0.0,0.0,0.27218183875083923,0.0,0.0,0.4683849513530731,0.0,0.0,0.3740712106227875,52.98853302001953,59.034324645996094,0.5332801938056946,4.169528961181641,115.96600341796875,0.5577195286750793,2.595123291015625,117.41912078857422,0.5648413300514221,0.0,0.0,0.3230501413345337,0.0,0.0,0.3472050130367279,0.0,0.0,0.057527489960193634,0.0,0.0,0.05517596751451492
193,True,0.0,0.0,0.009005309082567692,0.0,0.0,0.001396974897943437,0.0,0.0,0.0075361235067248344,0.0,0.0,0.0032599603291600943,0.0,0.0,0.04131266474723816,0.0,0.0,0.053560346364974976,0.0,0.0,0.06373525410890579,0.0,0.0,0.12080071866512299,0.0,0.0,0.2567006051540375,0.0,0.0,0.22969065606594086,0.0,0.0,0.36518093943595886,0.0,0.0,0.34033992886543274,0.0,0.0,0.3654772937297821,0.0,0.0,0.22011759877204895,0.0,0.0,0.2572669982910156,0.0,0.0,0.0389772392809391,0.0,0.0,0.04106876999139786
194,True,0.0,0.0,0.10295676440000534,0.0,0.0,0.02081330306828022,0.0,0.0,0.1330728381872177,0.0,0.0,0.011243104003369808,0.0,0.0,0.2542583644390106,0.0,0.0,0.08857385069131851,0.0,0.0,0.14631453156471252,0.0,0.0,0.06213662028312683,0.0,0.0,0.1894593983888626,0.0,0.0,0.12586404383182526,0.0,0.0,0.26350367069244385,0.0,0.0,0.25166797637939453,0.0,0.0,0.30680063366889954,0.0,0.0,0.288853257894516,0.0,0.0,0.3509082496166229,0.0,0.0,0.09507981687784195,0.0,0.0,0.10441341251134872
195,True,0.0,0.0,0.029148846864700317,0.0,0.0,0.0042785233817994595,0.0,0.0,0.03117060847580433,0.0,0.0,0.007232394069433212,0.0,0.0,0.152083620429039,0.0,0.0,0.11074096709489822,0.0,0.0,0.328567773103714,0.0,0.0,0.12526018917560577,4.200751304626465,78.9256591796875,0.6190024018287659,0.0,0.0,0.199971541762352,29.574731826782227,69.76372528076172,0.6082317233085632,0.0,0.0,0.41232824325561523,4.949567794799805,115.53531646728516,0.5868569016456604,0.0,0.0,0.357196182012558,6.257241249084473,177.95123291015625,0.5392792820930481,0.0,0.0,0.1051688864827156,0.0,0.0,0.15533144772052765
196,True,0.0,0.0,0.022766007110476494,0.0,0.0,0.0015143768396228552,0.0,0.0,0.04420090466737747,0.0,0.0,0.0014094803482294083,0.0,0.0,0.2854514420032501,0.0,0.0,0.05641259625554085,0.0,0.0,0.35701000690460205,0.0,0.0,0.060521449893713,13.083271026611328,75.80562591552734,0.7236937284469604,0.0,0.0,0.12152420729398727,46.81379318237305,56.80695343017578,0.67535799741745,0.0,0.0,0.2631063759326935,1.351308822631836,115.73417663574219,0.5048577785491943,0.0,0.0,0.1110866591334343,0.0,0.0,0.26905959844589233,0.0,0.0,0.01925753429532051,0.0,0.0,0.03457554802298546
197,True,0.0,0.0,0.03717882186174393,0.0,0.0,0.0035115766804665327,0.0,0.0,0.05170082300901413,0.0,0.0,0.0035941863898187876,0.0,0.0,0.2620813846588135,0.0,0.0,0.1330651491880417,0.0,0.0,0.37576958537101746,0.0,0.0,0.13406850397586823,11.934333801269531,74.88795471191406,0.6503931283950806,0.0,0.0,0.20345547795295715,43.30449676513672,57.355979919433594,0.6122539043426514,0.0,0.0,0.40352192521095276,2.6174468994140625,114.57947540283203,0.5588362812995911,0.0,0.0,0.20998039841651917,0.0,0.0,0.3391196131706238,0.0,0.0,0.03827052563428879,0.0,0.0,0.05229287967085838
198,True,0.0,0.0,0.004810042213648558,0.0,0.0,0.000508698052726686,0.0,0.0,0.005465530324727297,0.0,0.0,0.0022576742339879274,0.0,0.0,0.07696312665939331,0.0,0.0,0.033884208649396896,0.0,0.0,0.25022655725479126,0.0,0.0,0.047975871711969376,17.511302947998047,60.476593017578125,0.6803282499313354,0.0,0.0,0.08644285798072815,41.48871994018555,56.417816162109375,0.5912407040596008,0.0,0.0,0.3109250068664551,4.864536285400391,111.1181640625,0.5868674516677856,0.0,0.0,0.1377006471157074,0.0,0.0,0.35729092359542847,0.0,0.0,0.024720394983887672,0.0,0.0,0.05335092917084694
199,True,0.0,0.0,0.010352985933423042,0.0,0.0,0.0014959309482946992,0.0,0.0,0.009765866212546825,0.0,0.0,0.004465690813958645,0.0,0.0,0.07755251228809357,0.0,0.0,0.07893964648246765,0.0,0.0,0.16741245985031128,0.0,0.0,0.12072646617889404,0.0,0.0,0.4415245056152344,0.0,0.0,0.16466885805130005,0.0,0.0,0.4120023250579834,0.0,0.0,0.4701668620109558,4.556161880493164,107.86349487304688,0.5732554197311401,0.0,0.0,0.2788517475128174,0.0,0.0,0.3922528922557831,0.0,0.0,0.06261985003948212,0.0,0.0,0.08197510242462158
200,True,0.0,0.0,0.0024997983127832413,0.0,0.0,0.0001868641411419958,0.0,0.0,0.0024915258400142193,0.0,0.0,0.0006499258452095091,0.0,0.0,0.03085431456565857,0.0,0.0,0.01628981903195381,0.0,0.0,0.11529355496168137,0.0,0.0,0.053740981966257095,8.687660217285156,63.81846618652344,0.6397189497947693,0.0,0.0,0.14543965458869934,51.02517318725586,49.54503631591797,0.6859604716300964,0.0,0.0,0.20674604177474976,0.0,0.0,0.41607046127319336,0.0,0.0,0.05306157469749451,0.0,0.0,0.1443142145872116,0.0,0.0,0.006669092457741499,0.0,0.0,0.012895386666059494
201,True,0.0,0.0,0.0024084430187940598,0.0,0.0,0.0001892552390927449,0.0,0.0,0.0020747296512126923,0.0,0.0,0.000746579491533339,0.0,0.0,0.02745787985622883,0.0,0.0,0.024956678971648216,0.0,0.0,0.11702319234609604,0.0,0.0,0.08921351283788681,8.871448516845703,64.5924301147461,0.6423414349555969,0.0,0.0,0.2108127921819687,52.63187789916992,49.083343505859375,0.6971887946128845,0.0,0.0,0.2664501368999481,0.0,0.0,0.44540971517562866,0.0,0.0,0.0749799832701683,0.0,0.0,0.1666286140680313,0.0,0.0,0.00845568347722292,0.0,0.0,0.01421443186700344
202,True,0.0,0.0,0.004585323855280876,0.0,0.0,0.00033642188645899296,0.0,0.0,0.004787561018019915,0.0,0.0,0.0010841562179848552,0.0,0.0,0.05489291623234749,0.0,0.0,0.0397481694817543,0.0,0.0,0.23871314525604248,0.0,0.0,0.09119483083486557,18.19943618774414,68.47256469726562,0.7552782893180847,0.0,0.0,0.18571236729621887,55.1187858581543,48.81885528564453,0.7352340817451477,0.0,0.0,0.35593342781066895,3.4813232421875,116.26448059082031,0.5955154299736023,0.0,0.0,0.12022119760513306,0.0,0.0,0.2882064878940582,0.0,0.0,0.015535980463027954,0.0,0.0,0.029139550402760506
203,True,0.0,0.0,0.04813670367002487,0.0,0.0,0.006039719562977552,0.0,0.0,0.04270412400364876,0.0,0.0,0.004061016719788313,0.0,0.0,0.11887010186910629,0.0,0.0,0.17901650071144104,0.0,0.0,0.25373420119285583,0.0,0.0,0.13868513703346252,0.0,0.0,0.39431148767471313,0.0,0.0,0.24605444073677063,69.85235595703125,41.528953552246094,0.570626974105835,0.0,0.0,0.3509483337402344,0.0,0.0,0.4015614092350006,89.82769012451172,36.243568420410156,0.5544833540916443,92.93616485595703,35.81904602050781,0.6761797070503235,0.0,0.0,0.45805037021636963,95.21949005126953,94.79812622070312,0.5345391035079956
204,False,0.0,0.0,0.0,0.0,0.0,0.0,0.0,0.0,0.0,0.0,0.0,0.0,0.0,0.0,0.0,0.0,0.0,0.0,0.0,0.0,0.0,0.0,0.0,0.0,0.0,0.0,0.0,0.0,0.0,0.0,0.0,0.0,0.0,0.0,0.0,0.0,0.0,0.0,0.0,0.0,0.0,0.0,0.0,0.0,0.0,0.0,0.0,0.0,0.0,0.0,0.0
205,True,0.0,0.0,0.1052858829498291,0.0,0.0,0.02652112953364849,0.0,0.0,0.0771995410323143,0.0,0.0,0.014461410231888294,0.0,0.0,0.11992834508419037,0.0,0.0,0.24660643935203552,0.0,0.0,0.13214263319969177,0.0,0.0,0.17051173746585846,0.0,0.0,0.11504696309566498,0.0,0.0,0.24518467485904694,0.0,0.0,0.25141769647598267,0.0,0.0,0.4544790983200073,0.0,0.0,0.3736603558063507,93.16526794433594,42.7822265625,0.7375673651695251,88.1198959350586,38.491172790527344,0.7124881744384766,104.4820556640625,107.06265258789062,0.6835969090461731,91.98020935058594,95.63077545166016,0.6625730395317078
206,True,0.0,0.0,0.062277354300022125,0.0,0.0,0.003741986583918333,0.0,0.0,0.07062298059463501,0.0,0.0,0.0025914651341736317,0.0,0.0,0.16817313432693481,0.0,0.0,0.17097723484039307,0.0,0.0,0.3226965069770813,0.0,0.0,0.18708576261997223,53.65214538574219,74.55093383789062,0.6330085396766663,0.0,0.0,0.3041384220123291,107.26092529296875,41.4635009765625,0.6327570080757141,0.0,0.0,0.34136962890625,0.0,0.0,0.4301771819591522,0.0,0.0,0.07849971950054169,0.0,0.0,0.13031433522701263,0.0,0.0,0.01052731741219759,0.0,0.0,0.013407007791101933
207,True,56.45806121826172,28.828834533691406,0.6520570516586304,0.0,0.0,0.10309238731861115,53.31645584106445,20.967437744140625,0.8080465793609619,0.0,0.0,0.009230918250977993,37.761924743652344,15.012069702148438,0.7924737930297852,0.0,0.0,0.25108131766319275,27.655227661132812,41.751129150390625,0.7019252181053162,0.0,0.0,0.041709356009960175,47.069602966308594,83.2066421508789,0.5386881828308105,0.0,0.0,0.07262133806943893,0.0,0.0,0.46694695949554443,0.0,0.0,0.34257030487060547,11.442985534667969,122.70277404785156,0.5638043284416199,0.0,0.0,0.18872642517089844,0.0,0.0,0.3747684955596924,0.0,0.0,0.057426802814006805,0.0,0.0,0.09064828604459763
208,True,0.0,0.0,0.3498035967350006,0.0,0.0,0.025440216064453125,0.0,0.0,0.3867762088775635,0.0,0.0,0.010561320930719376,48.118595123291016,17.18975830078125,0.5296015739440918,22.87725067138672,45.43730163574219,0.5313788652420044,33.894371032714844,46.79376983642578,0.7222804427146912,0.0,0.0,0.30593669414520264,64.07128143310547,68.22926330566406,0.7375141382217407,0.0,0.0,0.364147424697876,123.56079864501953,48.07372283935547,0.672172486782074,11.986618041992188,148.31150817871094,0.5701189637184143,18.31420135498047,151.1754913330078,0.646221399307251,0.0,0.0,0.1821759194135666,0.0,0.0,0.26379770040512085,0.0,0.0,0.02948610857129097,0.0,0.0,0.035577669739723206
209,True,0.0,0.0,0.20068730413913727,0.0,0.0,0.014299875125288963,0.0,0.0,0.23091189563274384,0.0,0.0,0.004728151019662619,0.0,0.0,0.3716338276863098,0.0,0.0,0.3941180109977722,0.0,0.0,0.396094411611557,0.0,0.0,0.2981884181499481,63.656761169433594,71.97801971435547,0.5036352276802063,0.0,0.0,0.36315402388572693,0.0,0.0,0.49829813838005066,17.683563232421875,138.83761596679688,0.5654111504554749,14.702804565429688,141.83468627929688,0.5440593957901001,0.0,0.0,0.2180093228816986,0.0,0.0,0.22700242698192596,0.0,0.0,0.035649754106998444,0.0,0.0,0.03122960962355137
210,True,0.0,0.0,0.03342822194099426,0.0,0.0,0.0011540887644514441,0.0,0.0,0.046941861510276794,0.0,0.0,0.0008447775617241859,0.0,0.0,0.2158142328262329,0.0,0.0,0.14767378568649292,0.0,0.0,0.33541032671928406,0.0,0.0,0.29509109258651733,64.79399108886719,64.96246337890625,0.7841074466705322,0.0,0.0,0.44166338443756104,132.61968994140625,61.68730163574219,0.7812312245368958,20.018455505371094,140.5561065673828,0.6091267466545105,14.900604248046875,145.2700653076172,0.6792588829994202,0.0,0.0,0.12226197123527527,0.0,0.0,0.18539966642856598,0.0,0.0,0.014035218395292759,0.0,0.0,0.016611045226454735
211,True,0.0,0.0,0.005043128505349159,0.0,0.0,0.00015882874140515924,0.0,0.0,0.006551695521920919,0.0,0.0,0.00029623685986734927,0.0,0.0,0.07906800508499146,0.0,0.0,0.08670665323734283,0.0,0.0,0.18777471780776978,0.0,0.0,0.33631908893585205,70.20027923583984,69.47465515136719,0.8038274049758911,125.22564697265625,66.71489715576172,0.5443851351737976,132.8426513671875,68.29540252685547,0.8363307118415833,22.603012084960938,134.68136596679688,0.6604127883911133,18.182342529296875,138.9706573486328,0.7087134718894958,0.0,0.0,0.0998123362660408,0.0,0.0,0.14902450144290924,0.0,0.0,0.007399070076644421,0.0,0.0,0.008490744978189468
212,True,0.0,0.0,0.25902649760246277,0.0,0.0,0.007161547429859638,0.0,0.0,0.400137335062027,0.0,0.0,0.00041802090709097683,53.401668548583984,2.9102325439453125,0.7094419598579407,0.0,0.0,0.4945426881313324,0.0,0.0,0.38326650857925415,71.04832458496094,64.3164291381836,0.6344619393348694,67.8521728515625,68.62442016601562,0.6915546655654907,128.57052612304688,68.68681335449219,0.7347302436828613,134.33157348632812,71.61648559570312,0.7763262987136841,29.808612823486328,136.66441345214844,0.7909294366836548,18.120765686035156,140.19601440429688,0.6891393661499023,0.0,0.0,0.22013817727565765,0.0,0.0,0.15682294964790344,0.0,0.0,0.01853189244866371,0.0,0.0,0.010510229505598545
213,True,0.0,0.0,0.01860284060239792,0.0,0.0,0.0008094110526144505,0.0,0.0,0.019312502816319466,0.0,0.0,0.001061322633177042,0.0,0.0,0.12520912289619446,0.0,0.0,0.2047778069972992,0.0,0.0,0.24775658547878265,0.0,0.0,0.4076392650604248,68.72464752197266,64.50137329101562,0.6845940351486206,131.1044921875,69.55533599853516,0.5208924412727356,136.14242553710938,66.52821350097656,0.7047395706176758,26.853965759277344,134.30343627929688,0.6669068336486816,21.260826110839844,138.59149169921875,0.6556411981582642,0.0,0.0,0.17675413191318512,0.0,0.0,0.2004588544368744,0.0,0.0,0.0182692501693964,0.0,0.0,0.0174435805529356
214,True,0.0,0.0,0.4535422623157501,0.0,0.0,0.0152659947052598,79.15921783447266,1.899871826171875,0.6643113493919373,0.0,0.0,0.0007908589905127883,58.27752685546875,2.7377777099609375,0.846047043800354,0.0,0.0,0.4392698407173157,46.73988342285156,30.346359252929688,0.7077409029006958,0.0,0.0,0.3912995755672455,78.2924575805664,71.53543090820312,0.8700997233390808,126.52009582519531,71.2929916381836,0.5412569046020508,134.378662109375,71.85990142822266,0.8644168376922607,27.34271240234375,130.1006622314453,0.7056649923324585,20.816024780273438,133.73963928222656,0.7586178183555603,0.0,0.0,0.12257416546344757,0.0,0.0,0.17094498872756958,0.0,0.0,0.009135878644883633,0.0,0.0,0.009117129258811474
215,True,0.0,0.0,0.05764469876885414,0.0,0.0,0.0014113474171608686,0.0,0.0,0.09418000280857086,0.0,0.0,0.0005206073401495814,0.0,0.0,0.4034458100795746,0.0,0.0,0.21328380703926086,49.56049346923828,19.878707885742188,0.5551360249519348,0.0,0.0,0.37859073281288147,72.82123565673828,70.07123565673828,0.9016308784484863,128.31797790527344,73.05859375,0.5608682036399841,137.16122436523438,74.14080810546875,0.8934548497200012,29.499427795410156,126.41632843017578,0.7330659031867981,23.454299926757812,129.8072967529297,0.8085070848464966,0.0,0.0,0.100809745490551,0.0,0.0,0.16337314248085022,0.0,0.0,0.005792506039142609,0.0,0.0,0.006810694932937622
216,True,0.0,0.0,0.00481797382235527,0.0,0.0,0.00017369611305184662,0.0,0.0,0.005024295300245285,0.0,0.0,0.0004661956918425858,0.0,0.0,0.04814782738685608,0.0,0.0,0.055704131722450256,0.0,0.0,0.3194461762905121,0.0,0.0,0.17792640626430511,77.09066009521484,68.63416290283203,0.8750806450843811,0.0,0.0,0.33879944682121277,136.81686401367188,75.62984466552734,0.8500339984893799,27.932701110839844,124.20469665527344,0.6613295674324036,24.78253173828125,127.78352355957031,0.8159149289131165,0.0,0.0,0.09689321368932724,0.0,0.0,0.22504912316799164,0.0,0.0,0.006945357192307711,0.0,0.0,0.011997482739388943
217,True,0.0,0.0,0.002690838649868965,0.0,0.0,0.00010002126509789377,0.0,0.0,0.002719416283071041,0.0,0.0,0.000513208971824497,0.0,0.0,0.058405712246894836,0.0,0.0,0.09414180368185043,0.0,0.0,0.32548952102661133,0.0,0.0,0.33404770493507385,80.73037719726562,67.68328857421875,0.8887171149253845,0.0,0.0,0.4768174886703491,137.57022094726562,78.40123748779297,0.8524117469787598,29.42833709716797,124.8863754272461,0.771395206451416,25.228958129882812,127.71781921386719,0.8512662053108215,0.0,0.0,0.15566465258598328,0.0,0.0,0.2734842896461487,0.0,0.0,0.01061724592000246,0.0,0.0,0.015059240162372589
218,True,0.0,0.0,0.011317643336951733,0.0,0.0,0.0015581243205815554,0.0,0.0,0.0037876989226788282,0.0,0.0,0.004914587363600731,0.0,0.0,0.01336697768419981,0.0,0.0,0.28229236602783203,0.0,0.0,0.08367965370416641,77.18254852294922,55.53575897216797,0.707483172416687,0.0,0.0,0.4048577547073364,132.4339141845703,75.64473724365234,0.7779808640480042,132.6449432373047,81.49554443359375,0.5433021783828735,32.872840881347656,130.36817932128906,0.8051431775093079,19.960220336914062,133.50778198242188,0.6397040486335754,0.0,0.0,0.24334561824798584,0.0,0.0,0.14676468074321747,0.0,0.0,0.01848883554339409,0.0,0.0,0.011112687177956104
219,True,0.0,0.0,0.09878358244895935,0.0,0.0,0.01446254551410675,0.0,0.0,0.049060530960559845,0.0,0.0,0.022212576121091843,0.0,0.0,0.0687628909945488,0.0,0.0,0.41899967193603516,0.0,0.0,0.3028644025325775,0.0,0.0,0.4867560565471649,113.9900131225586,74.67446899414062,0.5255661606788635,151.25440979003906,76.73532104492188,0.5380335450172424,0.0,0.0,0.469645231962204,42.18341064453125,138.1853790283203,0.6859884262084961,29.329681396484375,139.38916015625,0.6227717995643616,0.0,0.0,0.2085551768541336,0.0,0.0,0.20092935860157013,0.0,0.0,0.024165397509932518,0.0,0.0,0.022026419639587402
220,True,0.0,0.0,0.16933302581310272,0.0,0.0,0.04473220929503441,0.0,0.0,0.06290587037801743,0.0,0.0,0.09007411450147629,0.0,0.0,0.07765524834394455,75.90725708007812,31.197479248046875,0.6640777587890625,0.0,0.0,0.46192723512649536,119.94447326660156,66.03083801269531,0.6244769096374512,109.03050231933594,75.774169921875,0.5104463696479797,150.28709411621094,75.01079559326172,0.5925299525260925,0.0,0.0,0.4083385467529297,49.749507904052734,124.12646484375,0.8352189064025879,41.2420654296875,124.09732055664062,0.7658230066299438,0.0,0.0,0.45400822162628174,0.0,0.0,0.3895534574985504,0.0,0.0,0.063086599111557,0.0,0.0,0.05149206519126892
221,True,0.0,0.0,0.010748961009085178,0.0,0.0,0.0006556569715030491,0.0,0.0,0.008167318999767303,0.0,0.0,0.0036499903071671724,0.0,0.0,0.07433117926120758,0.0,0.0,0.2336215078830719,0.0,0.0,0.44320932030677795,0.0,0.0,0.37021124362945557,112.46768188476562,60.408355712890625,0.8417760133743286,0.0,0.0,0.4238896369934082,153.20352172851562,72.75508117675781,0.7287852764129639,28.680145263671875,132.2290802001953,0.8099242448806763,27.150066375732422,132.58990478515625,0.8643196225166321,0.0,0.0,0.16825269162654877,0.0,0.0,0.28054943680763245,0.0,0.0,0.011520561762154102,0.0,0.0,0.01658112183213234
222,True,0.0,0.0,0.0008145766332745552,0.0,0.0,2.620400846353732e-05,0.0,0.0,0.0008629736257717013,0.0,0.0,0.0002603462489787489,0.0,0.0,0.026081299409270287,0.0,0.0,0.03253941982984543,0.0,0.0,0.2497311681509018,0.0,0.0,0.18840183317661285,96.6409683227539,47.34209442138672,0.9125391244888306,0.0,0.0,0.34435439109802246,145.41485595703125,69.310546875,0.870466411113739,26.548965454101562,128.59811401367188,0.7391188144683838,26.394100189208984,129.96307373046875,0.8765510320663452,0.0,0.0,0.06209210678935051,0.0,0.0,0.17360201478004456,0.0,0.0,0.0031351859215646982,0.0,0.0,0.006197393871843815
223,True,0.0,0.0,0.0032097722869366407,0.0,0.0,0.00016624377167318016,0.0,0.0,0.002796705812215805,0.0,0.0,0.001423623296432197,0.0,0.0,0.030674152076244354,0.0,0.0,0.04446245729923248,0.0,0.0,0.35283932089805603,0.0,0.0,0.11414173990488052,117.84938049316406,47.182861328125,0.8668081760406494,0.0,0.0,0.2160617709159851,143.10598754882812,67.67427825927734,0.7675361037254333,24.781455993652344,127.83429718017578,0.6694175601005554,28.273643493652344,127.65074157714844,0.8557835817337036,0.0,0.0,0.07683812826871872,0.0,0.0,0.24014855921268463,0.0,0.0,0.005706277675926685,0.0,0.0,0.013261239975690842
224,True,0.0,0.0,0.002265994669869542,0.0,0.0,0.0001033776716212742,0.0,0.0,0.0021275836043059826,0.0,0.0,0.0027944084722548723,0.0,0.0,0.055878497660160065,0.0,0.0,0.028935924172401428,82.45472717285156,11.368484497070312,0.669788658618927,0.0,0.0,0.05009617283940315,152.9033660888672,73.1899642944336,0.9453381896018982,0.0,0.0,0.13753093779087067,129.82510375976562,94.78062438964844,0.8546093106269836,18.616374969482422,128.70021057128906,0.5915809273719788,35.212730407714844,128.3057861328125,0.903246283531189,0.0,0.0,0.047685619443655014,0.0,0.0,0.2900747060775757,0.0,0.0,0.0026088084559887648,0.0,0.0,0.010337808169424534
225,True,0.0,0.0,0.001310768537223339,0.0,0.0,3.83623773814179e-05,0.0,0.0,0.0018758293008431792,0.0,0.0,0.0005500393453985453,0.0,0.0,0.05285581573843956,0.0,0.0,0.018406130373477936,60.99269104003906,4.764411926269531,0.5047017931938171,0.0,0.0,0.05143186077475548,130.20172119140625,49.64415740966797,0.9542032480239868,0.0,0.0,0.12856639921665192,156.74295043945312,70.97975158691406,0.8763086199760437,19.81507110595703,124.99759674072266,0.6115347743034363,26.720550537109375,124.40074157714844,0.9029508233070374,0.0,0.0,0.04082373157143593,0.0,0.0,0.23705190420150757,0.0,0.0,0.0024789387825876474,0.0,0.0,0.008817036636173725
226,True,0.0,0.0,0.0009252536110579967,0.0,0.0,3.4052831324515864e-05,0.0,0.0,0.0010202514240518212,0.0,0.0,0.0005589626962319016,0.0,0.0,0.028596218675374985,0.0,0.0,0.01864010840654373,0.0,0.0,0.37287408113479614,0.0,0.0,0.06642596423625946,122.74151611328125,46.91233825683594,0.9397732615470886,0.0,0.0,0.1558385193347931,151.49288940429688,69.47303009033203,0.8646145462989807,23.726768493652344,130.1008758544922,0.6074480414390564,27.226295471191406,129.417236328125,0.8826479315757751,0.0,0.0,0.03005181811749935,0.0,0.0,0.16270911693572998,0.0,0.0,0.0015654057497158647,0.0,0.0,0.005189466755837202
227,True,0.0,0.0,0.0006812476785853505,0.0,0.0,3.5983081033919007e-05,0.0,0.0,0.000445905199740082,0.0,0.0,0.000456805108115077,0.0,0.0,0.008807203732430935,0.0,0.0,0.029022308066487312,0.0,0.0,0.14328372478485107,0.0,0.0,0.21124495565891266,97.30557250976562,43.99608612060547,0.8426308035850525,0.0,0.0,0.38465991616249084,144.06231689453125,74.99113464355469,0.8085808157920837,27.28520965576172,123.4856948852539,0.7518395781517029,25.169239044189453,124.28070068359375,0.8582391738891602,0.0,0.0,0.07663637399673462,0.0,0.0,0.17353005707263947,0.0,0.0,0.004060833249241114,0.0,0.0,0.0071220966055989265
228,True,0.0,0.0,0.0038961211685091257,0.0,0.0,0.00015109781816136092,0.0,0.0,0.005399555433541536,0.0,0.0,0.000957782962359488,0.0,0.0,0.09119922667741776,0.0,0.0,0.05248415097594261,0.0,0.0,0.49643194675445557,0.0,0.0,0.10591141134500504,101.9599838256836,54.32007598876953,0.9162403345108032,0.0,0.0,0.17770150303840637,147.1959686279297,69.1705322265625,0.8120205998420715,23.912445068359375,120.28091430664062,0.7041592597961426,27.713134765625,121.37942504882812,0.8914281129837036,0.0,0.0,0.09121639281511307,0.0,0.0,0.2893123924732208,0.0,0.0,0.006744845304638147,0.0,0.0,0.015652528032660484
229,True,0.0,0.0,0.07889614254236221,0.0,0.0,0.025721359997987747,0.0,0.0,0.02206512540578842,0.0,0.0,0.04865478351712227,0.0,0.0,0.030766399577260017,62.46472930908203,25.93256378173828,0.5856433510780334,0.0,0.0,0.14528687298297882,110.19697570800781,56.26788330078125,0.7535388469696045,0.0,0.0,0.2743748724460602,151.3641815185547,77.51888275146484,0.7410784363746643,0.0,0.0,0.3261438012123108,44.23986053466797,120.4039535522461,0.8365684151649475,31.151195526123047,120.5552978515625,0.6463220119476318,0.0,0.0,0.47267529368400574,0.0,0.0,0.2929042875766754,0.0,0.0,0.07202863693237305,0.0,0.0,0.04203173890709877
230,True,0.0,0.0,0.01460553053766489,0.0,0.0,0.0003663048264570534,0.0,0.0,0.021533800289034843,0.0,0.0,0.0006954425480216742,0.0,0.0,0.23758366703987122,0.0,0.0,0.16748884320259094,46.185791015625,22.658485412597656,0.5882697701454163,0.0,0.0,0.3312545418739319,84.65679931640625,69.8731689453125,0.9213876724243164,0.0,0.0,0.4481072425842285,141.85821533203125,76.48017120361328,0.8701319694519043,26.87347412109375,127.83163452148438,0.7442670464515686,24.59265899658203,132.91664123535156,0.8497964143753052,0.0,0.0,0.12556424736976624,0.0,0.0,0.23766551911830902,0.0,0.0,0.009482461027801037,0.0,0.0,0.013476786203682423
231,True,0.0,0.0,0.004623990971595049,0.0,0.0,0.00032672873931005597,0.0,0.0,0.002500818809494376,0.0,0.0,0.0016113382298499346,0.0,0.0,0.024418283253908157,0.0,0.0,0.19474896788597107,0.0,0.0,0.19063472747802734,82.72334289550781,56.04063415527344,0.5649213194847107,82.332275390625,64.25325012207031,0.7374144196510315,134.9617156982422,73.78536224365234,0.6493246555328369,139.89361572265625,76.50054168701172,0.7314305305480957,34.221248626708984,127.58572387695312,0.7913862466812134,25.21810531616211,130.31234741210938,0.7685079574584961,0.0,0.0,0.18640804290771484,0.0,0.0,0.19853225350379944,0.0,0.0,0.013392646797001362,0.0,0.0,0.012634201906621456
232,True,0.0,0.0,0.012598251923918724,0.0,0.0,0.0025290800258517265,0.0,0.0,0.003655769396573305,0.0,0.0,0.011150362901389599,0.0,0.0,0.008480967953801155,0.0,0.0,0.17171832919120789,0.0,0.0,0.11748958379030228,0.0,0.0,0.37264755368232727,0.0,0.0,0.3761419653892517,0.0,0.0,0.47093433141708374,0.0,0.0,0.4071889817714691,33.46691131591797,122.01496887207031,0.8039424419403076,27.002853393554688,122.81297302246094,0.7589739561080933,0.0,0.0,0.3282586634159088,0.0,0.0,0.313418447971344,0.0,0.0,0.03840996325016022,0.0,0.0,0.03519519791007042
233,True,0.0,0.0,0.00032150978222489357,0.0,0.0,0.00010432866838527843,0.0,0.0,9.28304361877963e-05,0.0,0.0,0.01507584284991026,0.0,0.0,0.011498969048261642,0.0,0.0,0.05602620169520378,0.0,0.0,0.11000356823205948,0.0,0.0,0.12168582528829575,0.0,0.0,0.2941478490829468,0.0,0.0,0.09511597454547882,0.0,0.0,0.1907203197479248,26.975425720214844,97.42465209960938,0.7870069742202759,49.23127746582031,96.39045715332031,0.8416635394096375,0.0,0.0,0.3744663596153259,0.0,0.0,0.4886181950569153,0.0,0.0,0.05698418989777565,0.0,0.0,0.0800793468952179
234,True,0.0,0.0,0.0029917664360255003,0.0,0.0,0.0010664601577445865,0.0,0.0,0.0008201391319744289,0.0,0.0,0.10684297978878021,0.0,0.0,0.05868706479668617,0.0,0.0,0.20102114975452423,66.4325180053711,24.275779724121094,0.6420012712478638,0.0,0.0,0.09270720928907394,76.52723693847656,69.44195556640625,0.6100279092788696,0.0,0.0,0.05710920691490173,0.0,0.0,0.3019048571586609,24.081167221069336,114.26960754394531,0.8037424683570862,49.27157211303711,116.47207641601562,0.9169596433639526,0.0,0.0,0.39252564311027527,47.15869903564453,193.12496948242188,0.6527302861213684,0.0,0.0,0.07183057814836502,0.0,0.0,0.14645081758499146
235,True,0.0,0.0,0.0023974012583494186,0.0,0.0,0.000440030824393034,0.0,0.0,0.0010537905618548393,0.0,0.0,0.021720021963119507,0.0,0.0,0.06849689036607742,0.0,0.0,0.13509607315063477,69.54171752929688,22.95489501953125,0.5679794549942017,0.0,0.0,0.10101710259914398,60.53679656982422,80.2685546875,0.6138923168182373,0.0,0.0,0.07655419409275055,0.0,0.0,0.3540952205657959,23.382415771484375,113.42301940917969,0.7901949286460876,44.538150787353516,118.61367797851562,0.8994746804237366,0.0,0.0,0.409195214509964,47.0994873046875,196.5843048095703,0.6185097694396973,0.0,0.0,0.08010446280241013,0.0,0.0,0.13307419419288635
236,True,0.0,0.0,0.43802011013031006,0.0,0.0,0.03578382730484009,96.34808349609375,14.17681884765625,0.5413622260093689,0.0,0.0,0.006070831790566444,81.2103271484375,9.949180603027344,0.6471379399299622,0.0,0.0,0.4650660753250122,54.42570114135742,34.881980895996094,0.8152939081192017,0.0,0.0,0.28374069929122925,53.017601013183594,84.49494934082031,0.8197103142738342,0.0,0.0,0.3666963577270508,106.90396118164062,88.74494934082031,0.7503114938735962,34.76123809814453,118.01792907714844,0.7053661346435547,28.50872039794922,120.94462585449219,0.8005596399307251,0.0,0.0,0.3411056697368622,0.0,0.0,0.46981874108314514,0.0,0.0,0.05815751105546951,0.0,0.0,0.0690942332148552
237,True,0.0,0.0,0.022155068814754486,0.0,0.0,0.001413744525052607,0.0,0.0,0.02648325078189373,0.0,0.0,0.009349506348371506,0.0,0.0,0.3623977303504944,0.0,0.0,0.2913995385169983,63.01188659667969,26.529441833496094,0.7926463484764099,0.0,0.0,0.17525896430015564,55.96833419799805,85.3228759765625,0.8304670453071594,0.0,0.0,0.16822472214698792,109.16427612304688,89.39303588867188,0.6305956244468689,20.53376007080078,117.96533966064453,0.7430487871170044,32.53466796875,123.314453125,0.8669015765190125,0.0,0.0,0.23527821898460388,0.0,0.0,0.41941195726394653,0.0,0.0,0.02669692598283291,0.0,0.0,0.0420854389667511
238,True,0.0,0.0,0.04649454355239868,0.0,0.0,0.002371456241235137,0.0,0.0,0.06249441206455231,0.0,0.0,0.0038251939695328474,0.0,0.0,0.3400724530220032,0.0,0.0,0.24449563026428223,59.19561767578125,26.03136444091797,0.6529694199562073,0.0,0.0,0.21113771200180054,61.82807540893555,78.04469299316406,0.7805341482162476,0.0,0.0,0.2525976598262787,116.82444763183594,80.20962524414062,0.6525694727897644,23.388916015625,118.47698211669922,0.6914699077606201,28.900588989257812,122.88484954833984,0.7972605228424072,0.0,0.0,0.20256595313549042,0.0,0.0,0.31872284412384033,0.0,0.0,0.024279875680804253,0.0,0.0,0.031221095472574234
239,True,0.0,0.0,0.024234388023614883,0.0,0.0,0.005166078917682171,0.0,0.0,0.010603480041027069,0.0,0.0,0.03190873563289642,0.0,0.0,0.04507387802004814,0.0,0.0,0.194978266954422,0.0,0.0,0.4037206470966339,0.0,0.0,0.15074141323566437,72.53585815429688,77.58626556396484,0.5576245188713074,0.0,0.0,0.16698317229747772,0.0,0.0,0.4039028286933899,27.438228607177734,116.94740295410156,0.6649714708328247,32.449745178222656,118.92990112304688,0.7672390341758728,0.0,0.0,0.2756446897983551,0.0,0.0,0.42864593863487244,0.0,0.0,0.047002486884593964,0.0,0.0,0.0721694678068161
240,True,0.0,0.0,0.0032625007443130016,0.0,0.0,0.0004977229982614517,0.0,0.0,0.003168285358697176,0.0,0.0,0.05951204150915146,0.0,0.0,0.45239487290382385,0.0,0.0,0.3253665268421173,74.2625961303711,28.255691528320312,0.8262761235237122,0.0,0.0,0.08420182019472122,69.04043579101562,83.19942474365234,0.6287220120429993,0.0,0.0,0.03599501773715019,0.0,0.0,0.2055222988128662,19.52162742614746,114.12310028076172,0.7971206307411194,45.40275955200195,118.73389434814453,0.9018152356147766,0.0,0.0,0.28680962324142456,0.0,0.0,0.4792049825191498,0.0,0.0,0.04413611441850662,0.0,0.0,0.07287660241127014
241,True,0.0,0.0,0.024507567286491394,0.0,0.0,0.00924046989530325,0.0,0.0,0.006189911626279354,0.0,0.0,0.054412342607975006,0.0,0.0,0.013502461835741997,0.0,0.0,0.221404030919075,0.0,0.0,0.24421416223049164,0.0,0.0,0.27165502309799194,0.0,0.0,0.43800243735313416,0.0,0.0,0.2423023134469986,0.0,0.0,0.3047031760215759,31.085437774658203,128.28515625,0.6408869028091431,31.44383430480957,125.78857421875,0.6819509863853455,0.0,0.0,0.11587005108594894,0.0,0.0,0.1637229323387146,0.0,0.0,0.009950895793735981,0.0,0.0,0.013761955313384533
242,True,0.0,0.0,0.04391103982925415,0.0,0.0,0.027841221541166306,0.0,0.0,0.007616797462105751,0.0,0.0,0.13829272985458374,0.0,0.0,0.008304307237267494,0.0,0.0,0.22122299671173096,0.0,0.0,0.20890288054943085,0.0,0.0,0.2277461290359497,0.0,0.0,0.289835661649704,0.0,0.0,0.21413569152355194,0.0,0.0,0.20844706892967224,32.824501037597656,129.67245483398438,0.5987224578857422,32.93829345703125,126.30487823486328,0.6250014305114746,0.0,0.0,0.12642723321914673,0.0,0.0,0.1660466492176056,0.0,0.0,0.013143327087163925,0.0,0.0,0.01784803718328476
243,True,0.0,0.0,0.13503462076187134,0.0,0.0,0.012693937867879868,0.0,0.0,0.10638206452131271,0.0,0.0,0.0046274070627987385,0.0,0.0,0.10336805880069733,0.0,0.0,0.2151864916086197,0.0,0.0,0.3361142575740814,0.0,0.0,0.2917539179325104,88.16761779785156,58.52117156982422,0.5671314001083374,0.0,0.0,0.4015413224697113,108.6033935546875,37.509300231933594,0.5413119792938232,46.79602813720703,124.9284439086914,0.6650668978691101,26.95083999633789,124.18780517578125,0.7004517912864685,0.0,0.0,0.27418485283851624,0.0,0.0,0.3289025127887726,0.0,0.0,0.03940770402550697,0.0,0.0,0.04243611544370651
244,True,0.0,0.0,0.3453361392021179,0.0,0.0,0.13915561139583588,0.0,0.0,0.12218070775270462,0.0,0.0,0.0981711894273758,0.0,0.0,0.04041740298271179,107.98918914794922,44.74756622314453,0.5909589529037476,0.0,0.0,0.44674786925315857,152.2962646484375,86.06977081298828,0.5523218512535095,0.0,0.0,0.40930861234664917,138.40003967285156,87.00798034667969,0.6306072473526001,0.0,0.0,0.41209760308265686,55.889808654785156,135.87393188476562,0.7303797006607056,28.61396026611328,132.3009796142578,0.6506033539772034,0.0,0.0,0.31012701988220215,0.0,0.0,0.2608329951763153,0.0,0.0,0.04024108499288559,0.0,0.0,0.03326819837093353
245,True,96.62643432617188,25.86164093017578,0.5715276002883911,0.0,0.0,0.2697296738624573,0.0,0.0,0.29127615690231323,0.0,0.0,0.15181291103363037,0.0,0.0,0.08650805056095123,101.68843078613281,42.71086883544922,0.640491783618927,72.73273468017578,46.75889587402344,0.5673573613166809,0.0,0.0,0.46913832426071167,0.0,0.0,0.39073339104652405,135.48095703125,85.07036590576172,0.5324223637580872,0.0,0.0,0.34916287660598755,51.79085922241211,133.44912719726562,0.7092559337615967,32.60794448852539,130.64114379882812,0.653784453868866,0.0,0.0,0.35269635915756226,0.0,0.0,0.31836140155792236,0.0,0.0,0.05699717998504639,0.0,0.0,0.04975626617670059
246,True,0.0,0.0,0.20354731380939484,0.0,0.0,0.025111597031354904,0.0,0.0,0.17196455597877502,0.0,0.0,0.04726111516356468,0.0,0.0,0.2632623612880707,0.0,0.0,0.30771404504776,74.99905395507812,35.26866912841797,0.749683678150177,0.0,0.0,0.1371961385011673,113.91859436035156,79.97701263427734,0.6579526662826538,0.0,0.0,0.15744276344776154,0.0,0.0,0.3983365297317505,23.899749755859375,128.44749450683594,0.6191827058792114,31.856861114501953,130.17129516601562,0.7610964775085449,0.0,0.0,0.1254664659500122,0.0,0.0,0.22791121900081635,0.0,0.0,0.014267198741436005,0.0,0.0,0.021281663328409195
247,True,0.0,0.0,0.19471046328544617,0.0,0.0,0.11720500886440277,0.0,0.0,0.03609864041209221,0.0,0.0,0.27586629986763,0.0,0.0,0.01725102961063385,0.0,0.0,0.3942863643169403,0.0,0.0,0.3343814015388489,0.0,0.0,0.2804366648197174,0.0,0.0,0.22317089140415192,0.0,0.0,0.32468387484550476,0.0,0.0,0.1817128211259842,50.89780044555664,132.07223510742188,0.6185207366943359,45.402957916259766,126.44144439697266,0.5945282578468323,0.0,0.0,0.33822041749954224,0.0,0.0,0.3360897898674011,0.0,0.0,0.059313662350177765,0.0,0.0,0.06204475834965706
248,True,0.0,0.0,0.33375295996665955,0.0,0.0,0.31944549083709717,0.0,0.0,0.045862749218940735,0.0,0.0,0.34705960750579834,0.0,0.0,0.005590155720710754,109.85230255126953,36.490997314453125,0.5355541110038757,0.0,0.0,0.17975983023643494,154.435302734375,82.55287170410156,0.5741018652915955,0.0,0.0,0.12941084802150726,114.48587799072266,88.61968994140625,0.6340485215187073,0.0,0.0,0.17190930247306824,63.64862823486328,138.97103881835938,0.6625699996948242,0.0,0.0,0.4716011881828308,0.0,0.0,0.29074329137802124,0.0,0.0,0.1771925389766693,0.0,0.0,0.041260987520217896,0.0,0.0,0.02916601486504078
249,True,0.0,0.0,0.35694625973701477,0.0,0.0,0.27661624550819397,0.0,0.0,0.05583259090781212,0.0,0.0,0.28898102045059204,0.0,0.0,0.0071964445523917675,0.0,0.0,0.46220874786376953,0.0,0.0,0.3432878255844116,0.0,0.0,0.4524393677711487,0.0,0.0,0.2928094267845154,109.89125061035156,104.46359252929688,0.5730825066566467,0.0,0.0,0.31803950667381287,53.52139663696289,140.3332061767578,0.6039875149726868,29.776813507080078,133.63543701171875,0.5431241393089294,0.0,0.0,0.20310640335083008,0.0,0.0,0.19838160276412964,0.0,0.0,0.02502218261361122,0.0,0.0,0.02673506550490856
250,True,0.0,0.0,0.22935758531093597,0.0,0.0,0.15477344393730164,0.0,0.0,0.034615762531757355,0.0,0.0,0.23967939615249634,0.0,0.0,0.008891417644917965,0.0,0.0,0.40607380867004395,0.0,0.0,0.4675435423851013,0.0,0.0,0.2004423439502716,0.0,0.0,0.29868704080581665,0.0,0.0,0.21506862342357635,0.0,0.0,0.22241845726966858,0.0,0.0,0.4536508321762085,27.854434967041016,155.75804138183594,0.501151978969574,0.0,0.0,0.07317640632390976,0.0,0.0,0.1051279753446579,0.0,0.0,0.009236502461135387,0.0,0.0,0.013399314135313034
251,False,0.0,0.0,0.0,0.0,0.0,0.0,0.0,0.0,0.0,0.0,0.0,0.0,0.0,0.0,0.0,0.0,0.0,0.0,0.0,0.0,0.0,0.0,0.0,0.0,0.0,0.0,0.0,0.0,0.0,0.0,0.0,0.0,0.0,0.0,0.0,0.0,0.0,0.0,0.0,0.0,0.0,0.0,0.0,0.0,0.0,0.0,0.0,0.0,0.0,0.0,0.0
252,True,0.0,0.0,0.08980344235897064,0.0,0.0,0.03708004951477051,0.0,0.0,0.022120043635368347,0.0,0.0,0.11040662229061127,0.0,0.0,0.016246354207396507,0.0,0.0,0.2533925175666809,0.0,0.0,0.3110818564891815,0.0,0.0,0.16183769702911377,0.0,0.0,0.29481205344200134,0.0,0.0,0.15834689140319824,0.0,0.0,0.18946072459220886,35.672950744628906,154.79232788085938,0.533684253692627,31.62991714477539,150.7003173828125,0.5887881517410278,0.0,0.0,0.11539870500564575,0.0,0.0,0.1728997528553009,0.0,0.0,0.018901212140917778,0.0,0.0,0.02778535708785057
253,True,0.0,0.0,0.04745328053832054,0.0,0.0,0.03299230709671974,0.0,0.0,0.005806890781968832,0.0,0.0,0.12232915312051773,0.0,0.0,0.004797582048922777,0.0,0.0,0.22394263744354248,0.0,0.0,0.23909412324428558,0.0,0.0,0.3403909504413605,0.0,0.0,0.35964441299438477,0.0,0.0,0.33719128370285034,0.0,0.0,0.32850760221481323,34.44065856933594,125.30367279052734,0.6184214949607849,29.995134353637695,123.86548614501953,0.6425702571868896,0.0,0.0,0.13263443112373352,0.0,0.0,0.16171231865882874,0.0,0.0,0.011427205987274647,0.0,0.0,0.014968963339924812
254,True,0.0,0.0,0.046425171196460724,0.0,0.0,0.013150001876056194,0.0,0.0,0.012674182653427124,0.0,0.0,0.026810619980096817,0.0,0.0,0.010406197980046272,0.0,0.0,0.22544901072978973,0.0,0.0,0.16450253129005432,0.0,0.0,0.34596192836761475,0.0,0.0,0.40228238701820374,0.0,0.0,0.37568947672843933,0.0,0.0,0.3517313301563263,37.55085372924805,133.27447509765625,0.6672394871711731,24.44225311279297,135.73291015625,0.6248221397399902,0.0,0.0,0.1173691526055336,0.0,0.0,0.12901365756988525,0.0,0.0,0.012223759666085243,0.0,0.0,0.012958628125488758
255,True,0.0,0.0,0.004802515730261803,0.0,0.0,0.0005826161941513419,0.0,0.0,0.0014149460475891829,0.0,0.0,0.0035395873710513115,0.0,0.0,0.006731425877660513,0.0,0.0,0.1798914521932602,0.0,0.0,0.1367492973804474,82.4598159790039,67.41322326660156,0.5126524567604065,83.47689819335938,69.95794677734375,0.6291683316230774,135.39102172851562,74.507080078125,0.5972774624824524,142.5548095703125,77.1742935180664,0.6190476417541504,28.917999267578125,138.59814453125,0.7179052233695984,20.230369567871094,139.31463623046875,0.6764453053474426,0.0,0.0,0.10334981232881546,0.0,0.0,0.1100258007645607,0.0,0.0,0.006617909763008356,0.0,0.0,0.00644023809581995
256,True,0.0,0.0,0.015476145781576633,0.0,0.0,0.00320542068220675,0.0,0.0,0.00318677956238389,0.0,0.0,0.009091285057365894,0.0,0.0,0.004433500114828348,0.0,0.0,0.2908216416835785,0.0,0.0,0.0964987725019455,68.55887603759766,69.50569152832031,0.6416884064674377,0.0,0.0,0.39850717782974243,129.91619873046875,74.63812255859375,0.7081155180931091,134.52899169921875,76.00262451171875,0.50423264503479,30.51866912841797,147.74496459960938,0.8007471561431885,13.921676635742188,150.84109497070312,0.6630274653434753,0.0,0.0,0.15462909638881683,0.0,0.0,0.10451678931713104,0.0,0.0,0.01076755952090025,0.0,0.0,0.007643606513738632
257,True,0.0,0.0,0.0669507309794426,0.0,0.0,0.0032418344635516405,0.0,0.0,0.0566415935754776,0.0,0.0,0.0012000357965007424,0.0,0.0,0.12777389585971832,0.0,0.0,0.39033523201942444,0.0,0.0,0.18676362931728363,64.93038940429688,74.58413696289062,0.6679316163063049,0.0,0.0,0.4473322033882141,130.09896850585938,68.78106689453125,0.7412766814231873,133.68238830566406,79.48828125,0.5926445722579956,23.974411010742188,158.02093505859375,0.6953983902931213,0.0,0.0,0.49654796719551086,0.0,0.0,0.16852892935276031,0.0,0.0,0.09508735686540604,0.0,0.0,0.020701037719845772,0.0,0.0,0.010839058086276054
258,True,0.0,0.0,0.013246241956949234,0.0,0.0,0.0015863986918702722,0.0,0.0,0.004842726979404688,0.0,0.0,0.0036098267883062363,0.0,0.0,0.01126793771982193,0.0,0.0,0.22569064795970917,0.0,0.0,0.1268601417541504,73.27275085449219,82.4721908569336,0.5444265007972717,60.958526611328125,89.52879333496094,0.5050087571144104,132.623046875,67.740234375,0.672921895980835,137.8282928466797,74.30950164794922,0.6015622019767761,28.91826629638672,138.934326171875,0.6960324645042419,14.561225891113281,141.8545379638672,0.5960268378257751,0.0,0.0,0.18206065893173218,0.0,0.0,0.1521565020084381,0.0,0.0,0.015872346237301826,0.0,0.0,0.01240894477814436
259,True,0.0,0.0,0.017207397148013115,0.0,0.0,0.0035448302514851093,0.0,0.0,0.003087096381932497,0.0,0.0,0.011896583251655102,0.0,0.0,0.004297396168112755,0.0,0.0,0.24812039732933044,0.0,0.0,0.10862227529287338,66.69418334960938,84.07366943359375,0.5909681916236877,0.0,0.0,0.42639270424842834,129.17990112304688,65.97062683105469,0.756087064743042,135.9971923828125,68.19252014160156,0.5970282554626465,30.027896881103516,141.69903564453125,0.6952279806137085,20.730499267578125,142.7816162109375,0.5671729445457458,0.0,0.0,0.12266404181718826,0.0,0.0,0.09275087714195251,0.0,0.0,0.007013056892901659,0.0,0.0,0.005528318230062723
260,True,0.0,0.0,0.016446495428681374,0.0,0.0,0.000507853168528527,0.0,0.0,0.017061766237020493,0.0,0.0,0.0005137439584359527,0.0,0.0,0.0995183065533638,0.0,0.0,0.15634474158287048,0.0,0.0,0.3521765172481537,0.0,0.0,0.4017714560031891,55.940818786621094,83.48638916015625,0.8112266063690186,117.86024475097656,62.16603088378906,0.5564558506011963,122.72427368164062,64.05241394042969,0.8193051218986511,21.03063201904297,142.69473266601562,0.6013157367706299,15.827789306640625,148.49537658691406,0.6505990624427795,0.0,0.0,0.07972706109285355,0.0,0.0,0.11062723398208618,0.0,0.0,0.005987673066556454,0.0,0.0,0.006352566182613373
261,True,0.0,0.0,0.015458116307854652,0.0,0.0,0.0011835728073492646,0.0,0.0,0.008187607862055302,0.0,0.0,0.0020019991789013147,0.0,0.0,0.028648866340517998,0.0,0.0,0.25748854875564575,0.0,0.0,0.155925914645195,59.305419921875,67.85993957519531,0.6257671117782593,52.4058837890625,74.6820068359375,0.5803197026252747,120.31755828857422,61.121299743652344,0.7283147573471069,124.72041320800781,62.171512603759766,0.6823318600654602,23.32402801513672,144.423583984375,0.6864005327224731,12.933616638183594,149.26229858398438,0.573626697063446,0.0,0.0,0.1323164701461792,0.0,0.0,0.10505493730306625,0.0,0.0,0.010926072485744953,0.0,0.0,0.00802487414330244
262,True,0.0,0.0,0.012348062358796597,0.0,0.0,0.0006233666790649295,0.0,0.0,0.009036999195814133,0.0,0.0,0.0011311742709949613,0.0,0.0,0.05725828930735588,0.0,0.0,0.2750292718410492,0.0,0.0,0.26462066173553467,67.56880187988281,68.97706604003906,0.6209012269973755,63.429996490478516,72.7907943725586,0.7484654784202576,127.45421600341797,61.23283004760742,0.714877724647522,132.96615600585938,59.29759979248047,0.7721329927444458,23.992767333984375,136.94482421875,0.8049253821372986,16.063735961914062,140.74114990234375,0.7622504830360413,0.0,0.0,0.2327258288860321,0.0,0.0,0.2203434407711029,0.0,0.0,0.01878015138208866,0.0,0.0,0.015178133733570576
263,True,98.97818756103516,26.397178649902344,0.5604143142700195,0.0,0.0,0.05064679682254791,95.1949462890625,20.584747314453125,0.6776852607727051,0.0,0.0,0.0033109495416283607,79.95086669921875,20.339818954467773,0.795923113822937,80.26140594482422,50.428253173828125,0.6352726817131042,68.67471313476562,48.56201171875,0.6272002458572388,95.51127624511719,73.43814086914062,0.528087854385376,90.66544342041016,72.73092651367188,0.7085298299789429,127.72856140136719,64.11589050292969,0.6843478083610535,128.27682495117188,61.68813705444336,0.8316642642021179,0.0,0.0,0.35130617022514343,0.0,0.0,0.315775603055954,0.0,0.0,0.03229442611336708,0.0,0.0,0.033269647508859634,0.0,0.0,0.004717325791716576,0.0,0.0,0.003963219001889229
264,True,0.0,0.0,0.12233202159404755,0.0,0.0,0.00699947215616703,0.0,0.0,0.12816496193408966,0.0,0.0,0.0036571191158145666,0.0,0.0,0.32551082968711853,0.0,0.0,0.4400891065597534,0.0,0.0,0.47755560278892517,0.0,0.0,0.44515132904052734,79.74876403808594,75.08987426757812,0.6251972317695618,0.0,0.0,0.46755310893058777,137.05062866210938,59.83189392089844,0.5581496357917786,30.196006774902344,136.43783569335938,0.7229397296905518,24.644180297851562,138.8733367919922,0.6924095153808594,0.0,0.0,0.30113092064857483,0.0,0.0,0.28686103224754333,0.0,0.0,0.04858538135886192,0.0,0.0,0.03900500014424324
265,True,0.0,0.0,0.023525333032011986,0.0,0.0,0.003301963908597827,0.0,0.0,0.008290939033031464,0.0,0.0,0.005616485606878996,0.0,0.0,0.016396155580878258,0.0,0.0,0.3952711820602417,0.0,0.0,0.11073978990316391,76.0975341796875,71.58345031738281,0.7123023271560669,0.0,0.0,0.3558523952960968,129.48031616210938,63.192935943603516,0.7510347962379456,0.0,0.0,0.46876344084739685,29.259262084960938,152.9869842529297,0.8083027005195618,13.468109130859375,155.50794982910156,0.6181544661521912,0.0,0.0,0.16455917060375214,0.0,0.0,0.08732155710458755,0.0,0.0,0.01161564327776432,0.0,0.0,0.00643320893868804
266,True,0.0,0.0,0.04440861940383911,0.0,0.0,0.003805086947977543,0.0,0.0,0.023635314777493477,0.0,0.0,0.004048878792673349,0.0,0.0,0.06596561521291733,49.002845764160156,39.02814483642578,0.5015609860420227,0.0,0.0,0.22528354823589325,72.16773223876953,73.93356323242188,0.7302825450897217,0.0,0.0,0.4436339735984802,130.17953491210938,63.140811920166016,0.7525144815444946,131.42510986328125,65.22901916503906,0.529086709022522,28.608909606933594,150.08578491210938,0.8295630812644958,17.832717895507812,154.54000854492188,0.6660904288291931,0.0,0.0,0.2205228954553604,0.0,0.0,0.11947637051343918,0.0,0.0,0.017597941681742668,0.0,0.0,0.009222893975675106
267,True,0.0,0.0,0.015371864661574364,0.0,0.0,0.001592070097103715,0.0,0.0,0.0067383283749222755,0.0,0.0,0.002771630883216858,0.0,0.0,0.020478958263993263,0.0,0.0,0.29784396290779114,0.0,0.0,0.09393296390771866,71.82225799560547,68.70805358886719,0.6498637795448303,0.0,0.0,0.3755997121334076,130.96173095703125,65.09001159667969,0.7215573787689209,0.0,0.0,0.4982636868953705,27.970703125,152.48106384277344,0.7815793752670288,15.291046142578125,154.8126678466797,0.6054298877716064,0.0,0.0,0.13327568769454956,0.0,0.0,0.07493171095848083,0.0,0.0,0.008918629959225655,0.0,0.0,0.005085993558168411
268,True,0.0,0.0,0.009384553879499435,0.0,0.0,0.000529796292539686,0.0,0.0,0.006622280925512314,0.0,0.0,0.001205691252835095,0.0,0.0,0.04027775302529335,0.0,0.0,0.18324381113052368,0.0,0.0,0.17731434106826782,0.0,0.0,0.49922847747802734,70.9892807006836,81.7520751953125,0.6815734505653381,134.41664123535156,66.62844848632812,0.6357089281082153,141.4800567626953,66.2762451171875,0.7189569473266602,24.13105010986328,151.27418518066406,0.6370818614959717,18.051673889160156,155.01382446289062,0.5938345193862915,0.0,0.0,0.07357104122638702,0.0,0.0,0.0744035542011261,0.0,0.0,0.004723862744867802,0.0,0.0,0.0041017113253474236
269,True,0.0,0.0,0.007115770131349564,0.0,0.0,0.0005625404883176088,0.0,0.0,0.003393009537830949,0.0,0.0,0.0013821239117532969,0.0,0.0,0.015941129997372627,0.0,0.0,0.19720624387264252,0.0,0.0,0.0816466212272644,66.63406372070312,69.87224578857422,0.6322596073150635,0.0,0.0,0.4840603470802307,128.18215942382812,70.16400909423828,0.7351918816566467,133.90896606445312,70.88643646240234,0.6072648167610168,26.52051544189453,145.69400024414062,0.6728349328041077,16.69439697265625,149.6259307861328,0.5138325095176697,0.0,0.0,0.08788561075925827,0.0,0.0,0.057327333837747574,0.0,0.0,0.005187551490962505,0.0,0.0,0.0033024412114173174
270,True,0.0,0.0,0.023256564512848854,0.0,0.0,0.0011402196250855923,0.0,0.0,0.018568189814686775,0.0,0.0,0.0007891989662311971,0.0,0.0,0.0701485127210617,0.0,0.0,0.2570730745792389,0.0,0.0,0.11036857962608337,65.32029724121094,71.34747314453125,0.6597384810447693,0.0,0.0,0.43262961506843567,127.256103515625,72.16879272460938,0.7560420036315918,132.87457275390625,73.55563354492188,0.5876166820526123,27.856369018554688,150.6865234375,0.6776784062385559,0.0,0.0,0.47600382566452026,0.0,0.0,0.11626962572336197,0.0,0.0,0.060588255524635315,0.0,0.0,0.009530934505164623,0.0,0.0,0.004763859789818525
271,True,0.0,0.0,0.49102985858917236,0.0,0.0,0.04210164397954941,93.0243911743164,30.169769287109375,0.510331928730011,0.0,0.0,0.0034346403554081917,0.0,0.0,0.4807705581188202,52.15058517456055,49.41595458984375,0.6375285387039185,0.0,0.0,0.30053573846817017,72.62931060791016,73.43916320800781,0.6693413257598877,0.0,0.0,0.3243856430053711,128.9105224609375,70.42338562011719,0.7204224467277527,0.0,0.0,0.44879478216171265,25.745651245117188,152.66064453125,0.6203921437263489,0.0,0.0,0.3726663589477539,0.0,0.0,0.1546681821346283,0.0,0.0,0.06856081634759903,0.0,0.0,0.019160261377692223,0.0,0.0,0.008140620775520802
272,True,0.0,0.0,0.3402692377567291,0.0,0.0,0.018702806904911995,0.0,0.0,0.38243556022644043,0.0,0.0,0.0011110414052382112,0.0,0.0,0.39585015177726746,0.0,0.0,0.48029011487960815,0.0,0.0,0.19570329785346985,68.95140838623047,75.95973205566406,0.7059810757637024,0.0,0.0,0.39666733145713806,128.1050567626953,71.14158630371094,0.8164414763450623,134.08489990234375,74.87542724609375,0.6155568957328796,29.441543579101562,148.5430908203125,0.6172637343406677,0.0,0.0,0.3657778799533844,0.0,0.0,0.10984249413013458,0.0,0.0,0.047327425330877304,0.0,0.0,0.010450365953147411,0.0,0.0,0.004322150722146034
273,True,0.0,0.0,0.04325554892420769,0.0,0.0,0.001585907768458128,0.0,0.0,0.05571115016937256,0.0,0.0,0.0016214718343690038,0.0,0.0,0.3124423921108246,0.0,0.0,0.30316925048828125,60.79327392578125,29.00665283203125,0.5330600738525391,0.0,0.0,0.3922547698020935,87.804443359375,68.46662139892578,0.7927359342575073,0.0,0.0,0.4746091067790985,136.35452270507812,62.641334533691406,0.715021014213562,24.88359832763672,133.4229736328125,0.6853346228599548,23.13894271850586,134.75140380859375,0.7199404239654541,0.0,0.0,0.11399386823177338,0.0,0.0,0.14490818977355957,0.0,0.0,0.00943829957395792,0.0,0.0,0.009297464042901993
274,True,95.20157623291016,39.804100036621094,0.8459184765815735,0.0,0.0,0.08165895938873291,94.99888610839844,29.558364868164062,0.9339792132377625,0.0,0.0,0.0026382114738225937,72.201416015625,16.810379028320312,0.9293007254600525,44.59174728393555,45.160255432128906,0.6258086562156677,44.702735900878906,42.81256866455078,0.9007660150527954,0.0,0.0,0.4174596667289734,76.64837646484375,79.71099853515625,0.9111084938049316,124.8250732421875,71.26580810546875,0.6010215878486633,133.78375244140625,74.53430938720703,0.8986697196960449,21.762004852294922,137.08316040039062,0.6578654646873474,20.537372589111328,140.244873046875,0.7509534358978271,0.0,0.0,0.10931693017482758,0.0,0.0,0.17143988609313965,0.0,0.0,0.008524857461452484,0.0,0.0,0.009316505864262581
275,True,95.95111846923828,38.593719482421875,0.8287908434867859,0.0,0.0,0.07696446031332016,95.61334228515625,28.448211669921875,0.9192453026771545,0.0,0.0,0.0021573540288954973,71.58842468261719,15.751548767089844,0.9064211845397949,45.15300750732422,45.343055725097656,0.6262302398681641,42.19170379638672,42.00439453125,0.8248957395553589,0.0,0.0,0.46796053647994995,72.17765045166016,81.31407165527344,0.8416347503662109,125.78060913085938,70.90469360351562,0.6373728513717651,134.82162475585938,75.22221374511719,0.8497900366783142,22.219223022460938,141.25746154785156,0.6016930341720581,18.858299255371094,144.17315673828125,0.6302365064620972,0.0,0.0,0.09666906297206879,0.0,0.0,0.11468607932329178,0.0,0.0,0.00816365797072649,0.0,0.0,0.007061364129185677
276,True,0.0,0.0,0.4967292249202728,0.0,0.0,0.019428366795182228,93.69149780273438,31.580703735351562,0.6537918448448181,0.0,0.0,0.001548914355225861,73.97691345214844,17.977027893066406,0.7213714718818665,0.0,0.0,0.41047152876853943,46.71653747558594,38.50885009765625,0.7796476483345032,0.0,0.0,0.40179574489593506,71.6915283203125,83.20420837402344,0.8939334750175476,125.70207977294922,70.77909851074219,0.6038170456886292,135.15960693359375,73.52337646484375,0.8904367685317993,22.00035858154297,138.48953247070312,0.5903100371360779,19.943038940429688,143.68585205078125,0.6847720146179199,0.0,0.0,0.07729828357696533,0.0,0.0,0.12173309177160263,0.0,0.0,0.0062063755467534065,0.0,0.0,0.006774757988750935
277,True,0.0,0.0,0.040106114000082016,0.0,0.0,0.0008908190065994859,0.0,0.0,0.07436730712652206,0.0,0.0,0.00032771797850728035,0.0,0.0,0.3924906253814697,0.0,0.0,0.18313421308994293,0.0,0.0,0.37117233872413635,0.0,0.0,0.35293033719062805,72.8844985961914,73.83505249023438,0.7665587663650513,124.44513702392578,65.28089904785156,0.5199165940284729,133.7677459716797,65.97273254394531,0.7792708277702332,27.213111877441406,133.7159423828125,0.6236109137535095,25.353858947753906,137.53453063964844,0.6497387290000916,0.0,0.0,0.11341299116611481,0.0,0.0,0.13137812912464142,0.0,0.0,0.009872390888631344,0.0,0.0,0.008550060912966728
278,True,0.0,0.0,0.04593491554260254,0.0,0.0,0.0009015146060846746,0.0,0.0,0.13687659800052643,0.0,0.0,0.0005531380884349346,72.91658782958984,32.004310607910156,0.627253532409668,0.0,0.0,0.07300411909818649,54.6728630065918,44.98480224609375,0.6977525949478149,0.0,0.0,0.048623405396938324,84.44551086425781,71.38986206054688,0.8870805501937866,0.0,0.0,0.09445037692785263,134.66294860839844,56.53771209716797,0.7766006588935852,0.0,0.0,0.41677919030189514,29.220680236816406,136.66551208496094,0.7430993318557739,0.0,0.0,0.07575725764036179,0.0,0.0,0.2579222619533539,0.0,0.0,0.012171832844614983,0.0,0.0,0.02611863613128662
279,True,0.0,0.0,0.03196195513010025,0.0,0.0,0.0015578482998535037,0.0,0.0,0.031624842435121536,0.0,0.0,0.0029345666989684105,0.0,0.0,0.18681128323078156,0.0,0.0,0.3208587169647217,0.0,0.0,0.48852208256721497,0.0,0.0,0.41255274415016174,79.83074188232422,68.62690734863281,0.7627309560775757,0.0,0.0,0.45929720997810364,138.46389770507812,48.274871826171875,0.6788956522941589,20.24102020263672,134.1373748779297,0.7451289296150208,25.58209228515625,137.4013671875,0.7697555422782898,0.0,0.0,0.20786823332309723,0.0,0.0,0.2564317286014557,0.0,0.0,0.020050378516316414,0.0,0.0,0.02061792090535164
280,True,0.0,0.0,0.08620398491621017,0.0,0.0,0.010396229103207588,0.0,0.0,0.05105191096663475,0.0,0.0,0.05615276098251343,0.0,0.0,0.25436243414878845,20.124801635742188,44.110206604003906,0.6960251927375793,44.25689697265625,47.62822723388672,0.7447647452354431,0.0,0.0,0.48194459080696106,86.06426239013672,68.3167724609375,0.7141513824462891,0.0,0.0,0.3501020669937134,0.0,0.0,0.4765978455543518,17.69354248046875,138.8818359375,0.8303241729736328,33.13845443725586,141.80902099609375,0.8398749232292175,0.0,0.0,0.37129154801368713,0.0,0.0,0.4336557984352112,0.0,0.0,0.05151257663965225,0.0,0.0,0.05805785208940506
281,True,0.0,0.0,0.079583078622818,0.0,0.0,0.007027895655483007,0.0,0.0,0.05896021053195,0.0,0.0,0.009138127788901329,0.0,0.0,0.17035721242427826,0.0,0.0,0.40900710225105286,0.0,0.0,0.4320140480995178,0.0,0.0,0.4169321060180664,81.33109283447266,68.55221557617188,0.5653024315834045,0.0,0.0,0.3977956473827362,0.0,0.0,0.4516027569770813,29.067855834960938,131.39474487304688,0.7203159928321838,28.508895874023438,134.38694763183594,0.6954835057258606,0.0,0.0,0.3072030246257782,0.0,0.0,0.3048850893974304,0.0,0.0,0.04566999897360802,0.0,0.0,0.03976619616150856
282,True,0.0,0.0,0.03250209242105484,0.0,0.0,0.002108038170263171,0.0,0.0,0.025474073365330696,0.0,0.0,0.002581936540082097,0.0,0.0,0.097452811896801,0.0,0.0,0.3133780062198639,0.0,0.0,0.3304278552532196,74.82778930664062,56.03221893310547,0.5308071970939636,71.4415283203125,68.37545776367188,0.7151145339012146,131.32711791992188,16.14075469970703,0.5167790055274963,134.32093811035156,24.938705444335938,0.6299947500228882,31.921188354492188,137.737060546875,0.6894811391830444,21.442222595214844,141.76629638671875,0.6671780943870544,0.0,0.0,0.15813422203063965,0.0,0.0,0.1707753986120224,0.0,0.0,0.018167123198509216,0.0,0.0,0.01681491546332836
283,True,0.0,0.0,0.006803631316870451,0.0,0.0,0.0011643237667158246,0.0,0.0,0.001484373235143721,0.0,0.0,0.0033755339682102203,0.0,0.0,0.0037384009920060635,0.0,0.0,0.2654458284378052,0.0,0.0,0.039570119231939316,77.4618911743164,60.608154296875,0.7459554076194763,0.0,0.0,0.2628723084926605,127.52153015136719,11.163429260253906,0.7526130676269531,0.0,0.0,0.3598070740699768,29.086776733398438,145.22531127929688,0.7116830348968506,0.0,0.0,0.45675426721572876,0.0,0.0,0.18170060217380524,0.0,0.0,0.08980268985033035,0.0,0.0,0.01387149840593338,0.0,0.0,0.007279691752046347
284,True,54.61735153198242,24.8839111328125,0.506365180015564,0.0,0.0,0.3138507902622223,0.0,0.0,0.27311939001083374,0.0,0.0,0.14963285624980927,0.0,0.0,0.10474389791488647,61.27095031738281,41.29900360107422,0.5835328698158264,39.3060417175293,38.43351745605469,0.5235739946365356,0.0,0.0,0.4112425744533539,0.0,0.0,0.3725728690624237,0.0,0.0,0.3505639135837555,0.0,0.0,0.2905609607696533,40.952293395996094,122.7558364868164,0.8118125200271606,26.66236686706543,121.02168273925781,0.7871083617210388,0.0,0.0,0.45713457465171814,0.0,0.0,0.4349355101585388,0.0,0.0,0.10877411812543869,0.0,0.0,0.10244554281234741
285,True,0.0,0.0,0.059820808470249176,0.0,0.0,0.00412454828619957,0.0,0.0,0.06516706943511963,0.0,0.0,0.005352308042347431,0.0,0.0,0.2320866882801056,0.0,0.0,0.28638312220573425,0.0,0.0,0.46815991401672363,0.0,0.0,0.26911142468452454,78.89308166503906,58.96906280517578,0.6743606328964233,0.0,0.0,0.2662886083126068,132.62371826171875,13.573287963867188,0.513968825340271,22.709136962890625,135.04803466796875,0.6857467293739319,24.513534545898438,138.2585906982422,0.7410033941268921,0.0,0.0,0.25396808981895447,0.0,0.0,0.3402312099933624,0.0,0.0,0.04234200716018677,0.0,0.0,0.04861718416213989
286,True,0.0,0.0,0.10756475478410721,0.0,0.0,0.004570756573230028,0.0,0.0,0.16856925189495087,0.0,0.0,0.003130608471110463,57.550048828125,21.370361328125,0.5440875887870789,0.0,0.0,0.364528089761734,41.618499755859375,40.852996826171875,0.7531933188438416,0.0,0.0,0.2970004677772522,70.28775024414062,55.32915496826172,0.8835026621818542,0.0,0.0,0.2725781798362732,121.62490844726562,9.41461181640625,0.7409467101097107,20.345821380615234,131.1285400390625,0.7851585745811462,23.48074722290039,134.61749267578125,0.8769947290420532,0.0,0.0,0.2586371898651123,0.0,0.0,0.43285736441612244,0.0,0.0,0.03349447250366211,0.0,0.0,0.04747256636619568
287,True,0.0,0.0,0.2813768684864044,0.0,0.0,0.01741192303597927,0.0,0.0,0.33350661396980286,0.0,0.0,0.0027198209427297115,0.0,0.0,0.4577799141407013,0.0,0.0,0.47507110238075256,0.0,0.0,0.4056146740913391,60.41986846923828,89.98683166503906,0.5157656669616699,45.946815490722656,70.4542236328125,0.5436318516731262,111.22987365722656,82.8280029296875,0.5975945591926575,120.18524169921875,35.8145751953125,0.602531909942627,22.15923309326172,157.33187866210938,0.6183401346206665,10.258003234863281,158.29356384277344,0.5189085006713867,0.0,0.0,0.12992969155311584,0.0,0.0,0.09963910281658173,0.0,0.0,0.014555619098246098,0.0,0.0,0.009830843657255173
288,False,0.0,0.0,0.0,0.0,0.0,0.0,0.0,0.0,0.0,0.0,0.0,0.0,0.0,0.0,0.0,0.0,0.0,0.0,0.0,0.0,0.0,0.0,0.0,0.0,0.0,0.0,0.0,0.0,0.0,0.0,0.0,0.0,0.0,0.0,0.0,0.0,0.0,0.0,0.0,0.0,0.0,0.0,0.0,0.0,0.0,0.0,0.0,0.0,0.0,0.0,0.0
289,True,0.0,0.0,0.4934719204902649,0.0,0.0,0.11185753345489502,0.0,0.0,0.3384014964103699,0.0,0.0,0.02339204214513302,0.0,0.0,0.19916094839572906,37.9735107421875,57.234405517578125,0.7905592322349548,0.0,0.0,0.3545910716056824,48.94011688232422,93.36016082763672,0.8585127592086792,0.0,0.0,0.29199761152267456,97.62845611572266,75.59686279296875,0.8417049050331116,0.0,0.0,0.414134681224823,26.153244018554688,165.45645141601562,0.7210455536842346,0.0,0.0,0.4122435450553894,0.0,0.0,0.13230375945568085,0.0,0.0,0.044277921319007874,0.0,0.0,0.012303098104894161,0.0,0.0,0.004753877408802509
290,True,84.58622741699219,40.67140197753906,0.8554304838180542,0.0,0.0,0.329058438539505,86.96237182617188,26.99566650390625,0.8593122363090515,0.0,0.0,0.01787755824625492,65.30619049072266,9.250686645507812,0.6272885203361511,40.9293327331543,53.23429870605469,0.7631159424781799,0.0,0.0,0.44102779030799866,51.371028900146484,90.33648681640625,0.6692217588424683,0.0,0.0,0.2556665241718292,95.61609649658203,71.20047760009766,0.7056543231010437,0.0,0.0,0.3948008418083191,28.57549285888672,149.4156036376953,0.5145671963691711,0.0,0.0,0.2820529043674469,0.0,0.0,0.13675719499588013,0.0,0.0,0.057445988059043884,0.0,0.0,0.017020368948578835,0.0,0.0,0.007526550441980362
291,True,84.60238647460938,39.76576232910156,0.6828303337097168,0.0,0.0,0.18483495712280273,88.41633605957031,28.869110107421875,0.6143360137939453,0.0,0.0,0.01835748367011547,0.0,0.0,0.4416329562664032,43.159027099609375,56.18043899536133,0.8138334155082703,0.0,0.0,0.3517884910106659,56.08858108520508,89.52349090576172,0.8649664521217346,0.0,0.0,0.28648653626441956,97.54169464111328,76.70523071289062,0.8585439324378967,0.0,0.0,0.4218907058238983,25.335113525390625,148.65972900390625,0.7441760897636414,0.0,0.0,0.42283865809440613,0.0,0.0,0.2051668018102646,0.0,0.0,0.06685872375965118,0.0,0.0,0.020274551585316658,0.0,0.0,0.007205482106655836
292,True,81.88385772705078,40.58001708984375,0.8106469511985779,0.0,0.0,0.3708489239215851,82.93984985351562,28.2626953125,0.7508230209350586,0.0,0.0,0.020489023998379707,0.0,0.0,0.45441168546676636,43.444252014160156,61.43302536010742,0.8119441866874695,0.0,0.0,0.13458900153636932,62.37849426269531,90.36579132080078,0.8140897750854492,0.0,0.0,0.050672437995672226,101.89698028564453,71.6639175415039,0.7972949147224426,0.0,0.0,0.13219724595546722,29.240264892578125,147.2408905029297,0.6079944968223572,0.0,0.0,0.18325115740299225,0.0,0.0,0.2305431365966797,0.0,0.0,0.042661238461732864,0.0,0.0,0.03064708784222603,0.0,0.0,0.007064607925713062
293,True,81.0406494140625,37.193809509277344,0.567563533782959,0.0,0.0,0.11590861529111862,83.04601287841797,26.9783935546875,0.5683595538139343,0.0,0.0,0.012461471371352673,0.0,0.0,0.3928010165691376,0.0,0.0,0.42788130044937134,0.0,0.0,0.35294559597969055,0.0,0.0,0.3430516719818115,0.0,0.0,0.28411585092544556,0.0,0.0,0.4181717038154602,0.0,0.0,0.3299613296985626,0.0,0.0,0.4758242964744568,0.0,0.0,0.380431205034256,0.0,0.0,0.1304704248905182,0.0,0.0,0.0966549962759018,0.0,0.0,0.018022432923316956,0.0,0.0,0.012396085076034069
294,True,76.19202423095703,43.78486633300781,0.6445117592811584,0.0,0.0,0.09891806542873383,74.80632781982422,34.21710968017578,0.739665687084198,0.0,0.0,0.004431862849742174,51.68783950805664,22.59308624267578,0.6457810401916504,0.0,0.0,0.4681851863861084,0.0,0.0,0.28263571858406067,0.0,0.0,0.38419419527053833,0.0,0.0,0.2737365961074829,0.0,0.0,0.47915545105934143,0.0,0.0,0.37371936440467834,0.0,0.0,0.4600878059864044,0.0,0.0,0.3213386535644531,0.0,0.0,0.1463049054145813,0.0,0.0,0.08930370956659317,0.0,0.0,0.022069882601499557,0.0,0.0,0.012430298142135143
295,False,0.0,0.0,0.0,0.0,0.0,0.0,0.0,0.0,0.0,0.0,0.0,0.0,0.0,0.0,0.0,0.0,0.0,0.0,0.0,0.0,0.0,0.0,0.0,0.0,0.0,0.0,0.0,0.0,0.0,0.0,0.0,0.0,0.0,0.0,0.0,0.0,0.0,0.0,0.0,0.0,0.0,0.0,0.0,0.0,0.0,0.0,0.0,0.0,0.0,0.0,0.0
296,False,0.0,0.0,0.0,0.0,0.0,0.0,0.0,0.0,0.0,0.0,0.0,0.0,0.0,0.0,0.0,0.0,0.0,0.0,0.0,0.0,0.0,0.0,0.0,0.0,0.0,0.0,0.0,0.0,0.0,0.0,0.0,0.0,0.0,0.0,0.0,0.0,0.0,0.0,0.0,0.0,0.0,0.0,0.0,0.0,0.0,0.0,0.0,0.0,0.0,0.0,0.0
297,False,0.0,0.0,0.0,0.0,0.0,0.0,0.0,0.0,0.0,0.0,0.0,0.0,0.0,0.0,0.0,0.0,0.0,0.0,0.0,0.0,0.0,0.0,0.0,0.0,0.0,0.0,0.0,0.0,0.0,0.0,0.0,0.0,0.0,0.0,0.0,0.0,0.0,0.0,0.0,0.0,0.0,0.0,0.0,0.0,0.0,0.0,0.0,0.0,0.0,0.0,0.0
298,True,0.0,0.0,0.033219560980796814,0.0,0.0,0.0033420617692172527,0.0,0.0,0.01945558376610279,0.0,0.0,0.0019236755324527621,0.0,0.0,0.024546226486563683,0.0,0.0,0.13604773581027985,0.0,0.0,0.10195603966712952,0.0,0.0,0.36190465092658997,0.0,0.0,0.37657538056373596,101.70454406738281,76.92588806152344,0.5397207736968994,100.2821273803711,78.55535888671875,0.5444524884223938,0.0,0.0,0.37532734870910645,0.0,0.0,0.3002088665962219,0.0,0.0,0.062225304543972015,0.0,0.0,0.05272849649190903,0.0,0.0,0.006660045590251684,0.0,0.0,0.005258567165583372
299,False,0.0,0.0,0.0,0.0,0.0,0.0,0.0,0.0,0.0,0.0,0.0,0.0,0.0,0.0,0.0,0.0,0.0,0.0,0.0,0.0,0.0,0.0,0.0,0.0,0.0,0.0,0.0,0.0,0.0,0.0,0.0,0.0,0.0,0.0,0.0,0.0,0.0,0.0,0.0,0.0,0.0,0.0,0.0,0.0,0.0,0.0,0.0,0.0,0.0,0.0,0.0
300,True,0.0,0.0,0.02958681434392929,0.0,0.0,0.0035789860412478447,0.0,0.0,0.015141092240810394,0.0,0.0,0.0013721778523176908,0.0,0.0,0.01993570476770401,0.0,0.0,0.12296261638402939,0.0,0.0,0.05471014231443405,0.0,0.0,0.48258522152900696,0.0,0.0,0.2473541647195816,72.3724136352539,98.91851806640625,0.717347264289856,70.63629150390625,101.9033203125,0.5466453433036804,0.0,0.0,0.4364725649356842,0.0,0.0,0.2707666754722595,0.0,0.0,0.0719614028930664,0.0,0.0,0.03658369928598404,0.0,0.0,0.006471020635217428,0.0,0.0,0.0034315064549446106
301,True,0.0,0.0,0.14378990232944489,0.0,0.0,0.02827085368335247,0.0,0.0,0.08533892035484314,0.0,0.0,0.010734235867857933,0.0,0.0,0.061549484729766846,0.0,0.0,0.3350231647491455,0.0,0.0,0.2702465057373047,0.0,0.0,0.48025235533714294,0.0,0.0,0.35625341534614563,71.39982604980469,93.65791320800781,0.5901591181755066,0.0,0.0,0.46986427903175354,37.541561126708984,142.96530151367188,0.657448947429657,8.849578857421875,142.25222778320312,0.5570749640464783,0.0,0.0,0.1294797956943512,0.0,0.0,0.09258907288312912,0.0,0.0,0.011277919635176659,0.0,0.0,0.007941588759422302
302,True,74.31920623779297,41.07726287841797,0.6947042942047119,0.0,0.0,0.15652698278427124,71.30335998535156,29.16071319580078,0.6871264576911926,0.0,0.0,0.009398141875863075,0.0,0.0,0.4102894067764282,45.79466247558594,49.143218994140625,0.5105664730072021,0.0,0.0,0.48907917737960815,0.0,0.0,0.4609264135360718,0.0,0.0,0.4975883960723877,83.31863403320312,99.05447387695312,0.610697865486145,80.86135864257812,103.56172180175781,0.6336671710014343,0.0,0.0,0.41286346316337585,0.0,0.0,0.3444332182407379,0.0,0.0,0.04993952810764313,0.0,0.0,0.0381460003554821,0.0,0.0,0.003988813608884811,0.0,0.0,0.002873428165912628
303,True,69.90380096435547,44.967716217041016,0.8234004974365234,0.0,0.0,0.3609027862548828,67.4489974975586,26.2796630859375,0.8084086775779724,0.0,0.0,0.019812067970633507,0.0,0.0,0.2368445098400116,0.0,0.0,0.17387276887893677,0.0,0.0,0.2611459791660309,0.0,0.0,0.058226440101861954,0.0,0.0,0.138079434633255,0.0,0.0,0.2632957994937897,0.0,0.0,0.3940233886241913,0.0,0.0,0.04744938015937805,0.0,0.0,0.054384130984544754,0.0,0.0,0.025340231135487556,0.0,0.0,0.029617249965667725,0.0,0.0,0.006645134184509516,0.0,0.0,0.006960758939385414
304,True,70.9119873046875,44.841888427734375,0.7878585457801819,0.0,0.0,0.1815856248140335,65.89683532714844,33.48627471923828,0.8141351342201233,0.0,0.0,0.005191692616790533,41.29596710205078,18.625953674316406,0.5478008389472961,39.45732498168945,52.67381286621094,0.5063951015472412,0.0,0.0,0.40946659445762634,0.0,0.0,0.4488676190376282,0.0,0.0,0.41002893447875977,79.6722412109375,96.0701904296875,0.6727743744850159,78.76820373535156,112.6038589477539,0.6704536080360413,0.0,0.0,0.24970702826976776,0.0,0.0,0.17827990651130676,0.0,0.0,0.05314416438341141,0.0,0.0,0.03577028959989548,0.0,0.0,0.006925710942596197,0.0,0.0,0.004360917955636978
305,True,70.06807708740234,46.038368225097656,0.8549845218658447,0.0,0.0,0.21521957218647003,67.80735778808594,33.67516326904297,0.8803974986076355,0.0,0.0,0.005217197351157665,43.548709869384766,15.277275085449219,0.6465797424316406,33.67731857299805,56.69903564453125,0.6219381093978882,0.0,0.0,0.46691396832466125,0.0,0.0,0.49306049942970276,0.0,0.0,0.40509262681007385,82.42533111572266,95.19160461425781,0.7259228229522705,77.03164672851562,114.94186401367188,0.6887943744659424,0.0,0.0,0.13557742536067963,0.0,0.0,0.0872398093342781,0.0,0.0,0.06515196710824966,0.0,0.0,0.04193038120865822,0.0,0.0,0.013352528214454651,0.0,0.0,0.00798371434211731
306,True,70.94917297363281,48.027587890625,0.8681836128234863,0.0,0.0,0.20683550834655762,68.21310424804688,36.15812683105469,0.9103056788444519,0.0,0.0,0.004979102872312069,44.13046646118164,19.43608856201172,0.7664611339569092,36.039520263671875,58.008544921875,0.6630145907402039,14.888916015625,47.39225769042969,0.642510175704956,0.0,0.0,0.43711429834365845,12.828559875488281,119.10784149169922,0.5505818128585815,91.14668273925781,91.4214096069336,0.6456388235092163,82.41615295410156,111.28596496582031,0.7276164293289185,0.0,0.0,0.21575278043746948,0.0,0.0,0.18259069323539734,0.0,0.0,0.11107980459928513,0.0,0.0,0.09421348571777344,0.0,0.0,0.020770465955138206,0.0,0.0,0.014835725538432598
307,True,67.63528442382812,45.29252624511719,0.7655104398727417,0.0,0.0,0.13230562210083008,66.26998901367188,35.05335235595703,0.8038654923439026,0.0,0.0,0.005268788430839777,44.38866424560547,19.06988525390625,0.5562101602554321,32.024227142333984,49.13934326171875,0.5556941628456116,15.470100402832031,48.875343322753906,0.5357845425605774,0.0,0.0,0.4689074456691742,16.502140045166016,119.10479736328125,0.5470629334449768,98.50796508789062,69.2872314453125,0.6291108131408691,90.60977172851562,109.92172241210938,0.693713903427124,0.0,0.0,0.32459747791290283,0.0,0.0,0.2694018483161926,0.0,0.0,0.07759616523981094,0.0,0.0,0.06548263877630234,0.0,0.0,0.01117940153926611,0.0,0.0,0.008153329603374004
308,True,70.68748474121094,47.82635498046875,0.8771867752075195,0.0,0.0,0.24325506389141083,66.85841369628906,35.95696258544922,0.9024971127510071,0.0,0.0,0.006003248505294323,41.55040740966797,22.989601135253906,0.6862718462944031,39.04988479614258,59.93817138671875,0.6929786205291748,13.09588623046875,53.54841613769531,0.5031235218048096,57.99348449707031,107.62944793701172,0.5235849618911743,0.0,0.0,0.42729032039642334,107.45637512207031,68.61260986328125,0.6951013207435608,94.44366455078125,107.41184997558594,0.6456320285797119,0.0,0.0,0.23637712001800537,0.0,0.0,0.15592314302921295,0.0,0.0,0.06217074394226074,0.0,0.0,0.040954917669296265,0.0,0.0,0.007772963494062424,0.0,0.0,0.004649492911994457
309,True,69.940673828125,46.17988586425781,0.7972474098205566,0.0,0.0,0.12808792293071747,66.94731140136719,35.65496826171875,0.8486793637275696,0.0,0.0,0.0036204105708748102,44.01739501953125,20.16644287109375,0.6641727685928345,34.728599548339844,49.13795471191406,0.5258545875549316,18.125171661376953,46.318756103515625,0.610344648361206,0.0,0.0,0.43927472829818726,12.432807922363281,115.5896987915039,0.6520626544952393,89.49923706054688,88.85580444335938,0.6740183234214783,74.20616149902344,118.08506774902344,0.8065580129623413,0.0,0.0,0.34566718339920044,0.0,0.0,0.3317578136920929,0.0,0.0,0.06500066816806793,0.0,0.0,0.06343679130077362,0.0,0.0,0.00615621218457818,0.0,0.0,0.0049428208731114864
310,True,69.30523681640625,46.661277770996094,0.8716278076171875,0.0,0.0,0.19535622000694275,66.798583984375,34.20436096191406,0.9386117458343506,0.0,0.0,0.004023253917694092,41.19590759277344,19.16057586669922,0.8084697723388672,0.0,0.0,0.426175057888031,13.140403747558594,52.19694519042969,0.5737507343292236,0.0,0.0,0.15772518515586853,0.0,0.0,0.4386937916278839,0.0,0.0,0.3511843979358673,96.30075073242188,104.5118179321289,0.6087533831596375,0.0,0.0,0.17367640137672424,0.0,0.0,0.19103090465068817,0.0,0.0,0.0767245963215828,0.0,0.0,0.08934645354747772,0.0,0.0,0.015140552073717117,0.0,0.0,0.013686084188520908
311,True,66.34410095214844,48.26466369628906,0.8848240375518799,0.0,0.0,0.23076026141643524,64.65135192871094,32.93955993652344,0.9610205292701721,0.0,0.0,0.0035099920351058245,39.332427978515625,19.54138946533203,0.8552549481391907,0.0,0.0,0.14416973292827606,0.0,0.0,0.4028184115886688,0.0,0.0,0.019559914246201515,0.0,0.0,0.19678552448749542,0.0,0.0,0.09599784016609192,0.0,0.0,0.4115999639034271,0.0,0.0,0.02207670919597149,0.0,0.0,0.040137775242328644,0.0,0.0,0.05830587446689606,0.0,0.0,0.1011706069111824,0.0,0.0,0.036280713975429535,0.0,0.0,0.044747501611709595
312,True,68.16252136230469,45.556427001953125,0.7944595813751221,0.0,0.0,0.12498603761196136,67.55662536621094,33.57866668701172,0.8897619247436523,0.0,0.0,0.0047375853173434734,47.253936767578125,19.58757781982422,0.7837294936180115,0.0,0.0,0.3979203999042511,14.453479766845703,55.39689636230469,0.7417640089988708,0.0,0.0,0.15723566710948944,12.461448669433594,122.72427368164062,0.6751741766929626,0.0,0.0,0.3373589813709259,82.34141540527344,115.82879638671875,0.7517544031143188,0.0,0.0,0.2031804919242859,0.0,0.0,0.3002077639102936,0.0,0.0,0.09695787727832794,0.0,0.0,0.15754231810569763,0.0,0.0,0.020108435302972794,0.0,0.0,0.024082375690340996
313,True,68.58244323730469,45.94062042236328,0.9071276187896729,0.0,0.0,0.23609504103660583,65.69768524169922,31.6962890625,0.9611905813217163,0.0,0.0,0.004152527078986168,40.79545974731445,19.28614044189453,0.8488146662712097,0.0,0.0,0.3047131299972534,13.38320541381836,61.28233337402344,0.6284348368644714,0.0,0.0,0.06772405654191971,0.0,0.0,0.4983161389827728,0.0,0.0,0.21074576675891876,98.00640106201172,102.847412109375,0.6591265797615051,0.0,0.0,0.062294136732816696,0.0,0.0,0.10656921565532684,0.0,0.0,0.03199951723217964,0.0,0.0,0.058988284319639206,0.0,0.0,0.007336802314966917,0.0,0.0,0.009378722868859768
314,True,68.25411987304688,44.38648986816406,0.8920909762382507,0.0,0.0,0.18037770688533783,63.571861267089844,31.233657836914062,0.9519718885421753,0.0,0.0,0.002139259362593293,35.801822662353516,19.46044921875,0.8523200154304504,0.0,0.0,0.34456586837768555,12.3233642578125,60.17491149902344,0.5896016955375671,0.0,0.0,0.13649773597717285,14.176460266113281,130.08657836914062,0.5247790813446045,0.0,0.0,0.3736722767353058,84.3201904296875,115.77090454101562,0.7368771433830261,0.0,0.0,0.1511111855506897,0.0,0.0,0.1901252269744873,0.0,0.0,0.05679760500788689,0.0,0.0,0.07472268491983414,0.0,0.0,0.00955343246459961,0.0,0.0,0.009391853585839272
315,True,67.99783325195312,40.577880859375,0.827149510383606,0.0,0.0,0.11676795780658722,66.20584106445312,26.71502685546875,0.9247880578041077,0.0,0.0,0.002230084501206875,43.10423278808594,9.05718994140625,0.8059625625610352,0.0,0.0,0.2438155859708786,14.995132446289062,46.8719482421875,0.6642972826957703,0.0,0.0,0.07190151512622833,15.668571472167969,131.37203979492188,0.6145502924919128,0.0,0.0,0.24777637422084808,79.67491149902344,118.05697631835938,0.7660210132598877,0.0,0.0,0.06264057010412216,0.0,0.0,0.12111154198646545,0.0,0.0,0.03336944058537483,0.0,0.0,0.07012542337179184,0.0,0.0,0.008619735017418861,0.0,0.0,0.012168679386377335
316,True,68.15895080566406,35.34984588623047,0.662905216217041,0.0,0.0,0.08739220350980759,67.14405059814453,19.11774444580078,0.7482587695121765,0.0,0.0,0.004779847338795662,45.46107482910156,10.357994079589844,0.6556726694107056,0.0,0.0,0.31144312024116516,0.0,0.0,0.3756566047668457,0.0,0.0,0.14000734686851501,0.0,0.0,0.24403928220272064,0.0,0.0,0.3698109984397888,68.97882843017578,133.32003784179688,0.5241819620132446,0.0,0.0,0.02708241529762745,0.0,0.0,0.025430504232645035,0.0,0.0,0.018978862091898918,0.0,0.0,0.018312597647309303,0.0,0.0,0.006733887828886509,0.0,0.0,0.005608153063803911
317,True,65.57073974609375,48.042869567871094,0.8352897763252258,0.0,0.0,0.27640822529792786,65.92256164550781,27.02733612060547,0.8906606435775757,0.0,0.0,0.013703186064958572,46.04883575439453,8.760032653808594,0.5884106159210205,0.0,0.0,0.23603148758411407,0.0,0.0,0.27455422282218933,0.0,0.0,0.0705525279045105,0.0,0.0,0.14142297208309174,0.0,0.0,0.32807308435440063,0.0,0.0,0.43588072061538696,0.0,0.0,0.02603214420378208,0.0,0.0,0.024499116465449333,0.0,0.0,0.028962239623069763,0.0,0.0,0.02905566617846489,0.0,0.0,0.00742991641163826,0.0,0.0,0.006472250446677208
318,True,67.95503997802734,36.83014678955078,0.8348860144615173,0.0,0.0,0.29343122243881226,67.30086517333984,20.460601806640625,0.8593119978904724,0.0,0.0,0.01512870378792286,46.72440719604492,5.887603759765625,0.5474147796630859,0.0,0.0,0.4200288653373718,0.0,0.0,0.28052887320518494,0.0,0.0,0.22044426202774048,0.0,0.0,0.17548832297325134,0.0,0.0,0.479865700006485,0.0,0.0,0.4151717722415924,0.0,0.0,0.08625509589910507,0.0,0.0,0.05631932616233826,0.0,0.0,0.0582941398024559,0.0,0.0,0.04009481519460678,0.0,0.0,0.013021512888371944,0.0,0.0,0.008594353683292866
319,True,70.94597625732422,25.555313110351562,0.6722584366798401,0.0,0.0,0.12237359583377838,67.00758361816406,13.683967590332031,0.7320821285247803,0.0,0.0,0.009900666773319244,50.70838928222656,9.9517822265625,0.5954520106315613,0.0,0.0,0.3934738337993622,24.866241455078125,49.64122772216797,0.5048714876174927,0.0,0.0,0.2032962590456009,0.0,0.0,0.46971267461776733,0.0,0.0,0.43770813941955566,95.35820007324219,110.70734405517578,0.6546781063079834,0.0,0.0,0.18521976470947266,0.0,0.0,0.19597209990024567,0.0,0.0,0.08266237378120422,0.0,0.0,0.09416941553354263,0.0,0.0,0.014796392992138863,0.0,0.0,0.01389917079359293
320,True,67.34857177734375,49.04853439331055,0.9687166810035706,71.95831298828125,34.24842834472656,0.682163417339325,66.2427978515625,28.8978271484375,0.9782311320304871,0.0,0.0,0.023841919377446175,43.38149642944336,9.0848388671875,0.717808187007904,0.0,0.0,0.423084020614624,0.0,0.0,0.2937580645084381,0.0,0.0,0.1046329140663147,0.0,0.0,0.11201413720846176,0.0,0.0,0.4059787094593048,0.0,0.0,0.4086029827594757,0.0,0.0,0.024848394095897675,0.0,0.0,0.017848823219537735,0.0,0.0,0.027834242209792137,0.0,0.0,0.02241150662302971,0.0,0.0,0.007555149029940367,0.0,0.0,0.0056498111225664616
321,True,71.3637466430664,26.433982849121094,0.7955225110054016,0.0,0.0,0.23007366061210632,67.21864318847656,12.085693359375,0.8436036109924316,0.0,0.0,0.0069881766103208065,43.82670593261719,4.4412689208984375,0.6456255912780762,0.0,0.0,0.49966785311698914,0.0,0.0,0.15882451832294464,0.0,0.0,0.2773267924785614,0.0,0.0,0.07739268988370895,0.0,0.0,0.45704835653305054,0.0,0.0,0.2266325056552887,0.0,0.0,0.17979249358177185,0.0,0.0,0.07586576044559479,0.0,0.0,0.14440712332725525,0.0,0.0,0.06487153470516205,0.0,0.0,0.0381384938955307,0.0,0.0,0.017272302880883217
322,True,0.0,0.0,0.4896942675113678,0.0,0.0,0.05397266149520874,73.50150299072266,2.0098495483398438,0.5663565993309021,0.0,0.0,0.00586376478895545,0.0,0.0,0.4932352602481842,0.0,0.0,0.3104435205459595,0.0,0.0,0.4647698998451233,0.0,0.0,0.18012341856956482,0.0,0.0,0.49162644147872925,0.0,0.0,0.38253578543663025,91.18348693847656,113.3436279296875,0.6384368538856506,0.0,0.0,0.20791566371917725,0.0,0.0,0.23441441357135773,0.0,0.0,0.1248895600438118,0.0,0.0,0.15731985867023468,0.0,0.0,0.02640215866267681,0.0,0.0,0.02640906162559986
323,True,0.0,0.0,0.49748605489730835,0.0,0.0,0.07237376272678375,69.23992156982422,1.648223876953125,0.5257265567779541,0.0,0.0,0.005208112765103579,0.0,0.0,0.4256192743778229,0.0,0.0,0.35499095916748047,0.0,0.0,0.26444703340530396,0.0,0.0,0.23985061049461365,0.0,0.0,0.2304612249135971,0.0,0.0,0.4567403197288513,0.0,0.0,0.45113420486450195,0.0,0.0,0.39593765139579773,0.0,0.0,0.2923460602760315,0.0,0.0,0.27272069454193115,0.0,0.0,0.21001438796520233,0.0,0.0,0.05189668387174606,0.0,0.0,0.033976368606090546
324,True,73.45367431640625,15.218170166015625,0.8290701508522034,0.0,0.0,0.19713425636291504,67.30615234375,1.870391845703125,0.9071759581565857,0.0,0.0,0.003932666033506393,43.38928985595703,0.419097900390625,0.7977985143661499,0.0,0.0,0.39207810163497925,0.0,0.0,0.2828468382358551,0.0,0.0,0.12214453518390656,0.0,0.0,0.14694589376449585,0.0,0.0,0.2776200473308563,0.0,0.0,0.3259548246860504,0.0,0.0,0.12769779562950134,0.0,0.0,0.09154852479696274,0.0,0.0,0.14039748907089233,0.0,0.0,0.10899115353822708,0.0,0.0,0.045636966824531555,0.0,0.0,0.03023739904165268
325,True,74.30448913574219,14.879783630371094,0.7514199018478394,0.0,0.0,0.15970173478126526,67.78750610351562,3.0588302612304688,0.8435738682746887,0.0,0.0,0.0043997932225465775,47.00104522705078,1.8615798950195312,0.7159643173217773,0.0,0.0,0.325332909822464,0.0,0.0,0.24779637157917023,0.0,0.0,0.12496580928564072,0.0,0.0,0.15475645661354065,0.0,0.0,0.2795085608959198,0.0,0.0,0.3336632549762726,0.0,0.0,0.17677456140518188,0.0,0.0,0.13480326533317566,0.0,0.0,0.16282157599925995,0.0,0.0,0.13118913769721985,0.0,0.0,0.04554062336683273,0.0,0.0,0.03132253512740135
326,True,69.55984497070312,49.49808883666992,0.8336837887763977,0.0,0.0,0.2392524927854538,67.59146881103516,36.55963134765625,0.8829954862594604,0.0,0.0,0.009778149425983429,49.47603988647461,21.520492553710938,0.6289486885070801,0.0,0.0,0.4045146405696869,0.0,0.0,0.4197010099887848,0.0,0.0,0.15991352498531342,0.0,0.0,0.2865733802318573,0.0,0.0,0.38224896788597107,82.46492004394531,122.69605255126953,0.5108118057250977,0.0,0.0,0.11840344220399857,0.0,0.0,0.11019953340291977,0.0,0.0,0.08125326037406921,0.0,0.0,0.0853281244635582,0.0,0.0,0.02030405029654503,0.0,0.0,0.017603004351258278
327,True,66.31556701660156,48.96968460083008,0.858059287071228,0.0,0.0,0.3027566373348236,64.12584686279297,34.87263488769531,0.9279950261116028,0.0,0.0,0.009180390276014805,47.60958480834961,18.782997131347656,0.7489757537841797,0.0,0.0,0.1537928283214569,0.0,0.0,0.40822118520736694,0.0,0.0,0.03716301545500755,0.0,0.0,0.25511497259140015,0.0,0.0,0.16687209904193878,0.0,0.0,0.49285888671875,0.0,0.0,0.0520007386803627,0.0,0.0,0.0853981152176857,0.0,0.0,0.056037839502096176,0.0,0.0,0.09409981220960617,0.0,0.0,0.018784819170832634,0.0,0.0,0.02310938574373722
328,True,70.36048889160156,46.349365234375,0.6027469635009766,0.0,0.0,0.10855571180582047,66.00515747070312,34.57591247558594,0.6872186064720154,0.0,0.0,0.006885051727294922,0.0,0.0,0.39778733253479004,0.0,0.0,0.17253316938877106,0.0,0.0,0.22956474125385284,0.0,0.0,0.0766337662935257,0.0,0.0,0.200821191072464,0.0,0.0,0.22604671120643616,0.0,0.0,0.39286479353904724,0.0,0.0,0.13508133590221405,0.0,0.0,0.1415262073278427,0.0,0.0,0.05223749950528145,0.0,0.0,0.06277136504650116,0.0,0.0,0.011135493405163288,0.0,0.0,0.010852823965251446
329,True,67.68472290039062,41.382057189941406,0.6352675557136536,0.0,0.0,0.09171828627586365,62.703182220458984,28.93303680419922,0.6831426620483398,0.0,0.0,0.0031322799623012543,0.0,0.0,0.40208420157432556,0.0,0.0,0.2515890598297119,0.0,0.0,0.25019174814224243,0.0,0.0,0.22496397793293,0.0,0.0,0.2868885397911072,78.58222961425781,118.0303955078125,0.5094772577285767,68.20147705078125,125.03417205810547,0.5930905938148499,0.0,0.0,0.23899194598197937,0.0,0.0,0.1934034675359726,0.0,0.0,0.05518076568841934,0.0,0.0,0.04612932726740837,0.0,0.0,0.008248313330113888,0.0,0.0,0.0060951001942157745
330,True,68.23936462402344,40.324066162109375,0.8446229696273804,0.0,0.0,0.12119841575622559,65.38788604736328,26.155685424804688,0.9427975416183472,0.0,0.0,0.0012684314278885722,40.39937210083008,14.494033813476562,0.8613967299461365,0.0,0.0,0.2146914303302765,0.0,0.0,0.34023454785346985,0.0,0.0,0.06273246556520462,0.0,0.0,0.2522781789302826,0.0,0.0,0.27741768956184387,72.0179443359375,123.13805389404297,0.5888386368751526,0.0,0.0,0.03973952308297157,0.0,0.0,0.0461760014295578,0.0,0.0,0.09473276883363724,0.0,0.0,0.11622302979230881,0.0,0.0,0.048294082283973694,0.0,0.0,0.04402738809585571
331,True,68.32498931884766,40.956573486328125,0.8103979229927063,0.0,0.0,0.09667763859033585,65.26184844970703,25.782089233398438,0.9292612075805664,0.0,0.0,0.0014593397499993443,38.24601745605469,14.644119262695312,0.8333145976066589,0.0,0.0,0.16630715131759644,0.0,0.0,0.3736434578895569,0.0,0.0,0.05077093467116356,0.0,0.0,0.3116263151168823,0.0,0.0,0.23385028541088104,87.70642852783203,117.88587188720703,0.6172454953193665,0.0,0.0,0.06531767547130585,0.0,0.0,0.08771631121635437,0.0,0.0,0.038224466145038605,0.0,0.0,0.05518722906708717,0.0,0.0,0.009691803716123104,0.0,0.0,0.010123633779585361
332,True,68.8448257446289,42.18913269042969,0.8293737769126892,0.0,0.0,0.13022474944591522,65.24556732177734,28.0811767578125,0.9097296595573425,0.0,0.0,0.00207042065449059,37.63066101074219,15.334556579589844,0.771249532699585,0.0,0.0,0.22662951052188873,0.0,0.0,0.40363526344299316,0.0,0.0,0.09360835701227188,0.0,0.0,0.3349272906780243,0.0,0.0,0.3210402727127075,65.12071228027344,123.37165832519531,0.6637898683547974,0.0,0.0,0.051262155175209045,0.0,0.0,0.06233162432909012,0.0,0.0,0.02018067054450512,0.0,0.0,0.026078566908836365,0.0,0.0,0.00576524855569005,0.0,0.0,0.005702583584934473
333,True,69.3211898803711,43.45549011230469,0.7998531460762024,0.0,0.0,0.14198708534240723,66.18325805664062,31.154869079589844,0.881544828414917,0.0,0.0,0.0035486523993313313,43.33716583251953,15.211334228515625,0.6792741417884827,0.0,0.0,0.2130420207977295,0.0,0.0,0.4905805289745331,0.0,0.0,0.09822236746549606,0.0,0.0,0.46639031171798706,0.0,0.0,0.3189367353916168,67.38397216796875,122.9534683227539,0.722194492816925,0.0,0.0,0.08364028483629227,0.0,0.0,0.12284921109676361,0.0,0.0,0.036750227212905884,0.0,0.0,0.05887037143111229,0.0,0.0,0.009210417978465557,0.0,0.0,0.010732053779065609
334,True,67.6870346069336,39.428375244140625,0.8436681032180786,0.0,0.0,0.21597230434417725,66.01675415039062,24.9813232421875,0.906858503818512,0.0,0.0,0.005973649211227894,44.8842887878418,7.655853271484375,0.6637336015701294,0.0,0.0,0.21023932099342346,0.0,0.0,0.45499804615974426,0.0,0.0,0.06985348463058472,0.0,0.0,0.3326212763786316,0.0,0.0,0.23830237984657288,64.48286437988281,123.04808044433594,0.5979880094528198,0.0,0.0,0.054017771035432816,0.0,0.0,0.07663188874721527,0.0,0.0,0.03470760956406593,0.0,0.0,0.054629888385534286,0.0,0.0,0.01235148310661316,0.0,0.0,0.014462294057011604
335,True,69.82844543457031,43.194068908691406,0.6891158819198608,0.0,0.0,0.09777957201004028,66.30738067626953,29.842453002929688,0.777064859867096,0.0,0.0,0.0027595243882387877,0.0,0.0,0.480095773935318,0.0,0.0,0.16329509019851685,0.0,0.0,0.25022000074386597,0.0,0.0,0.11572286486625671,0.0,0.0,0.2687853276729584,0.0,0.0,0.38267815113067627,63.797611236572266,124.03263092041016,0.5952043533325195,0.0,0.0,0.09209439903497696,0.0,0.0,0.09277109056711197,0.0,0.0,0.02793365716934204,0.0,0.0,0.030437350273132324,0.0,0.0,0.006202161777764559,0.0,0.0,0.005511267576366663
336,True,71.73773193359375,39.97032928466797,0.7548778057098389,0.0,0.0,0.11000924557447433,65.85035705566406,27.00189971923828,0.8270533084869385,0.0,0.0,0.0020124411676079035,39.48231506347656,14.242965698242188,0.5982546806335449,0.0,0.0,0.23550640046596527,0.0,0.0,0.30167731642723083,0.0,0.0,0.1656220704317093,0.0,0.0,0.314694344997406,0.0,0.0,0.4675292372703552,62.36570739746094,122.79218292236328,0.6746990084648132,0.0,0.0,0.09913018345832825,0.0,0.0,0.09244420379400253,0.0,0.0,0.031809255480766296,0.0,0.0,0.031158121302723885,0.0,0.0,0.0071769156493246555,0.0,0.0,0.005872017703950405
337,True,70.92876434326172,41.72557830810547,0.766834557056427,0.0,0.0,0.10785595327615738,65.89144897460938,27.710853576660156,0.8792387843132019,0.0,0.0,0.0016168246511369944,39.13090896606445,16.908470153808594,0.6896331310272217,0.0,0.0,0.1623818427324295,0.0,0.0,0.23852984607219696,0.0,0.0,0.06754913926124573,0.0,0.0,0.2007656693458557,0.0,0.0,0.26223301887512207,78.26364135742188,117.31482696533203,0.516698956489563,0.0,0.0,0.0599781759083271,0.0,0.0,0.06113976240158081,0.0,0.0,0.02816024236381054,0.0,0.0,0.031153356656432152,0.0,0.0,0.00911982636898756,0.0,0.0,0.008055876940488815
338,True,71.37081146240234,41.553794860839844,0.7566850185394287,0.0,0.0,0.11367664486169815,66.32762145996094,28.140403747558594,0.8497782349586487,0.0,0.0,0.00176882219966501,40.70560073852539,14.104316711425781,0.6195293664932251,0.0,0.0,0.21513569355010986,0.0,0.0,0.22903473675251007,0.0,0.0,0.14826461672782898,0.0,0.0,0.22906024754047394,0.0,0.0,0.4226585924625397,63.052425384521484,119.57675170898438,0.5669382214546204,0.0,0.0,0.1092090830206871,0.0,0.0,0.08996419608592987,0.0,0.0,0.037006475031375885,0.0,0.0,0.0325922854244709,0.0,0.0,0.00945041049271822,0.0,0.0,0.007063310593366623
339,True,72.62332916259766,40.79413604736328,0.7346158027648926,0.0,0.0,0.09605546295642853,67.09556579589844,27.163833618164062,0.8195520043373108,0.0,0.0,0.0015487788477912545,39.48615646362305,14.671119689941406,0.5983052253723145,0.0,0.0,0.23154033720493317,0.0,0.0,0.21410232782363892,0.0,0.0,0.17731629312038422,0.0,0.0,0.2144572138786316,0.0,0.0,0.47559255361557007,61.306365966796875,121.16610717773438,0.5776478052139282,0.0,0.0,0.09179303050041199,0.0,0.0,0.06811683624982834,0.0,0.0,0.02690592221915722,0.0,0.0,0.021184297278523445,0.0,0.0,0.006908223498612642,0.0,0.0,0.004803067538887262
340,True,72.40985870361328,39.684295654296875,0.6251751780509949,0.0,0.0,0.0877230316400528,68.72754669189453,27.183006286621094,0.6776924133300781,0.0,0.0,0.0033968398347496986,0.0,0.0,0.4236357510089874,0.0,0.0,0.2622758746147156,0.0,0.0,0.27226680517196655,0.0,0.0,0.24358606338500977,0.0,0.0,0.2908094823360443,60.338321685791016,113.27857971191406,0.5111998915672302,61.35442352294922,120.83033752441406,0.5921352505683899,0.0,0.0,0.19231198728084564,0.0,0.0,0.15287761390209198,0.0,0.0,0.0530029758810997,0.0,0.0,0.04380396381020546,0.0,0.0,0.010469047352671623,0.0,0.0,0.007692552171647549
341,True,72.56246948242188,41.0543212890625,0.8104696273803711,0.0,0.0,0.11462324857711792,67.63801574707031,26.698463439941406,0.8885318636894226,0.0,0.0,0.001244839746505022,37.91040802001953,15.138618469238281,0.7357267141342163,0.0,0.0,0.3715977668762207,0.0,0.0,0.18609704077243805,0.0,0.0,0.29791489243507385,0.0,0.0,0.18461470305919647,78.31043243408203,110.12026977539062,0.6497253179550171,78.11103057861328,119.12748718261719,0.5922746658325195,0.0,0.0,0.10022604465484619,0.0,0.0,0.05068643391132355,0.0,0.0,0.04434528574347496,0.0,0.0,0.023835083469748497,0.0,0.0,0.009401427581906319,0.0,0.0,0.004820636007934809
342,True,72.4786376953125,37.52909851074219,0.8042539358139038,0.0,0.0,0.11202055215835571,65.76725769042969,25.232749938964844,0.8662598133087158,0.0,0.0,0.0011781130451709032,35.18400192260742,17.919937133789062,0.7384311556816101,25.303386688232422,64.15792846679688,0.5213463306427002,0.0,0.0,0.18409030139446259,0.0,0.0,0.49645546078681946,0.0,0.0,0.18238948285579681,81.47553253173828,113.35100555419922,0.7595224380493164,75.489990234375,118.641357421875,0.5790325403213501,0.0,0.0,0.21344520151615143,0.0,0.0,0.08481474220752716,0.0,0.0,0.0548914335668087,0.0,0.0,0.021338116377592087,0.0,0.0,0.008206921629607677,0.0,0.0,0.003296181559562683
343,True,71.3394546508789,40.44286346435547,0.820197343826294,0.0,0.0,0.13969318568706512,66.64777374267578,28.251380920410156,0.8745067715644836,0.0,0.0,0.002081334125250578,39.413230895996094,16.574874877929688,0.7204194664955139,26.61547088623047,60.3765869140625,0.542060911655426,0.0,0.0,0.28867924213409424,0.0,0.0,0.4873455762863159,0.0,0.0,0.28254130482673645,84.98701477050781,112.07952117919922,0.736576497554779,79.40950775146484,117.67111206054688,0.6415089964866638,0.0,0.0,0.2318662703037262,0.0,0.0,0.11782095581293106,0.0,0.0,0.05869733542203903,0.0,0.0,0.02968498133122921,0.0,0.0,0.00888856966048479,0.0,0.0,0.004365027416497469
344,True,70.72209930419922,42.933982849121094,0.8474149703979492,0.0,0.0,0.15064962208271027,67.19976806640625,30.10370635986328,0.9154048562049866,0.0,0.0,0.0018527666106820107,39.98746109008789,13.385391235351562,0.7537413835525513,0.0,0.0,0.3858512341976166,0.0,0.0,0.35396069288253784,0.0,0.0,0.23993757367134094,0.0,0.0,0.312603622674942,73.34446716308594,116.17684173583984,0.5081611275672913,72.6055908203125,118.3633041381836,0.6248157620429993,0.0,0.0,0.18199920654296875,0.0,0.0,0.13943462073802948,0.0,0.0,0.05309167131781578,0.0,0.0,0.04265571013092995,0.0,0.0,0.01050227414816618,0.0,0.0,0.00729517312720418
345,True,70.82463073730469,43.87010192871094,0.8306508660316467,0.0,0.0,0.13350945711135864,66.86185455322266,31.40129852294922,0.9115384221076965,0.0,0.0,0.0016029076650738716,40.41773986816406,15.005043029785156,0.754275381565094,0.0,0.0,0.31515735387802124,0.0,0.0,0.3499709665775299,0.0,0.0,0.19381265342235565,0.0,0.0,0.33163923025131226,0.0,0.0,0.4667370021343231,67.10989379882812,118.4808578491211,0.6521062850952148,0.0,0.0,0.15240108966827393,0.0,0.0,0.13122674822807312,0.0,0.0,0.046362243592739105,0.0,0.0,0.0432727225124836,0.0,0.0,0.010178296826779842,0.0,0.0,0.007848240435123444
346,True,71.22190856933594,42.78926086425781,0.8102364540100098,0.0,0.0,0.13562077283859253,66.55282592773438,31.133934020996094,0.8813486099243164,0.0,0.0,0.0018617688911035657,40.27207946777344,16.49932861328125,0.7108407616615295,0.0,0.0,0.4142688512802124,0.0,0.0,0.3099469542503357,0.0,0.0,0.31755226850509644,0.0,0.0,0.284940242767334,64.58210754394531,115.30050659179688,0.5786750912666321,64.41969299316406,118.14806365966797,0.6072661876678467,0.0,0.0,0.26651737093925476,0.0,0.0,0.18055309355258942,0.0,0.0,0.07889682054519653,0.0,0.0,0.053573839366436005,0.0,0.0,0.014529992826282978,0.0,0.0,0.008824561722576618
347,True,70.02145385742188,48.86732482910156,0.8224660754203796,0.0,0.0,0.18012496829032898,65.42216491699219,35.921104431152344,0.8690773844718933,0.0,0.0,0.0035648371558636427,41.45360565185547,16.616615295410156,0.5616788268089294,0.0,0.0,0.31285539269447327,0.0,0.0,0.389342337846756,0.0,0.0,0.24682827293872833,0.0,0.0,0.41545820236206055,64.58714294433594,115.62232208251953,0.5660159587860107,64.9736328125,118.33015441894531,0.7275816798210144,0.0,0.0,0.19235475361347198,0.0,0.0,0.17840084433555603,0.0,0.0,0.04891609027981758,0.0,0.0,0.04876980558037758,0.0,0.0,0.008388088084757328,0.0,0.0,0.006989003624767065
348,True,71.05099487304688,50.659034729003906,0.8087542653083801,0.0,0.0,0.15045380592346191,66.01469421386719,38.51014709472656,0.8729493021965027,0.0,0.0,0.002577101578935981,41.02600860595703,22.4677734375,0.6542748212814331,0.0,0.0,0.3765068054199219,0.0,0.0,0.3564161956310272,0.0,0.0,0.29591286182403564,0.0,0.0,0.3648427128791809,71.91992950439453,117.031982421875,0.5975608229637146,69.55186462402344,119.0592041015625,0.6885168552398682,0.0,0.0,0.21290692687034607,0.0,0.0,0.16531828045845032,0.0,0.0,0.06379582732915878,0.0,0.0,0.05197276547551155,0.0,0.0,0.011540284380316734,0.0,0.0,0.008051549084484577
349,True,71.59257507324219,50.8250617980957,0.8355562686920166,0.0,0.0,0.1529761552810669,64.89433288574219,38.694732666015625,0.9000236392021179,0.0,0.0,0.0019749824423342943,39.272987365722656,27.02251434326172,0.7344052195549011,0.0,0.0,0.4610908329486847,0.0,0.0,0.3371392786502838,0.0,0.0,0.3255985677242279,0.0,0.0,0.31733813881874084,82.32697296142578,113.8984375,0.6470476388931274,77.2101058959961,118.82400512695312,0.682681143283844,0.0,0.0,0.23360823094844818,0.0,0.0,0.15512168407440186,0.0,0.0,0.0961998701095581,0.0,0.0,0.06852802634239197,0.0,0.0,0.018822243437170982,0.0,0.0,0.011543601751327515
350,True,70.84693908691406,50.98130798339844,0.8604185581207275,0.0,0.0,0.18692481517791748,65.5559310913086,38.19770050048828,0.8986437916755676,0.0,0.0,0.002411175984889269,37.41471862792969,21.606887817382812,0.6516178846359253,0.0,0.0,0.47031015157699585,0.0,0.0,0.29049551486968994,0.0,0.0,0.4115651547908783,0.0,0.0,0.2929282784461975,80.68231201171875,115.35220336914062,0.7179195880889893,78.12710571289062,119.55818176269531,0.6745075583457947,0.0,0.0,0.15920010209083557,0.0,0.0,0.08968832343816757,0.0,0.0,0.03307954594492912,0.0,0.0,0.019488567486405373,0.0,0.0,0.005500695668160915,0.0,0.0,0.0030534183606505394
351,True,71.4520492553711,50.90106201171875,0.8639515042304993,0.0,0.0,0.18316425383090973,65.65325927734375,38.17401123046875,0.9166813492774963,0.0,0.0,0.002386133186519146,38.697608947753906,22.464401245117188,0.7189160585403442,0.0,0.0,0.38840773701667786,0.0,0.0,0.3964921534061432,0.0,0.0,0.25920987129211426,0.0,0.0,0.3793249726295471,77.26014709472656,118.956298828125,0.5747866630554199,74.04826354980469,119.10169219970703,0.707998514175415,0.0,0.0,0.15635308623313904,0.0,0.0,0.12728583812713623,0.0,0.0,0.03950420767068863,0.0,0.0,0.03444063663482666,0.0,0.0,0.007262784987688065,0.0,0.0,0.005308590363711119
352,True,71.21202087402344,49.173065185546875,0.8879582285881042,0.0,0.0,0.1671350747346878,65.73391723632812,36.71137237548828,0.9429337978363037,0.0,0.0,0.0015092145185917616,36.83576583862305,22.54058837890625,0.8197929263114929,0.0,0.0,0.4314771592617035,0.0,0.0,0.4246329963207245,0.0,0.0,0.2878085672855377,0.0,0.0,0.42055565118789673,83.53984069824219,112.39488983154297,0.6164193153381348,77.77854919433594,117.52566528320312,0.7500051259994507,0.0,0.0,0.15787136554718018,0.0,0.0,0.12563422322273254,0.0,0.0,0.04200899600982666,0.0,0.0,0.03559183329343796,0.0,0.0,0.007139996625483036,0.0,0.0,0.004990142770111561
353,True,70.74609375,47.706939697265625,0.8342723846435547,0.0,0.0,0.11329253762960434,65.2559814453125,34.54255676269531,0.905337393283844,0.0,0.0,0.0010579177178442478,35.26587677001953,19.99334716796875,0.7560166716575623,0.0,0.0,0.4019961357116699,0.0,0.0,0.30098971724510193,0.0,0.0,0.3373836874961853,0.0,0.0,0.3404606878757477,81.93659973144531,113.79837036132812,0.6778838634490967,74.82145690917969,119.03463745117188,0.7260406017303467,0.0,0.0,0.15226855874061584,0.0,0.0,0.09956666827201843,0.0,0.0,0.03785599023103714,0.0,0.0,0.025944840162992477,0.0,0.0,0.0063841091468930244,0.0,0.0,0.0038502393290400505
354,True,71.19198608398438,44.988037109375,0.8778777122497559,0.0,0.0,0.1613045036792755,64.34564208984375,30.66332244873047,0.9348981976509094,0.0,0.0,0.0011741045163944364,31.35007095336914,19.665504455566406,0.8061569333076477,0.0,0.0,0.41759639978408813,0.0,0.0,0.2454221099615097,0.0,0.0,0.29133573174476624,0.0,0.0,0.21313954889774323,77.37490844726562,115.68667602539062,0.6356978416442871,76.25523376464844,119.22449493408203,0.6246615648269653,0.0,0.0,0.11504616588354111,0.0,0.0,0.06351728737354279,0.0,0.0,0.033735137432813644,0.0,0.0,0.019642962142825127,0.0,0.0,0.0075911120511591434,0.0,0.0,0.004100967198610306
355,True,71.1305923461914,44.16290283203125,0.7900228500366211,0.0,0.0,0.08494528383016586,64.40257263183594,30.73432159423828,0.8911250829696655,0.0,0.0,0.0007416065782308578,33.77608871459961,19.421424865722656,0.7737628817558289,0.0,0.0,0.346515029668808,0.0,0.0,0.26652318239212036,0.0,0.0,0.25972655415534973,0.0,0.0,0.2935083210468292,86.60072326660156,111.71900939941406,0.5981106162071228,76.10423278808594,117.76290893554688,0.6793140769004822,0.0,0.0,0.2037992775440216,0.0,0.0,0.14071013033390045,0.0,0.0,0.07373353093862534,0.0,0.0,0.05175385624170303,0.0,0.0,0.013278023339807987,0.0,0.0,0.008025587536394596
356,True,71.27433776855469,46.92993927001953,0.860203206539154,0.0,0.0,0.15015965700149536,64.83822631835938,33.098655700683594,0.9195870161056519,0.0,0.0,0.0012433668598532677,31.910537719726562,21.568870544433594,0.7756825685501099,0.0,0.0,0.4717232882976532,0.0,0.0,0.20068630576133728,0.0,0.0,0.3796687424182892,0.0,0.0,0.1796869933605194,86.68605041503906,108.26055145263672,0.7014707922935486,84.32562255859375,116.21488189697266,0.5790905952453613,0.0,0.0,0.13678418099880219,0.0,0.0,0.06111716851592064,0.0,0.0,0.043946683406829834,0.0,0.0,0.020391814410686493,0.0,0.0,0.008993899449706078,0.0,0.0,0.004082903265953064
357,True,70.40536499023438,50.912567138671875,0.8155056238174438,0.0,0.0,0.12038911879062653,65.42727661132812,36.92057800292969,0.9061678647994995,0.0,0.0,0.0015882386360317469,38.888519287109375,21.579307556152344,0.6994011998176575,0.0,0.0,0.1933862417936325,0.0,0.0,0.35509321093559265,0.0,0.0,0.0928928554058075,0.0,0.0,0.35692620277404785,0.0,0.0,0.3718448281288147,77.69371795654297,117.95386505126953,0.7046154737472534,0.0,0.0,0.0806555524468422,0.0,0.0,0.095645971596241,0.0,0.0,0.03050035983324051,0.0,0.0,0.04002305865287781,0.0,0.0,0.007627144921571016,0.0,0.0,0.007530772592872381
358,True,69.72857666015625,49.57105255126953,0.8424612879753113,0.0,0.0,0.1415688842535019,65.10063934326172,34.93074035644531,0.9030069708824158,0.0,0.0,0.0014494770439341664,34.764530181884766,17.833847045898438,0.681670069694519,0.0,0.0,0.34947681427001953,0.0,0.0,0.2276393175125122,0.0,0.0,0.27188223600387573,0.0,0.0,0.2344588041305542,80.43402099609375,111.8067398071289,0.6361441016197205,75.13014221191406,117.80703735351562,0.6471916437149048,0.0,0.0,0.09284330159425735,0.0,0.0,0.05682933330535889,0.0,0.0,0.02883945405483246,0.0,0.0,0.01901707984507084,0.0,0.0,0.006234954111278057,0.0,0.0,0.0037512059789150953
359,True,69.92151641845703,51.16118621826172,0.8107380867004395,0.0,0.0,0.11165333539247513,65.98826599121094,36.679046630859375,0.8868979215621948,0.0,0.0,0.0012485731858760118,37.89752960205078,19.601028442382812,0.6239181160926819,0.0,0.0,0.1985849291086197,0.0,0.0,0.2624792754650116,0.0,0.0,0.12794457376003265,0.0,0.0,0.2947024703025818,0.0,0.0,0.46800824999809265,69.98463439941406,117.46836853027344,0.6977784633636475,0.0,0.0,0.0604754239320755,0.0,0.0,0.058211054652929306,0.0,0.0,0.016398141160607338,0.0,0.0,0.017457013949751854,0.0,0.0,0.004315713886171579,0.0,0.0,0.0037414708640426397
360,True,70.45187377929688,50.414031982421875,0.763296902179718,0.0,0.0,0.09390849620103836,65.59062957763672,36.53887176513672,0.8539286255836487,0.0,0.0,0.0011981147108599544,37.213531494140625,21.85100555419922,0.6360827088356018,0.0,0.0,0.24776214361190796,0.0,0.0,0.22088772058486938,0.0,0.0,0.17977194488048553,0.0,0.0,0.24067699909210205,73.84232330322266,116.50806427001953,0.5169578194618225,70.92835998535156,116.78218078613281,0.635042130947113,0.0,0.0,0.09947452694177628,0.0,0.0,0.07526740431785583,0.0,0.0,0.029468441382050514,0.0,0.0,0.023674344643950462,0.0,0.0,0.007099601440131664,0.0,0.0,0.004972084425389767
361,True,70.56306457519531,47.54022216796875,0.7421353459358215,0.0,0.0,0.09560660272836685,65.75208282470703,34.306884765625,0.8288003206253052,0.0,0.0,0.0013244622386991978,38.607627868652344,17.76434326171875,0.5697783827781677,0.0,0.0,0.2430601269006729,0.0,0.0,0.2126666158437729,0.0,0.0,0.19918854534626007,0.0,0.0,0.25852149724960327,76.80447387695312,115.40784454345703,0.5214940309524536,72.94976806640625,117.2240982055664,0.6300549507141113,0.0,0.0,0.12732423841953278,0.0,0.0,0.09641801565885544,0.0,0.0,0.03713731840252876,0.0,0.0,0.029871506616473198,0.0,0.0,0.0084244254976511,0.0,0.0,0.005945311859250069
362,True,71.3952865600586,49.838279724121094,0.769321858882904,0.0,0.0,0.09322165697813034,65.47010040283203,36.58055114746094,0.8655545711517334,0.0,0.0,0.0009724730043672025,37.13505935668945,21.010894775390625,0.62822425365448,0.0,0.0,0.1787828803062439,0.0,0.0,0.23871740698814392,0.0,0.0,0.12877492606639862,0.0,0.0,0.3033182919025421,0.0,0.0,0.4376096725463867,69.24957275390625,115.62976837158203,0.6833672523498535,0.0,0.0,0.08117257803678513,0.0,0.0,0.07905743271112442,0.0,0.0,0.020601924508810043,0.0,0.0,0.021646374836564064,0.0,0.0,0.005318628624081612,0.0,0.0,0.004523748066276312
363,True,70.72406005859375,50.2305908203125,0.7716394066810608,0.0,0.0,0.10194655507802963,65.48941040039062,37.308685302734375,0.865681529045105,0.0,0.0,0.001217300072312355,37.990882873535156,19.738250732421875,0.6209954023361206,0.0,0.0,0.20042116940021515,0.0,0.0,0.2658810317516327,0.0,0.0,0.13723737001419067,0.0,0.0,0.31201693415641785,0.0,0.0,0.4273667633533478,69.1419448852539,115.83678436279297,0.6647205948829651,0.0,0.0,0.10966647416353226,0.0,0.0,0.10686814039945602,0.0,0.0,0.031166523694992065,0.0,0.0,0.03276294097304344,0.0,0.0,0.007870426401495934,0.0,0.0,0.0067057241685688496
364,True,71.8460693359375,51.516971588134766,0.8207367062568665,0.0,0.0,0.10516246408224106,65.30171203613281,37.65312957763672,0.911126434803009,0.0,0.0,0.0007477022591046989,34.08110046386719,22.72136688232422,0.7114395499229431,0.0,0.0,0.17347203195095062,0.0,0.0,0.2276323288679123,0.0,0.0,0.09893355518579483,0.0,0.0,0.2590397894382477,0.0,0.0,0.3868844509124756,71.04377746582031,115.65638732910156,0.6568514108657837,0.0,0.0,0.064811110496521,0.0,0.0,0.06383480131626129,0.0,0.0,0.019496072083711624,0.0,0.0,0.02086503617465496,0.0,0.0,0.006007512100040913,0.0,0.0,0.005147155374288559
365,True,73.20824432373047,48.483245849609375,0.7279343605041504,0.0,0.0,0.06445474177598953,67.28301239013672,35.742332458496094,0.8479464650154114,0.0,0.0,0.0005968126934021711,36.853118896484375,22.164505004882812,0.6602987051010132,0.0,0.0,0.18687503039836884,0.0,0.0,0.20396791398525238,0.0,0.0,0.1476631760597229,0.0,0.0,0.26321083307266235,0.0,0.0,0.45410454273223877,70.14168548583984,115.16842651367188,0.6538203358650208,0.0,0.0,0.09168647229671478,0.0,0.0,0.07712128013372421,0.0,0.0,0.02498912252485752,0.0,0.0,0.0227279644459486,0.0,0.0,0.0072633628733456135,0.0,0.0,0.005495322402566671
366,True,73.78948974609375,47.42234802246094,0.7717003226280212,0.0,0.0,0.07034141570329666,68.32734680175781,34.71067810058594,0.8828693628311157,0.0,0.0,0.0005962913273833692,36.884178161621094,21.907073974609375,0.7467047572135925,0.0,0.0,0.2788364291191101,0.0,0.0,0.236511692404747,0.0,0.0,0.2059554010629654,0.0,0.0,0.27919653058052063,95.44965362548828,109.57929992675781,0.5324608683586121,81.40179443359375,112.74357604980469,0.6592612862586975,0.0,0.0,0.11783254146575928,0.0,0.0,0.08548234403133392,0.0,0.0,0.03339096158742905,0.0,0.0,0.025905421003699303,0.0,0.0,0.00766766769811511,0.0,0.0,0.005047312472015619
367,True,73.88938903808594,44.025177001953125,0.6997058391571045,0.0,0.0,0.056940823793411255,68.18905639648438,31.992889404296875,0.8408487439155579,0.0,0.0,0.0005221140454523265,36.934295654296875,19.061538696289062,0.6893705725669861,0.0,0.0,0.1803799718618393,0.0,0.0,0.20352387428283691,0.0,0.0,0.13703496754169464,0.0,0.0,0.2545619308948517,0.0,0.0,0.3825477361679077,72.78153228759766,115.31635284423828,0.5992110371589661,0.0,0.0,0.12686440348625183,0.0,0.0,0.10883086174726486,0.0,0.0,0.03949013352394104,0.0,0.0,0.034924525767564774,0.0,0.0,0.011855985969305038,0.0,0.0,0.008798325434327126
368,True,72.61244201660156,51.77293395996094,0.8159611225128174,0.0,0.0,0.08791917562484741,65.8839111328125,37.992462158203125,0.9115602970123291,0.0,0.0,0.0005181518499739468,32.07402038574219,24.297012329101562,0.7386167049407959,0.0,0.0,0.1792880743741989,0.0,0.0,0.2190515547990799,0.0,0.0,0.11705096065998077,0.0,0.0,0.2496935874223709,0.0,0.0,0.43143561482429504,70.77283477783203,113.00458526611328,0.665766179561615,0.0,0.0,0.07933072745800018,0.0,0.0,0.07125577330589294,0.0,0.0,0.023674070835113525,0.0,0.0,0.022338826209306717,0.0,0.0,0.007270654663443565,0.0,0.0,0.00558197358623147
369,True,71.54120635986328,51.473419189453125,0.8758329749107361,0.0,0.0,0.1439024806022644,66.13284301757812,37.01543426513672,0.9438192844390869,0.0,0.0,0.0009341371478512883,34.000335693359375,18.97113037109375,0.7675447463989258,0.0,0.0,0.1995593011379242,0.0,0.0,0.3142448365688324,0.0,0.0,0.09530024230480194,0.0,0.0,0.30643752217292786,0.0,0.0,0.36853617429733276,76.44171142578125,113.70057678222656,0.6834092140197754,0.0,0.0,0.07139547169208527,0.0,0.0,0.0772993192076683,0.0,0.0,0.023527948185801506,0.0,0.0,0.02734586037695408,0.0,0.0,0.006907902657985687,0.0,0.0,0.006242785602807999
370,True,71.90382385253906,50.89057922363281,0.7860476970672607,0.0,0.0,0.09263461083173752,65.54095458984375,38.3577880859375,0.8794149160385132,0.0,0.0,0.0007697164546698332,34.03480529785156,22.533546447753906,0.6525720953941345,0.0,0.0,0.16301871836185455,0.0,0.0,0.2411370426416397,0.0,0.0,0.1169755682349205,0.0,0.0,0.2976783812046051,0.0,0.0,0.39201095700263977,71.0103759765625,113.24742889404297,0.6772646307945251,0.0,0.0,0.08302704989910126,0.0,0.0,0.0846332460641861,0.0,0.0,0.021210307255387306,0.0,0.0,0.022212877869606018,0.0,0.0,0.005695858038961887,0.0,0.0,0.004794304724782705
371,True,71.48421478271484,50.358985900878906,0.8098001480102539,0.0,0.0,0.09804591536521912,64.66067504882812,36.674354553222656,0.8911702632904053,0.0,0.0,0.0007701566792093217,32.40337371826172,22.623252868652344,0.6592462658882141,0.0,0.0,0.14471858739852905,0.0,0.0,0.2409244030714035,0.0,0.0,0.08915052562952042,0.0,0.0,0.28409600257873535,0.0,0.0,0.36682364344596863,69.55923461914062,112.6808090209961,0.7012040019035339,0.0,0.0,0.046164512634277344,0.0,0.0,0.05138010531663895,0.0,0.0,0.010893480852246284,0.0,0.0,0.012987319380044937,0.0,0.0,0.003321417374536395,0.0,0.0,0.0030941334553062916
372,True,70.87725067138672,50.725341796875,0.8262186646461487,0.0,0.0,0.11983045190572739,65.49610900878906,36.97230529785156,0.893447756767273,0.0,0.0,0.0010524160461500287,34.814414978027344,17.747528076171875,0.6030493974685669,0.0,0.0,0.15375027060508728,0.0,0.0,0.24630206823349,0.0,0.0,0.10101307928562164,0.0,0.0,0.2935671806335449,0.0,0.0,0.38388878107070923,69.63167572021484,112.99272155761719,0.6955808997154236,0.0,0.0,0.043562617152929306,0.0,0.0,0.047706879675388336,0.0,0.0,0.010178925469517708,0.0,0.0,0.012080474756658077,0.0,0.0,0.00300179747864604,0.0,0.0,0.0028123988304287195
373,True,70.62700653076172,47.10313415527344,0.8164097666740417,0.0,0.0,0.10920960456132889,65.63220977783203,33.109535217285156,0.9026442766189575,0.0,0.0,0.0010258088586851954,34.89506149291992,15.318183898925781,0.6800415515899658,0.0,0.0,0.14970549941062927,0.0,0.0,0.30892521142959595,0.0,0.0,0.08213666081428528,0.0,0.0,0.3502650260925293,0.0,0.0,0.3172192871570587,74.10414123535156,112.10820007324219,0.710821270942688,0.0,0.0,0.05573521926999092,0.0,0.0,0.07193223387002945,0.0,0.0,0.015519035048782825,0.0,0.0,0.021516995504498482,0.0,0.0,0.004740418866276741,0.0,0.0,0.0049665276892483234
374,True,73.28091430664062,45.63530731201172,0.8142387866973877,0.0,0.0,0.08357562124729156,68.94734191894531,31.45355987548828,0.9167881608009338,0.0,0.0,0.0005928096361458302,36.1883659362793,17.00141143798828,0.7669825553894043,0.0,0.0,0.1625330150127411,0.0,0.0,0.255398154258728,0.0,0.0,0.08514457195997238,0.0,0.0,0.259397953748703,0.0,0.0,0.332579106092453,71.20986938476562,112.75239562988281,0.6325061917304993,0.0,0.0,0.053530965000391006,0.0,0.0,0.05577060207724571,0.0,0.0,0.014515729621052742,0.0,0.0,0.016210118308663368,0.0,0.0,0.004795036744326353,0.0,0.0,0.004198545590043068
375,True,70.97077941894531,50.39006805419922,0.8098257780075073,0.0,0.0,0.11468230932950974,68.20099639892578,35.55187225341797,0.8915033340454102,0.0,0.0,0.001172092161141336,38.11088562011719,12.402267456054688,0.5691474676132202,0.0,0.0,0.10688548535108566,0.0,0.0,0.24059219658374786,0.0,0.0,0.05618777871131897,0.0,0.0,0.2600204646587372,0.0,0.0,0.254294216632843,65.33570861816406,113.2048110961914,0.6257609128952026,0.0,0.0,0.027151605114340782,0.0,0.0,0.03642367944121361,0.0,0.0,0.007431281264871359,0.0,0.0,0.01064243447035551,0.0,0.0,0.00276734447106719,0.0,0.0,0.0030380459502339363
376,True,71.46224212646484,48.378841400146484,0.8214216828346252,0.0,0.0,0.1332918256521225,68.74105072021484,33.995628356933594,0.8920377492904663,0.0,0.0,0.0015495753614231944,40.369102478027344,10.994468688964844,0.5717536211013794,0.0,0.0,0.14566655457019806,0.0,0.0,0.2847376763820648,0.0,0.0,0.08418270945549011,0.0,0.0,0.3100203275680542,0.0,0.0,0.31911614537239075,66.00894165039062,113.18917846679688,0.6592947840690613,0.0,0.0,0.038427866995334625,0.0,0.0,0.047903649508953094,0.0,0.0,0.008809851482510567,0.0,0.0,0.011855315417051315,0.0,0.0,0.0029148224275559187,0.0,0.0,0.0030637779273092747
377,True,70.97697448730469,48.57807922363281,0.8436610698699951,0.0,0.0,0.1531338393688202,68.5384750366211,33.50231170654297,0.9099091291427612,0.0,0.0,0.0017248342046514153,40.52207565307617,9.928993225097656,0.60234135389328,0.0,0.0,0.1528565138578415,0.0,0.0,0.2840677499771118,0.0,0.0,0.08527414500713348,0.0,0.0,0.30152711272239685,0.0,0.0,0.3404422700405121,68.38603973388672,113.43729400634766,0.6569646596908569,0.0,0.0,0.04448549821972847,0.0,0.0,0.05348889157176018,0.0,0.0,0.010833686217665672,0.0,0.0,0.014001019299030304,0.0,0.0,0.0030498772393912077,0.0,0.0,0.003108130767941475
378,True,71.357666015625,45.965843200683594,0.7656292915344238,0.0,0.0,0.10753367096185684,68.3913345336914,32.543907165527344,0.8443020582199097,0.0,0.0,0.0016838343581184745,42.67628479003906,10.995529174804688,0.5267127156257629,0.0,0.0,0.1545266956090927,0.0,0.0,0.27545592188835144,0.0,0.0,0.11123157292604446,0.0,0.0,0.33911851048469543,0.0,0.0,0.3821495771408081,66.0152816772461,112.9278335571289,0.6791277527809143,0.0,0.0,0.0545927993953228,0.0,0.0,0.06316708773374557,0.0,0.0,0.010995910502970219,0.0,0.0,0.01364381518214941,0.0,0.0,0.002780995098873973,0.0,0.0,0.00274978787638247
379,True,70.85458374023438,45.39176940917969,0.8059506416320801,0.0,0.0,0.12599164247512817,67.77592468261719,31.8428955078125,0.8880108594894409,0.0,0.0,0.0016871858388185501,41.73020553588867,10.12646484375,0.6229193210601807,0.0,0.0,0.1758076548576355,0.0,0.0,0.33692511916160583,0.0,0.0,0.10699287056922913,0.0,0.0,0.37705838680267334,0.0,0.0,0.35646045207977295,66.60572814941406,112.77500915527344,0.6875331401824951,0.0,0.0,0.07261696457862854,0.0,0.0,0.08893106877803802,0.0,0.0,0.016403786838054657,0.0,0.0,0.021585911512374878,0.0,0.0,0.0039083450101315975,0.0,0.0,0.003978103864938021
380,True,70.42356872558594,47.68511962890625,0.791523277759552,0.0,0.0,0.10496702790260315,66.48556518554688,33.3839111328125,0.8751886487007141,0.0,0.0,0.0012544810306280851,39.16612243652344,12.577377319335938,0.5768263339996338,0.0,0.0,0.1441318541765213,0.0,0.0,0.2940061390399933,0.0,0.0,0.09932447224855423,0.0,0.0,0.37321528792381287,0.0,0.0,0.4016406834125519,67.0517807006836,114.51890563964844,0.7373045086860657,0.0,0.0,0.06350782513618469,0.0,0.0,0.0782962515950203,0.0,0.0,0.015016560442745686,0.0,0.0,0.02037602849304676,0.0,0.0,0.003678914625197649,0.0,0.0,0.0038224440068006516
381,True,70.36471557617188,47.982810974121094,0.7896248698234558,0.0,0.0,0.11509630084037781,66.06024932861328,34.074012756347656,0.8759439587593079,0.0,0.0,0.0014794060261920094,39.787689208984375,12.766693115234375,0.5636782050132751,0.0,0.0,0.12527799606323242,0.0,0.0,0.3090653419494629,0.0,0.0,0.07915094494819641,0.0,0.0,0.3834514617919922,0.0,0.0,0.33638912439346313,65.36406707763672,112.89190673828125,0.7252485752105713,0.0,0.0,0.05772744119167328,0.0,0.0,0.08042211830615997,0.0,0.0,0.013541903346776962,0.0,0.0,0.020783299580216408,0.0,0.0,0.0034832835663110018,0.0,0.0,0.003960347268730402
382,True,70.79075622558594,45.605072021484375,0.6957195401191711,0.0,0.0,0.08628053218126297,65.18863677978516,32.70262145996094,0.7933019995689392,0.0,0.0,0.0015812440542504191,0.0,0.0,0.45589566230773926,0.0,0.0,0.10971728712320328,0.0,0.0,0.2940830886363983,0.0,0.0,0.08092622458934784,0.0,0.0,0.41174519062042236,0.0,0.0,0.33625948429107666,68.59904479980469,113.8856201171875,0.7360903024673462,0.0,0.0,0.08400920033454895,0.0,0.0,0.11904320865869522,0.0,0.0,0.02006203681230545,0.0,0.0,0.031946659088134766,0.0,0.0,0.004625895991921425,0.0,0.0,0.005421880632638931
383,True,72.51900482177734,40.93144226074219,0.5552051067352295,0.0,0.0,0.049787454307079315,66.20818328857422,28.33458709716797,0.6526527404785156,0.0,0.0,0.0010448088869452477,0.0,0.0,0.35596907138824463,0.0,0.0,0.09688659757375717,0.0,0.0,0.18560120463371277,0.0,0.0,0.10125444084405899,0.0,0.0,0.31775838136672974,0.0,0.0,0.38364145159721375,66.56599426269531,112.26652526855469,0.6837636232376099,0.0,0.0,0.0775240957736969,0.0,0.0,0.08740316331386566,0.0,0.0,0.01539306715130806,0.0,0.0,0.019213585183024406,0.0,0.0,0.0035820482298731804,0.0,0.0,0.0035116004291921854
384,True,0.0,0.0,0.4333794116973877,0.0,0.0,0.04021104425191879,0.0,0.0,0.485922247171402,0.0,0.0,0.0014525543665513396,0.0,0.0,0.22479857504367828,0.0,0.0,0.0852079913020134,0.0,0.0,0.1521565169095993,0.0,0.0,0.10998494178056717,0.0,0.0,0.28615275025367737,0.0,0.0,0.40198081731796265,62.868980407714844,111.9122314453125,0.6489689946174622,0.0,0.0,0.07540848106145859,0.0,0.0,0.08080233633518219,0.0,0.0,0.01432545855641365,0.0,0.0,0.01672818697988987,0.0,0.0,0.002974152797833085,0.0,0.0,0.002830087672919035
385,True,69.76342010498047,48.939064025878906,0.5812995433807373,0.0,0.0,0.06749363988637924,65.03025817871094,35.72899627685547,0.6620033979415894,0.0,0.0,0.0018777078948915005,0.0,0.0,0.31331926584243774,0.0,0.0,0.08993761986494064,0.0,0.0,0.21355724334716797,0.0,0.0,0.08689111471176147,0.0,0.0,0.3397068381309509,0.0,0.0,0.36112508177757263,62.792877197265625,112.48011779785156,0.6917417645454407,0.0,0.0,0.06630352139472961,0.0,0.0,0.08616761863231659,0.0,0.0,0.013956242240965366,0.0,0.0,0.019756779074668884,0.0,0.0,0.0030491608195006847,0.0,0.0,0.0033260646741837263
386,True,69.6382827758789,50.43902587890625,0.8207163214683533,0.0,0.0,0.14457781612873077,65.06353759765625,34.52758026123047,0.908020555973053,0.0,0.0,0.001944863353855908,39.50145721435547,15.888702392578125,0.6286091208457947,0.0,0.0,0.09636510908603668,0.0,0.0,0.32862797379493713,0.0,0.0,0.044398702681064606,0.0,0.0,0.35826706886291504,0.0,0.0,0.2636977434158325,66.57229614257812,114.79637145996094,0.7179045677185059,0.0,0.0,0.05173000693321228,0.0,0.0,0.08608084917068481,0.0,0.0,0.019050339236855507,0.0,0.0,0.034388016909360886,0.0,0.0,0.004698918666690588,0.0,0.0,0.005994860548526049
387,True,69.82682800292969,50.28096008300781,0.8130404353141785,0.0,0.0,0.12716321647167206,65.52311706542969,35.45366668701172,0.9025154113769531,0.0,0.0,0.0015001747524365783,38.980690002441406,13.975883483886719,0.6106812357902527,0.0,0.0,0.0987657979130745,0.0,0.0,0.3286520838737488,0.0,0.0,0.051570456475019455,0.0,0.0,0.3823414742946625,0.0,0.0,0.2717946767807007,64.37649536132812,113.20515441894531,0.7258105874061584,0.0,0.0,0.05175544694066048,0.0,0.0,0.08507335186004639,0.0,0.0,0.01583058573305607,0.0,0.0,0.028269359841942787,0.0,0.0,0.004197224508970976,0.0,0.0,0.005293943919241428
388,True,69.81228637695312,52.25709915161133,0.7698686122894287,0.0,0.0,0.09507382661104202,66.02198028564453,36.74378967285156,0.8757538795471191,0.0,0.0,0.0011555496603250504,38.6893310546875,15.432601928710938,0.5632784962654114,0.0,0.0,0.08341393619775772,0.0,0.0,0.25350630283355713,0.0,0.0,0.04762030020356178,0.0,0.0,0.31334012746810913,0.0,0.0,0.2775239050388336,63.048667907714844,114.95431518554688,0.7023417949676514,0.0,0.0,0.03256605193018913,0.0,0.0,0.04989343881607056,0.0,0.0,0.011109317652881145,0.0,0.0,0.01860041171312332,0.0,0.0,0.0035135599318891764,0.0,0.0,0.004235828761011362
389,True,69.74635314941406,50.08842086791992,0.8214297890663147,0.0,0.0,0.13069270551204681,67.21161651611328,33.04786682128906,0.9174295663833618,0.0,0.0,0.0018445213790982962,41.06663513183594,11.414566040039062,0.6528648138046265,0.0,0.0,0.08278191834688187,0.0,0.0,0.34380361437797546,0.0,0.0,0.029178105294704437,0.0,0.0,0.33249151706695557,0.0,0.0,0.20017008483409882,69.06407165527344,116.78744506835938,0.6925055980682373,0.0,0.0,0.025022804737091064,0.0,0.0,0.04780634865164757,0.0,0.0,0.01260790042579174,0.0,0.0,0.02586027793586254,0.0,0.0,0.004072059411555529,0.0,0.0,0.005702337250113487
390,True,69.87471771240234,49.559417724609375,0.8295528292655945,0.0,0.0,0.15095970034599304,67.807373046875,33.079368591308594,0.9189905524253845,0.0,0.0,0.0025528857950121164,42.89680480957031,11.812423706054688,0.6517124176025391,0.0,0.0,0.09841204434633255,0.0,0.0,0.39255014061927795,0.0,0.0,0.03336414322257042,0.0,0.0,0.36504319310188293,0.0,0.0,0.20279201865196228,68.79877471923828,118.48296356201172,0.6873219013214111,0.0,0.0,0.03563036397099495,0.0,0.0,0.06761518120765686,0.0,0.0,0.013902685604989529,0.0,0.0,0.029116295278072357,0.0,0.0,0.003724782494828105,0.0,0.0,0.0053169443272054195
391,True,69.81179809570312,49.1841926574707,0.8186401724815369,0.0,0.0,0.17437149584293365,67.97395324707031,32.088905334472656,0.9092032313346863,0.0,0.0,0.004075704142451286,45.26579666137695,11.379165649414062,0.590442419052124,0.0,0.0,0.07747583091259003,0.0,0.0,0.4072979688644409,0.0,0.0,0.02141633629798889,0.0,0.0,0.3499327600002289,0.0,0.0,0.1477275788784027,70.41604614257812,120.58204650878906,0.6549112796783447,0.0,0.0,0.02865854650735855,0.0,0.0,0.0641404390335083,0.0,0.0,0.01201073918491602,0.0,0.0,0.030262114480137825,0.0,0.0,0.0034442476462572813,0.0,0.0,0.005707909818738699
392,True,69.0350570678711,50.944801330566406,0.8633643984794617,0.0,0.0,0.19736461341381073,67.52291107177734,32.63226318359375,0.9471648335456848,0.0,0.0,0.002896988531574607,42.74827194213867,10.599395751953125,0.7114752531051636,0.0,0.0,0.06347890198230743,0.0,0.0,0.37783554196357727,0.0,0.0,0.012753746472299099,0.0,0.0,0.27991020679473877,0.0,0.0,0.10519255697727203,62.96950149536133,121.8083724975586,0.6037304997444153,0.0,0.0,0.013470936566591263,0.0,0.0,0.03368368372321129,0.0,0.0,0.011301035061478615,0.0,0.0,0.03020036779344082,0.0,0.0,0.004610653035342693,0.0,0.0,0.00783002283424139
393,True,70.20967102050781,49.816864013671875,0.8679813146591187,0.0,0.0,0.19784538447856903,68.43701171875,33.554039001464844,0.9428821206092834,0.0,0.0,0.0029811460990458727,43.93082046508789,12.313583374023438,0.7350250482559204,0.0,0.0,0.11036970466375351,0.0,0.0,0.43266886472702026,0.0,0.0,0.02619188465178013,0.0,0.0,0.32982975244522095,0.0,0.0,0.16188430786132812,64.52951049804688,123.81390380859375,0.6410818099975586,0.0,0.0,0.020227286964654922,0.0,0.0,0.04195508733391762,0.0,0.0,0.02614307403564453,0.0,0.0,0.05651023983955383,0.0,0.0,0.012885551899671555,0.0,0.0,0.018724577501416206
394,True,0.0,0.0,0.2431129664182663,0.0,0.0,0.034424878656864166,0.0,0.0,0.37955206632614136,0.0,0.0,0.0072564068250358105,0.0,0.0,0.33173099160194397,0.0,0.0,0.027889208868145943,0.0,0.0,0.18520857393741608,0.0,0.0,0.01492399163544178,0.0,0.0,0.212078258395195,0.0,0.0,0.07035825401544571,0.0,0.0,0.3388926386833191,0.0,0.0,0.05933050438761711,0.0,0.0,0.1307760775089264,0.0,0.0,0.07202895730733871,0.0,0.0,0.16204781830310822,0.0,0.0,0.028378665447235107,0.0,0.0,0.0457875020802021
395,True,67.69386291503906,51.219730377197266,0.7447537779808044,0.0,0.0,0.29914918541908264,67.3561019897461,32.709571838378906,0.8370261788368225,0.0,0.0,0.028646789491176605,0.0,0.0,0.42311719059944153,0.0,0.0,0.04039644077420235,0.0,0.0,0.2463151067495346,0.0,0.0,0.0074377516284585,0.0,0.0,0.1256992369890213,0.0,0.0,0.04673558846116066,0.0,0.0,0.26990190148353577,0.0,0.0,0.019376935437321663,0.0,0.0,0.04820060729980469,0.0,0.0,0.025916608050465584,0.0,0.0,0.06692827492952347,0.0,0.0,0.013524161651730537,0.0,0.0,0.02407963201403618
396,True,68.42361450195312,42.085601806640625,0.5967486500740051,0.0,0.0,0.1330924779176712,68.74649810791016,30.782798767089844,0.7322373986244202,0.0,0.0,0.013842432759702206,57.611961364746094,16.37041473388672,0.5069659352302551,0.0,0.0,0.06628495454788208,0.0,0.0,0.4407142400741577,0.0,0.0,0.0202009454369545,0.0,0.0,0.37786146998405457,0.0,0.0,0.07274790108203888,0.0,0.0,0.43397822976112366,0.0,0.0,0.08782215416431427,0.0,0.0,0.21581245958805084,0.0,0.0,0.060734864324331284,0.0,0.0,0.1615585833787918,0.0,0.0,0.0203675739467144,0.0,0.0,0.037450261414051056
397,True,66.372802734375,52.6391716003418,0.9144027233123779,0.0,0.0,0.4020693600177765,65.49357604980469,31.140396118164062,0.9713592529296875,0.0,0.0,0.011022035032510757,42.52090072631836,11.02838134765625,0.7788830399513245,0.0,0.0,0.05809526890516281,0.0,0.0,0.32200905680656433,0.0,0.0,0.004721000790596008,0.0,0.0,0.12318157404661179,0.0,0.0,0.042237065732479095,0.0,0.0,0.3184245228767395,0.0,0.0,0.007417934946715832,0.0,0.0,0.018766045570373535,0.0,0.0,0.014716066420078278,0.0,0.0,0.03863849118351936,0.0,0.0,0.007592624984681606,0.0,0.0,0.012997151352465153
398,True,67.37511444091797,51.44696807861328,0.9719691276550293,72.00323486328125,36.72737121582031,0.5365897417068481,64.78477478027344,32.70611572265625,0.9886437654495239,0.0,0.0,0.006438026670366526,37.356956481933594,13.339401245117188,0.8957991600036621,0.0,0.0,0.37372568249702454,0.0,0.0,0.4222027659416199,0.0,0.0,0.0799354612827301,0.0,0.0,0.20100733637809753,0.0,0.0,0.33927416801452637,85.77015686035156,113.05592346191406,0.5407562851905823,0.0,0.0,0.027220170944929123,0.0,0.0,0.026032758876681328,0.0,0.0,0.028262540698051453,0.0,0.0,0.03094581328332424,0.0,0.0,0.009703966788947582,0.0,0.0,0.008391405455768108
399,True,68.42362976074219,51.06843566894531,0.9126560688018799,0.0,0.0,0.21343442797660828,66.72163391113281,32.840087890625,0.9562479853630066,0.0,0.0,0.002177542308345437,38.715248107910156,15.817626953125,0.8350093364715576,0.0,0.0,0.466665118932724,0.0,0.0,0.34150534868240356,0.0,0.0,0.2144199013710022,0.0,0.0,0.2058480978012085,94.63681030273438,109.77317810058594,0.5783463716506958,67.71282958984375,148.73062133789062,0.5864487886428833,0.0,0.0,0.0324101522564888,0.0,0.0,0.020228397101163864,0.0,0.0,0.02766294591128826,0.0,0.0,0.019376300275325775,0.0,0.0,0.007935760542750359,0.0,0.0,0.004899957682937384
400,True,68.90545654296875,48.9244499206543,0.9471458196640015,0.0,0.0,0.48900505900382996,67.60343933105469,32.19074249267578,0.9748753309249878,0.0,0.0,0.01096589956432581,42.95437240600586,12.54248046875,0.7642351984977722,0.0,0.0,0.20973923802375793,0.0,0.0,0.3390868902206421,0.0,0.0,0.03217336907982826,0.0,0.0,0.15535536408424377,0.0,0.0,0.14420892298221588,0.0,0.0,0.36846745014190674,0.0,0.0,0.02439029887318611,0.0,0.0,0.03216017037630081,0.0,0.0,0.01885194517672062,0.0,0.0,0.02770114317536354,0.0,0.0,0.006312928628176451,0.0,0.0,0.0071061477065086365
401,True,73.18193054199219,24.81671905517578,0.8568001389503479,0.0,0.0,0.146307110786438,65.48863220214844,10.696273803710938,0.9193108081817627,0.0,0.0,0.0009584538638591766,33.224220275878906,7.2334136962890625,0.8609195351600647,27.520187377929688,57.41693878173828,0.5743244290351868,0.0,0.0,0.17365147173404694,0.0,0.0,0.47318968176841736,0.0,0.0,0.12215764075517654,88.60844421386719,105.21821594238281,0.7019186019897461,0.0,0.0,0.4227033853530884,0.0,0.0,0.1748523712158203,0.0,0.0,0.0598350390791893,0.0,0.0,0.06918227672576904,0.0,0.0,0.022748636081814766,0.0,0.0,0.01232148613780737,0.0,0.0,0.004278204403817654
402,True,68.51145935058594,46.87953186035156,0.9109711050987244,0.0,0.0,0.26158666610717773,65.91808319091797,31.439964294433594,0.9259549975395203,0.0,0.0,0.002301171887665987,34.64459991455078,12.321380615234375,0.7321265339851379,23.400177001953125,54.742042541503906,0.7370938062667847,0.0,0.0,0.1531599909067154,28.857601165771484,90.79830932617188,0.66596519947052,0.0,0.0,0.06955783069133759,82.48915100097656,107.6358413696289,0.8114417195320129,0.0,0.0,0.3129093647003174,0.0,0.0,0.17426908016204834,0.0,0.0,0.03854377940297127,0.0,0.0,0.0814700722694397,0.0,0.0,0.01774742640554905,0.0,0.0,0.018212614580988884,0.0,0.0,0.004904437344521284
403,True,68.85552215576172,42.33515930175781,0.9117322564125061,0.0,0.0,0.27118873596191406,65.88835144042969,26.777938842773438,0.9333388805389404,0.0,0.0,0.0033662044443190098,35.424232482910156,13.802864074707031,0.7560845613479614,26.084487915039062,61.70728302001953,0.6768877506256104,0.0,0.0,0.24285733699798584,0.0,0.0,0.47281360626220703,0.0,0.0,0.10475165396928787,91.83908081054688,111.62593078613281,0.7038131356239319,0.0,0.0,0.36567991971969604,0.0,0.0,0.13213610649108887,0.0,0.0,0.04383018985390663,0.0,0.0,0.0748061090707779,0.0,0.0,0.026059776544570923,0.0,0.0,0.019227521494030952,0.0,0.0,0.007414982188493013
404,True,69.72499084472656,40.126922607421875,0.9024626612663269,0.0,0.0,0.187867671251297,66.16893005371094,25.69231414794922,0.9182066917419434,0.0,0.0,0.0016550967702642083,35.072654724121094,11.722145080566406,0.7436250448226929,20.87871551513672,58.630165100097656,0.7225726842880249,0.0,0.0,0.26026591658592224,29.097553253173828,99.2385025024414,0.7120585441589355,0.0,0.0,0.20817190408706665,89.44218444824219,110.64344787597656,0.8846042156219482,67.3720703125,150.9567413330078,0.6382058262825012,0.0,0.0,0.1408553123474121,0.0,0.0,0.04124625772237778,0.0,0.0,0.048531241714954376,0.0,0.0,0.014923037961125374,0.0,0.0,0.009790992364287376,0.0,0.0,0.0033533526584506035
405,True,70.50917053222656,39.454383850097656,0.8160838484764099,0.0,0.0,0.08661391586065292,65.43726348876953,26.280288696289062,0.8558226227760315,0.0,0.0,0.0007644198485650122,33.86842727661133,19.416160583496094,0.7477474212646484,21.258071899414062,65.38964080810547,0.6777759194374084,0.0,0.0,0.20774531364440918,32.052459716796875,102.32410430908203,0.7414169907569885,0.0,0.0,0.21312424540519714,88.02644348144531,110.843505859375,0.8963298797607422,63.995140075683594,152.5681610107422,0.6558127999305725,0.0,0.0,0.16159991919994354,0.0,0.0,0.04474129527807236,0.0,0.0,0.04547588527202606,0.0,0.0,0.012850838713347912,0.0,0.0,0.008940041065216064,0.0,0.0,0.0028270427137613297
406,True,69.15545654296875,42.56468200683594,0.9077825546264648,0.0,0.0,0.22379761934280396,67.49053955078125,27.955238342285156,0.9274300932884216,0.0,0.0,0.002783136675134301,39.189613342285156,10.660041809082031,0.7521398067474365,21.63654327392578,56.75453186035156,0.7359004616737366,0.0,0.0,0.32776620984077454,34.0139045715332,101.23162078857422,0.6557517051696777,0.0,0.0,0.21666274964809418,93.04975128173828,109.58198547363281,0.8353108167648315,62.73786544799805,153.2202911376953,0.5679032802581787,0.0,0.0,0.13087083399295807,0.0,0.0,0.04413500055670738,0.0,0.0,0.05046776309609413,0.0,0.0,0.018322791904211044,0.0,0.0,0.010153820738196373,0.0,0.0,0.003877902403473854
407,True,70.26363372802734,43.651947021484375,0.8968048095703125,0.0,0.0,0.14725393056869507,67.25240325927734,29.04186248779297,0.937646210193634,0.0,0.0,0.0011053693015128374,35.15231704711914,14.49749755859375,0.8056162595748901,19.33120346069336,61.55029296875,0.6005796194076538,0.0,0.0,0.29680711030960083,28.315052032470703,103.79829406738281,0.5117079615592957,0.0,0.0,0.24034957587718964,85.84554290771484,108.79444885253906,0.8084303736686707,76.56777954101562,148.2205047607422,0.6685197353363037,0.0,0.0,0.09222685545682907,0.0,0.0,0.037787653505802155,0.0,0.0,0.056999847292900085,0.0,0.0,0.024796748533844948,0.0,0.0,0.01486952230334282,0.0,0.0,0.006353399716317654
408,True,68.93827819824219,46.004112243652344,0.953603982925415,0.0,0.0,0.31156906485557556,67.22488403320312,29.126304626464844,0.9810572862625122,0.0,0.0,0.002403320511803031,36.33412170410156,12.170845031738281,0.9101414680480957,17.26610565185547,65.50984954833984,0.5435822010040283,0.0,0.0,0.43359068036079407,0.0,0.0,0.19943104684352875,0.0,0.0,0.21095462143421173,0.0,0.0,0.4937136769294739,77.01591491699219,144.70968627929688,0.5335202813148499,0.0,0.0,0.047545984387397766,0.0,0.0,0.03061196208000183,0.0,0.0,0.04836191609501839,0.0,0.0,0.03465668857097626,0.0,0.0,0.01587754674255848,0.0,0.0,0.009776311926543713
409,True,71.39045715332031,37.68177795410156,0.9164320230484009,0.0,0.0,0.16919565200805664,65.14002990722656,24.5975341796875,0.9547135829925537,0.0,0.0,0.0008956796955317259,32.83285140991211,17.926788330078125,0.9035425186157227,21.84502410888672,59.628562927246094,0.7307112216949463,0.0,0.0,0.3143593370914459,27.20067596435547,94.05718994140625,0.6340086460113525,0.0,0.0,0.2143871933221817,74.58441925048828,99.34764099121094,0.839056134223938,52.45738220214844,144.1109161376953,0.6237193942070007,0.0,0.0,0.1968027800321579,0.0,0.0,0.06897665560245514,0.0,0.0,0.1536390632390976,0.0,0.0,0.054560743272304535,0.0,0.0,0.0364273265004158,0.0,0.0,0.012440786696970463
410,True,72.51178741455078,38.574668884277344,0.9141088724136353,0.0,0.0,0.14822639524936676,65.5016098022461,25.1328125,0.9673342108726501,0.0,0.0,0.0006277259672060609,29.94801902770996,18.438629150390625,0.8961708545684814,0.0,0.0,0.3401513695716858,0.0,0.0,0.3714018166065216,0.0,0.0,0.177963525056839,0.0,0.0,0.30240675806999207,0.0,0.0,0.4830412268638611,82.67094421386719,131.02703857421875,0.6589416861534119,0.0,0.0,0.0913490504026413,0.0,0.0,0.07250645011663437,0.0,0.0,0.03132828697562218,0.0,0.0,0.02558562345802784,0.0,0.0,0.008483241312205791,0.0,0.0,0.005625421646982431
411,True,72.88761138916016,33.73785400390625,0.6366272568702698,0.0,0.0,0.08274586498737335,67.22225189208984,15.104103088378906,0.7855958342552185,0.0,0.0,0.0019975490868091583,36.84236145019531,11.304031372070312,0.6531611680984497,0.0,0.0,0.1514543741941452,0.0,0.0,0.09388905763626099,0.0,0.0,0.05740920454263687,0.0,0.0,0.04187154397368431,0.0,0.0,0.2543894350528717,0.0,0.0,0.21835502982139587,0.0,0.0,0.05101016163825989,0.0,0.0,0.028845718130469322,0.0,0.0,0.02660505846142769,0.0,0.0,0.015309776179492474,0.0,0.0,0.006593955680727959,0.0,0.0,0.003600731026381254
412,True,77.66378021240234,15.471832275390625,0.7933473587036133,0.0,0.0,0.16168293356895447,65.77740478515625,0.0,0.8896832466125488,0.0,0.0,0.0020915460772812366,33.19199752807617,5.4150390625,0.812444806098938,0.0,0.0,0.22323118150234222,0.0,0.0,0.11205504089593887,0.0,0.0,0.0643489882349968,0.0,0.0,0.042331263422966,0.0,0.0,0.2613086700439453,0.0,0.0,0.22154560685157776,0.0,0.0,0.06741131842136383,0.0,0.0,0.03659963980317116,0.0,0.0,0.033926256000995636,0.0,0.0,0.018224280327558517,0.0,0.0,0.00723267113789916,0.0,0.0,0.003642141819000244
413,True,76.06829833984375,15.9736328125,0.8702335953712463,0.0,0.0,0.2686624526977539,66.71765899658203,0.0,0.953493595123291,0.0,0.0,0.002792918123304844,38.642845153808594,0.9122161865234375,0.8720018267631531,0.0,0.0,0.06906530261039734,0.0,0.0,0.27050918340682983,0.0,0.0,0.0122589822858572,0.0,0.0,0.11898526549339294,0.0,0.0,0.055430639535188675,0.0,0.0,0.268938809633255,0.0,0.0,0.06152164936065674,0.0,0.0,0.10272640734910965,0.0,0.0,0.020123764872550964,0.0,0.0,0.03247275575995445,0.0,0.0,0.005396570544689894,0.0,0.0,0.006222422234714031
414,True,71.07864379882812,26.20832061767578,0.6034612655639648,0.0,0.0,0.13566796481609344,67.67308044433594,12.083580017089844,0.7210174202919006,0.0,0.0,0.00674650352448225,0.0,0.0,0.4394485652446747,0.0,0.0,0.04959733784198761,0.0,0.0,0.25212156772613525,0.0,0.0,0.021168848499655724,0.0,0.0,0.2118598073720932,0.0,0.0,0.06880561262369156,0.0,0.0,0.2971361577510834,0.0,0.0,0.0947343185544014,0.0,0.0,0.17532435059547424,0.0,0.0,0.0258718840777874,0.0,0.0,0.05124944821000099,0.0,0.0,0.007066153455525637,0.0,0.0,0.01001765113323927
415,True,72.81524658203125,25.72144317626953,0.8180158138275146,0.0,0.0,0.2695055902004242,65.0323715209961,7.216651916503906,0.908966600894928,0.0,0.0,0.0066726370714604855,40.90083312988281,0.13812255859375,0.68520587682724,0.0,0.0,0.0882704108953476,0.0,0.0,0.24348905682563782,0.0,0.0,0.015419455245137215,0.0,0.0,0.10854436457157135,0.0,0.0,0.060284290462732315,0.0,0.0,0.21523895859718323,0.0,0.0,0.06970248371362686,0.0,0.0,0.10392575711011887,0.0,0.0,0.03642069920897484,0.0,0.0,0.056476086378097534,0.0,0.0,0.011246389709413052,0.0,0.0,0.012910916469991207
416,True,71.63034057617188,35.86344909667969,0.6130855679512024,0.0,0.0,0.11850777268409729,66.2162857055664,17.540000915527344,0.7558980584144592,0.0,0.0,0.0053053307346999645,44.76941680908203,9.035247802734375,0.5117725133895874,0.0,0.0,0.06702806800603867,0.0,0.0,0.17823342978954315,0.0,0.0,0.018436914309859276,0.0,0.0,0.11505915969610214,0.0,0.0,0.07944445312023163,0.0,0.0,0.24389725923538208,0.0,0.0,0.05845782905817032,0.0,0.0,0.08353488892316818,0.0,0.0,0.02712821029126644,0.0,0.0,0.04180847853422165,0.0,0.0,0.007857498712837696,0.0,0.0,0.009000166319310665
417,True,69.54301452636719,46.39410400390625,0.9413484930992126,76.30848693847656,29.48865509033203,0.5566807389259338,61.777156829833984,25.47771453857422,0.9675788879394531,0.0,0.0,0.013001054525375366,36.04497146606445,12.1326904296875,0.7135964632034302,0.0,0.0,0.2006373554468155,0.0,0.0,0.29683786630630493,0.0,0.0,0.04110890254378319,0.0,0.0,0.1475730836391449,0.0,0.0,0.20883816480636597,0.0,0.0,0.39513200521469116,0.0,0.0,0.053881578147411346,0.0,0.0,0.06218279153108597,0.0,0.0,0.021272286772727966,0.0,0.0,0.026592392474412918,0.0,0.0,0.0041607520543038845,0.0,0.0,0.004112645052373409
418,True,72.32820129394531,40.51203918457031,0.9331852793693542,75.86416625976562,26.343368530273438,0.5088924169540405,65.10240173339844,23.655426025390625,0.9533005356788635,0.0,0.0,0.010591555386781693,37.579315185546875,12.132514953613281,0.6849518418312073,0.0,0.0,0.38015463948249817,0.0,0.0,0.1890295296907425,0.0,0.0,0.11715922504663467,0.0,0.0,0.07628730684518814,0.0,0.0,0.30842599272727966,0.0,0.0,0.24388743937015533,0.0,0.0,0.0897018164396286,0.0,0.0,0.053999532014131546,0.0,0.0,0.043842777609825134,0.0,0.0,0.028001120314002037,0.0,0.0,0.009912331588566303,0.0,0.0,0.0060347518883645535
419,True,71.38741302490234,40.471282958984375,0.9051750302314758,0.0,0.0,0.45534974336624146,63.232940673828125,23.775794982910156,0.9369496703147888,0.0,0.0,0.014383720234036446,41.88913345336914,13.342864990234375,0.6741724610328674,0.0,0.0,0.2762030065059662,0.0,0.0,0.3530745506286621,0.0,0.0,0.06271068751811981,0.0,0.0,0.1862093061208725,0.0,0.0,0.19789204001426697,0.0,0.0,0.3466013967990875,0.0,0.0,0.11963161081075668,0.0,0.0,0.1273631602525711,0.0,0.0,0.047056980431079865,0.0,0.0,0.05666496604681015,0.0,0.0,0.009296598844230175,0.0,0.0,0.008828917518258095
420,True,75.32661437988281,40.37998962402344,0.9111234545707703,0.0,0.0,0.32439884543418884,70.10497283935547,24.306907653808594,0.9444370865821838,0.0,0.0,0.004914538003504276,39.0986442565918,15.554351806640625,0.7659124135971069,0.0,0.0,0.4764150083065033,0.0,0.0,0.18350620567798615,0.0,0.0,0.1717505156993866,0.0,0.0,0.058035723865032196,0.0,0.0,0.37901976704597473,0.0,0.0,0.22094382345676422,0.0,0.0,0.08399807661771774,0.0,0.0,0.03636501729488373,0.0,0.0,0.03282921016216278,0.0,0.0,0.015278278850018978,0.0,0.0,0.008013547398149967,0.0,0.0,0.0037876954302191734
421,True,75.4215087890625,40.27928924560547,0.9081258177757263,0.0,0.0,0.20951159298419952,69.96746063232422,24.879127502441406,0.9506621956825256,0.0,0.0,0.00222518271766603,37.22376251220703,20.416358947753906,0.8518670201301575,28.364490509033203,79.57696533203125,0.5545682907104492,0.0,0.0,0.2594310939311981,0.0,0.0,0.30510884523391724,0.0,0.0,0.15866445004940033,106.17652893066406,78.76567840576172,0.5750681161880493,0.0,0.0,0.4519721269607544,0.0,0.0,0.09870172291994095,0.0,0.0,0.04563238471746445,0.0,0.0,0.0246147308498621,0.0,0.0,0.012710249982774258,0.0,0.0,0.004170089494436979,0.0,0.0,0.0020470239687711
422,True,76.00548553466797,40.162628173828125,0.9475868344306946,0.0,0.0,0.43875619769096375,70.94793701171875,24.344223022460938,0.963346004486084,0.0,0.0,0.005883806850761175,39.01553726196289,15.802558898925781,0.8211179375648499,31.484180450439453,71.06344604492188,0.7371581792831421,0.0,0.0,0.2509429156780243,0.0,0.0,0.4512503147125244,0.0,0.0,0.08260398358106613,101.67558288574219,84.66802215576172,0.6596428155899048,0.0,0.0,0.30544084310531616,0.0,0.0,0.16033108532428741,0.0,0.0,0.050336431711912155,0.0,0.0,0.05504859611392021,0.0,0.0,0.017948005348443985,0.0,0.0,0.010508786886930466,0.0,0.0,0.0037693725898861885
423,True,72.98876953125,46.94153594970703,0.8979867696762085,0.0,0.0,0.3075709342956543,67.4493408203125,22.0281982421875,0.9552873969078064,0.0,0.0,0.004125123843550682,33.912879943847656,10.49285888671875,0.7711347937583923,0.0,0.0,0.22071875631809235,0.0,0.0,0.14538635313510895,0.0,0.0,0.03658789023756981,0.0,0.0,0.03479386493563652,0.0,0.0,0.22524939477443695,0.0,0.0,0.22271040081977844,0.0,0.0,0.02168407291173935,0.0,0.0,0.01401589810848236,0.0,0.0,0.01775531657040119,0.0,0.0,0.012342213653028011,0.0,0.0,0.00500482227653265,0.0,0.0,0.0033065134193748236
424,True,71.90579986572266,50.72021484375,0.9458906054496765,0.0,0.0,0.451631635427475,66.53872680664062,21.73602294921875,0.9832255244255066,0.0,0.0,0.006885116919875145,34.02448272705078,7.880271911621094,0.8499120473861694,0.0,0.0,0.10022105276584625,0.0,0.0,0.31632742285728455,0.0,0.0,0.006650770548731089,0.0,0.0,0.0741286426782608,0.0,0.0,0.08292649686336517,0.0,0.0,0.3552018105983734,0.0,0.0,0.0055489009246230125,0.0,0.0,0.00952303409576416,0.0,0.0,0.007765821646898985,0.0,0.0,0.013900600373744965,0.0,0.0,0.00294033857062459,0.0,0.0,0.0038291956298053265
425,True,73.57438659667969,47.68421173095703,0.8289901614189148,0.0,0.0,0.22762051224708557,68.33488464355469,21.7303466796875,0.9161749482154846,0.0,0.0,0.0040956600569188595,35.566890716552734,10.358680725097656,0.6985568404197693,0.0,0.0,0.20244035124778748,0.0,0.0,0.09502451121807098,0.0,0.0,0.04749942943453789,0.0,0.0,0.030104985460639,0.0,0.0,0.2805494964122772,0.0,0.0,0.22291971743106842,0.0,0.0,0.04287433251738548,0.0,0.0,0.02375609800219536,0.0,0.0,0.044537000358104706,0.0,0.0,0.026248935610055923,0.0,0.0,0.009511508978903294,0.0,0.0,0.0055509936064481735
426,True,72.99014282226562,50.30359649658203,0.9433382749557495,0.0,0.0,0.48592427372932434,65.412109375,21.959747314453125,0.9766220450401306,0.0,0.0,0.004895411431789398,27.6575870513916,10.871543884277344,0.7977809906005859,0.0,0.0,0.1629699319601059,0.0,0.0,0.10744453966617584,0.0,0.0,0.022020770236849785,0.0,0.0,0.029849236831068993,0.0,0.0,0.16698217391967773,0.0,0.0,0.21124346554279327,0.0,0.0,0.011565025895833969,0.0,0.0,0.008615897968411446,0.0,0.0,0.014740187674760818,0.0,0.0,0.011296756565570831,0.0,0.0,0.00437372550368309,0.0,0.0,0.003204858861863613
427,True,72.13782501220703,44.156944274902344,0.9717918038368225,77.96582794189453,29.67662811279297,0.6606980562210083,64.29536437988281,25.045753479003906,0.9876883625984192,0.0,0.0,0.008412324823439121,33.449371337890625,12.964141845703125,0.8597896099090576,0.0,0.0,0.2956086993217468,0.0,0.0,0.28324565291404724,0.0,0.0,0.05793987214565277,0.0,0.0,0.1317383199930191,0.0,0.0,0.2243070751428604,0.0,0.0,0.3600611388683319,0.0,0.0,0.06143093854188919,0.0,0.0,0.05835782736539841,0.0,0.0,0.031218858435750008,0.0,0.0,0.03178859502077103,0.0,0.0,0.007181455846875906,0.0,0.0,0.006045914255082607
428,True,71.98605346679688,42.89064025878906,0.9700864553451538,77.29098510742188,29.02147674560547,0.593082845211029,65.99700164794922,24.66985321044922,0.9887902736663818,0.0,0.0,0.007441315334290266,37.980224609375,10.106666564941406,0.8859215974807739,0.0,0.0,0.2447429597377777,0.0,0.0,0.4351712465286255,0.0,0.0,0.03745074197649956,0.0,0.0,0.24851658940315247,0.0,0.0,0.15173771977424622,0.0,0.0,0.45622727274894714,0.0,0.0,0.055158041417598724,0.0,0.0,0.08229178190231323,0.0,0.0,0.03300672397017479,0.0,0.0,0.052949268370866776,0.0,0.0,0.008614114485681057,0.0,0.0,0.010023493319749832
429,True,72.82489013671875,42.04295349121094,0.9843990802764893,78.27879333496094,29.23419952392578,0.7011012434959412,64.20890045166016,25.232498168945312,0.9939427971839905,0.0,0.0,0.00646893959492445,32.980140686035156,10.735336303710938,0.918921947479248,0.0,0.0,0.4070689082145691,18.65546417236328,43.1219482421875,0.5740545988082886,0.0,0.0,0.08858087658882141,0.0,0.0,0.3858995735645294,0.0,0.0,0.2935866713523865,105.51896667480469,66.08187866210938,0.6387712359428406,0.0,0.0,0.12711839377880096,0.0,0.0,0.1629793643951416,0.0,0.0,0.05668686330318451,0.0,0.0,0.07971512526273727,0.0,0.0,0.012029624544084072,0.0,0.0,0.012731610797345638
430,True,73.88715362548828,37.46942901611328,0.8525586128234863,0.0,0.0,0.20970261096954346,68.91271209716797,26.13703155517578,0.9174432158470154,0.0,0.0,0.007456852123141289,46.868064880371094,18.113784790039062,0.8135649561882019,0.0,0.0,0.4572235941886902,32.76224136352539,46.11708068847656,0.6624221801757812,0.0,0.0,0.16514097154140472,63.210208892822266,75.19361877441406,0.5609005093574524,0.0,0.0,0.2595200836658478,108.96887969970703,60.661376953125,0.5674521923065186,0.0,0.0,0.361390084028244,0.0,0.0,0.43477967381477356,0.0,0.0,0.16249479353427887,0.0,0.0,0.22491250932216644,0.0,0.0,0.03732386231422424,0.0,0.0,0.04031332582235336
431,True,78.73806762695312,28.916748046875,0.7889227867126465,0.0,0.0,0.09376844018697739,74.67186737060547,18.784423828125,0.8858158588409424,0.0,0.0,0.0021670435089617968,50.00265121459961,9.496994018554688,0.831996500492096,41.77275466918945,42.782737731933594,0.5688173174858093,24.98184585571289,36.5301513671875,0.6617652177810669,0.0,0.0,0.3976888954639435,39.73477554321289,73.97933959960938,0.6967800259590149,107.48934936523438,59.745155334472656,0.5383434295654297,111.06805419921875,60.69330978393555,0.754571259021759,27.431846618652344,141.65792846679688,0.506638765335083,15.348892211914062,143.2957305908203,0.5053113698959351,0.0,0.0,0.12817099690437317,0.0,0.0,0.13510851562023163,0.0,0.0,0.01614142768085003,0.0,0.0,0.013365129940211773
432,True,0.0,0.0,0.04415411129593849,0.0,0.0,0.0020491457544267178,0.0,0.0,0.048292264342308044,0.0,0.0,0.0005415236228145659,0.0,0.0,0.1310349851846695,0.0,0.0,0.19522033631801605,0.0,0.0,0.12530873715877533,0.0,0.0,0.4707123041152954,0.0,0.0,0.46173369884490967,121.98159790039062,53.254852294921875,0.636968731880188,124.89183044433594,56.11124038696289,0.6305007338523865,26.10845947265625,147.6527862548828,0.5855393409729004,0.0,0.0,0.45181071758270264,0.0,0.0,0.11103889346122742,0.0,0.0,0.07603733241558075,0.0,0.0,0.010486270301043987,0.0,0.0,0.006339287851005793
433,True,0.0,0.0,0.0405111089348793,0.0,0.0,0.0019565830007195473,0.0,0.0,0.04024217650294304,0.0,0.0,0.0010537735652178526,0.0,0.0,0.12850043177604675,0.0,0.0,0.24738670885562897,0.0,0.0,0.20755746960639954,0.0,0.0,0.42182105779647827,57.58507537841797,73.29145812988281,0.5307914614677429,127.64480590820312,52.09202575683594,0.5488197803497314,132.80654907226562,56.936431884765625,0.6078916192054749,26.269386291503906,137.03408813476562,0.5564324259757996,0.0,0.0,0.48190227150917053,0.0,0.0,0.19570034742355347,0.0,0.0,0.16829469799995422,0.0,0.0,0.026120247319340706,0.0,0.0,0.019006172195076942
434,True,0.0,0.0,0.006275151390582323,0.0,0.0,0.0004252113285474479,0.0,0.0,0.004388613626360893,0.0,0.0,0.0011433901963755488,0.0,0.0,0.03936128318309784,0.0,0.0,0.19467420876026154,0.0,0.0,0.12433948367834091,68.03961944580078,60.10917663574219,0.5363316535949707,69.43460083007812,64.02568054199219,0.5628435015678406,126.51493835449219,57.24981689453125,0.5838959813117981,132.41847229003906,59.35723876953125,0.5724488496780396,29.052143096923828,127.02975463867188,0.6971126794815063,23.200565338134766,129.78897094726562,0.6052113175392151,0.0,0.0,0.2427373081445694,0.0,0.0,0.205745667219162,0.0,0.0,0.029274361208081245,0.0,0.0,0.021852409467101097
435,True,0.0,0.0,0.42630741000175476,0.0,0.0,0.03017832338809967,0.0,0.0,0.4724285304546356,0.0,0.0,0.002719044918194413,0.0,0.0,0.4928171932697296,49.386962890625,34.010154724121094,0.6015134453773499,0.0,0.0,0.43126180768013,67.63699340820312,65.1007308959961,0.6833858489990234,61.33174514770508,64.56433868408203,0.6158919334411621,127.9061279296875,59.97282409667969,0.7491526007652283,129.95938110351562,61.134342193603516,0.6854531764984131,32.85688018798828,134.77650451660156,0.6999717354774475,22.161148071289062,136.4647216796875,0.5635647177696228,0.0,0.0,0.20566633343696594,0.0,0.0,0.13611029088497162,0.0,0.0,0.021621868014335632,0.0,0.0,0.01237438153475523
436,True,0.0,0.0,0.0017901880200952291,0.0,0.0,0.00010067981202155352,0.0,0.0,0.0011422547977417707,0.0,0.0,0.0007839747122488916,0.0,0.0,0.02262055315077305,0.0,0.0,0.061286263167858124,0.0,0.0,0.16493816673755646,0.0,0.0,0.1980239599943161,75.85464477539062,61.307708740234375,0.7113632559776306,0.0,0.0,0.29488974809646606,132.85330200195312,68.73857116699219,0.6529734134674072,23.51104736328125,126.94646453857422,0.5105093717575073,27.889820098876953,129.6269073486328,0.623880922794342,0.0,0.0,0.1301822066307068,0.0,0.0,0.2254008948802948,0.0,0.0,0.015889950096607208,0.0,0.0,0.022344809025526047
437,True,0.0,0.0,0.004950092174112797,0.0,0.0,0.00020466883142944425,0.0,0.0,0.004495365545153618,0.0,0.0,0.00039321856456808746,0.0,0.0,0.046747837215662,0.0,0.0,0.1028844341635704,0.0,0.0,0.1483260542154312,0.0,0.0,0.4564695656299591,64.07575225830078,72.35891723632812,0.6888110041618347,126.49822998046875,68.3607177734375,0.6076784133911133,126.62086486816406,67.36859130859375,0.7313287258148193,31.8951416015625,134.50933837890625,0.6779792904853821,27.025222778320312,139.37228393554688,0.6496260166168213,0.0,0.0,0.10877308249473572,0.0,0.0,0.10675301402807236,0.0,0.0,0.0076080188155174255,0.0,0.0,0.00620063953101635
438,True,0.0,0.0,0.05055828392505646,0.0,0.0,0.0028000399470329285,0.0,0.0,0.0417485386133194,0.0,0.0,0.0016958313062787056,0.0,0.0,0.1203075423836708,0.0,0.0,0.3564433753490448,0.0,0.0,0.23616252839565277,68.87300872802734,70.57816314697266,0.6644754409790039,62.212852478027344,77.07421875,0.6018681526184082,128.99574279785156,71.22502899169922,0.7363136410713196,134.3964385986328,70.84577941894531,0.6664456725120544,31.890247344970703,138.6002655029297,0.7176110744476318,20.809310913085938,141.828369140625,0.5926902890205383,0.0,0.0,0.19072318077087402,0.0,0.0,0.13026739656925201,0.0,0.0,0.016424834728240967,0.0,0.0,0.009975900873541832
439,True,0.0,0.0,0.018402056768536568,0.0,0.0,0.0008889578748494387,0.0,0.0,0.013627993874251842,0.0,0.0,0.0012111564865335822,0.0,0.0,0.07393774390220642,0.0,0.0,0.2847632169723511,0.0,0.0,0.2364710420370102,70.54840850830078,70.35285186767578,0.5972989201545715,69.91387939453125,75.44981384277344,0.644109845161438,131.92526245117188,68.40217590332031,0.640805721282959,139.03634643554688,66.7103042602539,0.6382465958595276,29.43633270263672,142.5501251220703,0.686528742313385,22.887802124023438,146.1573486328125,0.5991145372390747,0.0,0.0,0.15637503564357758,0.0,0.0,0.1256488710641861,0.0,0.0,0.014166598208248615,0.0,0.0,0.00996214896440506
440,True,0.0,0.0,0.025032734498381615,0.0,0.0,0.004434581845998764,0.0,0.0,0.009262602776288986,0.0,0.0,0.012599070556461811,0.0,0.0,0.02056521363556385,0.0,0.0,0.2561337351799011,0.0,0.0,0.12365420162677765,0.0,0.0,0.36896249651908875,0.0,0.0,0.3307689428329468,0.0,0.0,0.3910510540008545,0.0,0.0,0.30639025568962097,30.032726287841797,130.0323486328125,0.6542052626609802,25.51335906982422,130.95449829101562,0.5693320035934448,0.0,0.0,0.2871716618537903,0.0,0.0,0.26189014315605164,0.0,0.0,0.04932224005460739,0.0,0.0,0.04283635690808296
441,True,0.0,0.0,0.18214847147464752,0.0,0.0,0.008074703626334667,0.0,0.0,0.22715836763381958,0.0,0.0,0.002360008656978607,0.0,0.0,0.38995757699012756,0.0,0.0,0.36926865577697754,50.37005615234375,24.912918090820312,0.5493492484092712,0.0,0.0,0.32397592067718506,84.76082611083984,74.31175231933594,0.7491369843482971,0.0,0.0,0.39418989419937134,151.70761108398438,67.63420104980469,0.6755334138870239,26.497817993164062,141.37338256835938,0.6098372936248779,22.357009887695312,144.63307189941406,0.6548741459846497,0.0,0.0,0.14633910357952118,0.0,0.0,0.19297099113464355,0.0,0.0,0.018115676939487457,0.0,0.0,0.018578259274363518
442,True,0.0,0.0,0.023754460737109184,0.0,0.0,0.003946190234273672,0.0,0.0,0.007445193361490965,0.0,0.0,0.013035622425377369,0.0,0.0,0.016842395067214966,0.0,0.0,0.29849302768707275,0.0,0.0,0.18267592787742615,0.0,0.0,0.4503396451473236,0.0,0.0,0.4861654043197632,0.0,0.0,0.465886652469635,0.0,0.0,0.42952337861061096,30.67221450805664,142.09539794921875,0.6330873966217041,25.419410705566406,143.22341918945312,0.5720572471618652,0.0,0.0,0.15300172567367554,0.0,0.0,0.15120799839496613,0.0,0.0,0.01618363708257675,0.0,0.0,0.015193764120340347
443,True,0.0,0.0,0.020499389618635178,0.0,0.0,0.0006423091981559992,0.0,0.0,0.02598540298640728,0.0,0.0,0.0013937830226495862,0.0,0.0,0.2236979752779007,0.0,0.0,0.2134193480014801,48.481422424316406,24.24505615234375,0.6280580759048462,0.0,0.0,0.2889604866504669,81.85838317871094,76.32853698730469,0.8947526216506958,0.0,0.0,0.34856659173965454,138.05093383789062,71.17291259765625,0.801543653011322,24.3145751953125,138.10894775390625,0.6748107075691223,26.96029281616211,142.294921875,0.7997426390647888,0.0,0.0,0.07592500746250153,0.0,0.0,0.15120679140090942,0.0,0.0,0.005195535719394684,0.0,0.0,0.007543459534645081
444,True,0.0,0.0,0.0027299360372126102,0.0,0.0,9.884517203317955e-05,0.0,0.0,0.002641057362779975,0.0,0.0,0.0006275656633079052,0.0,0.0,0.04880061745643616,0.0,0.0,0.0651397705078125,0.0,0.0,0.36264750361442566,0.0,0.0,0.20076625049114227,84.92454528808594,71.12812805175781,0.8856891989707947,0.0,0.0,0.3115425407886505,138.0614776611328,73.14958953857422,0.8179916143417358,26.534820556640625,138.96307373046875,0.5845640301704407,29.206310272216797,143.30612182617188,0.7618668675422668,0.0,0.0,0.0403941310942173,0.0,0.0,0.10094992071390152,0.0,0.0,0.002506563439965248,0.0,0.0,0.004324706271290779
445,True,0.0,0.0,0.043222568929195404,0.0,0.0,0.0018760114908218384,0.0,0.0,0.04691819101572037,0.0,0.0,0.002267303876578808,0.0,0.0,0.22406356036663055,0.0,0.0,0.28203994035720825,0.0,0.0,0.426687628030777,0.0,0.0,0.33461281657218933,86.19904327392578,68.95209503173828,0.7145270705223083,0.0,0.0,0.3679131269454956,144.1868896484375,67.14348602294922,0.6171413064002991,26.096771240234375,151.52976989746094,0.5925061106681824,27.062400817871094,154.65843200683594,0.6305073499679565,0.0,0.0,0.11008050292730331,0.0,0.0,0.1442500352859497,0.0,0.0,0.012785582803189754,0.0,0.0,0.013589358888566494
446,True,0.0,0.0,0.010212302207946777,0.0,0.0,0.00048398581566289067,0.0,0.0,0.009347805753350258,0.0,0.0,0.0015784528804942966,0.0,0.0,0.0697801411151886,0.0,0.0,0.10620104521512985,0.0,0.0,0.4037449061870575,0.0,0.0,0.17962536215782166,86.49602508544922,70.44375610351562,0.8387545943260193,0.0,0.0,0.24830244481563568,141.6242218017578,70.54539489746094,0.7373983860015869,26.55231475830078,145.88365173339844,0.5093487501144409,27.13922119140625,149.12899780273438,0.6949962973594666,0.0,0.0,0.060601480305194855,0.0,0.0,0.14865364134311676,0.0,0.0,0.006108483765274286,0.0,0.0,0.010890594683587551
447,True,0.0,0.0,9.941346070263535e-05,0.0,0.0,1.5009338312665932e-05,0.0,0.0,7.289228233275935e-05,0.0,0.0,0.0062505644746124744,0.0,0.0,0.05645648017525673,0.0,0.0,0.0374533049762249,0.0,0.0,0.22295427322387695,0.0,0.0,0.06136191636323929,0.0,0.0,0.4444374740123749,0.0,0.0,0.047398608177900314,0.0,0.0,0.22249916195869446,15.774757385253906,111.58409881591797,0.69156414270401,48.281898498535156,114.15463256835938,0.8287955522537231,0.0,0.0,0.19566747546195984,0.0,0.0,0.35495561361312866,0.0,0.0,0.025351380929350853,0.0,0.0,0.04291149601340294
448,True,0.0,0.0,0.006086429581046104,0.0,0.0,0.0018287018174305558,0.0,0.0,0.003463011933490634,0.0,0.0,0.12520930171012878,0.0,0.0,0.18488770723342896,0.0,0.0,0.22726988792419434,71.5670394897461,31.664474487304688,0.6314547061920166,0.0,0.0,0.07254292070865631,0.0,0.0,0.46408915519714355,0.0,0.0,0.03347305208444595,0.0,0.0,0.15171357989311218,18.54833221435547,129.721435546875,0.6061126589775085,46.691490173339844,131.41998291015625,0.7808878421783447,0.0,0.0,0.2602233290672302,0.0,0.0,0.46365922689437866,0.0,0.0,0.060122232884168625,0.0,0.0,0.10915253311395645
449,True,0.0,0.0,0.01755271665751934,0.0,0.0,0.003678638255223632,0.0,0.0,0.013311963528394699,0.0,0.0,0.079378642141819,0.0,0.0,0.31164810061454773,0.0,0.0,0.3026430606842041,66.47901916503906,28.801834106445312,0.5756515264511108,0.0,0.0,0.1095883771777153,0.0,0.0,0.3712145984172821,0.0,0.0,0.05283892899751663,0.0,0.0,0.1410888284444809,21.35919952392578,127.81192016601562,0.53249192237854,46.05408477783203,130.08798217773438,0.645493745803833,0.0,0.0,0.3039998710155487,0.0,0.0,0.40634214878082275,0.0,0.0,0.1045476570725441,0.0,0.0,0.13676166534423828
450,False,0.0,0.0,0.0,0.0,0.0,0.0,0.0,0.0,0.0,0.0,0.0,0.0,0.0,0.0,0.0,0.0,0.0,0.0,0.0,0.0,0.0,0.0,0.0,0.0,0.0,0.0,0.0,0.0,0.0,0.0,0.0,0.0,0.0,0.0,0.0,0.0,0.0,0.0,0.0,0.0,0.0,0.0,0.0,0.0,0.0,0.0,0.0,0.0,0.0,0.0,0.0
451,False,0.0,0.0,0.0,0.0,0.0,0.0,0.0,0.0,0.0,0.0,0.0,0.0,0.0,0.0,0.0,0.0,0.0,0.0,0.0,0.0,0.0,0.0,0.0,0.0,0.0,0.0,0.0,0.0,0.0,0.0,0.0,0.0,0.0,0.0,0.0,0.0,0.0,0.0,0.0,0.0,0.0,0.0,0.0,0.0,0.0,0.0,0.0,0.0,0.0,0.0,0.0
452,True,0.0,0.0,0.01711590215563774,0.0,0.0,0.0038919562939554453,0.0,0.0,0.004712188616394997,0.0,0.0,0.02024909108877182,0.0,0.0,0.014608212746679783,0.0,0.0,0.3671726882457733,0.0,0.0,0.1425623893737793,94.0660400390625,55.85139465332031,0.5412948727607727,0.0,0.0,0.3720439076423645,144.76693725585938,72.63726043701172,0.5252701044082642,0.0,0.0,0.3391055762767792,38.726470947265625,121.83477020263672,0.8088487386703491,33.88304138183594,122.9443359375,0.7087140679359436,0.0,0.0,0.44698163866996765,0.0,0.0,0.37245193123817444,0.0,0.0,0.07130827754735947,0.0,0.0,0.056142330169677734
453,True,0.0,0.0,0.01658635586500168,0.0,0.0,0.0006487555801868439,0.0,0.0,0.01828640140593052,0.0,0.0,0.001795243239030242,0.0,0.0,0.16726142168045044,0.0,0.0,0.22319084405899048,55.82563018798828,25.849700927734375,0.5612248778343201,0.0,0.0,0.3297729194164276,89.26665496826172,74.73040008544922,0.8839278817176819,0.0,0.0,0.4109404385089874,148.8784637451172,80.03704833984375,0.8080651164054871,27.345947265625,132.68289184570312,0.7586694359779358,29.449020385742188,136.95909118652344,0.8449207544326782,0.0,0.0,0.19559739530086517,0.0,0.0,0.33290690183639526,0.0,0.0,0.017270926386117935,0.0,0.0,0.024154990911483765
454,True,0.0,0.0,0.0036587684880942106,0.0,0.0,0.0002182543248636648,0.0,0.0,0.002465515397489071,0.0,0.0,0.0014910897007212043,0.0,0.0,0.03301730751991272,0.0,0.0,0.111575186252594,0.0,0.0,0.2712785303592682,0.0,0.0,0.2511700987815857,92.18370056152344,65.87408447265625,0.7873234152793884,0.0,0.0,0.33471834659576416,152.87701416015625,81.29676055908203,0.7005967497825623,31.079368591308594,132.4729766845703,0.6853788495063782,31.529346466064453,134.69467163085938,0.7758262157440186,0.0,0.0,0.15727831423282623,0.0,0.0,0.2734970450401306,0.0,0.0,0.014107848517596722,0.0,0.0,0.020480776205658913
455,True,0.0,0.0,0.0006083904299885035,0.0,0.0,5.07365184603259e-05,0.0,0.0,0.0006197760230861604,0.0,0.0,0.0025428254157304764,0.0,0.0,0.06826671212911606,0.0,0.0,0.045149002224206924,0.0,0.0,0.3617425262928009,0.0,0.0,0.0716085359454155,92.02606201171875,46.750892639160156,0.7231475114822388,0.0,0.0,0.07882972806692123,0.0,0.0,0.48817893862724304,20.75994110107422,118.79933166503906,0.6880483031272888,39.61077880859375,118.17657470703125,0.8693470358848572,0.0,0.0,0.27481743693351746,42.529319763183594,195.21470642089844,0.5581526756286621,0.0,0.0,0.04157248139381409,0.0,0.0,0.08635962009429932
456,True,0.0,0.0,0.03002844750881195,0.0,0.0,0.002029735827818513,0.0,0.0,0.025804635137319565,0.0,0.0,0.001992183504626155,0.0,0.0,0.08779454231262207,0.0,0.0,0.16143007576465607,0.0,0.0,0.27981898188591003,0.0,0.0,0.311455637216568,74.38031005859375,70.75697326660156,0.6414920687675476,0.0,0.0,0.46410495042800903,128.45095825195312,86.790771484375,0.6715199947357178,35.407344818115234,132.4445343017578,0.7068459391593933,29.004318237304688,135.26165771484375,0.7275837063789368,0.0,0.0,0.19138391315937042,0.0,0.0,0.22433853149414062,0.0,0.0,0.02279592677950859,0.0,0.0,0.022475820034742355
457,True,0.0,0.0,0.1295686513185501,0.0,0.0,0.007945996709167957,0.0,0.0,0.10407398641109467,0.0,0.0,0.0016464649233967066,0.0,0.0,0.145313560962677,0.0,0.0,0.3744678497314453,0.0,0.0,0.3373331129550934,71.20396423339844,70.23219299316406,0.6068754196166992,41.80459976196289,81.25692749023438,0.633076012134552,127.93936920166016,87.62947082519531,0.744066596031189,126.57003784179688,91.28178405761719,0.7517780065536499,42.851436614990234,138.5196990966797,0.752428412437439,21.107879638671875,140.9432373046875,0.6701884865760803,0.0,0.0,0.2560833692550659,0.0,0.0,0.1899442821741104,0.0,0.0,0.03060794435441494,0.0,0.0,0.019875535741448402
458,False,0.0,0.0,0.0,0.0,0.0,0.0,0.0,0.0,0.0,0.0,0.0,0.0,0.0,0.0,0.0,0.0,0.0,0.0,0.0,0.0,0.0,0.0,0.0,0.0,0.0,0.0,0.0,0.0,0.0,0.0,0.0,0.0,0.0,0.0,0.0,0.0,0.0,0.0,0.0,0.0,0.0,0.0,0.0,0.0,0.0,0.0,0.0,0.0,0.0,0.0,0.0
459,False,0.0,0.0,0.0,0.0,0.0,0.0,0.0,0.0,0.0,0.0,0.0,0.0,0.0,0.0,0.0,0.0,0.0,0.0,0.0,0.0,0.0,0.0,0.0,0.0,0.0,0.0,0.0,0.0,0.0,0.0,0.0,0.0,0.0,0.0,0.0,0.0,0.0,0.0,0.0,0.0,0.0,0.0,0.0,0.0,0.0,0.0,0.0,0.0,0.0,0.0,0.0
460,True,0.0,0.0,0.11354205757379532,0.0,0.0,0.0165458582341671,0.0,0.0,0.04434799402952194,0.0,0.0,0.018463414162397385,0.0,0.0,0.029289396479725838,0.0,0.0,0.3241250813007355,0.0,0.0,0.2096869796514511,0.0,0.0,0.40521734952926636,0.0,0.0,0.34873753786087036,185.19851684570312,108.97772979736328,0.5224310755729675,0.0,0.0,0.3512156903743744,26.12420654296875,143.30105590820312,0.7905015349388123,12.788162231445312,143.05931091308594,0.6915463209152222,0.0,0.0,0.2650515139102936,0.0,0.0,0.20681001245975494,0.0,0.0,0.031333040446043015,0.0,0.0,0.022766493260860443
461,True,0.0,0.0,0.0484299473464489,0.0,0.0,0.009707151912152767,0.0,0.0,0.014991354197263718,0.0,0.0,0.02658095210790634,0.0,0.0,0.013182844035327435,0.0,0.0,0.31092390418052673,0.0,0.0,0.12877601385116577,0.0,0.0,0.42071694135665894,0.0,0.0,0.3174709379673004,0.0,0.0,0.4993116855621338,0.0,0.0,0.31724148988723755,21.665916442871094,148.83367919921875,0.6646454334259033,9.37359619140625,148.45941162109375,0.524563193321228,0.0,0.0,0.08710858225822449,0.0,0.0,0.07085105031728745,0.0,0.0,0.006555470172315836,0.0,0.0,0.0053200493566691875
462,True,0.0,0.0,0.430095911026001,0.0,0.0,0.17093458771705627,0.0,0.0,0.1430346667766571,0.0,0.0,0.07763487845659256,0.0,0.0,0.016503477469086647,75.37017059326172,42.09321594238281,0.5077678561210632,0.0,0.0,0.20578983426094055,132.86695861816406,85.27294921875,0.5145030617713928,0.0,0.0,0.19046826660633087,137.896728515625,85.47575378417969,0.605897843837738,0.0,0.0,0.23166458308696747,31.308006286621094,156.76840209960938,0.7226653695106506,4.766357421875,154.68585205078125,0.5391800403594971,0.0,0.0,0.1728925257921219,0.0,0.0,0.1053014025092125,0.0,0.0,0.019803497940301895,0.0,0.0,0.012736916542053223
463,True,0.0,0.0,0.03561202064156532,0.0,0.0,0.0035607118625193834,0.0,0.0,0.018763313069939613,0.0,0.0,0.003501220140606165,0.0,0.0,0.03418134152889252,0.0,0.0,0.20996509492397308,0.0,0.0,0.09985053539276123,0.0,0.0,0.4987063705921173,0.0,0.0,0.32621845602989197,129.96080017089844,88.97978973388672,0.6110477447509766,0.0,0.0,0.422330379486084,21.800819396972656,139.24520874023438,0.6932705640792847,9.706527709960938,140.68267822265625,0.5364722013473511,0.0,0.0,0.09135008603334427,0.0,0.0,0.05749166011810303,0.0,0.0,0.006642496678978205,0.0,0.0,0.0041187782771885395
464,False,0.0,0.0,0.0,0.0,0.0,0.0,0.0,0.0,0.0,0.0,0.0,0.0,0.0,0.0,0.0,0.0,0.0,0.0,0.0,0.0,0.0,0.0,0.0,0.0,0.0,0.0,0.0,0.0,0.0,0.0,0.0,0.0,0.0,0.0,0.0,0.0,0.0,0.0,0.0,0.0,0.0,0.0,0.0,0.0,0.0,0.0,0.0,0.0,0.0,0.0,0.0
465,True,0.0,0.0,0.002509560203179717,0.0,0.0,0.00048624887131154537,0.0,0.0,0.001347375102341175,0.0,0.0,0.006688315887004137,0.0,0.0,0.022285249084234238,0.0,0.0,0.03238030523061752,0.0,0.0,0.11012353003025055,0.0,0.0,0.0846405029296875,0.0,0.0,0.3182518482208252,0.0,0.0,0.11905389279127121,0.0,0.0,0.2708337604999542,28.498191833496094,90.9725570678711,0.5758619904518127,38.632598876953125,90.67509460449219,0.6913892030715942,0.0,0.0,0.24030128121376038,0.0,0.0,0.34682518243789673,0.0,0.0,0.034387603402137756,0.0,0.0,0.04726049304008484
466,True,0.0,0.0,0.0012853923253715038,0.0,0.0,0.00023632816737517715,0.0,0.0,0.0007924091769382358,0.0,0.0,0.003429286414757371,0.0,0.0,0.015339052304625511,0.0,0.0,0.025113556534051895,0.0,0.0,0.07708758115768433,0.0,0.0,0.0783788412809372,0.0,0.0,0.36740168929100037,0.0,0.0,0.13751018047332764,0.0,0.0,0.3399845361709595,32.3382568359375,77.64068603515625,0.5811337232589722,40.13481140136719,76.25498962402344,0.7030521035194397,0.0,0.0,0.42144355177879333,37.845420837402344,170.2130889892578,0.5766369700431824,0.0,0.0,0.0911581739783287,0.0,0.0,0.12906672060489655
467,True,0.0,0.0,0.003118236316367984,0.0,0.0,0.00038767122896388173,0.0,0.0,0.0027524475008249283,0.0,0.0,0.0026050193700939417,0.0,0.0,0.0365055687725544,0.0,0.0,0.04318322241306305,0.0,0.0,0.08490719646215439,0.0,0.0,0.10549844056367874,0.0,0.0,0.3201698660850525,0.0,0.0,0.1491597592830658,0.0,0.0,0.273910254240036,24.106475830078125,92.06148529052734,0.5054097175598145,28.692245483398438,90.43312072753906,0.5780743956565857,0.0,0.0,0.3053376376628876,0.0,0.0,0.3980086147785187,0.0,0.0,0.0643424242734909,0.0,0.0,0.07743187993764877
468,True,0.0,0.0,0.0020188926719129086,0.0,0.0,0.0002775695757009089,0.0,0.0,0.001668924349360168,0.0,0.0,0.002660343423485756,0.0,0.0,0.029799869284033775,0.0,0.0,0.042062509804964066,0.0,0.0,0.07746478170156479,0.0,0.0,0.11386522650718689,0.0,0.0,0.3219210207462311,0.0,0.0,0.16655343770980835,0.0,0.0,0.2908652424812317,26.614517211914062,78.40198516845703,0.5711392760276794,31.57314682006836,76.6898193359375,0.6338701248168945,0.0,0.0,0.4215562641620636,34.0873908996582,165.12904357910156,0.5159361362457275,0.0,0.0,0.09342172741889954,0.0,0.0,0.11063177138566971
469,False,0.0,0.0,0.0,0.0,0.0,0.0,0.0,0.0,0.0,0.0,0.0,0.0,0.0,0.0,0.0,0.0,0.0,0.0,0.0,0.0,0.0,0.0,0.0,0.0,0.0,0.0,0.0,0.0,0.0,0.0,0.0,0.0,0.0,0.0,0.0,0.0,0.0,0.0,0.0,0.0,0.0,0.0,0.0,0.0,0.0,0.0,0.0,0.0,0.0,0.0,0.0
470,False,0.0,0.0,0.0,0.0,0.0,0.0,0.0,0.0,0.0,0.0,0.0,0.0,0.0,0.0,0.0,0.0,0.0,0.0,0.0,0.0,0.0,0.0,0.0,0.0,0.0,0.0,0.0,0.0,0.0,0.0,0.0,0.0,0.0,0.0,0.0,0.0,0.0,0.0,0.0,0.0,0.0,0.0,0.0,0.0,0.0,0.0,0.0,0.0,0.0,0.0,0.0
471,True,0.0,0.0,0.22689177095890045,0.0,0.0,0.019008129835128784,0.0,0.0,0.2567078471183777,0.0,0.0,0.0025308041367679834,0.0,0.0,0.20537930727005005,0.0,0.0,0.13427166640758514,0.0,0.0,0.20156016945838928,0.0,0.0,0.20661026239395142,0.0,0.0,0.41206514835357666,0.0,0.0,0.41905418038368225,102.40855407714844,75.87274169921875,0.593431293964386,0.0,0.0,0.3330628275871277,0.0,0.0,0.3321930170059204,0.0,0.0,0.052280914038419724,0.0,0.0,0.05457848310470581,0.0,0.0,0.006244400981813669,0.0,0.0,0.005464488174766302
472,True,0.0,0.0,0.2619324326515198,0.0,0.0,0.02781950682401657,0.0,0.0,0.2877751886844635,0.0,0.0,0.006757273804396391,0.0,0.0,0.27002742886543274,0.0,0.0,0.2094646394252777,0.0,0.0,0.38105663657188416,0.0,0.0,0.18362753093242645,52.024871826171875,69.1988525390625,0.5184152126312256,0.0,0.0,0.30784696340560913,104.68671417236328,76.81369018554688,0.5455778241157532,0.0,0.0,0.4629583954811096,10.372207641601562,122.60142517089844,0.5227822661399841,0.0,0.0,0.13603724539279938,0.0,0.0,0.1789943426847458,0.0,0.0,0.01963517628610134,0.0,0.0,0.02115754969418049
473,True,0.0,0.0,0.00833960622549057,0.0,0.0,0.0007962241070345044,0.0,0.0,0.004380123224109411,0.0,0.0,0.0011885460698977113,0.0,0.0,0.013577492907643318,0.0,0.0,0.09397006779909134,0.0,0.0,0.0884661078453064,0.0,0.0,0.38484105467796326,20.713539123535156,77.41397094726562,0.5240623950958252,101.42127227783203,77.9918212890625,0.586155116558075,101.02047729492188,79.64086151123047,0.6781717538833618,25.68671417236328,138.76654052734375,0.5471688508987427,9.529613494873047,142.21360778808594,0.5039263367652893,0.0,0.0,0.0725841149687767,0.0,0.0,0.07356446236371994,0.0,0.0,0.005027292296290398,0.0,0.0,0.004565303213894367
474,True,0.0,0.0,0.4866405129432678,0.0,0.0,0.07370121777057648,0.0,0.0,0.4606916010379791,0.0,0.0,0.005087827332317829,0.0,0.0,0.2116752564907074,0.0,0.0,0.2987622320652008,0.0,0.0,0.19110453128814697,0.0,0.0,0.4143548011779785,0.0,0.0,0.2831081449985504,87.2718734741211,84.53669738769531,0.6307490468025208,82.04136657714844,85.07180786132812,0.5430748462677002,0.0,0.0,0.376373291015625,0.0,0.0,0.2568192481994629,0.0,0.0,0.05458439886569977,0.0,0.0,0.03484857827425003,0.0,0.0,0.006144209299236536,0.0,0.0,0.003897268557921052
475,True,73.58038330078125,39.328521728515625,0.8335853815078735,0.0,0.0,0.2822176218032837,71.36934661865234,25.793190002441406,0.8519563674926758,0.0,0.0,0.008095077238976955,47.5240364074707,10.155899047851562,0.5395590662956238,0.0,0.0,0.4657847285270691,0.0,0.0,0.3236035108566284,0.0,0.0,0.42704901099205017,0.0,0.0,0.30338817834854126,86.71769714355469,80.86712646484375,0.6617776155471802,71.18458557128906,87.32611846923828,0.581417441368103,0.0,0.0,0.3432152569293976,0.0,0.0,0.2314053326845169,0.0,0.0,0.05498775467276573,0.0,0.0,0.03453327715396881,0.0,0.0,0.005474023055285215,0.0,0.0,0.0034023441839963198
476,True,0.0,0.0,0.05348266661167145,0.0,0.0,0.006846102420240641,0.0,0.0,0.030243786051869392,0.0,0.0,0.0017279915045946836,0.0,0.0,0.02085760422050953,0.0,0.0,0.06393954902887344,0.0,0.0,0.03009912557899952,0.0,0.0,0.31263014674186707,0.0,0.0,0.12601792812347412,66.94731140136719,90.19282531738281,0.6069162487983704,0.0,0.0,0.4135820269584656,0.0,0.0,0.18525882065296173,0.0,0.0,0.09891141206026077,0.0,0.0,0.023763900622725487,0.0,0.0,0.01225261576473713,0.0,0.0,0.0034071493428200483,0.0,0.0,0.0018797428347170353
477,True,71.41354370117188,46.67259216308594,0.6873592734336853,0.0,0.0,0.15331295132637024,68.59777069091797,32.56916046142578,0.7047083973884583,0.0,0.0,0.00430286955088377,0.0,0.0,0.33727043867111206,0.0,0.0,0.26612797379493713,0.0,0.0,0.10022265464067459,0.0,0.0,0.27921006083488464,0.0,0.0,0.09135229885578156,59.6420783996582,94.71435546875,0.5457523465156555,0.0,0.0,0.34085091948509216,0.0,0.0,0.11510781198740005,0.0,0.0,0.05432560667395592,0.0,0.0,0.02822778932750225,0.0,0.0,0.013008049689233303,0.0,0.0,0.005830641370266676,0.0,0.0,0.0029063576366752386
478,True,71.19560241699219,44.24475860595703,0.6020745038986206,0.0,0.0,0.08802809566259384,65.17158508300781,34.751373291015625,0.6494852304458618,0.0,0.0,0.0027997407596558332,0.0,0.0,0.46704405546188354,0.0,0.0,0.32958659529685974,0.0,0.0,0.19474685192108154,0.0,0.0,0.3545023202896118,0.0,0.0,0.2152934968471527,70.01901245117188,98.21531677246094,0.5847542881965637,66.64295196533203,95.62933349609375,0.5131341218948364,0.0,0.0,0.3507551848888397,0.0,0.0,0.22053243219852448,0.0,0.0,0.09086121618747711,0.0,0.0,0.050831638276576996,0.0,0.0,0.01477792114019394,0.0,0.0,0.008014184422791004
479,True,66.30958557128906,48.39286804199219,0.7025063037872314,0.0,0.0,0.1520843803882599,62.68350601196289,34.72853088378906,0.6942442655563354,0.0,0.0,0.004112434107810259,0.0,0.0,0.270034521818161,0.0,0.0,0.1955677568912506,0.0,0.0,0.10980105400085449,0.0,0.0,0.1898842751979828,0.0,0.0,0.10838950425386429,0.0,0.0,0.48599106073379517,0.0,0.0,0.41613346338272095,0.0,0.0,0.05660119652748108,0.0,0.0,0.03377611190080643,0.0,0.0,0.014222727157175541,0.0,0.0,0.00882237683981657,0.0,0.0,0.004578486550599337,0.0,0.0,0.0029307936783879995
480,True,60.57451248168945,48.23830795288086,0.7186794877052307,0.0,0.0,0.19196946918964386,52.91872787475586,31.935401916503906,0.71917724609375,0.0,0.0,0.0037469209637492895,0.0,0.0,0.26126477122306824,0.0,0.0,0.12835624814033508,0.0,0.0,0.04043737053871155,0.0,0.0,0.09283340722322464,0.0,0.0,0.03050607442855835,0.0,0.0,0.363863468170166,0.0,0.0,0.23046517372131348,0.0,0.0,0.019063450396060944,0.0,0.0,0.009687250480055809,0.0,0.0,0.010228085331618786,0.0,0.0,0.0057017314247787,0.0,0.0,0.005033643916249275,0.0,0.0,0.0029168007895350456
481,True,58.9775276184082,48.147193908691406,0.7176908850669861,0.0,0.0,0.15059928596019745,52.893096923828125,35.941184997558594,0.7654210925102234,0.0,0.0,0.004793351516127586,0.0,0.0,0.47636139392852783,0.0,0.0,0.237740159034729,0.0,0.0,0.2769399583339691,0.0,0.0,0.15183527767658234,0.0,0.0,0.2584874629974365,0.0,0.0,0.38076502084732056,45.540348052978516,101.50865936279297,0.5464733242988586,0.0,0.0,0.18115749955177307,0.0,0.0,0.17536799609661102,0.0,0.0,0.049677666276693344,0.0,0.0,0.04788137599825859,0.0,0.0,0.009304925799369812,0.0,0.0,0.00792555883526802
482,True,58.129112243652344,49.94966125488281,0.802769124507904,0.0,0.0,0.1779073029756546,51.12630844116211,36.35716247558594,0.8633506894111633,0.0,0.0,0.0027080944273620844,22.588430404663086,27.76850128173828,0.5959261655807495,0.0,0.0,0.19459602236747742,0.0,0.0,0.15365613996982574,0.0,0.0,0.08670911937952042,0.0,0.0,0.11813464760780334,0.0,0.0,0.2907867133617401,0.0,0.0,0.4177277386188507,0.0,0.0,0.060961637645959854,0.0,0.0,0.04991897940635681,0.0,0.0,0.027980325743556023,0.0,0.0,0.02345893904566765,0.0,0.0,0.009504328481853008,0.0,0.0,0.007381359580904245
483,True,54.26736831665039,54.84492492675781,0.7917525768280029,0.0,0.0,0.17676864564418793,49.862831115722656,32.18501281738281,0.8984338045120239,0.0,0.0,0.005699253641068935,23.494333267211914,24.488510131835938,0.7439868450164795,0.0,0.0,0.10190073400735855,0.0,0.0,0.2527613043785095,0.0,0.0,0.009584085084497929,0.0,0.0,0.054617151618003845,0.0,0.0,0.07892430573701859,0.0,0.0,0.26256370544433594,0.0,0.0,0.00989789143204689,0.0,0.0,0.014453176409006119,0.0,0.0,0.012412486597895622,0.0,0.0,0.017965730279684067,0.0,0.0,0.004666449036449194,0.0,0.0,0.005350097082555294
484,True,52.44675064086914,51.45026397705078,0.8306362628936768,0.0,0.0,0.24816358089447021,50.212188720703125,31.58697509765625,0.9073759317398071,0.0,0.0,0.007866231724619865,26.098052978515625,15.866073608398438,0.6599372625350952,0.0,0.0,0.1096910610795021,0.0,0.0,0.3107800781726837,0.0,0.0,0.018475135788321495,0.0,0.0,0.13908891379833221,0.0,0.0,0.10103128105401993,0.0,0.0,0.3770696520805359,0.0,0.0,0.027263570576906204,0.0,0.0,0.04540841653943062,0.0,0.0,0.016166290268301964,0.0,0.0,0.026919759809970856,0.0,0.0,0.0049872552044689655,0.0,0.0,0.006462497636675835
485,True,51.79047393798828,51.421424865722656,0.7906567454338074,0.0,0.0,0.19249118864536285,49.541927337646484,30.63446807861328,0.8910411596298218,0.0,0.0,0.006868303753435612,25.554824829101562,16.506927490234375,0.6503044366836548,0.0,0.0,0.0722564235329628,0.0,0.0,0.28613555431365967,0.0,0.0,0.009877501055598259,0.0,0.0,0.12494312971830368,0.0,0.0,0.06784423440694809,0.0,0.0,0.36652153730392456,0.0,0.0,0.017712173983454704,0.0,0.0,0.03544939309358597,0.0,0.0,0.012120031751692295,0.0,0.0,0.02465769276022911,0.0,0.0,0.00437536183744669,0.0,0.0,0.006603201851248741
486,True,53.0743522644043,49.984344482421875,0.8359491229057312,0.0,0.0,0.30562880635261536,49.20893096923828,32.352577209472656,0.835760772228241,0.0,0.0,0.005065289791673422,0.0,0.0,0.3275068402290344,0.0,0.0,0.19573067128658295,0.0,0.0,0.05468312278389931,0.0,0.0,0.10588804632425308,0.0,0.0,0.03051898069679737,0.0,0.0,0.3145512044429779,0.0,0.0,0.1818927675485611,0.0,0.0,0.02785608172416687,0.0,0.0,0.013147180899977684,0.0,0.0,0.012765039689838886,0.0,0.0,0.00598522461950779,0.0,0.0,0.004952159244567156,0.0,0.0,0.0027195208240300417
487,True,51.73542022705078,45.07456970214844,0.7826099395751953,0.0,0.0,0.2370762676000595,49.55885314941406,29.583938598632812,0.7664257287979126,0.0,0.0,0.0054038516245782375,0.0,0.0,0.2581895887851715,0.0,0.0,0.17484429478645325,0.0,0.0,0.08009624481201172,0.0,0.0,0.125847727060318,0.0,0.0,0.06273863464593887,0.0,0.0,0.3214254081249237,0.0,0.0,0.2540648281574249,0.0,0.0,0.03842919319868088,0.0,0.0,0.02263522706925869,0.0,0.0,0.010294022038578987,0.0,0.0,0.006245140451937914,0.0,0.0,0.004089631140232086,0.0,0.0,0.002707455540075898
488,True,50.91948699951172,45.78375244140625,0.7813971638679504,0.0,0.0,0.2739045321941376,50.19364547729492,31.522804260253906,0.7886263728141785,0.0,0.0,0.01483716070652008,0.0,0.0,0.32469460368156433,0.0,0.0,0.15860149264335632,0.0,0.0,0.34500235319137573,0.0,0.0,0.0678468868136406,0.0,0.0,0.2619541585445404,0.0,0.0,0.18604129552841187,0.0,0.0,0.45121973752975464,0.0,0.0,0.06561854481697083,0.0,0.0,0.09361955523490906,0.0,0.0,0.014477445743978024,0.0,0.0,0.02212623320519924,0.0,0.0,0.00438453396782279,0.0,0.0,0.0055835251696407795
489,True,53.16448974609375,43.81159973144531,0.8230754733085632,0.0,0.0,0.3149770200252533,50.38087844848633,29.826904296875,0.8117659091949463,0.0,0.0,0.009056166745722294,0.0,0.0,0.33884739875793457,0.0,0.0,0.31078773736953735,0.0,0.0,0.1304595023393631,0.0,0.0,0.24045906960964203,0.0,0.0,0.09599242359399796,0.0,0.0,0.4625585675239563,0.0,0.0,0.31967517733573914,0.0,0.0,0.10026875138282776,0.0,0.0,0.05277050659060478,0.0,0.0,0.026579927653074265,0.0,0.0,0.013919115997850895,0.0,0.0,0.006205928511917591,0.0,0.0,0.0035659787245094776
490,True,54.6920051574707,45.542442321777344,0.7794266939163208,0.0,0.0,0.2288723886013031,50.47345733642578,28.679672241210938,0.7826998829841614,0.0,0.0,0.0038605257868766785,0.0,0.0,0.3071727752685547,0.0,0.0,0.17605777084827423,0.0,0.0,0.0471726655960083,0.0,0.0,0.11376702785491943,0.0,0.0,0.03073340654373169,0.0,0.0,0.3325407803058624,0.0,0.0,0.1892477571964264,0.0,0.0,0.039684753865003586,0.0,0.0,0.017701085656881332,0.0,0.0,0.015041936188936234,0.0,0.0,0.006742741446942091,0.0,0.0,0.005193071905523539,0.0,0.0,0.0027373090852051973
491,True,55.87046813964844,43.88707733154297,0.8752739429473877,0.0,0.0,0.3405066132545471,50.47978210449219,25.819564819335938,0.9012165069580078,0.0,0.0,0.004339074250310659,18.552310943603516,12.090927124023438,0.5056846737861633,0.0,0.0,0.17290326952934265,0.0,0.0,0.05874190479516983,0.0,0.0,0.0727514699101448,0.0,0.0,0.02936864271759987,0.0,0.0,0.2531348764896393,0.0,0.0,0.18704751133918762,0.0,0.0,0.020840486511588097,0.0,0.0,0.011101541109383106,0.0,0.0,0.012868821620941162,0.0,0.0,0.00696848938241601,0.0,0.0,0.005818883888423443,0.0,0.0,0.003452728968113661
492,True,57.698944091796875,44.130767822265625,0.8266119956970215,0.0,0.0,0.3220798075199127,52.68397903442383,24.854049682617188,0.8313803672790527,0.0,0.0,0.005986955016851425,0.0,0.0,0.38919055461883545,0.0,0.0,0.23355957865715027,0.0,0.0,0.0446459986269474,0.0,0.0,0.12826669216156006,0.0,0.0,0.018751053139567375,0.0,0.0,0.361451655626297,0.0,0.0,0.13881219923496246,0.0,0.0,0.04374931380152702,0.0,0.0,0.015346032567322254,0.0,0.0,0.020487362518906593,0.0,0.0,0.006992896553128958,0.0,0.0,0.006404468324035406,0.0,0.0,0.0027548715006560087
493,True,60.36737823486328,44.66864013671875,0.8067726492881775,0.0,0.0,0.21453380584716797,54.18476104736328,27.23920440673828,0.8530657887458801,0.0,0.0,0.0028623584657907486,21.921741485595703,16.015335083007812,0.5296716690063477,0.0,0.0,0.21067224442958832,0.0,0.0,0.06528150290250778,0.0,0.0,0.12295150011777878,0.0,0.0,0.04229240491986275,0.0,0.0,0.3702659606933594,0.0,0.0,0.24887283146381378,0.0,0.0,0.04624281823635101,0.0,0.0,0.021856192499399185,0.0,0.0,0.022621912881731987,0.0,0.0,0.010606115683913231,0.0,0.0,0.006920213345438242,0.0,0.0,0.0035684381145983934
494,True,61.77470016479492,43.245330810546875,0.8279790878295898,0.0,0.0,0.28494271636009216,55.30812072753906,28.355453491210938,0.8615049123764038,0.0,0.0,0.004167553968727589,26.03020668029785,19.248802185058594,0.5538445115089417,0.0,0.0,0.23669539391994476,0.0,0.0,0.07961850613355637,0.0,0.0,0.1148681789636612,0.0,0.0,0.03619063273072243,0.0,0.0,0.2989251911640167,0.0,0.0,0.18841566145420074,0.0,0.0,0.04884178191423416,0.0,0.0,0.022829340770840645,0.0,0.0,0.01936396397650242,0.0,0.0,0.00885721668601036,0.0,0.0,0.007369971834123135,0.0,0.0,0.0037683413829654455
495,True,61.08613586425781,44.935882568359375,0.8775971531867981,0.0,0.0,0.3497285842895508,54.973941802978516,31.058517456054688,0.9005205035209656,0.0,0.0,0.0055235885083675385,26.017948150634766,19.13060760498047,0.6298795938491821,0.0,0.0,0.38190579414367676,0.0,0.0,0.13467834889888763,0.0,0.0,0.2089623510837555,0.0,0.0,0.06534860283136368,0.0,0.0,0.39384379982948303,0.0,0.0,0.2449919879436493,0.0,0.0,0.09990600496530533,0.0,0.0,0.047383613884449005,0.0,0.0,0.03620406985282898,0.0,0.0,0.016594555228948593,0.0,0.0,0.010077264159917831,0.0,0.0,0.005028554704040289
496,True,60.74125289916992,43.09843444824219,0.7895424365997314,0.0,0.0,0.18805837631225586,57.66151809692383,30.741615295410156,0.8420224189758301,0.0,0.0,0.006607030984014273,35.55968475341797,17.285362243652344,0.6307051181793213,0.0,0.0,0.30345380306243896,0.0,0.0,0.4342464506626129,0.0,0.0,0.15322045981884003,0.0,0.0,0.3527688682079315,0.0,0.0,0.29915839433670044,59.64384841918945,96.22972106933594,0.5348538756370544,0.0,0.0,0.12898217141628265,0.0,0.0,0.14317212998867035,0.0,0.0,0.03367194905877113,0.0,0.0,0.03874753415584564,0.0,0.0,0.007782487664371729,0.0,0.0,0.007530761417001486
497,True,61.96712112426758,43.732391357421875,0.7311227917671204,0.0,0.0,0.17084169387817383,58.84722900390625,31.77599334716797,0.7572360634803772,0.0,0.0,0.008099757134914398,0.0,0.0,0.48412325978279114,0.0,0.0,0.3142845332622528,0.0,0.0,0.36748677492141724,0.0,0.0,0.20316031575202942,0.0,0.0,0.3158741295337677,0.0,0.0,0.3774065375328064,56.373992919921875,95.79537963867188,0.5205778479576111,0.0,0.0,0.15488187968730927,0.0,0.0,0.14847195148468018,0.0,0.0,0.03788623958826065,0.0,0.0,0.03708609938621521,0.0,0.0,0.00736879650503397,0.0,0.0,0.006397565361112356
498,True,0.0,0.0,0.37930047512054443,0.0,0.0,0.06702058762311935,0.0,0.0,0.3106172978878021,0.0,0.0,0.010611952282488346,0.0,0.0,0.17430882155895233,0.0,0.0,0.24954983592033386,0.0,0.0,0.36650151014328003,0.0,0.0,0.22894267737865448,0.0,0.0,0.39159920811653137,0.0,0.0,0.3781079053878784,61.62725067138672,91.47311401367188,0.5261899828910828,0.0,0.0,0.26771044731140137,0.0,0.0,0.265365868806839,0.0,0.0,0.04889367148280144,0.0,0.0,0.051322586834430695,0.0,0.0,0.00846810545772314,0.0,0.0,0.008108040317893028
499,True,60.99257278442383,43.657745361328125,0.59804767370224,0.0,0.0,0.1306968331336975,58.01611328125,33.15138244628906,0.552497386932373,0.0,0.0,0.0077058239839971066,0.0,0.0,0.26195386052131653,0.0,0.0,0.33149003982543945,0.0,0.0,0.24049074947834015,0.0,0.0,0.3452470302581787,0.0,0.0,0.24725614488124847,63.060516357421875,91.51077270507812,0.5631721019744873,56.35972595214844,92.94825744628906,0.505549967288971,0.0,0.0,0.2625693380832672,0.0,0.0,0.1790618896484375,0.0,0.0,0.061706580221652985,0.0,0.0,0.040652401745319366,0.0,0.0,0.009692197665572166,0.0,0.0,0.006259930320084095
500,True,62.10009002685547,46.05835723876953,0.7672295570373535,0.0,0.0,0.20211787521839142,60.604148864746094,32.690399169921875,0.7736729979515076,0.0,0.0,0.00856391154229641,0.0,0.0,0.3980547785758972,0.0,0.0,0.3119293451309204,0.0,0.0,0.3087705969810486,0.0,0.0,0.21835832297801971,0.0,0.0,0.2542772591114044,0.0,0.0,0.44557899236679077,58.041080474853516,94.52471923828125,0.5152333974838257,0.0,0.0,0.1535435914993286,0.0,0.0,0.12745948135852814,0.0,0.0,0.02942332811653614,0.0,0.0,0.02536499686539173,0.0,0.0,0.005094693973660469,0.0,0.0,0.004066988360136747
501,True,66.3719253540039,44.559906005859375,0.5689446926116943,0.0,0.0,0.09213607758283615,61.69573974609375,35.25212860107422,0.575989305973053,0.0,0.0,0.004043842665851116,0.0,0.0,0.3499634861946106,0.0,0.0,0.35119950771331787,0.0,0.0,0.21201248466968536,0.0,0.0,0.38258272409439087,0.0,0.0,0.23352134227752686,67.49612426757812,88.68223571777344,0.579012393951416,0.0,0.0,0.4884912371635437,0.0,0.0,0.39020174741744995,0.0,0.0,0.2614957392215729,0.0,0.0,0.09174609184265137,0.0,0.0,0.05319014936685562,0.0,0.0,0.011967608705163002,0.0,0.0,0.006759646348655224
502,True,70.08293151855469,45.123435974121094,0.512673556804657,0.0,0.0,0.05017053335905075,63.93653869628906,35.775367736816406,0.5796524882316589,0.0,0.0,0.0014959152322262526,0.0,0.0,0.4584474265575409,0.0,0.0,0.28106847405433655,0.0,0.0,0.20508848130702972,0.0,0.0,0.32722148299217224,0.0,0.0,0.26745837926864624,68.9853515625,87.8129653930664,0.5376702547073364,48.38692092895508,95.42005920410156,0.5383104085922241,0.0,0.0,0.37377047538757324,0.0,0.0,0.2718718647956848,0.0,0.0,0.09941214323043823,0.0,0.0,0.0642680749297142,0.0,0.0,0.014247598126530647,0.0,0.0,0.008508703671395779
503,True,0.0,0.0,0.48992639780044556,0.0,0.0,0.05843678489327431,65.00852966308594,33.071380615234375,0.556022047996521,0.0,0.0,0.0024468747433274984,0.0,0.0,0.4100588262081146,0.0,0.0,0.2618172764778137,0.0,0.0,0.2697228789329529,0.0,0.0,0.250630259513855,0.0,0.0,0.31140050292015076,0.0,0.0,0.4113087058067322,50.3715934753418,90.9527587890625,0.5006816983222961,0.0,0.0,0.43620482087135315,0.0,0.0,0.3816758990287781,0.0,0.0,0.1236467957496643,0.0,0.0,0.10506419837474823,0.0,0.0,0.019588176161050797,0.0,0.0,0.014483636245131493
504,True,71.97341918945312,45.333587646484375,0.5678497552871704,0.0,0.0,0.09435661137104034,66.2658462524414,34.967613220214844,0.5544277429580688,0.0,0.0,0.0028156638145446777,0.0,0.0,0.24992679059505463,0.0,0.0,0.2260412573814392,0.0,0.0,0.13102039694786072,0.0,0.0,0.32855919003486633,0.0,0.0,0.17038770020008087,65.15530395507812,81.1030044555664,0.5879969596862793,0.0,0.0,0.4712510406970978,0.0,0.0,0.31573519110679626,0.0,0.0,0.19638849794864655,0.0,0.0,0.060196537524461746,0.0,0.0,0.03286357223987579,0.0,0.0,0.009283069521188736,0.0,0.0,0.005110857542604208
505,True,73.46932983398438,45.188873291015625,0.7450894117355347,0.0,0.0,0.1746244728565216,67.63771057128906,34.53864288330078,0.7588174939155579,0.0,0.0,0.004516090732067823,43.864925384521484,26.7684326171875,0.5233285427093506,0.0,0.0,0.38665226101875305,0.0,0.0,0.25930076837539673,0.0,0.0,0.3093142807483673,0.0,0.0,0.18933558464050293,41.26675796508789,90.50678253173828,0.6120495200157166,42.07809829711914,94.6190185546875,0.5289873480796814,0.0,0.0,0.184797003865242,0.0,0.0,0.1206803098320961,0.0,0.0,0.25091689825057983,0.0,0.0,0.16081218421459198,0.0,0.0,0.09832147508859634,0.0,0.0,0.05808841809630394
506,False,0.0,0.0,0.0,0.0,0.0,0.0,0.0,0.0,0.0,0.0,0.0,0.0,0.0,0.0,0.0,0.0,0.0,0.0,0.0,0.0,0.0,0.0,0.0,0.0,0.0,0.0,0.0,0.0,0.0,0.0,0.0,0.0,0.0,0.0,0.0,0.0,0.0,0.0,0.0,0.0,0.0,0.0,0.0,0.0,0.0,0.0,0.0,0.0,0.0,0.0,0.0
507,True,0.0,0.0,0.40471023321151733,0.0,0.0,0.11886724829673767,0.0,0.0,0.2782118022441864,0.0,0.0,0.010893044993281364,0.0,0.0,0.10023584216833115,0.0,0.0,0.21510733664035797,0.0,0.0,0.0934254601597786,0.0,0.0,0.2953231632709503,0.0,0.0,0.09173040091991425,43.182945251464844,94.80162048339844,0.5812991857528687,0.0,0.0,0.33658650517463684,0.0,0.0,0.14464713633060455,0.0,0.0,0.0749262198805809,0.0,0.0,0.0786811038851738,0.0,0.0,0.038335975259542465,0.0,0.0,0.022975442931056023,0.0,0.0,0.012595074251294136
508,True,0.0,0.0,0.18696561455726624,0.0,0.0,0.030320001766085625,0.0,0.0,0.1404402107000351,0.0,0.0,0.003549404675140977,0.0,0.0,0.09517140686511993,0.0,0.0,0.19032403826713562,0.0,0.0,0.08228138089179993,0.0,0.0,0.4036242961883545,0.0,0.0,0.14752009510993958,64.65731811523438,63.769893646240234,0.6420102119445801,0.0,0.0,0.4075870215892792,0.0,0.0,0.22261302173137665,0.0,0.0,0.11771999299526215,0.0,0.0,0.06020589545369148,0.0,0.0,0.028533270582556725,0.0,0.0,0.011238938197493553,0.0,0.0,0.005682823713868856
509,True,0.0,0.0,0.19658945500850677,0.0,0.0,0.03582780063152313,0.0,0.0,0.12189444899559021,0.0,0.0,0.0032631955109536648,0.0,0.0,0.04726795107126236,0.0,0.0,0.1340397447347641,0.0,0.0,0.03655921295285225,0.0,0.0,0.3526630699634552,0.0,0.0,0.06449665129184723,50.405914306640625,87.35758972167969,0.6424341201782227,0.0,0.0,0.29590481519699097,0.0,0.0,0.12536992132663727,0.0,0.0,0.047251343727111816,0.0,0.0,0.022154949605464935,0.0,0.0,0.0081862211227417,0.0,0.0,0.005023060832172632,0.0,0.0,0.002199903829023242
510,True,0.0,0.0,0.40015774965286255,0.0,0.0,0.09464443475008011,0.0,0.0,0.23239102959632874,0.0,0.0,0.012028779834508896,0.0,0.0,0.13161790370941162,74.80633544921875,41.51274108886719,0.5552099943161011,0.0,0.0,0.24431373178958893,57.79625701904297,101.19413757324219,0.6257163882255554,0.0,0.0,0.22058223187923431,51.02055358886719,89.24617767333984,0.8017507195472717,51.35744857788086,88.32665252685547,0.5124094486236572,0.0,0.0,0.3322484493255615,0.0,0.0,0.16026781499385834,0.0,0.0,0.12478142231702805,0.0,0.0,0.05502228066325188,0.0,0.0,0.018752632662653923,0.0,0.0,0.00871826708316803
511,True,85.44589233398438,30.45398712158203,0.5668781399726868,0.0,0.0,0.14011302590370178,0.0,0.0,0.40815961360931396,0.0,0.0,0.00810146238654852,0.0,0.0,0.08556953072547913,0.0,0.0,0.2376171350479126,0.0,0.0,0.141611710190773,0.0,0.0,0.3638182580471039,0.0,0.0,0.15356387197971344,59.2720947265625,89.54789733886719,0.7279265522956848,45.25732421875,89.55526733398438,0.5191614031791687,0.0,0.0,0.09764550626277924,0.0,0.0,0.053631119430065155,0.0,0.0,0.021181544288992882,0.0,0.0,0.012042712420225143,0.0,0.0,0.004014230333268642,0.0,0.0,0.0024165671784430742
512,False,0.0,0.0,0.0,0.0,0.0,0.0,0.0,0.0,0.0,0.0,0.0,0.0,0.0,0.0,0.0,0.0,0.0,0.0,0.0,0.0,0.0,0.0,0.0,0.0,0.0,0.0,0.0,0.0,0.0,0.0,0.0,0.0,0.0,0.0,0.0,0.0,0.0,0.0,0.0,0.0,0.0,0.0,0.0,0.0,0.0,0.0,0.0,0.0,0.0,0.0,0.0
513,False,0.0,0.0,0.0,0.0,0.0,0.0,0.0,0.0,0.0,0.0,0.0,0.0,0.0,0.0,0.0,0.0,0.0,0.0,0.0,0.0,0.0,0.0,0.0,0.0,0.0,0.0,0.0,0.0,0.0,0.0,0.0,0.0,0.0,0.0,0.0,0.0,0.0,0.0,0.0,0.0,0.0,0.0,0.0,0.0,0.0,0.0,0.0,0.0,0.0,0.0,0.0
514,False,0.0,0.0,0.0,0.0,0.0,0.0,0.0,0.0,0.0,0.0,0.0,0.0,0.0,0.0,0.0,0.0,0.0,0.0,0.0,0.0,0.0,0.0,0.0,0.0,0.0,0.0,0.0,0.0,0.0,0.0,0.0,0.0,0.0,0.0,0.0,0.0,0.0,0.0,0.0,0.0,0.0,0.0,0.0,0.0,0.0,0.0,0.0,0.0,0.0,0.0,0.0
515,True,0.0,0.0,0.04477701708674431,0.0,0.0,0.017094353213906288,0.0,0.0,0.12856946885585785,0.0,0.0,0.023313142359256744,0.0,0.0,0.44842827320098877,0.0,0.0,0.017694959416985512,0.0,0.0,0.03435555472970009,0.0,0.0,0.0020517869852483273,0.0,0.0,0.008201342076063156,0.0,0.0,0.007407665252685547,0.0,0.0,0.018817191943526268,0.0,0.0,0.0022200739476829767,0.0,0.0,0.003193874843418598,0.0,0.0,0.013322928920388222,0.0,0.0,0.018199611455202103,0.0,0.0,0.03477274253964424,0.0,0.0,0.04065960645675659
516,True,0.0,0.0,0.05045448988676071,0.0,0.0,0.011871515773236752,0.0,0.0,0.008310050703585148,0.0,0.0,0.01856936141848564,0.0,0.0,0.04402691870927811,0.0,0.0,0.1173621341586113,320.0,94.91508483886719,0.50838702917099,0.0,0.0,0.07212912291288376,272.55450439453125,119.184326171875,0.5059057474136353,0.0,0.0,0.3147073984146118,165.08853149414062,108.32669067382812,0.7226719260215759,0.0,0.0,0.0792984589934349,0.0,0.0,0.23269444704055786,0.0,0.0,0.2548949718475342,0.0,0.0,0.4362269639968872,0.0,0.0,0.13591185212135315,0.0,0.0,0.22466349601745605
517,True,0.0,0.0,0.38909679651260376,0.0,0.0,0.052711471915245056,0.0,0.0,0.2349383383989334,0.0,0.0,0.007348184008151293,0.0,0.0,0.21436633169651031,81.99010467529297,36.43510437011719,0.8529043197631836,0.0,0.0,0.4344134032726288,122.306640625,84.24636840820312,0.9132798910140991,11.16375732421875,91.14605712890625,0.5219541192054749,185.1888427734375,108.77587127685547,0.8826220631599426,46.59315872192383,92.87712097167969,0.6264966726303101,59.205039978027344,169.16372680664062,0.8565598726272583,22.469818115234375,171.5937957763672,0.6365281343460083,0.0,0.0,0.18204821646213531,0.0,0.0,0.07195518910884857,0.0,0.0,0.012460633181035519,0.0,0.0,0.005341730546206236
518,True,84.71125793457031,38.82049560546875,0.7065109610557556,0.0,0.0,0.1526011824607849,80.2738265991211,25.462120056152344,0.7282972931861877,0.0,0.0,0.0047263833694159985,0.0,0.0,0.43930333852767944,0.0,0.0,0.25091466307640076,0.0,0.0,0.2542714774608612,0.0,0.0,0.19470089673995972,0.0,0.0,0.189662367105484,0.0,0.0,0.4747394323348999,0.0,0.0,0.48275911808013916,0.0,0.0,0.09054781496524811,0.0,0.0,0.0676858127117157,0.0,0.0,0.036633141338825226,0.0,0.0,0.02629546821117401,0.0,0.0,0.009058482013642788,0.0,0.0,0.006120793987065554
519,True,77.03754425048828,35.52317810058594,0.6230993866920471,0.0,0.0,0.14693698287010193,73.39407348632812,22.09899139404297,0.5437904596328735,0.0,0.0,0.007653514854609966,0.0,0.0,0.23107750713825226,0.0,0.0,0.27742570638656616,0.0,0.0,0.1896851658821106,0.0,0.0,0.2801440358161926,0.0,0.0,0.15746146440505981,47.33924102783203,90.47164916992188,0.5356765389442444,0.0,0.0,0.42697104811668396,0.0,0.0,0.12935225665569305,0.0,0.0,0.08222810178995132,0.0,0.0,0.04632294178009033,0.0,0.0,0.028212156146764755,0.0,0.0,0.010822695679962635,0.0,0.0,0.006820084061473608
520,True,0.0,0.0,0.028984764590859413,0.0,0.0,0.008514349348843098,0.0,0.0,0.002536602085456252,0.0,0.0,0.00964426714926958,0.0,0.0,0.006702573969960213,0.0,0.0,0.20116126537322998,0.0,0.0,0.10309810936450958,0.0,0.0,0.3086146414279938,0.0,0.0,0.17512062191963196,222.77206420898438,214.7429656982422,0.5930737853050232,0.0,0.0,0.4895520806312561,0.0,0.0,0.03917358070611954,0.0,0.0,0.03579075634479523,0.0,0.0,0.14820721745491028,0.0,0.0,0.10756750404834747,0.0,0.0,0.08235359936952591,0.0,0.0,0.0649196058511734
521,True,74.9793701171875,50.706214904785156,0.8780776858329773,0.0,0.0,0.28526508808135986,66.02117919921875,34.57929992675781,0.9292321801185608,0.0,0.0,0.002773075830191374,35.68922805786133,25.881301879882812,0.7559922337532043,0.0,0.0,0.3397425711154938,0.0,0.0,0.14403855800628662,0.0,0.0,0.19977408647537231,0.0,0.0,0.09588993340730667,73.02581024169922,101.86577606201172,0.5184494853019714,0.0,0.0,0.4002017378807068,0.0,0.0,0.13097350299358368,0.0,0.0,0.066822849214077,0.0,0.0,0.04692148417234421,0.0,0.0,0.023077812045812607,0.0,0.0,0.00758757907897234,0.0,0.0,0.0036824990529567003
522,True,71.75140380859375,51.29758071899414,0.8591341376304626,0.0,0.0,0.300040066242218,69.26701354980469,31.661529541015625,0.8805167078971863,0.0,0.0,0.005801138002425432,0.0,0.0,0.4522078335285187,0.0,0.0,0.2448478490114212,0.0,0.0,0.12363733351230621,0.0,0.0,0.15224385261535645,0.0,0.0,0.07937359064817429,61.5269775390625,99.35425567626953,0.5034482479095459,0.0,0.0,0.39983734488487244,0.0,0.0,0.04523109272122383,0.0,0.0,0.025224480777978897,0.0,0.0,0.01898506097495556,0.0,0.0,0.01093239150941372,0.0,0.0,0.004421246703714132,0.0,0.0,0.0026369094848632812
523,True,69.75235748291016,48.12255096435547,0.6104574203491211,0.0,0.0,0.2234395295381546,66.3846664428711,32.92131042480469,0.6659647822380066,0.0,0.0,0.01847955398261547,0.0,0.0,0.31029561161994934,0.0,0.0,0.08888757973909378,0.0,0.0,0.1764955222606659,0.0,0.0,0.0498405359685421,0.0,0.0,0.1449948400259018,0.0,0.0,0.1677955687046051,0.0,0.0,0.29802247881889343,0.0,0.0,0.1328754872083664,0.0,0.0,0.16172999143600464,0.0,0.0,0.07942593842744827,0.0,0.0,0.09653608500957489,0.0,0.0,0.018377864733338356,0.0,0.0,0.01909276284277439
524,True,69.53489685058594,38.39091491699219,0.7390843033790588,0.0,0.0,0.29143503308296204,66.7320785522461,19.651268005371094,0.8381935954093933,0.0,0.0,0.018112048506736755,0.0,0.0,0.48806822299957275,0.0,0.0,0.055408526211977005,0.0,0.0,0.24027390778064728,0.0,0.0,0.012636040337383747,0.0,0.0,0.15242621302604675,0.0,0.0,0.05588660016655922,0.0,0.0,0.28146040439605713,0.0,0.0,0.04809339717030525,0.0,0.0,0.09988719969987869,0.0,0.0,0.03712562099099159,0.0,0.0,0.07954805344343185,0.0,0.0,0.010139749385416508,0.0,0.0,0.01602998934686184
525,True,68.21129608154297,37.89360809326172,0.7528289556503296,0.0,0.0,0.2910618782043457,66.8909683227539,21.32862091064453,0.821211576461792,0.0,0.0,0.026283586397767067,54.79846954345703,7.873908996582031,0.5231072902679443,0.0,0.0,0.12203741818666458,0.0,0.0,0.4437873065471649,0.0,0.0,0.03798101097345352,0.0,0.0,0.32847464084625244,0.0,0.0,0.12096419930458069,0.0,0.0,0.4213363230228424,0.0,0.0,0.09898138046264648,0.0,0.0,0.18532812595367432,0.0,0.0,0.035491522401571274,0.0,0.0,0.07330132275819778,0.0,0.0,0.006413017865270376,0.0,0.0,0.009729348123073578
526,True,68.4806137084961,31.576751708984375,0.7257246375083923,0.0,0.0,0.3075777292251587,65.98401641845703,17.365829467773438,0.7441035509109497,0.0,0.0,0.034127891063690186,0.0,0.0,0.3769335448741913,0.0,0.0,0.13268455862998962,0.0,0.0,0.4045436680316925,0.0,0.0,0.05048303306102753,0.0,0.0,0.29001936316490173,0.0,0.0,0.12948258221149445,0.0,0.0,0.362309992313385,0.0,0.0,0.1474146842956543,0.0,0.0,0.23122382164001465,0.0,0.0,0.04551858827471733,0.0,0.0,0.07870694249868393,0.0,0.0,0.009426199831068516,0.0,0.0,0.012982808984816074
527,True,66.83795928955078,43.05986022949219,0.9157949686050415,0.0,0.0,0.4177088439464569,65.29168701171875,25.04035186767578,0.9548072218894958,0.0,0.0,0.01009815838187933,42.69424057006836,4.5156402587890625,0.7017972469329834,0.0,0.0,0.20955845713615417,0.0,0.0,0.31911009550094604,0.0,0.0,0.05933245271444321,0.0,0.0,0.2190941870212555,0.0,0.0,0.234531968832016,0.0,0.0,0.47415414452552795,0.0,0.0,0.049740929156541824,0.0,0.0,0.05767890065908432,0.0,0.0,0.022197213023900986,0.0,0.0,0.028508756309747696,0.0,0.0,0.005046242382377386,0.0,0.0,0.0052597918547689915
528,True,69.14553833007812,44.659088134765625,0.8737927675247192,0.0,0.0,0.4329766035079956,65.6978988647461,28.358985900878906,0.9053975343704224,0.0,0.0,0.01745760068297386,42.615875244140625,14.263702392578125,0.542816698551178,0.0,0.0,0.2955643832683563,0.0,0.0,0.14036041498184204,0.0,0.0,0.08982253074645996,0.0,0.0,0.05370115861296654,0.0,0.0,0.2404830902814865,0.0,0.0,0.16883189976215363,0.0,0.0,0.07302108407020569,0.0,0.0,0.042979300022125244,0.0,0.0,0.042251091450452805,0.0,0.0,0.0272754468023777,0.0,0.0,0.010497701354324818,0.0,0.0,0.006614402402192354
529,True,67.72589111328125,46.813926696777344,0.914728045463562,0.0,0.0,0.3918488621711731,67.26885986328125,28.396347045898438,0.9501286745071411,0.0,0.0,0.009072952903807163,41.59815216064453,7.305366516113281,0.6771848797798157,0.0,0.0,0.25137847661972046,0.0,0.0,0.23195630311965942,0.0,0.0,0.08509449660778046,0.0,0.0,0.14021793007850647,0.0,0.0,0.3059220612049103,0.0,0.0,0.39970144629478455,0.0,0.0,0.055818770080804825,0.0,0.0,0.04583681747317314,0.0,0.0,0.021598096936941147,0.0,0.0,0.019352992996573448,0.0,0.0,0.0047772168181836605,0.0,0.0,0.0038757389411330223
530,True,69.29278564453125,44.47283172607422,0.8647089600563049,0.0,0.0,0.3727230429649353,67.93285369873047,26.73882293701172,0.9018605351448059,0.0,0.0,0.020880958065390587,46.01541519165039,12.150634765625,0.5563092827796936,0.0,0.0,0.22736617922782898,0.0,0.0,0.24884092807769775,0.0,0.0,0.04665190726518631,0.0,0.0,0.1056937649846077,0.0,0.0,0.15594057738780975,0.0,0.0,0.24580785632133484,0.0,0.0,0.03699078410863876,0.0,0.0,0.03691967949271202,0.0,0.0,0.021070092916488647,0.0,0.0,0.023704033344984055,0.0,0.0,0.006351245101541281,0.0,0.0,0.006191250402480364
531,True,68.5941162109375,42.59892272949219,0.8830639719963074,0.0,0.0,0.3568914234638214,65.44808197021484,27.56542205810547,0.9234973788261414,0.0,0.0,0.014676440507173538,45.20068359375,13.9217529296875,0.6919656991958618,0.0,0.0,0.31289100646972656,0.0,0.0,0.41234490275382996,0.0,0.0,0.10288691520690918,0.0,0.0,0.2780720293521881,0.0,0.0,0.29262036085128784,0.0,0.0,0.47765272855758667,0.0,0.0,0.11240393668413162,0.0,0.0,0.11849980801343918,0.0,0.0,0.046739667654037476,0.0,0.0,0.054785456508398056,0.0,0.0,0.01034523081034422,0.0,0.0,0.009951502084732056
532,True,69.92196655273438,40.905426025390625,0.7816822528839111,0.0,0.0,0.24076834321022034,65.67061614990234,28.095611572265625,0.8151363134384155,0.0,0.0,0.01352709624916315,0.0,0.0,0.4754944145679474,0.0,0.0,0.2769509255886078,0.0,0.0,0.30078575015068054,0.0,0.0,0.11938297748565674,0.0,0.0,0.2288978397846222,0.0,0.0,0.3266884386539459,0.0,0.0,0.44371435046195984,0.0,0.0,0.1464448720216751,0.0,0.0,0.13693927228450775,0.0,0.0,0.051973119378089905,0.0,0.0,0.05441310629248619,0.0,0.0,0.010616463609039783,0.0,0.0,0.009447884745895863
533,True,67.49081420898438,46.625823974609375,0.9167571067810059,0.0,0.0,0.29336538910865784,65.86781311035156,31.272850036621094,0.9517248868942261,0.0,0.0,0.004715248476713896,38.79410934448242,15.274017333984375,0.796241819858551,0.0,0.0,0.44940268993377686,0.0,0.0,0.34016263484954834,0.0,0.0,0.2310836911201477,0.0,0.0,0.2409144937992096,97.73612976074219,98.956787109375,0.5202174782752991,101.00902557373047,99.31594848632812,0.5273866653442383,0.0,0.0,0.07615525275468826,0.0,0.0,0.05101243406534195,0.0,0.0,0.031338103115558624,0.0,0.0,0.022996962070465088,0.0,0.0,0.008669905364513397,0.0,0.0,0.005660976283252239
534,True,70.57560729980469,43.345062255859375,0.9080164432525635,0.0,0.0,0.2977604866027832,69.00699615478516,30.27350616455078,0.9542809724807739,0.0,0.0,0.006796926725655794,46.66314697265625,12.973068237304688,0.8310691118240356,0.0,0.0,0.42880475521087646,18.362335205078125,40.76106262207031,0.5731993317604065,0.0,0.0,0.1901782602071762,0.0,0.0,0.493925541639328,0.0,0.0,0.42434078454971313,100.56464385986328,97.26112365722656,0.6669776439666748,0.0,0.0,0.1824575960636139,0.0,0.0,0.1974332481622696,0.0,0.0,0.0638648271560669,0.0,0.0,0.07567621022462845,0.0,0.0,0.011089461855590343,0.0,0.0,0.010369360446929932
535,True,70.99870300292969,43.005271911621094,0.8507960438728333,0.0,0.0,0.23283806443214417,68.99650573730469,31.31385040283203,0.9192957878112793,0.0,0.0,0.010104814544320107,51.12080764770508,15.683059692382812,0.7538226246833801,0.0,0.0,0.3005818724632263,24.978317260742188,43.03767395019531,0.7021239399909973,0.0,0.0,0.11351890116930008,30.79851531982422,80.95745849609375,0.6735327243804932,0.0,0.0,0.29768723249435425,101.48956298828125,96.30906677246094,0.7455083727836609,0.0,0.0,0.22216802835464478,0.0,0.0,0.3529645502567291,0.0,0.0,0.06569593399763107,0.0,0.0,0.125089630484581,0.0,0.0,0.011190983466804028,0.0,0.0,0.015423033386468887
536,True,73.05252075195312,40.19963836669922,0.6351125240325928,0.0,0.0,0.13328202068805695,71.46664428710938,29.884353637695312,0.7031716704368591,0.0,0.0,0.012328887358307838,57.219478607177734,17.673004150390625,0.504855215549469,0.0,0.0,0.19377683103084564,37.4460334777832,37.52537536621094,0.5071451663970947,0.0,0.0,0.08391041308641434,0.0,0.0,0.4489429295063019,0.0,0.0,0.1934005618095398,67.25495147705078,59.851318359375,0.5124825835227966,0.0,0.0,0.282564640045166,0.0,0.0,0.40532034635543823,0.0,0.0,0.09976207464933395,0.0,0.0,0.16864252090454102,0.0,0.0,0.021295219659805298,0.0,0.0,0.028425851836800575
537,True,72.06334686279297,44.48185729980469,0.624866247177124,0.0,0.0,0.0842103511095047,71.58482360839844,33.25627899169922,0.7531523704528809,0.0,0.0,0.0072154453955590725,55.54182815551758,18.502777099609375,0.6458808183670044,0.0,0.0,0.2592054605484009,30.361600875854492,43.901153564453125,0.583909809589386,0.0,0.0,0.1503860205411911,40.12628936767578,76.46049499511719,0.6237967610359192,0.0,0.0,0.3326842188835144,98.1334228515625,92.80825805664062,0.6973004937171936,0.0,0.0,0.282426655292511,0.0,0.0,0.3832302689552307,0.0,0.0,0.08462297916412354,0.0,0.0,0.1334947645664215,0.0,0.0,0.013967269100248814,0.0,0.0,0.01671644113957882
538,True,72.53855895996094,43.358665466308594,0.7068040370941162,0.0,0.0,0.13277289271354675,71.00138854980469,30.511688232421875,0.8101990222930908,0.0,0.0,0.007593867834657431,51.79708480834961,17.230491638183594,0.6100782155990601,0.0,0.0,0.2024746984243393,0.0,0.0,0.45837274193763733,0.0,0.0,0.08279944211244583,0.0,0.0,0.4057193696498871,0.0,0.0,0.22568663954734802,96.92937469482422,90.90185546875,0.5363547205924988,0.0,0.0,0.18709002435207367,0.0,0.0,0.25343626737594604,0.0,0.0,0.06197049468755722,0.0,0.0,0.0924493744969368,0.0,0.0,0.012384903617203236,0.0,0.0,0.014291106723248959
539,True,73.2548599243164,44.38550567626953,0.7537630796432495,0.0,0.0,0.14145523309707642,72.9080581665039,33.18695068359375,0.8535091280937195,0.0,0.0,0.006964765023440123,54.312904357910156,16.532150268554688,0.6869178414344788,0.0,0.0,0.263019859790802,24.620201110839844,38.97679138183594,0.6326329708099365,0.0,0.0,0.1311362087726593,22.63141632080078,73.2531967163086,0.6337586045265198,0.0,0.0,0.3072556257247925,88.82723999023438,89.69815063476562,0.7187001705169678,0.0,0.0,0.27251142263412476,0.0,0.0,0.39633411169052124,0.0,0.0,0.07687189429998398,0.0,0.0,0.13035689294338226,0.0,0.0,0.013127027079463005,0.0,0.0,0.01696641929447651
540,True,72.92794799804688,47.619895935058594,0.8439900875091553,0.0,0.0,0.22906170785427094,72.25643920898438,35.0628662109375,0.9137262105941772,0.0,0.0,0.009887168183922768,52.21315002441406,18.298789978027344,0.7035785913467407,0.0,0.0,0.2562829256057739,21.394615173339844,47.54467010498047,0.580756664276123,0.0,0.0,0.07188710570335388,0.0,0.0,0.46870172023773193,0.0,0.0,0.19915646314620972,103.48743438720703,90.68008422851562,0.58531254529953,0.0,0.0,0.15317171812057495,0.0,0.0,0.2400483638048172,0.0,0.0,0.04681200906634331,0.0,0.0,0.08422648906707764,0.0,0.0,0.010179800912737846,0.0,0.0,0.013452496379613876
541,True,74.90130615234375,33.793792724609375,0.7011218667030334,0.0,0.0,0.07097063958644867,73.3525390625,22.680862426757812,0.8529129028320312,0.0,0.0,0.0018910536309704185,51.26349639892578,5.219032287597656,0.7700888514518738,0.0,0.0,0.2379651665687561,22.006935119628906,27.740859985351562,0.5753056406974792,0.0,0.0,0.15393903851509094,26.89798927307129,72.99612426757812,0.6674787402153015,0.0,0.0,0.3508990406990051,93.02874755859375,86.48240661621094,0.7643566131591797,0.0,0.0,0.3462710678577423,0.0,0.0,0.45534589886665344,0.0,0.0,0.0601298026740551,0.0,0.0,0.09511268883943558,0.0,0.0,0.006911279633641243,0.0,0.0,0.007970635779201984
542,True,74.51773071289062,39.24696350097656,0.7465209364891052,0.0,0.0,0.09470226615667343,73.20574951171875,28.22863006591797,0.8741487860679626,0.0,0.0,0.0030619376339018345,52.90730667114258,10.183074951171875,0.7705439925193787,0.0,0.0,0.2454412579536438,25.794189453125,30.941482543945312,0.6504408121109009,0.0,0.0,0.13815760612487793,32.8071174621582,72.51193237304688,0.7176386117935181,0.0,0.0,0.3301740288734436,96.83235931396484,88.32601928710938,0.784722626209259,0.0,0.0,0.30083733797073364,0.0,0.0,0.44209539890289307,0.0,0.0,0.04828088358044624,0.0,0.0,0.08923125267028809,0.0,0.0,0.005977476481348276,0.0,0.0,0.0077676475048065186
543,True,74.07633972167969,40.93104553222656,0.8312192559242249,0.0,0.0,0.16091124713420868,72.04696655273438,28.698013305664062,0.921393096446991,0.0,0.0,0.002710784785449505,47.485862731933594,11.37799072265625,0.7924004793167114,0.0,0.0,0.27926135063171387,0.0,0.0,0.4642937183380127,0.0,0.0,0.15763862431049347,0.0,0.0,0.47024545073509216,0.0,0.0,0.38309547305107117,92.81672668457031,85.69642639160156,0.6685357093811035,0.0,0.0,0.26336243748664856,0.0,0.0,0.2958243787288666,0.0,0.0,0.057552091777324677,0.0,0.0,0.06928370893001556,0.0,0.0,0.008322658017277718,0.0,0.0,0.007856420241296291
544,True,73.8476791381836,42.527870178222656,0.8418024182319641,0.0,0.0,0.17446602880954742,72.15621948242188,30.274559020996094,0.9241378307342529,0.0,0.0,0.003096561646088958,48.074951171875,12.099266052246094,0.7849684953689575,0.0,0.0,0.29433900117874146,0.0,0.0,0.4854997396469116,0.0,0.0,0.16864779591560364,0.0,0.0,0.49368804693222046,0.0,0.0,0.40799835324287415,93.23802185058594,85.81165313720703,0.6911560893058777,0.0,0.0,0.2563222050666809,0.0,0.0,0.28974100947380066,0.0,0.0,0.05179200321435928,0.0,0.0,0.06334565579891205,0.0,0.0,0.007223614025861025,0.0,0.0,0.00692139333114028
545,True,74.84599304199219,36.86756134033203,0.6622979640960693,0.0,0.0,0.10927891731262207,72.36861419677734,23.52294921875,0.7917597889900208,0.0,0.0,0.003679361892864108,48.4953498840332,10.037925720214844,0.5738756656646729,0.0,0.0,0.17089545726776123,0.0,0.0,0.24361030757427216,0.0,0.0,0.08510518819093704,0.0,0.0,0.21960490942001343,0.0,0.0,0.21422256529331207,0.0,0.0,0.39443135261535645,0.0,0.0,0.20429512858390808,0.0,0.0,0.21424557268619537,0.0,0.0,0.06419319659471512,0.0,0.0,0.07218138873577118,0.0,0.0,0.01402639877051115,0.0,0.0,0.01311439462006092
546,True,76.82669067382812,24.10820770263672,0.7586147785186768,0.0,0.0,0.11205200105905533,69.44326782226562,9.702423095703125,0.886733889579773,0.0,0.0,0.0011758102336898446,39.24456024169922,6.846954345703125,0.796939492225647,0.0,0.0,0.1877809762954712,0.0,0.0,0.17371399700641632,0.0,0.0,0.11539004743099213,0.0,0.0,0.18457259237766266,0.0,0.0,0.3408421576023102,0.0,0.0,0.47950980067253113,0.0,0.0,0.17525289952754974,0.0,0.0,0.13893260061740875,0.0,0.0,0.04027558118104935,0.0,0.0,0.03107691928744316,0.0,0.0,0.0066701569594442844,0.0,0.0,0.00457677012309432
547,True,74.57782745361328,43.96092224121094,0.7832880616188049,0.0,0.0,0.11152740567922592,72.14515686035156,29.12079620361328,0.9108135104179382,0.0,0.0,0.0013857971644029021,42.43916320800781,13.768775939941406,0.7769815325737,0.0,0.0,0.1479482799768448,0.0,0.0,0.2439195215702057,0.0,0.0,0.07883481681346893,0.0,0.0,0.26367589831352234,0.0,0.0,0.26686015725135803,92.83004760742188,86.7138442993164,0.5282151103019714,0.0,0.0,0.14449916779994965,0.0,0.0,0.15649384260177612,0.0,0.0,0.03771643713116646,0.0,0.0,0.041202984750270844,0.0,0.0,0.007234250195324421,0.0,0.0,0.006433072034269571
548,True,79.98289489746094,16.229568481445312,0.5391817092895508,0.0,0.0,0.04596138000488281,75.07194519042969,3.3818435668945312,0.7254502773284912,0.0,0.0,0.0014126839814707637,50.018375396728516,3.6463470458984375,0.7342005372047424,0.0,0.0,0.19832704961299896,0.0,0.0,0.2558528184890747,0.0,0.0,0.11873356252908707,0.0,0.0,0.26428526639938354,0.0,0.0,0.28698059916496277,0.0,0.0,0.4719419777393341,0.0,0.0,0.20758360624313354,0.0,0.0,0.1887635886669159,0.0,0.0,0.04149249196052551,0.0,0.0,0.03829508274793625,0.0,0.0,0.00652685109525919,0.0,0.0,0.005036634858697653
549,True,74.61082458496094,46.01868438720703,0.794434666633606,0.0,0.0,0.17960010468959808,71.92010498046875,30.708389282226562,0.8905332684516907,0.0,0.0,0.003372186329215765,45.33513641357422,15.382217407226562,0.5971235632896423,0.0,0.0,0.11653980612754822,0.0,0.0,0.18834583461284637,0.0,0.0,0.04425004497170448,0.0,0.0,0.15966184437274933,0.0,0.0,0.1771078109741211,0.0,0.0,0.39367976784706116,0.0,0.0,0.09889356791973114,0.0,0.0,0.11517179757356644,0.0,0.0,0.03951924666762352,0.0,0.0,0.050241682678461075,0.0,0.0,0.010403620079159737,0.0,0.0,0.010766725987195969
550,True,75.82327270507812,41.83283233642578,0.6498292684555054,0.0,0.0,0.0923127606511116,71.50823211669922,27.460350036621094,0.8068112730979919,0.0,0.0,0.0017459365772083402,45.025047302246094,16.29418182373047,0.603662371635437,0.0,0.0,0.08771485835313797,0.0,0.0,0.1585679054260254,0.0,0.0,0.045003850013017654,0.0,0.0,0.15497174859046936,0.0,0.0,0.17193596065044403,0.0,0.0,0.386698454618454,0.0,0.0,0.12179295718669891,0.0,0.0,0.13699838519096375,0.0,0.0,0.04026840999722481,0.0,0.0,0.046224310994148254,0.0,0.0,0.009581116959452629,0.0,0.0,0.009016443975269794
551,True,73.56359100341797,48.271827697753906,0.8308025002479553,0.0,0.0,0.2094200849533081,72.35212707519531,31.539688110351562,0.9105768203735352,0.0,0.0,0.0038769191596657038,46.408782958984375,11.607818603515625,0.6504582762718201,0.0,0.0,0.14187297224998474,0.0,0.0,0.23843839764595032,0.0,0.0,0.05675916746258736,0.0,0.0,0.19383612275123596,0.0,0.0,0.2337108850479126,0.0,0.0,0.46965718269348145,0.0,0.0,0.09626835584640503,0.0,0.0,0.11106063425540924,0.0,0.0,0.03044305555522442,0.0,0.0,0.0368666797876358,0.0,0.0,0.00577169144526124,0.0,0.0,0.005787702277302742
552,True,74.35551452636719,47.654449462890625,0.8863290548324585,0.0,0.0,0.22696317732334137,73.14231872558594,32.27227020263672,0.952003002166748,0.0,0.0,0.0025262644048780203,45.30635070800781,11.675369262695312,0.7858985662460327,0.0,0.0,0.17526882886886597,0.0,0.0,0.3082053065299988,0.0,0.0,0.06853441148996353,0.0,0.0,0.2553948163986206,0.0,0.0,0.270572692155838,79.28216552734375,82.49238586425781,0.5542920827865601,0.0,0.0,0.11189264804124832,0.0,0.0,0.13041485846042633,0.0,0.0,0.03219008818268776,0.0,0.0,0.03981136903166771,0.0,0.0,0.005556726828217506,0.0,0.0,0.005451127886772156
553,True,74.53845977783203,48.41893005371094,0.909005880355835,0.0,0.0,0.342319518327713,73.2694091796875,30.880996704101562,0.9577011466026306,0.0,0.0,0.005261708050966263,44.610084533691406,13.045326232910156,0.6959806084632874,0.0,0.0,0.12389149516820908,0.0,0.0,0.20377683639526367,0.0,0.0,0.031097866594791412,0.0,0.0,0.11715439707040787,0.0,0.0,0.17206434905529022,0.0,0.0,0.3737647831439972,0.0,0.0,0.04086894169449806,0.0,0.0,0.048292651772499084,0.0,0.0,0.020303376019001007,0.0,0.0,0.026662541553378105,0.0,0.0,0.006177508272230625,0.0,0.0,0.006470006424933672
554,True,74.5829086303711,43.193328857421875,0.8304400444030762,0.0,0.0,0.14418379962444305,72.75016784667969,31.002044677734375,0.9223170280456543,0.0,0.0,0.0020732718985527754,45.70636749267578,13.662307739257812,0.8162112832069397,0.0,0.0,0.31106364727020264,0.0,0.0,0.3916606903076172,0.0,0.0,0.20250000059604645,0.0,0.0,0.3951341509819031,0.0,0.0,0.41853147745132446,93.64225006103516,88.17434692382812,0.6036481261253357,0.0,0.0,0.28953438997268677,0.0,0.0,0.2729729115962982,0.0,0.0,0.07595387101173401,0.0,0.0,0.0718512311577797,0.0,0.0,0.010821999981999397,0.0,0.0,0.008471152745187283
555,True,73.753662109375,44.75098419189453,0.8655891418457031,0.0,0.0,0.20643411576747894,72.08111572265625,30.4844970703125,0.9330347776412964,0.0,0.0,0.002686022548004985,43.60317611694336,11.967880249023438,0.757070779800415,0.0,0.0,0.27648597955703735,0.0,0.0,0.23468203842639923,0.0,0.0,0.14701798558235168,0.0,0.0,0.19085624814033508,0.0,0.0,0.3937101662158966,0.0,0.0,0.4684979319572449,0.0,0.0,0.12072566151618958,0.0,0.0,0.09046655893325806,0.0,0.0,0.03164178505539894,0.0,0.0,0.024331185966730118,0.0,0.0,0.005993223749101162,0.0,0.0,0.004125872161239386
556,True,73.76956176757812,40.368011474609375,0.7434696555137634,0.0,0.0,0.1116034984588623,69.71229553222656,29.123825073242188,0.8405134081840515,0.0,0.0,0.0016519537894055247,42.091068267822266,15.560440063476562,0.6880858540534973,0.0,0.0,0.3562317490577698,0.0,0.0,0.1597948968410492,0.0,0.0,0.32543131709098816,0.0,0.0,0.1648675948381424,92.40200805664062,94.41020202636719,0.5573744177818298,0.0,0.0,0.4319472014904022,0.0,0.0,0.31020617485046387,0.0,0.0,0.16768240928649902,0.0,0.0,0.07275789231061935,0.0,0.0,0.03560303524136543,0.0,0.0,0.010484643280506134,0.0,0.0,0.005017953924834728
557,True,73.89405822753906,42.886016845703125,0.7954121232032776,0.0,0.0,0.1564953774213791,69.21393585205078,26.906524658203125,0.8805767297744751,0.0,0.0,0.0019142803503200412,36.612770080566406,15.200996398925781,0.6735457181930542,0.0,0.0,0.21235115826129913,0.0,0.0,0.08249197900295258,0.0,0.0,0.1208370178937912,0.0,0.0,0.054287467151880264,0.0,0.0,0.35067108273506165,0.0,0.0,0.24313560128211975,0.0,0.0,0.11930519342422485,0.0,0.0,0.05799068138003349,0.0,0.0,0.05160381644964218,0.0,0.0,0.024582648649811745,0.0,0.0,0.012274865061044693,0.0,0.0,0.005952310282737017
558,True,73.905029296875,43.01683044433594,0.742145836353302,0.0,0.0,0.09422215074300766,69.50810241699219,26.407630920410156,0.8888585567474365,0.0,0.0,0.0014963328139856458,39.09749221801758,16.909881591796875,0.7366232872009277,0.0,0.0,0.07404647767543793,0.0,0.0,0.16139134764671326,0.0,0.0,0.0220579132437706,0.0,0.0,0.11938313394784927,0.0,0.0,0.12630130350589752,0.0,0.0,0.36732685565948486,0.0,0.0,0.045868005603551865,0.0,0.0,0.05639711022377014,0.0,0.0,0.02343130111694336,0.0,0.0,0.02992149628698826,0.0,0.0,0.007402782794088125,0.0,0.0,0.007275378797203302
559,True,73.20565032958984,45.57659149169922,0.7467817068099976,0.0,0.0,0.10917893797159195,67.56422424316406,23.512542724609375,0.882567286491394,0.0,0.0,0.0014451189199462533,33.4463005065918,16.104156494140625,0.7136914730072021,0.0,0.0,0.0878334492444992,0.0,0.0,0.09906630218029022,0.0,0.0,0.020416535437107086,0.0,0.0,0.03660637512803078,0.0,0.0,0.10768559575080872,0.0,0.0,0.14210212230682373,0.0,0.0,0.01557449996471405,0.0,0.0,0.012769480235874653,0.0,0.0,0.025996893644332886,0.0,0.0,0.021150194108486176,0.0,0.0,0.014542520977556705,0.0,0.0,0.010708119720220566
560,True,72.00377655029297,46.56147766113281,0.8835009932518005,0.0,0.0,0.3033457398414612,68.73249816894531,28.26879119873047,0.9461835622787476,0.0,0.0,0.003454911755397916,35.90374755859375,13.697540283203125,0.6744582056999207,0.0,0.0,0.10408297181129456,0.0,0.0,0.06326798349618912,0.0,0.0,0.025573473423719406,0.0,0.0,0.02771376073360443,0.0,0.0,0.12573176622390747,0.0,0.0,0.14560315012931824,0.0,0.0,0.02597646787762642,0.0,0.0,0.01835741475224495,0.0,0.0,0.021724097430706024,0.0,0.0,0.016196755692362785,0.0,0.0,0.008484994061291218,0.0,0.0,0.0059102424420416355
561,True,73.0086669921875,44.72301483154297,0.8122491836547852,0.0,0.0,0.1347331553697586,68.68952178955078,27.10865020751953,0.922705352306366,0.0,0.0,0.0011620833538472652,33.976348876953125,15.693183898925781,0.7800341248512268,0.0,0.0,0.13929612934589386,0.0,0.0,0.07706645131111145,0.0,0.0,0.050982680171728134,0.0,0.0,0.046475112438201904,0.0,0.0,0.22422519326210022,0.0,0.0,0.24544063210487366,0.0,0.0,0.0439956933259964,0.0,0.0,0.026826512068510056,0.0,0.0,0.0358823761343956,0.0,0.0,0.022195370867848396,0.0,0.0,0.012339713983237743,0.0,0.0,0.007199988234788179
562,True,68.97061920166016,47.691986083984375,0.9068662524223328,0.0,0.0,0.34321004152297974,67.34601593017578,28.632591247558594,0.9652233123779297,0.0,0.0,0.005070978309959173,38.087493896484375,7.9300384521484375,0.7456609010696411,0.0,0.0,0.07438161969184875,0.0,0.0,0.19583134353160858,0.0,0.0,0.01254744827747345,0.0,0.0,0.09802857041358948,0.0,0.0,0.07344906777143478,0.0,0.0,0.27241548895835876,0.0,0.0,0.029321838170289993,0.0,0.0,0.04442082345485687,0.0,0.0,0.017950231209397316,0.0,0.0,0.028759434819221497,0.0,0.0,0.006084381602704525,0.0,0.0,0.00733492337167263
563,True,70.5721664428711,48.02985382080078,0.8958730697631836,0.0,0.0,0.2936747372150421,63.43437957763672,33.21656036376953,0.9570198059082031,0.0,0.0,0.003575121285393834,37.20435333251953,19.02385711669922,0.7635399103164673,0.0,0.0,0.1076648086309433,0.0,0.0,0.32855674624443054,0.0,0.0,0.026454659178853035,0.0,0.0,0.24674025177955627,0.0,0.0,0.13072337210178375,0.0,0.0,0.4886763095855713,0.0,0.0,0.08511471003293991,0.0,0.0,0.1367344707250595,0.0,0.0,0.032921671867370605,0.0,0.0,0.05831734091043472,0.0,0.0,0.007635787129402161,0.0,0.0,0.009396783076226711
564,True,69.91162109375,46.93028259277344,0.8245936036109924,0.0,0.0,0.2615257799625397,63.47207260131836,31.54700469970703,0.8959586024284363,0.0,0.0,0.006054556928575039,39.601409912109375,20.05760955810547,0.5675628185272217,0.0,0.0,0.1339959055185318,0.0,0.0,0.22819074988365173,0.0,0.0,0.06681877374649048,0.0,0.0,0.18252333998680115,0.0,0.0,0.24392026662826538,0.0,0.0,0.4493427872657776,0.0,0.0,0.133249431848526,0.0,0.0,0.15190331637859344,0.0,0.0,0.061926767230033875,0.0,0.0,0.0746074914932251,0.0,0.0,0.013663413934409618,0.0,0.0,0.012972754426300526
565,True,0.0,0.0,0.005316061899065971,0.0,0.0,0.0004376643046271056,0.0,0.0,0.005236136261373758,0.0,0.0,0.0007284640450961888,0.0,0.0,0.02268187515437603,0.0,0.0,0.01189308613538742,0.0,0.0,0.07711822539567947,0.0,0.0,0.06110597774386406,0.0,0.0,0.47334837913513184,0.0,0.0,0.18044313788414001,60.64680480957031,30.912635803222656,0.572316586971283,0.0,0.0,0.4299587905406952,18.896244049072266,97.73523712158203,0.6203842759132385,0.0,0.0,0.1565360128879547,0.0,0.0,0.3043022155761719,0.0,0.0,0.026506630703806877,0.0,0.0,0.0427224338054657
566,True,69.5205307006836,42.9161376953125,0.9119497537612915,0.0,0.0,0.31919240951538086,66.40286254882812,28.8212890625,0.9578994512557983,0.0,0.0,0.006354082841426134,42.500160217285156,10.829498291015625,0.7989853024482727,0.0,0.0,0.283857136964798,17.172252655029297,42.40293884277344,0.5343546271324158,0.0,0.0,0.09800609201192856,0.0,0.0,0.4462750554084778,0.0,0.0,0.29541903734207153,85.58793640136719,100.99822998046875,0.648628830909729,0.0,0.0,0.12730175256729126,0.0,0.0,0.1727169007062912,0.0,0.0,0.04161027446389198,0.0,0.0,0.06200360134243965,0.0,0.0,0.007471251301467419,0.0,0.0,0.008367244154214859
567,True,71.3881607055664,35.26603698730469,0.6380077004432678,0.0,0.0,0.10906883329153061,67.92018127441406,25.296432495117188,0.6823173761367798,0.0,0.0,0.00627455348148942,0.0,0.0,0.4468216300010681,0.0,0.0,0.31125277280807495,0.0,0.0,0.3974563479423523,0.0,0.0,0.266000360250473,0.0,0.0,0.46243754029273987,0.0,0.0,0.4679275453090668,81.15911865234375,92.70086669921875,0.6259169578552246,0.0,0.0,0.32583892345428467,0.0,0.0,0.3148737847805023,0.0,0.0,0.06102583929896355,0.0,0.0,0.06232614070177078,0.0,0.0,0.0070859771221876144,0.0,0.0,0.006132924929261208
568,True,68.89696502685547,41.56770324707031,0.8982799649238586,0.0,0.0,0.27202218770980835,64.3826904296875,26.203338623046875,0.9510125517845154,0.0,0.0,0.003546360181644559,36.24129867553711,11.826164245605469,0.7955095171928406,0.0,0.0,0.28632593154907227,0.0,0.0,0.31238651275634766,0.0,0.0,0.13257472217082977,0.0,0.0,0.24606812000274658,0.0,0.0,0.3818782567977905,88.57449340820312,86.80765533447266,0.5401121973991394,0.0,0.0,0.11178507655858994,0.0,0.0,0.09846735745668411,0.0,0.0,0.03193802013993263,0.0,0.0,0.028616340830922127,0.0,0.0,0.005507330410182476,0.0,0.0,0.004146042745560408
569,True,66.56672668457031,39.442230224609375,0.9087799787521362,0.0,0.0,0.3726904094219208,62.96302032470703,23.90300750732422,0.9409945607185364,0.0,0.0,0.008107940666377544,39.173500061035156,6.505958557128906,0.69082111120224,0.0,0.0,0.30369025468826294,0.0,0.0,0.4461219608783722,0.0,0.0,0.13952817022800446,0.0,0.0,0.3727891743183136,0.0,0.0,0.3610045611858368,76.92213439941406,86.4888687133789,0.6036838889122009,0.0,0.0,0.12682929635047913,0.0,0.0,0.1441919207572937,0.0,0.0,0.02844514511525631,0.0,0.0,0.03454876318573952,0.0,0.0,0.004235248081386089,0.0,0.0,0.004200264811515808
570,True,69.22541809082031,35.27800750732422,0.6418755054473877,0.0,0.0,0.07532903552055359,63.541648864746094,23.56507110595703,0.7342758178710938,0.0,0.0,0.0017748059472069144,39.39260482788086,14.090446472167969,0.5915961265563965,0.0,0.0,0.27687445282936096,0.0,0.0,0.30496054887771606,0.0,0.0,0.3377920985221863,0.0,0.0,0.44807523488998413,77.34503936767578,83.02507019042969,0.6123731136322021,75.66267395019531,82.8897705078125,0.7062932252883911,0.0,0.0,0.298917680978775,0.0,0.0,0.248454287648201,0.0,0.0,0.04621833562850952,0.0,0.0,0.03588492050766945,0.0,0.0,0.004908245988190174,0.0,0.0,0.003355720080435276
571,True,69.59367370605469,33.638221740722656,0.6796794533729553,0.0,0.0,0.09331794083118439,64.39993286132812,22.976028442382812,0.7556557059288025,0.0,0.0,0.0023591420613229275,42.60514450073242,11.762794494628906,0.5895827412605286,0.0,0.0,0.3198651075363159,0.0,0.0,0.3685412108898163,0.0,0.0,0.35236796736717224,0.0,0.0,0.49305546283721924,73.55422973632812,84.47308349609375,0.6192753314971924,70.54493713378906,83.81892395019531,0.729515790939331,0.0,0.0,0.2347044199705124,0.0,0.0,0.2028491199016571,0.0,0.0,0.04672743007540703,0.0,0.0,0.03926548734307289,0.0,0.0,0.0062024882063269615,0.0,0.0,0.00447499006986618
572,True,68.30553436279297,32.06836700439453,0.6102223992347717,0.0,0.0,0.09234320372343063,64.16793060302734,21.35845947265625,0.6273463368415833,0.0,0.0,0.003177968319505453,0.0,0.0,0.4242553412914276,0.0,0.0,0.4267841577529907,0.0,0.0,0.24917162954807281,23.31280517578125,82.28141784667969,0.5474773049354553,0.0,0.0,0.3368915021419525,75.53256225585938,79.87290954589844,0.742510974407196,72.78366088867188,82.83467102050781,0.6230406165122986,0.0,0.0,0.3219814598560333,0.0,0.0,0.18744641542434692,0.0,0.0,0.05601752921938896,0.0,0.0,0.028016600757837296,0.0,0.0,0.006540030241012573,0.0,0.0,0.003268284723162651
573,True,0.0,0.0,0.15422742068767548,0.0,0.0,0.017221109941601753,0.0,0.0,0.12466351687908173,0.0,0.0,0.0027842591516673565,0.0,0.0,0.1065990999341011,0.0,0.0,0.14604739844799042,0.0,0.0,0.16408607363700867,0.0,0.0,0.349895715713501,0.0,0.0,0.40197739005088806,68.2802734375,81.87042236328125,0.6052564978599548,68.03871154785156,82.66159057617188,0.6468849182128906,0.0,0.0,0.32133519649505615,0.0,0.0,0.26633062958717346,0.0,0.0,0.038104500621557236,0.0,0.0,0.029308373108506203,0.0,0.0,0.003876477014273405,0.0,0.0,0.0027720052748918533
574,True,0.0,0.0,0.45142894983291626,0.0,0.0,0.059634238481521606,0.0,0.0,0.4399820566177368,0.0,0.0,0.003973351325839758,0.0,0.0,0.2618672549724579,0.0,0.0,0.22679048776626587,0.0,0.0,0.28230130672454834,0.0,0.0,0.3537956178188324,0.0,0.0,0.4780009984970093,72.58203125,78.65302276611328,0.6117634177207947,72.23313903808594,79.3028793334961,0.6985028386116028,0.0,0.0,0.303265243768692,0.0,0.0,0.2709314823150635,0.0,0.0,0.04122404381632805,0.0,0.0,0.03566250577569008,0.0,0.0,0.004018960986286402,0.0,0.0,0.0031312587670981884
575,True,67.29339599609375,32.99658966064453,0.7008258700370789,0.0,0.0,0.16638313233852386,63.72048568725586,21.468704223632812,0.678315281867981,0.0,0.0,0.006658234167844057,0.0,0.0,0.37153249979019165,0.0,0.0,0.4650561213493347,0.0,0.0,0.27656981348991394,23.594024658203125,82.24737548828125,0.5656458139419556,0.0,0.0,0.3380342125892639,74.54022979736328,80.72836303710938,0.7532182335853577,72.66311645507812,80.40846252441406,0.6168390512466431,0.0,0.0,0.3416174352169037,0.0,0.0,0.20196810364723206,0.0,0.0,0.05119912326335907,0.0,0.0,0.02614724263548851,0.0,0.0,0.005286772269755602,0.0,0.0,0.002779251430183649
576,True,67.29901123046875,35.09346008300781,0.8045081496238708,0.0,0.0,0.30570927262306213,64.62155151367188,22.16656494140625,0.7733579874038696,0.0,0.0,0.011851317249238491,0.0,0.0,0.34898293018341064,0.0,0.0,0.49158158898353577,0.0,0.0,0.2070239782333374,23.12582015991211,83.24463653564453,0.5408706665039062,0.0,0.0,0.19907648861408234,73.6251220703125,79.44110107421875,0.7171374559402466,0.0,0.0,0.46753478050231934,0.0,0.0,0.2979465126991272,0.0,0.0,0.14734312891960144,0.0,0.0,0.0448116734623909,0.0,0.0,0.019659781828522682,0.0,0.0,0.0049168262630701065,0.0,0.0,0.002377455122768879
577,True,65.1385498046875,38.80662536621094,0.9158864617347717,71.65489959716797,31.792259216308594,0.5196543335914612,60.882816314697266,24.346405029296875,0.9176918268203735,0.0,0.0,0.015277648344635963,37.175113677978516,3.986114501953125,0.5276402831077576,32.20689392089844,46.17041778564453,0.5336480140686035,0.0,0.0,0.2946474552154541,0.0,0.0,0.4295850992202759,0.0,0.0,0.2290184050798416,80.4521713256836,84.40088653564453,0.6536931991577148,74.75155639648438,79.65707397460938,0.5008621215820312,0.0,0.0,0.24346844851970673,0.0,0.0,0.14047902822494507,0.0,0.0,0.04312727600336075,0.0,0.0,0.024164462462067604,0.0,0.0,0.005156476516276598,0.0,0.0,0.002963192295283079
578,True,69.11849975585938,38.3319091796875,0.8432037830352783,0.0,0.0,0.21121282875537872,65.59312438964844,24.60894775390625,0.8625970482826233,0.0,0.0,0.004938950762152672,41.11279296875,8.389144897460938,0.5878614187240601,0.0,0.0,0.47203773260116577,0.0,0.0,0.4427835941314697,0.0,0.0,0.4024471938610077,0.0,0.0,0.4706207513809204,97.57438659667969,91.48185729980469,0.6597315073013306,75.20094299316406,81.5510482788086,0.7069374918937683,0.0,0.0,0.20355312526226044,0.0,0.0,0.16382165253162384,0.0,0.0,0.02664582058787346,0.0,0.0,0.02227581851184368,0.0,0.0,0.0028211702592670918,0.0,0.0,0.0021180131006985903
579,True,67.04660034179688,38.128273010253906,0.8388108611106873,0.0,0.0,0.3232802152633667,64.23031616210938,24.47150421142578,0.8430266380310059,0.0,0.0,0.011266684159636497,0.0,0.0,0.4446292221546173,0.0,0.0,0.42874225974082947,0.0,0.0,0.3205403983592987,0.0,0.0,0.38621577620506287,0.0,0.0,0.30901646614074707,78.3392333984375,83.09762573242188,0.6200823783874512,73.43929290771484,80.70301818847656,0.5702181458473206,0.0,0.0,0.27702003717422485,0.0,0.0,0.1965961754322052,0.0,0.0,0.04499503970146179,0.0,0.0,0.030805503949522972,0.0,0.0,0.0048895105719566345,0.0,0.0,0.0032526489812880754
580,True,68.30069732666016,35.38731384277344,0.5449838042259216,0.0,0.0,0.08965028077363968,64.54630279541016,23.262847900390625,0.5471756458282471,0.0,0.0,0.0047477856278419495,0.0,0.0,0.304109126329422,0.0,0.0,0.24848352372646332,0.0,0.0,0.2830003499984741,0.0,0.0,0.3514382839202881,0.0,0.0,0.44386932253837585,71.25457763671875,83.0878677368164,0.6277545690536499,71.98111724853516,77.92999267578125,0.6887569427490234,0.0,0.0,0.2617276608943939,0.0,0.0,0.22463688254356384,0.0,0.0,0.04707422852516174,0.0,0.0,0.039051808416843414,0.0,0.0,0.005166023038327694,0.0,0.0,0.003892813576385379
581,True,68.4036865234375,33.499427795410156,0.6428605318069458,0.0,0.0,0.15571407973766327,64.59519958496094,22.12543487548828,0.6138434410095215,0.0,0.0,0.007329832296818495,0.0,0.0,0.2936360538005829,0.0,0.0,0.3847639262676239,0.0,0.0,0.21717464923858643,0.0,0.0,0.4845910370349884,0.0,0.0,0.2837217152118683,77.6971435546875,88.0538330078125,0.6940731406211853,71.65350341796875,80.72285461425781,0.5566958785057068,0.0,0.0,0.37429869174957275,0.0,0.0,0.23542413115501404,0.0,0.0,0.06024504825472832,0.0,0.0,0.03369932249188423,0.0,0.0,0.005751606542617083,0.0,0.0,0.0032539772801101208
582,True,69.06796264648438,37.78038024902344,0.6389310956001282,0.0,0.0,0.1326993852853775,65.21955871582031,26.052581787109375,0.6456464529037476,0.0,0.0,0.0047195181250572205,0.0,0.0,0.3298007845878601,0.0,0.0,0.3157145380973816,0.0,0.0,0.17141768336296082,0.0,0.0,0.43294253945350647,0.0,0.0,0.236419677734375,72.2361831665039,80.96005249023438,0.664103627204895,71.6148681640625,81.1308822631836,0.5287216901779175,0.0,0.0,0.3200684189796448,0.0,0.0,0.1918412297964096,0.0,0.0,0.05454452335834503,0.0,0.0,0.029194673523306847,0.0,0.0,0.0058899070136249065,0.0,0.0,0.0031730234622955322
583,True,0.0,0.0,0.33814018964767456,0.0,0.0,0.03866179659962654,0.0,0.0,0.3406166136264801,0.0,0.0,0.0037755388766527176,0.0,0.0,0.2230999916791916,0.0,0.0,0.15504835546016693,0.0,0.0,0.2414986938238144,0.0,0.0,0.23174113035202026,0.0,0.0,0.42101940512657166,0.0,0.0,0.47198179364204407,73.42851257324219,81.17454528808594,0.6341966986656189,0.0,0.0,0.25201326608657837,0.0,0.0,0.25239795446395874,0.0,0.0,0.042427077889442444,0.0,0.0,0.04403701797127724,0.0,0.0,0.004944341257214546,0.0,0.0,0.004409646615386009
584,True,70.67115020751953,40.610633850097656,0.6134729385375977,0.0,0.0,0.07738607376813889,66.15225219726562,27.938804626464844,0.7191445231437683,0.0,0.0,0.0028601204976439476,45.479164123535156,16.18072509765625,0.5163418054580688,0.0,0.0,0.14539757370948792,0.0,0.0,0.33069565892219543,0.0,0.0,0.1286712884902954,0.0,0.0,0.47007137537002563,0.0,0.0,0.36267873644828796,76.79410552978516,78.75547790527344,0.6897960901260376,0.0,0.0,0.17142941057682037,0.0,0.0,0.21897199749946594,0.0,0.0,0.0357244573533535,0.0,0.0,0.04922938719391823,0.0,0.0,0.004748810548335314,0.0,0.0,0.0050580729730427265
585,True,68.90097045898438,39.877685546875,0.7670698165893555,0.0,0.0,0.20573130249977112,66.6235122680664,27.94525909423828,0.7986162304878235,0.0,0.0,0.01163360197097063,0.0,0.0,0.46307310461997986,0.0,0.0,0.23589496314525604,25.487503051757812,31.227142333984375,0.5789884924888611,0.0,0.0,0.15516789257526398,24.678991317749023,79.99456024169922,0.6339716911315918,0.0,0.0,0.34359297156333923,81.82185363769531,78.68069458007812,0.7180325984954834,0.0,0.0,0.2837006449699402,0.0,0.0,0.40414977073669434,0.0,0.0,0.050235994160175323,0.0,0.0,0.08660997450351715,0.0,0.0,0.00586474034935236,0.0,0.0,0.007769522722810507
586,True,70.26657104492188,38.46961975097656,0.8469597101211548,0.0,0.0,0.32468289136886597,66.531494140625,25.60260772705078,0.8779961466789246,0.0,0.0,0.013204667717218399,45.61777114868164,9.244544982910156,0.5404393076896667,0.0,0.0,0.30592721700668335,0.0,0.0,0.38747572898864746,0.0,0.0,0.14421023428440094,0.0,0.0,0.29772213101387024,0.0,0.0,0.29897141456604004,0.0,0.0,0.469441294670105,0.0,0.0,0.18344780802726746,0.0,0.0,0.18992531299591064,0.0,0.0,0.0542515367269516,0.0,0.0,0.06123959273099899,0.0,0.0,0.010078462772071362,0.0,0.0,0.0095839723944664
587,True,70.5133056640625,38.705657958984375,0.847476601600647,0.0,0.0,0.2967759668827057,67.02505493164062,26.283889770507812,0.8827357888221741,0.0,0.0,0.010856710374355316,46.331424713134766,10.133987426757812,0.5784745216369629,0.0,0.0,0.3447893559932709,0.0,0.0,0.41610199213027954,0.0,0.0,0.17881281673908234,0.0,0.0,0.3450562059879303,0.0,0.0,0.3462757170200348,84.5212631225586,78.7987289428711,0.5175005197525024,0.0,0.0,0.20092712342739105,0.0,0.0,0.203314870595932,0.0,0.0,0.05384528636932373,0.0,0.0,0.059329334646463394,0.0,0.0,0.009244827553629875,0.0,0.0,0.0085301473736763
588,True,70.00668334960938,36.71263885498047,0.9102301001548767,0.0,0.0,0.46816307306289673,67.48072052001953,22.768768310546875,0.931692898273468,0.0,0.0,0.01879352144896984,46.20463180541992,5.59307861328125,0.6354605555534363,0.0,0.0,0.39525356888771057,0.0,0.0,0.44905251264572144,0.0,0.0,0.16265815496444702,0.0,0.0,0.29049739241600037,0.0,0.0,0.3148995339870453,0.0,0.0,0.45015084743499756,0.0,0.0,0.1728610396385193,0.0,0.0,0.1697702258825302,0.0,0.0,0.048309408128261566,0.0,0.0,0.052044548094272614,0.0,0.0,0.008662110194563866,0.0,0.0,0.007980339229106903
589,True,70.52134704589844,41.71784973144531,0.9342847466468811,0.0,0.0,0.46046188473701477,65.53897094726562,24.54815673828125,0.9585916996002197,0.0,0.0,0.005884810816496611,34.80180358886719,7.4734344482421875,0.6879831552505493,0.0,0.0,0.2939572334289551,0.0,0.0,0.18246202170848846,0.0,0.0,0.14413534104824066,0.0,0.0,0.1162467822432518,0.0,0.0,0.38922175765037537,0.0,0.0,0.39012986421585083,0.0,0.0,0.08699894696474075,0.0,0.0,0.05749187991023064,0.0,0.0,0.030720850452780724,0.0,0.0,0.02161981724202633,0.0,0.0,0.00667450251057744,0.0,0.0,0.0044434829615056515
590,True,69.92720031738281,40.24211120605469,0.9120675325393677,0.0,0.0,0.3944973051548004,66.06287384033203,24.401100158691406,0.928068220615387,0.0,0.0,0.007139225490391254,40.00221252441406,4.6464691162109375,0.5961828231811523,0.0,0.0,0.43837642669677734,0.0,0.0,0.27347972989082336,0.0,0.0,0.3444593548774719,0.0,0.0,0.2395738661289215,82.99359130859375,74.60602569580078,0.6470273733139038,83.88623046875,78.57438659667969,0.5784033536911011,0.0,0.0,0.16056279838085175,0.0,0.0,0.09629848599433899,0.0,0.0,0.03517698869109154,0.0,0.0,0.02147282101213932,0.0,0.0,0.00450934749096632,0.0,0.0,0.002688385546207428
591,True,70.90149688720703,39.691986083984375,0.9098296761512756,0.0,0.0,0.35373592376708984,66.96747589111328,25.30323028564453,0.9371882677078247,0.0,0.0,0.004975135903805494,39.54399108886719,6.318511962890625,0.6834923028945923,0.0,0.0,0.4497683644294739,0.0,0.0,0.2817888557910919,0.0,0.0,0.3459879457950592,0.0,0.0,0.24165640771389008,79.64276885986328,73.73919677734375,0.6160271763801575,81.06495666503906,79.48966979980469,0.5546860694885254,0.0,0.0,0.19257259368896484,0.0,0.0,0.11690214276313782,0.0,0.0,0.04387953504920006,0.0,0.0,0.0258034635335207,0.0,0.0,0.005495377350598574,0.0,0.0,0.003121723420917988
592,True,71.05145263671875,39.004173278808594,0.8615657091140747,0.0,0.0,0.29687973856925964,66.77670288085938,25.91425323486328,0.8660383224487305,0.0,0.0,0.005337900947779417,0.0,0.0,0.49478304386138916,0.0,0.0,0.4826638996601105,0.0,0.0,0.19095416367053986,26.144550323486328,90.68709564208984,0.5064705610275269,0.0,0.0,0.19028083980083466,79.9261703491211,77.4998779296875,0.7423551678657532,77.03095245361328,81.43673706054688,0.5274971723556519,0.0,0.0,0.23072364926338196,0.0,0.0,0.10491639375686646,0.0,0.0,0.049452777951955795,0.0,0.0,0.021006066352128983,0.0,0.0,0.0058793011121451855,0.0,0.0,0.0026656179688870907
593,True,70.35256958007812,38.83037567138672,0.8558558821678162,0.0,0.0,0.2839072346687317,67.90743255615234,24.949951171875,0.8457277417182922,0.0,0.0,0.006610519252717495,0.0,0.0,0.4389475882053375,0.0,0.0,0.47273942828178406,0.0,0.0,0.26250770688056946,26.016265869140625,98.64775085449219,0.5157809853553772,0.0,0.0,0.303655743598938,86.3143310546875,103.25114440917969,0.7568910121917725,83.70771789550781,76.35400390625,0.6403758525848389,0.0,0.0,0.22692623734474182,0.0,0.0,0.1222802922129631,0.0,0.0,0.030951349064707756,0.0,0.0,0.016061481088399887,0.0,0.0,0.0033480010461062193,0.0,0.0,0.001826089108362794
594,True,70.26647186279297,33.00523376464844,0.8347259163856506,0.0,0.0,0.30452120304107666,68.04173278808594,20.826873779296875,0.8076120018959045,0.0,0.0,0.011250505223870277,0.0,0.0,0.40252190828323364,33.80375289916992,37.90228271484375,0.5406789779663086,0.0,0.0,0.33447036147117615,28.13445281982422,93.14057159423828,0.5666903853416443,0.0,0.0,0.3463307023048401,82.57270050048828,87.70510864257812,0.7532163858413696,76.42435455322266,81.38998413085938,0.6245044469833374,0.0,0.0,0.3168371617794037,0.0,0.0,0.18788935244083405,0.0,0.0,0.0463922955095768,0.0,0.0,0.025315340608358383,0.0,0.0,0.00435551768168807,0.0,0.0,0.0024470787029713392
595,True,71.04620361328125,34.715606689453125,0.7706613540649414,0.0,0.0,0.23429855704307556,67.97245025634766,21.3779296875,0.7544582486152649,0.0,0.0,0.008784737437963486,0.0,0.0,0.35050997138023376,0.0,0.0,0.41889551281929016,0.0,0.0,0.20692864060401917,0.0,0.0,0.43198737502098083,0.0,0.0,0.21611541509628296,93.10568237304688,75.73503875732422,0.6713919043540955,87.05809020996094,81.75384521484375,0.5072335004806519,0.0,0.0,0.24780598282814026,0.0,0.0,0.13455763459205627,0.0,0.0,0.047296445816755295,0.0,0.0,0.024814654141664505,0.0,0.0,0.005486523266881704,0.0,0.0,0.0029972929041832685
596,True,71.81436920166016,33.33454132080078,0.838923454284668,0.0,0.0,0.3552769124507904,69.14096069335938,18.816635131835938,0.8173568248748779,0.0,0.0,0.013795371167361736,0.0,0.0,0.35419079661369324,0.0,0.0,0.4807445704936981,0.0,0.0,0.16103780269622803,0.0,0.0,0.43252384662628174,0.0,0.0,0.12001059204339981,89.6638412475586,76.6557846069336,0.634581446647644,0.0,0.0,0.3473221957683563,0.0,0.0,0.18979579210281372,0.0,0.0,0.0814838781952858,0.0,0.0,0.04041676223278046,0.0,0.0,0.017407525330781937,0.0,0.0,0.005557944532483816,0.0,0.0,0.0026798411272466183
597,True,0.0,0.0,0.25310513377189636,0.0,0.0,0.03615399822592735,0.0,0.0,0.187001571059227,0.0,0.0,0.004021834582090378,0.0,0.0,0.12691661715507507,0.0,0.0,0.37075427174568176,0.0,0.0,0.08279281109571457,30.84054946899414,83.52603149414062,0.6766523122787476,0.0,0.0,0.16514360904693604,85.32589721679688,75.43142700195312,0.8004812598228455,0.0,0.0,0.43094250559806824,0.0,0.0,0.4053928554058075,0.0,0.0,0.16225874423980713,0.0,0.0,0.07352515310049057,0.0,0.0,0.023510614410042763,0.0,0.0,0.00665696058422327,0.0,0.0,0.0024764814879745245
598,True,72.24757385253906,28.60388946533203,0.5797911286354065,0.0,0.0,0.14097647368907928,69.9618148803711,17.9512939453125,0.5045521259307861,0.0,0.0,0.011518590152263641,0.0,0.0,0.2184339463710785,0.0,0.0,0.4533875286579132,0.0,0.0,0.18653374910354614,42.39573669433594,83.5263442993164,0.5229690670967102,0.0,0.0,0.21011841297149658,93.84848022460938,72.41859436035156,0.6770642399787903,0.0,0.0,0.4308492839336395,0.0,0.0,0.37778833508491516,0.0,0.0,0.2063724547624588,0.0,0.0,0.07741164416074753,0.0,0.0,0.03841620683670044,0.0,0.0,0.007899092510342598,0.0,0.0,0.004095910582691431
599,True,73.04811096191406,30.868858337402344,0.7079249024391174,0.0,0.0,0.18486858904361725,70.10604858398438,19.629661560058594,0.6875470876693726,0.0,0.0,0.01000992301851511,0.0,0.0,0.34466469287872314,0.0,0.0,0.47872650623321533,0.0,0.0,0.2624265253543854,0.0,0.0,0.4677281081676483,0.0,0.0,0.2589499056339264,91.54529571533203,73.00141906738281,0.6437411904335022,0.0,0.0,0.4882693588733673,0.0,0.0,0.3556905686855316,0.0,0.0,0.21836894750595093,0.0,0.0,0.07565845549106598,0.0,0.0,0.04391558840870857,0.0,0.0,0.008272446691989899,0.0,0.0,0.004747341852635145
600,True,73.4803466796875,30.60759735107422,0.6985855102539062,0.0,0.0,0.18651975691318512,72.66378021240234,19.204132080078125,0.6873233914375305,0.0,0.0,0.013508806936442852,0.0,0.0,0.3718278706073761,0.0,0.0,0.44146665930747986,0.0,0.0,0.35606202483177185,0.0,0.0,0.38421890139579773,0.0,0.0,0.3214080035686493,83.55794525146484,76.85264587402344,0.5060537457466125,0.0,0.0,0.46800199151039124,0.0,0.0,0.3664581775665283,0.0,0.0,0.27980688214302063,0.0,0.0,0.05211420729756355,0.0,0.0,0.03786696866154671,0.0,0.0,0.005807204637676477,0.0,0.0,0.004088594112545252
601,True,75.97786712646484,28.91962432861328,0.5050622224807739,0.0,0.0,0.07394073903560638,0.0,0.0,0.49878382682800293,0.0,0.0,0.007139985449612141,0.0,0.0,0.3236648142337799,0.0,0.0,0.4766484797000885,0.0,0.0,0.33189237117767334,42.595706939697266,75.36308288574219,0.5324675440788269,0.0,0.0,0.3932468593120575,96.63191986083984,65.3227767944336,0.6205528974533081,89.3392562866211,73.84434509277344,0.5270330905914307,22.594627380371094,143.91427612304688,0.5424751043319702,0.0,0.0,0.40537193417549133,0.0,0.0,0.1133633553981781,0.0,0.0,0.07565697282552719,0.0,0.0,0.01166890375316143,0.0,0.0,0.007412445265799761
602,True,0.0,0.0,0.2873697578907013,0.0,0.0,0.025726212188601494,0.0,0.0,0.3855248689651489,0.0,0.0,0.0033291326835751534,0.0,0.0,0.43746352195739746,0.0,0.0,0.2562434673309326,0.0,0.0,0.30197134613990784,0.0,0.0,0.21953442692756653,0.0,0.0,0.26501861214637756,0.0,0.0,0.26276159286499023,0.0,0.0,0.3145013749599457,20.013172149658203,128.02345275878906,0.5047043561935425,0.0,0.0,0.4529678225517273,0.0,0.0,0.2147141695022583,0.0,0.0,0.1791200339794159,0.0,0.0,0.04442445933818817,0.0,0.0,0.03212689608335495
603,True,100.25538635253906,84.08575439453125,0.5289062857627869,0.0,0.0,0.07168490439653397,103.03019714355469,73.99302673339844,0.6484533548355103,0.0,0.0,0.004737248178571463,84.11736297607422,54.31692886352539,0.5292181968688965,0.0,0.0,0.26341208815574646,0.0,0.0,0.35329097509384155,0.0,0.0,0.22772051393985748,0.0,0.0,0.27934882044792175,0.0,0.0,0.33926981687545776,0.0,0.0,0.3808506727218628,0.0,0.0,0.3821861445903778,0.0,0.0,0.34385207295417786,0.0,0.0,0.14835599064826965,0.0,0.0,0.11846457421779633,0.0,0.0,0.032452963292598724,0.0,0.0,0.022312695160508156
604,True,0.0,0.0,0.08143738657236099,0.0,0.0,0.008410189300775528,0.0,0.0,0.07187282294034958,0.0,0.0,0.0022571554873138666,0.0,0.0,0.11957093328237534,0.0,0.0,0.22072015702724457,0.0,0.0,0.11761186271905899,0.0,0.0,0.38438716530799866,0.0,0.0,0.2240530550479889,85.62250518798828,73.64867401123047,0.5268840193748474,0.0,0.0,0.3982333838939667,0.0,0.0,0.4787006080150604,0.0,0.0,0.3229348063468933,0.0,0.0,0.16135679185390472,0.0,0.0,0.09570559859275818,0.0,0.0,0.023001564666628838,0.0,0.0,0.013166286051273346
605,True,0.0,0.0,0.4369443655014038,0.0,0.0,0.06109870597720146,0.0,0.0,0.41211187839508057,0.0,0.0,0.006900743115693331,0.0,0.0,0.3814680576324463,52.16651153564453,37.61876678466797,0.5905176401138306,0.0,0.0,0.38029366731643677,67.050537109375,95.3971176147461,0.5544175505638123,0.0,0.0,0.32272931933403015,90.75247192382812,72.23755645751953,0.562917947769165,0.0,0.0,0.3802343010902405,0.0,0.0,0.47994086146354675,0.0,0.0,0.3172258138656616,0.0,0.0,0.15248993039131165,0.0,0.0,0.08638158440589905,0.0,0.0,0.0234632920473814,0.0,0.0,0.012764210812747478
606,True,0.0,0.0,0.4661954939365387,0.0,0.0,0.0744485855102539,0.0,0.0,0.4042297303676605,0.0,0.0,0.010931485332548618,0.0,0.0,0.27040374279022217,0.0,0.0,0.39481139183044434,24.54727554321289,33.35992431640625,0.5309645533561707,0.0,0.0,0.2874568700790405,0.0,0.0,0.4480089843273163,0.0,0.0,0.3268921673297882,0.0,0.0,0.4315023124217987,0.0,0.0,0.28922736644744873,0.0,0.0,0.29088178277015686,0.0,0.0,0.03767098858952522,0.0,0.0,0.03925983980298042,0.0,0.0,0.006311077158898115,0.0,0.0,0.005802573636174202
607,True,0.0,0.0,0.4121878445148468,0.0,0.0,0.08724214881658554,0.0,0.0,0.2982182502746582,0.0,0.0,0.015571091324090958,0.0,0.0,0.13612349331378937,0.0,0.0,0.3071034252643585,0.0,0.0,0.4263027310371399,0.0,0.0,0.24401900172233582,0.0,0.0,0.3804154694080353,0.0,0.0,0.30344921350479126,0.0,0.0,0.4026990532875061,0.0,0.0,0.28208601474761963,0.0,0.0,0.28541338443756104,0.0,0.0,0.02769729308784008,0.0,0.0,0.029283318668603897,0.0,0.0,0.004035607911646366,0.0,0.0,0.003876760834828019
608,True,0.0,0.0,0.4179626703262329,0.0,0.0,0.0603490024805069,0.0,0.0,0.3576167821884155,0.0,0.0,0.010388005524873734,0.0,0.0,0.21091042459011078,0.0,0.0,0.33758288621902466,26.092418670654297,23.950645446777344,0.5412949919700623,0.0,0.0,0.2688978314399719,25.746294021606445,98.97413635253906,0.5276021957397461,0.0,0.0,0.3463236391544342,67.9925537109375,93.87077331542969,0.5176494121551514,0.0,0.0,0.3253876566886902,0.0,0.0,0.3585051894187927,0.0,0.0,0.040573786944150925,0.0,0.0,0.0501646064221859,0.0,0.0,0.005403608083724976,0.0,0.0,0.005606765393167734
609,True,69.67024993896484,37.67431640625,0.7240750789642334,0.0,0.0,0.2827134132385254,69.2763442993164,25.080535888671875,0.5634189248085022,0.0,0.0,0.0342770554125309,0.0,0.0,0.14137695729732513,0.0,0.0,0.41385552287101746,0.0,0.0,0.4770148694515228,0.0,0.0,0.4060518741607666,0.0,0.0,0.4767186939716339,72.72931671142578,99.36326599121094,0.6282210946083069,63.85499954223633,98.46781158447266,0.6533524394035339,0.0,0.0,0.25405824184417725,0.0,0.0,0.23232333362102509,0.0,0.0,0.028016820549964905,0.0,0.0,0.027419600635766983,0.0,0.0,0.003079395741224289,0.0,0.0,0.0028700721450150013
610,True,72.52692413330078,30.959556579589844,0.5366935133934021,0.0,0.0,0.13206391036510468,0.0,0.0,0.34426161646842957,0.0,0.0,0.015963757410645485,0.0,0.0,0.08208050578832626,0.0,0.0,0.3971189856529236,0.0,0.0,0.17311832308769226,45.05784606933594,94.57656860351562,0.5465309619903564,0.0,0.0,0.21650336682796478,95.03852844238281,79.41411590576172,0.7468558549880981,0.0,0.0,0.4883923828601837,0.0,0.0,0.1820916086435318,0.0,0.0,0.09017781168222427,0.0,0.0,0.022852152585983276,0.0,0.0,0.011621042154729366,0.0,0.0,0.0026321671903133392,0.0,0.0,0.0014865573029965162
611,True,70.51725769042969,41.94214630126953,0.9044866561889648,0.0,0.0,0.3974146544933319,68.70413208007812,25.521392822265625,0.9311525225639343,0.0,0.0,0.011742774397134781,45.16376876831055,6.3875579833984375,0.7220403552055359,29.23458480834961,55.076568603515625,0.5576739311218262,0.0,0.0,0.4436722993850708,0.0,0.0,0.356701135635376,0.0,0.0,0.32324594259262085,92.46824645996094,91.36502075195312,0.586916983127594,91.65389251708984,91.72542572021484,0.5615837574005127,0.0,0.0,0.24744631350040436,0.0,0.0,0.16872552037239075,0.0,0.0,0.06708207726478577,0.0,0.0,0.043311957269907,0.0,0.0,0.008239285089075565,0.0,0.0,0.005157418083399534
612,True,69.33623504638672,51.41981506347656,0.7382322549819946,0.0,0.0,0.15152370929718018,70.80984497070312,26.695022583007812,0.8723921775817871,0.0,0.0,0.011635707691311836,45.664520263671875,8.572113037109375,0.6800544261932373,0.0,0.0,0.0816764160990715,0.0,0.0,0.45168548822402954,0.0,0.0,0.004661521874368191,0.0,0.0,0.08723483234643936,0.0,0.0,0.019010618329048157,0.0,0.0,0.1356862336397171,0.0,0.0,0.0030927599873393774,0.0,0.0,0.007787592243403196,0.0,0.0,0.0038001665379852057,0.0,0.0,0.009465939365327358,0.0,0.0,0.0027820849791169167,0.0,0.0,0.004888619761914015
613,True,72.50338745117188,51.63566589355469,0.7664383053779602,0.0,0.0,0.1206369623541832,69.82207489013672,29.099761962890625,0.9099857211112976,0.0,0.0,0.003866025246679783,39.0655517578125,22.251060485839844,0.8299940824508667,0.0,0.0,0.10430292040109634,0.0,0.0,0.24159979820251465,0.0,0.0,0.00520997354760766,0.0,0.0,0.02561241388320923,0.0,0.0,0.036354005336761475,0.0,0.0,0.10789990425109863,0.0,0.0,0.001812016125768423,0.0,0.0,0.00253422767855227,0.0,0.0,0.010880121961236,0.0,0.0,0.014667677693068981,0.0,0.0,0.013331122696399689,0.0,0.0,0.013725190423429012
614,False,0.0,0.0,0.0,0.0,0.0,0.0,0.0,0.0,0.0,0.0,0.0,0.0,0.0,0.0,0.0,0.0,0.0,0.0,0.0,0.0,0.0,0.0,0.0,0.0,0.0,0.0,0.0,0.0,0.0,0.0,0.0,0.0,0.0,0.0,0.0,0.0,0.0,0.0,0.0,0.0,0.0,0.0,0.0,0.0,0.0,0.0,0.0,0.0,0.0,0.0,0.0
615,True,70.5950927734375,47.78044128417969,0.9436452388763428,75.51020812988281,35.44706726074219,0.5096953511238098,68.80970764160156,31.24822235107422,0.9695069789886475,0.0,0.0,0.011378662660717964,45.584896087646484,12.979606628417969,0.8068050742149353,0.0,0.0,0.4746612310409546,0.0,0.0,0.26708656549453735,0.0,0.0,0.15073230862617493,0.0,0.0,0.09288126975297928,0.0,0.0,0.39409583806991577,0.0,0.0,0.3081486225128174,0.0,0.0,0.05750183016061783,0.0,0.0,0.031987473368644714,0.0,0.0,0.07418414950370789,0.0,0.0,0.047105636447668076,0.0,0.0,0.024798298254609108,0.0,0.0,0.014473669230937958
616,True,72.67523956298828,47.88268280029297,0.9332202672958374,0.0,0.0,0.3099135160446167,68.07650756835938,34.35194396972656,0.9536245465278625,0.0,0.0,0.002986073726788163,39.40131759643555,20.91351318359375,0.8019697666168213,30.908470153808594,59.5130615234375,0.6851946711540222,0.0,0.0,0.31082600355148315,36.69857406616211,97.69346618652344,0.5790979862213135,0.0,0.0,0.23421743512153625,89.36396789550781,120.15052032470703,0.8153319358825684,80.01348114013672,145.365478515625,0.6258493661880493,0.0,0.0,0.22471444308757782,0.0,0.0,0.08973561227321625,0.0,0.0,0.08353277295827866,0.0,0.0,0.03471854329109192,0.0,0.0,0.013911768794059753,0.0,0.0,0.005841957405209541
617,True,70.10728454589844,46.024391174316406,0.9779330492019653,75.08049011230469,37.006690979003906,0.7287868857383728,68.42938995361328,31.879173278808594,0.9850077629089355,0.0,0.0,0.022580968216061592,44.68409729003906,12.778114318847656,0.8682815432548523,33.70469284057617,55.57691955566406,0.7833476066589355,16.637104034423828,45.162315368652344,0.5047023296356201,0.0,0.0,0.45417898893356323,0.0,0.0,0.218758687376976,83.93299865722656,117.90298461914062,0.6474370956420898,0.0,0.0,0.45668870210647583,0.0,0.0,0.20024701952934265,0.0,0.0,0.09988092631101608,0.0,0.0,0.0784502848982811,0.0,0.0,0.04119366407394409,0.0,0.0,0.013294781558215618,0.0,0.0,0.0068891323171556
618,True,71.52703857421875,46.95818328857422,0.9081934690475464,0.0,0.0,0.25276023149490356,67.35631561279297,33.33386993408203,0.9329400658607483,0.0,0.0,0.0030384331475943327,39.753074645996094,18.91472625732422,0.7451543211936951,30.104263305664062,57.39201354980469,0.6747260689735413,0.0,0.0,0.26337704062461853,36.88832092285156,95.18611145019531,0.5960347056388855,0.0,0.0,0.20270846784114838,85.56779479980469,120.13226318359375,0.8239485025405884,83.72218322753906,146.0199737548828,0.5863193273544312,0.0,0.0,0.21841652691364288,0.0,0.0,0.07931666821241379,0.0,0.0,0.1031281128525734,0.0,0.0,0.041048552840948105,0.0,0.0,0.020594671368598938,0.0,0.0,0.008269802667200565
619,True,71.00684356689453,43.909645080566406,0.9346773624420166,0.0,0.0,0.4176342487335205,67.15103912353516,31.00482177734375,0.9417073726654053,0.0,0.0,0.009873593226075172,43.15618896484375,16.882797241210938,0.7536823153495789,37.499454498291016,52.62965393066406,0.8311017751693726,0.0,0.0,0.4801334738731384,42.955474853515625,94.21699523925781,0.7200716733932495,0.0,0.0,0.3212473690509796,86.08537292480469,122.31889343261719,0.8385000824928284,82.55232238769531,147.9037322998047,0.6140300035476685,0.0,0.0,0.44569262862205505,0.0,0.0,0.21584485471248627,0.0,0.0,0.21259033679962158,0.0,0.0,0.09954255819320679,0.0,0.0,0.03844252601265907,0.0,0.0,0.017240773886442184
620,True,68.93033599853516,43.43024444580078,0.9575563073158264,0.0,0.0,0.455329030752182,66.64759826660156,31.80590057373047,0.9795157313346863,0.0,0.0,0.009605096653103828,44.70354080200195,15.896835327148438,0.9122197031974792,34.692039489746094,52.293701171875,0.6600287556648254,24.608530044555664,42.847930908203125,0.7385380864143372,0.0,0.0,0.2737516462802887,37.56317901611328,91.27006530761719,0.5634969472885132,0.0,0.0,0.4881120026111603,87.34870910644531,129.08206176757812,0.7054397463798523,0.0,0.0,0.2616496980190277,0.0,0.0,0.265437513589859,0.0,0.0,0.10433565080165863,0.0,0.0,0.12004593014717102,0.0,0.0,0.019198840484023094,0.0,0.0,0.017547717317938805
621,True,74.41729736328125,40.689483642578125,0.7474650740623474,0.0,0.0,0.12926897406578064,70.9879379272461,28.417617797851562,0.761682391166687,0.0,0.0,0.004795544780790806,46.2271842956543,16.23211669921875,0.5611557364463806,37.64918518066406,54.71661376953125,0.677282452583313,0.0,0.0,0.38806626200675964,42.95487976074219,105.09837341308594,0.7301253080368042,0.0,0.0,0.40488380193710327,89.96883392333984,131.37176513671875,0.8647086024284363,87.1622314453125,149.1156768798828,0.7012006640434265,0.0,0.0,0.34203729033470154,0.0,0.0,0.16561780869960785,0.0,0.0,0.11331350356340408,0.0,0.0,0.05010383203625679,0.0,0.0,0.019323622807860374,0.0,0.0,0.008608524687588215
622,True,68.48711395263672,38.0489501953125,0.8990132212638855,0.0,0.0,0.3328252136707306,66.64533996582031,25.432960510253906,0.9123278260231018,0.0,0.0,0.010559403337538242,44.838565826416016,11.172904968261719,0.7046828866004944,34.3225212097168,51.752227783203125,0.6878258585929871,0.0,0.0,0.47028759121894836,44.78558349609375,92.24404907226562,0.5509899258613586,0.0,0.0,0.3604004979133606,88.86248016357422,129.541259765625,0.723827064037323,87.42607879638672,142.95701599121094,0.5882159471511841,0.0,0.0,0.39137881994247437,0.0,0.0,0.23549284040927887,0.0,0.0,0.08612118661403656,0.0,0.0,0.04897964745759964,0.0,0.0,0.009885254316031933,0.0,0.0,0.005489734932780266
623,True,69.47138214111328,28.552833557128906,0.5493395924568176,0.0,0.0,0.12373609095811844,0.0,0.0,0.47735103964805603,0.0,0.0,0.02790062688291073,0.0,0.0,0.25809529423713684,0.0,0.0,0.3140850365161896,45.368858337402344,21.230743408203125,0.5468229651451111,0.0,0.0,0.2129737138748169,46.38945770263672,75.90047454833984,0.5533943772315979,0.0,0.0,0.393656462430954,82.19070434570312,130.64756774902344,0.6240999102592468,0.0,0.0,0.4302617311477661,0.0,0.0,0.4973508417606354,0.0,0.0,0.0795452818274498,0.0,0.0,0.11428957432508469,0.0,0.0,0.009043744765222073,0.0,0.0,0.010908309370279312
624,True,69.62518310546875,40.14166259765625,0.9314301609992981,75.43861389160156,30.120285034179688,0.5122925043106079,67.22517395019531,25.553268432617188,0.957714319229126,0.0,0.0,0.022591568529605865,48.555912017822266,8.366348266601562,0.7813006639480591,0.0,0.0,0.43797752261161804,28.824302673339844,39.52076721191406,0.5538328886032104,0.0,0.0,0.12482521682977676,0.0,0.0,0.3221364915370941,0.0,0.0,0.3010505139827728,0.0,0.0,0.4993276000022888,0.0,0.0,0.1406593918800354,0.0,0.0,0.1538820117712021,0.0,0.0,0.06804271787405014,0.0,0.0,0.08455488830804825,0.0,0.0,0.016387106850743294,0.0,0.0,0.0167399775236845
625,True,70.23951721191406,34.22172546386719,0.9533836245536804,76.21418762207031,26.192359924316406,0.5845221877098083,68.46392822265625,21.358734130859375,0.9705846905708313,0.0,0.0,0.02851792983710766,51.58747482299805,3.8648681640625,0.8445612788200378,40.873207092285156,43.007843017578125,0.6136336922645569,30.25954818725586,32.38749694824219,0.7134548425674438,0.0,0.0,0.20916327834129333,0.0,0.0,0.46235722303390503,0.0,0.0,0.3778904974460602,85.94462585449219,126.19554138183594,0.5770869851112366,0.0,0.0,0.21181964874267578,0.0,0.0,0.22359637916088104,0.0,0.0,0.08333966881036758,0.0,0.0,0.1026250422000885,0.0,0.0,0.01745702140033245,0.0,0.0,0.017471954226493835
626,True,70.06753540039062,32.66941833496094,0.9325274229049683,75.85163879394531,24.843124389648438,0.5616328716278076,67.8472900390625,20.237525939941406,0.9511616826057434,0.0,0.0,0.031065568327903748,50.95127868652344,4.21160888671875,0.7596548795700073,43.42064666748047,40.8853759765625,0.511422872543335,31.187944412231445,30.614486694335938,0.6050834059715271,0.0,0.0,0.19121567904949188,0.0,0.0,0.3625047504901886,0.0,0.0,0.34246793389320374,0.0,0.0,0.48213204741477966,0.0,0.0,0.26438188552856445,0.0,0.0,0.2686755657196045,0.0,0.0,0.09171794354915619,0.0,0.0,0.10260094702243805,0.0,0.0,0.01887141354382038,0.0,0.0,0.01794596202671528
627,True,74.08820343017578,45.64276123046875,0.7258991599082947,0.0,0.0,0.2263314127922058,70.71226501464844,29.772422790527344,0.8133015036582947,0.0,0.0,0.014795740135014057,54.58212661743164,18.664642333984375,0.5312163233757019,0.0,0.0,0.17226389050483704,0.0,0.0,0.19240744411945343,0.0,0.0,0.049797423183918,0.0,0.0,0.09787893295288086,0.0,0.0,0.1877017766237259,0.0,0.0,0.26463669538497925,0.0,0.0,0.06734589487314224,0.0,0.0,0.06410706043243408,0.0,0.0,0.07829677313566208,0.0,0.0,0.08257993310689926,0.0,0.0,0.029217233881354332,0.0,0.0,0.026032017543911934
628,True,71.386474609375,44.399871826171875,0.9534979462623596,79.10250091552734,31.727493286132812,0.5791831016540527,68.28987884521484,25.86371612548828,0.9696241021156311,0.0,0.0,0.01721261627972126,47.452552795410156,9.455230712890625,0.8028143644332886,35.45460510253906,61.03209686279297,0.5898458361625671,0.0,0.0,0.38884010910987854,0.0,0.0,0.26597923040390015,0.0,0.0,0.19794905185699463,78.2556381225586,125.37324523925781,0.5930660367012024,83.46919250488281,131.4355010986328,0.5181056261062622,0.0,0.0,0.0999007374048233,0.0,0.0,0.05939323827624321,0.0,0.0,0.08599046617746353,0.0,0.0,0.05920013412833214,0.0,0.0,0.01914685033261776,0.0,0.0,0.012154783122241497
629,True,73.67965698242188,50.733062744140625,0.8911792635917664,0.0,0.0,0.3996085524559021,69.67242431640625,30.961570739746094,0.9290448427200317,0.0,0.0,0.008434525690972805,43.07905197143555,15.57415771484375,0.6487746238708496,0.0,0.0,0.3040534257888794,0.0,0.0,0.10020031034946442,0.0,0.0,0.12637537717819214,0.0,0.0,0.0359044224023819,0.0,0.0,0.4246799051761627,0.0,0.0,0.206943541765213,0.0,0.0,0.04446887969970703,0.0,0.0,0.01916450820863247,0.0,0.0,0.06080137938261032,0.0,0.0,0.02710038237273693,0.0,0.0,0.01992742344737053,0.0,0.0,0.009227121248841286
630,True,74.79232788085938,51.081817626953125,0.9131165146827698,0.0,0.0,0.37590205669403076,71.49324035644531,28.030990600585938,0.9560188055038452,0.0,0.0,0.005653524771332741,40.95281219482422,14.8817138671875,0.7668522000312805,0.0,0.0,0.278018981218338,0.0,0.0,0.12482275068759918,0.0,0.0,0.06798042356967926,0.0,0.0,0.02972024492919445,0.0,0.0,0.3309099078178406,0.0,0.0,0.2044600397348404,0.0,0.0,0.018696581944823265,0.0,0.0,0.009326990693807602,0.0,0.0,0.04578600078821182,0.0,0.0,0.02356298454105854,0.0,0.0,0.02070889063179493,0.0,0.0,0.010656733065843582
631,True,76.01507568359375,50.0587272644043,0.8614180684089661,0.0,0.0,0.367023766040802,69.74540710449219,27.031967163085938,0.9101394414901733,0.0,0.0,0.008684528060257435,38.33959197998047,13.3499755859375,0.5475797653198242,0.0,0.0,0.18200182914733887,0.0,0.0,0.09103870391845703,0.0,0.0,0.05198196321725845,0.0,0.0,0.028384121134877205,0.0,0.0,0.24154865741729736,0.0,0.0,0.1578749120235443,0.0,0.0,0.048190534114837646,0.0,0.0,0.02732023037970066,0.0,0.0,0.03303799033164978,0.0,0.0,0.01810663752257824,0.0,0.0,0.007253920193761587,0.0,0.0,0.004125596024096012
632,True,78.03216552734375,43.34839630126953,0.9349567890167236,0.0,0.0,0.2896893322467804,71.07933044433594,26.01513671875,0.9696937203407288,0.0,0.0,0.0018834448419511318,38.962345123291016,17.577957153320312,0.9088727235794067,37.13884735107422,70.43522644042969,0.6061112880706787,0.0,0.0,0.2867543399333954,0.0,0.0,0.350616455078125,0.0,0.0,0.15757359564304352,80.43547821044922,123.47933197021484,0.6945939064025879,81.55132293701172,129.6640167236328,0.5423129796981812,0.0,0.0,0.11324315518140793,0.0,0.0,0.04869743064045906,0.0,0.0,0.09993628412485123,0.0,0.0,0.04481981694698334,0.0,0.0,0.02561800181865692,0.0,0.0,0.01093338243663311
633,True,79.007080078125,43.4942626953125,0.9658793210983276,83.59599304199219,27.175323486328125,0.5792120695114136,66.19849395751953,24.37879180908203,0.979544997215271,0.0,0.0,0.0037349548656493425,27.850257873535156,21.129547119140625,0.8390665650367737,0.0,0.0,0.48595479130744934,0.0,0.0,0.12223681807518005,0.0,0.0,0.20023059844970703,0.0,0.0,0.044727765023708344,89.54508209228516,122.73191833496094,0.5624415874481201,0.0,0.0,0.3355821669101715,0.0,0.0,0.04686303809285164,0.0,0.0,0.01615253835916519,0.0,0.0,0.016711018979549408,0.0,0.0,0.006385700311511755,0.0,0.0,0.004679378587752581,0.0,0.0,0.0019710662309080362
634,True,78.73948669433594,47.296363830566406,0.9510039687156677,83.20375061035156,31.300186157226562,0.5492815971374512,70.45735931396484,27.499046325683594,0.963029682636261,0.0,0.0,0.0065729678608477116,33.821285247802734,19.296722412109375,0.6916099786758423,0.0,0.0,0.4995892345905304,0.0,0.0,0.06821651756763458,0.0,0.0,0.2488963007926941,0.0,0.0,0.020187560468912125,97.70339965820312,117.67997741699219,0.5940718650817871,0.0,0.0,0.17557378113269806,0.0,0.0,0.06472734361886978,0.0,0.0,0.015200630761682987,0.0,0.0,0.02047433890402317,0.0,0.0,0.005447742063552141,0.0,0.0,0.005002236925065517,0.0,0.0,0.0016307196347042918
635,True,78.8172378540039,43.12226867675781,0.955428421497345,83.31655883789062,28.695022583007812,0.5799192786216736,68.0002670288086,26.258628845214844,0.9621109962463379,0.0,0.0,0.005696035455912352,35.232582092285156,18.027389526367188,0.7054649591445923,40.92608642578125,68.17021179199219,0.594775378704071,0.0,0.0,0.11325009912252426,0.0,0.0,0.4928090274333954,0.0,0.0,0.06766165792942047,91.82838439941406,107.69474792480469,0.7778496146202087,0.0,0.0,0.38694727420806885,0.0,0.0,0.2081981897354126,0.0,0.0,0.05931266397237778,0.0,0.0,0.03612511232495308,0.0,0.0,0.009951196610927582,0.0,0.0,0.005392855498939753,0.0,0.0,0.0017752301646396518
636,True,77.49591064453125,49.57946014404297,0.9698595404624939,84.85957336425781,24.914344787597656,0.717592179775238,61.612117767333984,20.724502563476562,0.9884939789772034,0.0,0.0,0.008233877830207348,24.66250228881836,19.78917694091797,0.8459255695343018,0.0,0.0,0.1271916776895523,0.0,0.0,0.09473048150539398,0.0,0.0,0.011891322210431099,0.0,0.0,0.019244138151407242,0.0,0.0,0.1341782808303833,0.0,0.0,0.1794651746749878,0.0,0.0,0.018490931019186974,0.0,0.0,0.014014020562171936,0.0,0.0,0.019992077723145485,0.0,0.0,0.016281692311167717,0.0,0.0,0.003735444974154234,0.0,0.0,0.0026767065282911062
637,True,76.26571655273438,40.104034423828125,0.747610867023468,0.0,0.0,0.2554246187210083,72.89762878417969,27.144378662109375,0.7721604704856873,0.0,0.0,0.02715495601296425,0.0,0.0,0.4945043623447418,0.0,0.0,0.21106241643428802,0.0,0.0,0.45207101106643677,0.0,0.0,0.08572947978973389,0.0,0.0,0.31518372893333435,0.0,0.0,0.18671782314777374,0.0,0.0,0.3892832100391388,0.0,0.0,0.22472691535949707,0.0,0.0,0.3001362681388855,0.0,0.0,0.0949968621134758,0.0,0.0,0.1418144255876541,0.0,0.0,0.018884187564253807,0.0,0.0,0.0226555485278368
638,True,71.90401458740234,41.10216522216797,0.8590431809425354,0.0,0.0,0.2894531786441803,66.09646606445312,24.38794708251953,0.9358903765678406,0.0,0.0,0.0070007056929171085,41.22356414794922,14.213333129882812,0.7735438346862793,0.0,0.0,0.13409975171089172,0.0,0.0,0.3184887766838074,0.0,0.0,0.028996722772717476,0.0,0.0,0.19464559853076935,0.0,0.0,0.10819967091083527,0.0,0.0,0.34541866183280945,0.0,0.0,0.09733118116855621,0.0,0.0,0.14358104765415192,0.0,0.0,0.05511278286576271,0.0,0.0,0.08643721789121628,0.0,0.0,0.014975708909332752,0.0,0.0,0.017707502469420433
639,True,81.11288452148438,25.090042114257812,0.5275981426239014,0.0,0.0,0.024739624932408333,78.0058364868164,13.875656127929688,0.7565565705299377,0.0,0.0,0.0008299608016386628,50.14445495605469,9.493240356445312,0.852290153503418,0.0,0.0,0.3988061547279358,0.0,0.0,0.48464423418045044,0.0,0.0,0.28637799620628357,51.22233581542969,84.32012176513672,0.5581295490264893,0.0,0.0,0.41726362705230713,108.55101013183594,69.4515380859375,0.6311789155006409,0.0,0.0,0.44716328382492065,0.0,0.0,0.4293559491634369,0.0,0.0,0.11126622557640076,0.0,0.0,0.10529453307390213,0.0,0.0,0.012476985342800617,0.0,0.0,0.009199798107147217
640,True,76.53436279296875,33.088287353515625,0.5504361391067505,0.0,0.0,0.05993083491921425,75.5305404663086,21.086021423339844,0.6691519021987915,0.0,0.0,0.00523378187790513,56.43019104003906,13.165985107421875,0.6294892430305481,0.0,0.0,0.31607457995414734,0.0,0.0,0.44942522048950195,0.0,0.0,0.16811221837997437,0.0,0.0,0.42265892028808594,0.0,0.0,0.2875504791736603,0.0,0.0,0.4954153895378113,0.0,0.0,0.20654892921447754,0.0,0.0,0.22663114964962006,0.0,0.0,0.07761608809232712,0.0,0.0,0.09182655066251755,0.0,0.0,0.01541681494563818,0.0,0.0,0.014671165496110916
641,True,71.1852035522461,36.01597595214844,0.5778655409812927,0.0,0.0,0.08001670241355896,69.49990844726562,23.115257263183594,0.6240842938423157,0.0,0.0,0.007375118788331747,49.324005126953125,11.567611694335938,0.5170024037361145,0.0,0.0,0.49974524974823,0.0,0.0,0.440123051404953,0.0,0.0,0.37372270226478577,0.0,0.0,0.4287703037261963,0.0,0.0,0.4793437123298645,98.47647857666016,68.90199279785156,0.5078787803649902,0.0,0.0,0.38518258929252625,0.0,0.0,0.3210340142250061,0.0,0.0,0.053838204592466354,0.0,0.0,0.04594539850950241,0.0,0.0,0.005601849406957626,0.0,0.0,0.004238923545926809
642,True,71.85770416259766,35.36400604248047,0.533328652381897,0.0,0.0,0.06005420535802841,69.07325744628906,25.149948120117188,0.6225912570953369,0.0,0.0,0.0038406518287956715,49.82118225097656,18.185340881347656,0.6091392636299133,0.0,0.0,0.36639404296875,0.0,0.0,0.4501603841781616,0.0,0.0,0.3194231688976288,23.386903762817383,81.21968078613281,0.5165790915489197,0.0,0.0,0.4525628983974457,75.9562759399414,73.6628189086914,0.6170810461044312,0.0,0.0,0.3431170582771301,0.0,0.0,0.3288762867450714,0.0,0.0,0.047172240912914276,0.0,0.0,0.04618881270289421,0.0,0.0,0.0050590550526976585,0.0,0.0,0.00423700176179409
643,True,0.0,0.0,0.2183307260274887,0.0,0.0,0.021416354924440384,0.0,0.0,0.22454053163528442,0.0,0.0,0.0037717155646532774,0.0,0.0,0.24134506285190582,0.0,0.0,0.2532736361026764,0.0,0.0,0.2341267466545105,0.0,0.0,0.3941199481487274,0.0,0.0,0.31079787015914917,80.2120132446289,79.2388916015625,0.5299078822135925,0.0,0.0,0.4488563537597656,0.0,0.0,0.36494359374046326,0.0,0.0,0.266481876373291,0.0,0.0,0.06156524270772934,0.0,0.0,0.03957797586917877,0.0,0.0,0.009632974863052368,0.0,0.0,0.0057399640791118145
644,True,99.17212677001953,86.55535125732422,0.5166497826576233,0.0,0.0,0.14477165043354034,101.46554565429688,80.6267318725586,0.525569498538971,0.0,0.0,0.05394332855939865,0.0,0.0,0.43924835324287415,0.0,0.0,0.34555116295814514,64.15425872802734,72.98936462402344,0.7249649167060852,0.0,0.0,0.12943018972873688,55.592201232910156,97.51234436035156,0.5271599292755127,0.0,0.0,0.16834060847759247,0.0,0.0,0.4062705636024475,0.0,0.0,0.4665972590446472,17.494972229003906,132.2750701904297,0.6017516255378723,0.0,0.0,0.18691761791706085,0.0,0.0,0.2838146388530731,0.0,0.0,0.06005679443478584,0.0,0.0,0.07572191953659058
645,False,0.0,0.0,0.0,0.0,0.0,0.0,0.0,0.0,0.0,0.0,0.0,0.0,0.0,0.0,0.0,0.0,0.0,0.0,0.0,0.0,0.0,0.0,0.0,0.0,0.0,0.0,0.0,0.0,0.0,0.0,0.0,0.0,0.0,0.0,0.0,0.0,0.0,0.0,0.0,0.0,0.0,0.0,0.0,0.0,0.0,0.0,0.0,0.0,0.0,0.0,0.0
646,True,0.0,0.0,0.06062751263380051,0.0,0.0,0.011469963937997818,0.0,0.0,0.042717304080724716,0.0,0.0,0.016950996592640877,0.0,0.0,0.06530027091503143,0.0,0.0,0.08040618151426315,0.0,0.0,0.16086196899414062,0.0,0.0,0.05664513632655144,0.0,0.0,0.1283675730228424,0.0,0.0,0.0784919410943985,0.0,0.0,0.11535687744617462,0.0,0.0,0.24898365139961243,0.0,0.0,0.27822577953338623,0.0,0.0,0.05716487020254135,0.0,0.0,0.06945861130952835,0.0,0.0,0.017792586237192154,0.0,0.0,0.019529322162270546
647,True,0.0,0.0,0.027702059596776962,0.0,0.0,0.008730176836252213,0.0,0.0,0.011619306169450283,0.0,0.0,0.0349406972527504,0.0,0.0,0.024830428883433342,0.0,0.0,0.0857500210404396,0.0,0.0,0.15490365028381348,0.0,0.0,0.08828464895486832,0.0,0.0,0.22447903454303741,0.0,0.0,0.11114666610956192,0.0,0.0,0.1819109320640564,0.0,0.0,0.34468498826026917,0.0,0.0,0.4135231673717499,0.0,0.0,0.0903630331158638,0.0,0.0,0.13383543491363525,0.0,0.0,0.021394720301032066,0.0,0.0,0.030107436701655388
648,True,0.0,0.0,0.00040825887117534876,0.0,0.0,2.6841727958526462e-05,0.0,0.0,0.00042815820779651403,0.0,0.0,0.00042982958257198334,0.0,0.0,0.012970294803380966,0.0,0.0,0.0045057483948767185,0.0,0.0,0.1966337412595749,0.0,0.0,0.016901256516575813,73.50228881835938,48.77368927001953,0.8328740000724792,0.0,0.0,0.057789403945207596,73.1432113647461,99.3396987915039,0.7666963934898376,0.0,0.0,0.474746435880661,21.321786880493164,113.87806701660156,0.8488571047782898,0.0,0.0,0.06796356290578842,0.0,0.0,0.3571304380893707,0.0,0.0,0.00840062741190195,0.0,0.0,0.033059630542993546
649,True,0.0,0.0,0.00011529560288181528,0.0,0.0,5.009863343730103e-06,0.0,0.0,0.00020650436636060476,0.0,0.0,0.00029159459518268704,0.0,0.0,0.038677576929330826,0.0,0.0,0.002481393748894334,0.0,0.0,0.43363767862319946,0.0,0.0,0.004194570705294609,67.42863464355469,62.17180252075195,0.9316072463989258,0.0,0.0,0.014162348583340645,73.16864776611328,99.68758392333984,0.8195388317108154,0.0,0.0,0.3801995813846588,21.93790054321289,111.0917739868164,0.9010263681411743,0.0,0.0,0.05310691520571709,0.0,0.0,0.49538862705230713,0.0,0.0,0.006787031888961792,0.0,0.0,0.04557552933692932
650,True,0.0,0.0,0.0036406212020665407,0.0,0.0,0.0009289732552133501,0.0,0.0,0.0020605686586350203,0.0,0.0,0.020274685695767403,0.0,0.0,0.026833364740014076,0.0,0.0,0.024332715198397636,0.0,0.0,0.26749908924102783,0.0,0.0,0.01657714881002903,0.0,0.0,0.4287360608577728,0.0,0.0,0.023762943223118782,0.0,0.0,0.24686764180660248,0.0,0.0,0.32503247261047363,22.1138916015625,109.98162841796875,0.6371275186538696,0.0,0.0,0.10050313919782639,0.0,0.0,0.3166964054107666,0.0,0.0,0.022648539394140244,0.0,0.0,0.061362434178590775
651,True,0.0,0.0,0.0004010699922218919,0.0,0.0,2.6492511096876115e-05,0.0,0.0,0.0009107943042181432,0.0,0.0,0.0009169887634925544,0.0,0.0,0.12368512153625488,0.0,0.0,0.0051475996151566505,0.0,0.0,0.4564385414123535,0.0,0.0,0.004008246585726738,53.2199821472168,71.51077270507812,0.8445525169372559,0.0,0.0,0.007766964379698038,49.97574996948242,99.25540161132812,0.5888856053352356,0.0,0.0,0.30664685368537903,19.781394958496094,114.6668701171875,0.8363262414932251,0.0,0.0,0.08323081582784653,26.88418197631836,197.2946014404297,0.5357406139373779,0.0,0.0,0.02083606831729412,0.0,0.0,0.10785219073295593
652,True,0.0,0.0,0.007207071874290705,0.0,0.0,0.0015741760144010186,0.0,0.0,0.00499274767935276,0.0,0.0,0.017118092626333237,0.0,0.0,0.06830218434333801,0.0,0.0,0.06893487274646759,0.0,0.0,0.3907139301300049,0.0,0.0,0.04178411141037941,0.0,0.0,0.47550079226493835,0.0,0.0,0.04801042377948761,0.0,0.0,0.28806808590888977,7.726248741149902,113.76707458496094,0.507770836353302,14.489582061767578,113.54889678955078,0.7358899116516113,0.0,0.0,0.23335400223731995,0.0,0.0,0.47889843583106995,0.0,0.0,0.052829399704933167,0.0,0.0,0.11003641039133072
653,True,0.0,0.0,0.00273101101629436,0.0,0.0,0.00026647126651369035,0.0,0.0,0.005105611402541399,0.0,0.0,0.00441528158262372,0.0,0.0,0.2646298408508301,0.0,0.0,0.02982306480407715,31.5712890625,15.275482177734375,0.6057422161102295,0.0,0.0,0.011514810845255852,39.709861755371094,74.02714538574219,0.7466598153114319,0.0,0.0,0.016608310863375664,0.0,0.0,0.47215235233306885,0.0,0.0,0.3799353539943695,14.815776824951172,108.8350830078125,0.7987982034683228,0.0,0.0,0.21342864632606506,23.099727630615234,174.9604949951172,0.6472600102424622,0.0,0.0,0.06250490248203278,0.0,0.0,0.19662247598171234
654,True,0.0,0.0,0.0072343316860497,0.0,0.0,0.0014855186454951763,0.0,0.0,0.007147409487515688,0.0,0.0,0.0050557819195091724,0.0,0.0,0.042967941612005234,0.0,0.0,0.028948230668902397,0.0,0.0,0.09640873223543167,0.0,0.0,0.03724551573395729,0.0,0.0,0.2375633716583252,0.0,0.0,0.054351747035980225,0.0,0.0,0.20476366579532623,0.0,0.0,0.3755837678909302,11.766189575195312,98.91075134277344,0.534591555595398,0.0,0.0,0.37998101115226746,18.785518646240234,161.33493041992188,0.5583915710449219,0.0,0.0,0.1965634971857071,0.0,0.0,0.2807745635509491
655,True,0.0,0.0,0.11703839153051376,0.0,0.0,0.06037236750125885,0.0,0.0,0.08789482712745667,0.0,0.0,0.0732184574007988,0.0,0.0,0.1151837557554245,0.0,0.0,0.11505305022001266,0.0,0.0,0.2096991389989853,0.0,0.0,0.06306208670139313,0.0,0.0,0.19873075187206268,0.0,0.0,0.10498735308647156,0.0,0.0,0.233069509267807,0.0,0.0,0.24350042641162872,0.0,0.0,0.34002888202667236,0.0,0.0,0.42394113540649414,12.997762680053711,161.20053100585938,0.5393238663673401,0.0,0.0,0.24384592473506927,0.0,0.0,0.3071545660495758
656,False,0.0,0.0,0.0,0.0,0.0,0.0,0.0,0.0,0.0,0.0,0.0,0.0,0.0,0.0,0.0,0.0,0.0,0.0,0.0,0.0,0.0,0.0,0.0,0.0,0.0,0.0,0.0,0.0,0.0,0.0,0.0,0.0,0.0,0.0,0.0,0.0,0.0,0.0,0.0,0.0,0.0,0.0,0.0,0.0,0.0,0.0,0.0,0.0,0.0,0.0,0.0
657,False,0.0,0.0,0.0,0.0,0.0,0.0,0.0,0.0,0.0,0.0,0.0,0.0,0.0,0.0,0.0,0.0,0.0,0.0,0.0,0.0,0.0,0.0,0.0,0.0,0.0,0.0,0.0,0.0,0.0,0.0,0.0,0.0,0.0,0.0,0.0,0.0,0.0,0.0,0.0,0.0,0.0,0.0,0.0,0.0,0.0,0.0,0.0,0.0,0.0,0.0,0.0
658,True,0.0,0.0,0.0371926985681057,0.0,0.0,0.00957417394965887,0.0,0.0,0.04577210918068886,0.0,0.0,0.04055017977952957,0.0,0.0,0.3002878725528717,0.0,0.0,0.11898921430110931,16.53604507446289,102.39876556396484,0.6568921804428101,0.0,0.0,0.03874915838241577,21.75893783569336,133.11973571777344,0.632832944393158,0.0,0.0,0.05584551393985748,0.0,0.0,0.4745830297470093,0.0,0.0,0.3922475576400757,13.156484603881836,144.04443359375,0.7017780542373657,0.0,0.0,0.41891103982925415,10.457258224487305,182.5270233154297,0.7142613530158997,0.0,0.0,0.3186776638031006,10.275757789611816,215.7068328857422,0.5272570252418518
659,False,0.0,0.0,0.0,0.0,0.0,0.0,0.0,0.0,0.0,0.0,0.0,0.0,0.0,0.0,0.0,0.0,0.0,0.0,0.0,0.0,0.0,0.0,0.0,0.0,0.0,0.0,0.0,0.0,0.0,0.0,0.0,0.0,0.0,0.0,0.0,0.0,0.0,0.0,0.0,0.0,0.0,0.0,0.0,0.0,0.0,0.0,0.0,0.0,0.0,0.0,0.0
660,True,0.0,0.0,0.032919272780418396,0.0,0.0,0.009432412683963776,0.0,0.0,0.03859218955039978,0.0,0.0,0.04054328054189682,0.0,0.0,0.24356701970100403,0.0,0.0,0.09928930550813675,13.825307846069336,99.9207534790039,0.5504826307296753,0.0,0.0,0.0413338802754879,19.850706100463867,123.8587417602539,0.5758693218231201,0.0,0.0,0.0588826909661293,0.0,0.0,0.42926037311553955,0.0,0.0,0.33218419551849365,10.010496139526367,142.96067810058594,0.6204862594604492,0.0,0.0,0.3431481420993805,5.715494155883789,183.72259521484375,0.6212176084518433,0.0,0.0,0.24581418931484222,0.0,0.0,0.4176833927631378
661,True,0.0,0.0,0.05953407287597656,0.0,0.0,0.02473072148859501,0.0,0.0,0.051486141979694366,0.0,0.0,0.060122426599264145,0.0,0.0,0.15074637532234192,0.0,0.0,0.12512528896331787,0.0,0.0,0.36030319333076477,0.0,0.0,0.06184709817171097,0.0,0.0,0.3329702615737915,0.0,0.0,0.08447062969207764,0.0,0.0,0.2749733626842499,0.0,0.0,0.3214018642902374,0.0,0.0,0.48196735978126526,0.0,0.0,0.38227763772010803,4.773340225219727,186.2451171875,0.5388752222061157,0.0,0.0,0.2728286385536194,0.0,0.0,0.36680710315704346
662,True,0.0,0.0,0.008189265616238117,0.0,0.0,0.004884436726570129,0.0,0.0,0.004696771502494812,0.0,0.0,0.030928602442145348,0.0,0.0,0.025879841297864914,0.0,0.0,0.04007229954004288,0.0,0.0,0.045901741832494736,0.0,0.0,0.04566844180226326,0.0,0.0,0.06610099226236343,0.0,0.0,0.06258688867092133,0.0,0.0,0.08021087199449539,0.0,0.0,0.30955690145492554,0.0,0.0,0.33354490995407104,0.0,0.0,0.3504534363746643,0.0,0.0,0.3764846920967102,0.0,0.0,0.15889014303684235,0.0,0.0,0.17291082441806793
663,True,0.0,0.0,0.17603904008865356,0.0,0.0,0.1319928765296936,0.0,0.0,0.09279321134090424,0.0,0.0,0.18798233568668365,0.0,0.0,0.09384367614984512,0.0,0.0,0.22970442473888397,0.0,0.0,0.2822856307029724,0.0,0.0,0.09380777925252914,0.0,0.0,0.1441730558872223,0.0,0.0,0.115688256919384,0.0,0.0,0.14562265574932098,0.0,0.0,0.3101867735385895,0.0,0.0,0.3410036563873291,0.0,0.0,0.39277949929237366,0.0,0.0,0.4190817177295685,0.0,0.0,0.2888488471508026,0.0,0.0,0.3100900948047638
664,False,0.0,0.0,0.0,0.0,0.0,0.0,0.0,0.0,0.0,0.0,0.0,0.0,0.0,0.0,0.0,0.0,0.0,0.0,0.0,0.0,0.0,0.0,0.0,0.0,0.0,0.0,0.0,0.0,0.0,0.0,0.0,0.0,0.0,0.0,0.0,0.0,0.0,0.0,0.0,0.0,0.0,0.0,0.0,0.0,0.0,0.0,0.0,0.0,0.0,0.0,0.0
665,True,0.0,0.0,0.08929656445980072,0.0,0.0,0.04023074358701706,0.0,0.0,0.0642954558134079,0.0,0.0,0.05412813276052475,0.0,0.0,0.11247513443231583,0.0,0.0,0.13753411173820496,0.0,0.0,0.1852976381778717,0.0,0.0,0.096183642745018,0.0,0.0,0.14938420057296753,0.0,0.0,0.11884771287441254,0.0,0.0,0.15612275898456573,0.0,0.0,0.28874897956848145,0.0,0.0,0.314066082239151,0.0,0.0,0.4108414053916931,0.0,0.0,0.42676660418510437,0.0,0.0,0.2760365903377533,0.0,0.0,0.28089439868927
666,True,41.49802780151367,68.65234375,0.8693070411682129,0.0,0.0,0.3520674407482147,40.76765823364258,65.81188201904297,0.9068291187286377,0.0,0.0,0.054184965789318085,33.014404296875,62.458961486816406,0.9193070530891418,27.106218338012695,74.77494049072266,0.8573253750801086,21.209575653076172,72.41146850585938,0.9685469269752502,30.232994079589844,100.83120727539062,0.5082431435585022,26.175495147705078,99.56654357910156,0.9277514219284058,44.0291862487793,118.33944702148438,0.5412518382072449,44.022544860839844,118.40422058105469,0.8863181471824646,10.930747985839844,111.8035888671875,0.8895429372787476,6.9369659423828125,112.16780853271484,0.9401087164878845,20.413599014282227,147.6190948486328,0.7760021686553955,15.628877639770508,150.44859313964844,0.8701291680335999,0.0,0.0,0.44594305753707886,17.350784301757812,187.36000061035156,0.5252065062522888
667,True,44.64345932006836,73.39443969726562,0.630093514919281,0.0,0.0,0.26622793078422546,45.10633850097656,70.63194274902344,0.5746093392372131,0.0,0.0,0.17467279732227325,40.80116271972656,66.75993347167969,0.6826736927032471,31.973346710205078,75.77729797363281,0.8874197006225586,28.188858032226562,75.0317153930664,0.9488990306854248,36.02579879760742,98.32825469970703,0.599130392074585,27.233861923217773,99.17809295654297,0.8256776928901672,0.0,0.0,0.4929940402507782,34.882568359375,116.56321716308594,0.6860087513923645,15.352747917175293,110.70989990234375,0.9610892534255981,13.232542037963867,111.43649291992188,0.9689940810203552,25.447938919067383,141.85983276367188,0.9395610690116882,21.717214584350586,145.1331787109375,0.9510947465896606,28.054391860961914,175.0723876953125,0.8300284743309021,24.580326080322266,181.234375,0.8428012132644653
668,True,51.79004669189453,75.57553100585938,0.8546478748321533,0.0,0.0,0.30929094552993774,51.66233444213867,72.27078247070312,0.8942919969558716,0.0,0.0,0.11147364974021912,45.76225662231445,67.8239974975586,0.9396008849143982,36.18879318237305,76.2805404663086,0.9397656917572021,33.980987548828125,76.65653991699219,0.9959204196929932,38.487022399902344,97.59274291992188,0.6818984150886536,40.006736755371094,101.3763656616211,0.989855170249939,50.19812774658203,113.22885131835938,0.6651083827018738,55.816654205322266,116.1056137084961,0.9683486819267273,17.21436309814453,107.77435302734375,0.9780213236808777,15.195247650146484,108.9426498413086,0.9926875829696655,28.048599243164062,141.0986328125,0.9208084344863892,24.88886833190918,145.17333984375,0.9727709889411926,28.50540542602539,175.19090270996094,0.6666312217712402,22.568105697631836,182.73904418945312,0.7982227206230164
669,True,55.386756896972656,78.36937713623047,0.9431185126304626,57.20930480957031,75.83409118652344,0.5741217136383057,55.00510025024414,74.49401092529297,0.951318085193634,0.0,0.0,0.15340983867645264,49.678382873535156,69.53841400146484,0.9480502009391785,40.58311462402344,79.1999740600586,0.9598706364631653,38.78278350830078,78.15008544921875,0.9954026937484741,36.57456970214844,99.61101531982422,0.6806639432907104,47.506439208984375,103.79396057128906,0.9809598922729492,43.19953155517578,115.58592224121094,0.643502950668335,62.66424560546875,120.57731628417969,0.9480207562446594,16.046512603759766,107.5820083618164,0.9791293144226074,14.423675537109375,107.53260803222656,0.9917804598808289,25.783485412597656,139.83824157714844,0.9542620778083801,24.879581451416016,142.48448181152344,0.981901228427887,25.18899917602539,174.1173095703125,0.8149003386497498,25.08835792541504,180.55807495117188,0.8836414217948914
670,True,63.304779052734375,80.4715805053711,0.8999660611152649,0.0,0.0,0.3000272512435913,63.32109451293945,76.91488647460938,0.9392810463905334,0.0,0.0,0.06280256807804108,57.24889373779297,72.50022888183594,0.9675902724266052,44.59015655517578,80.09236145019531,0.9450035095214844,45.43096160888672,79.98684692382812,0.9950414299964905,52.471981048583984,105.09423828125,0.6627588868141174,53.64785385131836,107.79804992675781,0.9879007339477539,68.2611312866211,125.7215576171875,0.6650732159614563,68.63121032714844,126.10858917236328,0.9665337204933167,12.342971801757812,106.81039428710938,0.9487496018409729,13.57297134399414,107.00407409667969,0.9812070727348328,27.396564483642578,140.2909698486328,0.7985390424728394,30.12335205078125,143.30221557617188,0.9220993518829346,0.0,0.0,0.3674444258213043,28.616849899291992,182.18202209472656,0.5123599767684937
671,True,65.68745422363281,81.72389221191406,0.931695818901062,0.0,0.0,0.37784746289253235,65.6556396484375,78.03245544433594,0.9634091854095459,0.0,0.0,0.06985124200582504,59.94096755981445,73.82779693603516,0.9784711003303528,49.29085922241211,83.37586975097656,0.9549779891967773,47.629390716552734,82.04126739501953,0.9969180822372437,55.54102325439453,107.32811737060547,0.672727644443512,57.05033874511719,109.31661224365234,0.9923298954963684,71.93472290039062,128.4500732421875,0.6712228059768677,74.40055084228516,129.86215209960938,0.9748977422714233,15.219440460205078,107.54606628417969,0.9515815377235413,14.509201049804688,106.85979461669922,0.9845379590988159,26.53326416015625,141.687744140625,0.7855523824691772,26.60737419128418,143.38323974609375,0.9253066778182983,0.0,0.0,0.33843693137168884,25.954622268676758,182.2884521484375,0.5009059906005859
672,True,67.41236114501953,84.57404327392578,0.8840810060501099,0.0,0.0,0.3385811746120453,67.81552124023438,80.91715240478516,0.9114971160888672,0.0,0.0,0.11146467179059982,63.582218170166016,75.58158111572266,0.9482273459434509,51.84776306152344,83.74414825439453,0.961571216583252,51.36770248413086,82.16534423828125,0.9956831932067871,58.21080780029297,107.65293884277344,0.75578373670578,57.8150749206543,109.19562530517578,0.9883850812911987,74.90138244628906,128.49420166015625,0.7330613732337952,74.26471710205078,130.64703369140625,0.9649645090103149,19.126922607421875,106.6167221069336,0.9756751656532288,19.73398208618164,106.01010131835938,0.989992082118988,28.172897338867188,141.6536865234375,0.914559006690979,31.280166625976562,143.72235107421875,0.9647986888885498,29.397518157958984,176.32640075683594,0.6181620955467224,33.26047134399414,181.9561309814453,0.7293204665184021
673,True,69.82337951660156,85.35315704345703,0.9038169384002686,0.0,0.0,0.3478364050388336,70.00650787353516,81.52517700195312,0.9274038672447205,0.0,0.0,0.1122322678565979,65.91254425048828,75.97553253173828,0.958801805973053,55.809024810791016,84.08351135253906,0.9772595167160034,53.88124465942383,82.72412872314453,0.9980079531669617,60.79961395263672,109.88668823242188,0.8363645672798157,61.15204620361328,112.35065460205078,0.9948987364768982,75.92193603515625,129.22772216796875,0.8094237446784973,76.65763854980469,131.76449584960938,0.9820506572723389,22.284969329833984,107.27864074707031,0.9883280396461487,21.861896514892578,106.58763885498047,0.9956759810447693,31.549097061157227,143.17796325683594,0.9508902430534363,35.225582122802734,144.91250610351562,0.9823218584060669,27.6392879486084,178.87330627441406,0.7082383632659912,33.72820281982422,183.90037536621094,0.8143875002861023
674,True,73.7254409790039,84.69792938232422,0.9325354695320129,75.72401428222656,82.52902221679688,0.5591877698898315,73.91488647460938,80.84034729003906,0.9199361801147461,0.0,0.0,0.1729690283536911,68.9229736328125,75.35804748535156,0.9231812953948975,59.87395095825195,85.69627380371094,0.9903491735458374,53.84807586669922,80.88919067382812,0.9934365749359131,62.382415771484375,108.76629638671875,0.95159912109375,55.729129791259766,106.05418395996094,0.9764219522476196,75.42462158203125,128.16090393066406,0.9268662929534912,69.73294830322266,130.0535125732422,0.9525476694107056,25.82416534423828,108.94879913330078,0.9920572638511658,23.197063446044922,107.35103607177734,0.9915534853935242,34.55668258666992,143.06423950195312,0.9717153906822205,38.901893615722656,143.84616088867188,0.9715198874473572,31.025236129760742,178.5474090576172,0.8022892475128174,40.920684814453125,183.546630859375,0.7777146697044373
675,True,78.59404754638672,85.59847259521484,0.8482552170753479,0.0,0.0,0.34847065806388855,79.310791015625,82.02691650390625,0.8101701736450195,0.0,0.0,0.10803952813148499,73.98965454101562,76.99108123779297,0.8654906749725342,63.327816009521484,87.6937255859375,0.9877308011054993,55.17011260986328,80.3419189453125,0.9852995872497559,64.85455322265625,112.36454772949219,0.9610450863838196,45.795616149902344,99.64904022216797,0.9586062431335449,77.03465270996094,131.13363647460938,0.9370516538619995,49.70341491699219,119.09976196289062,0.9348593354225159,27.07904815673828,109.98640441894531,0.99198979139328,23.45299530029297,107.31995391845703,0.9886838793754578,37.298095703125,143.99578857421875,0.9728965759277344,38.56437301635742,143.85581970214844,0.9633945822715759,30.875347137451172,180.96905517578125,0.8011865019798279,39.34318542480469,185.69631958007812,0.7366728186607361
676,True,81.06715393066406,84.96295928955078,0.8881064653396606,0.0,0.0,0.4184737801551819,80.92506408691406,81.21258544921875,0.8542413115501404,0.0,0.0,0.11787553876638412,74.90645599365234,77.06510925292969,0.870623767375946,66.16835021972656,87.63082885742188,0.983253002166748,58.341468811035156,81.72051239013672,0.9891785383224487,66.49345397949219,110.54546356201172,0.9266175031661987,52.529537200927734,101.95512390136719,0.9636222124099731,76.78544616699219,130.23577880859375,0.8913702368736267,62.826820373535156,126.140625,0.9313231110572815,32.21290588378906,108.76720428466797,0.9910885095596313,28.660385131835938,106.41697692871094,0.9910115003585815,36.77188491821289,144.31219482421875,0.974307119846344,39.11732482910156,144.0546417236328,0.9736452102661133,33.60371398925781,178.49168395996094,0.8312820792198181,40.998802185058594,182.78013610839844,0.8077831268310547
