frame,person_detected,nose_x,nose_y,nose_conf,left_eye_x,left_eye_y,left_eye_conf,right_eye_x,right_eye_y,right_eye_conf,left_ear_x,left_ear_y,left_ear_conf,right_ear_x,right_ear_y,right_ear_conf,left_shoulder_x,left_shoulder_y,left_shoulder_conf,right_shoulder_x,right_shoulder_y,right_shoulder_conf,left_elbow_x,left_elbow_y,left_elbow_conf,right_elbow_x,right_elbow_y,right_elbow_conf,left_wrist_x,left_wrist_y,left_wrist_conf,right_wrist_x,right_wrist_y,right_wrist_conf,left_hip_x,left_hip_y,left_hip_conf,right_hip_x,right_hip_y,right_hip_conf,left_knee_x,left_knee_y,left_knee_conf,right_knee_x,right_knee_y,right_knee_conf,left_ankle_x,left_ankle_y,left_ankle_conf,right_ankle_x,right_ankle_y,right_ankle_conf
0,True,0.0,0.0,0.20395870506763458,0.0,0.0,0.014908715151250362,0.0,0.0,0.31141865253448486,0.0,0.0,0.09279173612594604,202.07443237304688,65.75102996826172,0.9707923531532288,173.4638671875,74.34678649902344,0.9491217136383057,202.26010131835938,80.568115234375,0.9946824908256531,157.279541015625,83.66390991210938,0.7700952291488647,212.64955139160156,103.14369201660156,0.9877684712409973,156.26429748535156,84.99871063232422,0.6363362073898315,224.77806091308594,116.20128631591797,0.9470474123954773,162.79202270507812,124.92716979980469,0.9682913422584534,181.5711212158203,126.66177368164062,0.9868054389953613,157.86085510253906,169.0236358642578,0.7142390012741089,181.1424102783203,170.46176147460938,0.8540156483650208,0.0,0.0,0.1573285460472107,0.0,0.0,0.22986941039562225
1,True,0.0,0.0,0.27565544843673706,0.0,0.0,0.02571495622396469,0.0,0.0,0.3633723855018616,0.0,0.0,0.15594223141670227,201.69338989257812,65.17959594726562,0.9774097204208374,171.2694091796875,72.51612854003906,0.9806430339813232,202.20196533203125,83.39148712158203,0.9962899684906006,149.1922607421875,71.86994934082031,0.857873260974884,213.83349609375,104.88634490966797,0.982803225517273,151.75396728515625,69.58403015136719,0.6629171371459961,226.4802703857422,118.2364273071289,0.9045284986495972,162.6262969970703,123.60051727294922,0.988840639591217,182.42520141601562,126.93566131591797,0.9935218691825867,158.14894104003906,168.06378173828125,0.8482829928398132,178.348388671875,168.53958129882812,0.9013510346412659,0.0,0.0,0.2763064205646515,0.0,0.0,0.32814785838127136
2,True,0.0,0.0,0.2628543972969055,0.0,0.0,0.020344430580735207,0.0,0.0,0.4890102446079254,0.0,0.0,0.10500963032245636,199.29490661621094,65.42353057861328,0.9841923713684082,169.982421875,75.96092224121094,0.8745391368865967,199.683837890625,80.88929748535156,0.9958958625793457,0.0,0.0,0.33935290575027466,211.29214477539062,105.7008056640625,0.9864398837089539,0.0,0.0,0.23473882675170898,224.93397521972656,115.43937683105469,0.9172227382659912,158.04306030273438,125.16566467285156,0.9062047004699707,177.9362030029297,126.92971801757812,0.9787591695785522,157.79600524902344,168.61940002441406,0.589610755443573,178.99014282226562,171.02587890625,0.8653768301010132,0.0,0.0,0.16582605242729187,0.0,0.0,0.3336133658885956
3,True,0.0,0.0,0.1951630562543869,0.0,0.0,0.013186579570174217,0.0,0.0,0.3378964066505432,0.0,0.0,0.09404540061950684,198.90277099609375,64.3875503540039,0.9828689694404602,168.0735321044922,71.71963500976562,0.9551990628242493,198.7948455810547,81.81631469726562,0.9963392019271851,148.00526428222656,71.37377166748047,0.7318450808525085,212.1942901611328,105.3877182006836,0.9892460703849792,148.98439025878906,66.35708618164062,0.5216512680053711,224.1190185546875,116.24928283691406,0.9353843331336975,158.8515625,121.6730728149414,0.9791136384010315,177.70933532714844,124.41983032226562,0.9924121499061584,156.32620239257812,165.6010284423828,0.7810466289520264,172.20761108398438,166.31900024414062,0.9039757251739502,0.0,0.0,0.2272176891565323,0.0,0.0,0.3385314643383026
4,True,0.0,0.0,0.3810173273086548,0.0,0.0,0.05134095624089241,0.0,0.0,0.4681934416294098,0.0,0.0,0.12427953630685806,195.17276000976562,64.32919311523438,0.9458771347999573,167.2496337890625,76.50287628173828,0.9096235036849976,195.67660522460938,79.11824798583984,0.9888930916786194,0.0,0.0,0.4402742087841034,206.164306640625,103.93717956542969,0.9476729035377502,0.0,0.0,0.24468636512756348,217.6504669189453,115.81591796875,0.7724108099937439,159.3264923095703,124.95892333984375,0.9391950964927673,177.67745971679688,125.53582763671875,0.9760972261428833,157.45028686523438,164.98162841796875,0.6560712456703186,174.30384826660156,165.21165466308594,0.8279606103897095,0.0,0.0,0.21264907717704773,0.0,0.0,0.32061490416526794
5,True,0.0,0.0,0.2696748673915863,0.0,0.0,0.018308276310563087,0.0,0.0,0.4651559889316559,0.0,0.0,0.08275026082992554,192.29745483398438,63.52739334106445,0.986752986907959,162.57485961914062,75.72354125976562,0.9324657320976257,192.10714721679688,79.26087188720703,0.9965113997459412,144.5447998046875,94.75932312011719,0.5641072988510132,204.36776733398438,103.13250732421875,0.9892728924751282,0.0,0.0,0.39397770166397095,215.22210693359375,113.64912414550781,0.9406650066375732,152.2076416015625,122.83943176269531,0.960519552230835,170.82322692871094,123.92306518554688,0.9889811277389526,153.97781372070312,163.78118896484375,0.7192287445068359,170.53591918945312,164.96640014648438,0.9009681344032288,0.0,0.0,0.21725215017795563,0.0,0.0,0.37125691771507263
6,True,193.00665283203125,63.939414978027344,0.731306791305542,0.0,0.0,0.13527266681194305,191.6151885986328,61.21113586425781,0.8566017746925354,0.0,0.0,0.10316886752843857,185.18714904785156,61.6370849609375,0.9859691858291626,162.64085388183594,75.6511459350586,0.9275423884391785,186.05148315429688,78.35633850097656,0.9962888956069946,0.0,0.0,0.3854478597640991,197.31454467773438,104.63886260986328,0.9806122183799744,0.0,0.0,0.2633523941040039,214.21205139160156,115.06639099121094,0.9027886390686035,152.9886016845703,122.73622131347656,0.9363036155700684,168.15232849121094,123.97151184082031,0.9830255508422852,152.06060791015625,162.89207458496094,0.6565091609954834,170.65699768066406,164.38348388671875,0.8783151507377625,0.0,0.0,0.2148602455854416,0.0,0.0,0.38025206327438354
7,True,189.11862182617188,63.01011657714844,0.8608673214912415,0.0,0.0,0.3034314513206482,186.10025024414062,59.49089813232422,0.9018791317939758,0.0,0.0,0.05037393048405647,176.63380432128906,60.05876922607422,0.923180103302002,179.1481170654297,77.90277099609375,0.8472269177436829,169.4041290283203,77.69624328613281,0.978995144367218,0.0,0.0,0.45524221658706665,180.8936767578125,105.616455078125,0.9582341909408569,0.0,0.0,0.4796123504638672,204.40377807617188,113.68264770507812,0.9121727347373962,163.8546905517578,125.88988494873047,0.8206270337104797,157.42196655273438,126.12286376953125,0.920926570892334,0.0,0.0,0.4197015166282654,162.30001831054688,170.33029174804688,0.6472882628440857,0.0,0.0,0.09668762981891632,0.0,0.0,0.1524733155965805
8,True,185.24136352539062,63.41004180908203,0.9081099033355713,0.0,0.0,0.28648892045021057,182.95147705078125,59.97465133666992,0.9636702537536621,0.0,0.0,0.04904956370592117,174.63006591796875,59.23809814453125,0.9869356751441956,162.6271209716797,76.39354705810547,0.8632119297981262,170.90350341796875,77.32292175292969,0.9960793852806091,0.0,0.0,0.25112441182136536,177.54360961914062,106.18492126464844,0.9879181981086731,0.0,0.0,0.27962905168533325,198.64276123046875,115.14096069335938,0.959378182888031,152.19757080078125,125.77093505859375,0.8452950119972229,159.03970336914062,127.39527893066406,0.9685617685317993,0.0,0.0,0.479266494512558,168.62123107910156,171.5079345703125,0.8383417725563049,0.0,0.0,0.12032750248908997,0.0,0.0,0.28191083669662476
9,True,181.6081085205078,62.91299057006836,0.9352428913116455,0.0,0.0,0.39802655577659607,179.0425567626953,59.735015869140625,0.9726909399032593,0.0,0.0,0.05364295467734337,170.84359741210938,59.069786071777344,0.9818252325057983,163.45001220703125,74.97914123535156,0.8141006827354431,167.53233337402344,75.7735366821289,0.9961632490158081,0.0,0.0,0.21418195962905884,170.8017120361328,103.42630004882812,0.9905354380607605,0.0,0.0,0.26893556118011475,192.71131896972656,116.10970306396484,0.9697377681732178,156.0045623779297,123.43728637695312,0.8009275794029236,158.75772094726562,124.6263198852539,0.9659273028373718,0.0,0.0,0.39282894134521484,163.74095153808594,164.22068786621094,0.816426694393158,0.0,0.0,0.10259240865707397,0.0,0.0,0.2789851725101471
10,True,179.287353515625,61.80455780029297,0.9562807083129883,180.48068237304688,59.033836364746094,0.5156490206718445,176.2118682861328,58.73545837402344,0.9819135069847107,0.0,0.0,0.0414513535797596,166.73751831054688,58.94138717651367,0.9777725338935852,172.1627655029297,77.03948211669922,0.828876793384552,156.25668334960938,75.75973510742188,0.9962716102600098,0.0,0.0,0.28752994537353516,153.12725830078125,102.54148864746094,0.9924468994140625,0.0,0.0,0.37669745087623596,175.39027404785156,112.17745208740234,0.9781867861747742,160.77975463867188,125.20816040039062,0.8376919627189636,150.0768585205078,125.5928726196289,0.9701875448226929,0.0,0.0,0.41335055232048035,155.25503540039062,166.09706115722656,0.8119765520095825,0.0,0.0,0.1010589450597763,0.0,0.0,0.26164770126342773
11,True,177.1534881591797,60.75364685058594,0.9725430607795715,179.052734375,58.23549270629883,0.649957001209259,174.03724670410156,57.456382751464844,0.9836848974227905,0.0,0.0,0.05838945135474205,164.569580078125,57.050880432128906,0.9745202660560608,169.68077087402344,77.18157196044922,0.9351855516433716,154.05699157714844,72.21190643310547,0.9953953623771667,167.23658752441406,102.84671020507812,0.6171076893806458,145.630615234375,95.69638061523438,0.9892110824584961,174.6214599609375,115.22958374023438,0.6755774617195129,165.58563232421875,111.84898376464844,0.9787886142730713,157.19461059570312,124.80270385742188,0.9038448929786682,147.663330078125,123.98821258544922,0.969245195388794,158.49826049804688,161.70716857910156,0.5384966135025024,158.62242126464844,161.443603515625,0.7963079214096069,0.0,0.0,0.12460576742887497,0.0,0.0,0.22605560719966888
12,True,175.28819274902344,60.12781524658203,0.964806079864502,176.99623107910156,56.99336624145508,0.6998709440231323,171.9092254638672,57.07875061035156,0.9681558012962341,0.0,0.0,0.14014539122581482,162.3443603515625,58.007286071777344,0.9327845573425293,173.8587646484375,78.1982650756836,0.9472011923789978,149.98980712890625,75.3424072265625,0.9965121150016785,177.11260986328125,102.64501190185547,0.705447793006897,139.8551025390625,97.31755828857422,0.9906561970710754,177.61134338378906,115.25151824951172,0.7455804347991943,161.21347045898438,117.10139465332031,0.9790762662887573,158.7367401123047,125.83744812011719,0.9443831443786621,143.4276885986328,125.36616516113281,0.9815595149993896,159.93399047851562,160.0992431640625,0.6479769349098206,151.5142364501953,160.2484130859375,0.8543320894241333,0.0,0.0,0.1688687652349472,0.0,0.0,0.3011181354522705
13,True,172.7861328125,58.71581268310547,0.9721249341964722,174.57748413085938,55.74055480957031,0.6847610473632812,169.51754760742188,55.86493682861328,0.9820968508720398,0.0,0.0,0.08862365782260895,160.82655334472656,56.795982360839844,0.9625500440597534,170.39974975585938,76.15714263916016,0.9036542773246765,148.45086669921875,73.49052429199219,0.998080849647522,0.0,0.0,0.45276758074760437,132.65213012695312,95.74314880371094,0.9952417612075806,176.01742553710938,113.7518310546875,0.5563344359397888,153.98916625976562,116.4653549194336,0.9868741631507874,157.1651611328125,128.51187133789062,0.9259551167488098,143.3561553955078,128.4429473876953,0.9868935346603394,156.01675415039062,165.15170288085938,0.6054592728614807,151.0469512939453,166.016357421875,0.9021114706993103,0.0,0.0,0.16276223957538605,0.0,0.0,0.3885803818702698
14,True,171.5892333984375,56.91017150878906,0.977705180644989,173.3072509765625,53.670589447021484,0.7366596460342407,167.98040771484375,53.90815353393555,0.9834544658660889,0.0,0.0,0.1034667044878006,158.6182861328125,55.44247817993164,0.9648943543434143,170.18368530273438,76.865234375,0.949974775314331,145.51893615722656,73.81008911132812,0.9981871247291565,169.44577026367188,102.35890197753906,0.6757952570915222,128.34173583984375,96.07946014404297,0.9953759908676147,173.25970458984375,115.36224365234375,0.7397385239601135,148.0794677734375,116.21135711669922,0.9890494346618652,156.7148895263672,128.50286865234375,0.9600831866264343,140.98524475097656,128.25135803222656,0.9903036952018738,156.55894470214844,165.72152709960938,0.7114536762237549,146.0963134765625,166.37942504882812,0.9127466082572937,0.0,0.0,0.19800402224063873,0.0,0.0,0.38673460483551025
15,True,169.38551330566406,56.311309814453125,0.9781211018562317,171.52108764648438,53.069576263427734,0.7580302953720093,165.6909637451172,53.297203063964844,0.9839228987693787,0.0,0.0,0.1250544786453247,156.95443725585938,54.955543518066406,0.9618014097213745,171.53775024414062,76.40856170654297,0.9350475668907166,144.1079559326172,73.42819213867188,0.9983687996864319,173.4348907470703,102.43199157714844,0.5753009915351868,126.13958740234375,96.37137603759766,0.9957351684570312,174.38307189941406,115.63887786865234,0.6632633209228516,144.47653198242188,117.50975036621094,0.9888134598731995,157.5535125732422,130.10292053222656,0.9380174875259399,140.4649658203125,129.50704956054688,0.987633466720581,154.25750732421875,169.43643188476562,0.5492814183235168,145.1339111328125,169.61859130859375,0.8657975792884827,0.0,0.0,0.10400686413049698,0.0,0.0,0.2599281668663025
16,True,167.37667846679688,55.3643684387207,0.9841554164886475,170.1392822265625,52.31224060058594,0.8622828125953674,163.76002502441406,52.08631134033203,0.9867059588432312,0.0,0.0,0.22737400233745575,155.5705108642578,54.08064270019531,0.9576557874679565,172.30569458007812,77.51049041748047,0.9671939015388489,143.37364196777344,73.39532470703125,0.9984835982322693,175.0768280029297,104.15689849853516,0.6465317010879517,124.41793823242188,96.52220153808594,0.9929746389389038,174.17984008789062,116.3709945678711,0.619441568851471,140.7215576171875,117.1581802368164,0.9766959547996521,158.00399780273438,130.41226196289062,0.979280948638916,140.171142578125,129.07972717285156,0.9947168231010437,153.92918395996094,173.08985900878906,0.8187627792358398,143.24066162109375,171.697021484375,0.9480302929878235,0.0,0.0,0.3186091482639313,140.06884765625,209.61880493164062,0.5446290969848633
17,True,165.66075134277344,55.22478103637695,0.9798163175582886,168.50772094726562,51.999351501464844,0.8920325636863708,161.7960205078125,51.68794250488281,0.9792746901512146,0.0,0.0,0.3347720503807068,153.22265625,53.36165237426758,0.9196963906288147,176.73971557617188,77.8448486328125,0.956886887550354,139.29489135742188,74.63487243652344,0.992209792137146,186.58987426757812,105.46392822265625,0.576846718788147,122.61271667480469,99.11622619628906,0.9497829079627991,0.0,0.0,0.4886322021484375,139.4300079345703,116.50245666503906,0.8708214163780212,161.6764678955078,133.83984375,0.9366979598999023,138.7049560546875,132.365234375,0.9710052013397217,155.21592712402344,178.17800903320312,0.5744045972824097,135.61264038085938,176.710693359375,0.7450757622718811,0.0,0.0,0.13123545050621033,0.0,0.0,0.1990213841199875
18,True,164.6534423828125,53.77450180053711,0.9849792122840881,167.55772399902344,50.66304397583008,0.8616158962249756,160.7799530029297,50.54922866821289,0.9876433610916138,0.0,0.0,0.22778622806072235,152.69509887695312,52.82954025268555,0.9607348442077637,171.34573364257812,75.32452392578125,0.9598096609115601,140.48153686523438,72.51746368408203,0.9987996816635132,176.05548095703125,102.69216918945312,0.6290547251701355,121.2575454711914,97.9339370727539,0.9955600500106812,174.24472045898438,114.08877563476562,0.6612225770950317,137.70372009277344,117.33806610107422,0.9861574172973633,158.5670166015625,130.18283081054688,0.9733129739761353,139.34295654296875,129.26535034179688,0.9944252967834473,152.48895263671875,173.43673706054688,0.7440798282623291,140.10107421875,172.89280700683594,0.9343000054359436,0.0,0.0,0.21047940850257874,0.0,0.0,0.4388250708580017
19,True,164.1520538330078,53.57124710083008,0.9826016426086426,166.85781860351562,50.22605514526367,0.7733622789382935,160.23080444335938,49.972267150878906,0.9899943470954895,0.0,0.0,0.11001374572515488,150.88809204101562,51.27019500732422,0.9762386679649353,168.86102294921875,75.41846466064453,0.9270443320274353,137.2425079345703,72.36920928955078,0.9990668892860413,0.0,0.0,0.4844328463077545,118.85195922851562,98.0964126586914,0.9976759552955627,173.1158447265625,117.56556701660156,0.5952766537666321,135.43499755859375,118.53509521484375,0.9927010536193848,156.3146209716797,133.88902282714844,0.9534490704536438,136.34945678710938,132.92767333984375,0.9935761094093323,151.12962341308594,177.2682647705078,0.6046375036239624,135.42782592773438,176.82444763183594,0.9193935990333557,0.0,0.0,0.12479798495769501,0.0,0.0,0.35368043184280396
20,True,162.41323852539062,52.59814453125,0.9827394485473633,164.82180786132812,49.20782470703125,0.7035450339317322,158.28515625,49.19170379638672,0.991661548614502,0.0,0.0,0.060667578130960464,148.13467407226562,50.72052764892578,0.9847588539123535,166.02835083007812,74.9704818725586,0.9323491454124451,135.2224884033203,72.71002960205078,0.9990003705024719,170.40672302246094,104.17111206054688,0.5325737595558167,117.98452758789062,100.12615203857422,0.9980306029319763,171.0458526611328,118.25173950195312,0.6516146659851074,135.1652374267578,118.50492858886719,0.9944169521331787,154.26788330078125,135.22007751464844,0.9507598280906677,135.10867309570312,134.70425415039062,0.992874026298523,148.61338806152344,178.8435516357422,0.5636747479438782,133.6875762939453,178.89089965820312,0.9000071883201599,0.0,0.0,0.09402161836624146,0.0,0.0,0.2671898305416107
21,True,160.57862854003906,51.32624053955078,0.9878830313682556,162.96206665039062,47.724609375,0.7619067430496216,156.25518798828125,47.750518798828125,0.9931869506835938,0.0,0.0,0.07769392430782318,145.7288360595703,49.621421813964844,0.9879401922225952,165.86338806152344,75.21383666992188,0.9727550745010376,131.91934204101562,72.61457061767578,0.9992851614952087,171.2947540283203,104.80497741699219,0.7732888460159302,115.84427642822266,100.68096923828125,0.9985051155090332,171.391357421875,117.19347381591797,0.827963650226593,134.1627197265625,120.22462463378906,0.9960432052612305,153.8212127685547,135.53880310058594,0.972412645816803,132.6331329345703,134.8979034423828,0.9945424795150757,149.44227600097656,180.83816528320312,0.5944331288337708,131.4049530029297,180.3857879638672,0.8819630146026611,0.0,0.0,0.07188449054956436,0.0,0.0,0.17907722294330597
22,True,158.81593322753906,49.484336853027344,0.9899550676345825,161.39013671875,46.06166076660156,0.7616303563117981,154.99610900878906,45.435882568359375,0.9937341809272766,0.0,0.0,0.06434109061956406,143.99559020996094,46.382537841796875,0.9899892807006836,160.2649688720703,74.01190185546875,0.9875274300575256,128.35342407226562,71.70977020263672,0.9993042945861816,163.19314575195312,102.24419403076172,0.9166628122329712,113.78671264648438,102.47076416015625,0.9986786246299744,168.3628387451172,114.23497009277344,0.9311969876289368,132.451171875,122.04090118408203,0.9970501661300659,150.45498657226562,136.6576690673828,0.9875982403755188,129.99818420410156,136.77288818359375,0.9962600469589233,149.2897491455078,183.0707244873047,0.7322127819061279,128.481689453125,183.8850555419922,0.9009152054786682,0.0,0.0,0.09400179237127304,0.0,0.0,0.1750544309616089
23,True,157.83526611328125,47.04045104980469,0.9842556118965149,160.0286407470703,43.33317565917969,0.6769760251045227,153.63619995117188,43.05406188964844,0.9910954236984253,0.0,0.0,0.04689932242035866,142.03671264648438,45.10889434814453,0.9873544573783875,158.842529296875,73.69902038574219,0.9745485782623291,125.11570739746094,71.80638122558594,0.9988149404525757,161.15896606445312,104.3702392578125,0.8282443881034851,108.05162811279297,104.19511413574219,0.9977049231529236,166.45387268066406,116.068603515625,0.8573957085609436,129.72808837890625,123.58744049072266,0.9946063160896301,148.4693603515625,138.85304260253906,0.9763641953468323,126.86770629882812,139.3321990966797,0.9935996532440186,146.92417907714844,186.74127197265625,0.6129094362258911,125.37959289550781,188.14501953125,0.852725088596344,0.0,0.0,0.06725618988275528,0.0,0.0,0.13587740063667297
24,True,157.1011199951172,45.49711608886719,0.9815192222595215,159.3314971923828,41.62480163574219,0.6437060832977295,152.9374237060547,41.077606201171875,0.9891519546508789,0.0,0.0,0.04551280662417412,140.87557983398438,42.277252197265625,0.9859820604324341,157.4922637939453,71.6378173828125,0.9751756191253662,122.93319702148438,69.31536102294922,0.9986107349395752,160.3836212158203,102.71171569824219,0.8306135535240173,105.58058166503906,102.29978942871094,0.9970231652259827,166.19752502441406,116.62210845947266,0.8523622155189514,126.54945373535156,125.66561126708984,0.9933423399925232,150.7145233154297,137.30857849121094,0.9705373644828796,129.3750762939453,138.26866149902344,0.9911791682243347,151.06475830078125,184.89715576171875,0.5536759495735168,133.96908569335938,186.84132385253906,0.8069761991500854,0.0,0.0,0.05412599816918373,0.0,0.0,0.10599785298109055
25,True,156.80813598632812,43.54936218261719,0.9860594868659973,158.87039184570312,39.55601501464844,0.6199358701705933,152.3099822998047,39.075233459472656,0.995514452457428,0.0,0.0,0.02131473645567894,138.44142150878906,40.705780029296875,0.9949538111686707,155.5407257080078,71.86605834960938,0.9483144879341125,119.87580871582031,68.92488098144531,0.999173104763031,156.1486053466797,106.41800689697266,0.624374508857727,103.39413452148438,102.9029541015625,0.9985532164573669,158.57861328125,123.62593841552734,0.7099605202674866,125.1821060180664,126.03764343261719,0.9959660768508911,148.33802795410156,143.03497314453125,0.9647244215011597,124.71674346923828,143.54205322265625,0.9943126440048218,0.0,0.0,0.48804596066474915,123.62750244140625,197.7158203125,0.8572241067886353,0.0,0.0,0.045437075197696686,0.0,0.0,0.13026849925518036
26,True,156.54322814941406,40.7310791015625,0.9886998534202576,158.553466796875,36.550140380859375,0.684671938419342,151.89788818359375,36.0601806640625,0.9957398176193237,0.0,0.0,0.026233011856675148,138.42506408691406,37.363739013671875,0.9947492480278015,154.40306091308594,69.20281219482422,0.9700281023979187,119.74700164794922,66.10042572021484,0.9990490078926086,156.20901489257812,103.65076446533203,0.7553277611732483,101.75054168701172,103.01226806640625,0.9980365633964539,169.1214599609375,111.6463851928711,0.7947866916656494,123.19803619384766,125.62934875488281,0.9949797987937927,149.1797332763672,141.3999481201172,0.9716212749481201,126.71292114257812,142.49197387695312,0.993552565574646,152.78785705566406,196.2622528076172,0.5362831950187683,128.46783447265625,198.90179443359375,0.8401814699172974,0.0,0.0,0.04679836332798004,0.0,0.0,0.10918756574392319
27,True,156.91986083984375,38.090049743652344,0.9898333549499512,159.05984497070312,34.089691162109375,0.7245926260948181,152.18540954589844,33.230247497558594,0.9949565529823303,0.0,0.0,0.03475907817482948,138.3319854736328,34.960540771484375,0.9931334853172302,154.0491943359375,68.84435272216797,0.9836070537567139,118.33818817138672,64.75113677978516,0.9986231327056885,155.014404296875,104.04676818847656,0.8719573616981506,100.5703125,103.12371063232422,0.9966059923171997,170.48194885253906,106.65059661865234,0.8725787401199341,123.42660522460938,125.94622039794922,0.9923145174980164,148.54415893554688,142.4052734375,0.9769766926765442,125.45318603515625,143.31509399414062,0.9915680289268494,150.46762084960938,196.70895385742188,0.5656856298446655,126.04924011230469,198.864013671875,0.7786751985549927,0.0,0.0,0.04412991181015968,0.0,0.0,0.07377811521291733
28,True,157.2371368408203,37.787986755371094,0.9909470081329346,159.47479248046875,33.948036193847656,0.7095394134521484,153.01734924316406,32.665977478027344,0.9959877133369446,0.0,0.0,0.026319853961467743,138.3406982421875,33.04539489746094,0.9946973323822021,153.19522094726562,67.16564178466797,0.984377384185791,116.99729919433594,63.72300720214844,0.9988124370574951,159.0343017578125,102.49523162841797,0.8826923966407776,101.25798034667969,104.78573608398438,0.9974139928817749,177.93560791015625,109.05436706542969,0.8868504762649536,125.06974792480469,127.0152587890625,0.9940705895423889,147.5762176513672,143.54869079589844,0.9808588624000549,124.09585571289062,144.6502685546875,0.9932392835617065,150.2324981689453,200.34786987304688,0.5854247212409973,123.23906707763672,202.7169189453125,0.7999907732009888,0.0,0.0,0.04225202649831772,0.0,0.0,0.07200103998184204
29,True,158.59275817871094,36.70094299316406,0.9842439889907837,160.77304077148438,32.56214904785156,0.5692687034606934,154.31752014160156,31.230445861816406,0.9945526719093323,0.0,0.0,0.015064772218465805,139.419189453125,31.200660705566406,0.9939236044883728,153.9840087890625,65.49887084960938,0.9528317451477051,117.52836608886719,61.35906982421875,0.998502254486084,163.41192626953125,101.54073333740234,0.7235842943191528,101.49188995361328,104.16082000732422,0.9977874755859375,184.99566650390625,103.91981506347656,0.7859042286872864,127.79135131835938,125.45912170410156,0.9948784112930298,150.97227478027344,144.66188049316406,0.945376992225647,126.99954223632812,145.76065063476562,0.9874299168586731,0.0,0.0,0.34432175755500793,127.73448944091797,203.83595275878906,0.7108637690544128,0.0,0.0,0.02041756547987461,0.0,0.0,0.04975508898496628
30,True,159.94342041015625,36.376956939697266,0.986971914768219,161.3163299560547,32.32168960571289,0.6650400161743164,155.76724243164062,30.659069061279297,0.9921315312385559,0.0,0.0,0.029634781181812286,140.4215545654297,30.485401153564453,0.9920795559883118,155.5836181640625,65.34780883789062,0.9943570494651794,117.92115783691406,60.814666748046875,0.9985841512680054,166.8029327392578,100.67906188964844,0.9673526883125305,103.24736022949219,103.47771453857422,0.9965726137161255,193.5830535888672,102.05567169189453,0.9505254030227661,130.32489013671875,126.92483520507812,0.9917728304862976,151.64761352539062,145.6947784423828,0.9918400049209595,127.34973907470703,146.47410583496094,0.994418740272522,153.8388214111328,205.18844604492188,0.5479303002357483,128.3038330078125,205.21395874023438,0.6572355031967163,0.0,0.0,0.02368452586233616,0.0,0.0,0.028169365599751472
31,True,161.93643188476562,34.467918395996094,0.9872485995292664,163.57447814941406,30.50482177734375,0.6286419034004211,157.94256591796875,29.316543579101562,0.9946174025535583,0.0,0.0,0.01858776994049549,142.63424682617188,30.486473083496094,0.9925468564033508,158.70901489257812,66.43128204345703,0.9760329723358154,119.65924072265625,62.95525360107422,0.9976382255554199,178.75845336914062,101.09364318847656,0.8490610122680664,105.56905364990234,105.0684814453125,0.9958434700965881,209.11253356933594,101.39564514160156,0.8593301177024841,132.1324005126953,123.02645874023438,0.991401731967926,153.13812255859375,147.75595092773438,0.973915159702301,127.77314758300781,149.16848754882812,0.9899379014968872,0.0,0.0,0.46068260073661804,130.93875122070312,212.91217041015625,0.7025692462921143,0.0,0.0,0.023410001769661903,0.0,0.0,0.039597779512405396
32,True,164.82925415039062,34.46113204956055,0.9811059832572937,167.0269317626953,29.86583709716797,0.5693715214729309,160.1147918701172,28.49126434326172,0.9957314133644104,0.0,0.0,0.01523826364427805,143.69073486328125,29.008758544921875,0.9948567152023315,163.2438201904297,66.02389526367188,0.8585504293441772,122.82593536376953,61.20195007324219,0.998554527759552,0.0,0.0,0.2118902951478958,107.64523315429688,103.80441284179688,0.9963209629058838,0.0,0.0,0.25325530767440796,133.0797882080078,122.09918212890625,0.9858577251434326,156.7257843017578,150.2710723876953,0.910051703453064,130.72604370117188,149.708251953125,0.9891721606254578,0.0,0.0,0.26362138986587524,132.26837158203125,213.55563354492188,0.7678400278091431,0.0,0.0,0.023704353719949722,0.0,0.0,0.09161023050546646
33,True,167.02481079101562,32.92823028564453,0.9799308776855469,168.27491760253906,29.016372680664062,0.6086462736129761,162.87986755371094,27.596023559570312,0.9845219254493713,0.0,0.0,0.02664988301694393,146.37229919433594,28.366588592529297,0.9798863530158997,165.9188995361328,64.01931762695312,0.9920761585235596,122.24034118652344,60.570030212402344,0.993365466594696,196.30935668945312,95.8589096069336,0.9701846837997437,107.25614929199219,100.74851989746094,0.9865933060646057,236.82020568847656,106.70663452148438,0.9538494348526001,132.13262939453125,120.15319061279297,0.9782006740570068,153.851318359375,148.6387939453125,0.9858266711235046,126.34291076660156,149.19049072265625,0.9832738637924194,0.0,0.0,0.3901500999927521,0.0,0.0,0.3769901394844055,0.0,0.0,0.011889069341123104,0.0,0.0,0.009749776683747768
34,True,170.96514892578125,30.541038513183594,0.9880641102790833,172.4007110595703,27.05071258544922,0.6666874289512634,166.18466186523438,25.40822982788086,0.9919379353523254,0.0,0.0,0.026203809306025505,148.6749725341797,28.022628784179688,0.9915556311607361,171.24072265625,64.12699890136719,0.9963974356651306,123.61969757080078,60.76014709472656,0.9978127479553223,202.06271362304688,93.6376953125,0.980626106262207,108.42212677001953,99.01129913330078,0.9943829774856567,238.17750549316406,108.58849334716797,0.9655179381370544,132.75865173339844,117.77669525146484,0.9889618754386902,156.98883056640625,145.38235473632812,0.995254635810852,127.65406799316406,145.61590576171875,0.9950600266456604,163.12376403808594,205.694580078125,0.6838955283164978,134.5801544189453,203.72808837890625,0.699920117855072,0.0,0.0,0.036169905215501785,0.0,0.0,0.03213302046060562
35,True,173.37466430664062,29.590103149414062,0.9913057684898376,174.96014404296875,25.262027740478516,0.7277776002883911,168.2136688232422,24.08898162841797,0.9945329427719116,0.0,0.0,0.02970171347260475,149.6708221435547,26.326759338378906,0.9938122034072876,174.3359375,63.68027114868164,0.9969965219497681,123.88786315917969,61.171966552734375,0.9982191920280457,204.00540161132812,93.74172973632812,0.9797034859657288,109.07423400878906,98.98139953613281,0.9941991567611694,236.46002197265625,110.58029174804688,0.9636346101760864,132.5977020263672,117.94825744628906,0.9885349869728088,158.815185546875,145.76031494140625,0.9951360821723938,128.06971740722656,146.38656616210938,0.9949724674224854,165.01942443847656,204.973388671875,0.6966029405593872,134.78773498535156,204.1334228515625,0.7126288414001465,0.0,0.0,0.04025634378194809,0.0,0.0,0.03555513545870781
36,True,175.35304260253906,27.2486572265625,0.9887874722480774,176.8804168701172,23.09728240966797,0.6886389851570129,170.3614044189453,21.563091278076172,0.9924153685569763,0.0,0.0,0.028325634077191353,151.92173767089844,24.204288482666016,0.9915892481803894,177.35244750976562,63.16352844238281,0.9964441657066345,125.93535614013672,59.99806213378906,0.9976420402526855,211.48216247558594,95.06817626953125,0.9785960912704468,109.83436584472656,99.53648376464844,0.9930083751678467,247.43995666503906,115.26899719238281,0.9578462839126587,127.61418914794922,115.6806640625,0.986016571521759,160.925537109375,150.6549072265625,0.9939693212509155,129.43431091308594,150.5248260498047,0.9934460520744324,168.15480041503906,211.8775634765625,0.574792742729187,136.98956298828125,209.1017608642578,0.5872882604598999,0.0,0.0,0.022210558876395226,0.0,0.0,0.019458584487438202
37,True,176.79934692382812,25.666244506835938,0.9923048615455627,179.27320861816406,21.2091064453125,0.7764716148376465,170.97315979003906,20.002182006835938,0.9957370758056641,0.0,0.0,0.03854992985725403,153.35076904296875,23.067184448242188,0.9953578114509583,181.62820434570312,61.926937103271484,0.9951045513153076,126.92005920410156,59.08772277832031,0.9987508058547974,211.79510498046875,95.15347290039062,0.9605966210365295,108.9060287475586,97.83656311035156,0.9959801435470581,243.83480834960938,116.14059448242188,0.9325915575027466,127.3634262084961,113.96562194824219,0.9904631972312927,169.17984008789062,150.52272033691406,0.9875074028968811,135.4417266845703,151.46986389160156,0.9914686679840088,0.0,0.0,0.3591022193431854,0.0,0.0,0.4876536428928375,0.0,0.0,0.008875338360667229,0.0,0.0,0.010921195149421692
38,True,178.57492065429688,24.38707733154297,0.9917854070663452,180.95469665527344,19.925254821777344,0.753887414932251,172.88682556152344,18.432388305664062,0.9953228831291199,0.0,0.0,0.03602050617337227,154.67832946777344,20.716293334960938,0.9951627254486084,181.8352508544922,61.86078643798828,0.996353268623352,128.22769165039062,57.6300048828125,0.9988799691200256,211.21922302246094,96.28511810302734,0.9705502986907959,108.73626708984375,97.04814147949219,0.9963142275810242,244.26466369628906,117.69136047363281,0.945549726486206,127.1177978515625,115.16725158691406,0.9910509586334229,165.94163513183594,151.4727325439453,0.9925877451896667,133.40176391601562,151.32827758789062,0.9943881630897522,0.0,0.0,0.4629019498825073,137.70262145996094,218.05532836914062,0.5670806765556335,0.0,0.0,0.012126736342906952,0.0,0.0,0.01371841598302126
39,True,178.02723693847656,22.927581787109375,0.9946563243865967,180.58929443359375,18.371170043945312,0.7597761750221252,172.55029296875,17.096572875976562,0.9974306225776672,0.0,0.0,0.023628558963537216,153.93878173828125,19.85955810546875,0.9972606897354126,181.33493041992188,61.184417724609375,0.9966045618057251,127.3001937866211,57.16844940185547,0.9991544485092163,212.0233917236328,96.50072479248047,0.9752952456474304,107.79098510742188,97.17298889160156,0.9979398846626282,245.3380889892578,117.52996063232422,0.9654486775398254,127.99485778808594,114.28140258789062,0.9957563281059265,165.60824584960938,151.3616943359375,0.9935769438743591,132.59046936035156,151.29391479492188,0.995699405670166,169.57565307617188,222.7791748046875,0.5326758623123169,137.78671264648438,222.11895751953125,0.6577540040016174,0.0,0.0,0.012533513829112053,0.0,0.0,0.01489037275314331
40,True,178.51161193847656,21.802204132080078,0.9917829036712646,180.4270782470703,16.69686508178711,0.8407286405563354,171.67062377929688,15.758697509765625,0.993748664855957,0.0,0.0,0.06971938163042068,153.04061889648438,19.10037612915039,0.9881435036659241,181.07118225097656,61.030540466308594,0.9947769641876221,129.1983642578125,56.55381774902344,0.9972149133682251,211.7948760986328,99.7634506225586,0.95005202293396,107.70308685302734,98.49801635742188,0.9859941005706787,245.19642639160156,118.52897644042969,0.8928366303443909,133.242919921875,117.31824493408203,0.9669390320777893,164.01992797851562,155.7412872314453,0.9851679801940918,132.4310302734375,155.76119995117188,0.9857457876205444,0.0,0.0,0.3256218731403351,0.0,0.0,0.3690606355667114,0.0,0.0,0.010503305122256279,0.0,0.0,0.01049230806529522
41,True,176.98333740234375,20.660438537597656,0.9923275113105774,179.56768798828125,15.824684143066406,0.8442881107330322,170.40611267089844,14.058097839355469,0.9944517016410828,0.0,0.0,0.06339623779058456,151.82789611816406,16.74408721923828,0.9891679286956787,179.62530517578125,60.14479446411133,0.9944597482681274,127.6314697265625,54.675941467285156,0.9972168207168579,210.65560913085938,99.52251434326172,0.9518013596534729,106.63189697265625,99.33507537841797,0.9880186319351196,244.05068969726562,118.32965850830078,0.907249927520752,136.57142639160156,115.5218734741211,0.9746472835540771,164.333984375,155.4574737548828,0.9859188795089722,132.3229522705078,155.08663940429688,0.9868148565292358,0.0,0.0,0.33309492468833923,0.0,0.0,0.3884677290916443,0.0,0.0,0.0100629273802042,0.0,0.0,0.010424062609672546
42,True,175.67706298828125,18.755844116210938,0.9950351715087891,178.0569610595703,13.991615295410156,0.8042973875999451,169.34942626953125,12.77911376953125,0.9974574446678162,0.0,0.0,0.02710454910993576,150.2712860107422,16.080490112304688,0.9965075850486755,177.1717071533203,59.2930908203125,0.9961728453636169,125.16974639892578,53.643375396728516,0.9984509944915771,208.42530822753906,100.06124877929688,0.9739699959754944,104.97752380371094,98.82276153564453,0.996217668056488,246.05203247070312,118.55406951904297,0.9628043174743652,141.0474853515625,118.00584411621094,0.9934593439102173,164.4578399658203,154.40382385253906,0.9907934069633484,132.23321533203125,154.7264404296875,0.9922979474067688,0.0,0.0,0.3772132992744446,0.0,0.0,0.4642426371574402,0.0,0.0,0.006802284624427557,0.0,0.0,0.007263348903506994
43,True,174.16661071777344,17.894493103027344,0.9887523055076599,176.86831665039062,12.668121337890625,0.7309499382972717,167.28326416015625,11.383804321289062,0.9925948977470398,0.0,0.0,0.03268657624721527,149.40162658691406,14.204002380371094,0.989452600479126,176.66983032226562,58.68279266357422,0.9925475716590881,125.69508361816406,52.213111877441406,0.9974710941314697,203.60980224609375,101.76675415039062,0.9655485153198242,103.42105102539062,98.1749496459961,0.9953521490097046,240.97738647460938,117.96958923339844,0.9534121155738831,142.73715209960938,117.06068420410156,0.9919915795326233,166.09042358398438,158.36940002441406,0.9888449311256409,133.24835205078125,158.57858276367188,0.9912392497062683,0.0,0.0,0.2959756851196289,0.0,0.0,0.391324520111084,0.0,0.0,0.0054519991390407085,0.0,0.0,0.0063429176807403564
44,True,173.51210021972656,17.609352111816406,0.9907160997390747,176.42691040039062,11.802215576171875,0.7643181085586548,166.2581329345703,10.232528686523438,0.9932108521461487,0.0,0.0,0.03141787275671959,148.047119140625,11.63995361328125,0.9880028963088989,174.46514892578125,56.44158935546875,0.9911346435546875,126.59449768066406,50.33047866821289,0.9972000122070312,194.76083374023438,102.95028686523438,0.9609898328781128,105.55316162109375,100.8841552734375,0.9950835704803467,234.526123046875,120.15144348144531,0.9497416019439697,149.43878173828125,115.86759948730469,0.9924823641777039,172.59368896484375,162.460693359375,0.9834879040718079,140.83706665039062,163.53262329101562,0.9874762892723083,0.0,0.0,0.1732688695192337,0.0,0.0,0.2539287507534027,0.0,0.0,0.0026662200689315796,0.0,0.0,0.0033214378636330366
45,True,172.68035888671875,17.289955139160156,0.9923096895217896,175.5699462890625,11.775169372558594,0.7962401509284973,165.71461486816406,10.209617614746094,0.9942870736122131,0.0,0.0,0.03744833916425705,147.90939331054688,11.488456726074219,0.9894892573356628,171.09136962890625,55.12818145751953,0.9933894872665405,126.2838363647461,48.931434631347656,0.9976723790168762,186.16592407226562,104.35054779052734,0.967738926410675,106.80699157714844,101.16649627685547,0.9953148365020752,224.824951171875,120.45747375488281,0.9571704268455505,156.27713012695312,112.7987060546875,0.9926395416259766,166.40309143066406,158.9501953125,0.9862451553344727,136.75662231445312,159.79795837402344,0.98897784948349,0.0,0.0,0.2515220642089844,0.0,0.0,0.33049336075782776,0.0,0.0,0.00445162458345294,0.0,0.0,0.005082845687866211
46,True,173.06800842285156,16.51031494140625,0.9928687214851379,176.16897583007812,11.093116760253906,0.7872145175933838,166.18167114257812,9.429718017578125,0.9959415793418884,0.0,0.0,0.024655146524310112,147.53311157226562,10.841690063476562,0.9931528568267822,168.0817108154297,54.720176696777344,0.9917710423469543,125.42948913574219,49.082481384277344,0.99643874168396,179.68020629882812,103.989990234375,0.9614672064781189,109.89759826660156,102.64830017089844,0.9932408332824707,215.4180450439453,121.59901428222656,0.9523223042488098,161.84176635742188,115.56704711914062,0.990423858165741,161.43307495117188,156.69178771972656,0.9836835265159607,132.4145050048828,157.91708374023438,0.9855276346206665,0.0,0.0,0.2748977839946747,0.0,0.0,0.3305702209472656,0.0,0.0,0.005308044143021107,0.0,0.0,0.005366525147110224
47,True,173.3983917236328,16.375656127929688,0.9891421794891357,176.23684692382812,11.341400146484375,0.699356198310852,166.9501953125,9.454429626464844,0.9950488209724426,0.0,0.0,0.01825883984565735,148.68048095703125,10.880401611328125,0.9928423166275024,166.99476623535156,54.14513397216797,0.9774203896522522,125.512939453125,48.32952880859375,0.9963200092315674,173.0338134765625,106.93836975097656,0.8694290518760681,111.78549194335938,103.11405944824219,0.9930045008659363,203.67898559570312,120.94813537597656,0.8680280447006226,167.63497924804688,110.11627960205078,0.98848557472229,163.71929931640625,155.08084106445312,0.9640015959739685,135.5303955078125,156.58824157714844,0.9806656241416931,0.0,0.0,0.24140506982803345,0.0,0.0,0.39825108647346497,0.0,0.0,0.006978904362767935,0.0,0.0,0.009846382774412632
48,True,172.93893432617188,15.803962707519531,0.9779190421104431,176.21536254882812,10.071090698242188,0.6318904757499695,166.22909545898438,8.563560485839844,0.9905767440795898,0.0,0.0,0.022001687437295914,148.69105529785156,10.49224853515625,0.9818465113639832,169.5624237060547,54.17303466796875,0.8681733012199402,125.34937286376953,49.26094055175781,0.9929647445678711,0.0,0.0,0.366301566362381,113.14002990722656,105.26652526855469,0.9818184971809387,0.0,0.0,0.4458945095539093,171.7074737548828,108.75877380371094,0.9672255516052246,167.7438507080078,155.32052612304688,0.8537060618400574,138.41612243652344,158.1226043701172,0.9553054571151733,0.0,0.0,0.19569633901119232,0.0,0.0,0.499440461397171,0.0,0.0,0.01466058287769556,0.0,0.0,0.03447965905070305
49,True,174.65609741210938,15.944786071777344,0.9894694089889526,176.66433715820312,10.430831909179688,0.7640912532806396,167.08787536621094,8.44390869140625,0.9960013031959534,0.0,0.0,0.01974187232553959,146.7212371826172,11.43682861328125,0.988318145275116,163.13052368164062,54.47262191772461,0.8954463601112366,129.56365966796875,47.379669189453125,0.9922947883605957,0.0,0.0,0.38580331206321716,118.5126953125,106.32234954833984,0.9772366285324097,0.0,0.0,0.4056347608566284,175.09341430664062,106.12486267089844,0.9544395208358765,159.70419311523438,161.90530395507812,0.8738906383514404,135.10589599609375,161.78555297851562,0.9564816355705261,0.0,0.0,0.1131352037191391,0.0,0.0,0.2999330461025238,0.0,0.0,0.0070926290936768055,0.0,0.0,0.014540375210344791
50,True,174.33993530273438,16.14740753173828,0.9784163236618042,177.28778076171875,10.61090087890625,0.667011559009552,167.54782104492188,8.786827087402344,0.9916292428970337,0.0,0.0,0.021393662318587303,148.88748168945312,10.094596862792969,0.9815813302993774,167.3857421875,52.583351135253906,0.8295679688453674,128.56610107421875,46.782493591308594,0.9858304858207703,0.0,0.0,0.2442009150981903,130.17201232910156,104.72561645507812,0.9499226212501526,0.0,0.0,0.2450760155916214,178.10403442382812,112.53900146484375,0.8901461362838745,163.7813720703125,156.08238220214844,0.7984288334846497,136.45181274414062,157.83465576171875,0.925462007522583,0.0,0.0,0.19156311452388763,0.0,0.0,0.44325265288352966,0.0,0.0,0.02253885753452778,0.0,0.0,0.04529169946908951
51,True,173.347412109375,16.752090454101562,0.9685364961624146,176.73486328125,11.218719482421875,0.5070194005966187,166.75637817382812,8.45831298828125,0.9847950339317322,0.0,0.0,0.016989251598715782,146.69577026367188,9.24151611328125,0.9689249396324158,164.4024200439453,56.90997314453125,0.8661293387413025,125.24263763427734,50.212135314941406,0.9899847507476807,0.0,0.0,0.3955326974391937,125.53922271728516,108.21116638183594,0.9795422554016113,0.0,0.0,0.44265466928482056,185.23353576660156,104.68334197998047,0.9614048004150391,163.91702270507812,170.47976684570312,0.8763090968132019,136.75057983398438,171.80288696289062,0.9603351354598999,0.0,0.0,0.1703338474035263,0.0,0.0,0.4378971457481384,0.0,0.0,0.010218334384262562,0.0,0.0,0.022983821108937263
52,True,173.31910705566406,16.842079162597656,0.964827835559845,0.0,0.0,0.4228026270866394,166.45582580566406,8.611083984375,0.9851459264755249,0.0,0.0,0.010460237972438335,145.84765625,9.36712646484375,0.9743180871009827,165.2908935546875,56.51494598388672,0.8581027388572693,125.40208435058594,50.417320251464844,0.9899132251739502,0.0,0.0,0.42964205145835876,129.51487731933594,108.97970581054688,0.9852965474128723,193.43707275390625,110.7686538696289,0.5092746019363403,191.48138427734375,104.3207015991211,0.9736203551292419,163.97225952148438,168.69845581054688,0.8847836256027222,135.67376708984375,169.9585418701172,0.9643130898475647,0.0,0.0,0.16313569247722626,0.0,0.0,0.4322008192539215,0.0,0.0,0.008475364185869694,0.0,0.0,0.01908261328935623
53,True,172.78408813476562,16.356956481933594,0.9651515483856201,0.0,0.0,0.477871835231781,165.9525604248047,7.958709716796875,0.9817472100257874,0.0,0.0,0.015047123655676842,145.75537109375,8.919906616210938,0.9660422801971436,168.92745971679688,58.4215087890625,0.8983027338981628,123.34613800048828,50.66297912597656,0.9867044687271118,177.44639587402344,120.40156555175781,0.5793018937110901,127.14933013916016,110.7704086303711,0.9806334376335144,201.44578552246094,115.09174346923828,0.6252269148826599,196.49009704589844,104.37644958496094,0.968258261680603,168.98171997070312,173.70925903320312,0.8789944648742676,136.32501220703125,174.4084930419922,0.9482131004333496,0.0,0.0,0.09907019883394241,0.0,0.0,0.23670324683189392,0.0,0.0,0.0038775785360485315,0.0,0.0,0.007118404842913151
54,True,173.42941284179688,15.164093017578125,0.951438307762146,0.0,0.0,0.3168771266937256,166.85438537597656,7.227806091308594,0.9797198176383972,0.0,0.0,0.007848292589187622,146.4314727783203,9.07342529296875,0.9759021401405334,166.76976013183594,56.70325469970703,0.88144850730896,124.12220001220703,51.644683837890625,0.9886283278465271,177.66302490234375,116.21394348144531,0.5446633696556091,133.20787048339844,110.73734283447266,0.986730694770813,207.25732421875,115.05514526367188,0.6038291454315186,205.03536987304688,103.51773071289062,0.9768570065498352,169.28089904785156,169.4019012451172,0.888778805732727,138.7893829345703,171.7217559814453,0.958616316318512,0.0,0.0,0.11426887661218643,0.0,0.0,0.29930898547172546,0.0,0.0,0.004488098900765181,0.0,0.0,0.00897697452455759
55,True,172.95790100097656,15.293952941894531,0.9435951709747314,0.0,0.0,0.27670714259147644,166.6266326904297,7.476646423339844,0.9743471741676331,0.0,0.0,0.008342189714312553,146.63201904296875,9.574394226074219,0.9738831520080566,166.99185180664062,58.19309997558594,0.9072756171226501,124.82225036621094,53.67057800292969,0.9904991984367371,179.10122680664062,117.32261657714844,0.6186245083808899,136.44180297851562,113.39598846435547,0.9891877770423889,211.62652587890625,113.70044708251953,0.6522716879844666,209.21914672851562,103.40669250488281,0.979013204574585,168.514892578125,172.6159210205078,0.903660774230957,138.55203247070312,174.55908203125,0.9628927707672119,0.0,0.0,0.10105989873409271,0.0,0.0,0.2604966163635254,0.0,0.0,0.0032276748679578304,0.0,0.0,0.006218415684998035
56,True,174.27825927734375,15.53228759765625,0.8915106654167175,0.0,0.0,0.17803454399108887,167.0774688720703,7.5174560546875,0.9261271953582764,0.0,0.0,0.008650423027575016,147.54991149902344,9.935028076171875,0.9395424723625183,169.63034057617188,56.25340270996094,0.935430109500885,124.70999145507812,52.501922607421875,0.9847750067710876,180.93910217285156,116.89851379394531,0.8408995866775513,138.43153381347656,113.27949523925781,0.9881402254104614,216.33131408691406,114.07801818847656,0.8484471440315247,212.72767639160156,103.92988586425781,0.9810853004455566,166.81002807617188,169.4181365966797,0.9248039126396179,134.77818298339844,172.5762939453125,0.9541541934013367,0.0,0.0,0.1136302500963211,0.0,0.0,0.20335522294044495,0.0,0.0,0.0030976023990660906,0.0,0.0,0.004322992637753487
57,True,175.53732299804688,14.275787353515625,0.8618809580802917,0.0,0.0,0.1175643652677536,168.31329345703125,6.70703125,0.9020121097564697,0.0,0.0,0.006296540144830942,148.8430633544922,10.935546875,0.9433419704437256,170.1625213623047,58.918975830078125,0.9483551383018494,127.5070571899414,54.64195251464844,0.9875622987747192,182.31675720214844,119.96331787109375,0.8833282589912415,141.26544189453125,113.2295913696289,0.9916051626205444,215.98196411132812,113.43699645996094,0.8892592191696167,212.59861755371094,101.53585815429688,0.9864495396614075,164.37335205078125,170.65057373046875,0.9366795420646667,134.43655395507812,172.90069580078125,0.9604891538619995,0.0,0.0,0.11017966270446777,0.0,0.0,0.19200362265110016,0.0,0.0,0.0024139992892742157,0.0,0.0,0.003239947836846113
58,True,176.1552276611328,14.314117431640625,0.8535552024841309,0.0,0.0,0.10383746773004532,169.5916748046875,7.11907958984375,0.9129996299743652,0.0,0.0,0.005715752020478249,150.3889617919922,10.879486083984375,0.9561963081359863,166.6278076171875,54.63755798339844,0.9285284280776978,131.08409118652344,52.87809753417969,0.9886496067047119,180.87579345703125,107.61528778076172,0.8068072199821472,149.0777587890625,107.73597717285156,0.9915709495544434,217.5447540283203,101.56831359863281,0.80982905626297,215.05142211914062,96.56564331054688,0.9831302762031555,161.44332885742188,163.02896118164062,0.9363893866539001,136.29171752929688,165.88543701171875,0.9683295488357544,0.0,0.0,0.17108918726444244,0.0,0.0,0.32783305644989014,0.0,0.0,0.005308074411004782,0.0,0.0,0.00812573079019785
59,True,177.71327209472656,14.181777954101562,0.9157584309577942,0.0,0.0,0.15368998050689697,171.63845825195312,8.223152160644531,0.9673373103141785,0.0,0.0,0.004374815616756678,152.17694091796875,12.397994995117188,0.9843934178352356,166.6839599609375,54.043033599853516,0.9375834465026855,135.2523956298828,48.223716735839844,0.9935135245323181,181.403076171875,105.41047668457031,0.7295688390731812,146.3394775390625,101.8544921875,0.99327152967453,217.05352783203125,89.37052917480469,0.7125964164733887,206.197509765625,92.969482421875,0.9829672574996948,160.64871215820312,154.93685913085938,0.9587494730949402,138.13954162597656,154.42568969726562,0.9830401539802551,0.0,0.0,0.22953709959983826,0.0,0.0,0.4446704387664795,0.0,0.0,0.007765340153127909,0.0,0.0,0.012863789685070515
60,True,177.86988830566406,14.086555480957031,0.913655161857605,0.0,0.0,0.14309366047382355,172.1675567626953,8.819503784179688,0.9657794833183289,0.0,0.0,0.0038373747374862432,153.51368713378906,13.742927551269531,0.9851893186569214,164.19329833984375,50.338191986083984,0.9415777921676636,136.733642578125,47.59500503540039,0.9939514398574829,181.57177734375,94.82762145996094,0.771803081035614,148.01144409179688,98.31281280517578,0.99418044090271,218.8621368408203,71.29198455810547,0.7427327632904053,201.77308654785156,80.54258728027344,0.984398603439331,160.4019317626953,150.97520446777344,0.9690340757369995,140.26348876953125,151.96815490722656,0.9871858954429626,0.0,0.0,0.2810509502887726,142.24168395996094,223.154541015625,0.5060188174247742,0.0,0.0,0.009483608417212963,0.0,0.0,0.015194985084235668
61,True,178.26463317871094,16.727737426757812,0.9663254022598267,0.0,0.0,0.31783410906791687,173.58932495117188,11.677520751953125,0.9884451627731323,0.0,0.0,0.006247934885323048,155.8074188232422,16.036712646484375,0.992066502571106,161.05520629882812,49.61388397216797,0.9451631903648376,136.84849548339844,48.35150909423828,0.9955466985702515,174.1183624267578,92.29521179199219,0.7125457525253296,151.12071228027344,95.3542251586914,0.9939526915550232,206.27047729492188,71.53218078613281,0.6731484532356262,205.15455627441406,67.48123168945312,0.982177734375,158.6278076171875,149.6040496826172,0.9734299778938293,139.3447265625,152.09585571289062,0.9904114603996277,0.0,0.0,0.3778250515460968,142.500732421875,227.3284912109375,0.6415224671363831,0.0,0.0,0.017032770439982414,0.0,0.0,0.029300613328814507
62,True,178.69815063476562,17.63165283203125,0.7937864065170288,0.0,0.0,0.07320958375930786,173.98219299316406,11.32244873046875,0.8668336868286133,0.0,0.0,0.0059906370006501675,154.9867401123047,15.892913818359375,0.9504951238632202,155.54159545898438,52.17362976074219,0.9257102012634277,140.2349395751953,52.965789794921875,0.9803016781806946,180.78695678710938,82.23313903808594,0.7926357388496399,164.81651306152344,88.2609634399414,0.9801411032676697,215.7018280029297,55.40177917480469,0.7429662942886353,213.45889282226562,53.591705322265625,0.9562067985534668,149.09854125976562,154.1065673828125,0.9256667494773865,138.85818481445312,157.3450927734375,0.9526234865188599,0.0,0.0,0.31513094902038574,0.0,0.0,0.46217116713523865,0.0,0.0,0.01883869059383869,0.0,0.0,0.023949643597006798
63,True,177.09336853027344,18.629913330078125,0.8300530910491943,0.0,0.0,0.07454531639814377,172.8079376220703,12.762481689453125,0.9005203247070312,0.0,0.0,0.004654752090573311,155.0228271484375,18.446075439453125,0.9720190763473511,157.26153564453125,56.51739501953125,0.9532346725463867,142.28448486328125,55.15815734863281,0.9860405921936035,188.09840393066406,75.90956115722656,0.8628033399581909,177.21356201171875,78.94996643066406,0.9871236085891724,220.23751831054688,43.850250244140625,0.8052759766578674,215.10011291503906,41.452239990234375,0.967898428440094,152.74044799804688,157.42872619628906,0.9508786797523499,142.1206817626953,159.28012084960938,0.9673565030097961,0.0,0.0,0.22852733731269836,0.0,0.0,0.3486079275608063,0.0,0.0,0.007678173948079348,0.0,0.0,0.009330824948847294
64,True,175.70025634765625,20.69762420654297,0.9410441517829895,0.0,0.0,0.1761401742696762,170.52679443359375,16.041122436523438,0.9772577881813049,0.0,0.0,0.007350191939622164,153.37123107910156,23.5767822265625,0.9924106597900391,155.45040893554688,57.389801025390625,0.9565285444259644,150.8712921142578,57.07025909423828,0.9957478642463684,188.82077026367188,67.76842498779297,0.7651132345199585,193.74008178710938,69.32791900634766,0.9951657056808472,223.6346435546875,36.42283630371094,0.7223417162895203,225.73898315429688,37.663177490234375,0.9833870530128479,150.98513793945312,150.4645233154297,0.9602183699607849,146.96798706054688,151.72857666015625,0.9854388236999512,0.0,0.0,0.3576495945453644,158.44677734375,219.27206420898438,0.643041729927063,0.0,0.0,0.01615537330508232,0.0,0.0,0.02894420549273491
65,True,174.4459686279297,20.6229248046875,0.9400341510772705,0.0,0.0,0.33039602637290955,168.46206665039062,16.50611114501953,0.9696292877197266,0.0,0.0,0.018452122807502747,152.47349548339844,23.792205810546875,0.9809375405311584,163.0008087158203,54.793601989746094,0.9504749774932861,146.89877319335938,53.4503173828125,0.9887141585350037,195.2944793701172,71.11558532714844,0.7318238019943237,190.01516723632812,68.41515350341797,0.9781685471534729,225.2314453125,39.250160217285156,0.6155261993408203,221.96075439453125,36.764915466308594,0.9232256412506104,157.93185424804688,145.08290100097656,0.9616904258728027,144.3386993408203,146.37051391601562,0.977933406829834,0.0,0.0,0.36111924052238464,146.9390869140625,215.87850952148438,0.5203732252120972,0.0,0.0,0.021214088425040245,0.0,0.0,0.027538511902093887
66,True,171.56405639648438,21.058021545410156,0.9491888284683228,0.0,0.0,0.35630619525909424,165.25759887695312,17.964126586914062,0.9737464785575867,0.0,0.0,0.01798870414495468,150.45703125,26.725570678710938,0.9830853343009949,164.72694396972656,55.49195098876953,0.9613701105117798,146.47398376464844,54.119258880615234,0.9913636445999146,194.82296752929688,68.69044494628906,0.7936270833015442,188.2123565673828,65.13999938964844,0.9856793284416199,224.79229736328125,36.79856872558594,0.6998379826545715,220.97030639648438,35.239768981933594,0.9498223662376404,158.66937255859375,142.39553833007812,0.9716440439224243,143.62847900390625,143.37109375,0.9840695261955261,0.0,0.0,0.42741620540618896,146.28109741210938,211.515380859375,0.5956538319587708,0.0,0.0,0.025325272232294083,0.0,0.0,0.03337176889181137
67,True,170.23680114746094,21.904190063476562,0.9606567025184631,0.0,0.0,0.40125152468681335,164.0798797607422,19.37841796875,0.9826870560646057,0.0,0.0,0.016197893768548965,149.2744903564453,28.137290954589844,0.9872608184814453,165.0894317626953,55.59099197387695,0.9505048394203186,145.86282348632812,54.72849655151367,0.9921658039093018,192.5474853515625,66.3954849243164,0.7543529868125916,184.90505981445312,65.052490234375,0.9892542362213135,223.35235595703125,38.21647644042969,0.6919893026351929,221.2071533203125,39.09629821777344,0.9627413749694824,157.7431640625,138.0342559814453,0.962992250919342,141.7217559814453,138.81826782226562,0.982609748840332,0.0,0.0,0.49566760659217834,141.74534606933594,201.3162078857422,0.6965445876121521,0.0,0.0,0.04174415022134781,0.0,0.0,0.060846682637929916
68,True,167.91746520996094,23.083465576171875,0.963028073310852,169.21646118164062,20.632568359375,0.5044717192649841,161.22244262695312,20.29266357421875,0.9801734685897827,0.0,0.0,0.026951605454087257,147.79798889160156,29.932044982910156,0.9789285659790039,166.32630920410156,58.024959564208984,0.9482802152633667,144.557373046875,54.94390869140625,0.988882839679718,194.35784912109375,68.26237487792969,0.7170878052711487,186.55514526367188,61.25053405761719,0.9808589816093445,226.8479461669922,35.328887939453125,0.6196671724319458,223.26702880859375,34.00932312011719,0.933456540107727,158.99118041992188,142.92605590820312,0.9626860022544861,140.78964233398438,143.35963439941406,0.9803707599639893,0.0,0.0,0.38329437375068665,142.80438232421875,212.23638916015625,0.5697819590568542,0.0,0.0,0.024712257087230682,0.0,0.0,0.03475568816065788
69,True,165.71490478515625,26.061264038085938,0.9667983651161194,167.2344970703125,23.66504669189453,0.5415095686912537,159.90606689453125,23.103172302246094,0.9813677668571472,0.0,0.0,0.03182818740606308,147.4303436279297,30.86804962158203,0.9772915244102478,164.14535522460938,57.053829193115234,0.951907217502594,143.91311645507812,55.552520751953125,0.9907194972038269,192.2035675048828,64.53776550292969,0.7564805150032043,183.08242797851562,63.363433837890625,0.9856637716293335,222.73605346679688,33.93812561035156,0.6959295272827148,217.89219665527344,35.914512634277344,0.9542238712310791,157.48348999023438,137.09295654296875,0.961088240146637,140.6952362060547,137.869140625,0.9804686307907104,0.0,0.0,0.41510719060897827,141.50608825683594,200.95355224609375,0.6129578948020935,0.0,0.0,0.030975209549069405,0.0,0.0,0.04499126598238945
70,True,165.18206787109375,26.346561431884766,0.9672488570213318,166.06448364257812,24.006946563720703,0.5472230911254883,159.4195098876953,23.245223999023438,0.9800831079483032,0.0,0.0,0.04064737260341644,147.39199829101562,31.2103271484375,0.9768483638763428,160.1012725830078,56.8343391418457,0.9584549069404602,143.8914337158203,55.359222412109375,0.9935966730117798,190.94943237304688,61.88268280029297,0.7460784912109375,183.2632293701172,60.415130615234375,0.98780357837677,224.52859497070312,32.08293914794922,0.673032820224762,216.96002197265625,33.85540771484375,0.957652747631073,154.17356872558594,137.41690063476562,0.971802830696106,140.47813415527344,138.67034912109375,0.9871854186058044,0.0,0.0,0.4035770893096924,144.10621643066406,202.9713592529297,0.6266638040542603,0.0,0.0,0.02817712165415287,0.0,0.0,0.044314995408058167
71,True,164.27459716796875,26.426353454589844,0.9720519185066223,166.08074951171875,23.953323364257812,0.658553957939148,158.3572540283203,22.93267059326172,0.9770424365997314,0.0,0.0,0.06425061076879501,146.99937438964844,31.192489624023438,0.9618310928344727,162.89639282226562,58.0302619934082,0.9686135649681091,141.793212890625,56.064491271972656,0.9917075037956238,190.51199340820312,63.422733306884766,0.825211226940155,177.97830200195312,61.84050369262695,0.9826506972312927,220.91177368164062,33.137691497802734,0.7438996434211731,211.05093383789062,35.182891845703125,0.9465434551239014,157.97789001464844,144.54229736328125,0.9801499843597412,140.2764434814453,145.91787719726562,0.9881209135055542,0.0,0.0,0.403299480676651,145.04380798339844,213.44119262695312,0.5630911588668823,0.0,0.0,0.02315800078213215,0.0,0.0,0.03144223988056183
72,True,163.97021484375,26.566715240478516,0.9788018465042114,166.67559814453125,24.301074981689453,0.7460523247718811,157.84242248535156,23.283550262451172,0.980697751045227,0.0,0.0,0.08386934548616409,146.70994567871094,32.43816375732422,0.9602170586585999,167.36671447753906,58.71343231201172,0.9745458364486694,140.1661834716797,58.06064987182617,0.9916160702705383,190.4360809326172,59.825538635253906,0.8423722386360168,176.133544921875,62.56706237792969,0.978415310382843,218.96060180664062,31.609989166259766,0.7462517023086548,208.58535766601562,34.878910064697266,0.9339579939842224,161.18701171875,146.80775451660156,0.9803265333175659,139.17620849609375,148.38558959960938,0.986890435218811,0.0,0.0,0.3981254994869232,143.44422912597656,211.21771240234375,0.5286789536476135,0.0,0.0,0.024535786360502243,0.0,0.0,0.03099001757800579
73,True,163.88250732421875,27.193767547607422,0.9840222001075745,166.58778381347656,25.261123657226562,0.7957882881164551,158.17758178710938,23.885250091552734,0.9857801795005798,0.0,0.0,0.08233193308115005,146.86654663085938,32.93378448486328,0.9683508276939392,166.81190490722656,59.91131591796875,0.9798744320869446,138.50379943847656,59.379249572753906,0.9912191033363342,187.21673583984375,56.74528121948242,0.8929712772369385,169.56536865234375,61.22783660888672,0.9788185358047485,210.08682250976562,31.76174545288086,0.833130955696106,200.00450134277344,35.08273696899414,0.9480088353157043,161.66452026367188,143.52621459960938,0.9863018989562988,138.66114807128906,145.15692138671875,0.9892842173576355,164.08340454101562,201.691650390625,0.5178741812705994,140.2667236328125,208.67413330078125,0.6051017642021179,0.0,0.0,0.03647981956601143,0.0,0.0,0.040718626230955124
74,True,165.7047119140625,28.534000396728516,0.950306236743927,167.40951538085938,27.052589416503906,0.5863777995109558,160.58584594726562,25.001296997070312,0.9469440579414368,0.0,0.0,0.05606172978878021,149.1913299560547,32.88714599609375,0.9243795871734619,166.8472137451172,57.94890213012695,0.9716658592224121,138.4665069580078,59.14181900024414,0.9753043055534363,191.62338256835938,44.696937561035156,0.8848944902420044,173.17027282714844,54.190555572509766,0.9404773116111755,209.88790893554688,22.796276092529297,0.8022312521934509,194.57968139648438,27.194580078125,0.8833843469619751,160.80384826660156,142.4517822265625,0.9835065007209778,138.7354278564453,144.52505493164062,0.9824081063270569,0.0,0.0,0.462466299533844,0.0,0.0,0.4726138114929199,0.0,0.0,0.036654382944107056,0.0,0.0,0.03283027186989784
75,True,164.9715118408203,28.28839111328125,0.9823111295700073,167.316162109375,26.64879608154297,0.8117658495903015,159.59915161132812,25.0321044921875,0.9807623028755188,0.0,0.0,0.08729615062475204,148.2867889404297,33.44598388671875,0.9525118470191956,167.17453002929688,55.21376037597656,0.983391284942627,137.5779266357422,58.85325241088867,0.9856598377227783,195.69190979003906,30.02104949951172,0.9365915060043335,156.081298828125,55.946617126464844,0.9632872939109802,210.21136474609375,0.0,0.8926957845687866,172.83250427246094,32.71992874145508,0.9338019490242004,158.08209228515625,138.409912109375,0.9869961738586426,135.97227478027344,140.4496612548828,0.9856314659118652,159.87098693847656,193.30999755859375,0.5562987327575684,140.18893432617188,199.56927490234375,0.5638201236724854,0.0,0.0,0.043822742998600006,0.0,0.0,0.03919411078095436
76,True,167.94766235351562,29.050113677978516,0.9647308588027954,168.12339782714844,26.63634490966797,0.6353499293327332,162.34201049804688,26.068294525146484,0.9696272611618042,0.0,0.0,0.04288603365421295,150.0582275390625,34.09284973144531,0.9467253088951111,166.73281860351562,53.04631423950195,0.9561044573783875,138.2378387451172,58.13116455078125,0.9838399291038513,188.9381866455078,27.107200622558594,0.8292973637580872,148.6658172607422,51.398658752441406,0.9644303917884827,199.21310424804688,0.9781112670898438,0.7797355055809021,168.71478271484375,33.50749969482422,0.9374280571937561,158.89788818359375,137.75070190429688,0.978478193283081,137.7564239501953,140.52268981933594,0.9845706820487976,0.0,0.0,0.4348461329936981,141.40411376953125,193.51617431640625,0.5407633185386658,0.0,0.0,0.038187816739082336,0.0,0.0,0.04483658820390701
77,True,168.88027954101562,41.12483215332031,0.6644410490989685,0.0,0.0,0.09932103008031845,166.07369995117188,37.395774841308594,0.6409485936164856,0.0,0.0,0.00940567348152399,153.8491973876953,37.834495544433594,0.7521559000015259,160.7638702392578,67.07697296142578,0.8727576732635498,142.99363708496094,53.07831573486328,0.9071978330612183,170.1723175048828,103.49219512939453,0.8659154772758484,160.6786651611328,42.138336181640625,0.9484949707984924,179.31690979003906,131.60342407226562,0.84337317943573,184.30377197265625,6.918540954589844,0.931761622428894,155.59471130371094,146.51730346679688,0.9669410586357117,140.76380920410156,144.41897583007812,0.9665871858596802,164.13832092285156,200.00209045410156,0.5655161738395691,145.99945068359375,205.30615234375,0.5843711495399475,0.0,0.0,0.06138775497674942,0.0,0.0,0.056838084012269974
78,True,166.83045959472656,52.24546813964844,0.8122278451919556,0.0,0.0,0.41370806097984314,165.01571655273438,48.42820358276367,0.717103123664856,0.0,0.0,0.08137935400009155,155.6665496826172,44.44774627685547,0.5559980869293213,161.77496337890625,68.021728515625,0.8796517252922058,142.19015502929688,59.45585632324219,0.8734035491943359,170.41070556640625,103.92295837402344,0.7338579297065735,139.22923278808594,74.28892517089844,0.7662307620048523,179.7073211669922,129.83558654785156,0.6833405494689941,160.91580200195312,68.41122436523438,0.7376763820648193,154.4977264404297,141.1409912109375,0.9305458068847656,142.119384765625,140.4696807861328,0.9190942049026489,157.51953125,195.20175170898438,0.6308391690254211,153.69236755371094,198.78945922851562,0.6039023399353027,0.0,0.0,0.14054833352565765,0.0,0.0,0.12360350787639618
79,True,171.5418243408203,36.454017639160156,0.8384309411048889,0.0,0.0,0.30107825994491577,168.68426513671875,33.17522430419922,0.8223780393600464,0.0,0.0,0.04178518056869507,158.40692138671875,36.02172088623047,0.8167356848716736,164.7388916015625,61.72990417480469,0.9103104472160339,141.10714721679688,58.050819396972656,0.9713379740715027,169.62014770507812,100.88463592529297,0.7267671227455139,123.49394226074219,84.32180786132812,0.9475879669189453,179.3479461669922,128.5782012939453,0.6167410016059875,148.8263702392578,76.49176025390625,0.9053745865821838,158.06727600097656,140.12193298339844,0.9634827971458435,141.8588104248047,140.5716552734375,0.9761903882026672,0.0,0.0,0.4880237579345703,145.7830352783203,201.01071166992188,0.5968207716941833,0.0,0.0,0.052153579890728,0.0,0.0,0.06396671384572983
80,True,166.39698791503906,28.219642639160156,0.9586904048919678,169.92300415039062,24.409912109375,0.6504549980163574,161.93060302734375,24.330833435058594,0.9556089639663696,0.0,0.0,0.06814983487129211,152.6227569580078,27.926223754882812,0.9024261832237244,170.48251342773438,57.089176177978516,0.9195111989974976,139.8113250732422,58.21684265136719,0.9911143183708191,170.58767700195312,104.74536895751953,0.7229489088058472,125.65277099609375,87.94029998779297,0.9871938824653625,176.9765625,130.73281860351562,0.7218835353851318,148.36065673828125,44.474021911621094,0.9740250706672668,161.8958740234375,137.62017822265625,0.9548661708831787,140.6933135986328,140.39215087890625,0.9816079139709473,0.0,0.0,0.4958634376525879,145.91107177734375,203.62344360351562,0.7230786681175232,0.0,0.0,0.04397981986403465,0.0,0.0,0.07785525172948837
81,True,166.64500427246094,37.73182678222656,0.7356459498405457,0.0,0.0,0.13413169980049133,162.80618286132812,33.95549774169922,0.7571004033088684,0.0,0.0,0.012291224673390388,152.26234436035156,36.28294372558594,0.809455394744873,168.5579376220703,64.19480895996094,0.7704121470451355,136.0773468017578,63.076446533203125,0.9783748984336853,174.20558166503906,110.47616577148438,0.5520511269569397,123.42315673828125,88.78268432617188,0.9828553795814514,182.00885009765625,126.35456085205078,0.5935091972351074,144.51556396484375,45.32307434082031,0.9681085348129272,162.82583618164062,143.09791564941406,0.9353099465370178,142.10658264160156,145.7799072265625,0.9768392443656921,171.84945678710938,198.8597869873047,0.557333767414093,159.05638122558594,205.0013885498047,0.7995346784591675,0.0,0.0,0.07804679870605469,0.0,0.0,0.14800618588924408
82,True,167.22848510742188,24.817855834960938,0.6749734878540039,0.0,0.0,0.15569840371608734,163.10133361816406,21.164596557617188,0.6150818467140198,0.0,0.0,0.022038746625185013,152.30398559570312,25.657424926757812,0.651400089263916,168.1033935546875,57.26140594482422,0.7878608107566833,137.54766845703125,55.84968566894531,0.9542879462242126,175.3995819091797,104.04366302490234,0.6115464568138123,125.87979125976562,81.87100982666016,0.9507519602775574,185.2776336669922,123.29053497314453,0.5856664180755615,146.54666137695312,46.43860626220703,0.9150641560554504,162.5812225341797,140.86734008789062,0.9322475790977478,142.55715942382812,143.3146209716797,0.9618737697601318,170.40206909179688,195.4561309814453,0.5776234269142151,158.2487335205078,201.44915771484375,0.7353947162628174,0.0,0.0,0.093572698533535,0.0,0.0,0.13838225603103638
83,True,167.11868286132812,26.818939208984375,0.7763469219207764,0.0,0.0,0.18796221911907196,163.00582885742188,22.53197479248047,0.8313171863555908,0.0,0.0,0.017475489526987076,151.21351623535156,25.472274780273438,0.841913640499115,168.75140380859375,54.490928649902344,0.7152959108352661,133.55345153808594,54.877323150634766,0.9795694947242737,0.0,0.0,0.40217846632003784,128.5782012939453,90.24703216552734,0.9793405532836914,0.0,0.0,0.3971790671348572,155.34518432617188,42.119720458984375,0.9458670020103455,166.39227294921875,139.623291015625,0.9016889333724976,141.0645294189453,142.1553955078125,0.9700660109519958,0.0,0.0,0.35561463236808777,144.24024963378906,204.29681396484375,0.6729755401611328,0.0,0.0,0.03783763572573662,0.0,0.0,0.08420159667730331
84,True,163.71755981445312,22.321861267089844,0.8074437379837036,0.0,0.0,0.3568043112754822,158.8343048095703,17.908775329589844,0.7167282700538635,0.0,0.0,0.05028306692838669,148.2264862060547,23.297691345214844,0.6456196904182434,168.6864471435547,58.157386779785156,0.8889718651771545,134.61456298828125,55.66693115234375,0.9265562891960144,177.74722290039062,111.18855285644531,0.7348598837852478,133.00746154785156,87.92049407958984,0.8748354315757751,187.26309204101562,130.58670043945312,0.645117461681366,158.6718292236328,45.40888214111328,0.8113043308258057,162.7067108154297,145.35784912109375,0.9392480254173279,140.202880859375,147.52420043945312,0.940456211566925,170.1196746826172,200.2529296875,0.5937860012054443,157.86288452148438,206.66961669921875,0.6252021789550781,0.0,0.0,0.10180819034576416,0.0,0.0,0.10464668273925781
85,True,154.43722534179688,35.084320068359375,0.9721457958221436,160.0860595703125,31.460479736328125,0.9387178421020508,150.58079528808594,30.660316467285156,0.9168184399604797,167.94931030273438,34.48248291015625,0.595003068447113,144.41323852539062,31.73229217529297,0.5665268898010254,171.08375549316406,63.35185241699219,0.9801127910614014,134.35906982421875,57.57123947143555,0.9312710165977478,175.63963317871094,106.64230346679688,0.9244949221611023,127.73007202148438,96.88634490966797,0.716437816619873,187.6462860107422,135.36810302734375,0.8528538942337036,132.6099853515625,131.7080078125,0.6506882905960083,162.81700134277344,143.6324462890625,0.9672621488571167,137.19534301757812,142.50241088867188,0.9326221346855164,168.6602020263672,200.19229125976562,0.6369156241416931,0.0,0.0,0.4711475670337677,0.0,0.0,0.09939784556627274,0.0,0.0,0.06541503220796585
86,True,163.91607666015625,17.152008056640625,0.9821810722351074,167.9349365234375,13.79351806640625,0.8518467545509338,157.66513061523438,13.511039733886719,0.9795666337013245,0.0,0.0,0.09474548697471619,145.4583740234375,22.592453002929688,0.9407866597175598,172.56640625,59.569244384765625,0.9623797535896301,135.01876831054688,54.11529541015625,0.9753314256668091,175.80142211914062,113.09408569335938,0.8288022875785828,139.98883056640625,80.64845275878906,0.934114396572113,186.10861206054688,135.77467346191406,0.7374542355537415,164.54286193847656,45.87359619140625,0.8827305436134338,165.91995239257812,145.73497009277344,0.9628257751464844,137.6720428466797,146.24049377441406,0.9642564654350281,176.62417602539062,203.98822021484375,0.6231933832168579,141.6251678466797,208.71511840820312,0.6491671204566956,0.0,0.0,0.09134416282176971,0.0,0.0,0.09053929150104523
87,True,162.92991638183594,17.67224884033203,0.970371663570404,166.54026794433594,15.240226745605469,0.832531750202179,156.62547302246094,15.137351989746094,0.9631662964820862,0.0,0.0,0.111203633248806,146.0869903564453,26.77037811279297,0.8535550236701965,171.1819305419922,49.790321350097656,0.9240725040435791,138.54100036621094,53.560306549072266,0.9355496764183044,183.4448699951172,51.77618408203125,0.7878578305244446,144.46429443359375,72.71910858154297,0.8683174252510071,187.83868408203125,9.514625549316406,0.693027913570404,166.9965057373047,40.678619384765625,0.7953478097915649,164.7576446533203,140.8571014404297,0.9549866914749146,138.56008911132812,142.94210815429688,0.9536536335945129,173.15834045410156,203.15463256835938,0.5449528694152832,142.27542114257812,206.33782958984375,0.557732343673706,0.0,0.0,0.07280569523572922,0.0,0.0,0.06969372928142548
88,True,165.4756317138672,14.005348205566406,0.9706948399543762,167.85916137695312,11.480926513671875,0.8564950823783875,158.18499755859375,10.974952697753906,0.9520710706710815,0.0,0.0,0.17349973320960999,146.56097412109375,22.39981460571289,0.8458118438720703,171.8233184814453,45.532012939453125,0.9766075611114502,137.74090576171875,53.94990921020508,0.9463374614715576,182.09889221191406,41.65988540649414,0.9090451002120972,127.55528259277344,89.21452331542969,0.7597247362136841,186.2349395751953,11.9296875,0.7703781127929688,126.82315826416016,128.2401123046875,0.5643309950828552,165.69854736328125,137.5270538330078,0.9709385633468628,141.3807373046875,140.98989868164062,0.9463620185852051,0.0,0.0,0.41384294629096985,0.0,0.0,0.27290910482406616,0.0,0.0,0.04064911976456642,0.0,0.0,0.02531612291932106
89,True,165.91558837890625,15.636268615722656,0.9350937008857727,166.75637817382812,13.670310974121094,0.670998215675354,159.28704833984375,12.360267639160156,0.8960475325584412,0.0,0.0,0.06984416395425797,146.2174530029297,22.623451232910156,0.787494421005249,164.88446044921875,50.56612014770508,0.957535982131958,139.32260131835938,51.41356658935547,0.8503826260566711,184.45126342773438,33.46227264404297,0.9109556674957275,155.5183868408203,40.91356658935547,0.6736947894096375,184.43084716796875,2.3111343383789062,0.853553295135498,164.90565490722656,9.737174987792969,0.6717344522476196,161.54811096191406,138.4052276611328,0.9760262370109558,141.965576171875,139.90432739257812,0.9453645348548889,160.4104461669922,194.73031616210938,0.523912250995636,0.0,0.0,0.3311130702495575,0.0,0.0,0.04938218742609024,0.0,0.0,0.02595582604408264
90,True,163.8770751953125,19.48224639892578,0.7921503186225891,0.0,0.0,0.22191151976585388,159.29039001464844,15.844844818115234,0.808525025844574,0.0,0.0,0.023529842495918274,146.98814392089844,22.424148559570312,0.8010098934173584,153.94644165039062,45.71942901611328,0.7458122372627258,146.8501434326172,46.73659133911133,0.9122743606567383,0.0,0.0,0.4637696444988251,184.13262939453125,27.14310073852539,0.8663637042045593,0.0,0.0,0.42705199122428894,182.69142150878906,0.0,0.7694423198699951,154.5081024169922,139.15069580078125,0.9219588041305542,146.6368865966797,140.25112915039062,0.9515474438667297,0.0,0.0,0.28800103068351746,0.0,0.0,0.422442764043808,0.0,0.0,0.031085051596164703,0.0,0.0,0.0420740470290184
91,True,163.71737670898438,19.024330139160156,0.7837314009666443,0.0,0.0,0.19975972175598145,159.15687561035156,15.079071044921875,0.8046102523803711,0.0,0.0,0.016861220821738243,146.93017578125,21.087398529052734,0.7922600507736206,154.8990936279297,45.4914665222168,0.7733317017555237,147.44659423828125,41.716278076171875,0.8665757775306702,188.2665557861328,31.545166015625,0.5384448170661926,184.6243133544922,25.113868713378906,0.843747615814209,0.0,0.0,0.4735541343688965,200.93356323242188,1.1365890502929688,0.7505839467048645,155.56005859375,144.15109252929688,0.9070613980293274,147.51686096191406,143.5703125,0.9274901747703552,0.0,0.0,0.23189790546894073,0.0,0.0,0.31474530696868896,0.0,0.0,0.019908146932721138,0.0,0.0,0.02377951331436634
92,True,0.0,0.0,0.4560646116733551,0.0,0.0,0.07462278008460999,0.0,0.0,0.4144936501979828,0.0,0.0,0.02509307861328125,154.26748657226562,26.65892791748047,0.6538237929344177,155.85574340820312,63.257789611816406,0.8369511961936951,149.97674560546875,41.20342254638672,0.8678038716316223,168.7235870361328,100.12466430664062,0.6180756688117981,177.80686950683594,28.67110824584961,0.8235560059547424,0.0,0.0,0.45111316442489624,190.58193969726562,4.576774597167969,0.6754637360572815,157.6588134765625,147.79684448242188,0.9463791251182556,150.7266387939453,141.95323181152344,0.9530022740364075,0.0,0.0,0.3776756525039673,0.0,0.0,0.43768399953842163,0.0,0.0,0.038043100386857986,0.0,0.0,0.04194720834493637
93,True,177.14724731445312,31.782684326171875,0.6101474165916443,0.0,0.0,0.09254720062017441,174.70767211914062,27.159957885742188,0.6212025284767151,0.0,0.0,0.013214655220508575,161.89974975585938,25.925277709960938,0.7586054801940918,159.04989624023438,58.23052215576172,0.7450711131095886,154.67291259765625,38.550079345703125,0.8741224408149719,172.52821350097656,94.71571350097656,0.5612655878067017,176.7579345703125,18.468360900878906,0.8655417561531067,182.55210876464844,106.40660095214844,0.5498929619789124,193.19793701171875,0.0,0.797382652759552,154.13182067871094,143.62962341308594,0.916516125202179,150.01031494140625,139.7171630859375,0.934313952922821,0.0,0.0,0.47752320766448975,163.23033142089844,209.46681213378906,0.5607770681381226,0.0,0.0,0.06498334556818008,0.0,0.0,0.07282891869544983
94,True,178.6482696533203,29.980255126953125,0.762569785118103,0.0,0.0,0.1947244554758072,175.26487731933594,24.555465698242188,0.7391177415847778,0.0,0.0,0.02326427772641182,162.4601287841797,24.157630920410156,0.7865327596664429,163.61915588378906,59.38673400878906,0.9048202037811279,154.17193603515625,37.88814163208008,0.9026671051979065,172.22756958007812,91.30474853515625,0.7807507514953613,174.4732208251953,19.52954864501953,0.8636263012886047,185.2183074951172,82.85155487060547,0.6949208974838257,186.057861328125,0.0,0.7966593503952026,160.61618041992188,143.0825653076172,0.9631714820861816,151.4173126220703,137.9872283935547,0.9602199196815491,0.0,0.0,0.4840056598186493,0.0,0.0,0.48495006561279297,0.0,0.0,0.04985225945711136,0.0,0.0,0.04512672871351242
95,True,179.41876220703125,29.74376678466797,0.7904994487762451,0.0,0.0,0.1667545586824417,175.97988891601562,24.067054748535156,0.8608551025390625,0.0,0.0,0.013193915598094463,161.94334411621094,22.207138061523438,0.8832058310508728,165.4718780517578,51.543304443359375,0.6350135803222656,155.22608947753906,48.71112060546875,0.9410555958747864,0.0,0.0,0.2743030786514282,168.5320587158203,93.85358428955078,0.908939003944397,0.0,0.0,0.34605762362480164,180.38673400878906,131.75640869140625,0.8652766346931458,158.4697723388672,141.16415405273438,0.8130692839622498,151.911376953125,141.13232421875,0.9138861894607544,0.0,0.0,0.34171566367149353,170.048828125,206.92428588867188,0.5725873708724976,0.0,0.0,0.055060338228940964,0.0,0.0,0.0916934609413147
96,True,179.00601196289062,32.589256286621094,0.765658974647522,0.0,0.0,0.18372602760791779,176.7132110595703,27.852981567382812,0.7369762659072876,0.0,0.0,0.021302077919244766,165.12939453125,25.803939819335938,0.7306218147277832,164.4117431640625,57.59613037109375,0.7971897125244141,158.66714477539062,40.496368408203125,0.9216577410697937,173.97537231445312,95.98664093017578,0.6121223568916321,173.00747680664062,20.686309814453125,0.9180275201797485,181.41395568847656,124.18748474121094,0.611687958240509,186.869384765625,0.0,0.8782314658164978,155.89720153808594,144.1361846923828,0.9351071715354919,151.00987243652344,140.60504150390625,0.9565658569335938,164.1101837158203,206.66732788085938,0.5178292393684387,164.41258239746094,210.14048767089844,0.6463696360588074,0.0,0.0,0.06817802041769028,0.0,0.0,0.08792267739772797
97,True,180.33416748046875,30.547019958496094,0.8117631673812866,0.0,0.0,0.2444610595703125,177.08779907226562,25.761634826660156,0.8055789470672607,0.0,0.0,0.021261487156152725,164.25030517578125,24.992019653320312,0.7710596919059753,165.6959228515625,55.78596878051758,0.78736811876297,157.2303466796875,39.5748291015625,0.8972542881965637,175.27346801757812,91.95423126220703,0.553861677646637,168.3311309814453,26.783477783203125,0.8656838536262512,184.2725372314453,95.87041473388672,0.5417662858963013,180.5556640625,0.0,0.8062911629676819,157.48805236816406,145.43203735351562,0.9297709465026855,150.51475524902344,142.06735229492188,0.9480581283569336,165.44972229003906,211.55233764648438,0.5424326658248901,163.66473388671875,213.21319580078125,0.6398014426231384,0.0,0.0,0.08287163823843002,0.0,0.0,0.09824586659669876
98,True,178.73570251464844,31.21155548095703,0.6696034073829651,0.0,0.0,0.17848198115825653,176.47288513183594,25.256267547607422,0.5684482455253601,0.0,0.0,0.03278175741434097,163.11061096191406,23.561874389648438,0.5949581861495972,159.55162048339844,56.25480270385742,0.850367546081543,155.56259155273438,38.81061553955078,0.7882034182548523,170.7388916015625,92.57125854492188,0.6957406401634216,175.7145233154297,23.41034698486328,0.6714552044868469,180.0291290283203,128.0819091796875,0.5120549201965332,181.13238525390625,0.0,0.5659105777740479,154.59776306152344,146.10284423828125,0.9288085699081421,149.41989135742188,141.54586791992188,0.9075534343719482,0.0,0.0,0.36303865909576416,0.0,0.0,0.31822749972343445,0.0,0.0,0.04504372552037239,0.0,0.0,0.03597918897867203
99,True,179.14706420898438,29.46886444091797,0.6719026565551758,0.0,0.0,0.13224613666534424,176.20326232910156,24.40326690673828,0.7070695161819458,0.0,0.0,0.0163127351552248,162.041259765625,22.366943359375,0.7802675366401672,165.6170654296875,49.92354202270508,0.7570515275001526,152.9516143798828,48.3069953918457,0.8669341206550598,0.0,0.0,0.49484509229660034,165.84983825683594,94.18132781982422,0.7789402008056641,0.0,0.0,0.45337092876434326,181.0054931640625,133.77212524414062,0.6955399513244629,157.57179260253906,141.33641052246094,0.8991833329200745,148.9569854736328,141.53729248046875,0.911980152130127,0.0,0.0,0.46897706389427185,158.21969604492188,209.34597778320312,0.5110154747962952,0.0,0.0,0.07681557536125183,0.0,0.0,0.07702571153640747
100,True,176.36172485351562,29.964988708496094,0.5230344533920288,0.0,0.0,0.09025096148252487,0.0,0.0,0.4969594478607178,0.0,0.0,0.019299041479825974,161.28456115722656,23.83971405029297,0.6137911677360535,166.2198944091797,50.35944366455078,0.7749054431915283,152.0255126953125,47.74195098876953,0.8283057808876038,173.88282775878906,95.01463317871094,0.5829161405563354,163.65365600585938,94.51425170898438,0.7594202160835266,179.3037567138672,131.2473602294922,0.5002503991127014,178.84677124023438,132.9684600830078,0.6719352006912231,157.35816955566406,144.6505126953125,0.926282525062561,147.56021118164062,144.1866455078125,0.9272294640541077,0.0,0.0,0.49605461955070496,161.45382690429688,213.22341918945312,0.5152961015701294,0.0,0.0,0.07188288122415543,0.0,0.0,0.06952831894159317
101,True,175.8443145751953,32.980255126953125,0.6166165471076965,0.0,0.0,0.14150816202163696,173.9259033203125,27.960594177246094,0.585503339767456,0.0,0.0,0.030808480456471443,162.33334350585938,24.359947204589844,0.6158309578895569,165.01406860351562,50.176063537597656,0.7682276368141174,153.19000244140625,47.15541076660156,0.844356119632721,172.95445251464844,95.43671417236328,0.5309966206550598,164.50437927246094,93.97145080566406,0.7545522451400757,0.0,0.0,0.46663105487823486,178.6567840576172,131.63853454589844,0.6687889695167542,156.94337463378906,143.8459930419922,0.8985958695411682,148.55523681640625,143.43536376953125,0.9080320596694946,0.0,0.0,0.42717865109443665,0.0,0.0,0.4737566411495209,0.0,0.0,0.06278382241725922,0.0,0.0,0.06631874293088913
102,True,0.0,0.0,0.30873921513557434,0.0,0.0,0.04011312872171402,0.0,0.0,0.29350700974464417,0.0,0.0,0.024532876908779144,165.18927001953125,24.60124969482422,0.5970953702926636,160.85382080078125,50.62852478027344,0.6623982787132263,155.42327880859375,49.50170135498047,0.893133282661438,0.0,0.0,0.4154703915119171,165.23287963867188,96.3571548461914,0.837817907333374,0.0,0.0,0.38076043128967285,178.7940673828125,131.16835021972656,0.7297376990318298,153.7059783935547,144.152587890625,0.899322509765625,150.60186767578125,144.8526611328125,0.9326390624046326,0.0,0.0,0.4563021659851074,168.36154174804688,214.3355712890625,0.5793704390525818,0.0,0.0,0.06907062232494354,0.0,0.0,0.08997227996587753
103,True,0.0,0.0,0.4497336447238922,0.0,0.0,0.07289005815982819,0.0,0.0,0.4301074743270874,0.0,0.0,0.023204423487186432,164.88706970214844,19.315513610839844,0.5990809798240662,163.45603942871094,47.155189514160156,0.7315106987953186,154.9375762939453,44.37608337402344,0.824715256690979,169.9274444580078,95.16755676269531,0.5084372162818909,166.11465454101562,94.00550842285156,0.7483471632003784,0.0,0.0,0.42064404487609863,179.42367553710938,131.64794921875,0.6363247632980347,154.33953857421875,144.9360809326172,0.902028501033783,147.8506317138672,144.72042846679688,0.9114236235618591,0.0,0.0,0.4094572961330414,0.0,0.0,0.4567626118659973,0.0,0.0,0.05668654292821884,0.0,0.0,0.05978334695100784
104,True,0.0,0.0,0.45175793766975403,0.0,0.0,0.05987250804901123,0.0,0.0,0.4663735032081604,0.0,0.0,0.023607393726706505,163.888916015625,22.092445373535156,0.7058120965957642,160.64077758789062,48.29273986816406,0.6736106276512146,155.74781799316406,47.42955017089844,0.927343487739563,0.0,0.0,0.3665807843208313,168.0616455078125,92.16835021972656,0.8721178770065308,0.0,0.0,0.3556809425354004,178.55007934570312,130.58482360839844,0.7737625241279602,153.216064453125,143.89828491210938,0.890973687171936,150.7835235595703,144.43905639648438,0.9382501840591431,0.0,0.0,0.4268127679824829,168.20021057128906,215.22332763671875,0.5920088887214661,0.0,0.0,0.06205616891384125,0.0,0.0,0.08972872048616409
105,True,178.64117431640625,29.37102508544922,0.7260220050811768,0.0,0.0,0.16113394498825073,175.1429443359375,24.182525634765625,0.7592939138412476,0.0,0.0,0.025939978659152985,161.22018432617188,23.436668395996094,0.8373008966445923,161.67054748535156,51.609954833984375,0.7476336359977722,156.2108612060547,50.20935821533203,0.9311866760253906,0.0,0.0,0.40194767713546753,171.42733764648438,92.56751251220703,0.8456264138221741,0.0,0.0,0.4053040146827698,178.367919921875,131.0153350830078,0.7669391632080078,154.134521484375,144.77378845214844,0.8891627192497253,150.84315490722656,145.099365234375,0.9275490641593933,0.0,0.0,0.461489737033844,168.43447875976562,214.6608428955078,0.5876624584197998,0.0,0.0,0.0750773549079895,0.0,0.0,0.0957426130771637
106,True,175.78170776367188,33.73491668701172,0.7558777332305908,0.0,0.0,0.1637624204158783,173.56895446777344,28.07306671142578,0.779444694519043,0.0,0.0,0.018522163853049278,159.56639099121094,24.553359985351562,0.8141776323318481,162.6725616455078,54.36602020263672,0.8303626775741577,152.5223388671875,51.71978759765625,0.9187061190605164,178.01235961914062,92.60494995117188,0.6462545990943909,169.873779296875,93.80615997314453,0.8848177194595337,180.34915161132812,130.014892578125,0.6606107354164124,179.38861083984375,132.13058471679688,0.853178858757019,154.92755126953125,141.5655517578125,0.9324590563774109,148.32843017578125,140.96188354492188,0.9434283971786499,156.0991668701172,208.24497985839844,0.5364229679107666,157.8623046875,207.96783447265625,0.5965201258659363,0.0,0.0,0.07512524724006653,0.0,0.0,0.07892896980047226
107,True,0.0,0.0,0.45585623383522034,0.0,0.0,0.04930036514997482,178.07701110839844,23.187271118164062,0.5045860409736633,0.0,0.0,0.009266095235943794,163.9138946533203,22.44341278076172,0.7663261890411377,162.90066528320312,55.53599548339844,0.7830344438552856,151.51022338867188,50.598670959472656,0.8526552319526672,175.73306274414062,97.99691009521484,0.6219009757041931,166.17213439941406,96.76817321777344,0.8091081380844116,179.98150634765625,130.8967742919922,0.5617454648017883,179.43431091308594,132.998046875,0.7400377988815308,156.05775451660156,143.94483947753906,0.9317880272865295,148.5992889404297,142.90231323242188,0.9307642579078674,158.62445068359375,211.50363159179688,0.5282765030860901,161.11187744140625,210.10479736328125,0.5358108878135681,0.0,0.0,0.07701025158166885,0.0,0.0,0.06983335316181183
108,True,176.69044494628906,19.963272094726562,0.7349503040313721,0.0,0.0,0.15522648394107819,171.55174255371094,15.457679748535156,0.6854991316795349,0.0,0.0,0.01435751561075449,156.34915161132812,19.45172119140625,0.7989715933799744,163.1143798828125,55.777976989746094,0.8959330916404724,151.43145751953125,41.80091857910156,0.859661877155304,172.46615600585938,104.73754119873047,0.796340823173523,170.45994567871094,38.020545959472656,0.7988461256027222,181.9311981201172,129.62852478027344,0.720502495765686,187.16049194335938,0.0,0.7484952211380005,156.56765747070312,147.154052734375,0.9439336657524109,148.95135498046875,145.00973510742188,0.920007586479187,156.32635498046875,213.9960479736328,0.584567666053772,166.0007781982422,217.82464599609375,0.5085920691490173,0.0,0.0,0.07448768615722656,0.0,0.0,0.05378047004342079
109,True,155.5093994140625,20.597190856933594,0.8931809663772583,160.84552001953125,16.489524841308594,0.6833368539810181,150.8698272705078,17.332862854003906,0.7264523506164551,0.0,0.0,0.263031005859375,0.0,0.0,0.3055097460746765,170.5062255859375,55.060211181640625,0.8917166590690613,149.43067932128906,46.55596923828125,0.9214500784873962,181.16265869140625,75.7480239868164,0.7473369836807251,166.26490783691406,42.35865020751953,0.8805720806121826,184.8140869140625,31.730880737304688,0.7101308703422546,184.83901977539062,0.0,0.804023802280426,161.8433380126953,149.40774536132812,0.9332805275917053,146.25991821289062,147.63302612304688,0.9437329173088074,0.0,0.0,0.4901915192604065,159.54444885253906,219.67117309570312,0.5748934149742126,0.0,0.0,0.047093816101551056,0.0,0.0,0.058983203023672104
110,True,171.1785430908203,19.417144775390625,0.9196485280990601,0.0,0.0,0.405602365732193,165.99490356445312,14.739372253417969,0.9402957558631897,0.0,0.0,0.027485409751534462,152.04330444335938,20.76030731201172,0.9303551912307739,159.0889434814453,49.967498779296875,0.8810825347900391,147.6588134765625,52.44671630859375,0.9636673927307129,177.74923706054688,49.64474868774414,0.5519248843193054,169.7979736328125,59.65596008300781,0.9115230441093445,179.73062133789062,4.802925109863281,0.5025695562362671,178.1685791015625,11.466156005859375,0.8432170152664185,158.11448669433594,142.72349548339844,0.8996204733848572,149.0290069580078,144.43582153320312,0.9365875124931335,0.0,0.0,0.19904102385044098,0.0,0.0,0.30143818259239197,0.0,0.0,0.01417040079832077,0.0,0.0,0.018292352557182312
111,True,173.0584716796875,18.96446990966797,0.9208283424377441,0.0,0.0,0.30872106552124023,167.24270629882812,15.445655822753906,0.9666377305984497,0.0,0.0,0.012570594437420368,151.59317016601562,22.97301483154297,0.9729291796684265,161.39756774902344,50.22602844238281,0.7816386222839355,146.2315216064453,52.15006637573242,0.9817377924919128,0.0,0.0,0.29524171352386475,167.21615600585938,65.9031982421875,0.9616549015045166,0.0,0.0,0.24476829171180725,181.03549194335938,21.33172607421875,0.8724871277809143,161.67092895507812,142.09759521484375,0.8684002161026001,149.30471801757812,144.12225341796875,0.9565256237983704,0.0,0.0,0.3492548167705536,155.84146118164062,211.89877319335938,0.6470681428909302,0.0,0.0,0.041802387684583664,0.0,0.0,0.08172813057899475
112,True,176.828125,21.351394653320312,0.9816917181015015,177.59559631347656,16.089378356933594,0.5929872989654541,168.92059326171875,17.147476196289062,0.991040050983429,0.0,0.0,0.01209916640073061,150.71939086914062,24.088356018066406,0.9904016852378845,169.24270629882812,55.06465148925781,0.9578779935836792,143.93382263183594,55.73661804199219,0.990379810333252,186.51904296875,99.77886199951172,0.687336802482605,151.93328857421875,86.98653411865234,0.9729296565055847,211.6793212890625,94.38447570800781,0.6257424354553223,172.27908325195312,48.60496520996094,0.9436484575271606,163.72560119628906,143.52059936523438,0.9387367367744446,148.3410186767578,146.6710205078125,0.9653176069259644,165.95977783203125,207.77996826171875,0.5257431268692017,166.26841735839844,214.77316284179688,0.6860453486442566,0.0,0.0,0.05654889717698097,0.0,0.0,0.07318031787872314
113,True,176.71876525878906,24.39429473876953,0.9745784401893616,177.033935546875,19.461631774902344,0.5734204649925232,170.30279541015625,19.39214324951172,0.9899147748947144,0.0,0.0,0.014775728806853294,151.9298553466797,23.326705932617188,0.9863256812095642,165.98683166503906,56.15924072265625,0.8653512597084045,142.37559509277344,52.47853088378906,0.9871534705162048,0.0,0.0,0.29357439279556274,153.39334106445312,87.6749038696289,0.9544272422790527,0.0,0.0,0.2858399450778961,179.2454833984375,61.72770690917969,0.8897504210472107,163.2669677734375,140.0561065673828,0.8548386693000793,148.1276397705078,141.0427703857422,0.945993959903717,161.20384216308594,205.90736389160156,0.503734290599823,158.0904083251953,209.46168518066406,0.7494539618492126,0.0,0.0,0.09266754239797592,0.0,0.0,0.15564893186092377
114,True,176.9829559326172,27.377395629882812,0.972080409526825,0.0,0.0,0.43420329689979553,171.2721405029297,22.12604522705078,0.9885702729225159,0.0,0.0,0.01055989135056734,152.76730346679688,24.68035125732422,0.9902536273002625,163.90577697753906,57.478355407714844,0.960212230682373,140.1397247314453,54.67380905151367,0.9945456981658936,180.56004333496094,101.48117065429688,0.7526176571846008,155.3834991455078,97.61798858642578,0.9892783761024475,201.6143798828125,75.24270629882812,0.724705159664154,192.2469024658203,73.00247192382812,0.9736767411231995,162.38111877441406,142.54888916015625,0.9563260674476624,146.21682739257812,144.05889892578125,0.9797506928443909,0.0,0.0,0.48112374544143677,152.30419921875,213.40069580078125,0.6792114973068237,0.0,0.0,0.03424496203660965,0.0,0.0,0.04922695457935333
115,True,176.6141357421875,29.466934204101562,0.9683094620704651,0.0,0.0,0.3568018972873688,171.66795349121094,23.909889221191406,0.9861369132995605,0.0,0.0,0.007979323156177998,152.7460479736328,24.830886840820312,0.9894619584083557,163.0946502685547,57.57750701904297,0.9710792899131775,137.41665649414062,54.08344650268555,0.9960764050483704,179.67193603515625,102.03675842285156,0.8695704340934753,150.49359130859375,95.9876708984375,0.9948701858520508,198.90875244140625,74.2490234375,0.86024010181427,189.68594360351562,65.49903869628906,0.9883246421813965,164.35739135742188,143.14596557617188,0.9778190851211548,146.30502319335938,144.6397247314453,0.989427387714386,163.82843017578125,209.556884765625,0.5832853317260742,149.26654052734375,213.5445556640625,0.7549145817756653,0.0,0.0,0.0384005606174469,0.0,0.0,0.05394131317734718
116,True,176.86016845703125,30.543609619140625,0.9638497233390808,0.0,0.0,0.2628541886806488,172.42938232421875,24.40184783935547,0.9889748096466064,0.0,0.0,0.004635808989405632,152.79934692382812,24.99639892578125,0.9926982522010803,156.6446533203125,57.90858459472656,0.9140310883522034,140.2349090576172,57.751007080078125,0.9951090216636658,174.64181518554688,96.8415756225586,0.5747833847999573,160.4178009033203,101.48591613769531,0.9934479594230652,196.96994018554688,69.33748626708984,0.6254217028617859,197.9415740966797,69.7208480834961,0.9846159815788269,157.6418914794922,145.10714721679688,0.913948118686676,146.96929931640625,147.52931213378906,0.974366307258606,0.0,0.0,0.39015859365463257,157.25062561035156,215.91346740722656,0.7046847939491272,0.0,0.0,0.02842419408261776,0.0,0.0,0.05558142811059952
117,True,175.99913024902344,31.235267639160156,0.9775977730751038,0.0,0.0,0.35747230052948,171.9090576171875,25.24322509765625,0.9930170774459839,0.0,0.0,0.006508014630526304,153.1124725341797,25.46099853515625,0.9952771663665771,156.02572631835938,55.631553649902344,0.9601709246635437,142.30908203125,58.425453186035156,0.9969442486763,178.1092987060547,84.15153503417969,0.7695786356925964,169.4756622314453,98.6187744140625,0.9957224130630493,200.25735473632812,64.84072875976562,0.7799973487854004,199.48297119140625,74.45736694335938,0.9896094799041748,157.50230407714844,144.23876953125,0.964354932308197,147.5890350341797,147.63526916503906,0.9875205755233765,0.0,0.0,0.44944220781326294,154.76348876953125,218.7156219482422,0.718237578868866,0.0,0.0,0.02438301220536232,0.0,0.0,0.04204660654067993
118,True,176.26914978027344,31.19725799560547,0.966262936592102,0.0,0.0,0.33021217584609985,171.5922088623047,25.273300170898438,0.988910436630249,0.0,0.0,0.007839834317564964,152.55125427246094,25.473587036132812,0.9924319982528687,155.9178924560547,56.063751220703125,0.9392309784889221,143.60205078125,55.71220779418945,0.995198667049408,177.98770141601562,93.15748596191406,0.6581272482872009,171.62095642089844,96.67921447753906,0.9918748736381531,199.64401245117188,71.01345825195312,0.658759593963623,200.594482421875,73.71794128417969,0.977914035320282,157.88070678710938,142.473876953125,0.9555557370185852,148.5776824951172,144.78292846679688,0.9840818643569946,157.61505126953125,209.23236083984375,0.5216134190559387,154.26039123535156,215.25582885742188,0.7635433673858643,0.0,0.0,0.045068930834531784,0.0,0.0,0.07548832148313522
119,True,176.07672119140625,32.05732727050781,0.9768665432929993,0.0,0.0,0.38555067777633667,171.6961212158203,26.212142944335938,0.9924184083938599,0.0,0.0,0.007275206036865711,153.4073944091797,26.479690551757812,0.9943189024925232,160.34292602539062,59.736915588378906,0.9569016098976135,140.32211303710938,56.05317687988281,0.9968955516815186,178.90191650390625,101.65496826171875,0.7290989756584167,160.80999755859375,96.29617309570312,0.9953693747520447,198.6290740966797,79.24880981445312,0.7375341653823853,191.84327697753906,72.25962829589844,0.9881383776664734,160.0966796875,145.60894775390625,0.9611510038375854,146.0733642578125,146.81637573242188,0.9873177409172058,0.0,0.0,0.43161410093307495,152.91822814941406,218.83682250976562,0.7175698280334473,0.0,0.0,0.023921843618154526,0.0,0.0,0.0440325103700161
120,True,175.99569702148438,32.30279541015625,0.9783619046211243,0.0,0.0,0.4323046803474426,171.5155487060547,26.382278442382812,0.9922847747802734,0.0,0.0,0.009173240512609482,153.29244995117188,26.46973419189453,0.9936098456382751,162.60684204101562,58.812255859375,0.9626949429512024,140.51878356933594,55.64955520629883,0.9965862035751343,180.80679321289062,99.22016906738281,0.7660650014877319,164.42430114746094,94.67171478271484,0.9945118427276611,196.49453735351562,78.27653503417969,0.7558611035346985,191.29127502441406,72.253662109375,0.9856162071228027,161.623291015625,144.95376586914062,0.9638824462890625,145.63023376464844,145.97503662109375,0.9867700338363647,0.0,0.0,0.43244585394859314,148.73878479003906,217.27322387695312,0.6910640597343445,0.0,0.0,0.02414163015782833,0.0,0.0,0.04091734066605568
121,True,175.56056213378906,32.55690002441406,0.9824568033218384,0.0,0.0,0.4703744947910309,171.4732208251953,26.98278045654297,0.9928238391876221,0.0,0.0,0.009699312038719654,153.53875732421875,26.619094848632812,0.9937312006950378,162.498291015625,58.47257995605469,0.9786680340766907,138.87095642089844,55.355865478515625,0.9975995421409607,179.32492065429688,99.99807739257812,0.876885712146759,153.9394989013672,95.48954010009766,0.996483325958252,196.0703125,79.26888275146484,0.8714998364448547,184.5327911376953,67.16300201416016,0.991927981376648,162.32452392578125,143.40463256835938,0.980279803276062,146.04522705078125,144.672607421875,0.9918034076690674,163.7418212890625,210.55508422851562,0.5855409502983093,150.63429260253906,214.46920776367188,0.7846712470054626,0.0,0.0,0.035453833639621735,0.0,0.0,0.05492926761507988
122,True,176.00901794433594,33.168724060058594,0.9720812439918518,0.0,0.0,0.4175093472003937,171.66683959960938,27.12548828125,0.9862672090530396,0.0,0.0,0.010401381179690361,153.40150451660156,26.536575317382812,0.9884840846061707,164.65855407714844,59.18595886230469,0.9781116247177124,135.374267578125,56.693145751953125,0.9959858059883118,180.52020263671875,101.50313568115234,0.9087762236595154,143.6864776611328,98.71332550048828,0.9943755865097046,194.900146484375,77.38729095458984,0.8987134099006653,175.7948760986328,63.29975891113281,0.9888767600059509,165.5626983642578,144.9679412841797,0.9758679866790771,145.71038818359375,146.90438842773438,0.9864470958709717,0.0,0.0,0.46900612115859985,152.8383331298828,216.3934326171875,0.6319947838783264,0.0,0.0,0.020421521738171577,0.0,0.0,0.026866702362895012
123,True,175.88226318359375,33.13232421875,0.9717578291893005,0.0,0.0,0.4134557545185089,171.63235473632812,27.097633361816406,0.9863069653511047,0.0,0.0,0.010378915816545486,153.31021118164062,26.503982543945312,0.988594651222229,164.6142578125,59.15740203857422,0.9769432544708252,135.2796173095703,56.744964599609375,0.9960635304450989,180.40286254882812,101.82743835449219,0.9021583199501038,144.66175842285156,98.28892517089844,0.9944520592689514,193.64376831054688,80.61592102050781,0.8921708464622498,176.56341552734375,63.739627838134766,0.9887996912002563,165.699951171875,144.91796875,0.9758970141410828,145.73036193847656,146.86288452148438,0.9869044423103333,0.0,0.0,0.47491908073425293,152.5620880126953,216.35687255859375,0.6441650390625,0.0,0.0,0.02152884006500244,0.0,0.0,0.028920503333210945
124,True,176.37496948242188,33.23871612548828,0.970106840133667,0.0,0.0,0.49302664399147034,172.03634643554688,27.082008361816406,0.9856128096580505,0.0,0.0,0.01658938080072403,153.34632873535156,26.20220947265625,0.9834395051002502,165.6605987548828,58.84862518310547,0.960960865020752,136.28224182128906,56.085750579833984,0.9914558529853821,183.63345336914062,100.41048431396484,0.7899934649467468,151.96267700195312,99.09425354003906,0.9817584753036499,195.0170440673828,79.24088287353516,0.7637933492660522,188.1278076171875,77.00386047363281,0.9626542925834656,165.2793731689453,143.7753143310547,0.9518656134605408,145.23927307128906,145.2178955078125,0.9716212749481201,0.0,0.0,0.44032227993011475,151.45144653320312,214.18814086914062,0.5882648825645447,0.0,0.0,0.02992147020995617,0.0,0.0,0.03793082758784294
125,True,175.83897399902344,33.009971618652344,0.979343056678772,177.2165069580078,28.794296264648438,0.6470651030540466,171.74085998535156,26.580459594726562,0.9862124919891357,0.0,0.0,0.02830267697572708,153.5724334716797,26.078704833984375,0.9760047793388367,165.57736206054688,62.88814926147461,0.9763503670692444,134.30120849609375,56.28837966918945,0.9866660237312317,182.44937133789062,101.16315460205078,0.848933756351471,143.41525268554688,89.0194091796875,0.9569362998008728,196.0814208984375,81.33256530761719,0.8088683485984802,172.82606506347656,67.27249908447266,0.9355713725090027,164.8525390625,149.39881896972656,0.9647621512413025,144.09678649902344,149.8907928466797,0.9693971276283264,0.0,0.0,0.4913244843482971,152.5558624267578,215.04710388183594,0.5418322682380676,0.0,0.0,0.03470538184046745,0.0,0.0,0.034189339727163315
126,True,175.9370574951172,32.988037109375,0.9809842109680176,177.49032592773438,29.186004638671875,0.5767053365707397,171.83984375,26.407470703125,0.9877525568008423,0.0,0.0,0.020278379321098328,153.4537353515625,26.310028076171875,0.9837194681167603,163.67294311523438,63.646820068359375,0.9858450889587402,135.7974853515625,56.248775482177734,0.9938931465148926,183.1513214111328,99.31633758544922,0.9191598892211914,149.95407104492188,89.03206634521484,0.9853026866912842,197.57589721679688,74.47010803222656,0.8917866349220276,179.62451171875,68.3781509399414,0.974502682685852,163.7637481689453,151.87985229492188,0.9827108979225159,145.31028747558594,151.9120330810547,0.9864863157272339,170.13587951660156,217.21939086914062,0.6297598481178284,157.35354614257812,219.23883056640625,0.7053701281547546,0.0,0.0,0.04541397839784622,0.0,0.0,0.04846520721912384
127,True,176.4022216796875,33.246978759765625,0.9534857869148254,178.47567749023438,28.256271362304688,0.5110425353050232,171.5190887451172,26.6385498046875,0.9638885259628296,0.0,0.0,0.034809090197086334,154.1584930419922,26.35614013671875,0.9394389986991882,167.75035095214844,59.96424102783203,0.9269951581954956,135.9152374267578,57.11915588378906,0.9838533401489258,183.06980895996094,97.31248474121094,0.7104307413101196,139.04611206054688,93.2234115600586,0.9656278491020203,194.71099853515625,85.3372573852539,0.6871963143348694,181.86033630371094,72.85404968261719,0.9357295036315918,163.76318359375,147.517578125,0.8942166566848755,143.45489501953125,149.385009765625,0.9379543662071228,0.0,0.0,0.4234926402568817,157.88792419433594,212.8501434326172,0.5818040370941162,0.0,0.0,0.04743708670139313,0.0,0.0,0.0647239163517952
128,True,175.83262634277344,33.23200988769531,0.9788705110549927,177.41017150878906,29.460617065429688,0.5554159283638,171.71559143066406,26.54889678955078,0.987541139125824,0.0,0.0,0.018218539655208588,153.18321228027344,26.261863708496094,0.9828251004219055,162.75462341308594,64.50699615478516,0.9769901037216187,135.53904724121094,55.44141387939453,0.9931783676147461,181.51229858398438,99.8005599975586,0.8572954535484314,146.7984161376953,84.20118713378906,0.9835241436958313,197.04176330566406,77.04485321044922,0.8293962478637695,177.66372680664062,64.51901245117188,0.9703449606895447,163.08648681640625,151.2170867919922,0.9759954810142517,145.30445861816406,150.66769409179688,0.9847357273101807,168.0797119140625,216.159423828125,0.6126314997673035,156.47576904296875,217.3556365966797,0.7295404672622681,0.0,0.0,0.051768708974123,0.0,0.0,0.06300818175077438
129,True,175.9622802734375,33.13896179199219,0.9846653342247009,177.68765258789062,29.351890563964844,0.5461215376853943,171.79501342773438,26.99139404296875,0.9926847219467163,0.0,0.0,0.012541518546640873,153.67959594726562,26.05156707763672,0.9927876591682434,165.2505645751953,62.8499641418457,0.9849268198013306,134.0790557861328,53.58333206176758,0.9967902302742004,180.18882751464844,100.177490234375,0.9328027963638306,140.72891235351562,82.27755737304688,0.995431661605835,196.15585327148438,81.27278137207031,0.9322035312652588,175.07028198242188,62.10187530517578,0.9922048449516296,164.65042114257812,144.48707580566406,0.9763187766075134,143.72174072265625,144.20309448242188,0.9862472414970398,0.0,0.0,0.42657971382141113,149.24447631835938,210.61697387695312,0.5830198526382446,0.0,0.0,0.01586884632706642,0.0,0.0,0.020184654742479324
130,True,176.43887329101562,33.255592346191406,0.9785445928573608,178.27798461914062,29.022781372070312,0.5317190885543823,172.1388397216797,26.533798217773438,0.9896028637886047,0.0,0.0,0.01360444538295269,153.6918182373047,25.424659729003906,0.9875380992889404,165.6636962890625,62.93412780761719,0.9650496244430542,135.24539184570312,54.43345642089844,0.9932884573936462,181.28317260742188,100.40777587890625,0.8201032280921936,144.91915893554688,85.08393096923828,0.9876914620399475,196.43536376953125,78.88746643066406,0.815341591835022,177.19046020507812,62.26103973388672,0.9773483276367188,164.8642120361328,146.71083068847656,0.9500717520713806,144.743896484375,146.35792541503906,0.9733311533927917,0.0,0.0,0.4540809690952301,151.68447875976562,212.17617797851562,0.6282017827033997,0.0,0.0,0.03249287232756615,0.0,0.0,0.04400224983692169
131,True,177.03866577148438,32.623565673828125,0.980582058429718,178.70956420898438,28.306503295898438,0.5800278782844543,172.21676635742188,26.151473999023438,0.9896608591079712,0.0,0.0,0.015503285452723503,153.25729370117188,25.806854248046875,0.9874364137649536,167.41600036621094,62.759033203125,0.9747529625892639,134.56155395507812,54.82136535644531,0.9916627407073975,181.77688598632812,100.02861022949219,0.8711521625518799,142.4948272705078,85.58707427978516,0.9825437664985657,198.24241638183594,79.88766479492188,0.8545547127723694,175.6031494140625,64.13605499267578,0.9709349274635315,165.19711303710938,145.3167724609375,0.9571917057037354,143.6138458251953,145.02867126464844,0.9699913263320923,167.33560180664062,208.60714721679688,0.5034511685371399,148.82997131347656,210.0360107421875,0.6052489876747131,0.0,0.0,0.03796791657805443,0.0,0.0,0.04195236787199974
132,True,176.8388671875,32.85822296142578,0.9795150756835938,178.7045440673828,28.547523498535156,0.5543042421340942,172.0970458984375,26.01154327392578,0.9901682138442993,0.0,0.0,0.013253691606223583,152.92979431152344,25.170928955078125,0.9877259135246277,164.5941162109375,62.95745849609375,0.9619612693786621,135.2657928466797,53.92889404296875,0.9907902479171753,181.2100830078125,99.08485412597656,0.7931828498840332,145.01358032226562,83.44064331054688,0.9805589318275452,199.72244262695312,78.77571105957031,0.7793176770210266,176.69931030273438,64.18732452392578,0.9657363295555115,163.32284545898438,148.04551696777344,0.9365711212158203,144.11521911621094,147.5394287109375,0.9622570872306824,0.0,0.0,0.40068674087524414,152.94618225097656,213.3997802734375,0.5507175326347351,0.0,0.0,0.028418151661753654,0.0,0.0,0.035814590752124786
133,True,177.05471801757812,33.15840148925781,0.9779981374740601,0.0,0.0,0.49102267622947693,172.386474609375,26.23187255859375,0.9898037910461426,0.0,0.0,0.01000811718404293,152.63735961914062,25.07654571533203,0.9895051121711731,163.70608520507812,62.69789123535156,0.9676997661590576,135.4939422607422,54.2791748046875,0.9921758770942688,182.59642028808594,99.50582885742188,0.8173138499259949,147.69432067871094,85.22205352783203,0.9837824702262878,202.55902099609375,78.536376953125,0.8005261421203613,177.41790771484375,62.39629364013672,0.9710758924484253,163.08250427246094,148.623779296875,0.9482902884483337,145.3029022216797,148.39093017578125,0.9690019488334656,0.0,0.0,0.4494147300720215,158.01710510253906,215.86407470703125,0.6008929014205933,0.0,0.0,0.031395163387060165,0.0,0.0,0.03925411030650139
134,True,177.94960021972656,32.426353454589844,0.9576178789138794,180.12648010253906,27.7283935546875,0.5460416078567505,172.75491333007812,26.252532958984375,0.9658922553062439,0.0,0.0,0.03255259990692139,155.40689086914062,26.294342041015625,0.9399210214614868,170.92591857910156,60.00059509277344,0.9350618124008179,135.88238525390625,54.911376953125,0.9806299805641174,184.42420959472656,96.23225402832031,0.7593247890472412,132.01419067382812,84.49787902832031,0.9596835374832153,198.81005859375,87.61967468261719,0.7448853254318237,175.61569213867188,65.24095916748047,0.9348693490028381,165.36355590820312,145.7310333251953,0.9035884737968445,143.44473266601562,147.00779724121094,0.9344947338104248,0.0,0.0,0.4731017053127289,157.84066772460938,209.90614318847656,0.5900372862815857,0.0,0.0,0.056540120393037796,0.0,0.0,0.06868647038936615
135,True,177.09112548828125,32.18955993652344,0.982572078704834,178.84815979003906,28.3818359375,0.5780580043792725,172.6906280517578,25.50841522216797,0.9906732439994812,0.0,0.0,0.015406648628413677,153.57090759277344,24.81981658935547,0.9868319034576416,165.15484619140625,64.1055679321289,0.9783108830451965,133.60397338867188,52.91664123535156,0.9938610792160034,181.4026641845703,101.64303588867188,0.8695964217185974,139.01947021484375,81.019287109375,0.9865791201591492,200.0057830810547,81.74100494384766,0.8583417534828186,175.75743103027344,64.94815063476562,0.9779338240623474,163.44297790527344,148.9510498046875,0.9767894148826599,142.88491821289062,147.75526428222656,0.9854690432548523,169.0521240234375,214.24429321289062,0.6209893226623535,152.9938201904297,214.0489501953125,0.738241970539093,0.0,0.0,0.050490234047174454,0.0,0.0,0.06134975329041481
136,True,177.05950927734375,32.202484130859375,0.9770565629005432,0.0,0.0,0.48714083433151245,173.14517211914062,25.08489990234375,0.987223744392395,0.0,0.0,0.01304773148149252,154.0421142578125,23.446395874023438,0.9843073487281799,163.31019592285156,63.444278717041016,0.9781572222709656,133.436279296875,51.667884826660156,0.9944913387298584,181.2836456298828,101.54299926757812,0.8790121674537659,141.31781005859375,81.08101654052734,0.989154040813446,199.79393005371094,80.53488159179688,0.8656133413314819,176.97015380859375,62.923526763916016,0.9812225699424744,162.7278594970703,152.064453125,0.980641782283783,143.384521484375,150.82467651367188,0.9883814454078674,169.921630859375,217.54446411132812,0.6287111043930054,157.56019592285156,217.4129638671875,0.7568300366401672,0.0,0.0,0.04865853860974312,0.0,0.0,0.06201915815472603
137,True,176.8430938720703,32.784820556640625,0.9671688079833984,0.0,0.0,0.35755056142807007,173.31541442871094,26.127914428710938,0.9842109680175781,0.0,0.0,0.009852353483438492,155.02439880371094,23.55389404296875,0.9880414009094238,165.61758422851562,61.3791389465332,0.9793741703033447,132.84642028808594,51.20909881591797,0.9968559741973877,183.1156463623047,100.83430480957031,0.9245097041130066,137.73733520507812,81.6077880859375,0.9964672327041626,197.61215209960938,80.06912231445312,0.9295206665992737,178.41635131835938,59.76262283325195,0.9935595989227295,165.55506896972656,143.70065307617188,0.9799137115478516,144.0455322265625,143.25949096679688,0.9896390438079834,0.0,0.0,0.4984203577041626,152.4188995361328,210.5118408203125,0.682204008102417,0.0,0.0,0.02121540531516075,0.0,0.0,0.03011993132531643
138,True,177.27490234375,32.1334228515625,0.9665274620056152,0.0,0.0,0.3305603861808777,173.7496795654297,25.357582092285156,0.9876918196678162,0.0,0.0,0.0071695526130497456,155.38320922851562,22.561866760253906,0.9910324215888977,164.8546905517578,60.75033187866211,0.9600250720977783,133.18557739257812,50.31800842285156,0.9972033500671387,180.36805725097656,105.07508087158203,0.8121994733810425,139.22357177734375,85.32939147949219,0.9967160224914551,197.41123962402344,84.38914489746094,0.8322463631629944,177.7949981689453,59.58850860595703,0.9924585223197937,164.92718505859375,142.7232666015625,0.967723548412323,143.84991455078125,142.13475036621094,0.9889785647392273,0.0,0.0,0.45363709330558777,150.49496459960938,210.0855255126953,0.7269021272659302,0.0,0.0,0.024374153465032578,0.0,0.0,0.044711798429489136
139,True,178.3543243408203,32.2041015625,0.9708238244056702,0.0,0.0,0.34587302803993225,174.4828643798828,25.483177185058594,0.9903579354286194,0.0,0.0,0.005758916027843952,155.04864501953125,23.016250610351562,0.991113007068634,163.38389587402344,59.35693359375,0.9263229370117188,133.3669891357422,52.85223388671875,0.9961563944816589,180.56947326660156,104.0191650390625,0.6160650849342346,140.13568115234375,94.4672622680664,0.9944540858268738,201.6215362548828,78.2597427368164,0.658029317855835,180.36656188964844,62.23163604736328,0.9867144227027893,162.53370666503906,144.8824462890625,0.9323256015777588,143.20530700683594,145.87472534179688,0.9808535575866699,0.0,0.0,0.44681549072265625,153.12149047851562,211.80474853515625,0.7593839168548584,0.0,0.0,0.037996090948581696,0.0,0.0,0.0771976038813591
140,True,178.51303100585938,31.848228454589844,0.9442430734634399,0.0,0.0,0.3194252550601959,174.3806610107422,25.29944610595703,0.976205050945282,0.0,0.0,0.010850930586457253,155.94760131835938,23.189041137695312,0.978126585483551,166.84645080566406,59.67986297607422,0.9115784168243408,133.07757568359375,51.62191390991211,0.9940102100372314,180.37347412109375,99.03849029541016,0.6272004842758179,132.01646423339844,85.802978515625,0.9910936951637268,199.40133666992188,77.10562133789062,0.6334502696990967,176.37576293945312,64.67509460449219,0.9777364134788513,167.76605224609375,144.72854614257812,0.925529420375824,144.84927368164062,145.1043701171875,0.9748038053512573,0.0,0.0,0.30017706751823425,150.87452697753906,208.4244842529297,0.5857740044593811,0.0,0.0,0.019392725080251694,0.0,0.0,0.03807181864976883
141,True,179.1298370361328,32.05389404296875,0.9695204496383667,0.0,0.0,0.32313454151153564,175.37876892089844,25.497352600097656,0.9892024397850037,0.0,0.0,0.00528600811958313,155.48568725585938,23.268280029296875,0.9907453060150146,162.07041931152344,59.49644470214844,0.9380230903625488,134.8252410888672,52.67121124267578,0.9953519105911255,178.57591247558594,102.210205078125,0.7162653803825378,139.955322265625,90.89340209960938,0.9941439032554626,200.71923828125,85.01266479492188,0.756810188293457,180.6171112060547,67.1471939086914,0.9882553815841675,161.73941040039062,146.2292022705078,0.9407086968421936,144.132080078125,146.9861297607422,0.9794772863388062,0.0,0.0,0.4021120071411133,154.49990844726562,214.72732543945312,0.6817876100540161,0.0,0.0,0.025584809482097626,0.0,0.0,0.04606069251894951
142,True,178.81390380859375,32.301513671875,0.9660695791244507,0.0,0.0,0.2772986590862274,175.48915100097656,25.778976440429688,0.9877448678016663,0.0,0.0,0.004486716352403164,155.4680938720703,23.212615966796875,0.9908214807510376,160.7376708984375,60.05876159667969,0.9475842714309692,133.6289520263672,51.57179260253906,0.9958354234695435,178.63778686523438,100.18024444580078,0.7635732293128967,135.86627197265625,88.02217864990234,0.9949656128883362,201.68618774414062,82.91639709472656,0.8029544949531555,178.7572784423828,68.64832305908203,0.9906402826309204,161.00999450683594,145.87548828125,0.9520694613456726,144.41439819335938,146.0510711669922,0.9827989935874939,0.0,0.0,0.46282047033309937,159.02516174316406,213.4138641357422,0.7270609736442566,0.0,0.0,0.029928725212812424,0.0,0.0,0.052581075578927994
143,True,179.69052124023438,32.15135192871094,0.9783350825309753,0.0,0.0,0.49634337425231934,174.6910858154297,24.819915771484375,0.9892078042030334,0.0,0.0,0.01261621993035078,153.7821044921875,23.987998962402344,0.9844393134117126,163.77857971191406,63.076751708984375,0.9613562226295471,133.6508026123047,56.66511535644531,0.9938363432884216,179.7939453125,101.95822143554688,0.7713346481323242,137.81463623046875,94.07974243164062,0.9869692325592041,201.7142333984375,85.69331359863281,0.779371976852417,182.0443115234375,81.25885772705078,0.9779184460639954,162.9443359375,154.58123779296875,0.9516660571098328,143.87245178222656,155.40113830566406,0.9765433669090271,0.0,0.0,0.46561047434806824,158.05322265625,217.7425994873047,0.6629683971405029,0.0,0.0,0.03488311916589737,0.0,0.0,0.051182691007852554
144,True,179.08746337890625,32.10215759277344,0.9770390391349792,0.0,0.0,0.3768923282623291,175.18568420410156,25.4471435546875,0.9921771883964539,0.0,0.0,0.005617836024612188,154.55165100097656,23.63916778564453,0.9927850961685181,161.93197631835938,60.48341369628906,0.9495465159416199,133.53228759765625,53.49220275878906,0.9961362481117249,179.49293518066406,100.36935424804688,0.7477935552597046,139.716064453125,90.70451354980469,0.9947121143341064,198.95504760742188,77.38668823242188,0.7836121320724487,180.81524658203125,67.74542236328125,0.9894457459449768,162.43173217773438,146.39601135253906,0.9470776915550232,144.0966033935547,146.97215270996094,0.9814453721046448,0.0,0.0,0.42172712087631226,152.18984985351562,215.82960510253906,0.692486047744751,0.0,0.0,0.02583550661802292,0.0,0.0,0.04523902013897896
145,True,178.57785034179688,32.238319396972656,0.9733960032463074,0.0,0.0,0.35949188470840454,174.8787078857422,25.224891662597656,0.9904459714889526,0.0,0.0,0.006021748762577772,154.3278350830078,22.813247680664062,0.9913793802261353,161.52703857421875,61.18463134765625,0.9475327730178833,133.4774169921875,52.89617919921875,0.9953752756118774,179.78489685058594,102.20182800292969,0.7293304800987244,142.98521423339844,90.43611907958984,0.9931476712226868,200.62994384765625,82.43955993652344,0.75853431224823,184.8568115234375,69.65543365478516,0.9861905574798584,161.8904266357422,148.162353515625,0.9435031414031982,143.9478759765625,148.1575469970703,0.9788792133331299,0.0,0.0,0.4076130986213684,154.2183380126953,217.11834716796875,0.6690642833709717,0.0,0.0,0.02558075450360775,0.0,0.0,0.043646443635225296
146,True,178.87440490722656,31.91179656982422,0.9776816368103027,0.0,0.0,0.3970510959625244,174.6153564453125,25.17230224609375,0.991763710975647,0.0,0.0,0.006245413329452276,153.97213745117188,23.96551513671875,0.9930771589279175,162.37863159179688,62.39842224121094,0.963773250579834,134.2915496826172,53.43975830078125,0.9957263469696045,179.78599548339844,101.63166809082031,0.7979787588119507,143.7165069580078,86.92593383789062,0.993058443069458,199.97671508789062,81.90571594238281,0.807388186454773,181.8028106689453,66.6541976928711,0.9864118099212646,161.5207977294922,147.99493408203125,0.9557889699935913,143.76275634765625,147.69166564941406,0.9808782339096069,0.0,0.0,0.4604613780975342,155.4156951904297,215.87008666992188,0.6831527352333069,0.0,0.0,0.029539724811911583,0.0,0.0,0.04507642239332199
147,True,178.08975219726562,31.64350128173828,0.9688301086425781,0.0,0.0,0.34369584918022156,174.14907836914062,24.98809814453125,0.9880557060241699,0.0,0.0,0.007016255985945463,154.5377960205078,23.82689666748047,0.991506040096283,163.0370330810547,61.313941955566406,0.9657796025276184,133.14370727539062,53.50636291503906,0.9961697459220886,178.970947265625,101.99775695800781,0.8421569466590881,144.0240020751953,86.6087646484375,0.9947518706321716,195.77947998046875,85.60623168945312,0.8412992358207703,183.051513671875,65.17363739013672,0.9885478019714355,164.72940063476562,147.27169799804688,0.9699153900146484,144.21591186523438,147.8647003173828,0.9866677522659302,0.0,0.0,0.41196078062057495,149.60205078125,218.7699432373047,0.6290844678878784,0.0,0.0,0.01887119747698307,0.0,0.0,0.028521602973341942
148,True,178.12948608398438,31.7852783203125,0.9695232510566711,0.0,0.0,0.35596418380737305,174.1522674560547,24.978965759277344,0.9878684878349304,0.0,0.0,0.0076202694326639175,154.36061096191406,23.588348388671875,0.9911407828330994,163.23641967773438,61.11139678955078,0.9682917594909668,133.94085693359375,53.68644332885742,0.9959730505943298,179.29501342773438,101.7997055053711,0.8472043871879578,147.84469604492188,87.2383804321289,0.993989109992981,194.73582458496094,86.32786560058594,0.8406510353088379,184.47621154785156,65.97315979003906,0.9868114590644836,164.58155822753906,148.37896728515625,0.9693222641944885,144.57130432128906,148.87098693847656,0.9855290055274963,0.0,0.0,0.4039423167705536,150.53225708007812,219.560546875,0.6065734624862671,0.0,0.0,0.018416881561279297,0.0,0.0,0.026722803711891174
149,True,179.4913330078125,31.305694580078125,0.9182883501052856,0.0,0.0,0.28530776500701904,174.23477172851562,24.6397705078125,0.9457950592041016,0.0,0.0,0.013336424715816975,155.2432403564453,25.480667114257812,0.942459225654602,166.3101348876953,59.164794921875,0.8943966627120972,137.33828735351562,57.87922668457031,0.980311393737793,184.728759765625,100.08150482177734,0.6433165073394775,142.32899475097656,98.09709167480469,0.967073917388916,200.368408203125,88.64877319335938,0.6388522982597351,183.75428771972656,74.02186584472656,0.9396635890007019,160.37693786621094,148.71420288085938,0.8704938292503357,142.70468139648438,151.2884521484375,0.9287725687026978,0.0,0.0,0.38831669092178345,163.44723510742188,213.3166046142578,0.5698035359382629,0.0,0.0,0.04268046095967293,0.0,0.0,0.060355059802532196
150,True,179.4753875732422,31.299774169921875,0.9589359760284424,0.0,0.0,0.2735503911972046,175.56930541992188,24.152923583984375,0.9848264455795288,0.0,0.0,0.004968686494976282,154.67437744140625,23.027191162109375,0.9897971153259277,159.81883239746094,62.01060485839844,0.9354152083396912,135.85354614257812,54.52709197998047,0.9916980266571045,179.1172637939453,102.10861206054688,0.6967013478279114,150.2022247314453,90.78319549560547,0.9869750738143921,199.98402404785156,83.58287048339844,0.7046256065368652,183.85000610351562,68.13702392578125,0.9747118353843689,160.39151000976562,150.09982299804688,0.9174321889877319,145.0431365966797,150.36741638183594,0.9625469446182251,0.0,0.0,0.30891674757003784,158.64541625976562,217.07449340820312,0.5251861810684204,0.0,0.0,0.01888149231672287,0.0,0.0,0.028639839962124825
151,True,178.59060668945312,30.450531005859375,0.9076794385910034,0.0,0.0,0.2574054002761841,173.5477752685547,24.094390869140625,0.9408363699913025,0.0,0.0,0.012165751308202744,155.19271850585938,24.965225219726562,0.9436575770378113,166.34461975097656,58.742279052734375,0.8919708728790283,136.53611755371094,56.88658905029297,0.9798322916030884,181.8967742919922,98.64579010009766,0.6672245264053345,139.2729949951172,94.69911193847656,0.9707131385803223,199.28726196289062,89.20925903320312,0.6655761003494263,182.4747772216797,72.43775177001953,0.9472882747650146,162.11277770996094,147.93402099609375,0.8810067772865295,143.4779052734375,150.50807189941406,0.9350728988647461,0.0,0.0,0.4035506844520569,160.8169708251953,212.39312744140625,0.5839264392852783,0.0,0.0,0.044670816510915756,0.0,0.0,0.06289634853601456
152,True,178.97744750976562,29.759506225585938,0.8682644963264465,0.0,0.0,0.17390522360801697,174.62660217285156,23.434219360351562,0.907464861869812,0.0,0.0,0.011014094576239586,156.34249877929688,23.767532348632812,0.9347575902938843,162.00973510742188,57.3125,0.9044250845909119,137.64190673828125,55.673614501953125,0.9795628786087036,179.10301208496094,98.51143646240234,0.7220832109451294,139.89915466308594,95.2633285522461,0.9717036485671997,200.25634765625,85.98995971679688,0.7049512267112732,182.27410888671875,70.87379455566406,0.9486700296401978,158.31248474121094,149.41543579101562,0.8867363333702087,143.78057861328125,152.21897888183594,0.9326543807983398,0.0,0.0,0.3722335696220398,165.29847717285156,214.2684783935547,0.5326154232025146,0.0,0.0,0.03380262106657028,0.0,0.0,0.04549873247742653
153,True,175.52548217773438,26.1966552734375,0.9255566000938416,0.0,0.0,0.32304221391677856,170.10401916503906,19.958480834960938,0.9463710188865662,0.0,0.0,0.016151851043105125,152.0936737060547,22.273956298828125,0.9436069130897522,166.0326385498047,57.852516174316406,0.9211938977241516,134.2744598388672,56.30973815917969,0.981680154800415,183.38571166992188,98.24300384521484,0.7326712012290955,135.20913696289062,93.6942138671875,0.970421314239502,199.292724609375,86.4189682006836,0.7215209603309631,176.9220733642578,65.16422271728516,0.9489444494247437,161.66590881347656,147.27804565429688,0.8897141814231873,142.41531372070312,149.95562744140625,0.9332160353660583,0.0,0.0,0.4192737638950348,161.86668395996094,210.13619995117188,0.5749555826187134,0.0,0.0,0.04318379610776901,0.0,0.0,0.05724892020225525
154,True,177.7911376953125,21.622451782226562,0.9637178778648376,0.0,0.0,0.30937138199806213,171.5217742919922,16.281951904296875,0.9844680428504944,0.0,0.0,0.005202357191592455,151.87913513183594,21.017425537109375,0.9912030696868896,166.4509735107422,59.01759338378906,0.9701052904129028,134.48507690429688,52.97454071044922,0.9936907291412354,181.752197265625,100.45086669921875,0.8598378300666809,138.3983612060547,89.01983642578125,0.9905822277069092,200.36585998535156,77.73036193847656,0.8484516739845276,176.40663146972656,63.60040283203125,0.9835343956947327,163.8647918701172,144.85606384277344,0.9609677195549011,144.29437255859375,145.91729736328125,0.9774473905563354,0.0,0.0,0.4750816524028778,162.02584838867188,213.8057861328125,0.6340802907943726,0.0,0.0,0.02756342850625515,0.0,0.0,0.03460553288459778
155,True,175.72279357910156,18.96515655517578,0.9518647789955139,0.0,0.0,0.2895510196685791,169.25418090820312,13.703010559082031,0.9796378016471863,0.0,0.0,0.005483303684741259,150.02442932128906,20.163291931152344,0.9872625470161438,163.9212646484375,58.085044860839844,0.9397944211959839,137.3560791015625,54.46112060546875,0.9873297214508057,179.88743591308594,99.42250061035156,0.7271043658256531,149.31878662109375,93.58238220214844,0.9801118969917297,194.53012084960938,68.15255737304688,0.7172209620475769,182.6039276123047,63.3792724609375,0.964931309223175,161.32684326171875,144.9634246826172,0.9246382117271423,144.46034240722656,146.1055908203125,0.9581699371337891,0.0,0.0,0.40501126646995544,158.3851776123047,213.98593139648438,0.5751534104347229,0.0,0.0,0.028357313945889473,0.0,0.0,0.03668449446558952
156,True,174.93328857421875,21.705795288085938,0.9441096782684326,0.0,0.0,0.3088454008102417,168.5888214111328,15.445892333984375,0.9689472913742065,0.0,0.0,0.009206995368003845,148.7643280029297,19.18663787841797,0.976421058177948,163.0911407470703,56.957679748535156,0.9423644542694092,136.01953125,54.485015869140625,0.9848940968513489,184.4550018310547,102.56188201904297,0.7304288148880005,150.89706420898438,99.26705169677734,0.9707061052322388,200.1685333251953,80.16666412353516,0.692128598690033,184.233154296875,68.76461029052734,0.9451059103012085,160.5155792236328,147.09994506835938,0.8917222023010254,144.4131622314453,148.9037628173828,0.93166184425354,0.0,0.0,0.34463614225387573,0.0,0.0,0.48794692754745483,0.0,0.0,0.026667239144444466,0.0,0.0,0.03322277218103409
157,True,174.48768615722656,17.4862060546875,0.9601283669471741,0.0,0.0,0.38593512773513794,167.53648376464844,12.028587341308594,0.9698221683502197,0.0,0.0,0.012608352117240429,149.37547302246094,18.775894165039062,0.9755590558052063,168.54843139648438,57.85126495361328,0.9860275983810425,137.67446899414062,53.26471710205078,0.9904664754867554,189.9839324951172,101.0840835571289,0.945446789264679,150.7947540283203,92.45759582519531,0.9845994114875793,206.9810028076172,65.1820297241211,0.9189139008522034,180.14205932617188,57.333343505859375,0.9740642309188843,164.65652465820312,149.7029266357422,0.9786655306816101,145.16616821289062,150.39932250976562,0.9794635772705078,165.22409057617188,217.73098754882812,0.5532302856445312,161.5384063720703,220.51434326171875,0.5926477909088135,0.0,0.0,0.026639830321073532,0.0,0.0,0.024700945243239403
158,True,174.27647399902344,18.193679809570312,0.9395089745521545,0.0,0.0,0.23973974585533142,167.88104248046875,13.399948120117188,0.9555732607841492,0.0,0.0,0.007911687716841698,150.03651428222656,20.991294860839844,0.9739936590194702,166.8174591064453,56.72209167480469,0.9840901494026184,139.67904663085938,52.58527374267578,0.9927908182144165,194.74285888671875,95.71958923339844,0.9515876770019531,156.19931030273438,89.704345703125,0.9921785593032837,208.32351684570312,56.59016418457031,0.9284206032752991,184.99302673339844,50.384307861328125,0.9850565791130066,163.84739685058594,150.50222778320312,0.9807190895080566,146.822021484375,151.01573181152344,0.9845847487449646,0.0,0.0,0.47464028000831604,168.31639099121094,220.37286376953125,0.5699262022972107,0.0,0.0,0.01703631691634655,0.0,0.0,0.018327733501791954
159,True,174.2272186279297,17.92357635498047,0.9325595498085022,0.0,0.0,0.28488942980766296,167.21229553222656,13.108924865722656,0.9516357183456421,0.0,0.0,0.009554484859108925,148.93341064453125,20.205825805664062,0.9620331525802612,168.88006591796875,53.14117431640625,0.9625070691108704,138.54052734375,51.931297302246094,0.9869717955589294,197.5535888671875,94.44815826416016,0.8649747967720032,154.07748413085938,95.07018280029297,0.9813641905784607,202.89410400390625,47.88469696044922,0.8115774989128113,181.91177368164062,46.33538818359375,0.9614251852035522,164.84841918945312,149.3433074951172,0.9497315287590027,146.04196166992188,150.89051818847656,0.9644839763641357,0.0,0.0,0.32797080278396606,0.0,0.0,0.4461210072040558,0.0,0.0,0.01444982085376978,0.0,0.0,0.017062989994883537
160,True,173.51101684570312,14.169548034667969,0.9275011420249939,0.0,0.0,0.39509448409080505,166.4335479736328,9.553390502929688,0.9204509258270264,0.0,0.0,0.025288837030529976,150.41197204589844,18.6903076171875,0.9290139079093933,168.29762268066406,54.51611328125,0.978472113609314,144.21054077148438,50.32508850097656,0.9679180383682251,191.85008239746094,96.5966796875,0.9179140329360962,162.21450805664062,87.29586029052734,0.9292078614234924,206.81997680664062,68.27008819580078,0.8481836915016174,181.3779754638672,54.37071990966797,0.8842676877975464,160.35604858398438,148.80447387695312,0.9681771397590637,145.51243591308594,148.97793579101562,0.9562281370162964,161.1988067626953,217.01873779296875,0.5309702157974243,0.0,0.0,0.48506665229797363,0.0,0.0,0.034820202738046646,0.0,0.0,0.026394665241241455
161,True,170.96485900878906,16.58112335205078,0.918067216873169,0.0,0.0,0.3229862153530121,164.26133728027344,12.288917541503906,0.9207294583320618,0.0,0.0,0.01902713067829609,149.35595703125,21.163070678710938,0.9318432807922363,165.9521942138672,56.466156005859375,0.9606145620346069,146.13682556152344,50.489479064941406,0.9784030914306641,190.9666748046875,99.98445129394531,0.8458176255226135,166.19607543945312,72.4904556274414,0.9653202891349792,205.07806396484375,67.29560852050781,0.7781247496604919,181.4294891357422,17.186302185058594,0.9287559986114502,158.9215087890625,148.24192810058594,0.9563912153244019,146.60055541992188,147.88600158691406,0.9646198153495789,0.0,0.0,0.47167161107063293,167.85067749023438,217.3440399169922,0.5612945556640625,0.0,0.0,0.030099138617515564,0.0,0.0,0.033249884843826294
162,True,173.91212463378906,22.876510620117188,0.9105862975120544,0.0,0.0,0.33895787596702576,166.84727478027344,18.94152069091797,0.8906975984573364,0.0,0.0,0.02224155142903328,152.3223114013672,27.536056518554688,0.9209365248680115,165.53695678710938,62.929229736328125,0.9745542407035828,148.8992919921875,50.00416564941406,0.9693179130554199,186.43804931640625,103.76138305664062,0.9277709722518921,165.90505981445312,58.097007751464844,0.9494401216506958,204.26107788085938,74.07294464111328,0.8853611946105957,183.70327758789062,4.5072479248046875,0.9170630574226379,157.85641479492188,148.6881103515625,0.9663326144218445,148.309814453125,147.00967407226562,0.9560976028442383,0.0,0.0,0.49193209409713745,0.0,0.0,0.46196457743644714,0.0,0.0,0.027564266696572304,0.0,0.0,0.021755848079919815
163,True,153.95074462890625,24.163131713867188,0.5973678827285767,0.0,0.0,0.24892425537109375,0.0,0.0,0.2920360863208771,0.0,0.0,0.19704143702983856,0.0,0.0,0.30360040068626404,161.59466552734375,54.40138244628906,0.9672873616218567,147.74789428710938,50.30925750732422,0.8875591158866882,185.20779418945312,104.50413513183594,0.9404389262199402,173.85586547851562,95.43782043457031,0.8240258693695068,202.15061950683594,76.96083068847656,0.8866125345230103,193.75491333007812,66.95890045166016,0.751724898815155,158.04019165039062,145.24136352539062,0.9519301056861877,149.65579223632812,144.93002319335938,0.9055278301239014,0.0,0.0,0.44830721616744995,0.0,0.0,0.32844769954681396,0.0,0.0,0.02576478384435177,0.0,0.0,0.017686549574136734
164,True,171.61888122558594,26.261146545410156,0.5180143713951111,0.0,0.0,0.11789531260728836,0.0,0.0,0.3492748737335205,0.0,0.0,0.06086516007781029,158.3583984375,24.055068969726562,0.5387784242630005,164.28062438964844,57.119232177734375,0.9435868859291077,153.09669494628906,50.45759582519531,0.8895144462585449,186.9098663330078,104.32237243652344,0.8852131366729736,177.77676391601562,94.62538146972656,0.8146393895149231,200.8324432373047,75.9372329711914,0.7974745631217957,200.55686950683594,71.4092025756836,0.713585376739502,158.07687377929688,145.4470977783203,0.9500426650047302,151.92210388183594,144.08351135253906,0.9178857207298279,150.2620849609375,213.61692810058594,0.5319861769676208,0.0,0.0,0.42859601974487305,0.0,0.0,0.046431295573711395,0.0,0.0,0.032236408442258835
165,True,180.489501953125,32.24224090576172,0.8737644553184509,0.0,0.0,0.2795974612236023,176.58836364746094,26.53570556640625,0.8991737961769104,0.0,0.0,0.04197211191058159,162.30422973632812,25.131454467773438,0.9467005133628845,157.53057861328125,57.74583435058594,0.9250800013542175,160.7003631591797,48.59508514404297,0.9706379175186157,175.78619384765625,106.54537963867188,0.6102794408798218,182.3552703857422,79.982666015625,0.9105185866355896,197.56983947753906,90.12124633789062,0.5340718030929565,200.9573974609375,54.524925231933594,0.8169880509376526,151.5250701904297,142.76560974121094,0.8806931972503662,155.47027587890625,141.1944580078125,0.9115961194038391,0.0,0.0,0.4189833104610443,173.78326416015625,209.70199584960938,0.5187594294548035,0.0,0.0,0.04403018578886986,0.0,0.0,0.05044382065534592
166,True,180.54957580566406,32.794212341308594,0.8428298830986023,0.0,0.0,0.24900317192077637,177.1453094482422,27.77680206298828,0.8685004711151123,0.0,0.0,0.03733722120523453,164.75204467773438,27.714370727539062,0.9309493899345398,162.85671997070312,60.8292236328125,0.9195274710655212,160.5075225830078,50.266998291015625,0.9650413990020752,178.35589599609375,104.82830810546875,0.6542971730232239,178.48284912109375,75.3604736328125,0.9155808091163635,198.29876708984375,95.08807373046875,0.5883193016052246,198.18942260742188,55.84886169433594,0.8371690511703491,155.50831604003906,142.2698516845703,0.8997610211372375,155.28004455566406,140.19468688964844,0.922648549079895,0.0,0.0,0.4828464984893799,172.58062744140625,204.63015747070312,0.5728562474250793,0.0,0.0,0.05977148935198784,0.0,0.0,0.0669284537434578
167,True,182.76852416992188,31.06842041015625,0.9073143005371094,0.0,0.0,0.37691715359687805,178.03111267089844,26.595382690429688,0.9161478281021118,0.0,0.0,0.019777264446020126,163.0749053955078,27.812088012695312,0.9135964512825012,167.22573852539062,64.33880615234375,0.9118225574493408,158.94482421875,40.51873016357422,0.9160318374633789,185.4354705810547,99.84546661376953,0.7342857718467712,170.11224365234375,15.932441711425781,0.8503818511962891,204.44996643066406,90.00297546386719,0.7093557715415955,183.07054138183594,0.0,0.8088445663452148,160.36166381835938,144.45779418945312,0.9394806027412415,155.04510498046875,138.74026489257812,0.9341318011283875,159.8750762939453,208.78958129882812,0.6085093021392822,166.28268432617188,208.96470642089844,0.606553852558136,0.0,0.0,0.09057645499706268,0.0,0.0,0.07940009236335754
168,True,182.5637969970703,31.72991943359375,0.6953160166740417,0.0,0.0,0.2246301919221878,179.3221893310547,27.228904724121094,0.6666754484176636,0.0,0.0,0.03027382679283619,166.08253479003906,26.15386962890625,0.6952718496322632,167.19366455078125,56.74911880493164,0.7498279809951782,159.4090576171875,36.978759765625,0.747523307800293,0.0,0.0,0.45292288064956665,158.9496307373047,27.986839294433594,0.5393220782279968,0.0,0.0,0.3614749610424042,0.0,0.0,0.44142746925354004,161.17076110839844,142.408935546875,0.8892566561698914,156.477783203125,137.068603515625,0.8778454065322876,159.4786834716797,211.077880859375,0.5611386895179749,166.31065368652344,208.16905212402344,0.5381765961647034,0.0,0.0,0.13097481429576874,0.0,0.0,0.11584518849849701
169,True,184.314208984375,28.76136016845703,0.6903154850006104,0.0,0.0,0.18986403942108154,181.1016082763672,24.330413818359375,0.7084255814552307,0.0,0.0,0.02596915327012539,167.98199462890625,24.898300170898438,0.8112838268280029,168.61624145507812,56.290157318115234,0.7998839020729065,160.01348876953125,40.0277099609375,0.8184287548065186,0.0,0.0,0.47225701808929443,160.367919921875,45.633094787597656,0.6128831505775452,0.0,0.0,0.3549982011318207,0.0,0.0,0.485841304063797,162.79806518554688,140.00433349609375,0.9031367897987366,157.64483642578125,135.77777099609375,0.8977702260017395,163.81314086914062,208.3280487060547,0.5976718068122864,169.19024658203125,205.65411376953125,0.5891359448432922,0.0,0.0,0.14369305968284607,0.0,0.0,0.1298564076423645
170,True,183.72557067871094,28.244552612304688,0.6545555591583252,0.0,0.0,0.12416290491819382,179.72454833984375,23.77265167236328,0.7132723331451416,0.0,0.0,0.01753050461411476,165.6141815185547,24.010910034179688,0.845104455947876,167.20870971679688,48.68677520751953,0.6383339166641235,156.63973999023438,49.23481750488281,0.9114335179328918,0.0,0.0,0.21660631895065308,143.16030883789062,84.4935302734375,0.7559962272644043,0.0,0.0,0.17631413042545319,131.6019287109375,89.58226776123047,0.6097087860107422,161.05422973632812,139.64915466308594,0.8139345645904541,156.19285583496094,140.75741577148438,0.8958178758621216,0.0,0.0,0.46202459931373596,168.12548828125,207.05064392089844,0.6049836874008179,0.0,0.0,0.1082761287689209,0.0,0.0,0.14291737973690033
171,True,184.5362091064453,27.87017822265625,0.6964280605316162,0.0,0.0,0.18903230130672455,180.4101104736328,24.10357666015625,0.6968122124671936,0.0,0.0,0.02030048333108425,166.6410369873047,25.90789031982422,0.7897987365722656,168.82504272460938,55.35062789916992,0.7731033563613892,161.72499084472656,38.861724853515625,0.7663754820823669,0.0,0.0,0.481393039226532,167.67669677734375,27.12395477294922,0.5821530818939209,0.0,0.0,0.34940850734710693,0.0,0.0,0.45615050196647644,161.79200744628906,141.66603088378906,0.9065184593200684,156.60581970214844,137.7950897216797,0.8933299779891968,163.2001495361328,210.08041381835938,0.587756335735321,167.6477813720703,209.7791748046875,0.5589330196380615,0.0,0.0,0.1385997086763382,0.0,0.0,0.11790652573108673
172,True,183.08905029296875,27.567977905273438,0.6114991903305054,0.0,0.0,0.1536124050617218,179.13279724121094,23.121673583984375,0.6377826929092407,0.0,0.0,0.024501994252204895,165.85891723632812,23.673599243164062,0.7756690382957458,168.6530303955078,48.95086669921875,0.6994349956512451,157.3235321044922,47.476287841796875,0.8205859661102295,0.0,0.0,0.32167965173721313,146.73089599609375,82.37223815917969,0.563751757144928,0.0,0.0,0.22639043629169464,0.0,0.0,0.43171292543411255,162.787353515625,138.88577270507812,0.867752730846405,156.20465087890625,139.1793975830078,0.882980227470398,162.00640869140625,205.6563262939453,0.5414155721664429,164.8344268798828,205.71498107910156,0.5679847598075867,0.0,0.0,0.1352686583995819,0.0,0.0,0.1347559541463852
173,True,182.34912109375,27.16802215576172,0.7734830975532532,0.0,0.0,0.17696262896060944,177.5357208251953,22.83342742919922,0.8377821445465088,0.0,0.0,0.010762161575257778,161.52981567382812,25.296859741210938,0.8912849426269531,171.79238891601562,54.19350814819336,0.7678831219673157,151.41734313964844,49.284339904785156,0.9026417136192322,0.0,0.0,0.40923795104026794,142.54620361328125,83.43220520019531,0.7918807864189148,0.0,0.0,0.35229459404945374,132.69354248046875,96.37469482421875,0.707001268863678,165.0381317138672,137.97084045410156,0.896836519241333,152.910400390625,136.7034912109375,0.9244871735572815,162.56959533691406,203.17189025878906,0.5582386255264282,161.1091766357422,200.91012573242188,0.6255496144294739,0.0,0.0,0.12090322375297546,0.0,0.0,0.12855097651481628
174,True,187.2804412841797,30.038963317871094,0.6847776770591736,0.0,0.0,0.14762741327285767,184.04840087890625,25.25628662109375,0.7191849946975708,0.0,0.0,0.018942151218652725,169.58670043945312,24.485931396484375,0.873936116695404,157.86282348632812,55.11367416381836,0.7511380910873413,163.92556762695312,37.64244079589844,0.8303710222244263,0.0,0.0,0.4335409998893738,170.52572631835938,18.640884399414062,0.6513000726699829,0.0,0.0,0.3402651250362396,181.25247192382812,0.0,0.5305119156837463,155.8408203125,141.5038604736328,0.9046466946601868,158.27102661132812,138.2487030029297,0.9095157384872437,158.4308319091797,209.79116821289062,0.5959659218788147,168.14573669433594,210.79415893554688,0.6048603057861328,0.0,0.0,0.14131447672843933,0.0,0.0,0.13161420822143555
175,True,167.7115020751953,22.49445343017578,0.820823073387146,0.0,0.0,0.36971238255500793,161.34339904785156,20.524513244628906,0.7752628922462463,0.0,0.0,0.044627148658037186,151.222412109375,29.570716857910156,0.7616947293281555,168.31842041015625,58.62837219238281,0.8664073348045349,154.3230743408203,43.10145568847656,0.8636194467544556,179.22349548339844,96.57194519042969,0.6360545754432678,171.48291015625,29.862327575683594,0.7729387283325195,194.5218505859375,96.556884765625,0.5034101605415344,188.38067626953125,0.0,0.637512743473053,163.52789306640625,145.06228637695312,0.9476882219314575,151.994140625,141.30426025390625,0.944706380367279,162.25656127929688,213.1337127685547,0.5974527597427368,163.9253692626953,212.82264709472656,0.6045194864273071,0.0,0.0,0.09886717796325684,0.0,0.0,0.09466475993394852
176,True,174.32028198242188,16.334762573242188,0.8314046263694763,0.0,0.0,0.283451646566391,167.90061950683594,12.73358154296875,0.8154935836791992,0.0,0.0,0.025888077914714813,154.46322631835938,22.59357452392578,0.8308298587799072,168.94268798828125,61.60124969482422,0.889175295829773,153.6990966796875,47.82451629638672,0.9109801054000854,185.06568908691406,98.27348327636719,0.6362741589546204,174.1272735595703,44.88136291503906,0.8421329855918884,197.72406005859375,82.94857788085938,0.5205718278884888,193.22909545898438,1.8843612670898438,0.7277052402496338,161.7811279296875,153.2698974609375,0.9485317468643188,150.62496948242188,149.81492614746094,0.9522818326950073,162.19740295410156,219.88568115234375,0.5361440777778625,164.15028381347656,219.2128448486328,0.5809996128082275,0.0,0.0,0.06394615024328232,0.0,0.0,0.06543709337711334
177,True,176.9011993408203,17.69617462158203,0.9702754020690918,179.0528564453125,13.646583557128906,0.6806651949882507,168.92642211914062,14.151107788085938,0.9729291796684265,0.0,0.0,0.0372399277985096,154.3170928955078,24.105484008789062,0.9597741961479187,178.67637634277344,60.30085754394531,0.960177481174469,149.24581909179688,51.068077087402344,0.9734147787094116,187.58590698242188,109.14912414550781,0.7914648652076721,159.6634521484375,65.93386840820312,0.9296054244041443,203.965087890625,100.31975555419922,0.6947526931762695,180.02574157714844,23.764442443847656,0.8652084469795227,170.47532653808594,149.0160675048828,0.9493535161018372,150.05262756347656,147.97012329101562,0.9531816840171814,0.0,0.0,0.4967363774776459,160.45872497558594,217.74169921875,0.5350549221038818,0.0,0.0,0.04706703871488571,0.0,0.0,0.045923132449388504
178,True,177.20895385742188,15.953025817871094,0.9727022051811218,178.4812774658203,11.729164123535156,0.6090522408485413,168.57958984375,13.122444152832031,0.9791947603225708,0.0,0.0,0.022534668445587158,153.0123748779297,25.199928283691406,0.9791229963302612,176.68572998046875,60.95051574707031,0.9716838598251343,147.37185668945312,55.79248809814453,0.985363245010376,181.8994598388672,111.63287353515625,0.8136820793151855,151.34495544433594,80.09138488769531,0.9569796323776245,199.30079650878906,103.24284362792969,0.7325339317321777,178.19482421875,44.074493408203125,0.9189568161964417,170.220458984375,147.47633361816406,0.95810467004776,151.51953125,148.4732666015625,0.9649115204811096,167.24647521972656,208.5132293701172,0.6007471680641174,166.72450256347656,213.29490661621094,0.6567279696464539,0.0,0.0,0.06835655868053436,0.0,0.0,0.06849447637796402
179,True,175.28990173339844,18.120391845703125,0.9655850529670715,177.0331573486328,14.071311950683594,0.6317096948623657,167.55894470214844,13.95672607421875,0.9781708121299744,0.0,0.0,0.03591102361679077,152.51287841796875,24.700546264648438,0.9749940633773804,179.0324249267578,65.86247253417969,0.9542921781539917,139.90011596679688,58.816627502441406,0.9820760488510132,185.70999145507812,111.07992553710938,0.6324382424354553,136.49951171875,105.21538543701172,0.9221678972244263,199.5931396484375,102.87674713134766,0.535435676574707,171.90859985351562,133.5003204345703,0.855012834072113,173.41680908203125,150.1949462890625,0.9243939518928528,148.76097106933594,149.35147094726562,0.9465941190719604,0.0,0.0,0.4754597246646881,161.63450622558594,211.45477294921875,0.5777989625930786,0.0,0.0,0.06158458814024925,0.0,0.0,0.07149456441402435
180,True,174.5059814453125,17.59283447265625,0.9488757252693176,0.0,0.0,0.4723045229911804,167.02903747558594,13.11456298828125,0.9684655070304871,0.0,0.0,0.02411750517785549,151.6813201904297,22.977554321289062,0.9653001427650452,172.48464965820312,62.475135803222656,0.9289296269416809,141.1468505859375,60.700927734375,0.9813032746315002,180.99948120117188,105.42308044433594,0.5474400520324707,136.81015014648438,107.17424011230469,0.9394000768661499,0.0,0.0,0.4901334345340729,173.50856018066406,127.07463073730469,0.8910407423973083,170.2063446044922,152.65834045410156,0.9138668775558472,150.79859924316406,154.26686096191406,0.951197624206543,0.0,0.0,0.43953701853752136,166.68917846679688,217.8910369873047,0.6026370525360107,0.0,0.0,0.050143830478191376,0.0,0.0,0.0687175840139389
181,True,172.58897399902344,18.289894104003906,0.9522113800048828,173.52479553222656,13.3558349609375,0.5445026159286499,165.83599853515625,13.387374877929688,0.9646797180175781,0.0,0.0,0.03920860216021538,151.14361572265625,22.624664306640625,0.9571188688278198,170.8434600830078,62.25281524658203,0.9463313817977905,141.29624938964844,61.278961181640625,0.9767160415649414,184.84658813476562,101.94841766357422,0.5929809808731079,143.20419311523438,106.65550231933594,0.9013603329658508,0.0,0.0,0.48369264602661133,171.51475524902344,116.9621810913086,0.8215072154998779,166.96144104003906,152.22140502929688,0.9048197865486145,149.0958251953125,153.56430053710938,0.9317922592163086,0.0,0.0,0.4218497574329376,166.9217987060547,215.00595092773438,0.5299053192138672,0.0,0.0,0.048953935503959656,0.0,0.0,0.05842344090342522
182,True,170.56640625,18.460800170898438,0.9565265774726868,172.58009338378906,14.368621826171875,0.512138843536377,163.90292358398438,13.811187744140625,0.9649954438209534,0.0,0.0,0.028619851917028427,149.575927734375,22.82293701171875,0.9730165004730225,166.54148864746094,57.90930938720703,0.9661538004875183,142.5142822265625,59.33695983886719,0.9863656759262085,186.1936798095703,97.51715087890625,0.7823624014854431,142.04603576660156,91.76849365234375,0.9549737572669983,207.289306640625,85.33192443847656,0.6511380076408386,138.64659118652344,45.07727813720703,0.8969225287437439,166.22579956054688,147.59292602539062,0.9413677453994751,152.35568237304688,150.4334259033203,0.956303060054779,0.0,0.0,0.44495904445648193,168.6095428466797,215.91409301757812,0.5357744097709656,0.0,0.0,0.03531177341938019,0.0,0.0,0.0394488088786602
183,True,170.24072265625,22.303680419921875,0.9297482371330261,0.0,0.0,0.33861008286476135,164.19436645507812,17.237503051757812,0.9556001424789429,0.0,0.0,0.024273894727230072,148.76080322265625,24.79638671875,0.9668658971786499,160.03504943847656,59.943878173828125,0.9329005479812622,147.28305053710938,61.00685119628906,0.983871579170227,180.54684448242188,96.9097671508789,0.6359575390815735,174.8822784423828,97.7263412475586,0.9657644629478455,199.39247131347656,81.7673568725586,0.5850880146026611,201.30386352539062,77.90957641601562,0.927228569984436,157.79769897460938,146.60894775390625,0.9036255478858948,149.39797973632812,148.44638061523438,0.9477471113204956,0.0,0.0,0.49146974086761475,165.68807983398438,205.0591278076172,0.6762693524360657,0.0,0.0,0.0659874826669693,0.0,0.0,0.09438275545835495
184,True,169.234130859375,35.76610565185547,0.9067860841751099,0.0,0.0,0.2532522678375244,164.63592529296875,31.29749298095703,0.9471015334129333,0.0,0.0,0.016770316287875175,151.1964111328125,34.31935119628906,0.9710556268692017,157.88824462890625,63.06888961791992,0.9327252507209778,149.4134979248047,61.306846618652344,0.9859062433242798,179.40359497070312,98.96085357666016,0.7250789403915405,179.83631896972656,96.06668090820312,0.9802601933479309,196.5446014404297,78.09417724609375,0.6996192932128906,197.7056884765625,74.52117919921875,0.9560547471046448,157.4207763671875,143.4982147216797,0.9514824748039246,150.4468536376953,144.419921875,0.9746379256248474,158.74472045898438,203.6383819580078,0.5078320503234863,157.4095916748047,208.19439697265625,0.6867122650146484,0.0,0.0,0.04617016389966011,0.0,0.0,0.06452120095491409
185,True,162.41506958007812,40.10615539550781,0.8833557963371277,0.0,0.0,0.47135189175605774,158.1203155517578,35.39427185058594,0.8410706520080566,0.0,0.0,0.09182392060756683,148.79757690429688,35.82231140136719,0.7332525253295898,167.40541076660156,62.854339599609375,0.9460523128509521,140.68592834472656,59.114707946777344,0.969884991645813,185.0299835205078,103.60186767578125,0.8537381887435913,160.20864868164062,98.35885620117188,0.9560423493385315,196.50161743164062,71.68867492675781,0.8172997832298279,190.79466247558594,71.0407943725586,0.9188456535339355,165.5376739501953,143.65167236328125,0.9618553519248962,146.1805419921875,144.35501098632812,0.967634379863739,166.93710327148438,202.82894897460938,0.553793728351593,155.3123779296875,207.43133544921875,0.6245927810668945,0.0,0.0,0.05324452370405197,0.0,0.0,0.06047392264008522
186,True,158.01486206054688,30.96623992919922,0.5176671147346497,0.0,0.0,0.1212218776345253,0.0,0.0,0.33739981055259705,0.0,0.0,0.0412883497774601,0.0,0.0,0.37458354234695435,161.2513885498047,57.54780578613281,0.9019604921340942,139.80224609375,52.25347137451172,0.890332818031311,184.942626953125,104.17274475097656,0.8678716421127319,151.94784545898438,87.69397735595703,0.8984503149986267,192.21572875976562,68.43964385986328,0.8250682353973389,165.0281982421875,41.34950256347656,0.8535553812980652,156.520751953125,142.44580078125,0.9452250599861145,143.26174926757812,142.18643188476562,0.9365283250808716,154.13499450683594,200.5115966796875,0.5867459177970886,158.32675170898438,204.21966552734375,0.5814756155014038,0.0,0.0,0.06630171835422516,0.0,0.0,0.06095759570598602
187,True,153.34774780273438,31.89850616455078,0.7790038585662842,0.0,0.0,0.45530965924263,149.84103393554688,28.094470977783203,0.5071704983711243,0.0,0.0,0.19175216555595398,0.0,0.0,0.2969187796115875,169.806640625,67.78714752197266,0.9716582894325256,134.03656005859375,61.65889358520508,0.9242585897445679,186.86737060546875,102.94622802734375,0.9664083123207092,134.84161376953125,87.28317260742188,0.9111323952674866,188.670654296875,63.63937759399414,0.9603071808815002,156.1945343017578,46.779232025146484,0.920097291469574,165.96640014648438,146.81280517578125,0.9846100807189941,141.19384765625,146.52813720703125,0.9713965058326721,168.87228393554688,203.00381469726562,0.5590971112251282,0.0,0.0,0.44285643100738525,0.0,0.0,0.02823094092309475,0.0,0.0,0.020225368440151215
188,True,164.16812133789062,34.539710998535156,0.8404206037521362,0.0,0.0,0.33085840940475464,159.5195770263672,30.447208404541016,0.7806392908096313,0.0,0.0,0.05719073489308357,149.32376098632812,32.87587356567383,0.7770248651504517,173.28785705566406,57.02397155761719,0.9757256507873535,135.57981872558594,56.829322814941406,0.9804080724716187,187.05511474609375,95.32919311523438,0.9548786282539368,138.5920867919922,91.95552825927734,0.9733747839927673,182.47085571289062,61.6771240234375,0.9512072205543518,159.0551300048828,47.53241729736328,0.9705398678779602,167.986328125,132.9259490966797,0.9796130657196045,142.6461181640625,134.26455688476562,0.9769322872161865,0.0,0.0,0.4237920343875885,0.0,0.0,0.421828031539917,0.0,0.0,0.018003905192017555,0.0,0.0,0.016630684956908226
189,True,164.3712615966797,41.09605407714844,0.9651327729225159,166.71084594726562,37.353271484375,0.6483259201049805,160.24899291992188,36.788543701171875,0.9600487351417542,0.0,0.0,0.07647611945867538,147.96194458007812,36.101722717285156,0.9109946489334106,168.29498291015625,61.322967529296875,0.9777151346206665,137.7425537109375,59.04948806762695,0.991296648979187,188.297119140625,94.88700866699219,0.9315451383590698,143.95358276367188,91.68455505371094,0.9874345660209656,184.05999755859375,66.19727325439453,0.9295063614845276,168.66006469726562,65.45100402832031,0.9804227948188782,162.12258911132812,139.7650909423828,0.9737169742584229,141.8671112060547,139.76470947265625,0.9812067151069641,159.43202209472656,195.45840454101562,0.5673441886901855,143.6351318359375,197.54132080078125,0.6666357517242432,0.0,0.0,0.04083157330751419,0.0,0.0,0.048923444002866745
190,True,164.47811889648438,22.398521423339844,0.9830011129379272,166.07118225097656,21.058135986328125,0.8376065492630005,158.0507354736328,20.57648468017578,0.979075014591217,0.0,0.0,0.1285037249326706,146.84432983398438,31.573768615722656,0.9590019583702087,173.91610717773438,54.004154205322266,0.994086503982544,135.84384155273438,57.560733795166016,0.987214207649231,194.29901123046875,54.40716552734375,0.9696837663650513,142.48541259765625,80.85945892333984,0.9505093097686768,203.00958251953125,2.2736129760742188,0.93479984998703,168.642578125,55.27973937988281,0.9240413308143616,166.91175842285156,131.53378295898438,0.987798273563385,140.73678588867188,133.2827911376953,0.9801402688026428,162.1505889892578,185.8110809326172,0.5690451264381409,0.0,0.0,0.4678090512752533,0.0,0.0,0.03444257378578186,0.0,0.0,0.022955195978283882
191,True,164.1861572265625,25.219680786132812,0.9746026992797852,165.78323364257812,23.219833374023438,0.8061646223068237,157.8047332763672,22.527599334716797,0.9700987935066223,0.0,0.0,0.10904572159051895,145.1794891357422,31.087814331054688,0.9307534098625183,168.3631591796875,55.443267822265625,0.9845619797706604,135.97816467285156,56.31848907470703,0.9641931653022766,196.1363067626953,47.78651428222656,0.9284319281578064,157.53829956054688,60.93378448486328,0.8669747114181519,201.7744903564453,2.4029617309570312,0.8786858916282654,178.68458557128906,34.03580093383789,0.8260893821716309,158.90634155273438,129.17221069335938,0.9792788028717041,136.4105682373047,130.76885986328125,0.9643157720565796,158.8647918701172,174.7364501953125,0.6632350087165833,141.73345947265625,181.92520141601562,0.5556062459945679,0.0,0.0,0.093848317861557,0.0,0.0,0.06110064312815666
192,True,162.60899353027344,23.627708435058594,0.988336980342865,164.61106872558594,21.655349731445312,0.8936293125152588,156.1156768798828,20.591156005859375,0.9851866364479065,0.0,0.0,0.211154043674469,144.2329864501953,29.144306182861328,0.9616823792457581,169.24984741210938,62.15727996826172,0.9931979179382324,134.17906188964844,53.324893951416016,0.9911672472953796,187.29522705078125,85.66085815429688,0.9522358179092407,154.25775146484375,63.07905197143555,0.9613537192344666,197.2918243408203,55.91584777832031,0.9139192700386047,190.03982543945312,39.71123123168945,0.9309384226799011,163.34906005859375,133.84906005859375,0.9854713678359985,138.2796173095703,133.04449462890625,0.9810191988945007,161.80780029296875,182.2563018798828,0.553391695022583,140.55247497558594,187.44534301757812,0.5083310604095459,0.0,0.0,0.04008615016937256,0.0,0.0,0.03184909373521805
193,True,161.67723083496094,22.907958984375,0.9876319766044617,163.45217895507812,20.806663513183594,0.8784869909286499,155.08848571777344,20.24224090576172,0.9837475419044495,0.0,0.0,0.19178439676761627,143.73411560058594,29.20189666748047,0.9620881080627441,168.45965576171875,61.97194290161133,0.9947717785835266,136.01747131347656,51.871192932128906,0.990062415599823,188.801025390625,81.94287109375,0.9644716382026672,167.75604248046875,55.72460174560547,0.9570770263671875,207.82276916503906,47.98649978637695,0.925003707408905,198.15455627441406,37.65185546875,0.9167453646659851,161.69654846191406,134.3705291748047,0.9886220097541809,137.62490844726562,133.29849243164062,0.9823322892189026,161.31463623046875,182.0439453125,0.5946969389915466,140.03762817382812,188.9080047607422,0.5125738382339478,0.0,0.0,0.04508250579237938,0.0,0.0,0.03177684545516968
194,True,160.4609832763672,21.327163696289062,0.9885362386703491,162.4720916748047,19.0784912109375,0.8937146663665771,153.76260375976562,18.85680389404297,0.9844167828559875,0.0,0.0,0.24719195067882538,143.02383422851562,28.37242889404297,0.9600245356559753,170.66998291015625,60.372642517089844,0.994717538356781,135.7401885986328,51.22859573364258,0.9925310015678406,190.8408966064453,80.31291198730469,0.9569893479347229,168.69815063476562,55.99862289428711,0.9653193950653076,213.4003448486328,46.36103057861328,0.9046273827552795,204.033935546875,37.16207504272461,0.9188222289085388,164.4747314453125,134.18035888671875,0.9876214861869812,138.6157989501953,133.2526397705078,0.9836808443069458,161.4423828125,183.95880126953125,0.5242829322814941,0.0,0.0,0.48204439878463745,0.0,0.0,0.033129993826150894,0.0,0.0,0.02644173614680767
195,True,162.08839416503906,20.309574127197266,0.9861878752708435,162.83004760742188,18.081138610839844,0.793511688709259,155.0393524169922,18.121078491210938,0.9845011234283447,0.0,0.0,0.10542390495538712,143.26748657226562,28.101959228515625,0.9767518639564514,169.2909393310547,59.24443435668945,0.9962739944458008,136.9638671875,51.19556427001953,0.9951884746551514,191.74478149414062,78.85681915283203,0.9762665033340454,175.92428588867188,54.34796142578125,0.9856634140014648,215.66270446777344,45.64977264404297,0.9480220079421997,210.35214233398438,33.26317596435547,0.9660779237747192,163.66297912597656,133.29428100585938,0.9938583970069885,139.17710876464844,133.0222930908203,0.9922385811805725,163.38551330566406,183.75592041015625,0.6147611141204834,140.0347137451172,191.75662231445312,0.5892583727836609,0.0,0.0,0.03530821576714516,0.0,0.0,0.028119834139943123
196,True,162.71302795410156,20.397613525390625,0.9900263547897339,163.84161376953125,17.87506103515625,0.8474876880645752,155.61624145507812,17.72650909423828,0.989293098449707,0.0,0.0,0.12626653909683228,143.57211303710938,27.247108459472656,0.980665385723114,172.88925170898438,60.347564697265625,0.9964678287506104,135.21217346191406,52.16299057006836,0.9957538843154907,196.49868774414062,79.58312225341797,0.9755135774612427,169.88771057128906,56.360477447509766,0.9869945645332336,218.67564392089844,49.442604064941406,0.9497425556182861,207.81869506835938,34.927982330322266,0.9708743691444397,165.61825561523438,138.77520751953125,0.9925817251205444,137.60025024414062,138.17019653320312,0.9910343289375305,0.0,0.0,0.4998761713504791,0.0,0.0,0.4910784661769867,0.0,0.0,0.020270563662052155,0.0,0.0,0.017090780660510063
197,True,164.44515991210938,20.727699279785156,0.9859819412231445,165.3545379638672,18.031497955322266,0.8110830187797546,157.16055297851562,17.750587463378906,0.9849061369895935,0.0,0.0,0.10524857044219971,144.19482421875,27.109474182128906,0.9738523364067078,173.63235473632812,60.1810188293457,0.9945512413978577,133.0841827392578,53.80684280395508,0.9921538233757019,198.76882934570312,76.29898071289062,0.9700563549995422,160.04873657226562,59.70055389404297,0.9790937304496765,223.58294677734375,49.017730712890625,0.9478299617767334,208.4656982421875,36.24626541137695,0.9640275239944458,165.42018127441406,139.22259521484375,0.9874589443206787,136.12835693359375,139.47384643554688,0.9830694198608398,0.0,0.0,0.3857663571834564,0.0,0.0,0.3524151146411896,0.0,0.0,0.014152126386761665,0.0,0.0,0.011051024310290813
198,True,165.9896240234375,21.130599975585938,0.9892635941505432,166.4717559814453,18.57707977294922,0.7526490092277527,159.15867614746094,18.043746948242188,0.9911484718322754,0.0,0.0,0.05251968652009964,145.44369506835938,26.630573272705078,0.9892129302024841,169.1702880859375,57.39913558959961,0.9959458708763123,135.41921997070312,52.19785690307617,0.9973804354667664,197.2415771484375,76.73890686035156,0.974343478679657,166.32701110839844,63.490020751953125,0.9938202500343323,226.1488037109375,51.22084045410156,0.953788161277771,201.1424560546875,40.88046646118164,0.9862174987792969,164.06826782226562,135.2664794921875,0.992728590965271,139.45285034179688,136.11343383789062,0.9931682348251343,0.0,0.0,0.49323561787605286,144.271240234375,191.30551147460938,0.5494046807289124,0.0,0.0,0.019396819174289703,0.0,0.0,0.018938029184937477
199,True,167.5830535888672,21.938602447509766,0.9910797476768494,168.28817749023438,18.67115020751953,0.7829628586769104,160.28855895996094,18.514915466308594,0.993057370185852,0.0,0.0,0.053449489176273346,145.8806610107422,26.562255859375,0.9910343289375305,173.03855895996094,59.06374740600586,0.9962775111198425,133.73348999023438,53.9539794921875,0.9977049231529236,198.9147491455078,77.60467529296875,0.9760668873786926,157.23460388183594,64.25621795654297,0.9946514964103699,228.42526245117188,55.6392707824707,0.9610385894775391,197.69656372070312,43.254905700683594,0.9892856478691101,165.9686279296875,138.54159545898438,0.9936162233352661,138.0572967529297,139.36001586914062,0.994098424911499,0.0,0.0,0.49237507581710815,139.47457885742188,196.43263244628906,0.5521143674850464,0.0,0.0,0.01695905812084675,0.0,0.0,0.016713595017790794
200,True,167.95867919921875,24.24658966064453,0.9873316884040833,169.31341552734375,20.69286346435547,0.5577008128166199,162.17547607421875,19.50591278076172,0.9931930899620056,0.0,0.0,0.013851658441126347,146.11929321289062,24.23242950439453,0.9947261214256287,167.1373291015625,59.22610092163086,0.9942458271980286,135.42593383789062,53.735107421875,0.9983363747596741,200.37677001953125,79.38760375976562,0.9733485579490662,159.55990600585938,70.5540771484375,0.9980338215827942,228.40182495117188,52.56195068359375,0.9666234850883484,186.74700927734375,46.51061248779297,0.9958819150924683,164.7406463623047,141.92442321777344,0.9910362958908081,143.39630126953125,141.909912109375,0.9942926168441772,0.0,0.0,0.4477473795413971,147.65744018554688,209.07833862304688,0.6048185229301453,0.0,0.0,0.010503205470740795,0.0,0.0,0.013156909495592117
201,True,168.125244140625,25.55286407470703,0.9897482395172119,169.75198364257812,21.475074768066406,0.6425678730010986,161.71392822265625,20.639205932617188,0.9943822622299194,0.0,0.0,0.01515262946486473,144.9511260986328,25.162109375,0.9942266941070557,168.55801391601562,59.877532958984375,0.994062602519989,133.84780883789062,54.70656967163086,0.9975119829177856,202.21546936035156,80.50704956054688,0.9766309261322021,154.76124572753906,72.55243682861328,0.9972240924835205,231.595703125,50.76878356933594,0.9725024700164795,186.46102905273438,47.02005386352539,0.995230495929718,165.92454528808594,143.51718139648438,0.9923452734947205,141.70489501953125,143.95913696289062,0.9941431879997253,170.327392578125,207.06552124023438,0.5251011252403259,143.7844696044922,211.84732055664062,0.6357946991920471,0.0,0.0,0.014398269355297089,0.0,0.0,0.01593603566288948
202,True,168.6797332763672,25.346267700195312,0.986459493637085,170.67999267578125,21.0860595703125,0.8314952254295349,161.2440948486328,20.259933471679688,0.9871156811714172,0.0,0.0,0.08082809299230576,143.89796447753906,24.619720458984375,0.9749864339828491,173.60679626464844,60.92613983154297,0.9922986626625061,130.27500915527344,54.30318832397461,0.9848850965499878,201.86953735351562,88.34798431396484,0.9551089406013489,147.1959686279297,77.17779541015625,0.9457476735115051,226.86651611328125,54.148582458496094,0.9100635051727295,190.5440673828125,52.71855926513672,0.9060863256454468,169.66976928710938,144.24017333984375,0.9763765931129456,140.3784942626953,144.35693359375,0.9620476365089417,172.34365844726562,202.96432495117188,0.5308341383934021,0.0,0.0,0.44108423590660095,0.0,0.0,0.033722784370183945,0.0,0.0,0.022844143211841583
203,True,168.724365234375,26.10973358154297,0.9862157106399536,170.66455078125,21.69011688232422,0.7306140065193176,161.89157104492188,20.498634338378906,0.9901570081710815,0.0,0.0,0.03367353230714798,143.8998260498047,23.613998413085938,0.9853702783584595,167.1022186279297,59.89269256591797,0.9903852939605713,131.54287719726562,54.2314567565918,0.9921430349349976,193.82061767578125,95.51436614990234,0.9543602466583252,150.53048706054688,85.30231475830078,0.982521653175354,215.91954040527344,61.03660583496094,0.931258499622345,186.1795196533203,55.80329895019531,0.9695972204208374,167.64999389648438,143.12844848632812,0.9790536165237427,143.1952362060547,144.0513916015625,0.9771099090576172,170.78082275390625,204.40789794921875,0.5250730514526367,147.085205078125,209.84332275390625,0.5327754020690918,0.0,0.0,0.02717198058962822,0.0,0.0,0.023358367383480072
204,True,169.08975219726562,26.523239135742188,0.9828768372535706,170.656005859375,21.93675994873047,0.5331701040267944,162.56967163085938,20.120437622070312,0.9941311478614807,0.0,0.0,0.010782858356833458,143.3688507080078,23.47027587890625,0.9932957291603088,156.33119201660156,59.09108352661133,0.9430586695671082,134.48175048828125,57.53515625,0.9955125451087952,178.8743133544922,99.99833679199219,0.6546768546104431,158.9345703125,100.69277954101562,0.992672860622406,201.09423828125,72.19207763671875,0.6688349843025208,197.17755126953125,70.16356658935547,0.9819561839103699,162.20394897460938,146.3514404296875,0.9271283149719238,146.09353637695312,148.87130737304688,0.9744996428489685,0.0,0.0,0.2518858313560486,155.8723602294922,219.32247924804688,0.5231841206550598,0.0,0.0,0.012246154248714447,0.0,0.0,0.022878853604197502
205,True,168.78695678710938,27.39574432373047,0.9907205104827881,171.3852996826172,22.90837860107422,0.8093794584274292,162.32977294921875,21.04029083251953,0.9949213862419128,0.0,0.0,0.03964207321405411,145.48300170898438,23.77881622314453,0.9878166317939758,163.49752807617188,61.93500518798828,0.9688712954521179,131.3260498046875,54.87939453125,0.9938643574714661,176.03848266601562,104.94265747070312,0.7473726272583008,133.55364990234375,97.34471893310547,0.9815865159034729,196.21328735351562,83.68276977539062,0.7453796863555908,179.97486877441406,86.29960632324219,0.9680618047714233,164.77081298828125,143.81712341308594,0.9328401684761047,143.8205108642578,144.18910217285156,0.9655709266662598,0.0,0.0,0.46033862233161926,153.8599395751953,209.03697204589844,0.6461495161056519,0.0,0.0,0.04052555188536644,0.0,0.0,0.05837590992450714
206,True,170.19671630859375,29.062965393066406,0.9892063140869141,172.93922424316406,24.409835815429688,0.73381507396698,164.1561279296875,22.47058868408203,0.9959165453910828,0.0,0.0,0.021815314888954163,146.6829833984375,23.40204620361328,0.9929618239402771,161.90228271484375,59.494544982910156,0.9490538239479065,131.68992614746094,57.04985046386719,0.9951695799827576,173.48825073242188,102.75060272216797,0.606419026851654,135.07061767578125,105.51445007324219,0.9868589639663696,195.1300811767578,91.0946044921875,0.6261205673217773,174.45701599121094,92.09606170654297,0.973339855670929,164.4507598876953,143.6531219482422,0.9009783267974854,144.3711395263672,145.96774291992188,0.9621211290359497,0.0,0.0,0.2625712752342224,152.6807403564453,212.68060302734375,0.512201189994812,0.0,0.0,0.016249844804406166,0.0,0.0,0.028851794078946114
207,True,171.0711669921875,30.418800354003906,0.9879841804504395,174.56832885742188,25.77734375,0.7796429395675659,165.37857055664062,23.402374267578125,0.9934792518615723,0.0,0.0,0.049713268876075745,148.43701171875,22.64849853515625,0.9850434064865112,164.9143524169922,58.627376556396484,0.955315887928009,130.76637268066406,56.545536041259766,0.9967069029808044,171.249755859375,103.86506652832031,0.6273118257522583,129.591064453125,106.39624786376953,0.987869918346405,184.36061096191406,99.77719116210938,0.6221687197685242,171.07989501953125,97.25971984863281,0.9714358448982239,167.68658447265625,146.57211303710938,0.9103803038597107,145.23880004882812,149.07887268066406,0.9675189256668091,0.0,0.0,0.25489965081214905,154.92959594726562,211.37490844726562,0.511648416519165,0.0,0.0,0.016308948397636414,0.0,0.0,0.03147199749946594
208,True,172.02503967285156,32.584320068359375,0.9679092168807983,175.7954864501953,27.19488525390625,0.6050863265991211,166.1034698486328,24.9962158203125,0.9776071906089783,0.0,0.0,0.039641886949539185,148.81576538085938,24.690017700195312,0.9486820101737976,166.4420166015625,60.20747375488281,0.8984677791595459,131.09271240234375,59.268829345703125,0.9899855852127075,176.2056427001953,107.79652404785156,0.5057290196418762,133.33506774902344,113.3854751586914,0.9725052714347839,180.3880615234375,96.93634796142578,0.509013295173645,170.68988037109375,97.74551391601562,0.9444994926452637,163.3129425048828,154.42982482910156,0.8186764121055603,141.02406311035156,157.10406494140625,0.9267473220825195,0.0,0.0,0.279218852519989,165.51547241210938,215.64041137695312,0.5403059720993042,0.0,0.0,0.0321432389318943,0.0,0.0,0.06113646551966667
209,True,174.38172912597656,32.666534423828125,0.9660261869430542,177.25653076171875,28.029953002929688,0.5626979470252991,169.27609252929688,25.875335693359375,0.9761455059051514,0.0,0.0,0.03068550117313862,151.5050048828125,24.132492065429688,0.9561068415641785,168.50497436523438,59.04431915283203,0.9171833992004395,130.09234619140625,57.058677673339844,0.9903074502944946,179.34197998046875,106.37452697753906,0.5922387838363647,128.34228515625,109.26564025878906,0.9726465940475464,185.1653594970703,98.96858215332031,0.588702917098999,171.0657958984375,96.85922241210938,0.946929395198822,165.9531707763672,152.30557250976562,0.8306319117546082,142.28631591796875,155.10281372070312,0.9207572937011719,0.0,0.0,0.26792824268341064,0.0,0.0,0.48671334981918335,0.0,0.0,0.02602049708366394,0.0,0.0,0.04459422454237938
210,True,173.34930419921875,32.134803771972656,0.9712068438529968,176.8351593017578,27.353958129882812,0.6744610667228699,168.0960235595703,25.4571533203125,0.9780300855636597,0.0,0.0,0.058543793857097626,152.3933868408203,24.820556640625,0.9392032027244568,170.55410766601562,58.31532287597656,0.9005672931671143,130.58740234375,55.55438232421875,0.9908702969551086,178.29295349121094,97.84093475341797,0.5219854116439819,121.5153579711914,99.84857177734375,0.9738179445266724,185.71292114257812,93.65409851074219,0.545868456363678,167.99752807617188,96.08041381835938,0.9489598870277405,164.34222412109375,148.0357666015625,0.854314923286438,139.46932983398438,150.068115234375,0.9437138438224792,0.0,0.0,0.3712291121482849,159.00961303710938,210.6851043701172,0.6390389204025269,0.0,0.0,0.04847710579633713,0.0,0.0,0.09141243994235992
211,True,174.67335510253906,33.256072998046875,0.9855544567108154,178.34390258789062,28.756027221679688,0.7192963361740112,169.81637573242188,26.149017333984375,0.9909419417381287,0.0,0.0,0.040323879569768906,153.31101989746094,22.401565551757812,0.9790134429931641,169.5520782470703,58.56385803222656,0.9521987438201904,130.42108154296875,53.95526123046875,0.9969782829284668,177.29739379882812,99.43565368652344,0.6609485745429993,120.47494506835938,98.99864196777344,0.9907711744308472,187.61151123046875,94.62287902832031,0.7027859687805176,167.8387451171875,92.7118911743164,0.981738269329071,166.66567993164062,146.57431030273438,0.9022071361541748,143.27029418945312,148.69102478027344,0.9667724370956421,0.0,0.0,0.35438141226768494,166.43099975585938,207.80206298828125,0.65451979637146,0.0,0.0,0.02969546988606453,0.0,0.0,0.06106508895754814
212,True,175.05978393554688,33.28363037109375,0.9900089502334595,178.87991333007812,28.725006103515625,0.710236668586731,170.9798583984375,25.7509765625,0.9961915016174316,0.0,0.0,0.02216482162475586,154.2681427001953,21.15801239013672,0.9914224743843079,166.08944702148438,58.29001998901367,0.9432252645492554,129.82943725585938,53.98054504394531,0.99785977602005,173.05258178710938,94.87554931640625,0.6143574714660645,116.9664535522461,98.5733871459961,0.9956472516059875,191.99594116210938,89.23509216308594,0.7106190919876099,164.3095245361328,90.60480499267578,0.9915493726730347,163.78253173828125,148.65402221679688,0.93904709815979,140.5178985595703,150.51699829101562,0.9851402640342712,0.0,0.0,0.32740697264671326,149.39065551757812,217.42294311523438,0.6876294016838074,0.0,0.0,0.017886091023683548,0.0,0.0,0.0430593341588974
213,True,176.15834045410156,33.96107482910156,0.98015296459198,179.4980010986328,28.851974487304688,0.5772196054458618,171.2646026611328,26.5245361328125,0.9906153678894043,0.0,0.0,0.022021612152457237,153.94284057617188,22.8619384765625,0.9820641279220581,168.74000549316406,59.21178436279297,0.9174872636795044,130.027587890625,54.64430236816406,0.9974088072776794,0.0,0.0,0.48791515827178955,117.84869384765625,96.73818969726562,0.9935745596885681,191.97421264648438,90.37872314453125,0.5472654700279236,163.48162841796875,92.7569351196289,0.9846904873847961,165.7829132080078,153.91395568847656,0.885218620300293,142.502685546875,155.86572265625,0.9736679792404175,0.0,0.0,0.27807778120040894,163.5870361328125,216.18942260742188,0.6630688905715942,0.0,0.0,0.023221837356686592,0.0,0.0,0.061630070209503174
214,True,177.64869689941406,33.90929412841797,0.9536245465278625,0.0,0.0,0.4798140227794647,172.65786743164062,27.23126220703125,0.9690062999725342,0.0,0.0,0.027406761422753334,155.46502685546875,25.48388671875,0.942798376083374,171.14353942871094,58.035804748535156,0.8906662464141846,130.7463836669922,55.095855712890625,0.9899712800979614,180.31573486328125,96.60671997070312,0.5641154646873474,118.14578247070312,97.21012878417969,0.9782900214195251,192.56411743164062,91.9715347290039,0.5836613774299622,163.51754760742188,92.50887298583984,0.9580995440483093,165.29891967773438,152.46298217773438,0.8693776726722717,140.25588989257812,154.93576049804688,0.9487601518630981,0.0,0.0,0.3342500925064087,161.8914337158203,216.17599487304688,0.596591055393219,0.0,0.0,0.03628942370414734,0.0,0.0,0.06724680960178375
215,True,176.5167236328125,34.082000732421875,0.974934995174408,179.87301635742188,29.324935913085938,0.6084401607513428,172.03927612304688,26.454505920410156,0.9890271425247192,0.0,0.0,0.026394415646791458,154.92880249023438,21.30835723876953,0.9737136363983154,167.08412170410156,55.609989166259766,0.8374261856079102,131.681396484375,52.2525634765625,0.9957755208015442,0.0,0.0,0.3283745050430298,119.41876220703125,99.92558288574219,0.9906835556030273,0.0,0.0,0.39852413535118103,165.4873046875,91.58027648925781,0.9758930802345276,168.3214111328125,154.52520751953125,0.8582441806793213,144.58306884765625,156.74571228027344,0.9697035551071167,0.0,0.0,0.14429400861263275,0.0,0.0,0.4834064245223999,0.0,0.0,0.009232419542968273,0.0,0.0,0.027407675981521606
216,True,178.2098388671875,33.66117858886719,0.9344749450683594,0.0,0.0,0.3880957365036011,173.4914093017578,26.864151000976562,0.9584987163543701,0.0,0.0,0.02257358282804489,156.32904052734375,24.9671630859375,0.9334675669670105,171.73248291015625,57.79822540283203,0.8393890261650085,132.10220336914062,55.60333251953125,0.9889795780181885,0.0,0.0,0.43475791811943054,122.81441497802734,99.6838607788086,0.9773064255714417,0.0,0.0,0.4600362479686737,165.56036376953125,92.02204132080078,0.950710117816925,166.23048400878906,153.67971801757812,0.8407455086708069,141.6870574951172,156.10455322265625,0.9463732242584229,0.0,0.0,0.2957499027252197,161.22775268554688,218.624267578125,0.5953821539878845,0.0,0.0,0.033982351422309875,0.0,0.0,0.0708887130022049
217,True,176.89889526367188,34.53327941894531,0.9731259942054749,180.33099365234375,29.998153686523438,0.6161789298057556,172.7395477294922,26.900970458984375,0.986311137676239,0.0,0.0,0.032628074288368225,155.82571411132812,21.044349670410156,0.967453122138977,166.92572021484375,54.2816047668457,0.8795546293258667,132.26666259765625,51.78501510620117,0.995071291923523,0.0,0.0,0.44240567088127136,123.69400787353516,102.41627502441406,0.9883484244346619,0.0,0.0,0.4839862287044525,170.27687072753906,89.98223114013672,0.9708310961723328,168.54660034179688,151.21405029296875,0.8787345290184021,145.25100708007812,153.91934204101562,0.9669889807701111,0.0,0.0,0.17934492230415344,0.0,0.0,0.48079603910446167,0.0,0.0,0.011430433951318264,0.0,0.0,0.028097257018089294
218,True,176.6927947998047,34.314056396484375,0.9800515174865723,180.51239013671875,29.808349609375,0.6753420829772949,172.46536254882812,26.507049560546875,0.9895892143249512,0.0,0.0,0.03984322398900986,155.977783203125,20.85114288330078,0.9734565615653992,166.83636474609375,55.30054473876953,0.9136052131652832,131.66416931152344,52.130638122558594,0.9965953230857849,170.86801147460938,95.42387390136719,0.5661563873291016,120.58618927001953,101.25410461425781,0.9928109049797058,190.17343139648438,88.25,0.6271988749504089,173.9331817626953,93.5975570678711,0.9831562638282776,169.29920959472656,150.1748046875,0.8989111185073853,145.35748291015625,152.88958740234375,0.9724068641662598,0.0,0.0,0.17910271883010864,0.0,0.0,0.47426414489746094,0.0,0.0,0.009737575426697731,0.0,0.0,0.023579008877277374
219,True,176.9649200439453,34.66095733642578,0.9777677655220032,180.64602661132812,30.01471710205078,0.6503727436065674,172.90847778320312,26.637710571289062,0.9884310960769653,0.0,0.0,0.03705475479364395,156.26351928710938,20.313087463378906,0.9710401296615601,165.9385223388672,55.718360900878906,0.8940783739089966,132.11024475097656,51.6683464050293,0.9962117671966553,0.0,0.0,0.48101183772087097,122.30278778076172,101.8603744506836,0.9912780523300171,186.08018493652344,94.82889556884766,0.5379417538642883,171.92727661132812,91.15052795410156,0.9786012172698975,169.12115478515625,152.25079345703125,0.8649836778640747,146.16641235351562,154.7904052734375,0.9644778966903687,0.0,0.0,0.13747359812259674,0.0,0.0,0.41321441531181335,0.0,0.0,0.007770235650241375,0.0,0.0,0.01985044591128826
220,True,176.10963439941406,34.64886474609375,0.9786084294319153,180.21908569335938,30.430023193359375,0.6722695827484131,172.5831756591797,26.465797424316406,0.9881532788276672,0.0,0.0,0.04428189620375633,156.97402954101562,19.793853759765625,0.9680526256561279,165.32058715820312,55.830135345458984,0.9033101797103882,132.06480407714844,51.0183219909668,0.9967207312583923,168.7010498046875,98.54684448242188,0.5234665274620056,121.65625,101.24241638183594,0.9928449988365173,186.77684020996094,89.54096221923828,0.5834806561470032,171.20579528808594,91.47602844238281,0.9820506572723389,168.806396484375,152.54148864746094,0.8863900899887085,146.087646484375,154.73745727539062,0.9712548851966858,0.0,0.0,0.15786436200141907,0.0,0.0,0.45914819836616516,0.0,0.0,0.008630099706351757,0.0,0.0,0.022534331306815147
221,True,178.06886291503906,33.065284729003906,0.9353818297386169,0.0,0.0,0.416241317987442,173.9203338623047,26.090988159179688,0.9551162123680115,0.0,0.0,0.027775930240750313,157.4980010986328,22.88165283203125,0.9192464351654053,170.2517547607422,56.96473693847656,0.8477520942687988,130.77072143554688,52.50135803222656,0.9876103401184082,0.0,0.0,0.4903852641582489,118.10380554199219,96.62955474853516,0.9756952524185181,190.65660095214844,90.77014923095703,0.5290022492408752,169.77902221679688,92.56413269042969,0.9531954526901245,165.51536560058594,152.79818725585938,0.8265724778175354,140.9163360595703,154.8853302001953,0.9350804090499878,0.0,0.0,0.2794972360134125,160.89437866210938,214.74154663085938,0.5520981550216675,0.0,0.0,0.030924493446946144,0.0,0.0,0.06109974533319473
222,True,176.90187072753906,35.070045471191406,0.9816758036613464,181.039794921875,30.379119873046875,0.6913997530937195,172.74465942382812,26.81255340576172,0.9911109209060669,0.0,0.0,0.039995625615119934,156.3275146484375,20.09618377685547,0.9730957746505737,166.04440307617188,55.336814880371094,0.8713935017585754,131.794921875,51.52791976928711,0.9969395399093628,0.0,0.0,0.408285915851593,119.85688781738281,100.84747314453125,0.9933905601501465,186.137451171875,88.51112365722656,0.5011234879493713,175.0118865966797,90.31045532226562,0.9832767248153687,169.49224853515625,153.41998291015625,0.8514449596405029,146.02542114257812,156.1862030029297,0.9680174589157104,0.0,0.0,0.12405425310134888,0.0,0.0,0.4375031292438507,0.0,0.0,0.007131665945053101,0.0,0.0,0.021286645904183388
223,True,177.3395233154297,35.091156005859375,0.9790483713150024,181.2379150390625,30.53447723388672,0.6474164128303528,173.72006225585938,27.03662109375,0.9894294142723083,0.0,0.0,0.037643443793058395,157.96812438964844,20.10321044921875,0.9719451665878296,166.26455688476562,55.485107421875,0.89102703332901,132.40028381347656,50.99589920043945,0.9974452257156372,0.0,0.0,0.49975359439849854,119.58699798583984,100.45967864990234,0.9952782392501831,185.10118103027344,92.846435546875,0.5942238569259644,173.08245849609375,92.26798248291016,0.9881054162979126,169.2455596923828,151.99012756347656,0.8962658047676086,145.84046936035156,154.5682373046875,0.9780797958374023,0.0,0.0,0.16700603067874908,151.68057250976562,219.30239868164062,0.517905592918396,0.0,0.0,0.008728662505745888,0.0,0.0,0.025482477620244026
224,True,178.912109375,34.36491394042969,0.9525580406188965,0.0,0.0,0.4959047734737396,174.61514282226562,26.989242553710938,0.9671970009803772,0.0,0.0,0.03330576792359352,158.0384063720703,22.858016967773438,0.9314874410629272,168.30703735351562,57.976707458496094,0.858548104763031,131.85662841796875,51.82780456542969,0.9899060130119324,0.0,0.0,0.49259841442108154,119.83502197265625,95.3670883178711,0.97856205701828,183.69361877441406,97.93414306640625,0.532889723777771,171.6642608642578,91.7882080078125,0.9578025341033936,166.0312042236328,156.1311798095703,0.822641909122467,142.7313690185547,158.1836700439453,0.9365274310112,0.0,0.0,0.23943907022476196,162.16033935546875,218.92904663085938,0.5112091898918152,0.0,0.0,0.024432163685560226,0.0,0.0,0.05035274103283882
225,True,177.45083618164062,35.39984893798828,0.9765854477882385,181.20370483398438,30.911346435546875,0.6317346096038818,173.88204956054688,27.381011962890625,0.9866572022438049,0.0,0.0,0.03826890140771866,157.93829345703125,20.40203857421875,0.9656874537467957,165.83872985839844,55.634376525878906,0.9063634872436523,132.83477783203125,51.47914505004883,0.9967727065086365,168.66607666015625,100.11121368408203,0.5826604962348938,121.21502685546875,102.05123901367188,0.9941008687019348,186.59182739257812,94.72360229492188,0.6570053100585938,173.28173828125,92.9809341430664,0.9864968657493591,169.00048828125,152.3287811279297,0.9024808406829834,146.26295471191406,155.0720672607422,0.9746983647346497,0.0,0.0,0.16562114655971527,0.0,0.0,0.4660201966762543,0.0,0.0,0.00815937016159296,0.0,0.0,0.020853018388152122
226,True,178.87115478515625,33.64765930175781,0.9337448477745056,0.0,0.0,0.39711782336235046,174.8385467529297,26.53521728515625,0.9525765180587769,0.0,0.0,0.02705753780901432,158.8009490966797,23.169830322265625,0.9199739694595337,168.27357482910156,57.98262023925781,0.8579606413841248,133.14312744140625,52.35212707519531,0.9886942505836487,172.83041381835938,101.64900207519531,0.5351401567459106,120.60435485839844,96.61132049560547,0.9798106551170349,187.61923217773438,94.4738540649414,0.573992908000946,171.27310180664062,89.47731018066406,0.9608001708984375,164.9775848388672,154.0511016845703,0.8305338621139526,142.82652282714844,155.9355010986328,0.9365965127944946,0.0,0.0,0.25507351756095886,161.3567352294922,215.90371704101562,0.5190592408180237,0.0,0.0,0.02512047067284584,0.0,0.0,0.049654606729745865
227,True,180.35092163085938,33.55052185058594,0.9406630992889404,0.0,0.0,0.4169381856918335,176.35227966308594,26.382781982421875,0.9604805707931519,0.0,0.0,0.02686425670981407,159.4008331298828,22.54071044921875,0.9331858158111572,168.28123474121094,56.54967498779297,0.8587155342102051,132.77252197265625,51.59153747558594,0.9895108342170715,171.9730224609375,100.21072387695312,0.5173908472061157,122.13581848144531,97.2345962524414,0.9796289801597595,186.56103515625,92.26203918457031,0.538479208946228,174.2821502685547,88.5765609741211,0.9566932916641235,165.9447021484375,153.00054931640625,0.8305294513702393,143.1894989013672,155.12796020507812,0.9381455779075623,0.0,0.0,0.2467925250530243,157.9626922607422,217.4038848876953,0.5081076622009277,0.0,0.0,0.02431679703295231,0.0,0.0,0.047847602516412735
228,True,177.58604431152344,35.612754821777344,0.9778996706008911,181.11782836914062,31.18805694580078,0.6266499161720276,174.05917358398438,27.67626190185547,0.9881921410560608,0.0,0.0,0.03580369055271149,157.6371307373047,20.733062744140625,0.9701877236366272,165.5233612060547,54.91438293457031,0.9104071259498596,132.51026916503906,51.42619705200195,0.9972670078277588,170.52688598632812,99.96761322021484,0.5925828218460083,123.0673828125,102.76957702636719,0.9952427744865417,186.7952880859375,88.23566436767578,0.6642040014266968,175.94088745117188,86.38066864013672,0.9882267117500305,169.1627960205078,151.90408325195312,0.9101707935333252,146.23886108398438,154.77664184570312,0.9781513214111328,0.0,0.0,0.17362315952777863,0.0,0.0,0.4922551214694977,0.0,0.0,0.008017241023480892,0.0,0.0,0.021047400310635567
229,True,177.0405731201172,35.28363800048828,0.9742890000343323,180.4425048828125,30.959320068359375,0.5925828218460083,173.8219757080078,27.307640075683594,0.9868402481079102,0.0,0.0,0.03285671025514603,158.078125,20.48920440673828,0.9675986170768738,164.2521514892578,55.459381103515625,0.8794246315956116,132.93820190429688,51.28367233276367,0.9970088601112366,0.0,0.0,0.4944791793823242,122.43848419189453,102.17169189453125,0.9949740171432495,187.080810546875,88.13642883300781,0.5765408873558044,175.00796508789062,86.65223693847656,0.9868608117103577,169.04376220703125,152.791015625,0.8895823955535889,147.04171752929688,155.5050048828125,0.9761106371879578,0.0,0.0,0.1513546258211136,0.0,0.0,0.4868386685848236,0.0,0.0,0.007576681673526764,0.0,0.0,0.02209804393351078
230,True,180.33729553222656,34.10630798339844,0.9514449834823608,0.0,0.0,0.45947331190109253,176.59542846679688,27.1793212890625,0.9662591814994812,0.0,0.0,0.029713578522205353,159.487060546875,23.217269897460938,0.9364572763442993,170.4672393798828,56.76422119140625,0.8836953639984131,133.07510375976562,52.550758361816406,0.9918638467788696,179.52813720703125,98.18733978271484,0.5662692785263062,123.7946548461914,96.80355072021484,0.9839941263198853,190.07284545898438,90.91542053222656,0.5998330116271973,175.86965942382812,85.55167388916016,0.9658792018890381,165.13531494140625,151.31805419921875,0.8630310893058777,141.87326049804688,153.15850830078125,0.9515132308006287,0.0,0.0,0.2981230914592743,157.3036651611328,216.53248596191406,0.5766690969467163,0.0,0.0,0.028149183839559555,0.0,0.0,0.05568939819931984
231,True,177.13311767578125,35.50273895263672,0.974621593952179,180.27508544921875,31.346466064453125,0.5468904972076416,174.47274780273438,27.60051727294922,0.9878646731376648,0.0,0.0,0.024601437151432037,158.4696044921875,20.140396118164062,0.9721686244010925,162.39247131347656,55.273712158203125,0.8661894202232361,133.600341796875,50.86149597167969,0.9968902468681335,0.0,0.0,0.430098295211792,128.55653381347656,99.95944213867188,0.9945321083068848,185.77383422851562,87.1766357421875,0.5318950414657593,179.68922424316406,81.91793060302734,0.9858006834983826,164.51023864746094,151.4140167236328,0.8761935830116272,145.76246643066406,153.9014892578125,0.9746524095535278,0.0,0.0,0.2092287689447403,157.85690307617188,224.66127014160156,0.5992342233657837,0.0,0.0,0.012664609588682652,0.0,0.0,0.037036340683698654
232,True,177.16375732421875,36.12041473388672,0.9793065786361694,180.6671600341797,31.772216796875,0.5317142009735107,174.73895263671875,27.793174743652344,0.991084098815918,0.0,0.0,0.018759258091449738,158.19393920898438,19.33972930908203,0.9782740473747253,161.98297119140625,57.06446075439453,0.85271155834198,132.68295288085938,51.79777526855469,0.997765064239502,0.0,0.0,0.34619012475013733,123.39739227294922,99.87620544433594,0.9960722923278809,0.0,0.0,0.4923303425312042,179.08883666992188,84.26712036132812,0.9908041954040527,164.62115478515625,156.1220245361328,0.8406886458396912,147.1320037841797,158.36190795898438,0.9739442467689514,0.0,0.0,0.17596198618412018,166.10977172851562,222.07688903808594,0.6194633841514587,0.0,0.0,0.011179190129041672,0.0,0.0,0.03990542143583298
233,True,179.40475463867188,34.72821044921875,0.9299627542495728,0.0,0.0,0.36041024327278137,176.12313842773438,27.57635498046875,0.9549347162246704,0.0,0.0,0.025487881153821945,159.27804565429688,22.8330078125,0.9314277768135071,162.98597717285156,54.8602294921875,0.8394542932510376,133.89935302734375,51.91112518310547,0.9883875250816345,0.0,0.0,0.48261553049087524,126.96507263183594,96.7641372680664,0.9785651564598083,188.8623809814453,87.2004623413086,0.509305477142334,181.6229248046875,89.06816864013672,0.9538565278053284,160.9307861328125,151.79832458496094,0.8265013694763184,142.42306518554688,154.55372619628906,0.9376713037490845,0.0,0.0,0.2572140395641327,157.93174743652344,218.6595458984375,0.5295497179031372,0.0,0.0,0.026068953797221184,0.0,0.0,0.052037518471479416
234,True,176.65432739257812,35.75398254394531,0.9773767590522766,180.3705291748047,31.63646697998047,0.5844577550888062,174.065673828125,27.458084106445312,0.9884337782859802,0.0,0.0,0.026859533041715622,158.609619140625,19.463233947753906,0.9705961346626282,162.54486083984375,57.16644287109375,0.8736262321472168,133.593505859375,51.494781494140625,0.9963650703430176,0.0,0.0,0.4207550287246704,126.3876953125,101.48006439208984,0.9928104281425476,188.78369140625,89.4290771484375,0.5173629522323608,178.52706909179688,88.19343566894531,0.9833958148956299,165.32644653320312,156.76348876953125,0.8632617592811584,146.92022705078125,158.73416137695312,0.9699951410293579,0.0,0.0,0.19706617295742035,159.0860137939453,225.87998962402344,0.5679047703742981,0.0,0.0,0.012513458728790283,0.0,0.0,0.03534415364265442
235,True,176.63516235351562,36.11260986328125,0.9704638719558716,179.7847442626953,31.867263793945312,0.5604881644248962,173.68719482421875,27.96099090576172,0.9842058420181274,0.0,0.0,0.03187954053282738,157.57830810546875,20.392189025878906,0.9622875452041626,159.77139282226562,54.79237747192383,0.874880313873291,133.74851989746094,51.491764068603516,0.995855987071991,0.0,0.0,0.4755677878856659,129.65818786621094,103.04700469970703,0.9920725226402283,187.7907257080078,87.08384704589844,0.5308752059936523,183.082763671875,88.24925231933594,0.9789605140686035,165.55026245117188,155.61663818359375,0.8828071355819702,147.01644897460938,158.84832763671875,0.9704511761665344,0.0,0.0,0.15043582022190094,0.0,0.0,0.4473642110824585,0.0,0.0,0.00810543354600668,0.0,0.0,0.021181834861636162
236,True,179.5235595703125,33.85437774658203,0.9242770075798035,0.0,0.0,0.32813262939453125,176.03646850585938,26.7728271484375,0.9529284238815308,0.0,0.0,0.02180967852473259,158.8872528076172,22.68914794921875,0.9353808760643005,163.2693634033203,55.29154968261719,0.8379887938499451,133.85772705078125,52.00508117675781,0.9894081354141235,0.0,0.0,0.45865142345428467,127.78358459472656,98.78892517089844,0.9797479510307312,0.0,0.0,0.46556949615478516,179.35459899902344,89.09390258789062,0.9512900710105896,160.25367736816406,152.66529846191406,0.84574294090271,141.486083984375,155.00941467285156,0.9482638835906982,0.0,0.0,0.29038530588150024,156.2654571533203,220.31045532226562,0.5819260478019714,0.0,0.0,0.031469617038965225,0.0,0.0,0.06411107629537582
237,True,176.95199584960938,35.694244384765625,0.9704447388648987,180.40306091308594,31.77154541015625,0.5352039337158203,174.12864685058594,27.29863739013672,0.9800140857696533,0.0,0.0,0.03149709850549698,157.8321075439453,21.17198944091797,0.9556944370269775,161.8125,58.84380340576172,0.9312313199043274,133.3489990234375,53.687294006347656,0.9949032068252563,173.517333984375,94.70941925048828,0.6334220767021179,132.619140625,98.04808044433594,0.988919198513031,200.09164428710938,85.96360778808594,0.6668946146965027,185.7392120361328,85.05430603027344,0.9772486686706543,162.30636596679688,157.0962371826172,0.930748462677002,144.54229736328125,158.84803771972656,0.9766979813575745,0.0,0.0,0.3579522371292114,159.5364990234375,221.70167541503906,0.6518625617027283,0.0,0.0,0.025207404047250748,0.0,0.0,0.051200538873672485
238,True,177.0089569091797,35.51439666748047,0.9796513915061951,180.44308471679688,31.67041015625,0.5286110639572144,174.29791259765625,27.43988037109375,0.9909665584564209,0.0,0.0,0.01811063103377819,157.75970458984375,19.897781372070312,0.9834331274032593,163.43016052246094,57.614990234375,0.920863926410675,131.44859313964844,51.06829833984375,0.9976881742477417,173.1802978515625,99.33053588867188,0.5791917443275452,128.90798950195312,98.84780883789062,0.9962776303291321,197.38015747070312,84.64730834960938,0.6610177159309387,184.96453857421875,79.97480773925781,0.9908690452575684,165.76287841796875,153.20713806152344,0.9104419350624084,145.28372192382812,154.91726684570312,0.9801967144012451,0.0,0.0,0.23246203362941742,155.2247314453125,223.8212890625,0.6088744401931763,0.0,0.0,0.011525150388479233,0.0,0.0,0.030798641964793205
239,True,177.55853271484375,35.42462158203125,0.9778738617897034,0.0,0.0,0.45760270953178406,174.50682067871094,27.604209899902344,0.9910919070243835,0.0,0.0,0.013820895925164223,157.26727294921875,20.629196166992188,0.9861542582511902,162.16888427734375,57.545555114746094,0.9161237478256226,132.90379333496094,51.39794921875,0.9982323050498962,172.7978515625,98.56909942626953,0.5173724889755249,131.97886657714844,97.76129150390625,0.9970948696136475,196.99771118164062,82.2237548828125,0.6044052243232727,189.0170440673828,77.58468627929688,0.9920153617858887,163.3299560546875,153.76168823242188,0.9112157225608826,145.45343017578125,155.4365997314453,0.9833846092224121,0.0,0.0,0.23985420167446136,160.37176513671875,225.27493286132812,0.6595433354377747,0.0,0.0,0.01226708572357893,0.0,0.0,0.03660202398896217
240,True,177.79150390625,35.266998291015625,0.9757958054542542,0.0,0.0,0.43303775787353516,174.28955078125,27.548507690429688,0.9899716377258301,0.0,0.0,0.012825481593608856,156.6048583984375,21.654327392578125,0.986676812171936,163.8097381591797,58.89581298828125,0.932327389717102,133.00173950195312,52.36620330810547,0.9979681372642517,176.24256896972656,98.76078796386719,0.5774872899055481,134.93336486816406,96.41070556640625,0.9964474439620972,200.0034942626953,80.9444351196289,0.6287824511528015,189.74697875976562,75.66695404052734,0.9901885390281677,163.91751098632812,156.10507202148438,0.9187192916870117,145.1665496826172,157.4397735595703,0.9819761514663696,0.0,0.0,0.22485268115997314,162.54800415039062,227.5948486328125,0.6029472351074219,0.0,0.0,0.010449212044477463,0.0,0.0,0.027942584827542305
241,True,177.27981567382812,35.207176208496094,0.9778253436088562,0.0,0.0,0.49569401144981384,173.88331604003906,27.569473266601562,0.9902404546737671,0.0,0.0,0.015446160919964314,156.7804718017578,21.54528045654297,0.9848373532295227,164.15101623535156,58.07941436767578,0.9322820901870728,133.3310089111328,52.01310729980469,0.9971845746040344,174.05020141601562,97.8659439086914,0.6198816299438477,133.74513244628906,97.10133361816406,0.9952983260154724,198.0323486328125,81.23921203613281,0.6762645244598389,186.62026977539062,79.099853515625,0.9887216091156006,164.39263916015625,152.6880340576172,0.92044597864151,144.81422424316406,154.0158233642578,0.9794305562973022,0.0,0.0,0.26485759019851685,155.75689697265625,223.52740478515625,0.6113376617431641,0.0,0.0,0.013405103236436844,0.0,0.0,0.03161793574690819
242,True,176.9566650390625,35.19000244140625,0.9784513711929321,0.0,0.0,0.4819836914539337,173.4881134033203,27.30535888671875,0.9913983345031738,0.0,0.0,0.014367952011525631,156.30618286132812,21.426040649414062,0.9864276051521301,163.5904083251953,58.65345001220703,0.9171844124794006,132.48233032226562,52.977149963378906,0.9978203773498535,173.92816162109375,96.54585266113281,0.5349866151809692,132.337158203125,97.55242156982422,0.9965422749519348,199.87936401367188,81.97320556640625,0.6177543997764587,191.4603729248047,78.62718200683594,0.9910153746604919,164.39584350585938,154.22109985351562,0.9102658033370972,144.73204040527344,155.7862091064453,0.9814242720603943,0.0,0.0,0.22733591496944427,157.7185821533203,224.8574676513672,0.6210212111473083,0.0,0.0,0.011437753215432167,0.0,0.0,0.03205566853284836
243,True,177.32101440429688,35.69575500488281,0.9728149771690369,0.0,0.0,0.4909765422344208,173.89111328125,27.473846435546875,0.9859330058097839,0.0,0.0,0.021496286615729332,156.5486297607422,22.064773559570312,0.9719846844673157,163.4763641357422,60.30317687988281,0.9124751091003418,133.3575439453125,54.309730529785156,0.99647057056427,175.23585510253906,94.66275024414062,0.5078412890434265,135.54852294921875,95.29499816894531,0.9931000471115112,202.18417358398438,81.98783874511719,0.5652921199798584,194.42677307128906,81.61444091796875,0.9832757711410522,163.27294921875,160.03207397460938,0.915900707244873,144.2029266357422,161.04298400878906,0.9795676469802856,0.0,0.0,0.2691597640514374,159.25189208984375,225.01712036132812,0.6381499171257019,0.0,0.0,0.016952436417341232,0.0,0.0,0.04378112033009529
244,True,176.42327880859375,35.66741943359375,0.9754936099052429,179.69586181640625,31.614418029785156,0.5846072435379028,173.0729217529297,27.492591857910156,0.9838911890983582,0.0,0.0,0.03375887870788574,156.4783477783203,21.981414794921875,0.9623948335647583,163.86715698242188,59.76756286621094,0.9433233737945557,133.78439331054688,53.506591796875,0.9951300621032715,174.9221954345703,93.93562316894531,0.6665083169937134,133.9634552001953,96.01881408691406,0.989032506942749,200.39427185058594,81.62594604492188,0.6882141828536987,187.3904266357422,86.83439636230469,0.9774391055107117,163.65646362304688,156.64962768554688,0.9384948015213013,144.65267944335938,157.34698486328125,0.9783294796943665,0.0,0.0,0.3747575879096985,157.3256378173828,221.50506591796875,0.6558494567871094,0.0,0.0,0.025779852643609047,0.0,0.0,0.05046801641583443
245,True,177.1811065673828,35.753822326660156,0.9824737906455994,180.48863220214844,31.62493133544922,0.5432516932487488,173.75424194335938,27.96953582763672,0.9923416376113892,0.0,0.0,0.017029115930199623,157.1737823486328,21.827499389648438,0.985893964767456,163.70883178710938,57.57200622558594,0.9321983456611633,133.36618041992188,53.67681884765625,0.9980319142341614,174.0333251953125,91.0983657836914,0.6258416175842285,127.88162231445312,98.19461822509766,0.9970867037773132,203.1734619140625,82.96023559570312,0.7172030210494995,190.03684997558594,83.23371887207031,0.9934501647949219,165.10458374023438,152.88916015625,0.9267870187759399,146.15419006347656,155.29806518554688,0.9838377833366394,0.0,0.0,0.25790461897850037,159.8181610107422,223.0835723876953,0.6435356736183167,0.0,0.0,0.01224034558981657,0.0,0.0,0.03280631825327873
246,True,177.17626953125,36.649024963378906,0.9749581217765808,180.45645141601562,32.48524475097656,0.5330826640129089,174.00450134277344,28.461463928222656,0.9852614998817444,0.0,0.0,0.024786433205008507,156.90843200683594,22.224395751953125,0.9675471782684326,163.0679168701172,58.4378662109375,0.933407187461853,133.93702697753906,54.63385009765625,0.9958986639976501,174.6448516845703,90.68761444091797,0.6421090960502625,134.2246856689453,98.19432830810547,0.9922252893447876,200.96591186523438,81.86962890625,0.6934636831283569,189.69073486328125,86.02751922607422,0.9843170642852783,163.64938354492188,155.4365997314453,0.9369751214981079,145.37106323242188,157.25601196289062,0.9808050394058228,0.0,0.0,0.3746475875377655,158.6227569580078,220.56912231445312,0.688987672328949,0.0,0.0,0.02596540004014969,0.0,0.0,0.05555104836821556
247,True,177.7609100341797,36.86638641357422,0.9752845764160156,181.1378936767578,32.60039520263672,0.5454595685005188,174.67556762695312,28.405044555664062,0.9851539731025696,0.0,0.0,0.026250815019011497,157.44058227539062,21.51349639892578,0.9644082188606262,162.8297882080078,58.14112854003906,0.9273991584777832,133.85690307617188,54.16657257080078,0.995762050151825,173.907470703125,91.73155212402344,0.6131256818771362,131.819091796875,100.02349853515625,0.9915421009063721,199.87220764160156,81.6292953491211,0.6643466353416443,185.57342529296875,88.44781494140625,0.9827411770820618,164.0081329345703,158.0480194091797,0.9264041185379028,145.8566436767578,159.85708618164062,0.9780776500701904,0.0,0.0,0.32491621375083923,159.56080627441406,222.18206787109375,0.6464104652404785,0.0,0.0,0.021576764062047005,0.0,0.0,0.047582101076841354
248,True,177.2574920654297,37.39093780517578,0.9770157337188721,180.9353790283203,33.49375915527344,0.5916134715080261,174.95077514648438,28.78588104248047,0.9854216575622559,0.0,0.0,0.03419041261076927,158.2649383544922,21.38372039794922,0.9599857330322266,162.5316925048828,58.429473876953125,0.924055814743042,133.94097900390625,54.143348693847656,0.9958005547523499,175.43150329589844,88.41292572021484,0.59270840883255,134.70834350585938,96.56980895996094,0.9909926652908325,197.76463317871094,81.65340423583984,0.6562793254852295,189.64295959472656,85.66291809082031,0.9816172122955322,163.26144409179688,154.1220245361328,0.9326632022857666,145.32943725585938,155.62600708007812,0.9804892539978027,0.0,0.0,0.4085579514503479,156.97665405273438,218.28240966796875,0.7270306348800659,0.0,0.0,0.03369686007499695,0.0,0.0,0.07444129884243011
249,True,177.52589416503906,37.13587188720703,0.9815570116043091,181.5420379638672,33.25341033935547,0.5766164064407349,175.5070343017578,28.82642364501953,0.9919460415840149,0.0,0.0,0.02192486822605133,159.04501342773438,20.280014038085938,0.9795206785202026,163.67910766601562,55.438873291015625,0.8849005699157715,133.60508728027344,53.12206268310547,0.9975462555885315,0.0,0.0,0.4783974885940552,133.01010131835938,99.17601013183594,0.9962303042411804,197.68048095703125,83.32162475585938,0.6160836815834045,189.1116943359375,83.74579620361328,0.9912812113761902,164.5777130126953,149.65646362304688,0.9034734964370728,145.4260711669922,152.2794647216797,0.9816465973854065,0.0,0.0,0.27428850531578064,153.94517517089844,220.91763305664062,0.6940875053405762,0.0,0.0,0.017160922288894653,0.0,0.0,0.050751760601997375
250,True,178.20672607421875,37.796165466308594,0.9791606068611145,182.0298614501953,33.846702575683594,0.6104136109352112,175.9232635498047,29.194000244140625,0.9885715842247009,0.0,0.0,0.032242897897958755,159.0495147705078,21.32195281982422,0.964756190776825,164.13841247558594,57.91127014160156,0.8903565406799316,134.44674682617188,53.91278076171875,0.9960975646972656,0.0,0.0,0.45392024517059326,136.74681091308594,97.53022766113281,0.9917734265327454,195.94375610351562,83.77665710449219,0.5457849502563477,191.51145935058594,85.2887954711914,0.9814016222953796,163.50527954101562,153.81883239746094,0.9126530885696411,144.33949279785156,155.27186584472656,0.979880154132843,0.0,0.0,0.3637164235115051,153.16464233398438,219.0616912841797,0.7363182902336121,0.0,0.0,0.031843241304159164,0.0,0.0,0.08204038441181183
251,True,179.44851684570312,37.608009338378906,0.9772105813026428,182.7373809814453,33.14324188232422,0.5886292457580566,176.60597229003906,29.240966796875,0.9870823621749878,0.0,0.0,0.030697671696543694,159.48362731933594,21.580398559570312,0.9624735713005066,164.972412109375,57.617279052734375,0.8940290212631226,134.46217346191406,53.18708801269531,0.995927631855011,0.0,0.0,0.4696977436542511,130.61215209960938,98.06658935546875,0.9912303686141968,193.98428344726562,84.66310119628906,0.5588613152503967,186.74119567871094,86.72111511230469,0.9810788631439209,164.55096435546875,153.78555297851562,0.9099921584129333,145.17153930664062,155.48388671875,0.9783846139907837,0.0,0.0,0.36156171560287476,154.64984130859375,218.91751098632812,0.7237890958786011,0.0,0.0,0.031155018135905266,0.0,0.0,0.07761337608098984
252,True,178.81906127929688,37.75129699707031,0.9807910919189453,182.83035278320312,33.77288055419922,0.664685070514679,176.40480041503906,29.094680786132812,0.9881302118301392,0.0,0.0,0.043420787900686264,160.29617309570312,20.97162628173828,0.9603762626647949,166.65061950683594,59.10315704345703,0.915189802646637,134.5860137939453,52.32787322998047,0.9961315393447876,177.0945587158203,96.41600799560547,0.5226422548294067,131.15516662597656,98.21183776855469,0.9908378720283508,197.07046508789062,85.52622985839844,0.6034931540489197,186.19036865234375,87.89361572265625,0.9803747534751892,165.15182495117188,152.00723266601562,0.9202127456665039,144.83291625976562,152.55905151367188,0.9793286323547363,0.0,0.0,0.4163760244846344,153.18612670898438,215.37249755859375,0.7528008222579956,0.0,0.0,0.03883432596921921,0.0,0.0,0.09149254858493805
253,True,179.72244262695312,38.111228942871094,0.9776096940040588,183.31869506835938,33.74565124511719,0.6011006832122803,176.87548828125,29.64873504638672,0.9875686764717102,0.0,0.0,0.030977675691246986,160.1206817626953,21.45264434814453,0.9640343189239502,165.62721252441406,58.405723571777344,0.8925052881240845,135.2413330078125,52.149383544921875,0.9957375526428223,0.0,0.0,0.45331016182899475,130.9776611328125,98.5041732788086,0.9904139637947083,192.2935791015625,87.81037902832031,0.5453633069992065,183.5091094970703,88.9668197631836,0.9796072244644165,164.46954345703125,151.5611114501953,0.9071269035339355,145.09950256347656,152.5726318359375,0.9776255488395691,0.0,0.0,0.41302573680877686,153.450927734375,214.61065673828125,0.7629072666168213,0.0,0.0,0.042838431894779205,0.0,0.0,0.10374871641397476
254,True,180.28421020507812,37.69639587402344,0.9733378291130066,183.3800811767578,33.227622985839844,0.5185176730155945,177.21177673339844,29.596267700195312,0.9879608750343323,0.0,0.0,0.020924678072333336,160.09300231933594,21.341880798339844,0.9736671447753906,164.04776000976562,56.260963439941406,0.8472439646720886,134.30291748046875,50.99439239501953,0.996337890625,0.0,0.0,0.35978683829307556,127.231201171875,99.6718978881836,0.9926676154136658,0.0,0.0,0.43704134225845337,182.00588989257812,86.74787902832031,0.9803299903869629,165.18939208984375,149.28829956054688,0.8366931080818176,146.08148193359375,151.29660034179688,0.9667118191719055,0.0,0.0,0.2708281874656677,153.03717041015625,215.4525146484375,0.6746244430541992,0.0,0.0,0.027108347043395042,0.0,0.0,0.07551766186952591
255,True,182.5705108642578,36.088836669921875,0.9549273252487183,0.0,0.0,0.4596737325191498,178.66445922851562,28.67474365234375,0.9745229482650757,0.0,0.0,0.024503760039806366,160.62461853027344,23.474502563476562,0.9539009928703308,166.7404327392578,56.01514434814453,0.8568887710571289,134.587890625,52.08441162109375,0.989934504032135,0.0,0.0,0.4692642390727997,127.81307983398438,97.2844009399414,0.9784802198410034,193.10409545898438,90.33326721191406,0.5059269070625305,184.95582580566406,89.23826599121094,0.9541319608688354,163.8921356201172,147.15335083007812,0.8209497928619385,143.68553161621094,149.707763671875,0.9357353448867798,0.0,0.0,0.3092900812625885,157.4232940673828,213.09532165527344,0.5888544321060181,0.0,0.0,0.03669792413711548,0.0,0.0,0.07048648595809937
256,True,179.94317626953125,36.80200958251953,0.9814410209655762,183.49578857421875,32.869224548339844,0.540297269821167,177.80209350585938,28.685211181640625,0.9926050901412964,0.0,0.0,0.017450904473662376,160.63453674316406,19.69482421875,0.9844581484794617,165.1444091796875,55.03766632080078,0.8989483118057251,134.70236206054688,50.958396911621094,0.9977626800537109,0.0,0.0,0.49910658597946167,135.13990783691406,96.94033813476562,0.9964052438735962,198.45510864257812,85.02204895019531,0.619418740272522,190.06207275390625,83.48239135742188,0.9912821054458618,166.30209350585938,147.552001953125,0.9036991596221924,146.9468994140625,149.76316833496094,0.9812198877334595,0.0,0.0,0.2810949385166168,154.86676025390625,217.89642333984375,0.6931902170181274,0.0,0.0,0.018004460260272026,0.0,0.0,0.05114758759737015
257,True,180.4170379638672,36.41633605957031,0.9818252325057983,183.64503479003906,32.709808349609375,0.5234517455101013,177.8937530517578,28.748199462890625,0.9937275648117065,0.0,0.0,0.01570090837776661,161.08563232421875,20.517967224121094,0.9890450239181519,166.14439392089844,56.649505615234375,0.9076254963874817,133.7401885986328,50.77301788330078,0.9982638955116272,172.88870239257812,96.27133178710938,0.5003980398178101,129.98365783691406,97.15663146972656,0.9973579049110413,200.48776245117188,89.25817108154297,0.619194746017456,195.18748474121094,84.111572265625,0.9930526614189148,166.9593048095703,145.5801239013672,0.9116066694259644,146.03123474121094,147.4654083251953,0.9842974543571472,0.0,0.0,0.3200666308403015,151.10247802734375,214.03842163085938,0.7444056868553162,0.0,0.0,0.021998168900609016,0.0,0.0,0.0643446072936058
258,True,180.33509826660156,36.9964599609375,0.9776107668876648,184.048095703125,32.831695556640625,0.6470382809638977,177.12420654296875,28.979515075683594,0.9892120361328125,0.0,0.0,0.037931736558675766,160.92958068847656,21.263328552246094,0.9703108668327332,169.2530975341797,58.095550537109375,0.846805214881897,134.58787536621094,50.990318298339844,0.9957064986228943,0.0,0.0,0.28035494685173035,126.22341918945312,99.11908721923828,0.986822247505188,0.0,0.0,0.32698217034339905,179.51373291015625,96.76614379882812,0.9631615281105042,167.89968872070312,150.54701232910156,0.8059261441230774,146.00271606445312,151.46971130371094,0.9574730396270752,0.0,0.0,0.2709150016307831,154.9126434326172,212.822265625,0.6672641634941101,0.0,0.0,0.03482165187597275,0.0,0.0,0.09561208635568619
259,True,180.32223510742188,37.66035461425781,0.9756892323493958,184.12335205078125,32.62419128417969,0.595751166343689,177.11317443847656,28.957565307617188,0.9860326647758484,0.0,0.0,0.032693635672330856,160.27294921875,20.90876007080078,0.9572740793228149,167.36019897460938,59.603424072265625,0.8862286806106567,134.73867797851562,54.22370910644531,0.9949669241905212,0.0,0.0,0.4570887088775635,125.75003051757812,102.382568359375,0.9889791011810303,195.4439697265625,91.1978530883789,0.5696108937263489,180.65872192382812,102.50152587890625,0.9793917536735535,165.51454162597656,155.5290985107422,0.8830852508544922,144.94149780273438,157.0430450439453,0.9696087837219238,0.0,0.0,0.3204323947429657,154.64999389648438,214.25946044921875,0.6734205484390259,0.0,0.0,0.02949611097574234,0.0,0.0,0.07113330066204071
260,True,180.33656311035156,37.636497497558594,0.9758381247520447,183.885009765625,32.42768859863281,0.5578400492668152,176.513916015625,29.101791381835938,0.9891071915626526,0.0,0.0,0.024130698293447495,160.0985107421875,21.084365844726562,0.9756007194519043,169.1046142578125,59.896026611328125,0.8791471719741821,135.29876708984375,52.561058044433594,0.9970570802688599,0.0,0.0,0.40034255385398865,125.77108764648438,105.56535339355469,0.993965208530426,199.02493286132812,101.41332244873047,0.5072680115699768,180.03781127929688,109.24870300292969,0.9855916500091553,169.06019592285156,158.6865234375,0.852490246295929,147.4994354248047,160.09701538085938,0.9690256714820862,0.0,0.0,0.16176103055477142,164.9226531982422,222.88992309570312,0.5333763360977173,0.0,0.0,0.010489397682249546,0.0,0.0,0.032046008855104446
261,True,180.3736114501953,37.864898681640625,0.9828618764877319,184.2809295654297,32.62018585205078,0.5500799417495728,177.24130249023438,28.913497924804688,0.9927020072937012,0.0,0.0,0.016472013667225838,160.20819091796875,19.1590576171875,0.983748197555542,166.22166442871094,60.09425354003906,0.9145638942718506,135.3159942626953,52.682708740234375,0.9977582693099976,173.5480194091797,103.88977813720703,0.5518621206283569,125.53884887695312,107.32017517089844,0.9964279532432556,199.99899291992188,94.63544464111328,0.703718900680542,176.65719604492188,112.68538665771484,0.9934501051902771,166.2173309326172,157.8686981201172,0.8767922520637512,147.458984375,159.0166778564453,0.9734902381896973,0.0,0.0,0.17582622170448303,160.4437713623047,222.67120361328125,0.5429655313491821,0.0,0.0,0.008491980843245983,0.0,0.0,0.02406529150903225
262,True,180.35836791992188,37.84556579589844,0.9741297364234924,183.8006134033203,32.70954132080078,0.5116432309150696,176.7457733154297,29.23773956298828,0.9857681393623352,0.0,0.0,0.02197294682264328,160.04608154296875,20.665077209472656,0.9735432863235474,168.39447021484375,59.224571228027344,0.9393072128295898,135.77847290039062,52.859619140625,0.9970536231994629,175.2899932861328,106.07766723632812,0.6731022596359253,130.27716064453125,109.23209381103516,0.9945853352546692,200.23861694335938,98.49391174316406,0.7442731857299805,182.8223876953125,113.06892395019531,0.9892532229423523,168.66787719726562,155.5526123046875,0.9163218140602112,148.2444610595703,157.24215698242188,0.9750296473503113,0.0,0.0,0.24618707597255707,166.47335815429688,220.3965606689453,0.5637308359146118,0.0,0.0,0.012696733698248863,0.0,0.0,0.028980422765016556
263,True,180.14544677734375,37.19334411621094,0.9710873365402222,0.0,0.0,0.4804384410381317,176.73037719726562,28.578697204589844,0.9834131002426147,0.0,0.0,0.0209525004029274,160.5325164794922,20.258766174316406,0.9706113934516907,167.57443237304688,59.61366271972656,0.9459148049354553,135.9366455078125,52.52754211425781,0.9970347881317139,174.52635192871094,105.45121765136719,0.7575275897979736,128.3000946044922,108.13764190673828,0.9956656098365784,199.62786865234375,96.01782989501953,0.8205455541610718,178.54800415039062,115.16571044921875,0.9919286966323853,167.238525390625,157.51785278320312,0.9314746260643005,146.9766845703125,158.82696533203125,0.9782640933990479,0.0,0.0,0.24172890186309814,160.96298217773438,221.76698303222656,0.5385622382164001,0.0,0.0,0.0106417927891016,0.0,0.0,0.023006172850728035
264,True,180.17886352539062,37.019439697265625,0.9745141267776489,183.625732421875,31.827392578125,0.5119551420211792,176.5704803466797,28.557876586914062,0.9865299463272095,0.0,0.0,0.022784845903515816,160.1075439453125,20.628868103027344,0.9760540723800659,168.28164672851562,59.43195343017578,0.9427940249443054,135.9362335205078,53.482879638671875,0.9975082874298096,174.53199768066406,106.59230041503906,0.6883004903793335,128.87730407714844,109.3255615234375,0.9955995082855225,197.0115509033203,100.29121398925781,0.7581026554107666,180.05624389648438,112.50111389160156,0.9909033179283142,167.92018127441406,155.18975830078125,0.9253672957420349,147.69325256347656,156.88853454589844,0.978954017162323,0.0,0.0,0.2543664872646332,163.5093536376953,222.03826904296875,0.5840575098991394,0.0,0.0,0.012334252707660198,0.0,0.0,0.02885235659778118
265,True,180.1969451904297,36.368743896484375,0.9734979867935181,183.8740234375,31.294395446777344,0.5539278388023376,176.75852966308594,27.592483520507812,0.9854950904846191,0.0,0.0,0.027565373107790947,159.61293029785156,19.59893798828125,0.9621867537498474,166.5423126220703,59.39385986328125,0.8959498405456543,135.10498046875,53.59783935546875,0.9944310784339905,0.0,0.0,0.45575982332229614,129.63430786132812,107.34481048583984,0.9868098497390747,197.93991088867188,90.0916748046875,0.5421930551528931,183.37237548828125,108.95498657226562,0.9746130704879761,164.989501953125,158.9308319091797,0.8667510151863098,145.6368408203125,160.40118408203125,0.9618651866912842,0.0,0.0,0.2583042085170746,161.1433868408203,220.62503051757812,0.5908056497573853,0.0,0.0,0.019966118037700653,0.0,0.0,0.046710092574357986
266,True,179.4207763671875,36.56959533691406,0.9691172242164612,0.0,0.0,0.48864614963531494,176.11500549316406,27.691436767578125,0.9811619520187378,0.0,0.0,0.02248675934970379,159.04661560058594,19.221420288085938,0.9536390900611877,165.4579315185547,57.544921875,0.9043427109718323,135.66351318359375,54.04425048828125,0.9945778846740723,171.9737548828125,96.45855712890625,0.5921292304992676,130.34437561035156,106.93052673339844,0.9912616014480591,195.63429260253906,85.449462890625,0.6941182613372803,183.2107696533203,102.7579116821289,0.9854335784912109,166.16294860839844,158.96414184570312,0.8953487277030945,147.2145538330078,161.217529296875,0.9688795804977417,0.0,0.0,0.25870123505592346,159.3324737548828,219.73944091796875,0.5758643746376038,0.0,0.0,0.016265148296952248,0.0,0.0,0.03663552179932594
267,True,179.19851684570312,36.76044464111328,0.9733881950378418,0.0,0.0,0.48986127972602844,175.69143676757812,27.884475708007812,0.9868361949920654,0.0,0.0,0.018626516684889793,158.18179321289062,19.971908569335938,0.9678546190261841,165.8671112060547,58.26228332519531,0.8727566003799438,134.94998168945312,55.46661376953125,0.9961124062538147,0.0,0.0,0.4240363538265228,131.76185607910156,109.35719299316406,0.9931524991989136,195.71954345703125,88.78123474121094,0.549494206905365,183.57159423828125,103.23495483398438,0.9864895343780518,165.34347534179688,160.4901580810547,0.8644269108772278,145.8292999267578,162.91307067871094,0.9702379107475281,0.0,0.0,0.21652477979660034,162.46173095703125,219.75912475585938,0.6047137975692749,0.0,0.0,0.01547515019774437,0.0,0.0,0.044063519686460495
268,True,178.0251922607422,36.25465393066406,0.9718889594078064,0.0,0.0,0.4841392934322357,175.19448852539062,27.524627685546875,0.9852240085601807,0.0,0.0,0.01983858086168766,158.5140838623047,19.66881561279297,0.9661185145378113,164.9679718017578,57.02131652832031,0.8936352133750916,135.71900939941406,56.06324005126953,0.9958822727203369,174.76708984375,94.66207885742188,0.5139460563659668,134.98745727539062,112.30235290527344,0.9932339787483215,196.57737731933594,86.11990356445312,0.626481294631958,183.51502990722656,102.10987854003906,0.9870985150337219,164.82266235351562,155.33456420898438,0.8910526037216187,146.27615356445312,157.98471069335938,0.9733060002326965,0.0,0.0,0.28660550713539124,159.16574096679688,216.24021911621094,0.6580888032913208,0.0,0.0,0.02048010751605034,0.0,0.0,0.052271317690610886
269,True,177.9785919189453,36.20503234863281,0.9783951044082642,0.0,0.0,0.4952234625816345,175.1351318359375,28.490211486816406,0.9913524389266968,0.0,0.0,0.015140552073717117,158.95578002929688,21.244903564453125,0.9860488176345825,163.50955200195312,54.82406234741211,0.9421305656433105,135.15570068359375,53.61725616455078,0.9978524446487427,171.28277587890625,90.3748779296875,0.7550784349441528,130.67837524414062,105.45880889892578,0.9975746273994446,196.8997802734375,84.40706634521484,0.8326394557952881,183.82188415527344,100.82325744628906,0.9952240586280823,166.02537536621094,150.175537109375,0.9571583867073059,146.17820739746094,153.49620056152344,0.9886866807937622,0.0,0.0,0.23993024230003357,149.79965209960938,221.2076416015625,0.568744957447052,0.0,0.0,0.00813606008887291,0.0,0.0,0.018858090043067932
270,True,178.3314208984375,36.125205993652344,0.9796654582023621,0.0,0.0,0.49677544832229614,175.260009765625,28.469032287597656,0.9930443167686462,0.0,0.0,0.014482833445072174,159.07337951660156,21.022605895996094,0.9878299832344055,164.3400421142578,55.03615188598633,0.9075995683670044,135.73960876464844,53.56154251098633,0.9983335137367249,171.771240234375,93.68098449707031,0.5833402872085571,129.55645751953125,107.19975280761719,0.9981221556663513,194.2025146484375,85.77650451660156,0.7213773131370544,182.65914916992188,102.41744995117188,0.9957077503204346,166.6779022216797,149.7900848388672,0.9292183518409729,147.3165283203125,153.11019897460938,0.9873045086860657,0.0,0.0,0.22166456282138824,154.30404663085938,221.93157958984375,0.642156183719635,0.0,0.0,0.009350729174911976,0.0,0.0,0.028661828488111496
271,True,178.94239807128906,36.46907043457031,0.9756520986557007,0.0,0.0,0.419985294342041,176.9180145263672,28.865142822265625,0.9913225173950195,0.0,0.0,0.012576241046190262,160.9280548095703,20.589309692382812,0.9879961609840393,163.7991943359375,55.02598190307617,0.9316300749778748,134.75143432617188,52.85041046142578,0.9985367059707642,173.22055053710938,93.85575866699219,0.7081663012504578,127.86640930175781,107.09945678710938,0.9985843896865845,198.4124755859375,88.41981506347656,0.812375545501709,182.33322143554688,102.60340881347656,0.9968718886375427,165.93997192382812,147.43031311035156,0.9457460641860962,146.55001831054688,150.49871826171875,0.9891534447669983,0.0,0.0,0.24184498190879822,152.80902099609375,219.61155700683594,0.6416893005371094,0.0,0.0,0.00837896391749382,0.0,0.0,0.023627454414963722
272,True,180.00050354003906,36.84771728515625,0.9718483090400696,0.0,0.0,0.3784765303134918,178.2313690185547,28.6292724609375,0.9900508522987366,0.0,0.0,0.00938588846474886,161.84588623046875,19.522850036621094,0.9831426739692688,163.7611541748047,56.099853515625,0.8484740257263184,136.02183532714844,54.035369873046875,0.9974931478500366,0.0,0.0,0.4532102346420288,128.92031860351562,109.06156921386719,0.9974462985992432,202.76644897460938,89.74071502685547,0.6479527950286865,181.72866821289062,106.31063842773438,0.9949632883071899,163.8127899169922,150.26641845703125,0.8690330982208252,146.43765258789062,153.0290069580078,0.9777168035507202,0.0,0.0,0.1958332359790802,155.3705596923828,218.48208618164062,0.6319804191589355,0.0,0.0,0.010240194387733936,0.0,0.0,0.0334247387945652
273,True,180.0917205810547,36.820831298828125,0.9700530171394348,0.0,0.0,0.3913755714893341,177.86228942871094,29.037681579589844,0.9892919659614563,0.0,0.0,0.011940096504986286,162.22027587890625,20.724029541015625,0.9841101169586182,163.45420837402344,56.7711181640625,0.8945660591125488,137.38961791992188,52.341461181640625,0.9980244636535645,170.91165161132812,98.73516845703125,0.5837709903717041,128.62203979492188,106.93497467041016,0.9980629086494446,198.66650390625,96.88591003417969,0.7307746410369873,183.12391662597656,111.14942932128906,0.9957183003425598,164.71681213378906,150.47354125976562,0.9261555075645447,147.3806610107422,152.7438507080078,0.9863885045051575,0.0,0.0,0.21540680527687073,155.10279846191406,221.59051513671875,0.6283107995986938,0.0,0.0,0.00880077388137579,0.0,0.0,0.026635441929101944
274,True,180.28321838378906,36.8106803894043,0.9602523446083069,0.0,0.0,0.3825233280658722,178.30364990234375,29.03509521484375,0.9811447262763977,0.0,0.0,0.01574642024934292,162.534423828125,21.31988525390625,0.9756779670715332,165.43304443359375,58.8289794921875,0.9456231594085693,136.1582489013672,52.33176040649414,0.9965278506278992,169.6240692138672,104.15431213378906,0.8015022873878479,128.42230224609375,106.65753173828125,0.9961605072021484,194.406982421875,99.32074737548828,0.848847508430481,183.60403442382812,111.2503890991211,0.9925611615180969,166.68341064453125,154.40586853027344,0.9620146155357361,146.17759704589844,155.45733642578125,0.986944317817688,0.0,0.0,0.25927281379699707,147.52044677734375,224.6284637451172,0.5240198969841003,0.0,0.0,0.00839401688426733,0.0,0.0,0.016303716227412224
275,True,180.78915405273438,36.628814697265625,0.9588144421577454,0.0,0.0,0.36262208223342896,178.9000244140625,28.979324340820312,0.9834967851638794,0.0,0.0,0.013768196105957031,163.55015563964844,20.975860595703125,0.9775298833847046,164.48361206054688,58.61962127685547,0.8942253589630127,138.69325256347656,52.035396575927734,0.9968235492706299,168.2861785888672,106.12886047363281,0.5988373160362244,130.22982788085938,107.11361694335938,0.9965884685516357,193.8418426513672,105.70765686035156,0.7094427347183228,182.40655517578125,112.74543762207031,0.9924151301383972,165.75241088867188,152.14352416992188,0.9297549724578857,148.0081787109375,153.16485595703125,0.9839857220649719,0.0,0.0,0.2518243193626404,150.4320526123047,222.43032836914062,0.6174799203872681,0.0,0.0,0.011563544161617756,0.0,0.0,0.02976016327738762
276,True,181.40176391601562,36.43223571777344,0.9526686072349548,0.0,0.0,0.31060895323753357,179.79953002929688,28.29248809814453,0.9777805209159851,0.0,0.0,0.011507692746818066,164.31495666503906,18.954299926757812,0.9703735709190369,164.02035522460938,58.953102111816406,0.8952134251594543,138.5119171142578,51.18534851074219,0.9954160451889038,169.08096313476562,107.21800994873047,0.6381716728210449,130.84848022460938,109.9130630493164,0.9952966570854187,199.66744995117188,103.75006103515625,0.7521563768386841,183.3368682861328,120.41581726074219,0.9915198683738708,163.64437866210938,157.37582397460938,0.9048593640327454,146.95108032226562,157.98843383789062,0.9740787148475647,0.0,0.0,0.20288711786270142,153.242919921875,226.05801391601562,0.5164929628372192,0.0,0.0,0.00860761757940054,0.0,0.0,0.020125629380345345
277,True,181.75051879882812,35.1816520690918,0.9495366811752319,0.0,0.0,0.34275251626968384,179.40606689453125,27.614227294921875,0.9703688621520996,0.0,0.0,0.016062883660197258,163.1359100341797,21.457000732421875,0.9675230979919434,167.4148712158203,59.5080680847168,0.9644850492477417,137.65052795410156,53.097747802734375,0.9951995611190796,173.29754638671875,105.87236022949219,0.8941328525543213,131.68099975585938,107.69969177246094,0.9946680068969727,196.22549438476562,105.76057434082031,0.9063056111335754,183.47885131835938,119.07659149169922,0.9904270172119141,166.79617309570312,155.82144165039062,0.9738010168075562,146.065185546875,156.59552001953125,0.9865232110023499,0.0,0.0,0.2985379099845886,0.0,0.0,0.47152483463287354,0.0,0.0,0.008870717138051987,0.0,0.0,0.013011442497372627
278,True,180.2906951904297,33.78700256347656,0.9574636220932007,0.0,0.0,0.4207457900047302,178.32260131835938,26.42963409423828,0.9756508469581604,0.0,0.0,0.018938375636935234,164.3147430419922,20.51434326171875,0.9638035893440247,166.36720275878906,61.39424133300781,0.9312008023262024,139.15945434570312,51.31452178955078,0.9932188391685486,171.43118286132812,110.09857940673828,0.7657442688941956,129.352294921875,106.51531982421875,0.992021918296814,195.44924926757812,107.4720458984375,0.8232631087303162,181.39727783203125,121.54874420166016,0.9868134260177612,164.28231811523438,156.85723876953125,0.9438996315002441,145.75210571289062,156.51092529296875,0.9774043560028076,0.0,0.0,0.26744765043258667,151.20025634765625,225.8536376953125,0.5005382299423218,0.0,0.0,0.010464097373187542,0.0,0.0,0.018467005342245102
279,True,181.5584259033203,33.660194396972656,0.9294857382774353,0.0,0.0,0.31011807918548584,179.95059204101562,26.40289306640625,0.9534952640533447,0.0,0.0,0.01639764942228794,165.5275115966797,21.161094665527344,0.9498481750488281,167.7371063232422,61.45625686645508,0.9485742449760437,137.67892456054688,51.710533142089844,0.9910286068916321,173.6652069091797,108.84967803955078,0.8557494282722473,128.88623046875,105.49536895751953,0.9897512197494507,196.61871337890625,109.72685241699219,0.8655693531036377,182.0925750732422,119.84371948242188,0.9825290441513062,165.53961181640625,156.81622314453125,0.970039427280426,144.52293395996094,156.49363708496094,0.9835041761398315,0.0,0.0,0.3333183526992798,0.0,0.0,0.4939626455307007,0.0,0.0,0.012465685606002808,0.0,0.0,0.017408374696969986
280,True,182.92547607421875,33.60588073730469,0.9712855815887451,0.0,0.0,0.49901440739631653,180.27127075195312,25.754165649414062,0.9880208373069763,0.0,0.0,0.02059110440313816,164.68093872070312,20.37470245361328,0.9807429313659668,169.943359375,61.891563415527344,0.9103242754936218,138.98934936523438,52.198699951171875,0.9970180988311768,174.02537536621094,109.71471405029297,0.6048077344894409,128.59915161132812,103.72563171386719,0.9959049820899963,193.47348022460938,116.36296081542969,0.6964427828788757,180.00169372558594,119.30876922607422,0.9905372262001038,167.74929809570312,155.88949584960938,0.9355294108390808,146.2307586669922,155.31680297851562,0.9843496680259705,0.0,0.0,0.2305275946855545,148.7117462158203,223.89630126953125,0.5740564465522766,0.0,0.0,0.010433018207550049,0.0,0.0,0.0261332169175148
281,True,183.35678100585938,32.94112777709961,0.9626263380050659,0.0,0.0,0.4410102665424347,181.17955017089844,25.41783905029297,0.9826933145523071,0.0,0.0,0.015345955267548561,165.7613067626953,20.570846557617188,0.9736929535865784,166.5549774169922,62.42304992675781,0.9017587304115295,138.6846160888672,51.530189514160156,0.9934316277503967,168.21371459960938,109.96629333496094,0.628473162651062,124.65963745117188,102.55280303955078,0.9909612536430359,188.2971954345703,118.9122314453125,0.6947222948074341,180.0522918701172,118.66661834716797,0.9829912185668945,163.8728485107422,155.7215118408203,0.9434589743614197,144.33815002441406,155.05271911621094,0.9812699556350708,0.0,0.0,0.2748739719390869,147.70594787597656,224.57720947265625,0.550346851348877,0.0,0.0,0.013535401783883572,0.0,0.0,0.02647637389600277
282,True,184.23052978515625,28.050521850585938,0.8325908184051514,0.0,0.0,0.22358326613903046,181.3988494873047,21.269790649414062,0.878312885761261,0.0,0.0,0.02380564622581005,168.22402954101562,19.254440307617188,0.8576930165290833,172.04519653320312,56.94886779785156,0.7235137224197388,141.0398406982422,50.68873596191406,0.9812368750572205,0.0,0.0,0.367367148399353,126.76661682128906,103.3197250366211,0.9726879596710205,0.0,0.0,0.42060285806655884,180.2272491455078,116.7744369506836,0.9405520558357239,163.7109832763672,150.0438232421875,0.8281767964363098,142.8974609375,150.80960083007812,0.9435403943061829,0.0,0.0,0.29532667994499207,147.5731658935547,215.8528594970703,0.5871949791908264,0.0,0.0,0.03737262636423111,0.0,0.0,0.07731101661920547
283,True,185.29806518554688,32.72907638549805,0.9746636152267456,188.8048095703125,29.175369262695312,0.5287147164344788,182.53067016601562,24.56224822998047,0.9898819327354431,0.0,0.0,0.020210275426506996,166.29159545898438,19.430870056152344,0.9835009574890137,170.89622497558594,62.21582794189453,0.9200951457023621,138.9547882080078,51.04100799560547,0.9970217347145081,174.00985717773438,110.84088134765625,0.6242932677268982,127.68708801269531,101.73084259033203,0.9955912828445435,193.98141479492188,113.74286651611328,0.6964803338050842,182.32275390625,110.53306579589844,0.9896973967552185,167.59185791015625,154.49658203125,0.9435973763465881,144.8787841796875,153.41961669921875,0.9853953123092651,0.0,0.0,0.21974362432956696,144.6443634033203,221.9171600341797,0.5383970141410828,0.0,0.0,0.009136267937719822,0.0,0.0,0.021502487361431122
284,True,185.41036987304688,32.90776062011719,0.9787149429321289,189.13394165039062,29.057029724121094,0.5397757887840271,182.4435577392578,24.431068420410156,0.99293053150177,0.0,0.0,0.017358429729938507,165.1954803466797,18.38165283203125,0.9886539578437805,170.89694213867188,60.0295295715332,0.9012871980667114,138.21669006347656,51.70872116088867,0.9973766803741455,0.0,0.0,0.47792792320251465,135.74588012695312,106.21017456054688,0.9952585101127625,196.91879272460938,111.08646392822266,0.5479937791824341,185.8645782470703,105.3952865600586,0.9868046045303345,168.79698181152344,154.7674102783203,0.9106677770614624,145.82968139648438,155.00660705566406,0.9804030656814575,0.0,0.0,0.1845700740814209,149.93655395507812,225.73129272460938,0.5348498821258545,0.0,0.0,0.009040839038789272,0.0,0.0,0.02416273206472397
285,True,185.65380859375,32.795440673828125,0.9748063087463379,189.96922302246094,29.00018310546875,0.5053847432136536,182.50021362304688,23.69060516357422,0.9918718338012695,0.0,0.0,0.01315414160490036,165.21435546875,17.082473754882812,0.9862217307090759,171.17935180664062,61.67744445800781,0.8124101161956787,139.9718780517578,50.288841247558594,0.9951004385948181,0.0,0.0,0.24601797759532928,140.7548828125,102.7294692993164,0.9895287156105042,0.0,0.0,0.3323214650154114,187.92445373535156,104.08196258544922,0.9736272692680359,167.392578125,154.55172729492188,0.8249958157539368,146.56295776367188,153.26504516601562,0.9635883569717407,0.0,0.0,0.19234004616737366,154.99215698242188,223.89532470703125,0.5782220959663391,0.0,0.0,0.015407680533826351,0.0,0.0,0.04407501220703125
286,True,186.25115966796875,31.56842041015625,0.9864550828933716,190.0697021484375,28.290260314941406,0.6533250212669373,183.3115234375,23.383285522460938,0.995554506778717,0.0,0.0,0.01712365262210369,165.8736572265625,18.05396270751953,0.9914857745170593,172.5611572265625,62.47563171386719,0.9194039106369019,140.48574829101562,49.902381896972656,0.9954642653465271,178.30128479003906,111.75247192382812,0.554759681224823,141.35610961914062,100.54141998291016,0.9917129278182983,198.58839416503906,108.33306121826172,0.6314040422439575,190.15618896484375,104.90302276611328,0.982205331325531,167.61961364746094,153.98692321777344,0.9119212627410889,144.42666625976562,151.93821716308594,0.9735341668128967,0.0,0.0,0.21103288233280182,0.0,0.0,0.4930577278137207,0.0,0.0,0.010062795132398605,0.0,0.0,0.020871315151453018
287,True,185.8751983642578,31.27508544921875,0.9783707857131958,190.0182647705078,27.55620574951172,0.5183427929878235,182.76121520996094,22.50446319580078,0.9910592436790466,0.0,0.0,0.014365372247993946,165.44908142089844,16.87702178955078,0.9848771095275879,173.5614776611328,62.896331787109375,0.9215522408485413,139.349365234375,51.02342987060547,0.9951953291893005,180.54513549804688,110.70405578613281,0.624414324760437,140.42333984375,102.75112915039062,0.9931871891021729,207.2772674560547,107.19342041015625,0.713687539100647,197.61788940429688,104.39093017578125,0.9872682690620422,168.61753845214844,156.29052734375,0.9165596961975098,144.89576721191406,154.70025634765625,0.9743191003799438,0.0,0.0,0.2516830265522003,148.788330078125,220.82577514648438,0.552495539188385,0.0,0.0,0.012600820511579514,0.0,0.0,0.02647154964506626
288,True,185.59951782226562,30.607162475585938,0.9610852599143982,0.0,0.0,0.49490615725517273,181.96749877929688,21.697181701660156,0.973518431186676,0.0,0.0,0.02887614816427231,164.71173095703125,16.5198974609375,0.9492448568344116,172.68814086914062,60.88749694824219,0.9378491044044495,139.81570434570312,50.577667236328125,0.9877042770385742,180.95681762695312,111.53580474853516,0.7179182767868042,146.44119262695312,105.25951385498047,0.9780982732772827,216.83041381835938,110.55826568603516,0.7240503430366516,206.78036499023438,107.1067886352539,0.9616469740867615,167.59805297851562,164.62890625,0.9251172542572021,144.45904541015625,163.92823791503906,0.9606990814208984,0.0,0.0,0.23519042134284973,0.0,0.0,0.40382444858551025,0.0,0.0,0.011117368005216122,0.0,0.0,0.01707727275788784
289,True,186.22862243652344,30.264984130859375,0.9822576642036438,189.7949676513672,26.32622528076172,0.5314299464225769,183.160400390625,21.14325714111328,0.9948053956031799,0.0,0.0,0.011587854474782944,165.8753204345703,15.055587768554688,0.9900604486465454,172.6815185546875,62.252174377441406,0.8471300005912781,141.12014770507812,48.766090393066406,0.9955129027366638,0.0,0.0,0.36750125885009766,148.6751251220703,104.37644958496094,0.9947053790092468,0.0,0.0,0.49196481704711914,214.5463409423828,112.02599334716797,0.9875934720039368,171.30259704589844,162.7596435546875,0.8554934859275818,147.1175994873047,160.96371459960938,0.9696131348609924,0.0,0.0,0.12275803089141846,0.0,0.0,0.45468711853027344,0.0,0.0,0.006275118328630924,0.0,0.0,0.018773188814520836
290,True,186.75819396972656,27.763816833496094,0.9754337072372437,0.0,0.0,0.498109370470047,182.4302520751953,18.912071228027344,0.9890418648719788,0.0,0.0,0.016092263162136078,163.7272491455078,14.769004821777344,0.9787861108779907,172.3458251953125,61.90606689453125,0.911794126033783,141.27413940429688,50.776123046875,0.9922552108764648,183.07167053222656,116.59185791015625,0.553143322467804,153.4514923095703,107.01528930664062,0.9882503747940063,226.88088989257812,117.25064086914062,0.6247503161430359,221.16134643554688,115.71286010742188,0.9771013855934143,166.7147979736328,170.65005493164062,0.8750033378601074,144.2493896484375,169.57870483398438,0.9557197093963623,0.0,0.0,0.12372376769781113,0.0,0.0,0.32910239696502686,0.0,0.0,0.0053047421388328075,0.0,0.0,0.010914978571236134
291,True,187.29685974121094,26.16668701171875,0.9760534167289734,190.23870849609375,21.515350341796875,0.5260247588157654,182.99266052246094,17.082054138183594,0.9890453815460205,0.0,0.0,0.016329310834407806,164.1697235107422,13.482894897460938,0.9734721183776855,169.16717529296875,60.265625,0.8702709674835205,141.26513671875,51.34027099609375,0.9888005256652832,179.91964721679688,115.71141815185547,0.5026037693023682,153.05758666992188,110.44071960449219,0.9853997826576233,227.19674682617188,117.65911865234375,0.6065880656242371,225.51702880859375,116.76094055175781,0.9753208756446838,168.44363403320312,173.7789306640625,0.8580650687217712,146.6904754638672,174.61402893066406,0.9483751654624939,0.0,0.0,0.0967274084687233,0.0,0.0,0.27082619071006775,0.0,0.0,0.004111563321202993,0.0,0.0,0.008574184961616993
292,True,188.0691375732422,24.51648712158203,0.9746934771537781,0.0,0.0,0.4703073501586914,183.8113555908203,15.961753845214844,0.9891095161437988,0.0,0.0,0.015181519091129303,164.62176513671875,12.903495788574219,0.980963945388794,167.37069702148438,58.71012878417969,0.9050529599189758,141.55325317382812,51.67472839355469,0.9924166202545166,177.6995849609375,114.57545471191406,0.5389841198921204,154.68118286132812,111.36494445800781,0.9880831837654114,227.72393798828125,119.07563781738281,0.6067343354225159,227.2787628173828,117.84283447265625,0.9758571982383728,164.28961181640625,170.10000610351562,0.8892514109611511,145.02442932128906,171.502685546875,0.960985541343689,0.0,0.0,0.13604964315891266,0.0,0.0,0.34792956709861755,0.0,0.0,0.005647620186209679,0.0,0.0,0.011288377456367016
293,True,188.03871154785156,25.308975219726562,0.966820240020752,0.0,0.0,0.45922186970710754,184.36431884765625,16.83094024658203,0.980377733707428,0.0,0.0,0.025140514597296715,166.2318115234375,12.826934814453125,0.9657296538352966,163.97171020507812,54.46360778808594,0.904434859752655,142.60101318359375,49.85905456542969,0.9891001582145691,175.9113006591797,110.0509033203125,0.6153469681739807,160.42697143554688,109.27220916748047,0.9824288487434387,228.1414794921875,119.82442474365234,0.6780975461006165,232.39324951171875,118.65339660644531,0.9692386388778687,160.2481689453125,165.30703735351562,0.8869242668151855,143.13180541992188,168.90704345703125,0.9495099186897278,0.0,0.0,0.18920740485191345,0.0,0.0,0.39185604453086853,0.0,0.0,0.010828254744410515,0.0,0.0,0.019072342664003372
294,True,187.66798400878906,23.820663452148438,0.9778895974159241,0.0,0.0,0.4932817816734314,183.39080810546875,15.261085510253906,0.9900938868522644,0.0,0.0,0.018080469220876694,164.5870819091797,11.92803955078125,0.983444333076477,163.6798095703125,56.25877380371094,0.9275785088539124,142.569580078125,49.64295196533203,0.9939634203910828,175.60459899902344,111.11834716796875,0.5765332579612732,160.712158203125,108.80437469482422,0.9886628985404968,229.59817504882812,115.90228271484375,0.6170028448104858,233.26986694335938,116.13423156738281,0.9749398827552795,159.7467803955078,167.87432861328125,0.9081525802612305,143.72283935546875,170.10726928710938,0.9664314985275269,0.0,0.0,0.17604383826255798,0.0,0.0,0.4148193597793579,0.0,0.0,0.008042293600738049,0.0,0.0,0.015694720670580864
295,True,187.73622131347656,25.222213745117188,0.9686615467071533,0.0,0.0,0.46587470173835754,184.12396240234375,16.598350524902344,0.9801986813545227,0.0,0.0,0.03297732397913933,166.07699584960938,12.295166015625,0.9695306420326233,161.65765380859375,52.63676452636719,0.9382966160774231,143.9998779296875,49.302223205566406,0.9923007488250732,177.74574279785156,105.7779541015625,0.6833865642547607,167.49038696289062,108.1285171508789,0.9849725961685181,233.25665283203125,113.10731506347656,0.6983547806739807,238.51553344726562,111.38111877441406,0.9671832919120789,155.12210083007812,162.2515869140625,0.9089824557304382,141.11776733398438,165.8993682861328,0.9575083255767822,0.0,0.0,0.21647749841213226,0.0,0.0,0.41765034198760986,0.0,0.0,0.01132428739219904,0.0,0.0,0.018925366923213005
296,True,188.3540496826172,23.773513793945312,0.9817888140678406,190.0033721923828,19.321815490722656,0.5406627058982849,184.3435821533203,15.627693176269531,0.9930423498153687,0.0,0.0,0.016610242426395416,165.63917541503906,13.661026000976562,0.987598717212677,160.57728576660156,55.76344680786133,0.9174503087997437,145.736328125,51.411441802978516,0.9925038814544678,177.09222412109375,107.04536437988281,0.5080694556236267,166.04408264160156,107.38359832763672,0.9845602512359619,231.69503784179688,106.55796813964844,0.566540002822876,232.66818237304688,106.72006225585938,0.9683554768562317,155.97262573242188,161.9011688232422,0.9345151782035828,143.87362670898438,164.987548828125,0.9755929708480835,0.0,0.0,0.2980722188949585,160.564453125,239.02166748046875,0.5790123343467712,0.0,0.0,0.015349434688687325,0.0,0.0,0.028795793652534485
297,True,188.34182739257812,25.37293243408203,0.9719752669334412,0.0,0.0,0.435420960187912,184.1993408203125,17.194847106933594,0.9870642423629761,0.0,0.0,0.01496979407966137,164.52426147460938,14.301651000976562,0.9798076152801514,166.27090454101562,56.361854553222656,0.9299058318138123,140.866943359375,51.60570526123047,0.9928737878799438,182.3128204345703,105.78787994384766,0.6385162472724915,156.39810180664062,106.46879577636719,0.9883365035057068,230.21807861328125,100.45344543457031,0.6661475300788879,228.06167602539062,98.65339660644531,0.9751522541046143,162.8524627685547,165.46446228027344,0.9218790531158447,144.34503173828125,168.01565551757812,0.9688554406166077,0.0,0.0,0.19536638259887695,0.0,0.0,0.42026054859161377,0.0,0.0,0.008059871383011341,0.0,0.0,0.014614776708185673
298,True,187.11376953125,26.43146514892578,0.9769358038902283,189.5672607421875,23.042617797851562,0.5479755401611328,183.9705047607422,18.507598876953125,0.9875472784042358,0.0,0.0,0.02367761731147766,166.35992431640625,15.607559204101562,0.9753111004829407,165.77166748046875,57.09558868408203,0.9472801089286804,142.9618682861328,51.1909065246582,0.9912692308425903,181.55307006835938,100.83657836914062,0.7249718904495239,155.87020874023438,102.82368469238281,0.9844912886619568,225.87222290039062,89.05364227294922,0.7479146122932434,222.23716735839844,91.73899841308594,0.9716640710830688,160.10354614257812,161.48309326171875,0.94232177734375,143.29095458984375,162.89370727539062,0.9713211059570312,0.0,0.0,0.251936674118042,0.0,0.0,0.44278791546821594,0.0,0.0,0.009456376545131207,0.0,0.0,0.014676488004624844
299,True,187.07308959960938,27.78106689453125,0.9864046573638916,0.0,0.0,0.48429057002067566,184.3548583984375,20.397865295410156,0.9965347051620483,0.0,0.0,0.006773991044610739,166.38189697265625,15.711135864257812,0.9952585101127625,163.2559814453125,53.30284118652344,0.9120541214942932,143.67068481445312,48.46806716918945,0.9978396892547607,174.1923065185547,95.26449584960938,0.5671319961547852,146.11749267578125,101.65162658691406,0.9975748658180237,209.37387084960938,83.22356414794922,0.6832370162010193,201.84356689453125,88.54508972167969,0.9941039681434631,162.07481384277344,147.35684204101562,0.930857241153717,147.49794006347656,149.16006469726562,0.9856947064399719,0.0,0.0,0.2559013366699219,152.0190887451172,223.91766357421875,0.6467071771621704,0.0,0.0,0.010445648804306984,0.0,0.0,0.026899807155132294
300,True,187.79241943359375,27.76000213623047,0.9879484176635742,190.00225830078125,24.488800048828125,0.6243122816085815,184.1238555908203,20.588882446289062,0.995595395565033,0.0,0.0,0.013351868838071823,165.83692932128906,17.351165771484375,0.9908396601676941,162.90090942382812,54.423973083496094,0.9330877065658569,145.5038299560547,47.70170593261719,0.9950218200683594,174.3052978515625,96.00292205810547,0.5800371170043945,150.15390014648438,95.9449234008789,0.9896836280822754,210.75057983398438,83.35648345947266,0.6389564871788025,204.847900390625,89.1712646484375,0.9790960550308228,156.53684997558594,151.968505859375,0.9386724829673767,144.50869750976562,152.9056396484375,0.9792131781578064,0.0,0.0,0.3954101800918579,157.86492919921875,224.147705078125,0.683853030204773,0.0,0.0,0.02626282349228859,0.0,0.0,0.048881761729717255
301,True,186.73141479492188,29.781173706054688,0.9809983372688293,189.07122802734375,27.068763732910156,0.5139815807342529,184.21066284179688,22.554359436035156,0.9914528131484985,0.0,0.0,0.013457115739583969,165.8455352783203,18.561004638671875,0.986661970615387,160.75746154785156,56.377864837646484,0.9299231767654419,144.3890380859375,48.27409744262695,0.9958323836326599,167.593505859375,105.1126937866211,0.6010032296180725,148.81500244140625,89.88418579101562,0.9916350841522217,189.0194854736328,124.62181091308594,0.6270599961280823,195.3535919189453,79.59684753417969,0.9816686511039734,157.57350158691406,153.96221923828125,0.9492658376693726,146.52621459960938,154.35829162597656,0.9841386675834656,0.0,0.0,0.3736841380596161,161.85520935058594,226.2500457763672,0.6765146255493164,0.0,0.0,0.022067347541451454,0.0,0.0,0.04399058595299721
302,True,186.86685180664062,32.30064392089844,0.969807505607605,0.0,0.0,0.4186185300350189,184.63919067382812,25.002349853515625,0.9892878532409668,0.0,0.0,0.011567087844014168,167.05270385742188,19.906387329101562,0.9888055324554443,158.85696411132812,54.204925537109375,0.8942162990570068,146.61587524414062,47.87226867675781,0.9928493499755859,0.0,0.0,0.452590674161911,151.9595947265625,86.9449462890625,0.9823461174964905,0.0,0.0,0.46570634841918945,189.15853881835938,71.92437744140625,0.956732988357544,154.55108642578125,145.69488525390625,0.8802377581596375,146.9290771484375,146.2833251953125,0.9597346782684326,0.0,0.0,0.38153672218322754,159.06787109375,214.31651306152344,0.6703452467918396,0.0,0.0,0.04007476568222046,0.0,0.0,0.07356555014848709
303,True,189.28680419921875,34.72675323486328,0.9448558688163757,0.0,0.0,0.29036960005760193,187.57179260253906,26.681228637695312,0.9766973257064819,0.0,0.0,0.009966227225959301,169.20736694335938,19.408187866210938,0.9795437455177307,161.3103485107422,58.293251037597656,0.8693808317184448,143.7091522216797,46.46289825439453,0.9920282959938049,0.0,0.0,0.3666641414165497,145.89462280273438,85.73426818847656,0.9765745997428894,0.0,0.0,0.35249242186546326,181.8240966796875,64.19705963134766,0.9353189468383789,154.94366455078125,152.6719512939453,0.8413597345352173,144.93325805664062,151.88833618164062,0.9474512934684753,0.0,0.0,0.2822856307029724,164.62213134765625,217.2858428955078,0.5754656791687012,0.0,0.0,0.02876550331711769,0.0,0.0,0.05610475689172745
304,True,189.08279418945312,37.670440673828125,0.9415128231048584,0.0,0.0,0.3453083336353302,187.89918518066406,30.376846313476562,0.9648104310035706,0.0,0.0,0.015622861683368683,170.25772094726562,21.957420349121094,0.9574283361434937,170.39703369140625,58.49699401855469,0.9280328750610352,140.85243225097656,44.08538818359375,0.988935649394989,184.11534118652344,98.3099365234375,0.6174662709236145,137.80874633789062,76.41941833496094,0.9679147005081177,199.03598022460938,86.41496276855469,0.5801950693130493,178.07554626464844,62.75677490234375,0.9310522079467773,160.4928741455078,149.45346069335938,0.8922650218009949,143.8014373779297,147.55224609375,0.9454565644264221,0.0,0.0,0.3830134868621826,172.02005004882812,206.55880737304688,0.5869203805923462,0.0,0.0,0.040781572461128235,0.0,0.0,0.06165630742907524
305,True,188.6304473876953,41.79235076904297,0.9631310105323792,0.0,0.0,0.4738936722278595,186.90676879882812,33.576393127441406,0.9797749519348145,0.0,0.0,0.020148934796452522,171.30029296875,24.40277862548828,0.9633334875106812,168.3299560546875,62.98371887207031,0.8967125415802002,138.50320434570312,49.36817932128906,0.9960836172103882,158.3706817626953,104.53032684326172,0.6040395498275757,109.71590423583984,85.31448364257812,0.9934315085411072,171.92575073242188,80.28254699707031,0.6955157518386841,155.51187133789062,68.96977996826172,0.9865445494651794,164.0840301513672,151.25814819335938,0.9184737205505371,144.15023803710938,150.5819854736328,0.9780118465423584,0.0,0.0,0.28563806414604187,153.80418395996094,213.5645751953125,0.6150471568107605,0.0,0.0,0.016342710703611374,0.0,0.0,0.03810327127575874
306,True,188.16873168945312,40.47368621826172,0.9528846740722656,0.0,0.0,0.39334604144096375,187.023681640625,33.33642578125,0.9825513958930969,0.0,0.0,0.01694267988204956,172.86814880371094,25.867523193359375,0.9845635890960693,159.61061096191406,60.07606506347656,0.805083155632019,144.69476318359375,48.61378479003906,0.9934238195419312,0.0,0.0,0.24368716776371002,132.18569946289062,78.11930847167969,0.9773363471031189,0.0,0.0,0.2486703246831894,165.3720703125,81.31610107421875,0.9363876581192017,155.9230499267578,147.70814514160156,0.8396422266960144,145.13613891601562,147.69798278808594,0.9605969786643982,0.0,0.0,0.3391040861606598,159.34425354003906,215.53720092773438,0.6980559229850769,0.0,0.0,0.04745568707585335,0.0,0.0,0.11076948791742325
307,True,187.23974609375,41.93426513671875,0.9597218632698059,0.0,0.0,0.4892110228538513,186.77777099609375,34.099430084228516,0.9829006791114807,0.0,0.0,0.022978750988841057,172.126220703125,25.852035522460938,0.9740002155303955,153.42506408691406,54.293190002441406,0.8247010707855225,143.95501708984375,48.512550354003906,0.9864838719367981,0.0,0.0,0.2764632999897003,143.7216033935547,85.09003448486328,0.9474970102310181,0.0,0.0,0.27358928322792053,180.00357055664062,74.7051010131836,0.8826237320899963,145.89132690429688,145.97323608398438,0.8849440217018127,137.7739715576172,148.03904724121094,0.9590319991111755,0.0,0.0,0.34416067600250244,155.14242553710938,205.21786499023438,0.6208801865577698,0.0,0.0,0.054321639239788055,0.0,0.0,0.09930342435836792
308,True,186.7673797607422,43.86552047729492,0.9655259251594543,190.15658569335938,41.70340347290039,0.5409969091415405,187.40240478515625,36.376182556152344,0.9784961342811584,0.0,0.0,0.03085668385028839,172.1226806640625,26.763057708740234,0.9439308643341064,166.90040588378906,57.444576263427734,0.8863881230354309,136.32972717285156,47.61698532104492,0.9933926463127136,177.0701141357422,93.7830810546875,0.5499371886253357,116.88653564453125,83.19851684570312,0.9850795269012451,186.04388427734375,113.10626220703125,0.5826817154884338,155.75241088867188,77.46115112304688,0.9694808721542358,153.85963439941406,144.9361114501953,0.944236695766449,133.64364624023438,144.28140258789062,0.9821441173553467,0.0,0.0,0.3335912227630615,145.51580810546875,206.51168823242188,0.621870219707489,0.0,0.0,0.026514997705817223,0.0,0.0,0.052884697914123535
309,True,187.1698760986328,45.19663619995117,0.9517888426780701,0.0,0.0,0.42261335253715515,187.6290740966797,37.42628479003906,0.9765057563781738,0.0,0.0,0.023241600021719933,173.14292907714844,27.64569091796875,0.9725295305252075,155.06956481933594,58.771846771240234,0.8282468318939209,144.53399658203125,46.87368392944336,0.9927302002906799,0.0,0.0,0.32802125811576843,137.9788360595703,81.25729370117188,0.9772372841835022,0.0,0.0,0.3340924382209778,163.82191467285156,78.95983123779297,0.9459461569786072,148.14198303222656,145.6785888671875,0.9015485644340515,137.92379760742188,144.01141357421875,0.9751977324485779,0.0,0.0,0.31473469734191895,150.70663452148438,203.0631866455078,0.6638166904449463,0.0,0.0,0.038016654551029205,0.0,0.0,0.0890541821718216
310,True,185.88670349121094,47.85038757324219,0.9282737970352173,0.0,0.0,0.3360802233219147,186.78639221191406,39.91598892211914,0.96470046043396,0.0,0.0,0.024046344682574272,173.26625061035156,28.034988403320312,0.9580786228179932,152.42526245117188,57.55012130737305,0.7804304361343384,144.00503540039062,47.87139129638672,0.9895185828208923,0.0,0.0,0.24971669912338257,137.93923950195312,85.80744934082031,0.9685399532318115,0.0,0.0,0.2564927041530609,171.98870849609375,81.26505279541016,0.9172090888023376,146.1582489013672,151.1304931640625,0.835253894329071,139.69097900390625,151.40142822265625,0.9537955522537231,0.0,0.0,0.20592720806598663,155.34970092773438,211.18775939941406,0.5163421034812927,0.0,0.0,0.022839302197098732,0.0,0.0,0.0529971644282341
311,True,186.3529815673828,48.42023849487305,0.9311530590057373,0.0,0.0,0.30827799439430237,187.11892700195312,40.530521392822266,0.9662050604820251,0.0,0.0,0.014977685175836086,173.30221557617188,28.961669921875,0.9477588534355164,156.8496551513672,58.115692138671875,0.7572710514068604,143.48545837402344,47.540287017822266,0.9886115193367004,0.0,0.0,0.308694988489151,135.94302368164062,84.33554077148438,0.978997528553009,0.0,0.0,0.3881291151046753,170.28811645507812,79.34675598144531,0.9576694369316101,149.4361114501953,150.45257568359375,0.8072861433029175,139.64312744140625,150.6825408935547,0.9452570676803589,0.0,0.0,0.16977787017822266,0.0,0.0,0.47514235973358154,0.0,0.0,0.01819697394967079,0.0,0.0,0.04445463791489601
312,True,185.57069396972656,49.87701416015625,0.9094957709312439,0.0,0.0,0.31918323040008545,186.9320831298828,41.7831916809082,0.9468897581100464,0.0,0.0,0.022895844653248787,173.83148193359375,29.26708984375,0.9202611446380615,153.3249053955078,55.395851135253906,0.7489312887191772,144.61135864257812,49.28959655761719,0.9744962453842163,0.0,0.0,0.296360582113266,147.42529296875,97.0281753540039,0.9355989098548889,0.0,0.0,0.32381105422973633,177.54417419433594,80.06719970703125,0.8795070648193359,146.3465576171875,148.8235321044922,0.7168987989425659,139.24867248535156,151.20852661132812,0.8761380314826965,0.0,0.0,0.17378629744052887,0.0,0.0,0.3892330825328827,0.0,0.0,0.026966240257024765,0.0,0.0,0.050345662981271744
313,True,186.53778076171875,49.647239685058594,0.8899296522140503,0.0,0.0,0.23952710628509521,187.59080505371094,41.976993560791016,0.9460800290107727,0.0,0.0,0.017918409779667854,173.8463134765625,30.746673583984375,0.9487974643707275,153.24429321289062,55.054161071777344,0.7529175281524658,146.65298461914062,50.373260498046875,0.9802901148796082,0.0,0.0,0.2875196635723114,152.60446166992188,95.88172149658203,0.9522504806518555,0.0,0.0,0.2855603098869324,178.93560791015625,79.99072265625,0.8884028792381287,147.53213500976562,148.01405334472656,0.7375620007514954,141.9461669921875,150.290771484375,0.8984845876693726,0.0,0.0,0.11411328613758087,0.0,0.0,0.3002950847148895,0.0,0.0,0.012303324416279793,0.0,0.0,0.02447987161576748
314,True,186.3941650390625,50.6323356628418,0.9026437997817993,0.0,0.0,0.26785382628440857,187.89285278320312,42.10707473754883,0.9578148126602173,0.0,0.0,0.021371779963374138,173.66616821289062,29.954208374023438,0.9620060324668884,151.4356689453125,58.547454833984375,0.7582396268844604,147.44203186035156,50.91316223144531,0.983230471611023,0.0,0.0,0.23599988222122192,161.1713104248047,95.46002197265625,0.9488070607185364,0.0,0.0,0.220362588763237,181.40304565429688,80.4902114868164,0.8633257150650024,149.8306121826172,154.18438720703125,0.7762348055839539,145.7989501953125,155.5928955078125,0.9224955439567566,0.0,0.0,0.13381840288639069,0.0,0.0,0.35973960161209106,0.0,0.0,0.013997885398566723,0.0,0.0,0.029544126242399216
315,True,186.69427490234375,50.6973991394043,0.8990631699562073,0.0,0.0,0.2762671113014221,187.97647094726562,42.71237564086914,0.9568341374397278,0.0,0.0,0.023789284750819206,175.02000427246094,30.567352294921875,0.9635695219039917,151.49520874023438,59.266292572021484,0.7665011286735535,145.61798095703125,50.59562683105469,0.9836980104446411,0.0,0.0,0.23094108700752258,150.07858276367188,95.12470245361328,0.9473252892494202,0.0,0.0,0.21187657117843628,183.39996337890625,81.01580810546875,0.8572494983673096,149.73019409179688,149.900634765625,0.7892603874206543,144.71144104003906,151.61770629882812,0.9275573492050171,0.0,0.0,0.16700513660907745,0.0,0.0,0.41142383217811584,0.0,0.0,0.017428386956453323,0.0,0.0,0.035523537546396255
316,True,187.20228576660156,51.183013916015625,0.9033421874046326,0.0,0.0,0.31179279088974,188.69744873046875,42.836669921875,0.9450793862342834,0.0,0.0,0.024699736386537552,174.1656951904297,30.04523468017578,0.9233430624008179,156.02700805664062,61.579864501953125,0.8038073182106018,141.24630737304688,49.763916015625,0.9761683344841003,0.0,0.0,0.37747886776924133,144.0889434814453,92.45260620117188,0.9374551177024841,0.0,0.0,0.34362226724624634,187.0423126220703,84.51960754394531,0.8623151779174805,157.8170928955078,160.42037963867188,0.8387296795845032,146.72056579589844,161.3629608154297,0.9279033541679382,0.0,0.0,0.20073534548282623,0.0,0.0,0.39857450127601624,0.0,0.0,0.019860269501805305,0.0,0.0,0.034454118460416794
317,True,188.88153076171875,51.822044372558594,0.9138565063476562,0.0,0.0,0.32846152782440186,189.81085205078125,43.306488037109375,0.9624995589256287,0.0,0.0,0.028573399409651756,175.10289001464844,31.473297119140625,0.9596984386444092,155.76499938964844,65.31501007080078,0.7505612373352051,145.396728515625,53.05824279785156,0.9863525629043579,0.0,0.0,0.22638936340808868,146.47840881347656,92.25819396972656,0.9592992067337036,0.0,0.0,0.21555186808109283,187.92111206054688,81.716796875,0.8748283386230469,156.2692108154297,152.38095092773438,0.762520432472229,148.32911682128906,152.3075714111328,0.9240419268608093,0.0,0.0,0.19832256436347961,0.0,0.0,0.482120543718338,0.0,0.0,0.02400294318795204,0.0,0.0,0.052643999457359314
318,True,189.4957275390625,51.7974853515625,0.9156590700149536,0.0,0.0,0.310114324092865,190.26119995117188,43.228416442871094,0.9672717452049255,0.0,0.0,0.02660876326262951,175.06088256835938,31.697021484375,0.9671565294265747,157.01234436035156,65.54496765136719,0.7172231674194336,147.0882568359375,53.86138916015625,0.9895533323287964,0.0,0.0,0.15072372555732727,152.1798095703125,92.98945617675781,0.9643595814704895,0.0,0.0,0.1442885547876358,188.63064575195312,84.68899536132812,0.8730568885803223,155.56491088867188,154.0417022705078,0.7326925992965698,148.38246154785156,153.72793579101562,0.9293100833892822,0.0,0.0,0.178048774600029,165.35499572753906,223.6855010986328,0.5124024748802185,0.0,0.0,0.0233957227319479,0.0,0.0,0.06082563102245331
319,True,189.19668579101562,52.004478454589844,0.9257134795188904,0.0,0.0,0.3391258418560028,190.15687561035156,43.65503692626953,0.9681186676025391,0.0,0.0,0.03349953889846802,175.00064086914062,31.70140838623047,0.9639867544174194,157.99649047851562,64.13894653320312,0.759688138961792,148.771728515625,51.733367919921875,0.9930857419967651,0.0,0.0,0.1789432168006897,157.00088500976562,85.91512298583984,0.9757201671600342,0.0,0.0,0.16721409559249878,187.78732299804688,81.71998596191406,0.900177001953125,156.08905029296875,155.08505249023438,0.7694278359413147,149.58802795410156,154.05638122558594,0.946404218673706,0.0,0.0,0.17496320605278015,166.49229431152344,220.86325073242188,0.5325117707252502,0.0,0.0,0.02254999615252018,0.0,0.0,0.06338927149772644
320,True,188.83615112304688,52.008384704589844,0.9362217783927917,0.0,0.0,0.3596613109111786,189.70140075683594,43.57499694824219,0.9671778082847595,0.0,0.0,0.03321908786892891,174.0101318359375,29.786209106445312,0.957295835018158,155.21022033691406,60.231658935546875,0.7881421446800232,147.87225341796875,52.635528564453125,0.9916253685951233,0.0,0.0,0.27252528071403503,154.53369140625,94.28858184814453,0.9753596782684326,0.0,0.0,0.2675994634628296,190.71652221679688,81.57466888427734,0.9191309809684753,152.37777709960938,154.12939453125,0.7698537111282349,147.08676147460938,154.97531127929688,0.9355306625366211,0.0,0.0,0.2123323678970337,158.6878662109375,219.13507080078125,0.5364519357681274,0.0,0.0,0.027561116963624954,0.0,0.0,0.0651618093252182
321,True,188.99130249023438,51.87396240234375,0.9373090863227844,0.0,0.0,0.35580480098724365,189.72853088378906,43.523590087890625,0.9661340713500977,0.0,0.0,0.027344483882188797,173.88697814941406,29.863746643066406,0.9473214149475098,158.99632263183594,61.41149139404297,0.8069360852241516,144.80612182617188,51.31596374511719,0.9918643236160278,0.0,0.0,0.3321726620197296,144.4287109375,90.61764526367188,0.9799020290374756,0.0,0.0,0.3390890657901764,189.29849243164062,76.75858306884766,0.9403470158576965,157.271240234375,154.95379638671875,0.8025808334350586,148.0904541015625,155.11744689941406,0.9445958137512207,0.0,0.0,0.23434971272945404,163.91688537597656,220.2584228515625,0.5656260251998901,0.0,0.0,0.027214551344513893,0.0,0.0,0.06449708342552185
322,True,189.42398071289062,50.943580627441406,0.9408203363418579,0.0,0.0,0.3544028401374817,190.27273559570312,42.838470458984375,0.9717426300048828,0.0,0.0,0.02422155998647213,174.5489501953125,29.779319763183594,0.9603489637374878,157.1850128173828,60.90520477294922,0.786913275718689,144.62831115722656,50.851356506347656,0.9918630123138428,0.0,0.0,0.30472666025161743,143.6414794921875,90.98310852050781,0.9805681109428406,0.0,0.0,0.3091337978839874,189.41946411132812,79.22283935546875,0.9402651190757751,156.5687255859375,155.21470642089844,0.7834476828575134,147.50888061523438,155.65586853027344,0.9411302208900452,0.0,0.0,0.20194920897483826,160.56961059570312,220.53089904785156,0.5268756747245789,0.0,0.0,0.02345586195588112,0.0,0.0,0.05679951608181
323,True,189.6973876953125,51.059288024902344,0.9235035181045532,0.0,0.0,0.3014846444129944,190.45602416992188,43.22627258300781,0.9703584313392639,0.0,0.0,0.017188135534524918,175.36856079101562,32.111671447753906,0.9615567922592163,162.5067901611328,64.60411071777344,0.716642439365387,144.90682983398438,52.453834533691406,0.9911049008369446,0.0,0.0,0.2403382807970047,144.0198974609375,85.6981201171875,0.9836101531982422,0.0,0.0,0.2837423086166382,187.76239013671875,77.41329956054688,0.9493365287780762,161.94418334960938,149.4059295654297,0.8290601372718811,148.8281707763672,148.89874267578125,0.9612191915512085,0.0,0.0,0.26508623361587524,158.0013427734375,219.7359161376953,0.6465232372283936,0.0,0.0,0.031066665425896645,0.0,0.0,0.08168166875839233
324,True,189.52291870117188,50.91111755371094,0.9411215782165527,0.0,0.0,0.33971327543258667,190.59104919433594,42.67454528808594,0.9763527512550354,0.0,0.0,0.02147669903934002,174.9617462158203,30.597023010253906,0.9705914258956909,158.5304718017578,63.80401611328125,0.7708914279937744,145.8840789794922,51.01600646972656,0.9934219717979431,0.0,0.0,0.2242160141468048,150.78526306152344,86.15437316894531,0.9823132157325745,0.0,0.0,0.2296975553035736,188.87664794921875,76.26097869873047,0.9369460344314575,158.68922424316406,156.2878875732422,0.8116286993026733,149.6525115966797,155.53506469726562,0.9582615494728088,0.0,0.0,0.19865502417087555,161.44500732421875,225.7767791748047,0.5688779354095459,0.0,0.0,0.021406102925539017,0.0,0.0,0.05866970866918564
325,True,190.17739868164062,50.033531188964844,0.9492272734642029,0.0,0.0,0.45171332359313965,190.0169677734375,42.028343200683594,0.969664454460144,0.0,0.0,0.033081065863370895,173.6044464111328,29.99144744873047,0.9344998598098755,167.2747802734375,61.66081237792969,0.8135705590248108,143.9435577392578,49.894134521484375,0.9906671643257141,0.0,0.0,0.35302120447158813,146.17286682128906,86.96502685546875,0.9766066670417786,0.0,0.0,0.3424057066440582,190.15301513671875,74.84718322753906,0.9270747303962708,162.83505249023438,158.12181091308594,0.7805831432342529,146.65310668945312,157.23916625976562,0.932597279548645,0.0,0.0,0.16134145855903625,0.0,0.0,0.42976781725883484,0.0,0.0,0.017678232863545418,0.0,0.0,0.04066801816225052
326,True,190.497802734375,50.45063781738281,0.9343897104263306,0.0,0.0,0.43696680665016174,190.50668334960938,41.956085205078125,0.9647437334060669,0.0,0.0,0.03759586438536644,174.44692993164062,31.705184936523438,0.9298883080482483,168.7589874267578,67.67159271240234,0.7762922048568726,146.2705535888672,51.71989440917969,0.9883198738098145,0.0,0.0,0.27830809354782104,151.34555053710938,82.07502746582031,0.9702136516571045,0.0,0.0,0.2771570384502411,189.69728088378906,74.8369140625,0.9034726619720459,164.58889770507812,155.35101318359375,0.8069285154342651,148.02085876464844,152.26437377929688,0.9428243637084961,0.0,0.0,0.18870942294597626,0.0,0.0,0.4815380275249481,0.0,0.0,0.0221775621175766,0.0,0.0,0.05253533273935318
327,True,189.1481170654297,50.18158721923828,0.9017334580421448,0.0,0.0,0.30242568254470825,190.39907836914062,41.61402130126953,0.9569952487945557,0.0,0.0,0.0358099490404129,175.67556762695312,29.985809326171875,0.9664217829704285,151.447509765625,63.07528305053711,0.7802917957305908,151.56930541992188,53.05418014526367,0.9844733476638794,0.0,0.0,0.1708073765039444,163.10684204101562,92.16876983642578,0.9218546152114868,0.0,0.0,0.1283157914876938,187.9563751220703,82.649169921875,0.7531180381774902,151.042236328125,158.0940399169922,0.7970846891403198,150.95135498046875,158.30618286132812,0.931246280670166,0.0,0.0,0.21696338057518005,0.0,0.0,0.49205219745635986,0.0,0.0,0.028816571459174156,0.0,0.0,0.059169694781303406
328,True,190.6124267578125,49.654144287109375,0.9198266863822937,193.38619995117188,46.916542053222656,0.502526044845581,190.28549194335938,41.43054962158203,0.9433218240737915,0.0,0.0,0.06548509001731873,175.9183349609375,32.29884338378906,0.872187614440918,177.51992797851562,69.13577270507812,0.7910898327827454,144.9665985107422,52.655364990234375,0.9845234155654907,0.0,0.0,0.3253890573978424,141.13442993164062,83.21366119384766,0.957511305809021,0.0,0.0,0.3094928562641144,181.65866088867188,80.64019012451172,0.8780261874198914,171.67372131347656,155.3912353515625,0.8537119030952454,148.9342803955078,151.9311065673828,0.9502995610237122,0.0,0.0,0.23280787467956543,155.99032592773438,220.77389526367188,0.5038343071937561,0.0,0.0,0.02607797272503376,0.0,0.0,0.05656652897596359
329,True,189.30230712890625,49.867530822753906,0.9025173187255859,192.4658203125,47.238121032714844,0.5281720161437988,189.3130645751953,41.460968017578125,0.9077398180961609,0.0,0.0,0.1060287281870842,176.44158935546875,32.052345275878906,0.7826478481292725,177.12911987304688,68.4173583984375,0.8227925896644592,146.12332153320312,53.93949890136719,0.9791585803031921,0.0,0.0,0.3876263499259949,146.00340270996094,90.12456512451172,0.9337663650512695,0.0,0.0,0.3301381468772888,183.9281005859375,83.0120849609375,0.8132835030555725,169.2705535888672,156.46185302734375,0.8665217161178589,147.70912170410156,153.61758422851562,0.9428486227989197,0.0,0.0,0.26743078231811523,0.0,0.0,0.4872683882713318,0.0,0.0,0.03226979449391365,0.0,0.0,0.059534952044487
330,True,190.4779510498047,50.4127197265625,0.8683915734291077,0.0,0.0,0.2554297149181366,191.45281982421875,42.775726318359375,0.9304383397102356,0.0,0.0,0.029632767662405968,177.0668487548828,32.351173400878906,0.9275886416435242,162.60108947753906,62.37449645996094,0.7529089450836182,149.04150390625,53.78776550292969,0.9856283664703369,0.0,0.0,0.27465856075286865,153.2060546875,90.82864379882812,0.963982105255127,0.0,0.0,0.23756510019302368,189.0200653076172,78.9158935546875,0.8735965490341187,161.49046325683594,151.59719848632812,0.8350902199745178,151.1153106689453,151.7843017578125,0.9492751955986023,0.0,0.0,0.2588672637939453,159.32723999023438,221.28073120117188,0.5606734752655029,0.0,0.0,0.03323458880186081,0.0,0.0,0.0716717392206192
331,True,190.33123779296875,50.55619812011719,0.9277493953704834,0.0,0.0,0.47545474767684937,190.27011108398438,42.34874725341797,0.9493839144706726,0.0,0.0,0.05792154744267464,175.45689392089844,32.15583038330078,0.8950732946395874,173.233642578125,68.12258911132812,0.830027163028717,147.19097900390625,53.88948059082031,0.9876995086669922,0.0,0.0,0.34732040762901306,150.78077697753906,90.05526733398438,0.9618291258811951,0.0,0.0,0.32017379999160767,186.0902862548828,83.90036010742188,0.8839113712310791,166.7527618408203,157.22378540039062,0.8327052593231201,149.18316650390625,154.77989196777344,0.9412381649017334,0.0,0.0,0.21908320486545563,0.0,0.0,0.48465126752853394,0.0,0.0,0.024886146187782288,0.0,0.0,0.05293874815106392
332,True,190.24496459960938,51.002197265625,0.9053235054016113,0.0,0.0,0.3663465678691864,190.7545166015625,43.16523742675781,0.9393845200538635,0.0,0.0,0.04276629164814949,176.39273071289062,32.713104248046875,0.9047161936759949,170.71377563476562,68.40243530273438,0.7987277507781982,147.6935577392578,53.79405212402344,0.9886448383331299,0.0,0.0,0.2992499768733978,149.8702850341797,87.6473388671875,0.9680560231208801,0.0,0.0,0.2835994362831116,186.00277709960938,81.71841430664062,0.89743971824646,165.89666748046875,156.78030395507812,0.836521327495575,150.60928344726562,154.58677673339844,0.9498477578163147,0.0,0.0,0.23514550924301147,163.6844482421875,222.28250122070312,0.5401203036308289,0.0,0.0,0.026523614302277565,0.0,0.0,0.06096889451146126
333,True,187.9176483154297,50.68989562988281,0.8641340136528015,0.0,0.0,0.26270580291748047,189.4978790283203,42.968292236328125,0.9372457265853882,0.0,0.0,0.030802514404058456,176.67047119140625,31.392807006835938,0.9387753009796143,159.19189453125,60.00663757324219,0.6970664858818054,150.48765563964844,54.53241729736328,0.9787018299102783,0.0,0.0,0.17043949663639069,161.1357421875,99.46263885498047,0.9333776235580444,0.0,0.0,0.1417277604341507,189.75942993164062,82.8991928100586,0.7913104295730591,159.08934020996094,151.4929656982422,0.8048639893531799,152.13418579101562,153.08152770996094,0.9388682246208191,0.0,0.0,0.2628062665462494,160.12677001953125,226.55270385742188,0.5711879730224609,0.0,0.0,0.03828635811805725,0.0,0.0,0.08147528767585754
334,True,189.68972778320312,50.179222106933594,0.8792559504508972,0.0,0.0,0.35114604234695435,190.116943359375,42.59788513183594,0.9163432121276855,0.0,0.0,0.04842643439769745,176.52113342285156,32.45536804199219,0.8791069984436035,169.71119689941406,66.05400085449219,0.7884052395820618,146.99429321289062,52.996856689453125,0.9823166728019714,0.0,0.0,0.2879842221736908,146.60586547851562,89.92900085449219,0.9432857632637024,0.0,0.0,0.2399129420518875,185.6845703125,82.23420715332031,0.8264238834381104,165.84385681152344,153.20364379882812,0.8124629259109497,150.67306518554688,151.82972717285156,0.9305336475372314,0.0,0.0,0.2499212622642517,164.312255859375,217.9542236328125,0.5110175013542175,0.0,0.0,0.03394654393196106,0.0,0.0,0.06817857921123505
335,True,189.90577697753906,49.98423767089844,0.8830048441886902,0.0,0.0,0.33518505096435547,190.45098876953125,42.479652404785156,0.926529049873352,0.0,0.0,0.04439771547913551,177.16995239257812,32.27684783935547,0.9063543081283569,166.5940704345703,65.05281829833984,0.7760887145996094,149.19305419921875,53.161033630371094,0.9842319488525391,0.0,0.0,0.27075913548469543,149.7333526611328,89.73362731933594,0.9518430233001709,0.0,0.0,0.2328064888715744,186.385986328125,79.7078628540039,0.8456549644470215,162.87086486816406,151.51234436035156,0.8214324712753296,150.70040893554688,150.69935607910156,0.9392170906066895,0.0,0.0,0.27574098110198975,162.03713989257812,218.71820068359375,0.5608972907066345,0.0,0.0,0.03839137777686119,0.0,0.0,0.07930243015289307
336,True,190.03842163085938,50.530242919921875,0.8667386770248413,0.0,0.0,0.26567158102989197,190.79901123046875,42.91718292236328,0.9349763989448547,0.0,0.0,0.03346043452620506,176.9544219970703,32.259674072265625,0.9418872594833374,160.69610595703125,62.61602783203125,0.7068250775337219,150.80787658691406,54.1817626953125,0.9839850068092346,0.0,0.0,0.16372154653072357,155.5382080078125,93.79545593261719,0.9437785744667053,0.0,0.0,0.13526158034801483,188.06539916992188,82.11720275878906,0.8040071725845337,159.32276916503906,149.3332061767578,0.7565442323684692,152.05300903320312,149.9108123779297,0.9256688356399536,0.0,0.0,0.2526860237121582,164.453125,217.68907165527344,0.5707360506057739,0.0,0.0,0.0427754707634449,0.0,0.0,0.09541749209165573
337,True,189.80545043945312,50.405067443847656,0.898658037185669,0.0,0.0,0.31285661458969116,190.34872436523438,42.99346160888672,0.9531542062759399,0.0,0.0,0.02741027995944023,176.03399658203125,32.33076477050781,0.9400750994682312,164.8792266845703,63.40016174316406,0.6721944808959961,147.42813110351562,52.650238037109375,0.9864526391029358,0.0,0.0,0.1552676260471344,146.74220275878906,86.94413757324219,0.9617859721183777,0.0,0.0,0.15370602905750275,186.4510955810547,79.89451599121094,0.8719106316566467,163.30201721191406,148.47634887695312,0.7589098215103149,150.808349609375,148.2688446044922,0.9373130798339844,0.0,0.0,0.24359843134880066,162.08670043945312,215.43984985351562,0.6001875996589661,0.0,0.0,0.03968953341245651,0.0,0.0,0.09988521784543991
338,True,188.4202880859375,49.89802169799805,0.9162077903747559,0.0,0.0,0.33124804496765137,189.52244567871094,42.411338806152344,0.9689279198646545,0.0,0.0,0.021890535950660706,175.8545379638672,31.123825073242188,0.960791289806366,162.0963897705078,60.755455017089844,0.6586913466453552,148.0160369873047,52.69148254394531,0.9859308004379272,0.0,0.0,0.13080990314483643,152.35604858398438,91.45924377441406,0.9595941305160522,0.0,0.0,0.13280770182609558,185.593505859375,81.37684631347656,0.8710528016090393,161.421630859375,147.01397705078125,0.8220688104629517,150.9001007080078,147.73382568359375,0.9587023258209229,0.0,0.0,0.33344194293022156,157.42816162109375,221.48556518554688,0.7109790444374084,0.0,0.0,0.05700547248125076,0.0,0.0,0.13979071378707886
339,True,188.49598693847656,50.016563415527344,0.9163414835929871,0.0,0.0,0.3860301673412323,188.99075317382812,41.86962890625,0.9521645903587341,0.0,0.0,0.04298859462141991,174.91119384765625,31.06829071044922,0.9320875406265259,160.47946166992188,62.370025634765625,0.741418719291687,148.1102294921875,54.229454040527344,0.9839594960212708,0.0,0.0,0.18532350659370422,152.97958374023438,92.97166442871094,0.9406659603118896,0.0,0.0,0.1556277722120285,189.7161407470703,81.0341796875,0.8213106393814087,159.2330322265625,153.99139404296875,0.8181881308555603,149.96954345703125,154.44915771484375,0.9461643695831299,0.0,0.0,0.3254978358745575,159.92657470703125,219.98081970214844,0.6523566842079163,0.0,0.0,0.057646460831165314,0.0,0.0,0.12634378671646118
340,True,189.92433166503906,49.925750732421875,0.8714621067047119,0.0,0.0,0.22084997594356537,190.53257751464844,42.425018310546875,0.9509000182151794,0.0,0.0,0.021621285006403923,175.80686950683594,31.997650146484375,0.9655481576919556,157.4586944580078,60.4188232421875,0.6553345322608948,150.54978942871094,55.16875457763672,0.9861600995063782,0.0,0.0,0.11510081589221954,157.85194396972656,94.34666442871094,0.951374351978302,0.0,0.0,0.09948602318763733,191.46434020996094,78.92715454101562,0.8201514482498169,158.4481201171875,149.68914794921875,0.7168517708778381,153.26829528808594,151.73109436035156,0.924534261226654,0.0,0.0,0.23278141021728516,167.81141662597656,220.16217041015625,0.5904791951179504,0.0,0.0,0.04040047153830528,0.0,0.0,0.09986379742622375
341,True,190.25186157226562,49.89393615722656,0.9005107283592224,0.0,0.0,0.3125811815261841,190.5712127685547,42.37030792236328,0.9547925591468811,0.0,0.0,0.024853063747286797,175.2384033203125,32.052101135253906,0.9405482411384583,167.59719848632812,64.09805297851562,0.6823629140853882,145.64947509765625,53.13964080810547,0.9862868189811707,0.0,0.0,0.15006567537784576,147.7508544921875,88.71896362304688,0.9584404230117798,0.0,0.0,0.14096462726593018,187.4744873046875,76.52281188964844,0.8563445210456848,166.02586364746094,150.50962829589844,0.7493031620979309,151.08334350585938,150.0564727783203,0.9330052137374878,0.0,0.0,0.22905319929122925,164.35671997070312,217.92819213867188,0.5786054730415344,0.0,0.0,0.03597581386566162,0.0,0.0,0.09030564874410629
342,True,189.924072265625,49.863189697265625,0.8508404493331909,0.0,0.0,0.218758687376976,190.68603515625,42.42821502685547,0.9327353835105896,0.0,0.0,0.023981750011444092,176.1942901611328,31.991104125976562,0.9443261623382568,160.43272399902344,61.29862976074219,0.6450880765914917,149.1846466064453,53.80316162109375,0.9826955795288086,0.0,0.0,0.12110242247581482,155.99501037597656,92.74957275390625,0.9403263330459595,0.0,0.0,0.09827057272195816,190.74212646484375,79.64228820800781,0.7853975892066956,161.1905059814453,153.0711669921875,0.700927734375,153.10560607910156,154.33587646484375,0.9126032590866089,0.0,0.0,0.19452312588691711,170.1467742919922,220.93994140625,0.5176400542259216,0.0,0.0,0.03311706706881523,0.0,0.0,0.08069483190774918
343,True,190.43032836914062,49.48399353027344,0.8953839540481567,0.0,0.0,0.345024049282074,190.16537475585938,41.774192810058594,0.9409326314926147,0.0,0.0,0.030496299266815186,174.31370544433594,31.870086669921875,0.9109759330749512,171.68234252929688,65.90838623046875,0.7302146553993225,144.1059112548828,51.7540283203125,0.9814894795417786,0.0,0.0,0.18708571791648865,145.6621856689453,86.27508544921875,0.9356029033660889,0.0,0.0,0.15361621975898743,186.26055908203125,76.18243408203125,0.7999032735824585,169.65655517578125,156.93197631835938,0.7442003488540649,151.42129516601562,155.3155059814453,0.9129325151443481,0.0,0.0,0.18626749515533447,0.0,0.0,0.46121346950531006,0.0,0.0,0.027233999222517014,0.0,0.0,0.0616811066865921
344,True,190.0948028564453,49.19377899169922,0.8867669701576233,0.0,0.0,0.3760562837123871,189.55557250976562,41.528282165527344,0.9285441637039185,0.0,0.0,0.04026983305811882,174.4093475341797,32.144020080566406,0.8781772255897522,172.47637939453125,64.7812271118164,0.7063528299331665,146.45938110351562,52.66539001464844,0.9754989147186279,0.0,0.0,0.18588757514953613,151.13607788085938,89.67510986328125,0.9170970916748047,0.0,0.0,0.15014761686325073,188.1458740234375,80.17205047607422,0.7544505596160889,169.7445068359375,156.12579345703125,0.7630266547203064,151.76040649414062,154.89527893066406,0.914440393447876,0.0,0.0,0.21533885598182678,0.0,0.0,0.48146042227745056,0.0,0.0,0.034642718732357025,0.0,0.0,0.07327379286289215
345,True,187.75978088378906,48.754154205322266,0.9220860600471497,0.0,0.0,0.4863887131214142,187.76580810546875,40.94984436035156,0.9575265645980835,0.0,0.0,0.042974986135959625,173.24111938476562,31.462448120117188,0.9062192440032959,175.97328186035156,64.46119689941406,0.7356711030006409,142.41314697265625,51.30169677734375,0.9761022329330444,0.0,0.0,0.198032945394516,142.75949096679688,88.89718627929688,0.9243823289871216,0.0,0.0,0.17418299615383148,182.72622680664062,74.16014099121094,0.8054921627044678,172.82882690429688,156.4844970703125,0.8452568650245667,149.12889099121094,154.2922821044922,0.9481748342514038,0.0,0.0,0.22428089380264282,159.21234130859375,223.30026245117188,0.5005642175674438,0.0,0.0,0.027813659980893135,0.0,0.0,0.06025707349181175
346,True,189.17355346679688,49.097930908203125,0.9156485795974731,0.0,0.0,0.4768155813217163,188.60574340820312,41.046539306640625,0.9355581402778625,0.0,0.0,0.057278137654066086,173.1591339111328,31.39850616455078,0.8718687891960144,172.86936950683594,68.48701477050781,0.8005963563919067,144.68853759765625,50.78448486328125,0.9791754484176636,0.0,0.0,0.2649645507335663,144.7798309326172,78.35220336914062,0.9152202010154724,0.0,0.0,0.207143634557724,181.6241912841797,68.41915130615234,0.7644306421279907,169.76808166503906,160.01168823242188,0.7787306308746338,151.5726318359375,156.84967041015625,0.9077666401863098,0.0,0.0,0.18242858350276947,0.0,0.0,0.3957136273384094,0.0,0.0,0.023385094478726387,0.0,0.0,0.04643486440181732
347,True,188.651611328125,48.69628143310547,0.9055777788162231,191.60870361328125,45.86436462402344,0.5010630488395691,187.61471557617188,40.58607482910156,0.9176556468009949,0.0,0.0,0.0745689645409584,172.80416870117188,31.675201416015625,0.8245524764060974,178.49969482421875,68.81299591064453,0.8022140860557556,143.26075744628906,52.22169494628906,0.9768922328948975,0.0,0.0,0.2772440016269684,142.92648315429688,81.4323959350586,0.9056512117385864,0.0,0.0,0.2127505987882614,181.41989135742188,70.39601135253906,0.7471138834953308,174.35325622558594,161.10018920898438,0.7914433479309082,151.34339904785156,158.3101043701172,0.9094665050506592,0.0,0.0,0.18666869401931763,0.0,0.0,0.3959941267967224,0.0,0.0,0.024306587874889374,0.0,0.0,0.04830671101808548
348,True,189.00787353515625,48.644432067871094,0.9155743718147278,191.56829833984375,45.889923095703125,0.5088569521903992,188.23651123046875,40.67085266113281,0.9275261759757996,0.0,0.0,0.06356856971979141,172.64120483398438,31.181838989257812,0.8443959951400757,174.64907836914062,68.02771759033203,0.8100277781486511,143.713134765625,51.3912353515625,0.9716790318489075,0.0,0.0,0.277243047952652,143.968994140625,81.51249694824219,0.8706913590431213,0.0,0.0,0.20639894902706146,180.26092529296875,73.69345092773438,0.6959370374679565,171.79986572265625,161.45358276367188,0.7790048122406006,151.97691345214844,159.02078247070312,0.89028000831604,0.0,0.0,0.20283900201320648,0.0,0.0,0.3873608708381653,0.0,0.0,0.02866682969033718,0.0,0.0,0.051104769110679626
349,True,188.52691650390625,48.24089050292969,0.9140079021453857,191.372314453125,45.68971252441406,0.5209628939628601,187.6340789794922,40.40155029296875,0.9237644672393799,0.0,0.0,0.06841534376144409,172.64321899414062,31.3751220703125,0.83819580078125,176.54725646972656,68.29695129394531,0.8264592289924622,143.84622192382812,52.06072235107422,0.9708013534545898,0.0,0.0,0.3352513909339905,143.9463653564453,83.23889923095703,0.8805364370346069,0.0,0.0,0.26714277267456055,180.68716430664062,75.42960357666016,0.7338560819625854,172.7667236328125,157.10931396484375,0.8235637545585632,151.70263671875,154.57513427734375,0.9084067940711975,0.0,0.0,0.26827648282051086,0.0,0.0,0.4541725218296051,0.0,0.0,0.036864615976810455,0.0,0.0,0.06130479648709297
350,True,188.63082885742188,48.427894592285156,0.9096382856369019,191.35279846191406,45.793121337890625,0.5165585279464722,187.7147674560547,40.432640075683594,0.9149922728538513,0.0,0.0,0.0714801549911499,172.5753936767578,31.525543212890625,0.821816086769104,175.46347045898438,69.38792419433594,0.8271826505661011,144.01901245117188,51.66508483886719,0.9680876135826111,0.0,0.0,0.33201363682746887,142.7730255126953,79.6579818725586,0.8629498481750488,0.0,0.0,0.2537342309951782,178.7501220703125,70.71087646484375,0.6981407999992371,171.97264099121094,159.23382568359375,0.7957770824432373,151.92431640625,156.1756591796875,0.8883907198905945,0.0,0.0,0.21975331008434296,0.0,0.0,0.38107621669769287,0.0,0.0,0.029500627890229225,0.0,0.0,0.04839164763689041
351,True,188.53652954101562,48.48828887939453,0.9138634204864502,191.589111328125,45.861717224121094,0.5318447947502136,187.4996337890625,40.52892303466797,0.926635205745697,0.0,0.0,0.07394658029079437,172.544189453125,31.668991088867188,0.8351303339004517,178.5325164794922,68.57730102539062,0.8052263259887695,143.84507751464844,52.17231750488281,0.972842276096344,0.0,0.0,0.3035530745983124,143.79159545898438,82.83092498779297,0.8961737155914307,0.0,0.0,0.2545640766620636,181.24932861328125,73.63237762451172,0.7573135495185852,173.3449249267578,154.83419799804688,0.8073363900184631,150.7204132080078,151.7608642578125,0.9093618988990784,0.0,0.0,0.25023555755615234,0.0,0.0,0.4588109850883484,0.0,0.0,0.035126302391290665,0.0,0.0,0.06336365640163422
352,True,189.15789794921875,48.17193603515625,0.9240165948867798,192.31683349609375,45.758819580078125,0.5202497839927673,188.09799194335938,40.134429931640625,0.946130096912384,0.0,0.0,0.054536446928977966,172.88218688964844,31.17212677001953,0.8781329989433289,177.036865234375,68.12942504882812,0.7688149809837341,144.79965209960938,51.006004333496094,0.9764506220817566,0.0,0.0,0.2580246925354004,145.03851318359375,79.74742126464844,0.9203119277954102,0.0,0.0,0.23611481487751007,182.067138671875,73.66090393066406,0.8052810430526733,173.10037231445312,154.14385986328125,0.7986534833908081,151.46865844726562,150.81576538085938,0.9195056557655334,0.0,0.0,0.2503770589828491,168.05905151367188,215.30438232421875,0.5025771856307983,0.0,0.0,0.03726965934038162,0.0,0.0,0.07439179718494415
353,True,188.7952880859375,47.88372039794922,0.9301641583442688,0.0,0.0,0.49927815794944763,187.81985473632812,40.23210144042969,0.9637600779533386,0.0,0.0,0.03691989928483963,172.66738891601562,30.79419708251953,0.9197739362716675,179.1312713623047,64.78290557861328,0.712778627872467,142.45892333984375,49.58970642089844,0.9787296652793884,0.0,0.0,0.1973927766084671,140.30795288085938,78.36886596679688,0.9386225938796997,0.0,0.0,0.2063821703195572,179.3071746826172,73.697265625,0.8566904067993164,177.305908203125,151.22982788085938,0.8457470536231995,151.98439025878906,149.06906127929688,0.9525089263916016,0.0,0.0,0.30475494265556335,163.03402709960938,216.8232879638672,0.623186469078064,0.0,0.0,0.048713285475969315,0.0,0.0,0.10818082839250565
354,True,189.5387725830078,47.474365234375,0.9147167205810547,192.40744018554688,44.82715606689453,0.529262125492096,187.92471313476562,39.851768493652344,0.9294945001602173,0.0,0.0,0.06224110350012779,173.14569091796875,31.910980224609375,0.8313915729522705,180.15237426757812,67.10810852050781,0.7604433298110962,146.2247314453125,50.76795959472656,0.9717174172401428,0.0,0.0,0.287213534116745,144.36669921875,78.54334259033203,0.912864625453949,0.0,0.0,0.2633110582828522,180.63499450683594,72.1124038696289,0.8012340664863586,176.25900268554688,151.84750366210938,0.8326186537742615,152.9091339111328,148.81155395507812,0.9297822713851929,0.0,0.0,0.30457964539527893,169.07272338867188,212.4569854736328,0.5522576570510864,0.0,0.0,0.04965084046125412,0.0,0.0,0.0950189158320427
355,True,190.1806182861328,47.85997772216797,0.9221611618995667,0.0,0.0,0.42999154329299927,189.21316528320312,39.93189239501953,0.9535862803459167,0.0,0.0,0.029485056176781654,172.6222381591797,30.59222412109375,0.9136847257614136,170.5531768798828,66.84303283691406,0.7540879845619202,145.91964721679688,49.52415466308594,0.975825846195221,0.0,0.0,0.26141512393951416,145.73834228515625,77.76786804199219,0.9288579225540161,0.0,0.0,0.25264886021614075,183.3660888671875,71.41268157958984,0.8337817192077637,169.81581115722656,152.209716796875,0.8077012300491333,153.2616424560547,149.20188903808594,0.9245688915252686,0.0,0.0,0.2909752130508423,169.1556396484375,216.57510375976562,0.5504078269004822,0.0,0.0,0.04416211321949959,0.0,0.0,0.08431374281644821
356,True,190.16673278808594,48.17430114746094,0.9233028292655945,0.0,0.0,0.4465009570121765,189.02035522460938,40.30767059326172,0.9521733522415161,0.0,0.0,0.03112565167248249,172.11512756347656,31.034255981445312,0.8960064649581909,172.8358917236328,65.44081115722656,0.7341448664665222,145.89891052246094,50.3006591796875,0.9749371409416199,0.0,0.0,0.27531927824020386,148.6114959716797,78.03491973876953,0.9350090026855469,0.0,0.0,0.288409024477005,184.7982177734375,73.76618957519531,0.8556482791900635,170.7262420654297,150.82876586914062,0.825799286365509,152.16041564941406,148.316162109375,0.9333817362785339,0.0,0.0,0.31183990836143494,166.6768035888672,213.83169555664062,0.578109860420227,0.0,0.0,0.05036654323339462,0.0,0.0,0.09674053639173508
357,True,189.44818115234375,48.40647888183594,0.9433565139770508,193.2154541015625,46.01881408691406,0.5217970609664917,188.2513427734375,41.050262451171875,0.9694147706031799,0.0,0.0,0.03628377616405487,172.9217071533203,31.581710815429688,0.9257611632347107,181.0521240234375,65.36465454101562,0.7155735492706299,144.28994750976562,49.54383850097656,0.9853347539901733,0.0,0.0,0.24085307121276855,143.55270385742188,72.28109741210938,0.9678502678871155,0.0,0.0,0.30388450622558594,183.52684020996094,66.0408706665039,0.925960123538971,176.39764404296875,148.89334106445312,0.829064667224884,151.41842651367188,146.29148864746094,0.953298807144165,0.0,0.0,0.2903563380241394,160.9354705810547,211.56585693359375,0.637821614742279,0.0,0.0,0.042637333273887634,0.0,0.0,0.1031523272395134
358,True,188.90011596679688,49.193931579589844,0.9486309885978699,192.46054077148438,46.94944763183594,0.5462969541549683,187.86550903320312,41.44293975830078,0.9719133973121643,0.0,0.0,0.034937385469675064,172.32337951660156,31.798980712890625,0.9288737773895264,178.00094604492188,67.49542236328125,0.7155478000640869,143.52418518066406,48.95098876953125,0.9834764003753662,0.0,0.0,0.23214130103588104,140.65147399902344,71.05073547363281,0.9606426358222961,0.0,0.0,0.284231036901474,181.45257568359375,69.11705017089844,0.9144153594970703,177.38299560546875,148.80242919921875,0.8203485608100891,153.50697326660156,145.50660705566406,0.9481126666069031,0.0,0.0,0.30539023876190186,164.79649353027344,208.15966796875,0.6427485942840576,0.0,0.0,0.050847169011831284,0.0,0.0,0.11894280463457108
359,True,189.28990173339844,48.78875732421875,0.8864684104919434,0.0,0.0,0.4486420154571533,188.19834899902344,41.132164001464844,0.897174060344696,0.0,0.0,0.05420307815074921,173.61837768554688,32.88697814941406,0.7934050559997559,181.49478149414062,69.00579833984375,0.7687177062034607,143.71722412109375,49.709373474121094,0.970173716545105,0.0,0.0,0.37584224343299866,139.45254516601562,71.01710510253906,0.9276899099349976,0.0,0.0,0.35857635736465454,178.631103515625,65.90914916992188,0.8500308990478516,180.8385009765625,151.3963623046875,0.8759868741035461,154.34144592285156,148.04017639160156,0.9455287456512451,0.0,0.0,0.3705209791660309,173.26519775390625,206.89013671875,0.6126527190208435,0.0,0.0,0.062437478452920914,0.0,0.0,0.1165141686797142
360,True,189.0144500732422,49.21986389160156,0.9083091020584106,0.0,0.0,0.4743763208389282,188.19815063476562,41.30982971191406,0.9249334335327148,0.0,0.0,0.05181785672903061,173.1837615966797,32.557838439941406,0.8478553295135498,176.9225311279297,69.09910583496094,0.7979615330696106,144.900390625,50.96113586425781,0.9728726744651794,0.0,0.0,0.3442341685295105,147.0050811767578,78.69746398925781,0.9172161817550659,0.0,0.0,0.3060998320579529,184.71925354003906,70.63788604736328,0.8135697841644287,175.40481567382812,151.20071411132812,0.8525970578193665,153.55531311035156,148.05569458007812,0.9328124523162842,0.0,0.0,0.3641362488269806,174.86285400390625,209.46006774902344,0.5976969003677368,0.0,0.0,0.062213946133852005,0.0,0.0,0.11090365797281265
361,True,189.82110595703125,50.486045837402344,0.8720813393592834,0.0,0.0,0.32693547010421753,189.22213745117188,42.966590881347656,0.911065399646759,0.0,0.0,0.03088773973286152,173.9148406982422,33.737396240234375,0.8655821681022644,173.0359344482422,69.36785888671875,0.7570257782936096,147.2587890625,51.61351013183594,0.9732939004898071,0.0,0.0,0.29957252740859985,147.93133544921875,81.32847595214844,0.9320365786552429,0.0,0.0,0.28560134768486023,183.7369384765625,75.33418273925781,0.8405139446258545,169.14202880859375,151.2137451171875,0.8441476225852966,152.1987762451172,147.7922821044922,0.9369496703147888,0.0,0.0,0.3678397834300995,169.4252166748047,213.24684143066406,0.6247585415840149,0.0,0.0,0.061722446233034134,0.0,0.0,0.11375302076339722
362,True,188.72035217285156,52.03540802001953,0.924387514591217,0.0,0.0,0.42033466696739197,188.6999053955078,43.988800048828125,0.9505476951599121,0.0,0.0,0.02331521548330784,173.01922607421875,32.78296661376953,0.8937720060348511,169.97775268554688,68.24999237060547,0.6728079319000244,146.17991638183594,49.998443603515625,0.9701602458953857,0.0,0.0,0.20343336462974548,152.4085693359375,81.80955505371094,0.9211639165878296,0.0,0.0,0.23662513494491577,185.234619140625,77.45189666748047,0.8535504937171936,172.8575897216797,152.7563018798828,0.8108221888542175,156.52316284179688,150.51182556152344,0.9319609999656677,0.0,0.0,0.3989509642124176,182.48153686523438,211.55589294433594,0.6956214904785156,0.0,0.0,0.08969973027706146,0.0,0.0,0.17922091484069824
363,True,190.4522705078125,52.015228271484375,0.8839308619499207,0.0,0.0,0.3535462021827698,190.102783203125,44.00994110107422,0.9275984764099121,0.0,0.0,0.031689420342445374,174.2599639892578,34.081695556640625,0.8705936074256897,174.20382690429688,69.06341552734375,0.7029503583908081,146.827880859375,51.738677978515625,0.9743536114692688,0.0,0.0,0.24939501285552979,153.9615936279297,79.81950378417969,0.9420916438102722,0.0,0.0,0.24300098419189453,190.46188354492188,69.97164154052734,0.8453668355941772,171.0049285888672,152.06771850585938,0.841606855392456,151.6076202392578,148.66477966308594,0.9445853233337402,0.0,0.0,0.33360394835472107,164.27420043945312,216.07688903808594,0.6249411702156067,0.0,0.0,0.05580555647611618,0.0,0.0,0.11396773904561996
364,True,189.5747833251953,51.893592834472656,0.9244943261146545,0.0,0.0,0.4074917733669281,189.37396240234375,44.235130310058594,0.9622061252593994,0.0,0.0,0.024182066321372986,173.44261169433594,33.820648193359375,0.9267982840538025,171.11880493164062,68.09818267822266,0.6672104001045227,148.4498748779297,51.166648864746094,0.9743821620941162,0.0,0.0,0.19008834660053253,162.249755859375,72.97283935546875,0.939748227596283,0.0,0.0,0.21940061450004578,193.93701171875,65.070556640625,0.8550122380256653,166.2811279296875,150.1914520263672,0.7909614443778992,150.46310424804688,147.1987762451172,0.9313632249832153,0.0,0.0,0.3125842213630676,160.1742401123047,216.00454711914062,0.6211602091789246,0.0,0.0,0.05688527226448059,0.0,0.0,0.11701321601867676
365,True,190.2274627685547,53.01111602783203,0.9077156782150269,0.0,0.0,0.3842885196208954,189.71371459960938,44.602455139160156,0.9490530490875244,0.0,0.0,0.031271807849407196,173.0370330810547,34.258331298828125,0.9054744839668274,171.32681274414062,70.27577209472656,0.6938709020614624,148.17535400390625,51.71669006347656,0.9795876741409302,0.0,0.0,0.2070632129907608,160.94918823242188,77.95857238769531,0.9498568773269653,0.0,0.0,0.20495428144931793,194.23660278320312,71.1246337890625,0.8530356287956238,168.52191162109375,153.6846923828125,0.8096650838851929,151.7024688720703,149.63340759277344,0.9400287866592407,0.0,0.0,0.2713971436023712,163.86199951171875,215.764404296875,0.5832325220108032,0.0,0.0,0.04579868167638779,0.0,0.0,0.10145816951990128
366,True,189.9730224609375,53.990623474121094,0.8790968060493469,0.0,0.0,0.3187880516052246,190.09716796875,45.79956817626953,0.9292712807655334,0.0,0.0,0.034564364701509476,174.7236328125,34.945884704589844,0.8951246738433838,169.58749389648438,70.58197021484375,0.7128390073776245,148.92962646484375,51.837310791015625,0.9819840788841248,0.0,0.0,0.20095151662826538,158.1416778564453,79.075439453125,0.9505327939987183,0.0,0.0,0.18635375797748566,192.84242248535156,74.85574340820312,0.84040367603302,164.99427795410156,154.70700073242188,0.7957228422164917,150.93417358398438,150.42962646484375,0.9368488192558289,0.0,0.0,0.24391455948352814,164.31004333496094,217.01861572265625,0.5553649067878723,0.0,0.0,0.03809219226241112,0.0,0.0,0.08697034418582916
367,True,190.41390991210938,52.46952819824219,0.8290439248085022,0.0,0.0,0.21940994262695312,190.61155700683594,44.94160461425781,0.8941563963890076,0.0,0.0,0.023991169407963753,174.816650390625,35.297607421875,0.8883053660392761,167.5003662109375,70.5134506225586,0.7330032587051392,149.7650604248047,51.19151306152344,0.9751765131950378,0.0,0.0,0.2545940577983856,157.56143188476562,76.89790344238281,0.9366173148155212,0.0,0.0,0.23300166428089142,190.0569610595703,75.80628204345703,0.8275430798530579,162.6793670654297,153.43780517578125,0.8243421316146851,151.23333740234375,149.06776428222656,0.9341024160385132,0.0,0.0,0.3080419898033142,168.85479736328125,215.78836059570312,0.580417811870575,0.0,0.0,0.0487973652780056,0.0,0.0,0.09451393783092499
368,True,189.99658203125,52.682533264160156,0.8659780621528625,0.0,0.0,0.2500001788139343,189.95736694335938,45.01227569580078,0.9196950793266296,0.0,0.0,0.02417781390249729,173.9105224609375,35.36732482910156,0.9066612124443054,169.1032257080078,71.22787475585938,0.7598840594291687,149.53842163085938,51.72895812988281,0.9828517436981201,0.0,0.0,0.2603456377983093,159.15798950195312,75.31939697265625,0.9562838673591614,0.0,0.0,0.25379765033721924,192.88455200195312,72.18248748779297,0.874059796333313,163.96328735351562,152.91761779785156,0.8185723423957825,151.72288513183594,148.42422485351562,0.9391147494316101,0.0,0.0,0.2920243442058563,172.4561767578125,211.89273071289062,0.5974708795547485,0.0,0.0,0.043285999447107315,0.0,0.0,0.09263502061367035
369,True,188.82275390625,52.557228088378906,0.8146611452102661,0.0,0.0,0.18815405666828156,189.21588134765625,45.35282897949219,0.8869829773902893,0.0,0.0,0.022246157750487328,174.88633728027344,35.547828674316406,0.8916443586349487,166.37974548339844,69.88565826416016,0.7117201089859009,150.3819580078125,50.207794189453125,0.9823556542396545,0.0,0.0,0.23724061250686646,154.56471252441406,72.56246948242188,0.9619570374488831,0.0,0.0,0.23938897252082825,189.6969757080078,72.04509735107422,0.8870143890380859,161.6750946044922,151.43853759765625,0.8288506865501404,151.6442108154297,147.05702209472656,0.9486160278320312,0.0,0.0,0.3091369569301605,170.21536254882812,213.22222900390625,0.6385654211044312,0.0,0.0,0.04630614072084427,0.0,0.0,0.10509651899337769
370,True,189.63685607910156,55.145790100097656,0.8903249502182007,0.0,0.0,0.3130550980567932,189.92984008789062,47.03489685058594,0.9295059442520142,0.0,0.0,0.03148312121629715,174.18502807617188,35.711082458496094,0.8854244947433472,169.8808135986328,71.41389465332031,0.7721599340438843,149.8181915283203,49.1849365234375,0.9845942258834839,0.0,0.0,0.2994740605354309,157.46461486816406,69.11398315429688,0.9656144976615906,0.0,0.0,0.31649503111839294,193.5165557861328,70.05889129638672,0.9058143496513367,164.1178436279297,152.38771057128906,0.8268990516662598,151.41822814941406,146.64926147460938,0.9440146088600159,0.0,0.0,0.28137099742889404,174.80198669433594,207.9945831298828,0.6009012460708618,0.0,0.0,0.03945108503103256,0.0,0.0,0.09016153961420059
371,True,189.50503540039062,55.24131774902344,0.8774890899658203,0.0,0.0,0.2819405496120453,189.83880615234375,47.155517578125,0.9236809611320496,0.0,0.0,0.029377805069088936,174.84324645996094,35.90983581542969,0.8853580355644226,170.1607208251953,71.96296691894531,0.762265145778656,150.31605529785156,49.515594482421875,0.9857204556465149,0.0,0.0,0.2927190363407135,157.5120086669922,70.59770965576172,0.9714081883430481,0.0,0.0,0.31401047110557556,195.51876831054688,69.93411254882812,0.9171015620231628,163.8772430419922,153.61221313476562,0.8408249020576477,151.1542205810547,147.74270629882812,0.9525845050811768,0.0,0.0,0.29322370886802673,172.67779541015625,211.37376403808594,0.6318848133087158,0.0,0.0,0.03918550908565521,0.0,0.0,0.0935971811413765
372,True,188.6835174560547,54.884979248046875,0.9306114315986633,0.0,0.0,0.3806765377521515,189.36280822753906,47.21229553222656,0.9629642367362976,0.0,0.0,0.030531704425811768,175.05184936523438,35.08497619628906,0.9312582015991211,171.7318572998047,70.44293212890625,0.7811845541000366,150.3078155517578,47.54533386230469,0.9913666844367981,0.0,0.0,0.2648088335990906,159.0791015625,65.59618377685547,0.9813902974128723,0.0,0.0,0.3264715075492859,195.18617248535156,69.15648651123047,0.9465128183364868,164.45684814453125,149.96603393554688,0.820012629032135,151.61917114257812,144.0507354736328,0.9564844965934753,0.0,0.0,0.27099668979644775,172.2999267578125,208.563232421875,0.6596848368644714,0.0,0.0,0.034344643354415894,0.0,0.0,0.09383692592382431
373,True,189.36044311523438,54.65150451660156,0.939264714717865,0.0,0.0,0.4436114728450775,189.39877319335938,47.15003967285156,0.9666692614555359,0.0,0.0,0.03241368383169174,174.46353149414062,36.2786865234375,0.927134096622467,175.5646514892578,69.69924926757812,0.7792726755142212,149.4978485107422,50.07160949707031,0.9876216053962708,0.0,0.0,0.2955032289028168,159.18641662597656,65.94098663330078,0.9737773537635803,0.0,0.0,0.376312792301178,195.30035400390625,66.56132507324219,0.9379639029502869,167.12387084960938,146.26048278808594,0.8059035539627075,150.99620056152344,141.53549194335938,0.9431371688842773,0.0,0.0,0.28154197335243225,171.2818603515625,202.9901123046875,0.6302164196968079,0.0,0.0,0.03874001279473305,0.0,0.0,0.09302807599306107
374,True,189.61651611328125,55.24433898925781,0.9336844682693481,0.0,0.0,0.4114902913570404,189.53118896484375,47.603431701660156,0.9630187749862671,0.0,0.0,0.03192993998527527,174.5380096435547,36.494346618652344,0.9272422790527344,176.96543884277344,70.89434814453125,0.8147239685058594,149.15679931640625,49.0960693359375,0.9894999861717224,0.0,0.0,0.3448154032230377,158.5990447998047,66.79354095458984,0.9788557887077332,0.0,0.0,0.4105013906955719,196.31114196777344,68.07593536376953,0.9458041787147522,168.6286163330078,148.40792846679688,0.827560305595398,151.37094116210938,142.73989868164062,0.9499766230583191,0.0,0.0,0.26198843121528625,171.9982147216797,204.21128845214844,0.6088940501213074,0.0,0.0,0.031143004074692726,0.0,0.0,0.07635145634412766
375,True,189.3184356689453,55.732879638671875,0.9426209330558777,0.0,0.0,0.4545513987541199,189.1263885498047,48.42914581298828,0.9672579169273376,0.0,0.0,0.03426329419016838,174.76953125,37.07847595214844,0.9270209670066833,176.07699584960938,69.40336608886719,0.810310959815979,150.76341247558594,49.16722869873047,0.989449679851532,0.0,0.0,0.34197473526000977,159.3771514892578,65.74174499511719,0.9786696434020996,0.0,0.0,0.42770862579345703,194.9438934326172,66.91897583007812,0.9481827616691589,165.31765747070312,145.15435791015625,0.8350656628608704,149.9444580078125,140.0236053466797,0.9527060389518738,0.0,0.0,0.30959784984588623,168.80323791503906,204.27020263671875,0.6605539917945862,0.0,0.0,0.03879058361053467,0.0,0.0,0.09250058233737946
376,True,188.38735961914062,55.6769905090332,0.9285644888877869,0.0,0.0,0.46252235770225525,188.87088012695312,48.055877685546875,0.9494777321815491,0.0,0.0,0.04861220344901085,176.12734985351562,36.432220458984375,0.8781777024269104,180.16127014160156,69.5438461303711,0.8417555689811707,148.51162719726562,48.07586669921875,0.9864785075187683,0.0,0.0,0.4075053334236145,154.9471893310547,66.23591613769531,0.9706078171730042,0.0,0.0,0.45660051703453064,194.1351776123047,68.79072570800781,0.9337605834007263,170.83169555664062,150.13211059570312,0.9119718670845032,150.25729370117188,144.47711181640625,0.9717222452163696,0.0,0.0,0.4161141812801361,166.272216796875,209.25521850585938,0.7241960763931274,0.0,0.0,0.0533510185778141,0.0,0.0,0.11574430018663406
377,True,188.32044982910156,55.42955017089844,0.9113842844963074,0.0,0.0,0.36226099729537964,189.3151397705078,47.94670104980469,0.9456869959831238,0.0,0.0,0.03204035758972168,176.30126953125,36.380126953125,0.8948969841003418,174.72125244140625,67.96144104003906,0.7792235016822815,148.99087524414062,49.55229949951172,0.9848398566246033,0.0,0.0,0.3011626899242401,158.7041015625,67.59817504882812,0.9674471020698547,0.0,0.0,0.3420396149158478,194.6954803466797,70.17024230957031,0.9211173057556152,167.13467407226562,147.96353149414062,0.886857807636261,150.05780029296875,143.64796447753906,0.9673933386802673,0.0,0.0,0.3925110399723053,164.041015625,208.84320068359375,0.7235214710235596,0.0,0.0,0.057965394109487534,0.0,0.0,0.1303746998310089
378,True,188.4407958984375,56.64532470703125,0.9492101073265076,192.40869140625,54.87705993652344,0.5321385264396667,188.35986328125,48.97405242919922,0.9688060879707336,0.0,0.0,0.04609489440917969,174.2028350830078,37.36122131347656,0.9190472960472107,177.05831909179688,70.51220703125,0.8320116996765137,148.81881713867188,50.087669372558594,0.9871004819869995,0.0,0.0,0.40753141045570374,159.3568115234375,66.86750793457031,0.9736545085906982,0.0,0.0,0.4791349172592163,196.69300842285156,67.45846557617188,0.9395439028739929,168.47348022460938,147.6674041748047,0.8531259298324585,150.0664520263672,142.6685028076172,0.9507448077201843,0.0,0.0,0.30321991443634033,165.66221618652344,207.3660888671875,0.6128852367401123,0.0,0.0,0.035670120269060135,0.0,0.0,0.07715578377246857
379,True,189.17880249023438,51.912376403808594,0.8525958061218262,0.0,0.0,0.22386865317821503,190.1819305419922,44.980072021484375,0.923274576663971,0.0,0.0,0.017141953110694885,177.39471435546875,35.877197265625,0.8995522260665894,169.84107971191406,66.68839263916016,0.6050869226455688,149.6167755126953,52.48426818847656,0.9769991040229797,0.0,0.0,0.18248918652534485,152.75601196289062,91.89076232910156,0.9602436423301697,0.0,0.0,0.23403392732143402,187.60073852539062,104.49032592773438,0.9101342558860779,165.49154663085938,148.64593505859375,0.7932794690132141,151.53060913085938,146.63427734375,0.9431641697883606,0.0,0.0,0.33521902561187744,175.83460998535156,207.75100708007812,0.704159140586853,0.0,0.0,0.06375177204608917,0.0,0.0,0.1553632766008377
380,True,190.8679656982422,51.092994689941406,0.8724697232246399,0.0,0.0,0.18944653868675232,190.82911682128906,44.86719512939453,0.9426636099815369,0.0,0.0,0.010504251345992088,177.0842742919922,36.90693664550781,0.9428231716156006,177.46212768554688,67.15959167480469,0.7269603610038757,149.14492797851562,51.69230651855469,0.9900168776512146,0.0,0.0,0.31989622116088867,152.32525634765625,73.19758605957031,0.9885787963867188,0.0,0.0,0.3898725211620331,188.70236206054688,70.23889923095703,0.9681638479232788,171.032470703125,147.812744140625,0.8878170847892761,151.70034790039062,145.03785705566406,0.9752833247184753,0.0,0.0,0.3420230448246002,165.48663330078125,209.84898376464844,0.7366849184036255,0.0,0.0,0.041803207248449326,0.0,0.0,0.11187595874071121
381,True,191.01473999023438,51.54789733886719,0.6907017827033997,0.0,0.0,0.10196870565414429,192.23643493652344,45.23657989501953,0.7755343317985535,0.0,0.0,0.01639772579073906,179.51312255859375,36.20762634277344,0.8461133241653442,166.6889190673828,65.55776977539062,0.7401227355003357,149.90492248535156,50.66004180908203,0.9750460982322693,0.0,0.0,0.37147438526153564,145.9723663330078,76.04441833496094,0.9573850631713867,0.0,0.0,0.34479591250419617,186.15557861328125,71.59132385253906,0.8881480693817139,162.47975158691406,148.0803985595703,0.8520509004592896,151.23443603515625,146.36868286132812,0.942759096622467,0.0,0.0,0.31715142726898193,174.47213745117188,208.6853485107422,0.5845454335212708,0.0,0.0,0.04225761443376541,0.0,0.0,0.0813383162021637
382,True,188.71763610839844,52.11387634277344,0.91448974609375,0.0,0.0,0.4083046019077301,190.36766052246094,43.552581787109375,0.9446139335632324,0.0,0.0,0.04737456515431404,176.49676513671875,32.050453186035156,0.9223524928092957,159.0475311279297,65.62437438964844,0.7376051545143127,150.63330078125,52.08070373535156,0.9743900895118713,0.0,0.0,0.17303933203220367,164.77120971679688,98.62710571289062,0.882125735282898,0.0,0.0,0.1431288868188858,194.81130981445312,90.63099670410156,0.7232607007026672,164.22930908203125,158.4530487060547,0.7598774433135986,157.8723907470703,158.22096252441406,0.9031214118003845,0.0,0.0,0.28057628870010376,194.70166015625,222.1649169921875,0.5634254813194275,0.0,0.0,0.05224812775850296,0.0,0.0,0.10712213814258575
383,True,189.18283081054688,49.57270050048828,0.8607895970344543,0.0,0.0,0.24658341705799103,190.00323486328125,41.628326416015625,0.926527738571167,0.0,0.0,0.034236352890729904,178.2183074951172,30.705078125,0.9442119002342224,159.29022216796875,62.26055908203125,0.7365077137947083,151.2704315185547,54.11834716796875,0.985340416431427,0.0,0.0,0.18583418428897858,154.58262634277344,113.50953674316406,0.9467525482177734,0.0,0.0,0.150282084941864,183.1407012939453,111.77759552001953,0.8325612545013428,159.7689666748047,161.47547912597656,0.7358707189559937,153.6803741455078,163.05026245117188,0.916011393070221,0.0,0.0,0.15052445232868195,0.0,0.0,0.42374756932258606,0.0,0.0,0.01925215870141983,0.0,0.0,0.04603850096464157
384,True,189.7054443359375,46.150848388671875,0.8005356192588806,0.0,0.0,0.21632927656173706,189.8587646484375,38.294898986816406,0.861392080783844,0.0,0.0,0.051653359085321426,177.6229248046875,31.44915008544922,0.9075552225112915,158.2853240966797,65.669677734375,0.8151777386665344,154.55377197265625,54.59947204589844,0.981412410736084,0.0,0.0,0.36793121695518494,154.0490264892578,87.10884094238281,0.948127031326294,0.0,0.0,0.31025442481040955,188.07525634765625,81.2313232421875,0.8455648422241211,151.9657745361328,148.64663696289062,0.8153729438781738,148.14779663085938,147.62646484375,0.9213873744010925,0.0,0.0,0.18005241453647614,0.0,0.0,0.37569963932037354,0.0,0.0,0.017984095960855484,0.0,0.0,0.0332515612244606
385,True,187.65353393554688,45.080101013183594,0.8918097019195557,0.0,0.0,0.34360527992248535,187.7122344970703,36.698883056640625,0.936375617980957,0.0,0.0,0.04498528689146042,175.38455200195312,28.68671417236328,0.9228532910346985,162.42083740234375,65.77766418457031,0.7794461250305176,148.45535278320312,52.948944091796875,0.9880359768867493,0.0,0.0,0.27004581689834595,142.95562744140625,88.0329818725586,0.9677785634994507,0.0,0.0,0.2585989236831665,183.4457244873047,84.70906066894531,0.9043114185333252,158.9836883544922,151.83212280273438,0.813960075378418,148.28712463378906,150.79702758789062,0.9430727958679199,0.0,0.0,0.13957363367080688,0.0,0.0,0.3951270580291748,0.0,0.0,0.013008362613618374,0.0,0.0,0.03169313818216324
386,True,186.73611450195312,41.169227600097656,0.9369120001792908,0.0,0.0,0.40873998403549194,186.37942504882812,33.63454818725586,0.9745614528656006,0.0,0.0,0.021363234147429466,173.64816284179688,27.714080810546875,0.9596046805381775,168.25631713867188,66.0422592163086,0.7194716334342957,144.56275939941406,51.50666809082031,0.9910627603530884,0.0,0.0,0.16188016533851624,127.9398193359375,91.47763061523438,0.9772430062294006,0.0,0.0,0.16506147384643555,163.17698669433594,91.09819030761719,0.9343879818916321,163.6612091064453,151.4462127685547,0.8562648892402649,147.30909729003906,149.015869140625,0.9709766507148743,0.0,0.0,0.24962493777275085,158.33082580566406,209.23284912109375,0.6571255922317505,0.0,0.0,0.03434126451611519,0.0,0.0,0.09860146790742874
387,True,187.24725341796875,41.394447326660156,0.9606291055679321,191.54461669921875,38.29884338378906,0.5684934258460999,186.43649291992188,32.51112365722656,0.9725822806358337,0.0,0.0,0.04255149886012077,172.51454162597656,23.21466064453125,0.9268947839736938,169.18528747558594,64.93731689453125,0.8242226243019104,144.01437377929688,49.885833740234375,0.988012433052063,0.0,0.0,0.3497185707092285,130.68017578125,90.99993133544922,0.967351496219635,0.0,0.0,0.4126604497432709,161.03590393066406,93.31094360351562,0.9415492415428162,163.50718688964844,155.07643127441406,0.821672260761261,147.05230712890625,153.26991271972656,0.9409769177436829,0.0,0.0,0.31380903720855713,170.84466552734375,206.63746643066406,0.6260122656822205,0.0,0.0,0.042918555438518524,0.0,0.0,0.09380317479372025
388,True,185.68405151367188,36.744956970214844,0.9498047232627869,0.0,0.0,0.4098548889160156,184.4428253173828,28.995086669921875,0.9722886681556702,0.0,0.0,0.018279870972037315,170.68128967285156,23.066802978515625,0.9683858156204224,166.2026824951172,63.56938171386719,0.8739402294158936,145.2146759033203,52.07501220703125,0.9889623522758484,163.03514099121094,109.72016906738281,0.5570163130760193,136.49557495117188,90.58466339111328,0.9802458882331848,182.32296752929688,134.27273559570312,0.6161956787109375,166.38534545898438,90.4544677734375,0.9670274257659912,162.76620483398438,146.78623962402344,0.867626428604126,148.71205139160156,146.2502899169922,0.9471759796142578,0.0,0.0,0.28768375515937805,160.6515655517578,206.5511016845703,0.5308657288551331,0.0,0.0,0.025104545056819916,0.0,0.0,0.04426949843764305
389,True,187.47244262695312,32.400047302246094,0.9830459356307983,190.86631774902344,29.890708923339844,0.6034339666366577,184.14654541015625,25.301185607910156,0.995014488697052,0.0,0.0,0.011555256322026253,166.43722534179688,22.91681671142578,0.9923123717308044,169.5655975341797,62.36003112792969,0.8435685634613037,143.92713928222656,52.16996765136719,0.9942042231559753,0.0,0.0,0.29684028029441833,138.5988311767578,95.49205780029297,0.9859267473220825,0.0,0.0,0.3271729350090027,169.2370147705078,90.12078857421875,0.9657899141311646,166.58193969726562,147.57809448242188,0.8672409057617188,148.39154052734375,146.50067138671875,0.9677368402481079,0.0,0.0,0.26764699816703796,154.06927490234375,212.80224609375,0.6213470697402954,0.0,0.0,0.027151547372341156,0.0,0.0,0.06326419860124588
390,True,186.34616088867188,31.509445190429688,0.9719749093055725,0.0,0.0,0.494708389043808,182.94808959960938,23.86090087890625,0.9911536574363708,0.0,0.0,0.011615057475864887,166.43963623046875,21.212600708007812,0.9877690672874451,167.8542938232422,60.40473175048828,0.7876585721969604,145.55628967285156,51.996238708496094,0.9923266768455505,0.0,0.0,0.24614457786083221,145.96530151367188,96.87101745605469,0.9835026860237122,0.0,0.0,0.30948564410209656,178.91558837890625,88.9334716796875,0.9606170058250427,165.11863708496094,145.83145141601562,0.7917559742927551,149.28297424316406,145.54505920410156,0.9486567378044128,0.0,0.0,0.2539076805114746,156.7068328857422,207.21157836914062,0.6200735569000244,0.0,0.0,0.031758226454257965,0.0,0.0,0.07715579867362976
391,True,186.70494079589844,29.221412658691406,0.983514666557312,189.53964233398438,25.968246459960938,0.5905689001083374,182.50790405273438,22.310653686523438,0.9944815635681152,0.0,0.0,0.013649643398821354,165.05162048339844,21.65716552734375,0.9905085563659668,168.86245727539062,59.722557067871094,0.8831765055656433,145.96200561523438,53.00969696044922,0.9955124258995056,0.0,0.0,0.37728041410446167,144.23521423339844,97.25927734375,0.9900171160697937,0.0,0.0,0.43051716685295105,182.81822204589844,92.81912231445312,0.9760379791259766,165.1599884033203,151.15289306640625,0.9078104496002197,148.8743896484375,151.14791870117188,0.9783998727798462,0.0,0.0,0.3345645070075989,157.4312744140625,213.30435180664062,0.7010307312011719,0.0,0.0,0.03178548812866211,0.0,0.0,0.07586795091629028
392,True,185.69854736328125,27.422119140625,0.9876886010169983,188.40672302246094,24.674095153808594,0.7224798202514648,181.1516571044922,20.6236572265625,0.9942197799682617,0.0,0.0,0.022854693233966827,163.6994171142578,21.132102966308594,0.9873578548431396,169.17343139648438,61.18865966796875,0.9535142183303833,144.36192321777344,52.572052001953125,0.9924045205116272,176.1715850830078,105.07218170166016,0.7035481333732605,142.4434051513672,101.03187561035156,0.9813724756240845,201.08119201660156,94.14805603027344,0.7176394462585449,191.84921264648438,95.56935119628906,0.968936562538147,166.55209350585938,152.6767578125,0.9547435641288757,148.60885620117188,152.24859619140625,0.9778153896331787,0.0,0.0,0.41056811809539795,156.83572387695312,216.9999237060547,0.6043476462364197,0.0,0.0,0.027946924790740013,0.0,0.0,0.040969714522361755
393,True,186.06629943847656,27.380325317382812,0.9875792860984802,188.5856475830078,24.53539276123047,0.6957353949546814,181.47767639160156,20.627891540527344,0.9945347309112549,0.0,0.0,0.01986667327582836,163.8371124267578,21.26207733154297,0.9890434741973877,168.8446044921875,60.98765182495117,0.9510674476623535,145.02297973632812,52.833251953125,0.9939447045326233,175.6859130859375,104.79136657714844,0.684836208820343,144.05996704101562,100.82704162597656,0.9860802292823792,200.73194885253906,95.06869506835938,0.704647421836853,192.50498962402344,95.33694458007812,0.9749324321746826,166.36282348632812,153.33065795898438,0.9554967880249023,149.00057983398438,152.9705810546875,0.9809354543685913,0.0,0.0,0.3826429545879364,156.22708129882812,218.560546875,0.6079925298690796,0.0,0.0,0.023884057998657227,0.0,0.0,0.038208767771720886
394,True,185.5655059814453,27.226058959960938,0.9817852973937988,188.25131225585938,23.426780700683594,0.5596762299537659,181.075439453125,20.014389038085938,0.9920837879180908,0.0,0.0,0.01618991792201996,163.8363037109375,19.231239318847656,0.9883573651313782,173.73121643066406,61.91796875,0.9478592872619629,143.466796875,52.23472595214844,0.996130108833313,182.35595703125,107.15457153320312,0.690590500831604,145.16880798339844,98.70152282714844,0.9934413433074951,209.96961975097656,100.81736755371094,0.7270819544792175,198.57913208007812,100.8130874633789,0.9860868453979492,171.14295959472656,155.93377685546875,0.9367890954017639,150.30007934570312,154.95608520507812,0.9790223240852356,0.0,0.0,0.29525697231292725,154.16946411132812,220.22909545898438,0.5804964900016785,0.0,0.0,0.015379609540104866,0.0,0.0,0.02990221045911312
395,True,185.86862182617188,25.264808654785156,0.9859004616737366,187.8896942138672,20.579910278320312,0.5295931696891785,180.5460205078125,18.01934051513672,0.9952273368835449,0.0,0.0,0.011630416847765446,162.38168334960938,17.96246337890625,0.9934199452400208,167.01422119140625,58.884033203125,0.9297460913658142,146.93434143066406,54.47966003417969,0.9973342418670654,178.10598754882812,105.53491973876953,0.5717439651489258,159.68862915039062,103.98135375976562,0.9960434436798096,218.63992309570312,106.1058120727539,0.6597356200218201,219.94142150878906,103.73793029785156,0.9908897280693054,167.52732849121094,159.71505737304688,0.914890468120575,152.94168090820312,162.08155822753906,0.9786422252655029,0.0,0.0,0.1973840296268463,165.84642028808594,228.98712158203125,0.5345784425735474,0.0,0.0,0.008931874297559261,0.0,0.0,0.021642081439495087
396,True,186.49745178222656,24.876556396484375,0.9822424650192261,0.0,0.0,0.4555639922618866,181.2635955810547,17.516159057617188,0.9938943982124329,0.0,0.0,0.00951671227812767,162.6844024658203,17.2996826171875,0.9925416707992554,167.5145721435547,58.719207763671875,0.9260371923446655,145.94244384765625,54.06578826904297,0.9969527721405029,182.06805419921875,105.03996276855469,0.5799055695533752,159.71160888671875,103.8938217163086,0.995831310749054,227.24154663085938,106.65660095214844,0.6702909469604492,226.1377716064453,105.56576538085938,0.9909494519233704,170.082275390625,162.43252563476562,0.9133723378181458,154.71812438964844,165.23565673828125,0.9770549535751343,0.0,0.0,0.17960265278816223,0.0,0.0,0.49939605593681335,0.0,0.0,0.007742319256067276,0.0,0.0,0.01851898618042469
397,True,186.76315307617188,24.60352325439453,0.9833667278289795,0.0,0.0,0.4971292018890381,181.3435516357422,16.616416931152344,0.9935892820358276,0.0,0.0,0.00918052438646555,162.03378295898438,15.607391357421875,0.9887374639511108,168.63613891601562,59.67112731933594,0.9117181897163391,144.6103973388672,54.03657531738281,0.9953200221061707,184.2782440185547,112.14805603027344,0.505659282207489,158.53256225585938,108.36360931396484,0.9926747679710388,231.90093994140625,111.9269027709961,0.6329559087753296,227.40478515625,110.12040710449219,0.9888940453529358,179.3844451904297,171.37367248535156,0.9074856042861938,162.58969116210938,175.48440551757812,0.9734258055686951,0.0,0.0,0.24869418144226074,198.2753143310547,231.9494171142578,0.6072331070899963,0.0,0.0,0.015346300788223743,0.0,0.0,0.03818611800670624
398,True,186.82887268066406,24.00299072265625,0.9791800379753113,0.0,0.0,0.40732258558273315,181.54872131347656,16.079910278320312,0.9925227761268616,0.0,0.0,0.007522811181843281,162.4304962158203,15.326080322265625,0.9892231225967407,165.1740264892578,58.10607147216797,0.8989891409873962,146.453369140625,54.107391357421875,0.9952970147132874,182.48399353027344,110.26371765136719,0.5195404887199402,163.1609649658203,109.68345642089844,0.9944380521774292,234.51177978515625,113.01739501953125,0.6491394639015198,231.41409301757812,112.59923553466797,0.9909163117408752,174.83099365234375,174.0339813232422,0.8983793258666992,160.57852172851562,178.69021606445312,0.9721531271934509,0.0,0.0,0.1572377234697342,0.0,0.0,0.48166558146476746,0.0,0.0,0.007352672051638365,0.0,0.0,0.019171258434653282
399,True,186.52162170410156,24.00006103515625,0.9818618893623352,0.0,0.0,0.4863840937614441,181.3443603515625,15.851112365722656,0.9930625557899475,0.0,0.0,0.011667028069496155,162.79042053222656,14.673553466796875,0.9893444180488586,163.8870849609375,58.09503173828125,0.9103851914405823,147.18028259277344,52.61969757080078,0.9949943423271179,0.0,0.0,0.4940452575683594,164.79554748535156,107.80291748046875,0.9918662905693054,233.70826721191406,114.36952209472656,0.6090065836906433,234.67355346679688,115.18777465820312,0.9865788817405701,172.93820190429688,171.1463165283203,0.8978871703147888,160.8094024658203,175.3291473388672,0.969366192817688,0.0,0.0,0.18958382308483124,198.60910034179688,237.28805541992188,0.5155803561210632,0.0,0.0,0.009685873053967953,0.0,0.0,0.02380901575088501
400,True,187.0859375,23.590110778808594,0.9839290380477905,188.88453674316406,18.336380004882812,0.5063316226005554,181.5910186767578,15.367576599121094,0.9943564534187317,0.0,0.0,0.010712191462516785,162.52500915527344,14.205665588378906,0.9905704259872437,164.4987030029297,57.746063232421875,0.904733419418335,146.87631225585938,52.287864685058594,0.9952750205993652,0.0,0.0,0.4858185648918152,164.44969177246094,108.56298828125,0.9929690957069397,233.40737915039062,116.3949966430664,0.5999124646186829,231.5673065185547,116.74409484863281,0.9877605438232422,173.66616821289062,172.27938842773438,0.8954650163650513,160.10931396484375,176.50491333007812,0.9706063270568848,0.0,0.0,0.15548491477966309,0.0,0.0,0.4709317684173584,0.0,0.0,0.007380008231848478,0.0,0.0,0.018906082957983017
401,True,186.8200225830078,23.46038055419922,0.9829120635986328,0.0,0.0,0.4993061423301697,181.41311645507812,15.030601501464844,0.9933949112892151,0.0,0.0,0.012466790154576302,162.77587890625,13.782577514648438,0.9891464710235596,162.97991943359375,56.95769500732422,0.9130451679229736,147.08090209960938,51.775115966796875,0.9956098198890686,0.0,0.0,0.4834226071834564,165.68975830078125,109.0422592163086,0.9923803806304932,232.43055725097656,116.50343322753906,0.5927929282188416,233.706787109375,116.73139953613281,0.9868884682655334,170.98570251464844,171.74594116210938,0.9020775556564331,159.42349243164062,176.42872619628906,0.9717986583709717,0.0,0.0,0.1873040348291397,203.36740112304688,238.74354553222656,0.5289491415023804,0.0,0.0,0.009727814234793186,0.0,0.0,0.025129113346338272
402,True,186.3682861328125,23.781761169433594,0.9706111550331116,0.0,0.0,0.4242193400859833,182.1979217529297,15.44512939453125,0.9835405945777893,0.0,0.0,0.022858314216136932,165.5323944091797,12.813934326171875,0.9790080785751343,160.42970275878906,54.79951477050781,0.9311347603797913,149.0032958984375,51.688865661621094,0.9945530295372009,171.5491943359375,109.07424926757812,0.6864235401153564,169.08815002441406,110.59548950195312,0.9924996495246887,224.1954345703125,121.3389892578125,0.760300874710083,236.08932495117188,118.27049255371094,0.9875378608703613,163.57583618164062,166.92288208007812,0.9123874306678772,153.70018005371094,172.01634216308594,0.9668211340904236,0.0,0.0,0.20024527609348297,0.0,0.0,0.4703776240348816,0.0,0.0,0.009612629190087318,0.0,0.0,0.020248858258128166
403,True,185.8500213623047,22.942108154296875,0.973691999912262,0.0,0.0,0.46976685523986816,180.71641540527344,14.403732299804688,0.9847381114959717,0.0,0.0,0.0225532129406929,162.230712890625,12.2890625,0.9765762090682983,163.34274291992188,56.825660705566406,0.9283721446990967,145.93148803710938,52.63091278076172,0.99349045753479,169.59088134765625,116.57823181152344,0.662028431892395,165.60836791992188,111.85406494140625,0.9899292588233948,208.46292114257812,131.00543212890625,0.7303515672683716,233.3214111328125,119.80790710449219,0.9843631386756897,168.8631591796875,172.5309600830078,0.8909137845039368,154.8415985107422,177.13589477539062,0.9564378261566162,0.0,0.0,0.1469738781452179,0.0,0.0,0.36799824237823486,0.0,0.0,0.006753124296665192,0.0,0.0,0.013978326693177223
404,True,184.7336883544922,23.595993041992188,0.9720192551612854,0.0,0.0,0.44948917627334595,179.60946655273438,15.215576171875,0.9841524958610535,0.0,0.0,0.020353317260742188,161.73826599121094,12.974395751953125,0.9750306606292725,164.21542358398438,57.29217529296875,0.9207048416137695,145.28192138671875,51.9552001953125,0.99327152967453,171.32379150390625,118.38117980957031,0.6388745903968811,163.48597717285156,110.88267517089844,0.990530788898468,211.63758850097656,130.7753448486328,0.7147238254547119,230.95172119140625,120.34341430664062,0.9852150678634644,169.5087432861328,174.9658966064453,0.8671414256095886,154.40057373046875,179.2429962158203,0.9491568207740784,0.0,0.0,0.10764575749635696,0.0,0.0,0.307360976934433,0.0,0.0,0.004805251024663448,0.0,0.0,0.010615898296236992
405,True,184.33518981933594,24.122474670410156,0.9705545902252197,0.0,0.0,0.4622093439102173,179.69631958007812,15.696990966796875,0.9828395247459412,0.0,0.0,0.02046184428036213,162.28662109375,13.20050048828125,0.9703949093818665,166.2836456298828,56.0909423828125,0.9294595122337341,142.20440673828125,51.373504638671875,0.9909662008285522,180.6383514404297,113.26309204101562,0.730218231678009,160.5599365234375,111.17987060546875,0.9892604351043701,230.42593383789062,121.73715209960938,0.7845116257667542,229.23255920410156,119.14918518066406,0.9837571978569031,169.55775451660156,170.04661560058594,0.8998386263847351,150.24815368652344,174.45559692382812,0.9537354707717896,0.0,0.0,0.14391706883907318,0.0,0.0,0.32925286889076233,0.0,0.0,0.006351392716169357,0.0,0.0,0.011810654774308205
406,True,183.0334014892578,23.85118865966797,0.9741638898849487,0.0,0.0,0.49550631642341614,177.61097717285156,15.512252807617188,0.9868072867393494,0.0,0.0,0.015767790377140045,159.4185333251953,13.6727294921875,0.9709249138832092,165.36459350585938,57.754974365234375,0.9024591445922852,139.7108612060547,51.863525390625,0.9895949959754944,175.6490478515625,115.00993347167969,0.6248893141746521,149.093505859375,112.22267150878906,0.9880870580673218,227.34722900390625,115.7810287475586,0.7120074033737183,223.72430419921875,116.92904663085938,0.9822887182235718,169.5524444580078,177.01205444335938,0.877922534942627,149.43841552734375,180.35577392578125,0.9506235122680664,0.0,0.0,0.09217424690723419,0.0,0.0,0.24794581532478333,0.0,0.0,0.003443823428824544,0.0,0.0,0.006888668984174728
407,True,184.00592041015625,25.217758178710938,0.9629611968994141,0.0,0.0,0.3114713430404663,179.48483276367188,16.575660705566406,0.9874094128608704,0.0,0.0,0.007339362520724535,161.08119201660156,11.552093505859375,0.9840732216835022,163.1355438232422,52.938201904296875,0.8170449733734131,139.19320678710938,47.31299591064453,0.9959856867790222,0.0,0.0,0.33003902435302734,139.46343994140625,110.00959014892578,0.9945841431617737,0.0,0.0,0.44827309250831604,201.90536499023438,115.23591613769531,0.9873412251472473,164.2803192138672,156.83709716796875,0.8023991584777832,148.462158203125,159.6411590576172,0.9589943885803223,0.0,0.0,0.14265912771224976,173.7590789794922,223.12091064453125,0.5156357884407043,0.0,0.0,0.010109594091773033,0.0,0.0,0.0311502143740654
408,True,182.79351806640625,24.601463317871094,0.9771403074264526,0.0,0.0,0.47474706172943115,177.2635955810547,16.52045440673828,0.9920434355735779,0.0,0.0,0.010410725139081478,158.48431396484375,14.818649291992188,0.9891011118888855,165.84536743164062,61.01013946533203,0.890334963798523,137.8411865234375,49.060585021972656,0.9955248832702637,0.0,0.0,0.431455135345459,134.7528076171875,107.23980712890625,0.9920035004615784,0.0,0.0,0.4916820526123047,194.03265380859375,109.91105651855469,0.9807994365692139,167.13638305664062,165.49920654296875,0.8430411219596863,147.89048767089844,165.00970458984375,0.9586181044578552,0.0,0.0,0.10193703323602676,0.0,0.0,0.34053900837898254,0.0,0.0,0.00482257641851902,0.0,0.0,0.011858153156936169
409,True,181.46343994140625,25.64667510986328,0.9816983938217163,184.499267578125,20.70323944091797,0.594703733921051,175.69349670410156,17.482826232910156,0.9935708045959473,0.0,0.0,0.013715577311813831,156.5828094482422,16.186767578125,0.987841784954071,168.7701873779297,63.470001220703125,0.8735731244087219,136.37013244628906,51.13114929199219,0.9929910898208618,0.0,0.0,0.3674282133579254,132.8101348876953,107.21438598632812,0.9847148060798645,0.0,0.0,0.4495524764060974,186.66845703125,110.75288391113281,0.9690570831298828,164.59585571289062,161.30686950683594,0.8278960585594177,142.4058837890625,159.56976318359375,0.9488422274589539,0.0,0.0,0.16145724058151245,0.0,0.0,0.4334290325641632,0.0,0.0,0.010771369561553001,0.0,0.0,0.02398354560136795
410,True,181.39291381835938,26.949325561523438,0.9664672613143921,0.0,0.0,0.4489261507987976,176.4579620361328,18.222854614257812,0.9889045357704163,0.0,0.0,0.010248325765132904,157.0376739501953,15.374549865722656,0.9806135892868042,160.20950317382812,56.96519470214844,0.7664092779159546,137.86175537109375,51.10028839111328,0.9903208613395691,0.0,0.0,0.206213116645813,134.45169067382812,117.77944946289062,0.9761883616447449,0.0,0.0,0.24757914245128632,175.64828491210938,118.81024932861328,0.9414894580841064,159.9552764892578,160.09347534179688,0.7478116750717163,144.8356170654297,160.4531707763672,0.9321011900901794,0.0,0.0,0.15299052000045776,0.0,0.0,0.45855554938316345,0.0,0.0,0.014217526651918888,0.0,0.0,0.035398826003074646
411,True,179.10336303710938,26.827117919921875,0.9811590909957886,0.0,0.0,0.4941760003566742,174.33224487304688,18.65813446044922,0.9934120774269104,0.0,0.0,0.008764543570578098,154.51316833496094,16.45989227294922,0.9906358122825623,163.81683349609375,60.92620849609375,0.9139310717582703,128.8902130126953,51.578468322753906,0.9964685440063477,172.79031372070312,117.34507751464844,0.6280192732810974,116.83586883544922,107.14616394042969,0.9954217076301575,194.20375061035156,121.58796691894531,0.7272554636001587,166.6912384033203,113.04585266113281,0.9914211630821228,160.581298828125,161.85850524902344,0.888622522354126,136.6728515625,161.73980712890625,0.9685840606689453,0.0,0.0,0.104258693754673,0.0,0.0,0.3189363181591034,0.0,0.0,0.0034155109897255898,0.0,0.0,0.007648667320609093
412,True,177.51663208007812,26.648178100585938,0.9902856945991516,180.1678466796875,22.167831420898438,0.6844291687011719,172.4039306640625,19.271888732910156,0.9957977533340454,0.0,0.0,0.015408859588205814,153.70945739746094,18.03240203857422,0.9923996329307556,164.44924926757812,61.94490051269531,0.9672644734382629,130.10935974121094,50.50210952758789,0.997497022151947,169.1097869873047,115.40594482421875,0.8333153128623962,110.67400360107422,101.34083557128906,0.9961750507354736,190.02322387695312,123.94769287109375,0.8679917454719543,159.2165985107422,117.0830307006836,0.9936269521713257,160.85498046875,164.39556884765625,0.9581254720687866,137.11141967773438,163.2559051513672,0.9842830300331116,0.0,0.0,0.1816888004541397,0.0,0.0,0.39181914925575256,0.0,0.0,0.004761520307511091,0.0,0.0,0.008611109107732773
413,True,175.6512451171875,26.876968383789062,0.9929146766662598,178.72959899902344,21.66907501220703,0.7785995602607727,169.46446228027344,19.240982055664062,0.9959241151809692,0.0,0.0,0.028810150921344757,150.3948974609375,18.248809814453125,0.9918776750564575,165.19168090820312,61.18901062011719,0.9862561821937561,128.2429656982422,50.93888473510742,0.9984453320503235,169.3580322265625,113.15061950683594,0.925682783126831,106.34646606445312,98.82763671875,0.996950089931488,190.75714111328125,125.0163803100586,0.9338880181312561,154.25267028808594,116.90216827392578,0.9950218200683594,162.95977783203125,160.56646728515625,0.9732196927070618,138.44656372070312,159.92315673828125,0.9872472286224365,0.0,0.0,0.23456622660160065,0.0,0.0,0.40747928619384766,0.0,0.0,0.005330665502697229,0.0,0.0,0.008182265795767307
414,True,172.3423309326172,26.736953735351562,0.9114282727241516,0.0,0.0,0.36556896567344666,166.9532928466797,19.364730834960938,0.8791949152946472,0.0,0.0,0.037790149450302124,152.27105712890625,19.60162353515625,0.8185384273529053,171.8425750732422,63.09626770019531,0.961378812789917,125.55603790283203,54.95271301269531,0.9882920384407043,173.71153259277344,116.67385864257812,0.9399179816246033,103.92338562011719,104.64212799072266,0.9888810515403748,192.71197509765625,126.99384307861328,0.9458276629447937,153.4245147705078,118.08758544921875,0.9861047863960266,164.0680389404297,169.55020141601562,0.9658593535423279,132.87893676757812,170.0216522216797,0.974543035030365,0.0,0.0,0.302358478307724,0.0,0.0,0.38403865694999695,0.0,0.0,0.011051669716835022,0.0,0.0,0.013255289755761623
415,True,171.82395935058594,28.057464599609375,0.9919607043266296,174.96876525878906,22.981201171875,0.7699180245399475,166.12277221679688,20.64659881591797,0.9957138299942017,0.0,0.0,0.031214797869324684,148.23158264160156,19.85356903076172,0.991783857345581,164.78652954101562,62.10390853881836,0.9823294281959534,125.87322235107422,53.5322151184082,0.9985692501068115,171.013671875,109.95553588867188,0.8944356441497803,104.718505859375,99.95807647705078,0.9971866011619568,190.07037353515625,124.72483825683594,0.9056582450866699,147.47372436523438,118.5638198852539,0.9948328733444214,162.8033447265625,158.7818603515625,0.9758560657501221,136.8619384765625,158.49505615234375,0.9904881715774536,0.0,0.0,0.2809789478778839,139.1455841064453,225.7584991455078,0.5187042355537415,0.0,0.0,0.007691576611250639,0.0,0.0,0.013764375820755959
416,True,170.5191650390625,27.336624145507812,0.9943665862083435,174.34317016601562,23.086776733398438,0.8373357653617859,164.9377899169922,20.31267547607422,0.996501088142395,0.0,0.0,0.04783128947019577,147.8374481201172,20.987030029296875,0.9937053322792053,166.10862731933594,63.132850646972656,0.9930753707885742,123.92615509033203,55.73954391479492,0.9989815354347229,172.9108123779297,107.24846649169922,0.9607105851173401,105.08509826660156,101.27670288085938,0.997664213180542,190.03211975097656,124.44945526123047,0.9574992656707764,146.672119140625,119.0418701171875,0.99577796459198,163.12924194335938,154.68975830078125,0.9892637133598328,134.93272399902344,154.93150329589844,0.9940958023071289,0.0,0.0,0.43745073676109314,135.54876708984375,222.19107055664062,0.6042565107345581,0.0,0.0,0.011921631172299385,0.0,0.0,0.016692645847797394
417,True,170.0339813232422,28.43587875366211,0.9852299094200134,172.72023010253906,24.01703643798828,0.7344616055488586,164.7612762451172,21.537940979003906,0.9858083724975586,0.0,0.0,0.04822538048028946,147.23753356933594,22.147876739501953,0.9723749756813049,167.15850830078125,64.81260681152344,0.9919843077659607,123.54976654052734,56.73346710205078,0.9942511320114136,175.6104278564453,107.48573303222656,0.9709712266921997,106.03013610839844,99.62687683105469,0.9873353838920593,191.81204223632812,124.4355697631836,0.9562812447547913,144.80630493164062,118.34422302246094,0.9814307689666748,160.42861938476562,159.84039306640625,0.985873818397522,130.97869873046875,158.7417449951172,0.9844875931739807,0.0,0.0,0.3126596212387085,0.0,0.0,0.30140602588653564,0.0,0.0,0.007870940491557121,0.0,0.0,0.006728225853294134
418,True,169.48780822753906,29.211395263671875,0.9945494532585144,173.04661560058594,24.493751525878906,0.8409126996994019,163.48904418945312,22.51500701904297,0.9966879487037659,0.0,0.0,0.04986308142542839,146.35028076171875,23.58513641357422,0.9944204688072205,167.9685516357422,64.05509948730469,0.9939044117927551,123.92525482177734,58.28204345703125,0.9990572333335876,174.89596557617188,107.45156860351562,0.9634891748428345,106.86233520507812,102.55696105957031,0.9977931976318359,190.94610595703125,125.00082397460938,0.9589492678642273,144.8885498046875,119.29020690917969,0.9958894848823547,164.29147338867188,153.33680725097656,0.9889016151428223,134.90794372558594,153.8365936279297,0.9938513040542603,0.0,0.0,0.42139503359794617,133.33816528320312,219.10023498535156,0.5864366888999939,0.0,0.0,0.011248367838561535,0.0,0.0,0.015613705851137638
419,True,168.36026000976562,29.830711364746094,0.9946554899215698,171.820556640625,24.700355529785156,0.8597005605697632,162.23977661132812,23.340194702148438,0.9961748123168945,0.0,0.0,0.06424980610609055,145.7564697265625,24.165878295898438,0.992223858833313,167.77923583984375,62.44097137451172,0.994080126285553,125.03490447998047,58.52958679199219,0.999010443687439,173.68556213378906,106.23089599609375,0.9668442010879517,107.154296875,102.97001647949219,0.9976812601089478,188.11532592773438,123.60616302490234,0.9639658331871033,143.7109832763672,115.60665893554688,0.9959548711776733,163.40969848632812,152.0875701904297,0.9894002079963684,134.9318084716797,153.21929931640625,0.9938915967941284,0.0,0.0,0.44672873616218567,134.29759216308594,217.51683044433594,0.6024793982505798,0.0,0.0,0.012528780847787857,0.0,0.0,0.01715765707194805
420,True,165.25006103515625,29.688446044921875,0.9922288060188293,169.23121643066406,25.398517608642578,0.8885069489479065,160.24549865722656,22.792476654052734,0.9910411238670349,0.0,0.0,0.13517694175243378,145.10484313964844,23.006214141845703,0.9723132252693176,168.02955627441406,64.16889953613281,0.9951205849647522,122.33821105957031,58.012271881103516,0.9957157969474792,177.3892822265625,106.11248779296875,0.9722357988357544,107.06941223144531,102.47296905517578,0.9832467436790466,190.66287231445312,122.4149169921875,0.9506352543830872,138.6903839111328,116.727294921875,0.9719277024269104,159.9903564453125,153.90841674804688,0.9871820211410522,129.75086975097656,153.33706665039062,0.9848988652229309,0.0,0.0,0.4036101996898651,0.0,0.0,0.37444451451301575,0.0,0.0,0.012666899710893631,0.0,0.0,0.010538425296545029
421,True,163.73519897460938,30.298583984375,0.9946797490119934,168.32357788085938,25.817764282226562,0.8872166872024536,158.22311401367188,23.249679565429688,0.9959428906440735,0.0,0.0,0.10276979207992554,143.331298828125,23.427223205566406,0.9909989833831787,166.82162475585938,64.17460632324219,0.9951083064079285,122.8103256225586,57.69758605957031,0.9991379976272583,172.94480895996094,105.94993591308594,0.9660281538963318,105.84699249267578,102.36082458496094,0.9975572824478149,183.142333984375,118.08259582519531,0.9593341946601868,138.62039184570312,115.8316650390625,0.9951778650283813,160.71910095214844,148.8849334716797,0.9919448494911194,131.70152282714844,148.1514434814453,0.9954237341880798,160.64353942871094,211.64627075195312,0.5309819579124451,130.79379272460938,210.50746154785156,0.6855542659759521,0.0,0.0,0.018621597439050674,0.0,0.0,0.026434537023305893
422,True,159.47801208496094,30.353607177734375,0.9914796352386475,163.5573272705078,25.794822692871094,0.8867582678794861,154.62063598632812,23.86395263671875,0.9908775687217712,0.0,0.0,0.16119466722011566,140.9502716064453,24.159278869628906,0.9726123213768005,166.09201049804688,63.84855651855469,0.9935845732688904,118.90870666503906,59.32179641723633,0.9964583516120911,171.88235473632812,104.71791076660156,0.9545336961746216,103.93675231933594,103.28475952148438,0.985312283039093,180.20425415039062,113.74098205566406,0.9342834949493408,134.8930206298828,116.15814971923828,0.9748269319534302,159.10910034179688,148.20355224609375,0.9845735430717468,128.3797149658203,148.31735229492188,0.9860871434211731,160.7509307861328,209.59877014160156,0.5060088634490967,128.29136657714844,209.09719848632812,0.5385580062866211,0.0,0.0,0.02262062206864357,0.0,0.0,0.02273883856832981
423,True,159.6605682373047,30.447174072265625,0.9930578470230103,164.13677978515625,25.467788696289062,0.8637703657150269,154.41769409179688,23.75701904296875,0.9944949746131897,0.0,0.0,0.10360603034496307,140.99290466308594,24.307464599609375,0.987128734588623,165.84814453125,63.25257873535156,0.9914581179618835,119.4867172241211,58.961830139160156,0.9986155033111572,170.7721710205078,104.44608306884766,0.9501469731330872,102.99748229980469,102.94721984863281,0.9967819452285767,180.11257934570312,113.71514892578125,0.9535032510757446,135.83477783203125,114.79750061035156,0.9946304559707642,160.8695526123047,144.4228515625,0.9791839122772217,130.70152282714844,145.01052856445312,0.9892047047615051,0.0,0.0,0.43476954102516174,130.1138153076172,206.5499267578125,0.6104721426963806,0.0,0.0,0.015661723911762238,0.0,0.0,0.023081423714756966
424,True,152.0900115966797,27.750595092773438,0.9919706583023071,156.9986114501953,23.85157012939453,0.904043972492218,147.43240356445312,21.584381103515625,0.9928481578826904,0.0,0.0,0.23352092504501343,135.51576232910156,23.84295654296875,0.9784383773803711,163.51461791992188,63.7736930847168,0.9881454706192017,115.00361633300781,59.577064514160156,0.9984904527664185,171.22341918945312,103.67154693603516,0.884214460849762,99.18644714355469,102.63980102539062,0.993894636631012,159.3361053466797,117.46379089355469,0.8669838309288025,129.27047729492188,116.25825500488281,0.9854884743690491,154.0574951171875,145.14862060546875,0.9783974885940552,122.71795654296875,144.24212646484375,0.990576982498169,0.0,0.0,0.4058670401573181,122.38953399658203,204.142822265625,0.6204923987388611,0.0,0.0,0.017950063571333885,0.0,0.0,0.030875209718942642
425,True,144.78187561035156,29.551467895507812,0.9939826130867004,149.3856201171875,23.747711181640625,0.949017345905304,139.11143493652344,24.066635131835938,0.9909090399742126,0.0,0.0,0.498440146446228,129.81988525390625,26.739517211914062,0.9546090364456177,163.1294708251953,61.27014923095703,0.9942430853843689,116.34575653076172,61.005008697509766,0.999188244342804,171.869384765625,102.06681060791016,0.9561580419540405,97.11054992675781,101.5787582397461,0.9972454309463501,156.44972229003906,115.37349700927734,0.9570364356040955,126.51366424560547,115.87908935546875,0.9945217370986938,153.24368286132812,145.41648864746094,0.9910496473312378,123.35306549072266,145.87278747558594,0.99577796459198,154.21163940429688,206.04222106933594,0.5235227942466736,126.70703887939453,206.19737243652344,0.7241162061691284,0.0,0.0,0.019111428409814835,0.0,0.0,0.034680284559726715
426,True,138.6577911376953,28.61129379272461,0.9952952265739441,143.28302001953125,23.421520233154297,0.9709652662277222,133.16995239257812,23.316619873046875,0.9891610741615295,149.32373046875,27.35987091064453,0.649288535118103,124.44341278076172,27.19921875,0.920268177986145,158.32205200195312,61.43775177001953,0.9971083998680115,112.21513366699219,61.842952728271484,0.9983195662498474,172.11427307128906,99.65750122070312,0.9777591228485107,96.7906494140625,102.74932861328125,0.990529477596283,158.84771728515625,108.63572692871094,0.9672819972038269,121.03742980957031,115.8759765625,0.9826996326446533,151.4783935546875,142.73794555664062,0.9919511079788208,122.07991790771484,143.67543029785156,0.992584228515625,152.74560546875,202.0917205810547,0.5391392707824707,127.88048553466797,202.27487182617188,0.583633542060852,0.0,0.0,0.020366059616208076,0.0,0.0,0.023350004106760025
427,True,129.12159729003906,28.570999145507812,0.9919247031211853,134.48789978027344,23.32276153564453,0.9658246040344238,124.71509552001953,23.20208740234375,0.9773316979408264,142.591796875,26.658493041992188,0.743869960308075,118.47596740722656,25.941444396972656,0.8344929814338684,154.38882446289062,61.232818603515625,0.9947178959846497,105.3373794555664,60.76661682128906,0.9972168207168579,168.29946899414062,101.64800262451172,0.9723111987113953,93.33934020996094,103.51696014404297,0.9889974594116211,154.37522888183594,105.1746826171875,0.9666134715080261,112.61527252197266,114.8218994140625,0.9819695949554443,147.26577758789062,144.5531768798828,0.9821823239326477,115.50532531738281,144.72842407226562,0.9848297834396362,0.0,0.0,0.46686065196990967,115.666015625,202.42556762695312,0.5342627763748169,0.0,0.0,0.018220271915197372,0.0,0.0,0.022866783663630486
428,True,119.16024780273438,28.272735595703125,0.9910658001899719,124.37139129638672,22.924697875976562,0.969896674156189,115.18878936767578,22.99333953857422,0.9693912863731384,133.15676879882812,26.506607055664062,0.8288919925689697,110.4290771484375,26.276031494140625,0.7676038146018982,148.33587646484375,61.74392318725586,0.9961793422698975,98.89891815185547,63.07160186767578,0.9973717927932739,165.93247985839844,101.02670288085938,0.9774186015129089,89.7622299194336,105.64627838134766,0.9874269962310791,149.06597900390625,105.41412353515625,0.9688087701797485,107.12705993652344,114.70482635498047,0.9783625602722168,143.72450256347656,146.72097778320312,0.9901875853538513,111.93612670898438,147.41305541992188,0.9906444549560547,145.99420166015625,207.00106811523438,0.5566409230232239,114.16178894042969,207.58102416992188,0.6012684106826782,0.0,0.0,0.022733325138688087,0.0,0.0,0.027649348601698875
429,True,105.51792907714844,29.864974975585938,0.9864454865455627,112.01466369628906,23.789222717285156,0.9799251556396484,101.87582397460938,23.57257843017578,0.9223678112030029,125.44602966308594,26.668899536132812,0.9183811545372009,0.0,0.0,0.3600805401802063,142.46697998046875,61.734588623046875,0.9886345863342285,88.56147766113281,62.17071533203125,0.9855607151985168,162.44480895996094,102.88890838623047,0.9623075127601624,75.23998260498047,107.87908935546875,0.9473351240158081,140.06631469726562,102.7186508178711,0.9593932032585144,93.88214111328125,114.9423599243164,0.938042163848877,133.36911010742188,154.25491333007812,0.9549585580825806,97.57814025878906,153.7743682861328,0.9449074864387512,0.0,0.0,0.18100960552692413,0.0,0.0,0.17261750996112823,0.0,0.0,0.004273514728993177,0.0,0.0,0.004667771514505148
430,True,92.27731323242188,30.930702209472656,0.9835265278816223,98.59986877441406,24.194320678710938,0.9777172803878784,88.98424530029297,25.516002655029297,0.8642584085464478,114.59461975097656,25.464324951171875,0.942607581615448,0.0,0.0,0.20519496500492096,133.63796997070312,59.78749084472656,0.9935645461082458,79.14726257324219,63.44187927246094,0.9913718700408936,151.29769897460938,101.0952377319336,0.9742529392242432,66.10908508300781,104.24174499511719,0.9526689052581787,127.12232208251953,104.15029907226562,0.9665288329124451,82.54794311523438,111.67988586425781,0.9351570010185242,125.2007064819336,150.61474609375,0.9772896766662598,89.47169494628906,152.3702392578125,0.9703830480575562,0.0,0.0,0.20688030123710632,0.0,0.0,0.18663424253463745,0.0,0.0,0.005077037028968334,0.0,0.0,0.005364174023270607
431,True,77.76882934570312,31.34820556640625,0.9298992156982422,81.87592315673828,25.010009765625,0.9554731249809265,0.0,0.0,0.48186418414115906,97.68028259277344,24.490447998046875,0.9447881579399109,0.0,0.0,0.04239168018102646,124.91749572753906,59.46693801879883,0.9848360419273376,73.29047393798828,62.16700744628906,0.8867594599723816,143.02220153808594,104.62498474121094,0.9622147083282471,64.47180938720703,107.19182586669922,0.5889053344726562,112.540283203125,105.05769348144531,0.9345304369926453,71.61430358886719,115.318603515625,0.582443356513977,114.42379760742188,155.14599609375,0.961336612701416,80.27980041503906,154.60877990722656,0.8982500433921814,0.0,0.0,0.36007529497146606,0.0,0.0,0.18400925397872925,0.0,0.0,0.017876001074910164,0.0,0.0,0.0113144526258111
432,True,65.25724792480469,32.5750846862793,0.9460126161575317,69.10588836669922,25.22674560546875,0.971954882144928,0.0,0.0,0.41659992933273315,87.298583984375,24.18707275390625,0.9639724493026733,0.0,0.0,0.02202482707798481,114.77692413330078,60.27752685546875,0.9854366183280945,66.76448059082031,63.35205841064453,0.8971503376960754,133.10723876953125,103.93143463134766,0.9736296534538269,56.23583984375,104.00596618652344,0.6455733776092529,95.8000259399414,105.57113647460938,0.9685038328170776,59.30579376220703,110.90365600585938,0.721673309803009,104.12037658691406,158.2387237548828,0.9763339757919312,72.54440307617188,157.834716796875,0.9331559538841248,0.0,0.0,0.38067060708999634,0.0,0.0,0.1989184468984604,0.0,0.0,0.01361003890633583,0.0,0.0,0.008994821459054947
433,True,53.24732971191406,34.04454040527344,0.9304863214492798,56.91764831542969,27.028953552246094,0.9805589318275452,0.0,0.0,0.24495862424373627,76.7408447265625,25.508712768554688,0.9794085621833801,0.0,0.0,0.005540579091757536,104.5877456665039,59.72793197631836,0.9737288951873779,64.18804931640625,63.08913803100586,0.5855776071548462,119.64424133300781,107.49134826660156,0.9675089120864868,0.0,0.0,0.2236287146806717,80.1787109375,108.90435791015625,0.9569121599197388,0.0,0.0,0.3622385263442993,96.03157043457031,158.24050903320312,0.9133133888244629,67.98464965820312,157.4031982421875,0.6801229119300842,0.0,0.0,0.19960691034793854,0.0,0.0,0.05637681856751442,0.0,0.0,0.00776855181902647,0.0,0.0,0.003703974885866046
434,True,44.683929443359375,33.31394958496094,0.9171929359436035,47.41299819946289,26.502166748046875,0.9682633876800537,0.0,0.0,0.19902795553207397,66.81895446777344,25.705772399902344,0.9688228368759155,0.0,0.0,0.006020701490342617,97.10140991210938,59.47425842285156,0.9805375933647156,58.016273498535156,63.07876968383789,0.7702004909515381,115.56219482421875,108.01228332519531,0.979576826095581,0.0,0.0,0.4652169644832611,64.7805404663086,110.2418441772461,0.9741220474243164,41.537513732910156,113.75328826904297,0.6024852991104126,89.82278442382812,160.38229370117188,0.9758618474006653,62.38378143310547,159.54690551757812,0.9095607995986938,0.0,0.0,0.3719114363193512,0.0,0.0,0.15322443842887878,0.0,0.0,0.01145994383841753,0.0,0.0,0.006522977724671364
435,True,34.999488830566406,33.362403869628906,0.901032567024231,37.845340728759766,26.44910430908203,0.9564633369445801,0.0,0.0,0.21759988367557526,56.93111038208008,25.254470825195312,0.9701533913612366,0.0,0.0,0.012259126640856266,91.10054016113281,60.711971282958984,0.9869885444641113,49.9343147277832,64.55413055419922,0.8589370846748352,106.58030700683594,108.78688049316406,0.9532144069671631,0.0,0.0,0.429115891456604,84.49696350097656,144.94471740722656,0.8738982677459717,0.0,0.0,0.3738004267215729,80.46751403808594,153.70480346679688,0.9556267261505127,55.01240921020508,151.41854858398438,0.8737195730209351,0.0,0.0,0.2938804030418396,0.0,0.0,0.13746047019958496,0.0,0.0,0.011979268863797188,0.0,0.0,0.007750614080578089
436,True,30.026065826416016,36.41969299316406,0.9309201240539551,32.145790100097656,28.380508422851562,0.973716676235199,0.0,0.0,0.26489120721817017,51.62651443481445,24.29662322998047,0.9772384762763977,0.0,0.0,0.009975067339837551,83.98551940917969,58.15448760986328,0.9898005127906799,45.06436538696289,65.82355499267578,0.8624292612075806,99.91836547851562,106.78392791748047,0.9645262360572815,0.0,0.0,0.3775438368320465,71.03352355957031,132.30340576171875,0.9021837115287781,0.0,0.0,0.3204345405101776,73.62129211425781,156.6409912109375,0.9728931784629822,48.91210174560547,156.80572509765625,0.9074182510375977,0.0,0.0,0.39592406153678894,0.0,0.0,0.17417003214359283,0.0,0.0,0.019953766837716103,0.0,0.0,0.011574771255254745
437,True,22.343902587890625,35.02470397949219,0.8782404661178589,23.8905086517334,27.691200256347656,0.9673101305961609,0.0,0.0,0.10543627291917801,43.924137115478516,23.903289794921875,0.9774730205535889,0.0,0.0,0.003066978184506297,76.0669174194336,58.07586669921875,0.9857419729232788,44.90616226196289,62.68787384033203,0.6142761707305908,89.28768920898438,105.93740844726562,0.9700371623039246,0.0,0.0,0.1597263514995575,66.70272827148438,134.43841552734375,0.9185543060302734,0.0,0.0,0.17821523547172546,65.10702514648438,158.87869262695312,0.9805424213409424,45.34905242919922,156.69760131835938,0.8939322233200073,58.941978454589844,224.85760498046875,0.6796568036079407,0.0,0.0,0.2951017916202545,0.0,0.0,0.07227063179016113,0.0,0.0,0.03187292814254761
438,True,15.811038970947266,30.317428588867188,0.8167494535446167,18.50174331665039,24.027793884277344,0.8822266459465027,0.0,0.0,0.16735148429870605,35.958580017089844,23.05291748046875,0.9321761131286621,0.0,0.0,0.017112381756305695,65.15658569335938,57.551612854003906,0.9837528467178345,36.88280487060547,61.61460876464844,0.858462929725647,83.47921752929688,111.11648559570312,0.9545512795448303,30.80014419555664,104.99141693115234,0.5463329553604126,80.92634582519531,154.24099731445312,0.8630245327949524,0.0,0.0,0.43142345547676086,58.674678802490234,158.73936462402344,0.9804725050926208,40.274009704589844,157.47705078125,0.9479279518127441,55.02948760986328,221.30462646484375,0.672757089138031,0.0,0.0,0.46230411529541016,0.0,0.0,0.07661625742912292,0.0,0.0,0.052347514778375626
439,True,9.532844543457031,38.872901916503906,0.7742825150489807,10.749011993408203,32.906494140625,0.9225491285324097,0.0,0.0,0.0693652480840683,29.925735473632812,28.083404541015625,0.949974775314331,0.0,0.0,0.003540223464369774,57.13477325439453,56.875892639160156,0.9746243357658386,0.0,0.0,0.4792517423629761,63.436607360839844,105.58094787597656,0.9622160196304321,0.0,0.0,0.14761729538440704,49.660335540771484,145.56504821777344,0.9026063084602356,0.0,0.0,0.17760716378688812,52.9052848815918,152.22337341308594,0.9830422401428223,37.99382781982422,151.11102294921875,0.9084755778312683,51.51314926147461,217.58544921875,0.8526712656021118,33.26906204223633,213.7958984375,0.5401768088340759,0.0,0.0,0.23380382359027863,0.0,0.0,0.11304277926683426
440,True,0.0,0.0,0.4767144024372101,12.850692749023438,32.0098876953125,0.675385057926178,0.0,0.0,0.05178537219762802,26.23276710510254,29.03143310546875,0.8269184231758118,0.0,0.0,0.008792570792138577,42.872886657714844,58.38240051269531,0.7862970232963562,0.0,0.0,0.40888723731040955,32.629371643066406,106.64671325683594,0.6332367658615112,0.0,0.0,0.14188621938228607,0.0,0.0,0.4659211337566376,0.0,0.0,0.1301673799753189,43.706565856933594,157.36209106445312,0.8883500695228577,33.45638656616211,156.74081420898438,0.7966594099998474,41.844974517822266,226.5186767578125,0.5412070751190186,0.0,0.0,0.38777387142181396,0.0,0.0,0.10582911968231201,0.0,0.0,0.08611688762903214
441,True,18.299850463867188,32.224403381347656,0.5198897123336792,0.0,0.0,0.46940863132476807,0.0,0.0,0.22354760766029358,0.0,0.0,0.1735030710697174,0.0,0.0,0.07081077247858047,42.56033706665039,58.33916473388672,0.7635742425918579,0.0,0.0,0.14804872870445251,56.01251983642578,108.85159301757812,0.6422657370567322,0.0,0.0,0.048841673880815506,0.0,0.0,0.4225715398788452,0.0,0.0,0.05706818774342537,43.619171142578125,154.52255249023438,0.9053868055343628,9.146659851074219,156.6592559814453,0.6931383013725281,44.962928771972656,228.20294189453125,0.6862807869911194,0.0,0.0,0.34400707483291626,0.0,0.0,0.2049509733915329,0.0,0.0,0.08894045650959015
442,True,0.0,0.0,0.0035935959313064814,0.0,0.0,0.0012176665477454662,0.0,0.0,0.003268236992880702,0.0,0.0,0.22794169187545776,0.0,0.0,0.4570339620113373,0.0,0.0,0.15584991872310638,37.619903564453125,53.96571350097656,0.9298812747001648,0.0,0.0,0.006362394895404577,44.74408721923828,106.95001983642578,0.7220022678375244,0.0,0.0,0.002527528675273061,0.0,0.0,0.18233677744865417,9.690177917480469,160.52467346191406,0.5469151735305786,39.65824890136719,158.82098388671875,0.9206750392913818,0.0,0.0,0.12653100490570068,48.026180267333984,229.1374053955078,0.6054976582527161,0.0,0.0,0.02775934711098671,0.0,0.0,0.14480026066303253
443,True,0.0,0.0,0.006791697349399328,0.0,0.0,0.0031213867478072643,0.0,0.0,0.0034522698260843754,0.0,0.0,0.23917247354984283,0.0,0.0,0.2064671367406845,0.0,0.0,0.2343597710132599,36.904327392578125,55.40984344482422,0.8038115501403809,0.0,0.0,0.02449469082057476,45.30713653564453,106.96558380126953,0.5017844438552856,0.0,0.0,0.010723370127379894,0.0,0.0,0.1408373862504959,14.229198455810547,163.27774047851562,0.6933687925338745,36.48984909057617,160.79283142089844,0.8989115953445435,0.0,0.0,0.1994784027338028,43.02665328979492,230.8321533203125,0.5217511653900146,0.0,0.0,0.033159706741571426,0.0,0.0,0.10081000626087189
444,True,0.0,0.0,0.02914842776954174,0.0,0.0,0.01516070868819952,0.0,0.0,0.017771881073713303,0.0,0.0,0.3646947741508484,0.0,0.0,0.267124205827713,0.0,0.0,0.21902191638946533,25.5994930267334,58.036285400390625,0.876284658908844,0.0,0.0,0.011801418848335743,37.047821044921875,112.24024963378906,0.5727784037590027,0.0,0.0,0.006736363749951124,0.0,0.0,0.18051254749298096,9.649324417114258,151.590087890625,0.5081397294998169,27.281753540039062,151.21971130371094,0.8599766492843628,0.0,0.0,0.26409968733787537,38.505863189697266,220.96957397460938,0.7061182260513306,0.0,0.0,0.08110582083463669,0.0,0.0,0.2720845639705658
445,True,0.0,0.0,0.13677337765693665,0.0,0.0,0.05766817182302475,0.0,0.0,0.12443067133426666,0.0,0.0,0.2319948673248291,0.0,0.0,0.3364607095718384,0.0,0.0,0.16102761030197144,20.837940216064453,59.251136779785156,0.8724784255027771,0.0,0.0,0.007886617444455624,24.85411262512207,110.35352325439453,0.6151362061500549,0.0,0.0,0.006860817316919565,0.0,0.0,0.24980102479457855,0.0,0.0,0.4869300127029419,20.03018569946289,150.00364685058594,0.8717082738876343,0.0,0.0,0.2536396086215973,36.45722198486328,220.51242065429688,0.7305235266685486,0.0,0.0,0.08315981924533844,0.0,0.0,0.2946603298187256
446,True,0.0,0.0,0.19347240030765533,0.0,0.0,0.06749904155731201,0.0,0.0,0.20021066069602966,0.0,0.0,0.1562618762254715,0.0,0.0,0.4570072293281555,0.0,0.0,0.12955988943576813,13.772454261779785,59.027984619140625,0.8488243222236633,0.0,0.0,0.010097900405526161,23.877952575683594,105.97835540771484,0.6383947134017944,0.0,0.0,0.012140831910073757,0.0,0.0,0.3475217819213867,0.0,0.0,0.4287765324115753,11.690074920654297,148.76132202148438,0.8273798823356628,0.0,0.0,0.2505735456943512,27.264022827148438,215.7020263671875,0.701127827167511,0.0,0.0,0.09701923280954361,0.0,0.0,0.3105635941028595
447,True,0.0,0.0,0.36714228987693787,0.0,0.0,0.16158033907413483,0.0,0.0,0.2935274541378021,0.0,0.0,0.10843343287706375,0.0,0.0,0.2626068592071533,0.0,0.0,0.18621216714382172,6.384830474853516,63.54893493652344,0.6203628778457642,0.0,0.0,0.036450013518333435,0.0,0.0,0.40093061327934265,0.0,0.0,0.05108022689819336,0.0,0.0,0.30668869614601135,7.601476669311523,147.13107299804688,0.5003557801246643,6.262413024902344,146.81944274902344,0.7284500598907471,0.0,0.0,0.3457877039909363,22.733348846435547,213.4685821533203,0.6068479418754578,0.0,0.0,0.13145959377288818,0.0,0.0,0.250805526971817
448,True,0.0,0.0,0.4905836880207062,0.0,0.0,0.3351377248764038,0.0,0.0,0.35836467146873474,0.0,0.0,0.17673805356025696,0.0,0.0,0.20345838367938995,0.0,0.0,0.22681574523448944,0.0,0.0,0.41466203331947327,0.0,0.0,0.0398673489689827,0.0,0.0,0.1405869722366333,0.0,0.0,0.04458022862672806,0.0,0.0,0.11574560403823853,0.0,0.0,0.4628584682941437,3.4817304611206055,147.8054656982422,0.5778846144676208,0.0,0.0,0.4259212613105774,19.689695358276367,214.69302368164062,0.5541199445724487,0.0,0.0,0.2237904965877533,0.0,0.0,0.3025159537792206
449,True,0.0,0.0,0.4114460349082947,0.0,0.0,0.26794329285621643,0.0,0.0,0.293855220079422,0.0,0.0,0.14383447170257568,0.0,0.0,0.18336854875087738,0.0,0.0,0.22988231480121613,0.0,0.0,0.31035351753234863,0.0,0.0,0.053480446338653564,0.0,0.0,0.11509151756763458,0.0,0.0,0.05891885235905647,0.0,0.0,0.10513296723365784,0.0,0.0,0.44328573346138,3.3116822242736816,145.3272247314453,0.5032221078872681,0.0,0.0,0.4059411287307739,0.0,0.0,0.4798835217952728,0.0,0.0,0.19514167308807373,0.0,0.0,0.2348930537700653
450,True,0.0,0.0,0.37576574087142944,0.0,0.0,0.19185513257980347,0.0,0.0,0.3293153643608093,0.0,0.0,0.09142764657735825,0.0,0.0,0.2580513060092926,0.0,0.0,0.15116223692893982,0.0,0.0,0.3924447298049927,0.0,0.0,0.029443660750985146,0.0,0.0,0.18897946178913116,0.0,0.0,0.038026925176382065,0.0,0.0,0.15522350370883942,0.0,0.0,0.3366283178329468,0.0,0.0,0.4999692440032959,0.0,0.0,0.27411317825317383,0.0,0.0,0.43818342685699463,0.0,0.0,0.12556985020637512,0.0,0.0,0.19424813985824585
451,True,0.0,0.0,0.42267748713493347,0.0,0.0,0.2581169307231903,0.0,0.0,0.31963416934013367,0.0,0.0,0.12511642277240753,0.0,0.0,0.2125595062971115,0.0,0.0,0.1875222772359848,0.0,0.0,0.3256622552871704,0.0,0.0,0.03860774636268616,0.0,0.0,0.12333323806524277,0.0,0.0,0.05508509278297424,0.0,0.0,0.12746289372444153,0.0,0.0,0.22705984115600586,0.0,0.0,0.30784666538238525,0.0,0.0,0.2962198257446289,0.0,0.0,0.3887433409690857,0.0,0.0,0.19010168313980103,0.0,0.0,0.23943769931793213
452,True,0.0,0.0,0.35222822427749634,0.0,0.0,0.21304330229759216,0.0,0.0,0.24883192777633667,0.0,0.0,0.10580954700708389,0.0,0.0,0.160897895693779,0.0,0.0,0.1633787453174591,0.0,0.0,0.21602767705917358,0.0,0.0,0.049845121800899506,0.0,0.0,0.09441065788269043,0.0,0.0,0.07916524261236191,0.0,0.0,0.12489839643239975,0.0,0.0,0.17823955416679382,0.0,0.0,0.2099553495645523,0.0,0.0,0.2450498789548874,0.0,0.0,0.2841414213180542,0.0,0.0,0.15195214748382568,0.0,0.0,0.1717783361673355
453,True,0.0,0.0,0.027714790776371956,0.0,0.0,0.010712990537285805,0.0,0.0,0.010440626181662083,0.0,0.0,0.039399728178977966,0.0,0.0,0.03455152362585068,0.0,0.0,0.1817764788866043,0.0,0.0,0.12088854610919952,0.0,0.0,0.05780940502882004,0.0,0.0,0.04238896071910858,0.0,0.0,0.07855316996574402,0.0,0.0,0.06489795446395874,0.0,0.0,0.01546394545584917,0.0,0.0,0.012713110074400902,0.0,0.0,0.03550263121724129,0.0,0.0,0.03173098713159561,0.0,0.0,0.03488249331712723,0.0,0.0,0.03263599053025246
454,True,0.0,0.0,0.054091475903987885,0.0,0.0,0.020795699208974838,0.0,0.0,0.024455569684505463,0.0,0.0,0.0545385368168354,0.0,0.0,0.0656576156616211,0.0,0.0,0.2061706781387329,0.0,0.0,0.15213286876678467,0.0,0.0,0.04057740420103073,0.0,0.0,0.03789199888706207,0.0,0.0,0.04699356481432915,0.0,0.0,0.049453482031822205,0.0,0.0,0.012738117016851902,0.0,0.0,0.0112111521884799,0.0,0.0,0.017502421513199806,0.0,0.0,0.01772301271557808,0.0,0.0,0.01796170137822628,0.0,0.0,0.018396126106381416
455,True,0.0,0.0,0.05740141496062279,0.0,0.0,0.02028963714838028,0.0,0.0,0.03085186704993248,0.0,0.0,0.04495696350932121,0.0,0.0,0.07897955924272537,0.0,0.0,0.16803380846977234,0.0,0.0,0.1836869865655899,0.0,0.0,0.028441738337278366,0.0,0.0,0.04882282391190529,0.0,0.0,0.028815768659114838,0.0,0.0,0.047890614718198776,0.0,0.0,0.012540998868644238,0.0,0.0,0.014013202860951424,0.0,0.0,0.014871640130877495,0.0,0.0,0.018872521817684174,0.0,0.0,0.01582944206893444,0.0,0.0,0.0189784225076437
456,True,0.0,0.0,0.07920323312282562,0.0,0.0,0.03180527687072754,0.0,0.0,0.041418079286813736,0.0,0.0,0.05412935093045235,0.0,0.0,0.07620663195848465,0.0,0.0,0.18252988159656525,0.0,0.0,0.169094055891037,0.0,0.0,0.032797638326883316,0.0,0.0,0.04194074496626854,0.0,0.0,0.028275884687900543,0.0,0.0,0.03767572343349457,0.0,0.0,0.012433992698788643,0.0,0.0,0.012584860436618328,0.0,0.0,0.013069959357380867,0.0,0.0,0.014960198663175106,0.0,0.0,0.014442122541368008,0.0,0.0,0.01616118848323822
457,True,0.0,0.0,0.0244579017162323,0.0,0.0,0.008160623721778393,0.0,0.0,0.012919226661324501,0.0,0.0,0.02665174938738346,0.0,0.0,0.054016441106796265,0.0,0.0,0.14110067486763,0.0,0.0,0.10580543428659439,0.0,0.0,0.03964085504412651,0.0,0.0,0.03971600905060768,0.0,0.0,0.036535706371068954,0.0,0.0,0.040995821356773376,0.0,0.0,0.013681972399353981,0.0,0.0,0.012196235358715057,0.0,0.0,0.014152121730148792,0.0,0.0,0.014376265928149223,0.0,0.0,0.014250711537897587,0.0,0.0,0.014442299492657185
458,True,0.0,0.0,0.20452065765857697,0.0,0.0,0.13478948175907135,0.0,0.0,0.08079816401004791,0.0,0.0,0.12070906907320023,0.0,0.0,0.04162469878792763,0.0,0.0,0.2222730964422226,0.0,0.0,0.14227133989334106,0.0,0.0,0.04387400299310684,0.0,0.0,0.027411896735429764,0.0,0.0,0.033172961324453354,0.0,0.0,0.026061512529850006,0.0,0.0,0.015324432402849197,0.0,0.0,0.012578273192048073,0.0,0.0,0.005858324468135834,0.0,0.0,0.005297161638736725,0.0,0.0,0.0040920572355389595,0.0,0.0,0.004076831042766571
459,True,0.0,0.0,0.04477497562766075,0.0,0.0,0.02546028420329094,0.0,0.0,0.02147558517754078,0.0,0.0,0.060941413044929504,0.0,0.0,0.03589795529842377,0.0,0.0,0.06329729408025742,0.0,0.0,0.09046607464551926,0.0,0.0,0.008023063652217388,0.0,0.0,0.0186426043510437,0.0,0.0,0.00771647784858942,0.0,0.0,0.015359469689428806,0.0,0.0,0.004815660882741213,0.0,0.0,0.006605185102671385,0.0,0.0,0.006280942820012569,0.0,0.0,0.009332552552223206,0.0,0.0,0.009219983592629433,0.0,0.0,0.012755440548062325
460,True,0.0,0.0,0.17243114113807678,0.0,0.0,0.10826672613620758,0.0,0.0,0.06406497210264206,0.0,0.0,0.11407314985990524,0.0,0.0,0.03798267990350723,0.0,0.0,0.21225538849830627,0.0,0.0,0.12292614579200745,0.0,0.0,0.03517422080039978,0.0,0.0,0.019785409793257713,0.0,0.0,0.03430217504501343,0.0,0.0,0.025183694437146187,0.0,0.0,0.007991555146872997,0.0,0.0,0.006314717233181,0.0,0.0,0.004437978845089674,0.0,0.0,0.00394306518137455,0.0,0.0,0.0034364592283964157,0.0,0.0,0.003362576710060239
461,True,0.0,0.0,0.1801765263080597,0.0,0.0,0.11214801669120789,0.0,0.0,0.06369181722402573,0.0,0.0,0.12440621852874756,0.0,0.0,0.03971463441848755,0.0,0.0,0.2656591534614563,0.0,0.0,0.12537196278572083,0.0,0.0,0.04667312279343605,0.0,0.0,0.019426412880420685,0.0,0.0,0.045452091842889786,0.0,0.0,0.026699820533394814,0.0,0.0,0.008533547632396221,0.0,0.0,0.005910010077059269,0.0,0.0,0.004620379768311977,0.0,0.0,0.0036535190884023905,0.0,0.0,0.003223185893148184,0.0,0.0,0.0028987289406359196
462,True,0.0,0.0,0.058339837938547134,0.0,0.0,0.02620408684015274,0.0,0.0,0.026118380948901176,0.0,0.0,0.058350007981061935,0.0,0.0,0.04824431613087654,0.0,0.0,0.1338910460472107,0.0,0.0,0.12515167891979218,0.0,0.0,0.022100485861301422,0.0,0.0,0.030335653573274612,0.0,0.0,0.02510424330830574,0.0,0.0,0.03404060751199722,0.0,0.0,0.008433998562395573,0.0,0.0,0.0089321443811059,0.0,0.0,0.010814337059855461,0.0,0.0,0.013014106079936028,0.0,0.0,0.011438491754233837,0.0,0.0,0.01343274675309658
463,True,0.0,0.0,0.11790698021650314,0.0,0.0,0.08667788654565811,0.0,0.0,0.05549261346459389,0.0,0.0,0.11541561037302017,0.0,0.0,0.042004045099020004,0.0,0.0,0.069069042801857,0.0,0.0,0.10104136168956757,0.0,0.0,0.019786935299634933,0.0,0.0,0.04007943347096443,0.0,0.0,0.03713628649711609,0.0,0.0,0.06041140481829643,0.0,0.0,0.07147196680307388,0.0,0.0,0.09019143879413605,0.0,0.0,0.052513573318719864,0.0,0.0,0.06994040310382843,0.0,0.0,0.02117164619266987,0.0,0.0,0.02778521180152893
464,True,0.0,0.0,0.3536853492259979,0.0,0.0,0.19835470616817474,0.0,0.0,0.32373762130737305,0.0,0.0,0.09584976732730865,0.0,0.0,0.21508006751537323,0.0,0.0,0.08869132399559021,0.0,0.0,0.2430812567472458,0.0,0.0,0.011351162567734718,0.0,0.0,0.09062342345714569,0.0,0.0,0.018362168222665787,0.0,0.0,0.08785434812307358,0.0,0.0,0.07760540395975113,0.0,0.0,0.15217164158821106,0.0,0.0,0.06948291510343552,0.0,0.0,0.14347857236862183,0.0,0.0,0.038446638733148575,0.0,0.0,0.06636346876621246
465,True,0.0,0.0,0.35082942247390747,0.0,0.0,0.21037307381629944,0.0,0.0,0.23360057175159454,0.0,0.0,0.12183183431625366,0.0,0.0,0.14054696261882782,0.0,0.0,0.18855200707912445,0.0,0.0,0.3092259168624878,0.0,0.0,0.045336831361055374,0.0,0.0,0.1334647536277771,0.0,0.0,0.059024546295404434,0.0,0.0,0.13023972511291504,0.0,0.0,0.34799110889434814,0.0,0.0,0.4325280487537384,0.0,0.0,0.19446328282356262,0.0,0.0,0.2695833146572113,0.0,0.0,0.06937691569328308,0.0,0.0,0.09418581426143646
466,False,0.0,0.0,0.0,0.0,0.0,0.0,0.0,0.0,0.0,0.0,0.0,0.0,0.0,0.0,0.0,0.0,0.0,0.0,0.0,0.0,0.0,0.0,0.0,0.0,0.0,0.0,0.0,0.0,0.0,0.0,0.0,0.0,0.0,0.0,0.0,0.0,0.0,0.0,0.0,0.0,0.0,0.0,0.0,0.0,0.0,0.0,0.0,0.0,0.0,0.0,0.0
467,True,0.0,0.0,0.35509011149406433,0.0,0.0,0.17224933207035065,0.0,0.0,0.2630048990249634,0.0,0.0,0.09319992363452911,0.0,0.0,0.21436621248722076,0.0,0.0,0.22150146961212158,0.0,0.0,0.427849680185318,0.0,0.0,0.05403480678796768,0.0,0.0,0.23063454031944275,0.0,0.0,0.05948978662490845,0.0,0.0,0.18215776979923248,11.883461952209473,142.53660583496094,0.5235984921455383,10.525004386901855,142.53857421875,0.6448026895523071,0.0,0.0,0.2366495132446289,0.0,0.0,0.3631727695465088,0.0,0.0,0.06351732462644577,0.0,0.0,0.09747851639986038
468,False,0.0,0.0,0.0,0.0,0.0,0.0,0.0,0.0,0.0,0.0,0.0,0.0,0.0,0.0,0.0,0.0,0.0,0.0,0.0,0.0,0.0,0.0,0.0,0.0,0.0,0.0,0.0,0.0,0.0,0.0,0.0,0.0,0.0,0.0,0.0,0.0,0.0,0.0,0.0,0.0,0.0,0.0,0.0,0.0,0.0,0.0,0.0,0.0,0.0,0.0,0.0
469,True,0.0,0.0,0.03833800554275513,0.0,0.0,0.016706302762031555,0.0,0.0,0.025179335847496986,0.0,0.0,0.1339501589536667,0.0,0.0,0.11912793666124344,0.0,0.0,0.10409311205148697,22.535465240478516,64.97029876708984,0.721916675567627,0.0,0.0,0.012068784795701504,41.123199462890625,114.17549133300781,0.538027822971344,0.0,0.0,0.009329489432275295,0.0,0.0,0.2155565619468689,0.0,0.0,0.42128869891166687,26.7597713470459,156.598388671875,0.7970261573791504,0.0,0.0,0.08776333928108215,0.0,0.0,0.3709516227245331,0.0,0.0,0.02467527985572815,0.0,0.0,0.09109728038311005
470,True,0.0,0.0,0.24012534320354462,0.0,0.0,0.021463504061102867,0.0,0.0,0.4813835024833679,0.0,0.0,0.055970072746276855,32.10343551635742,46.9835319519043,0.9747503399848938,2.820995330810547,67.58668518066406,0.578659176826477,41.8963737487793,69.81229400634766,0.9642701148986816,0.0,0.0,0.0600089505314827,57.19965744018555,108.77847290039062,0.8405949473381042,0.0,0.0,0.03498372063040733,52.311973571777344,127.41986083984375,0.510467529296875,0.0,0.0,0.41009610891342163,32.685943603515625,140.67398071289062,0.7450968623161316,0.0,0.0,0.06874173134565353,0.0,0.0,0.2330859899520874,0.0,0.0,0.016357267275452614,0.0,0.0,0.03933142125606537
471,True,56.48212814331055,52.14533996582031,0.6399093866348267,0.0,0.0,0.07183008641004562,54.3131103515625,46.94276428222656,0.82632976770401,0.0,0.0,0.045877669006586075,43.190040588378906,46.13426208496094,0.9763954877853394,22.682655334472656,68.35969543457031,0.720113217830658,48.153202056884766,70.69679260253906,0.9875353574752808,0.0,0.0,0.09137365221977234,70.91407012939453,111.42700958251953,0.9496830105781555,0.0,0.0,0.0867275521159172,82.91998291015625,108.98829650878906,0.8192569613456726,14.73624038696289,145.23565673828125,0.6537823677062988,34.614139556884766,146.21766662597656,0.9051174521446228,0.0,0.0,0.2013058364391327,57.454559326171875,202.2731170654297,0.5818510055541992,0.0,0.0,0.03198239579796791,0.0,0.0,0.08832062780857086
472,True,67.78965759277344,52.14165496826172,0.6687411665916443,0.0,0.0,0.07912459969520569,66.32579803466797,47.17137145996094,0.8140585422515869,0.0,0.0,0.06341902911663055,53.21680450439453,45.173736572265625,0.9861921668052673,18.051589965820312,69.34796142578125,0.9053414463996887,58.7197265625,69.818359375,0.9900076389312744,0.0,0.0,0.3192058205604553,74.27389526367188,100.49366760253906,0.9408655762672424,0.0,0.0,0.21690306067466736,85.28958129882812,110.96612548828125,0.8299709558486938,25.770034790039062,144.53744506835938,0.8754264712333679,54.19123458862305,145.97042846679688,0.9526277184486389,0.0,0.0,0.46459558606147766,67.68325805664062,197.1468963623047,0.7194212675094604,0.0,0.0,0.08398263156414032,0.0,0.0,0.14856380224227905
473,True,76.28933715820312,51.12147521972656,0.9481478333473206,0.0,0.0,0.4627915024757385,71.58075714111328,46.46630859375,0.9624751210212708,0.0,0.0,0.02370653674006462,54.22380447387695,45.48679733276367,0.9698241949081421,73.96859741210938,70.12855529785156,0.9795274138450623,32.118873596191406,68.32758331298828,0.9782577157020569,82.98890686035156,102.33795928955078,0.9175466895103455,16.048553466796875,103.99427795410156,0.937214732170105,97.07968139648438,122.8321533203125,0.8681283593177795,34.999351501464844,129.40869140625,0.9175975322723389,67.03551483154297,137.49937438964844,0.9177992343902588,41.608848571777344,139.28610229492188,0.8933484554290771,0.0,0.0,0.23984774947166443,0.0,0.0,0.202974334359169,0.0,0.0,0.01736784353852272,0.0,0.0,0.01300812978297472
474,True,80.78077697753906,48.783843994140625,0.8570448160171509,0.0,0.0,0.18286888301372528,78.62923431396484,44.473388671875,0.929349958896637,0.0,0.0,0.08999450504779816,66.46533203125,44.2686767578125,0.9953626394271851,36.399986267089844,68.32460021972656,0.9798634648323059,73.06221008300781,67.0289535522461,0.9960333704948425,22.066177368164062,104.59391021728516,0.7086985111236572,88.44146728515625,101.337890625,0.9721463322639465,0.0,0.0,0.4423920512199402,103.418212890625,123.16445922851562,0.8807970285415649,40.20408248901367,137.44558715820312,0.9177590608596802,64.82660675048828,137.66835021972656,0.9562548398971558,0.0,0.0,0.2317061722278595,0.0,0.0,0.3817668855190277,0.0,0.0,0.01703914999961853,0.0,0.0,0.02422434277832508
475,True,89.34213256835938,52.007572174072266,0.5890233516693115,0.0,0.0,0.05488545075058937,88.04838562011719,47.60511779785156,0.7678170800209045,0.0,0.0,0.07338107377290726,77.67862701416016,46.885833740234375,0.9900711178779602,43.8533935546875,69.09593963623047,0.9356906414031982,83.17835998535156,71.14862823486328,0.9936453104019165,0.0,0.0,0.43951547145843506,99.19186401367188,109.1351318359375,0.9667882323265076,0.0,0.0,0.2666229009628296,111.0028076171875,121.08944702148438,0.8650962114334106,47.10594177246094,137.23126220703125,0.7605931758880615,73.9821548461914,138.79824829101562,0.9012317061424255,0.0,0.0,0.09426712989807129,0.0,0.0,0.2422318160533905,0.0,0.0,0.007925634272396564,0.0,0.0,0.015309459529817104
476,True,96.18482971191406,51.29547882080078,0.6436085104942322,0.0,0.0,0.07278099656105042,94.85366821289062,47.66120910644531,0.796059787273407,0.0,0.0,0.09203218668699265,84.88395690917969,47.18913269042969,0.9918395280838013,54.15132141113281,66.10127258300781,0.9540045857429504,87.72099304199219,67.7197494506836,0.9948535561561584,40.35647964477539,100.72486877441406,0.578887403011322,99.71188354492188,101.43132019042969,0.9743695855140686,0.0,0.0,0.3808785378932953,116.14741516113281,121.26878356933594,0.8977436423301697,56.602603912353516,131.48544311523438,0.8786886930465698,79.04402160644531,133.1827392578125,0.9486541152000427,0.0,0.0,0.22159916162490845,0.0,0.0,0.4259955585002899,0.0,0.0,0.020761912688612938,0.0,0.0,0.035362448543310165
477,True,0.0,0.0,0.4789632260799408,0.0,0.0,0.05205699801445007,101.0736312866211,49.98383331298828,0.6022077202796936,0.0,0.0,0.09304457157850266,93.05455017089844,50.6649169921875,0.9614601135253906,62.58687973022461,66.37789154052734,0.8462195992469788,94.01679229736328,69.31803894042969,0.9915375709533691,0.0,0.0,0.28368937969207764,105.37244415283203,101.39483642578125,0.9662786722183228,0.0,0.0,0.1912297010421753,123.34407043457031,120.14104461669922,0.8630192279815674,60.63929748535156,131.47149658203125,0.7906659245491028,81.02770233154297,133.28482055664062,0.9379609823226929,0.0,0.0,0.25520384311676025,94.29014587402344,166.84661865234375,0.5816116333007812,0.0,0.0,0.052112698554992676,0.0,0.0,0.11928774416446686
478,True,107.70295715332031,55.85673141479492,0.5034270882606506,0.0,0.0,0.03496278077363968,107.3333511352539,52.34312438964844,0.7655929923057556,0.0,0.0,0.04698631912469864,99.66781616210938,51.73467254638672,0.9862420558929443,74.18338012695312,69.08706665039062,0.8085470795631409,99.95177459716797,72.9976806640625,0.9959293007850647,0.0,0.0,0.19076649844646454,114.5196762084961,106.21058654785156,0.9889135956764221,0.0,0.0,0.16711069643497467,135.56495666503906,121.67311096191406,0.942064106464386,71.38043975830078,132.8869171142578,0.8092994093894958,89.49171447753906,134.883056640625,0.9655697345733643,0.0,0.0,0.27609896659851074,100.54483795166016,179.05484008789062,0.7202674746513367,0.0,0.0,0.04456019401550293,0.0,0.0,0.13594189286231995
479,True,0.0,0.0,0.28515735268592834,0.0,0.0,0.038785334676504135,0.0,0.0,0.3977373540401459,0.0,0.0,0.09026575833559036,106.63677215576172,51.62165832519531,0.9435458183288574,80.50253295898438,70.4901351928711,0.8708478212356567,104.84077453613281,73.44352722167969,0.9599931240081787,0.0,0.0,0.3363898992538452,113.69309997558594,101.95587158203125,0.7840535640716553,0.0,0.0,0.19476494193077087,112.77291870117188,71.83316040039062,0.5398165583610535,81.18595123291016,134.17990112304688,0.8491108417510986,98.47002410888672,136.4512176513672,0.9024070501327515,0.0,0.0,0.40330350399017334,107.46065521240234,179.10675048828125,0.5310245752334595,0.0,0.0,0.08388970047235489,0.0,0.0,0.10771824419498444
480,True,0.0,0.0,0.16567443311214447,0.0,0.0,0.019742785021662712,0.0,0.0,0.20245297253131866,0.0,0.0,0.09217382222414017,111.30472564697266,51.49181365966797,0.9065373539924622,85.06744384765625,71.99609375,0.8701234459877014,111.06224060058594,73.95209503173828,0.9730969071388245,0.0,0.0,0.4375666677951813,119.48033905029297,94.56781768798828,0.9057493209838867,0.0,0.0,0.2285725474357605,116.42589569091797,65.57771301269531,0.6861225962638855,88.53600311279297,136.2772216796875,0.9238722920417786,106.09983825683594,138.0269775390625,0.9619892835617065,93.94772338867188,182.9715118408203,0.6196890473365784,109.37028503417969,185.700927734375,0.7729532122612,0.0,0.0,0.16157595813274384,0.0,0.0,0.23203055560588837
481,True,0.0,0.0,0.19268232583999634,0.0,0.0,0.019825704395771027,0.0,0.0,0.3107088804244995,0.0,0.0,0.07768985629081726,117.86398315429688,54.72896957397461,0.9475036263465881,93.52161407470703,72.66365051269531,0.7955449819564819,117.66034698486328,74.30208587646484,0.981680691242218,0.0,0.0,0.2661316692829132,126.69969177246094,102.81712341308594,0.9419373869895935,0.0,0.0,0.164190411567688,143.6879119873047,113.13622283935547,0.7936381101608276,96.387451171875,128.75,0.8807891011238098,112.07259368896484,130.27618408203125,0.9606314897537231,102.57372283935547,172.1813507080078,0.5674421191215515,119.5030746459961,172.60231018066406,0.8121393322944641,0.0,0.0,0.19292820990085602,0.0,0.0,0.3377557694911957
482,True,0.0,0.0,0.3932369649410248,0.0,0.0,0.025303296744823456,128.55140686035156,52.06861114501953,0.6931717991828918,0.0,0.0,0.046974167227745056,122.76303100585938,53.38502883911133,0.9897187948226929,102.56990051269531,71.53352355957031,0.8351207971572876,123.69418334960938,72.40419006347656,0.996623158454895,0.0,0.0,0.21699507534503937,133.490234375,98.35066986083984,0.9911600947380066,0.0,0.0,0.17409226298332214,149.49591064453125,112.72051239013672,0.9496310949325562,101.5830307006836,128.65513610839844,0.879215657711029,116.72545623779297,129.79010009765625,0.9797574877738953,0.0,0.0,0.40832996368408203,124.17754364013672,173.56773376464844,0.8226388692855835,0.0,0.0,0.07871804386377335,0.0,0.0,0.2240660935640335
483,True,134.20774841308594,57.21533966064453,0.5006365776062012,0.0,0.0,0.046040620654821396,133.5230255126953,54.185218811035156,0.6735687255859375,0.0,0.0,0.07739622890949249,126.60025787353516,54.51409912109375,0.9848869442939758,102.00262451171875,73.89328002929688,0.9455516338348389,128.22474670410156,74.21552276611328,0.9958845973014832,94.53982543945312,105.06742858886719,0.5669602155685425,141.27223205566406,102.12149810791016,0.9853911399841309,0.0,0.0,0.4056130051612854,154.41612243652344,112.92536926269531,0.9386642575263977,104.59384155273438,131.6914825439453,0.9593833088874817,122.18572998046875,132.63790893554688,0.9872105121612549,109.55330657958984,178.1993408203125,0.7088043093681335,128.87086486816406,178.62118530273438,0.8909084796905518,0.0,0.0,0.1880454123020172,0.0,0.0,0.32635635137557983
484,True,0.0,0.0,0.22495287656784058,0.0,0.0,0.014466922730207443,0.0,0.0,0.3780888020992279,0.0,0.0,0.07404418289661407,131.1728515625,56.47690200805664,0.9773886203765869,104.82380676269531,75.65576171875,0.9346091747283936,132.56996154785156,75.01068878173828,0.9961127638816833,100.23236083984375,108.27012634277344,0.5503072142601013,146.29505920410156,103.99822235107422,0.9893562197685242,0.0,0.0,0.385831356048584,161.27105712890625,112.92623901367188,0.9469434022903442,107.39827728271484,132.01133728027344,0.9684798121452332,126.50015258789062,132.63046264648438,0.991258442401886,114.93956756591797,178.97811889648438,0.7575220465660095,135.93341064453125,178.24649047851562,0.9237877726554871,0.0,0.0,0.21903395652770996,0.0,0.0,0.39789626002311707
485,True,0.0,0.0,0.45058462023735046,0.0,0.0,0.03153096139431,138.38607788085938,57.81657791137695,0.5992444157600403,0.0,0.0,0.07974543422460556,132.7717742919922,56.19160461425781,0.9852918386459351,109.913330078125,76.08928680419922,0.9727540612220764,134.721923828125,73.45710754394531,0.9983118772506714,99.83704376220703,108.93955993652344,0.8026370406150818,148.86550903320312,99.79664611816406,0.9962167143821716,105.27985382080078,129.3831787109375,0.6860967874526978,165.19329833984375,113.29640197753906,0.9835119843482971,113.81924438476562,131.78970336914062,0.9855352640151978,129.95799255371094,131.67710876464844,0.9957171082496643,121.75933837890625,178.26429748535156,0.810468316078186,140.72348022460938,176.9484100341797,0.9398619532585144,0.0,0.0,0.21040311455726624,0.0,0.0,0.37486377358436584
486,True,0.0,0.0,0.338401198387146,0.0,0.0,0.026101648807525635,0.0,0.0,0.4720282256603241,0.0,0.0,0.09562008082866669,138.64756774902344,56.218841552734375,0.978135883808136,115.19892120361328,72.47633361816406,0.9642961621284485,138.80458068847656,72.50267028808594,0.9968734383583069,105.74961853027344,100.65951538085938,0.7866082191467285,151.6150360107422,97.78346252441406,0.9928735494613647,113.90213012695312,120.82266998291016,0.6541807651519775,166.99888610839844,112.33489227294922,0.9697657823562622,117.21914672851562,128.21954345703125,0.9818790555000305,132.1305389404297,129.24415588378906,0.9934762120246887,126.90467834472656,171.76837158203125,0.7975142598152161,140.09823608398438,172.115478515625,0.9205178022384644,0.0,0.0,0.2276163101196289,0.0,0.0,0.3646096885204315
487,True,148.327392578125,61.91453170776367,0.5337062478065491,0.0,0.0,0.05325489491224289,147.39450073242188,58.67909240722656,0.7026888132095337,0.0,0.0,0.10738857835531235,141.0535888671875,57.3519401550293,0.9898391962051392,117.44894409179688,74.77301025390625,0.9733356833457947,142.98484802246094,73.65638732910156,0.9974021911621094,108.16387939453125,104.7662582397461,0.7727649807929993,154.39675903320312,100.72740936279297,0.9913318157196045,123.19539642333984,115.90684509277344,0.6313024163246155,169.87771606445312,112.57866668701172,0.9633944630622864,120.61940002441406,128.90093994140625,0.9803526401519775,137.1966552734375,129.6540069580078,0.992440938949585,128.8228759765625,172.04554748535156,0.8204744458198547,143.2377166748047,171.2859649658203,0.9235493540763855,0.0,0.0,0.27288201451301575,0.0,0.0,0.40028077363967896
488,True,150.56663513183594,61.837852478027344,0.7128564715385437,0.0,0.0,0.08597903698682785,149.6953125,58.58790969848633,0.8191370964050293,0.0,0.0,0.11325057595968246,143.18231201171875,56.81917190551758,0.991506040096283,119.36860656738281,74.61123657226562,0.9833499193191528,146.05172729492188,73.4493179321289,0.9988325238227844,110.84093475341797,103.1192855834961,0.8218570947647095,159.82974243164062,100.0196533203125,0.9959778189659119,124.48431396484375,116.76779174804688,0.717639684677124,174.3520965576172,116.31619262695312,0.9830050468444824,121.89628601074219,127.01959991455078,0.9807277917861938,140.59295654296875,127.6057357788086,0.9938876032829285,127.34586334228516,170.72186279296875,0.7716187834739685,152.9967498779297,170.37144470214844,0.9199054837226868,0.0,0.0,0.17216528952121735,0.0,0.0,0.30491214990615845
489,True,0.0,0.0,0.3593160808086395,0.0,0.0,0.021661262959241867,153.56454467773438,59.42107391357422,0.5166900157928467,0.0,0.0,0.06351082772016525,147.4829864501953,58.61428451538086,0.9850471019744873,121.63324737548828,76.22080993652344,0.969638466835022,148.7891387939453,74.39251708984375,0.9977060556411743,111.9840087890625,103.40410614013672,0.7705158591270447,161.05477905273438,98.1030502319336,0.9937570095062256,124.4639892578125,115.88551330566406,0.6292822957038879,174.62757873535156,115.5561752319336,0.9728568196296692,124.43251037597656,128.84317016601562,0.9837983846664429,143.3070068359375,129.2198028564453,0.9946449995040894,129.81915283203125,170.9486083984375,0.8455367088317871,154.33949279785156,170.40737915039062,0.9459295272827148,0.0,0.0,0.2969316244125366,0.0,0.0,0.46015381813049316
490,True,156.88644409179688,62.29715347290039,0.568865180015564,0.0,0.0,0.05081148445606232,156.23092651367188,59.82017517089844,0.636915922164917,0.0,0.0,0.10589427500963211,149.46743774414062,58.992713928222656,0.9880325794219971,125.99390411376953,74.02357482910156,0.9926969408988953,152.05615234375,74.69108581542969,0.998324453830719,115.08831024169922,97.93656158447266,0.9585729241371155,165.03366088867188,99.04409790039062,0.9951940178871155,116.45069122314453,116.84385681152344,0.9069539904594421,174.56532287597656,116.87886047363281,0.9839091897010803,128.60166931152344,127.77393341064453,0.9939378499984741,146.245361328125,128.68641662597656,0.9962640404701233,130.162353515625,171.14053344726562,0.8940219283103943,154.7535858154297,171.60470581054688,0.9348817467689514,0.0,0.0,0.2691422402858734,0.0,0.0,0.32175973057746887
491,True,158.16156005859375,63.728599548339844,0.5513696670532227,0.0,0.0,0.0639624074101448,157.82717895507812,61.08696746826172,0.6088172793388367,0.0,0.0,0.17339028418064117,152.5229949951172,59.07243347167969,0.9852910041809082,129.1770782470703,73.63057708740234,0.991265594959259,155.16943359375,74.53069305419922,0.9978451728820801,117.5536880493164,97.0452880859375,0.9439703822135925,167.50503540039062,99.80326843261719,0.992547333240509,118.80075073242188,114.5074691772461,0.8700735569000244,175.8061065673828,118.52894592285156,0.9731868505477905,131.00765991210938,127.7589111328125,0.9901461005210876,148.4092254638672,128.69183349609375,0.9938514232635498,132.86160278320312,170.68240356445312,0.8378192782402039,155.10691833496094,171.27706909179688,0.8964357972145081,0.0,0.0,0.20357176661491394,0.0,0.0,0.24910548329353333
492,True,0.0,0.0,0.16293077170848846,0.0,0.0,0.021477719768881798,0.0,0.0,0.18712621927261353,0.0,0.0,0.24443860352039337,157.14622497558594,59.392784118652344,0.9612667560577393,130.86692810058594,74.36532592773438,0.9798771739006042,159.9060821533203,74.57758331298828,0.9921100735664368,120.95984649658203,102.11294555664062,0.863211452960968,170.605224609375,101.73802185058594,0.9635233879089355,130.94332885742188,113.37989044189453,0.644240140914917,173.30874633789062,114.0018310546875,0.8547123074531555,133.8360137939453,127.24885559082031,0.9860710501670837,153.5240478515625,127.96699523925781,0.989547848701477,137.34228515625,168.64471435546875,0.8823151588439941,155.96456909179688,168.9493865966797,0.9101789593696594,0.0,0.0,0.39691439270973206,0.0,0.0,0.4318980872631073
493,True,0.0,0.0,0.09487996250391006,0.0,0.0,0.015849005430936813,0.0,0.0,0.08956742286682129,0.0,0.0,0.28479108214378357,159.84432983398438,59.944244384765625,0.9302065968513489,133.60537719726562,73.98413848876953,0.9819710850715637,162.6018524169922,75.11624908447266,0.9841886758804321,124.34809112548828,101.35606384277344,0.9045965671539307,171.6893310546875,103.112060546875,0.9275023937225342,136.79150390625,112.84152221679688,0.6974911689758301,174.35675048828125,113.38778686523438,0.7635124325752258,137.13449096679688,126.85896301269531,0.9877964854240417,157.02325439453125,128.1335906982422,0.9860926270484924,141.58990478515625,167.2404022216797,0.9026482701301575,160.3821258544922,168.09742736816406,0.8917445540428162,0.0,0.0,0.4456712603569031,0.0,0.0,0.4118352234363556
494,True,0.0,0.0,0.1864439994096756,0.0,0.0,0.029019005596637726,0.0,0.0,0.16963055729866028,0.0,0.0,0.2923886775970459,160.48910522460938,60.85865020751953,0.9417152404785156,134.99600219726562,76.510986328125,0.9815520644187927,163.59188842773438,76.79585266113281,0.9899959564208984,125.2767105102539,103.0806655883789,0.8887344598770142,173.9528045654297,101.98237609863281,0.944391131401062,132.7578582763672,112.59011840820312,0.690035343170166,176.4114990234375,112.98046112060547,0.8008728623390198,139.6263427734375,126.03626251220703,0.9806806445121765,158.95382690429688,126.99330139160156,0.981511652469635,143.4403533935547,161.7880401611328,0.886141300201416,162.5043182373047,161.86517333984375,0.8873269557952881,0.0,0.0,0.4447177052497864,0.0,0.0,0.43641868233680725
495,True,0.0,0.0,0.09108658134937286,0.0,0.0,0.01785220019519329,0.0,0.0,0.07656592130661011,0.0,0.0,0.324703574180603,163.948486328125,60.66979217529297,0.8861294984817505,136.81759643554688,75.97615051269531,0.9720439314842224,167.78753662109375,77.08113098144531,0.9796961545944214,129.0345458984375,104.05821990966797,0.8407827615737915,177.96328735351562,104.9400863647461,0.903775155544281,137.26271057128906,114.2842788696289,0.5693085789680481,174.76324462890625,116.52726745605469,0.6967037916183472,140.35968017578125,127.73583221435547,0.9795047640800476,161.4537353515625,128.4132843017578,0.9803892970085144,144.88372802734375,167.152587890625,0.8635446429252625,163.92225646972656,167.51324462890625,0.873070478439331,0.0,0.0,0.39772936701774597,0.0,0.0,0.4033813774585724
496,True,0.0,0.0,0.05865912139415741,0.0,0.0,0.013948244042694569,0.0,0.0,0.04338150843977928,0.0,0.0,0.35178154706954956,166.84423828125,59.70378112792969,0.8096477389335632,140.16526794433594,75.85045623779297,0.9486255049705505,171.3042755126953,76.46810913085938,0.968366801738739,131.35671997070312,102.34352111816406,0.7773876786231995,180.40798950195312,103.04806518554688,0.8786594867706299,134.81942749023438,116.79431915283203,0.5057976841926575,177.81642150878906,118.18255615234375,0.6562894582748413,142.3776397705078,126.72691345214844,0.9599671959877014,163.67234802246094,127.01423645019531,0.9649408459663391,144.32701110839844,166.17379760742188,0.7935728430747986,166.14540100097656,166.53726196289062,0.8205527067184448,0.0,0.0,0.31934818625450134,0.0,0.0,0.34202712774276733
