frame,person_detected,nose_x,nose_y,nose_conf,left_eye_x,left_eye_y,left_eye_conf,right_eye_x,right_eye_y,right_eye_conf,left_ear_x,left_ear_y,left_ear_conf,right_ear_x,right_ear_y,right_ear_conf,left_shoulder_x,left_shoulder_y,left_shoulder_conf,right_shoulder_x,right_shoulder_y,right_shoulder_conf,left_elbow_x,left_elbow_y,left_elbow_conf,right_elbow_x,right_elbow_y,right_elbow_conf,left_wrist_x,left_wrist_y,left_wrist_conf,right_wrist_x,right_wrist_y,right_wrist_conf,left_hip_x,left_hip_y,left_hip_conf,right_hip_x,right_hip_y,right_hip_conf,left_knee_x,left_knee_y,left_knee_conf,right_knee_x,right_knee_y,right_knee_conf,left_ankle_x,left_ankle_y,left_ankle_conf,right_ankle_x,right_ankle_y,right_ankle_conf
0,True,89.41313171386719,78.30667114257812,0.9783104658126831,92.05399322509766,73.81416320800781,0.5710626840591431,86.50826263427734,71.84703063964844,0.9840703010559082,0.0,0.0,0.041040629148483276,71.34088134765625,65.4465103149414,0.9785415530204773,92.22525024414062,99.30150604248047,0.9893054962158203,40.32268524169922,92.12409973144531,0.9981417655944824,108.19024658203125,133.63470458984375,0.9614273905754089,21.068225860595703,133.1923828125,0.997256338596344,132.54751586914062,128.88787841796875,0.9611378312110901,47.882362365722656,159.22476196289062,0.994544267654419,80.91581726074219,180.2088623046875,0.9756298661231995,47.676273345947266,179.4962158203125,0.9867423176765442,0.0,0.0,0.23280803859233856,0.0,0.0,0.3657040297985077,0.0,0.0,0.005208376795053482,0.0,0.0,0.0071491217240691185
1,True,89.68402099609375,77.51395416259766,0.9768087863922119,0.0,0.0,0.47071683406829834,86.45391845703125,70.94132232666016,0.9881061315536499,0.0,0.0,0.02315237559378147,71.15184783935547,64.68744659423828,0.989349901676178,92.3856201171875,99.61161804199219,0.9871942400932312,40.18876266479492,92.2474365234375,0.9990745782852173,107.51338958740234,134.37518310546875,0.9539759159088135,20.10519790649414,134.38302612304688,0.9990571141242981,131.6863555908203,130.190185546875,0.9621012806892395,49.23847579956055,159.70803833007812,0.9979413151741028,80.2391357421875,182.124755859375,0.9765298366546631,46.69267272949219,181.23968505859375,0.9914622902870178,0.0,0.0,0.17556892335414886,0.0,0.0,0.3895050287246704,0.0,0.0,0.003069942118600011,0.0,0.0,0.005686372984200716
2,True,88.96524810791016,76.3089370727539,0.9813118577003479,91.72600555419922,71.91193389892578,0.603981614112854,86.13609313964844,69.9896240234375,0.9860014915466309,0.0,0.0,0.04767302796244621,70.77360534667969,64.68132019042969,0.9811291098594666,93.63463592529297,97.32923889160156,0.991226851940155,39.777565002441406,93.25018310546875,0.9986236095428467,113.16905212402344,126.21923828125,0.967176616191864,20.500350952148438,132.72100830078125,0.9979070425033569,135.484619140625,132.29769897460938,0.9656057357788086,47.10310745239258,158.96571350097656,0.9955717325210571,81.31502532958984,178.6705322265625,0.9809988141059875,46.9016227722168,178.50650024414062,0.9899917244911194,0.0,0.0,0.2533169686794281,0.0,0.0,0.40054914355278015,0.0,0.0,0.005535293370485306,0.0,0.0,0.007851939648389816
3,True,89.04960632324219,76.1604232788086,0.9812836050987244,91.7850112915039,71.78201293945312,0.6024187803268433,86.23408508300781,69.85832977294922,0.986042320728302,0.0,0.0,0.047343991696834564,70.8553466796875,64.60164642333984,0.9813787937164307,93.66322326660156,97.30044555664062,0.9912917017936707,39.7736930847168,93.18270111083984,0.9986314177513123,113.23176574707031,126.24266815185547,0.967217206954956,20.46414566040039,132.66026306152344,0.9979062080383301,135.49798583984375,132.26715087890625,0.9654770493507385,47.09731674194336,158.95724487304688,0.9955517649650574,81.32479858398438,178.63082885742188,0.9811372756958008,46.91582107543945,178.45352172851562,0.9900541305541992,0.0,0.0,0.25528690218925476,0.0,0.0,0.40267640352249146,0.0,0.0,0.005581055302172899,0.0,0.0,0.007903967052698135
4,True,86.03805541992188,78.0596923828125,0.9674399495124817,89.8746109008789,72.73680114746094,0.5611263513565063,82.27461242675781,71.0714111328125,0.9723256230354309,0.0,0.0,0.06372978538274765,68.38316345214844,64.62608337402344,0.9640514850616455,94.51441955566406,97.06568908691406,0.9890517592430115,40.083473205566406,94.54207611083984,0.9986342787742615,111.63131713867188,124.19649505615234,0.9611192941665649,18.699398040771484,133.82252502441406,0.998056948184967,135.2663116455078,132.4884033203125,0.9576704502105713,46.59900665283203,158.5436553955078,0.995410144329071,78.87784576416016,184.06565856933594,0.9850465059280396,44.246177673339844,184.31512451171875,0.9926890730857849,0.0,0.0,0.22313189506530762,0.0,0.0,0.4029677212238312,0.0,0.0,0.004624664317816496,0.0,0.0,0.007689815480262041
5,True,86.3710708618164,77.68245697021484,0.9800833463668823,89.7410659790039,73.14974975585938,0.6618697047233582,83.61034393310547,71.15870666503906,0.9812699556350708,0.0,0.0,0.07626667618751526,69.6118392944336,65.06491088867188,0.9680952429771423,95.04112243652344,97.0051498413086,0.9915269017219543,40.43863296508789,94.13044738769531,0.9982463121414185,114.31770324707031,123.35249328613281,0.9693966507911682,21.689247131347656,132.54110717773438,0.997156023979187,138.53536987304688,136.63072204589844,0.9659534096717834,45.59157943725586,158.4973602294922,0.9941200613975525,81.14846801757812,179.63877868652344,0.9835309386253357,46.1045036315918,179.23280334472656,0.9902446269989014,0.0,0.0,0.2930507957935333,0.0,0.0,0.4228828549385071,0.0,0.0,0.007094822824001312,0.0,0.0,0.00958497729152441
6,True,84.5948257446289,77.9599838256836,0.9805636405944824,88.49748229980469,73.41824340820312,0.7201469540596008,81.50306701660156,71.54351043701172,0.9795963764190674,0.0,0.0,0.10283122956752777,68.34738159179688,65.34194946289062,0.9578133821487427,96.2444839477539,96.46728515625,0.9913457632064819,40.94501495361328,93.75662231445312,0.9975488781929016,115.91119384765625,122.97628021240234,0.9693847894668579,23.050567626953125,131.54840087890625,0.9957531690597534,140.32113647460938,139.1619873046875,0.9651184678077698,44.68475341796875,158.3062286376953,0.9917826652526855,80.64916229248047,179.0283660888672,0.983262300491333,45.088157653808594,178.47869873046875,0.9886541366577148,0.0,0.0,0.3173844814300537,0.0,0.0,0.42054229974746704,0.0,0.0,0.008435789495706558,0.0,0.0,0.010537256486713886
7,True,83.17994689941406,75.4654312133789,0.9893513321876526,87.82637786865234,71.00802612304688,0.86039137840271,79.76165008544922,68.72370147705078,0.9871976971626282,0.0,0.0,0.2036813497543335,67.7702407836914,63.97993469238281,0.9613170027732849,97.20130920410156,97.33414459228516,0.9936715364456177,41.4780387878418,93.86006927490234,0.9980775117874146,118.021240234375,123.52584838867188,0.9692715406417847,23.755859375,131.37249755859375,0.9952042102813721,141.54183959960938,140.7852783203125,0.9618352651596069,45.29197311401367,159.0076904296875,0.9899380207061768,80.74775695800781,178.50650024414062,0.9815837740898132,44.98593521118164,177.50473022460938,0.987280011177063,0.0,0.0,0.2839590013027191,0.0,0.0,0.3813369572162628,0.0,0.0,0.007344522979110479,0.0,0.0,0.009340690448880196
8,True,85.89407348632812,71.69226837158203,0.9909691214561462,90.01475524902344,67.37333679199219,0.8525022864341736,81.86331939697266,65.25243377685547,0.9909499287605286,0.0,0.0,0.14091786742210388,68.12223815917969,62.84074401855469,0.9784526228904724,97.4101333618164,96.60438537597656,0.9945949912071228,41.166473388671875,93.87665557861328,0.9981074333190918,117.99604797363281,123.34347534179688,0.9708001017570496,25.140396118164062,132.3737030029297,0.9946572184562683,141.0052490234375,141.19337463378906,0.9588034749031067,46.24787521362305,160.2018280029297,0.9882367253303528,80.56346893310547,178.17347717285156,0.983890950679779,44.27784729003906,177.5684814453125,0.987820029258728,0.0,0.0,0.3144491910934448,0.0,0.0,0.3897534906864166,0.0,0.0,0.008393822237849236,0.0,0.0,0.009603554382920265
9,True,85.88230895996094,71.62451171875,0.9912096261978149,90.01815032958984,67.33142852783203,0.8569676876068115,81.86105346679688,65.1981201171875,0.9911580681800842,0.0,0.0,0.1440437287092209,68.16973876953125,62.82188415527344,0.9785720109939575,97.39537048339844,96.58248901367188,0.9946625828742981,41.22489547729492,93.83657836914062,0.9981147050857544,117.98983001708984,123.27122497558594,0.9710212349891663,25.140804290771484,132.29405212402344,0.9946265816688538,141.0006561279297,141.17514038085938,0.9589908123016357,46.23741912841797,160.129638671875,0.9881696701049805,80.51161193847656,178.17857360839844,0.9840883016586304,44.244544982910156,177.57081604003906,0.9879167079925537,0.0,0.0,0.3182288110256195,0.0,0.0,0.3928900957107544,0.0,0.0,0.008548443205654621,0.0,0.0,0.009754814207553864
10,True,86.32655334472656,71.28086853027344,0.9915540814399719,90.31864166259766,66.99461364746094,0.855817973613739,82.38475036621094,64.85240173339844,0.9919750094413757,0.0,0.0,0.13636673986911774,68.59207916259766,62.58197784423828,0.9810760021209717,97.34068298339844,97.15323638916016,0.9945084452629089,41.63866424560547,93.68463897705078,0.9982031583786011,117.91322326660156,124.8798599243164,0.9696050882339478,25.68421173095703,132.03968811035156,0.9950075149536133,140.8455047607422,141.0986328125,0.9577426314353943,45.81167984008789,159.69332885742188,0.9888758063316345,81.05167388916016,178.327880859375,0.9825078845024109,44.958160400390625,177.47500610351562,0.9872683882713318,0.0,0.0,0.29272153973579407,0.0,0.0,0.3741557002067566,0.0,0.0,0.007590246386826038,0.0,0.0,0.008889615535736084
11,True,84.80743408203125,71.85629272460938,0.9920420050621033,89.34074401855469,67.48192596435547,0.8857885599136353,80.97882843017578,65.07804870605469,0.9912047982215881,0.0,0.0,0.1904027760028839,68.16151428222656,62.127105712890625,0.9734428524971008,96.72920227050781,97.58949279785156,0.9944338202476501,41.693058013916016,93.35306549072266,0.9979953765869141,116.56932067871094,125.25289916992188,0.9697942733764648,24.725505828857422,131.42453002929688,0.9941539168357849,139.57275390625,139.8330535888672,0.9590650200843811,44.97806930541992,158.7667236328125,0.9875544905662537,80.75505065917969,179.1474609375,0.9812917709350586,45.002777099609375,178.08090209960938,0.9858760237693787,0.0,0.0,0.28337860107421875,0.0,0.0,0.35629430413246155,0.0,0.0,0.007359159179031849,0.0,0.0,0.008584405295550823
12,True,85.59711456298828,71.60931396484375,0.9907566905021667,89.73959350585938,67.31474304199219,0.8580453395843506,81.70736694335938,65.05538177490234,0.9905158281326294,0.0,0.0,0.16273152828216553,68.67510986328125,62.94783020019531,0.9769214987754822,97.17298126220703,99.0685043334961,0.9945665597915649,41.49980926513672,93.78289794921875,0.9981905817985535,115.47145080566406,127.42788696289062,0.969404399394989,24.46056365966797,130.9232177734375,0.9947629570960999,136.2281036376953,136.06809997558594,0.9573672413825989,44.32963943481445,157.91357421875,0.9881516098976135,80.93265533447266,178.5286102294922,0.981682538986206,44.81391525268555,177.04904174804688,0.9867580533027649,0.0,0.0,0.29364532232284546,0.0,0.0,0.37461787462234497,0.0,0.0,0.007750352844595909,0.0,0.0,0.009150964207947254
13,True,83.29014587402344,73.45094299316406,0.988454282283783,87.99598693847656,69.02104187011719,0.824116051197052,79.39129638671875,66.75934600830078,0.9903822541236877,0.0,0.0,0.15254046022891998,67.60528564453125,63.460845947265625,0.9811579585075378,96.52064514160156,99.99266815185547,0.9934738278388977,41.2701416015625,93.89340209960938,0.9989311099052429,113.11134338378906,130.0169677734375,0.9609833359718323,22.556888580322266,131.5756378173828,0.9975205063819885,130.76768493652344,133.0556182861328,0.9525706768035889,42.82548522949219,157.36669921875,0.9933907985687256,78.78945922851562,181.8193817138672,0.9833990335464478,43.323631286621094,180.0260772705078,0.9914332628250122,0.0,0.0,0.2240503877401352,0.0,0.0,0.3823986351490021,0.0,0.0,0.004602287895977497,0.0,0.0,0.00719682639464736
14,True,85.05252075195312,73.63976287841797,0.9903727769851685,89.29666137695312,69.03683471679688,0.8126176595687866,81.07408905029297,66.81234741210938,0.993221640586853,0.0,0.0,0.11189532279968262,67.84856414794922,63.206390380859375,0.9876129031181335,95.48391723632812,101.07527923583984,0.99366694688797,40.39699172973633,93.15670776367188,0.9991698265075684,112.69099426269531,134.55419921875,0.9617540240287781,20.37201690673828,130.96542358398438,0.9982267022132874,128.418701171875,133.31790161132812,0.9582095146179199,40.31541442871094,155.30484008789062,0.9954826831817627,77.40361022949219,182.5836181640625,0.9833594560623169,42.06568908691406,180.3140869140625,0.9922009706497192,0.0,0.0,0.21469813585281372,0.0,0.0,0.39069682359695435,0.0,0.0,0.004124036990106106,0.0,0.0,0.006744615733623505
15,True,85.0444564819336,73.6405029296875,0.9906975626945496,89.31645202636719,69.06434631347656,0.8191376328468323,81.0845718383789,66.79906463623047,0.9934287667274475,0.0,0.0,0.1154727041721344,67.90071868896484,63.21653747558594,0.9877174496650696,95.41889190673828,101.1583251953125,0.993695080280304,40.4239387512207,93.17300415039062,0.9991803765296936,112.73124694824219,134.53262329101562,0.9615304470062256,20.365337371826172,130.90576171875,0.9982287287712097,128.39527893066406,133.31414794921875,0.9580044746398926,40.31672668457031,155.2905731201172,0.9954739212989807,77.31634521484375,182.5646514892578,0.9829437136650085,42.0213737487793,180.27423095703125,0.9920377731323242,0.0,0.0,0.20837895572185516,0.0,0.0,0.382778137922287,0.0,0.0,0.003979496657848358,0.0,0.0,0.006534452550113201
16,True,86.36344909667969,73.82760620117188,0.9743461608886719,90.46955871582031,68.81759643554688,0.6356990933418274,82.37687683105469,66.49092102050781,0.9801012277603149,0.0,0.0,0.08203171193599701,68.63895416259766,62.036949157714844,0.9743297696113586,94.73355102539062,100.43832397460938,0.9907656908035278,39.23098373413086,92.28883361816406,0.9988400340080261,109.20402526855469,135.46287536621094,0.957880437374115,18.01175308227539,132.7552490234375,0.9979375600814819,121.30825805664062,129.16232299804688,0.9556026458740234,45.17411804199219,156.13467407226562,0.9950254559516907,76.59154510498047,183.57200622558594,0.9834471940994263,41.369728088378906,181.53399658203125,0.9920584559440613,0.0,0.0,0.2160544991493225,0.0,0.0,0.3947686553001404,0.0,0.0,0.004163267556577921,0.0,0.0,0.006938415113836527
17,True,86.42853546142578,70.51451873779297,0.9795581698417664,90.48003387451172,66.62083435058594,0.737386167049408,82.99504852294922,63.554290771484375,0.9783219695091248,0.0,0.0,0.11478392034769058,68.44038391113281,60.470680236816406,0.9590340852737427,92.92391967773438,98.8294448852539,0.9929240942001343,37.808685302734375,92.09102630615234,0.9965944886207581,106.31648254394531,131.73831176757812,0.9673152565956116,17.020782470703125,131.0545654296875,0.9894881248474121,110.99578857421875,131.14439392089844,0.9522035121917725,37.423439025878906,152.53427124023438,0.978421151638031,77.18142700195312,181.175048828125,0.9826648831367493,42.26158905029297,179.87045288085938,0.9842467308044434,0.0,0.0,0.2806410789489746,0.0,0.0,0.30317240953445435,0.0,0.0,0.007035846821963787,0.0,0.0,0.006954153534024954
18,True,83.79222869873047,72.9151840209961,0.9832740426063538,88.25946044921875,68.84628295898438,0.7566431164741516,80.86079406738281,65.67587280273438,0.986214816570282,0.0,0.0,0.11599700152873993,67.42145538330078,60.58012008666992,0.9768936038017273,90.28628540039062,98.71465301513672,0.9936398863792419,35.92272186279297,91.24845886230469,0.9984539747238159,101.8077392578125,134.99288940429688,0.9647331833839417,15.978511810302734,133.0372314453125,0.9956232905387878,107.2437515258789,138.47508239746094,0.9536692500114441,45.94817352294922,154.9081268310547,0.9898724555969238,75.66206359863281,180.7482452392578,0.9882837533950806,41.373512268066406,179.6446990966797,0.9922244548797607,0.0,0.0,0.37096965312957764,0.0,0.0,0.4891371428966522,0.0,0.0,0.010356631129980087,0.0,0.0,0.013199088163673878
19,True,84.17011260986328,72.37196350097656,0.9601696729660034,0.0,0.0,0.47477877140045166,81.60467529296875,65.2872085571289,0.9711704254150391,0.0,0.0,0.04112926125526428,66.99362182617188,59.9173469543457,0.9731003642082214,87.37628173828125,97.6235580444336,0.9896984696388245,34.36199951171875,90.39378356933594,0.99757319688797,92.10054779052734,133.46951293945312,0.9636015295982361,14.504127502441406,131.25048828125,0.9957869648933411,95.66142272949219,138.04344177246094,0.9573048949241638,45.49422073364258,152.443115234375,0.9916929602622986,74.91133117675781,180.46768188476562,0.9883208274841309,40.83521270751953,179.44375610351562,0.9921959638595581,0.0,0.0,0.37546804547309875,0.0,0.0,0.48443615436553955,0.0,0.0,0.01019055861979723,0.0,0.0,0.012413605116307735
20,True,83.76616668701172,71.10960388183594,0.9875876307487488,87.05416107177734,66.05595397949219,0.7148640155792236,79.46036529541016,64.08289337158203,0.9920423626899719,0.0,0.0,0.0533934012055397,62.88956069946289,60.3670654296875,0.9883821606636047,85.06632995605469,97.67876434326172,0.9896949529647827,32.02183532714844,91.32746124267578,0.9986491799354553,87.160400390625,135.23004150390625,0.9453411102294922,10.486640930175781,131.93923950195312,0.9969436526298523,91.83660125732422,139.81472778320312,0.947605311870575,45.71318817138672,152.12464904785156,0.9943590760231018,74.27277374267578,180.78079223632812,0.9752786755561829,39.94330978393555,180.69236755371094,0.9877234697341919,0.0,0.0,0.2659824788570404,0.0,0.0,0.42522984743118286,0.0,0.0,0.007386159151792526,0.0,0.0,0.010719798505306244
21,True,83.78082275390625,71.10902404785156,0.9871384501457214,87.04829406738281,66.0726089477539,0.7039262652397156,79.49140930175781,64.07106018066406,0.9918782711029053,0.0,0.0,0.05138500779867172,62.93024444580078,60.377784729003906,0.9885039925575256,85.10701751708984,97.73922729492188,0.9893172383308411,31.917545318603516,91.3023452758789,0.9986666440963745,87.1941909790039,135.3853759765625,0.9435862302780151,10.701519012451172,132.09024047851562,0.9970560073852539,91.92961120605469,139.8782196044922,0.9462945461273193,46.58771514892578,152.6558380126953,0.9945067763328552,74.55194091796875,180.8843231201172,0.9744614958763123,40.07926559448242,180.7940216064453,0.9876206517219543,0.0,0.0,0.25317275524139404,0.0,0.0,0.41554170846939087,0.0,0.0,0.006873236503452063,0.0,0.0,0.010165141895413399
22,True,83.02708435058594,69.79827117919922,0.9850102066993713,85.80717468261719,64.7137680053711,0.6228857636451721,78.69092559814453,62.89302062988281,0.9906231760978699,0.0,0.0,0.0339634045958519,60.77073287963867,59.35798645019531,0.9891042709350586,81.84654235839844,96.36717224121094,0.9907321333885193,29.286705017089844,91.1034164428711,0.9985350370407104,86.1348648071289,133.26449584960938,0.9591834545135498,9.084423065185547,133.15472412109375,0.9971712231636047,94.509765625,138.70787048339844,0.9601535201072693,47.78081512451172,153.88572692871094,0.99504554271698,71.33406066894531,182.33984375,0.9785577654838562,37.44712829589844,182.7479248046875,0.9880743622779846,0.0,0.0,0.2579537630081177,0.0,0.0,0.386824369430542,0.0,0.0,0.006083919666707516,0.0,0.0,0.007982947863638401
23,True,77.4381103515625,71.32392883300781,0.9756128191947937,80.75732421875,66.42955017089844,0.6050831079483032,73.98359680175781,64.03533935546875,0.9811633229255676,0.0,0.0,0.044330716133117676,56.86931228637695,58.04203796386719,0.9733846783638,78.46928405761719,95.7038345336914,0.9888267517089844,25.807601928710938,89.65489196777344,0.9958143830299377,86.48663330078125,130.8847198486328,0.9611543416976929,6.5975189208984375,132.3448944091797,0.9919758439064026,97.83973693847656,136.85862731933594,0.9600094556808472,48.38767623901367,154.62713623046875,0.9884839653968811,68.92111206054688,183.30389404296875,0.9803807139396667,35.03633499145508,183.25448608398438,0.9838011860847473,0.0,0.0,0.31667980551719666,0.0,0.0,0.36903414130210876,0.0,0.0,0.008879845030605793,0.0,0.0,0.009272278286516666
24,True,76.28885650634766,69.26378631591797,0.9814143776893616,79.39262390136719,64.42291259765625,0.6583158373832703,72.28846740722656,62.10560607910156,0.9887903928756714,0.0,0.0,0.0404655784368515,55.23183822631836,57.45457458496094,0.9854382276535034,76.69226837158203,95.43257141113281,0.9875563979148865,24.04491424560547,88.90370178222656,0.9965687990188599,85.70477294921875,130.25067138671875,0.9483028054237366,3.4672393798828125,131.73388671875,0.9932392835617065,101.47532653808594,134.1269989013672,0.948725163936615,47.873104095458984,153.71139526367188,0.9895977973937988,65.81175231933594,184.72467041015625,0.971566915512085,31.84136199951172,184.59988403320312,0.9795790910720825,0.0,0.0,0.1889662742614746,0.0,0.0,0.26146841049194336,0.0,0.0,0.00432515237480402,0.0,0.0,0.005074282176792622
25,True,74.65945434570312,68.61322021484375,0.9766300916671753,77.59752655029297,63.613494873046875,0.6275671124458313,70.59037780761719,61.35905456542969,0.984994113445282,0.0,0.0,0.03441483527421951,52.27766418457031,56.78265380859375,0.9795747399330139,75.09950256347656,95.19146728515625,0.985149621963501,21.227928161621094,88.55242919921875,0.992811381816864,91.10075378417969,129.9387969970703,0.9507097005844116,2.243438720703125,130.66786193847656,0.9867760539054871,110.57312774658203,137.03768920898438,0.9491276144981384,44.31172180175781,152.62249755859375,0.9829806089401245,64.97004699707031,186.18301391601562,0.9705605506896973,29.986732482910156,186.0450897216797,0.9722885489463806,0.0,0.0,0.2008439302444458,0.0,0.0,0.22744257748126984,0.0,0.0,0.004956315271556377,0.0,0.0,0.004838209133595228
26,True,74.12332916259766,64.7145004272461,0.9721855521202087,76.61495971679688,59.990142822265625,0.6007298827171326,70.26875305175781,57.450103759765625,0.982012152671814,0.0,0.0,0.030526641756296158,51.02277755737305,54.1282958984375,0.9779840111732483,74.22081756591797,94.73577880859375,0.9842319488525391,17.859176635742188,87.69451141357422,0.9870649576187134,94.30313873291016,128.4715576171875,0.9465978145599365,0.592559814453125,129.84596252441406,0.9719203114509583,117.51947021484375,136.93556213378906,0.9341045022010803,40.68260192871094,152.39691162109375,0.9638257026672363,62.048641204833984,187.57473754882812,0.9623998403549194,25.387371063232422,186.880126953125,0.9547459483146667,0.0,0.0,0.1701134592294693,0.0,0.0,0.15557268261909485,0.0,0.0,0.004407939035445452,0.0,0.0,0.0035455324687063694
27,True,74.17684936523438,64.74366760253906,0.972745418548584,76.6766128540039,59.971275329589844,0.6038829684257507,70.3027572631836,57.44895935058594,0.9824183583259583,0.0,0.0,0.030572015792131424,50.95500946044922,54.049903869628906,0.978331446647644,74.20881652832031,94.68229675292969,0.9843869805335999,17.85808563232422,87.7419204711914,0.9872969388961792,94.19630432128906,128.37649536132812,0.9465624690055847,0.7619056701660156,130.0043487548828,0.9721956849098206,117.43523406982422,136.9596710205078,0.9343648552894592,41.04615783691406,152.55718994140625,0.9641749858856201,61.89188766479492,187.42654418945312,0.9620823860168457,25.260574340820312,186.73382568359375,0.9545249938964844,0.0,0.0,0.17023220658302307,0.0,0.0,0.15597333014011383,0.0,0.0,0.004454486537724733,0.0,0.0,0.0035859819035977125
28,True,71.02384185791016,64.04765319824219,0.9732524752616882,73.55144500732422,59.375091552734375,0.6772083044052124,67.95397186279297,56.7353515625,0.9759413003921509,0.0,0.0,0.049777235835790634,48.723323822021484,52.95660400390625,0.9561090469360352,73.28136444091797,93.74935913085938,0.9877809286117554,16.164840698242188,87.23985290527344,0.9728968143463135,99.8602294921875,126.50130462646484,0.9584375619888306,0.10205841064453125,130.1222381591797,0.9241171479225159,127.65968322753906,140.3933868408203,0.939153790473938,36.45426940917969,154.50445556640625,0.915554940700531,59.466304779052734,183.06912231445312,0.9655244946479797,22.955974578857422,181.85214233398438,0.9362338185310364,0.0,0.0,0.2961110770702362,0.0,0.0,0.1920732706785202,0.0,0.0,0.010938968509435654,0.0,0.0,0.006503576412796974
29,True,70.38719940185547,57.812255859375,0.9663631319999695,72.38528442382812,53.67131042480469,0.6047255992889404,65.57434844970703,51.67497253417969,0.9733856320381165,0.0,0.0,0.03035428375005722,45.6613655090332,52.6949462890625,0.9684997200965881,73.65480041503906,92.13133239746094,0.9873731732368469,14.411376953125,88.1573715209961,0.9602972865104675,99.75628662109375,123.72860717773438,0.9544135332107544,0.0,130.3134002685547,0.880608856678009,131.46554565429688,142.20089721679688,0.9162822365760803,33.02240753173828,155.76904296875,0.8598756194114685,59.980003356933594,182.75633239746094,0.9633359313011169,22.336288452148438,182.9206085205078,0.9202836155891418,0.0,0.0,0.27839112281799316,0.0,0.0,0.1530095487833023,0.0,0.0,0.010146484710276127,0.0,0.0,0.0051231603138148785
30,True,66.56967163085938,56.18638610839844,0.9853935241699219,70.71472930908203,51.74131774902344,0.8688058257102966,60.60151290893555,49.045745849609375,0.9834327101707458,0.0,0.0,0.10291779786348343,42.07594299316406,50.711151123046875,0.9526930451393127,74.87857055664062,91.95501708984375,0.9895439147949219,12.891952514648438,87.9465560913086,0.9458073973655701,101.14854431152344,123.70698547363281,0.9590016603469849,0.0,131.41610717773438,0.7831109166145325,131.00640869140625,143.2701873779297,0.9151230454444885,23.230915069580078,155.81005859375,0.7560184597969055,58.2952880859375,189.75863647460938,0.9447616934776306,17.49942398071289,189.55715942382812,0.8562532067298889,0.0,0.0,0.15898168087005615,0.0,0.0,0.06527643650770187,0.0,0.0,0.005058594048023224,0.0,0.0,0.002236217027530074
31,True,63.63218307495117,55.26707458496094,0.9904636144638062,68.55933380126953,50.49348449707031,0.9178503751754761,57.3096923828125,47.87322235107422,0.9891853332519531,0.0,0.0,0.13270141184329987,39.52583312988281,49.65965270996094,0.9581270217895508,74.07014465332031,90.82889556884766,0.9899040460586548,12.29922866821289,87.77409362792969,0.9462763071060181,100.77889251708984,122.27143096923828,0.9577680826187134,0.0,131.73599243164062,0.7787258625030518,132.42263793945312,144.71241760253906,0.9153260588645935,18.078948974609375,157.623291015625,0.7577118873596191,58.499847412109375,188.01095581054688,0.9337519407272339,17.250762939453125,188.42494201660156,0.8316559195518494,0.0,0.0,0.1402636021375656,0.0,0.0,0.058338604867458344,0.0,0.0,0.004602622240781784,0.0,0.0,0.0020882473327219486
32,True,62.267181396484375,54.96117401123047,0.9908587336540222,67.68675994873047,50.07886505126953,0.9354839324951172,55.907691955566406,47.196876525878906,0.9886515736579895,0.0,0.0,0.15399493277072906,38.0286865234375,48.20701599121094,0.9447128772735596,72.94258117675781,89.63864135742188,0.9889467358589172,11.47128677368164,86.79910278320312,0.9084099531173706,99.64736938476562,121.8430404663086,0.9583063125610352,0.0,132.27005004882812,0.6478201150894165,132.3487548828125,145.73934936523438,0.9131335020065308,15.704643249511719,158.02903747558594,0.650850772857666,58.63667297363281,188.33709716796875,0.9304177165031433,16.935741424560547,188.97007751464844,0.787833034992218,0.0,0.0,0.16693446040153503,0.0,0.0,0.05671137198805809,0.0,0.0,0.006495214067399502,0.0,0.0,0.0025162033271044493
33,True,61.3835334777832,55.45270538330078,0.9922041893005371,67.16194152832031,50.41328430175781,0.9511963129043579,54.96728515625,47.55567932128906,0.9893684983253479,0.0,0.0,0.20462742447853088,37.79062271118164,48.254730224609375,0.9373552799224854,73.38025665283203,89.84947967529297,0.9896600246429443,11.90903091430664,86.91905975341797,0.9120014905929565,99.83699035644531,122.0581283569336,0.9577413201332092,0.0,132.16476440429688,0.6340060830116272,132.5186309814453,145.78604125976562,0.9124923348426819,15.686511993408203,158.14678955078125,0.6360242366790771,58.310306549072266,188.3995361328125,0.9266970157623291,16.803451538085938,188.94358825683594,0.7781853079795837,0.0,0.0,0.158929705619812,0.0,0.0,0.0538511760532856,0.0,0.0,0.00609329529106617,0.0,0.0,0.0023903194814920425
34,True,61.424896240234375,55.55260467529297,0.9883357286453247,66.44763946533203,50.15752410888672,0.9223722815513611,54.96690368652344,47.64726257324219,0.9831259846687317,0.0,0.0,0.14851874113082886,36.757179260253906,47.97350311279297,0.9139829874038696,72.17359161376953,87.88001251220703,0.9874498844146729,10.743698120117188,86.63316345214844,0.8863828182220459,99.25227355957031,120.42091369628906,0.961292028427124,0.0,132.8467254638672,0.6157336235046387,132.24954223632812,146.13156127929688,0.9169901013374329,11.718524932861328,158.86334228515625,0.6265475153923035,59.48139190673828,194.42327880859375,0.9319014549255371,17.573463439941406,195.7125701904297,0.7799366116523743,0.0,0.0,0.12646467983722687,0.0,0.0,0.03908447548747063,0.0,0.0,0.004139084834605455,0.0,0.0,0.0015551248798146844
35,True,60.45526123046875,54.780357360839844,0.9840418100357056,65.00435638427734,49.36859130859375,0.9005059003829956,54.018310546875,47.23785400390625,0.9771109819412231,0.0,0.0,0.1253756433725357,35.84750747680664,48.060638427734375,0.8969056606292725,71.93553161621094,87.40564727783203,0.9845477938652039,10.22623062133789,85.85670471191406,0.8324573040008545,99.46729278564453,120.77254486083984,0.9597765207290649,0.0,130.86090087890625,0.5348405838012695,132.58233642578125,147.01759338378906,0.9121774435043335,9.668529510498047,158.9971466064453,0.562849223613739,60.12584686279297,193.59918212890625,0.9244841933250427,17.448711395263672,194.84881591796875,0.7396959662437439,0.0,0.0,0.12572698295116425,0.0,0.0,0.03494054079055786,0.0,0.0,0.004507832229137421,0.0,0.0,0.0015686817932873964
36,True,59.519351959228516,53.50749206542969,0.9851168394088745,64.43860626220703,48.524383544921875,0.9085949063301086,53.045291900634766,45.98484802246094,0.9777011871337891,0.0,0.0,0.14501281082630157,35.16853332519531,47.328399658203125,0.9018221497535706,71.40326690673828,87.48448181152344,0.9874151349067688,9.646408081054688,85.59798431396484,0.8583528995513916,99.4166259765625,120.49446105957031,0.960771918296814,0.070892333984375,131.49867248535156,0.538938045501709,132.34909057617188,147.06423950195312,0.9060153961181641,11.79721450805664,160.459228515625,0.5394458770751953,58.1767463684082,194.1485595703125,0.9268768429756165,16.19875717163086,195.04721069335938,0.7466243505477905,0.0,0.0,0.12464351207017899,0.0,0.0,0.034779176115989685,0.0,0.0,0.004349337425082922,0.0,0.0,0.0015178590547293425
37,True,60.12583923339844,53.25718688964844,0.9722292423248291,64.18804168701172,48.10993194580078,0.8198274374008179,53.86729431152344,46.05024719238281,0.960908055305481,0.0,0.0,0.08695511519908905,35.53554153442383,47.68944549560547,0.8794571757316589,70.92207336425781,87.19373321533203,0.982042133808136,9.163002014160156,85.6994857788086,0.8153797388076782,98.7810287475586,120.06377410888672,0.9580166935920715,0.0,129.64601135253906,0.5379262566566467,131.75624084472656,147.2568359375,0.9043843746185303,7.73779296875,158.02626037597656,0.5524264574050903,58.125762939453125,195.27197265625,0.9185800552368164,15.934501647949219,196.34967041015625,0.7262449264526367,0.0,0.0,0.10227841138839722,0.0,0.0,0.028124118223786354,0.0,0.0,0.0033942454028874636,0.0,0.0,0.0011791734723374248
38,True,58.46980667114258,52.89696502685547,0.9834405183792114,63.244117736816406,47.899436950683594,0.9097739458084106,51.754112243652344,45.610382080078125,0.9746877551078796,0.0,0.0,0.14494071900844574,34.276710510253906,47.654945373535156,0.8855310082435608,70.73126220703125,87.93794250488281,0.9869279265403748,9.798084259033203,85.31565856933594,0.8103278875350952,97.49273681640625,120.56356811523438,0.9619690775871277,0.0,0.0,0.4544909596443176,131.51602172851562,148.03028869628906,0.9040735960006714,0.0,0.0,0.4694686233997345,57.70965576171875,193.62939453125,0.9406976103782654,15.794391632080078,194.4836883544922,0.7613891363143921,0.0,0.0,0.17206841707229614,0.0,0.0,0.04370652511715889,0.0,0.0,0.007152104750275612,0.0,0.0,0.0022697136737406254
39,True,58.01778793334961,52.61284637451172,0.9842323064804077,63.003204345703125,47.687828063964844,0.9196742177009583,51.2471923828125,45.34404754638672,0.974773108959198,0.0,0.0,0.16553640365600586,34.201900482177734,47.64720153808594,0.8781421184539795,70.9024429321289,88.03083801269531,0.9872685670852661,9.97824478149414,85.2918701171875,0.8084540367126465,97.44720458984375,120.56523132324219,0.9623074531555176,0.0,0.0,0.441424697637558,131.35287475585938,148.0714569091797,0.9034428000450134,0.0,0.0,0.4546850323677063,57.764976501464844,193.70413208007812,0.9409254193305969,15.807937622070312,194.55026245117188,0.7592539191246033,0.0,0.0,0.17207317054271698,0.0,0.0,0.043153345584869385,0.0,0.0,0.007170952390879393,0.0,0.0,0.002265769289806485
40,True,60.616050720214844,51.44385528564453,0.9729670882225037,64.47980499267578,46.04219055175781,0.8179347515106201,53.61833572387695,44.45429229736328,0.9645365476608276,0.0,0.0,0.07178157567977905,34.731388092041016,47.184791564941406,0.8928844928741455,70.8788070678711,87.23602294921875,0.9828870892524719,9.90335464477539,85.92118835449219,0.7937712669372559,97.39057922363281,120.59516143798828,0.9595061540603638,0.0,128.9940643310547,0.5047987699508667,131.4468536376953,148.65756225585938,0.9068688750267029,8.70334243774414,158.80557250976562,0.5338598489761353,57.20305633544922,194.83331298828125,0.935836911201477,15.48227310180664,196.2064208984375,0.7574573755264282,0.0,0.0,0.1474287062883377,0.0,0.0,0.03886035457253456,0.0,0.0,0.00565867405384779,0.0,0.0,0.0018333791522309184
41,True,60.754302978515625,51.570556640625,0.9783048629760742,64.88291931152344,46.019065856933594,0.8550984263420105,53.806331634521484,44.35441589355469,0.9712039232254028,0.0,0.0,0.08622675389051437,34.925594329833984,46.496498107910156,0.89903324842453,71.00611877441406,87.14643859863281,0.9841262102127075,10.099067687988281,85.60772705078125,0.801207423210144,97.58705139160156,120.97402954101562,0.9578870534896851,0.0,0.0,0.48456627130508423,131.061279296875,148.39044189453125,0.9039093852043152,9.19091796875,158.98416137695312,0.5141856670379639,56.38692092895508,194.81895446777344,0.9275374412536621,14.87027359008789,196.0750274658203,0.7311552166938782,0.0,0.0,0.13972662389278412,0.0,0.0,0.036416247487068176,0.0,0.0,0.00554650230333209,0.0,0.0,0.001792730065062642
42,True,60.69805908203125,50.32994079589844,0.9783965945243835,64.51588439941406,45.14147186279297,0.8464160561561584,53.36434555053711,43.73518371582031,0.9734973311424255,0.0,0.0,0.07347437739372253,34.48453903198242,47.53662109375,0.9182450175285339,71.17994689941406,87.11479187011719,0.9846550226211548,10.4141845703125,85.92222595214844,0.80980384349823,96.83882141113281,120.38774871826172,0.9595754742622375,0.0,128.60232543945312,0.5111136436462402,131.40199279785156,148.22247314453125,0.9037150144577026,9.196861267089844,158.99871826171875,0.5299607515335083,57.0264892578125,192.52093505859375,0.939113438129425,15.316802978515625,193.91738891601562,0.7680008411407471,0.0,0.0,0.16407282650470734,0.0,0.0,0.04363797605037689,0.0,0.0,0.006459488999098539,0.0,0.0,0.0020675419364124537
43,True,61.53142547607422,51.91712188720703,0.9852989912033081,65.65606689453125,46.378379821777344,0.8818488121032715,54.10560607910156,44.7862548828125,0.9831604361534119,0.0,0.0,0.07911156862974167,34.45062255859375,47.22998809814453,0.9395379424095154,71.03427124023438,88.37623596191406,0.9874674677848816,10.530773162841797,85.38957977294922,0.8526132106781006,98.1512451171875,123.92052459716797,0.9590612649917603,0.0,129.1204833984375,0.5487310886383057,131.9673614501953,145.68577575683594,0.9097803831100464,9.414966583251953,159.18814086914062,0.5750885009765625,56.41136932373047,192.0550079345703,0.9371682405471802,15.619895935058594,192.92042541503906,0.7723267078399658,0.0,0.0,0.18857845664024353,0.0,0.0,0.05478591471910477,0.0,0.0,0.008042863570153713,0.0,0.0,0.0026889429427683353
44,True,61.974754333496094,52.58155822753906,0.9835055470466614,66.36375427246094,47.34892272949219,0.8500699996948242,55.1431884765625,44.98114776611328,0.976509153842926,0.0,0.0,0.0991290807723999,35.50592803955078,47.24012756347656,0.909737765789032,69.53860473632812,89.27320861816406,0.9901873469352722,11.27081298828125,87.31981658935547,0.9240868091583252,99.20140838623047,124.43547821044922,0.9649893641471863,2.3743057250976562,132.76513671875,0.7298774719238281,133.49778747558594,139.5100555419922,0.926864743232727,11.358474731445312,159.98695373535156,0.7131310701370239,55.16622543334961,192.2323760986328,0.936977207660675,16.863143920898438,193.33425903320312,0.8163144588470459,0.0,0.0,0.1486261487007141,0.0,0.0,0.0534815788269043,0.0,0.0,0.004594971425831318,0.0,0.0,0.0018820660188794136
45,True,62.05940246582031,52.522979736328125,0.9833441376686096,66.31595611572266,47.2366943359375,0.8470569252967834,55.03539276123047,45.09821319580078,0.9765976071357727,0.0,0.0,0.09492176026105881,35.28176498413086,47.70702362060547,0.9121571779251099,69.66605377197266,89.33830261230469,0.9902641773223877,11.452308654785156,87.61766052246094,0.9226081371307373,99.10750579833984,124.6617202758789,0.9653261303901672,2.666351318359375,132.85415649414062,0.7267425060272217,133.54959106445312,139.41534423828125,0.9272697567939758,12.087570190429688,160.37399291992188,0.7103655338287354,54.91814422607422,191.8729248046875,0.9393022656440735,16.639801025390625,193.06649780273438,0.8203226327896118,0.0,0.0,0.1587628424167633,0.0,0.0,0.05672639608383179,0.0,0.0,0.005000632721930742,0.0,0.0,0.0020180032588541508
46,True,61.88552474975586,52.31502914428711,0.9701878428459167,65.65483093261719,47.48812484741211,0.7992018461227417,55.19490432739258,44.908203125,0.9571624398231506,0.0,0.0,0.09548347443342209,36.777523040771484,46.45165252685547,0.8921684622764587,70.07526397705078,87.05887603759766,0.9910914301872253,10.131603240966797,83.08477020263672,0.8949717879295349,93.21998596191406,124.74380493164062,0.9628926515579224,0.0,131.76889038085938,0.5511996150016785,121.65109252929688,131.58895874023438,0.8830763697624207,0.0,0.0,0.4583803415298462,55.279701232910156,185.9964599609375,0.9410675168037415,16.011924743652344,186.6683349609375,0.784988284111023,0.0,0.0,0.19759856164455414,0.0,0.0,0.05741279199719429,0.0,0.0,0.010700196959078312,0.0,0.0,0.0036678339820355177
47,True,63.335750579833984,52.13960266113281,0.9715819954872131,67.26406860351562,47.376869201660156,0.8268358111381531,55.810638427734375,44.87187957763672,0.9691411852836609,0.0,0.0,0.07904817909002304,35.969482421875,47.253021240234375,0.9365615844726562,68.78369903564453,90.24956512451172,0.9837169647216797,9.48801040649414,83.26588439941406,0.8326125144958496,87.54513549804688,128.0911407470703,0.9359396696090698,0.0,0.0,0.4118240475654602,109.67108154296875,125.8800048828125,0.8415429592132568,0.0,0.0,0.39474889636039734,53.93108367919922,190.13214111328125,0.8772986531257629,15.115001678466797,189.35549926757812,0.6226749420166016,0.0,0.0,0.11855680495500565,0.0,0.0,0.03235229477286339,0.0,0.0,0.006225742865353823,0.0,0.0,0.0020635779947042465
48,True,66.52508544921875,53.097328186035156,0.934417724609375,68.99750518798828,48.72749328613281,0.6245324015617371,60.26382064819336,46.070587158203125,0.9324946403503418,0.0,0.0,0.04098137095570564,40.040184020996094,47.613670349121094,0.9174616932868958,66.96415710449219,89.61372375488281,0.9770498275756836,8.882820129394531,82.16692352294922,0.7825464606285095,82.22552490234375,130.18467712402344,0.9299954175949097,0.0,0.0,0.3724589943885803,98.99427795410156,120.1871109008789,0.8270103335380554,0.0,0.0,0.3605758547782898,55.70732879638672,188.80374145507812,0.8664213418960571,17.83186149597168,188.61903381347656,0.5941159725189209,0.0,0.0,0.12431194633245468,0.0,0.0,0.03243064507842064,0.0,0.0,0.006879550404846668,0.0,0.0,0.0021777236834168434
49,True,68.0604019165039,55.62596893310547,0.9361832141876221,70.94667053222656,50.760536193847656,0.6290409564971924,62.3415641784668,47.769493103027344,0.9307440519332886,0.0,0.0,0.047948744148015976,40.865753173828125,46.525543212890625,0.8995955586433411,64.82322692871094,89.72071075439453,0.9802995920181274,8.21451187133789,81.82577514648438,0.8545567989349365,82.18955993652344,129.47679138183594,0.9394118785858154,0.0,0.0,0.47630059719085693,87.15080261230469,111.9971923828125,0.8687607049942017,0.0,0.0,0.4772765040397644,53.601844787597656,188.52642822265625,0.9144188761711121,17.515666961669922,188.5203857421875,0.7299012541770935,0.0,0.0,0.24521663784980774,0.0,0.0,0.0820889100432396,0.0,0.0,0.01579951122403145,0.0,0.0,0.005681950598955154
50,True,67.53752899169922,56.35444641113281,0.9424307346343994,70.23580932617188,51.853271484375,0.6378037333488464,62.42586135864258,48.65013122558594,0.9439520239830017,0.0,0.0,0.04362301528453827,42.54149627685547,47.81231689453125,0.9162721633911133,62.799476623535156,91.64608764648438,0.9753952622413635,9.996612548828125,81.8187255859375,0.8127009272575378,76.05599975585938,131.0450439453125,0.9277003407478333,0.0,0.0,0.43917766213417053,82.38249206542969,106.59172058105469,0.8632562756538391,0.0,0.0,0.4751855432987213,51.152915954589844,189.6347198486328,0.8476144671440125,17.277591705322266,189.03555297851562,0.5865262746810913,0.0,0.0,0.14195792376995087,0.0,0.0,0.043467454612255096,0.0,0.0,0.008253272622823715,0.0,0.0,0.002898402279242873
51,True,67.53990936279297,56.14502716064453,0.9306991100311279,70.45569610595703,51.428611755371094,0.6026818156242371,62.267822265625,48.2237548828125,0.9230559468269348,0.0,0.0,0.04769505187869072,42.209747314453125,47.303306579589844,0.8866687417030334,63.31292724609375,90.76616668701172,0.9782132506370544,9.375632286071777,82.5391845703125,0.865485668182373,78.25746154785156,129.93020629882812,0.9376043081283569,0.0,135.93731689453125,0.5364348888397217,82.57511901855469,104.98063659667969,0.8731718063354492,16.574951171875,161.55418395996094,0.5359513163566589,51.15019607543945,191.23098754882812,0.9016135334968567,16.294628143310547,191.13369750976562,0.7197453379631042,0.0,0.0,0.20925484597682953,0.0,0.0,0.07630615681409836,0.0,0.0,0.013258295133709908,0.0,0.0,0.005230282433331013
52,True,68.67356872558594,58.5958251953125,0.9483522176742554,70.47137451171875,54.07246398925781,0.5387029051780701,64.75276947021484,51.47186279296875,0.9556680917739868,0.0,0.0,0.030843127518892288,44.142417907714844,48.688453674316406,0.9388853311538696,60.40782165527344,88.06710815429688,0.9811429977416992,8.60738754272461,80.18601989746094,0.9285217523574829,75.22196197509766,129.5133056640625,0.9494887590408325,0.0,133.10997009277344,0.7650390267372131,76.73613739013672,98.54255676269531,0.911490261554718,24.353063583374023,160.82150268554688,0.7483072876930237,52.15677261352539,185.89755249023438,0.9366036057472229,18.6678466796875,187.02792358398438,0.8447155356407166,0.0,0.0,0.23211586475372314,0.0,0.0,0.10275444388389587,0.0,0.0,0.010085263289511204,0.0,0.0,0.004384078551083803
53,True,67.72884368896484,60.74263000488281,0.9552741646766663,70.24632263183594,55.949432373046875,0.5920811295509338,64.34844970703125,52.84650421142578,0.9621407389640808,0.0,0.0,0.04058627784252167,43.76072692871094,47.80323028564453,0.9334425330162048,58.04180145263672,86.51774597167969,0.9754167199134827,7.2729644775390625,79.90103149414062,0.9312330484390259,73.02403259277344,127.69535064697266,0.9301544427871704,0.0,137.07730102539062,0.7702478170394897,72.36724853515625,95.37567901611328,0.8931147456169128,29.92197036743164,160.34494018554688,0.7582668662071228,50.76270294189453,182.69778442382812,0.861242949962616,17.822067260742188,184.53744506835938,0.7292240858078003,0.0,0.0,0.11005361378192902,0.0,0.0,0.05320601910352707,0.0,0.0,0.004924328066408634,0.0,0.0,0.0024455285165458918
54,True,68.8763427734375,59.56848907470703,0.9607875347137451,70.90293884277344,54.58503723144531,0.6063850522041321,64.9852523803711,51.75565719604492,0.9709177613258362,0.0,0.0,0.03205486759543419,44.77095031738281,48.21331024169922,0.9600585699081421,56.616981506347656,86.49108123779297,0.9834896326065063,6.287269592285156,80.7552261352539,0.9412580132484436,71.15692901611328,128.17657470703125,0.9212023615837097,0.4404563903808594,133.40866088867188,0.6615318059921265,71.54400634765625,93.5632095336914,0.8586037158966064,35.08626937866211,158.61398315429688,0.5982764959335327,45.62065887451172,176.13772583007812,0.8278599381446838,13.289077758789062,180.37864685058594,0.6301146745681763,0.0,0.0,0.0929139107465744,0.0,0.0,0.03924734145402908,0.0,0.0,0.006853293161839247,0.0,0.0,0.0030789505690336227
55,True,69.8198471069336,59.19654846191406,0.9419621229171753,71.96047973632812,54.25694274902344,0.6179627180099487,65.93186950683594,51.04119873046875,0.9447041153907776,0.0,0.0,0.044319991022348404,45.065757751464844,47.28148651123047,0.9011725783348083,57.08854675292969,87.49053192138672,0.9717479944229126,9.025357246398926,82.28016662597656,0.8726971745491028,69.38330078125,124.71542358398438,0.9290094375610352,0.0,137.5336456298828,0.5875120162963867,70.60830688476562,95.21745300292969,0.8801115155220032,36.645267486572266,157.76522827148438,0.5975587964057922,50.17072677612305,191.36729431152344,0.9011493921279907,17.801471710205078,193.84632873535156,0.7400922179222107,0.0,0.0,0.16807180643081665,0.0,0.0,0.06474281847476959,0.0,0.0,0.00909093301743269,0.0,0.0,0.003784801345318556
56,True,70.06346130371094,58.985511779785156,0.934208333492279,72.37837219238281,53.96807861328125,0.599697470664978,66.57915496826172,50.522682189941406,0.9353693127632141,0.0,0.0,0.04697173461318016,46.169105529785156,46.051780700683594,0.8840044140815735,57.12930679321289,87.36451721191406,0.9695051908493042,8.99219036102295,81.78330993652344,0.8619461059570312,69.10748291015625,124.96944427490234,0.9255890250205994,0.0,137.71835327148438,0.5674535632133484,71.30282592773438,95.57999420166016,0.874675989151001,36.275238037109375,158.071044921875,0.5760106444358826,49.62443542480469,191.8949432373047,0.8914213180541992,17.16950035095215,194.28909301757812,0.7182196378707886,0.0,0.0,0.1538352519273758,0.0,0.0,0.058622896671295166,0.0,0.0,0.008325465954840183,0.0,0.0,0.0034799997229129076
57,True,71.177734375,58.05792999267578,0.9291706085205078,73.07212829589844,53.25718688964844,0.5069526433944702,68.07437896728516,49.63538360595703,0.9415462017059326,0.0,0.0,0.02664596401154995,47.948638916015625,45.551795959472656,0.9092089533805847,57.46141815185547,88.50186157226562,0.9567725658416748,9.839462280273438,80.9454116821289,0.8674747943878174,65.19966125488281,125.42094421386719,0.9108250737190247,0.0,135.10438537597656,0.6706133484840393,70.70487976074219,94.58082580566406,0.8739467263221741,36.79246139526367,153.8846435546875,0.6935920119285583,51.23303985595703,194.80322265625,0.8895798325538635,18.227916717529297,196.15216064453125,0.757523238658905,0.0,0.0,0.12847900390625,0.0,0.0,0.05661051720380783,0.0,0.0,0.00609752768650651,0.0,0.0,0.002825389849022031
58,True,70.48702239990234,59.48246765136719,0.908744215965271,0.0,0.0,0.38647422194480896,67.44631958007812,52.116546630859375,0.9278631210327148,0.0,0.0,0.020188935101032257,48.15979766845703,49.35533142089844,0.919048011302948,56.543609619140625,89.10944366455078,0.9615479707717896,11.60413932800293,83.50115966796875,0.9129131436347961,65.76934814453125,124.65567779541016,0.9264600872993469,0.0,136.42369079589844,0.8044135570526123,69.7362060546875,94.36466979980469,0.9013433456420898,40.55857467651367,154.1156005859375,0.8122860789299011,50.7996711730957,190.0047607421875,0.9216673374176025,20.468259811401367,192.23748779296875,0.8424683213233948,0.0,0.0,0.17582976818084717,0.0,0.0,0.09311170876026154,0.0,0.0,0.007483729626983404,0.0,0.0,0.003846945473924279
59,True,71.95484924316406,63.86267852783203,0.9331541657447815,0.0,0.0,0.3936530649662018,69.4720230102539,56.24701690673828,0.9573126435279846,0.0,0.0,0.01761404052376747,50.69462585449219,51.13079833984375,0.9549948573112488,57.3502197265625,89.54689025878906,0.961781919002533,13.631706237792969,83.73595428466797,0.967765748500824,62.28959655761719,126.07007598876953,0.8989970684051514,0.0,139.0749053955078,0.924471914768219,71.51761627197266,97.60250854492188,0.8753777742385864,44.399314880371094,153.92385864257812,0.9076829552650452,54.331085205078125,187.77317810058594,0.9219837188720703,24.998035430908203,189.9346160888672,0.9009802341461182,0.0,0.0,0.159749835729599,0.0,0.0,0.13319166004657745,0.0,0.0,0.006386934779584408,0.0,0.0,0.0047254436649382114
60,True,74.98938751220703,66.13523864746094,0.9407554268836975,0.0,0.0,0.3177143335342407,72.6440200805664,58.82544708251953,0.9698528051376343,0.0,0.0,0.010982844047248363,53.390419006347656,52.925445556640625,0.9746279120445251,58.222633361816406,89.38429260253906,0.964808464050293,16.11420440673828,83.59334564208984,0.9867793321609497,64.11044311523438,126.57767486572266,0.9066038727760315,1.3230056762695312,138.33322143554688,0.9769362807273865,74.28327178955078,97.79437255859375,0.9045403599739075,49.5573616027832,152.13963317871094,0.9690921306610107,54.71659469604492,183.96046447753906,0.9334133267402649,26.833099365234375,186.42813110351562,0.9408470988273621,0.0,0.0,0.15284958481788635,0.0,0.0,0.17885300517082214,0.0,0.0,0.005026400554925203,0.0,0.0,0.004809024278074503
61,True,76.14022064208984,67.88468933105469,0.9263561367988586,0.0,0.0,0.3159734010696411,75.22969818115234,60.72514343261719,0.9576253890991211,0.0,0.0,0.014105263166129589,57.606834411621094,53.709747314453125,0.9577162861824036,58.32048034667969,88.77922058105469,0.9341211915016174,19.344295501708984,85.17901611328125,0.9795148372650146,57.002296447753906,131.6678924560547,0.8403254747390747,3.2663612365722656,139.2496337890625,0.9667903780937195,70.32162475585938,145.70870971679688,0.8426634073257446,53.985679626464844,150.52175903320312,0.9564689993858337,50.37428665161133,182.67965698242188,0.8871973752975464,23.64703369140625,185.46022033691406,0.9061883091926575,0.0,0.0,0.09156855940818787,0.0,0.0,0.11434981226921082,0.0,0.0,0.003416887717321515,0.0,0.0,0.0034900582395493984
62,True,79.82039642333984,68.211181640625,0.9434075355529785,0.0,0.0,0.24630339443683624,78.16276550292969,61.30828094482422,0.9799153208732605,0.0,0.0,0.00552645418792963,59.61076354980469,55.303367614746094,0.9830910563468933,59.37297821044922,90.52179718017578,0.8847803473472595,23.9222354888916,86.0728530883789,0.9910677075386047,56.81321334838867,135.6419677734375,0.6516025066375732,8.909290313720703,140.3651580810547,0.9890212416648865,77.51764678955078,144.9294891357422,0.7143391966819763,68.72005462646484,146.62757873535156,0.9820570945739746,55.682395935058594,184.66238403320312,0.8816642761230469,30.71757698059082,187.45376586914062,0.9522176384925842,0.0,0.0,0.1009114608168602,0.0,0.0,0.2334560751914978,0.0,0.0,0.004335184581577778,0.0,0.0,0.007265349850058556
63,True,83.59884643554688,66.99658203125,0.9579183459281921,0.0,0.0,0.22229041159152985,81.25359344482422,60.39208221435547,0.9798992872238159,0.0,0.0,0.004753697197884321,62.482139587402344,55.35285186767578,0.9853444695472717,61.249755859375,87.56859588623047,0.9663218259811401,31.603347778320312,87.69828796386719,0.9956629872322083,60.55305480957031,128.27659606933594,0.9385150671005249,23.663082122802734,141.1083221435547,0.9969807267189026,84.19691467285156,133.18663024902344,0.9568899273872375,74.5667724609375,144.3014678955078,0.9962549209594727,55.861576080322266,181.87693786621094,0.9624711871147156,34.4293212890625,186.14730834960938,0.9796525239944458,0.0,0.0,0.1921047866344452,0.0,0.0,0.31795287132263184,0.0,0.0,0.004650450777262449,0.0,0.0,0.006030928809195757
64,True,82.94731140136719,68.22598266601562,0.9512284398078918,0.0,0.0,0.20102933049201965,81.27445983886719,61.683502197265625,0.9753854870796204,0.0,0.0,0.0052346535958349705,63.4630241394043,55.773475646972656,0.9821487665176392,60.59197235107422,87.21063232421875,0.9643970131874084,31.888423919677734,87.6392822265625,0.9961016178131104,60.05683135986328,127.89079284667969,0.9374751448631287,22.748336791992188,141.3875732421875,0.9974545836448669,84.08303833007812,133.1822509765625,0.9571323990821838,73.97793579101562,144.21058654785156,0.9967135190963745,55.57906723022461,181.52415466308594,0.9639039039611816,34.81197738647461,185.94512939453125,0.9819397330284119,0.0,0.0,0.19717977941036224,0.0,0.0,0.34364381432533264,0.0,0.0,0.004736525937914848,0.0,0.0,0.0065762633457779884
65,True,82.94731140136719,68.22598266601562,0.9512284398078918,0.0,0.0,0.20102933049201965,81.27445983886719,61.683502197265625,0.9753854870796204,0.0,0.0,0.0052346535958349705,63.4630241394043,55.773475646972656,0.9821487665176392,60.59197235107422,87.21063232421875,0.9643970131874084,31.888423919677734,87.6392822265625,0.9961016178131104,60.05683135986328,127.89079284667969,0.9374751448631287,22.748336791992188,141.3875732421875,0.9974545836448669,84.08303833007812,133.1822509765625,0.9571323990821838,73.97793579101562,144.21058654785156,0.9967135190963745,55.57906723022461,181.52415466308594,0.9639039039611816,34.81197738647461,185.94512939453125,0.9819397330284119,0.0,0.0,0.19717977941036224,0.0,0.0,0.34364381432533264,0.0,0.0,0.004736525937914848,0.0,0.0,0.0065762633457779884
66,True,87.01134490966797,74.02234649658203,0.9318870902061462,0.0,0.0,0.1373225301504135,87.35157012939453,67.1692123413086,0.9813315868377686,0.0,0.0,0.0057007852010428905,73.05522155761719,59.04206085205078,0.9896813035011292,64.3740005493164,90.36551666259766,0.869498074054718,41.834632873535156,84.99559020996094,0.9990032315254211,65.95962524414062,139.5283203125,0.5003157258033752,43.181297302246094,138.00498962402344,0.9992108345031738,92.31353759765625,145.3179931640625,0.5766931176185608,89.81771850585938,136.78082275390625,0.99674391746521,58.764095306396484,185.5419921875,0.91347736120224,40.74121856689453,187.30642700195312,0.9893246293067932,0.0,0.0,0.07404673844575882,0.0,0.0,0.4317067265510559,0.0,0.0,0.0026391176506876945,0.0,0.0,0.010828286409378052
67,True,89.61613464355469,76.24993133544922,0.8998197317123413,0.0,0.0,0.16507379710674286,89.97938537597656,69.84292602539062,0.9424725770950317,0.0,0.0,0.017830776050686836,77.47312927246094,62.66212844848633,0.9704737067222595,65.94969940185547,89.88275146484375,0.9454935789108276,49.60873031616211,85.734375,0.9970034956932068,73.07080078125,136.340576171875,0.7486353516578674,57.672607421875,136.519775390625,0.9953694939613342,100.41156005859375,146.07928466796875,0.6943730115890503,100.537841796875,141.48455810546875,0.9837988615036011,57.608253479003906,181.62869262695312,0.9300040006637573,44.82923126220703,183.541015625,0.9777193069458008,0.0,0.0,0.0871095210313797,0.0,0.0,0.25615638494491577,0.0,0.0,0.0030582179315388203,0.0,0.0,0.00645308755338192
68,True,89.70127868652344,76.21359252929688,0.8940034508705139,0.0,0.0,0.15670232474803925,90.24335479736328,69.89704895019531,0.9384121894836426,0.0,0.0,0.018186848610639572,78.10913848876953,62.88157653808594,0.9701363444328308,65.87065124511719,89.83848571777344,0.9470189809799194,49.98004913330078,85.8687744140625,0.9971298575401306,73.20127868652344,136.06060791015625,0.7553861141204834,57.821712493896484,136.61151123046875,0.9955748319625854,100.89183044433594,145.54800415039062,0.6977234482765198,100.72345733642578,141.54241943359375,0.9840785264968872,57.609825134277344,181.38412475585938,0.9344930648803711,45.11753845214844,183.39602661132812,0.9792766571044922,0.0,0.0,0.0913633182644844,0.0,0.0,0.2668927311897278,0.0,0.0,0.003143338020890951,0.0,0.0,0.006656860001385212
69,True,92.50067138671875,77.31805419921875,0.9342729449272156,0.0,0.0,0.18399858474731445,92.4700927734375,71.38665771484375,0.9698767066001892,0.0,0.0,0.012799933552742004,79.8384017944336,64.49614715576172,0.9850941896438599,72.05262756347656,91.681884765625,0.9464192390441895,55.20082092285156,88.16189575195312,0.9983479976654053,78.69530487060547,133.6392822265625,0.7679754495620728,66.97221374511719,135.06109619140625,0.9982764720916748,105.70159912109375,145.87013244628906,0.7869297862052917,106.06736755371094,144.71359252929688,0.9943769574165344,61.63239288330078,176.90969848632812,0.9531388282775879,48.57933807373047,178.2247772216797,0.9889037013053894,0.0,0.0,0.1899421662092209,52.71476745605469,240.0,0.5210973620414734,0.0,0.0,0.006561653222888708,0.0,0.0,0.016009680926799774
70,True,95.91767120361328,77.85289001464844,0.9126745462417603,0.0,0.0,0.11329225450754166,96.20342254638672,72.24114990234375,0.971837043762207,0.0,0.0,0.008278810419142246,83.2939453125,66.02700805664062,0.9907742142677307,70.71559143066406,91.29588317871094,0.8906409740447998,58.738582611083984,88.35629272460938,0.9987479448318481,80.04634857177734,132.72430419921875,0.5151680707931519,73.38194274902344,134.1500244140625,0.9987117052078247,110.30514526367188,146.5451202392578,0.5647535920143127,112.44134521484375,148.22250366210938,0.994257926940918,60.63054656982422,175.0291748046875,0.9135242104530334,50.751399993896484,176.8058624267578,0.9873858690261841,0.0,0.0,0.11670536547899246,56.40022277832031,238.68789672851562,0.5049904584884644,0.0,0.0,0.004835853818804026,0.0,0.0,0.01659243181347847
71,True,95.81488037109375,77.86709594726562,0.9147655963897705,0.0,0.0,0.1171908974647522,96.10906219482422,72.2742919921875,0.9719396233558655,0.0,0.0,0.008320242166519165,83.33595275878906,65.9748306274414,0.9904077649116516,71.29024505615234,91.50745391845703,0.892842710018158,58.689842224121094,88.20950317382812,0.9987251162528992,80.2518081665039,132.82896423339844,0.5369006395339966,72.61271667480469,133.48480224609375,0.9987504482269287,110.22434997558594,146.91836547851562,0.5906885266304016,111.74439239501953,148.29067993164062,0.9946284890174866,61.29742431640625,175.78125,0.918188750743866,50.823333740234375,177.44235229492188,0.9878662824630737,0.0,0.0,0.11919081956148148,55.88804244995117,239.1205291748047,0.5062512755393982,0.0,0.0,0.004816938657313585,0.0,0.0,0.01634807698428631
72,True,97.12812805175781,79.22862243652344,0.9265773892402649,0.0,0.0,0.130239337682724,97.46720886230469,73.41094970703125,0.9776903986930847,0.0,0.0,0.009317263029515743,84.75395965576172,66.83303833007812,0.9930395483970642,73.21188354492188,91.49950408935547,0.9332058429718018,59.07196044921875,88.2712631225586,0.9992535710334778,81.49895477294922,132.6434326171875,0.6645538806915283,76.99917602539062,134.29417419433594,0.9992576241493225,109.02471923828125,147.84127807617188,0.6505481004714966,113.74360656738281,148.6341552734375,0.9957433342933655,64.63554382324219,178.37669372558594,0.9498509764671326,52.025611877441406,180.481689453125,0.9923742413520813,0.0,0.0,0.09748920053243637,0.0,0.0,0.440792977809906,0.0,0.0,0.0030508108902722597,0.0,0.0,0.010160666890442371
73,True,98.258056640625,80.11629486083984,0.9354260563850403,0.0,0.0,0.160289466381073,98.0047836303711,74.32904815673828,0.9768722057342529,0.0,0.0,0.009698589332401752,84.9006118774414,67.48734283447266,0.9902598261833191,75.65151977539062,91.86265563964844,0.9207394123077393,62.27906799316406,89.46736907958984,0.9987475872039795,83.7408447265625,132.2546844482422,0.6535794138908386,77.7914047241211,135.42205810546875,0.9987853169441223,108.5975341796875,146.94784545898438,0.7002837657928467,110.00028991699219,148.97958374023438,0.995315432548523,64.19569396972656,175.09588623046875,0.9375105500221252,53.06934356689453,176.71731567382812,0.9891964197158813,0.0,0.0,0.1415252983570099,57.705039978027344,239.15249633789062,0.5129345655441284,0.0,0.0,0.005337230395525694,0.0,0.0,0.01603027433156967
74,True,99.26518249511719,80.13014221191406,0.9401770234107971,0.0,0.0,0.17817804217338562,98.82745361328125,74.31063079833984,0.9787543416023254,0.0,0.0,0.010202735662460327,85.67102813720703,67.47003936767578,0.9902340173721313,77.78133392333984,92.47810363769531,0.9188947677612305,63.32988357543945,89.90975952148438,0.9987275004386902,85.46451568603516,133.45155334472656,0.6280026435852051,78.92691040039062,136.37005615234375,0.9986724853515625,109.65096282958984,147.908447265625,0.6768885254859924,111.52392578125,149.78427124023438,0.994825005531311,66.2863540649414,174.89122009277344,0.9364857077598572,54.654781341552734,176.39097595214844,0.9891385436058044,0.0,0.0,0.15795260667800903,58.604286193847656,239.3805694580078,0.5458577871322632,0.0,0.0,0.006448933854699135,0.0,0.0,0.01936447247862816
75,True,99.27186584472656,80.12309265136719,0.9396256804466248,0.0,0.0,0.1775406152009964,98.85015869140625,74.31487274169922,0.9784030914306641,0.0,0.0,0.010270497761666775,85.71312713623047,67.45468139648438,0.9900935292243958,77.76134490966797,92.43657684326172,0.9196029305458069,63.356590270996094,89.8868637084961,0.9987168312072754,85.48775482177734,133.431640625,0.631705641746521,78.95804595947266,136.3617401123047,0.9986574649810791,109.67564392089844,147.9262237548828,0.679578959941864,111.48582458496094,149.771728515625,0.9947816729545593,66.229736328125,174.8607635498047,0.9374910593032837,54.65010070800781,176.37400817871094,0.9892154335975647,0.0,0.0,0.16110168397426605,58.60133743286133,239.44325256347656,0.5492348074913025,0.0,0.0,0.006597739644348621,0.0,0.0,0.019670536741614342
76,True,99.10057067871094,80.69255065917969,0.899992823600769,0.0,0.0,0.12486093491315842,99.5120849609375,75.19296264648438,0.9572640061378479,0.0,0.0,0.01127649936825037,88.33586120605469,68.03067016601562,0.984876275062561,80.00140380859375,92.03271484375,0.9388960599899292,62.799163818359375,88.95198059082031,0.998619794845581,85.86378479003906,132.9068603515625,0.7352986931800842,77.68069458007812,135.40139770507812,0.998616099357605,110.64559936523438,149.315673828125,0.7162752151489258,112.18751525878906,151.24256896972656,0.9937549829483032,69.71871185302734,175.82664489746094,0.9569393396377563,55.88648223876953,177.67843627929688,0.991152822971344,0.0,0.0,0.14881673455238342,0.0,0.0,0.4845691919326782,0.0,0.0,0.005199998151510954,0.0,0.0,0.014071152545511723
77,True,98.95665740966797,81.56258392333984,0.9151849150657654,0.0,0.0,0.14596587419509888,99.41961669921875,76.02571868896484,0.9627476334571838,0.0,0.0,0.011741369031369686,88.12374877929688,67.77186584472656,0.9844867587089539,81.2704086303711,92.42217254638672,0.9470662474632263,62.793861389160156,89.1971435546875,0.9987049102783203,85.29283142089844,133.1315460205078,0.7806401252746582,75.37466430664062,135.8218994140625,0.998796820640564,109.16731262207031,148.89505004882812,0.781279981136322,110.88815307617188,150.7060546875,0.9951851963996887,71.14594268798828,174.71621704101562,0.9619407057762146,56.77550506591797,176.29647827148438,0.9918918609619141,0.0,0.0,0.17746305465698242,59.67253875732422,238.2468719482422,0.5239970684051514,0.0,0.0,0.005911467131227255,0.0,0.0,0.015390509739518166
78,True,98.96438598632812,81.5377426147461,0.9144067168235779,0.0,0.0,0.14473888278007507,99.43071746826172,76.01114654541016,0.9624752402305603,0.0,0.0,0.011679823510348797,88.13622283935547,67.77533721923828,0.9844827055931091,81.28675079345703,92.47818756103516,0.9467158913612366,62.777137756347656,89.18199157714844,0.9987015724182129,85.29981994628906,133.21063232421875,0.7785761952400208,75.280517578125,135.733642578125,0.9987908005714417,109.22779083251953,148.92396545410156,0.7788748145103455,110.88633728027344,150.69068908691406,0.995141863822937,71.18309020996094,174.79270935058594,0.961928129196167,56.81853485107422,176.33892822265625,0.9919130802154541,0.0,0.0,0.17753943800926208,59.5595703125,238.55368041992188,0.5245898365974426,0.0,0.0,0.005904140416532755,0.0,0.0,0.015389174222946167
79,True,99.99410247802734,81.48566436767578,0.9199895262718201,0.0,0.0,0.14762505888938904,100.72421264648438,75.82193756103516,0.9663917422294617,0.0,0.0,0.009890295565128326,89.17422485351562,67.56089782714844,0.9846371412277222,81.77960205078125,93.72306060791016,0.9411437511444092,62.17510986328125,88.9000473022461,0.9985748529434204,85.49403381347656,134.2670440673828,0.7913821339607239,70.7960433959961,135.07455444335938,0.998917818069458,109.93477630615234,148.36459350585938,0.8101546764373779,109.99258422851562,149.55868530273438,0.9961976408958435,73.21485137939453,176.54318237304688,0.958491325378418,57.63581848144531,177.73699951171875,0.9911637306213379,0.0,0.0,0.15038830041885376,0.0,0.0,0.47846734523773193,0.0,0.0,0.00456687668338418,0.0,0.0,0.012094419449567795
80,True,100.35685729980469,81.24871826171875,0.9422019720077515,0.0,0.0,0.18226832151412964,100.98751831054688,75.63594055175781,0.973501980304718,0.0,0.0,0.009469996206462383,88.80804443359375,67.19947814941406,0.9856475591659546,82.00900268554688,94.33480072021484,0.963507354259491,61.06627655029297,88.96615600585938,0.9987524747848511,84.52763366699219,134.68722534179688,0.8973646759986877,63.72404479980469,134.78765869140625,0.9992201328277588,108.80194091796875,146.7332763671875,0.9178951382637024,106.2015609741211,147.95350646972656,0.9979212880134583,73.50975036621094,175.48593139648438,0.9724035859107971,57.2154426574707,176.52578735351562,0.9928326606750488,0.0,0.0,0.19176246225833893,0.0,0.0,0.4987086057662964,0.0,0.0,0.004595673643052578,0.0,0.0,0.010435991920530796
81,True,101.00556945800781,81.03315734863281,0.9509241580963135,0.0,0.0,0.24614572525024414,101.35266876220703,75.0786361694336,0.9778358340263367,0.0,0.0,0.012222821824252605,88.59016418457031,66.9553451538086,0.9837824702262878,83.31219482421875,94.92000579833984,0.9605720043182373,59.98324203491211,89.67304992675781,0.9985623955726624,85.72040557861328,134.84654235839844,0.8898388743400574,58.073036193847656,135.10166931152344,0.9990441203117371,110.51590728759766,147.38470458984375,0.9114333987236023,102.56381225585938,145.16732788085938,0.9975395202636719,75.69061279296875,176.9657440185547,0.9720472097396851,57.4609489440918,178.14053344726562,0.9922773838043213,0.0,0.0,0.19731692969799042,0.0,0.0,0.49461668729782104,0.0,0.0,0.004934202414005995,0.0,0.0,0.011054078117012978
82,True,100.97789001464844,81.05493927001953,0.9528306722640991,0.0,0.0,0.25086793303489685,101.32211303710938,75.07052612304688,0.9787866473197937,0.0,0.0,0.012106201611459255,88.51256561279297,66.81160736083984,0.9842355251312256,83.3392333984375,94.92906188964844,0.9611806273460388,59.87797164916992,89.58280944824219,0.9986100196838379,85.46379089355469,134.68984985351562,0.892883837223053,57.609100341796875,134.7980194091797,0.9990948438644409,110.17457580566406,147.18385314941406,0.9158058762550354,102.1561279296875,145.06170654296875,0.9977079629898071,75.78533935546875,176.7569580078125,0.9722227454185486,57.465126037597656,177.88858032226562,0.9923853874206543,0.0,0.0,0.19610334932804108,0.0,0.0,0.494160920381546,0.0,0.0,0.00479903444647789,0.0,0.0,0.010788993909955025
83,True,101.009033203125,80.38127899169922,0.9588633179664612,0.0,0.0,0.23006601631641388,101.49142456054688,74.74295043945312,0.9811480641365051,0.0,0.0,0.007843593135476112,88.48926544189453,66.33441162109375,0.9878024458885193,84.14674377441406,95.95561981201172,0.9731668829917908,58.45610809326172,89.4683837890625,0.9986472725868225,88.59478759765625,135.5734405517578,0.9417935609817505,51.04926681518555,134.9446563720703,0.999309778213501,119.06103515625,150.2834930419922,0.958811342716217,97.74172973632812,146.26658630371094,0.9986542463302612,76.57698059082031,173.8055877685547,0.9793932437896729,57.570579528808594,174.5715789794922,0.9934309124946594,0.0,0.0,0.24918068945407867,54.86581802368164,234.7275390625,0.5301478505134583,0.0,0.0,0.005182976834475994,0.0,0.0,0.010039801709353924
84,True,101.41056060791016,80.34564208984375,0.9538015127182007,0.0,0.0,0.2589847445487976,101.75352478027344,74.51365661621094,0.9783045053482056,0.0,0.0,0.011323411948978901,88.61476135253906,66.3499755859375,0.9836576581001282,85.87848663330078,95.56554412841797,0.9678241610527039,58.12669372558594,90.57435607910156,0.9985392093658447,87.80499267578125,131.9565887451172,0.9279590845108032,47.82558822631836,134.3411865234375,0.9991555213928223,110.98200988769531,145.7798309326172,0.9491574764251709,93.74258422851562,145.99916076660156,0.9982628226280212,78.29923248291016,174.96649169921875,0.9785158634185791,57.900917053222656,176.03546142578125,0.9932863116264343,0.0,0.0,0.24815717339515686,55.61104965209961,237.48825073242188,0.5318537354469299,0.0,0.0,0.005602933466434479,0.0,0.0,0.01128464750945568
85,True,101.41850280761719,80.40176391601562,0.9537712335586548,0.0,0.0,0.25622957944869995,101.71401977539062,74.51496887207031,0.9782644510269165,0.0,0.0,0.011137757450342178,88.61289978027344,66.35894775390625,0.9839085936546326,86.05440521240234,95.77413177490234,0.9683876037597656,58.143150329589844,90.32321166992188,0.9985911250114441,88.72431945800781,132.67921447753906,0.9285914301872253,47.804405212402344,134.09664916992188,0.9991936087608337,113.53482055664062,146.82589721679688,0.9489036202430725,93.47409057617188,145.86260986328125,0.9983224272727966,78.57986450195312,174.83335876464844,0.9785122871398926,58.092254638671875,175.76356506347656,0.9933618307113647,0.0,0.0,0.24346426129341125,56.340824127197266,236.89276123046875,0.5302468538284302,0.0,0.0,0.005445782095193863,0.0,0.0,0.011117524467408657
86,True,101.44529724121094,79.52692413330078,0.9413300156593323,0.0,0.0,0.21362431347370148,102.08906555175781,73.77949523925781,0.9696812629699707,0.0,0.0,0.009457211941480637,88.89878845214844,65.4963607788086,0.9777335524559021,84.9167251586914,94.84608459472656,0.9574077129364014,57.033634185791016,89.41749572753906,0.9976843595504761,86.4176025390625,131.6242218017578,0.9111661314964294,46.80556106567383,133.44717407226562,0.9986061453819275,105.44581604003906,144.4859161376953,0.9400396347045898,93.8062744140625,146.26449584960938,0.9974802136421204,77.35690307617188,174.41046142578125,0.9694117903709412,57.35186004638672,175.5616912841797,0.989790141582489,0.0,0.0,0.2181500643491745,0.0,0.0,0.46872949600219727,0.0,0.0,0.005472979508340359,0.0,0.0,0.010291030630469322
87,True,101.85282135009766,79.22689819335938,0.9358546733856201,0.0,0.0,0.2073609083890915,102.6606674194336,73.4566650390625,0.964503824710846,0.0,0.0,0.010562431998550892,89.79759216308594,65.31475830078125,0.9754904508590698,85.84907531738281,95.08103942871094,0.9637320637702942,56.862510681152344,89.63044738769531,0.9976603984832764,87.23973083496094,132.27200317382812,0.9239229559898376,46.82295227050781,134.0178985595703,0.9984747767448425,105.76951599121094,145.84170532226562,0.9437078833580017,93.64553833007812,146.68716430664062,0.9971598386764526,77.76265716552734,174.68280029296875,0.9729166626930237,57.16281509399414,175.88162231445312,0.9900957345962524,0.0,0.0,0.23336699604988098,0.0,0.0,0.46827882528305054,0.0,0.0,0.0057840896770358086,0.0,0.0,0.010254145599901676
88,True,101.696044921875,78.69471740722656,0.9463524222373962,0.0,0.0,0.23148512840270996,102.12275695800781,72.88253021240234,0.9732151031494141,0.0,0.0,0.00970470905303955,88.60250854492188,65.24287414550781,0.9807352423667908,85.9384994506836,95.66165924072266,0.9615012407302856,56.36850357055664,89.55960083007812,0.997744083404541,88.15708923339844,132.91168212890625,0.9097376465797424,47.26042938232422,133.17710876464844,0.9984610080718994,107.18234252929688,147.0659942626953,0.9333187341690063,93.81794738769531,146.53024291992188,0.9970682263374329,77.96356964111328,175.09373474121094,0.9717760682106018,56.82051086425781,175.9451904296875,0.990272581577301,0.0,0.0,0.23774734139442444,0.0,0.0,0.48919668793678284,0.0,0.0,0.006400375626981258,0.0,0.0,0.011758101172745228
89,True,101.6413803100586,78.76263427734375,0.9399144053459167,0.0,0.0,0.21153153479099274,102.23615264892578,72.93763732910156,0.9696581959724426,0.0,0.0,0.009479764848947525,88.90579986572266,65.15756225585938,0.9788756370544434,85.8069839477539,95.49339294433594,0.9581276774406433,56.31376647949219,89.50724029541016,0.9977051615715027,87.6495132446289,132.65127563476562,0.9053224325180054,47.040321350097656,133.24627685546875,0.9984999895095825,105.9126968383789,146.17437744140625,0.931460440158844,93.90079498291016,146.5173797607422,0.9971247315406799,78.05048370361328,175.22723388671875,0.9706298112869263,56.93109130859375,176.1330108642578,0.9901962280273438,0.0,0.0,0.22638042271137238,0.0,0.0,0.48104825615882874,0.0,0.0,0.005981007590889931,0.0,0.0,0.011266582645475864
90,True,101.19309997558594,78.61630249023438,0.9528080821037292,0.0,0.0,0.2521663308143616,101.17854309082031,72.77833557128906,0.9768115878105164,0.0,0.0,0.010574758984148502,87.81065368652344,65.52041625976562,0.9816857576370239,85.89900970458984,95.54341125488281,0.9526577591896057,57.63614273071289,90.57774353027344,0.9981182813644409,88.30555725097656,133.03866577148438,0.8792647123336792,50.093353271484375,134.06716918945312,0.9987277388572693,107.02090454101562,147.0642852783203,0.9220682382583618,93.84657287597656,145.9827117919922,0.9975551962852478,76.74638366699219,174.65443420410156,0.9629263281822205,56.5753173828125,175.70570373535156,0.9895241856575012,0.0,0.0,0.24106137454509735,55.582828521728516,233.61758422851562,0.5431929230690002,0.0,0.0,0.007496774662286043,0.0,0.0,0.01580735668540001
91,True,100.87687683105469,78.76913452148438,0.9631073474884033,0.0,0.0,0.2803342640399933,100.35588073730469,72.78123474121094,0.984807014465332,0.0,0.0,0.008866270072758198,86.07545471191406,65.24661254882812,0.9863054752349854,85.48881530761719,94.99093627929688,0.9351292848587036,57.07537078857422,90.59088897705078,0.9983822107315063,86.43769836425781,132.13998413085938,0.8171361684799194,49.62969207763672,134.67796325683594,0.9989456534385681,103.95085144042969,145.23707580566406,0.8939818143844604,94.5523681640625,146.1482696533203,0.9979366064071655,77.70280456542969,175.33432006835938,0.9505969285964966,57.186527252197266,176.58456420898438,0.9890376925468445,0.0,0.0,0.20055125653743744,55.43236541748047,233.6913604736328,0.5446978807449341,0.0,0.0,0.006674623116850853,0.0,0.0,0.01658896915614605
92,True,100.89102935791016,78.75877380371094,0.965984582901001,0.0,0.0,0.2997852563858032,100.42754364013672,72.79373931884766,0.9856070280075073,0.0,0.0,0.009565451182425022,86.15512084960938,65.17707061767578,0.9868228435516357,85.54351806640625,95.11209869384766,0.9449471831321716,57.08259582519531,90.50874328613281,0.9984254837036133,87.45659637451172,132.88400268554688,0.840976893901825,49.64385986328125,134.69393920898438,0.9989253878593445,106.5992202758789,147.1678466796875,0.9048760533332825,94.36662292480469,146.19374084472656,0.9979078769683838,77.67484283447266,175.14002990722656,0.9556959867477417,57.242950439453125,176.34140014648438,0.9894607663154602,0.0,0.0,0.216631680727005,55.404842376708984,234.00692749023438,0.5513917207717896,0.0,0.0,0.0070355599746108055,0.0,0.0,0.016628650948405266
93,True,100.60130310058594,78.6160888671875,0.9649159908294678,0.0,0.0,0.2906941771507263,99.78185272216797,72.75159454345703,0.9853459596633911,0.0,0.0,0.008908659219741821,85.3241195678711,65.748046875,0.9870395064353943,85.63731384277344,95.095703125,0.9430029392242432,57.258995056152344,91.07827758789062,0.9983134269714355,86.61517333984375,132.23788452148438,0.8400673270225525,51.25306701660156,134.9601287841797,0.9988853335380554,103.61885833740234,145.1148223876953,0.9061353802680969,96.20013427734375,145.807861328125,0.9978949427604675,77.64122009277344,174.4999237060547,0.9545189142227173,57.13505554199219,175.8282928466797,0.9890106320381165,0.0,0.0,0.21556273102760315,55.38701629638672,233.2574462890625,0.545565664768219,0.0,0.0,0.007041506003588438,0.0,0.0,0.016387030482292175
94,True,100.4420394897461,78.49525451660156,0.973089337348938,0.0,0.0,0.35883617401123047,99.54612731933594,72.58229064941406,0.9893738627433777,0.0,0.0,0.00965176708996296,84.86849212646484,65.56893157958984,0.9897032380104065,85.03237915039062,94.88353729248047,0.9535813927650452,56.71952438354492,90.4116439819336,0.998224675655365,85.82732391357422,131.98114013671875,0.8534014821052551,50.93180465698242,135.48422241210938,0.9986323714256287,104.00526428222656,144.5709991455078,0.9022896885871887,97.69151306152344,145.78170776367188,0.9973256587982178,78.23736572265625,174.96261596679688,0.9585919976234436,57.498924255371094,176.32763671875,0.9886854887008667,0.0,0.0,0.18675434589385986,0.0,0.0,0.47260499000549316,0.0,0.0,0.005522378254681826,0.0,0.0,0.011875834316015244
95,True,100.40411376953125,78.45382690429688,0.9722166657447815,0.0,0.0,0.35594040155410767,99.61748504638672,72.57540893554688,0.9883837699890137,0.0,0.0,0.010226835496723652,85.10789489746094,65.37208557128906,0.9888727068901062,85.14390563964844,94.70600891113281,0.9591377377510071,56.76689529418945,90.31678009033203,0.9982414245605469,85.74751281738281,131.59429931640625,0.8762509822845459,50.58488464355469,135.53297424316406,0.9986534118652344,103.87957763671875,144.19871520996094,0.9167625904083252,97.59644317626953,145.9527587890625,0.9974117875099182,77.89469146728516,174.93357849121094,0.9634470343589783,57.256622314453125,176.25772094726562,0.9893606901168823,0.0,0.0,0.20306842029094696,0.0,0.0,0.4810727536678314,0.0,0.0,0.005763075780123472,0.0,0.0,0.011805646121501923
96,True,99.904541015625,78.39054107666016,0.9718096852302551,0.0,0.0,0.3576551377773285,99.1826171875,72.42166137695312,0.9888412356376648,0.0,0.0,0.010540747083723545,85.04729461669922,65.3561782836914,0.9888990521430969,84.40264129638672,95.26127624511719,0.9479472637176514,57.260780334472656,90.22911071777344,0.9982616305351257,85.58734130859375,133.2445068359375,0.8226889371871948,52.202022552490234,135.45639038085938,0.9985963702201843,104.11150360107422,144.2707061767578,0.880477249622345,98.12146759033203,145.0652313232422,0.9970682263374329,76.99417114257812,175.72091674804688,0.9527734518051147,57.1136360168457,176.77108764648438,0.988095760345459,0.0,0.0,0.17375943064689636,0.0,0.0,0.4727781116962433,0.0,0.0,0.005382458679378033,0.0,0.0,0.012364985421299934
97,True,99.85160827636719,78.349365234375,0.9738926887512207,0.0,0.0,0.3714987635612488,99.0010757446289,72.45193481445312,0.9893252849578857,0.0,0.0,0.010884124785661697,84.75729370117188,65.55753326416016,0.989474356174469,84.65984344482422,95.21641540527344,0.9575518369674683,57.31443786621094,90.66230773925781,0.9983760118484497,85.67436981201172,132.93899536132812,0.8578516840934753,52.89500427246094,135.7959442138672,0.9986806511878967,103.28274536132812,144.4552459716797,0.9033364653587341,98.07589721679688,145.7467803955078,0.9973160624504089,76.90538024902344,175.35015869140625,0.9602490663528442,56.93043518066406,176.54969787597656,0.989198625087738,0.0,0.0,0.19333305954933167,0.0,0.0,0.4852367639541626,0.0,0.0,0.005702899768948555,0.0,0.0,0.012337250635027885
98,True,99.88116455078125,78.33192443847656,0.9732100367546082,0.0,0.0,0.3627413213253021,99.09896087646484,72.45338439941406,0.9888764023780823,0.0,0.0,0.010677601210772991,84.87834930419922,65.58757019042969,0.9895859360694885,84.68079376220703,95.22390747070312,0.9612603783607483,57.15923309326172,90.40776824951172,0.9983555674552917,85.78278350830078,132.78558349609375,0.875647246837616,53.718849182128906,135.195068359375,0.9986937642097473,103.61874389648438,145.15826416015625,0.9126034379005432,98.7130355834961,146.3961181640625,0.9973364472389221,77.26667785644531,175.52088928222656,0.964074969291687,57.000022888183594,176.68594360351562,0.9896777868270874,0.0,0.0,0.1974915713071823,0.0,0.0,0.47760921716690063,0.0,0.0,0.005555691663175821,0.0,0.0,0.011538772843778133
99,True,99.83899688720703,78.32876586914062,0.9732635021209717,0.0,0.0,0.3617963492870331,99.03619384765625,72.50659942626953,0.988986611366272,0.0,0.0,0.010493948124349117,84.79114532470703,65.78244018554688,0.9897477626800537,84.60395812988281,95.37969970703125,0.9611037969589233,57.205162048339844,90.5479736328125,0.9983585476875305,85.82052612304688,132.88050842285156,0.8744930624961853,53.61647033691406,135.1367645263672,0.9986977577209473,103.7341079711914,145.19708251953125,0.9118263125419617,98.73487854003906,146.31590270996094,0.9973425269126892,77.23226165771484,175.61224365234375,0.9651755690574646,57.053680419921875,176.75042724609375,0.9900429248809814,0.0,0.0,0.20664185285568237,0.0,0.0,0.49250099062919617,0.0,0.0,0.005893071182072163,0.0,0.0,0.012252269312739372
100,True,99.659423828125,78.35777282714844,0.9714351892471313,0.0,0.0,0.33359861373901367,98.99765014648438,72.59129333496094,0.98776775598526,0.0,0.0,0.009999054484069347,84.79383087158203,65.819091796875,0.9895936250686646,84.6869888305664,95.07747650146484,0.9674509763717651,57.31932830810547,90.43054962158203,0.9984827637672424,86.73828125,132.2769317626953,0.9049094915390015,54.89668655395508,134.9188995361328,0.9989080429077148,104.75260925292969,145.71249389648438,0.932147741317749,99.18782043457031,147.292236328125,0.997787594795227,77.20209503173828,175.35165405273438,0.9711936116218567,56.94337463378906,176.45574951171875,0.9912660717964172,0.0,0.0,0.2117859572172165,0.0,0.0,0.4867917001247406,0.0,0.0,0.0054011899046599865,0.0,0.0,0.010815952904522419
101,True,99.49114990234375,78.23365783691406,0.9697347283363342,0.0,0.0,0.32586896419525146,98.93064880371094,72.5326919555664,0.9866824150085449,0.0,0.0,0.010421046987175941,84.974609375,65.73503875732422,0.9890581965446472,84.84485626220703,95.00618743896484,0.9691131711006165,57.5493278503418,90.2980728149414,0.9984489679336548,86.92353820800781,132.31187438964844,0.910751223564148,55.43980407714844,134.5560302734375,0.9988783001899719,105.20665740966797,145.6233673095703,0.9348496794700623,99.59883880615234,147.27532958984375,0.997715950012207,77.50508117675781,174.56906127929688,0.9728440046310425,57.333717346191406,175.63735961914062,0.991483747959137,0.0,0.0,0.2262035310268402,0.0,0.0,0.49889421463012695,0.0,0.0,0.00576865253970027,0.0,0.0,0.01127625536173582
102,True,99.47573852539062,78.22169494628906,0.9692515730857849,0.0,0.0,0.3237711489200592,98.9699935913086,72.55766296386719,0.9862416982650757,0.0,0.0,0.010573990643024445,85.08975219726562,65.78765869140625,0.9887515902519226,84.754638671875,94.95133972167969,0.9698625802993774,57.50442123413086,90.41080474853516,0.9984639883041382,86.86363983154297,132.23995971679688,0.9135261178016663,55.024131774902344,134.9940185546875,0.9988835453987122,105.25945281982422,145.57452392578125,0.9365609884262085,99.60025024414062,147.36831665039062,0.997725784778595,77.35679626464844,174.47232055664062,0.9742338061332703,57.28435516357422,175.59616088867188,0.9918391108512878,0.0,0.0,0.2384951263666153,56.17510986328125,235.86492919921875,0.512913167476654,0.0,0.0,0.006110038608312607,0.0,0.0,0.011839584447443485
103,True,99.18223571777344,78.63097381591797,0.9693779349327087,0.0,0.0,0.31575873494148254,98.63690948486328,73.032958984375,0.9859586358070374,0.0,0.0,0.010235550813376904,84.74267578125,66.07623291015625,0.9888583421707153,84.93821716308594,94.60136413574219,0.9740899205207825,57.37923812866211,90.46186828613281,0.9985811710357666,87.23794555664062,131.8948974609375,0.9322145581245422,55.559696197509766,135.22633361816406,0.9990543723106384,106.07707214355469,145.78660583496094,0.9501194953918457,99.96717834472656,147.7389678955078,0.9981175661087036,78.07007598876953,174.34298706054688,0.9788596630096436,57.593833923339844,175.6923370361328,0.9930087327957153,0.0,0.0,0.2568802237510681,56.32841491699219,235.8829803466797,0.5277438759803772,0.0,0.0,0.006183040328323841,0.0,0.0,0.011647503823041916
104,True,99.11910247802734,78.56315612792969,0.9702887535095215,0.0,0.0,0.32351478934288025,98.50926208496094,73.00312805175781,0.9861213564872742,0.0,0.0,0.010382168926298618,84.4435806274414,66.1529769897461,0.9888609051704407,84.757080078125,94.4049072265625,0.9755090475082397,57.41298294067383,90.36612701416016,0.998540997505188,87.52960205078125,131.91220092773438,0.9366678595542908,55.881202697753906,135.5703887939453,0.9990123510360718,106.116943359375,145.8393096923828,0.9527563452720642,99.92644500732422,147.80706787109375,0.9980675578117371,77.85570526123047,173.99679565429688,0.9790409803390503,57.58003234863281,175.3227996826172,0.9927559494972229,0.0,0.0,0.25777971744537354,56.758155822753906,235.25283813476562,0.5179141759872437,0.0,0.0,0.006155106704682112,0.0,0.0,0.011238793842494488
105,True,99.36344146728516,79.47624206542969,0.9480078816413879,0.0,0.0,0.32634437084198,98.05049133300781,73.57652282714844,0.9685772061347961,0.0,0.0,0.02366122230887413,83.04562377929688,66.84126281738281,0.96844881772995,84.10426330566406,93.50679016113281,0.9577896595001221,57.53843688964844,90.94529724121094,0.9975854158401489,87.45745849609375,132.49298095703125,0.8811619281768799,57.029754638671875,135.22930908203125,0.9977291226387024,105.949462890625,144.75308227539062,0.8957931399345398,101.67143249511719,145.9508056640625,0.9944032430648804,76.58248138427734,176.53614807128906,0.9625047445297241,56.499847412109375,178.12869262695312,0.9867162704467773,0.0,0.0,0.2102796733379364,0.0,0.0,0.4453948736190796,0.0,0.0,0.006909339223057032,0.0,0.0,0.013195083476603031
106,True,99.43791198730469,79.49298095703125,0.9462664723396301,0.0,0.0,0.32329240441322327,98.1351318359375,73.5793685913086,0.9673804044723511,0.0,0.0,0.023945748805999756,83.14681243896484,66.86453247070312,0.9677263498306274,84.19539642333984,93.4886474609375,0.9570921063423157,57.35816955566406,91.03892517089844,0.9974414110183716,87.23008728027344,132.5138702392578,0.8780683875083923,57.08995056152344,135.38711547851562,0.997520387172699,105.70477294921875,144.8621368408203,0.8906370997428894,101.71106719970703,145.99314880371094,0.9938551783561707,76.73545837402344,176.55238342285156,0.9611539840698242,56.423519134521484,178.25364685058594,0.9859537482261658,0.0,0.0,0.20556950569152832,0.0,0.0,0.43378737568855286,0.0,0.0,0.006855594925582409,0.0,0.0,0.012936653569340706
107,True,99.49039459228516,79.57105255126953,0.9456251859664917,0.0,0.0,0.32134220004081726,98.15728759765625,73.66009521484375,0.9665414094924927,0.0,0.0,0.023937568068504333,83.129638671875,67.0320816040039,0.9673044085502625,84.24810028076172,93.56399536132812,0.9584308862686157,57.139060974121094,91.1777572631836,0.9973335266113281,87.2801284790039,132.4940185546875,0.8837113380432129,56.990352630615234,135.54930114746094,0.9973986148834229,105.55128479003906,144.66651916503906,0.8937082886695862,101.57117462158203,146.1607666015625,0.9936216473579407,76.73609161376953,177.01084899902344,0.9601013660430908,56.22529220581055,178.8005828857422,0.9849942326545715,0.0,0.0,0.1905282437801361,0.0,0.0,0.40269696712493896,0.0,0.0,0.006091409828513861,0.0,0.0,0.011243012733757496
108,True,98.85595703125,79.130615234375,0.9676960706710815,0.0,0.0,0.3066652715206146,98.36366271972656,73.4920654296875,0.9846023321151733,0.0,0.0,0.010469870641827583,84.48519134521484,66.5062026977539,0.9881780743598938,84.22261047363281,94.6492691040039,0.9752064347267151,57.03559875488281,90.92451477050781,0.9985004663467407,86.5100326538086,131.88143920898438,0.9356440901756287,56.16487121582031,136.4164276123047,0.9989612102508545,105.24403381347656,145.52117919921875,0.9509005546569824,100.0874252319336,147.87168884277344,0.9979462027549744,77.52385711669922,175.0682830810547,0.9770709872245789,57.40836715698242,176.6305389404297,0.9919837117195129,0.0,0.0,0.22875231504440308,0.0,0.0,0.47766393423080444,0.0,0.0,0.005296806804835796,0.0,0.0,0.009676027111709118
109,True,98.87425231933594,79.17140197753906,0.9678828716278076,0.0,0.0,0.3055630922317505,98.4062728881836,73.56256103515625,0.9845585227012634,0.0,0.0,0.010356646031141281,84.47760009765625,66.5260238647461,0.9882940053939819,84.19509887695312,94.66380310058594,0.9766837954521179,56.9468879699707,90.95635223388672,0.9984924793243408,86.456787109375,131.87091064453125,0.9413760900497437,56.03964614868164,136.28416442871094,0.9989718198776245,105.48086547851562,145.5682830810547,0.9551296830177307,100.03063201904297,147.8025360107422,0.998004138469696,77.4685287475586,174.8683624267578,0.9782696962356567,57.286888122558594,176.4434814453125,0.9921293258666992,0.0,0.0,0.23650045692920685,0.0,0.0,0.4790939390659332,0.0,0.0,0.005363939795643091,0.0,0.0,0.009526340290904045
110,True,99.03292846679688,79.06352233886719,0.9641779065132141,0.0,0.0,0.268723726272583,98.41246795654297,73.32160949707031,0.9829861521720886,0.0,0.0,0.009399345144629478,84.4375991821289,66.26792907714844,0.987650990486145,84.095458984375,94.73323822021484,0.9690808653831482,57.29176330566406,91.26734161376953,0.9986394047737122,85.95205688476562,132.5064697265625,0.9245670437812805,56.63982391357422,136.40203857421875,0.9991777539253235,105.52938842773438,145.64463806152344,0.9507878422737122,100.12329864501953,146.9808807373047,0.9984377026557922,76.67662811279297,174.80947875976562,0.9731001853942871,56.805118560791016,176.3456573486328,0.9919354915618896,0.0,0.0,0.2485225945711136,55.42560577392578,233.962646484375,0.5398008227348328,0.0,0.0,0.006392632145434618,0.0,0.0,0.012837459333240986
111,True,99.07841491699219,79.00733947753906,0.9654709100723267,0.0,0.0,0.2738266587257385,98.38379669189453,73.27874755859375,0.9837179780006409,0.0,0.0,0.009317884221673012,84.2819595336914,66.33378601074219,0.9882132411003113,84.18467712402344,94.74739074707031,0.9702932238578796,57.26995849609375,91.4222412109375,0.9986615180969238,86.09410858154297,132.4550323486328,0.9265020489692688,56.790977478027344,136.59788513183594,0.999177873134613,105.57666015625,145.681884765625,0.951684296131134,100.15584564208984,146.99208068847656,0.9984410405158997,76.7442626953125,174.786376953125,0.9738272428512573,56.835731506347656,176.3538818359375,0.9920575022697449,0.0,0.0,0.25449949502944946,55.500465393066406,234.11312866210938,0.544410228729248,0.0,0.0,0.006539252121001482,0.0,0.0,0.012988711707293987
112,True,98.93585205078125,79.72103118896484,0.9680719971656799,0.0,0.0,0.3191172778606415,98.49331665039062,73.66022491455078,0.9863302707672119,0.0,0.0,0.012430022470653057,84.68585968017578,66.42707824707031,0.9898097515106201,83.92866516113281,94.798095703125,0.9754992723464966,57.08316421508789,89.01701354980469,0.9989742040634155,86.62974548339844,133.5638885498047,0.9174193143844604,59.65749740600586,133.27389526367188,0.999184787273407,108.45523071289062,145.3114013671875,0.9253158569335938,100.25665283203125,142.2127685546875,0.9977587461471558,75.34188842773438,176.94764709472656,0.9822919368743896,54.60677719116211,177.32772827148438,0.9948052763938904,0.0,0.0,0.27048102021217346,56.17237091064453,238.7467041015625,0.5779423117637634,0.0,0.0,0.007166713010519743,0.0,0.0,0.01505187340080738
113,True,98.95675659179688,79.71125793457031,0.9678851366043091,0.0,0.0,0.3192712068557739,98.49760437011719,73.63639831542969,0.986229658126831,0.0,0.0,0.012480528093874454,84.68732452392578,66.4022216796875,0.98972088098526,84.04747009277344,94.80792236328125,0.9753803014755249,57.031494140625,89.0595932006836,0.9989594221115112,86.63481903076172,133.71653747558594,0.9170265793800354,59.574981689453125,133.4931640625,0.9991708993911743,108.43777465820312,145.4437713623047,0.9246863126754761,100.3119888305664,142.09228515625,0.9977219700813293,75.46976470947266,177.10960388183594,0.9820426106452942,54.61199188232422,177.503173828125,0.9947093725204468,0.0,0.0,0.26631179451942444,56.177520751953125,238.97186279296875,0.5717830657958984,0.0,0.0,0.0070096650160849094,0.0,0.0,0.014689031057059765
114,True,99.35835266113281,79.90434265136719,0.949385404586792,0.0,0.0,0.3576032817363739,98.3494873046875,73.72798919677734,0.9711331129074097,0.0,0.0,0.028864314779639244,83.55911254882812,66.42579650878906,0.9697283506393433,83.13505554199219,93.06480407714844,0.9507302045822144,57.03767013549805,89.06609344482422,0.9973520040512085,88.2689208984375,133.79742431640625,0.819307267665863,62.50017166137695,132.93853759765625,0.996688187122345,108.93038940429688,145.0059814453125,0.8124232292175293,104.85696411132812,140.5350341796875,0.989772617816925,74.1028823852539,178.19137573242188,0.9567228555679321,53.73291015625,179.40872192382812,0.9854682087898254,0.0,0.0,0.2101188749074936,0.0,0.0,0.4625176787376404,0.0,0.0,0.008685020729899406,0.0,0.0,0.01743590086698532
115,True,99.31387329101562,79.83232116699219,0.9572455883026123,0.0,0.0,0.39596858620643616,97.96769714355469,73.65020751953125,0.9763118624687195,0.0,0.0,0.03041466511785984,82.60889434814453,66.56983184814453,0.9743656516075134,83.77632904052734,92.93998718261719,0.9575011134147644,56.45576477050781,89.27510070800781,0.9974641799926758,89.33491516113281,132.21847534179688,0.8315359950065613,65.13094329833984,132.0620880126953,0.9965325593948364,110.40567779541016,144.46083068847656,0.8162875175476074,108.42882537841797,140.5831756591797,0.9890163540840149,75.00506591796875,178.36280822753906,0.9584609270095825,53.70656204223633,179.69691467285156,0.9852714538574219,0.0,0.0,0.2102271020412445,0.0,0.0,0.44838613271713257,0.0,0.0,0.008715898729860783,0.0,0.0,0.01674090325832367
116,True,99.3385238647461,79.80047607421875,0.957298219203949,0.0,0.0,0.3950248062610626,98.0,73.63864135742188,0.97627854347229,0.0,0.0,0.03002951852977276,82.6358413696289,66.5631103515625,0.9741052985191345,83.39303588867188,92.85802459716797,0.9567089676856995,56.73699188232422,89.29171752929688,0.9974417686462402,89.09278106689453,132.19015502929688,0.8312788605690002,64.76472473144531,132.27838134765625,0.996566653251648,110.22367858886719,144.122802734375,0.8194113969802856,107.87666320800781,140.39022827148438,0.9893274307250977,74.5856704711914,178.13287353515625,0.9580326676368713,53.78670883178711,179.48765563964844,0.9851788878440857,0.0,0.0,0.21087323129177094,0.0,0.0,0.4503299593925476,0.0,0.0,0.00871051475405693,0.0,0.0,0.016769137233495712
117,True,99.51734924316406,79.42958068847656,0.9582207798957825,0.0,0.0,0.4140714406967163,97.80329895019531,73.16099548339844,0.9776082634925842,0.0,0.0,0.03282986953854561,82.1166763305664,66.61054992675781,0.9751847982406616,84.13008880615234,93.42073059082031,0.9515127539634705,57.01601791381836,89.49046325683594,0.9972845315933228,90.1000747680664,133.15960693359375,0.7870551943778992,67.15754699707031,131.6106414794922,0.9958475232124329,111.7571792602539,146.12770080566406,0.7661191821098328,109.90319061279297,140.55181884765625,0.9861117601394653,74.50556945800781,178.1569061279297,0.9479591250419617,53.44961166381836,179.1031494140625,0.9822883605957031,0.0,0.0,0.18312914669513702,0.0,0.0,0.4148198962211609,0.0,0.0,0.00810988899320364,0.0,0.0,0.015961503610014915
118,True,99.82105255126953,79.53205871582031,0.9594718813896179,0.0,0.0,0.4253230392932892,97.97677612304688,73.24756622314453,0.9780368208885193,0.0,0.0,0.03386393561959267,82.07122039794922,66.76752471923828,0.975200355052948,84.16940307617188,93.44673156738281,0.9532667398452759,57.309383392333984,89.6788330078125,0.9970954656600952,90.49884033203125,132.894287109375,0.7936804890632629,68.67481994628906,131.58551025390625,0.995388388633728,112.14796447753906,145.7444305419922,0.7700762152671814,110.87593078613281,141.3360595703125,0.9848002195358276,74.07795715332031,178.4795379638672,0.9475369453430176,53.0963134765625,179.48545837402344,0.9811486601829529,0.0,0.0,0.18290480971336365,0.0,0.0,0.4014250338077545,0.0,0.0,0.008184459991753101,0.0,0.0,0.01548973098397255
119,True,100.06666564941406,79.5133056640625,0.9627413749694824,0.0,0.0,0.4507076144218445,97.9831771850586,73.1630630493164,0.9799443483352661,0.0,0.0,0.03447206690907478,81.76761627197266,66.7746353149414,0.9758867025375366,84.80435180664062,93.82233428955078,0.9529274702072144,57.03150939941406,89.46282196044922,0.9969922304153442,90.91964721679688,133.5422821044922,0.7879297137260437,67.75223541259766,130.99002075195312,0.9950779676437378,112.43409729003906,145.8660430908203,0.7642097473144531,110.66072082519531,141.38088989257812,0.984036386013031,74.8883056640625,179.04046630859375,0.9423692226409912,53.320045471191406,179.826171875,0.9790496230125427,0.0,0.0,0.16418097913265228,0.0,0.0,0.3681204617023468,0.0,0.0,0.007246211636811495,0.0,0.0,0.013641909696161747
120,True,100.0698471069336,79.50924682617188,0.9620351791381836,0.0,0.0,0.44756802916526794,98.02298736572266,73.147216796875,0.9793907403945923,0.0,0.0,0.03483721613883972,81.82646942138672,66.76701354980469,0.9755669832229614,84.70243072509766,93.84893035888672,0.9538680911064148,57.02819061279297,89.57443237304688,0.9969363212585449,91.04098510742188,133.523193359375,0.7923946976661682,68.10093688964844,131.2096710205078,0.9949381351470947,112.63737487792969,145.8946990966797,0.7662331461906433,110.86624145507812,141.3779296875,0.9835614562034607,74.80097961425781,179.18438720703125,0.9428139328956604,53.31022644042969,180.01409912109375,0.9787859916687012,0.0,0.0,0.16393351554870605,0.0,0.0,0.3631117641925812,0.0,0.0,0.007183115463703871,0.0,0.0,0.013336901552975178
121,True,99.85281372070312,79.43496704101562,0.9708954095840454,0.0,0.0,0.3385353684425354,98.5014877319336,73.406005859375,0.9880421161651611,0.0,0.0,0.01258918084204197,83.8597640991211,66.9410400390625,0.9899645447731018,85.24238586425781,94.40592956542969,0.9628214836120605,58.743900299072266,89.16877746582031,0.9988622665405273,90.13958740234375,134.7440185546875,0.869993269443512,66.91559600830078,131.6360321044922,0.9991281628608704,113.92971801757812,149.5709686279297,0.8945155143737793,108.78336334228516,142.41036987304688,0.9974810481071472,76.09880828857422,177.95767211914062,0.9683922529220581,55.08700180053711,178.4250030517578,0.9920864701271057,0.0,0.0,0.18412110209465027,0.0,0.0,0.49116769433021545,0.0,0.0,0.005030392203480005,0.0,0.0,0.011702634394168854
122,True,99.98951721191406,79.34390258789062,0.972206711769104,0.0,0.0,0.35312211513519287,98.54345703125,73.3863296508789,0.9888047575950623,0.0,0.0,0.012486882507801056,83.85297393798828,67.07203674316406,0.9903013706207275,85.81814575195312,94.58822631835938,0.9614065885543823,58.64312744140625,89.24583435058594,0.9988297820091248,90.184326171875,134.5045166015625,0.8612784743309021,65.32368469238281,131.65841674804688,0.9990713596343994,113.22380828857422,149.11427307128906,0.8888565897941589,106.87474060058594,143.47242736816406,0.9973635077476501,76.48258209228516,177.80014038085938,0.9676682949066162,55.18803787231445,178.16839599609375,0.991975724697113,0.0,0.0,0.19181348383426666,53.804168701171875,240.0,0.5049880146980286,0.0,0.0,0.005454357247799635,0.0,0.0,0.012718414887785912
123,True,100.00059509277344,79.34184265136719,0.9724183678627014,0.0,0.0,0.3547196090221405,98.56302642822266,73.39224243164062,0.9888771176338196,0.0,0.0,0.012612312100827694,83.88117980957031,67.11892700195312,0.9904486536979675,85.86880493164062,94.60418701171875,0.9627779126167297,58.645416259765625,89.37757873535156,0.9988493919372559,90.306884765625,134.42526245117188,0.8657508492469788,65.64730834960938,131.7796630859375,0.9990801811218262,113.29336547851562,149.0872802734375,0.8918848037719727,107.19078826904297,143.43702697753906,0.9973849654197693,76.57512664794922,177.2764434814453,0.9690021276473999,55.26011657714844,177.69403076171875,0.9922242164611816,0.0,0.0,0.20260854065418243,53.55272674560547,240.0,0.5186275839805603,0.0,0.0,0.005829248111695051,0.0,0.0,0.013442620635032654
124,True,99.95967102050781,79.333984375,0.9777717590332031,0.0,0.0,0.40386146306991577,98.7016830444336,73.35609436035156,0.9907813668251038,0.0,0.0,0.0147155886515975,83.9836654663086,67.07827758789062,0.9922226071357727,86.14633178710938,94.6340560913086,0.9799198508262634,58.133140563964844,88.64154815673828,0.9990699887275696,91.07997131347656,133.7711944580078,0.9204107522964478,66.91333770751953,131.34109497070312,0.999143123626709,114.74148559570312,148.8909454345703,0.9194284677505493,109.8564453125,143.87689208984375,0.997367799282074,76.68377685546875,176.72970581054688,0.9820776581764221,54.67558288574219,176.85560607910156,0.9944753050804138,0.0,0.0,0.24024781584739685,55.35045623779297,238.90704345703125,0.5255972146987915,0.0,0.0,0.006217028014361858,0.0,0.0,0.012538683600723743
125,True,100.05575561523438,79.58948516845703,0.9597291946411133,0.0,0.0,0.43223315477371216,98.1352310180664,73.2945556640625,0.9786412119865417,0.0,0.0,0.03381956368684769,82.16683959960938,66.63180541992188,0.974418044090271,85.3810043334961,93.50611877441406,0.9472545981407166,56.97810363769531,89.23908996582031,0.9970857501029968,90.94878387451172,133.62953186035156,0.7681064009666443,66.39932250976562,131.126953125,0.9954812526702881,112.2776870727539,147.55116271972656,0.7505739331245422,110.28981018066406,142.68479919433594,0.9850481748580933,75.28608703613281,178.31170654296875,0.9409071803092957,53.337406158447266,179.06703186035156,0.9800851941108704,0.0,0.0,0.1665472537279129,0.0,0.0,0.3889155387878418,0.0,0.0,0.007557480596005917,0.0,0.0,0.014979640021920204
126,True,99.67333984375,79.39546203613281,0.9764682054519653,0.0,0.0,0.39249715209007263,98.50094604492188,73.2950210571289,0.990364134311676,0.0,0.0,0.015075897797942162,83.67254638671875,66.84142303466797,0.9920666217803955,85.78508758544922,94.70225524902344,0.9790231585502625,57.72111129760742,88.85578918457031,0.9990741014480591,90.94255065917969,134.14956665039062,0.9118720293045044,68.0915298461914,131.86842346191406,0.9990929365158081,112.56255340576172,148.67115783691406,0.9086995124816895,109.61355590820312,144.85093688964844,0.9970632195472717,76.48217010498047,177.07904052734375,0.9806684851646423,54.54601287841797,177.23434448242188,0.9942010045051575,0.0,0.0,0.22747713327407837,55.15932846069336,239.68515014648438,0.5138212442398071,0.0,0.0,0.005988260731101036,0.0,0.0,0.012293505482375622
127,True,99.62997436523438,79.39483642578125,0.976992130279541,0.0,0.0,0.3941537141799927,98.47726440429688,73.3131103515625,0.9905290007591248,0.0,0.0,0.014994155615568161,83.67173767089844,66.8292236328125,0.9922319650650024,85.762939453125,94.69503784179688,0.9800470471382141,57.78908920288086,88.88284301757812,0.9991093277931213,91.05241394042969,133.86514282226562,0.9181280136108398,67.82353973388672,131.6809844970703,0.9991488456726074,112.76750183105469,148.61737060546875,0.9161892533302307,109.13282775878906,144.8218231201172,0.997298538684845,76.5672836303711,176.63107299804688,0.9815612435340881,54.734195709228516,176.8107147216797,0.9944230914115906,0.0,0.0,0.23374111950397491,55.35006332397461,239.0769500732422,0.5209744572639465,0.0,0.0,0.006039496511220932,0.0,0.0,0.012331505306065083
128,True,99.60977172851562,79.07839965820312,0.9780874252319336,0.0,0.0,0.40234506130218506,98.45724487304688,73.00413513183594,0.9907907247543335,0.0,0.0,0.014669016003608704,83.53466796875,66.76100158691406,0.992234468460083,86.02920532226562,94.89674377441406,0.9814712405204773,57.41482162475586,89.19071197509766,0.9991201758384705,91.93769073486328,133.28408813476562,0.9306063055992126,66.1502685546875,132.02838134765625,0.9992181062698364,112.8641357421875,148.64906311035156,0.9314888119697571,108.17974090576172,145.61248779296875,0.9976769089698792,76.66481018066406,176.98187255859375,0.9838564395904541,54.346954345703125,177.14553833007812,0.9949104189872742,0.0,0.0,0.24859164655208588,55.103763580322266,239.21762084960938,0.5318959355354309,0.0,0.0,0.006102780345827341,0.0,0.0,0.012151536531746387
129,True,99.67623901367188,78.91635131835938,0.9797956943511963,0.0,0.0,0.4294145405292511,98.46589660644531,72.82867431640625,0.9909654855728149,0.0,0.0,0.016156934201717377,83.39120483398438,66.63822174072266,0.9921318888664246,86.1751480102539,95.02371978759766,0.9850111603736877,57.162452697753906,89.59188842773438,0.9990955591201782,91.93791198730469,133.25856018066406,0.9462429285049438,65.53993225097656,132.81109619140625,0.9991662502288818,113.28367614746094,149.3631591796875,0.944969117641449,108.60856628417969,146.113037109375,0.9976492524147034,76.70640563964844,177.1901092529297,0.9855850338935852,54.22773742675781,177.43832397460938,0.9948318004608154,0.0,0.0,0.2614125907421112,54.51740264892578,239.3780517578125,0.5161449909210205,0.0,0.0,0.00610397569835186,0.0,0.0,0.011092761531472206
130,True,99.68665313720703,78.88290405273438,0.9796332120895386,0.0,0.0,0.43314328789711,98.44579315185547,72.7899398803711,0.9909274578094482,0.0,0.0,0.01635776460170746,83.4207763671875,66.67688751220703,0.9919453263282776,86.37702941894531,95.12570190429688,0.9838852882385254,57.13013458251953,89.42959594726562,0.999066174030304,91.8701400756836,133.7351837158203,0.9413037300109863,65.1285629272461,132.36758422851562,0.999131977558136,112.79484558105469,149.88429260253906,0.9399243593215942,107.70219421386719,145.38128662109375,0.9975327253341675,76.86980438232422,177.46047973632812,0.9846299290657043,54.130821228027344,177.59580993652344,0.9946258664131165,0.0,0.0,0.2497253119945526,54.26979064941406,239.369384765625,0.506985604763031,0.0,0.0,0.005935524124652147,0.0,0.0,0.010998968966305256
131,True,99.54696655273438,78.82011413574219,0.9797929525375366,0.0,0.0,0.43117690086364746,98.2518539428711,72.70997619628906,0.9911524653434753,0.0,0.0,0.015849333256483078,83.03733825683594,66.55004119873047,0.9921922087669373,86.41569519042969,95.01139831542969,0.9840442538261414,57.265708923339844,89.58406829833984,0.9990394711494446,92.22440338134766,132.75238037109375,0.9429137706756592,66.43907928466797,132.4672393798828,0.9991225600242615,112.46875,148.89804077148438,0.9425967931747437,108.7652359008789,147.32398986816406,0.9975392818450928,76.88109588623047,177.1224365234375,0.9848384857177734,54.23181915283203,177.27749633789062,0.9945873022079468,0.0,0.0,0.25464513897895813,54.25555419921875,239.27743530273438,0.5082871913909912,0.0,0.0,0.006031186319887638,0.0,0.0,0.010993016883730888
132,True,98.88255310058594,79.06889343261719,0.9784400463104248,0.0,0.0,0.42572689056396484,97.67869567871094,72.89076232910156,0.9904064536094666,0.0,0.0,0.01667516864836216,82.67601013183594,66.78837585449219,0.9915285110473633,85.96991729736328,95.59681701660156,0.9832828044891357,57.510780334472656,90.36181640625,0.9989539384841919,92.72676849365234,132.8925323486328,0.9396769404411316,68.44270324707031,132.5106658935547,0.9990241527557373,112.06434631347656,149.36895751953125,0.9396032691001892,108.90111541748047,147.370849609375,0.997277557849884,76.30735778808594,176.46163940429688,0.9841379523277283,54.21583938598633,176.60919189453125,0.9942609071731567,0.0,0.0,0.261271208524704,53.887107849121094,238.87466430664062,0.5138730406761169,0.0,0.0,0.006484779063612223,0.0,0.0,0.011715789325535297
133,True,98.42271423339844,78.80561828613281,0.9805193543434143,0.0,0.0,0.4472440183162689,97.08452606201172,72.47642517089844,0.9915456175804138,0.0,0.0,0.01697159744799137,81.92111206054688,66.09840393066406,0.9921491146087646,86.05884552001953,95.791259765625,0.9832936525344849,57.0562744140625,89.53083038330078,0.9990484118461609,92.57963562011719,133.16993713378906,0.9362143874168396,66.85074615478516,131.3459930419922,0.9991095662117004,112.33685302734375,149.99884033203125,0.9381605982780457,108.89261627197266,148.16793823242188,0.997510552406311,76.7072982788086,176.80474853515625,0.9836652874946594,54.46552276611328,176.45114135742188,0.9944118857383728,0.0,0.0,0.25342118740081787,54.04472351074219,239.015380859375,0.5178118348121643,0.0,0.0,0.006131855770945549,0.0,0.0,0.01155818160623312
134,True,98.382568359375,78.99383544921875,0.9689432978630066,100.320068359375,75.47891235351562,0.5051175951957703,96.39585876464844,72.41559600830078,0.9825400710105896,0.0,0.0,0.04120567813515663,80.62474822998047,65.86468505859375,0.975908637046814,85.17735290527344,94.60865020751953,0.9602592587471008,56.150474548339844,89.59477233886719,0.9974729418754578,92.10232543945312,133.52093505859375,0.8217557072639465,65.69065856933594,131.51480102539062,0.9960694313049316,112.64961242675781,149.00877380371094,0.8122824430465698,110.5498275756836,146.93959045410156,0.9878756403923035,75.03363800048828,178.4227294921875,0.9501957893371582,52.88606262207031,178.66897583007812,0.9819376468658447,0.0,0.0,0.17542196810245514,0.0,0.0,0.38771677017211914,0.0,0.0,0.007036969531327486,0.0,0.0,0.01337949838489294
135,True,97.86641693115234,78.29457092285156,0.9819172024726868,0.0,0.0,0.4838945269584656,96.51136779785156,71.90096282958984,0.9916144609451294,0.0,0.0,0.020061369985342026,81.61956024169922,65.95278930664062,0.9919008016586304,85.81907653808594,95.96215057373047,0.98574298620224,56.45909881591797,90.05958557128906,0.9990461468696594,92.8243408203125,132.951904296875,0.9457821249961853,66.12870025634766,132.53750610351562,0.9990430474281311,112.48433685302734,149.3199920654297,0.9443501830101013,107.87527465820312,147.8909912109375,0.9973397850990295,76.97367095947266,177.36459350585938,0.9847840070724487,54.46860122680664,177.22210693359375,0.9943310022354126,0.0,0.0,0.25183436274528503,0.0,0.0,0.4949958622455597,0.0,0.0,0.005800263024866581,0.0,0.0,0.010363783687353134
136,True,97.41864776611328,78.54869079589844,0.9838378429412842,99.56814575195312,75.63356018066406,0.5070001482963562,95.92193603515625,72.15274810791016,0.9926126003265381,0.0,0.0,0.020071422681212425,80.74737548828125,66.01051330566406,0.9924031496047974,85.42439270019531,96.05738830566406,0.986079752445221,56.45927429199219,90.10655212402344,0.99908447265625,92.2728042602539,133.12466430664062,0.9458019733428955,66.31422424316406,132.57127380371094,0.9990850687026978,112.69654846191406,149.87991333007812,0.9456166625022888,109.05976104736328,148.65460205078125,0.9974827170372009,76.86670684814453,177.5846405029297,0.9857118725776672,54.566261291503906,177.31338500976562,0.9947473406791687,0.0,0.0,0.276154488325119,53.120750427246094,239.95086669921875,0.5280980467796326,0.0,0.0,0.006623940076678991,0.0,0.0,0.011882023885846138
137,True,97.41643524169922,78.56524658203125,0.9838865399360657,99.5739974975586,75.63551330566406,0.5109694004058838,95.91578674316406,72.16000366210938,0.9925806522369385,0.0,0.0,0.020362863317131996,80.72373962402344,66.05633544921875,0.9923366904258728,85.46914672851562,96.10395050048828,0.9863216280937195,56.41752243041992,90.20547485351562,0.9990605711936951,92.53938293457031,133.09959411621094,0.946911633014679,66.3774185180664,132.62826538085938,0.9990484118461609,112.73521423339844,149.67514038085938,0.9461621046066284,108.51527404785156,148.4230499267578,0.9974004030227661,76.92548370361328,177.65032958984375,0.9858636260032654,54.557777404785156,177.40643310546875,0.9946902990341187,0.0,0.0,0.27861249446868896,53.249122619628906,240.0,0.5261737108230591,0.0,0.0,0.006716076750308275,0.0,0.0,0.011882741004228592
138,True,97.03836059570312,78.59600830078125,0.9849802851676941,99.35720825195312,75.69699096679688,0.5299459099769592,95.44105529785156,72.13829040527344,0.9929721355438232,0.0,0.0,0.021557414904236794,80.38355255126953,66.04435729980469,0.992592990398407,85.2161636352539,96.06170654296875,0.9873946905136108,56.20135498046875,90.18059539794922,0.9991293549537659,92.06404113769531,133.64593505859375,0.9492112398147583,66.47525024414062,133.32786560058594,0.9990803003311157,112.19044494628906,149.62501525878906,0.9475555419921875,108.06069946289062,148.12741088867188,0.9974541068077087,76.48104858398438,177.56210327148438,0.9864367842674255,54.212364196777344,177.37554931640625,0.9948893785476685,0.0,0.0,0.28450697660446167,53.724815368652344,240.0,0.5332240462303162,0.0,0.0,0.0068037668243050575,0.0,0.0,0.012022010050714016
139,True,94.6089859008789,78.49887084960938,0.986853837966919,97.06254577636719,75.61546325683594,0.5606632828712463,92.99541473388672,72.03131103515625,0.9935042262077332,0.0,0.0,0.02076304331421852,77.75948333740234,65.82719421386719,0.9929746389389038,83.8031234741211,97.39566802978516,0.9906472563743591,53.742279052734375,90.35987854003906,0.9990484118461609,93.23114013671875,134.51280212402344,0.9657170176506042,60.51902770996094,133.1290283203125,0.9990231990814209,115.88742065429688,151.05587768554688,0.9650706052780151,101.6261215209961,150.03781127929688,0.9977496266365051,75.72437286376953,177.21829223632812,0.9896344542503357,53.331790924072266,176.65798950195312,0.995303750038147,0.0,0.0,0.37282928824424744,54.701690673828125,238.1619873046875,0.5932552218437195,0.0,0.0,0.009375435300171375,0.0,0.0,0.014786193147301674
140,True,94.5068588256836,78.52389526367188,0.9868738055229187,97.02471923828125,75.50089263916016,0.566027820110321,92.70234680175781,72.13195037841797,0.9933004379272461,0.0,0.0,0.02253340743482113,77.79186248779297,65.82679748535156,0.9923563003540039,84.31861877441406,96.82372283935547,0.9886549711227417,53.99181365966797,90.21857452392578,0.9990540146827698,93.312255859375,134.67518615722656,0.9598175883293152,61.47053146362305,132.81744384765625,0.9990836381912231,116.46040344238281,151.155517578125,0.9643996953964233,102.24322509765625,149.6626434326172,0.9979628324508667,75.32182312011719,177.4049530029297,0.9852566123008728,52.78102111816406,176.97348022460938,0.9939540028572083,0.0,0.0,0.31479111313819885,52.01051330566406,239.3146514892578,0.5511960387229919,0.0,0.0,0.00729329464957118,0.0,0.0,0.012231523171067238
141,True,94.51031494140625,78.50128936767578,0.9868965744972229,97.02345275878906,75.49494171142578,0.5660198926925659,92.71205139160156,72.12994384765625,0.9933013916015625,0.0,0.0,0.022547462955117226,77.8049545288086,65.82425689697266,0.9923833012580872,84.28402709960938,96.83299255371094,0.9888716340065002,54.034027099609375,90.22579193115234,0.9990660548210144,93.25867462158203,134.65951538085938,0.9603947401046753,61.49968719482422,132.78321838378906,0.9990884065628052,116.42933654785156,151.1633758544922,0.9648086428642273,102.22120666503906,149.6824493408203,0.9979713559150696,75.21014404296875,177.3411865234375,0.985850989818573,52.77702331542969,176.8990478515625,0.9941765069961548,0.0,0.0,0.32829418778419495,51.935001373291016,239.4947967529297,0.5652306079864502,0.0,0.0,0.007751754485070705,0.0,0.0,0.012942895293235779
142,True,94.57785034179688,78.56062316894531,0.9870105981826782,97.23113250732422,75.57050323486328,0.5829153656959534,92.78620147705078,72.11628723144531,0.9931378960609436,0.0,0.0,0.024328943341970444,78.04976654052734,65.77035522460938,0.9919988512992859,84.64164733886719,96.87946319580078,0.9892207980155945,54.56102752685547,90.28131866455078,0.998981773853302,93.36642456054688,134.71841430664062,0.9619873762130737,62.61601638793945,133.07766723632812,0.9989707469940186,116.6156234741211,151.50509643554688,0.9646131992340088,100.67555236816406,149.63380432128906,0.9977014660835266,75.40274047851562,177.42620849609375,0.985831081867218,52.850486755371094,176.88763427734375,0.9938415288925171,0.0,0.0,0.32909271121025085,51.21955871582031,238.720947265625,0.5527100563049316,0.0,0.0,0.008004753850400448,0.0,0.0,0.012898598797619343
143,True,94.46754455566406,78.69277954101562,0.9867085218429565,97.20442199707031,75.69920349121094,0.5821390151977539,92.71028137207031,72.11833190917969,0.9929940104484558,0.0,0.0,0.026532409712672234,78.13894653320312,65.69400024414062,0.9916974306106567,84.57681274414062,97.13548278808594,0.9886885285377502,54.93669891357422,90.32389068603516,0.9990202188491821,93.67996978759766,135.2102508544922,0.9572892785072327,65.33612060546875,133.30233764648438,0.9989782571792603,116.9245376586914,151.79222106933594,0.9598208665847778,105.11939239501953,150.66831970214844,0.9975559711456299,75.10639953613281,177.91815185546875,0.9844052195549011,52.815895080566406,177.26043701171875,0.9935306906700134,0.0,0.0,0.30190351605415344,51.6799201965332,239.49728393554688,0.5333394408226013,0.0,0.0,0.007164670620113611,0.0,0.0,0.011978793889284134
144,True,94.49736022949219,78.697998046875,0.98667311668396,97.22711181640625,75.73523712158203,0.5829530954360962,92.72807312011719,72.15182495117188,0.9929270148277283,0.0,0.0,0.026731183752417564,78.18330383300781,65.8194351196289,0.9916039109230042,84.60513305664062,97.22834777832031,0.9886765480041504,55.04523468017578,90.41157531738281,0.9990160465240479,93.68592834472656,135.22601318359375,0.957346498966217,65.2352066040039,133.3182830810547,0.9989719390869141,116.87712860107422,151.80479431152344,0.9598709940910339,105.03340148925781,150.66600036621094,0.9975426197052002,75.02709197998047,177.97219848632812,0.9844010472297668,52.81364440917969,177.280517578125,0.9935163259506226,0.0,0.0,0.3013244569301605,51.5524787902832,239.53431701660156,0.5317978262901306,0.0,0.0,0.007133326958864927,0.0,0.0,0.011901590041816235
145,True,94.91854858398438,78.61133575439453,0.9851562976837158,97.33662414550781,75.6310043334961,0.5491637587547302,93.4473876953125,72.0271987915039,0.9922142624855042,0.0,0.0,0.02542678825557232,78.7005615234375,65.84515380859375,0.9918193817138672,84.31248474121094,97.24422454833984,0.9909205436706543,54.83500671386719,90.47416687011719,0.9990841150283813,92.78103637695312,134.51864624023438,0.9646885991096497,66.83307647705078,132.826904296875,0.9989663362503052,113.23905944824219,152.38023376464844,0.9592047333717346,105.95716857910156,152.4656524658203,0.9971785545349121,75.3062744140625,179.05010986328125,0.9891196489334106,52.88092041015625,178.46253967285156,0.9950773119926453,0.0,0.0,0.3202977478504181,53.50019836425781,240.0,0.5347607135772705,0.0,0.0,0.007659406866878271,0.0,0.0,0.012123619206249714
146,True,94.88198852539062,79.34967041015625,0.9852374196052551,97.56273651123047,76.33267974853516,0.5696260929107666,93.19979858398438,72.73564147949219,0.9921492338180542,0.0,0.0,0.029079336673021317,78.69745635986328,66.0799560546875,0.9906306862831116,84.48063659667969,96.72371673583984,0.986591637134552,55.92543411254883,90.41270446777344,0.9989376664161682,92.5287094116211,135.07034301757812,0.9460093975067139,69.58241271972656,133.77793884277344,0.9988025426864624,113.44020080566406,152.48028564453125,0.9471505880355835,108.52584838867188,153.232421875,0.9968395233154297,74.918212890625,179.35595703125,0.9797955751419067,53.19678497314453,178.80917358398438,0.9919689297676086,0.0,0.0,0.2336045801639557,0.0,0.0,0.4542461037635803,0.0,0.0,0.005378625821322203,0.0,0.0,0.009257948957383633
147,True,94.86663055419922,79.35160064697266,0.9851179122924805,97.5461654663086,76.3498764038086,0.5686869025230408,93.22346496582031,72.75485229492188,0.9920362830162048,0.0,0.0,0.02926182933151722,78.78990936279297,66.08018493652344,0.9904752373695374,84.42705535888672,96.68843841552734,0.9866583943367004,56.01166534423828,90.42976379394531,0.998933732509613,92.57736206054688,134.92025756835938,0.9467625617980957,69.61946105957031,133.76654052734375,0.9988042116165161,113.58522033691406,152.5214080810547,0.9478725790977478,108.55279541015625,153.3292694091797,0.9968507885932922,74.82595825195312,179.38058471679688,0.9803285002708435,53.1948356628418,178.86439514160156,0.992141842842102,0.0,0.0,0.23978152871131897,0.0,0.0,0.46167901158332825,0.0,0.0,0.005543803796172142,0.0,0.0,0.0095154894515872
148,True,95.27561950683594,79.12936401367188,0.9850450158119202,97.94924926757812,76.14111328125,0.5751081705093384,93.42863464355469,72.54715728759766,0.9926058053970337,0.0,0.0,0.028223617002367973,78.75891876220703,66.049560546875,0.9909632802009583,85.0140380859375,96.55880737304688,0.9834913611412048,56.35082244873047,90.21002197265625,0.9987786412239075,93.37227630615234,135.23812866210938,0.9261052012443542,71.0024642944336,133.70989990234375,0.9985371828079224,116.27928161621094,153.30047607421875,0.9261202216148376,110.98048400878906,152.65274047851562,0.9959293007850647,75.39247131347656,179.30374145507812,0.9761181473731995,53.460350036621094,178.69517517089844,0.9909634590148926,0.0,0.0,0.22935670614242554,0.0,0.0,0.45995068550109863,0.0,0.0,0.005982513073831797,0.0,0.0,0.010617896914482117
149,True,95.17582702636719,79.13574981689453,0.9835926294326782,97.63597106933594,76.19833374023438,0.5460272431373596,93.63273620605469,72.56387329101562,0.9912236928939819,0.0,0.0,0.026950767263770103,78.8546371459961,65.97461700439453,0.9903395771980286,84.75015258789062,96.47003936767578,0.9895083904266357,55.66606140136719,90.01171875,0.9988487958908081,93.43224334716797,134.22520446777344,0.9588518142700195,69.36310577392578,133.17161560058594,0.9986664056777954,115.68204498291016,152.64706420898438,0.9506521821022034,109.4286880493164,151.73312377929688,0.9962815642356873,75.80326080322266,179.4134521484375,0.9871532320976257,53.49944305419922,178.843505859375,0.9940027594566345,0.0,0.0,0.29373618960380554,0.0,0.0,0.49486762285232544,0.0,0.0,0.007256014738231897,0.0,0.0,0.011249375529587269
150,True,95.04722595214844,79.15841674804688,0.9854820966720581,97.75486755371094,76.40873718261719,0.5820029973983765,93.51883697509766,72.64775085449219,0.9920593500137329,0.0,0.0,0.026551369577646255,78.86854553222656,66.00267791748047,0.9905102849006653,84.44773864746094,96.72367858886719,0.9900519251823425,55.54303741455078,89.60337829589844,0.9988395571708679,93.26355743408203,134.18704223632812,0.9638238549232483,63.936851501464844,132.45587158203125,0.9987032413482666,115.45050048828125,151.5994110107422,0.9590190649032593,100.80348205566406,149.79566955566406,0.9967783093452454,75.57748413085938,178.74014282226562,0.9892798066139221,53.60741424560547,177.8995819091797,0.9948539137840271,0.0,0.0,0.35615596175193787,52.49907684326172,240.0,0.5586826801300049,0.0,0.0,0.009325999766588211,0.0,0.0,0.014145050197839737
151,True,94.6694564819336,79.40296173095703,0.9855406880378723,97.57064819335938,76.57430267333984,0.5722475051879883,92.99971771240234,72.84323120117188,0.9927258491516113,0.0,0.0,0.02556254155933857,78.3802490234375,65.65525817871094,0.9906498789787292,84.3436050415039,96.2801742553711,0.9839732646942139,56.08919143676758,89.43226623535156,0.9989050626754761,92.76770782470703,134.44503784179688,0.9368826150894165,65.95404815673828,132.88827514648438,0.9988717436790466,114.9896011352539,151.6945343017578,0.9436635971069336,104.29693603515625,150.89208984375,0.9971944093704224,75.07440948486328,178.7026824951172,0.9809862971305847,53.779422760009766,177.75033569335938,0.9930873513221741,0.0,0.0,0.283264696598053,51.09388732910156,240.0,0.5402829647064209,0.0,0.0,0.007324203848838806,0.0,0.0,0.013345995917916298
152,True,95.02965545654297,79.54965209960938,0.9778845906257629,97.63386535644531,76.2877197265625,0.5737785696983337,93.1321029663086,72.86543273925781,0.9868127703666687,0.0,0.0,0.043850284069776535,77.69183349609375,65.58667755126953,0.9803439378738403,83.539794921875,95.00802612304688,0.978039562702179,54.616817474365234,89.68435668945312,0.9981430768966675,91.01826477050781,133.74148559570312,0.9078019261360168,64.59359741210938,133.69200134277344,0.9972954392433167,109.90190124511719,150.29537963867188,0.9032168984413147,104.552734375,152.4932098388672,0.9924612641334534,73.43952941894531,179.13595581054688,0.97297602891922,51.71767044067383,178.84889221191406,0.9886903166770935,0.0,0.0,0.2646012604236603,0.0,0.0,0.4786910116672516,0.0,0.0,0.009255822747945786,0.0,0.0,0.015671245753765106
153,True,94.85520935058594,79.54875183105469,0.979702889919281,97.45718383789062,76.27482604980469,0.5886737704277039,92.87733459472656,72.91316223144531,0.9878318905830383,0.0,0.0,0.04443483054637909,77.41900634765625,65.753173828125,0.9819714426994324,83.224365234375,95.07991790771484,0.9804578423500061,54.73332214355469,89.89059448242188,0.9982989430427551,91.12373352050781,133.55001831054688,0.9162390232086182,63.85685348510742,133.90406799316406,0.9974725842475891,110.48387145996094,149.5936279296875,0.9116581678390503,103.01673889160156,152.3037872314453,0.9930741786956787,73.52216339111328,178.3706817626953,0.9740481376647949,52.316951751708984,178.18272399902344,0.9889792203903198,0.0,0.0,0.27120333909988403,0.0,0.0,0.48460492491722107,0.0,0.0,0.009256645105779171,0.0,0.0,0.015538090839982033
154,True,95.00233459472656,79.78775024414062,0.9761684536933899,97.39714813232422,76.50875854492188,0.5444220900535583,93.24070739746094,73.21991729736328,0.98591148853302,0.0,0.0,0.041107192635536194,77.99159240722656,66.01628875732422,0.9806534647941589,83.16498565673828,95.02928161621094,0.9780243635177612,54.88419723510742,90.03949737548828,0.9982646107673645,90.7774658203125,133.4423828125,0.91005939245224,63.941524505615234,133.95846557617188,0.9975957274436951,109.93875885009766,149.65577697753906,0.9060564041137695,103.00381469726562,152.3674774169922,0.99321448802948,73.34954833984375,178.62379455566406,0.973345160484314,52.132774353027344,178.46421813964844,0.9892067909240723,0.0,0.0,0.258134126663208,0.0,0.0,0.47898948192596436,0.0,0.0,0.008668115362524986,0.0,0.0,0.015027222223579884
155,True,94.9185791015625,80.02912902832031,0.9756056070327759,97.23958587646484,76.75234985351562,0.5136497020721436,93.25303649902344,73.49797821044922,0.9855872392654419,0.0,0.0,0.03544123098254204,78.09759521484375,65.97831726074219,0.9805440306663513,82.89364624023438,95.15423583984375,0.9779590368270874,54.85050582885742,89.4188003540039,0.9985384941101074,89.77262878417969,132.8268585205078,0.919417679309845,59.52603530883789,132.32513427734375,0.998322069644928,109.5324935913086,148.64822387695312,0.9252413511276245,100.62384796142578,152.18431091308594,0.9955839514732361,72.89959716796875,178.193359375,0.9757591485977173,52.112850189208984,177.64871215820312,0.9909650087356567,0.0,0.0,0.26609867811203003,50.837379455566406,238.29806518554688,0.509767472743988,0.0,0.0,0.008264516480267048,0.0,0.0,0.015174933709204197
156,True,94.938232421875,79.53547668457031,0.9780145883560181,97.3630142211914,76.31732177734375,0.5454645752906799,93.16413879394531,72.96112823486328,0.986538290977478,0.0,0.0,0.03679431602358818,77.87191772460938,65.71045684814453,0.9804853200912476,82.31843566894531,95.19329833984375,0.9792414307594299,54.851295471191406,89.55391693115234,0.9984499216079712,89.44336700439453,132.88279724121094,0.9261146783828735,57.41550064086914,133.43165588378906,0.9981827735900879,109.28065490722656,148.482666015625,0.9319514632225037,98.64715576171875,153.06536865234375,0.9955022931098938,72.63502502441406,178.68838500976562,0.9752575755119324,52.371280670166016,178.20875549316406,0.9901719689369202,0.0,0.0,0.25959232449531555,0.0,0.0,0.4857531487941742,0.0,0.0,0.007731505669653416,0.0,0.0,0.013610877096652985
157,True,95.08551025390625,79.73577880859375,0.9733253121376038,0.0,0.0,0.4843465983867645,93.50883483886719,73.31074523925781,0.9834221005439758,0.0,0.0,0.03278366103768349,78.31233215332031,65.87712860107422,0.9791951179504395,82.58185577392578,94.7822494506836,0.9804766178131104,54.43927764892578,89.58680725097656,0.9984756112098694,89.29889678955078,132.79135131835938,0.9366258978843689,57.26499938964844,133.6949462890625,0.9983540773391724,109.66072082519531,148.73336791992188,0.9401652216911316,98.99525451660156,152.87600708007812,0.9959022402763367,72.99220275878906,178.42568969726562,0.9787625670433044,52.268836975097656,178.19805908203125,0.9913063645362854,0.0,0.0,0.2788825035095215,51.16773223876953,238.9736785888672,0.5021963715553284,0.0,0.0,0.00802622176706791,0.0,0.0,0.013775981031358242
158,True,95.13456726074219,79.69047546386719,0.9733126759529114,0.0,0.0,0.48357030749320984,93.53996276855469,73.30076599121094,0.9834017753601074,0.0,0.0,0.032546550035476685,78.3546142578125,65.89625549316406,0.9791731834411621,82.5908432006836,94.70890808105469,0.9804592132568359,54.51557159423828,89.5011978149414,0.9984757304191589,89.14375305175781,132.6700439453125,0.9369850754737854,57.16332244873047,133.4827880859375,0.9983646273612976,109.63674926757812,148.82403564453125,0.9405875205993652,99.00406646728516,152.9836883544922,0.9959348440170288,72.91130065917969,178.49099731445312,0.9790063500404358,52.215877532958984,178.2652130126953,0.9914041757583618,0.0,0.0,0.2809285819530487,51.091800689697266,239.0323028564453,0.504520058631897,0.0,0.0,0.008100110106170177,0.0,0.0,0.013890297152101994
159,True,94.85157775878906,78.917236328125,0.9760486483573914,97.11925506591797,75.56120300292969,0.5268564820289612,92.92420196533203,72.44418334960938,0.9854399561882019,0.0,0.0,0.03419587388634682,77.48045349121094,65.64912414550781,0.9808201193809509,83.12040710449219,95.21353149414062,0.9800602197647095,54.00434112548828,89.99150085449219,0.9982220530509949,89.79782104492188,133.65188598632812,0.9282791614532471,56.27714920043945,133.95758056640625,0.9978093504905701,109.41017150878906,149.2918701171875,0.9300565719604492,96.07421875,150.7721405029297,0.9947397112846375,73.41265869140625,178.0757293701172,0.9750160574913025,52.2044563293457,177.80743408203125,0.989220917224884,0.0,0.0,0.2679268717765808,0.0,0.0,0.4769028127193451,0.0,0.0,0.008232511579990387,0.0,0.0,0.013666736893355846
160,True,94.9385757446289,78.65184020996094,0.9747333526611328,0.0,0.0,0.4869166612625122,93.02803039550781,72.36992645263672,0.9849761128425598,0.0,0.0,0.02939252182841301,77.70729064941406,65.92920684814453,0.9818984866142273,83.09683227539062,94.9447250366211,0.9798668622970581,53.60707092285156,90.46060180664062,0.9985285997390747,88.94207000732422,132.4589080810547,0.9322089552879333,53.57444381713867,134.08612060546875,0.9983988404273987,107.69436645507812,147.04698181152344,0.938762903213501,95.06672668457031,148.9512481689453,0.9962359070777893,73.36414337158203,176.76907348632812,0.9761365652084351,52.06425476074219,176.90371704101562,0.990559458732605,0.0,0.0,0.26954442262649536,52.7871208190918,235.88995361328125,0.5003441572189331,0.0,0.0,0.007880829274654388,0.0,0.0,0.013828040100634098
161,True,94.4947509765625,78.53559875488281,0.9840739965438843,0.0,0.0,0.4873647689819336,92.94268798828125,72.44987487792969,0.9921032786369324,0.0,0.0,0.01703295297920704,78.07352447509766,65.67935180664062,0.9920902252197266,83.91534423828125,95.87610626220703,0.9870281219482422,53.781890869140625,90.7890625,0.9992076754570007,89.38678741455078,132.0947265625,0.9599824547767639,53.49626922607422,134.5981903076172,0.9993640780448914,108.08148956298828,147.8805694580078,0.970524787902832,92.74347686767578,149.4779815673828,0.9987228512763977,74.13473510742188,175.10650634765625,0.9855210185050964,52.73686218261719,174.86122131347656,0.994848906993866,0.0,0.0,0.3409043252468109,50.24140167236328,235.63912963867188,0.6089195013046265,0.0,0.0,0.007874798960983753,0.0,0.0,0.014256145805120468
162,True,94.44579315185547,78.45230102539062,0.9829214215278625,0.0,0.0,0.47593384981155396,93.170166015625,72.29723358154297,0.9918770790100098,0.0,0.0,0.016243282705545425,78.19036865234375,65.6451416015625,0.9924437403678894,83.57533264160156,96.775390625,0.9887264370918274,52.70476531982422,91.06128692626953,0.9991418123245239,89.76163482666016,132.62741088867188,0.9637081027030945,50.71726989746094,134.6505584716797,0.999261200428009,109.68185424804688,148.95883178710938,0.9688155651092529,92.34569549560547,149.47604370117188,0.9984403252601624,75.09335327148438,175.41384887695312,0.9895678162574768,53.10113525390625,175.144287109375,0.9958796501159668,0.0,0.0,0.39707455039024353,50.87751007080078,236.23568725585938,0.6431766152381897,0.0,0.0,0.009890403598546982,0.0,0.0,0.01674412190914154
163,True,94.58383178710938,78.84807586669922,0.9840677976608276,0.0,0.0,0.48543915152549744,93.0512924194336,72.6533203125,0.9928265810012817,0.0,0.0,0.015145480632781982,78.16239929199219,65.74433898925781,0.9930030703544617,83.23655700683594,97.11405944824219,0.9846152663230896,51.3214111328125,91.60363006591797,0.999099850654602,87.58673858642578,134.3113555908203,0.9489237070083618,47.264686584472656,136.19186401367188,0.9992327690124512,108.99087524414062,149.2298583984375,0.9632850289344788,89.68150329589844,149.8187713623047,0.9985095858573914,73.4795150756836,175.01885986328125,0.9814635515213013,51.18290328979492,175.26023864746094,0.993558943271637,0.0,0.0,0.3183404505252838,49.34349822998047,236.6056671142578,0.5905264019966125,0.0,0.0,0.0076601095497608185,0.0,0.0,0.013965399004518986
164,True,94.480224609375,78.99699401855469,0.9836997985839844,0.0,0.0,0.4836997389793396,93.10282897949219,72.77207946777344,0.9923049807548523,0.0,0.0,0.016346735879778862,78.30706024169922,65.68627166748047,0.9925979375839233,83.32076263427734,96.86846923828125,0.986505925655365,51.09474182128906,91.82725524902344,0.9991464614868164,87.03987121582031,133.13302612304688,0.9574726819992065,47.55622100830078,136.27886962890625,0.9992744326591492,106.43567657470703,147.30084228515625,0.9690432548522949,90.09109497070312,149.43325805664062,0.9986022114753723,73.85514068603516,174.76080322265625,0.9841929078102112,51.31575393676758,175.14248657226562,0.9942421317100525,0.0,0.0,0.34278711676597595,48.76995849609375,236.86996459960938,0.6043086647987366,0.0,0.0,0.00802868977189064,0.0,0.0,0.014145496301352978
165,True,94.5405044555664,78.75926208496094,0.9839298129081726,0.0,0.0,0.49339303374290466,93.35877227783203,72.54881286621094,0.9926856756210327,0.0,0.0,0.016198700293898582,78.15635681152344,65.65956115722656,0.9933016300201416,82.99177551269531,97.27200317382812,0.9890223741531372,50.684173583984375,92.00189208984375,0.9990788698196411,86.95181274414062,132.9027557373047,0.9623124003410339,47.29759216308594,136.20455932617188,0.9990957975387573,105.72329711914062,147.2278594970703,0.9673239588737488,90.1417465209961,149.77976989746094,0.9981538653373718,74.47381591796875,174.85621643066406,0.9887855052947998,51.70838165283203,175.13906860351562,0.9953122138977051,0.0,0.0,0.40987730026245117,49.2883415222168,236.41180419921875,0.6397911310195923,0.0,0.0,0.010888766497373581,0.0,0.0,0.017445959150791168
166,True,94.44913482666016,78.60474395751953,0.9853634834289551,0.0,0.0,0.4874812066555023,92.57991027832031,72.38961791992188,0.9933498501777649,0.0,0.0,0.014009842649102211,77.32540130615234,65.87699127197266,0.993889570236206,83.34246826171875,97.06425476074219,0.9877118468284607,51.858341217041016,92.09246826171875,0.9991636276245117,89.25563049316406,134.77545166015625,0.9593467116355896,51.48823547363281,137.24517822265625,0.9992929697036743,114.40869140625,149.6919708251953,0.9683613181114197,92.04656982421875,149.1444854736328,0.9985893368721008,73.91265869140625,175.93630981445312,0.9847484230995178,51.6024055480957,176.29257202148438,0.9942845702171326,0.0,0.0,0.3348854184150696,49.32530212402344,237.66082763671875,0.5922836661338806,0.0,0.0,0.007701091933995485,0.0,0.0,0.01330629549920559
167,True,93.79682159423828,78.3874282836914,0.9853231906890869,0.0,0.0,0.49260401725769043,91.9405517578125,72.20372009277344,0.9931619167327881,0.0,0.0,0.015998482704162598,77.07447814941406,65.83917999267578,0.9938642978668213,83.49787902832031,96.96121978759766,0.9886986613273621,52.579200744628906,91.85131072998047,0.9992755055427551,88.34877014160156,134.5306854248047,0.9608834981918335,54.97785186767578,136.3524627685547,0.9993690848350525,111.20085906982422,149.04635620117188,0.9682456254959106,94.0302734375,150.1344757080078,0.9986380934715271,74.91596984863281,175.5562286376953,0.9857646822929382,52.74037170410156,175.73094177246094,0.9948463439941406,0.0,0.0,0.33902910351753235,49.935333251953125,236.41749572753906,0.6038293242454529,0.0,0.0,0.00787820853292942,0.0,0.0,0.013993004336953163
168,True,93.79134368896484,78.38028717041016,0.9856382012367249,0.0,0.0,0.49762216210365295,91.87357330322266,72.17961120605469,0.9933302998542786,0.0,0.0,0.015969181433320045,76.92131042480469,65.77017974853516,0.9939370155334473,83.53440856933594,96.95405578613281,0.9887384176254272,52.550148010253906,91.89826202392578,0.9992671608924866,88.32898712158203,134.65093994140625,0.9608084559440613,55.104248046875,136.33831787109375,0.9993574023246765,111.3743896484375,149.1041717529297,0.9683001637458801,94.12014770507812,150.1936798095703,0.9986258745193481,75.03754425048828,175.7168426513672,0.985626757144928,52.81363296508789,175.94735717773438,0.9947609305381775,0.0,0.0,0.33811596035957336,49.9610595703125,236.62493896484375,0.6013789176940918,0.0,0.0,0.007878100499510765,0.0,0.0,0.013923398219048977
169,True,93.87734985351562,78.11820220947266,0.9884560108184814,96.32549285888672,75.11981201171875,0.568888247013092,91.6812973022461,72.03907775878906,0.9945928454399109,0.0,0.0,0.019791319966316223,76.67789459228516,66.06877136230469,0.9944007992744446,83.09121704101562,97.21234130859375,0.9894559979438782,53.449745178222656,91.32466888427734,0.9992321729660034,87.15608215332031,135.4694366455078,0.9570688605308533,59.043724060058594,134.85049438476562,0.9991968274116516,111.59782409667969,151.36697387695312,0.9627804756164551,101.69194030761719,152.62454223632812,0.9981637597084045,73.92230224609375,176.74392700195312,0.9846903681755066,52.36018753051758,176.66551208496094,0.9941352605819702,0.0,0.0,0.33834630250930786,49.575401306152344,238.02255249023438,0.5869008302688599,0.0,0.0,0.008382197469472885,0.0,0.0,0.014201782643795013
170,True,93.23928833007812,77.85469055175781,0.9901208877563477,96.06680297851562,74.64929962158203,0.6234214305877686,90.51731872558594,71.63787078857422,0.9953058362007141,0.0,0.0,0.021751118823885918,75.38829803466797,66.2659912109375,0.9946030974388123,82.5472412109375,96.79067993164062,0.9894900918006897,53.97880554199219,92.26161193847656,0.9990808963775635,87.2804946899414,134.7523193359375,0.9549204111099243,63.004364013671875,136.68045043945312,0.9989256262779236,111.27519226074219,149.90493774414062,0.9596829414367676,101.38961029052734,152.2837677001953,0.9975997805595398,72.61357116699219,175.89353942871094,0.9830937385559082,51.62966537475586,176.302978515625,0.9929342269897461,0.0,0.0,0.32926833629608154,49.336761474609375,239.12783813476562,0.5560797452926636,0.0,0.0,0.008375754579901695,0.0,0.0,0.013283746317029
171,True,92.78866577148438,77.83484649658203,0.9886053204536438,95.38575744628906,74.49979400634766,0.5955828428268433,89.95089721679688,71.68707275390625,0.9950752854347229,0.0,0.0,0.02068830095231533,74.80599212646484,66.40463256835938,0.9941384792327881,81.46186828613281,96.11463165283203,0.9823541641235352,54.91133117675781,92.13633728027344,0.9989732503890991,86.22758483886719,135.4120635986328,0.9116585850715637,65.93919372558594,137.4038848876953,0.9987665414810181,110.03611755371094,150.3118133544922,0.9232385158538818,105.07606506347656,152.1343994140625,0.9968686699867249,72.32958984375,177.1947479248047,0.9738391041755676,52.47880172729492,177.7452850341797,0.9912589192390442,0.0,0.0,0.2612602412700653,50.83113098144531,240.0,0.5296885967254639,0.0,0.0,0.0074154529720544815,0.0,0.0,0.013808579184114933
172,True,92.76199340820312,77.87577056884766,0.9887547492980957,95.36372375488281,74.44447326660156,0.595464289188385,89.95259094238281,71.6473617553711,0.9952389001846313,0.0,0.0,0.02021695114672184,74.7369384765625,66.06817626953125,0.9942073822021484,81.4974594116211,96.03408813476562,0.981333315372467,54.81647491455078,91.74006652832031,0.9989812970161438,86.30943298339844,135.47633361816406,0.9062397480010986,65.73751831054688,136.77081298828125,0.9988018274307251,110.19676208496094,150.38943481445312,0.9207520484924316,104.83265686035156,152.37506103515625,0.9969694018363953,72.35289764404297,177.3339080810547,0.9723595380783081,52.39299011230469,177.74880981445312,0.991080105304718,0.0,0.0,0.24894782900810242,50.4466438293457,240.0,0.5228078365325928,0.0,0.0,0.006990721449255943,0.0,0.0,0.013369519263505936
173,True,91.91999053955078,77.73737335205078,0.9866631627082825,94.70144653320312,73.85868072509766,0.6924455165863037,88.75450134277344,71.2240982055664,0.9922978281974792,0.0,0.0,0.0520072765648365,73.10348510742188,65.40485382080078,0.9863417744636536,80.36199188232422,94.31381225585938,0.9802215099334717,53.656150817871094,91.62542724609375,0.998314380645752,85.55345916748047,133.07122802734375,0.8895302414894104,65.6259765625,136.47897338867188,0.9967336654663086,106.25985717773438,148.3475341796875,0.8835898041725159,105.103271484375,152.35671997070312,0.9909580945968628,71.28518676757812,177.98434448242188,0.9681785702705383,51.25005340576172,179.13705444335938,0.9867434501647949,0.0,0.0,0.2746827304363251,0.0,0.0,0.4909782111644745,0.0,0.0,0.010858333669602871,0.0,0.0,0.018110869452357292
174,True,91.1465072631836,76.23930358886719,0.9904374480247498,94.6587142944336,72.63249206542969,0.7546825408935547,88.18125915527344,69.45177459716797,0.9946869611740112,0.0,0.0,0.04629598557949066,72.42315673828125,63.739837646484375,0.9904574155807495,84.45459747314453,99.17088317871094,0.9865412712097168,43.831172943115234,90.12492370605469,0.9984835982322693,86.2929916381836,137.5471649169922,0.9319242238998413,25.101608276367188,131.28125,0.9971541166305542,93.25221252441406,146.81419372558594,0.9442265629768372,72.6645278930664,149.49014282226562,0.9952303767204285,74.22103881835938,179.55018615722656,0.9719316363334656,47.56104278564453,178.67869567871094,0.9869906306266785,0.0,0.0,0.23987743258476257,0.0,0.0,0.4193561375141144,0.0,0.0,0.006384808104485273,0.0,0.0,0.009884764440357685
175,True,88.93678283691406,76.34034729003906,0.9899954795837402,93.05735778808594,72.52529907226562,0.7673276662826538,86.20558166503906,69.06211853027344,0.993669331073761,0.0,0.0,0.0598611906170845,71.18250274658203,62.16584777832031,0.9868550300598145,83.73126220703125,98.50080871582031,0.9867353439331055,41.52050018310547,89.35609436035156,0.9985509514808655,85.15933227539062,135.7803955078125,0.941215455532074,21.6259765625,130.16029357910156,0.9975074529647827,90.86758422851562,144.41299438476562,0.9546211957931519,69.39125061035156,148.30166625976562,0.9959527254104614,73.34818267822266,181.86329650878906,0.9738296866416931,45.38428497314453,181.0426025390625,0.9879762530326843,0.0,0.0,0.211969792842865,0.0,0.0,0.38451021909713745,0.0,0.0,0.0048545184545218945,0.0,0.0,0.007724149152636528
176,True,89.10533905029297,76.05081939697266,0.9894067645072937,93.03520202636719,72.32923889160156,0.7504355311393738,86.45856475830078,68.98875427246094,0.9932913780212402,0.0,0.0,0.056775711476802826,71.48668670654297,62.28895568847656,0.9870998859405518,83.52448272705078,98.07571411132812,0.9875136017799377,41.713443756103516,89.3079605102539,0.9986133575439453,85.0440673828125,135.57232666015625,0.9437156319618225,21.804412841796875,130.35354614257812,0.9975597858428955,90.79109954833984,144.40240478515625,0.9553012251853943,69.31229400634766,148.39320373535156,0.9959530830383301,72.95354461669922,180.58169555664062,0.9756405353546143,45.525360107421875,179.9385986328125,0.9886887669563293,0.0,0.0,0.23827871680259705,0.0,0.0,0.4170759916305542,0.0,0.0,0.005672667175531387,0.0,0.0,0.0088869733735919
177,True,88.30447387695312,75.57511901855469,0.9891365766525269,92.5334701538086,71.88957214355469,0.7586889863014221,85.80400085449219,68.08445739746094,0.9930374026298523,0.0,0.0,0.0599614717066288,70.25057220458984,60.349952697753906,0.9860316514968872,82.40486145019531,97.6170425415039,0.9872903227806091,39.002052307128906,87.52291870117188,0.9983164072036743,83.813232421875,137.10394287109375,0.9399754405021667,19.510726928710938,130.12298583984375,0.9966288208961487,88.20451354980469,143.94430541992188,0.9501380324363708,67.6918716430664,148.58099365234375,0.9945183396339417,72.9449462890625,181.26849365234375,0.9738701581954956,44.637115478515625,180.32904052734375,0.9868329167366028,0.0,0.0,0.24624818563461304,0.0,0.0,0.40585795044898987,0.0,0.0,0.006181508302688599,0.0,0.0,0.009115819819271564
178,True,87.26197814941406,74.30023193359375,0.9859331250190735,91.26837158203125,70.45980072021484,0.715481698513031,85.18406677246094,66.72236633300781,0.9902439713478088,0.0,0.0,0.06012142822146416,70.17235565185547,58.64637756347656,0.9814307689666748,81.44577026367188,97.26578521728516,0.9870320558547974,37.135986328125,87.0111083984375,0.9980120658874512,83.7795639038086,136.94740295410156,0.9449986219406128,17.552223205566406,129.81857299804688,0.9963076114654541,93.27238464355469,145.79299926757812,0.9522905945777893,69.47979736328125,148.67086791992188,0.9939507246017456,70.2695083618164,184.30569458007812,0.9734528064727783,41.289039611816406,183.38412475585938,0.9855839014053345,0.0,0.0,0.20899337530136108,0.0,0.0,0.3423531949520111,0.0,0.0,0.004662263207137585,0.0,0.0,0.006612188182771206
179,True,87.30030059814453,74.1822738647461,0.9834769368171692,91.11143493652344,69.70610046386719,0.6457249522209167,84.81160736083984,66.47176361083984,0.9887146353721619,0.0,0.0,0.03947978839278221,68.39069366455078,57.48876953125,0.9804977178573608,80.14632415771484,95.63339233398438,0.9863049983978271,35.27165985107422,85.51252746582031,0.9975064396858215,79.3989028930664,135.836181640625,0.9525731801986694,15.645759582519531,127.07388305664062,0.9959763884544373,88.8745346069336,143.8843231201172,0.9613850712776184,64.88367462158203,146.23785400390625,0.9942613840103149,67.58229064941406,185.414794921875,0.9745760560035706,38.066410064697266,184.5767822265625,0.9847559332847595,0.0,0.0,0.21113716065883636,0.0,0.0,0.3186994791030884,0.0,0.0,0.004582824185490608,0.0,0.0,0.005877428688108921
180,True,86.33502197265625,73.53591918945312,0.9820699691772461,89.8917465209961,69.23198699951172,0.6260665655136108,84.52120208740234,65.66477966308594,0.9876768589019775,0.0,0.0,0.03671735152602196,67.72061157226562,56.57078552246094,0.9773239493370056,76.85218811035156,96.321044921875,0.9831779599189758,33.24688720703125,85.52838897705078,0.9967809915542603,79.79396057128906,136.8531951904297,0.9425760507583618,12.148548126220703,127.87214660644531,0.9947827458381653,92.35651397705078,147.4403533935547,0.9525790214538574,62.119380950927734,147.1761474609375,0.9926337599754333,64.00371551513672,187.83975219726562,0.9665178060531616,35.43644332885742,186.6766815185547,0.9794579744338989,0.0,0.0,0.16934162378311157,0.0,0.0,0.25973349809646606,0.0,0.0,0.0037056715227663517,0.0,0.0,0.004714150447398424
181,True,85.89854431152344,73.18061828613281,0.9795157313346863,88.8425521850586,68.63874816894531,0.6199913620948792,83.68148803710938,65.50521850585938,0.9855490326881409,0.0,0.0,0.03417019918560982,65.78146362304688,56.7943115234375,0.9703590869903564,73.62289428710938,94.57091522216797,0.9763191342353821,31.387916564941406,84.395751953125,0.9940517544746399,75.29298400878906,134.837158203125,0.9288545250892639,10.77142333984375,126.97636413574219,0.9902117848396301,86.25357818603516,141.23887634277344,0.9444737434387207,70.08658599853516,147.29771423339844,0.9882068037986755,63.024383544921875,187.65777587890625,0.9565445780754089,34.78337478637695,187.365234375,0.9693412184715271,0.0,0.0,0.15999549627304077,0.0,0.0,0.2200118899345398,0.0,0.0,0.004136267118155956,0.0,0.0,0.004743693396449089
182,True,85.93295288085938,73.06399536132812,0.9795578122138977,88.93598937988281,68.50273132324219,0.636660099029541,83.58952331542969,65.41435241699219,0.9850268959999084,0.0,0.0,0.03718598932027817,65.72101593017578,56.82452392578125,0.9685688018798828,74.0325927734375,94.62568664550781,0.977863609790802,31.28046417236328,84.33950805664062,0.9933629035949707,75.46710968017578,134.7677001953125,0.933594286441803,10.724361419677734,126.41285705566406,0.98836749792099,86.22161102294922,141.2275390625,0.9459517002105713,69.75680541992188,147.4921875,0.9861769080162048,62.81768035888672,187.39195251464844,0.9597975015640259,34.22785568237305,187.06979370117188,0.9691208004951477,0.0,0.0,0.18010717630386353,0.0,0.0,0.22879186272621155,0.0,0.0,0.00483139930292964,0.0,0.0,0.005193187855184078
183,True,85.58868408203125,72.34637451171875,0.9787574410438538,88.43389129638672,67.83827209472656,0.6115938425064087,82.85600280761719,64.60470581054688,0.9855912923812866,0.0,0.0,0.02768866717815399,64.46878814697266,56.275489807128906,0.9707150459289551,70.26744079589844,95.13906860351562,0.9730108976364136,30.11724090576172,83.22977447509766,0.9908796548843384,70.059814453125,137.63705444335938,0.9153213500976562,9.562278747558594,125.39125061035156,0.9836030006408691,88.37787628173828,145.08802795410156,0.9285733103752136,72.38774108886719,147.32302856445312,0.9811122417449951,59.518890380859375,188.17286682128906,0.9468536376953125,32.62913513183594,187.83714294433594,0.9572710394859314,0.0,0.0,0.16035200655460358,0.0,0.0,0.1982133686542511,0.0,0.0,0.004738362971693277,0.0,0.0,0.004862931556999683
184,True,83.76251983642578,72.59619903564453,0.9715616703033447,86.75587463378906,68.331787109375,0.5261659026145935,81.21783447265625,64.80387878417969,0.9853148460388184,0.0,0.0,0.02245929278433323,63.739810943603516,56.13352966308594,0.9683641195297241,70.07074737548828,95.0474853515625,0.8920462727546692,28.93437957763672,81.02127838134766,0.9921687245368958,68.71665954589844,140.9869842529297,0.5756685733795166,9.931709289550781,123.55947875976562,0.9856923818588257,84.83467864990234,147.7786407470703,0.6846516728401184,71.54354095458984,145.6368865966797,0.9769193530082703,53.254432678222656,190.75572204589844,0.7851827144622803,25.966766357421875,188.76141357421875,0.9173786044120789,0.0,0.0,0.05267605558037758,0.0,0.0,0.14710547029972076,0.0,0.0,0.0024367719888687134,0.0,0.0,0.004680462647229433
185,True,82.68366241455078,73.06851959228516,0.9703183770179749,85.88573455810547,69.00957489013672,0.5601316690444946,80.503662109375,65.03562927246094,0.9826076626777649,0.0,0.0,0.026089638471603394,63.91758728027344,55.97327423095703,0.9539785385131836,66.7393798828125,94.48955535888672,0.8899993896484375,29.743785858154297,79.31463623046875,0.9883469939231873,64.49092102050781,141.6962890625,0.5926196575164795,9.753395080566406,122.6326904296875,0.9785056710243225,83.59001159667969,149.32028198242188,0.6595785617828369,66.98069763183594,143.50302124023438,0.9643369317054749,48.995277404785156,194.4021453857422,0.8083850145339966,23.33282470703125,191.9237518310547,0.9154502153396606,0.0,0.0,0.052192822098731995,0.0,0.0,0.12770730257034302,0.0,0.0,0.0025399220176041126,0.0,0.0,0.004422333557158709
186,True,82.28901672363281,73.4155044555664,0.970291793346405,85.14169311523438,69.33216857910156,0.5385859608650208,79.60655212402344,65.58550262451172,0.9835537672042847,0.0,0.0,0.02088511362671852,61.87889099121094,56.34931182861328,0.9551398158073425,64.75375366210938,93.41317749023438,0.8523424863815308,28.836902618408203,78.2857666015625,0.9867488741874695,0.0,0.0,0.49843132495880127,10.901939392089844,122.72674560546875,0.975939154624939,82.62096405029297,149.4865264892578,0.5953991413116455,68.31047058105469,141.64962768554688,0.9613512754440308,46.64698028564453,195.62757873535156,0.7471671104431152,21.774417877197266,193.1609649658203,0.8938530683517456,0.0,0.0,0.04657493904232979,0.0,0.0,0.12453816831111908,0.0,0.0,0.002550744917243719,0.0,0.0,0.004712950903922319
187,True,81.73483276367188,73.79780578613281,0.97627854347229,84.14234924316406,69.83016967773438,0.5526086688041687,79.60175323486328,66.0255355834961,0.9891546368598938,0.0,0.0,0.018581019714474678,62.513404846191406,57.27093505859375,0.9752095341682434,63.913387298583984,95.25575256347656,0.9016270041465759,30.872039794921875,78.79354095458984,0.9937678575515747,60.70066833496094,141.46681213378906,0.6292433738708496,11.688968658447266,118.76368713378906,0.9910220503807068,82.16107940673828,151.8704833984375,0.7115057110786438,72.90792083740234,140.50343322753906,0.9842609167098999,52.02246856689453,193.10861206054688,0.9010876417160034,27.834945678710938,190.11141967773438,0.9666310548782349,0.0,0.0,0.10124316066503525,0.0,0.0,0.2712835371494293,0.0,0.0,0.004564776550978422,0.0,0.0,0.009245316497981548
188,True,81.66879272460938,73.72415161132812,0.975728452205658,84.09599304199219,69.83705139160156,0.5406394600868225,79.65579223632812,65.98877716064453,0.9889790415763855,0.0,0.0,0.017765115946531296,62.67389678955078,57.224365234375,0.9753281474113464,63.573001861572266,94.7890396118164,0.8985498547554016,30.806238174438477,78.981201171875,0.993827760219574,60.61137390136719,140.09780883789062,0.6318692564964294,11.727218627929688,119.08261108398438,0.9915355443954468,82.381103515625,151.4091796875,0.7202979326248169,73.07780456542969,140.55445861816406,0.9853396415710449,51.71263122558594,192.1155242919922,0.8987095355987549,27.70024871826172,189.40322875976562,0.9662373661994934,0.0,0.0,0.09741395711898804,0.0,0.0,0.26547524333000183,0.0,0.0,0.004304069094359875,0.0,0.0,0.008778478018939495
189,True,81.48670196533203,73.76290893554688,0.9795112609863281,83.9957504272461,70.38044738769531,0.5191035270690918,79.76437377929688,65.73216247558594,0.9922812581062317,0.0,0.0,0.013645741157233715,62.8052978515625,57.19629669189453,0.9848275184631348,62.02629852294922,95.97647857666016,0.9052599668502808,32.0665283203125,78.18382263183594,0.9962538480758667,59.67089080810547,141.22389221191406,0.5985304713249207,17.155624389648438,118.98117065429688,0.9951830506324768,84.91050720214844,151.31253051757812,0.6740610599517822,75.72386169433594,139.23777770996094,0.9896065592765808,50.00628662109375,194.34951782226562,0.9109967947006226,27.067642211914062,190.35162353515625,0.9765902161598206,0.0,0.0,0.09989026933908463,0.0,0.0,0.32645630836486816,0.0,0.0,0.004530915059149265,0.0,0.0,0.011118672788143158
190,True,80.36843872070312,75.36253356933594,0.9817072749137878,82.98979187011719,71.95722961425781,0.539763867855072,79.51324462890625,67.19391632080078,0.9913750290870667,0.0,0.0,0.01891556940972805,63.868324279785156,57.13081359863281,0.9825116991996765,60.51731491088867,96.52580261230469,0.9497108459472656,32.059051513671875,77.0361099243164,0.9975584745407104,61.173179626464844,140.85076904296875,0.7900494933128357,19.790376663208008,114.15814971923828,0.9971323013305664,88.2131576538086,152.45584106445312,0.8375925421714783,78.4619140625,140.2845916748047,0.9941186904907227,48.96013641357422,192.29135131835938,0.9486216306686401,27.174591064453125,188.3228759765625,0.9846405982971191,0.0,0.0,0.13100916147232056,0.0,0.0,0.3662230372428894,0.0,0.0,0.004417531192302704,0.0,0.0,0.009927266277372837
191,True,79.66169738769531,76.01972961425781,0.9810460805892944,0.0,0.0,0.47360536456108093,79.36448669433594,67.990234375,0.9907881617546082,0.0,0.0,0.016462191939353943,63.88609313964844,57.096336364746094,0.9846171140670776,59.025123596191406,95.4210433959961,0.9662354588508606,31.306320190429688,76.37151336669922,0.9983599781990051,59.611717224121094,141.73577880859375,0.8809458017349243,22.248231887817383,114.3837890625,0.9985153079032898,84.36051940917969,155.25836181640625,0.9129325747489929,82.94243621826172,137.83218383789062,0.9971181154251099,48.93800354003906,190.22125244140625,0.9601292610168457,27.684429168701172,186.82974243164062,0.9876871705055237,0.0,0.0,0.12317592650651932,0.0,0.0,0.3451445698738098,0.0,0.0,0.0029741148464381695,0.0,0.0,0.006528149824589491
192,True,79.72541809082031,76.39593505859375,0.9780662059783936,0.0,0.0,0.4197978973388672,79.89627838134766,68.41877746582031,0.9896813035011292,0.0,0.0,0.014201080426573753,64.33243560791016,56.963157653808594,0.9852981567382812,58.835105895996094,94.265380859375,0.9666578769683838,30.600566864013672,76.43986511230469,0.9983103275299072,59.095672607421875,139.93284606933594,0.8926403522491455,23.775165557861328,116.25433349609375,0.9985978007316589,84.51526641845703,154.38426208496094,0.9188567399978638,83.9491195678711,137.7429656982422,0.9972324967384338,50.133819580078125,188.56138610839844,0.9584882855415344,28.24260711669922,185.68832397460938,0.9867317080497742,0.0,0.0,0.10686162114143372,0.0,0.0,0.3024985194206238,0.0,0.0,0.002431320957839489,0.0,0.0,0.005193492863327265
193,True,79.94205474853516,76.06388854980469,0.9769330024719238,0.0,0.0,0.4162864089012146,79.11981964111328,68.435791015625,0.9874171018600464,0.0,0.0,0.015557459555566311,63.61530685424805,57.07887268066406,0.9822142720222473,61.89427185058594,93.25518798828125,0.9677354693412781,30.67645263671875,75.96369171142578,0.9980549812316895,59.24810791015625,140.59710693359375,0.8925226330757141,23.931182861328125,115.78158569335938,0.9982264637947083,84.8015365600586,152.2154541015625,0.9259385466575623,86.19015502929688,138.42201232910156,0.9969262480735779,49.861610412597656,187.33328247070312,0.9429543018341064,27.193862915039062,184.63076782226562,0.9806248545646667,0.0,0.0,0.09834589064121246,0.0,0.0,0.27159202098846436,0.0,0.0,0.0023216577246785164,0.0,0.0,0.004736488219350576
194,True,79.8439712524414,76.96742248535156,0.9710644483566284,0.0,0.0,0.37408018112182617,79.37388610839844,69.65428161621094,0.9800789952278137,0.0,0.0,0.016348054632544518,64.17932891845703,58.097007751464844,0.9739258885383606,60.974220275878906,93.89653015136719,0.9789840579032898,31.144100189208984,74.65878295898438,0.9973769187927246,61.45042419433594,142.9957275390625,0.9480903744697571,23.26702117919922,112.70770263671875,0.9978299736976624,90.11370849609375,153.08660888671875,0.9614974856376648,85.67288970947266,136.5454864501953,0.996788740158081,47.7677116394043,188.56692504882812,0.9595663547515869,26.323455810546875,185.214111328125,0.9802148342132568,0.0,0.0,0.11682947725057602,0.0,0.0,0.23950032889842987,0.0,0.0,0.002214588224887848,0.0,0.0,0.0035121943801641464
195,True,79.86487579345703,76.58467102050781,0.9716135263442993,0.0,0.0,0.3780149519443512,79.2248306274414,69.53076171875,0.9822057485580444,0.0,0.0,0.015626799315214157,63.99170684814453,58.82286071777344,0.9767528176307678,61.218719482421875,93.96810150146484,0.9729815125465393,31.744850158691406,74.98409271240234,0.997506320476532,62.234642028808594,141.44790649414062,0.922859787940979,23.71603012084961,111.01951599121094,0.9978165626525879,88.7959213256836,152.37030029296875,0.9448879957199097,85.73997497558594,134.8834686279297,0.996542751789093,47.95093536376953,186.97610473632812,0.9531040191650391,27.04328155517578,183.52264404296875,0.98041832447052,0.0,0.0,0.11749141663312912,0.0,0.0,0.2694098949432373,0.0,0.0,0.0024809804745018482,0.0,0.0,0.004367689602077007
196,True,79.88323211669922,78.18719482421875,0.950984537601471,0.0,0.0,0.27696841955184937,80.28652954101562,71.42982482910156,0.9611988067626953,0.0,0.0,0.016444142907857895,66.2181625366211,59.127044677734375,0.9550381302833557,59.28715896606445,92.3194351196289,0.9743168354034424,33.32437515258789,73.2166519165039,0.9964956641197205,57.53030776977539,141.39990234375,0.9524261951446533,23.321914672851562,108.98934936523438,0.9976319074630737,86.91741943359375,153.85499572753906,0.9646245837211609,85.07377624511719,133.71368408203125,0.9965882301330566,47.143917083740234,188.5381317138672,0.9629180431365967,28.02978515625,185.13543701171875,0.9809868931770325,0.0,0.0,0.12012258917093277,0.0,0.0,0.23358678817749023,0.0,0.0,0.00213990593329072,0.0,0.0,0.0032937698997557163
197,True,79.69923400878906,79.0243911743164,0.9654744863510132,0.0,0.0,0.3414633572101593,80.50239562988281,71.4817886352539,0.9771677851676941,0.0,0.0,0.015576869249343872,66.24903869628906,59.31158447265625,0.9653500318527222,55.99029541015625,95.33980560302734,0.9672749638557434,35.230133056640625,72.79591369628906,0.9973626732826233,57.743858337402344,145.17364501953125,0.938346266746521,25.641738891601562,108.4654312133789,0.9985604882240295,88.04039764404297,157.11769104003906,0.9559140205383301,87.11711120605469,131.783935546875,0.997654139995575,46.60139465332031,189.85716247558594,0.968227207660675,28.842967987060547,184.86932373046875,0.9873594641685486,0.0,0.0,0.1173476129770279,0.0,0.0,0.2782672345638275,0.0,0.0,0.002145102946087718,0.0,0.0,0.004003781359642744
198,True,80.162353515625,79.0445556640625,0.9623664617538452,0.0,0.0,0.32681283354759216,80.82386779785156,71.63064575195312,0.9762024283409119,0.0,0.0,0.014958499930799007,66.31900024414062,59.800750732421875,0.9641632437705994,56.00587463378906,94.92506408691406,0.9568280577659607,35.860233306884766,72.34606170654297,0.99709153175354,58.345436096191406,145.4086151123047,0.9060475826263428,26.836023330688477,108.05329132080078,0.9982313513755798,87.87872314453125,157.62570190429688,0.9309964179992676,87.70185852050781,132.6008758544922,0.9968583583831787,46.482505798339844,190.15406799316406,0.9563179612159729,29.386775970458984,185.01748657226562,0.98427814245224,0.0,0.0,0.09499858319759369,0.0,0.0,0.2513684928417206,0.0,0.0,0.0019635651260614395,0.0,0.0,0.003933786880224943
199,True,80.22392272949219,78.87459564208984,0.9672952890396118,0.0,0.0,0.3569084107875824,80.72942352294922,71.39362335205078,0.9797034859657288,0.0,0.0,0.01508000586181879,66.00442504882812,59.822357177734375,0.9691550731658936,56.04510498046875,95.36785125732422,0.9638022184371948,36.03315353393555,72.56525421142578,0.9970250725746155,58.35652160644531,145.67333984375,0.9186277985572815,28.054180145263672,108.70433044433594,0.9980897307395935,88.55235290527344,157.71826171875,0.9373044967651367,88.03961181640625,132.71266174316406,0.9967097043991089,46.125144958496094,189.80409240722656,0.961811363697052,28.972179412841797,184.544189453125,0.9848568439483643,0.0,0.0,0.11284251511096954,0.0,0.0,0.2719172537326813,0.0,0.0,0.0023907574359327555,0.0,0.0,0.0044957539066672325
200,True,80.14718627929688,79.62799072265625,0.9569801092147827,0.0,0.0,0.31605976819992065,81.27208709716797,72.17686462402344,0.9690542221069336,0.0,0.0,0.01828036829829216,67.62850189208984,60.19065856933594,0.9570457935333252,54.76275634765625,95.32452392578125,0.9667363166809082,37.14577865600586,71.5865478515625,0.9966224431991577,56.724578857421875,145.27517700195312,0.9334332942962646,29.11306381225586,106.23031616210938,0.9978570342063904,88.1737060546875,156.9021453857422,0.9457157254219055,89.2831802368164,133.2816162109375,0.9963093400001526,44.686790466308594,189.94491577148438,0.9628433585166931,28.98934555053711,184.4576416015625,0.983532190322876,0.0,0.0,0.10444828867912292,0.0,0.0,0.23596222698688507,0.0,0.0,0.0020809080451726913,0.0,0.0,0.0036910302005708218
201,True,80.14707946777344,80.90804290771484,0.9480788111686707,0.0,0.0,0.2770410478115082,81.27073669433594,73.51316833496094,0.9605475664138794,0.0,0.0,0.017235174775123596,67.63101196289062,61.10235595703125,0.9492266178131104,54.14039611816406,95.16799926757812,0.9657950401306152,37.295555114746094,71.83173370361328,0.9962062835693359,55.4919319152832,144.91615295410156,0.9372710585594177,28.936100006103516,105.823486328125,0.9976806640625,88.21322631835938,156.24392700195312,0.9484171271324158,89.11447143554688,131.8338623046875,0.9961256384849548,45.088714599609375,191.35679626464844,0.9611809849739075,30.080692291259766,186.18392944335938,0.9819542169570923,0.0,0.0,0.09514369815587997,0.0,0.0,0.20883232355117798,0.0,0.0,0.0018479122081771493,0.0,0.0,0.003159594489261508
202,True,79.69718933105469,81.43995666503906,0.9551776647567749,0.0,0.0,0.31569066643714905,80.90670776367188,73.79129028320312,0.9674577116966248,0.0,0.0,0.019322918727993965,67.71540832519531,60.78833770751953,0.9532498121261597,55.27552795410156,95.46148681640625,0.9662965536117554,37.021419525146484,71.57046508789062,0.9964900612831116,56.363826751708984,144.91041564941406,0.9363096356391907,30.803850173950195,104.90117645263672,0.9978983402252197,87.59630584716797,156.38633728027344,0.9479689002037048,89.66397094726562,131.1135711669922,0.9964101910591125,45.8155517578125,190.63978576660156,0.9618514180183411,29.25237274169922,185.4207763671875,0.9829675555229187,0.0,0.0,0.09491845965385437,0.0,0.0,0.21904540061950684,0.0,0.0,0.0018926322227343917,0.0,0.0,0.0033932048827409744
203,True,79.49690246582031,82.1263427734375,0.9218700528144836,0.0,0.0,0.250002384185791,80.60504913330078,74.39678955078125,0.9354943633079529,0.0,0.0,0.02383267693221569,67.90794372558594,61.21510314941406,0.9111855030059814,57.12396240234375,93.84463500976562,0.9467029571533203,37.527164459228516,72.63232421875,0.995799720287323,58.6092529296875,141.9385986328125,0.8905527591705322,32.15135955810547,104.0723876953125,0.9971129894256592,87.23588562011719,155.62295532226562,0.9009231328964233,89.48505401611328,128.5066375732422,0.9939277172088623,47.81239318847656,189.7413330078125,0.9516786932945251,30.589859008789062,185.65760803222656,0.9807766079902649,0.0,0.0,0.09183303266763687,0.0,0.0,0.2352551519870758,0.0,0.0,0.002408611588180065,0.0,0.0,0.004890181124210358
204,True,79.44895935058594,81.95707702636719,0.9190963506698608,0.0,0.0,0.23651017248630524,80.38113403320312,74.1881103515625,0.9367472529411316,0.0,0.0,0.020916182547807693,67.1023178100586,61.293853759765625,0.9136407375335693,56.07695770263672,94.29026794433594,0.9349967837333679,37.46330261230469,72.50440979003906,0.995505690574646,58.429344177246094,142.5249786376953,0.8595364093780518,32.20338439941406,103.30830383300781,0.996847927570343,86.58685302734375,155.35610961914062,0.87790447473526,89.2618637084961,128.7134552001953,0.9933660626411438,47.46532440185547,190.3007049560547,0.9435681700706482,31.094058990478516,185.94149780273438,0.9790959358215332,0.0,0.0,0.08699903637170792,0.0,0.0,0.23701678216457367,0.0,0.0,0.0024520037695765495,0.0,0.0,0.005216880235821009
205,True,79.47586059570312,81.98375701904297,0.9210163950920105,0.0,0.0,0.2489585280418396,80.52381896972656,74.14080810546875,0.9367625117301941,0.0,0.0,0.02300134114921093,67.43624877929688,60.93681335449219,0.9130892157554626,56.64411163330078,93.83560180664062,0.9427253603935242,37.1646614074707,71.68364715576172,0.9953439831733704,59.499576568603516,142.8675537109375,0.8691127896308899,33.69590759277344,103.25665283203125,0.9963963627815247,87.28276062011719,155.76853942871094,0.8760493397712708,89.59364318847656,128.5931396484375,0.9921716451644897,46.989173889160156,190.59799194335938,0.946937620639801,30.04226303100586,186.18231201171875,0.9787445068359375,0.0,0.0,0.09091994166374207,0.0,0.0,0.2346477210521698,0.0,0.0,0.002553365658968687,0.0,0.0,0.005209797993302345
206,True,79.58290100097656,81.76448059082031,0.926079511642456,0.0,0.0,0.26520246267318726,80.4287338256836,73.91279602050781,0.936943531036377,0.0,0.0,0.02479785867035389,67.2978744506836,60.91801452636719,0.913049042224884,57.29877853393555,94.26988983154297,0.9565696716308594,37.215484619140625,72.01386260986328,0.995381772518158,59.49864196777344,142.09548950195312,0.9080116152763367,33.537254333496094,101.45316314697266,0.99642413854599,86.62355041503906,155.5717010498047,0.9127026200294495,88.89352416992188,128.34317016601562,0.992889404296875,46.6635627746582,189.74102783203125,0.9586202502250671,29.479660034179688,185.25439453125,0.9808814525604248,0.0,0.0,0.10937893390655518,0.0,0.0,0.24412892758846283,0.0,0.0,0.0027764206752181053,0.0,0.0,0.005066125653684139
207,True,78.79264831542969,82.78651428222656,0.9155632853507996,0.0,0.0,0.24231354892253876,80.09515380859375,74.84317016601562,0.934485673904419,0.0,0.0,0.025220422074198723,67.70646667480469,61.00828552246094,0.9146109819412231,55.56574630737305,93.38934326171875,0.9362232685089111,37.59294128417969,71.56143188476562,0.995559573173523,57.65245819091797,141.03517150878906,0.8386292457580566,36.15745544433594,102.55094909667969,0.996241569519043,85.99714660644531,155.34686279296875,0.8458995223045349,90.52597045898438,130.11463928222656,0.9910119771957397,45.53807830810547,189.27218627929688,0.9394278526306152,29.87459945678711,184.9498291015625,0.977644145488739,0.0,0.0,0.08436565846204758,0.0,0.0,0.23283641040325165,0.0,0.0,0.002503508236259222,0.0,0.0,0.005352874286472797
208,True,79.5423583984375,82.1506576538086,0.9342114925384521,0.0,0.0,0.28585562109947205,80.34716796875,74.13966369628906,0.9512097835540771,0.0,0.0,0.025065692141652107,66.93443298339844,60.96849822998047,0.9327687621116638,55.72985076904297,94.06501007080078,0.9471679329872131,37.6279296875,72.093994140625,0.9956626296043396,57.76499557495117,140.91366577148438,0.8621695637702942,36.63569641113281,102.33157348632812,0.9961305856704712,86.41177368164062,155.92312622070312,0.866396427154541,90.06461334228516,130.65414428710938,0.9911835193634033,44.946563720703125,189.23402404785156,0.9433804750442505,29.10184669494629,184.63946533203125,0.9771522879600525,0.0,0.0,0.08537467569112778,0.0,0.0,0.21809235215187073,0.0,0.0,0.0024283630773425102,0.0,0.0,0.004809396341443062
209,True,80.28825378417969,81.37103271484375,0.9574015736579895,0.0,0.0,0.3111524283885956,81.2445068359375,73.6639404296875,0.9754434823989868,0.0,0.0,0.016236906871199608,67.29386901855469,60.621376037597656,0.9696862101554871,55.62709426879883,94.88725280761719,0.9588293433189392,37.009185791015625,70.45763397216797,0.9963958859443665,56.62995147705078,142.52439880371094,0.8916276097297668,38.63883590698242,101.1221923828125,0.9971508383750916,85.80020141601562,156.50970458984375,0.9029903411865234,91.75923156738281,132.97361755371094,0.9940783977508545,44.07891845703125,186.95758056640625,0.949582040309906,27.579444885253906,181.21151733398438,0.979642927646637,0.0,0.0,0.08706126362085342,0.0,0.0,0.21564172208309174,0.0,0.0,0.002049169037491083,0.0,0.0,0.0037730573676526546
210,True,80.24175262451172,81.32666015625,0.9585093259811401,0.0,0.0,0.31486010551452637,81.21519470214844,73.67724609375,0.9758877158164978,0.0,0.0,0.016691934317350388,67.27462005615234,60.59657287597656,0.9705402255058289,55.672847747802734,94.57019805908203,0.9614881277084351,36.80186462402344,70.74230194091797,0.9966512322425842,56.5528564453125,142.01861572265625,0.897306501865387,39.03743362426758,101.60116577148438,0.9972935318946838,85.72303009033203,156.71820068359375,0.9065794944763184,92.20817565917969,133.23313903808594,0.9942378997802734,43.98530578613281,186.71810913085938,0.9534667134284973,27.360923767089844,181.21197509765625,0.981187105178833,0.0,0.0,0.09233849495649338,0.0,0.0,0.2249125838279724,0.0,0.0,0.002124334452673793,0.0,0.0,0.0038715030532330275
211,True,79.84480285644531,82.20784759521484,0.9588298797607422,0.0,0.0,0.3511161208152771,81.0147705078125,74.31724548339844,0.9706028699874878,0.0,0.0,0.023498376831412315,67.91907501220703,60.74296569824219,0.9603554606437683,55.68766403198242,95.26444244384766,0.9713294506072998,37.46340560913086,70.30284118652344,0.9963647723197937,57.454345703125,143.24658203125,0.9315071105957031,39.26896667480469,100.88199615478516,0.9969542026519775,86.13600158691406,156.7943115234375,0.9356135129928589,91.79127502441406,132.58717346191406,0.9941207766532898,43.73702621459961,186.9603271484375,0.9588910341262817,27.786636352539062,181.1714630126953,0.9798381328582764,0.0,0.0,0.09494034200906754,0.0,0.0,0.20018427073955536,0.0,0.0,0.0019413225818425417,0.0,0.0,0.0031603106763213873
212,True,80.18565368652344,81.76480102539062,0.9565401077270508,0.0,0.0,0.3360145688056946,81.32815551757812,74.01085662841797,0.9686641097068787,0.0,0.0,0.02243066020309925,68.04959106445312,60.85356140136719,0.9603614211082458,55.74936294555664,94.83340454101562,0.9725740551948547,37.75355529785156,70.57128143310547,0.9963762164115906,57.97198486328125,142.5780029296875,0.93589848279953,39.867366790771484,101.23960876464844,0.9969258904457092,86.12777709960938,156.51466369628906,0.9384675025939941,91.37258911132812,132.46412658691406,0.9940977096557617,44.65956115722656,185.82981872558594,0.965260922908783,28.919462203979492,180.34042358398438,0.9824895858764648,0.0,0.0,0.11916927993297577,0.0,0.0,0.23721624910831451,0.0,0.0,0.002537905238568783,0.0,0.0,0.0040183234959840775
213,True,80.3228530883789,81.7599868774414,0.9666756391525269,0.0,0.0,0.4157724380493164,81.29855346679688,73.90364837646484,0.9756563901901245,0.0,0.0,0.027272745966911316,67.59080505371094,60.573486328125,0.964629054069519,56.6317024230957,94.8904037475586,0.9767632484436035,37.58652114868164,71.04241180419922,0.9964488744735718,59.533660888671875,141.283447265625,0.9418227672576904,42.26936340332031,101.41120910644531,0.9965177774429321,85.7737808227539,156.34820556640625,0.9434184432029724,92.39506530761719,132.37901306152344,0.9933566451072693,44.511924743652344,183.2701873779297,0.9657952785491943,28.429079055786133,177.63525390625,0.9813774228096008,0.0,0.0,0.12788191437721252,0.0,0.0,0.23268678784370422,0.0,0.0,0.0027130055241286755,0.0,0.0,0.003950298763811588
214,True,80.78128051757812,82.05662536621094,0.963256299495697,0.0,0.0,0.38706961274147034,81.654296875,74.29324340820312,0.9732173681259155,0.0,0.0,0.02542872540652752,67.65562438964844,61.09684753417969,0.9647067189216614,56.49170684814453,95.03382873535156,0.9771938323974609,37.806705474853516,70.97499084472656,0.9961942434310913,59.443626403808594,142.18797302246094,0.9427348375320435,43.6569938659668,101.01066589355469,0.9961293935775757,85.20702362060547,156.18649291992188,0.9415856003761292,92.70379638671875,132.3495330810547,0.992500364780426,44.478782653808594,183.66331481933594,0.9650865793228149,28.737018585205078,178.02288818359375,0.980117917060852,0.0,0.0,0.1215750128030777,0.0,0.0,0.21414457261562347,0.0,0.0,0.0025438209995627403,0.0,0.0,0.0035635060630738735
215,True,80.94029998779297,82.11671447753906,0.9615435600280762,0.0,0.0,0.3483758270740509,81.99140167236328,74.66357421875,0.9741646647453308,0.0,0.0,0.021102525293827057,67.9171142578125,61.140159606933594,0.9680073261260986,55.84971237182617,93.73828125,0.9734311103820801,38.723793029785156,71.05618286132812,0.9965652823448181,58.881690979003906,140.9161376953125,0.9355349540710449,44.72331237792969,102.22247314453125,0.996950626373291,85.71944427490234,156.4215087890625,0.9389203190803528,93.09114074707031,133.35064697265625,0.9938424825668335,42.441993713378906,182.47152709960938,0.9628930687904358,27.644054412841797,177.05422973632812,0.9813300967216492,0.0,0.0,0.11475551873445511,0.0,0.0,0.22222594916820526,0.0,0.0,0.002358850324526429,0.0,0.0,0.0035387955140322447
216,True,80.74354553222656,82.269287109375,0.958006739616394,0.0,0.0,0.3266337215900421,81.91908264160156,74.81668090820312,0.9710680246353149,0.0,0.0,0.02122812159359455,68.10366821289062,61.21180725097656,0.9653986692428589,55.3863525390625,93.5977554321289,0.9726890921592712,38.864784240722656,71.08061218261719,0.9967317581176758,58.750389099121094,140.88140869140625,0.9347021579742432,44.39508056640625,102.30323028564453,0.9971785545349121,85.8744888305664,156.47509765625,0.9386180639266968,92.91586303710938,133.3378143310547,0.9942217469215393,42.34284210205078,183.1876983642578,0.9625241756439209,28.019756317138672,177.92391967773438,0.9818103313446045,0.0,0.0,0.1096949502825737,0.0,0.0,0.2208964079618454,0.0,0.0,0.0022322668228298426,0.0,0.0,0.003466318128630519
217,True,81.69024658203125,82.22004699707031,0.9545729756355286,0.0,0.0,0.2974019944667816,82.36271667480469,74.92799377441406,0.9678661227226257,0.0,0.0,0.01769852451980114,67.70401000976562,62.34215545654297,0.9668799638748169,55.63579559326172,93.96424865722656,0.9779133200645447,38.871829986572266,72.04499816894531,0.9960915446281433,59.056575775146484,141.45103454589844,0.9495030641555786,46.300045013427734,103.03459167480469,0.9963900446891785,85.67355346679688,157.46841430664062,0.9474961757659912,94.42558288574219,133.17559814453125,0.9931389689445496,42.46905517578125,183.83349609375,0.9679625034332275,28.172462463378906,179.01657104492188,0.9808619618415833,0.0,0.0,0.13047662377357483,0.0,0.0,0.2202300876379013,0.0,0.0,0.0027264640666544437,0.0,0.0,0.0036388523876667023
218,True,81.58415222167969,82.95136260986328,0.9644414782524109,0.0,0.0,0.36487555503845215,82.37086486816406,75.52253723144531,0.9745029211044312,0.0,0.0,0.02195706032216549,67.82758331298828,62.274192810058594,0.9685210585594177,55.25199890136719,94.18280029296875,0.978949785232544,39.469112396240234,71.92607116699219,0.9966461062431335,58.96694564819336,140.6285858154297,0.9464718103408813,46.34806823730469,102.52381134033203,0.9965628981590271,85.34915924072266,156.51385498046875,0.9462509155273438,93.80967712402344,133.6987762451172,0.993367612361908,42.18087387084961,184.03659057617188,0.9692068099975586,28.722808837890625,179.0151824951172,0.9825740456581116,0.0,0.0,0.1468794196844101,0.0,0.0,0.25369855761528015,0.0,0.0,0.0032665999606251717,0.0,0.0,0.004531164653599262
219,True,81.54930877685547,83.26710510253906,0.9555537700653076,0.0,0.0,0.30420902371406555,82.66764831542969,75.81330871582031,0.9701496958732605,0.0,0.0,0.02010752446949482,68.11746215820312,62.47998046875,0.9697311520576477,54.576419830322266,93.29505920410156,0.975595235824585,39.939796447753906,72.85431671142578,0.9967628717422485,60.54243469238281,139.4684600830078,0.930798351764679,51.3002815246582,106.04769897460938,0.9964593052864075,84.91610717773438,156.37936401367188,0.9280235171318054,94.80633544921875,135.759765625,0.9922446608543396,40.47588348388672,182.08963012695312,0.965055525302887,28.22782325744629,177.47105407714844,0.9818816781044006,0.0,0.0,0.14439600706100464,0.0,0.0,0.266508549451828,0.0,0.0,0.0035017423797398806,0.0,0.0,0.00511932885274291
220,True,82.22415161132812,83.62747192382812,0.9505897164344788,0.0,0.0,0.29188627004623413,83.30585479736328,76.51116180419922,0.9619148373603821,0.0,0.0,0.021295975893735886,69.08467102050781,63.6158447265625,0.9620419144630432,54.72523498535156,93.89086151123047,0.9790023565292358,40.73420715332031,73.06388854980469,0.9964654445648193,59.01556396484375,139.87429809570312,0.9498326182365417,47.71892547607422,104.76961517333984,0.996367335319519,85.61934661865234,157.38421630859375,0.9458870887756348,93.79307556152344,135.410888671875,0.9925618767738342,40.41073989868164,184.13351440429688,0.9707422256469727,28.50653839111328,179.36453247070312,0.9827477335929871,0.0,0.0,0.15044522285461426,0.0,0.0,0.24843858182430267,0.0,0.0,0.0033289652783423662,0.0,0.0,0.0044337608851492405
221,True,82.03596496582031,84.44603729248047,0.9466803073883057,0.0,0.0,0.2724418640136719,83.33877563476562,77.56404113769531,0.957534909248352,0.0,0.0,0.02172689139842987,70.28077697753906,64.05290222167969,0.9577215313911438,54.04217529296875,93.7558822631836,0.9772383570671082,43.055328369140625,71.37103271484375,0.9968363046646118,57.12126159667969,140.88229370117188,0.951012372970581,44.050498962402344,101.92864990234375,0.9973359704017639,86.21574401855469,157.89076232910156,0.9535987377166748,90.38714599609375,134.02468872070312,0.9949321150779724,38.51740264892578,183.19346618652344,0.9693426489830017,28.764928817749023,177.78211975097656,0.9837305545806885,0.0,0.0,0.13947013020515442,0.0,0.0,0.2565018832683563,0.0,0.0,0.00284184911288321,0.0,0.0,0.004189920611679554
222,True,81.81120300292969,84.6316146850586,0.9429256319999695,0.0,0.0,0.2639485001564026,83.28407287597656,77.71598815917969,0.9528018832206726,0.0,0.0,0.023641500622034073,70.62019348144531,64.01509094238281,0.9539462327957153,53.80925369262695,93.95372009277344,0.977260172367096,43.3363037109375,71.25991821289062,0.9970083832740784,56.875732421875,141.18887329101562,0.9502540230751038,43.66252136230469,101.50242614746094,0.99745112657547,86.26089477539062,157.83901977539062,0.9528141021728516,90.11268615722656,133.79583740234375,0.995018720626831,38.15504837036133,183.43460083007812,0.9690826535224915,28.90275764465332,177.85104370117188,0.9840763211250305,0.0,0.0,0.13685348629951477,0.0,0.0,0.2579019367694855,0.0,0.0,0.0027656748425215483,0.0,0.0,0.004183757584542036
223,True,81.71067810058594,85.08755493164062,0.9488909840583801,0.0,0.0,0.2982572317123413,82.92826080322266,78.01939392089844,0.9586449265480042,0.0,0.0,0.02361992560327053,69.95274353027344,64.29624938964844,0.9525933861732483,54.50199890136719,94.5381088256836,0.9738233685493469,43.105255126953125,71.63175201416016,0.9965466856956482,57.82476806640625,141.87733459472656,0.9428227543830872,44.109737396240234,102.22245788574219,0.9970683455467224,85.788330078125,157.37469482421875,0.9476743936538696,90.13214874267578,134.5027313232422,0.9945085644721985,40.05165100097656,185.03102111816406,0.9673795700073242,29.803686141967773,179.50167846679688,0.983283519744873,0.0,0.0,0.13775789737701416,0.0,0.0,0.26165738701820374,0.0,0.0,0.0029876898042857647,0.0,0.0,0.004578407853841782
224,True,81.77782440185547,85.42149353027344,0.9456843733787537,0.0,0.0,0.27766865491867065,83.10905456542969,78.4110107421875,0.9544983506202698,0.0,0.0,0.022026408463716507,70.09979248046875,64.70894622802734,0.9504615068435669,54.1956787109375,94.65798950195312,0.9761423468589783,43.53529357910156,71.48078918457031,0.9964810609817505,57.760353088378906,142.30213928222656,0.9555380940437317,43.999351501464844,102.39109802246094,0.9973883032798767,86.44393920898438,157.7329559326172,0.9594355821609497,89.5395278930664,135.49749755859375,0.9953550100326538,40.1377067565918,185.48855590820312,0.972274124622345,29.942209243774414,179.76321411132812,0.9848756194114685,0.0,0.0,0.14563778042793274,0.0,0.0,0.2630145847797394,0.0,0.0,0.002969546942040324,0.0,0.0,0.0043843756429851055
225,True,81.9429702758789,85.91780090332031,0.9479456543922424,0.0,0.0,0.287291020154953,83.5712661743164,78.96534729003906,0.9584013223648071,0.0,0.0,0.02392803318798542,71.31358337402344,64.88380432128906,0.9530379772186279,53.27362060546875,94.52692413330078,0.969357430934906,44.58925247192383,70.9560546875,0.9970145225524902,56.20642852783203,142.2206573486328,0.9352644681930542,40.86435317993164,102.06990814208984,0.9977644681930542,87.29659271240234,157.47109985351562,0.9452853798866272,87.45604705810547,135.97344970703125,0.9956790804862976,38.66559982299805,185.61090087890625,0.9625009894371033,30.00713539123535,179.62661743164062,0.9835082292556763,0.0,0.0,0.1084115132689476,0.0,0.0,0.2393086850643158,0.0,0.0,0.0021575267892330885,0.0,0.0,0.003716863691806793
226,True,81.2994384765625,86.51457977294922,0.9319455623626709,0.0,0.0,0.22962512075901031,83.12071228027344,79.59243774414062,0.9460160136222839,0.0,0.0,0.02062695473432541,70.86331176757812,65.40641784667969,0.9492079019546509,52.26686096191406,94.68429565429688,0.9660028219223022,44.308570861816406,70.64305114746094,0.9964950680732727,55.68304443359375,142.8540802001953,0.9310388565063477,40.80379867553711,103.24929809570312,0.9975023865699768,87.68040466308594,157.1653594970703,0.939713180065155,86.90162658691406,137.72784423828125,0.9951176643371582,37.98390579223633,185.69473266601562,0.9586156606674194,29.9128475189209,179.30532836914062,0.9814024567604065,0.0,0.0,0.09724380820989609,0.0,0.0,0.21576596796512604,0.0,0.0,0.001919940928928554,0.0,0.0,0.0032884206157177687
227,True,81.53337097167969,86.36640930175781,0.9408373236656189,0.0,0.0,0.26199308037757874,83.23599243164062,79.383544921875,0.9532145261764526,0.0,0.0,0.02156360074877739,70.82478332519531,65.4856948852539,0.9518738389015198,53.63860321044922,95.70543670654297,0.9692883491516113,43.75001525878906,70.88127136230469,0.996439516544342,57.06452941894531,143.57034301757812,0.9359787106513977,40.59162521362305,102.73207092285156,0.9973357319831848,88.21407318115234,158.1431884765625,0.942448079586029,86.92582702636719,138.26727294921875,0.9948646426200867,38.65621566772461,185.50823974609375,0.9606444835662842,29.228538513183594,178.75613403320312,0.981338381767273,0.0,0.0,0.10512860864400864,0.0,0.0,0.22144004702568054,0.0,0.0,0.0021220510825514793,0.0,0.0,0.00349457492120564
228,True,81.41773986816406,86.24470520019531,0.9486080408096313,0.0,0.0,0.27858924865722656,83.22850036621094,79.287353515625,0.9630615711212158,0.0,0.0,0.020937597379088402,70.19407653808594,65.16299438476562,0.9620736837387085,52.38144302368164,94.96131896972656,0.9675947427749634,43.2976188659668,71.53020477294922,0.9969645142555237,56.216552734375,143.46835327148438,0.917716383934021,40.07123565673828,106.92445373535156,0.997397780418396,86.76560974121094,158.15457153320312,0.9262518286705017,86.3901596069336,140.08128356933594,0.9945573806762695,37.62373733520508,183.44517517089844,0.9565210342407227,29.4154052734375,176.91546630859375,0.98149174451828,0.0,0.0,0.11329024285078049,0.0,0.0,0.2522665858268738,0.0,0.0,0.0024093391839414835,0.0,0.0,0.004181132186204195
229,True,81.99424743652344,85.51228332519531,0.9535604119300842,0.0,0.0,0.3122207522392273,83.17579650878906,78.576904296875,0.9665557742118835,0.0,0.0,0.02014252357184887,69.4404525756836,65.26101684570312,0.9615647196769714,54.62127685546875,96.25465393066406,0.9694563746452332,42.51349639892578,71.88443756103516,0.9962034821510315,57.70756530761719,145.29051208496094,0.922096312046051,40.05197525024414,106.30805969238281,0.9965215921401978,87.37528991699219,158.66055297851562,0.9266440868377686,87.56087493896484,140.74716186523438,0.9930431842803955,38.75871276855469,184.58706665039062,0.9603412747383118,28.357467651367188,177.6151123046875,0.9807679057121277,0.0,0.0,0.13104695081710815,0.0,0.0,0.2567999064922333,0.0,0.0,0.0029403960797935724,0.0,0.0,0.004593161400407553
230,True,81.69082641601562,85.05443572998047,0.9564729332923889,0.0,0.0,0.3138434886932373,82.74235534667969,78.10674285888672,0.9724407196044922,0.0,0.0,0.018573524430394173,69.17947387695312,65.21111297607422,0.9662551879882812,54.0684700012207,95.66064453125,0.9544823169708252,43.13639450073242,72.30564880371094,0.9969633221626282,57.218772888183594,144.11538696289062,0.8709627389907837,39.91825866699219,107.52852630615234,0.9974115490913391,86.5637435913086,157.954345703125,0.8917176127433777,87.83216857910156,141.65542602539062,0.9942623376846313,38.91387176513672,184.23812866210938,0.9515703916549683,28.967491149902344,177.60440063476562,0.9828361868858337,0.0,0.0,0.11620696634054184,0.0,0.0,0.29308536648750305,0.0,0.0,0.002915698569267988,0.0,0.0,0.00572481844574213
231,True,81.89246368408203,85.1588134765625,0.9585371613502502,0.0,0.0,0.34374260902404785,82.82352447509766,78.11334228515625,0.9708847999572754,0.0,0.0,0.021196264773607254,69.24015808105469,65.43028259277344,0.9605178833007812,54.065956115722656,96.30661010742188,0.9610674381256104,43.59050750732422,72.3044662475586,0.9963160157203674,57.19660186767578,143.5023193359375,0.9046023488044739,41.886375427246094,104.2779541015625,0.9968987703323364,84.27792358398438,157.4826202392578,0.9209913015365601,88.15509033203125,141.19976806640625,0.9939534068107605,38.46175003051758,184.7268524169922,0.9590141773223877,28.396617889404297,178.02786254882812,0.982512354850769,0.0,0.0,0.1301630586385727,0.0,0.0,0.28150343894958496,0.0,0.0,0.0032051834277808666,0.0,0.0,0.005536663345992565
232,True,81.86122131347656,84.97183227539062,0.9562390446662903,0.0,0.0,0.32935917377471924,82.61072540283203,78.04594421386719,0.9664879441261292,0.0,0.0,0.020807111635804176,69.20628356933594,65.52696228027344,0.9561285376548767,55.33028030395508,95.69454956054688,0.9694771766662598,43.8953742980957,72.12969970703125,0.996146559715271,58.620967864990234,141.5634002685547,0.9368388652801514,43.50019836425781,102.22238159179688,0.9970647692680359,85.57847595214844,157.08334350585938,0.9470297694206238,89.86383056640625,139.82391357421875,0.994755744934082,38.892391204833984,185.00735473632812,0.969735860824585,28.00710678100586,178.55638122558594,0.9849225282669067,0.0,0.0,0.15219728648662567,0.0,0.0,0.288988322019577,0.0,0.0,0.003359489142894745,0.0,0.0,0.005233928095549345
233,True,81.8121337890625,84.80924987792969,0.9588075280189514,0.0,0.0,0.33312883973121643,82.66631317138672,77.81440734863281,0.9696716666221619,0.0,0.0,0.021359287202358246,69.17338562011719,65.32904815673828,0.9622427225112915,54.148712158203125,95.63972473144531,0.9708138108253479,43.594276428222656,72.54308319091797,0.9967033267021179,58.083003997802734,142.12220764160156,0.9328581094741821,43.99225616455078,103.84426879882812,0.9972871541976929,85.58360290527344,157.51881408691406,0.9420441389083862,90.64772033691406,140.12701416015625,0.9948185086250305,38.44465255737305,184.73764038085938,0.9680340886116028,28.345993041992188,178.6202392578125,0.9848722219467163,0.0,0.0,0.1453453153371811,0.0,0.0,0.28818702697753906,0.0,0.0,0.0032040304504334927,0.0,0.0,0.005150117911398411
234,True,81.65741729736328,84.68267059326172,0.9494788646697998,0.0,0.0,0.2836962044239044,82.69409942626953,77.55450439453125,0.9622039794921875,0.0,0.0,0.021032346412539482,68.7625961303711,65.1107177734375,0.9648937582969666,55.58433532714844,95.59599304199219,0.9801430106163025,41.572635650634766,73.64051818847656,0.9966219663619995,62.35285949707031,141.22067260742188,0.9531263709068298,52.797996520996094,104.69927978515625,0.9967358708381653,86.7989501953125,157.13978576660156,0.9496234655380249,95.48760986328125,137.841552734375,0.9931053519248962,39.262977600097656,183.23472595214844,0.9732228517532349,27.207393646240234,177.61294555664062,0.9842299818992615,0.0,0.0,0.15501025319099426,0.0,0.0,0.25851544737815857,0.0,0.0,0.0032871735747903585,0.0,0.0,0.004420717712491751
235,True,81.91560363769531,83.9802474975586,0.945399820804596,0.0,0.0,0.2730470895767212,82.41925048828125,77.12921905517578,0.9614357948303223,0.0,0.0,0.021596545353531837,68.81452941894531,65.78457641601562,0.9697792530059814,59.798500061035156,93.19097137451172,0.9829962849617004,41.516021728515625,77.66844177246094,0.9970216155052185,66.00308227539062,138.12557983398438,0.9615880846977234,63.81782531738281,113.53898620605469,0.9971941709518433,87.82929992675781,155.79055786132812,0.9491233229637146,100.53440856933594,137.639892578125,0.9925224184989929,43.281986236572266,183.1016845703125,0.9815906286239624,26.863676071166992,180.0830841064453,0.9887481927871704,0.0,0.0,0.17677107453346252,0.0,0.0,0.2795621156692505,0.0,0.0,0.003882325952872634,0.0,0.0,0.004957133904099464
236,True,81.71088409423828,84.84910583496094,0.9437671303749084,0.0,0.0,0.3111707270145416,81.87067413330078,78.2030029296875,0.9495350122451782,0.0,0.0,0.033498868346214294,68.49313354492188,65.74885559082031,0.9556944370269775,58.440696716308594,93.1649398803711,0.9821494221687317,45.27595520019531,77.27133178710938,0.9950538873672485,62.889137268066406,139.3016357421875,0.9528138041496277,64.5250473022461,110.64857482910156,0.9937427639961243,87.8323974609375,154.63558959960938,0.944039523601532,97.63664245605469,136.2455596923828,0.986871600151062,38.50603485107422,182.31692504882812,0.9676012992858887,27.422836303710938,178.6170654296875,0.9767325520515442,0.0,0.0,0.170673668384552,0.0,0.0,0.2421560138463974,0.0,0.0,0.0042816102504730225,0.0,0.0,0.004975555930286646
237,True,81.66964721679688,83.82132720947266,0.9404305815696716,0.0,0.0,0.3010927438735962,81.70661926269531,76.53730773925781,0.9496558308601379,0.0,0.0,0.028368819504976273,68.82166290283203,64.3599853515625,0.9458146691322327,59.361141204833984,94.74604797363281,0.9765434861183167,45.15788269042969,73.83910369873047,0.9951249957084656,63.93932342529297,140.8091278076172,0.9526264071464539,63.4405517578125,103.07966613769531,0.9957576394081116,87.26717376708984,155.16131591796875,0.9497759342193604,100.55621337890625,135.5743408203125,0.9911684989929199,39.7416877746582,185.63406372070312,0.9686557054519653,26.332855224609375,180.27420043945312,0.9798577427864075,0.0,0.0,0.11628492176532745,0.0,0.0,0.18890120089054108,0.0,0.0,0.002585806418210268,0.0,0.0,0.0033324884716421366
238,True,82.51647186279297,85.07103729248047,0.9539391398429871,0.0,0.0,0.3959476947784424,82.00672912597656,78.37185668945312,0.9572276473045349,0.0,0.0,0.04060371592640877,69.22676849365234,65.88622283935547,0.9504191875457764,62.899932861328125,93.06680297851562,0.9805629253387451,47.826908111572266,76.08853912353516,0.9938740134239197,64.822021484375,140.2981719970703,0.9526852369308472,68.60171508789062,108.67620086669922,0.9927814602851868,88.53211975097656,154.4090118408203,0.9450196623802185,98.72631072998047,137.37762451171875,0.985383152961731,40.97582244873047,183.54930114746094,0.9654433727264404,27.182392120361328,179.1902618408203,0.9740939736366272,0.0,0.0,0.15025897324085236,0.0,0.0,0.2089010775089264,0.0,0.0,0.003909924998879433,0.0,0.0,0.004460987169295549
239,True,83.06965637207031,84.47078704833984,0.9518993496894836,0.0,0.0,0.38333335518836975,82.65116882324219,77.7611312866211,0.9560792446136475,0.0,0.0,0.03910619392991066,69.79267120361328,65.6426773071289,0.9517517685890198,62.932640075683594,93.28140258789062,0.9803546071052551,47.77675247192383,76.35991668701172,0.9936210513114929,64.9747085571289,139.86917114257812,0.9519453644752502,68.43026733398438,108.60021209716797,0.992313802242279,88.45281219482422,154.36793518066406,0.9431934952735901,98.883544921875,137.71527099609375,0.9844000339508057,41.154510498046875,183.58920288085938,0.9649239778518677,27.32720184326172,179.30686950683594,0.9731930494308472,0.0,0.0,0.14932945370674133,0.0,0.0,0.204249769449234,0.0,0.0,0.00390944629907608,0.0,0.0,0.0043878136202692986
240,True,82.54573059082031,85.4737548828125,0.9234496355056763,0.0,0.0,0.28210338950157166,82.7718734741211,77.72834777832031,0.9349743127822876,0.0,0.0,0.045618753880262375,69.56212615966797,64.410400390625,0.9294061660766602,56.99885559082031,92.41897583007812,0.9656239748001099,47.25218963623047,74.1253662109375,0.9968035221099854,65.23780822753906,139.9481201171875,0.9034932851791382,66.87043762207031,107.32945251464844,0.9965205192565918,90.59877014160156,156.52667236328125,0.8876256346702576,102.9356460571289,136.8801727294922,0.9889266490936279,36.91509246826172,185.75732421875,0.9629529714584351,26.370145797729492,181.22286987304688,0.9835302233695984,0.0,0.0,0.12751483917236328,0.0,0.0,0.27306875586509705,0.0,0.0,0.004240702837705612,0.0,0.0,0.0073543149046599865
241,True,82.65750885009766,88.1585464477539,0.9218233227729797,0.0,0.0,0.2927279472351074,83.33724975585938,81.42923736572266,0.9216945171356201,0.0,0.0,0.046875178813934326,71.50529479980469,66.84542846679688,0.9275745153427124,60.11079406738281,93.27767944335938,0.9768496155738831,49.517086029052734,73.83746337890625,0.9931395649909973,63.219940185546875,141.9918670654297,0.9426621198654175,69.8198013305664,106.87335205078125,0.9914289116859436,88.5373306274414,154.79104614257812,0.9284583330154419,99.52922058105469,140.0613555908203,0.980499804019928,38.39434814453125,185.5533447265625,0.9605295658111572,28.14984893798828,180.10675048828125,0.9715139269828796,0.0,0.0,0.13234907388687134,0.0,0.0,0.1913667470216751,0.0,0.0,0.0035446553956717253,0.0,0.0,0.0042243823409080505
242,True,83.87039184570312,88.19758605957031,0.9364477396011353,0.0,0.0,0.3404223322868347,84.55284118652344,81.48428344726562,0.9371663928031921,0.0,0.0,0.049610670655965805,72.21380615234375,67.11962890625,0.9399935007095337,60.22061538696289,93.65653228759766,0.9815263152122498,49.631370544433594,74.537841796875,0.9932938814163208,63.386356353759766,140.95098876953125,0.9530143737792969,69.53533935546875,106.69872283935547,0.9906584024429321,88.58606719970703,154.67596435546875,0.9381906986236572,98.97265625,139.166015625,0.979588508605957,39.72495651245117,182.88885498046875,0.9664770364761353,29.57198715209961,177.80184936523438,0.9729534387588501,0.0,0.0,0.1675698310136795,0.0,0.0,0.21640247106552124,0.0,0.0,0.004611390642821789,0.0,0.0,0.005010250955820084
243,True,82.94425201416016,88.81651306152344,0.897727370262146,0.0,0.0,0.2329498827457428,84.66940307617188,81.29727172851562,0.9014342427253723,0.0,0.0,0.06633602827787399,73.64305114746094,66.38713836669922,0.9301450252532959,54.303070068359375,93.39239501953125,0.9786812663078308,51.492958068847656,72.73194122314453,0.9974281191825867,61.752952575683594,140.80905151367188,0.9345332980155945,67.59368896484375,103.14895629882812,0.996626615524292,88.47494506835938,155.53945922851562,0.9124608039855957,102.24364471435547,136.1774444580078,0.9886366724967957,35.64556121826172,182.57672119140625,0.9660497307777405,31.119232177734375,177.05569458007812,0.982980489730835,0.0,0.0,0.13170987367630005,0.0,0.0,0.25485140085220337,0.0,0.0,0.003659641370177269,0.0,0.0,0.005851175636053085
244,True,84.42668151855469,88.06196594238281,0.9351304173469543,0.0,0.0,0.34141167998313904,85.3936538696289,81.56466674804688,0.9321170449256897,0.0,0.0,0.06168334186077118,74.07987976074219,67.37904357910156,0.9411709904670715,59.531192779541016,93.41383361816406,0.9840339422225952,52.12239074707031,74.82107543945312,0.9942613840103149,61.40946960449219,139.3246307373047,0.9552169442176819,69.72389221191406,106.33184814453125,0.9910091161727905,87.15853881835938,154.95457458496094,0.941866397857666,98.74777221679688,140.31793212890625,0.9800413250923157,35.023345947265625,180.67379760742188,0.9650810360908508,27.947551727294922,175.3399658203125,0.9717394709587097,0.0,0.0,0.16631712019443512,0.0,0.0,0.21410612761974335,0.0,0.0,0.004297924693673849,0.0,0.0,0.0046485173515975475
245,True,84.42591857910156,88.19995880126953,0.9406792521476746,0.0,0.0,0.38364794850349426,85.52452087402344,81.41149139404297,0.935274600982666,0.0,0.0,0.07913638651371002,74.32080078125,67.13141632080078,0.93165123462677,57.54762649536133,93.95642852783203,0.9769552946090698,53.215248107910156,76.83341217041016,0.9938750863075256,60.193328857421875,137.73243713378906,0.9294544458389282,65.34850311279297,107.87832641601562,0.9896075129508972,88.75292205810547,153.7877960205078,0.927594780921936,96.02001190185547,144.5924072265625,0.9792500138282776,32.213016510009766,182.85987854003906,0.9369233250617981,28.12906265258789,177.9138641357422,0.9556110501289368,0.0,0.0,0.14193612337112427,0.0,0.0,0.20844705402851105,0.0,0.0,0.004489353857934475,0.0,0.0,0.005504432134330273
246,True,84.61933898925781,87.34358215332031,0.9449822902679443,0.0,0.0,0.3862316310405731,85.67034149169922,80.83879089355469,0.9472565054893494,0.0,0.0,0.07138127088546753,74.26213073730469,67.30545806884766,0.9464394450187683,56.940223693847656,93.16729736328125,0.9725822806358337,52.82256317138672,77.11991882324219,0.9950095415115356,59.400299072265625,135.6864013671875,0.9051802754402161,64.50495147705078,108.3221435546875,0.991200864315033,87.27120971679688,153.3169708251953,0.9046463370323181,95.14598083496094,146.03192138671875,0.9805235266685486,32.39494705200195,180.263427734375,0.9453281164169312,28.322650909423828,175.76046752929688,0.9679149389266968,0.0,0.0,0.18751755356788635,0.0,0.0,0.30170369148254395,0.0,0.0,0.006734143011271954,0.0,0.0,0.009183370508253574
247,True,84.71163940429688,87.47718811035156,0.9345262050628662,0.0,0.0,0.328073650598526,86.07252502441406,81.16474914550781,0.9390109181404114,0.0,0.0,0.06194117292761803,75.51163482666016,66.9842300415039,0.9377772808074951,55.91017150878906,93.26298522949219,0.9596378207206726,52.59208297729492,74.23619842529297,0.9956132173538208,56.91755294799805,139.07427978515625,0.8576793074607849,55.71326446533203,104.19302368164062,0.99318528175354,88.37287902832031,154.20819091796875,0.8756822943687439,92.46736145019531,145.1443328857422,0.9846020936965942,30.902111053466797,182.6278076171875,0.9221537709236145,27.901042938232422,177.4075927734375,0.9647925496101379,0.0,0.0,0.13040991127490997,0.0,0.0,0.2728188633918762,0.0,0.0,0.004457784350961447,0.0,0.0,0.007531567011028528
248,True,84.96835327148438,88.19991302490234,0.9308872818946838,0.0,0.0,0.28849178552627563,86.81268310546875,82.07166290283203,0.947871208190918,0.0,0.0,0.046386368572711945,76.1238021850586,66.84510803222656,0.9431716203689575,55.4160041809082,90.83268737792969,0.918739914894104,51.78498077392578,73.00375366210938,0.9961651563644409,58.21220016479492,135.3875274658203,0.6975947618484497,53.53219223022461,103.66449737548828,0.994416356086731,90.39154815673828,153.8389129638672,0.7630212306976318,91.36293029785156,146.44058227539062,0.9853755831718445,29.134788513183594,181.66282653808594,0.8788586854934692,25.96727752685547,176.85159301757812,0.963375985622406,0.0,0.0,0.10103223472833633,0.0,0.0,0.30236002802848816,0.0,0.0,0.004357565194368362,0.0,0.0,0.009903757832944393
249,True,84.65991973876953,89.47901916503906,0.937946617603302,0.0,0.0,0.28933918476104736,86.44954681396484,83.36770629882812,0.954803466796875,0.0,0.0,0.043886948376894,75.68968200683594,67.98402404785156,0.9532361626625061,54.96651840209961,92.17942810058594,0.9306881427764893,51.6041145324707,74.48698425292969,0.9970747232437134,56.42478942871094,138.0543212890625,0.7337378859519958,52.88898468017578,105.88800048828125,0.9959743618965149,88.05550384521484,153.72251892089844,0.8008086085319519,90.75171661376953,146.3107147216797,0.9895843863487244,29.681015014648438,180.67291259765625,0.8911707401275635,26.761165618896484,176.06314086914062,0.9688689708709717,0.0,0.0,0.11085808277130127,0.0,0.0,0.33429425954818726,0.0,0.0,0.004456276074051857,0.0,0.0,0.010366919450461864
250,True,84.60276794433594,89.28568267822266,0.9365593194961548,0.0,0.0,0.2814401686191559,86.52436828613281,83.22986602783203,0.9553537964820862,0.0,0.0,0.04348365217447281,76.00006103515625,68.023193359375,0.9563093781471252,55.039039611816406,92.25743103027344,0.9304024577140808,51.925559997558594,74.6089096069336,0.9972904920578003,57.053871154785156,137.60231018066406,0.7282598614692688,52.92365264892578,105.71952056884766,0.9963284134864807,88.60908508300781,153.5334930419922,0.7960689663887024,90.54337310791016,145.92733764648438,0.9902051687240601,30.374900817871094,179.8238525390625,0.8952784538269043,27.673721313476562,175.21380615234375,0.9713743329048157,0.0,0.0,0.11615698039531708,0.0,0.0,0.3562532365322113,0.0,0.0,0.004631612449884415,0.0,0.0,0.01111379824578762
251,True,84.51366424560547,89.59427642822266,0.932483434677124,0.0,0.0,0.2777162492275238,86.6424560546875,83.57970428466797,0.9532438516616821,0.0,0.0,0.042907390743494034,76.35165405273438,67.92118835449219,0.9513815641403198,54.932777404785156,91.50367736816406,0.9121677279472351,51.532142639160156,74.2757568359375,0.9969887137413025,56.25609588623047,136.3921356201172,0.6656231880187988,51.570648193359375,106.09886169433594,0.9958230257034302,88.37522888183594,154.14385986328125,0.7453808784484863,89.38169860839844,147.5108184814453,0.9884746670722961,30.64221954345703,181.01121520996094,0.8754665851593018,27.635753631591797,176.62423706054688,0.9679499864578247,0.0,0.0,0.10465553402900696,0.0,0.0,0.34535419940948486,0.0,0.0,0.004687892273068428,0.0,0.0,0.01184628065675497
252,True,84.7193374633789,89.18053436279297,0.9325928092002869,0.0,0.0,0.2755596339702606,86.6700668334961,83.450927734375,0.9586591720581055,0.0,0.0,0.03744909539818764,76.5359115600586,68.52566528320312,0.9556434750556946,56.044044494628906,90.80097198486328,0.8752955794334412,51.2448844909668,75.28939819335938,0.996864378452301,55.883384704589844,133.37159729003906,0.5525974631309509,47.85300064086914,106.47027587890625,0.9958146214485168,88.28684997558594,154.00709533691406,0.6639933586120605,86.75469207763672,148.20883178710938,0.9881327748298645,31.529224395751953,179.2117462158203,0.844030499458313,27.428619384765625,175.46173095703125,0.9654473662376404,0.0,0.0,0.09215206652879715,0.0,0.0,0.35207027196884155,0.0,0.0,0.004653044976294041,0.0,0.0,0.013216818682849407
253,True,84.4653091430664,90.20452880859375,0.9340975284576416,0.0,0.0,0.2512063682079315,87.02303314208984,84.12870025634766,0.9573185443878174,0.0,0.0,0.030295994132757187,77.11707305908203,67.9550552368164,0.9539598822593689,56.02593231201172,91.25105285644531,0.9136521816253662,49.396419525146484,74.22657775878906,0.9977242350578308,56.05546951293945,134.2998046875,0.6849337220191956,45.14073181152344,106.45919799804688,0.9973688125610352,86.87423706054688,154.4414520263672,0.7761016488075256,84.67811584472656,148.4466552734375,0.9928654432296753,31.704086303710938,176.3673095703125,0.9190986752510071,26.562301635742188,172.28382873535156,0.9821987748146057,0.0,0.0,0.14727047085762024,0.0,0.0,0.46831750869750977,0.0,0.0,0.005920457188040018,0.0,0.0,0.016089629381895065
254,True,85.13935852050781,88.77764892578125,0.9385157823562622,0.0,0.0,0.29945653676986694,86.70025634765625,82.83497619628906,0.9639713764190674,0.0,0.0,0.030444208532571793,75.74452209472656,68.10325622558594,0.9534253478050232,59.25726318359375,92.39558410644531,0.8663424849510193,48.15953063964844,75.24464416503906,0.9962673783302307,57.798919677734375,135.01559448242188,0.5398655533790588,41.61152648925781,108.1598892211914,0.9951536655426025,87.78746032714844,152.50958251953125,0.6582004427909851,83.5101089477539,149.65243530273438,0.9873587489128113,34.703941345214844,179.1839599609375,0.8375214338302612,26.615646362304688,174.7784423828125,0.9625118970870972,0.0,0.0,0.10310105979442596,0.0,0.0,0.3716331720352173,0.0,0.0,0.005722509231418371,0.0,0.0,0.015743544325232506
255,True,84.63009643554688,87.75720977783203,0.9431173205375671,0.0,0.0,0.3098756968975067,86.07522583007812,81.53923797607422,0.9677029848098755,0.0,0.0,0.029331069439649582,74.9460220336914,67.502197265625,0.9587873816490173,58.414833068847656,93.513916015625,0.871218740940094,47.363929748535156,76.26773071289062,0.9964447617530823,57.537784576416016,135.7076416015625,0.546646773815155,41.27267837524414,110.20985412597656,0.9954177141189575,87.95628356933594,152.61009216308594,0.6673001646995544,83.72270965576172,150.5543212890625,0.9881693124771118,34.115699768066406,180.1675262451172,0.845186173915863,25.98004150390625,175.6407928466797,0.9645050168037415,0.0,0.0,0.10697828233242035,0.0,0.0,0.3818719983100891,0.0,0.0,0.005710066761821508,0.0,0.0,0.01569807156920433
256,True,84.64872741699219,87.94184875488281,0.9390997290611267,0.0,0.0,0.296316534280777,86.22797393798828,81.55156707763672,0.9645532965660095,0.0,0.0,0.029307754710316658,74.90272521972656,67.42337036132812,0.9554840326309204,57.84649658203125,93.66595458984375,0.8670092821121216,46.64662551879883,76.29322814941406,0.9961344003677368,57.973350524902344,136.55596923828125,0.5400713682174683,42.15226745605469,110.96826171875,0.9949151277542114,88.02662658691406,152.5442352294922,0.6541545391082764,84.30435180664062,150.6489715576172,0.9866976141929626,33.316951751708984,182.10940551757812,0.830383837223053,24.943523406982422,177.5880889892578,0.9595090746879578,0.0,0.0,0.08747977763414383,0.0,0.0,0.3265227675437927,0.0,0.0,0.004567199852317572,0.0,0.0,0.012439549900591373
257,True,85.25070190429688,86.51962280273438,0.9425267577171326,0.0,0.0,0.3158976435661316,86.19352722167969,80.47974395751953,0.9633364081382751,0.0,0.0,0.02834939956665039,74.80635070800781,67.25764465332031,0.9523754715919495,61.708465576171875,94.40765380859375,0.8968407511711121,45.998634338378906,75.57516479492188,0.9960058331489563,58.507789611816406,141.15447998046875,0.6623408198356628,38.73725891113281,109.12449645996094,0.9953380823135376,87.75997924804688,154.21263122558594,0.7451435923576355,82.51097106933594,146.3618927001953,0.9885756373405457,39.319374084472656,184.6241912841797,0.8732854723930359,27.128780364990234,179.92462158203125,0.9659398198127747,0.0,0.0,0.0952441394329071,0.0,0.0,0.3092954754829407,0.0,0.0,0.004266631789505482,0.0,0.0,0.010352091863751411
258,True,84.54666137695312,86.2300796508789,0.94264817237854,0.0,0.0,0.3026783764362335,85.58790588378906,80.22525787353516,0.9590913653373718,0.0,0.0,0.027089152485132217,73.40872192382812,67.42765808105469,0.9517087936401367,61.25492858886719,95.23384094238281,0.9403635263442993,43.42387390136719,76.99043273925781,0.9958745837211609,59.125457763671875,140.18397521972656,0.8290649056434631,38.48015213012695,108.55400085449219,0.9956716299057007,87.86306762695312,152.21484375,0.8689912557601929,86.20282745361328,142.15103149414062,0.9907716512680054,40.19791793823242,184.61660766601562,0.923633873462677,26.54220962524414,180.2758026123047,0.9724489450454712,0.0,0.0,0.1282932311296463,0.0,0.0,0.3092719316482544,0.0,0.0,0.004406323656439781,0.0,0.0,0.008403606712818146
259,True,84.80686950683594,86.04052734375,0.9339249134063721,0.0,0.0,0.2625500559806824,85.3128890991211,80.17742919921875,0.9470146894454956,0.0,0.0,0.0234642643481493,72.83464813232422,67.64466857910156,0.9402744770050049,60.86090850830078,94.79086303710938,0.9493293166160583,45.13788604736328,76.20504760742188,0.994929850101471,59.04139709472656,139.47854614257812,0.8876516222953796,40.81614303588867,103.79595184326172,0.9956957101821899,88.60094451904297,151.309814453125,0.9200299978256226,88.08796691894531,136.8204345703125,0.9924207329750061,38.532684326171875,185.73379516601562,0.9327647686004639,26.448345184326172,181.41273498535156,0.9705193042755127,0.0,0.0,0.12025148421525955,0.0,0.0,0.25890210270881653,0.0,0.0,0.003402426838874817,0.0,0.0,0.0057301814667880535
260,True,84.30863189697266,85.56147003173828,0.9351850748062134,0.0,0.0,0.2997118830680847,85.06920623779297,79.55401611328125,0.9529259204864502,0.0,0.0,0.03011215664446354,73.03297424316406,66.65022277832031,0.9407544732093811,59.99394226074219,93.03788757324219,0.9178241491317749,46.24876403808594,74.78001403808594,0.9943840503692627,59.71275329589844,135.82615661621094,0.7520174980163574,44.13648986816406,102.04595184326172,0.9936299920082092,90.87373352050781,149.32186889648438,0.8076356649398804,90.56346130371094,135.935546875,0.9861212372779846,38.30329513549805,185.00732421875,0.8999766111373901,27.466766357421875,180.56344604492188,0.9646651148796082,0.0,0.0,0.11167031526565552,0.0,0.0,0.2890947163105011,0.0,0.0,0.0044144075363874435,0.0,0.0,0.008891746401786804
261,True,84.40501403808594,85.51451873779297,0.9394275546073914,0.0,0.0,0.3181745409965515,85.14278411865234,79.46258544921875,0.9571496844291687,0.0,0.0,0.03089490719139576,73.02960205078125,66.58306121826172,0.9444360136985779,60.26348114013672,93.00552368164062,0.9173402786254883,45.94317626953125,74.99664306640625,0.9943212270736694,59.94306945800781,135.5539093017578,0.7444190382957458,45.14064025878906,102.57379913330078,0.9932925701141357,90.85408020019531,149.46812438964844,0.799217164516449,91.34686279296875,136.72549438476562,0.9852132201194763,38.8238639831543,184.56854248046875,0.8996208310127258,27.419132232666016,180.30343627929688,0.9644084572792053,0.0,0.0,0.11521648615598679,0.0,0.0,0.2949066162109375,0.0,0.0,0.004740124102681875,0.0,0.0,0.00947180762887001
262,True,84.79190063476562,86.14955139160156,0.9326551556587219,0.0,0.0,0.2655123770236969,85.40142822265625,79.55522155761719,0.9527837038040161,0.0,0.0,0.028528327122330666,71.69660949707031,66.87406921386719,0.9589605331420898,57.85972213745117,93.6816177368164,0.9507156610488892,47.356590270996094,79.12808227539062,0.9947985410690308,62.39439010620117,137.16815185546875,0.8364000916481018,61.40919494628906,112.33026123046875,0.9930185675621033,90.66346740722656,150.68971252441406,0.845919668674469,96.7948989868164,139.68038940429688,0.9831356406211853,37.199771881103516,184.75546264648438,0.9230925440788269,28.438583374023438,181.43470764160156,0.9654314517974854,0.0,0.0,0.1308508813381195,0.0,0.0,0.2726031243801117,0.0,0.0,0.004956635646522045,0.0,0.0,0.008069628849625587
263,True,83.05550384521484,86.14144897460938,0.9278209209442139,0.0,0.0,0.30595558881759644,83.98088836669922,79.4173583984375,0.9312881827354431,0.0,0.0,0.05504518002271652,71.71070098876953,66.30050659179688,0.9359595775604248,57.217376708984375,95.2457046508789,0.9684140682220459,49.28043746948242,76.65864562988281,0.9940454959869385,64.31503295898438,140.75271606445312,0.8917733430862427,63.16037368774414,105.82539367675781,0.9904335737228394,93.03224182128906,152.32232666015625,0.88948655128479,98.5256118774414,138.87625122070312,0.9785167574882507,34.2720832824707,185.25306701660156,0.9282420873641968,27.932315826416016,180.09231567382812,0.9580376148223877,0.0,0.0,0.1290988177061081,0.0,0.0,0.22441977262496948,0.0,0.0,0.004302863497287035,0.0,0.0,0.006075207144021988
264,True,83.7776870727539,86.63485717773438,0.9162257313728333,0.0,0.0,0.24218560755252838,85.26081848144531,79.57032775878906,0.9316431283950806,0.0,0.0,0.052094705402851105,72.3906021118164,65.31785583496094,0.950108528137207,53.62440490722656,93.73784637451172,0.959800124168396,51.88751220703125,77.46803283691406,0.9962852001190186,62.79441833496094,138.8607177734375,0.8669996857643127,70.57255554199219,109.37031555175781,0.9948223829269409,88.45733642578125,153.87864685058594,0.8780859708786011,101.02748107910156,140.6992645263672,0.9858239889144897,32.68449401855469,186.41488647460938,0.9003957509994507,30.24011993408203,181.8877716064453,0.9552413821220398,0.0,0.0,0.06894907355308533,0.0,0.0,0.15826666355133057,0.0,0.0,0.0021117497235536575,0.0,0.0,0.0035807446110993624
265,True,84.18614196777344,86.6568603515625,0.9018957614898682,0.0,0.0,0.21224524080753326,85.43162536621094,79.41861724853516,0.9205287098884583,0.0,0.0,0.04354865476489067,72.50746154785156,65.67196655273438,0.9462560415267944,55.8006591796875,94.69212341308594,0.958197295665741,51.573150634765625,77.89762878417969,0.9953517913818359,64.39282989501953,138.67820739746094,0.8866810202598572,72.48919677734375,107.31175231933594,0.9946298599243164,89.78422546386719,154.8831787109375,0.8910015225410461,100.77955627441406,138.18637084960938,0.985557496547699,35.27967834472656,189.22488403320312,0.9037697911262512,30.03872299194336,184.5142059326172,0.9528551697731018,0.0,0.0,0.05440206453204155,0.0,0.0,0.11873625218868256,0.0,0.0,0.0015446704346686602,0.0,0.0,0.0024770137388259172
266,True,84.18937683105469,86.47294616699219,0.8653675317764282,0.0,0.0,0.1599574089050293,85.51404571533203,79.1220703125,0.8866620659828186,0.0,0.0,0.0513262115418911,73.10844421386719,64.87724304199219,0.9363446831703186,51.40596008300781,91.8088607788086,0.9581774473190308,53.024784088134766,74.49153137207031,0.9970908164978027,62.22983169555664,139.15338134765625,0.8618432879447937,70.06986236572266,105.06148529052734,0.9962377548217773,92.68421173095703,156.0792694091797,0.850226640701294,105.34130859375,136.6181182861328,0.986818790435791,31.549068450927734,187.93324279785156,0.9294817447662354,30.545440673828125,183.6266326904297,0.9720288515090942,0.0,0.0,0.0694202333688736,0.0,0.0,0.17831864953041077,0.0,0.0,0.0020701370667666197,0.0,0.0,0.003936555236577988
267,True,84.366943359375,86.65750122070312,0.8745356202125549,0.0,0.0,0.1717553734779358,85.64837646484375,79.20402526855469,0.8955062031745911,0.0,0.0,0.051293712109327316,73.12712860107422,64.739990234375,0.9373540282249451,51.40194320678711,92.0139389038086,0.9569848775863647,52.8514518737793,74.01544189453125,0.9970576763153076,61.737464904785156,139.26942443847656,0.8541672229766846,69.1218490600586,104.17692565917969,0.9961034059524536,92.56531524658203,156.0642547607422,0.8444262146949768,105.01879119873047,136.43492126464844,0.9865673780441284,31.42363739013672,188.1470489501953,0.9268926978111267,30.348922729492188,183.62855529785156,0.9712944626808167,0.0,0.0,0.07004240900278091,0.0,0.0,0.18172472715377808,0.0,0.0,0.0021586839575320482,0.0,0.0,0.00414646603167057
268,True,84.29444885253906,87.78237915039062,0.8488290905952454,0.0,0.0,0.16415028274059296,86.51591491699219,80.08231353759766,0.8478926420211792,0.0,0.0,0.06685826927423477,75.53931427001953,65.43035888671875,0.9105721712112427,50.768211364746094,93.66618347167969,0.9648107886314392,53.30331802368164,73.87020111083984,0.9964964985847473,62.42138671875,139.99185180664062,0.89615398645401,68.2757568359375,102.51139831542969,0.9953048229217529,93.45980834960938,157.14857482910156,0.8759920001029968,104.84890747070312,137.31434631347656,0.9841386675834656,30.509384155273438,191.66152954101562,0.9405746459960938,29.751829147338867,186.5999755859375,0.9718056321144104,0.0,0.0,0.06850751489400864,0.0,0.0,0.15318965911865234,0.0,0.0,0.0018714123871177435,0.0,0.0,0.0032267358619719744
269,True,86.39816284179688,87.57154846191406,0.9071929454803467,0.0,0.0,0.2062840759754181,87.22815704345703,80.35162353515625,0.9251309037208557,0.0,0.0,0.04002707079052925,73.47369384765625,66.42135620117188,0.9524416327476501,54.34401321411133,94.21570587158203,0.9633871912956238,54.38447952270508,77.74534606933594,0.9954913258552551,61.15635299682617,137.8096923828125,0.9062681198120117,73.62605285644531,106.7514419555664,0.9949145317077637,89.1987075805664,155.75836181640625,0.9125732779502869,102.12135314941406,140.4166259765625,0.9873223900794983,32.986114501953125,189.93861389160156,0.9145154356956482,30.76085662841797,185.25038146972656,0.9552394151687622,0.0,0.0,0.05573305860161781,0.0,0.0,0.11297216266393661,0.0,0.0,0.001402996713295579,0.0,0.0,0.002109491964802146
270,True,86.82810974121094,88.05864715576172,0.9234539866447449,0.0,0.0,0.27179157733917236,87.31624603271484,80.92195892333984,0.9289783835411072,0.0,0.0,0.05288928747177124,74.70195770263672,67.83544158935547,0.9476301670074463,57.098915100097656,96.12329864501953,0.9744212031364441,56.369476318359375,79.40191650390625,0.9944965243339539,61.42241668701172,141.76312255859375,0.9251609444618225,75.69503784179688,110.37370300292969,0.9923604130744934,89.80184936523438,154.91004943847656,0.921967625617981,101.96019744873047,142.18736267089844,0.9827978610992432,31.7581787109375,188.31118774414062,0.9392197132110596,29.28499984741211,183.20448303222656,0.9610345363616943,0.0,0.0,0.10851739346981049,0.0,0.0,0.17744483053684235,0.0,0.0,0.0029162324499338865,0.0,0.0,0.0038061935920268297
271,True,86.62803649902344,89.30216979980469,0.9068130254745483,0.0,0.0,0.2406456172466278,87.7812271118164,82.29813385009766,0.9172104001045227,0.0,0.0,0.06624376773834229,75.62968444824219,67.80748748779297,0.9512169361114502,53.391605377197266,94.19180297851562,0.9703649282455444,58.2186393737793,78.43326568603516,0.9952102303504944,58.52577590942383,137.00112915039062,0.9149333834648132,75.90275573730469,107.54872131347656,0.9930952191352844,87.45732879638672,156.1584014892578,0.9147890210151672,100.27368927001953,143.46646118164062,0.9828739762306213,28.974458694458008,188.7103729248047,0.9158231019973755,30.2689151763916,184.06625366210938,0.9499173760414124,0.0,0.0,0.0648983046412468,0.0,0.0,0.1161363422870636,0.0,0.0,0.0017125941812992096,0.0,0.0,0.0023611788637936115
272,True,86.16070556640625,90.11460876464844,0.9485384225845337,0.0,0.0,0.3998416066169739,87.00511169433594,83.17735290527344,0.9472682476043701,0.0,0.0,0.08336520940065384,75.52427673339844,68.81488037109375,0.9501703977584839,57.51905822753906,94.69212341308594,0.9815619587898254,56.26707458496094,79.12567138671875,0.9951960444450378,59.053810119628906,138.9915008544922,0.9410232901573181,71.53958892822266,110.6731185913086,0.9917911291122437,88.45014953613281,155.14431762695312,0.9358800053596497,98.43936157226562,143.33424377441406,0.9822598099708557,32.08795166015625,183.37393188476562,0.9471524357795715,29.412612915039062,178.9174041748047,0.962913990020752,0.0,0.0,0.1480036824941635,0.0,0.0,0.2159518003463745,0.0,0.0,0.004345838446170092,0.0,0.0,0.00526855606585741
273,True,86.19789123535156,90.05799102783203,0.9488006830215454,0.0,0.0,0.40628716349601746,87.05452728271484,83.0921630859375,0.9475080370903015,0.0,0.0,0.0837431475520134,75.54576110839844,68.59564208984375,0.9488992094993591,57.76527404785156,94.2952880859375,0.981000542640686,56.05253982543945,79.02938842773438,0.9949287176132202,59.27210998535156,138.40664672851562,0.9393401145935059,71.68727111816406,111.21903991699219,0.9911974668502808,88.28388214111328,155.2022247314453,0.9338353276252747,98.36079406738281,143.98324584960938,0.9811335206031799,32.230934143066406,182.85931396484375,0.9464733004570007,29.212127685546875,178.5419464111328,0.9619466066360474,0.0,0.0,0.15275710821151733,0.0,0.0,0.21999897062778473,0.0,0.0,0.004673723131418228,0.0,0.0,0.005609398242086172
274,True,86.44406127929688,91.78057861328125,0.9208807945251465,0.0,0.0,0.3132428526878357,88.06295776367188,84.67127227783203,0.9227203726768494,0.0,0.0,0.07170896232128143,77.0867691040039,69.01841735839844,0.92546546459198,56.92872619628906,96.08643341064453,0.961911141872406,55.72822952270508,76.47732543945312,0.9935938715934753,59.599029541015625,142.67227172851562,0.8694932460784912,66.67210388183594,106.91195678710938,0.9892385005950928,88.85614013671875,154.23509216308594,0.8702411651611328,95.480712890625,144.0543212890625,0.975059986114502,31.41064453125,186.51681518554688,0.9159858822822571,29.107887268066406,180.60105895996094,0.9536312818527222,0.0,0.0,0.11656342446804047,0.0,0.0,0.21371693909168243,0.0,0.0,0.004212884232401848,0.0,0.0,0.0062399376183748245
275,True,85.56500244140625,91.58356475830078,0.9222078323364258,0.0,0.0,0.30960601568222046,87.34899139404297,84.67594909667969,0.9297138452529907,0.0,0.0,0.06627392023801804,76.79447937011719,68.18595886230469,0.9157695174217224,54.13127899169922,93.86082458496094,0.9191867113113403,55.88883590698242,74.13916015625,0.9942741990089417,56.75782775878906,138.84918212890625,0.6985244154930115,59.503684997558594,103.25261688232422,0.990522563457489,89.46141052246094,153.52423095703125,0.7530965805053711,93.19998931884766,144.77499389648438,0.9768060445785522,28.314483642578125,188.28823852539062,0.844725489616394,28.91116714477539,182.3516387939453,0.9428045153617859,0.0,0.0,0.06960634887218475,0.0,0.0,0.19697217643260956,0.0,0.0,0.002877230057492852,0.0,0.0,0.0059811268001794815
276,True,85.82189178466797,90.53179168701172,0.9373284578323364,0.0,0.0,0.3435063660144806,87.4310302734375,83.8582763671875,0.9500645399093628,0.0,0.0,0.05678076669573784,76.7386245727539,67.67993927001953,0.9367280006408691,55.865867614746094,92.43852233886719,0.9195148348808289,53.89669418334961,73.78606414794922,0.9950070381164551,56.23601531982422,136.9656982421875,0.7001124024391174,55.4939079284668,103.7732925415039,0.992171049118042,89.65347290039062,153.3208465576172,0.7578855752944946,91.65895080566406,144.61331176757812,0.9806901812553406,31.300643920898438,184.96539306640625,0.8656677603721619,28.822906494140625,179.8109893798828,0.9540562033653259,0.0,0.0,0.09019459784030914,0.0,0.0,0.25308191776275635,0.0,0.0,0.003909002523869276,0.0,0.0,0.008256266824901104
277,True,85.2496337890625,90.13619995117188,0.9270087480545044,0.0,0.0,0.26393619179725647,87.33831787109375,84.02274322509766,0.954349160194397,0.0,0.0,0.042164210230112076,77.19075775146484,67.98759460449219,0.9541105628013611,55.257659912109375,91.16276550292969,0.8790117502212524,53.4574089050293,73.7669906616211,0.9971145391464233,56.17060089111328,137.8444366455078,0.5378206968307495,53.1540412902832,106.82826232910156,0.995962917804718,89.43265533447266,155.9237823486328,0.6314926147460938,90.09616088867188,146.82989501953125,0.9871588945388794,32.20711135864258,182.57408142089844,0.8438460826873779,29.989543914794922,177.9982147216797,0.9667248725891113,0.0,0.0,0.08326693624258041,0.0,0.0,0.3380090892314911,0.0,0.0,0.004067874513566494,0.0,0.0,0.012088819406926632
278,True,84.82655334472656,89.75482940673828,0.9376493692398071,0.0,0.0,0.24479323625564575,87.27803039550781,83.10350036621094,0.9623637199401855,0.0,0.0,0.025871220976114273,76.39677429199219,67.02587890625,0.9598109126091003,52.96540069580078,91.78205871582031,0.9136366844177246,49.96398162841797,72.03070068359375,0.9981991648674011,53.5731201171875,138.95945739746094,0.673987627029419,45.74755859375,108.83544158935547,0.9981073141098022,85.04591369628906,158.12290954589844,0.7228599190711975,84.09797668457031,146.73606872558594,0.9933757185935974,32.283695220947266,183.864990234375,0.9220128059387207,28.49536895751953,178.32118225097656,0.9850831031799316,0.0,0.0,0.08673172444105148,0.0,0.0,0.3584041893482208,0.0,0.0,0.0029990444891154766,0.0,0.0,0.009125292301177979
279,True,84.82917785644531,89.82264709472656,0.9378507733345032,0.0,0.0,0.2424624115228653,87.25895690917969,83.11177062988281,0.9635538458824158,0.0,0.0,0.02546706609427929,76.38282012939453,67.06303405761719,0.9615837931632996,52.79410934448242,92.11681365966797,0.9091141223907471,49.99510192871094,72.16488647460938,0.9982737302780151,53.3680419921875,139.5731201171875,0.6499956250190735,46.02703094482422,109.00935363769531,0.9981684684753418,85.3790283203125,157.9613800048828,0.7022315263748169,84.40025329589844,146.96624755859375,0.9933792352676392,32.188720703125,184.6953887939453,0.9177848100662231,28.473167419433594,179.0845184326172,0.9850205183029175,0.0,0.0,0.08183971792459488,0.0,0.0,0.35594892501831055,0.0,0.0,0.002885493915528059,0.0,0.0,0.009111509658396244
280,True,83.73097229003906,88.30958557128906,0.9414690732955933,0.0,0.0,0.3211856782436371,85.29106140136719,82.43296813964844,0.9656895399093628,0.0,0.0,0.04269792512059212,76.04141998291016,67.49948120117188,0.9590333104133606,57.670066833496094,92.06735229492188,0.8667365908622742,50.188140869140625,71.97666931152344,0.997471809387207,0.0,0.0,0.48298248648643494,41.87049865722656,104.51029968261719,0.9965464472770691,87.57084655761719,159.4958953857422,0.5900028347969055,84.58766174316406,148.00672912597656,0.988929808139801,34.72106170654297,181.45242309570312,0.8330975770950317,28.40381622314453,176.19677734375,0.9689674377441406,0.0,0.0,0.07948280870914459,0.0,0.0,0.36038315296173096,0.0,0.0,0.003958726301789284,0.0,0.0,0.013172668404877186
281,True,84.34605407714844,87.47509765625,0.9537494778633118,0.0,0.0,0.3976803719997406,85.22540283203125,81.0460433959961,0.9686151146888733,0.0,0.0,0.04065890237689018,74.56037139892578,66.78193664550781,0.9502628445625305,62.2544059753418,94.5389404296875,0.9036911725997925,47.025020599365234,74.57284545898438,0.9964214563369751,58.29031753540039,140.28627014160156,0.6580174565315247,41.09278869628906,106.37812042236328,0.9954934120178223,89.09127044677734,154.79879760742188,0.7401495575904846,84.83172607421875,145.70864868164062,0.9884089231491089,39.70735549926758,186.29054260253906,0.877531111240387,27.556846618652344,180.94723510742188,0.9682593941688538,0.0,0.0,0.08858560770750046,0.0,0.0,0.3003499209880829,0.0,0.0,0.0037554209120571613,0.0,0.0,0.009489970281720161
282,True,83.30780029296875,86.77322387695312,0.9451231956481934,0.0,0.0,0.4349243938922882,84.69961547851562,80.3805923461914,0.9487848281860352,0.0,0.0,0.06154918298125267,73.95661163330078,66.50917053222656,0.9110009670257568,62.27524185180664,95.10008239746094,0.9331996440887451,44.304290771484375,73.86456298828125,0.993069589138031,63.75968551635742,140.9221649169922,0.776982843875885,38.035213470458984,103.48918914794922,0.9890133142471313,92.7015380859375,154.18601989746094,0.8048202991485596,82.49732208251953,141.03363037109375,0.975934624671936,39.891639709472656,185.2069854736328,0.8949443697929382,26.535430908203125,179.47555541992188,0.9550286531448364,0.0,0.0,0.11221254616975784,0.0,0.0,0.24753351509571075,0.0,0.0,0.004615010228008032,0.0,0.0,0.00818662066012621
283,True,82.82115936279297,87.770751953125,0.9341453909873962,0.0,0.0,0.2974441945552826,84.40740966796875,81.3690185546875,0.9462244510650635,0.0,0.0,0.031455811113119125,72.89421081542969,65.97409057617188,0.9152804017066956,61.958290100097656,93.36064147949219,0.9284513592720032,44.56285858154297,72.8968505859375,0.9961041212081909,65.03459167480469,139.70652770996094,0.8108693957328796,41.98482894897461,103.65713500976562,0.9965468049049377,94.18206787109375,158.3656463623047,0.8616279363632202,90.8733901977539,138.26608276367188,0.992107093334198,40.97990798950195,185.8134002685547,0.9111171960830688,27.83507537841797,180.25758361816406,0.9711320996284485,0.0,0.0,0.07143346220254898,0.0,0.0,0.213150292634964,0.0,0.0,0.002038243692368269,0.0,0.0,0.004425765946507454
284,True,83.22349548339844,87.56938171386719,0.9376897215843201,0.0,0.0,0.30077672004699707,84.59857940673828,81.16795349121094,0.9500246047973633,0.0,0.0,0.029192518442869186,72.64115905761719,65.84832763671875,0.9226135611534119,61.49307632446289,93.42091369628906,0.9329379796981812,44.56237030029297,72.65796661376953,0.9959968328475952,63.53886413574219,140.2733917236328,0.8275390863418579,41.5280876159668,103.14125061035156,0.9965044260025024,93.27618408203125,157.9313201904297,0.8746768832206726,90.48136138916016,137.72427368164062,0.9923422932624817,40.992340087890625,185.97581481933594,0.9134755730628967,28.038402557373047,180.41079711914062,0.9704719185829163,0.0,0.0,0.07091975212097168,0.0,0.0,0.20226508378982544,0.0,0.0,0.0019444107310846448,0.0,0.0,0.004031384363770485
285,True,84.28819274902344,87.67276000976562,0.9344035387039185,0.0,0.0,0.2397395372390747,85.88040161132812,81.17066955566406,0.9564225077629089,0.0,0.0,0.019095586612820625,72.35716247558594,64.93851470947266,0.9456518292427063,60.268310546875,92.13292694091797,0.9322739839553833,44.54621505737305,72.96272277832031,0.9963819980621338,62.74008560180664,139.14520263671875,0.8367882966995239,48.46796417236328,102.84690856933594,0.9972313046455383,90.85748291015625,155.75604248046875,0.8864635229110718,92.4625244140625,133.58848571777344,0.9939095973968506,42.03697967529297,183.3924560546875,0.9249299764633179,29.364850997924805,178.70550537109375,0.9754316806793213,0.0,0.0,0.08885541558265686,0.0,0.0,0.24854397773742676,0.0,0.0,0.0025517339818179607,0.0,0.0,0.005234377924352884
286,True,86.47139739990234,87.32007598876953,0.9327743649482727,0.0,0.0,0.26717549562454224,86.88652801513672,81.00543212890625,0.9420427680015564,0.0,0.0,0.032865334302186966,73.12972259521484,68.33712768554688,0.9463809132575989,61.95680618286133,95.39654541015625,0.9684696197509766,49.80984115600586,79.79115295410156,0.9957706332206726,69.21298217773438,139.52740478515625,0.9075543284416199,61.897377014160156,108.04261779785156,0.994766354560852,95.6640853881836,153.79537963867188,0.9144001007080078,96.59192657470703,134.94683837890625,0.9881837964057922,37.964237213134766,182.70504760742188,0.9499513506889343,28.800369262695312,178.59329223632812,0.9746059775352478,0.0,0.0,0.17873188853263855,0.0,0.0,0.32021939754486084,0.0,0.0,0.006068611051887274,0.0,0.0,0.008977508172392845
287,True,88.027099609375,87.89164733886719,0.8901046514511108,0.0,0.0,0.19088421761989594,88.8265609741211,81.8040542602539,0.9011256098747253,0.0,0.0,0.032186392694711685,76.69719696044922,69.75847625732422,0.9234365224838257,63.217750549316406,97.58992004394531,0.9554649591445923,53.1934814453125,77.978271484375,0.9945628046989441,69.69017028808594,142.82839965820312,0.8865978717803955,60.89916229248047,101.57835388183594,0.994358479976654,96.86238861083984,155.89697265625,0.8986109495162964,96.26589965820312,134.3206787109375,0.9872251152992249,37.80347442626953,184.51547241210938,0.9338707327842712,29.706886291503906,178.91943359375,0.9683451056480408,0.0,0.0,0.12380995601415634,0.0,0.0,0.25138553977012634,0.0,0.0,0.004133764188736677,0.0,0.0,0.006663755979388952
288,True,89.82413482666016,89.37930297851562,0.8332752585411072,0.0,0.0,0.14362689852714539,91.18649291992188,82.58084106445312,0.8450057506561279,0.0,0.0,0.031831011176109314,78.5663833618164,68.43553161621094,0.8754847049713135,61.235809326171875,95.71155548095703,0.9415428042411804,51.896339416503906,75.17623901367188,0.993922233581543,65.29023742675781,140.3396759033203,0.8707084655761719,56.24066925048828,96.52030181884766,0.9939969778060913,93.70439910888672,157.50839233398438,0.8763578534126282,96.35600280761719,130.484130859375,0.98484867811203,35.639747619628906,186.36358642578125,0.9387643933296204,27.410995483398438,181.05221557617188,0.9708489775657654,0.0,0.0,0.10836438834667206,0.0,0.0,0.22350654006004333,0.0,0.0,0.0036880052648484707,0.0,0.0,0.006054338999092579
289,True,90.91152954101562,87.6556167602539,0.8583004474639893,0.0,0.0,0.14193905889987946,91.70060729980469,81.71185302734375,0.8844494819641113,0.0,0.0,0.024115420877933502,79.27336120605469,70.16246032714844,0.9333133101463318,63.451412200927734,95.35044860839844,0.9484124183654785,54.924896240234375,79.60888671875,0.9934419393539429,65.13641357421875,137.31448364257812,0.8841435313224792,63.992122650146484,104.22297668457031,0.9936351776123047,94.29927062988281,154.3191680908203,0.8879790902137756,97.74315643310547,134.73202514648438,0.9849623441696167,39.60134506225586,183.01502990722656,0.9430522322654724,31.41983413696289,179.07351684570312,0.9714924693107605,0.0,0.0,0.1446090191602707,0.0,0.0,0.26980963349342346,0.0,0.0,0.005139211192727089,0.0,0.0,0.007709568832069635
290,True,90.86117553710938,87.61980438232422,0.8499422669410706,0.0,0.0,0.13546869158744812,91.80545806884766,81.7178726196289,0.8771246671676636,0.0,0.0,0.02480592206120491,79.60872650146484,70.21845245361328,0.9313316941261292,63.274017333984375,94.96442413330078,0.9470767378807068,55.17314910888672,79.87772369384766,0.9935153722763062,65.47368621826172,136.7046356201172,0.8827316761016846,64.84403228759766,104.97746276855469,0.9937951564788818,94.4425048828125,154.46075439453125,0.8850060701370239,98.11090850830078,134.978759765625,0.9848831295967102,39.582645416259766,182.849609375,0.9440099000930786,31.536415100097656,179.16461181640625,0.9724115133285522,0.0,0.0,0.14410816133022308,0.0,0.0,0.27233293652534485,0.0,0.0,0.005141488742083311,0.0,0.0,0.007817364297807217
291,True,90.81066131591797,87.81532287597656,0.8909170031547546,0.0,0.0,0.1763351857662201,91.90803527832031,81.56927490234375,0.917007565498352,0.0,0.0,0.02593177556991577,79.04202270507812,68.93795776367188,0.9422622919082642,63.43901062011719,95.30691528320312,0.9446892142295837,53.726104736328125,78.41133117675781,0.9947768449783325,67.2186279296875,138.0531005859375,0.8514673709869385,63.57553482055664,104.37224578857422,0.9944097399711609,95.78545379638672,156.4092254638672,0.8607178926467896,98.5765380859375,135.6451416015625,0.9855220317840576,38.30113983154297,183.56689453125,0.9303408265113831,29.624855041503906,178.9573211669922,0.9699973464012146,0.0,0.0,0.12140370905399323,0.0,0.0,0.2616869807243347,0.0,0.0,0.004461194854229689,0.0,0.0,0.007481580134481192
292,True,89.42442321777344,87.9256591796875,0.903342068195343,0.0,0.0,0.20709727704524994,90.51527404785156,81.65636444091797,0.9242479205131531,0.0,0.0,0.032645657658576965,78.21495056152344,68.9368667602539,0.9429448246955872,62.079219818115234,95.8727035522461,0.9475748538970947,54.014671325683594,77.9235610961914,0.9954351782798767,65.6873779296875,138.98272705078125,0.8421332240104675,62.69694900512695,104.23021697998047,0.994624674320221,94.24113464355469,154.35086059570312,0.8518789410591125,97.38700103759766,135.68637084960938,0.9854457378387451,36.68159866333008,184.8438262939453,0.9226001501083374,29.517471313476562,179.58958435058594,0.968327522277832,0.0,0.0,0.10710219293832779,0.0,0.0,0.24568328261375427,0.0,0.0,0.0038359183818101883,0.0,0.0,0.0067452797666192055
293,True,89.60861206054688,88.3680419921875,0.9121137261390686,0.0,0.0,0.24089308083057404,91.0069808959961,81.93644714355469,0.9268420934677124,0.0,0.0,0.03993118926882744,78.56222534179688,68.20428466796875,0.9396172761917114,62.571659088134766,93.81707763671875,0.9557749032974243,53.63218688964844,77.54862213134766,0.9951480031013489,65.81419372558594,136.6034393310547,0.8730620741844177,65.05048370361328,106.20950317382812,0.9938700199127197,92.70806884765625,153.34619140625,0.8718909025192261,97.77677154541016,137.07391357421875,0.9835987091064453,39.249629974365234,183.8412628173828,0.9332741498947144,30.95322036743164,179.34913635253906,0.9691389799118042,0.0,0.0,0.12237277626991272,0.0,0.0,0.2469417154788971,0.0,0.0,0.0044778441078960896,0.0,0.0,0.007149294950067997
294,True,87.86106872558594,90.89990234375,0.9074192047119141,0.0,0.0,0.254938006401062,89.88776397705078,84.33712768554688,0.9136791825294495,0.0,0.0,0.05526995658874512,79.25228881835938,68.73582458496094,0.9201469421386719,61.30879211425781,94.1121826171875,0.9534661769866943,54.48622131347656,75.6712417602539,0.9954749941825867,64.70977020263672,138.73951721191406,0.8610724806785583,62.500770568847656,103.4169692993164,0.9942007064819336,93.45745849609375,153.8585968017578,0.8693609237670898,96.70840454101562,136.25439453125,0.9846184849739075,37.34037780761719,182.37222290039062,0.9259302020072937,31.081806182861328,177.232177734375,0.9683228731155396,0.0,0.0,0.11906356364488602,0.0,0.0,0.26003754138946533,0.0,0.0,0.004265193361788988,0.0,0.0,0.007424626033753157
295,True,89.98761749267578,90.29869842529297,0.9287525415420532,0.0,0.0,0.31433236598968506,91.51970672607422,83.7332992553711,0.9353448152542114,0.0,0.0,0.055174801498651505,80.74650573730469,68.31071472167969,0.9324482083320618,63.74158477783203,95.37870788574219,0.9595123529434204,55.88379669189453,73.87004852294922,0.9956262111663818,63.44502639770508,141.1253662109375,0.8743216395378113,59.079566955566406,100.11672973632812,0.9941062927246094,92.31581115722656,152.40806579589844,0.885989248752594,93.84056854248047,136.80438232421875,0.9857425689697266,39.10365295410156,182.34231567382812,0.9353509545326233,32.21448516845703,176.11526489257812,0.9711819291114807,0.0,0.0,0.15214712917804718,0.0,0.0,0.3064556419849396,0.0,0.0,0.005590473767369986,0.0,0.0,0.009339246898889542
296,True,89.55448913574219,90.3958740234375,0.9200984835624695,0.0,0.0,0.28753364086151123,91.23756408691406,83.83355712890625,0.9273332953453064,0.0,0.0,0.055290475487709045,80.58445739746094,68.42926025390625,0.9300739169120789,62.53368377685547,95.311279296875,0.9570604562759399,56.32823944091797,74.08430480957031,0.9956327080726624,63.875022888183594,141.33352661132812,0.8613288998603821,59.97300720214844,100.8647232055664,0.993933379650116,92.7174072265625,152.40444946289062,0.8728795051574707,93.53193664550781,137.086669921875,0.984822154045105,38.08045196533203,182.8936309814453,0.9311233758926392,32.60668182373047,176.711669921875,0.9702543020248413,0.0,0.0,0.14550571143627167,0.0,0.0,0.30382049083709717,0.0,0.0,0.005387944635003805,0.0,0.0,0.009273290634155273
297,True,89.67154693603516,91.7533950805664,0.9099778532981873,0.0,0.0,0.2636650800704956,91.81865692138672,85.13335418701172,0.9266741275787354,0.0,0.0,0.056412436068058014,81.95645141601562,68.81730651855469,0.9305329918861389,61.14978790283203,95.15055847167969,0.9280440807342529,57.478782653808594,73.45320892333984,0.9958503246307373,62.534950256347656,142.28448486328125,0.7311257719993591,59.887454986572266,100.2832260131836,0.9937979578971863,93.21075439453125,152.90444946289062,0.7649350166320801,93.75119018554688,138.02947998046875,0.9819612503051758,36.0450325012207,183.66380310058594,0.8906757831573486,32.34580993652344,177.41915893554688,0.9645306468009949,0.0,0.0,0.10505782812833786,0.0,0.0,0.29310864210128784,0.0,0.0,0.004571559373289347,0.0,0.0,0.009901084005832672
298,True,88.96817779541016,92.74213409423828,0.871776282787323,0.0,0.0,0.14307792484760284,92.39822387695312,85.85342407226562,0.9046648740768433,0.0,0.0,0.04213912412524223,83.79100036621094,68.2783203125,0.949524462223053,59.337303161621094,94.84072875976562,0.9619620442390442,57.541748046875,69.48161315917969,0.9987555742263794,62.988548278808594,147.123779296875,0.8332481384277344,62.3487548828125,99.679931640625,0.9984723925590515,91.21673583984375,156.02975463867188,0.8165528178215027,96.63713836669922,136.01498413085938,0.9933515191078186,36.415470123291016,184.16473388671875,0.954786479473114,33.869415283203125,176.80242919921875,0.9888962507247925,0.0,0.0,0.10910598188638687,0.0,0.0,0.36481019854545593,0.0,0.0,0.003116548527032137,0.0,0.0,0.008236759342253208
299,True,88.52513122558594,93.60185241699219,0.8297028541564941,0.0,0.0,0.11684153228998184,92.22175598144531,87.40654754638672,0.8491049408912659,0.0,0.0,0.05175204202532768,85.56761932373047,70.56756591796875,0.93427973985672,58.79676055908203,94.53387451171875,0.9649162888526917,60.57018280029297,70.81217956542969,0.9986618757247925,60.650238037109375,143.94093322753906,0.8655622601509094,58.78962326049805,97.69331359863281,0.9984419941902161,90.61117553710938,155.9701385498047,0.8565728664398193,94.00935363769531,136.80921936035156,0.9938656687736511,34.597137451171875,182.52960205078125,0.9574443101882935,35.007957458496094,175.67105102539062,0.9885868430137634,0.0,0.0,0.10411512106657028,0.0,0.0,0.33158764243125916,0.0,0.0,0.0025373813696205616,0.0,0.0,0.006355952937155962
300,True,90.49386596679688,93.54473876953125,0.8320291638374329,0.0,0.0,0.109150230884552,93.26647186279297,87.04570770263672,0.8950796723365784,0.0,0.0,0.027116121724247932,83.58280181884766,69.60498046875,0.9380248188972473,57.54279708862305,93.31011962890625,0.860565721988678,62.29224395751953,68.70364379882812,0.9979099631309509,0.0,0.0,0.4822811782360077,56.816627502441406,95.82589721679688,0.99751877784729,92.88545227050781,156.30087280273438,0.5620596408843994,92.33821105957031,138.2920684814453,0.9904899597167969,33.550445556640625,182.30447387695312,0.8867193460464478,37.27202606201172,174.34756469726562,0.9815691709518433,0.0,0.0,0.08189268410205841,0.0,0.0,0.39539504051208496,0.0,0.0,0.003425662172958255,0.0,0.0,0.012431427836418152
301,True,90.45220947265625,93.60387420654297,0.834624171257019,0.0,0.0,0.10989798605442047,93.20906066894531,87.06636810302734,0.8902530670166016,0.0,0.0,0.027277640998363495,83.9215316772461,69.6930160522461,0.9323502779006958,58.389556884765625,93.86430358886719,0.873928427696228,62.191932678222656,68.24321746826172,0.9980485439300537,62.45674133300781,141.2646484375,0.5293905735015869,54.68950653076172,94.15328216552734,0.99782395362854,93.07135772705078,156.22528076171875,0.6089937686920166,91.30998229980469,137.6111602783203,0.9919477105140686,33.75619888305664,183.68801879882812,0.8977816700935364,36.782432556152344,175.38697814941406,0.9831257462501526,0.0,0.0,0.07852303981781006,0.0,0.0,0.3829006850719452,0.0,0.0,0.0029716582503169775,0.0,0.0,0.010825594887137413
302,True,91.9496841430664,93.45931243896484,0.9031890034675598,0.0,0.0,0.23083066940307617,94.25355529785156,87.504150390625,0.9353674054145813,0.0,0.0,0.043339796364307404,84.93585205078125,71.01564025878906,0.9372909665107727,61.936370849609375,92.00477600097656,0.846378743648529,60.25373840332031,74.66535186767578,0.9966174960136414,0.0,0.0,0.4691826105117798,54.69131851196289,102.26887512207031,0.994961142539978,93.6684799194336,151.83731079101562,0.5831714868545532,89.76840209960938,141.5735626220703,0.9843595623970032,35.2756233215332,177.95892333984375,0.8466790914535522,33.95498275756836,173.36865234375,0.968678891658783,0.0,0.0,0.11822573840618134,0.0,0.0,0.4362119138240814,0.0,0.0,0.007144070230424404,0.0,0.0,0.021536333486437798
303,True,92.91349792480469,93.69764709472656,0.9126043319702148,0.0,0.0,0.24096135795116425,94.80162048339844,88.34776306152344,0.9333298206329346,0.0,0.0,0.04022293537855148,85.57793426513672,72.35706329345703,0.9320246577262878,66.20413970947266,93.06148529052734,0.9091346263885498,60.42457962036133,74.45563507080078,0.9969760179519653,62.3846435546875,135.48782348632812,0.6958743929862976,50.341827392578125,99.76885223388672,0.9963499307632446,92.2857894897461,153.3678436279297,0.7854000329971313,87.4744873046875,141.7960968017578,0.9906216859817505,37.01107406616211,175.2042999267578,0.9044130444526672,33.152496337890625,169.9203643798828,0.9761326909065247,0.0,0.0,0.1625313013792038,0.0,0.0,0.46434715390205383,0.0,0.0,0.00793583132326603,0.0,0.0,0.01992275007069111
304,True,93.50089263916016,93.7327880859375,0.9075192809104919,0.0,0.0,0.22661393880844116,95.15895080566406,88.52188873291016,0.9255101084709167,0.0,0.0,0.03642367944121361,85.7308578491211,73.13841247558594,0.9296520352363586,68.93653106689453,94.38658905029297,0.9316391348838806,59.69398498535156,75.06765747070312,0.9968859553337097,64.50526428222656,137.7462615966797,0.7892357110977173,49.99709701538086,100.55351257324219,0.9965420365333557,92.19914245605469,154.46751403808594,0.8465655446052551,86.74974060058594,142.76138305664062,0.9914593696594238,38.772682189941406,175.70977783203125,0.9305775761604309,32.425392150878906,170.00650024414062,0.9797931909561157,0.0,0.0,0.1915421485900879,0.0,0.0,0.4692544937133789,0.0,0.0,0.008225945755839348,0.0,0.0,0.01813136786222458
305,True,93.22395324707031,94.7040786743164,0.8909839987754822,0.0,0.0,0.1993461549282074,95.05158233642578,89.531005859375,0.903780996799469,0.0,0.0,0.036098822951316833,86.13320922851562,74.11793518066406,0.9134020805358887,68.13831329345703,94.87855529785156,0.934575617313385,58.90219497680664,75.9994888305664,0.9967437982559204,61.0380859375,137.33567810058594,0.8141950964927673,45.44275665283203,100.53138732910156,0.9965152740478516,88.966796875,153.61643981933594,0.8664987087249756,84.78511047363281,142.0489501953125,0.9919124841690063,38.41490936279297,176.51351928710938,0.938908040523529,32.31161117553711,171.24102783203125,0.9813115000724792,0.0,0.0,0.2146855592727661,0.0,0.0,0.49028486013412476,0.0,0.0,0.008875909261405468,0.0,0.0,0.01888616755604744
306,True,93.30252075195312,94.54619598388672,0.8901947736740112,0.0,0.0,0.19521285593509674,95.07478332519531,89.3531494140625,0.9049280881881714,0.0,0.0,0.034716323018074036,86.23292541503906,74.11101531982422,0.9121386408805847,68.72785949707031,95.38975524902344,0.9262343645095825,58.831871032714844,75.5804443359375,0.9968518614768982,62.253414154052734,138.5353240966797,0.7868761420249939,44.265560150146484,99.76336669921875,0.9967262744903564,89.79271697998047,154.00759887695312,0.8540952801704407,84.50725555419922,141.96249389648438,0.9923835396766663,37.5355110168457,175.97438049316406,0.9268708825111389,31.256786346435547,170.23373413085938,0.9792917370796204,0.0,0.0,0.18442538380622864,0.0,0.0,0.46612074971199036,0.0,0.0,0.0075674657709896564,0.0,0.0,0.017202971503138542
307,True,93.24223327636719,94.52410888671875,0.8819257616996765,0.0,0.0,0.1857946515083313,95.1363754272461,89.48185729980469,0.8980504870414734,0.0,0.0,0.03412559628486633,86.4082260131836,74.28447723388672,0.9070123434066772,68.50253295898438,94.61628723144531,0.9190769195556641,58.85137176513672,75.79586791992188,0.9966248273849487,61.737030029296875,137.52285766601562,0.7746046781539917,43.905704498291016,100.53547668457031,0.9965749382972717,89.16627502441406,153.69554138183594,0.842947244644165,84.26923370361328,142.14508056640625,0.991881787776947,37.99518585205078,176.6116180419922,0.9292316436767578,31.586612701416016,171.27938842773438,0.9802692532539368,0.0,0.0,0.19073475897312164,0.0,0.0,0.47850891947746277,0.0,0.0,0.008005178533494473,0.0,0.0,0.018341490998864174
308,True,92.55378723144531,94.58210754394531,0.8762430548667908,0.0,0.0,0.1802799552679062,94.60145568847656,89.44660949707031,0.890846312046051,0.0,0.0,0.037641268223524094,86.41033935546875,73.96905517578125,0.9046926498413086,67.0110092163086,94.47845458984375,0.9168234467506409,59.6427116394043,75.22771453857422,0.9967904686927795,60.83626174926758,137.9921112060547,0.7605341672897339,44.687042236328125,99.80877685546875,0.9966751337051392,89.86910247802734,153.8400115966797,0.835254430770874,84.81903839111328,142.3501739501953,0.9919277429580688,36.39905548095703,176.26443481445312,0.9222221374511719,31.75100326538086,170.73269653320312,0.9791702032089233,0.0,0.0,0.17324940860271454,0.0,0.0,0.4609844982624054,0.0,0.0,0.0070364330895245075,0.0,0.0,0.016722405329346657
309,True,91.92667388916016,94.29682922363281,0.869057297706604,0.0,0.0,0.18758250772953033,94.12208557128906,89.26136016845703,0.8758355975151062,0.0,0.0,0.044597066938877106,86.46797180175781,74.13199615478516,0.8904751539230347,67.40210723876953,94.46748352050781,0.922234296798706,59.781490325927734,75.76991271972656,0.9964008331298828,62.313804626464844,137.6475372314453,0.7768151164054871,44.94287872314453,100.25970458984375,0.9960662722587585,91.39579772949219,153.75535583496094,0.838869035243988,84.84983825683594,141.97445678710938,0.9904609322547913,37.532264709472656,175.97225952148438,0.9280967712402344,32.65839767456055,170.65643310546875,0.9790892004966736,0.0,0.0,0.19294676184654236,0.0,0.0,0.4721520245075226,0.0,0.0,0.008126326836645603,0.0,0.0,0.018303411081433296
310,True,91.05076599121094,93.78916931152344,0.8477822542190552,0.0,0.0,0.16952742636203766,93.57074737548828,88.93190002441406,0.8656109571456909,0.0,0.0,0.048164479434490204,86.390380859375,74.21031951904297,0.8982182741165161,64.85385131835938,94.17950439453125,0.9050959944725037,61.22544479370117,75.65151977539062,0.995989978313446,62.16515350341797,136.6375732421875,0.6989971399307251,48.77851486206055,99.5280990600586,0.9950502514839172,91.74224853515625,152.7496795654297,0.7693642973899841,86.31541442871094,142.00994873046875,0.9868311882019043,35.46556854248047,174.18699645996094,0.9110243916511536,33.40608215332031,168.83522033691406,0.9756287336349487,0.0,0.0,0.19097906351089478,0.0,0.0,0.48854735493659973,0.0,0.0,0.009461420588195324,0.0,0.0,0.0224649365991354
311,True,90.299072265625,94.38143157958984,0.8325226306915283,0.0,0.0,0.1472630798816681,93.15507507324219,89.57218933105469,0.8620251417160034,0.0,0.0,0.04540788009762764,86.09828186035156,73.57699584960938,0.9005979895591736,62.073265075683594,90.69606018066406,0.8698990345001221,61.808658599853516,74.55419921875,0.9961884617805481,60.89220428466797,132.43263244628906,0.5934714078903198,50.978885650634766,99.1661148071289,0.995347797870636,94.02276611328125,152.1447296142578,0.6927541494369507,88.82221984863281,141.36846923828125,0.986647367477417,34.2637939453125,172.59133911132812,0.8958181738853455,34.40441131591797,168.42379760742188,0.9762937426567078,0.0,0.0,0.18657593429088593,41.555702209472656,231.78271484375,0.5311955213546753,0.0,0.0,0.010573610663414001,0.0,0.0,0.028720615431666374
312,True,90.3792495727539,94.10780334472656,0.8489493727684021,0.0,0.0,0.14937129616737366,93.04291534423828,88.91326141357422,0.8843770623207092,0.0,0.0,0.04077301174402237,85.1025390625,72.71409606933594,0.9167789220809937,60.349639892578125,90.87208557128906,0.8631429076194763,61.478912353515625,75.17174530029297,0.9966210126876831,59.657142639160156,131.7884521484375,0.5667132139205933,52.54753494262695,100.04852294921875,0.9958756566047668,92.0560302734375,150.8948516845703,0.6827711462974548,88.16790771484375,141.52005004882812,0.9881578087806702,32.97618865966797,173.7623291015625,0.8878782391548157,34.09098434448242,169.76597595214844,0.9762475490570068,0.0,0.0,0.16724161803722382,41.357582092285156,233.48883056640625,0.5175709128379822,0.0,0.0,0.009102323092520237,0.0,0.0,0.025943303480744362
313,True,90.15215301513672,94.01377868652344,0.8568827509880066,0.0,0.0,0.1594189703464508,92.77937316894531,88.60968017578125,0.8902462720870972,0.0,0.0,0.04190957173705101,84.67259216308594,72.08926391601562,0.9154162406921387,59.897132873535156,91.01728820800781,0.8556177020072937,61.265541076660156,74.42152404785156,0.996425211429596,59.63265609741211,132.76742553710938,0.54413902759552,53.00889205932617,99.5062026977539,0.9955447912216187,92.37545776367188,151.1656036376953,0.6628182530403137,88.11414337158203,141.51890563964844,0.9871869087219238,32.54606628417969,176.7926025390625,0.8704611659049988,33.66504669189453,172.4534912109375,0.9723713994026184,0.0,0.0,0.1306692659854889,0.0,0.0,0.44978857040405273,0.0,0.0,0.006838982459157705,0.0,0.0,0.019896194338798523
314,True,90.12672424316406,93.74016571044922,0.8892173767089844,0.0,0.0,0.229801207780838,92.38662719726562,87.94386291503906,0.9028031826019287,0.0,0.0,0.06281618028879166,83.68341064453125,71.96051025390625,0.9190401434898376,59.156005859375,93.1489028930664,0.9167253375053406,61.48886489868164,75.12428283691406,0.9956852197647095,59.24193572998047,135.59580993652344,0.6936327815055847,57.788169860839844,99.19839477539062,0.9930312633514404,90.84895324707031,152.40333557128906,0.7544634938240051,89.22059631347656,140.88967895507812,0.9816158413887024,31.332901000976562,178.2190704345703,0.893510103225708,32.986690521240234,173.19210815429688,0.9668457508087158,0.0,0.0,0.14651472866535187,0.0,0.0,0.3840397894382477,0.0,0.0,0.007005194667726755,0.0,0.0,0.015417071990668774
315,True,89.08609771728516,94.82833099365234,0.8387836217880249,0.0,0.0,0.14367394149303436,93.53520202636719,88.61799621582031,0.8893173933029175,0.0,0.0,0.05672624334692955,86.80440521240234,72.85216522216797,0.9359855055809021,56.75811004638672,92.10531616210938,0.9056551456451416,60.92015075683594,73.90724182128906,0.998405396938324,66.25592041015625,134.03506469726562,0.549098014831543,65.72079467773438,105.13356018066406,0.9974095225334167,0.0,0.0,0.4838661849498749,93.1546859741211,143.4418182373047,0.9833211898803711,29.86724853515625,178.15438842773438,0.934733510017395,30.97924041748047,172.81942749023438,0.9891254901885986,0.0,0.0,0.11241678893566132,0.0,0.0,0.4711619019508362,0.0,0.0,0.006116287782788277,0.0,0.0,0.021438490599393845
316,True,90.17793273925781,94.71241760253906,0.8369908928871155,0.0,0.0,0.12691281735897064,94.05632781982422,87.93696594238281,0.8937225937843323,0.0,0.0,0.03906985744833946,86.41053009033203,72.0103759765625,0.9329225420951843,60.28068542480469,96.15105438232422,0.8964648246765137,60.632720947265625,71.79080200195312,0.9983444213867188,68.19775390625,142.95944213867188,0.5573148131370544,66.75457763671875,99.85028839111328,0.9979567527770996,91.30229187011719,160.4561004638672,0.5028741955757141,93.69679260253906,143.08413696289062,0.9874512553215027,33.23545837402344,182.83013916015625,0.9228690266609192,30.769725799560547,175.03085327148438,0.9878365397453308,0.0,0.0,0.07737701386213303,0.0,0.0,0.39240315556526184,0.0,0.0,0.004223183263093233,0.0,0.0,0.01585053838789463
317,True,90.2559585571289,93.8198013305664,0.868130087852478,0.0,0.0,0.13740010559558868,93.72279357910156,87.05194091796875,0.9248064756393433,0.0,0.0,0.03541058301925659,85.16129302978516,71.35255432128906,0.9556006193161011,59.46696472167969,95.39111328125,0.905394434928894,60.16987228393555,71.92707824707031,0.9988940358161926,67.00299835205078,142.7123565673828,0.5302464365959167,68.51567840576172,101.74645233154297,0.9984915256500244,0.0,0.0,0.4725016951560974,94.24960327148438,143.18382263183594,0.9895786643028259,33.1119384765625,183.02734375,0.9297344088554382,31.185684204101562,175.48681640625,0.990465521812439,0.0,0.0,0.08527781814336777,0.0,0.0,0.4493974447250366,0.0,0.0,0.004649492911994457,0.0,0.0,0.01879776082932949
318,True,89.78832244873047,93.60613250732422,0.8838425278663635,0.0,0.0,0.15144364535808563,93.18905639648438,86.78240966796875,0.9386535882949829,0.0,0.0,0.03720695897936821,84.51029968261719,70.70323944091797,0.9641065001487732,59.201690673828125,94.22921752929688,0.9083730578422546,60.23064041137695,72.30131530761719,0.999116837978363,67.30990600585938,142.16641235351562,0.5114229917526245,70.43785858154297,105.69377136230469,0.9987474679946899,0.0,0.0,0.4510985016822815,94.30764770507812,143.74728393554688,0.9905168414115906,33.11787414550781,180.1405792236328,0.9313316941261292,31.554309844970703,173.05908203125,0.9915346503257751,0.0,0.0,0.09174346923828125,0.0,0.0,0.4910288453102112,0.0,0.0,0.005094749853014946,0.0,0.0,0.021684890612959862
319,True,89.70177459716797,93.2252197265625,0.8938021659851074,0.0,0.0,0.16825057566165924,93.43872833251953,86.73479461669922,0.9317294359207153,0.0,0.0,0.03836904466152191,84.66893005371094,70.4681396484375,0.9539198279380798,58.44221496582031,92.4459228515625,0.9406661987304688,58.60559844970703,72.14393615722656,0.9987504482269287,65.71958923339844,137.56602478027344,0.7337815165519714,65.1900405883789,103.26893615722656,0.9984885454177856,87.89871978759766,157.3726348876953,0.6984054446220398,92.552001953125,142.140625,0.9921308159828186,33.231040954589844,178.83590698242188,0.949738085269928,31.132591247558594,172.99252319335938,0.990450918674469,0.0,0.0,0.10393215715885162,0.0,0.0,0.41738131642341614,0.0,0.0,0.004238470457494259,0.0,0.0,0.013353602029383183
320,True,88.12063598632812,93.518798828125,0.8813148140907288,0.0,0.0,0.14008836448192596,91.68400573730469,86.88688659667969,0.9253459572792053,0.0,0.0,0.028061311691999435,82.06092834472656,69.30928039550781,0.9490551948547363,55.85987091064453,92.12284088134766,0.9040655493736267,58.10103225708008,71.35958862304688,0.9982860684394836,63.10429382324219,137.76783752441406,0.6272910833358765,60.754905700683594,104.21578979492188,0.9981473684310913,89.22125244140625,155.94375610351562,0.6780877709388733,89.84321594238281,143.57876586914062,0.9928717017173767,32.95629119873047,181.3061065673828,0.9120670557022095,33.53702163696289,175.05337524414062,0.9844871163368225,0.0,0.0,0.08901482075452805,0.0,0.0,0.3999013900756836,0.0,0.0,0.003659326583147049,0.0,0.0,0.012463520281016827
321,True,87.72386169433594,93.45613861083984,0.8668501973152161,0.0,0.0,0.1416979879140854,92.156494140625,86.70116424560547,0.9115105867385864,0.0,0.0,0.03473798185586929,83.25732421875,69.45492553710938,0.9357744455337524,51.80890655517578,92.04142761230469,0.9003251791000366,57.05355453491211,70.11805725097656,0.9981371164321899,59.52644348144531,137.88101196289062,0.6004194617271423,55.13220977783203,103.04293823242188,0.997771143913269,87.50239562988281,157.23873901367188,0.5958917140960693,88.43923950195312,143.10174560546875,0.9895792603492737,27.794944763183594,181.70272827148438,0.9297274351119995,29.839439392089844,174.96409606933594,0.9877053499221802,0.0,0.0,0.1044582799077034,0.0,0.0,0.44073963165283203,0.0,0.0,0.0047735366970300674,0.0,0.0,0.01628861203789711
322,True,86.98588562011719,93.04896545410156,0.8725345134735107,0.0,0.0,0.131949782371521,90.24297332763672,86.47398376464844,0.9184887409210205,0.0,0.0,0.02474922128021717,80.51390075683594,69.32710266113281,0.9421903491020203,52.883934020996094,93.05960083007812,0.8829308152198792,57.072418212890625,70.20361328125,0.997663140296936,57.746429443359375,138.9560089111328,0.5922812819480896,52.5972900390625,99.99955749511719,0.9976557493209839,88.89219665527344,155.88491821289062,0.6798545718193054,85.0644760131836,143.90899658203125,0.9924048781394958,28.470558166503906,180.69073486328125,0.8971142768859863,31.07842254638672,173.38131713867188,0.9810127019882202,0.0,0.0,0.08174464851617813,0.0,0.0,0.365813285112381,0.0,0.0,0.0029775314033031464,0.0,0.0,0.009795570746064186
323,True,85.77603149414062,91.55179595947266,0.8987980484962463,0.0,0.0,0.16820554435253143,88.21717834472656,85.15630340576172,0.9329427480697632,0.0,0.0,0.02352563664317131,78.37654876708984,68.57528686523438,0.9388359189033508,54.44224548339844,93.26097106933594,0.8929263949394226,54.53456115722656,69.87920379638672,0.9975304007530212,54.22502517700195,140.00418090820312,0.6585049033164978,46.732627868652344,99.15888977050781,0.9978533387184143,86.0372085571289,155.78607177734375,0.7452698945999146,83.12870788574219,143.81015014648438,0.9937305450439453,30.638134002685547,182.3084716796875,0.9113591313362122,29.775226593017578,175.03933715820312,0.9826038479804993,0.0,0.0,0.08396217972040176,0.0,0.0,0.3518630862236023,0.0,0.0,0.0028251265175640583,0.0,0.0,0.008726517669856548
324,True,85.62855529785156,91.47634887695312,0.8792182207107544,0.0,0.0,0.12469236552715302,88.285888671875,84.98896789550781,0.9306366443634033,0.0,0.0,0.022464945912361145,78.96022033691406,68.58809661865234,0.9586182832717896,52.701927185058594,93.84835052490234,0.8905104994773865,55.96546936035156,69.82086181640625,0.9986909031867981,54.496971130371094,140.54244995117188,0.5996541976928711,45.71887969970703,97.93693542480469,0.9988188147544861,86.4497299194336,155.8467254638672,0.6987794637680054,83.37109375,142.31573486328125,0.9958186745643616,31.238861083984375,182.97755432128906,0.9073047041893005,33.100975036621094,175.8669891357422,0.9862679243087769,0.0,0.0,0.06788060814142227,0.0,0.0,0.3697446286678314,0.0,0.0,0.002123849233612418,0.0,0.0,0.008214835077524185
325,True,83.92339324951172,91.16885375976562,0.9170684814453125,0.0,0.0,0.22737087309360504,87.1861801147461,84.63654327392578,0.9347259998321533,0.0,0.0,0.03128613904118538,77.47175598144531,67.48825073242188,0.9243607521057129,55.96856689453125,92.04983520507812,0.9302606582641602,52.57294464111328,69.50716400146484,0.9967193007469177,63.212745666503906,134.77825927734375,0.78997403383255,50.2104606628418,99.24017333984375,0.9970021843910217,91.74276733398438,150.08294677734375,0.8468526601791382,86.20702362060547,137.5100555419922,0.9930088520050049,32.70181655883789,177.90493774414062,0.9314246773719788,29.751571655273438,170.8133087158203,0.9806431531906128,0.0,0.0,0.12743046879768372,0.0,0.0,0.3796738386154175,0.0,0.0,0.0042803604155778885,0.0,0.0,0.010429351590573788
326,True,84.78572082519531,92.18057250976562,0.8493253588676453,0.0,0.0,0.16078253090381622,87.30738830566406,85.6114501953125,0.8794662952423096,0.0,0.0,0.07488691806793213,78.24170684814453,67.96675109863281,0.9382042288780212,53.78301239013672,88.21949768066406,0.9384693503379822,61.82982635498047,73.52375030517578,0.9972711205482483,65.87215423583984,142.9243621826172,0.7059486508369446,81.21979522705078,113.99237060546875,0.995395839214325,95.19366455078125,157.80921936035156,0.6880055665969849,101.01393127441406,141.6959228515625,0.9808149337768555,30.837562561035156,180.2266387939453,0.9209350943565369,35.12920379638672,176.214111328125,0.9780882596969604,0.0,0.0,0.11476127058267593,0.0,0.0,0.35733431577682495,0.0,0.0,0.004615698009729385,0.0,0.0,0.011415976099669933
327,True,85.04163360595703,91.67501831054688,0.854077935218811,0.0,0.0,0.16413098573684692,87.44081115722656,85.26130676269531,0.8834546804428101,0.0,0.0,0.07327860593795776,78.1734390258789,67.71662139892578,0.9398168921470642,53.82929229736328,87.42509460449219,0.9411328434944153,61.94102096557617,72.97764587402344,0.9972721934318542,65.3287353515625,141.792724609375,0.7195538878440857,80.7098617553711,113.03985595703125,0.9953913688659668,94.99101257324219,157.81442260742188,0.7021206617355347,101.00193786621094,141.5601043701172,0.9812036156654358,30.757125854492188,178.8970184326172,0.9264824390411377,35.150447845458984,174.9859619140625,0.9791467785835266,0.0,0.0,0.12828531861305237,0.0,0.0,0.3791259825229645,0.0,0.0,0.005233196076005697,0.0,0.0,0.012605111114680767
328,True,87.8273696899414,92.1749267578125,0.9113327264785767,0.0,0.0,0.2620213031768799,89.0666275024414,85.5230941772461,0.9327147603034973,0.0,0.0,0.04460257664322853,78.4217529296875,69.18467712402344,0.930237889289856,62.49705505371094,90.66921997070312,0.9487981200218201,59.58687210083008,71.50315856933594,0.9957613348960876,67.85008239746094,141.2391815185547,0.8686104416847229,75.37367248535156,106.06387329101562,0.9962449669837952,90.66438293457031,158.23574829101562,0.8659650087356567,99.77088928222656,140.37557983398438,0.9891285300254822,39.379188537597656,182.22547912597656,0.960635244846344,32.862091064453125,176.85301208496094,0.9847015142440796,0.0,0.0,0.154617577791214,0.0,0.0,0.35584011673927307,0.0,0.0,0.005921703297644854,0.0,0.0,0.011443189345300198
329,True,89.34033203125,93.41427612304688,0.8815496563911438,0.0,0.0,0.19482377171516418,91.50859832763672,86.21302795410156,0.925078809261322,0.0,0.0,0.032946210354566574,81.17609405517578,70.39036560058594,0.9329404830932617,62.10417175292969,95.79672241210938,0.9072383642196655,57.707237243652344,71.9105224609375,0.9957492351531982,69.06948852539062,140.7247314453125,0.6409348845481873,72.08646392822266,100.06777954101562,0.9944144487380981,90.51365661621094,153.54605102539062,0.6006646156311035,96.60084533691406,144.64852905273438,0.9764651656150818,35.73579788208008,180.92214965820312,0.9265078902244568,29.87335205078125,173.4412384033203,0.9803839325904846,0.0,0.0,0.1043681725859642,0.0,0.0,0.3425571620464325,0.0,0.0,0.005847970023751259,0.0,0.0,0.014669016003608704
330,True,89.7850112915039,92.77933502197266,0.8846139907836914,0.0,0.0,0.20328812301158905,91.49247741699219,85.68894958496094,0.9249947667121887,0.0,0.0,0.03069670870900154,80.69538879394531,70.6754150390625,0.930223822593689,64.71668243408203,95.52002716064453,0.9178471565246582,57.35518264770508,73.06362915039062,0.9951436519622803,71.62987518310547,140.8455352783203,0.7055917382240295,74.09773254394531,103.53530883789062,0.9940806031227112,90.20768737792969,153.86915588378906,0.6557444334030151,97.462646484375,145.72938537597656,0.9757440090179443,37.350887298583984,180.32208251953125,0.9413451552391052,28.983840942382812,173.1397247314453,0.9821476936340332,0.0,0.0,0.12386421859264374,0.0,0.0,0.351559579372406,0.0,0.0,0.00667422404512763,0.0,0.0,0.014928050339221954
331,True,88.9260482788086,93.06517791748047,0.8789151906967163,0.0,0.0,0.18170462548732758,91.44606018066406,85.92489624023438,0.92582768201828,0.0,0.0,0.044477853924036026,81.14164733886719,69.55831146240234,0.9551793932914734,57.341033935546875,94.48839569091797,0.920301616191864,61.49553680419922,74.14690399169922,0.9967945218086243,69.24659729003906,143.94386291503906,0.6027567386627197,77.7862777709961,111.61444091796875,0.9942697286605835,89.85409545898438,152.59344482421875,0.5822347402572632,95.52949523925781,145.3056182861328,0.9762129783630371,32.55113220214844,180.19497680664062,0.892437756061554,34.50926208496094,173.8961181640625,0.9719076752662659,0.0,0.0,0.09559614211320877,0.0,0.0,0.3336515724658966,0.0,0.0,0.004916549194604158,0.0,0.0,0.012785841710865498
332,True,88.4083251953125,93.63887023925781,0.909608006477356,0.0,0.0,0.2333528697490692,90.86830139160156,86.59234619140625,0.9402116537094116,0.0,0.0,0.039104118943214417,80.52235412597656,69.62547302246094,0.9392613768577576,56.952030181884766,95.90015411376953,0.899400532245636,59.34330368041992,71.08349609375,0.9964470267295837,65.16482543945312,139.92234802246094,0.5571613907814026,63.11078643798828,97.85719299316406,0.9942933320999146,91.64996337890625,152.0689239501953,0.6109282374382019,91.46475219726562,143.08966064453125,0.9818800687789917,31.171630859375,181.50393676757812,0.8849111199378967,32.672462463378906,173.54461669921875,0.9722842574119568,0.0,0.0,0.1067136600613594,0.0,0.0,0.37971970438957214,0.0,0.0,0.005685879848897457,0.0,0.0,0.015847845003008842
333,True,87.57903289794922,94.36164855957031,0.8572841882705688,0.0,0.0,0.13914796710014343,90.9542007446289,86.88849639892578,0.9138341546058655,0.0,0.0,0.02842823415994644,79.86642456054688,68.84447479248047,0.9387212991714478,50.692996978759766,95.33356475830078,0.8538939356803894,57.602516174316406,71.3525390625,0.9955220222473145,0.0,0.0,0.469844788312912,62.10240173339844,100.66159057617188,0.9935861229896545,89.52944946289062,154.60670471191406,0.5339781641960144,90.28514862060547,143.24859619140625,0.9794794917106628,29.556114196777344,182.25076293945312,0.8440970778465271,34.04873275756836,174.88681030273438,0.9643070101737976,0.0,0.0,0.07535301148891449,0.0,0.0,0.30903148651123047,0.0,0.0,0.003863421967253089,0.0,0.0,0.011269590817391872
334,True,85.46879577636719,94.84541320800781,0.879772961139679,0.0,0.0,0.1546722948551178,88.82865905761719,87.70060729980469,0.9202547669410706,0.0,0.0,0.03203628957271576,78.94984436035156,69.04182434082031,0.9368507266044617,49.065704345703125,93.23755645751953,0.8813327550888062,57.07844543457031,69.05779266357422,0.9969629645347595,55.98008728027344,140.42982482910156,0.5716603398323059,56.48041534423828,98.03488159179688,0.9964876174926758,89.73677825927734,155.48886108398438,0.651029646396637,88.32077026367188,143.12680053710938,0.9891029596328735,27.247478485107422,184.4932403564453,0.8798247575759888,32.045921325683594,177.19647216796875,0.9750053882598877,0.0,0.0,0.06809023767709732,0.0,0.0,0.30391940474510193,0.0,0.0,0.0026209421921521425,0.0,0.0,0.008228330872952938
335,True,85.80294036865234,94.81504821777344,0.886560320854187,0.0,0.0,0.1610829085111618,88.96495056152344,87.7486801147461,0.9287282824516296,0.0,0.0,0.03107537515461445,78.9722900390625,69.21932983398438,0.9417341351509094,49.31206512451172,93.38850402832031,0.8696790933609009,57.55796813964844,69.18678283691406,0.9971207976341248,55.571624755859375,140.6458282470703,0.5238960385322571,56.24482727050781,97.89118957519531,0.9966123700141907,89.76396179199219,155.59030151367188,0.6136300563812256,88.60774993896484,143.19432067871094,0.989190936088562,27.489418029785156,184.20326232910156,0.8669047951698303,32.53768539428711,176.8935546875,0.9742950201034546,0.0,0.0,0.06529642641544342,0.0,0.0,0.3115917444229126,0.0,0.0,0.0026752708945423365,0.0,0.0,0.008864808827638626
336,True,84.77655029296875,95.6844482421875,0.7872521877288818,0.0,0.0,0.07599373906850815,88.09066772460938,87.95965576171875,0.8791761994361877,0.0,0.0,0.02269187569618225,78.9590072631836,69.21552276611328,0.9374989867210388,46.394874572753906,96.97156524658203,0.7422310709953308,58.43686294555664,66.88572692871094,0.9979873895645142,0.0,0.0,0.25530219078063965,50.122581481933594,95.07637023925781,0.9978204965591431,0.0,0.0,0.3502097725868225,87.44510650634766,142.68380737304688,0.9907077550888062,27.046306610107422,193.4388427734375,0.7826472520828247,34.91667556762695,184.05426025390625,0.9745832085609436,0.0,0.0,0.03456319868564606,0.0,0.0,0.30260977149009705,0.0,0.0,0.0017686218488961458,0.0,0.0,0.009404042735695839
337,True,83.93305206298828,94.29095458984375,0.8572934865951538,0.0,0.0,0.1309533417224884,87.647216796875,87.15815734863281,0.9055927395820618,0.0,0.0,0.027415191754698753,78.60962677001953,68.9610595703125,0.920037031173706,49.46955871582031,94.37355041503906,0.8322851657867432,55.49452209472656,68.6302261352539,0.9968440532684326,0.0,0.0,0.4790118634700775,49.76805114746094,98.67996215820312,0.9970138072967529,90.67647552490234,156.16757202148438,0.5909116864204407,84.80477905273438,144.04977416992188,0.9905952215194702,26.658355712890625,185.33811950683594,0.8599324822425842,30.068653106689453,177.09619140625,0.9756828546524048,0.0,0.0,0.059196360409259796,0.0,0.0,0.31835874915122986,0.0,0.0,0.002318271668627858,0.0,0.0,0.00861092284321785
338,True,84.7582778930664,93.67628479003906,0.8802814483642578,0.0,0.0,0.14780570566654205,87.9515380859375,86.60137939453125,0.915909469127655,0.0,0.0,0.024479439482092857,78.12594604492188,68.58101654052734,0.9231790900230408,51.27748107910156,95.04554748535156,0.8780933022499084,55.31060791015625,68.59029388427734,0.996720016002655,56.227256774902344,144.01206970214844,0.6401305794715881,47.29300308227539,98.69462585449219,0.9973618388175964,90.27758026123047,156.95169067382812,0.7414249777793884,83.36770629882812,143.51153564453125,0.9930955767631531,28.98546600341797,185.05133056640625,0.8796495199203491,31.01264190673828,176.434326171875,0.9745843410491943,0.0,0.0,0.05805579945445061,0.0,0.0,0.2662946283817291,0.0,0.0,0.0018282822566106915,0.0,0.0,0.005731763318181038
339,True,83.16819763183594,92.19380187988281,0.8885331749916077,0.0,0.0,0.16260793805122375,86.30412292480469,85.33126831054688,0.9181023836135864,0.0,0.0,0.02573201060295105,76.90858459472656,68.36891174316406,0.9165180921554565,51.65694808959961,94.49964904785156,0.8766710162162781,53.49776840209961,69.43595886230469,0.9968282580375671,56.61796569824219,142.399169921875,0.6534615755081177,44.573081970214844,100.36021423339844,0.9976243376731873,90.05833435058594,155.93089294433594,0.7569692730903625,82.88037109375,143.5263214111328,0.9938479065895081,29.677196502685547,186.06439208984375,0.8869709968566895,29.768112182617188,177.94842529296875,0.9766655564308167,0.0,0.0,0.0572967566549778,0.0,0.0,0.26721906661987305,0.0,0.0,0.001761508290655911,0.0,0.0,0.0056424676440656185
340,True,83.76360321044922,89.54226684570312,0.9128124713897705,0.0,0.0,0.1929088830947876,86.71096801757812,83.3876953125,0.9473798274993896,0.0,0.0,0.021332470700144768,76.63452911376953,67.39697265625,0.9403625726699829,54.80632019042969,90.60780334472656,0.8563339710235596,50.171966552734375,70.57374572753906,0.9974327683448792,60.01250457763672,134.16213989257812,0.5654209852218628,43.62413787841797,102.38908386230469,0.9978577494621277,92.12688446044922,151.30441284179688,0.6836444735527039,87.94248962402344,139.6632843017578,0.9937136769294739,36.186676025390625,179.4434814453125,0.9065530300140381,31.894100189208984,173.94882202148438,0.9840093851089478,0.0,0.0,0.09727807343006134,0.0,0.0,0.4233982264995575,0.0,0.0,0.0036186545621603727,0.0,0.0,0.012367693707346916
341,True,83.65751647949219,89.31684112548828,0.9108614921569824,0.0,0.0,0.1959284543991089,86.49966430664062,83.24938201904297,0.9448906779289246,0.0,0.0,0.022167982533574104,76.5274658203125,67.39559936523438,0.9357937574386597,55.39035415649414,90.17015075683594,0.85640949010849,49.819091796875,70.12288665771484,0.9973427653312683,60.40748977661133,134.40357971191406,0.564262866973877,43.69449234008789,102.33361053466797,0.9977245926856995,92.21029663085938,151.76231384277344,0.6724069118499756,88.18099975585938,139.97103881835938,0.9930742979049683,35.883365631103516,179.93370056152344,0.9147732853889465,30.792404174804688,174.39334106445312,0.9852851033210754,0.0,0.0,0.10659433156251907,0.0,0.0,0.44373399019241333,0.0,0.0,0.0040665981359779835,0.0,0.0,0.013718622736632824
342,True,84.3885498046875,89.0023193359375,0.8577653765678406,0.0,0.0,0.14313387870788574,86.74635314941406,82.70193481445312,0.8964349627494812,0.0,0.0,0.0233552735298872,77.35005950927734,67.97917938232422,0.9084866046905518,55.920921325683594,92.65636444091797,0.8707731366157532,51.15454864501953,69.77954864501953,0.9960805773735046,58.55183410644531,137.33541870117188,0.6678594350814819,44.191932678222656,95.18505096435547,0.9969359636306763,90.9859848022461,151.20729064941406,0.7432407736778259,90.44615173339844,133.3278045654297,0.991574227809906,37.30791473388672,184.61659240722656,0.9151615500450134,31.991863250732422,178.63153076171875,0.9802970886230469,0.0,0.0,0.07342398166656494,0.0,0.0,0.2851850688457489,0.0,0.0,0.0022850348614156246,0.0,0.0,0.006457390263676643
343,True,84.7894287109375,88.57345581054688,0.8173226118087769,0.0,0.0,0.12311536073684692,87.18860626220703,82.20140838623047,0.8472638130187988,0.0,0.0,0.032746169716119766,77.47119140625,67.25386047363281,0.8887532949447632,56.096412658691406,91.36013793945312,0.879000186920166,51.21379089355469,71.78308868408203,0.9967730641365051,60.48445510864258,134.0882110595703,0.6339764595031738,47.070682525634766,94.13809204101562,0.9964266419410706,91.68710327148438,152.97903442382812,0.6836197972297668,90.45611572265625,130.5432891845703,0.9876314997673035,35.066261291503906,185.48025512695312,0.8992378115653992,31.128360748291016,180.64865112304688,0.976446270942688,0.0,0.0,0.07571069151163101,0.0,0.0,0.2896032929420471,0.0,0.0,0.0029292902909219265,0.0,0.0,0.008295802399516106
344,True,84.8348388671875,89.79341125488281,0.9100679755210876,0.0,0.0,0.26093044877052307,87.00153350830078,83.10983276367188,0.92213374376297,0.0,0.0,0.06124361976981163,76.30581665039062,67.10173034667969,0.9295605421066284,55.056060791015625,93.10044860839844,0.9362459182739258,54.2132453918457,74.28860473632812,0.9963424801826477,61.60816192626953,137.1092071533203,0.7818493843078613,59.74081039428711,101.07003784179688,0.9947997331619263,89.47277069091797,153.94729614257812,0.8250598311424255,93.66084289550781,135.52835083007812,0.9859142303466797,33.24480056762695,181.9686737060547,0.8902039527893066,32.35267639160156,176.80442810058594,0.9618926644325256,0.0,0.0,0.092884860932827,0.0,0.0,0.25188660621643066,0.0,0.0,0.0034489904064685106,0.0,0.0,0.007134816609323025
345,True,84.5339126586914,88.88765716552734,0.9087938666343689,0.0,0.0,0.1929006278514862,87.168212890625,82.40950012207031,0.9380143284797668,0.0,0.0,0.040110595524311066,77.74042510986328,66.66476440429688,0.9565466642379761,57.49618911743164,92.08038330078125,0.953450620174408,53.80519104003906,70.4440689086914,0.9987605810165405,65.90520477294922,141.12771606445312,0.7964490652084351,61.82306671142578,101.78218078613281,0.9985843896865845,91.6717529296875,155.48635864257812,0.8067250847816467,97.61695861816406,134.97007751464844,0.9943806529045105,35.543739318847656,180.69203186035156,0.9540231227874756,32.079689025878906,174.6053466796875,0.989780068397522,0.0,0.0,0.11914508789777756,0.0,0.0,0.41517773270606995,0.0,0.0,0.0033135958947241306,0.0,0.0,0.009391795843839645
346,True,85.615478515625,90.25818634033203,0.9088898301124573,0.0,0.0,0.20150844752788544,88.40921020507812,83.66563415527344,0.943506121635437,0.0,0.0,0.03523852303624153,78.58375549316406,66.7826156616211,0.9519718289375305,59.285797119140625,91.30062866210938,0.9290052652359009,54.846675872802734,69.11906433105469,0.9982706308364868,66.7851791381836,140.5102996826172,0.7309656143188477,63.64020538330078,100.07420349121094,0.9982946515083313,92.23664093017578,155.68580627441406,0.7575809955596924,97.34943389892578,136.31927490234375,0.993457019329071,38.71601104736328,181.610107421875,0.9461324214935303,33.381507873535156,175.2321014404297,0.9888123273849487,0.0,0.0,0.1128879263997078,0.0,0.0,0.418112188577652,0.0,0.0,0.0037188841961324215,0.0,0.0,0.011191499419510365
347,True,85.80313873291016,90.08540344238281,0.9173840284347534,0.0,0.0,0.21649925410747528,88.43515014648438,83.60450744628906,0.9471977949142456,0.0,0.0,0.03633242845535278,78.55673217773438,66.86271667480469,0.9540758728981018,59.951416015625,91.51081848144531,0.9421952962875366,54.977203369140625,69.439453125,0.9983497858047485,66.75048065185547,140.57913208007812,0.7796847820281982,63.04332733154297,99.90505981445312,0.9983722567558289,91.95763397216797,155.8606719970703,0.8026853203773499,97.44361877441406,135.24903869628906,0.9941301941871643,38.52542495727539,180.43348693847656,0.9508161544799805,33.173763275146484,174.0855712890625,0.9888662695884705,0.0,0.0,0.1193145364522934,0.0,0.0,0.4122040569782257,0.0,0.0,0.0036120880395174026,0.0,0.0,0.01018030010163784
348,True,86.7681655883789,90.13150787353516,0.9206563234329224,0.0,0.0,0.2023872435092926,89.17327880859375,83.5360336303711,0.9532357454299927,0.0,0.0,0.034938160330057144,78.879638671875,66.79119873046875,0.9640413522720337,57.907833099365234,92.53524017333984,0.9384301900863647,57.35959243774414,68.88710021972656,0.998843789100647,65.96817779541016,141.6640625,0.7087939977645874,61.896881103515625,98.5718765258789,0.9986729621887207,91.7100601196289,154.7301788330078,0.7559400200843811,96.29734802246094,136.2258758544922,0.9949625730514526,35.22296905517578,179.3025360107422,0.93571937084198,34.488380432128906,172.1489715576172,0.9881383776664734,0.0,0.0,0.10488968342542648,0.0,0.0,0.4317063093185425,0.0,0.0,0.0033699546474963427,0.0,0.0,0.011081415228545666
349,True,87.24691772460938,91.78024291992188,0.9146386384963989,0.0,0.0,0.20420928299427032,89.79073333740234,84.75254821777344,0.948828935623169,0.0,0.0,0.03649009391665459,80.22145080566406,67.589111328125,0.9589269757270813,57.984458923339844,95.28443145751953,0.9302939176559448,57.13483428955078,68.57447814941406,0.9985625147819519,63.759281158447266,144.78807067871094,0.6641919016838074,59.488868713378906,96.16763305664062,0.9981865286827087,90.53280639648438,154.9488525390625,0.7080426812171936,94.48502349853516,138.37660217285156,0.9931290149688721,34.465370178222656,182.8623046875,0.9182465076446533,33.28426742553711,174.94400024414062,0.984334409236908,0.0,0.0,0.08663104474544525,0.0,0.0,0.3792162537574768,0.0,0.0,0.0031100178603082895,0.0,0.0,0.01026976015418768
350,True,87.5054931640625,92.52442169189453,0.8926618099212646,0.0,0.0,0.15157587826251984,90.25027465820312,85.59494018554688,0.9415836334228516,0.0,0.0,0.03104706108570099,81.23583221435547,68.18669891357422,0.9630992412567139,55.209110260009766,95.95600128173828,0.9029091000556946,59.055057525634766,68.00163269042969,0.9987634420394897,60.632423400878906,146.6866912841797,0.5459387898445129,56.46943283081055,95.11360168457031,0.9985350370407104,90.45137023925781,158.337158203125,0.6213228702545166,93.40995788574219,139.16098022460938,0.9941034913063049,30.58281707763672,182.3828582763672,0.8948107957839966,33.16199493408203,173.9855499267578,0.9841651916503906,0.0,0.0,0.07273801416158676,0.0,0.0,0.3985302746295929,0.0,0.0,0.002718990668654442,0.0,0.0,0.010828444734215736
351,True,87.72867584228516,92.62858581542969,0.8981781005859375,0.0,0.0,0.1576138138771057,90.34344482421875,85.75655364990234,0.9560786485671997,0.0,0.0,0.026183325797319412,80.82518005371094,68.2030029296875,0.9705489873886108,54.10380935668945,94.57528686523438,0.8195748925209045,59.46541213989258,67.70620727539062,0.9987296462059021,0.0,0.0,0.3052581548690796,53.78630828857422,95.97645568847656,0.9984024167060852,0.0,0.0,0.41252845525741577,90.02458190917969,139.33065795898438,0.9929022192955017,31.112030029296875,180.73048400878906,0.8496865630149841,34.76754379272461,172.484619140625,0.9834981560707092,0.0,0.0,0.06813842058181763,0.0,0.0,0.4614160358905792,0.0,0.0,0.003249947912991047,0.0,0.0,0.01622764579951763
352,True,87.9356918334961,92.5760498046875,0.9007472991943359,0.0,0.0,0.16219152510166168,90.39947509765625,85.69007873535156,0.9552134275436401,0.0,0.0,0.025089437142014503,80.69589233398438,68.4105224609375,0.9680293202400208,55.31617736816406,94.49813079833984,0.8342766165733337,58.887943267822266,68.15474700927734,0.9986132383346558,0.0,0.0,0.3600500226020813,54.025596618652344,95.94551086425781,0.9983704686164856,0.0,0.0,0.4699259102344513,89.67170715332031,139.10128784179688,0.9931430816650391,31.9622859954834,181.11337280273438,0.8600308299064636,34.12806701660156,173.06240844726562,0.9831249713897705,0.0,0.0,0.06456242501735687,0.0,0.0,0.4219721555709839,0.0,0.0,0.0028703913558274508,0.0,0.0,0.013354670256376266
353,True,87.58464050292969,92.83688354492188,0.9265414476394653,0.0,0.0,0.17898643016815186,90.28289794921875,86.08160400390625,0.9740538001060486,0.0,0.0,0.021440401673316956,80.22502899169922,68.19802856445312,0.9817833304405212,56.587188720703125,92.1004638671875,0.8339618444442749,56.96314239501953,69.23165893554688,0.9993324875831604,0.0,0.0,0.3253495991230011,55.96879959106445,107.09069061279297,0.9992944002151489,0.0,0.0,0.42274677753448486,88.76007843017578,142.0756378173828,0.9960147142410278,33.85466766357422,178.5255126953125,0.8791765570640564,33.15183639526367,171.41502380371094,0.9899523854255676,0.0,0.0,0.06829700618982315,50.82347106933594,236.3121337890625,0.5195701122283936,0.0,0.0,0.003048789920285344,0.0,0.0,0.017589865252375603
354,True,87.76339721679688,92.47444915771484,0.9193674921989441,0.0,0.0,0.17086215317249298,89.99102783203125,85.72213745117188,0.9648397564888,0.0,0.0,0.020720282569527626,80.0032730102539,69.05006408691406,0.9759686589241028,55.87335968017578,95.63899230957031,0.8822468519210815,56.52299880981445,69.12992858886719,0.9990301132202148,55.511474609375,144.65280151367188,0.5067977905273438,48.314571380615234,98.4034194946289,0.999052107334137,84.92036437988281,154.3666534423828,0.6164178848266602,85.04991912841797,141.03451538085938,0.9961214661598206,33.64380645751953,180.48085021972656,0.9036787152290344,33.20634841918945,172.382568359375,0.9884355068206787,0.0,0.0,0.07539546489715576,0.0,0.0,0.44686511158943176,0.0,0.0,0.002676832489669323,0.0,0.0,0.011802437715232372
355,True,86.02891540527344,92.54420471191406,0.926742672920227,0.0,0.0,0.21570605039596558,87.91403198242188,85.77527618408203,0.9630988240242004,0.0,0.0,0.018314087763428688,77.0897216796875,68.58988952636719,0.9558799862861633,56.350730895996094,93.47666931152344,0.8270300626754761,52.582244873046875,69.58786010742188,0.997626006603241,0.0,0.0,0.4540897011756897,45.67330551147461,101.06890869140625,0.9978725910186768,83.09707641601562,152.8287353515625,0.5855192542076111,83.50767517089844,141.70037841796875,0.9931735396385193,34.16974639892578,182.16912841796875,0.8794142603874207,30.136428833007812,174.7250213623047,0.9823282957077026,0.0,0.0,0.07573909312486649,0.0,0.0,0.3968347907066345,0.0,0.0,0.0031860405579209328,0.0,0.0,0.012088957242667675
356,True,86.46627807617188,90.15484619140625,0.8806900382041931,0.0,0.0,0.1644805520772934,88.24282836914062,82.71820831298828,0.9307175278663635,0.0,0.0,0.030044300481677055,76.53369903564453,66.94432067871094,0.9537279009819031,56.55914306640625,95.21455383300781,0.9160563945770264,55.028564453125,68.75889587402344,0.997225821018219,68.08434295654297,147.26364135742188,0.652053952217102,70.41976928710938,98.21025848388672,0.9964928030967712,93.95370483398438,154.90069580078125,0.6467193365097046,99.7139892578125,135.42462158203125,0.9858049750328064,37.47890853881836,185.34910583496094,0.9238868355751038,34.29655838012695,177.48944091796875,0.9818357229232788,0.0,0.0,0.09095824509859085,0.0,0.0,0.3329252004623413,0.0,0.0,0.003666529431939125,0.0,0.0,0.01001953799277544
357,True,86.59629821777344,90.1101303100586,0.8817419409751892,0.0,0.0,0.16062097251415253,88.40005493164062,82.82113647460938,0.9345846176147461,0.0,0.0,0.03188345581293106,76.79647827148438,67.01433563232422,0.9614795446395874,54.727027893066406,94.44556427001953,0.9158176183700562,56.35634231567383,69.01625061035156,0.997650682926178,66.105224609375,146.4405517578125,0.6211354732513428,70.3747787475586,99.35772705078125,0.9967791438102722,93.6558837890625,154.97955322265625,0.616194486618042,99.61577606201172,135.91676330566406,0.9862220883369446,35.934730529785156,184.64846801757812,0.9190355539321899,35.26402282714844,177.18545532226562,0.9821165204048157,0.0,0.0,0.08946529775857925,0.0,0.0,0.34598255157470703,0.0,0.0,0.0036831360775977373,0.0,0.0,0.01058444194495678
358,True,86.54483795166016,90.10065460205078,0.8880121111869812,0.0,0.0,0.17456014454364777,88.20259857177734,82.64337921142578,0.9357221722602844,0.0,0.0,0.03019452840089798,76.39665985107422,66.81962585449219,0.9554589986801147,56.47814178466797,95.09529113769531,0.9168558120727539,54.987972259521484,68.55889892578125,0.9971675276756287,67.36270141601562,147.15786743164062,0.6509814858436584,70.13732147216797,98.00340270996094,0.996350884437561,93.69906616210938,154.74740600585938,0.6466865539550781,99.6645278930664,135.316162109375,0.9854769110679626,37.05451965332031,185.149169921875,0.9207040071487427,33.86125183105469,177.30128479003906,0.9807544946670532,0.0,0.0,0.08906538039445877,0.0,0.0,0.32488304376602173,0.0,0.0,0.0036599854938685894,0.0,0.0,0.009893233887851238
359,True,87.28993225097656,92.23460388183594,0.8628173470497131,0.0,0.0,0.15436230599880219,88.72639465332031,85.40704345703125,0.9081299304962158,0.0,0.0,0.0366399809718132,77.65998840332031,68.27618408203125,0.9475536346435547,57.62735366821289,91.93803405761719,0.9427760243415833,59.78516387939453,69.46730041503906,0.9963717460632324,63.91162872314453,145.8068084716797,0.81003737449646,75.7078628540039,101.83926391601562,0.9961628913879395,90.39848327636719,155.62168884277344,0.8070895075798035,101.70944213867188,136.99679565429688,0.9875061511993408,36.71490478515625,181.05728149414062,0.9388810992240906,35.68690872192383,174.5897216796875,0.9794244766235352,0.0,0.0,0.1015784740447998,0.0,0.0,0.28127631545066833,0.0,0.0,0.0033194038551300764,0.0,0.0,0.006964732427150011
360,True,87.55857849121094,92.00879669189453,0.861583411693573,0.0,0.0,0.15229609608650208,89.1221923828125,84.97337341308594,0.9228319525718689,0.0,0.0,0.038817599415779114,78.08161926269531,67.43946838378906,0.9597874879837036,55.331817626953125,91.33030700683594,0.9087907075881958,61.33815383911133,68.57057189941406,0.9970723390579224,63.022361755371094,145.78561401367188,0.6061488389968872,76.20266723632812,101.50140380859375,0.9959422945976257,90.32377624511719,156.03756713867188,0.6083541512489319,100.29537200927734,136.988525390625,0.9834928512573242,34.97235107421875,180.31747436523438,0.9079856276512146,37.21464157104492,173.66549682617188,0.9783350825309753,0.0,0.0,0.09455283731222153,0.0,0.0,0.3447568714618683,0.0,0.0,0.004196371417492628,0.0,0.0,0.011454366147518158
361,True,89.34556579589844,92.26325988769531,0.9027711153030396,0.0,0.0,0.2699245810508728,89.8145523071289,85.1520004272461,0.9227148294448853,0.0,0.0,0.05996893346309662,78.05670928955078,68.57173919677734,0.9366915822029114,58.8497314453125,93.07748413085938,0.9248802065849304,63.067752838134766,74.03282928466797,0.9918919801712036,61.33757019042969,141.46469116210938,0.715424120426178,79.24484252929688,101.91476440429688,0.9858304858207703,93.24623107910156,154.9494171142578,0.7388708591461182,99.6045913696289,137.88351440429688,0.9643346071243286,34.8065299987793,183.8734130859375,0.8662908673286438,36.04894256591797,178.03286743164062,0.9413782954216003,0.0,0.0,0.10841917991638184,0.0,0.0,0.24330182373523712,0.0,0.0,0.005668631289154291,0.0,0.0,0.009903570637106895
362,True,88.92460632324219,92.46693420410156,0.8876303434371948,0.0,0.0,0.2337617576122284,90.18209838867188,85.527587890625,0.923163652420044,0.0,0.0,0.05394885689020157,79.65560150146484,68.80470275878906,0.9317259192466736,60.75245666503906,91.3589859008789,0.8449193835258484,63.6412353515625,74.69749450683594,0.9938651919364929,0.0,0.0,0.438616544008255,78.87333679199219,104.90519714355469,0.989267110824585,96.4962158203125,153.2031707763672,0.5003495812416077,98.79407501220703,144.0662841796875,0.9649239778518677,35.73677062988281,185.65133666992188,0.8070312738418579,36.33363723754883,180.3658447265625,0.9483285546302795,0.0,0.0,0.08345339447259903,0.0,0.0,0.30161750316619873,0.0,0.0,0.005616493057459593,0.0,0.0,0.014949817210435867
363,True,87.8492202758789,93.02368927001953,0.8989062905311584,0.0,0.0,0.19044280052185059,89.56072235107422,85.24847412109375,0.950439989566803,0.0,0.0,0.045269742608070374,77.90217590332031,68.4261703491211,0.9717649221420288,55.905609130859375,95.31532287597656,0.9101470708847046,60.666893005371094,73.36099243164062,0.9985595345497131,0.0,0.0,0.4690871238708496,79.88510131835938,114.239990234375,0.9971686005592346,0.0,0.0,0.456196665763855,97.61135864257812,145.857177734375,0.9835963249206543,32.54664993286133,185.0325927734375,0.8879762887954712,35.513492584228516,178.0144500732422,0.9809954762458801,0.0,0.0,0.07582398504018784,0.0,0.0,0.37503597140312195,0.0,0.0,0.0036191463004797697,0.0,0.0,0.012779674492776394
364,True,87.91259002685547,93.05614471435547,0.8997899889945984,0.0,0.0,0.194315105676651,89.59722900390625,85.15750122070312,0.9509636163711548,0.0,0.0,0.041872575879096985,77.80272674560547,68.45285034179688,0.9690864682197571,57.199249267578125,95.93694305419922,0.9026113152503967,59.78733444213867,73.29681396484375,0.9983983635902405,0.0,0.0,0.4649238586425781,79.27278137207031,113.94158172607422,0.9971042275428772,0.0,0.0,0.4504104554653168,97.88127136230469,145.7991485595703,0.9835076332092285,34.9777946472168,186.46005249023438,0.8874144554138184,35.82328796386719,179.26123046875,0.9808361530303955,0.0,0.0,0.0728883296251297,0.0,0.0,0.36575785279273987,0.0,0.0,0.0036146047059446573,0.0,0.0,0.012869300320744514
365,True,88.12578582763672,92.15023803710938,0.9179480671882629,0.0,0.0,0.24246278405189514,89.73892211914062,84.56423950195312,0.950191855430603,0.0,0.0,0.0395735427737236,78.55789184570312,68.57695770263672,0.9522133469581604,58.075347900390625,98.87263488769531,0.9112812280654907,59.31784439086914,69.3519515991211,0.9976422190666199,68.31351470947266,150.89822387695312,0.5883872509002686,65.5087661743164,97.76220703125,0.9966306090354919,91.665283203125,156.70091247558594,0.6300160884857178,94.42340087890625,142.07968139648438,0.9876692891120911,34.47565460205078,186.6707763671875,0.8894583582878113,34.40089797973633,176.9121551513672,0.9762904644012451,0.0,0.0,0.07545957714319229,0.0,0.0,0.3216384947299957,0.0,0.0,0.0033758359495550394,0.0,0.0,0.010419975966215134
366,True,86.51017761230469,94.09403991699219,0.9069724082946777,0.0,0.0,0.16450060904026031,89.10973358154297,86.18118286132812,0.9584523439407349,0.0,0.0,0.02513933554291725,77.53126525878906,68.22244262695312,0.9708350300788879,51.56074142456055,97.6159439086914,0.8503857254981995,56.97788619995117,70.05194091796875,0.9985834360122681,0.0,0.0,0.3846774399280548,60.09818649291992,99.08073425292969,0.9982123374938965,0.0,0.0,0.48335328698158264,92.23345947265625,141.29888916015625,0.9925112724304199,33.45903015136719,186.4345703125,0.8421511650085449,36.6036376953125,177.84423828125,0.9791873693466187,0.0,0.0,0.0513484850525856,0.0,0.0,0.34677717089653015,0.0,0.0,0.0024069324135780334,0.0,0.0,0.010662556625902653
367,True,85.92691040039062,93.69705200195312,0.9231640696525574,0.0,0.0,0.19020459055900574,88.47616577148438,85.78047180175781,0.9645636081695557,0.0,0.0,0.025314269587397575,76.65216064453125,67.40577697753906,0.971808671951294,51.18852996826172,96.98377990722656,0.8704997301101685,55.388092041015625,68.12818145751953,0.9987357258796692,0.0,0.0,0.4179937541484833,56.11839294433594,97.53392028808594,0.9983110427856445,91.62965393066406,154.79592895507812,0.516424834728241,90.11367797851562,142.68807983398438,0.9930938482284546,34.134639739990234,185.97267150878906,0.8525363206863403,37.012107849121094,177.104248046875,0.9802707433700562,0.0,0.0,0.05401087552309036,0.0,0.0,0.35306891798973083,0.0,0.0,0.002286025555804372,0.0,0.0,0.009960846044123173
368,True,85.64623260498047,93.26371765136719,0.8924787044525146,0.0,0.0,0.1472090780735016,88.3313217163086,85.623046875,0.9415295124053955,0.0,0.0,0.025423316285014153,78.13239288330078,67.95095825195312,0.9595730900764465,51.12885665893555,97.2186508178711,0.8672204613685608,56.381813049316406,67.87372589111328,0.9984822869300842,0.0,0.0,0.48442384600639343,50.78438949584961,94.67606353759766,0.9983890056610107,91.04380798339844,156.89117431640625,0.5904122591018677,87.16868591308594,141.29324340820312,0.994037389755249,31.95514678955078,187.22335815429688,0.8594064712524414,35.052284240722656,178.13943481445312,0.9797834157943726,0.0,0.0,0.04541058465838432,0.0,0.0,0.2968046963214874,0.0,0.0,0.0016282768920063972,0.0,0.0,0.0068152896128594875
369,True,85.61725616455078,93.32881164550781,0.8878017663955688,0.0,0.0,0.14162446558475494,88.27401733398438,85.63067626953125,0.9391027092933655,0.0,0.0,0.024188019335269928,78.1124038696289,67.9673843383789,0.9574921727180481,51.587257385253906,97.6222152709961,0.8585364818572998,56.36540222167969,67.9416732788086,0.9984090924263,0.0,0.0,0.471272349357605,50.83648681640625,94.52041625976562,0.9983772039413452,91.07255554199219,157.0233154296875,0.5821899771690369,87.18415832519531,141.46307373046875,0.9940372705459595,32.360740661621094,187.5413055419922,0.852381706237793,35.09309768676758,178.29335021972656,0.9789861440658569,0.0,0.0,0.04308265820145607,0.0,0.0,0.28935936093330383,0.0,0.0,0.0015706178965047002,0.0,0.0,0.006668612826615572
370,True,84.27462005615234,94.52311706542969,0.8710911870002747,0.0,0.0,0.1395978480577469,87.6629409790039,87.20293426513672,0.9214838743209839,0.0,0.0,0.029953597113490105,79.3067626953125,69.04988098144531,0.9414049386978149,52.56532287597656,96.71537780761719,0.8455250859260559,56.520206451416016,68.74543762207031,0.9982123374938965,0.0,0.0,0.45582738518714905,48.32543182373047,95.78627014160156,0.9982321858406067,93.52674865722656,158.5717315673828,0.5711854100227356,86.11495971679688,141.49024963378906,0.9935814142227173,31.77359390258789,185.1809539794922,0.8549318909645081,34.14607238769531,176.54428100585938,0.9794915914535522,0.0,0.0,0.04747682437300682,0.0,0.0,0.3138906955718994,0.0,0.0,0.0016798889264464378,0.0,0.0,0.007281469646841288
371,True,84.42039489746094,93.30215454101562,0.9257456660270691,0.0,0.0,0.22947777807712555,87.3094711303711,86.1400146484375,0.9504139423370361,0.0,0.0,0.02970879338681698,77.2182846069336,67.90372467041016,0.9398590922355652,52.942073822021484,94.77112579345703,0.894717276096344,54.73970413208008,68.4969482421875,0.9974379539489746,58.86139678955078,142.88348388671875,0.6378657221794128,47.06523895263672,98.28884887695312,0.9976722598075867,92.96849060058594,157.06195068359375,0.7471944093704224,84.65796661376953,143.15145874023438,0.9938796758651733,30.959693908691406,181.60594177246094,0.889407217502594,31.725772857666016,173.03729248046875,0.9780030846595764,0.0,0.0,0.07370534539222717,0.0,0.0,0.3283449411392212,0.0,0.0,0.0023788828402757645,0.0,0.0,0.0076390099711716175
372,True,83.67617797851562,92.88760375976562,0.9293310642242432,0.0,0.0,0.27482911944389343,86.40354919433594,85.65780639648438,0.9467218518257141,0.0,0.0,0.03486411273479462,76.83042907714844,67.55540466308594,0.9209260940551758,56.10462951660156,95.58971405029297,0.9044414758682251,51.7733268737793,68.53567504882812,0.996541440486908,59.12940979003906,144.3101806640625,0.69118332862854,44.26980209350586,99.12771606445312,0.9967553019523621,91.36561584472656,154.99436950683594,0.772629976272583,83.49732971191406,143.72091674804688,0.9918221831321716,33.429622650146484,185.3652801513672,0.891257107257843,29.30642318725586,176.73910522460938,0.9737259149551392,0.0,0.0,0.06427392363548279,0.0,0.0,0.25694215297698975,0.0,0.0,0.002042049542069435,0.0,0.0,0.005758121609687805
373,True,83.89315795898438,91.64157104492188,0.9423828721046448,0.0,0.0,0.3093198835849762,86.27755737304688,84.17878723144531,0.964098334312439,0.0,0.0,0.03247617557644844,76.46048736572266,67.21957397460938,0.9424062967300415,56.25271224975586,97.13166046142578,0.8697015643119812,51.90614700317383,68.7873764038086,0.9976715445518494,60.74992370605469,144.76869201660156,0.5529798269271851,40.320526123046875,97.62968444824219,0.99779212474823,92.70846557617188,156.435302734375,0.6778958439826965,81.90257263183594,141.7840118408203,0.9936254024505615,34.08501434326172,185.15408325195312,0.8800828456878662,29.795188903808594,175.99819946289062,0.9791229963302612,0.0,0.0,0.05994441360235214,0.0,0.0,0.31192490458488464,0.0,0.0,0.002049032598733902,0.0,0.0,0.007428200915455818
374,True,84.72959899902344,88.8179931640625,0.9345645308494568,0.0,0.0,0.29726818203926086,86.66361999511719,81.68873596191406,0.9531466960906982,0.0,0.0,0.029073458164930344,76.01998901367188,66.47360229492188,0.9268757104873657,60.0738410949707,96.74469757080078,0.9092534780502319,49.240638732910156,69.23368835449219,0.9963441491127014,64.85389709472656,143.89260864257812,0.7391554713249207,41.59767150878906,96.81278991699219,0.996917724609375,94.55874633789062,154.3759002685547,0.8074749708175659,86.03504180908203,136.86972045898438,0.9925064444541931,38.519351959228516,183.78927612304688,0.9188250303268433,29.1190185546875,175.24659729003906,0.9785632491111755,0.0,0.0,0.08111325651407242,0.0,0.0,0.2822154760360718,0.0,0.0,0.002445792779326439,0.0,0.0,0.006324401590973139
375,True,84.59931182861328,88.96856689453125,0.9288201928138733,0.0,0.0,0.27873694896698,86.6488037109375,81.78490447998047,0.9489908814430237,0.0,0.0,0.028874866664409637,76.09637451171875,66.43890380859375,0.9242825508117676,59.358238220214844,97.16917419433594,0.9042415022850037,49.60935974121094,68.88094329833984,0.996355414390564,64.89833068847656,144.6182403564453,0.7158050537109375,41.48684310913086,96.0306396484375,0.9968230724334717,94.51228332519531,154.23941040039062,0.7909590601921082,85.81412506103516,136.5376434326172,0.9922029972076416,37.902748107910156,183.374755859375,0.9126238822937012,29.69161605834961,174.49600219726562,0.9776650667190552,0.0,0.0,0.08105412125587463,0.0,0.0,0.2900104820728302,0.0,0.0,0.002513475948944688,0.0,0.0,0.006685304455459118
376,True,84.69435119628906,88.45429229736328,0.9210662245750427,0.0,0.0,0.259067565202713,86.65751647949219,81.53164672851562,0.9406245350837708,0.0,0.0,0.03156416490674019,76.2686538696289,66.45511627197266,0.9264419674873352,59.728511810302734,95.999755859375,0.9308492541313171,50.057769775390625,69.3517837524414,0.9966180920600891,65.4545669555664,141.09677124023438,0.7770647406578064,46.42915725708008,93.80339050292969,0.9965762495994568,93.39318084716797,152.4681854248047,0.8247460722923279,89.8662338256836,132.50546264648438,0.9915354251861572,38.729034423828125,180.3173370361328,0.9379702210426331,31.360820770263672,172.43667602539062,0.981837809085846,0.0,0.0,0.12623633444309235,0.0,0.0,0.3634742498397827,0.0,0.0,0.003918427042663097,0.0,0.0,0.009212280623614788
377,True,83.07087707519531,89.16403198242188,0.9366785287857056,0.0,0.0,0.28034403920173645,85.63607788085938,81.87864685058594,0.960981547832489,0.0,0.0,0.03978575021028519,74.59233093261719,66.23486328125,0.957012414932251,59.19670867919922,93.44821166992188,0.9402765035629272,49.2828369140625,73.58488464355469,0.9983803033828735,74.31195068359375,141.01771545410156,0.7361676096916199,65.35488891601562,109.68727111816406,0.998063862323761,96.67115020751953,159.04493713378906,0.7416610717773438,98.33314514160156,136.72793579101562,0.9920437932014465,37.99504089355469,181.40948486328125,0.9405370950698853,29.655437469482422,175.5606689453125,0.9867613315582275,0.0,0.0,0.10194224864244461,0.0,0.0,0.376709520816803,0.0,0.0,0.00339389662258327,0.0,0.0,0.009666084311902523
378,True,85.27090454101562,89.06937408447266,0.8639054298400879,0.0,0.0,0.17323780059814453,86.92920684814453,81.6556625366211,0.9035406708717346,0.0,0.0,0.044063497334718704,74.56684875488281,66.54360961914062,0.939734935760498,56.760501861572266,94.75675964355469,0.9459537267684937,53.358848571777344,72.20085144042969,0.9961955547332764,73.50350952148438,147.23789978027344,0.7123285531997681,76.86239624023438,106.8008804321289,0.9918978214263916,93.82856750488281,156.2610626220703,0.6414977312088013,100.96220397949219,143.19618225097656,0.9657772779464722,35.340721130371094,183.7936248779297,0.9268087148666382,32.81698226928711,177.19569396972656,0.9741091132164001,0.0,0.0,0.11931730806827545,0.0,0.0,0.3102635443210602,0.0,0.0,0.005295940209180117,0.0,0.0,0.010758151300251484
379,True,85.34232330322266,89.99202728271484,0.8918501734733582,0.0,0.0,0.235142782330513,87.18462371826172,82.78372192382812,0.9123581647872925,0.0,0.0,0.057784758508205414,75.24037170410156,66.5545654296875,0.9302256107330322,56.29753494262695,93.87809753417969,0.9385089874267578,55.57498550415039,72.71270751953125,0.9939046502113342,71.68925476074219,146.14459228515625,0.686904788017273,75.87583923339844,107.61822509765625,0.9857228398323059,94.93836975097656,155.5159454345703,0.662505567073822,98.52741241455078,142.87709045410156,0.9552178978919983,32.10462188720703,182.37625122070312,0.8901259303092957,31.806591033935547,175.84873962402344,0.9549786448478699,0.0,0.0,0.11076279729604721,0.0,0.0,0.26528429985046387,0.0,0.0,0.0050805239006876945,0.0,0.0,0.009416676126420498
380,True,86.78495788574219,90.0501708984375,0.931069552898407,0.0,0.0,0.27086713910102844,88.47209167480469,82.73692321777344,0.9594319462776184,0.0,0.0,0.04457271471619606,75.53377532958984,66.34535217285156,0.9647889137268066,57.21401596069336,92.59453582763672,0.9264556169509888,56.38649368286133,75.38032531738281,0.9969385862350464,73.52134704589844,143.98387145996094,0.5775967240333557,79.40701293945312,116.4139404296875,0.9931687116622925,95.30616760253906,158.14715576171875,0.5895221829414368,102.6246566772461,152.38540649414062,0.9738284349441528,32.82345199584961,179.6704864501953,0.8938881158828735,32.40134811401367,174.40936279296875,0.9711838364601135,0.0,0.0,0.12565003335475922,0.0,0.0,0.38407769799232483,0.0,0.0,0.006008555181324482,0.0,0.0,0.014408768154680729
381,True,86.64703369140625,90.02088928222656,0.9280301332473755,0.0,0.0,0.28791239857673645,88.39457702636719,82.6539306640625,0.9548261761665344,0.0,0.0,0.05110446736216545,75.54609680175781,66.403076171875,0.9581644535064697,57.61005401611328,92.73543548583984,0.9254409074783325,55.92927551269531,75.43111419677734,0.9961502552032471,74.83382415771484,144.17601013183594,0.5780324339866638,79.90568542480469,116.87226867675781,0.9906642436981201,95.31331634521484,158.23304748535156,0.571474015712738,102.4798812866211,152.91627502441406,0.9645569324493408,33.67064666748047,180.0283203125,0.886879026889801,32.532554626464844,174.8004150390625,0.9658167362213135,0.0,0.0,0.12068887799978256,0.0,0.0,0.3489556312561035,0.0,0.0,0.006079944781959057,0.0,0.0,0.013627564534544945
382,True,86.59526824951172,91.20248413085938,0.910406231880188,0.0,0.0,0.24610601365566254,88.38187408447266,84.00729370117188,0.93094801902771,0.0,0.0,0.05117858573794365,76.97947692871094,67.55852508544922,0.9374475479125977,58.871063232421875,95.17609405517578,0.9375025629997253,56.398582458496094,73.54497528076172,0.9961613416671753,71.77769470214844,149.8032989501953,0.6788862943649292,71.9597396850586,110.38594055175781,0.9924132227897644,94.6049575805664,155.90707397460938,0.6894895434379578,97.45622253417969,146.3197784423828,0.9752950072288513,32.81231689453125,184.3533935546875,0.9049617648124695,31.226211547851562,177.6476287841797,0.9694555997848511,0.0,0.0,0.1199813187122345,0.0,0.0,0.33598271012306213,0.0,0.0,0.004954354837536812,0.0,0.0,0.010922501794993877
383,True,85.33467102050781,91.18769073486328,0.8825437426567078,0.0,0.0,0.1581338495016098,87.59040832519531,84.12113952636719,0.9256617426872253,0.0,0.0,0.03454823046922684,78.69409942626953,67.54075622558594,0.9458399415016174,53.554229736328125,94.05244445800781,0.8842162489891052,57.4193229675293,68.16622161865234,0.9984275102615356,60.86723327636719,142.53216552734375,0.5117307305335999,54.15130615234375,95.70849609375,0.9980543851852417,92.62764739990234,157.22705078125,0.5825350880622864,90.81312561035156,141.0535888671875,0.9922232031822205,30.810760498046875,186.48934936523438,0.9049501419067383,33.1364631652832,178.95436096191406,0.9853691458702087,0.0,0.0,0.07514199614524841,0.0,0.0,0.39753472805023193,0.0,0.0,0.0028133417945355177,0.0,0.0,0.011087055318057537
384,True,85.39031982421875,91.29393005371094,0.90855872631073,0.0,0.0,0.1718735545873642,87.58860778808594,84.2774887084961,0.9473702311515808,0.0,0.0,0.028502492234110832,77.3904800415039,67.10228729248047,0.9643731117248535,50.52942657470703,92.8438491821289,0.905244767665863,56.124446868896484,67.73545837402344,0.9986756443977356,55.52043151855469,141.39056396484375,0.5845940709114075,48.78861999511719,96.48994445800781,0.9984056353569031,89.35770416259766,155.703125,0.6693387031555176,84.47888946533203,139.94024658203125,0.9943556785583496,31.219696044921875,183.29229736328125,0.90238356590271,35.18873977661133,176.1085662841797,0.9843472242355347,0.0,0.0,0.07266516238451004,0.0,0.0,0.36969640851020813,0.0,0.0,0.0023856519255787134,0.0,0.0,0.00873690564185381
385,True,84.04765319824219,91.15582275390625,0.9212083220481873,0.0,0.0,0.21151773631572723,86.32975769042969,84.47787475585938,0.9523869156837463,0.0,0.0,0.024363921955227852,76.3399658203125,67.25468444824219,0.9470151662826538,51.273441314697266,90.53849792480469,0.8612897396087646,53.885948181152344,68.92091369628906,0.997428834438324,52.91851043701172,135.70562744140625,0.5573632717132568,45.02879333496094,98.8754653930664,0.9976704716682434,87.99651336669922,153.2126922607422,0.6905028223991394,81.79643249511719,141.49960327148438,0.993712842464447,31.03479766845703,180.92678833007812,0.8981428742408752,31.997024536132812,174.8430938720703,0.9822098016738892,0.0,0.0,0.08843822777271271,0.0,0.0,0.39816340804100037,0.0,0.0,0.003142810659483075,0.0,0.0,0.01074775867164135
386,True,84.48884582519531,90.86908721923828,0.9231877326965332,0.0,0.0,0.20741012692451477,86.6944808959961,84.10972595214844,0.9525570869445801,0.0,0.0,0.023041417822241783,76.13805389404297,67.11885070800781,0.9479402899742126,50.811363220214844,91.03729248046875,0.8745156526565552,54.23990249633789,69.14927673339844,0.99747234582901,53.94630432128906,136.81065368652344,0.5949080586433411,45.011634826660156,99.25143432617188,0.997742772102356,89.04365539550781,154.2807159423828,0.724115252494812,81.28966522216797,140.92282104492188,0.9942080974578857,30.160110473632812,181.0428466796875,0.9038525819778442,31.992340087890625,174.6793212890625,0.9823641777038574,0.0,0.0,0.0923573225736618,0.0,0.0,0.39729219675064087,0.0,0.0,0.003108034608885646,0.0,0.0,0.010225928388535976
387,True,82.96723175048828,90.41658020019531,0.9145773649215698,0.0,0.0,0.20675691962242126,85.3753662109375,83.53807830810547,0.9525002837181091,0.0,0.0,0.023215623572468758,75.73538208007812,66.5787582397461,0.944129228591919,52.274173736572266,91.11993408203125,0.7982601523399353,51.134490966796875,70.03131103515625,0.9973227381706238,0.0,0.0,0.4003719091415405,42.159114837646484,102.42334747314453,0.99745112657547,86.19190979003906,152.58470153808594,0.5368821024894714,80.2087173461914,142.52859497070312,0.9918956160545349,32.4522590637207,184.51144409179688,0.8533104062080383,30.461158752441406,178.58297729492188,0.9785459637641907,0.0,0.0,0.05980389565229416,0.0,0.0,0.3490394055843353,0.0,0.0,0.0025330190546810627,0.0,0.0,0.010134849697351456
388,True,83.85249328613281,86.76777648925781,0.9436816573143005,0.0,0.0,0.2663903534412384,85.15203857421875,80.25093078613281,0.9717639088630676,0.0,0.0,0.015989530831575394,72.96675109863281,65.0634765625,0.9592592716217041,56.75387954711914,90.99333953857422,0.8465754985809326,46.19906234741211,70.06796264648438,0.9969099164009094,57.26984405517578,135.0625762939453,0.5088911652565002,38.007537841796875,101.58985900878906,0.9970303773880005,87.25933837890625,150.32086181640625,0.6325057744979858,79.37462615966797,141.61007690429688,0.991755485534668,36.54646301269531,179.9789581298828,0.8907162547111511,28.12942886352539,174.2522735595703,0.9803000688552856,0.0,0.0,0.0944628119468689,0.0,0.0,0.4000404477119446,0.0,0.0,0.004050690680742264,0.0,0.0,0.012935294769704342
389,True,84.2525634765625,85.41036224365234,0.9509785175323486,0.0,0.0,0.31448331475257874,85.07194519042969,78.78125,0.9692953824996948,0.0,0.0,0.019015368074178696,72.55449676513672,65.16246795654297,0.9504163861274719,60.148902893066406,94.29839324951172,0.9163258671760559,44.985595703125,70.54469299316406,0.996575653553009,64.1762466430664,142.21253967285156,0.7335866689682007,37.39978790283203,101.90227508544922,0.9969018697738647,93.14978790283203,152.3428955078125,0.8009963631629944,84.15748596191406,139.2751007080078,0.9926919341087341,40.1374397277832,183.44589233398438,0.9379942417144775,28.15892791748047,176.791748046875,0.9840420484542847,0.0,0.0,0.13422377407550812,0.0,0.0,0.4039554297924042,0.0,0.0,0.004608019255101681,0.0,0.0,0.01133716106414795
390,True,84.2895278930664,84.78790283203125,0.9520679712295532,0.0,0.0,0.30498749017715454,84.834228515625,78.00521850585938,0.9644262790679932,0.0,0.0,0.017034942284226418,71.24739074707031,64.33613586425781,0.9452754855155945,57.42371368408203,93.55647277832031,0.9483928680419922,44.82794952392578,69.34211730957031,0.9958011507987976,61.2514762878418,140.9381866455078,0.8684426546096802,37.60166549682617,98.29779815673828,0.9964932799339294,91.42881774902344,151.6907196044922,0.9049521684646606,81.72801208496094,135.2409210205078,0.9937187433242798,37.377418518066406,183.475830078125,0.9604514837265015,27.352188110351562,176.68023681640625,0.9851957559585571,0.0,0.0,0.18199816346168518,0.0,0.0,0.3974111080169678,0.0,0.0,0.005202626343816519,0.0,0.0,0.009671869687736034
391,True,83.63301086425781,84.51409912109375,0.9587241411209106,0.0,0.0,0.36906206607818604,84.74788665771484,77.61477661132812,0.9699940085411072,0.0,0.0,0.02453461103141308,71.38803100585938,63.191001892089844,0.9500629901885986,59.826629638671875,93.18107604980469,0.9559045433998108,43.527408599853516,68.76934814453125,0.9965081810951233,66.8659896850586,139.15057373046875,0.8470944166183472,41.83802032470703,97.67242431640625,0.995917022228241,93.94637298583984,153.63308715820312,0.8706574440002441,86.80593872070312,138.3687744140625,0.9910797476768494,40.721797943115234,178.93988037109375,0.9666336178779602,28.568912506103516,171.98663330078125,0.987916111946106,0.0,0.0,0.26307860016822815,36.461307525634766,237.0687255859375,0.5197958946228027,0.0,0.0,0.009785063564777374,0.0,0.0,0.018506797030568123
392,True,83.879638671875,84.42035675048828,0.9562742710113525,0.0,0.0,0.3429826498031616,84.91860961914062,77.45587158203125,0.9691237211227417,0.0,0.0,0.021954867988824844,71.29194641113281,63.23115539550781,0.9497683644294739,58.964115142822266,93.52130126953125,0.9493951797485352,43.77998352050781,69.16520690917969,0.9964694976806641,66.5270004272461,140.77687072753906,0.8289790153503418,41.71922302246094,98.62481689453125,0.9961307048797607,93.95915222167969,153.77798461914062,0.8621275424957275,86.82144165039062,137.9304962158203,0.9916537404060364,39.95915603637695,180.71368408203125,0.9617144465446472,28.54513168334961,173.83749389648438,0.9869642853736877,0.0,0.0,0.22783097624778748,0.0,0.0,0.4897037744522095,0.0,0.0,0.008080755360424519,0.0,0.0,0.016051912680268288
393,True,83.04998779296875,83.84415435791016,0.9552034139633179,0.0,0.0,0.29111045598983765,84.22612762451172,76.41459655761719,0.9774916172027588,0.0,0.0,0.015490117482841015,69.86811828613281,62.38446044921875,0.9716363549232483,57.830894470214844,95.26001739501953,0.932219922542572,43.17422866821289,68.85736083984375,0.9976423382759094,66.81465148925781,145.3157958984375,0.7359272837638855,46.30385208129883,99.76616668701172,0.9976189732551575,92.85244750976562,155.28945922851562,0.7834945917129517,88.0750732421875,135.55198669433594,0.9934309124946594,41.70947265625,180.97186279296875,0.9458834528923035,29.927932739257812,173.09722900390625,0.9868093729019165,0.0,0.0,0.1556694060564041,0.0,0.0,0.46108460426330566,0.0,0.0,0.005515966098755598,0.0,0.0,0.014024599455296993
394,True,83.02322387695312,82.8254165649414,0.945615828037262,0.0,0.0,0.27047204971313477,84.72369384765625,75.21443176269531,0.9722324013710022,0.0,0.0,0.020790446549654007,70.96859741210938,61.190223693847656,0.9693896174430847,56.24446105957031,92.41233825683594,0.9231864213943481,42.89670181274414,71.82302856445312,0.9974570870399475,68.73246765136719,141.75856018066406,0.6253695487976074,56.48099136352539,110.30220031738281,0.9961842894554138,94.66230773925781,155.07666015625,0.638737142086029,97.54435729980469,146.02413940429688,0.986026406288147,38.43900680541992,179.15060424804688,0.9428744912147522,27.93128204345703,173.76223754882812,0.9866580367088318,0.0,0.0,0.18349048495292664,38.70030975341797,240.0,0.5205692648887634,0.0,0.0,0.008388171903789043,0.0,0.0,0.02156677469611168
395,True,82.87251281738281,83.17052459716797,0.9510109424591064,0.0,0.0,0.2945610582828522,84.2251968383789,75.33191680908203,0.9762331247329712,0.0,0.0,0.021082676947116852,70.01040649414062,61.188323974609375,0.9715133905410767,55.49464416503906,92.74302673339844,0.9118442535400391,43.96529769897461,71.86107635498047,0.9971666932106018,68.34928131103516,140.5870819091797,0.5712907314300537,58.8610725402832,108.654541015625,0.9956037998199463,94.71745300292969,154.54840087890625,0.6015662550926208,97.6380386352539,148.14254760742188,0.9842430353164673,36.61264419555664,178.67840576171875,0.9267838597297668,27.346359252929688,172.85804748535156,0.9832375049591064,0.0,0.0,0.1534608155488968,0.0,0.0,0.4747437536716461,0.0,0.0,0.007347787730395794,0.0,0.0,0.01930483616888523
396,True,83.45966339111328,82.99639129638672,0.9588762521743774,0.0,0.0,0.3315449357032776,84.44869995117188,75.28243255615234,0.9791591167449951,0.0,0.0,0.020859794691205025,70.34099578857422,61.11774444580078,0.9722250699996948,57.27289581298828,93.15969848632812,0.9268179535865784,44.364078521728516,70.67742156982422,0.997370719909668,66.36395263671875,140.64776611328125,0.651083767414093,54.78662109375,104.75050354003906,0.9962731599807739,92.0844955444336,153.0423126220703,0.6935620307922363,93.42333221435547,144.78680419921875,0.9882809519767761,37.49483108520508,178.96630859375,0.9376208782196045,27.268447875976562,172.4513397216797,0.9849303960800171,0.0,0.0,0.1656017303466797,0.0,0.0,0.48082512617111206,0.0,0.0,0.007260468322783709,0.0,0.0,0.018231505528092384
397,True,82.98930358886719,84.64801788330078,0.952345073223114,0.0,0.0,0.3265177607536316,84.5267333984375,76.97650146484375,0.9717683792114258,0.0,0.0,0.024330291897058487,71.33655548095703,61.73338317871094,0.9571287035942078,58.40470504760742,93.42134857177734,0.9254205822944641,43.773216247558594,70.08354187011719,0.9969711303710938,67.0186996459961,140.0839385986328,0.6821486353874207,50.11127853393555,103.27107238769531,0.9960267543792725,92.58959197998047,153.94471740722656,0.7286438345909119,92.0198974609375,144.57345581054688,0.9885287880897522,38.54389953613281,180.55209350585938,0.9372588396072388,27.400001525878906,173.7656707763672,0.983919084072113,0.0,0.0,0.1574845165014267,0.0,0.0,0.4539216458797455,0.0,0.0,0.00657057436183095,0.0,0.0,0.01625642366707325
398,True,83.06973266601562,84.31621551513672,0.9535648226737976,0.0,0.0,0.33446425199508667,84.34805297851562,76.62069702148438,0.9726292490959167,0.0,0.0,0.023045485839247704,70.86082458496094,61.40283966064453,0.9563568830490112,58.709049224853516,93.2161865234375,0.9230840802192688,43.81444549560547,69.96784973144531,0.9965498447418213,66.60881042480469,139.4302978515625,0.6841055750846863,49.948265075683594,103.07783508300781,0.9955743551254272,92.09324645996094,153.0769500732422,0.7382349371910095,92.16548919677734,145.15423583984375,0.9880664348602295,38.405120849609375,180.27560424804688,0.9364309310913086,27.088302612304688,173.4799346923828,0.9828916788101196,0.0,0.0,0.16506427526474,0.0,0.0,0.4557075500488281,0.0,0.0,0.007074777036905289,0.0,0.0,0.0168711356818676
399,True,82.66998291015625,84.92837524414062,0.9534059166908264,0.0,0.0,0.3305952847003937,84.34820556640625,77.43143463134766,0.9729288220405579,0.0,0.0,0.024442344903945923,71.74002075195312,61.912933349609375,0.9583213925361633,56.7015380859375,91.87248992919922,0.9141830801963806,43.87364959716797,69.42217254638672,0.9971858859062195,63.15131378173828,135.8653564453125,0.6467393636703491,46.981109619140625,101.14459228515625,0.9963807463645935,90.66555786132812,152.90480041503906,0.7101325392723083,88.83847045898438,143.5758514404297,0.9895184636116028,36.966304779052734,179.06903076171875,0.9313483238220215,27.11487579345703,172.7804718017578,0.9840457439422607,0.0,0.0,0.14745792746543884,0.0,0.0,0.4578782618045807,0.0,0.0,0.00621616467833519,0.0,0.0,0.016435667872428894
400,True,82.67071533203125,84.2283706665039,0.9621613025665283,0.0,0.0,0.3650306165218353,84.02442169189453,76.5650634765625,0.9810648560523987,0.0,0.0,0.02135610766708851,70.81918334960938,61.19245910644531,0.9719262719154358,58.50701141357422,92.55897521972656,0.9223461151123047,43.545108795166016,69.11708068847656,0.9974700212478638,65.47757720947266,138.1670379638672,0.626578152179718,49.79344177246094,103.72393798828125,0.9964309930801392,93.54241180419922,156.2306365966797,0.6588324904441833,88.32864379882812,144.15966796875,0.9883466362953186,38.99577331542969,179.278076171875,0.9382426738739014,27.326904296875,172.26939392089844,0.9860792756080627,0.0,0.0,0.1783486306667328,36.88047790527344,236.3186492919922,0.52227383852005,0.0,0.0,0.00870457198470831,0.0,0.0,0.02317788451910019
401,True,82.91766357421875,82.89190673828125,0.9693071246147156,0.0,0.0,0.4412551820278168,83.48924255371094,75.20207214355469,0.9830779433250427,0.0,0.0,0.022707849740982056,69.89641571044922,60.9339599609375,0.9662507176399231,58.54267883300781,93.2059326171875,0.9157816767692566,42.942955017089844,69.53160858154297,0.9964610934257507,62.38045120239258,137.69662475585938,0.6559994220733643,41.11255645751953,101.50634765625,0.9954341053962708,90.47804260253906,153.87155151367188,0.7210969924926758,82.57777404785156,142.85813903808594,0.9885918498039246,39.51268005371094,181.81106567382812,0.9213526248931885,27.294857025146484,174.97117614746094,0.9795214533805847,0.0,0.0,0.12793847918510437,0.0,0.0,0.39137834310531616,0.0,0.0,0.005456998944282532,0.0,0.0,0.013390977866947651
402,True,81.98721313476562,84.69956970214844,0.961553692817688,0.0,0.0,0.384319931268692,83.44389343261719,76.91559600830078,0.9797073602676392,0.0,0.0,0.023671260103583336,70.59248352050781,61.107421875,0.9623242020606995,56.533668518066406,92.32673645019531,0.8881803750991821,42.26166915893555,69.00871276855469,0.996928870677948,60.14099884033203,138.31793212890625,0.5482733845710754,41.35961151123047,103.50480651855469,0.9960063099861145,88.7415771484375,153.47500610351562,0.6212300062179565,82.93537902832031,143.78196716308594,0.9880924820899963,38.45799255371094,183.19317626953125,0.8993640542030334,26.980979919433594,176.5941162109375,0.9789050221443176,0.0,0.0,0.10108541697263718,0.0,0.0,0.384586900472641,0.0,0.0,0.004686884582042694,0.0,0.0,0.013717254623770714
403,True,81.9626693725586,84.6741714477539,0.9600346684455872,0.0,0.0,0.3650788366794586,83.40608215332031,76.93405151367188,0.9796153903007507,0.0,0.0,0.021852923557162285,70.61119079589844,61.0562744140625,0.9637213945388794,56.288021087646484,91.88642883300781,0.8805227279663086,42.334373474121094,68.9959945678711,0.9971042275428772,59.2159423828125,137.77549743652344,0.5281676650047302,41.04475784301758,103.77525329589844,0.9963886737823486,88.26641082763672,153.56625366210938,0.6073044538497925,82.62110137939453,143.6110382080078,0.9890152812004089,38.42935562133789,183.35374450683594,0.896964430809021,27.152236938476562,176.9613800048828,0.9797077775001526,0.0,0.0,0.09749292582273483,0.0,0.0,0.39056381583213806,0.0,0.0,0.004536198452115059,0.0,0.0,0.013874187134206295
404,True,81.25898742675781,79.5401611328125,0.9611697196960449,0.0,0.0,0.3280687630176544,81.57593536376953,72.03357696533203,0.9816213250160217,0.0,0.0,0.012042972259223461,66.05167388916016,59.47186279296875,0.9715903401374817,56.888633728027344,91.91887664794922,0.8997304439544678,37.29673385620117,70.94795989990234,0.9958706498146057,62.897369384765625,136.46739196777344,0.6327218413352966,37.424400329589844,106.05361938476562,0.9953952431678772,90.37461853027344,149.2631072998047,0.7050776481628418,83.67450714111328,143.14622497558594,0.988940417766571,41.73455810546875,184.71934509277344,0.9185206294059753,26.592853546142578,179.22149658203125,0.9788302779197693,0.0,0.0,0.1209387257695198,0.0,0.0,0.37603774666786194,0.0,0.0,0.005218313075602055,0.0,0.0,0.01263878308236599
405,True,80.33663940429688,77.99288940429688,0.9647154808044434,0.0,0.0,0.34790995717048645,79.88850402832031,71.12236022949219,0.9830210208892822,0.0,0.0,0.013912463560700417,64.33049774169922,59.68824768066406,0.9767293930053711,58.10922622680664,93.54377746582031,0.9218711256980896,37.27391815185547,70.87459564208984,0.9962280988693237,64.52578735351562,141.14385986328125,0.6547664999961853,34.27424621582031,102.1480712890625,0.9950053095817566,93.72500610351562,152.67257690429688,0.7390021681785583,83.88058471679688,141.12899780273438,0.9895508885383606,43.19737243652344,182.2781524658203,0.8960816860198975,28.961910247802734,176.4866180419922,0.9706390500068665,0.0,0.0,0.13582338392734528,0.0,0.0,0.3941488265991211,0.0,0.0,0.0060168905183672905,0.0,0.0,0.013971814885735512
406,True,78.52416229248047,78.30754089355469,0.9589750170707703,0.0,0.0,0.40140804648399353,79.72364807128906,70.59342956542969,0.9722732305526733,0.0,0.0,0.027772825211286545,65.21400451660156,57.50975799560547,0.9530085325241089,59.152618408203125,93.45889282226562,0.9559728503227234,34.369598388671875,69.6268310546875,0.9948428273200989,73.29692077636719,138.94424438476562,0.7946836948394775,41.38838577270508,103.22630310058594,0.9910343289375305,96.2660903930664,152.1987762451172,0.7929378747940063,91.28144073486328,146.2481689453125,0.9792167544364929,43.975494384765625,182.66110229492188,0.946922779083252,26.709579467773438,176.45030212402344,0.977088987827301,0.0,0.0,0.19591955840587616,0.0,0.0,0.3987199664115906,0.0,0.0,0.008402924053370953,0.0,0.0,0.014897871762514114
407,True,79.09649658203125,75.65277862548828,0.968910813331604,0.0,0.0,0.4299424886703491,78.98943328857422,67.60528564453125,0.9827385544776917,0.0,0.0,0.020716683939099312,62.38283157348633,56.494850158691406,0.9722821116447449,58.959014892578125,93.8008041381836,0.9553003311157227,34.0950927734375,70.1149673461914,0.9961917400360107,73.80105590820312,137.99850463867188,0.7797097563743591,41.941925048828125,102.212158203125,0.9935052394866943,96.03694152832031,153.3524169921875,0.7802202105522156,89.21197509765625,143.99000549316406,0.9838322401046753,46.14315414428711,185.05076599121094,0.9475120902061462,28.474624633789062,178.5388641357422,0.979695200920105,0.0,0.0,0.15791535377502441,0.0,0.0,0.35861048102378845,0.0,0.0,0.006020935717970133,0.0,0.0,0.011331427842378616
408,True,79.72025299072266,75.56890106201172,0.9672163128852844,0.0,0.0,0.37489616870880127,79.51956176757812,67.79074096679688,0.9834750890731812,0.0,0.0,0.016097836196422577,62.51885986328125,56.866668701171875,0.9783455729484558,59.50218200683594,93.52044677734375,0.9568821787834167,34.694908142089844,71.02651977539062,0.9971612691879272,73.08798217773438,136.4283447265625,0.7742756605148315,42.98485565185547,102.67530822753906,0.9952986836433411,95.40587615966797,152.34231567382812,0.7802240252494812,89.17098236083984,144.1022186279297,0.987319827079773,45.750205993652344,182.69805908203125,0.9550571441650391,28.69016456604004,176.21536254882812,0.9846498370170593,0.0,0.0,0.1882304847240448,0.0,0.0,0.43068984150886536,0.0,0.0,0.007090231869369745,0.0,0.0,0.013968248851597309
409,True,79.84622192382812,75.656005859375,0.9650274515151978,0.0,0.0,0.3646848499774933,79.89602661132812,67.87113952636719,0.9823198914527893,0.0,0.0,0.016837777569890022,62.93330001831055,56.834922790527344,0.9781304597854614,60.11493682861328,93.25958251953125,0.9598501920700073,34.18062973022461,71.55658721923828,0.9969906806945801,73.42195129394531,135.67214965820312,0.7857068181037903,45.24610900878906,103.45175170898438,0.9947397112846375,95.18484497070312,152.12176513671875,0.7758104801177979,90.52743530273438,144.65821838378906,0.985133171081543,46.256622314453125,183.61160278320312,0.9564819931983948,28.107221603393555,177.45504760742188,0.9841026663780212,0.0,0.0,0.1845388561487198,0.0,0.0,0.4088662266731262,0.0,0.0,0.007036016788333654,0.0,0.0,0.01325964368879795
410,True,81.13729095458984,75.64226531982422,0.947451114654541,0.0,0.0,0.34578806161880493,80.18563842773438,67.42500305175781,0.9686628580093384,0.0,0.0,0.023652544245123863,62.85649108886719,57.275360107421875,0.9563696384429932,61.041133880615234,92.81733703613281,0.9404021501541138,34.35592269897461,72.74154663085938,0.9955689311027527,72.268798828125,134.39561462402344,0.7331007122993469,40.248016357421875,102.92230224609375,0.9922757744789124,95.49024200439453,150.96908569335938,0.716416597366333,89.5070571899414,142.73292541503906,0.9777504205703735,46.91999816894531,186.44815063476562,0.9374181032180786,27.67086410522461,181.1649627685547,0.9761536717414856,0.0,0.0,0.12395019084215164,0.0,0.0,0.2960052490234375,0.0,0.0,0.005150423385202885,0.0,0.0,0.00992594938725233
411,True,81.0110092163086,75.48424530029297,0.9604626893997192,0.0,0.0,0.34148669242858887,80.71806335449219,67.75590515136719,0.9797292947769165,0.0,0.0,0.015440954826772213,64.88314819335938,57.64751434326172,0.9712656736373901,62.1849365234375,94.7388916015625,0.9339118003845215,36.677337646484375,70.84970092773438,0.9973323345184326,73.97188568115234,138.97483825683594,0.7240139245986938,37.437522888183594,101.28421020507812,0.9968330264091492,94.85086822509766,152.069091796875,0.7668148875236511,85.0284652709961,141.5865020751953,0.9916654229164124,47.92723846435547,186.43414306640625,0.9469862580299377,29.39548110961914,179.3843994140625,0.985929548740387,0.0,0.0,0.13432954251766205,0.0,0.0,0.40035736560821533,0.0,0.0,0.0047836098819971085,0.0,0.0,0.011726980097591877
412,True,83.01978302001953,77.29586029052734,0.950712263584137,0.0,0.0,0.3802325427532196,82.19664001464844,68.9056167602539,0.9666585922241211,0.0,0.0,0.03328019753098488,66.57231140136719,57.1917724609375,0.9412121772766113,68.45896911621094,93.39704895019531,0.9412378072738647,36.97835922241211,73.6331558227539,0.997648298740387,76.13908386230469,137.7731170654297,0.7741323709487915,31.891923904418945,105.38877868652344,0.9972200393676758,99.72364044189453,156.8747100830078,0.7996852397918701,87.7503662109375,140.0854034423828,0.992146909236908,53.32509994506836,187.87818908691406,0.9538532495498657,30.602596282958984,182.36436462402344,0.9872102737426758,0.0,0.0,0.13422761857509613,0.0,0.0,0.38628363609313965,0.0,0.0,0.004653919022530317,0.0,0.0,0.011463364586234093
413,True,84.27011108398438,76.66047668457031,0.9769622087478638,87.46818542480469,74.00045776367188,0.50821453332901,83.60169219970703,69.18508911132812,0.9873059988021851,0.0,0.0,0.022275714203715324,68.61074829101562,58.154266357421875,0.973285436630249,69.7629623413086,94.4370346069336,0.9467185735702515,40.34341049194336,73.58660888671875,0.9974851608276367,77.07505798339844,136.60693359375,0.782540500164032,31.408798217773438,106.7794418334961,0.9971789121627808,97.82040405273438,151.4816131591797,0.8449697494506836,84.50841522216797,140.5598602294922,0.9943026304244995,55.162498474121094,184.25433349609375,0.95387202501297,34.51081466674805,178.34349060058594,0.987154483795166,0.0,0.0,0.17406390607357025,0.0,0.0,0.45961207151412964,0.0,0.0,0.005954626947641373,0.0,0.0,0.013913122937083244
414,True,85.46475982666016,77.29676055908203,0.9654012322425842,0.0,0.0,0.4156123399734497,85.08612060546875,70.32838439941406,0.9795145988464355,0.0,0.0,0.019835177809000015,69.79730224609375,59.670318603515625,0.9669572114944458,72.15103912353516,93.199951171875,0.9529832005500793,39.48395538330078,76.21861267089844,0.9966902732849121,78.78852844238281,131.6519317626953,0.8441388010978699,31.23273468017578,109.0293197631836,0.9964600205421448,95.3321304321289,148.07728576660156,0.8844800591468811,83.58515930175781,140.34268188476562,0.9934333562850952,58.08991622924805,181.5657501220703,0.967069685459137,35.30332946777344,177.19021606445312,0.9884540438652039,0.0,0.0,0.24221016466617584,0.0,0.0,0.49721017479896545,0.0,0.0,0.008706419728696346,0.0,0.0,0.016773423179984093
415,True,85.1060791015625,77.67005920410156,0.9686527252197266,0.0,0.0,0.43551215529441833,84.8810806274414,70.5623779296875,0.9820031523704529,0.0,0.0,0.020480172708630562,69.60387420654297,59.32701110839844,0.9691187143325806,71.62083435058594,93.1224136352539,0.9514999389648438,39.216888427734375,76.1473617553711,0.9970566034317017,78.39041900634766,131.50416564941406,0.831955075263977,31.08228302001953,109.37264251708984,0.9968329071998596,95.17725372314453,147.99180603027344,0.8794474601745605,83.6246566772461,140.37335205078125,0.9940106272697449,58.01980209350586,181.31748962402344,0.9663069248199463,35.45894241333008,176.9554443359375,0.9890561103820801,0.0,0.0,0.24464422464370728,37.772361755371094,238.51412963867188,0.5191598534584045,0.0,0.0,0.00890173576772213,0.0,0.0,0.018055913969874382
416,True,86.8336410522461,76.8639144897461,0.9766576290130615,89.81381225585938,74.21995544433594,0.504297137260437,86.6881332397461,69.78746032714844,0.9856958985328674,0.0,0.0,0.024124756455421448,71.69828033447266,59.465370178222656,0.9749929308891296,73.30255126953125,96.01168823242188,0.9713230133056641,41.06650161743164,78.00173950195312,0.9977121353149414,79.97299194335938,133.94427490234375,0.9161055088043213,25.84377670288086,109.02590942382812,0.9978711605072021,96.37092590332031,151.11383056640625,0.9440932869911194,78.81819152832031,136.6007537841797,0.9966806769371033,61.1022834777832,180.57891845703125,0.9770538210868835,38.74622344970703,175.90963745117188,0.991266667842865,0.0,0.0,0.28379154205322266,38.96656799316406,236.7662353515625,0.5295896530151367,0.0,0.0,0.008040212094783783,0.0,0.0,0.014606998302042484
417,True,87.04733276367188,77.66793823242188,0.9762134552001953,90.4432601928711,75.24612426757812,0.5432819128036499,87.04518127441406,70.75516510009766,0.9826741814613342,0.0,0.0,0.034467797726392746,73.32556915283203,60.36602783203125,0.9701904058456421,75.88861083984375,96.48856353759766,0.9818087220191956,41.14047622680664,79.17730712890625,0.9977371692657471,81.40538024902344,134.43966674804688,0.9560094475746155,22.6663818359375,110.53298950195312,0.9979008436203003,96.76986694335938,152.72792053222656,0.9671661257743835,71.98612213134766,136.38803100585938,0.9968734383583069,63.374393463134766,179.4176483154297,0.9838575124740601,39.34328079223633,175.27191162109375,0.992202877998352,0.0,0.0,0.3219468593597412,37.57179641723633,236.64590454101562,0.5145196318626404,0.0,0.0,0.00788164883852005,0.0,0.0,0.012174023315310478
418,True,88.1630630493164,77.07240295410156,0.9714496731758118,0.0,0.0,0.48387956619262695,87.53663635253906,70.71405029296875,0.9794390797615051,0.0,0.0,0.031650345772504807,74.46495819091797,60.678306579589844,0.966478705406189,79.38168334960938,93.27933502197266,0.9704144597053528,43.47041320800781,80.55899047851562,0.9982380867004395,82.27860260009766,132.94964599609375,0.9227160215377808,21.801849365234375,114.85726928710938,0.9984832406044006,97.97055053710938,156.8955841064453,0.9509575963020325,68.42412567138672,137.90660095214844,0.9975019097328186,65.65557861328125,177.9124298095703,0.9687561988830566,41.726158142089844,175.45773315429688,0.9894025325775146,0.0,0.0,0.2195585072040558,0.0,0.0,0.46864885091781616,0.0,0.0,0.005374815780669451,0.0,0.0,0.010586664080619812
419,True,88.455810546875,78.11642456054688,0.966677188873291,0.0,0.0,0.4773753583431244,87.66142272949219,71.82183074951172,0.9743186831474304,0.0,0.0,0.03344854712486267,75.3610610961914,61.428863525390625,0.9525646567344666,80.46797180175781,93.2016372680664,0.9625023007392883,45.0521125793457,80.6607437133789,0.9977720379829407,82.17903900146484,134.76846313476562,0.9145845770835876,20.795257568359375,115.64592742919922,0.9982839226722717,97.06387329101562,157.0491943359375,0.9501771926879883,65.72747802734375,138.24099731445312,0.997383177280426,66.1604232788086,178.4139862060547,0.9700952768325806,42.366943359375,176.244873046875,0.9899386167526245,0.0,0.0,0.2551865577697754,40.642093658447266,237.20648193359375,0.5197009444236755,0.0,0.0,0.00675132405012846,0.0,0.0,0.013437359593808651
420,True,88.45622253417969,78.13519287109375,0.9662322402000427,0.0,0.0,0.47669166326522827,87.65188598632812,71.8284912109375,0.9738527536392212,0.0,0.0,0.033801496028900146,75.31198120117188,61.4317626953125,0.9519590735435486,80.57020568847656,93.32048034667969,0.9626898765563965,44.929664611816406,80.69215393066406,0.9977241158485413,82.34326934814453,134.9993438720703,0.9149645566940308,20.800254821777344,115.6456298828125,0.9982278943061829,97.08367919921875,157.1520538330078,0.9500712156295776,65.68340301513672,138.21209716796875,0.9973012804985046,66.20084381103516,178.396240234375,0.9696134924888611,42.28974151611328,176.18223571777344,0.9896456003189087,0.0,0.0,0.2530779242515564,40.34955978393555,236.87496948242188,0.513479471206665,0.0,0.0,0.006736950017511845,0.0,0.0,0.013278696686029434
421,True,88.73028564453125,78.68106079101562,0.9701336622238159,92.39354705810547,75.47515869140625,0.5288863778114319,88.03390502929688,72.00428009033203,0.9755738377571106,0.0,0.0,0.043324947357177734,75.67332458496094,61.720726013183594,0.9545655250549316,81.42105102539062,96.19080352783203,0.9731873273849487,44.31600570678711,82.63188171386719,0.9977447986602783,84.68641662597656,136.9602813720703,0.9360628724098206,22.098602294921875,116.30435180664062,0.9979714751243591,98.34319305419922,156.2363739013672,0.960825502872467,68.3126449584961,138.8498992919922,0.9970443844795227,67.20579528808594,178.09365844726562,0.974182665348053,42.53010559082031,175.6766357421875,0.9896364808082581,0.0,0.0,0.2910415530204773,39.85848617553711,236.56704711914062,0.5215319395065308,0.0,0.0,0.007622851058840752,0.0,0.0,0.01343103963881731
422,True,89.22699737548828,78.98487854003906,0.9648022055625916,0.0,0.0,0.4484924077987671,89.28135681152344,71.99301147460938,0.9763976335525513,0.0,0.0,0.03276216611266136,76.38162994384766,60.842262268066406,0.9637765288352966,82.3296890258789,95.92483520507812,0.9699459671974182,43.27117156982422,82.75206756591797,0.9982423782348633,88.29856872558594,135.13914489746094,0.9294403195381165,20.66033935546875,118.87229919433594,0.998685896396637,98.26317596435547,153.5408172607422,0.9558883905410767,62.39281463623047,139.26312255859375,0.9978323578834534,69.16423034667969,178.51161193847656,0.9774808883666992,43.16416931152344,175.76014709472656,0.9924823641777039,0.0,0.0,0.23868311941623688,39.5718994140625,238.11630249023438,0.5027908682823181,0.0,0.0,0.005076572764664888,0.0,0.0,0.010217436589300632
423,True,89.041015625,78.55513000488281,0.9722535014152527,93.19945526123047,75.75271606445312,0.5555713772773743,88.75439453125,71.536865234375,0.981029212474823,0.0,0.0,0.046100642532110214,76.09064483642578,61.27912902832031,0.9634206891059875,82.66143798828125,97.06976318359375,0.9671013355255127,44.122581481933594,83.59532165527344,0.9980630278587341,89.02362060546875,137.56399536132812,0.906318724155426,21.50948715209961,120.60768127441406,0.9981733560562134,96.36375427246094,153.0721435546875,0.9391430616378784,61.958194732666016,141.09213256835938,0.9968246221542358,69.2173843383789,179.35723876953125,0.9712475538253784,43.543365478515625,176.3865966796875,0.9905372262001038,0.0,0.0,0.220182403922081,0.0,0.0,0.4783402979373932,0.0,0.0,0.005236339755356312,0.0,0.0,0.010675672441720963
424,True,89.78717803955078,78.77178955078125,0.9713534116744995,93.74615478515625,75.85270690917969,0.5776776671409607,89.59178161621094,71.68838500976562,0.9776501655578613,0.0,0.0,0.055974330753088,76.8436508178711,61.526092529296875,0.95857173204422,83.05603790283203,98.16009521484375,0.977910041809082,43.6784782409668,84.9352035522461,0.9975194334983826,90.54098510742188,138.618408203125,0.9413970112800598,21.665435791015625,122.62013244628906,0.9972832202911377,100.00684356689453,153.19357299804688,0.9570000767707825,64.62532806396484,143.6041259765625,0.9957687854766846,71.4916763305664,179.2528076171875,0.9762928485870361,45.583030700683594,176.95899963378906,0.9890738129615784,0.0,0.0,0.26544228196144104,0.0,0.0,0.4579693377017975,0.0,0.0,0.006375657394528389,0.0,0.0,0.01033035572618246
425,True,91.31678771972656,78.06096649169922,0.9726952910423279,94.92830657958984,75.12350463867188,0.5535202622413635,91.02568054199219,71.19094848632812,0.9819248914718628,0.0,0.0,0.04525712877511978,77.12442016601562,61.53382110595703,0.9716073274612427,84.05406188964844,98.353759765625,0.9797322750091553,42.49833679199219,86.2681884765625,0.9977211356163025,90.35204315185547,138.00994873046875,0.9401950240135193,23.42654800415039,125.82585144042969,0.9973674416542053,99.03177642822266,153.76596069335938,0.9550774097442627,76.88993835449219,149.5413360595703,0.9956578016281128,70.5433578491211,180.05935668945312,0.9791486263275146,43.0362663269043,178.07315063476562,0.9902633428573608,0.0,0.0,0.30588260293006897,38.610023498535156,240.0,0.5021974444389343,0.0,0.0,0.007879647426307201,0.0,0.0,0.012335705570876598
426,True,91.30846405029297,78.07688903808594,0.9726219773292542,94.92984008789062,75.11461639404297,0.5441733002662659,90.99691772460938,71.15540313720703,0.9823399186134338,0.0,0.0,0.04388808459043503,77.07746887207031,61.44256591796875,0.9727919697761536,83.884521484375,98.4282455444336,0.9792616367340088,42.45243835449219,86.28305053710938,0.9978829026222229,90.07119750976562,138.40652465820312,0.9370947480201721,23.949207305908203,126.40650939941406,0.997599184513092,99.18222045898438,154.02703857421875,0.9535335302352905,79.43157196044922,150.02342224121094,0.9959595799446106,70.24270629882812,179.986083984375,0.9783268570899963,42.8449821472168,178.00686645507812,0.9903542995452881,0.0,0.0,0.29388102889060974,39.26181411743164,240.0,0.5014182329177856,0.0,0.0,0.007482943590730429,0.0,0.0,0.012150106951594353
427,True,92.76937866210938,77.69760131835938,0.9742899537086487,96.16346740722656,74.67166137695312,0.543229341506958,92.17367553710938,70.97383880615234,0.9840725064277649,0.0,0.0,0.035800300538539886,77.85993194580078,62.098052978515625,0.9756086468696594,84.06173706054688,98.13339233398438,0.9768468737602234,44.313175201416016,86.6293716430664,0.9978455305099487,88.93217468261719,137.2020263671875,0.9275591969490051,23.206974029541016,124.76217651367188,0.9974216222763062,97.18836975097656,153.46868896484375,0.9449933767318726,67.65283966064453,147.80552673339844,0.9955691695213318,70.47183227539062,180.23599243164062,0.9783836007118225,44.16151428222656,178.32363891601562,0.9907893538475037,0.0,0.0,0.3133087158203125,39.51271438598633,240.0,0.5279958844184875,0.0,0.0,0.008935471065342426,0.0,0.0,0.0145610636100173
428,True,94.68206024169922,79.1393814086914,0.943670928478241,0.0,0.0,0.3082164525985718,94.89302062988281,72.54273986816406,0.9684406518936157,0.0,0.0,0.01980043202638626,80.25613403320312,63.144256591796875,0.9666340947151184,83.56893920898438,97.5334243774414,0.9558117389678955,43.794471740722656,87.44294738769531,0.9974174499511719,88.32215881347656,133.9781494140625,0.8924076557159424,23.49596405029297,125.44237518310547,0.9978098273277283,94.54736328125,144.7673797607422,0.9331089854240417,76.546142578125,148.2948760986328,0.9963153004646301,71.82141876220703,179.073974609375,0.9736741781234741,45.31218719482422,178.17648315429688,0.990871012210846,0.0,0.0,0.2803175747394562,41.41545486450195,239.56971740722656,0.5395615100860596,0.0,0.0,0.008152950555086136,0.0,0.0,0.015313916839659214
429,True,95.35497283935547,78.82427978515625,0.9655213952064514,0.0,0.0,0.4019268751144409,94.88542175292969,72.1790771484375,0.983807384967804,0.0,0.0,0.01968008279800415,79.59358978271484,63.360382080078125,0.982174813747406,84.67047119140625,98.011474609375,0.9638224244117737,43.79830551147461,87.70067596435547,0.9981445074081421,88.5623779296875,134.6531524658203,0.8842191100120544,23.618988037109375,126.25630187988281,0.9981464147567749,97.1015625,144.23214721679688,0.927697479724884,79.2513198852539,144.16543579101562,0.9967812299728394,72.17892456054688,175.4598388671875,0.976081907749176,45.03771209716797,174.33792114257812,0.9923104047775269,0.0,0.0,0.35073038935661316,40.26128387451172,235.51821899414062,0.6345666646957397,0.0,0.0,0.012044413015246391,0.0,0.0,0.023214267566800117
430,True,98.2641830444336,78.94882202148438,0.9544086456298828,0.0,0.0,0.36158108711242676,97.56346893310547,72.38443756103516,0.9724777936935425,0.0,0.0,0.01944950968027115,81.86194610595703,64.50648498535156,0.9668503999710083,85.2240982055664,97.03138732910156,0.9634681344032288,45.68594741821289,87.46782684326172,0.9962114095687866,89.43386840820312,135.3477325439453,0.8894951343536377,27.973922729492188,127.0703125,0.9953309893608093,97.4802017211914,137.68466186523438,0.9077280163764954,83.2213134765625,137.8950653076172,0.9918537735939026,73.19046783447266,180.85025024414062,0.9680538773536682,46.3929443359375,180.49774169921875,0.9857779741287231,0.0,0.0,0.21863876283168793,0.0,0.0,0.3952946662902832,0.0,0.0,0.006801405921578407,0.0,0.0,0.010598353110253811
431,True,98.2641830444336,78.94882202148438,0.9544086456298828,0.0,0.0,0.36158108711242676,97.56346893310547,72.38443756103516,0.9724777936935425,0.0,0.0,0.01944950968027115,81.86194610595703,64.50648498535156,0.9668503999710083,85.2240982055664,97.03138732910156,0.9634681344032288,45.68594741821289,87.46782684326172,0.9962114095687866,89.43386840820312,135.3477325439453,0.8894951343536377,27.973922729492188,127.0703125,0.9953309893608093,97.4802017211914,137.68466186523438,0.9077280163764954,83.2213134765625,137.8950653076172,0.9918537735939026,73.19046783447266,180.85025024414062,0.9680538773536682,46.3929443359375,180.49774169921875,0.9857779741287231,0.0,0.0,0.21863876283168793,0.0,0.0,0.3952946662902832,0.0,0.0,0.006801405921578407,0.0,0.0,0.010598353110253811
432,True,98.25499725341797,78.96347045898438,0.9550269246101379,0.0,0.0,0.36602917313575745,97.54824829101562,72.39402770996094,0.972599446773529,0.0,0.0,0.019880691543221474,81.83679962158203,64.51068115234375,0.9667789936065674,85.32197570800781,97.10955810546875,0.9644624590873718,45.672977447509766,87.55205535888672,0.996242880821228,89.531005859375,135.44049072265625,0.8926113843917847,28.03289794921875,127.12861633300781,0.9953416585922241,97.45293426513672,137.7215576171875,0.9099894165992737,83.09367370605469,137.88404846191406,0.9918736815452576,73.1200942993164,180.79534912109375,0.9684489369392395,46.238250732421875,180.40762329101562,0.9858091473579407,0.0,0.0,0.21939173340797424,0.0,0.0,0.3934658169746399,0.0,0.0,0.006776644382625818,0.0,0.0,0.010472994297742844
433,True,100.05242919921875,82.22445678710938,0.9466486573219299,0.0,0.0,0.3171127438545227,99.09648132324219,75.95541381835938,0.9683540463447571,0.0,0.0,0.027797993272542953,85.01396942138672,67.41560363769531,0.9679011106491089,82.80860900878906,93.56365203857422,0.9582006931304932,59.745155334472656,89.8705062866211,0.998084545135498,86.31843566894531,136.5729522705078,0.8466198444366455,60.07569885253906,137.7117919921875,0.9979191422462463,110.80711364746094,144.69000244140625,0.8624846935272217,106.3447265625,143.64036560058594,0.9939223527908325,68.38192749023438,176.25149536132812,0.9544116258621216,51.592002868652344,176.98812866210938,0.9858040809631348,0.0,0.0,0.2055482566356659,0.0,0.0,0.4744812250137329,0.0,0.0,0.007131361402571201,0.0,0.0,0.01493146549910307
434,True,102.34437561035156,83.350341796875,0.9590722322463989,0.0,0.0,0.23901861906051636,102.19425964355469,77.6873779296875,0.9856934547424316,0.0,0.0,0.01010385062545538,90.09027099609375,69.43443298339844,0.9910005927085876,85.58694458007812,95.28435516357422,0.947647750377655,65.22982788085938,90.79127502441406,0.9992170333862305,87.27215576171875,135.41888427734375,0.7509826421737671,69.71915435791016,136.75209045410156,0.9993292093276978,110.76813507080078,146.65432739257812,0.8024153113365173,108.37287139892578,145.04977416992188,0.9976121187210083,72.56156158447266,171.2324981689453,0.9689682126045227,57.311912536621094,171.74110412597656,0.9949321150779724,0.0,0.0,0.27995482087135315,57.345550537109375,235.1285858154297,0.7168638110160828,0.0,0.0,0.010560584254562855,0.0,0.0,0.031828321516513824
435,True,102.46363830566406,84.02812957763672,0.9585510492324829,0.0,0.0,0.3524231016635895,101.83174896240234,78.04641723632812,0.9768253564834595,0.0,0.0,0.022933200001716614,89.77125549316406,69.8409423828125,0.9763927459716797,86.90135955810547,95.91276550292969,0.9541356563568115,65.49082946777344,90.3833999633789,0.997793436050415,89.1594009399414,137.10235595703125,0.7833160161972046,70.07179260253906,135.7088165283203,0.9971097111701965,111.41194152832031,146.40785217285156,0.8027979731559753,110.94428253173828,145.62339782714844,0.9919741749763489,72.75910186767578,172.45379638671875,0.9543231129646301,57.06686782836914,172.59829711914062,0.9872089624404907,0.0,0.0,0.24924199283123016,59.164894104003906,230.79656982421875,0.561080813407898,0.0,0.0,0.010826697573065758,0.0,0.0,0.023403722792863846
436,True,102.27033996582031,85.13511657714844,0.9526190161705017,0.0,0.0,0.35230058431625366,101.97162628173828,79.45114135742188,0.9686485528945923,0.0,0.0,0.030552037060260773,90.76460266113281,71.45072937011719,0.9677760004997253,88.2501449584961,96.60194396972656,0.9607478976249695,66.21475219726562,91.58812713623047,0.9974315762519836,93.31681060791016,135.32066345214844,0.8253289461135864,73.46067810058594,133.13330078125,0.9965720176696777,116.9494857788086,146.65599060058594,0.8357624411582947,114.58451843261719,142.77796936035156,0.9908046722412109,71.40069580078125,171.60235595703125,0.959834635257721,55.18012619018555,171.86050415039062,0.9868935346603394,0.0,0.0,0.34420037269592285,57.949058532714844,226.29498291015625,0.635678768157959,0.0,0.0,0.01918916217982769,0.0,0.0,0.03749227523803711
437,True,102.41744995117188,84.89743041992188,0.9502697587013245,0.0,0.0,0.29938995838165283,102.03435516357422,79.18830871582031,0.9698328375816345,0.0,0.0,0.022012678906321526,90.50801086425781,70.94275665283203,0.974865198135376,87.7302017211914,96.04644012451172,0.9686476588249207,66.2603530883789,89.99322509765625,0.9980583786964417,91.99984741210938,135.79359436035156,0.8619458675384521,73.84416961669922,132.71774291992188,0.9976842403411865,116.38104248046875,146.808349609375,0.859373152256012,113.86212158203125,143.94589233398438,0.9932342171669006,72.40771484375,172.55130004882812,0.9742865562438965,56.40592956542969,172.4237518310547,0.9918234944343567,0.0,0.0,0.34762337803840637,58.90340805053711,229.66033935546875,0.6442415714263916,0.0,0.0,0.015523078851401806,0.0,0.0,0.030565960332751274
438,True,102.25491333007812,84.5656967163086,0.9577807784080505,0.0,0.0,0.3376619815826416,101.4709701538086,78.65194702148438,0.9761250615119934,0.0,0.0,0.024933481588959694,89.57481384277344,70.9029769897461,0.9776981472969055,87.81037139892578,96.2952651977539,0.9545595049858093,67.85946655273438,90.58236694335938,0.9981860518455505,94.1579360961914,134.75180053710938,0.7728872895240784,81.04763793945312,130.8056640625,0.9976763129234314,116.78254699707031,148.70433044433594,0.7975472807884216,118.29237365722656,145.18194580078125,0.9928359389305115,70.36447143554688,170.6868896484375,0.9585269689559937,55.44110107421875,170.13583374023438,0.9894975423812866,0.0,0.0,0.3112120032310486,56.11605453491211,227.76968383789062,0.6579005122184753,0.0,0.0,0.01618371345102787,0.0,0.0,0.0371127650141716
439,True,102.45953369140625,84.33766174316406,0.9610583186149597,0.0,0.0,0.37932565808296204,101.80171203613281,78.49771118164062,0.9743399620056152,0.0,0.0,0.03185700252652168,89.67710876464844,70.7806167602539,0.9744699001312256,87.3887939453125,96.31798553466797,0.9693717956542969,68.38664245605469,90.03555297851562,0.9978836178779602,96.45867919921875,133.36947631835938,0.8504374623298645,83.69650268554688,128.6725311279297,0.9969507455825806,120.15544128417969,149.82406616210938,0.8572887182235718,122.00192260742188,147.7693328857422,0.9914587140083313,69.6812744140625,169.74722290039062,0.968285322189331,55.705291748046875,168.96063232421875,0.9892665147781372,0.0,0.0,0.3763723373413086,57.44652557373047,226.11415100097656,0.6570635437965393,0.0,0.0,0.020362161099910736,0.0,0.0,0.038201041519641876
440,True,102.87403869628906,84.15242004394531,0.9503225088119507,0.0,0.0,0.2525234818458557,102.35380554199219,78.27745056152344,0.976150631904602,0.0,0.0,0.01949135772883892,89.23959350585938,70.32051086425781,0.9849435687065125,86.13839721679688,95.42591094970703,0.9747210144996643,67.2383041381836,87.9833755493164,0.9990667700767517,94.845947265625,133.78961181640625,0.8925275802612305,84.25164794921875,126.29579162597656,0.9991046786308289,120.2420425415039,152.236572265625,0.8856337666511536,124.56837463378906,146.90103149414062,0.996383547782898,70.68156433105469,173.33999633789062,0.9830016493797302,56.00502014160156,172.115966796875,0.995355486869812,0.0,0.0,0.3013443946838379,57.044647216796875,238.62112426757812,0.627460241317749,0.0,0.0,0.00930497795343399,0.0,0.0,0.020254340022802353
441,True,102.09648132324219,84.93331909179688,0.9463445544242859,0.0,0.0,0.28687968850135803,102.0156021118164,78.97423553466797,0.9626122117042542,0.0,0.0,0.027436381205916405,89.91742706298828,70.32423400878906,0.9719236493110657,85.35758209228516,93.8736572265625,0.9816297292709351,66.63851928710938,87.18569946289062,0.9982956051826477,96.472412109375,132.64334106445312,0.9205167293548584,83.92725372314453,127.72482299804688,0.9977309107780457,120.10804748535156,151.09725952148438,0.8873509764671326,122.02132415771484,148.90011596679688,0.9916709661483765,70.81598663330078,172.74078369140625,0.9863068461418152,56.255340576171875,172.45718383789062,0.9945424795150757,0.0,0.0,0.36701706051826477,61.3561897277832,232.28445434570312,0.6159778237342834,0.0,0.0,0.014384823851287365,0.0,0.0,0.024670321494340897
442,True,102.36426544189453,84.68544006347656,0.9552222490310669,0.0,0.0,0.3372483551502228,101.89977264404297,78.69886779785156,0.9699687361717224,0.0,0.0,0.028709882870316505,89.66725158691406,70.80641174316406,0.9723941683769226,87.41477966308594,96.90032196044922,0.9710680246353149,68.31277465820312,88.98820495605469,0.9976752400398254,99.25578308105469,135.45965576171875,0.8768596053123474,86.09135437011719,127.03231811523438,0.9970628619194031,120.832763671875,150.22470092773438,0.8841413855552673,122.329345703125,148.51463317871094,0.9922173023223877,69.52793884277344,169.3330535888672,0.9700806140899658,55.227020263671875,167.96640014648438,0.9890609979629517,0.0,0.0,0.36383458971977234,58.465667724609375,225.25738525390625,0.6309545636177063,0.0,0.0,0.017883645370602608,0.0,0.0,0.032230179756879807
443,True,102.37297821044922,84.64115905761719,0.956408679485321,0.0,0.0,0.3446333110332489,101.91996765136719,78.67936706542969,0.9702831506729126,0.0,0.0,0.029597807675600052,89.7037353515625,70.84278106689453,0.9728948473930359,87.22344970703125,96.89900970458984,0.9730121493339539,68.41130065917969,89.10066986083984,0.9976913928985596,98.64347076416016,134.81260681152344,0.8848357796669006,86.05638122558594,126.59051513671875,0.9970118999481201,120.4021224975586,150.58045959472656,0.8900975584983826,122.18994903564453,148.1863250732422,0.9921740293502808,69.2450942993164,168.9650115966797,0.9717757105827332,55.16438674926758,167.61859130859375,0.9893208742141724,0.0,0.0,0.3807380497455597,58.26762390136719,224.68368530273438,0.6390867829322815,0.0,0.0,0.01904578134417534,0.0,0.0,0.03342447429895401
444,True,102.40728759765625,84.41908264160156,0.9437140226364136,0.0,0.0,0.27472659945487976,102.1473159790039,78.48161315917969,0.9654256701469421,0.0,0.0,0.02380784973502159,89.93849182128906,70.59515380859375,0.9722452759742737,85.51448822021484,96.08944702148438,0.9580293893814087,68.75467681884766,88.60371398925781,0.9975087642669678,97.38423919677734,134.58871459960938,0.819657027721405,86.35566711425781,126.759521484375,0.9969775676727295,118.97561645507812,149.419189453125,0.8363651037216187,121.3181381225586,148.0533447265625,0.9914907813072205,67.7004623413086,170.33157348632812,0.960713803768158,54.996376037597656,169.13018798828125,0.9876905679702759,0.0,0.0,0.307857483625412,59.36906051635742,227.0047149658203,0.609633207321167,0.0,0.0,0.01509691309183836,0.0,0.0,0.030402911826968193
445,True,102.16970825195312,84.64276123046875,0.9261515140533447,0.0,0.0,0.21951918303966522,102.62162780761719,78.9157485961914,0.9467154741287231,0.0,0.0,0.02367430180311203,91.41937255859375,70.73236846923828,0.9657103419303894,84.87541961669922,95.06913757324219,0.9770857095718384,67.34487915039062,87.18864440917969,0.9977685213088989,96.29887390136719,134.63616943359375,0.9177517294883728,85.08309173583984,125.07723236083984,0.9974736571311951,117.37611389160156,150.72080993652344,0.9031422138214111,120.50093078613281,145.3057403564453,0.9924811124801636,68.55150604248047,171.65081787109375,0.9832296967506409,54.92906951904297,171.06048583984375,0.9931241869926453,0.0,0.0,0.3882941007614136,62.618202209472656,230.92161560058594,0.6335115432739258,0.0,0.0,0.01588619314134121,0.0,0.0,0.026855606585741043
446,True,102.13059997558594,82.44924926757812,0.9498251676559448,0.0,0.0,0.20579823851585388,102.48736572265625,76.80917358398438,0.9760229587554932,0.0,0.0,0.010997901670634747,89.77184295654297,68.65509033203125,0.9872273206710815,84.76329040527344,95.51099395751953,0.9802191853523254,62.50558090209961,89.05357360839844,0.9991981387138367,86.71034240722656,135.35118103027344,0.9453304409980774,62.3528938293457,130.40943908691406,0.9994959831237793,110.29483032226562,148.40423583984375,0.953038215637207,101.76335144042969,133.84861755371094,0.9986339211463928,71.1484375,171.79849243164062,0.986810564994812,54.63658905029297,171.31304931640625,0.9961385130882263,0.0,0.0,0.33427467942237854,53.29232406616211,235.0486297607422,0.6456351280212402,0.0,0.0,0.007574494928121567,0.0,0.0,0.015479451976716518
447,True,101.85615539550781,81.87031555175781,0.951408326625824,0.0,0.0,0.26289501786231995,101.86712646484375,75.9404296875,0.9801450967788696,0.0,0.0,0.011883731931447983,88.82479095458984,67.98838806152344,0.9835854768753052,87.31884002685547,96.51514434814453,0.939636766910553,57.822509765625,87.44752502441406,0.9986316561698914,86.4741439819336,136.92018127441406,0.7487547993659973,52.714942932128906,128.34609985351562,0.998683750629425,101.12787628173828,146.4259796142578,0.7723859548568726,97.78404235839844,135.69436645507812,0.9956806898117065,73.81126403808594,176.83021545410156,0.9626854658126831,52.00343322753906,175.55650329589844,0.9926263689994812,0.0,0.0,0.17823705077171326,49.075191497802734,234.7082061767578,0.5348381996154785,0.0,0.0,0.006565518211573362,0.0,0.0,0.01772225834429264
448,True,95.42845153808594,78.86865234375,0.9842830896377563,99.61683654785156,75.88874053955078,0.7718806862831116,93.37689971923828,71.69007110595703,0.9893574118614197,0.0,0.0,0.0925966128706932,81.02352142333984,66.03118896484375,0.9708998799324036,88.01144409179688,100.70611572265625,0.9697543382644653,52.213279724121094,87.61190795898438,0.9983786344528198,89.24345397949219,137.8394775390625,0.8462299108505249,27.11442756652832,122.12097930908203,0.9970564842224121,98.39022827148438,141.60601806640625,0.8683592081069946,71.4926528930664,131.75953674316406,0.9934298396110535,74.30940246582031,178.53665161132812,0.9748401641845703,49.40122604370117,175.75759887695312,0.992100179195404,0.0,0.0,0.2701670527458191,51.11865234375,236.87164306640625,0.5622007846832275,0.0,0.0,0.009906033985316753,0.0,0.0,0.021752741187810898
449,True,95.54300689697266,78.82909393310547,0.9856420159339905,99.93035888671875,76.29939270019531,0.7117470502853394,93.85894775390625,71.75859069824219,0.9915933609008789,0.0,0.0,0.050150249153375626,81.221435546875,64.98717498779297,0.9812317490577698,86.62806701660156,100.78510284423828,0.9673449993133545,51.31874084472656,87.26790618896484,0.9984017014503479,88.14082336425781,137.86270141601562,0.8646467328071594,27.15337371826172,122.42992401123047,0.9979039430618286,98.3262939453125,141.36395263671875,0.9117087721824646,71.58364868164062,131.76095581054688,0.9962430000305176,73.78398132324219,178.1133575439453,0.9656211733818054,49.71759033203125,175.53341674804688,0.989641010761261,0.0,0.0,0.22882097959518433,50.16520690917969,236.68283081054688,0.5124172568321228,0.0,0.0,0.006704278755933046,0.0,0.0,0.014389359392225742
450,True,92.83564758300781,78.12894439697266,0.9833728671073914,0.0,0.0,0.4941238462924957,91.00727844238281,71.57177734375,0.9921903014183044,0.0,0.0,0.01491233054548502,75.48834228515625,62.47435760498047,0.9913612008094788,84.30866241455078,97.41202545166016,0.9855937361717224,42.295677185058594,84.29194641113281,0.9990038275718689,88.59999084472656,138.2659454345703,0.9597907662391663,17.73967742919922,120.6236801147461,0.9992390871047974,113.64102172851562,151.00860595703125,0.9720622897148132,62.67266082763672,135.3575439453125,0.9987554550170898,71.01911163330078,179.69229125976562,0.9847695827484131,42.81464385986328,177.62937927246094,0.9943727254867554,0.0,0.0,0.2571645975112915,37.598079681396484,240.0,0.5006828308105469,0.0,0.0,0.004326988477259874,0.0,0.0,0.007608076557517052
451,True,92.25049591064453,78.00452423095703,0.9842155575752258,95.6988525390625,74.79368591308594,0.5311676263809204,90.53111267089844,71.32854461669922,0.9921505451202393,0.0,0.0,0.018595773726701736,75.63490295410156,62.119224548339844,0.9905110001564026,84.48517608642578,97.53971862792969,0.9862385988235474,42.31245422363281,84.17290496826172,0.9990436434745789,88.70027160644531,138.46383666992188,0.9603859186172485,17.418052673339844,120.86405181884766,0.9992349147796631,113.70619201660156,151.01905822753906,0.9720519185066223,62.61553955078125,135.34442138671875,0.9987210631370544,71.10779571533203,179.6830596923828,0.9850655198097229,42.775691986083984,177.51763916015625,0.9944928884506226,0.0,0.0,0.2598804831504822,37.60259246826172,240.0,0.50578373670578,0.0,0.0,0.004372236784547567,0.0,0.0,0.007787818089127541
452,True,86.9819564819336,77.20626831054688,0.9590434432029724,0.0,0.0,0.36936381459236145,86.22643280029297,70.27259063720703,0.9714043736457825,0.0,0.0,0.01953953318297863,71.86212158203125,60.32623291015625,0.9624828696250916,75.64988708496094,95.38824462890625,0.9721170663833618,36.926902770996094,82.2927017211914,0.9969103932380676,76.9132308959961,135.6602325439453,0.9474437236785889,13.61749267578125,119.3567123413086,0.9977606534957886,91.69761657714844,141.8798370361328,0.9670311212539673,63.66534423828125,135.36578369140625,0.9970254302024841,60.19529724121094,181.0317840576172,0.9740635752677917,33.80810546875,179.15103149414062,0.9877745509147644,0.0,0.0,0.2047293484210968,0.0,0.0,0.36787429451942444,0.0,0.0,0.004124068189412355,0.0,0.0,0.006311783101409674
453,True,84.6485366821289,75.52034759521484,0.9793700575828552,87.71870422363281,72.4400863647461,0.5851075649261475,83.34648132324219,68.30326080322266,0.9871987700462341,0.0,0.0,0.026781734079122543,68.66828918457031,58.87616729736328,0.9786370992660522,71.45356750488281,95.70878601074219,0.9789638519287109,34.01085662841797,80.415771484375,0.9965621829032898,71.56986999511719,136.08816528320312,0.9487908482551575,9.221969604492188,117.93244934082031,0.9965594410896301,100.1693344116211,147.4970703125,0.9607598781585693,66.37562561035156,137.91815185546875,0.9953005313873291,59.445579528808594,181.57492065429688,0.9770863652229309,33.002716064453125,179.2943878173828,0.9868913292884827,0.0,0.0,0.23364773392677307,0.0,0.0,0.36482423543930054,0.0,0.0,0.004930023103952408,0.0,0.0,0.006649227347224951
454,True,84.6521224975586,75.46620178222656,0.9799512624740601,87.76109313964844,72.43353271484375,0.5823049545288086,83.53042602539062,68.073486328125,0.9876765012741089,0.0,0.0,0.02619190886616707,68.92056274414062,58.56117248535156,0.9791845083236694,70.75325775146484,95.99626159667969,0.9782565832138062,34.298980712890625,80.3808822631836,0.996887743473053,71.26860809326172,136.20790100097656,0.9470032453536987,9.769905090332031,118.10565185546875,0.9970067143440247,100.23155212402344,147.4783935546875,0.9603689908981323,66.41895294189453,138.09678649902344,0.995815098285675,59.21805191040039,182.061767578125,0.9760599732398987,33.31608963012695,179.59384155273438,0.9871540665626526,0.0,0.0,0.21311931312084198,0.0,0.0,0.3528457283973694,0.0,0.0,0.004305215552449226,0.0,0.0,0.006096565630286932
455,True,83.9170913696289,76.55084228515625,0.956618070602417,0.0,0.0,0.3650258481502533,83.4927749633789,69.30606079101562,0.9837579131126404,0.0,0.0,0.012171408161520958,68.02645111083984,58.67796325683594,0.9755200147628784,66.45243835449219,94.88770294189453,0.8594155311584473,32.504547119140625,79.91944885253906,0.9951066970825195,63.94240951538086,134.6265106201172,0.578696072101593,10.000137329101562,117.63679504394531,0.9951369166374207,85.23974609375,142.73196411132812,0.7185452580451965,70.32258605957031,139.6998291015625,0.9910385608673096,55.45845031738281,183.17196655273438,0.9280071258544922,31.333011627197266,180.99069213867188,0.9822461605072021,0.0,0.0,0.18435131013393402,0.0,0.0,0.4960309863090515,0.0,0.0,0.008280439302325249,0.0,0.0,0.019961463287472725
456,True,84.56329345703125,77.55677795410156,0.909913957118988,0.0,0.0,0.20628075301647186,84.55796813964844,70.417236328125,0.9598165154457092,0.0,0.0,0.009002909064292908,68.8737564086914,59.139068603515625,0.9430892467498779,64.5618896484375,94.29931640625,0.7449891567230225,33.05893325805664,76.17584228515625,0.9912480115890503,0.0,0.0,0.3818354308605194,12.285846710205078,114.79766845703125,0.9914234280586243,82.91999053955078,146.2277374267578,0.5078427195549011,70.45394134521484,141.5237579345703,0.9815152287483215,50.2419548034668,190.6228790283203,0.8486344218254089,27.63140106201172,186.8944091796875,0.9654711484909058,0.0,0.0,0.09061487764120102,0.0,0.0,0.3329758942127228,0.0,0.0,0.005170973017811775,0.0,0.0,0.013995438814163208
457,True,81.51251983642578,76.48273468017578,0.9628211259841919,0.0,0.0,0.4883509874343872,80.90676879882812,69.18125915527344,0.9776301383972168,0.0,0.0,0.027266446501016617,66.65735626220703,57.932167053222656,0.951553225517273,64.99365234375,95.25813293457031,0.9038791060447693,32.17932891845703,75.23809814453125,0.9928532242774963,62.93876647949219,142.4556427001953,0.693878710269928,12.870418548583984,111.40765380859375,0.9906414151191711,88.4708480834961,149.97332763671875,0.7775596976280212,70.35038757324219,140.78221130371094,0.9837296605110168,49.233680725097656,189.73158264160156,0.8718344569206238,25.801666259765625,185.4918670654297,0.9522887468338013,0.0,0.0,0.07792532444000244,0.0,0.0,0.20477844774723053,0.0,0.0,0.0030459619592875242,0.0,0.0,0.00592037895694375
458,True,80.307373046875,77.23577880859375,0.9500625729560852,0.0,0.0,0.40628889203071594,80.38511657714844,69.8864517211914,0.9713942408561707,0.0,0.0,0.023803140968084335,67.2798080444336,57.85692596435547,0.9374874830245972,62.095272064208984,94.28031921386719,0.8237833380699158,32.74885940551758,74.61264038085938,0.9929066896438599,58.2996940612793,141.05465698242188,0.5066686868667603,10.850826263427734,111.08683013916016,0.9918959736824036,85.81644439697266,149.94439697265625,0.6499137282371521,70.14125061035156,140.48883056640625,0.984645426273346,47.10615921020508,190.46951293945312,0.8115958571434021,25.843185424804688,186.4635009765625,0.9480870962142944,0.0,0.0,0.05615486204624176,0.0,0.0,0.20859764516353607,0.0,0.0,0.0025765562895685434,0.0,0.0,0.006620537023991346
459,True,80.2431640625,77.14820098876953,0.954404354095459,0.0,0.0,0.4141691327095032,80.1539306640625,69.75092315673828,0.9736111164093018,0.0,0.0,0.022818302735686302,66.5324935913086,57.8167724609375,0.943652331829071,61.61493682861328,94.12681579589844,0.8488942980766296,32.15678405761719,74.37212371826172,0.9936079978942871,58.47954559326172,140.6969757080078,0.566417932510376,10.914222717285156,111.04621887207031,0.9927672147750854,84.71057891845703,149.1944580078125,0.7018123865127563,69.86750793457031,140.32986450195312,0.9867315888404846,47.34765625,189.8458251953125,0.8237338066101074,26.202993392944336,185.83438110351562,0.9494666457176208,0.0,0.0,0.054793037474155426,0.0,0.0,0.19520285725593567,0.0,0.0,0.0023010580334812403,0.0,0.0,0.005651670508086681
460,True,80.34225463867188,76.95751953125,0.962465763092041,0.0,0.0,0.4493343234062195,80.07769775390625,69.54704284667969,0.9800490140914917,0.0,0.0,0.022201312705874443,66.25814056396484,57.69648742675781,0.9547872543334961,61.3865966796875,93.91094970703125,0.8466299176216125,32.19643783569336,74.47306823730469,0.9944949746131897,57.80320739746094,139.86241149902344,0.5406186580657959,10.788505554199219,110.69581604003906,0.9936424493789673,83.88677978515625,148.9794921875,0.6886429190635681,69.71733856201172,140.33370971679688,0.9881951808929443,47.59150695800781,189.5137939453125,0.822360634803772,26.545841217041016,185.77130126953125,0.9529018998146057,0.0,0.0,0.05588960275053978,0.0,0.0,0.21213608980178833,0.0,0.0,0.0024001169949769974,0.0,0.0,0.006220662035048008
461,True,80.2455825805664,76.71134948730469,0.9689174294471741,0.0,0.0,0.4975355267524719,79.75494384765625,69.20533752441406,0.9801888465881348,0.0,0.0,0.024503236636519432,65.42027282714844,57.415740966796875,0.953055739402771,60.802310943603516,94.62264251708984,0.9153770804405212,32.61767578125,73.98831176757812,0.9938408136367798,58.61674118041992,140.65829467773438,0.7591111660003662,11.616851806640625,109.12655639648438,0.9932668209075928,86.18586730957031,149.1595001220703,0.8479527235031128,69.295166015625,139.6228485107422,0.9900193214416504,46.597007751464844,190.0270538330078,0.8791238069534302,26.214879989624023,185.75274658203125,0.9545609354972839,0.0,0.0,0.07169709354639053,0.0,0.0,0.19163697957992554,0.0,0.0,0.0024529171641916037,0.0,0.0,0.004807988181710243
462,True,80.0622787475586,76.242431640625,0.9699118137359619,0.0,0.0,0.482345849275589,79.1900863647461,68.6695785522461,0.9818198680877686,0.0,0.0,0.019841592758893967,63.85619354248047,57.04579162597656,0.9603503942489624,61.01453399658203,94.67123413085938,0.91923987865448,31.955108642578125,72.59439849853516,0.9932703375816345,58.344154357910156,141.72340393066406,0.761336624622345,12.684051513671875,107.75817108154297,0.9925846457481384,86.48490905761719,150.26776123046875,0.8429922461509705,69.9322509765625,138.5166015625,0.9890580773353577,45.23826599121094,190.7976837158203,0.8682236075401306,24.22492218017578,185.3809051513672,0.947334349155426,0.0,0.0,0.06095951050519943,0.0,0.0,0.1585853397846222,0.0,0.0,0.0020411110017448664,0.0,0.0,0.0038261190056800842
463,True,79.37407684326172,77.03187561035156,0.950484037399292,0.0,0.0,0.4203101396560669,78.83541870117188,69.220703125,0.9622913002967834,0.0,0.0,0.029285408556461334,64.72515106201172,57.23735046386719,0.9211361408233643,60.45829772949219,93.50320434570312,0.9240931272506714,30.46038246154785,71.42619323730469,0.9924876689910889,58.47998809814453,143.5382080078125,0.8114923238754272,13.203163146972656,105.58305358886719,0.992070734500885,86.25535583496094,150.1266632080078,0.8560173511505127,71.85813903808594,136.43077087402344,0.9864708781242371,45.678768157958984,194.23049926757812,0.8928726315498352,22.841320037841797,189.845947265625,0.9519788026809692,0.0,0.0,0.05891435220837593,0.0,0.0,0.1411525011062622,0.0,0.0,0.001843211124651134,0.0,0.0,0.0033333166502416134
464,True,78.81002807617188,78.68801879882812,0.9563863277435303,0.0,0.0,0.374632865190506,79.08418273925781,71.27301788330078,0.9715149402618408,0.0,0.0,0.01869894005358219,65.16905975341797,57.511566162109375,0.946148157119751,58.27039337158203,92.82006072998047,0.9164310097694397,32.13631820678711,70.94703674316406,0.9937353730201721,55.6120719909668,140.84066772460938,0.7855227589607239,16.258586883544922,105.23759460449219,0.994351863861084,88.23500061035156,149.0594482421875,0.8574224710464478,74.02766418457031,134.77462768554688,0.9910229444503784,44.377281188964844,192.14019775390625,0.8880906105041504,24.716453552246094,187.53317260742188,0.9578644633293152,0.0,0.0,0.06472131609916687,0.0,0.0,0.17766989767551422,0.0,0.0,0.0020051561295986176,0.0,0.0,0.003982593305408955
465,True,80.42622375488281,79.39810180664062,0.9610653519630432,0.0,0.0,0.35823559761047363,79.741943359375,72.37724304199219,0.9713564515113831,0.0,0.0,0.015631457790732384,64.81902313232422,59.980125427246094,0.9570327401161194,60.325523376464844,95.77775573730469,0.9653075933456421,35.53086853027344,69.68803405761719,0.9941884279251099,59.1023063659668,145.31033325195312,0.9304019212722778,23.747093200683594,98.05501556396484,0.995661199092865,91.54523468017578,153.71124267578125,0.952035665512085,79.50450134277344,132.2779541015625,0.9942193031311035,41.792293548583984,189.8323211669922,0.9382669925689697,23.277070999145508,182.8146514892578,0.9653829336166382,0.0,0.0,0.07896528393030167,0.0,0.0,0.14901241660118103,0.0,0.0,0.0015714009059593081,0.0,0.0,0.002264401875436306
466,True,80.46527099609375,79.32803344726562,0.9619041085243225,0.0,0.0,0.3649904131889343,79.84941101074219,72.40284729003906,0.9721550345420837,0.0,0.0,0.015979090705513954,65.00768280029297,59.967071533203125,0.9564277529716492,59.460899353027344,94.85960388183594,0.9622089862823486,36.35752868652344,69.68596649169922,0.9941896200180054,57.96922302246094,144.0787811279297,0.9216403365135193,23.700878143310547,99.32697296142578,0.995609700679779,91.56004333496094,154.10635375976562,0.9464548230171204,80.31571960449219,133.28475952148438,0.9940569400787354,41.18628692626953,189.71908569335938,0.9357253313064575,23.81174087524414,182.95603942871094,0.9654518961906433,0.0,0.0,0.08114425837993622,0.0,0.0,0.15818534791469574,0.0,0.0,0.0016949194250628352,0.0,0.0,0.0025206184946000576
467,True,79.80072021484375,80.41950225830078,0.9526533484458923,0.0,0.0,0.3653170168399811,80.04658508300781,73.17622375488281,0.9584118723869324,0.0,0.0,0.02599567547440529,67.37726593017578,60.094154357910156,0.9350693225860596,59.239864349365234,96.16121673583984,0.9663649201393127,37.54844665527344,68.66166687011719,0.994219183921814,58.45807647705078,145.68247985839844,0.9295859932899475,26.069725036621094,97.45936584472656,0.9952074885368347,91.47821044921875,151.74644470214844,0.947288453578949,80.37022399902344,133.3823699951172,0.9929048418998718,39.67901611328125,190.4329071044922,0.935167133808136,23.178001403808594,182.90589904785156,0.9634656310081482,0.0,0.0,0.07303882390260696,0.0,0.0,0.14128735661506653,0.0,0.0,0.0015002412255853415,0.0,0.0,0.002255003433674574
468,True,80.76358032226562,82.33506774902344,0.9468977451324463,0.0,0.0,0.29938411712646484,81.53559875488281,75.40991973876953,0.9579669237136841,0.0,0.0,0.020176393911242485,68.48594665527344,61.209930419921875,0.945995032787323,59.24161148071289,95.23986053466797,0.9665823578834534,38.80094528198242,68.64984893798828,0.9954791069030762,58.40810012817383,143.2140655517578,0.9334248304367065,30.455665588378906,95.95967864990234,0.9966862797737122,90.59114837646484,152.75534057617188,0.9523068070411682,82.515869140625,133.60382080078125,0.9947633743286133,40.24791717529297,185.6524200439453,0.9499192833900452,24.732826232910156,178.19070434570312,0.9747000932693481,0.0,0.0,0.10321962088346481,0.0,0.0,0.20477630198001862,0.0,0.0,0.002077472163364291,0.0,0.0,0.003223023610189557
469,True,81.47857666015625,81.85299682617188,0.9451446533203125,0.0,0.0,0.2757057547569275,82.18348693847656,75.103759765625,0.9570540189743042,0.0,0.0,0.018838154152035713,69.14635467529297,61.1011962890625,0.9542741775512695,59.014373779296875,94.06124877929688,0.9743078947067261,39.779876708984375,68.54537963867188,0.9961112141609192,57.41707992553711,142.2281036376953,0.947168231010437,34.108192443847656,96.9969253540039,0.9969334602355957,89.50106811523438,151.17959594726562,0.958426296710968,83.147216796875,134.0301513671875,0.9949275255203247,39.9970703125,184.44105529785156,0.9625273942947388,25.435258865356445,177.60665893554688,0.979720413684845,0.0,0.0,0.1382712423801422,0.0,0.0,0.2506219744682312,0.0,0.0,0.0027944790199398994,0.0,0.0,0.0040815225802361965
470,True,82.52316284179688,83.95451354980469,0.9404808878898621,0.0,0.0,0.2803603410720825,83.73886108398438,77.52430725097656,0.9556646347045898,0.0,0.0,0.021372538059949875,72.19417572021484,62.62040710449219,0.9388362765312195,58.772037506103516,89.76461029052734,0.9473370313644409,43.6038932800293,67.819091796875,0.9968276619911194,58.11949157714844,137.498046875,0.8522447347640991,38.2368049621582,99.86273956298828,0.997217059135437,85.74069213867188,151.23300170898438,0.8851456046104431,83.51437377929688,133.62152099609375,0.9939053654670715,37.7821044921875,176.08843994140625,0.9676091074943542,26.07959747314453,170.33116149902344,0.9896731376647949,0.0,0.0,0.2647646367549896,32.60475158691406,234.46771240234375,0.5514399409294128,0.0,0.0,0.009375005960464478,0.0,0.0,0.01914987713098526
471,True,86.01931762695312,90.25199127197266,0.9349945783615112,0.0,0.0,0.2928938567638397,87.25032043457031,83.63371276855469,0.9444373846054077,0.0,0.0,0.03203969448804855,76.32134246826172,66.62457275390625,0.9242876172065735,60.31739044189453,93.74959564208984,0.9447792172431946,49.125980377197266,70.02963256835938,0.9959873557090759,56.85386657714844,142.1793670654297,0.8243685364723206,39.51386260986328,99.21987915039062,0.9953423738479614,88.6068115234375,152.73072814941406,0.8722549080848694,81.60954284667969,138.30987548828125,0.9906534552574158,33.72502136230469,179.75555419921875,0.9351269602775574,26.149742126464844,173.10769653320312,0.976961076259613,0.0,0.0,0.1650688499212265,0.0,0.0,0.38295114040374756,0.0,0.0,0.005539759527891874,0.0,0.0,0.010831968858838081
472,True,86.58139038085938,89.5613021850586,0.9461050033569336,0.0,0.0,0.3105787932872772,87.93910217285156,82.75208282470703,0.9606916904449463,0.0,0.0,0.025921659544110298,76.68663024902344,66.30522918701172,0.9431182742118835,59.095394134521484,93.53959655761719,0.9407749772071838,49.56818389892578,68.00428009033203,0.9968075752258301,55.580078125,142.24034118652344,0.8031692504882812,39.988670349121094,98.20832061767578,0.9966489672660828,86.18025207519531,153.44081115722656,0.8444454669952393,80.19468688964844,137.7551727294922,0.9922252893447876,34.51734161376953,181.01007080078125,0.9446544647216797,27.03491973876953,173.42282104492188,0.9834280610084534,0.0,0.0,0.1468198001384735,0.0,0.0,0.3901642858982086,0.0,0.0,0.004693952389061451,0.0,0.0,0.01031496748328209
473,True,85.54910278320312,90.51171112060547,0.95064377784729,0.0,0.0,0.34731197357177734,87.16756439208984,83.60659790039062,0.9597035050392151,0.0,0.0,0.03166576847434044,76.39299774169922,66.41812896728516,0.9355089664459229,60.03314208984375,94.37006378173828,0.9546183943748474,48.741966247558594,68.09379577636719,0.9969009160995483,56.823787689208984,143.20407104492188,0.8574578762054443,38.85554885864258,98.56021118164062,0.9967910647392273,86.41436767578125,153.19583129882812,0.8861990571022034,79.45571899414062,138.15060424804688,0.9929614663124084,35.90242004394531,181.95809936523438,0.9536572694778442,27.233543395996094,174.08270263671875,0.9844222068786621,0.0,0.0,0.15681684017181396,0.0,0.0,0.38095852732658386,0.0,0.0,0.004528670106083155,0.0,0.0,0.009244600310921669
474,True,85.69883728027344,90.39910888671875,0.9531326293945312,0.0,0.0,0.3623693585395813,87.1978759765625,83.41836547851562,0.9665406346321106,0.0,0.0,0.029414227232336998,76.06031799316406,66.35895538330078,0.9417216777801514,59.561336517333984,94.51924133300781,0.9287487268447876,48.8309211730957,68.5274429321289,0.9965624213218689,55.82551956176758,142.77206420898438,0.750417947769165,37.44549560546875,99.73077392578125,0.9962019324302673,86.16841888427734,153.90040588378906,0.8088265657424927,79.02552032470703,139.5083465576172,0.9912388920783997,36.01677703857422,181.39727783203125,0.9235897064208984,27.88540267944336,173.464111328125,0.9785906076431274,0.0,0.0,0.11664596945047379,0.0,0.0,0.3463861644268036,0.0,0.0,0.003952060826122761,0.0,0.0,0.009249051101505756
475,True,85.79998779296875,90.67818450927734,0.9501639604568481,0.0,0.0,0.32653290033340454,87.41844940185547,83.713134765625,0.9636290669441223,0.0,0.0,0.02696309983730316,76.33203887939453,66.2663345336914,0.94528728723526,60.16437530517578,94.21961212158203,0.9449188709259033,48.17657470703125,67.85684204101562,0.9971628785133362,56.0821533203125,143.3505096435547,0.8127511739730835,37.42974090576172,99.14371490478516,0.9970579147338867,86.8315200805664,154.9633331298828,0.8492582440376282,77.88436889648438,139.3004150390625,0.9930118918418884,36.904510498046875,182.14642333984375,0.9404815435409546,27.778717041015625,174.23655700683594,0.9826709628105164,0.0,0.0,0.12278125435113907,0.0,0.0,0.3500649034976959,0.0,0.0,0.003703612368553877,0.0,0.0,0.008394861593842506
476,True,86.69744873046875,89.51213073730469,0.9453616738319397,0.0,0.0,0.2790848910808563,88.04425048828125,82.66056823730469,0.9622018933296204,0.0,0.0,0.019002342596650124,76.04207611083984,66.0371322631836,0.9481195211410522,59.84025573730469,94.61663055419922,0.9419592618942261,47.83198547363281,68.54422760009766,0.9967932105064392,54.68797302246094,144.56292724609375,0.8347059488296509,35.144718170166016,100.92974853515625,0.997295081615448,84.71542358398438,154.37380981445312,0.8784115314483643,77.6626205444336,139.68524169921875,0.9943192601203918,36.649723052978516,182.08505249023438,0.9417264461517334,27.430450439453125,174.228515625,0.9822050929069519,0.0,0.0,0.12197396159172058,0.0,0.0,0.33533328771591187,0.0,0.0,0.00334967696107924,0.0,0.0,0.007211139891296625
477,True,86.70587158203125,89.67884826660156,0.9439809322357178,0.0,0.0,0.2742964029312134,88.04678344726562,82.7934799194336,0.960812509059906,0.0,0.0,0.0188935287296772,76.01132202148438,66.15677642822266,0.946773886680603,59.70488357543945,94.93411254882812,0.9428743720054626,47.92865753173828,68.45790100097656,0.9967259168624878,54.52583312988281,144.95066833496094,0.8379256129264832,35.20346450805664,100.55509948730469,0.9972320199012756,84.37924194335938,154.2196044921875,0.8805858492851257,77.68429565429688,139.61366271972656,0.9942366480827332,36.2733154296875,182.32672119140625,0.9433438777923584,27.26819610595703,174.259521484375,0.9824163913726807,0.0,0.0,0.12638376653194427,0.0,0.0,0.34068790078163147,0.0,0.0,0.003458384657278657,0.0,0.0,0.007363458164036274
478,True,84.63803100585938,90.08799743652344,0.9296025633811951,0.0,0.0,0.25917911529541016,86.42498779296875,83.39049530029297,0.9385481476783752,0.0,0.0,0.026203662157058716,76.01554107666016,66.6871566772461,0.9179362058639526,59.26782989501953,94.4115219116211,0.9524539709091187,47.55842208862305,69.21248626708984,0.9964042901992798,54.795074462890625,144.37525939941406,0.8898226618766785,34.164649963378906,100.84642791748047,0.9972521662712097,85.32687377929688,154.8977813720703,0.9151087403297424,76.578125,139.50765991210938,0.9944467544555664,36.16415023803711,183.61814880371094,0.9525928497314453,26.7486572265625,176.26605224609375,0.9830400347709656,0.0,0.0,0.11987268179655075,0.0,0.0,0.29791584610939026,0.0,0.0,0.0028537833131849766,0.0,0.0,0.0056160674430429935
479,True,83.79417419433594,89.35301971435547,0.9312940835952759,0.0,0.0,0.2498086392879486,85.7556381225586,82.9234619140625,0.9400640726089478,0.0,0.0,0.026024125516414642,75.5780258178711,66.8261489868164,0.9298058748245239,60.22150421142578,94.01426696777344,0.9653956890106201,45.832733154296875,69.85198974609375,0.9972606897354126,58.48371887207031,144.05563354492188,0.9214498996734619,36.25917053222656,101.82034301757812,0.9979456067085266,88.02215576171875,155.9119110107422,0.9339219927787781,78.3965072631836,139.031982421875,0.9955644607543945,38.212928771972656,182.43223571777344,0.9667859077453613,26.83074188232422,175.82672119140625,0.9876765012741089,0.0,0.0,0.14202748239040375,0.0,0.0,0.33340853452682495,0.0,0.0,0.003069933271035552,0.0,0.0,0.005868322681635618
480,True,84.03558349609375,88.33307647705078,0.9254740476608276,0.0,0.0,0.2271815538406372,85.41183471679688,82.08854675292969,0.9347655177116394,0.0,0.0,0.020021654665470123,74.03498077392578,66.60235595703125,0.9199360609054565,58.78090286254883,93.0096435546875,0.9589466452598572,46.192596435546875,69.36180114746094,0.9960837364196777,56.84105682373047,142.36888122558594,0.9212828278541565,35.788055419921875,99.73733520507812,0.997435986995697,87.65876770019531,152.33013916015625,0.9415114521980286,81.15216064453125,135.82833862304688,0.9954360127449036,37.41899871826172,182.2353973388672,0.966389536857605,27.20813751220703,175.7906036376953,0.9862746596336365,0.0,0.0,0.16048112511634827,0.0,0.0,0.34238243103027344,0.0,0.0,0.003633025335147977,0.0,0.0,0.0064299642108380795
481,True,84.87858581542969,88.03119659423828,0.9184287786483765,0.0,0.0,0.20907634496688843,86.09434509277344,81.77890014648438,0.9282004833221436,0.0,0.0,0.01891169138252735,74.17779541015625,66.86339569091797,0.9243943691253662,59.96825408935547,93.77220916748047,0.9666281938552856,45.70881652832031,68.23199462890625,0.9958951473236084,57.41313934326172,143.8324432373047,0.9351867437362671,39.259910583496094,97.18672943115234,0.9970653653144836,86.44458770751953,149.83645629882812,0.9444676041603088,84.24031066894531,134.7494354248047,0.9944791793823242,39.529945373535156,183.1796417236328,0.9719751477241516,27.817989349365234,176.01882934570312,0.9870114326477051,0.0,0.0,0.17128799855709076,0.0,0.0,0.32998591661453247,0.0,0.0,0.0038345246575772762,0.0,0.0,0.006184437777847052
482,True,83.62748718261719,87.68054962158203,0.904326319694519,0.0,0.0,0.17962026596069336,85.285888671875,81.0623779296875,0.9220860600471497,0.0,0.0,0.02016795054078102,73.57371520996094,65.98121643066406,0.9349945187568665,57.41292953491211,92.69416046142578,0.9653925895690918,45.59641647338867,69.88470458984375,0.9961579442024231,58.74256896972656,142.38247680664062,0.9178181290626526,50.53739929199219,101.96371459960938,0.996690034866333,84.97529602050781,149.9596405029297,0.9203526973724365,87.4654769897461,135.57200622558594,0.9924694895744324,35.95948791503906,181.5372772216797,0.968044638633728,25.909420013427734,175.4661865234375,0.9858378767967224,0.0,0.0,0.16470946371555328,0.0,0.0,0.3349367678165436,0.0,0.0,0.004297245293855667,0.0,0.0,0.007171892561018467
483,True,83.56436157226562,87.75340270996094,0.9057751297950745,0.0,0.0,0.17807048559188843,85.30270385742188,81.12610626220703,0.9239065051078796,0.0,0.0,0.020142119377851486,73.6092758178711,65.93267059326172,0.9365865588188171,56.889862060546875,92.42411804199219,0.964718759059906,45.995269775390625,70.11333465576172,0.9964742064476013,58.723121643066406,142.14895629882812,0.9162194132804871,50.87236785888672,102.98471069335938,0.9970550537109375,85.0263900756836,149.96754455566406,0.9210070967674255,87.44900512695312,135.60494995117188,0.9932219982147217,35.46398162841797,181.43870544433594,0.9680810570716858,26.066905975341797,175.4827117919922,0.9865285158157349,0.0,0.0,0.16245344281196594,0.0,0.0,0.34240081906318665,0.0,0.0,0.0041611590422689915,0.0,0.0,0.007192790042608976
484,True,83.57749938964844,87.93620300292969,0.916778564453125,0.0,0.0,0.20911838114261627,85.45487976074219,81.36058044433594,0.9355485439300537,0.0,0.0,0.03366323187947273,74.0818862915039,66.90502166748047,0.9529430270195007,58.261863708496094,91.52462768554688,0.9753338098526001,48.392948150634766,74.24516296386719,0.9979775547981262,66.04254913330078,143.73577880859375,0.9352847337722778,64.66443634033203,112.7110595703125,0.998156726360321,89.23112487792969,153.92254638671875,0.9243990778923035,95.24258422851562,137.0525665283203,0.9939961433410645,37.58418273925781,183.1014404296875,0.9741606116294861,27.46344757080078,179.050537109375,0.9894731640815735,0.0,0.0,0.13497212529182434,0.0,0.0,0.30409201979637146,0.0,0.0,0.0031158006750047207,0.0,0.0,0.00558038055896759
485,True,83.38734436035156,87.18299865722656,0.872969925403595,0.0,0.0,0.1610637605190277,84.76443481445312,80.64395141601562,0.896790623664856,0.0,0.0,0.03442297875881195,74.1177749633789,66.59657287597656,0.9378795027732849,57.956947326660156,89.23397064208984,0.9615315794944763,52.78148651123047,75.87602233886719,0.9966877102851868,67.79522705078125,136.48126220703125,0.8628964424133301,73.24310302734375,115.25291442871094,0.9956758618354797,89.00787353515625,152.1539764404297,0.8353927731513977,94.96905517578125,144.10311889648438,0.9851090908050537,33.88835906982422,178.75686645507812,0.963100790977478,28.855907440185547,175.58880615234375,0.9854853749275208,0.0,0.0,0.16517072916030884,0.0,0.0,0.36736828088760376,0.0,0.0,0.005593453999608755,0.0,0.0,0.010226477868855
486,True,85.50621032714844,90.7652816772461,0.8719261288642883,0.0,0.0,0.15048173069953918,86.67289733886719,84.13050079345703,0.914249837398529,0.0,0.0,0.05900878086686134,76.59122467041016,67.36868286132812,0.9700736403465271,50.71510696411133,87.42605590820312,0.967723548412323,61.336029052734375,74.18375396728516,0.9987177848815918,59.33385467529297,138.20310974121094,0.8299273252487183,79.74659729003906,114.66220092773438,0.997771680355072,85.26433563232422,155.71800231933594,0.8099019527435303,102.09822082519531,147.02420043945312,0.9903784990310669,29.083106994628906,180.07373046875,0.9663597941398621,36.069183349609375,177.94921875,0.990344226360321,0.0,0.0,0.19174902141094208,0.0,0.0,0.48856180906295776,0.0,0.0,0.006460562814027071,0.0,0.0,0.014699095860123634
487,True,85.47687530517578,90.9277114868164,0.8643121123313904,0.0,0.0,0.14487263560295105,86.75105285644531,84.2608642578125,0.9089732766151428,0.0,0.0,0.05783660337328911,76.76814270019531,67.43592834472656,0.9679955840110779,50.50751495361328,87.68621063232422,0.9647082686424255,61.087425231933594,73.7943344116211,0.9985696077346802,59.09238815307617,138.56375122070312,0.8197438716888428,79.4439697265625,113.53680419921875,0.9975576400756836,85.51046752929688,155.86984252929688,0.7986684441566467,102.18229675292969,146.7150421142578,0.9895153045654297,28.875137329101562,180.9076385498047,0.9633551836013794,35.622283935546875,178.59210205078125,0.9894154071807861,0.0,0.0,0.17744967341423035,0.0,0.0,0.46401089429855347,0.0,0.0,0.006075834855437279,0.0,0.0,0.013821559026837349
488,True,86.99429321289062,91.75138854980469,0.7994691729545593,0.0,0.0,0.10730412602424622,88.1737289428711,85.32057189941406,0.8395076990127563,0.0,0.0,0.060116712003946304,79.27548217773438,69.53543853759766,0.9546558856964111,54.48931884765625,89.58900451660156,0.9736039638519287,63.798152923583984,73.9562759399414,0.9980748891830444,61.251625061035156,142.94717407226562,0.9046410322189331,81.70057678222656,113.21839904785156,0.9974521994590759,86.64002227783203,156.9775390625,0.8771454691886902,101.94768524169922,146.2832794189453,0.9897933006286621,31.636850357055664,181.42384338378906,0.973650336265564,36.46224594116211,178.08200073242188,0.9898120760917664,0.0,0.0,0.17164339125156403,0.0,0.0,0.384329617023468,0.0,0.0,0.004577397834509611,0.0,0.0,0.008642224594950676
489,True,86.98609161376953,91.79547882080078,0.7946966290473938,0.0,0.0,0.10758662968873978,88.18058013916016,85.37735748291016,0.8340092897415161,0.0,0.0,0.06342854350805283,79.30307006835938,69.6028823852539,0.9530444741249084,54.29668426513672,89.88479614257812,0.9728487133979797,64.01756286621094,74.02761840820312,0.9980412721633911,61.236793518066406,143.87680053710938,0.899362325668335,81.68028259277344,113.54131317138672,0.9973204731941223,86.8494873046875,157.03688049316406,0.8695352077484131,102.23710632324219,146.70916748046875,0.9889997839927673,31.471105575561523,181.38172912597656,0.9727761745452881,36.68112564086914,177.85362243652344,0.9895752668380737,0.0,0.0,0.17008981108665466,0.0,0.0,0.3815132975578308,0.0,0.0,0.004573421087116003,0.0,0.0,0.008637120015919209
490,True,86.66796112060547,93.09265899658203,0.790117084980011,0.0,0.0,0.11428938806056976,88.1292724609375,86.64421844482422,0.832831621170044,0.0,0.0,0.06390039622783661,79.97581481933594,70.19815063476562,0.9437808394432068,55.5389404296875,89.16761779785156,0.9623444080352783,63.94251251220703,73.13394165039062,0.9976356029510498,61.273460388183594,144.31300354003906,0.8648200035095215,81.12486267089844,114.66419982910156,0.9969772100448608,85.28778839111328,157.50502014160156,0.8268418908119202,100.9036865234375,148.24441528320312,0.9869094491004944,31.739246368408203,181.8523712158203,0.968985915184021,35.08135986328125,178.18728637695312,0.9891489148139954,0.0,0.0,0.16024340689182281,0.0,0.0,0.3888885974884033,0.0,0.0,0.004861641675233841,0.0,0.0,0.009977906942367554
491,True,87.29622650146484,95.88616943359375,0.7769550681114197,0.0,0.0,0.09992813318967819,89.75857543945312,89.17887115478516,0.8837006688117981,0.0,0.0,0.05351521074771881,82.24005889892578,71.2207260131836,0.9644177556037903,53.83302307128906,89.49465942382812,0.8621426224708557,65.17900848388672,73.4879150390625,0.9980133771896362,0.0,0.0,0.3710029423236847,82.79216003417969,121.55921936035156,0.9965379238128662,0.0,0.0,0.3199073374271393,98.78087615966797,153.33534240722656,0.975127100944519,29.067298889160156,181.15306091308594,0.893508791923523,34.96353530883789,176.99420166015625,0.9838518500328064,0.0,0.0,0.08255483210086823,0.0,0.0,0.4258787930011749,0.0,0.0,0.004574313294142485,0.0,0.0,0.017517730593681335
492,True,88.85218811035156,93.8621826171875,0.9026381373405457,0.0,0.0,0.21119995415210724,91.03359985351562,87.31550598144531,0.9559131264686584,0.0,0.0,0.04552275314927101,82.42289733886719,71.93077087402344,0.9726521968841553,61.681907653808594,91.22559356689453,0.8986358046531677,61.43122863769531,75.26092529296875,0.9989437460899353,0.0,0.0,0.42527875304222107,78.4621810913086,120.95811462402344,0.9981628060340881,0.0,0.0,0.3251899182796478,96.9494857788086,153.14601135253906,0.9827641248703003,35.6705322265625,178.13467407226562,0.9462260603904724,32.65626907348633,173.36859130859375,0.9932605624198914,0.0,0.0,0.14866790175437927,48.77486038208008,235.009033203125,0.6202748417854309,0.0,0.0,0.010331369936466217,0.0,0.0,0.04232010990381241
493,True,89.52503967285156,93.67865753173828,0.9215567111968994,0.0,0.0,0.254433810710907,91.66571044921875,87.3724365234375,0.9641300439834595,0.0,0.0,0.054213497787714005,82.84780883789062,72.06696319580078,0.9759488105773926,58.19763946533203,88.79322052001953,0.9030404090881348,63.28688049316406,76.31169128417969,0.99895179271698,0.0,0.0,0.4178234934806824,76.08546447753906,125.62600708007812,0.9978981018066406,0.0,0.0,0.3349992036819458,95.44280242919922,156.1930389404297,0.981791615486145,29.769187927246094,174.58758544921875,0.9335761070251465,31.37188720703125,171.13772583007812,0.9911487102508545,0.0,0.0,0.14267469942569733,53.706111907958984,230.75900268554688,0.5994275808334351,0.0,0.0,0.010037532076239586,0.0,0.0,0.039931293576955795
494,True,89.43952178955078,93.67604064941406,0.9190649390220642,0.0,0.0,0.2461455762386322,91.56399536132812,87.37442779541016,0.9639490842819214,0.0,0.0,0.054727308452129364,82.79505157470703,72.01768493652344,0.9775077700614929,57.733375549316406,88.49749755859375,0.9021875262260437,63.248863220214844,76.26314544677734,0.9990255832672119,0.0,0.0,0.40088045597076416,76.80699920654297,126.02860260009766,0.9979643821716309,0.0,0.0,0.3136601150035858,95.47915649414062,155.8829345703125,0.981385350227356,29.83873748779297,174.70022583007812,0.9327442049980164,31.64057159423828,171.4300079345703,0.991397500038147,0.0,0.0,0.14153940975666046,53.60280227661133,230.55819702148438,0.6060528755187988,0.0,0.0,0.010301054455339909,0.0,0.0,0.04195878654718399
495,True,88.6993408203125,95.25109100341797,0.9074293375015259,0.0,0.0,0.18879105150699615,91.48876190185547,88.68107604980469,0.9548647403717041,0.0,0.0,0.05044383928179741,82.564453125,71.19204711914062,0.9766978621482849,54.41865539550781,91.9068603515625,0.9038179516792297,64.09395599365234,75.15835571289062,0.9991567134857178,0.0,0.0,0.43312162160873413,70.1616439819336,117.43720245361328,0.9984719157218933,0.0,0.0,0.4457314908504486,93.33110046386719,155.15594482421875,0.9904622435569763,29.26904296875,176.2542724609375,0.9064732789993286,35.902828216552734,171.03770446777344,0.9885513782501221,0.0,0.0,0.11242426186800003,53.44987487792969,232.7151336669922,0.5518782734870911,0.0,0.0,0.0058334143832325935,0.0,0.0,0.024907277897000313
496,True,88.38455200195312,95.91282653808594,0.9320045113563538,0.0,0.0,0.25422608852386475,91.84201049804688,89.02168273925781,0.9656713008880615,0.0,0.0,0.0467330701649189,82.47589111328125,71.75437927246094,0.9702525734901428,54.012351989746094,92.96061706542969,0.9018668532371521,59.393245697021484,75.2899169921875,0.9989545345306396,0.0,0.0,0.4673401415348053,62.654727935791016,116.60563659667969,0.9983037710189819,0.0,0.0,0.4397214353084564,91.30796813964844,153.0259552001953,0.9890045523643494,28.181827545166016,178.27938842773438,0.9131689071655273,30.230613708496094,172.84707641601562,0.9884403944015503,0.0,0.0,0.095098577439785,0.0,0.0,0.48710280656814575,0.0,0.0,0.005400308407843113,0.0,0.0,0.022160355001688004
497,True,88.89015197753906,94.60782623291016,0.9198103547096252,0.0,0.0,0.23406769335269928,92.14247131347656,87.85433959960938,0.9591404795646667,0.0,0.0,0.03747832402586937,82.67445373535156,71.3052749633789,0.9609986543655396,55.92818069458008,91.07418060302734,0.8521423935890198,59.2613525390625,74.89590454101562,0.9985148310661316,0.0,0.0,0.3726746439933777,58.99615478515625,113.01383209228516,0.9977184534072876,0.0,0.0,0.3708309233188629,86.81069946289062,153.3385009765625,0.986081600189209,29.36296844482422,177.59298706054688,0.9055649042129517,29.91301727294922,172.32867431640625,0.9879521727561951,0.0,0.0,0.10775279998779297,46.419532775878906,226.74691772460938,0.5280072093009949,0.0,0.0,0.00737556628882885,0.0,0.0,0.030881019309163094
498,True,87.31083679199219,93.13888549804688,0.9234707355499268,0.0,0.0,0.25245654582977295,89.16726684570312,86.97417449951172,0.9626412391662598,0.0,0.0,0.035228244960308075,79.53059387207031,70.65054321289062,0.9610651135444641,54.41938781738281,90.73948669433594,0.731540858745575,57.18842315673828,75.71611022949219,0.9972877502441406,0.0,0.0,0.2530210018157959,49.90171813964844,108.15501403808594,0.9962660670280457,0.0,0.0,0.4092004597187042,84.77081298828125,154.17953491210938,0.9879563450813293,31.516250610351562,176.1410369873047,0.7699163556098938,32.78036880493164,172.4273223876953,0.9679566025733948,0.0,0.0,0.09183875471353531,0.0,0.0,0.47857487201690674,0.0,0.0,0.0067540681920945644,0.0,0.0,0.0276930071413517
499,True,87.51805877685547,92.38977813720703,0.9188729524612427,0.0,0.0,0.23515956103801727,88.96517181396484,86.52987670898438,0.9591903686523438,0.0,0.0,0.029173873364925385,79.294921875,70.91502380371094,0.9581772685050964,57.735328674316406,91.60997009277344,0.755781352519989,56.22587966918945,75.19739532470703,0.997136116027832,0.0,0.0,0.3103688061237335,49.222530364990234,105.19512939453125,0.9965121150016785,0.0,0.0,0.46769940853118896,83.8109130859375,151.57705688476562,0.9890807867050171,34.33464050292969,178.89625549316406,0.8052960634231567,32.340171813964844,174.808837890625,0.9715448617935181,0.0,0.0,0.0949821025133133,0.0,0.0,0.4677397906780243,0.0,0.0,0.006443208083510399,0.0,0.0,0.02494030073285103
500,True,87.37435913085938,91.9552993774414,0.9253491163253784,0.0,0.0,0.25181666016578674,88.77459716796875,86.04732513427734,0.9640903472900391,0.0,0.0,0.028986264020204544,78.80189514160156,70.5247802734375,0.9609618782997131,57.583980560302734,91.32235717773438,0.7440101504325867,55.72859191894531,75.2293472290039,0.9971401691436768,0.0,0.0,0.27838101983070374,49.20454406738281,105.4306640625,0.9962860345840454,0.0,0.0,0.4309026598930359,84.25419616699219,152.06954956054688,0.9882127642631531,34.50497055053711,178.1544647216797,0.7968670129776001,32.44042205810547,174.15487670898438,0.9710548520088196,0.0,0.0,0.10058900713920593,0.0,0.0,0.4921572208404541,0.0,0.0,0.0073742009699344635,0.0,0.0,0.029114549979567528
501,True,87.34242248535156,91.36476135253906,0.9347525835037231,0.0,0.0,0.3064723610877991,88.19424438476562,85.67353820800781,0.9579145312309265,0.0,0.0,0.03518037125468254,78.03697204589844,70.6549072265625,0.9450355172157288,60.476348876953125,93.34402465820312,0.8602754473686218,55.108665466308594,73.51974487304688,0.9963123202323914,56.11798858642578,137.95713806152344,0.5404396057128906,46.132171630859375,100.93624114990234,0.9954657554626465,87.86274719238281,156.47042846679688,0.6763571500778198,84.48126220703125,146.6073760986328,0.9888251423835754,36.756439208984375,179.7635040283203,0.8662043809890747,32.56662368774414,174.43292236328125,0.9709558486938477,0.0,0.0,0.1298697590827942,0.0,0.0,0.4426085650920868,0.0,0.0,0.007171413861215115,0.0,0.0,0.020402153953909874
502,True,86.81316375732422,91.88333129882812,0.9205195307731628,0.0,0.0,0.2109941989183426,88.9022216796875,85.06179809570312,0.9563019275665283,0.0,0.0,0.02144775539636612,77.28852081298828,69.5040054321289,0.9624810218811035,57.24592590332031,94.16126251220703,0.9103177189826965,51.33486557006836,73.80973815917969,0.9975422620773315,62.36124801635742,141.99327087402344,0.6425160765647888,58.702850341796875,110.45330810546875,0.9969266057014465,86.17839813232422,152.22793579101562,0.6681322455406189,88.4146728515625,143.21127319335938,0.9887908697128296,37.09229278564453,181.6892547607422,0.9457547068595886,31.351608276367188,176.072998046875,0.988398015499115,0.0,0.0,0.1700403392314911,40.70452880859375,240.0,0.5138090252876282,0.0,0.0,0.00739910127595067,0.0,0.0,0.020028017461299896
503,True,87.41617584228516,92.40321350097656,0.9125614762306213,0.0,0.0,0.23340095579624176,88.3963394165039,86.22876739501953,0.9279265403747559,0.0,0.0,0.036133747547864914,76.91084289550781,70.88504028320312,0.9311649203300476,58.41118621826172,96.00235748291016,0.9370284676551819,55.50479507446289,76.25875854492188,0.9957558512687683,60.364097595214844,141.9380645751953,0.7926691770553589,58.68223190307617,102.23828887939453,0.9947157502174377,90.89134216308594,153.0619659423828,0.8428764939308167,93.83706665039062,135.5264434814453,0.9879905581474304,34.42603302001953,182.74819946289062,0.9195296764373779,32.554039001464844,177.51475524902344,0.971628725528717,0.0,0.0,0.1728275865316391,0.0,0.0,0.40164175629615784,0.0,0.0,0.007389862090349197,0.0,0.0,0.01461650151759386
504,True,88.510009765625,91.71394348144531,0.9226411581039429,0.0,0.0,0.3187915086746216,88.98623657226562,85.16314697265625,0.9204322695732117,0.0,0.0,0.05929913744330406,77.06270599365234,70.9427261352539,0.9208682775497437,61.424415588378906,94.98637390136719,0.9672418236732483,57.75102996826172,80.5282974243164,0.9926801919937134,64.14143371582031,135.43359375,0.8993586897850037,71.93812561035156,108.15336608886719,0.9877639412879944,88.60935974121094,153.83111572265625,0.9053817391395569,99.43782043457031,135.30120849609375,0.9758737683296204,33.135128021240234,177.60862731933594,0.9445225596427917,30.58453369140625,173.51438903808594,0.9637619256973267,0.0,0.0,0.2611781358718872,0.0,0.0,0.3719137907028198,0.0,0.0,0.01165432296693325,0.0,0.0,0.014474797993898392
505,True,88.08381652832031,94.20249938964844,0.8633006811141968,0.0,0.0,0.21189826726913452,88.46847534179688,87.33272552490234,0.8597543835639954,0.0,0.0,0.04978172481060028,77.32232666015625,71.06807708740234,0.8787932395935059,60.30223846435547,95.46121978759766,0.9365344047546387,61.118404388427734,76.51941680908203,0.9885118007659912,60.759368896484375,140.9637451171875,0.8334444761276245,73.87217712402344,99.16986846923828,0.9847725629806519,88.06661224365234,153.3394012451172,0.8588995337486267,95.2281723022461,130.000244140625,0.970660924911499,33.72249984741211,183.55984497070312,0.9079949855804443,33.58305358886719,177.8810577392578,0.9481740593910217,0.0,0.0,0.15439970791339874,0.0,0.0,0.2674064040184021,0.0,0.0,0.006778114940971136,0.0,0.0,0.009707385674118996
506,True,88.63885498046875,93.2912368774414,0.8816123604774475,0.0,0.0,0.2217121124267578,88.81219482421875,86.63418579101562,0.8761399388313293,0.0,0.0,0.047531843185424805,77.31289672851562,71.00944519042969,0.8980404138565063,61.152000427246094,95.47831726074219,0.9568275809288025,61.13123321533203,76.95542907714844,0.990718424320221,60.83387756347656,140.9852752685547,0.8930693864822388,73.92012786865234,99.15355682373047,0.9883389472961426,88.08955383300781,154.5123748779297,0.9073129296302795,95.80183410644531,129.30465698242188,0.9782801866531372,33.932861328125,182.77105712890625,0.9333212375640869,33.18412780761719,177.20062255859375,0.9585570693016052,0.0,0.0,0.1818845272064209,0.0,0.0,0.28418704867362976,0.0,0.0,0.006930241826921701,0.0,0.0,0.009097645059227943
507,True,89.06243896484375,96.05352020263672,0.787071943283081,0.0,0.0,0.13616664707660675,89.93095397949219,90.04497528076172,0.7340529561042786,0.0,0.0,0.06843877583742142,81.35197448730469,73.93766784667969,0.8566100001335144,60.02520751953125,94.81208801269531,0.9679295420646667,68.78839111328125,77.30180358886719,0.9917148947715759,59.044960021972656,139.7484893798828,0.9345455765724182,80.35293579101562,97.10044860839844,0.990616500377655,87.50286865234375,156.738037109375,0.9398534297943115,96.28923797607422,131.9876251220703,0.9818472266197205,29.13425064086914,181.81434631347656,0.9493448734283447,34.65245819091797,176.06887817382812,0.9651963114738464,0.0,0.0,0.19242200255393982,0.0,0.0,0.2789318561553955,0.0,0.0,0.0061780791729688644,0.0,0.0,0.007688676938414574
508,True,90.25784301757812,97.38135528564453,0.7502340078353882,0.0,0.0,0.1349818855524063,91.4660415649414,91.4886474609375,0.6793996095657349,0.0,0.0,0.0838494598865509,84.12120056152344,75.01578521728516,0.8217254281044006,61.54552459716797,94.22802734375,0.9606508612632751,71.1351089477539,76.77244567871094,0.9889532327651978,58.92664337158203,139.6549072265625,0.9157413244247437,80.34382629394531,97.79411315917969,0.9858826398849487,86.57331085205078,155.3199005126953,0.9182484149932861,95.37449645996094,135.34893798828125,0.9722417593002319,30.24791717529297,182.0856170654297,0.9391328692436218,36.12230682373047,176.4092254638672,0.9570983648300171,0.0,0.0,0.18055738508701324,0.0,0.0,0.259350061416626,0.0,0.0,0.0065789115615189075,0.0,0.0,0.008183418773114681
509,True,89.92247009277344,96.52735137939453,0.7927635312080383,0.0,0.0,0.16521725058555603,91.51508331298828,90.7139892578125,0.7676822543144226,0.0,0.0,0.09393763542175293,84.67696380615234,73.7626953125,0.8626128435134888,60.831058502197266,92.3399658203125,0.9371618628501892,71.29689025878906,75.11356353759766,0.9920335412025452,59.846527099609375,139.3032989501953,0.8081831932067871,78.95874786376953,99.36944580078125,0.9878674745559692,87.2325210571289,153.95382690429688,0.8251248598098755,94.27098083496094,137.4146728515625,0.970156192779541,29.455646514892578,180.7518310546875,0.91383296251297,35.9440803527832,175.13229370117188,0.9596739411354065,0.0,0.0,0.1657620072364807,0.0,0.0,0.32569611072540283,0.0,0.0,0.007671041414141655,0.0,0.0,0.012875111773610115
510,True,88.02888488769531,95.91997528076172,0.8355548977851868,0.0,0.0,0.16288959980010986,89.72994995117188,89.80502319335938,0.8714169263839722,0.0,0.0,0.09772926568984985,82.24213409423828,72.9640121459961,0.9506856799125671,58.251792907714844,91.9486083984375,0.9568820595741272,66.83706665039062,73.72346496582031,0.9985735416412354,64.75586700439453,146.24851989746094,0.7025141716003418,78.57996368408203,110.7497787475586,0.9965672492980957,87.94219970703125,152.5079803466797,0.6406362652778625,96.77198028564453,139.44436645507812,0.9808163046836853,28.58306884765625,181.69757080078125,0.9548745155334473,34.813541412353516,175.94522094726562,0.9891586899757385,0.0,0.0,0.1748223602771759,51.52607727050781,240.0,0.5000134706497192,0.0,0.0,0.0069531952030956745,0.0,0.0,0.018278023228049278
511,True,88.64686584472656,95.91172790527344,0.8746722340583801,0.0,0.0,0.21975627541542053,90.08072662353516,89.66612243652344,0.8946467638015747,0.0,0.0,0.09474573284387589,81.602783203125,72.3330307006836,0.9427656531333923,58.19058609008789,92.07927703857422,0.9489056468009949,66.73251342773438,76.03034973144531,0.9971621632575989,63.63832092285156,144.91390991210938,0.6925812363624573,79.9556884765625,113.85708618164062,0.9929401874542236,89.35540771484375,151.53126525878906,0.6697284579277039,94.97621154785156,141.73223876953125,0.9718472957611084,28.28990936279297,180.98764038085938,0.9246491193771362,34.448604583740234,176.06011962890625,0.9768903255462646,0.0,0.0,0.16666260361671448,0.0,0.0,0.42712774872779846,0.0,0.0,0.0077653918415308,0.0,0.0,0.017104217782616615
512,True,89.53347778320312,95.60398864746094,0.8751775026321411,0.0,0.0,0.2393849790096283,90.99755859375,89.78646850585938,0.8881945013999939,0.0,0.0,0.0619085468351841,82.14049530029297,72.75554656982422,0.8807448148727417,61.61332702636719,90.75621032714844,0.8541435599327087,64.36923217773438,75.52972412109375,0.9929887652397156,61.660011291503906,132.63482666015625,0.5261270999908447,66.064208984375,101.11963653564453,0.9884721040725708,88.59408569335938,150.23611450195312,0.6123741865158081,89.87352752685547,137.98382568359375,0.9692367911338806,32.12287139892578,182.4869384765625,0.8494842648506165,33.71826171875,177.95394897460938,0.9561747312545776,0.0,0.0,0.13304466009140015,0.0,0.0,0.3837028443813324,0.0,0.0,0.008839329704642296,0.0,0.0,0.021099384874105453
513,True,87.65062713623047,96.7880859375,0.8535531163215637,0.0,0.0,0.19540435075759888,89.54791259765625,90.43972778320312,0.8771458268165588,0.0,0.0,0.05240020155906677,80.77350616455078,72.98545837402344,0.8819103837013245,57.60163497924805,93.80853271484375,0.815003514289856,61.24653244018555,76.51898193359375,0.9934203028678894,0.0,0.0,0.4480668008327484,61.17042541503906,102.51643371582031,0.989997148513794,86.3478775024414,150.049560546875,0.557163417339325,86.57310485839844,139.17201232910156,0.9728366732597351,32.174468994140625,185.00946044921875,0.8116032481193542,34.45158004760742,180.3394317626953,0.9522777199745178,0.0,0.0,0.0998348519206047,0.0,0.0,0.3503684997558594,0.0,0.0,0.006570533383637667,0.0,0.0,0.01788637600839138
514,True,86.54488372802734,95.9222412109375,0.8732725381851196,0.0,0.0,0.19491848349571228,88.99520874023438,90.00205993652344,0.890508770942688,0.0,0.0,0.052448708564043045,80.2705078125,72.40592956542969,0.9057711362838745,56.943817138671875,93.54583740234375,0.8950358629226685,59.58252716064453,74.01760864257812,0.9958743453025818,59.11016845703125,141.27024841308594,0.6501597166061401,57.43055725097656,101.72138214111328,0.9945462942123413,87.35726928710938,152.14187622070312,0.7339872121810913,84.23725128173828,140.359619140625,0.9853336811065674,30.842567443847656,181.5962371826172,0.8892273306846619,32.563697814941406,175.86868286132812,0.9709270596504211,0.0,0.0,0.14115989208221436,0.0,0.0,0.41954442858695984,0.0,0.0,0.0069402423687279224,0.0,0.0,0.017531415447592735
515,True,85.85136413574219,94.58442687988281,0.9174913763999939,0.0,0.0,0.27938202023506165,87.8294448852539,88.57020568847656,0.9356247782707214,0.0,0.0,0.05726230517029762,78.18930053710938,71.07325744628906,0.9321708083152771,55.739646911621094,91.32548522949219,0.8965435028076172,58.13673400878906,73.98045349121094,0.9961799383163452,57.55475616455078,136.8026123046875,0.6016219854354858,55.276268005371094,103.5524673461914,0.9938904047012329,89.01132202148438,153.77142333984375,0.6939219832420349,83.77245330810547,142.8890380859375,0.9836519956588745,30.48880386352539,178.02919006347656,0.880415141582489,32.302303314208984,173.03988647460938,0.9693668484687805,0.0,0.0,0.15836715698242188,0.0,0.0,0.456171452999115,0.0,0.0,0.008691312745213509,0.0,0.0,0.021946631371974945
516,True,84.23104095458984,94.21150970458984,0.9090816974639893,0.0,0.0,0.2821078896522522,86.31250762939453,88.00173950195312,0.9165423512458801,0.0,0.0,0.05958538129925728,76.78443908691406,70.81620788574219,0.9024437665939331,55.60693359375,92.04603576660156,0.9087536931037903,54.7940673828125,74.70100402832031,0.9947875738143921,57.506752014160156,135.61013793945312,0.6956477761268616,51.5152702331543,104.5024642944336,0.9922371506690979,88.25154876708984,149.93821716308594,0.763002872467041,82.14965057373047,142.48191833496094,0.9816138744354248,32.428401947021484,180.2600555419922,0.8904898762702942,31.766319274902344,175.52474975585938,0.9650123119354248,0.0,0.0,0.15336033701896667,0.0,0.0,0.39000260829925537,0.0,0.0,0.007885856553912163,0.0,0.0,0.017116697505116463
517,True,84.26289367675781,94.16191101074219,0.9079993963241577,0.0,0.0,0.28691089153289795,86.24504089355469,88.01260375976562,0.9159734845161438,0.0,0.0,0.05980050936341286,76.8463363647461,70.96019744873047,0.8983703851699829,55.835472106933594,92.0154037475586,0.900649905204773,55.05720520019531,74.47512817382812,0.9941174983978271,57.272987365722656,135.2634735107422,0.6739321351051331,50.55414962768555,103.3664779663086,0.9912341237068176,88.38189697265625,149.83984375,0.7468850612640381,81.69985961914062,142.2272491455078,0.9796751737594604,32.115943908691406,180.41299438476562,0.8824828863143921,31.452564239501953,175.58816528320312,0.9620174169540405,0.0,0.0,0.14762479066848755,0.0,0.0,0.37837326526641846,0.0,0.0,0.007676520850509405,0.0,0.0,0.016642887145280838
518,True,81.62471008300781,92.58824920654297,0.8868399858474731,0.0,0.0,0.2587909996509552,83.17366027832031,86.29844665527344,0.8856618404388428,0.0,0.0,0.058347124606370926,74.13618469238281,69.74530029296875,0.861537754535675,54.96113586425781,93.27068328857422,0.8940242528915405,53.03493881225586,72.2014389038086,0.9922728538513184,56.14173126220703,139.8694305419922,0.6825133562088013,48.30829620361328,98.57707977294922,0.9894466400146484,87.56594848632812,150.41976928710938,0.758156955242157,81.89736938476562,139.37307739257812,0.9777199029922485,32.298255920410156,183.3037567138672,0.8780298829078674,30.89887237548828,177.43869018554688,0.9572650194168091,0.0,0.0,0.13415712118148804,0.0,0.0,0.33952972292900085,0.0,0.0,0.006571915931999683,0.0,0.0,0.013884681276977062
519,True,80.39024353027344,91.67086791992188,0.8706888556480408,0.0,0.0,0.17769469320774078,82.08522033691406,85.41993713378906,0.8902913928031921,0.0,0.0,0.03303217142820358,73.23749542236328,69.64871215820312,0.8892631530761719,52.849754333496094,91.64448547363281,0.8937061429023743,51.11199951171875,69.6648178100586,0.9960358738899231,55.2568359375,138.80946350097656,0.6741639375686646,49.388404846191406,97.73504638671875,0.9960435628890991,86.85365295410156,151.7303466796875,0.7337433099746704,85.75241088867188,135.55996704101562,0.9890292882919312,31.468730926513672,181.41661071777344,0.9298264384269714,29.303756713867188,175.1955108642578,0.9831085801124573,0.0,0.0,0.1278027594089508,0.0,0.0,0.4112692177295685,0.0,0.0,0.00504597183316946,0.0,0.0,0.013518126681447029
520,True,80.5255355834961,90.53646850585938,0.8978865146636963,0.0,0.0,0.21531909704208374,81.98320007324219,83.73918151855469,0.8970528841018677,0.0,0.0,0.04430392012000084,71.80632019042969,68.91130828857422,0.9156599640846252,56.206966400146484,96.65402221679688,0.9760532975196838,48.426734924316406,71.59611511230469,0.9973094463348389,65.14825439453125,147.34396362304688,0.9319383502006531,58.33262634277344,100.11625671386719,0.9970267415046692,90.15137481689453,154.63665771484375,0.9246242046356201,92.06106567382812,131.20822143554688,0.9918604493141174,34.87804412841797,183.51844787597656,0.9716545939445496,28.801345825195312,176.31622314453125,0.9871096611022949,0.0,0.0,0.16306602954864502,0.0,0.0,0.3281269371509552,0.0,0.0,0.003885044949129224,0.0,0.0,0.006537338253110647
521,True,78.27188110351562,90.4616928100586,0.8896201252937317,0.0,0.0,0.25712189078330994,79.37257385253906,83.95823669433594,0.8921417593955994,0.0,0.0,0.07654160261154175,70.06849670410156,70.12301635742188,0.9122688174247742,55.84577178955078,95.36613464355469,0.9722488522529602,51.62107467651367,76.97625732421875,0.9961230158805847,70.16866302490234,142.6689910888672,0.897578239440918,74.17990112304688,110.13113403320312,0.9941032528877258,94.61310577392578,156.7649688720703,0.8711373209953308,104.96702575683594,141.6601104736328,0.9809335470199585,33.53813934326172,180.23040771484375,0.966821014881134,29.859560012817383,175.3011932373047,0.9834217429161072,0.0,0.0,0.2084878534078598,0.0,0.0,0.37767493724823,0.0,0.0,0.007195606362074614,0.0,0.0,0.011340335942804813
522,True,81.07496643066406,91.03001403808594,0.8510436415672302,0.0,0.0,0.20365594327449799,81.34188842773438,84.95184326171875,0.8474782705307007,0.0,0.0,0.04621215537190437,71.21192169189453,70.7275390625,0.876553475856781,58.960296630859375,95.22174072265625,0.9462761878967285,53.31678009033203,72.23833465576172,0.9891654849052429,61.435611724853516,143.3863983154297,0.8504148125648499,66.92957305908203,94.98345947265625,0.9861215949058533,90.29154968261719,153.56829833984375,0.8395716547966003,94.65385437011719,130.75869750976562,0.968049943447113,35.96593475341797,181.54238891601562,0.9409396648406982,30.251731872558594,174.4518280029297,0.9670864939689636,0.0,0.0,0.1685456931591034,0.0,0.0,0.2871442437171936,0.0,0.0,0.007070691790431738,0.0,0.0,0.010166116058826447
523,True,80.40998077392578,91.945068359375,0.8562852740287781,0.0,0.0,0.2079828828573227,80.9065933227539,85.80403137207031,0.85892653465271,0.0,0.0,0.04442671313881874,70.9352035522461,70.80067443847656,0.876308262348175,59.060791015625,94.73189544677734,0.9356072545051575,52.6406364440918,72.20973205566406,0.9895600080490112,61.48600769042969,142.8611602783203,0.8256261944770813,66.4240951538086,95.66282653808594,0.9877601265907288,90.23577880859375,153.17979431152344,0.8254017233848572,94.45719146728516,130.72149658203125,0.9716236591339111,37.10582733154297,181.23638916015625,0.9345173239707947,30.50745391845703,174.40289306640625,0.9674199819564819,0.0,0.0,0.1567721664905548,0.0,0.0,0.2938103675842285,0.0,0.0,0.006819599773734808,0.0,0.0,0.010679722763597965
524,True,82.74407958984375,98.25137329101562,0.9131970405578613,0.0,0.0,0.1813957244157791,85.64541625976562,91.2432861328125,0.9393212199211121,0.0,0.0,0.036802344024181366,75.67743682861328,71.39968872070312,0.959776759147644,50.128700256347656,96.53678131103516,0.9477983713150024,52.96287155151367,71.79407501220703,0.9986544847488403,56.5089111328125,149.3228302001953,0.7960280179977417,51.65176010131836,104.52962493896484,0.998565137386322,88.27430725097656,155.74803161621094,0.8567464351654053,82.66229248046875,141.16555786132812,0.9958101511001587,26.699710845947266,184.11822509765625,0.9061818718910217,29.13357162475586,176.9007568359375,0.9787935018539429,0.0,0.0,0.06015012785792351,0.0,0.0,0.25440576672554016,0.0,0.0,0.001436287653632462,0.0,0.0,0.004101748112589121
525,True,82.76637268066406,98.18080139160156,0.9154839515686035,0.0,0.0,0.1838511973619461,85.64436340332031,91.19194030761719,0.9419574737548828,0.0,0.0,0.03674216940999031,75.67778778076172,71.42620849609375,0.9619556069374084,50.25764083862305,96.59762573242188,0.9490281939506531,52.99278259277344,72.0302963256836,0.9987151622772217,56.544349670410156,149.23121643066406,0.7992817759513855,51.80668640136719,104.68382263183594,0.9986376166343689,88.22891235351562,155.80503845214844,0.8593416810035706,82.66807556152344,141.13426208496094,0.9959990978240967,27.05242919921875,183.63296508789062,0.909239649772644,29.380859375,176.5135498046875,0.9797277450561523,0.0,0.0,0.06213265284895897,0.0,0.0,0.2627522647380829,0.0,0.0,0.0014714144635945559,0.0,0.0,0.00422195577993989
526,True,80.91654205322266,93.9314956665039,0.8168767094612122,0.0,0.0,0.15530253946781158,83.34387969970703,87.22509765625,0.7985391020774841,0.0,0.0,0.03571541607379913,74.19757080078125,71.45978546142578,0.7810076475143433,55.08770751953125,97.26435089111328,0.9166254997253418,48.48991775512695,68.76750946044922,0.9899892807006836,61.282875061035156,148.70130920410156,0.8057333827018738,44.34730529785156,96.68010711669922,0.9905863404273987,90.37620544433594,154.32562255859375,0.8205833435058594,83.18276977539062,138.22605895996094,0.9796422719955444,30.16583251953125,187.99435424804688,0.9333688616752625,24.353744506835938,178.7989044189453,0.9716042876243591,0.0,0.0,0.10962781310081482,0.0,0.0,0.25513631105422974,0.0,0.0,0.003696591593325138,0.0,0.0,0.006987408269196749
527,True,79.99996948242188,90.68013763427734,0.8740408420562744,0.0,0.0,0.18588246405124664,81.5943603515625,84.37882995605469,0.8768062591552734,0.0,0.0,0.03091193176805973,72.14431762695312,70.21082305908203,0.8696801662445068,54.24832534790039,94.52597045898438,0.9372791647911072,47.83483123779297,71.6543960571289,0.9945403933525085,57.63563537597656,141.3239288330078,0.8531071543693542,45.169769287109375,99.07186889648438,0.9954302310943604,86.1138916015625,149.59939575195312,0.8802486062049866,85.44754028320312,134.8983612060547,0.9903824925422668,32.707603454589844,181.27880859375,0.9613829851150513,26.872528076171875,174.86859130859375,0.9854760766029358,0.0,0.0,0.18922360241413116,0.0,0.0,0.41450393199920654,0.0,0.0,0.005865488667041063,0.0,0.0,0.01145600713789463
528,True,79.98361206054688,90.68462371826172,0.8747439384460449,0.0,0.0,0.18938131630420685,81.68080139160156,84.31730651855469,0.8781787157058716,0.0,0.0,0.0320880264043808,72.10303497314453,70.05941772460938,0.8725880980491638,53.76659393310547,94.556640625,0.9376428723335266,47.57152557373047,71.78793334960938,0.9944859147071838,57.70796585083008,141.47142028808594,0.8464809656143188,45.889076232910156,99.69557189941406,0.9950253367424011,85.90872192382812,149.69381713867188,0.8718065619468689,85.77603149414062,134.91578674316406,0.9893151521682739,32.70061111450195,180.7904052734375,0.960818886756897,27.196609497070312,174.44357299804688,0.9851346611976624,0.0,0.0,0.19752205908298492,0.0,0.0,0.4239124655723572,0.0,0.0,0.006345544941723347,0.0,0.0,0.012244400568306446
529,True,80.40394592285156,91.28959655761719,0.8886943459510803,0.0,0.0,0.1970783919095993,82.13614654541016,84.56454467773438,0.9129578471183777,0.0,0.0,0.024380283430218697,71.32489013671875,69.6478042602539,0.9065024852752686,56.09610366821289,94.97859191894531,0.9154267311096191,45.94544982910156,72.58536529541016,0.9938817024230957,63.11625671386719,140.92703247070312,0.7571985721588135,52.308380126953125,101.35997772216797,0.9939025640487671,88.43840789794922,150.83045959472656,0.7884746789932251,86.93429565429688,133.7711639404297,0.985318660736084,34.121307373046875,180.93756103515625,0.9431223273277283,25.569656372070312,174.50448608398438,0.9808478355407715,0.0,0.0,0.16220712661743164,0.0,0.0,0.398384153842926,0.0,0.0,0.00651413993909955,0.0,0.0,0.013536292128264904
530,True,80.49891662597656,90.21398162841797,0.9138109087944031,0.0,0.0,0.2290339320898056,81.80779266357422,82.9378662109375,0.9414315819740295,0.0,0.0,0.026272885501384735,70.30135345458984,69.36983489990234,0.9479365348815918,57.02320861816406,98.57508087158203,0.9509992003440857,45.618614196777344,75.09046936035156,0.9963200092315674,66.8946533203125,146.26400756835938,0.8456961512565613,59.70591354370117,105.86563110351562,0.9962629675865173,89.57003784179688,154.28622436523438,0.8429110646247864,89.92253112792969,133.95111083984375,0.9891903400421143,36.14085388183594,184.53817749023438,0.9591410160064697,25.82126235961914,177.7052459716797,0.985161304473877,0.0,0.0,0.1511872112751007,0.0,0.0,0.3625295162200928,0.0,0.0,0.005078383721411228,0.0,0.0,0.009972067549824715
531,True,81.58338928222656,88.83670043945312,0.9371942281723022,0.0,0.0,0.38544538617134094,81.95459747314453,82.40452575683594,0.940704882144928,0.0,0.0,0.05564150586724281,70.876708984375,69.22445678710938,0.9237524271011353,59.11017608642578,95.68730163574219,0.9599244594573975,50.58274841308594,75.47594451904297,0.9920370578765869,65.35267639160156,139.6058349609375,0.8562743663787842,63.181854248046875,102.88224792480469,0.9866242408752441,90.32144165039062,152.22225952148438,0.8574897646903992,93.26504516601562,138.5062255859375,0.9720482230186462,33.777915954589844,178.344482421875,0.9468645453453064,26.740509033203125,172.38946533203125,0.9696995615959167,0.0,0.0,0.23499588668346405,0.0,0.0,0.3783453106880188,0.0,0.0,0.011010714806616306,0.0,0.0,0.01557387039065361
532,True,81.88219451904297,89.79768371582031,0.8992081880569458,0.0,0.0,0.29035159945487976,82.3067626953125,83.11851501464844,0.9044754505157471,0.0,0.0,0.046847645193338394,71.3938217163086,69.14159393310547,0.897143542766571,60.66826248168945,94.12891387939453,0.9465581774711609,51.04920196533203,73.4760513305664,0.9867699146270752,67.30580139160156,140.31080627441406,0.848109781742096,69.66607666015625,102.54571533203125,0.9813023209571838,92.06939697265625,152.58773803710938,0.834164023399353,94.87966918945312,139.54852294921875,0.95977783203125,36.39148712158203,182.47064208984375,0.9387360215187073,26.98767852783203,176.46543884277344,0.961458146572113,0.0,0.0,0.17028497159481049,0.0,0.0,0.27286291122436523,0.0,0.0,0.008004095405340195,0.0,0.0,0.010797587223351002
533,True,81.653564453125,92.94268798828125,0.8337112069129944,0.0,0.0,0.15236394107341766,84.00836181640625,86.66220092773438,0.8424984812736511,0.0,0.0,0.04880369082093239,75.03256225585938,70.14408874511719,0.8918138742446899,56.23735809326172,91.24283599853516,0.9448901414871216,54.31658935546875,73.99104309082031,0.9946141839027405,64.29025268554688,139.33395385742188,0.8444831967353821,71.02385711669922,105.97676086425781,0.9939666986465454,90.84978485107422,152.6304931640625,0.8473290205001831,96.17552185058594,141.34231567382812,0.9833405613899231,33.10022735595703,180.34893798828125,0.9525600075721741,29.668075561523438,175.70004272460938,0.9806556701660156,0.0,0.0,0.1749490648508072,0.0,0.0,0.37500110268592834,0.0,0.0,0.006525490898638964,0.0,0.0,0.012048846110701561
534,True,82.14257049560547,92.220703125,0.8580422401428223,0.0,0.0,0.17580564320087433,84.15647888183594,85.78443908691406,0.8684989213943481,0.0,0.0,0.04548944905400276,74.4935302734375,69.6597900390625,0.9014571905136108,57.11838912963867,91.99862670898438,0.9491329789161682,53.463226318359375,74.08020782470703,0.994228720664978,65.07222747802734,139.64703369140625,0.8586527705192566,70.7183837890625,105.74642944335938,0.9934825301170349,90.9742660522461,152.82814025878906,0.8609724640846252,96.25548553466797,141.21092224121094,0.983018159866333,33.944122314453125,180.3504638671875,0.9552023410797119,29.232666015625,175.48089599609375,0.9802646636962891,0.0,0.0,0.18613401055335999,0.0,0.0,0.37364545464515686,0.0,0.0,0.0069125136360526085,0.0,0.0,0.01197781227529049
535,True,82.72490692138672,96.32097625732422,0.7336918711662292,0.0,0.0,0.0928722396492958,85.90873718261719,90.35115051269531,0.7352378368377686,0.0,0.0,0.0447075217962265,78.02935028076172,72.51931762695312,0.8482539653778076,55.73904800415039,91.055419921875,0.9273784160614014,57.306175231933594,72.58845520019531,0.993310809135437,64.24093627929688,140.57752990722656,0.8231510519981384,71.86946105957031,102.63256072998047,0.9934384226799011,91.0539779663086,150.98973083496094,0.8345922231674194,94.84819793701172,139.96180725097656,0.9821767807006836,31.807022094726562,180.84584045410156,0.9487614631652832,30.943687438964844,175.71449279785156,0.979924201965332,0.0,0.0,0.17106403410434723,0.0,0.0,0.3793092668056488,0.0,0.0,0.006464436184614897,0.0,0.0,0.012430286034941673
536,True,84.18165588378906,95.80137634277344,0.801364541053772,0.0,0.0,0.14293727278709412,86.89962768554688,89.07769775390625,0.8198102712631226,0.0,0.0,0.05475395917892456,77.81884765625,71.8053970336914,0.8759841322898865,55.241127014160156,93.23799133300781,0.8919142484664917,58.92399978637695,76.25366973876953,0.9909023642539978,64.36900329589844,138.59820556640625,0.6886295080184937,74.19050598144531,104.86315155029297,0.9882599115371704,91.88688659667969,151.0702362060547,0.7285856008529663,95.24174499511719,141.2605438232422,0.9696995615959167,31.13520050048828,183.5887908935547,0.8774022459983826,31.994449615478516,178.6905517578125,0.9532991051673889,0.0,0.0,0.11762546747922897,0.0,0.0,0.2976267635822296,0.0,0.0,0.006290432997047901,0.0,0.0,0.012754635885357857
537,True,83.84785461425781,96.68843841552734,0.7922977805137634,0.0,0.0,0.11374993622303009,87.13795471191406,90.16295623779297,0.8293488621711731,0.0,0.0,0.05174153670668602,79.16909790039062,71.50825500488281,0.9100744724273682,53.88185501098633,91.9573745727539,0.9071874618530273,59.97243118286133,72.3225326538086,0.9960913062095642,63.535491943359375,141.25439453125,0.6772427558898926,73.6360092163086,102.63137817382812,0.9951016306877136,90.74462127685547,151.7862548828125,0.7157220840454102,94.14515686035156,141.66639709472656,0.9838793873786926,30.94977569580078,180.77403259277344,0.9169903993606567,33.9326286315918,175.15101623535156,0.9780242443084717,0.0,0.0,0.11804535239934921,0.0,0.0,0.37655341625213623,0.0,0.0,0.00482623465359211,0.0,0.0,0.012457647360861301
538,True,85.95327758789062,96.67684936523438,0.8077219128608704,0.0,0.0,0.15149065852165222,88.5667953491211,90.59375,0.8374132513999939,0.0,0.0,0.05703895166516304,81.02086639404297,73.03352355957031,0.8733872175216675,58.70735168457031,92.36619567871094,0.8275837898254395,63.918270111083984,74.47232055664062,0.9927089214324951,0.0,0.0,0.49747273325920105,72.34883117675781,103.01991271972656,0.9907186627388,92.93124389648438,152.75926208496094,0.5945321917533875,93.28267669677734,144.06137084960938,0.973671019077301,30.960006713867188,182.113525390625,0.8184133172035217,33.7829475402832,176.55215454101562,0.9510369300842285,0.0,0.0,0.08743559569120407,0.0,0.0,0.3162102699279785,0.0,0.0,0.005096707493066788,0.0,0.0,0.013939838856458664
539,True,85.61426544189453,95.53850555419922,0.9123842120170593,0.0,0.0,0.24132850766181946,88.36014556884766,88.40837097167969,0.9340976476669312,0.0,0.0,0.05735285207629204,78.84059143066406,71.435791015625,0.9518182873725891,56.03759002685547,94.5279541015625,0.9595658183097839,57.502471923828125,73.96060180664062,0.9977899789810181,66.68498229980469,148.4938201904297,0.8310649394989014,71.58114624023438,114.77259063720703,0.9970008730888367,86.5503921508789,153.14126586914062,0.8126577138900757,90.39297485351562,143.86032104492188,0.9886809587478638,32.591636657714844,182.0495147705078,0.9581232666969299,31.204776763916016,175.80313110351562,0.9873234629631042,0.0,0.0,0.13659356534481049,0.0,0.0,0.37979856133461,0.0,0.0,0.004270770121365786,0.0,0.0,0.009755570441484451
540,True,84.95278930664062,95.6727294921875,0.8891786336898804,0.0,0.0,0.200216606259346,87.72603607177734,88.89495849609375,0.913720965385437,0.0,0.0,0.05456456169486046,78.85162353515625,71.61184692382812,0.9423794746398926,55.79740905761719,93.00643157958984,0.9527199864387512,57.83435821533203,72.67102813720703,0.9976639747619629,65.26718139648438,146.9229278564453,0.8150730729103088,70.27301788330078,112.648681640625,0.997051477432251,86.091064453125,152.86721801757812,0.801774799823761,89.9203109741211,142.82156372070312,0.9889240860939026,32.128684997558594,180.4332275390625,0.9551805853843689,31.46454620361328,174.32936096191406,0.9871314764022827,0.0,0.0,0.1305098682641983,0.0,0.0,0.3796493709087372,0.0,0.0,0.004091738723218441,0.0,0.0,0.00971550215035677
541,True,85.96064758300781,94.1976318359375,0.9105613827705383,0.0,0.0,0.2673717439174652,87.37728118896484,87.8612060546875,0.9324759840965271,0.0,0.0,0.046655260026454926,77.45367431640625,72.13633728027344,0.9252916574478149,59.12628173828125,95.38167572021484,0.8819998502731323,56.173072814941406,76.88583374023438,0.9948456287384033,59.278892517089844,139.39076232910156,0.6024214625358582,59.81085968017578,104.19048309326172,0.992838442325592,83.57049560546875,149.9562225341797,0.6907033920288086,86.5858154296875,142.37600708007812,0.9816307425498962,33.313289642333984,183.1349639892578,0.8660306334495544,30.096698760986328,177.927734375,0.9627548456192017,0.0,0.0,0.12206540256738663,0.0,0.0,0.37333056330680847,0.0,0.0,0.006891207303851843,0.0,0.0,0.016959089785814285
542,True,83.46453857421875,96.78726196289062,0.9258381128311157,0.0,0.0,0.2064577043056488,86.43917846679688,89.97193145751953,0.9547009468078613,0.0,0.0,0.04868827387690544,77.29963684082031,70.27405548095703,0.9725207686424255,49.07884216308594,93.85015106201172,0.9364659190177917,56.93143844604492,72.11668395996094,0.9991900324821472,53.57200622558594,143.8342742919922,0.6818529367446899,55.69182205200195,103.24251556396484,0.9989190101623535,80.85075378417969,152.6241912841797,0.7823563814163208,83.36273193359375,141.79733276367188,0.9962326884269714,27.21208953857422,182.86131286621094,0.909794270992279,33.142723083496094,176.9785919189453,0.9856115579605103,0.0,0.0,0.07804246991872787,0.0,0.0,0.38578104972839355,0.0,0.0,0.0021395008079707623,0.0,0.0,0.007735841441899538
543,True,84.66818237304688,96.21321868896484,0.9278789162635803,0.0,0.0,0.20349106192588806,87.41453552246094,89.0348892211914,0.9615415930747986,0.0,0.0,0.03729412332177162,76.77961730957031,69.42355346679688,0.9757936000823975,48.3778190612793,94.38143920898438,0.9139078855514526,55.906028747558594,71.95349884033203,0.9989834427833557,54.35820770263672,146.50926208496094,0.5896159410476685,54.087154388427734,107.16329193115234,0.9986355900764465,83.788330078125,155.05291748046875,0.7066185474395752,81.97283935546875,142.96543884277344,0.9951825737953186,27.39377212524414,184.15737915039062,0.8733546137809753,33.01897430419922,177.85340881347656,0.9802556037902832,0.0,0.0,0.05761655420064926,0.0,0.0,0.32267066836357117,0.0,0.0,0.0017427215352654457,0.0,0.0,0.006479343399405479
544,True,85.35822296142578,94.75035858154297,0.9325752854347229,0.0,0.0,0.2396124005317688,88.09259033203125,87.5653305053711,0.9511669874191284,0.0,0.0,0.03700225055217743,76.23592376708984,68.77278900146484,0.9547707438468933,49.14609146118164,93.02304077148438,0.9396606683731079,52.98896789550781,73.58570861816406,0.9978814721107483,56.39129638671875,142.730224609375,0.7436997890472412,52.92772674560547,110.35806274414062,0.9969394207000732,89.11692810058594,155.47869873046875,0.8043781518936157,82.32848358154297,144.6370849609375,0.9916439652442932,26.75632095336914,181.56387329101562,0.9264332056045532,29.88776397705078,176.13961791992188,0.981178343296051,0.0,0.0,0.14539816975593567,0.0,0.0,0.42809155583381653,0.0,0.0,0.004956675227731466,0.0,0.0,0.012207211926579475
545,True,85.3028335571289,94.96033477783203,0.9300113916397095,0.0,0.0,0.22459776699543,88.028076171875,87.69071960449219,0.9541931748390198,0.0,0.0,0.03478667140007019,76.13825988769531,68.74369049072266,0.9606248140335083,47.913028717041016,92.58956146240234,0.9242717623710632,53.27998352050781,73.80928039550781,0.9980706572532654,54.93564224243164,143.13027954101562,0.6620388031005859,53.826805114746094,112.06795501708984,0.9971429705619812,88.80729675292969,156.32489013671875,0.7382385730743408,82.49385070800781,144.8037567138672,0.9913560152053833,25.97429656982422,181.78953552246094,0.910219669342041,30.040359497070312,176.64053344726562,0.9804117679595947,0.0,0.0,0.12478987127542496,0.0,0.0,0.4265914261341095,0.0,0.0,0.004565385635942221,0.0,0.0,0.012639426626265049
546,True,84.48085021972656,93.67505645751953,0.9147239923477173,0.0,0.0,0.18169066309928894,87.3301010131836,86.8244857788086,0.9520208835601807,0.0,0.0,0.025909719988703728,75.96942901611328,69.04096984863281,0.9663474559783936,48.74446105957031,90.0403060913086,0.9149280786514282,51.77561950683594,72.07994079589844,0.9983838796615601,54.31230926513672,139.7520751953125,0.6280450224876404,54.08523941040039,113.50689697265625,0.997886598110199,85.45957946777344,157.21444702148438,0.649219810962677,80.5166015625,144.78134155273438,0.9912860989570618,27.952251434326172,181.37303161621094,0.9386855959892273,29.134254455566406,176.23928833007812,0.9888868927955627,0.0,0.0,0.134292334318161,0.0,0.0,0.48759523034095764,0.0,0.0,0.00522691011428833,0.0,0.0,0.01610877737402916
547,True,84.60293579101562,92.3064956665039,0.921842098236084,0.0,0.0,0.23551195859909058,86.48915100097656,85.75745391845703,0.9478373527526855,0.0,0.0,0.025549300014972687,75.76203155517578,69.94915771484375,0.9415923953056335,54.73110580444336,94.13355255126953,0.9035657048225403,51.06422424316406,70.27766418457031,0.9968611001968384,55.415199279785156,140.11447143554688,0.6763103604316711,44.121726989746094,99.85079193115234,0.996701180934906,85.26825714111328,155.6862030029297,0.732507050037384,76.90894317626953,143.05654907226562,0.9905575513839722,31.623550415039062,181.8036346435547,0.9353168606758118,27.8057861328125,174.34576416015625,0.9851647615432739,0.0,0.0,0.13357678055763245,0.0,0.0,0.42951276898384094,0.0,0.0,0.005175483413040638,0.0,0.0,0.013917035423219204
548,True,84.02006530761719,91.53470611572266,0.9183330535888672,0.0,0.0,0.2319285273551941,85.77548217773438,85.19065856933594,0.9391087889671326,0.0,0.0,0.026275837793946266,75.5437240600586,70.04391479492188,0.9339408278465271,55.90810012817383,94.06822204589844,0.926881730556488,49.60553741455078,70.73229217529297,0.9966514706611633,55.29107666015625,138.81246948242188,0.7761209011077881,41.6116828918457,99.03575897216797,0.9966945648193359,85.57638549804688,154.69741821289062,0.8120728731155396,76.89859008789062,142.96836853027344,0.9913132786750793,32.55724334716797,181.87432861328125,0.9488921761512756,26.8785400390625,174.90078735351562,0.9858794808387756,0.0,0.0,0.14095719158649445,0.0,0.0,0.3977753520011902,0.0,0.0,0.00465602008625865,0.0,0.0,0.010943504050374031
549,True,82.38035583496094,91.13734436035156,0.9117562770843506,0.0,0.0,0.23722220957279205,83.95545959472656,84.85047912597656,0.9344950914382935,0.0,0.0,0.0263992790132761,74.38758850097656,69.79682159423828,0.9149406552314758,57.3785285949707,93.39321899414062,0.8863251209259033,47.902008056640625,70.43302917480469,0.996086835861206,54.37794494628906,138.90609741210938,0.6751466393470764,38.383235931396484,99.54013061523438,0.996436357498169,82.70271301269531,152.62696838378906,0.7401915192604065,76.04845428466797,141.782958984375,0.9903290271759033,34.60356140136719,183.6055908203125,0.9305257797241211,26.194446563720703,176.798583984375,0.9838399291038513,0.0,0.0,0.11137960106134415,0.0,0.0,0.3756692111492157,0.0,0.0,0.004122904967516661,0.0,0.0,0.011107165366411209
550,True,83.54913330078125,89.59564971923828,0.9375267624855042,0.0,0.0,0.30863067507743835,84.7878189086914,83.03132629394531,0.9519950151443481,0.0,0.0,0.027347225695848465,73.89689636230469,68.5949935913086,0.9317395687103271,58.61845397949219,94.51730346679688,0.9331047534942627,46.45001983642578,69.76992797851562,0.9957691431045532,58.278297424316406,139.29286193847656,0.7895898222923279,38.59666061401367,98.50312805175781,0.9953994154930115,87.66417694091797,152.41036987304688,0.8153836131095886,77.56184387207031,140.50372314453125,0.9886701107025146,35.01873779296875,183.314208984375,0.9508774876594543,25.065227508544922,175.76406860351562,0.9842482209205627,0.0,0.0,0.1540452092885971,0.0,0.0,0.38554510474205017,0.0,0.0,0.005347712896764278,0.0,0.0,0.011291410773992538
551,True,83.3649673461914,89.45880126953125,0.9414280652999878,0.0,0.0,0.32095596194267273,84.50179290771484,82.86979675292969,0.9563062191009521,0.0,0.0,0.027550995349884033,73.6828384399414,68.35075378417969,0.934965193271637,59.069297790527344,94.78746795654297,0.9301196932792664,46.64019012451172,69.38128662109375,0.9961516261100769,58.4808464050293,140.4935302734375,0.7725458741188049,38.803077697753906,97.71560668945312,0.9958643913269043,87.31193542480469,153.41258239746094,0.806098222732544,77.40226745605469,140.33609008789062,0.989676296710968,35.387237548828125,182.53414916992188,0.9506813883781433,25.26760482788086,174.7230224609375,0.9853716492652893,0.0,0.0,0.160673126578331,0.0,0.0,0.416753888130188,0.0,0.0,0.005770477000623941,0.0,0.0,0.012872735969722271
552,True,82.65757751464844,89.41908264160156,0.9290896058082581,0.0,0.0,0.30940523743629456,84.19744873046875,82.99580383300781,0.9407537579536438,0.0,0.0,0.03377465903759003,74.1774673461914,68.11494445800781,0.9072609543800354,59.07358169555664,94.31927490234375,0.9209839105606079,46.88148498535156,68.27140045166016,0.9955260157585144,59.36690139770508,141.2425079345703,0.7501200437545776,37.26287078857422,96.15815734863281,0.9950740933418274,87.42312622070312,151.82420349121094,0.7916337251663208,78.16617584228516,137.60189819335938,0.987989068031311,35.53622817993164,180.9292449951172,0.9449077248573303,25.961708068847656,172.86898803710938,0.9836500287055969,0.0,0.0,0.1672382801771164,0.0,0.0,0.42834123969078064,0.0,0.0,0.0064159263856709,0.0,0.0,0.014502134174108505
553,True,82.82940673828125,89.31141662597656,0.9298901557922363,0.0,0.0,0.31156596541404724,84.0929183959961,82.80611419677734,0.9382646083831787,0.0,0.0,0.03375574201345444,73.5809326171875,67.68479919433594,0.9127857685089111,58.05641174316406,93.21131134033203,0.9430178999900818,47.21892547607422,66.99134063720703,0.9947553873062134,57.707611083984375,139.87002563476562,0.8245607614517212,41.32502746582031,95.2477035522461,0.9938581585884094,87.69052124023438,149.74337768554688,0.8414582014083862,80.28292846679688,135.99659729003906,0.9861313104629517,34.25396728515625,180.21701049804688,0.9524657726287842,25.590904235839844,172.11221313476562,0.9817504286766052,0.0,0.0,0.17735028266906738,0.0,0.0,0.3841005861759186,0.0,0.0,0.006376191973686218,0.0,0.0,0.011977908201515675
554,True,82.29559326171875,89.8651123046875,0.9471539258956909,0.0,0.0,0.41271400451660156,83.91486358642578,83.25753784179688,0.9452080726623535,0.0,0.0,0.06407641619443893,73.31752014160156,67.96862030029297,0.9201686382293701,59.61803436279297,95.673095703125,0.9706631898880005,47.608680725097656,73.3936538696289,0.9953420162200928,66.18115234375,142.8617706298828,0.8897055387496948,51.04043960571289,103.92125701904297,0.992006242275238,93.63967895507812,155.60321044921875,0.8914846181869507,88.6039810180664,139.46080017089844,0.9824535846710205,35.160884857177734,178.33563232421875,0.9603130221366882,26.764541625976562,171.86990356445312,0.9794812798500061,0.0,0.0,0.2655715346336365,0.0,0.0,0.4373219311237335,0.0,0.0,0.010116273537278175,0.0,0.0,0.015314067713916302
555,True,82.03361511230469,90.58538818359375,0.9334831237792969,0.0,0.0,0.31979164481163025,83.75404357910156,83.94062805175781,0.9397838115692139,0.0,0.0,0.05405520647764206,72.79776000976562,68.07717895507812,0.9321876168251038,56.23809814453125,94.12097930908203,0.9608911871910095,49.76280212402344,74.49821472167969,0.9960612654685974,63.419189453125,141.96946716308594,0.8433058857917786,57.76695251464844,107.50432586669922,0.9936290383338928,91.6433334350586,155.1348419189453,0.8562828898429871,93.46173095703125,143.33981323242188,0.9844187498092651,34.08497619628906,177.64512634277344,0.9491678476333618,29.504032135009766,172.16647338867188,0.978892982006073,0.0,0.0,0.21732883155345917,0.0,0.0,0.42574355006217957,0.0,0.0,0.008115468546748161,0.0,0.0,0.014186296612024307
556,True,81.76805114746094,89.69476318359375,0.9294089078903198,0.0,0.0,0.2686600685119629,83.70492553710938,83.06492614746094,0.951562762260437,0.0,0.0,0.0502186119556427,73.30552673339844,68.20205688476562,0.9635789394378662,54.126976013183594,88.1906509399414,0.9570855498313904,50.59288024902344,78.12065124511719,0.9981623291969299,65.70332336425781,137.15110778808594,0.7823971509933472,71.19126892089844,125.701904296875,0.9968650937080383,90.00708770751953,157.37428283691406,0.73329758644104,96.14729309082031,151.37582397460938,0.9852941036224365,33.063358306884766,177.77841186523438,0.9612839818000793,28.74734878540039,176.14559936523438,0.9891815781593323,0.0,0.0,0.1722707599401474,0.0,0.0,0.45508700609207153,0.0,0.0,0.006431737449020147,0.0,0.0,0.01460508443415165
557,True,81.832275390625,90.36997985839844,0.9310910701751709,0.0,0.0,0.28330063819885254,83.69305419921875,83.6266860961914,0.9506108164787292,0.0,0.0,0.056901223957538605,72.88697052001953,67.90284729003906,0.9588721990585327,53.71464538574219,89.82020568847656,0.947830080986023,52.37995147705078,79.74870300292969,0.9976664781570435,65.25860595703125,137.88258361816406,0.7354540228843689,71.16719055175781,125.25078582763672,0.9957587122917175,91.44691467285156,156.48330688476562,0.7384608387947083,97.32344055175781,151.59979248046875,0.9844439029693604,31.640838623046875,178.4456329345703,0.9352363348007202,30.03498077392578,176.4723663330078,0.9813867211341858,0.0,0.0,0.15681256353855133,0.0,0.0,0.423627108335495,0.0,0.0,0.0062398663721978664,0.0,0.0,0.014114780351519585
558,True,83.30799102783203,89.121337890625,0.9279468655586243,0.0,0.0,0.3106222152709961,84.74833679199219,82.63843536376953,0.9530212879180908,0.0,0.0,0.029812706634402275,74.52664947509766,66.94554901123047,0.9220156669616699,57.667762756347656,86.71028137207031,0.830497682094574,48.04056167602539,71.4695053100586,0.9947084188461304,0.0,0.0,0.4987969696521759,43.15570068359375,103.13450622558594,0.9932940006256104,75.04442596435547,131.49781799316406,0.5926434397697449,79.54502868652344,143.91258239746094,0.9811838865280151,34.25563430786133,174.8581085205078,0.9067338109016418,25.88689422607422,170.7870330810547,0.9791913628578186,0.0,0.0,0.14991092681884766,0.0,0.0,0.46564242243766785,0.0,0.0,0.008614933118224144,0.0,0.0,0.023317430168390274
559,True,83.43958282470703,89.41384887695312,0.9321312308311462,0.0,0.0,0.32275649905204773,84.39990234375,82.72163391113281,0.9472779035568237,0.0,0.0,0.031163634732365608,73.21089172363281,66.55707550048828,0.9061594605445862,60.82046127319336,93.34513854980469,0.8840899467468262,46.05739212036133,70.01644897460938,0.9937392473220825,60.32942199707031,141.64439392089844,0.6511566042900085,40.42894744873047,101.98033142089844,0.9927234053611755,89.0899887084961,152.8091278076172,0.7421905994415283,82.76271057128906,145.44491577148438,0.9841486811637878,36.75410461425781,182.60855102539062,0.89458167552948,25.735687255859375,175.9473876953125,0.968549370765686,0.0,0.0,0.11580128222703934,0.0,0.0,0.3333951234817505,0.0,0.0,0.005054801236838102,0.0,0.0,0.011500871740281582
560,True,83.5648193359375,87.64636993408203,0.9480329751968384,0.0,0.0,0.3449856638908386,84.06230926513672,80.94606018066406,0.9670831561088562,0.0,0.0,0.02324625477194786,72.10992431640625,66.05254364013672,0.9411217570304871,62.04555130004883,93.9358139038086,0.8819250464439392,44.40238952636719,72.310302734375,0.9953149557113647,60.73406219482422,140.71376037597656,0.6337888240814209,39.44930648803711,105.63951110839844,0.9950495362281799,88.86972045898438,152.40504455566406,0.7423276305198669,82.92292785644531,146.97157287597656,0.9888801574707031,39.131317138671875,181.43682861328125,0.9080899357795715,25.741527557373047,175.4694366455078,0.9764848351478577,0.0,0.0,0.13976308703422546,0.0,0.0,0.4145568311214447,0.0,0.0,0.006308350712060928,0.0,0.0,0.015429028309881687
561,True,83.68144989013672,87.57709503173828,0.9383806586265564,0.0,0.0,0.298611581325531,85.1199951171875,80.92566680908203,0.9579702019691467,0.0,0.0,0.021902402862906456,72.95549011230469,66.5438003540039,0.9344131350517273,58.82291030883789,94.98564147949219,0.910861074924469,43.35017013549805,71.02949523925781,0.9953770637512207,60.099342346191406,140.084228515625,0.7294487357139587,35.02817153930664,101.621337890625,0.9952050447463989,88.1506576538086,151.81161499023438,0.7845521569252014,79.90287780761719,145.6708526611328,0.9885140061378479,37.77075958251953,181.89422607421875,0.9411284327507019,25.709228515625,174.9163360595703,0.9828883409500122,0.0,0.0,0.16616633534431458,0.0,0.0,0.42527979612350464,0.0,0.0,0.006749028339982033,0.0,0.0,0.014864746481180191
562,True,84.10528564453125,87.66009521484375,0.9277656078338623,0.0,0.0,0.25619855523109436,85.2089614868164,81.12275695800781,0.9514658451080322,0.0,0.0,0.017504004761576653,72.16058349609375,66.34811401367188,0.9294967651367188,60.55671310424805,94.74101257324219,0.8915842771530151,42.626739501953125,72.66650390625,0.9937111139297485,60.92034912109375,139.8660125732422,0.7106723785400391,35.640804290771484,103.51294708251953,0.9939690828323364,89.35054016113281,152.12034606933594,0.7985064387321472,81.1900634765625,145.3199005126953,0.9881221652030945,38.99022674560547,181.7347869873047,0.9206101298332214,25.69176483154297,175.4757537841797,0.9752100706100464,0.0,0.0,0.16483090817928314,0.0,0.0,0.40609827637672424,0.0,0.0,0.007246461696922779,0.0,0.0,0.015061446465551853
563,True,82.664794921875,87.25724029541016,0.9384501576423645,0.0,0.0,0.3305513262748718,83.93565368652344,80.42945861816406,0.9500519037246704,0.0,0.0,0.02777795121073723,71.9371109008789,66.30781555175781,0.9112271070480347,60.711181640625,96.32402038574219,0.9295834898948669,41.6706657409668,70.77266693115234,0.9944769740104675,64.36386108398438,142.39108276367188,0.7961139678955078,33.983680725097656,100.07731628417969,0.9941038489341736,90.52310180664062,153.7650909423828,0.8287485837936401,80.26271057128906,144.39871215820312,0.9868107438087463,37.67931365966797,184.800048828125,0.9466588497161865,23.158523559570312,177.12855529785156,0.981008768081665,0.0,0.0,0.15596455335617065,0.0,0.0,0.3629266619682312,0.0,0.0,0.005801205988973379,0.0,0.0,0.011347882449626923
564,True,82.81334686279297,86.4500732421875,0.946950376033783,0.0,0.0,0.3538956046104431,83.35945129394531,79.82032775878906,0.9525161981582642,0.0,0.0,0.026487872004508972,70.97557067871094,66.57356262207031,0.9156918525695801,61.37270736694336,95.63706970214844,0.954135537147522,42.92629623413086,71.09770202636719,0.9943217039108276,64.15645599365234,139.06442260742188,0.8858217597007751,33.693336486816406,97.13845825195312,0.9944379329681396,90.11212158203125,150.82211303710938,0.906588613986969,77.34651184082031,138.9098663330078,0.9898563623428345,37.356937408447266,184.0157470703125,0.9641576409339905,23.340492248535156,176.59828186035156,0.9837125539779663,0.0,0.0,0.19430725276470184,0.0,0.0,0.3681889474391937,0.0,0.0,0.006030665710568428,0.0,0.0,0.00989716686308384
565,True,82.70207214355469,86.0438232421875,0.9403825998306274,0.0,0.0,0.2976531386375427,83.09833526611328,79.57327270507812,0.9483908414840698,0.0,0.0,0.021464403718709946,71.08882141113281,66.0055160522461,0.9248155355453491,61.03137969970703,93.06614685058594,0.9584068059921265,42.54096603393555,69.1732177734375,0.9955698847770691,61.165035247802734,137.50399780273438,0.9047892689704895,36.103790283203125,94.74302673339844,0.9962104558944702,89.41532897949219,151.4586639404297,0.9207263588905334,79.23538970947266,135.08688354492188,0.9927588701248169,38.09661865234375,182.0220947265625,0.9749646186828613,23.601104736328125,175.4033203125,0.9892665147781372,0.0,0.0,0.24007773399353027,0.0,0.0,0.4462263882160187,0.0,0.0,0.007204185705631971,0.0,0.0,0.012126680463552475
566,True,82.33072662353516,85.61351776123047,0.9424263834953308,0.0,0.0,0.33084890246391296,83.06768798828125,79.05369567871094,0.9440662264823914,0.0,0.0,0.026573117822408676,70.87705993652344,65.83950805664062,0.9119253754615784,61.918067932128906,94.27290344238281,0.9662041068077087,43.19728469848633,71.10673522949219,0.9947617650032043,67.1181640625,137.94094848632812,0.9264671802520752,39.844173431396484,96.9466552734375,0.9952481389045715,92.1911392211914,155.85279846191406,0.9353046417236328,81.20561218261719,133.41995239257812,0.9915732741355896,38.62481689453125,180.85671997070312,0.9782016277313232,24.283790588378906,173.99276733398438,0.9887315630912781,0.0,0.0,0.2913501262664795,0.0,0.0,0.46609601378440857,0.0,0.0,0.00931074284017086,0.0,0.0,0.013799433596432209
567,True,82.1580810546875,84.96160888671875,0.9530138373374939,0.0,0.0,0.43568506836891174,82.98182678222656,78.12574005126953,0.9512675404548645,0.0,0.0,0.04607357829809189,70.83038330078125,65.02171325683594,0.9147154092788696,61.01687240600586,94.81670379638672,0.9743097424507141,43.44093322753906,70.82496643066406,0.993866503238678,68.4431381225586,138.2655792236328,0.9209043383598328,46.66461944580078,96.94242095947266,0.9907001852989197,93.46604919433594,156.81198120117188,0.912981390953064,89.92831420898438,140.4974365234375,0.9814157485961914,37.947547912597656,178.931640625,0.9771798253059387,24.726848602294922,171.95645141601562,0.9855347871780396,0.0,0.0,0.3355018198490143,0.0,0.0,0.46706774830818176,0.0,0.0,0.013321122154593468,0.0,0.0,0.01724567823112011
568,True,82.03632354736328,85.20140075683594,0.9509567022323608,0.0,0.0,0.4409940242767334,83.07605743408203,78.24867248535156,0.9483934044837952,0.0,0.0,0.05154648423194885,71.13526153564453,64.98431396484375,0.9094157218933105,60.90070343017578,94.99186706542969,0.9729480147361755,43.45759201049805,70.58563232421875,0.9934428930282593,68.84882354736328,139.1636962890625,0.9112557172775269,47.563697814941406,97.2958984375,0.9892617464065552,93.52267456054688,156.8743133544922,0.8968011736869812,89.69051361083984,139.86004638671875,0.9773153066635132,37.631019592285156,180.34228515625,0.9737991690635681,24.35531234741211,173.1114044189453,0.9834260940551758,0.0,0.0,0.29604142904281616,0.0,0.0,0.424167662858963,0.0,0.0,0.011657086201012135,0.0,0.0,0.01530191395431757
569,True,81.75421142578125,85.74436950683594,0.9397515058517456,0.0,0.0,0.3269401788711548,83.39576721191406,78.6436996459961,0.954014003276825,0.0,0.0,0.03664885461330414,71.2061996459961,64.85606384277344,0.9389347434043884,57.80516052246094,92.65060424804688,0.948503851890564,43.828556060791016,74.00279998779297,0.9958940744400024,68.5526123046875,136.27163696289062,0.7900443077087402,56.89149475097656,108.18144989013672,0.9934549927711487,92.75115966796875,157.71701049804688,0.7726755738258362,95.54533386230469,150.66233825683594,0.9795153737068176,36.7553825378418,180.50408935546875,0.9598638415336609,25.549606323242188,175.62246704101562,0.9851320385932922,0.0,0.0,0.213552787899971,0.0,0.0,0.44827529788017273,0.0,0.0,0.009350252337753773,0.0,0.0,0.017542218789458275
570,True,81.70502471923828,86.3514175415039,0.9436471462249756,0.0,0.0,0.35392647981643677,83.26412963867188,79.10665893554688,0.9575982689857483,0.0,0.0,0.038598328828811646,70.96286010742188,64.73175811767578,0.9354992508888245,58.06346130371094,92.00833129882812,0.9403195977210999,43.72115707397461,73.78968811035156,0.9954684972763062,69.0435791015625,135.65792846679688,0.7476622462272644,57.719722747802734,108.95396423339844,0.9923037886619568,92.9092788696289,156.891357421875,0.7316449880599976,95.77935028076172,151.82534790039062,0.9756238460540771,36.27812957763672,181.95616149902344,0.951699435710907,24.806686401367188,177.28074645996094,0.9826371073722839,0.0,0.0,0.19091758131980896,0.0,0.0,0.42442184686660767,0.0,0.0,0.008970977738499641,0.0,0.0,0.01739501953125
571,True,82.58938598632812,86.04025268554688,0.9629759788513184,0.0,0.0,0.42233121395111084,83.8077163696289,78.60681915283203,0.974801242351532,0.0,0.0,0.03768191486597061,70.76935577392578,64.79578399658203,0.96059650182724,59.176937103271484,93.05155944824219,0.9590630531311035,43.32502746582031,75.45664978027344,0.9970417618751526,71.01509857177734,138.2469940185547,0.7990595102310181,59.26521682739258,113.60406494140625,0.9947118759155273,93.58012390136719,156.7821502685547,0.7763129472732544,96.33901977539062,151.2398681640625,0.9822748899459839,37.841102600097656,181.4224853515625,0.9606220722198486,25.21570587158203,177.08999633789062,0.9860206246376038,0.0,0.0,0.20620667934417725,0.0,0.0,0.45129188895225525,0.0,0.0,0.008922833949327469,0.0,0.0,0.01721038855612278
572,True,82.75436401367188,86.81753540039062,0.947439432144165,0.0,0.0,0.3197426199913025,84.33500671386719,79.80939483642578,0.9637864232063293,0.0,0.0,0.0293424054980278,72.38561248779297,64.84761047363281,0.9508616328239441,57.33748245239258,92.06770324707031,0.9415197968482971,45.18416213989258,70.87483215332031,0.9973607659339905,63.49986267089844,137.3422088623047,0.7545331120491028,49.01526641845703,102.58035278320312,0.9962934851646423,87.98284149169922,153.1337127685547,0.7778822779655457,84.0936279296875,142.978515625,0.9890594482421875,35.88146209716797,178.5592041015625,0.9578749537467957,26.684837341308594,172.70211791992188,0.9884181618690491,0.0,0.0,0.21810036897659302,36.187255859375,238.959716796875,0.5281109809875488,0.0,0.0,0.00910962838679552,0.0,0.0,0.020897546783089638
573,True,83.48890686035156,87.13491821289062,0.941214382648468,0.0,0.0,0.3157331943511963,85.21452331542969,80.37242126464844,0.9572684168815613,0.0,0.0,0.0313681997358799,73.63967895507812,65.09449005126953,0.938944399356842,54.82469177246094,89.43795013427734,0.923754096031189,46.604217529296875,69.72616577148438,0.99647456407547,58.28070068359375,132.73681640625,0.7198061347007751,44.515869140625,101.27672576904297,0.9951602816581726,86.90277862548828,153.49038696289062,0.7514362335205078,81.01215362548828,143.84085083007812,0.986494779586792,34.11905288696289,178.75933837890625,0.9450491666793823,27.422847747802734,173.60491943359375,0.984508752822876,0.0,0.0,0.1736968457698822,0.0,0.0,0.4491611421108246,0.0,0.0,0.007267902605235577,0.0,0.0,0.016494108363986015
574,True,83.33047485351562,87.08824920654297,0.9393087029457092,0.0,0.0,0.3149730861186981,85.08574676513672,80.40283203125,0.9572040438652039,0.0,0.0,0.03076270967721939,73.61585235595703,65.13961029052734,0.9384523630142212,54.72705078125,88.53804779052734,0.9127501845359802,46.281578063964844,69.99293518066406,0.9960242509841919,56.92879104614258,129.578857421875,0.687336266040802,43.81201171875,100.81372833251953,0.994468092918396,85.74575805664062,152.1765899658203,0.7232933044433594,80.44525146484375,143.76080322265625,0.9846900701522827,34.46217346191406,177.872802734375,0.9382367730140686,27.466506958007812,173.24923706054688,0.9827123880386353,0.0,0.0,0.164483442902565,0.0,0.0,0.4351198673248291,0.0,0.0,0.007340018171817064,0.0,0.0,0.016772383823990822
575,True,83.46318054199219,86.97933959960938,0.9429944753646851,0.0,0.0,0.34741759300231934,85.31810760498047,80.34485626220703,0.9579737186431885,0.0,0.0,0.03279240429401398,73.68099212646484,65.22537231445312,0.9360256195068359,57.27632522583008,88.96342468261719,0.92996746301651,43.720252990722656,71.74777221679688,0.9953261613845825,60.49665069580078,132.10086059570312,0.750515341758728,43.17314147949219,108.12715911865234,0.9930311441421509,85.88005065917969,150.755615234375,0.7589266896247864,79.61824798583984,145.45907592773438,0.9808713793754578,35.490638732910156,177.28146362304688,0.946427583694458,24.886741638183594,173.31396484375,0.9816478490829468,0.0,0.0,0.18768002092838287,0.0,0.0,0.4235577881336212,0.0,0.0,0.008275145664811134,0.0,0.0,0.016224876046180725
576,True,82.71338653564453,84.16941833496094,0.9602808356285095,0.0,0.0,0.4548149108886719,83.49212646484375,77.089599609375,0.9698190689086914,0.0,0.0,0.035825543105602264,70.82463073730469,63.44915771484375,0.9361415505409241,59.21931457519531,93.72537994384766,0.9324809312820435,40.81889343261719,70.72404479980469,0.9952591061592102,63.349178314208984,139.25074768066406,0.7232281565666199,33.5753173828125,101.83987426757812,0.9919598698616028,89.36180114746094,155.50274658203125,0.7430762648582458,76.89714050292969,143.51263427734375,0.9801380038261414,38.67267608642578,182.02651977539062,0.9406619668006897,25.45502471923828,175.91934204101562,0.9798745512962341,0.0,0.0,0.18884193897247314,0.0,0.0,0.4273313283920288,0.0,0.0,0.008784906938672066,0.0,0.0,0.017490070313215256
577,True,82.88172912597656,84.21713256835938,0.9665655493736267,0.0,0.0,0.456900030374527,82.92088317871094,76.93721771240234,0.9786769151687622,0.0,0.0,0.023595867678523064,68.73065185546875,63.656768798828125,0.9515920877456665,61.7000617980957,95.24723815917969,0.9220969080924988,38.894981384277344,71.82740783691406,0.9953832030296326,64.4113998413086,138.8952178955078,0.7176420092582703,30.863624572753906,101.4046630859375,0.9939168095588684,88.23263549804688,153.21826171875,0.7703725695610046,76.11756896972656,143.24009704589844,0.9865288734436035,42.05277633666992,184.03872680664062,0.9426777362823486,25.148250579833984,177.5327606201172,0.9822577834129333,0.0,0.0,0.18097510933876038,0.0,0.0,0.43508800864219666,0.0,0.0,0.008235170505940914,0.0,0.0,0.017240919172763824
578,True,82.05506896972656,82.855224609375,0.9714111089706421,85.1126480102539,80.54895782470703,0.5216455459594727,82.03269958496094,75.5959243774414,0.9785150289535522,0.0,0.0,0.02859700843691826,67.58535766601562,62.913482666015625,0.9498441815376282,63.45143127441406,95.29464721679688,0.9573351144790649,36.9371337890625,72.87098693847656,0.9939846396446228,66.64875793457031,136.08181762695312,0.8700068593025208,30.278892517089844,101.0752944946289,0.9921196699142456,86.93907928466797,149.97727966308594,0.8923352360725403,75.26066589355469,140.79220581054688,0.986491322517395,43.490318298339844,181.85299682617188,0.961033284664154,23.907325744628906,175.68075561523438,0.9809547662734985,0.0,0.0,0.22875991463661194,0.0,0.0,0.3927963674068451,0.0,0.0,0.008856440894305706,0.0,0.0,0.013326351530849934
579,True,82.0167236328125,82.85661315917969,0.9705926179885864,85.08572387695312,80.5762939453125,0.5194002985954285,82.03118896484375,75.64350891113281,0.9781575798988342,0.0,0.0,0.029076363891363144,67.64949035644531,62.862510681152344,0.9497784972190857,63.608680725097656,95.138916015625,0.9559353590011597,36.64628601074219,72.8785171508789,0.9938617944717407,66.67511749267578,136.10870361328125,0.8600414991378784,30.39413070678711,101.21221923828125,0.9915503263473511,86.88147735595703,150.12530517578125,0.8820266723632812,75.60548400878906,140.84597778320312,0.9851400256156921,43.5630989074707,181.0391387939453,0.9597907662391663,23.818519592285156,174.9981689453125,0.9805251955986023,0.0,0.0,0.23637664318084717,0.0,0.0,0.40413549542427063,0.0,0.0,0.009581551887094975,0.0,0.0,0.014427159912884235
580,True,81.95157623291016,82.09542083740234,0.9723377823829651,84.80545043945312,79.81588745117188,0.5684382319450378,81.91552734375,74.86740112304688,0.9762852787971497,0.0,0.0,0.03821132704615593,67.71195220947266,62.795196533203125,0.9432401061058044,63.59530258178711,97.08363342285156,0.9699496030807495,37.451759338378906,71.9088134765625,0.9924570322036743,71.38143157958984,140.201416015625,0.8908889889717102,32.132225036621094,98.4619140625,0.9866782426834106,94.26275634765625,152.90985107421875,0.8900227546691895,76.93968963623047,138.13848876953125,0.9773696064949036,41.970035552978516,182.953369140625,0.9658766984939575,23.344589233398438,175.845947265625,0.9782856702804565,0.0,0.0,0.2803947329521179,0.0,0.0,0.4029308557510376,0.0,0.0,0.011801786720752716,0.0,0.0,0.015183973126113415
581,True,82.13330841064453,82.02354431152344,0.9737132787704468,84.93128967285156,79.25950622558594,0.5627472996711731,81.55964660644531,74.59680938720703,0.9785919785499573,0.0,0.0,0.03506876900792122,67.16657257080078,62.700408935546875,0.9473375678062439,63.25421142578125,97.66776275634766,0.9658200740814209,38.59984588623047,71.41981506347656,0.9934915900230408,69.44319152832031,141.26329040527344,0.8724212646484375,32.819602966308594,95.66046142578125,0.9894577264785767,93.89611053466797,151.9617156982422,0.8822897672653198,78.97213745117188,136.32379150390625,0.9816941618919373,41.508628845214844,184.34609985351562,0.961828887462616,23.618690490722656,176.7147216796875,0.979084849357605,0.0,0.0,0.24584899842739105,0.0,0.0,0.39467746019363403,0.0,0.0,0.009906020946800709,0.0,0.0,0.01408509910106659
582,True,82.27352905273438,81.34663391113281,0.9659041166305542,0.0,0.0,0.4267309904098511,81.90493774414062,73.75408935546875,0.9794990420341492,0.0,0.0,0.01975666917860508,67.19835662841797,61.636749267578125,0.9618772864341736,60.258975982666016,94.86580657958984,0.9315902590751648,39.00699234008789,70.4578857421875,0.9948368072509766,63.269596099853516,139.06314086914062,0.7304487824440002,37.66949462890625,96.47842407226562,0.9927756786346436,88.4359130859375,153.6788330078125,0.7638282179832458,78.42686462402344,136.4533233642578,0.9840898513793945,39.55977249145508,183.50845336914062,0.9439881443977356,23.14092254638672,176.4709014892578,0.9807219505310059,0.0,0.0,0.18470452725887299,0.0,0.0,0.41930872201919556,0.0,0.0,0.008537477813661098,0.0,0.0,0.016581183299422264
583,True,81.97457885742188,82.39237976074219,0.9612228274345398,0.0,0.0,0.4250182807445526,82.71011352539062,74.58842468261719,0.9718690514564514,0.0,0.0,0.027025394141674042,68.41181945800781,60.74530029296875,0.947541356086731,59.73569869995117,93.34016418457031,0.9511086344718933,38.477684020996094,69.98727416992188,0.9945496916770935,67.44876861572266,139.14830017089844,0.8173189759254456,43.21398162841797,100.71588134765625,0.9918432831764221,91.52542114257812,156.2803497314453,0.8166396021842957,83.40779113769531,138.1085968017578,0.9812187552452087,39.67198944091797,183.1919403076172,0.960328996181488,23.203765869140625,176.65249633789062,0.9830742478370667,0.0,0.0,0.22634030878543854,0.0,0.0,0.4289490282535553,0.0,0.0,0.00976417027413845,0.0,0.0,0.016386499628424644
584,True,82.53469848632812,81.74972534179688,0.9693379402160645,85.5377197265625,79.59402465820312,0.5316927433013916,82.96809387207031,73.86093139648438,0.9772705435752869,0.0,0.0,0.036691151559352875,68.39580535888672,60.6348876953125,0.9456239938735962,60.385581970214844,94.23982238769531,0.9501292109489441,38.623050689697266,69.83258819580078,0.992872953414917,69.46826934814453,140.03932189941406,0.7828031778335571,44.481834411621094,101.32032775878906,0.9861658811569214,93.71049499511719,156.88479614257812,0.7725076675415039,90.5455551147461,143.6055908203125,0.9683038592338562,39.59600067138672,182.7989044189453,0.951643705368042,22.93531036376953,175.909423828125,0.9768548011779785,0.0,0.0,0.23150260746479034,0.0,0.0,0.40927329659461975,0.0,0.0,0.011650621891021729,0.0,0.0,0.018214378505945206
585,True,82.5455322265625,81.71747589111328,0.9692515730857849,85.53812408447266,79.54765319824219,0.5333195328712463,82.96983337402344,73.83058166503906,0.9771660566329956,0.0,0.0,0.03704890236258507,68.38252258300781,60.61750793457031,0.9451150894165039,60.3519172668457,94.258056640625,0.9497789144515991,38.616477966308594,69.80253601074219,0.9926779270172119,69.52376556396484,140.03419494628906,0.7790387272834778,44.43922424316406,101.18569946289062,0.9855127930641174,93.75102996826172,156.83511352539062,0.7676790356636047,90.57695007324219,143.66342163085938,0.9668864011764526,39.46604537963867,182.87408447265625,0.9502529501914978,22.878223419189453,175.98257446289062,0.9759770631790161,0.0,0.0,0.2291274070739746,0.0,0.0,0.4043898582458496,0.0,0.0,0.011645243503153324,0.0,0.0,0.018125204369425774
586,True,82.4554214477539,82.11405944824219,0.970455527305603,0.0,0.0,0.48387444019317627,83.27313232421875,74.0893325805664,0.9802762269973755,0.0,0.0,0.03189264237880707,69.00530242919922,60.27644348144531,0.9618270397186279,57.70744323730469,91.7908706665039,0.9529910087585449,39.95558166503906,71.40693664550781,0.9959527254104614,67.08706665039062,137.87783813476562,0.7821305394172668,50.11803436279297,108.59210205078125,0.9926761984825134,91.87521362304688,156.8684844970703,0.769995391368866,89.94471740722656,144.84164428710938,0.9798212051391602,38.1053466796875,182.77886962890625,0.9562346935272217,23.98563003540039,177.5450897216797,0.9832096695899963,0.0,0.0,0.2067975401878357,0.0,0.0,0.4303525686264038,0.0,0.0,0.009117322973906994,0.0,0.0,0.016556335613131523
587,True,82.85709381103516,82.37059020996094,0.9663190841674805,0.0,0.0,0.45467931032180786,83.21804809570312,74.48719787597656,0.9774065017700195,0.0,0.0,0.02855098620057106,69.38475036621094,60.05016326904297,0.9502689838409424,57.38772964477539,92.1216049194336,0.9244071841239929,41.73827362060547,67.75749206542969,0.995372474193573,61.2725830078125,138.50125122070312,0.6954523921012878,40.12681579589844,98.75606536865234,0.9930773973464966,90.17424011230469,155.7201690673828,0.7332910299301147,82.12183380126953,143.21734619140625,0.9831531643867493,36.847557067871094,184.8848114013672,0.925778329372406,24.59307098388672,177.98800659179688,0.9765116572380066,0.0,0.0,0.12324168533086777,0.0,0.0,0.3335501253604889,0.0,0.0,0.005126223433762789,0.0,0.0,0.010970896109938622
588,True,83.39205932617188,81.65042114257812,0.9740549325942993,86.21095275878906,79.32597351074219,0.5294058918952942,83.60302734375,74.05609893798828,0.980430006980896,0.0,0.0,0.03296855092048645,69.47075653076172,60.58422088623047,0.9523444771766663,60.05387878417969,94.0439453125,0.9551963806152344,41.17315673828125,68.58627319335938,0.995690643787384,65.09504699707031,139.60948181152344,0.8286982774734497,35.83558654785156,97.49917602539062,0.9935727119445801,89.95611572265625,154.3858642578125,0.8519887328147888,78.16534423828125,142.82337951660156,0.9867280125617981,39.63230514526367,183.07470703125,0.9510806202888489,25.56332015991211,175.71615600585938,0.9804003238677979,0.0,0.0,0.17617134749889374,0.0,0.0,0.3687060475349426,0.0,0.0,0.006507996004074812,0.0,0.0,0.011551030911505222
589,True,82.79399871826172,82.20478820800781,0.9716416597366333,85.75543212890625,79.7618408203125,0.5255599021911621,83.23265075683594,74.49441528320312,0.9736253619194031,0.0,0.0,0.040926381945610046,69.97444152832031,60.828460693359375,0.9375231266021729,62.04530715942383,96.0631103515625,0.9732517600059509,40.51381301879883,67.93571472167969,0.9959523677825928,68.45343017578125,143.66786193847656,0.9131161570549011,34.31462860107422,95.36946868896484,0.9944117665290833,91.25636291503906,155.99217224121094,0.9188640713691711,75.97438049316406,141.5945281982422,0.9892695546150208,40.0217399597168,185.45816040039062,0.9686601758003235,24.175411224365234,177.11546325683594,0.9842594265937805,0.0,0.0,0.2011624127626419,0.0,0.0,0.3583384156227112,0.0,0.0,0.005923677235841751,0.0,0.0,0.009183448739349842
590,True,82.30917358398438,82.3888931274414,0.976952075958252,85.70780944824219,80.29360961914062,0.5681645274162292,82.83305358886719,74.63127136230469,0.9794564843177795,0.0,0.0,0.042132195085287094,69.31983184814453,60.63261413574219,0.9526020288467407,62.16973876953125,95.5086669921875,0.9794428944587708,38.95769500732422,69.01663208007812,0.996626615524292,67.6671142578125,140.920166015625,0.927376389503479,34.17719650268555,97.74346160888672,0.9947847723960876,90.34790802001953,156.11553955078125,0.9278391599655151,75.23133087158203,142.03932189941406,0.9897587299346924,41.118160247802734,182.63278198242188,0.9754790663719177,24.44312286376953,174.93443298339844,0.9870362877845764,0.0,0.0,0.2601575553417206,0.0,0.0,0.4214785397052765,0.0,0.0,0.007937385700643063,0.0,0.0,0.01160372607409954
591,True,82.33770751953125,82.53549194335938,0.9759136438369751,85.63641357421875,80.3194580078125,0.5485952496528625,82.77893829345703,74.84147644042969,0.9787188172340393,0.0,0.0,0.0383380763232708,69.32655334472656,60.77735900878906,0.9492452144622803,61.57621765136719,95.3445816040039,0.9755864143371582,39.69846725463867,68.65538024902344,0.9964911341667175,66.8071517944336,140.92230224609375,0.9209598302841187,32.88062286376953,96.72941589355469,0.9952436089515686,90.09854125976562,155.90037536621094,0.9292454123497009,74.01306915283203,142.09912109375,0.9911807179450989,40.264347076416016,183.115234375,0.9715185761451721,24.484962463378906,175.3455352783203,0.9858825206756592,0.0,0.0,0.22248461842536926,0.0,0.0,0.3886287212371826,0.0,0.0,0.006328286603093147,0.0,0.0,0.009729941375553608
592,True,81.95439910888672,81.95771789550781,0.9729539752006531,85.25515747070312,79.5452880859375,0.5261380076408386,82.17352294921875,74.10984802246094,0.9789326786994934,0.0,0.0,0.03324766084551811,68.3142318725586,60.55181884765625,0.9489166140556335,61.1215934753418,94.4459457397461,0.957892894744873,38.589988708496094,70.42459106445312,0.9958190321922302,65.8905029296875,137.57542419433594,0.8500930070877075,33.52721405029297,99.60433959960938,0.9940634369850159,88.83265686035156,153.94406127929688,0.8698750734329224,75.29093170166016,143.27520751953125,0.9881183505058289,42.53312301635742,185.31268310546875,0.9578786492347717,25.886611938476562,178.82147216796875,0.9827001094818115,0.0,0.0,0.17974863946437836,0.0,0.0,0.37075507640838623,0.0,0.0,0.006404058076441288,0.0,0.0,0.011299111880362034
593,True,81.61709594726562,82.3686752319336,0.971189558506012,84.91413879394531,80.12678527832031,0.5085344314575195,81.91867065429688,74.53358459472656,0.9780638217926025,0.0,0.0,0.02971480041742325,67.7564468383789,60.922882080078125,0.9441498517990112,60.285423278808594,94.88164520263672,0.9499804973602295,37.160179138183594,70.71300506591797,0.9950854182243347,65.88896942138672,138.53652954101562,0.8458927869796753,29.666770935058594,101.31442260742188,0.9940580129623413,89.32145690917969,153.72265625,0.8763924837112427,75.97602081298828,143.25531005859375,0.989140510559082,42.85972595214844,186.15606689453125,0.9504106044769287,25.625205993652344,179.81832885742188,0.9796338677406311,0.0,0.0,0.14862032234668732,0.0,0.0,0.32193660736083984,0.0,0.0,0.005042193457484245,0.0,0.0,0.0089945700019598
594,True,80.47467041015625,82.58866119384766,0.9746290445327759,84.3594970703125,80.62738800048828,0.5840787291526794,80.95726776123047,74.54582977294922,0.9783031344413757,0.0,0.0,0.04168816655874252,66.80193328857422,59.944313049316406,0.9377083778381348,60.776649475097656,94.04545593261719,0.9626162052154541,35.39189910888672,70.07901763916016,0.9943643808364868,66.87479400634766,137.45663452148438,0.8702805638313293,30.348724365234375,102.22354888916016,0.9911115765571594,89.18704223632812,154.36280822753906,0.881170392036438,77.35144805908203,142.58880615234375,0.9838264584541321,43.02515411376953,185.39263916015625,0.9557580351829529,24.739585876464844,179.02789306640625,0.9777039289474487,0.0,0.0,0.18744321167469025,0.0,0.0,0.3364659249782562,0.0,0.0,0.006855491083115339,0.0,0.0,0.01057031936943531
595,True,79.8250503540039,82.67039489746094,0.9739701151847839,83.7166748046875,80.09698486328125,0.5765851140022278,80.08641815185547,74.4204330444336,0.9778887033462524,0.0,0.0,0.04033864662051201,66.1865463256836,59.93937683105469,0.9315319061279297,62.0195198059082,95.7378921508789,0.9545857906341553,35.21995162963867,69.67860412597656,0.9944584369659424,68.07356262207031,140.1856231689453,0.861720085144043,27.029285430908203,97.92835998535156,0.9930247068405151,88.26419067382812,154.75184631347656,0.8903467059135437,72.70931243896484,137.01638793945312,0.9885293841362,44.54294967651367,186.92605590820312,0.9466142654418945,24.783523559570312,179.84793090820312,0.9760536551475525,0.0,0.0,0.13864324986934662,0.0,0.0,0.2899201214313507,0.0,0.0,0.004732106812298298,0.0,0.0,0.008163769729435444
596,True,79.78042602539062,82.7113265991211,0.9734300971031189,83.69429016113281,80.18962097167969,0.5761205554008484,80.13887023925781,74.43780517578125,0.9774878025054932,0.0,0.0,0.040932148694992065,66.32820129394531,59.893165588378906,0.9291418790817261,61.842689514160156,95.3673324584961,0.9508059620857239,35.199371337890625,69.73052215576172,0.9942643046379089,67.96637725830078,139.52621459960938,0.85097736120224,27.339691162109375,98.52653503417969,0.9927854537963867,87.85665893554688,154.02984619140625,0.8826571106910706,72.84464263916016,137.11538696289062,0.988017201423645,44.52601623535156,186.88754272460938,0.9423954486846924,24.77320098876953,179.97842407226562,0.9746840000152588,0.0,0.0,0.12971703708171844,0.0,0.0,0.278945654630661,0.0,0.0,0.004516171757131815,0.0,0.0,0.007935508154332638
597,True,79.56464385986328,82.65109252929688,0.9608629941940308,82.30159759521484,79.61476135253906,0.5023042559623718,79.66078186035156,74.42105102539062,0.9667392373085022,0.0,0.0,0.046940408647060394,66.279541015625,60.93699645996094,0.9157085418701172,61.98274230957031,96.52836608886719,0.9495792984962463,36.057090759277344,69.91532135009766,0.9958038926124573,67.87535858154297,143.6611328125,0.8458654284477234,25.344934463500977,97.46234893798828,0.9951266050338745,92.64866638183594,155.66172790527344,0.8678995966911316,75.27227020263672,134.91867065429688,0.9897595643997192,43.723060607910156,187.70709228515625,0.9472103714942932,24.07783317565918,180.1143798828125,0.9793227314949036,0.0,0.0,0.12206826359033585,0.0,0.0,0.2903326153755188,0.0,0.0,0.003970662597566843,0.0,0.0,0.007855840027332306
598,True,79.83194732666016,83.19805908203125,0.9409040212631226,0.0,0.0,0.39993882179260254,80.34445190429688,75.12499237060547,0.9517588019371033,0.0,0.0,0.04016513749957085,68.58517456054688,61.60608673095703,0.8937842845916748,58.81132888793945,96.71703338623047,0.9041452407836914,39.681243896484375,68.66224670410156,0.9947088956832886,61.75457000732422,142.21852111816406,0.6972839832305908,26.75495719909668,90.37490844726562,0.9937686920166016,91.24903869628906,158.53550720214844,0.7443097829818726,76.45233154296875,132.20425415039062,0.9856144785881042,40.21485900878906,187.9655303955078,0.9145460724830627,25.36507797241211,180.09774780273438,0.9733480215072632,0.0,0.0,0.09150052815675735,0.0,0.0,0.2756972312927246,0.0,0.0,0.0035262135788798332,0.0,0.0,0.008346443064510822
599,True,81.0228500366211,82.1346664428711,0.9452922940254211,0.0,0.0,0.3936017155647278,81.18637084960938,74.07965087890625,0.9571851491928101,0.0,0.0,0.03792383149266243,67.76695251464844,61.10682678222656,0.9232136011123657,58.50177001953125,95.8973617553711,0.9377837777137756,39.83958435058594,68.79462432861328,0.9954602122306824,63.7849235534668,141.12771606445312,0.7718528509140015,34.4111442565918,91.61705017089844,0.9934679865837097,92.84956359863281,159.3654327392578,0.7757373452186584,79.48279571533203,135.853759765625,0.9834237098693848,41.24873733520508,186.17434692382812,0.9387611150741577,27.018823623657227,178.52279663085938,0.9776458144187927,0.0,0.0,0.1265445351600647,0.0,0.0,0.31038352847099304,0.0,0.0,0.004880160093307495,0.0,0.0,0.0098807942122221
600,True,80.45478820800781,83.5806884765625,0.9597126245498657,0.0,0.0,0.46737024188041687,81.66082763671875,75.15672302246094,0.9696532487869263,0.0,0.0,0.042950596660375595,69.2799072265625,60.034156799316406,0.9298223257064819,58.89533615112305,94.8711929321289,0.9319090247154236,38.5407600402832,68.50521087646484,0.9951834082603455,67.94247436523438,142.5513153076172,0.6909154653549194,43.72704315185547,101.55052185058594,0.9913724660873413,93.70146179199219,156.891845703125,0.6911219954490662,89.49903106689453,146.9701690673828,0.9754813313484192,39.449913024902344,188.67063903808594,0.9330263733863831,23.916725158691406,181.52508544921875,0.9777135252952576,0.0,0.0,0.13828513026237488,0.0,0.0,0.3605065643787384,0.0,0.0,0.006325852125883102,0.0,0.0,0.013646703213453293
601,True,84.11712646484375,81.86915588378906,0.957672119140625,87.63092041015625,79.94146728515625,0.5013030171394348,85.1981201171875,74.50494384765625,0.9562982320785522,0.0,0.0,0.04199228435754776,72.03717803955078,60.599456787109375,0.8811329007148743,64.36631774902344,93.42796325683594,0.9544231295585632,41.00431442260742,70.32466125488281,0.9897447228431702,72.91947174072266,132.95947265625,0.9008147120475769,28.18305206298828,98.50373840332031,0.9873538613319397,88.82756805419922,148.17295837402344,0.9236806631088257,69.7175064086914,142.87353515625,0.9826378226280212,45.04570770263672,181.7749481201172,0.9573155641555786,28.75127410888672,175.53953552246094,0.9731035232543945,0.0,0.0,0.22165638208389282,0.0,0.0,0.329182505607605,0.0,0.0,0.007715900894254446,0.0,0.0,0.010138720273971558
602,True,83.88179016113281,82.3436279296875,0.9580633044242859,87.4878921508789,80.4952392578125,0.5049013495445251,85.17152404785156,74.92437744140625,0.9563905000686646,0.0,0.0,0.04332664608955383,72.18634796142578,60.543060302734375,0.8784103393554688,63.9996452331543,93.09738159179688,0.95404452085495,40.7698974609375,70.14736938476562,0.9900497198104858,72.52274322509766,132.40074157714844,0.901279628276825,28.280593872070312,98.79439544677734,0.9879060983657837,88.71711730957031,147.99557495117188,0.9246139526367188,69.8860855102539,143.01918029785156,0.9832399487495422,44.719303131103516,181.78121948242188,0.9576648473739624,28.42193603515625,175.63470458984375,0.9737566709518433,0.0,0.0,0.21986700594425201,0.0,0.0,0.3308095932006836,0.0,0.0,0.007612585090100765,0.0,0.0,0.01014214288443327
603,True,84.56370544433594,81.4841537475586,0.9576214551925659,0.0,0.0,0.4917939305305481,85.6068115234375,73.94530487060547,0.9575905203819275,0.0,0.0,0.04034486413002014,72.18199920654297,60.511932373046875,0.8806648254394531,65.76957702636719,94.2598648071289,0.9484243988990784,40.26129150390625,70.64584350585938,0.9910845756530762,76.0475845336914,137.21087646484375,0.889622688293457,27.955394744873047,102.02076721191406,0.9900956153869629,89.48239135742188,148.54933166503906,0.9180475473403931,71.94745635986328,144.29910278320312,0.985577404499054,46.94358825683594,186.28993225097656,0.9530808925628662,28.646324157714844,179.83358764648438,0.9740164875984192,0.0,0.0,0.16798073053359985,0.0,0.0,0.2869279384613037,0.0,0.0,0.005311436485499144,0.0,0.0,0.007794787175953388
604,True,84.572265625,81.305419921875,0.9627943634986877,88.33575439453125,79.06822204589844,0.5057597160339355,85.01728057861328,73.7676010131836,0.9660457372665405,0.0,0.0,0.040330227464437485,71.08264923095703,60.278289794921875,0.9101407527923584,69.70550537109375,96.00088500976562,0.9495007991790771,38.24467086791992,72.60320281982422,0.9938510656356812,78.1910400390625,140.25059509277344,0.8744666576385498,25.077468872070312,104.22720336914062,0.9928752183914185,90.83177185058594,151.9086151123047,0.9163972735404968,71.78070068359375,143.2029571533203,0.9895315170288086,49.6314697265625,186.04164123535156,0.9448426961898804,28.087974548339844,179.46835327148438,0.9742042422294617,0.0,0.0,0.1706341654062271,0.0,0.0,0.3248695135116577,0.0,0.0,0.005622973665595055,0.0,0.0,0.009177077561616898
605,True,84.75061798095703,80.74659729003906,0.9624193906784058,88.67069244384766,78.83381652832031,0.5506682991981506,85.56369018554688,72.82321166992188,0.9685579538345337,0.0,0.0,0.04715205729007721,72.16683959960938,59.915863037109375,0.9133839011192322,68.34831237792969,95.5857925415039,0.9346983432769775,39.27020263671875,73.58280944824219,0.9917845726013184,76.0983657836914,135.3389892578125,0.7910043001174927,28.15987777709961,105.7107162475586,0.9869229197502136,89.20878601074219,146.73904418945312,0.8296953439712524,73.43669128417969,142.41404724121094,0.9775828123092651,52.675777435302734,184.81552124023438,0.9321049451828003,32.462860107421875,179.03280639648438,0.9685922265052795,0.0,0.0,0.15897402167320251,0.0,0.0,0.3107883632183075,0.0,0.0,0.0067629702389240265,0.0,0.0,0.011285275220870972
606,True,85.11373138427734,80.4520263671875,0.9612606167793274,88.6272201538086,78.61308288574219,0.5143641233444214,86.33901977539062,72.79936218261719,0.96205735206604,0.0,0.0,0.04939207807183266,73.15540313720703,60.476043701171875,0.9126397967338562,69.18241882324219,96.29972839355469,0.9668545722961426,39.445613861083984,74.3041763305664,0.9944249391555786,78.45113372802734,134.4909210205078,0.9156739115715027,27.390666961669922,104.06175231933594,0.9927213788032532,90.49176025390625,147.40771484375,0.9301432967185974,74.01405334472656,140.2913818359375,0.9882873892784119,52.6527099609375,183.5777130126953,0.9677714109420776,31.96499252319336,177.46908569335938,0.9822102785110474,0.0,0.0,0.22480610013008118,0.0,0.0,0.3622435927391052,0.0,0.0,0.007082901895046234,0.0,0.0,0.010293594561517239
607,True,86.05426025390625,80.46269226074219,0.9700571298599243,90.23310089111328,78.75349426269531,0.580018162727356,86.66740417480469,72.85182189941406,0.9718918204307556,0.0,0.0,0.05471325293183327,73.92500305175781,60.20874786376953,0.92917799949646,73.4889907836914,96.33390045166016,0.9696449637413025,41.447784423828125,73.12940979003906,0.9962816834449768,79.74139404296875,137.42330932617188,0.9189792275428772,26.26160430908203,102.6535873413086,0.9956172704696655,92.81463623046875,156.14723205566406,0.9343166351318359,73.03101348876953,136.55191040039062,0.992622971534729,57.29789352416992,181.63665771484375,0.9739417433738708,34.78889465332031,174.8004608154297,0.9879221320152283,0.0,0.0,0.259444922208786,0.0,0.0,0.44674092531204224,0.0,0.0,0.008115890435874462,0.0,0.0,0.013218503445386887
608,True,86.01187133789062,80.44970703125,0.9730653762817383,90.29249572753906,78.754150390625,0.5977270007133484,86.50845336914062,72.82554626464844,0.9745127558708191,0.0,0.0,0.05596787855029106,73.75336456298828,60.06781005859375,0.9363051652908325,73.76329040527344,96.2933349609375,0.975314736366272,41.44708251953125,72.8096923828125,0.9967730641365051,79.28266906738281,137.45018005371094,0.9331263303756714,26.91075897216797,102.18878173828125,0.9961328506469727,92.92958068847656,156.47654724121094,0.9437558650970459,73.50454711914062,136.67568969726562,0.99339359998703,57.21641540527344,181.7078094482422,0.9788141846656799,34.470149993896484,174.73814392089844,0.9898298382759094,0.0,0.0,0.2887604236602783,0.0,0.0,0.4746628403663635,0.0,0.0,0.008746215142309666,0.0,0.0,0.013859059661626816
609,True,89.02069091796875,80.09867858886719,0.9683065414428711,92.88096618652344,78.31400299072266,0.5387648344039917,89.22489929199219,73.15608215332031,0.974856972694397,0.0,0.0,0.03882167115807533,75.40067291259766,61.18018341064453,0.9480127096176147,76.01788330078125,96.75145721435547,0.9704334139823914,42.980796813964844,74.41065979003906,0.9953556060791016,80.55705261230469,136.67442321777344,0.926180362701416,24.482688903808594,102.24278259277344,0.9947355389595032,91.45870208740234,152.08230590820312,0.9453237056732178,70.72972869873047,135.60792541503906,0.9924903512001038,57.79991912841797,175.9248504638672,0.9749539494514465,35.24431610107422,169.45376586914062,0.9867615699768066,0.0,0.0,0.3483239710330963,33.22188186645508,230.24586486816406,0.5141209363937378,0.0,0.0,0.012788266874849796,0.0,0.0,0.018185630440711975
610,True,91.86857604980469,81.73119354248047,0.9449020624160767,0.0,0.0,0.30874940752983093,92.38383483886719,75.27969360351562,0.9659476280212402,0.0,0.0,0.01686418615281582,78.53187561035156,62.87480163574219,0.951836109161377,76.69757080078125,96.31053161621094,0.9418783783912659,46.065696716308594,74.36933898925781,0.9967113733291626,79.6120834350586,137.7199249267578,0.8638315200805664,25.857318878173828,100.98722839355469,0.9975225329399109,92.3952865600586,154.86585998535156,0.9125398993492126,70.96125793457031,135.84471130371094,0.995823860168457,60.02046203613281,177.705078125,0.9704243540763855,39.0419807434082,171.66082763671875,0.9906485676765442,0.0,0.0,0.28926289081573486,37.71870803833008,234.40097045898438,0.5745069980621338,0.0,0.0,0.010090352967381477,0.0,0.0,0.02030280791223049
611,True,91.16902160644531,82.4487533569336,0.962130606174469,0.0,0.0,0.4713195860385895,91.78874206542969,75.63175201416016,0.9725842475891113,0.0,0.0,0.034064024686813354,79.53878784179688,62.909156799316406,0.9422819018363953,78.30842590332031,98.23711395263672,0.9521560668945312,48.25108337402344,75.1480484008789,0.9969301819801331,81.138916015625,138.94692993164062,0.8842912912368774,27.239810943603516,101.1031723022461,0.9974632263183594,93.46786499023438,155.69680786132812,0.9288305044174194,72.2431640625,138.6736602783203,0.9958775043487549,61.093955993652344,177.93392944335938,0.9751011729240417,40.07374954223633,171.2517852783203,0.9917049407958984,0.0,0.0,0.3399244546890259,35.47362518310547,234.46961975097656,0.6193527579307556,0.0,0.0,0.012419198639690876,0.0,0.0,0.024655146524310112
612,True,93.29647064208984,83.10292053222656,0.961936891078949,0.0,0.0,0.45835080742836,93.93434143066406,75.84967041015625,0.9730126857757568,0.0,0.0,0.03331074118614197,81.53583526611328,63.08465576171875,0.941913902759552,80.56661987304688,100.62920379638672,0.9453622102737427,50.104400634765625,76.46652221679688,0.9975887537002563,84.19729614257812,143.22735595703125,0.8592351675033569,27.18132781982422,102.83877563476562,0.9981037378311157,96.19921112060547,158.02188110351562,0.917019248008728,71.20477294921875,136.8118896484375,0.9966578483581543,62.43059539794922,181.61224365234375,0.9719454050064087,41.29438018798828,174.08657836914062,0.9923082590103149,0.0,0.0,0.28484445810317993,34.28302764892578,236.97520446777344,0.6035104990005493,0.0,0.0,0.009278903715312481,0.0,0.0,0.021174581721425056
613,True,93.30195617675781,83.37364196777344,0.9543319940567017,0.0,0.0,0.4023769795894623,94.04944610595703,76.26432800292969,0.9684416651725769,0.0,0.0,0.02913670614361763,81.85830688476562,63.32603454589844,0.936713457107544,80.61038208007812,100.0959701538086,0.9341899156570435,50.27485656738281,76.219482421875,0.9975922703742981,83.64190673828125,143.0943603515625,0.8382130265235901,26.880775451660156,102.67034912109375,0.9982962012290955,96.10736083984375,157.7750701904297,0.9072034358978271,71.30951690673828,136.56578063964844,0.9969059824943542,62.39813232421875,181.58062744140625,0.9700903296470642,41.22541809082031,174.18946838378906,0.9925721287727356,0.0,0.0,0.2679850459098816,34.36278533935547,237.0462646484375,0.6077256798744202,0.0,0.0,0.008752484805881977,0.0,0.0,0.02147691883146763
614,True,93.86061096191406,82.45869445800781,0.9648452997207642,0.0,0.0,0.4400944709777832,94.34754943847656,75.28816223144531,0.977517306804657,0.0,0.0,0.029578479006886482,81.80384063720703,63.34503173828125,0.9601197838783264,82.42414093017578,101.81814575195312,0.9581264853477478,49.67747497558594,78.82661437988281,0.9984867572784424,85.92008209228516,143.70005798339844,0.8904032111167908,25.72922134399414,105.20933532714844,0.9989124536514282,95.52279663085938,157.85345458984375,0.9383007884025574,70.06403350830078,135.0610809326172,0.9980552196502686,65.60591125488281,180.29603576660156,0.9813443422317505,43.20249938964844,173.35992431640625,0.9952867031097412,0.0,0.0,0.36284318566322327,35.28559875488281,237.2470245361328,0.7015538811683655,0.0,0.0,0.011237068101763725,0.0,0.0,0.026703791692852974
615,True,95.49170684814453,81.59323120117188,0.9723570346832275,99.22830200195312,79.00494384765625,0.5501002669334412,95.06424713134766,74.42652893066406,0.9782085418701172,0.0,0.0,0.04501790925860405,81.55516815185547,64.82836151123047,0.9570996165275574,86.4704360961914,100.94694519042969,0.9762099385261536,48.542518615722656,81.69170379638672,0.997809112071991,91.14015197753906,139.77578735351562,0.9218519926071167,25.459732055664062,109.50048065185547,0.9973631501197815,99.260498046875,158.69805908203125,0.9251703023910522,67.21925354003906,133.05453491210938,0.994635283946991,69.39081573486328,182.50225830078125,0.9787052273750305,43.668025970458984,176.87106323242188,0.9916719794273376,0.0,0.0,0.2356303483247757,0.0,0.0,0.45040038228034973,0.0,0.0,0.006637732498347759,0.0,0.0,0.011699618771672249
616,True,96.93357849121094,82.97047424316406,0.9547757506370544,0.0,0.0,0.37282994389533997,96.84294891357422,75.82535552978516,0.9713600277900696,0.0,0.0,0.025094475597143173,82.95101928710938,65.33695983886719,0.9542914032936096,86.41158294677734,100.64595031738281,0.9484348297119141,49.07191467285156,82.133544921875,0.9979404807090759,90.42668151855469,140.85108947753906,0.8250184059143066,24.752132415771484,111.38795471191406,0.9979578256607056,98.71293640136719,157.50477600097656,0.8543331027030945,66.51532745361328,135.1753387451172,0.9951896667480469,69.54045867919922,185.2292022705078,0.968418538570404,44.35057830810547,179.96636962890625,0.9919636249542236,0.0,0.0,0.19153010845184326,0.0,0.0,0.4921899437904358,0.0,0.0,0.006298581138253212,0.0,0.0,0.014939841814339161
617,True,95.87938690185547,83.72190856933594,0.963493287563324,0.0,0.0,0.4853673577308655,95.951416015625,76.45015716552734,0.9740724563598633,0.0,0.0,0.0415290892124176,83.2703857421875,65.71292114257812,0.9481450319290161,87.06564331054688,101.58207702636719,0.955294132232666,49.51814270019531,83.13481903076172,0.9978918433189392,90.41527557373047,141.61427307128906,0.837833046913147,23.30097198486328,112.9887924194336,0.997570812702179,98.15717315673828,156.72198486328125,0.8621407747268677,62.26139831542969,132.86805725097656,0.9944180250167847,69.88272094726562,182.3507080078125,0.9687855243682861,44.60298538208008,177.05909729003906,0.9914329051971436,0.0,0.0,0.22217977046966553,43.04106903076172,232.87478637695312,0.5186488032341003,0.0,0.0,0.007852455601096153,0.0,0.0,0.017802612856030464
618,True,96.90946197509766,82.85405731201172,0.9658235311508179,100.94519805908203,79.89540100097656,0.5104525089263916,96.34220123291016,75.8574447631836,0.9664375185966492,0.0,0.0,0.0487835556268692,83.10327911376953,65.31145477294922,0.9349155426025391,88.97992706298828,99.75849914550781,0.9744358062744141,49.567588806152344,84.66976165771484,0.9975281357765198,90.61273956298828,140.07347106933594,0.9406086802482605,23.392562866210938,114.5609130859375,0.997385561466217,96.53060150146484,156.26126098632812,0.9595155715942383,61.212982177734375,131.84860229492188,0.9960343241691589,72.29168701171875,178.84341430664062,0.9739540815353394,46.527530670166016,175.44557189941406,0.9887948036193848,0.0,0.0,0.3266749382019043,43.24215316772461,229.13760375976562,0.5295737981796265,0.0,0.0,0.010570649057626724,0.0,0.0,0.01706465519964695
619,True,96.63700103759766,82.2430648803711,0.9726894497871399,100.59525299072266,79.64732360839844,0.5627255439758301,96.27764892578125,75.11491394042969,0.9780408143997192,0.0,0.0,0.05130118876695633,83.30652618408203,65.63656616210938,0.9563828706741333,88.73709106445312,101.60832977294922,0.9774429798126221,49.09423065185547,84.05903625488281,0.9981476068496704,92.27350616455078,141.1797637939453,0.9242280721664429,22.766925811767578,114.54248809814453,0.9976844787597656,97.50462341308594,156.94651794433594,0.9293065071105957,61.614864349365234,132.5833282470703,0.9952256679534912,70.12599182128906,181.85760498046875,0.9797661900520325,43.62101745605469,176.92210388183594,0.9923906922340393,0.0,0.0,0.24757085740566254,0.0,0.0,0.47572416067123413,0.0,0.0,0.006811159197241068,0.0,0.0,0.012355084531009197
620,True,97.48796081542969,82.96810913085938,0.9545674324035645,0.0,0.0,0.39831992983818054,97.49181365966797,75.98750305175781,0.9672033786773682,0.0,0.0,0.0331435352563858,84.01341247558594,66.00528717041016,0.9504420161247253,89.54190063476562,101.119873046875,0.9664357304573059,48.39752960205078,85.14485931396484,0.9979674220085144,94.67916870117188,139.61538696289062,0.902036726474762,23.01507568359375,115.35400390625,0.9979608058929443,97.98147583007812,154.99301147460938,0.9189574122428894,62.9336051940918,134.86117553710938,0.9958071708679199,71.5516357421875,181.326171875,0.9775590300559998,44.2298698425293,177.203857421875,0.9926562309265137,0.0,0.0,0.23765337467193604,0.0,0.0,0.49756190180778503,0.0,0.0,0.006785402074456215,0.0,0.0,0.013496307656168938
621,True,97.42266082763672,81.83753967285156,0.9632837176322937,0.0,0.0,0.46728819608688354,97.08966827392578,74.87483978271484,0.9710993766784668,0.0,0.0,0.04231651499867439,84.00630950927734,65.8924560546875,0.9544534087181091,90.46736907958984,101.70604705810547,0.9766103029251099,49.16323471069336,85.85137939453125,0.9981769323348999,95.32696533203125,139.66506958007812,0.9299363493919373,23.639915466308594,116.04588317871094,0.9979738593101501,98.31272888183594,156.6693115234375,0.9368244409561157,62.508087158203125,137.43885803222656,0.9958384037017822,72.29451751708984,181.83998107910156,0.9797354936599731,44.976478576660156,177.71945190429688,0.992414653301239,0.0,0.0,0.22448378801345825,0.0,0.0,0.4471520483493805,0.0,0.0,0.005692356266081333,0.0,0.0,0.010393203236162663
622,True,97.3221435546875,82.2210922241211,0.9615305662155151,0.0,0.0,0.4446340501308441,97.04815673828125,75.17916870117188,0.9742352962493896,0.0,0.0,0.037418182939291,83.76959228515625,66.04798126220703,0.9613214135169983,90.81031799316406,101.84300994873047,0.9662245512008667,48.85116195678711,86.70642852783203,0.9983171224594116,95.51300048828125,139.13482666015625,0.8757901787757874,24.23382568359375,117.95333099365234,0.9979904890060425,98.21513366699219,153.61952209472656,0.893951952457428,62.71213150024414,137.45452880859375,0.9953836798667908,73.18679809570312,180.4175567626953,0.9717684984207153,45.58119583129883,176.4068603515625,0.9916886687278748,0.0,0.0,0.20640701055526733,0.0,0.0,0.4792455732822418,0.0,0.0,0.006347108166664839,0.0,0.0,0.013654189184308052
623,True,97.44976043701172,82.22293853759766,0.9578425884246826,0.0,0.0,0.4312458038330078,97.2630386352539,75.3334732055664,0.9726282954216003,0.0,0.0,0.03556980937719345,83.99229431152344,66.32242584228516,0.9590849876403809,90.45967102050781,101.09257507324219,0.9586610198020935,48.90366744995117,86.51712799072266,0.9980247020721436,95.62052154541016,136.94447326660156,0.8390405774116516,24.233875274658203,117.39996337890625,0.997459352016449,99.54496765136719,150.7830810546875,0.8612194061279297,63.261253356933594,135.0169677734375,0.9939946532249451,72.2357406616211,179.4708251953125,0.9702567458152771,45.01124572753906,175.57131958007812,0.9915036559104919,0.0,0.0,0.23389385640621185,44.815486907958984,230.85659790039062,0.5245267748832703,0.0,0.0,0.008355580270290375,0.0,0.0,0.01818818971514702
624,True,97.19366455078125,82.2737045288086,0.9644585847854614,0.0,0.0,0.4790683686733246,97.05789184570312,75.28350067138672,0.975062370300293,0.0,0.0,0.043787192553281784,84.1570053100586,66.19847869873047,0.9605517387390137,91.00740051269531,101.39247131347656,0.9696472883224487,49.03926467895508,86.64710235595703,0.9984166622161865,96.44566345214844,137.82484436035156,0.8869256973266602,24.562942504882812,117.75354766845703,0.9980251789093018,99.37188720703125,155.26231384277344,0.8992764353752136,63.050559997558594,137.3390655517578,0.9953488707542419,73.3919906616211,179.31378173828125,0.9744415879249573,45.76322937011719,175.427001953125,0.9922716617584229,0.0,0.0,0.22104541957378387,0.0,0.0,0.4936386048793793,0.0,0.0,0.0068027423694729805,0.0,0.0,0.014369667507708073
625,True,96.51426696777344,82.22315979003906,0.9706254601478577,100.67286682128906,79.61731719970703,0.5574681758880615,96.22596740722656,75.1091537475586,0.9786614179611206,0.0,0.0,0.05697670951485634,83.59800720214844,66.16079711914062,0.9607998728752136,91.2018814086914,101.70419311523438,0.9713708162307739,48.97156524658203,87.02342224121094,0.998433530330658,96.90584564208984,137.79953002929688,0.8817763924598694,24.34979248046875,118.5053482055664,0.997765302658081,98.95419311523438,154.91983032226562,0.8931503295898438,63.415348052978516,137.12896728515625,0.9947293400764465,73.84300231933594,179.2316131591797,0.9735569953918457,46.118438720703125,175.35459899902344,0.9918738007545471,0.0,0.0,0.2286192774772644,46.16632843017578,229.74908447265625,0.5011465549468994,0.0,0.0,0.00740608386695385,0.0,0.0,0.015601031482219696
626,True,96.31791687011719,82.06092071533203,0.9753611087799072,100.70448303222656,79.43993377685547,0.6338542103767395,95.79214477539062,74.8101806640625,0.980769157409668,0.0,0.0,0.07406730204820633,83.45075988769531,66.20777130126953,0.9587148427963257,91.66322326660156,102.34110260009766,0.9742787480354309,49.15665817260742,86.99103546142578,0.998292863368988,97.05780029296875,139.38418579101562,0.8875669240951538,24.19690704345703,118.58274841308594,0.9972061514854431,98.30941772460938,155.78089904785156,0.8919253349304199,61.707908630371094,137.86044311523438,0.9934677481651306,74.69276428222656,180.94827270507812,0.9724318981170654,46.63758850097656,176.94944763183594,0.9907246232032776,0.0,0.0,0.21744804084300995,0.0,0.0,0.4636783003807068,0.0,0.0,0.007061284501105547,0.0,0.0,0.01414155401289463
627,True,96.77157592773438,82.3255615234375,0.9758181571960449,101.06988525390625,79.71710205078125,0.6261277794837952,96.35730743408203,75.16287994384766,0.9831652641296387,0.0,0.0,0.06607819348573685,84.12165832519531,66.2356948852539,0.9632892608642578,91.2021484375,101.70109558105469,0.9662472605705261,49.53898620605469,86.84602355957031,0.9984225034713745,95.2823486328125,138.77993774414062,0.8347057104110718,23.942771911621094,118.78033447265625,0.9973340034484863,99.22702026367188,154.92465209960938,0.8457359671592712,61.38251876831055,136.09027099609375,0.9931392073631287,73.51498413085938,179.57943725585938,0.9683139324188232,45.943138122558594,175.74942016601562,0.991139829158783,0.0,0.0,0.22525891661643982,45.329925537109375,230.93161010742188,0.5177958011627197,0.0,0.0,0.008489423431456089,0.0,0.0,0.018998151645064354
628,True,96.58656311035156,82.88259887695312,0.9718106389045715,100.85417938232422,80.16043090820312,0.590108335018158,96.21475219726562,75.65800476074219,0.9811336994171143,0.0,0.0,0.06212836876511574,84.16888427734375,66.39456939697266,0.9592308402061462,91.06982421875,101.88043212890625,0.9556866884231567,49.63722610473633,86.55644226074219,0.9983575940132141,94.88514709472656,139.3619842529297,0.7835620045661926,24.40727996826172,118.52347564697266,0.997330904006958,98.31453704833984,151.66635131835938,0.8085587024688721,62.00397872924805,136.53370666503906,0.992797315120697,72.68196105957031,180.29080200195312,0.9616186022758484,45.20043182373047,176.2649688720703,0.9905372262001038,0.0,0.0,0.1989206075668335,44.847957611083984,231.16342163085938,0.511480987071991,0.0,0.0,0.007864534854888916,0.0,0.0,0.019379200413823128
629,True,96.15791320800781,82.06426239013672,0.9792567491531372,100.61666870117188,79.38475799560547,0.6730426549911499,95.55113983154297,74.81735229492188,0.9840021133422852,0.0,0.0,0.07920803129673004,83.4490737915039,65.92478942871094,0.9614391922950745,91.04359436035156,101.49906921386719,0.9736050963401794,49.958831787109375,86.62155151367188,0.9985361099243164,94.35426330566406,138.9436798095703,0.8741130828857422,24.507431030273438,119.1611099243164,0.9974844455718994,97.55664825439453,155.71563720703125,0.8780869841575623,61.203948974609375,138.802001953125,0.9936116337776184,74.09979248046875,181.04837036132812,0.9735725522041321,46.728145599365234,177.1345977783203,0.9919244647026062,0.0,0.0,0.23352500796318054,45.34510040283203,232.47964477539062,0.506168782711029,0.0,0.0,0.008038269355893135,0.0,0.0,0.016994738951325417
630,True,96.17225646972656,82.12850189208984,0.9791669845581055,100.66473388671875,79.46317291259766,0.6810954213142395,95.60835266113281,74.89209747314453,0.9832631349563599,0.0,0.0,0.08574517071247101,83.8158187866211,66.01840209960938,0.9586470127105713,91.16487121582031,101.4312744140625,0.9743605256080627,50.08412170410156,86.6058349609375,0.9985160231590271,94.28507232666016,138.85580444335938,0.8807629346847534,24.479293823242188,119.04658508300781,0.997443675994873,97.517333984375,155.6859893798828,0.8832993507385254,61.16558837890625,138.77749633789062,0.9935147762298584,74.03285217285156,181.11572265625,0.9734528064727783,46.58771514892578,177.3092041015625,0.9916812777519226,0.0,0.0,0.22236543893814087,0.0,0.0,0.4844066798686981,0.0,0.0,0.0073882839642465115,0.0,0.0,0.015414229594171047
631,True,96.74188995361328,82.66522216796875,0.9689775109291077,100.80964660644531,79.78099060058594,0.5441358089447021,96.34759521484375,75.58663940429688,0.9786416292190552,0.0,0.0,0.05389368534088135,84.35089111328125,66.13291931152344,0.9578126072883606,90.50877380371094,100.87616729736328,0.959686815738678,50.04068374633789,86.05165100097656,0.9984387755393982,93.13772583007812,138.712646484375,0.8248759508132935,24.089431762695312,118.11328887939453,0.9977982044219971,97.7520751953125,152.4271697998047,0.8482903838157654,62.00775146484375,137.5435028076172,0.9943037629127502,72.55094146728516,180.21884155273438,0.9655703902244568,45.69709777832031,176.5863037109375,0.9912129044532776,0.0,0.0,0.19583812355995178,0.0,0.0,0.49786078929901123,0.0,0.0,0.006959724240005016,0.0,0.0,0.016671964898705482
632,True,96.39468383789062,82.35018157958984,0.9724666476249695,100.67382049560547,79.61505126953125,0.5988439321517944,95.78581237792969,75.04183197021484,0.9822853803634644,0.0,0.0,0.06148207187652588,84.1464614868164,65.9364013671875,0.9601263999938965,90.66465759277344,101.57145690917969,0.9472852945327759,50.14027404785156,85.0511245727539,0.9983729124069214,91.83306121826172,141.50157165527344,0.7386208772659302,24.30661392211914,118.36758422851562,0.9973998069763184,96.64350128173828,150.47103881835938,0.7690908908843994,61.462093353271484,137.07176208496094,0.9925939440727234,73.26216888427734,180.82485961914062,0.9519149661064148,45.87337875366211,176.52679443359375,0.989303469657898,0.0,0.0,0.15969134867191315,0.0,0.0,0.47285497188568115,0.0,0.0,0.006555243860930204,0.0,0.0,0.017600778490304947
633,True,97.60750579833984,82.26376342773438,0.9594991207122803,0.0,0.0,0.4277409315109253,97.27513122558594,75.2433090209961,0.974864661693573,0.0,0.0,0.033186499029397964,84.30501556396484,65.63749694824219,0.9602484107017517,90.28733825683594,100.01301574707031,0.9521490931510925,49.526275634765625,85.95516967773438,0.9982267022132874,93.37580871582031,138.2034912109375,0.8259655833244324,23.960350036621094,118.78707122802734,0.9980111122131348,97.83118438720703,151.2421875,0.8608763217926025,61.99766159057617,137.3152313232422,0.9953019618988037,73.77104187011719,180.38087463378906,0.9641663432121277,46.64022445678711,177.20135498046875,0.990933895111084,0.0,0.0,0.1811089664697647,0.0,0.0,0.4773818254470825,0.0,0.0,0.00596848176792264,0.0,0.0,0.014302637428045273
634,True,97.34686279296875,82.440185546875,0.9581331610679626,0.0,0.0,0.4325868487358093,97.02233123779297,75.39208984375,0.9755615592002869,0.0,0.0,0.03464546054601669,84.26512145996094,65.6949691772461,0.9595492482185364,90.2327880859375,99.84564208984375,0.935680091381073,49.812110900878906,86.13477325439453,0.998261034488678,92.87980651855469,137.79702758789062,0.7345783710479736,24.205429077148438,119.48855590820312,0.9978234767913818,98.00326538085938,150.4895782470703,0.7849213480949402,62.47576904296875,136.38449096679688,0.9942466616630554,73.8221206665039,179.5561065673828,0.9558730721473694,47.05997848510742,176.33912658691406,0.9906567335128784,0.0,0.0,0.18078099191188812,46.74884033203125,231.33132934570312,0.5198561549186707,0.0,0.0,0.007181558292359114,0.0,0.0,0.01945156417787075
635,True,96.7588119506836,81.9610824584961,0.9684705138206482,100.80763244628906,79.22282409667969,0.5292173027992249,96.66758728027344,74.98865509033203,0.9772630333900452,0.0,0.0,0.05241570621728897,84.67613983154297,65.45130920410156,0.9585180878639221,90.26478576660156,99.02618408203125,0.9673934578895569,49.91718292236328,86.83622741699219,0.9985193610191345,94.06101989746094,134.0790557861328,0.8777629137039185,24.097259521484375,120.15047454833984,0.9981168508529663,99.08875274658203,150.46200561523438,0.8996459245681763,64.77529907226562,137.55780029296875,0.9956757426261902,74.80194091796875,176.68447875976562,0.9737657308578491,48.236785888671875,174.29803466796875,0.9925077557563782,0.0,0.0,0.23760132491588593,47.681880950927734,229.9957733154297,0.5306714177131653,0.0,0.0,0.007584976032376289,0.0,0.0,0.01672849804162979
636,True,96.75057220458984,81.94498443603516,0.968865156173706,100.80705261230469,79.21995544433594,0.5322899222373962,96.66320037841797,74.97978973388672,0.9775583148002625,0.0,0.0,0.05272678658366203,84.66105651855469,65.41637420654297,0.9590451717376709,90.29387664794922,99.02378845214844,0.9682111740112305,49.89051055908203,86.76282501220703,0.9985353946685791,94.0702896118164,134.13365173339844,0.8798964619636536,24.048370361328125,120.07780456542969,0.9981202483177185,99.04029083251953,150.4203643798828,0.9010047316551208,64.77753448486328,137.56826782226562,0.995684027671814,74.80926513671875,176.5840606689453,0.9747375845909119,48.237674713134766,174.16616821289062,0.9927371144294739,0.0,0.0,0.2474614977836609,47.65497589111328,230.19677734375,0.5421435236930847,0.0,0.0,0.007944545708596706,0.0,0.0,0.01741771586239338
637,True,97.92317199707031,81.48841857910156,0.9640774130821228,0.0,0.0,0.4784163534641266,97.47843933105469,74.31806945800781,0.9756479263305664,0.0,0.0,0.04164475202560425,84.40619659423828,65.01445770263672,0.959587037563324,89.74267578125,100.42499542236328,0.9629393815994263,49.4488525390625,86.47793579101562,0.9982064962387085,92.94818115234375,138.1632080078125,0.847811222076416,25.100936889648438,120.40206146240234,0.9974810481071472,97.70504760742188,148.79904174804688,0.8718690872192383,67.39169311523438,139.4246063232422,0.9941185712814331,72.51815795898438,179.2378387451172,0.9665162563323975,46.188236236572266,176.23330688476562,0.990216851234436,0.0,0.0,0.2123132199048996,0.0,0.0,0.4907236099243164,0.0,0.0,0.007459442596882582,0.0,0.0,0.01614309288561344
638,True,98.0666275024414,81.53263854980469,0.9598293304443359,0.0,0.0,0.4495565891265869,98.02973937988281,74.28146362304688,0.9698353409767151,0.0,0.0,0.04224364459514618,85.14581298828125,64.71092224121094,0.9529890418052673,90.03793334960938,100.59798431396484,0.9708207845687866,49.18129348754883,86.72032165527344,0.9980989098548889,93.43605041503906,139.00888061523438,0.907932698726654,25.025909423828125,121.5107421875,0.997739315032959,95.73243713378906,149.85842895507812,0.9218407273292542,64.63583374023438,143.03665161132812,0.9951360821723938,73.84249114990234,180.1564178466797,0.9730984568595886,46.68534851074219,177.30731201171875,0.9906455278396606,0.0,0.0,0.2039816826581955,0.0,0.0,0.43464264273643494,0.0,0.0,0.005760387983173132,0.0,0.0,0.011095701716840267
639,True,97.35836791992188,80.87510681152344,0.9713698029518127,101.30622100830078,77.95858764648438,0.5658316612243652,96.95722961425781,73.65524291992188,0.9771750569343567,0.0,0.0,0.05952565744519234,84.63472747802734,64.84625244140625,0.9596054553985596,90.39199829101562,100.6182861328125,0.9789820313453674,49.37615966796875,87.05809783935547,0.9982573390007019,93.43232727050781,137.48739624023438,0.927007257938385,24.59713363647461,121.61080932617188,0.9975538849830627,97.42961120605469,148.9539794921875,0.9335219860076904,65.6822509765625,143.0096893310547,0.9948334693908691,75.3404312133789,178.37745666503906,0.9757600426673889,48.15077209472656,175.8488311767578,0.9904896020889282,0.0,0.0,0.21700915694236755,0.0,0.0,0.42547616362571716,0.0,0.0,0.005934759043157101,0.0,0.0,0.010596622712910175
640,True,99.52332305908203,81.48222351074219,0.9583930969238281,0.0,0.0,0.36770665645599365,99.6898422241211,74.5342025756836,0.9692845344543457,0.0,0.0,0.028624216094613075,86.2649917602539,65.04078674316406,0.9652708172798157,89.4542236328125,100.17167663574219,0.9828119874000549,49.03135681152344,86.99645233154297,0.9985606074333191,92.37370300292969,136.47238159179688,0.9556642770767212,25.08160400390625,121.5552978515625,0.9986050724983215,100.78456115722656,149.29766845703125,0.9614933133125305,72.22773742675781,142.42803955078125,0.9972290396690369,72.92545318603516,179.23529052734375,0.9835954904556274,46.18323516845703,176.80560302734375,0.9932880997657776,0.0,0.0,0.24276000261306763,0.0,0.0,0.45146557688713074,0.0,0.0,0.005389823112636805,0.0,0.0,0.009111134335398674
641,True,100.91044616699219,81.71188354492188,0.9539307951927185,0.0,0.0,0.36140191555023193,100.87520599365234,74.70730590820312,0.9701763987541199,0.0,0.0,0.025458579882979393,87.04364013671875,64.9069595336914,0.9634127020835876,88.37144470214844,99.67479705810547,0.9665777087211609,49.50677490234375,86.17610931396484,0.9978895783424377,87.45428466796875,137.6121826171875,0.8931979537010193,26.1973876953125,122.93060302734375,0.9976058006286621,96.15657806396484,143.5629119873047,0.9135826230049133,81.02786254882812,141.79168701171875,0.9950029253959656,71.93451690673828,180.08322143554688,0.9688613414764404,45.98383331298828,177.79995727539062,0.9891941547393799,0.0,0.0,0.19202984869480133,0.0,0.0,0.4151811897754669,0.0,0.0,0.005466951057314873,0.0,0.0,0.010248210281133652
642,True,100.90542602539062,81.78278350830078,0.9490729570388794,0.0,0.0,0.3397690951824188,100.96734619140625,74.83921813964844,0.9663957357406616,0.0,0.0,0.025128737092018127,87.36719512939453,65.10221099853516,0.9605173468589783,88.45282745361328,99.6422348022461,0.965704083442688,49.56549835205078,86.20325469970703,0.9978398084640503,87.50067138671875,137.57620239257812,0.8946279883384705,26.023971557617188,122.8630142211914,0.9976280331611633,96.11034393310547,143.5418701171875,0.9143403172492981,80.76073455810547,141.80706787109375,0.9950265288352966,72.2093505859375,179.86062622070312,0.9689294099807739,46.238739013671875,177.65478515625,0.9892103672027588,0.0,0.0,0.1887054741382599,0.0,0.0,0.410018652677536,0.0,0.0,0.005306040868163109,0.0,0.0,0.009968622587621212
643,True,100.85090637207031,82.13671112060547,0.9534003138542175,0.0,0.0,0.381062775850296,100.59056091308594,75.48699951171875,0.9681488275527954,0.0,0.0,0.026709938421845436,87.41043853759766,66.11407470703125,0.9590878486633301,88.61953735351562,98.3080825805664,0.968682587146759,50.50531768798828,86.11507415771484,0.9972426891326904,87.10163116455078,135.66688537597656,0.9145183563232422,27.738758087158203,122.83087158203125,0.9970424771308899,97.27642059326172,140.8706817626953,0.9283030033111572,81.5460205078125,140.88302612304688,0.9943167567253113,73.30195617675781,180.79632568359375,0.9738919734954834,47.26306915283203,179.490478515625,0.9892451763153076,0.0,0.0,0.2078177034854889,0.0,0.0,0.39970237016677856,0.0,0.0,0.005567382089793682,0.0,0.0,0.009316972456872463
644,True,100.51095581054688,82.77970886230469,0.9437097907066345,0.0,0.0,0.3336581885814667,100.17819213867188,76.55787658691406,0.9616340398788452,0.0,0.0,0.02444201335310936,87.46321868896484,66.71904754638672,0.9465188980102539,86.92645263671875,96.59634399414062,0.934758186340332,54.11078643798828,86.55416870117188,0.9968331456184387,84.94123840332031,135.1343994140625,0.81595778465271,35.99856948852539,125.45350646972656,0.9968926310539246,99.3853759765625,139.67478942871094,0.8799074292182922,90.9613265991211,141.84092712402344,0.9942610263824463,72.2419204711914,177.05929565429688,0.9474318623542786,50.12469482421875,176.39230346679688,0.9841896891593933,0.0,0.0,0.24468031525611877,50.644439697265625,233.62954711914062,0.5289285778999329,0.0,0.0,0.010147611610591412,0.0,0.0,0.021045150235295296
645,True,100.66020202636719,82.16592407226562,0.9542605876922607,0.0,0.0,0.30386972427368164,99.95590209960938,75.9599609375,0.9729955196380615,0.0,0.0,0.014683800749480724,86.27845764160156,66.61347961425781,0.9700738787651062,85.90525817871094,96.68156433105469,0.9538354873657227,54.98838424682617,87.2794189453125,0.9975364208221436,84.20767211914062,137.45518493652344,0.8779584765434265,39.97239685058594,129.46780395507812,0.9980272650718689,102.9510498046875,142.9571075439453,0.9200524091720581,87.55851745605469,143.78445434570312,0.9964171648025513,70.68621826171875,177.6173095703125,0.9557681679725647,49.41087341308594,176.82376098632812,0.9858878254890442,0.0,0.0,0.2233814001083374,0.0,0.0,0.48548972606658936,0.0,0.0,0.0072411540895700455,0.0,0.0,0.014098718762397766
646,True,100.57591247558594,81.39157104492188,0.9593343734741211,0.0,0.0,0.3139316141605377,99.67012786865234,75.16867065429688,0.9740513563156128,0.0,0.0,0.015133705921471119,85.84764099121094,66.2122802734375,0.9737257957458496,86.10025024414062,96.38967895507812,0.9729872941970825,55.85847091674805,87.81819152832031,0.9979645013809204,84.8597412109375,136.8253631591797,0.9317643046379089,44.147499084472656,132.52566528320312,0.9983795881271362,104.60292053222656,142.81179809570312,0.9528877139091492,93.58865356445312,145.6165008544922,0.9971843361854553,69.6295394897461,175.7010498046875,0.9708121418952942,49.027809143066406,174.88003540039062,0.9887794256210327,0.0,0.0,0.2909718155860901,50.78229522705078,229.6259765625,0.5290533900260925,0.0,0.0,0.008791295811533928,0.0,0.0,0.014955871738493443
647,True,100.6690902709961,81.34373474121094,0.9616509079933167,0.0,0.0,0.318718284368515,99.7124252319336,75.03487396240234,0.9766750335693359,0.0,0.0,0.01433026697486639,85.7581787109375,66.1087646484375,0.9762283563613892,86.03655242919922,96.61418151855469,0.97152179479599,55.97391891479492,88.02442169189453,0.9980589747428894,84.45284271240234,136.79234313964844,0.9260820746421814,44.2140007019043,132.65219116210938,0.9984835982322693,104.53008270263672,142.86846923828125,0.9502696394920349,93.63953399658203,145.5997772216797,0.9973547458648682,70.00057983398438,176.1798858642578,0.969468891620636,49.407371520996094,175.33102416992188,0.9888572096824646,0.0,0.0,0.27860045433044434,51.01603317260742,230.19036865234375,0.527282178401947,0.0,0.0,0.008300629444420338,0.0,0.0,0.014649393036961555
648,True,100.60321044921875,79.79464721679688,0.9811464548110962,0.0,0.0,0.48356181383132935,98.91008758544922,73.57846069335938,0.9942091703414917,0.0,0.0,0.013875589706003666,84.78758239746094,66.28497314453125,0.9926831126213074,87.02938842773438,96.59807586669922,0.934678852558136,58.94044876098633,88.65519714355469,0.9988954067230225,84.55895233154297,136.57876586914062,0.6754753589630127,47.933197021484375,131.50437927246094,0.9988634586334229,101.30992126464844,147.49697875976562,0.7809939980506897,91.7840576171875,143.0017852783203,0.9970594048500061,73.48755645751953,171.25938415527344,0.9446425437927246,53.632503509521484,170.4121856689453,0.9903209805488586,0.0,0.0,0.22155168652534485,55.40784454345703,231.03831481933594,0.6370195150375366,0.0,0.0,0.009384386241436005,0.0,0.0,0.027811603620648384
649,True,100.35174560546875,80.17123413085938,0.9738996624946594,0.0,0.0,0.4983784258365631,99.47116088867188,73.9181137084961,0.9860115647315979,0.0,0.0,0.025550737977027893,86.10111999511719,66.12313842773438,0.9786079525947571,86.96937561035156,96.85043334960938,0.9600779414176941,56.73163604736328,87.42134857177734,0.9979683756828308,85.52099609375,138.07608032226562,0.8168056011199951,42.839088439941406,129.84400939941406,0.9971231818199158,94.45003509521484,146.47727966308594,0.8413674831390381,88.5513687133789,139.78518676757812,0.9932304620742798,71.17353057861328,175.69650268554688,0.9587554931640625,50.15315246582031,174.3247528076172,0.9877415895462036,0.0,0.0,0.23013827204704285,51.65382385253906,229.59262084960938,0.5139476656913757,0.0,0.0,0.009519049897789955,0.0,0.0,0.01964070275425911
650,True,100.94762420654297,80.02220153808594,0.9722416400909424,0.0,0.0,0.4509361982345581,99.85861206054688,73.7005386352539,0.9889631271362305,0.0,0.0,0.01782461255788803,85.63195037841797,65.99735260009766,0.9842202663421631,86.70494842529297,96.56440734863281,0.9187411069869995,54.91923904418945,87.47276306152344,0.9981324076652527,82.75397491455078,139.38037109375,0.5897916555404663,40.93029022216797,130.25003051757812,0.9971442818641663,89.8703842163086,146.70870971679688,0.6526870727539062,88.05319213867188,134.4048309326172,0.9921040534973145,71.61036682128906,176.94410705566406,0.9290809631347656,49.28166961669922,175.80792236328125,0.9860941171646118,0.0,0.0,0.1672326773405075,49.826053619384766,232.8484344482422,0.519648551940918,0.0,0.0,0.008411023765802383,0.0,0.0,0.02304091490805149
651,True,100.22277069091797,79.87327575683594,0.963615894317627,0.0,0.0,0.3414815664291382,98.8817138671875,73.6496810913086,0.9839012026786804,0.0,0.0,0.014579378999769688,84.77392578125,65.70471954345703,0.980340838432312,86.8447265625,95.35965728759766,0.8988374471664429,56.71143341064453,88.11109161376953,0.9985080361366272,83.34247589111328,138.22006225585938,0.6056931018829346,46.03418731689453,129.77037048339844,0.9985333681106567,90.96511840820312,146.3070068359375,0.7416262626647949,92.51927947998047,132.35440063476562,0.9963453412055969,71.91569519042969,174.17417907714844,0.9091643691062927,51.35565948486328,173.56675720214844,0.9852310419082642,0.0,0.0,0.15952084958553314,51.693973541259766,230.8017120361328,0.5551918745040894,0.0,0.0,0.0069822389632463455,0.0,0.0,0.022067265585064888
652,True,99.89997863769531,79.11953735351562,0.9779607653617859,0.0,0.0,0.3953714966773987,98.00950622558594,73.06342315673828,0.9911307096481323,0.0,0.0,0.012562132440507412,83.63005828857422,65.66598510742188,0.9902887344360352,87.15414428710938,95.10720825195312,0.9499608278274536,57.7463493347168,87.9583511352539,0.9991176724433899,85.38630676269531,136.97787475585938,0.767079770565033,50.64385223388672,129.93482971191406,0.9992089867591858,103.3521728515625,150.49513244628906,0.8514973521232605,100.53056335449219,134.571533203125,0.9980295300483704,71.68240356445312,173.36119079589844,0.9456992745399475,51.53313446044922,172.5865478515625,0.9903102517127991,0.0,0.0,0.18869923055171967,52.414554595947266,230.5750732421875,0.5810335278511047,0.0,0.0,0.006312820594757795,0.0,0.0,0.018267061561346054
653,True,100.16181945800781,79.28047180175781,0.9779899716377258,0.0,0.0,0.40548524260520935,98.28565979003906,73.12420654296875,0.9911581873893738,0.0,0.0,0.013584649190306664,84.16253662109375,65.7020034790039,0.9901706576347351,87.99676513671875,95.67650604248047,0.9484784603118896,57.68281555175781,88.00320434570312,0.9991419315338135,85.44425201416016,138.16180419921875,0.7498539686203003,50.262996673583984,129.96519470214844,0.9991933703422546,102.87924194335938,151.04873657226562,0.8369613885879517,100.42588806152344,134.6141815185547,0.9979133009910583,72.27058410644531,173.6785430908203,0.9430072903633118,51.4304313659668,172.76657104492188,0.9901502132415771,0.0,0.0,0.1830357015132904,52.52018356323242,230.30502319335938,0.5805435180664062,0.0,0.0,0.006322052795439959,0.0,0.0,0.0188200231641531
654,True,99.58345031738281,78.47883605957031,0.984197199344635,0.0,0.0,0.4665069282054901,97.35867309570312,72.23208618164062,0.9935077428817749,0.0,0.0,0.017003854736685753,82.80997467041016,65.32038116455078,0.993697464466095,87.65032196044922,95.73095703125,0.9820219278335571,58.55455017089844,87.49349212646484,0.9994625449180603,85.02030944824219,138.66993713378906,0.9178920388221741,57.518829345703125,128.88180541992188,0.9995331764221191,106.73646545410156,154.20118713378906,0.9404829740524292,106.66189575195312,139.66807556152344,0.9987629652023315,72.80414581298828,172.18966674804688,0.9764776229858398,51.98716354370117,170.8035888671875,0.994284451007843,0.0,0.0,0.26257920265197754,51.252079010009766,232.20199584960938,0.6069257259368896,0.0,0.0,0.006393455900251865,0.0,0.0,0.014857806265354156
655,True,99.11893463134766,77.70630645751953,0.9811630845069885,101.93199157714844,74.28020477294922,0.5905894041061401,96.75888061523438,71.25726318359375,0.9885427951812744,0.0,0.0,0.037158817052841187,83.23162841796875,64.76982116699219,0.9802749752998352,88.24024963378906,96.34349822998047,0.9656394124031067,60.47453308105469,86.77101135253906,0.9976849555969238,89.38843536376953,138.90682983398438,0.7911167740821838,64.07947540283203,128.58642578125,0.9959805011749268,114.052490234375,151.98101806640625,0.8134721517562866,112.89688873291016,149.11676025390625,0.9901177287101746,72.35083770751953,176.09986877441406,0.9429951906204224,52.57699203491211,174.3257293701172,0.9817028045654297,0.0,0.0,0.2326161116361618,54.54033279418945,230.4249725341797,0.5062633752822876,0.0,0.0,0.01067593414336443,0.0,0.0,0.02142525464296341
656,True,98.98068237304688,77.15391540527344,0.9839118123054504,101.7006607055664,73.90193176269531,0.6168684959411621,96.80271911621094,70.71624755859375,0.9901164174079895,0.0,0.0,0.04135081544518471,83.29061126708984,64.23161315917969,0.9829565286636353,87.16928100585938,95.68623352050781,0.9708086252212524,62.2772216796875,86.34173583984375,0.9981829524040222,91.77610778808594,136.97752380371094,0.8003774285316467,68.63864135742188,127.72754669189453,0.9966039657592773,120.25994110107422,155.63433837890625,0.8157734870910645,116.28239440917969,152.4998321533203,0.9908197522163391,70.89051818847656,175.93838500976562,0.9502381086349487,53.32102584838867,173.7953643798828,0.9846125841140747,0.0,0.0,0.24531950056552887,53.91443634033203,230.81015014648438,0.5312786102294922,0.0,0.0,0.010974783450365067,0.0,0.0,0.02248251996934414
657,True,97.1983642578125,76.96587371826172,0.9794247150421143,100.02708435058594,73.96392822265625,0.5886301398277283,95.93245697021484,70.29185485839844,0.9875259399414062,0.0,0.0,0.05188852176070213,83.96136474609375,62.81495666503906,0.9778919219970703,83.67931365966797,94.26780700683594,0.9526828527450562,62.792518615722656,84.89988708496094,0.9981124401092529,90.09483337402344,137.62872314453125,0.6654525399208069,71.4314193725586,129.51617431640625,0.9962137341499329,120.15512084960938,158.2556610107422,0.6897191405296326,119.29399108886719,155.9281005859375,0.9877099990844727,67.5614013671875,176.37295532226562,0.9258517026901245,52.506103515625,174.35794067382812,0.981680154800415,0.0,0.0,0.19133858382701874,55.242042541503906,232.105712890625,0.5168718695640564,0.0,0.0,0.00970096979290247,0.0,0.0,0.024173516780138016
658,True,96.78984069824219,76.5218734741211,0.9748950004577637,0.0,0.0,0.40457046031951904,95.72897338867188,70.20075225830078,0.9888784885406494,0.0,0.0,0.02664462849497795,82.832275390625,61.84715270996094,0.9893073439598083,83.02706146240234,91.72057342529297,0.9673447012901306,61.46271514892578,83.28215789794922,0.999369204044342,89.30536651611328,135.46531677246094,0.7803961038589478,71.92835235595703,128.24159240722656,0.9992018342018127,120.71794128417969,159.78753662109375,0.8028848171234131,119.73130798339844,155.24520874023438,0.9965932965278625,66.82522583007812,174.34112548828125,0.9597552418708801,51.57111358642578,172.27902221679688,0.9923956394195557,0.0,0.0,0.20303840935230255,52.67469024658203,237.17391967773438,0.5925917625427246,0.0,0.0,0.006519141606986523,0.0,0.0,0.018777722492814064
659,True,96.81348419189453,76.48450469970703,0.9752699732780457,0.0,0.0,0.4137078821659088,95.73953247070312,70.1457748413086,0.9888266324996948,0.0,0.0,0.02804437093436718,82.96928405761719,61.83827209472656,0.9890656471252441,83.21903228759766,91.74187469482422,0.968318521976471,61.52819061279297,83.28871154785156,0.9993732571601868,89.36054229736328,135.42892456054688,0.7856873869895935,71.92152404785156,128.26144409179688,0.999194324016571,120.73219299316406,159.7937469482422,0.8061315417289734,119.76333618164062,155.28350830078125,0.9965531826019287,66.82003784179688,174.3313751220703,0.960487961769104,51.47245407104492,172.27450561523438,0.9924370646476746,0.0,0.0,0.20401768386363983,52.72492599487305,237.1990509033203,0.5910096168518066,0.0,0.0,0.006514427252113819,0.0,0.0,0.018627911806106567
660,True,91.45488739013672,76.05534362792969,0.9774138927459717,0.0,0.0,0.38933616876602173,90.72462463378906,68.981201171875,0.9919650554656982,0.0,0.0,0.014530743472278118,76.13961029052734,58.39087677001953,0.9910987019538879,71.55671691894531,88.99528503417969,0.9503740668296814,49.9351692199707,78.80001068115234,0.9991227984428406,76.2138671875,135.60499572753906,0.7109098434448242,57.66545104980469,130.54896545410156,0.999029278755188,114.00736236572266,152.41632080078125,0.7236281037330627,114.54247283935547,148.8277587890625,0.9958243370056152,62.009132385253906,180.36585998535156,0.9577345252037048,45.088043212890625,179.278564453125,0.9924300312995911,0.0,0.0,0.15083961188793182,49.40167236328125,240.0,0.5198599696159363,0.0,0.0,0.004666407126933336,0.0,0.0,0.013920276425778866
661,True,88.62438201904297,75.45939636230469,0.9730185270309448,0.0,0.0,0.3953295946121216,87.77458190917969,67.88941955566406,0.9868033528327942,0.0,0.0,0.016713839024305344,73.06640625,56.13017272949219,0.9808114767074585,71.68505859375,89.02511596679688,0.9606213569641113,42.9555549621582,78.1298828125,0.9988479614257812,68.79969787597656,137.27005004882812,0.8824755549430847,30.606048583984375,126.06497192382812,0.9992256164550781,91.56820678710938,150.1072998046875,0.9255614876747131,87.78089141845703,132.7240753173828,0.9983906745910645,60.551815032958984,179.61477661132812,0.9631252288818359,39.65673828125,178.67799377441406,0.9908785223960876,0.0,0.0,0.1355437934398651,0.0,0.0,0.4151880145072937,0.0,0.0,0.0027753778267651796,0.0,0.0,0.006934065837413073
662,True,88.69213104248047,75.38031005859375,0.9727522730827332,0.0,0.0,0.3981586992740631,87.71122741699219,67.91571044921875,0.986538290977478,0.0,0.0,0.016811085864901543,73.00552368164062,56.40794372558594,0.9806177020072937,71.79837036132812,88.98410034179688,0.9610660076141357,43.055259704589844,78.43082427978516,0.9987540245056152,68.9007797241211,136.99359130859375,0.8844239115715027,30.593517303466797,126.16627502441406,0.9991399049758911,91.67566680908203,150.1679229736328,0.9262875318527222,87.80574798583984,132.63916015625,0.9982617497444153,60.6535758972168,178.9757080078125,0.9620310664176941,39.934112548828125,178.27566528320312,0.9901537299156189,0.0,0.0,0.13535840809345245,0.0,0.0,0.40366634726524353,0.0,0.0,0.0027745570987462997,0.0,0.0,0.006693047005683184
663,True,85.81129455566406,73.90309143066406,0.9788094162940979,89.14933013916016,70.56558227539062,0.5127139091491699,84.34931945800781,66.12516784667969,0.990379810333252,0.0,0.0,0.015695853158831596,68.56067657470703,55.189598083496094,0.9770982265472412,67.91557312011719,91.35165405273438,0.9033374786376953,35.68266677856445,75.32775115966797,0.9970093965530396,65.19116973876953,140.11854553222656,0.6776997447013855,15.824264526367188,119.2673568725586,0.9971975088119507,87.12242889404297,148.01730346679688,0.7967812418937683,78.03118896484375,134.60096740722656,0.9949776530265808,56.606571197509766,187.6799774169922,0.9237168431282043,32.936988830566406,185.4186248779297,0.9821116924285889,0.0,0.0,0.11172188073396683,0.0,0.0,0.3745375871658325,0.0,0.0,0.003912384621798992,0.0,0.0,0.010126774199306965
664,True,84.98806762695312,73.71392822265625,0.9775789380073547,0.0,0.0,0.4768672585487366,83.1251220703125,65.98065185546875,0.9898073077201843,0.0,0.0,0.014383425936102867,67.15878295898438,54.8975830078125,0.9769943356513977,66.43843078613281,90.528564453125,0.8866187930107117,35.128292083740234,74.53443908691406,0.9971888661384583,62.47709655761719,141.22671508789062,0.6097708344459534,15.557769775390625,119.2421646118164,0.9972485899925232,86.7500991821289,150.13644409179688,0.76103675365448,80.00560760498047,136.79315185546875,0.9950863718986511,54.94364929199219,188.9713592529297,0.8781346678733826,32.68345642089844,186.97732543945312,0.9736030697822571,0.0,0.0,0.08086510002613068,0.0,0.0,0.32392382621765137,0.0,0.0,0.0029709776863455772,0.0,0.0,0.008497636765241623
665,True,84.84148406982422,73.60020446777344,0.9778515696525574,0.0,0.0,0.49037599563598633,82.76710510253906,65.85398864746094,0.9896160364151001,0.0,0.0,0.014955611899495125,66.77313995361328,54.90199279785156,0.9757428765296936,66.81034851074219,90.43095397949219,0.8886852264404297,35.22092819213867,74.60472106933594,0.9969549179077148,62.590370178222656,141.22579956054688,0.6272109746932983,15.620094299316406,119.3980712890625,0.9970678687095642,86.96475219726562,150.56674194335938,0.7751404047012329,80.20597076416016,136.82493591308594,0.9949711561203003,55.51983642578125,188.67572021484375,0.8803660273551941,33.0152587890625,186.7294464111328,0.9728217720985413,0.0,0.0,0.08181016147136688,0.0,0.0,0.31498992443084717,0.0,0.0,0.002956862561404705,0.0,0.0,0.008150005713105202
666,True,83.96898651123047,73.57402801513672,0.9816575050354004,87.25267791748047,70.31514739990234,0.5312451720237732,82.2537841796875,65.88494873046875,0.9919013381004333,0.0,0.0,0.015314879827201366,66.26971435546875,54.88788604736328,0.9804059267044067,65.7145767211914,90.56582641601562,0.9075602889060974,35.561641693115234,74.63494110107422,0.9974072575569153,61.32377624511719,139.51487731933594,0.674675464630127,18.24701690673828,119.14823913574219,0.9976063966751099,85.55094146728516,151.27743530273438,0.7920218110084534,81.29398345947266,138.8179473876953,0.9954438209533691,54.98707580566406,186.77120971679688,0.9219921231269836,32.55358123779297,184.15512084960938,0.9827383160591125,0.0,0.0,0.1031748503446579,0.0,0.0,0.3645792603492737,0.0,0.0,0.003489381866529584,0.0,0.0,0.009298553690314293
667,True,83.52220916748047,74.29190063476562,0.9819506406784058,0.0,0.0,0.4729590117931366,82.8427734375,66.31919860839844,0.993547260761261,0.0,0.0,0.011668524704873562,66.27965545654297,54.38557434082031,0.9860450625419617,62.33303451538086,90.45523071289062,0.8899369239807129,35.484840393066406,74.93620300292969,0.9985077977180481,59.867042541503906,136.2588653564453,0.6160374879837036,17.06916046142578,119.40077209472656,0.9988477230072021,86.20849609375,149.6045684814453,0.7709965109825134,78.72201538085938,138.67588806152344,0.9974790215492249,53.1250114440918,186.941650390625,0.9206957221031189,32.59629440307617,183.9039306640625,0.987271249294281,0.0,0.0,0.08788464218378067,0.0,0.0,0.4020557105541229,0.0,0.0,0.0028486372902989388,0.0,0.0,0.009731609374284744
668,True,83.65038299560547,74.18148803710938,0.9808921217918396,0.0,0.0,0.4737308621406555,82.91763305664062,66.14460754394531,0.9927458167076111,0.0,0.0,0.012613327242434025,66.13723754882812,54.62803649902344,0.985366940498352,63.83954620361328,91.35600280761719,0.913352370262146,34.70182800292969,75.27963256835938,0.9982544779777527,63.07631301879883,136.79324340820312,0.6861842274665833,18.56851577758789,118.79397583007812,0.998530387878418,88.37007141113281,150.3819580078125,0.8010700941085815,78.8900146484375,139.6914825439453,0.9968575239181519,53.57304763793945,188.6260528564453,0.930946409702301,31.504283905029297,185.27053833007812,0.9864628911018372,0.0,0.0,0.0938628762960434,0.0,0.0,0.3729279041290283,0.0,0.0,0.0029619301203638315,0.0,0.0,0.008829617872834206
669,True,83.19894409179688,74.66557312011719,0.9804958701133728,0.0,0.0,0.4808078408241272,82.50199890136719,66.55645751953125,0.9927056431770325,0.0,0.0,0.012930523604154587,65.52470397949219,54.552581787109375,0.98453289270401,63.701560974121094,91.40666198730469,0.9005402326583862,34.15386962890625,74.38832092285156,0.9980904459953308,62.78723907470703,137.5951385498047,0.6328861117362976,18.77428436279297,117.83888244628906,0.9982806444168091,87.6728515625,149.51080322265625,0.7599719762802124,77.81794738769531,139.82644653320312,0.9961273074150085,52.67509841918945,188.6182403564453,0.9222748279571533,30.34585952758789,184.54469299316406,0.9853611588478088,0.0,0.0,0.09154018014669418,0.0,0.0,0.3721873462200165,0.0,0.0,0.0031317337416112423,0.0,0.0,0.009499737061560154
670,True,82.92003631591797,74.41317749023438,0.9823163151741028,85.87379455566406,71.24872589111328,0.5203853845596313,82.00198364257812,66.2669677734375,0.9930897355079651,0.0,0.0,0.01473294012248516,65.10731506347656,54.59577178955078,0.9845572710037231,64.05010986328125,91.50303649902344,0.9116331934928894,34.091033935546875,74.61984252929688,0.9980525970458984,63.39079666137695,137.11325073242188,0.6655526161193848,18.840484619140625,117.94988250732422,0.998162567615509,87.84553527832031,149.28326416015625,0.7807039618492126,77.73200988769531,139.91537475585938,0.9959771037101746,52.92630386352539,188.32369995117188,0.9268182516098022,30.31353759765625,184.30857849121094,0.985176682472229,0.0,0.0,0.09492377191781998,0.0,0.0,0.36430564522743225,0.0,0.0,0.0031861234456300735,0.0,0.0,0.009194041602313519
671,True,82.76806640625,74.3480224609375,0.9819146990776062,85.58259582519531,71.22978973388672,0.5014469623565674,81.99495697021484,66.34878540039062,0.9932117462158203,0.0,0.0,0.013449743390083313,64.99193572998047,54.627708435058594,0.9861729741096497,63.53415298461914,90.74948120117188,0.9165581464767456,33.14667892456055,75.27184295654297,0.9981051683425903,62.3757438659668,134.67535400390625,0.680587649345398,18.127424240112305,118.79203033447266,0.9981864094734192,87.67442321777344,147.98072814941406,0.7887359261512756,77.94349670410156,140.3760986328125,0.9960377216339111,53.49535369873047,187.17434692382812,0.9341350793838501,30.72075843811035,183.94154357910156,0.986350953578949,0.0,0.0,0.10828395187854767,0.0,0.0,0.39112982153892517,0.0,0.0,0.0036129874642938375,0.0,0.0,0.010120891034603119
672,True,82.32696533203125,73.58338165283203,0.9787451028823853,85.36418151855469,70.32899475097656,0.5375066995620728,81.05426025390625,65.8465576171875,0.9887416958808899,0.0,0.0,0.01892940327525139,64.30646514892578,54.822418212890625,0.9739509224891663,64.49512481689453,90.3531265258789,0.9375629425048828,31.987823486328125,75.31942749023438,0.9956230521202087,64.439697265625,134.9046173095703,0.7756554484367371,17.271209716796875,118.448974609375,0.994674563407898,88.67390441894531,147.52008056640625,0.8331078290939331,77.69159698486328,141.48619079589844,0.9906905889511108,52.602294921875,187.31204223632812,0.9356405735015869,29.135452270507812,184.73651123046875,0.9773648381233215,0.0,0.0,0.13386453688144684,0.0,0.0,0.3229944407939911,0.0,0.0,0.004781875293701887,0.0,0.0,0.009139997884631157
673,True,82.71009826660156,73.31489562988281,0.9776575565338135,85.56578063964844,69.93183898925781,0.5495083928108215,81.34327697753906,65.59749603271484,0.9878286123275757,0.0,0.0,0.019901951774954796,63.99623107910156,55.10955810546875,0.970457136631012,64.3791275024414,91.25296020507812,0.9320664405822754,30.51331329345703,75.42323303222656,0.9936489462852478,66.03657531738281,136.51885986328125,0.765902578830719,13.945289611816406,117.28181457519531,0.991534411907196,87.62503051757812,148.8086700439453,0.8231820464134216,74.82105255126953,141.98606872558594,0.9866752028465271,52.56595993041992,188.31634521484375,0.9169310331344604,28.423309326171875,185.8135986328125,0.965981125831604,0.0,0.0,0.10833032429218292,0.0,0.0,0.24657326936721802,0.0,0.0,0.003989018499851227,0.0,0.0,0.0069496603682637215
674,True,82.47715759277344,73.52625274658203,0.9738638401031494,85.45362854003906,69.91824340820312,0.557979941368103,80.83509826660156,65.75949096679688,0.9858388304710388,0.0,0.0,0.022566577419638634,63.519004821777344,55.28850555419922,0.9618432521820068,64.93446350097656,90.9465103149414,0.8970090746879578,29.622779846191406,75.37738800048828,0.9910274147987366,65.96719360351562,136.8854217529297,0.6389872431755066,12.062110900878906,117.06219482421875,0.9857542514801025,84.22434997558594,145.5133819580078,0.7172269225120544,70.73745727539062,141.35891723632812,0.9766557812690735,53.05155944824219,189.40870666503906,0.8772540092468262,28.146652221679688,187.19741821289062,0.9519364833831787,0.0,0.0,0.08989239484071732,0.0,0.0,0.2192360907793045,0.0,0.0,0.004062289837747812,0.0,0.0,0.007405074778944254
675,True,82.52692413330078,73.23983764648438,0.9716172218322754,85.52465057373047,69.74882507324219,0.5660338997840881,80.91012573242188,65.51283264160156,0.9830564856529236,0.0,0.0,0.025154324248433113,63.68133544921875,55.260108947753906,0.9560298323631287,65.0625,91.33329772949219,0.9164378046989441,28.741180419921875,75.61955261230469,0.9878072142601013,66.15283203125,137.17135620117188,0.7126774787902832,10.079376220703125,117.20643615722656,0.978892982006073,85.72804260253906,145.0357208251953,0.7596431374549866,67.69744110107422,140.3310546875,0.9682570099830627,52.6493034362793,188.6769256591797,0.8879833221435547,27.276832580566406,186.58143615722656,0.9434230923652649,0.0,0.0,0.10369358956813812,0.0,0.0,0.199957937002182,0.0,0.0,0.004614098463207483,0.0,0.0,0.006924773566424847
676,True,82.31529998779297,72.92073059082031,0.9737758636474609,85.403076171875,69.42073822021484,0.591806948184967,80.64555358886719,65.15792083740234,0.9837353229522705,0.0,0.0,0.02785385772585869,63.59022903442383,54.93830871582031,0.9558494091033936,65.00088500976562,90.97129821777344,0.9242523908615112,29.04981231689453,75.42111206054688,0.9884594082832336,66.09380340576172,136.5257568359375,0.735334575176239,10.451839447021484,117.02118682861328,0.9796310663223267,86.0015640258789,145.07650756835938,0.7776955366134644,67.8529052734375,140.35704040527344,0.9695879220962524,52.83128356933594,188.13333129882812,0.8933402895927429,27.705997467041016,186.1114959716797,0.9448534250259399,0.0,0.0,0.10635685920715332,0.0,0.0,0.20049963891506195,0.0,0.0,0.004651807714253664,0.0,0.0,0.00687859021127224
677,True,82.45054626464844,72.81366729736328,0.9717757105827332,85.4661865234375,69.25588989257812,0.5678532123565674,80.62847900390625,65.00209045410156,0.9846429824829102,0.0,0.0,0.022753873839974403,63.0438232421875,55.009071350097656,0.9600732326507568,65.43984985351562,91.29679870605469,0.8915305733680725,28.25634765625,75.49502563476562,0.9871127009391785,65.77384948730469,137.6481170654297,0.6103278994560242,9.959064483642578,115.98057556152344,0.9759477972984314,85.95442199707031,149.64366149902344,0.6606656908988953,64.60649871826172,138.1427764892578,0.9614086747169495,54.06056213378906,187.48187255859375,0.8687589764595032,27.89092254638672,185.3367919921875,0.9408760666847229,0.0,0.0,0.10794404149055481,0.0,0.0,0.22751876711845398,0.0,0.0,0.005961037706583738,0.0,0.0,0.009715943597257137
678,True,81.85603332519531,72.89105987548828,0.971361517906189,84.96234130859375,69.16603088378906,0.5841730237007141,79.96208953857422,64.89210510253906,0.9828928112983704,0.0,0.0,0.025553349405527115,62.44510269165039,54.74151611328125,0.9529742002487183,65.38880157470703,92.11112213134766,0.9019550681114197,27.59609603881836,75.38075256347656,0.9845534563064575,66.10908508300781,140.6741943359375,0.6512237191200256,8.639511108398438,116.14051818847656,0.9707069993019104,87.84818267822266,153.0926971435547,0.6820324659347534,61.918121337890625,136.4647979736328,0.954939603805542,53.49358367919922,190.52186584472656,0.858959972858429,26.845855712890625,187.99630737304688,0.9273709654808044,0.0,0.0,0.08928748220205307,0.0,0.0,0.17354552447795868,0.0,0.0,0.0045961299911141396,0.0,0.0,0.006884908769279718
679,True,80.97491455078125,72.99102783203125,0.9738252758979797,84.08428955078125,69.57035827636719,0.6434298157691956,79.72594451904297,64.81648254394531,0.9831772446632385,0.0,0.0,0.03148086369037628,62.60633087158203,54.40739440917969,0.9542930126190186,63.99366760253906,93.5001220703125,0.9304336309432983,26.416488647460938,75.90526580810547,0.9824085831642151,64.83485412597656,138.8599853515625,0.7966130375862122,4.350379943847656,115.11125946044922,0.9687640070915222,84.3271484375,148.5904083251953,0.824368417263031,56.94805145263672,136.8166961669922,0.9613721966743469,55.98133850097656,189.35385131835938,0.9042380452156067,29.034393310546875,186.74391174316406,0.9348923563957214,0.0,0.0,0.10821006447076797,0.0,0.0,0.1588526964187622,0.0,0.0,0.004267543088644743,0.0,0.0,0.0051612239331007
680,True,80.60192108154297,72.73884582519531,0.9782402515411377,84.02737426757812,69.10873413085938,0.6281473636627197,79.26638793945312,64.64364624023438,0.9819635152816772,0.0,0.0,0.03280156850814819,61.823020935058594,54.094879150390625,0.9559767246246338,65.86372375488281,92.59996795654297,0.9763566255569458,25.999404907226562,77.01608276367188,0.9888746738433838,70.00837707519531,138.23251342773438,0.9425380229949951,5.379447937011719,117.39833068847656,0.982626736164093,90.92970275878906,155.96426391601562,0.9427953362464905,52.057437896728516,139.24476623535156,0.9803404808044434,55.82344055175781,189.11849975585938,0.951374888420105,28.389053344726562,187.04725646972656,0.9548887610435486,0.0,0.0,0.1358729898929596,0.0,0.0,0.15159116685390472,0.0,0.0,0.003446234855800867,0.0,0.0,0.0032962928526103497
681,True,80.34971618652344,72.7734375,0.9774497747421265,83.66703796386719,69.5052719116211,0.6746261715888977,79.19132995605469,64.66276550292969,0.9824031591415405,0.0,0.0,0.03981262817978859,62.395774841308594,54.54203796386719,0.9565252661705017,65.26171875,94.06147766113281,0.9703468680381775,25.398820877075195,77.34952545166016,0.9865174889564514,68.8617935180664,140.04466247558594,0.9237304925918579,2.821758270263672,118.64715576171875,0.9762917160987854,90.57479858398438,156.71463012695312,0.9206993579864502,53.13026428222656,140.64529418945312,0.9719856977462769,56.896888732910156,189.9583740234375,0.9447119832038879,28.94101333618164,187.66213989257812,0.9485731720924377,0.0,0.0,0.12180300801992416,0.0,0.0,0.13669027388095856,0.0,0.0,0.003301382064819336,0.0,0.0,0.0032010118011385202
682,True,80.40885925292969,72.8280258178711,0.9785314798355103,83.70911407470703,69.5079345703125,0.6722748279571533,79.27271270751953,64.75216674804688,0.9839527010917664,0.0,0.0,0.03847423568367958,62.54393768310547,54.45317077636719,0.9610725045204163,65.03677368164062,93.94695281982422,0.9704310894012451,25.730846405029297,77.20699310302734,0.9885300993919373,68.7503662109375,140.28408813476562,0.9179161190986633,2.5433197021484375,118.47534942626953,0.979544460773468,90.68360900878906,156.66873168945312,0.9166417717933655,52.673160552978516,140.32421875,0.9752843379974365,57.3328857421875,188.84677124023438,0.9424427151679993,30.075082778930664,186.7400665283203,0.9505540132522583,0.0,0.0,0.12261427938938141,0.0,0.0,0.14884769916534424,0.0,0.0,0.0033642195630818605,0.0,0.0,0.003473374992609024
683,True,80.41015625,72.32856750488281,0.9804971218109131,83.86433410644531,68.6435775756836,0.6705682873725891,78.64230346679688,64.50718688964844,0.9838558435440063,0.0,0.0,0.04030179604887962,61.929534912109375,54.82532501220703,0.9598265886306763,67.09800720214844,93.06697082519531,0.9785313606262207,26.556095123291016,77.92965698242188,0.9908260703086853,70.21951293945312,139.90333557128906,0.9359913468360901,4.050407409667969,118.74848937988281,0.9829555153846741,91.11759185791016,157.40574645996094,0.9313369989395142,51.18286895751953,140.82632446289062,0.9784300327301025,56.69165802001953,187.2926788330078,0.9560348391532898,29.23330307006836,185.56097412109375,0.961552619934082,0.0,0.0,0.16762451827526093,0.0,0.0,0.1943402737379074,0.0,0.0,0.004536889027804136,0.0,0.0,0.004504033364355564
684,True,80.12430572509766,72.73413848876953,0.9816482067108154,83.75106048583984,69.48757934570312,0.7147324085235596,78.75320434570312,64.85441589355469,0.9860913157463074,0.0,0.0,0.04385150223970413,62.253440856933594,54.616546630859375,0.964201033115387,66.03844451904297,93.11166381835938,0.9752826690673828,25.95130157470703,77.6339111328125,0.9896864295005798,69.42803192138672,138.78012084960938,0.9279703497886658,1.8215789794921875,119.1937255859375,0.9802334904670715,90.57721710205078,157.00482177734375,0.925134003162384,50.38972091674805,139.88665771484375,0.9760022759437561,56.964500427246094,186.84446716308594,0.9561504125595093,29.527559280395508,185.07437133789062,0.9609047174453735,0.0,0.0,0.17161902785301208,0.0,0.0,0.19791781902313232,0.0,0.0,0.004680882673710585,0.0,0.0,0.004644960165023804
685,True,79.96299743652344,72.64994812011719,0.9804509878158569,83.70420837402344,69.37935638427734,0.7355895638465881,78.5649185180664,64.62694549560547,0.9844234585762024,0.0,0.0,0.051273178309202194,62.305789947509766,54.46380615234375,0.9561975002288818,66.05615234375,93.36011505126953,0.9711325764656067,25.776840209960938,77.39473724365234,0.9852778315544128,69.08125305175781,138.44322204589844,0.912420928478241,1.9267959594726562,117.93939208984375,0.9678772687911987,89.97265625,156.95953369140625,0.9048475027084351,50.28760528564453,139.84979248046875,0.9618390202522278,56.819740295410156,188.51950073242188,0.9423531293869019,29.204395294189453,186.65325927734375,0.9440909624099731,0.0,0.0,0.14338771998882294,0.0,0.0,0.15465879440307617,0.0,0.0,0.004287797026336193,0.0,0.0,0.004036810249090195
686,True,78.85235595703125,73.24011993408203,0.9811254739761353,83.03553009033203,70.24699401855469,0.7647778987884521,77.89094543457031,64.97561645507812,0.9834460616111755,0.0,0.0,0.06623763591051102,62.50020217895508,54.08564758300781,0.9496660232543945,65.91307067871094,93.85041046142578,0.975004255771637,25.051185607910156,77.07615661621094,0.9849340915679932,68.75180053710938,138.31150817871094,0.9286935925483704,2.1785011291503906,117.44647216796875,0.9668498635292053,89.30490112304688,156.40597534179688,0.9210254549980164,50.15109634399414,140.1320343017578,0.9611870646476746,56.361061096191406,187.97906494140625,0.947790265083313,28.155025482177734,185.77503967285156,0.9450350403785706,0.0,0.0,0.1480730175971985,0.0,0.0,0.14852578938007355,0.0,0.0,0.004075636621564627,0.0,0.0,0.00364128896035254
687,True,78.83635711669922,73.263427734375,0.9806061387062073,83.010009765625,70.26953125,0.7639411687850952,77.87828063964844,64.99251556396484,0.9827573895454407,0.0,0.0,0.0672692060470581,62.48944854736328,54.107147216796875,0.9473760724067688,65.88059997558594,93.96696472167969,0.9746317863464355,25.056446075439453,77.08552551269531,0.98401939868927,68.81098937988281,138.5768585205078,0.9285122752189636,2.0446014404296875,117.45162963867188,0.9647273421287537,89.45830535888672,156.73130798339844,0.9203242063522339,50.06603240966797,140.11172485351562,0.9591494798660278,56.42755889892578,188.06414794921875,0.9456859827041626,28.262332916259766,185.82550048828125,0.9416970610618591,0.0,0.0,0.1438475251197815,0.0,0.0,0.14176197350025177,0.0,0.0,0.003995257895439863,0.0,0.0,0.003521736478433013
688,True,78.93965148925781,73.34730529785156,0.9813709855079651,83.18605041503906,69.98626708984375,0.7512912154197693,77.72796630859375,65.05557250976562,0.981245756149292,0.0,0.0,0.06830117106437683,61.70372772216797,54.378990173339844,0.941156804561615,67.31278991699219,93.29975891113281,0.9806884527206421,24.180660247802734,78.18511962890625,0.9850924611091614,71.50086212158203,137.80079650878906,0.9456679224967957,3.2135696411132812,118.98429870605469,0.9657860398292542,89.89300537109375,156.18353271484375,0.9357120394706726,48.86825942993164,140.4704132080078,0.9604097604751587,56.238887786865234,188.974609375,0.9485050439834595,26.969131469726562,187.27996826171875,0.940021812915802,0.0,0.0,0.14077819883823395,0.0,0.0,0.12720228731632233,0.0,0.0,0.0036930914502590895,0.0,0.0,0.0030233978759497404
689,True,78.84356689453125,73.40965270996094,0.9790735244750977,83.04193115234375,70.11268615722656,0.72193443775177,77.65985107421875,65.21601867675781,0.9793124198913574,0.0,0.0,0.05868940427899361,61.769081115722656,54.68556213378906,0.9387919902801514,66.5083236694336,93.43717956542969,0.9789265990257263,24.31775665283203,77.94578552246094,0.9836507439613342,69.83296203613281,138.17808532714844,0.9466754794120789,1.5246353149414062,117.101806640625,0.9662933349609375,89.03041076660156,156.6718292236328,0.9381345510482788,43.25298309326172,136.52577209472656,0.9626122117042542,55.87836456298828,187.70181274414062,0.9509278535842896,27.032752990722656,186.0093994140625,0.9426586627960205,0.0,0.0,0.160909503698349,0.0,0.0,0.1444101482629776,0.0,0.0,0.004450857173651457,0.0,0.0,0.003604687051847577
690,True,78.66971588134766,73.51666259765625,0.9781113862991333,82.90230560302734,70.27438354492188,0.7189112901687622,77.62029266357422,65.28311920166016,0.9776877760887146,0.0,0.0,0.058900319039821625,61.811946868896484,54.65985107421875,0.9333401322364807,66.46047973632812,92.70539093017578,0.9780580401420593,24.378948211669922,78.31902313232422,0.9820795059204102,69.89112854003906,136.4550323486328,0.9469002485275269,1.9720573425292969,118.21859741210938,0.9633821845054626,88.93745422363281,155.83636474609375,0.9390256404876709,42.6248779296875,136.13279724121094,0.9606798887252808,56.29317855834961,186.19212341308594,0.9533113837242126,27.476226806640625,184.8498992919922,0.9436718821525574,0.0,0.0,0.18059977889060974,0.0,0.0,0.1575957089662552,0.0,0.0,0.005151060875505209,0.0,0.0,0.004080937709659338
691,True,78.80508422851562,73.42704772949219,0.97807776927948,82.86763763427734,70.09137725830078,0.6971806883811951,77.65235137939453,65.28059387207031,0.9778445959091187,0.0,0.0,0.05617040768265724,61.98126983642578,54.887794494628906,0.936895489692688,65.81610107421875,92.89015197753906,0.9784417748451233,25.322662353515625,78.46488952636719,0.9868836998939514,69.27687072753906,136.9206085205078,0.9430420398712158,1.1921539306640625,118.1454849243164,0.9735886454582214,89.33863067626953,156.69265747070312,0.9362797737121582,42.626922607421875,136.25979614257812,0.9696717262268066,55.340702056884766,186.92848205566406,0.9494606256484985,28.083477020263672,185.56570434570312,0.9471812844276428,0.0,0.0,0.15950605273246765,0.0,0.0,0.1590835154056549,0.0,0.0,0.004510533530265093,0.0,0.0,0.004005524795502424
692,True,78.97454071044922,72.9131851196289,0.977211594581604,82.83738708496094,69.43033599853516,0.6971348524093628,77.48043823242188,64.98855590820312,0.9768118262290955,0.0,0.0,0.053901441395282745,61.51406478881836,55.163604736328125,0.935874879360199,66.52859497070312,92.60338592529297,0.9788603186607361,25.65866470336914,78.93090057373047,0.9835565090179443,68.7112808227539,135.0375213623047,0.9501914978027344,2.1232070922851562,117.5842514038086,0.9681486487388611,88.71240234375,155.54119873046875,0.9441026449203491,44.37983322143555,138.77642822265625,0.9660181403160095,56.492977142333984,186.5078582763672,0.9529915452003479,28.640514373779297,185.36785888671875,0.9444395303726196,0.0,0.0,0.16949379444122314,0.0,0.0,0.1501169055700302,0.0,0.0,0.004795705899596214,0.0,0.0,0.003844077466055751
693,True,78.94502258300781,72.9287109375,0.9766121506690979,82.80223083496094,69.4688720703125,0.689926266670227,77.45390319824219,65.03169250488281,0.9761741161346436,0.0,0.0,0.05393257364630699,61.49782180786133,55.18705749511719,0.936027467250824,66.47515106201172,92.58071899414062,0.9793565273284912,25.684268951416016,78.99785614013672,0.984212338924408,68.59014892578125,135.07373046875,0.9498860239982605,2.003265380859375,117.80593872070312,0.9686928391456604,88.60535430908203,155.49468994140625,0.9429852366447449,44.36767578125,138.79055786132812,0.9658678770065308,56.37416076660156,186.38607788085938,0.9532164335250854,28.806182861328125,185.23423767089844,0.9452446699142456,0.0,0.0,0.17122063040733337,0.0,0.0,0.15261369943618774,0.0,0.0,0.004817843437194824,0.0,0.0,0.0038782618939876556
694,True,78.65045166015625,73.19304656982422,0.9769845008850098,82.50569915771484,69.81715393066406,0.6849409937858582,77.21922302246094,65.27993774414062,0.976849377155304,0.0,0.0,0.05098588392138481,60.82341003417969,55.194732666015625,0.9409934282302856,66.41299438476562,92.71963500976562,0.9817408323287964,24.96190643310547,78.35436248779297,0.9843043684959412,69.58724975585938,134.03074645996094,0.9559676051139832,3.898590087890625,115.40254211425781,0.9680794477462769,89.18306732177734,155.02792358398438,0.9475934505462646,44.77496337890625,139.61985778808594,0.9648123383522034,56.38684844970703,186.8139190673828,0.9599757790565491,28.3477783203125,185.23165893554688,0.9502760171890259,0.0,0.0,0.18558330833911896,0.0,0.0,0.15703409910202026,0.0,0.0,0.005077791400253773,0.0,0.0,0.003890395862981677
695,True,78.00625610351562,72.6483383178711,0.9799305200576782,82.04582214355469,69.09011840820312,0.7362806797027588,76.1114501953125,64.74406433105469,0.9812070727348328,0.0,0.0,0.05396835133433342,59.58449172973633,55.27052307128906,0.9477916359901428,66.6808853149414,92.85917663574219,0.9803316593170166,24.8043212890625,79.0953140258789,0.9762157201766968,69.41307067871094,133.44483947753906,0.9490545988082886,4.267143249511719,117.2316665649414,0.9462047219276428,89.7283935546875,156.512451171875,0.9377423524856567,45.72495651245117,146.3975830078125,0.9452190399169922,56.67896270751953,185.3719024658203,0.9456310272216797,28.268016815185547,184.12973022460938,0.9225157499313354,0.0,0.0,0.16778016090393066,0.0,0.0,0.12562550604343414,0.0,0.0,0.005090019199997187,0.0,0.0,0.0035262759774923325
696,True,77.87594604492188,73.21604919433594,0.9830321073532104,82.15226745605469,69.63671875,0.7672847509384155,76.1119155883789,64.97598266601562,0.9844266772270203,0.0,0.0,0.06038573011755943,59.912025451660156,55.04949951171875,0.9523417353630066,66.4697036743164,93.01655578613281,0.9803481698036194,24.175994873046875,79.2119369506836,0.980585515499115,69.86624908447266,134.5526885986328,0.948555588722229,4.06182861328125,119.96147155761719,0.9572429656982422,89.9874496459961,156.2141876220703,0.9391216039657593,48.37804412841797,150.11666870117188,0.9556049704551697,59.76734924316406,186.39395141601562,0.9410048127174377,30.518741607666016,185.915771484375,0.9228155016899109,0.0,0.0,0.1366024762392044,0.0,0.0,0.11322179436683655,0.0,0.0,0.004037853330373764,0.0,0.0,0.0030873166397213936
697,True,77.8111343383789,73.33147430419922,0.9813702702522278,81.9810791015625,69.61279296875,0.7321521639823914,75.97122955322266,65.02493286132812,0.9838833212852478,0.0,0.0,0.04776349291205406,59.28286361694336,54.93955993652344,0.9551007747650146,65.79401397705078,92.78408813476562,0.9787113070487976,23.768325805664062,79.10575866699219,0.9784653782844543,69.2445068359375,134.615478515625,0.9458552598953247,3.9644622802734375,120.44178771972656,0.9554429054260254,89.83668518066406,156.38504028320312,0.9376549124717712,48.75260925292969,149.83067321777344,0.9569659233093262,60.906158447265625,187.1029052734375,0.9315712451934814,31.90825653076172,187.0131072998047,0.9099172353744507,0.0,0.0,0.12388110160827637,0.0,0.0,0.10389011353254318,0.0,0.0,0.003830760018900037,0.0,0.0,0.0029556534718722105
698,True,77.72161865234375,73.40380859375,0.9811328053474426,81.81144714355469,69.73442077636719,0.702225923538208,75.84635162353516,65.19792938232422,0.9834323525428772,0.0,0.0,0.040654029697179794,59.31385040283203,55.026084899902344,0.9596834182739258,64.99003601074219,92.67744445800781,0.9821228384971619,24.09054183959961,79.25244903564453,0.9824647307395935,69.20037078857422,134.4276580810547,0.9472090005874634,3.2367706298828125,121.2957534790039,0.9587690830230713,89.94847869873047,156.13755798339844,0.9418307542800903,50.648902893066406,151.27798461914062,0.9645246863365173,63.77522277832031,184.83578491210938,0.9341740012168884,37.09844207763672,186.00485229492188,0.9134196043014526,0.0,0.0,0.18234676122665405,0.0,0.0,0.1634998321533203,0.0,0.0,0.006956238299608231,0.0,0.0,0.0056373788975179195
699,True,77.66558837890625,73.33722686767578,0.980550229549408,81.71713256835938,69.70601654052734,0.7038121819496155,75.82744598388672,65.16517639160156,0.9823900461196899,0.0,0.0,0.041339755058288574,59.3231086730957,55.032691955566406,0.9568379521369934,64.94298553466797,92.7947769165039,0.982602596282959,24.02341079711914,79.2918930053711,0.9806646108627319,69.38074493408203,134.80848693847656,0.9496840834617615,3.340282440185547,121.45195770263672,0.9533714652061462,90.0921630859375,156.00221252441406,0.9432247281074524,50.458778381347656,151.40159606933594,0.9608633518218994,64.28718566894531,184.85572814941406,0.9401432871818542,37.54606628417969,186.1209716796875,0.9162508249282837,0.0,0.0,0.2163422852754593,0.0,0.0,0.18496786057949066,0.0,0.0,0.008891304023563862,0.0,0.0,0.006902513559907675
700,True,77.71504974365234,73.58092498779297,0.9839813113212585,81.98128509521484,70.08824920654297,0.7394483089447021,75.80770874023438,65.29393005371094,0.9856247901916504,0.0,0.0,0.04402003064751625,59.25231170654297,55.16880798339844,0.9621926546096802,64.27020263671875,92.87200927734375,0.9837973713874817,24.334163665771484,79.43302917480469,0.9828699231147766,68.88421630859375,134.0457763671875,0.9489169716835022,3.724090576171875,121.81144714355469,0.9555425643920898,89.61976623535156,155.6870574951172,0.9424859881401062,51.39412307739258,151.6254119873047,0.9626304507255554,64.42945861816406,184.7610626220703,0.938325047492981,38.49321746826172,186.2109832763672,0.9155784249305725,0.0,0.0,0.21082371473312378,0.0,0.0,0.18527579307556152,0.0,0.0,0.008643311448395252,0.0,0.0,0.006886108312755823
701,True,78.17003631591797,74.39353942871094,0.9792561531066895,82.06416320800781,70.81245422363281,0.6507015824317932,76.81229400634766,66.1229248046875,0.9821726679801941,0.0,0.0,0.03179002180695534,59.82258605957031,55.11071014404297,0.9593043327331543,63.409149169921875,93.00458526611328,0.9814980030059814,24.324432373046875,78.86971282958984,0.9832505583763123,69.10688018798828,134.67218017578125,0.9491528272628784,3.887969970703125,120.50617218017578,0.9641761183738708,89.7132568359375,155.7760009765625,0.9472216367721558,50.81281661987305,150.8725128173828,0.9707396626472473,63.497276306152344,185.59617614746094,0.9412438273429871,38.16691970825195,186.67112731933594,0.924579381942749,0.0,0.0,0.21588550508022308,0.0,0.0,0.20108723640441895,0.0,0.0,0.00861400831490755,0.0,0.0,0.007179668638855219
702,True,77.9961929321289,74.594970703125,0.9801797866821289,82.13450622558594,71.06462860107422,0.6951239109039307,76.7186050415039,66.12611389160156,0.9826791286468506,0.0,0.0,0.03809047117829323,59.64453125,54.63883972167969,0.9536840915679932,63.638763427734375,92.76067352294922,0.9783942103385925,24.13250732421875,78.20524597167969,0.9781217575073242,68.5830078125,134.18605041503906,0.9455839395523071,3.736236572265625,118.94856262207031,0.9548019170761108,89.39932250976562,155.5860595703125,0.9424025416374207,48.39093017578125,146.89169311523438,0.9628406763076782,63.48171615600586,186.1450958251953,0.9342311024665833,36.97837829589844,186.55421447753906,0.912367045879364,0.0,0.0,0.17398051917552948,0.0,0.0,0.15076076984405518,0.0,0.0,0.006363404914736748,0.0,0.0,0.005032053217291832
703,True,77.55143737792969,73.67276000976562,0.9845439791679382,81.98078918457031,70.13116455078125,0.7792611718177795,75.52186584472656,65.30582427978516,0.9859850406646729,0.0,0.0,0.05672522634267807,58.74162673950195,55.17706298828125,0.9554895758628845,65.00823211669922,92.87095642089844,0.9805400967597961,24.844837188720703,78.14795684814453,0.9785422086715698,67.885498046875,132.8728790283203,0.9455982446670532,3.8139686584472656,115.9901123046875,0.9495638012886047,88.48677062988281,154.2097930908203,0.937167227268219,44.71146011352539,143.0544891357422,0.9525851011276245,58.982322692871094,185.33155822753906,0.9332588315010071,31.6932373046875,184.34097290039062,0.9096120595932007,0.0,0.0,0.14101392030715942,0.0,0.0,0.11330097168684006,0.0,0.0,0.004529943224042654,0.0,0.0,0.0033774517942219973
704,True,77.58344268798828,73.61475372314453,0.9846632480621338,81.98162841796875,70.05220031738281,0.781628429889679,75.55170440673828,65.24798583984375,0.9860861301422119,0.0,0.0,0.057928189635276794,58.75775909423828,55.145652770996094,0.9558682441711426,65.14521789550781,92.83750915527344,0.980740487575531,24.559986114501953,78.35725402832031,0.9788535833358765,67.83492279052734,132.88323974609375,0.9453598260879517,3.7345848083496094,116.69308471679688,0.9493387937545776,88.49555969238281,154.2447509765625,0.9358704090118408,45.41344451904297,144.2643585205078,0.9513473510742188,59.20314025878906,185.9020233154297,0.9327258467674255,31.566997528076172,185.0374298095703,0.9089932441711426,0.0,0.0,0.1362285315990448,0.0,0.0,0.10926670581102371,0.0,0.0,0.004346176981925964,0.0,0.0,0.0032402263022959232
705,True,77.5652847290039,73.6515121459961,0.9820161461830139,81.83413696289062,70.08979797363281,0.7558693885803223,75.60736083984375,65.44172668457031,0.983414351940155,0.0,0.0,0.055385470390319824,58.611968994140625,55.401100158691406,0.9503917694091797,65.12000274658203,93.07162475585938,0.979842483997345,24.07071304321289,79.21672821044922,0.9765084385871887,68.87789916992188,133.77285766601562,0.9443506002426147,2.937175750732422,118.5111083984375,0.9439926147460938,89.56500244140625,155.65928649902344,0.9344687461853027,45.75672912597656,145.14694213867188,0.9463390707969666,57.966102600097656,185.0840606689453,0.9336493611335754,30.458328247070312,184.28529357910156,0.9075688719749451,0.0,0.0,0.1502208262681961,0.0,0.0,0.11611116677522659,0.0,0.0,0.004907386843115091,0.0,0.0,0.003520658705383539
706,True,77.54130554199219,72.92117309570312,0.9856330752372742,81.78412628173828,69.16608428955078,0.7917343378067017,74.93968200683594,64.97750854492188,0.9869441986083984,0.0,0.0,0.0582733154296875,58.03053283691406,55.80995178222656,0.9575713872909546,65.94964599609375,92.01551818847656,0.9807479381561279,24.214195251464844,79.9291000366211,0.9807419776916504,67.9825439453125,132.6262969970703,0.9479717016220093,3.1778602600097656,119.86693572998047,0.9559389352798462,88.46365356445312,154.63510131835938,0.9403738975524902,46.97527313232422,146.94329833984375,0.9561338424682617,58.502967834472656,185.26853942871094,0.9419084191322327,29.89501953125,185.28338623046875,0.9234170913696289,0.0,0.0,0.14263057708740234,0.0,0.0,0.11511984467506409,0.0,0.0,0.004181217402219772,0.0,0.0,0.0030959872528910637
707,True,77.71004486083984,72.55992889404297,0.9828761219978333,81.61921691894531,68.75030517578125,0.7563891410827637,75.06985473632812,64.6889877319336,0.985450267791748,0.0,0.0,0.04685916379094124,57.356937408447266,56.11736297607422,0.9595140218734741,66.02979278564453,92.69813537597656,0.9791792631149292,22.586715698242188,80.46693420410156,0.9727555513381958,68.57352447509766,133.2435302734375,0.9449914693832397,3.165294647216797,120.31857299804688,0.9361355900764465,88.27427673339844,154.63011169433594,0.9347779154777527,46.74626159667969,149.3450927734375,0.9397475123405457,57.66340637207031,184.40087890625,0.9315640926361084,27.963382720947266,184.31759643554688,0.898401141166687,0.0,0.0,0.13983654975891113,0.0,0.0,0.09997707605361938,0.0,0.0,0.004511317238211632,0.0,0.0,0.0030074724927544594
708,True,77.79039764404297,71.87551879882812,0.9843463897705078,81.86457824707031,67.9271240234375,0.7640940546989441,74.77005004882812,63.964569091796875,0.9874359369277954,0.0,0.0,0.04286251589655876,56.6705207824707,56.12776184082031,0.9656944274902344,65.8790512084961,92.6338119506836,0.9798094034194946,21.73633575439453,81.6839370727539,0.9712703824043274,69.3668212890625,133.52133178710938,0.9440727829933167,3.2144775390625,124.05133056640625,0.9302106499671936,89.08126831054688,155.642333984375,0.9340605139732361,48.43535614013672,152.70803833007812,0.9364993572235107,55.78823471069336,182.31105041503906,0.9228065609931946,25.68982696533203,182.98985290527344,0.8807522654533386,0.0,0.0,0.1427939236164093,0.0,0.0,0.09997419267892838,0.0,0.0,0.005077477544546127,0.0,0.0,0.003292117267847061
709,True,77.69131469726562,71.55763244628906,0.9837766885757446,81.6353988647461,67.46222686767578,0.7380489706993103,74.62693786621094,63.57975769042969,0.9876717329025269,0.0,0.0,0.03632056340575218,55.94139862060547,55.6661376953125,0.969009518623352,65.8685302734375,92.4709243774414,0.979282021522522,21.321311950683594,82.03012084960938,0.9742878675460815,69.37586975097656,133.018310546875,0.9448244571685791,4.339530944824219,124.68917846679688,0.9428642988204956,88.67454528808594,155.01373291015625,0.9370901584625244,50.18576431274414,153.4174346923828,0.9472594857215881,57.301536560058594,183.59596252441406,0.9276300072669983,26.70964813232422,184.3439483642578,0.894267737865448,0.0,0.0,0.1362328827381134,0.0,0.0,0.10037506371736526,0.0,0.0,0.004526886157691479,0.0,0.0,0.0030525140464305878
710,True,77.59038543701172,71.72715759277344,0.9842209815979004,81.59196472167969,67.5938720703125,0.7452757954597473,74.50596618652344,63.72456359863281,0.9879565834999084,0.0,0.0,0.037741806358098984,55.896297454833984,55.74073028564453,0.969131350517273,65.91271209716797,92.42620086669922,0.979450523853302,21.182052612304688,82.26248168945312,0.9748778939247131,69.40867614746094,132.91036987304688,0.9442285895347595,3.9853057861328125,125.22969055175781,0.9430541396141052,88.64228820800781,154.7179718017578,0.936860978603363,49.97039031982422,153.5045623779297,0.9476199150085449,57.387874603271484,183.35028076171875,0.9250229001045227,26.759017944335938,184.2925262451172,0.8912405967712402,0.0,0.0,0.13320739567279816,0.0,0.0,0.09894935041666031,0.0,0.0,0.004470459185540676,0.0,0.0,0.0030383102130144835
711,True,77.60765075683594,72.01144409179688,0.977508008480072,81.38096618652344,67.96209716796875,0.6635128259658813,75.18743896484375,63.91221618652344,0.9827961921691895,0.0,0.0,0.030757006257772446,56.177371978759766,55.0777587890625,0.9617366194725037,65.20195770263672,92.52799224853516,0.9761019945144653,20.37704849243164,81.80203247070312,0.9689972400665283,69.87553405761719,133.3896484375,0.9421740174293518,4.2324371337890625,125.12122344970703,0.9364739656448364,88.73704528808594,155.2298583984375,0.9346333146095276,49.907508850097656,153.11805725097656,0.9422261118888855,56.442909240722656,184.3634033203125,0.9211968183517456,25.87042999267578,184.74758911132812,0.8829174041748047,0.0,0.0,0.1288093775510788,0.0,0.0,0.09236559271812439,0.0,0.0,0.004302309826016426,0.0,0.0,0.002845064038410783
712,True,76.27590942382812,72.34394836425781,0.9761971831321716,80.0979232788086,68.374755859375,0.6670518517494202,74.18177032470703,64.19248962402344,0.9804239273071289,0.0,0.0,0.034568868577480316,55.97262954711914,54.87897491455078,0.9534780979156494,64.86842346191406,92.24490356445312,0.9748408794403076,20.676738739013672,81.2891616821289,0.968055784702301,69.3428726196289,132.59661865234375,0.9435334801673889,5.22991943359375,124.19671630859375,0.9390848278999329,88.22494506835938,152.6810760498047,0.9390640258789062,50.1295051574707,150.2526092529297,0.9465271234512329,57.10154342651367,184.53656005859375,0.9230390191078186,26.629066467285156,184.7183074951172,0.8872248530387878,0.0,0.0,0.13091012835502625,0.0,0.0,0.09584029018878937,0.0,0.0,0.004375927150249481,0.0,0.0,0.0029757085721939802
713,True,76.11810302734375,72.04012298583984,0.972566545009613,79.81140899658203,68.11045837402344,0.6455187201499939,73.93395233154297,64.12428283691406,0.975902259349823,0.0,0.0,0.03738988935947418,56.17597579956055,55.23310852050781,0.9453964829444885,65.05889892578125,92.337646484375,0.97484290599823,21.379566192626953,81.35352325439453,0.9677007794380188,69.55014038085938,132.7100067138672,0.940407931804657,4.685050964355469,123.5422134399414,0.9346755146980286,88.13121795654297,152.35316467285156,0.9346467852592468,50.57895278930664,148.83761596679688,0.9414781332015991,55.4727783203125,184.74815368652344,0.9152011275291443,26.15219497680664,184.72967529296875,0.8763981461524963,0.0,0.0,0.11805073916912079,0.0,0.0,0.08632967621088028,0.0,0.0,0.0038571658078581095,0.0,0.0,0.0026322132907807827
714,True,75.86011505126953,71.84080505371094,0.9740177392959595,79.66842651367188,67.966796875,0.6630657315254211,73.63516998291016,63.929962158203125,0.9769361615180969,0.0,0.0,0.039660170674324036,55.981964111328125,55.302459716796875,0.9460886120796204,65.0527572631836,92.48994445800781,0.9760836362838745,21.543643951416016,81.26893615722656,0.9666689038276672,70.20919799804688,133.00209045410156,0.9402820467948914,5.35577392578125,123.5182113647461,0.9296581149101257,89.23945617675781,154.51780700683594,0.9318324327468872,50.96426010131836,148.9925994873047,0.9356203079223633,53.21360397338867,184.41720581054688,0.9104301929473877,24.04387664794922,183.9923858642578,0.8662627935409546,0.0,0.0,0.11530154198408127,0.0,0.0,0.08236671984195709,0.0,0.0,0.003855788614600897,0.0,0.0,0.0025805518962442875
715,True,75.9264907836914,72.26753234863281,0.9761795997619629,79.61589050292969,68.33989715576172,0.6488733887672424,73.91931915283203,64.3488998413086,0.980217695236206,0.0,0.0,0.03535832464694977,56.231719970703125,55.32093048095703,0.9562743902206421,64.65046691894531,92.05819702148438,0.977935791015625,21.334430694580078,81.63790893554688,0.9774093627929688,69.87207794189453,132.55052185058594,0.9450044631958008,5.755176544189453,124.80785369873047,0.9557960629463196,88.66751861572266,154.00169372558594,0.9399796724319458,52.001617431640625,151.01954650878906,0.9574745893478394,55.571868896484375,183.88211059570312,0.9303341507911682,26.37242889404297,184.13975524902344,0.9072940945625305,0.0,0.0,0.13611823320388794,0.0,0.0,0.11109814792871475,0.0,0.0,0.0042372653260827065,0.0,0.0,0.0031269676983356476
716,True,75.73045349121094,71.76510620117188,0.9768214821815491,79.5288314819336,67.92041015625,0.7267807722091675,73.47433471679688,63.62077331542969,0.9815402626991272,0.0,0.0,0.05105733871459961,55.85333251953125,54.72589111328125,0.9563739895820618,63.294189453125,91.72149658203125,0.9748356342315674,21.79399299621582,81.23149108886719,0.9743907451629639,68.5345458984375,132.3880615234375,0.9261175394058228,3.266490936279297,126.79873657226562,0.9355083703994751,86.05305480957031,152.43502807617188,0.9111441373825073,50.62699890136719,150.3222198486328,0.9328785538673401,53.7072868347168,186.28195190429688,0.9177559614181519,25.581485748291016,186.31027221679688,0.8869644999504089,0.0,0.0,0.11359912157058716,0.0,0.0,0.09289685636758804,0.0,0.0,0.0038700213190168142,0.0,0.0,0.002941108774393797
717,True,75.36031341552734,72.3982925415039,0.9750774502754211,79.16681671142578,68.44719696044922,0.6502627730369568,73.43934631347656,64.45417785644531,0.9786052107810974,0.0,0.0,0.03820367157459259,56.10530471801758,55.43650817871094,0.9517131447792053,64.69450378417969,92.1541748046875,0.9779265522956848,20.98202133178711,82.21630859375,0.9766760468482971,69.87968444824219,131.9343719482422,0.9470433592796326,5.3364715576171875,125.7577133178711,0.954950749874115,87.45174407958984,152.65093994140625,0.9428926706314087,52.222557067871094,152.56008911132812,0.956707775592804,54.97320556640625,183.85208129882812,0.9350936412811279,25.39533233642578,184.2333984375,0.9119538068771362,0.0,0.0,0.14856736361980438,0.0,0.0,0.11934514343738556,0.0,0.0,0.004626559559255838,0.0,0.0,0.0033758918289095163
718,True,74.79631042480469,72.10338592529297,0.9809677004814148,78.91496276855469,68.64120483398438,0.7219928503036499,73.25310516357422,64.0440673828125,0.9853047728538513,0.0,0.0,0.04613066092133522,56.58094787597656,54.361968994140625,0.9658343195915222,63.507591247558594,92.79219055175781,0.9797404408454895,21.211509704589844,81.52117919921875,0.9840596914291382,68.32132720947266,132.28269958496094,0.9433742165565491,2.8809127807617188,125.82621002197266,0.9661159515380859,86.69977569580078,152.2733154296875,0.9391161203384399,51.12008285522461,150.8756103515625,0.9647006988525391,55.36862564086914,185.3220977783203,0.9470945000648499,26.761072158813477,185.22506713867188,0.9357061982154846,0.0,0.0,0.16413582861423492,0.0,0.0,0.1493912786245346,0.0,0.0,0.004806804470717907,0.0,0.0,0.0038976450450718403
719,True,74.92912292480469,72.17717742919922,0.9801663756370544,78.96693420410156,68.44002532958984,0.7292711734771729,72.81476593017578,64.35798645019531,0.981174111366272,0.0,0.0,0.05613469332456589,56.07518005371094,55.50109100341797,0.9498580694198608,65.6029052734375,92.28345489501953,0.9814528226852417,22.301292419433594,81.78825378417969,0.9811697602272034,70.17534637451172,131.80059814453125,0.9494802951812744,6.762042999267578,123.23735809326172,0.9579377174377441,87.51708984375,152.07369995117188,0.9424341320991516,52.320770263671875,147.6981658935547,0.955776572227478,55.279144287109375,184.34588623046875,0.9459614157676697,26.176788330078125,184.0132598876953,0.9287840127944946,0.0,0.0,0.15923245251178741,0.0,0.0,0.12859582901000977,0.0,0.0,0.0045344349928200245,0.0,0.0,0.0033371958415955305
720,True,75.08607482910156,72.05067443847656,0.9790205955505371,79.23432922363281,68.52386474609375,0.7239834666252136,73.29161071777344,64.14712524414062,0.9793297648429871,0.0,0.0,0.056566398590803146,56.46428298950195,54.927940368652344,0.9429292678833008,65.26302337646484,92.8650131225586,0.9807944297790527,22.46112823486328,81.26738739013672,0.9786133170127869,70.99298095703125,133.13710021972656,0.9491277933120728,6.70703125,122.49832153320312,0.9526149034500122,88.36814880371094,153.64942932128906,0.9424697756767273,51.958919525146484,145.19061279296875,0.9514079689979553,52.83829879760742,185.36492919921875,0.9454424381256104,24.266990661621094,184.15911865234375,0.9253693222999573,0.0,0.0,0.16562528908252716,0.0,0.0,0.1283755600452423,0.0,0.0,0.004697415512055159,0.0,0.0,0.0033335720654577017
721,True,75.46543884277344,72.07699584960938,0.9794557094573975,79.54444885253906,68.5433578491211,0.7217730283737183,73.57731628417969,64.23382568359375,0.9803343415260315,0.0,0.0,0.053006041795015335,56.501670837402344,55.115570068359375,0.9465585350990295,65.28273010253906,92.7363510131836,0.9808938503265381,22.48540496826172,81.15904235839844,0.9784989356994629,70.95588684082031,133.2553253173828,0.9494160413742065,6.646152496337891,122.43616485595703,0.9526453018188477,88.49887084960938,153.7642822265625,0.9424189925193787,51.93965148925781,145.12850952148438,0.9516273140907288,52.9371223449707,185.44371032714844,0.9465508460998535,24.312034606933594,184.3192596435547,0.9263939261436462,0.0,0.0,0.1689056158065796,0.0,0.0,0.13039518892765045,0.0,0.0,0.004801378585398197,0.0,0.0,0.003382844151929021
722,True,75.28971862792969,72.11978149414062,0.9806721806526184,79.35134887695312,68.54203796386719,0.7270495295524597,73.26093292236328,64.16769409179688,0.9813147187232971,0.0,0.0,0.05565885081887245,56.27254104614258,55.219818115234375,0.9486066102981567,65.02310180664062,93.00460052490234,0.9815937876701355,22.639270782470703,80.97735595703125,0.983070433139801,70.48793029785156,134.82716369628906,0.9481230974197388,6.272773742675781,122.28730010986328,0.9628387093544006,87.78181457519531,152.93247985839844,0.9416353106498718,51.423561096191406,140.42135620117188,0.9607199430465698,53.535247802734375,186.0484619140625,0.9445335268974304,25.183792114257812,184.81790161132812,0.930905282497406,0.0,0.0,0.15020903944969177,0.0,0.0,0.12783272564411163,0.0,0.0,0.004137842915952206,0.0,0.0,0.003186129732057452
723,True,75.65550231933594,71.94442749023438,0.9778483510017395,79.53048706054688,68.2680892944336,0.703851044178009,73.61869049072266,64.05558776855469,0.9790673851966858,0.0,0.0,0.048490677028894424,56.25190734863281,55.27996063232422,0.9434724450111389,65.40626525878906,92.5797119140625,0.9775132536888123,22.02330780029297,81.23361206054688,0.9762114882469177,71.3275375366211,134.74252319335938,0.9444626569747925,6.052375793457031,123.50897979736328,0.9526809453964233,88.37004089355469,152.83645629882812,0.9399681091308594,54.011173248291016,139.23228454589844,0.9546647667884827,54.183738708496094,186.99761962890625,0.9355137944221497,24.738922119140625,186.1484375,0.914131760597229,0.0,0.0,0.12896792590618134,0.0,0.0,0.10300001502037048,0.0,0.0,0.003529398702085018,0.0,0.0,0.0025867854710668325
724,True,75.25613403320312,71.91586303710938,0.9798920750617981,78.9850082397461,68.63308715820312,0.7316718697547913,73.55647277832031,64.02247619628906,0.9860665202140808,0.0,0.0,0.04590512439608574,56.00526428222656,54.82179260253906,0.964677631855011,63.64018249511719,92.44802856445312,0.9685497283935547,20.468782424926758,80.79779815673828,0.9792436957359314,69.05108642578125,132.66661071777344,0.9011527299880981,5.357074737548828,124.7332534790039,0.9533870816230774,85.7613296508789,144.1534881591797,0.9002834558486938,62.118377685546875,139.9781951904297,0.9495929479598999,55.36895751953125,185.9533233642578,0.9411114454269409,25.467548370361328,185.26849365234375,0.9359354376792908,0.0,0.0,0.18215446174144745,0.0,0.0,0.17703482508659363,0.0,0.0,0.006437145173549652,0.0,0.0,0.005503821652382612
725,True,75.31712341308594,71.95304870605469,0.9820826053619385,79.05815124511719,68.78985595703125,0.7124413251876831,73.72396087646484,64.04728698730469,0.9877679944038391,0.0,0.0,0.03944073244929314,56.07664489746094,54.610389709472656,0.9713119864463806,64.162109375,93.42159271240234,0.9746252298355103,21.56283950805664,80.39364624023438,0.9870545268058777,70.68050384521484,136.39405822753906,0.9263246655464172,6.7376861572265625,124.5538558959961,0.9771652221679688,89.62197875976562,153.74887084960938,0.9287436604499817,64.45325469970703,138.6848907470703,0.9748281836509705,55.55393981933594,185.3778076171875,0.9521505236625671,25.936634063720703,183.70108032226562,0.9538315534591675,0.0,0.0,0.17332899570465088,0.0,0.0,0.18866890668869019,0.0,0.0,0.0048933932557702065,0.0,0.0,0.004580742679536343
726,True,75.60879516601562,72.09721374511719,0.9756417870521545,79.25190734863281,68.37782287597656,0.6713094115257263,73.49393463134766,64.26078796386719,0.9821861982345581,0.0,0.0,0.04120892286300659,55.770469665527344,55.32142639160156,0.9481643438339233,64.90650939941406,92.44091033935547,0.9517661333084106,22.876232147216797,79.7828598022461,0.980747401714325,73.12785339355469,135.5637664794922,0.8384703397750854,9.441265106201172,122.8940658569336,0.9625702500343323,89.09268951416016,147.772705078125,0.8514748811721802,67.35003662109375,140.14950561523438,0.955136775970459,53.90336227416992,188.09078979492188,0.9121376276016235,24.974342346191406,186.5107421875,0.9294523596763611,0.0,0.0,0.1304185837507248,0.0,0.0,0.16798456013202667,0.0,0.0,0.005200762767344713,0.0,0.0,0.005659554619342089
727,True,75.43118286132812,72.11083984375,0.9772539138793945,79.07861328125,68.416259765625,0.6827327013015747,73.16716003417969,64.34878540039062,0.9836347103118896,0.0,0.0,0.04145217314362526,55.48954772949219,55.683143615722656,0.9516922831535339,64.89604949951172,92.31478881835938,0.9517878890037537,23.219268798828125,80.04190063476562,0.9824574589729309,73.02934265136719,135.17738342285156,0.836420476436615,9.869544982910156,123.2076416015625,0.9664030075073242,88.99063110351562,147.56692504882812,0.8514522314071655,67.48432159423828,140.341064453125,0.9590415358543396,54.46672821044922,187.40904235839844,0.913025975227356,25.683151245117188,185.96690368652344,0.9331704378128052,0.0,0.0,0.1287344992160797,0.0,0.0,0.1721680760383606,0.0,0.0,0.005088537000119686,0.0,0.0,0.0057137710973620415
728,True,75.66761779785156,72.16824340820312,0.9815847873687744,79.32076263427734,68.52838134765625,0.6980372071266174,73.23809051513672,64.31880187988281,0.98698890209198,0.0,0.0,0.03818685561418533,55.31798553466797,55.664459228515625,0.9640605449676514,64.78462219238281,92.87353515625,0.9676367044448853,23.78539276123047,79.53911590576172,0.9864639043807983,72.83561706542969,136.20492553710938,0.885645866394043,12.61029052734375,122.96971130371094,0.9745473265647888,92.16008758544922,150.2030029296875,0.8891992568969727,71.90262603759766,142.2716064453125,0.9685901999473572,54.424217224121094,188.06871032714844,0.9362115263938904,25.92699432373047,186.17623901367188,0.9474947452545166,0.0,0.0,0.14924374222755432,0.0,0.0,0.18900920450687408,0.0,0.0,0.0052348594181239605,0.0,0.0,0.005598535295575857
729,True,76.56708526611328,72.35153198242188,0.9848697185516357,79.70216369628906,68.4838638305664,0.7189987897872925,73.78868865966797,64.26988220214844,0.9910076260566711,0.0,0.0,0.04479455575346947,55.6778564453125,55.78199005126953,0.9772794246673584,64.27103424072266,92.8028564453125,0.9687047004699707,25.310096740722656,79.44429016113281,0.9955461025238037,69.26931762695312,137.12876892089844,0.8664003610610962,12.825122833251953,121.83189392089844,0.9917337894439697,89.7761459350586,151.91519165039062,0.8721731305122375,72.42393493652344,141.5181427001953,0.9852161407470703,55.291587829589844,188.3937225341797,0.9546620845794678,27.43619728088379,186.1984405517578,0.9759277105331421,0.0,0.0,0.1529197096824646,0.0,0.0,0.26923054456710815,0.0,0.0,0.00488981232047081,0.0,0.0,0.007225382141768932
730,True,77.22630310058594,72.82136535644531,0.9834628701210022,80.1451187133789,69.41738891601562,0.5969775319099426,75.33757019042969,65.08882141113281,0.9929722547531128,0.0,0.0,0.01848633587360382,56.989784240722656,55.7423095703125,0.9863876104354858,62.75424575805664,92.99771118164062,0.9498061537742615,25.916215896606445,78.79576873779297,0.995804488658905,67.22345733642578,135.04080200195312,0.7891326546669006,14.121925354003906,120.81400299072266,0.9941091537475586,88.49952697753906,148.2633056640625,0.8400697708129883,74.74508666992188,142.74465942382812,0.9902247786521912,54.69008255004883,185.66847229003906,0.9385830760002136,28.693859100341797,183.1146240234375,0.9759824275970459,0.0,0.0,0.14108341932296753,0.0,0.0,0.3146253824234009,0.0,0.0,0.004853896331042051,0.0,0.0,0.008607128635048866
731,True,77.58908081054688,72.3809814453125,0.984216034412384,81.0029296875,68.71463012695312,0.6465334296226501,75.26298522949219,64.55462646484375,0.9914600849151611,0.0,0.0,0.02530675381422043,57.386566162109375,55.58489990234375,0.9788550734519958,64.47174835205078,91.878173828125,0.9558920860290527,27.121841430664062,79.37982940673828,0.9944619536399841,69.09497833251953,133.77662658691406,0.8167732954025269,18.022003173828125,122.80462646484375,0.9913744330406189,89.2005844116211,146.80123901367188,0.8510466814041138,77.65309143066406,143.60496520996094,0.9862992167472839,54.28404998779297,187.09971618652344,0.9370806217193604,27.834842681884766,185.25384521484375,0.9709119200706482,0.0,0.0,0.14099085330963135,0.0,0.0,0.27993953227996826,0.0,0.0,0.0051148622296750546,0.0,0.0,0.008114044554531574
732,True,77.88712310791016,72.40460968017578,0.9819815754890442,81.43029022216797,68.688232421875,0.6436143517494202,75.39445495605469,64.50567626953125,0.9907007217407227,0.0,0.0,0.025805989280343056,57.5396728515625,55.44377136230469,0.9746729135513306,64.8125,92.15249633789062,0.9311984181404114,26.917999267578125,78.36302185058594,0.9928979873657227,69.2336654663086,136.34471130371094,0.7084039449691772,16.210365295410156,121.48089599609375,0.9880443215370178,87.2014389038086,145.30799865722656,0.7674114108085632,74.63578033447266,141.12379455566406,0.9804761409759521,54.01722717285156,187.68260192871094,0.9112626910209656,27.30889129638672,185.47979736328125,0.9633761048316956,0.0,0.0,0.12551453709602356,0.0,0.0,0.27712029218673706,0.0,0.0,0.005447853356599808,0.0,0.0,0.009435576386749744
733,True,77.90043640136719,72.48851776123047,0.9817976951599121,81.4401626586914,68.74111938476562,0.6311149001121521,75.39379119873047,64.54727172851562,0.9912329316139221,0.0,0.0,0.023632124066352844,57.55207061767578,55.45436096191406,0.9764658212661743,64.80171966552734,92.1689682006836,0.9203092455863953,26.90151596069336,78.25188446044922,0.9933764338493347,68.65499877929688,136.58448791503906,0.6580910682678223,16.57428741455078,121.45909118652344,0.989048421382904,86.6207275390625,145.0356903076172,0.7290576696395874,74.63238525390625,140.94601440429688,0.9811493158340454,53.868289947509766,187.99795532226562,0.9033680558204651,26.990478515625,185.7278594970703,0.9643142223358154,0.0,0.0,0.11765371263027191,0.0,0.0,0.28669148683547974,0.0,0.0,0.005371136125177145,0.0,0.0,0.010115747340023518
734,True,79.79486846923828,72.88119506835938,0.9738880395889282,82.8227310180664,69.00692749023438,0.5168291926383972,77.69107055664062,65.12362670898438,0.9879561066627502,0.0,0.0,0.016654133796691895,59.2827262878418,55.54286193847656,0.9729887843132019,64.8649673461914,91.01300048828125,0.8967361450195312,26.46249008178711,78.33840942382812,0.9921324849128723,68.72625732421875,134.930908203125,0.6211003065109253,13.671287536621094,121.28561401367188,0.9884472489356995,86.77030181884766,144.9330596923828,0.7067416906356812,73.21243286132812,138.77069091796875,0.9808927774429321,54.23175811767578,188.34983825683594,0.8879321217536926,27.256919860839844,186.89254760742188,0.9595389366149902,0.0,0.0,0.10254248976707458,0.0,0.0,0.2617984712123871,0.0,0.0,0.0047444431111216545,0.0,0.0,0.009069772437214851
735,True,80.48347473144531,72.87739562988281,0.9735667109489441,83.43688201904297,69.04219055175781,0.5271574258804321,78.67726135253906,65.02836608886719,0.9876723885536194,0.0,0.0,0.018255336210131645,60.206207275390625,55.279144287109375,0.9701612591743469,65.19806671142578,91.37692260742188,0.8845803141593933,26.738609313964844,78.04330444335938,0.9916974306106567,70.31970977783203,137.5654296875,0.577917218208313,12.769115447998047,122.73503112792969,0.9872150421142578,86.60787200927734,147.48263549804688,0.6647818088531494,72.1519775390625,140.44253540039062,0.9780430793762207,54.4720344543457,189.60971069335938,0.86767578125,27.45081329345703,187.81695556640625,0.9533772468566895,0.0,0.0,0.08693469315767288,0.0,0.0,0.2354845255613327,0.0,0.0,0.00416816771030426,0.0,0.0,0.008277533575892448
736,True,81.01117706298828,72.76921081542969,0.9709019064903259,83.88372802734375,69.21231079101562,0.5069469213485718,79.6264877319336,65.04647827148438,0.9842373728752136,0.0,0.0,0.01992645487189293,62.32786560058594,55.321754455566406,0.9641768932342529,65.18793487548828,91.93323516845703,0.9126449227333069,27.94031524658203,77.55290222167969,0.9918597340583801,70.68111419677734,139.1959686279297,0.7020133137702942,11.829925537109375,122.2257308959961,0.9888450503349304,90.31852722167969,150.71043395996094,0.7646262645721436,71.7052001953125,140.26153564453125,0.9821307063102722,53.80347442626953,189.2758331298828,0.8845769762992859,27.68636703491211,187.39947509765625,0.9530243277549744,0.0,0.0,0.08268233388662338,0.0,0.0,0.2022925168275833,0.0,0.0,0.00335083925165236,0.0,0.0,0.006045903079211712
737,True,83.2572021484375,71.55671691894531,0.9718945026397705,0.0,0.0,0.490215003490448,81.38801574707031,64.05040740966797,0.9855268001556396,0.0,0.0,0.015368573367595673,63.09999084472656,55.599273681640625,0.9702309370040894,65.11697387695312,91.97874450683594,0.920563280582428,29.795730590820312,77.96729278564453,0.9903222918510437,69.40007781982422,138.50265502929688,0.7369918823242188,12.027000427246094,122.0875473022461,0.9868184328079224,90.15227508544922,150.16299438476562,0.7902823090553284,71.38150787353516,141.5381622314453,0.9809154868125916,53.803443908691406,189.60614013671875,0.8884744644165039,29.03729248046875,187.89395141601562,0.9476777911186218,0.0,0.0,0.08632311969995499,0.0,0.0,0.18652836978435516,0.0,0.0,0.003442735644057393,0.0,0.0,0.005543336272239685
738,True,83.24356079101562,71.55115509033203,0.9716123938560486,0.0,0.0,0.4955725371837616,81.40421295166016,64.05976867675781,0.9849393367767334,0.0,0.0,0.01626771315932274,63.195247650146484,55.59742736816406,0.96885085105896,65.3837890625,92.09307861328125,0.9244124889373779,29.814231872558594,77.9088134765625,0.9900842905044556,69.80742645263672,138.5029296875,0.7498214244842529,11.881782531738281,121.76160430908203,0.9862323999404907,90.39081573486328,149.95623779296875,0.7982090711593628,71.25003051757812,141.46726989746094,0.9801576733589172,53.847023010253906,189.61618041992188,0.8927190899848938,28.972190856933594,187.78018188476562,0.9479120373725891,0.0,0.0,0.08949900418519974,0.0,0.0,0.1862909346818924,0.0,0.0,0.0035217697732150555,0.0,0.0,0.005516855977475643
739,True,83.87739562988281,71.61590576171875,0.971659779548645,0.0,0.0,0.47156035900115967,82.14569091796875,64.19683837890625,0.9854153394699097,0.0,0.0,0.014436810277402401,63.69293212890625,55.927268981933594,0.9715268611907959,64.4816665649414,91.62776947021484,0.9249008893966675,30.24636459350586,78.32157135009766,0.9912316203117371,69.10224914550781,137.14056396484375,0.7517250180244446,11.840763092041016,122.52405548095703,0.9881224036216736,89.52860260009766,149.0449676513672,0.8030752539634705,71.06177520751953,142.4532012939453,0.9828648567199707,54.04039764404297,188.84603881835938,0.8906806111335754,30.10540771484375,187.56918334960938,0.9490334391593933,0.0,0.0,0.08919518440961838,0.0,0.0,0.19378302991390228,0.0,0.0,0.0036630122922360897,0.0,0.0,0.005949376616626978
740,True,84.23777770996094,72.3282470703125,0.9707897901535034,0.0,0.0,0.4387231767177582,82.13268280029297,64.73637390136719,0.9879370331764221,0.0,0.0,0.011177967302501202,64.10696411132812,56.24761199951172,0.975541353225708,63.67903518676758,91.27290344238281,0.8579553961753845,31.945411682128906,77.9543685913086,0.9926978945732117,64.92183685302734,138.0224609375,0.5293444395065308,13.226402282714844,123.9908676147461,0.9908666610717773,88.84778594970703,145.42543029785156,0.6430435180664062,74.14686584472656,142.01087951660156,0.9847020506858826,54.04923629760742,189.4628448486328,0.8189021348953247,31.26508331298828,188.42283630371094,0.9432931542396545,0.0,0.0,0.060772739350795746,0.0,0.0,0.2042226344347,0.0,0.0,0.0033271145075559616,0.0,0.0,0.007584487088024616
741,True,84.95022583007812,71.87680053710938,0.9763374328613281,0.0,0.0,0.433012455701828,82.52085876464844,64.37793731689453,0.9918808341026306,0.0,0.0,0.008913371711969376,64.57635498046875,56.16273498535156,0.98499596118927,63.68366241455078,90.82725524902344,0.8620189428329468,33.91907501220703,77.6934585571289,0.9958420395851135,0.0,0.0,0.49854227900505066,17.044883728027344,125.00904846191406,0.9952817559242249,87.94338989257812,147.50804138183594,0.6245253086090088,78.34371948242188,142.63038635253906,0.990954577922821,54.27317810058594,188.10098266601562,0.8364211320877075,32.36943817138672,187.1754608154297,0.9609976410865784,0.0,0.0,0.06687948852777481,0.0,0.0,0.27316901087760925,0.0,0.0,0.00378822791390121,0.0,0.0,0.010363103821873665
742,True,85.44745635986328,71.24231719970703,0.983857274055481,0.0,0.0,0.4275655150413513,82.2118148803711,63.967918395996094,0.9954138994216919,0.0,0.0,0.007300797384232283,64.06169891357422,56.33763885498047,0.9937667846679688,65.20211029052734,90.44165802001953,0.9082308411598206,35.17866516113281,79.0286865234375,0.9985378980636597,63.01693344116211,139.84999084472656,0.529362678527832,24.433998107910156,127.81550598144531,0.9982276558876038,89.65818786621094,147.97943115234375,0.6679461002349854,86.50630950927734,143.95689392089844,0.9959820508956909,55.286224365234375,184.97955322265625,0.8436066508293152,34.53931427001953,184.87046813964844,0.9717479348182678,0.0,0.0,0.06894408911466599,0.0,0.0,0.34121277928352356,0.0,0.0,0.0031573919113725424,0.0,0.0,0.010282671079039574
743,True,85.4258041381836,71.26976013183594,0.9832393527030945,0.0,0.0,0.4221899211406708,82.36964416503906,63.965354919433594,0.9951836466789246,0.0,0.0,0.007528805639594793,64.45606231689453,56.142547607421875,0.9934817552566528,65.2130355834961,90.4093017578125,0.9070927500724792,35.17619323730469,78.87295532226562,0.9985458850860596,63.019134521484375,139.850341796875,0.5268055200576782,24.35357666015625,127.81745910644531,0.9982411861419678,89.68872833251953,148.04403686523438,0.6645045280456543,86.47733306884766,143.94517517089844,0.9959562420845032,55.27412414550781,184.96401977539062,0.8428599238395691,34.500648498535156,184.824951171875,0.9718510508537292,0.0,0.0,0.06828822195529938,0.0,0.0,0.34124356508255005,0.0,0.0,0.003130754455924034,0.0,0.0,0.010292171500623226
744,True,85.89201354980469,71.221923828125,0.9849743843078613,0.0,0.0,0.4630280137062073,82.92330169677734,63.91227722167969,0.9954326152801514,0.0,0.0,0.008008386939764023,64.72306060791016,56.2913818359375,0.9935581088066101,64.75460052490234,90.71481323242188,0.9352322816848755,35.009254455566406,78.10823059082031,0.9983596205711365,62.50959014892578,139.47708129882812,0.6532731652259827,23.73891830444336,126.75190734863281,0.9979821443557739,90.2923583984375,147.62428283691406,0.7352970242500305,86.20095825195312,144.04104614257812,0.9954036474227905,54.49662780761719,184.5081787109375,0.9042632579803467,33.15408706665039,183.82949829101562,0.9790514707565308,0.0,0.0,0.09176851063966751,0.0,0.0,0.3543768525123596,0.0,0.0,0.0038717424031347036,0.0,0.0,0.010536057874560356
745,True,86.51528930664062,71.75688171386719,0.9798963069915771,0.0,0.0,0.3262564539909363,84.72467041015625,64.57386779785156,0.9939053654670715,0.0,0.0,0.006168615072965622,66.70101165771484,56.158897399902344,0.9939517378807068,61.789974212646484,89.3525390625,0.953631579875946,39.51441955566406,77.76184844970703,0.9987928867340088,67.03474426269531,139.90415954589844,0.7383660674095154,44.02769088745117,130.046142578125,0.9987276196479797,103.67791748046875,151.4425048828125,0.7672064900398254,104.43037414550781,148.03843688964844,0.9961062073707581,51.478965759277344,184.814697265625,0.9536612033843994,34.52616882324219,183.99127197265625,0.989835798740387,0.0,0.0,0.15198025107383728,0.0,0.0,0.4873759150505066,0.0,0.0,0.005086338147521019,0.0,0.0,0.013402762822806835
746,True,87.47102355957031,71.12895965576172,0.9686013460159302,0.0,0.0,0.18950916826725006,85.87646484375,64.17169189453125,0.9920247793197632,0.0,0.0,0.004246336407959461,67.35923767089844,56.44465637207031,0.9950096607208252,60.20094680786133,87.12014770507812,0.9310464262962341,40.247894287109375,78.64832305908203,0.9992654919624329,68.24842834472656,139.45225524902344,0.6096184849739075,54.47677993774414,132.71348571777344,0.9992944002151489,106.81849670410156,157.46343994140625,0.622459888458252,114.11302185058594,150.51913452148438,0.9966779947280884,52.4354248046875,184.78414916992188,0.9480041265487671,36.374759674072266,185.31314086914062,0.9925323128700256,0.0,0.0,0.10744749009609222,0.0,0.0,0.48756736516952515,0.0,0.0,0.00370487617328763,0.0,0.0,0.012764738872647285
747,True,87.88407897949219,71.01240539550781,0.966809093952179,0.0,0.0,0.2068266123533249,86.57658386230469,64.21453857421875,0.9902998208999634,0.0,0.0,0.00587447639554739,68.62993621826172,56.386680603027344,0.9934573769569397,59.17001724243164,86.33586883544922,0.9289584159851074,43.150054931640625,78.18140411376953,0.9991031885147095,64.59749603271484,138.4864501953125,0.6319141387939453,59.400123596191406,130.78236389160156,0.9991304278373718,100.11214447021484,162.1666259765625,0.6410661935806274,118.54533386230469,150.77040100097656,0.9958998560905457,49.81052780151367,182.38516235351562,0.950671911239624,35.947471618652344,182.37213134765625,0.9922394752502441,0.0,0.0,0.11281377822160721,0.0,0.0,0.4642958641052246,0.0,0.0,0.003593652043491602,0.0,0.0,0.011201624758541584
748,True,86.92076110839844,72.99178314208984,0.9617008566856384,0.0,0.0,0.20195253193378448,86.89119720458984,65.9210205078125,0.9838510155677795,0.0,0.0,0.00947546772658825,70.25100708007812,55.69532012939453,0.9892745614051819,57.128196716308594,84.465576171875,0.9679610729217529,43.78696823120117,77.9576187133789,0.999128520488739,63.68895721435547,133.64625549316406,0.868601381778717,65.3927001953125,130.84909057617188,0.9992200136184692,93.70724487304688,160.0421142578125,0.8680881857872009,123.20665740966797,153.72303771972656,0.9970061182975769,48.737552642822266,179.163330078125,0.9762459397315979,36.931339263916016,180.4729461669922,0.9941326975822449,0.0,0.0,0.19053111970424652,48.55275344848633,240.0,0.5078406929969788,0.0,0.0,0.004836900159716606,0.0,0.0,0.011153874918818474
749,True,88.2535171508789,71.7786865234375,0.9681445956230164,0.0,0.0,0.21193277835845947,87.09515380859375,64.88436889648438,0.9885053634643555,0.0,0.0,0.007461479865014553,69.05140686035156,56.538719177246094,0.992866039276123,56.566368103027344,84.62057495117188,0.9651040434837341,45.57725524902344,78.71710968017578,0.9991405010223389,63.99333190917969,135.71334838867188,0.8330506682395935,68.19599151611328,132.19146728515625,0.9991567134857178,94.31151580810547,161.344482421875,0.8351127505302429,124.0520248413086,154.0355682373047,0.9967132806777954,46.95412826538086,175.86013793945312,0.9716874361038208,37.095184326171875,177.12786865234375,0.9933846592903137,0.0,0.0,0.19321604073047638,49.506866455078125,240.0,0.5231890678405762,0.0,0.0,0.005361744202673435,0.0,0.0,0.01248342078179121
750,True,88.24093627929688,71.64486694335938,0.968241274356842,0.0,0.0,0.2113855481147766,86.99403381347656,64.7442626953125,0.9884872436523438,0.0,0.0,0.007533217314630747,69.01448059082031,56.65419006347656,0.9930593967437744,56.26869583129883,84.84113311767578,0.9658108353614807,45.764381408691406,78.68672180175781,0.9991618394851685,63.50006866455078,136.30838012695312,0.8363195657730103,68.43250274658203,132.19247436523438,0.9991801381111145,93.8200454711914,161.55059814453125,0.8376554250717163,124.02665710449219,154.168212890625,0.9967727065086365,46.31715774536133,175.86709594726562,0.9708659648895264,36.764892578125,176.99630737304688,0.9931961297988892,0.0,0.0,0.17999671399593353,49.02207946777344,240.0,0.5013079643249512,0.0,0.0,0.00477796234190464,0.0,0.0,0.011117530055344105
751,True,88.4297103881836,71.7364730834961,0.9701566696166992,0.0,0.0,0.22397401928901672,87.21218872070312,64.73856353759766,0.9896500110626221,0.0,0.0,0.007472191471606493,68.95258331298828,56.64789581298828,0.9932756423950195,56.38532257080078,85.12328338623047,0.9629133343696594,45.623775482177734,78.9298095703125,0.999118983745575,63.73755645751953,135.9314727783203,0.8142032027244568,68.4852066040039,132.4473419189453,0.999103844165802,93.3945083618164,160.43402099609375,0.8144050240516663,124.2061767578125,153.57440185546875,0.9964536428451538,47.166961669921875,177.49685668945312,0.9680131077766418,37.18709182739258,178.67391967773438,0.9926947355270386,0.0,0.0,0.1732109934091568,0.0,0.0,0.4992428123950958,0.0,0.0,0.005092826206237078,0.0,0.0,0.012236927635967731
752,True,87.61589050292969,73.03005981445312,0.9689112901687622,0.0,0.0,0.23151707649230957,86.83934020996094,65.725830078125,0.9887226819992065,0.0,0.0,0.009288118220865726,69.58422088623047,56.539642333984375,0.9920589923858643,55.85234069824219,85.44107818603516,0.9595798850059509,45.56468200683594,78.10730743408203,0.9991831183433533,63.661224365234375,136.9227294921875,0.7935192584991455,68.63998413085938,131.73484802246094,0.9991648197174072,93.53237915039062,160.6136016845703,0.7962625622749329,124.52522277832031,153.4765167236328,0.9965118765830994,46.831077575683594,178.05999755859375,0.9636184573173523,37.058555603027344,179.04635620117188,0.9923895001411438,0.0,0.0,0.1488417536020279,0.0,0.0,0.4808870851993561,0.0,0.0,0.004381184000521898,0.0,0.0,0.011487521231174469
753,True,87.86674499511719,73.17086791992188,0.9706993103027344,0.0,0.0,0.23432347178459167,86.99769592285156,66.03599548339844,0.9880592226982117,0.0,0.0,0.008495555259287357,69.10365295410156,56.68450927734375,0.9914239048957825,57.59888458251953,85.60912322998047,0.9735820889472961,44.58634948730469,79.41766357421875,0.9991198182106018,63.81829833984375,135.3565673828125,0.896550714969635,68.12760925292969,131.998779296875,0.9992387294769287,91.27560424804688,159.1630096435547,0.9013051390647888,124.65620422363281,153.073486328125,0.9974266886711121,48.494293212890625,178.27523803710938,0.9778353571891785,36.771705627441406,179.60946655273438,0.9938714504241943,0.0,0.0,0.19823163747787476,0.0,0.0,0.49173271656036377,0.0,0.0,0.004780142102390528,0.0,0.0,0.010053373873233795
754,True,87.44075775146484,73.49720764160156,0.9747406244277954,0.0,0.0,0.28109821677207947,86.59750366210938,66.086669921875,0.9901384115219116,0.0,0.0,0.010119658894836903,69.32139587402344,56.28657531738281,0.9914712309837341,58.24858093261719,85.61133575439453,0.9668645858764648,43.925418853759766,79.492431640625,0.9991514682769775,63.110008239746094,134.0742645263672,0.8438435196876526,65.05082702636719,132.58375549316406,0.9991564750671387,91.90470886230469,158.591796875,0.8520098924636841,123.27857208251953,152.30081176757812,0.9969691634178162,49.43704605102539,179.98397827148438,0.9666876196861267,36.902557373046875,181.5635986328125,0.9920521974563599,0.0,0.0,0.1483660191297531,0.0,0.0,0.44806477427482605,0.0,0.0,0.004117041360586882,0.0,0.0,0.009913777932524681
755,True,87.4017333984375,73.03865051269531,0.9749987125396729,0.0,0.0,0.277172327041626,86.76445770263672,65.76416015625,0.9908022284507751,0.0,0.0,0.008769496344029903,69.54314422607422,56.08253479003906,0.991476833820343,60.43791198730469,86.95465087890625,0.9590152502059937,42.58303451538086,80.04447174072266,0.9992196559906006,66.0301284790039,136.40768432617188,0.8142410516738892,58.41545104980469,133.42568969726562,0.9993247985839844,95.6880874633789,157.3712921142578,0.8414673209190369,118.52017211914062,148.74224853515625,0.9975964426994324,51.395286560058594,181.5028533935547,0.964605987071991,36.64841079711914,182.29681396484375,0.9928731918334961,0.0,0.0,0.13734345138072968,0.0,0.0,0.4609718918800354,0.0,0.0,0.0034691074397414923,0.0,0.0,0.009222771972417831
756,True,87.00487518310547,73.32490539550781,0.9795533418655396,0.0,0.0,0.3246418535709381,86.06282806396484,65.92671203613281,0.9934559464454651,0.0,0.0,0.0071676261723041534,68.84285736083984,56.023948669433594,0.9925681352615356,61.15142822265625,89.36328125,0.9387194514274597,41.199832916259766,77.75531005859375,0.9990774393081665,64.27318572998047,141.99681091308594,0.6984766125679016,42.65626525878906,132.00445556640625,0.9992044568061829,100.77385711669922,152.92581176757812,0.7583004832267761,103.7502212524414,145.15835571289062,0.9973909258842468,52.812347412109375,188.66836547851562,0.9404242634773254,36.82921600341797,187.4112091064453,0.9899857044219971,0.0,0.0,0.08966868370771408,0.0,0.0,0.3979220986366272,0.0,0.0,0.002478972775861621,0.0,0.0,0.007853287272155285
757,True,86.60687255859375,73.1808853149414,0.9750449657440186,0.0,0.0,0.3638074994087219,85.37239837646484,65.60897827148438,0.9917033314704895,0.0,0.0,0.008515923283994198,68.5411376953125,55.05699920654297,0.988174557685852,62.81563949584961,88.52069091796875,0.9139537215232849,40.732444763183594,77.48304748535156,0.9982435703277588,63.13036346435547,136.2971649169922,0.6607969403266907,29.200077056884766,128.6754150390625,0.9984534978866577,92.0328598022461,148.80853271484375,0.7620302438735962,84.00474548339844,144.5533447265625,0.996371865272522,54.10443115234375,181.52391052246094,0.9251468181610107,37.83711242675781,180.85610961914062,0.9849783182144165,0.0,0.0,0.1184074878692627,0.0,0.0,0.439340740442276,0.0,0.0,0.00422049080953002,0.0,0.0,0.01234564371407032
758,True,86.51618194580078,73.20896911621094,0.9744330644607544,0.0,0.0,0.3604333698749542,85.355712890625,65.64456176757812,0.9913827776908875,0.0,0.0,0.008685484528541565,68.62638092041016,55.080902099609375,0.9877560138702393,62.75019454956055,88.63168334960938,0.9128217101097107,40.69520950317383,77.56703186035156,0.9982744455337524,63.04609680175781,136.4851531982422,0.6574653387069702,29.045358657836914,128.63116455078125,0.9984745383262634,91.63433837890625,148.6989288330078,0.759964644908905,83.84407043457031,144.393798828125,0.9963885545730591,54.459407806396484,181.86825561523438,0.9262906908988953,38.25962448120117,181.19744873046875,0.9854422807693481,0.0,0.0,0.11906391382217407,0.0,0.0,0.44328874349594116,0.0,0.0,0.0041883233934640884,0.0,0.0,0.012354647740721703
759,True,85.26345825195312,73.2206802368164,0.9779702425003052,0.0,0.0,0.3808187246322632,84.47550964355469,65.5994873046875,0.9926799535751343,0.0,0.0,0.008536562323570251,67.6829833984375,55.26306915283203,0.9885315895080566,64.26327514648438,90.72450256347656,0.9069352746009827,37.1818962097168,78.89449310302734,0.9984715580940247,70.80582427978516,139.50677490234375,0.6061848402023315,24.59300994873047,130.6457061767578,0.9985451698303223,92.45832061767578,151.02908325195312,0.7353025674819946,77.765869140625,148.78677368164062,0.9966050386428833,54.46965408325195,183.34686279296875,0.9104716777801514,35.857757568359375,182.40542602539062,0.9844138622283936,0.0,0.0,0.11230838298797607,0.0,0.0,0.4626808762550354,0.0,0.0,0.004262966103851795,0.0,0.0,0.013747872784733772
760,True,83.5247802734375,72.79133605957031,0.9761863946914673,87.02362823486328,68.98023986816406,0.577650249004364,83.12455749511719,64.86077880859375,0.9788222908973694,0.0,0.0,0.036145955324172974,66.9948959350586,53.53692626953125,0.949016809463501,66.65602111816406,90.22566223144531,0.977869987487793,31.356735229492188,79.89956665039062,0.994012176990509,72.13300323486328,132.17083740234375,0.9524769186973572,6.634307861328125,126.04717254638672,0.9921154379844666,90.03082275390625,154.51832580566406,0.9601791501045227,55.572628021240234,156.6412353515625,0.9900425672531128,55.63275909423828,185.44677734375,0.9586174488067627,32.409523010253906,185.36325073242188,0.9687812328338623,0.0,0.0,0.13817833364009857,0.0,0.0,0.18343420326709747,0.0,0.0,0.0028629167936742306,0.0,0.0,0.003183424472808838
761,True,82.3253402709961,73.24088287353516,0.9690198302268982,85.7057113647461,69.05647277832031,0.5416562557220459,81.84695434570312,65.12579345703125,0.9709384441375732,0.0,0.0,0.03339988365769386,65.46949768066406,53.993255615234375,0.9304957389831543,67.14862060546875,90.35321044921875,0.9709955453872681,28.68164825439453,81.23199462890625,0.9885135293006897,71.146240234375,130.60218811035156,0.9505230188369751,5.0873565673828125,127.13941955566406,0.9861758351325989,88.60157775878906,154.120849609375,0.9567383527755737,50.58846664428711,157.44094848632812,0.984147310256958,54.79307556152344,189.85171508789062,0.9388920664787292,28.179119110107422,190.06680297851562,0.9444130063056946,0.0,0.0,0.07994265109300613,0.0,0.0,0.09179259836673737,0.0,0.0,0.0017408810090273619,0.0,0.0,0.0017144791781902313
762,True,82.42283630371094,71.41120910644531,0.9798492789268494,85.54718017578125,66.84431457519531,0.7060548067092896,79.67593383789062,63.25895690917969,0.9826434254646301,0.0,0.0,0.046112071722745895,61.063758850097656,54.73310852050781,0.9535624384880066,67.22053527832031,90.8234634399414,0.9711669683456421,27.595294952392578,83.12942504882812,0.9894859790802002,69.56739807128906,132.4148406982422,0.9371398687362671,4.1664581298828125,130.17453002929688,0.9819866418838501,88.44308471679688,155.07632446289062,0.941701352596283,50.43815231323242,157.15957641601562,0.9787372350692749,58.65229797363281,191.93069458007812,0.9347196817398071,30.675586700439453,192.52992248535156,0.9402792453765869,0.0,0.0,0.08761293441057205,0.0,0.0,0.09855770319700241,0.0,0.0,0.0023451060988008976,0.0,0.0,0.0023063207045197487
763,True,82.30174255371094,71.39759826660156,0.9795352816581726,85.6768798828125,66.96356201171875,0.6422598361968994,80.05802917480469,63.548126220703125,0.9832664728164673,0.0,0.0,0.029825041070580482,61.632415771484375,54.658668518066406,0.959291934967041,67.95429229736328,90.12726593017578,0.97702956199646,26.523822784423828,82.70498657226562,0.9860188961029053,70.14100646972656,129.95248413085938,0.954479992389679,4.703487396240234,128.6154327392578,0.9784219264984131,87.97361755371094,153.59344482421875,0.9544607996940613,50.06703186035156,158.71914672851562,0.9764178395271301,57.09453201293945,188.73455810546875,0.9530883431434631,28.121234893798828,189.84326171875,0.9475508332252502,0.0,0.0,0.1260146051645279,0.0,0.0,0.1161491721868515,0.0,0.0,0.0031538144685328007,0.0,0.0,0.00256029493175447
764,True,80.33787536621094,71.78759765625,0.9799490571022034,84.22174072265625,67.56150817871094,0.6985947489738464,78.11666870117188,63.30084991455078,0.984069287776947,0.0,0.0,0.04718441143631935,59.91987609863281,53.93705749511719,0.9623668193817139,67.27005004882812,90.71569061279297,0.9789440631866455,25.36420440673828,83.5708999633789,0.9920370578765869,71.71131896972656,131.06585693359375,0.9480665922164917,5.174373626708984,133.2398681640625,0.9856432676315308,88.33601379394531,154.59597778320312,0.9439672231674194,52.000022888183594,159.11424255371094,0.9802875518798828,57.911502838134766,188.6464385986328,0.9618567824363708,28.59630584716797,189.41604614257812,0.9644274115562439,0.0,0.0,0.1354743242263794,0.0,0.0,0.1542193442583084,0.0,0.0,0.0034482632763683796,0.0,0.0,0.00343509903177619
765,True,78.95825958251953,71.91444396972656,0.9844400882720947,83.36206817626953,67.77850341796875,0.73589688539505,76.66059875488281,63.49847412109375,0.9864566326141357,0.0,0.0,0.044413577765226364,58.560691833496094,53.971778869628906,0.9603963494300842,67.46937561035156,90.93353271484375,0.9815358519554138,23.897972106933594,83.36097717285156,0.9868804216384888,71.20097351074219,130.42726135253906,0.9560382962226868,5.4181976318359375,132.55006408691406,0.9752580523490906,88.44526672363281,153.39080810546875,0.9534727931022644,52.610107421875,161.3751220703125,0.972032368183136,56.36890411376953,187.70806884765625,0.9555520415306091,26.140151977539062,188.4029541015625,0.947459876537323,0.0,0.0,0.1511775404214859,0.0,0.0,0.1343945413827896,0.0,0.0,0.004076335113495588,0.0,0.0,0.0032428919803351164
766,True,77.29326629638672,70.94869232177734,0.982583224773407,81.8183822631836,66.87672424316406,0.731103241443634,74.77337646484375,62.55156707763672,0.9843908548355103,0.0,0.0,0.0464448556303978,57.05811309814453,53.714927673339844,0.9558655023574829,66.95602416992188,90.39781951904297,0.980363667011261,22.858322143554688,83.38175964355469,0.9835451245307922,70.943115234375,129.57586669921875,0.953473687171936,5.471149444580078,133.2659149169922,0.9684649705886841,88.65323638916016,153.3244171142578,0.9489704966545105,53.985145568847656,161.40115356445312,0.9653347134590149,56.44550323486328,186.493408203125,0.9479843974113464,25.81201171875,187.4973602294922,0.9344316720962524,0.0,0.0,0.13794060051441193,0.0,0.0,0.11666319519281387,0.0,0.0,0.003843588288873434,0.0,0.0,0.0029553372878581285
767,True,76.09056091308594,71.036865234375,0.983132004737854,80.6728286743164,66.8602523803711,0.7362008094787598,73.50182342529297,62.452964782714844,0.9851967096328735,0.0,0.0,0.04586640000343323,55.55005645751953,53.67063903808594,0.9573017358779907,66.18492126464844,90.70323181152344,0.9792671203613281,21.620319366455078,83.78929138183594,0.9835940003395081,71.02288055419922,130.12802124023438,0.9518299698829651,4.29388427734375,133.5397491455078,0.9696710705757141,88.44052124023438,153.17884826660156,0.948388934135437,49.96389389038086,159.20640563964844,0.9678107500076294,58.78809356689453,187.13731384277344,0.942677915096283,27.61333465576172,188.37525939941406,0.930100679397583,0.0,0.0,0.12099248170852661,0.0,0.0,0.10549047589302063,0.0,0.0,0.0033540143631398678,0.0,0.0,0.0026639653369784355
768,True,76.19773864746094,70.53780364990234,0.9861332774162292,80.83232879638672,66.25975799560547,0.7424059510231018,73.30365753173828,61.95310974121094,0.9895881414413452,0.0,0.0,0.03801374509930611,54.709869384765625,53.62876892089844,0.9726154804229736,65.98151397705078,91.50823974609375,0.9821435809135437,20.71072006225586,84.09485626220703,0.9868834614753723,71.40133666992188,131.9619598388672,0.9524384140968323,4.8791046142578125,133.9963836669922,0.9750064015388489,89.07418823242188,154.10116577148438,0.9493908882141113,51.962615966796875,158.8817901611328,0.9733129739761353,58.148319244384766,185.39476013183594,0.9474447965621948,26.540603637695312,186.695068359375,0.9384076595306396,0.0,0.0,0.15030251443386078,0.0,0.0,0.13888080418109894,0.0,0.0,0.004498796071857214,0.0,0.0,0.0036707455292344093
769,True,75.8721694946289,70.28036499023438,0.9866902828216553,80.40872192382812,65.96785736083984,0.7685097455978394,72.73577880859375,61.79804992675781,0.9890874624252319,0.0,0.0,0.04561341926455498,54.17536544799805,53.651519775390625,0.9685207605361938,65.79817199707031,91.87458801269531,0.9834486842155457,20.632427215576172,83.53854370117188,0.9860014915466309,71.24221801757812,135.09817504882812,0.95323246717453,4.9554901123046875,133.32369995117188,0.9697492122650146,89.1444091796875,153.99435424804688,0.9469907879829407,50.419822692871094,156.549072265625,0.9667044878005981,57.033531188964844,187.66229248046875,0.9464382529258728,25.847110748291016,188.465087890625,0.9337066411972046,0.0,0.0,0.13769958913326263,0.0,0.0,0.11831096559762955,0.0,0.0,0.003787859110161662,0.0,0.0,0.0029147518798708916
770,True,74.31166076660156,70.1566390991211,0.9864885210990906,78.92143249511719,66.703857421875,0.7804014086723328,72.17073059082031,61.778045654296875,0.9897750616073608,0.0,0.0,0.05221400782465935,55.166900634765625,52.672218322753906,0.9727472066879272,63.319297790527344,92.23701477050781,0.9823365807533264,20.99090576171875,82.38865661621094,0.9893883466720581,67.89769744873047,134.20263671875,0.9474644660949707,4.018379211425781,132.695556640625,0.9776927828788757,87.57485961914062,151.59442138671875,0.9431226253509521,54.192447662353516,154.4849395751953,0.9731553792953491,55.732852935791016,187.0201416015625,0.9566680788993835,26.490747451782227,187.07305908203125,0.9533064961433411,0.0,0.0,0.15937283635139465,0.0,0.0,0.15717191994190216,0.0,0.0,0.0040630074217915535,0.0,0.0,0.003509099595248699
771,True,74.2825698852539,70.54554748535156,0.9880416393280029,78.873779296875,66.76365661621094,0.8331531882286072,71.55252838134766,61.837371826171875,0.9901784658432007,0.0,0.0,0.0807475671172142,54.27402114868164,52.896453857421875,0.9685198664665222,62.96382141113281,91.75360107421875,0.9830473065376282,22.214340209960938,81.71318054199219,0.9918603301048279,67.06770324707031,133.2633514404297,0.9403235912322998,5.072423934936523,129.99749755859375,0.9788907170295715,85.13170623779297,149.33888244628906,0.932502806186676,55.441009521484375,151.62185668945312,0.9713446497917175,57.178504943847656,189.72027587890625,0.9628041386604309,28.965667724609375,189.4503936767578,0.9632279872894287,0.0,0.0,0.17843428254127502,0.0,0.0,0.1883261501789093,0.0,0.0,0.004959288984537125,0.0,0.0,0.004671189002692699
772,True,73.78048706054688,70.39067840576172,0.9868816137313843,78.25106811523438,66.63153839111328,0.8121882677078247,71.0851821899414,61.918907165527344,0.9900529980659485,0.0,0.0,0.074184849858284,54.02320861816406,52.92829895019531,0.9708930253982544,62.029563903808594,90.0235366821289,0.9814390540122986,22.09111213684082,81.723876953125,0.9918213486671448,66.18016815185547,129.81568908691406,0.9283443689346313,6.471240997314453,130.7640838623047,0.9782392382621765,85.85397338867188,146.43043518066406,0.9184422492980957,60.637794494628906,151.04989624023438,0.969572126865387,57.07233428955078,186.44650268554688,0.9577057361602783,29.639421463012695,187.3067626953125,0.9599962830543518,0.0,0.0,0.18427608907222748,0.0,0.0,0.2061145007610321,0.0,0.0,0.005735260900110006,0.0,0.0,0.0056710694916546345
773,True,73.87886047363281,70.67330932617188,0.9862698912620544,78.2216796875,67.2220458984375,0.759039044380188,71.6924819946289,62.26133728027344,0.9910503625869751,0.0,0.0,0.04360742121934891,54.270294189453125,52.76249694824219,0.9801414012908936,61.550418853759766,91.51202392578125,0.9839873313903809,19.61594009399414,80.81315612792969,0.9885769486427307,65.50563049316406,133.804931640625,0.9397610425949097,7.030323028564453,131.6470489501953,0.9718817472457886,87.07276916503906,146.1244659423828,0.9307119250297546,65.73169708251953,150.28472900390625,0.9677788019180298,57.35816192626953,184.09352111816406,0.9503055214881897,28.590972900390625,184.91107177734375,0.9431314468383789,0.0,0.0,0.19587065279483795,0.0,0.0,0.19327697157859802,0.0,0.0,0.0065008411183953285,0.0,0.0,0.005590749438852072
774,True,73.79798889160156,71.21016693115234,0.9837295413017273,78.30097961425781,67.14630889892578,0.7168067097663879,71.32274627685547,62.695587158203125,0.9890831708908081,0.0,0.0,0.03965524956583977,53.98832702636719,53.663597106933594,0.9744000434875488,62.428367614746094,90.73711395263672,0.9796976447105408,20.00003433227539,80.92649841308594,0.9861683249473572,67.36461639404297,132.0474853515625,0.9138707518577576,8.091171264648438,129.81703186035156,0.9649783372879028,87.41109466552734,145.74752807617188,0.9074195027351379,63.05657958984375,147.92698669433594,0.9624007344245911,54.36491394042969,179.6371307373047,0.9147624969482422,25.668563842773438,180.79721069335938,0.9101720452308655,0.0,0.0,0.19808553159236908,0.0,0.0,0.21424730122089386,0.0,0.0,0.010557291097939014,0.0,0.0,0.009861517697572708
775,True,72.92483520507812,71.183837890625,0.9844558238983154,77.13125610351562,67.97593688964844,0.7069656252861023,71.1750717163086,62.938323974609375,0.9908819198608398,0.0,0.0,0.03499297797679901,54.034095764160156,53.03898620605469,0.9797800183296204,59.40496826171875,90.58721923828125,0.9744359254837036,20.041244506835938,80.13125610351562,0.9914517998695374,64.67131042480469,132.7750701904297,0.9065311551094055,5.822456359863281,130.73570251464844,0.9838031530380249,86.4073486328125,145.29302978515625,0.9113461971282959,65.81922912597656,144.2933349609375,0.9801832437515259,55.7724494934082,182.40773010253906,0.9412938952445984,28.663928985595703,183.02410888671875,0.9536364674568176,0.0,0.0,0.16205459833145142,0.0,0.0,0.2181640863418579,0.0,0.0,0.005220836494117975,0.0,0.0,0.005886423867195845
776,True,72.02687072753906,70.913330078125,0.983089029788971,76.4826889038086,67.76005554199219,0.7507094740867615,70.3035888671875,62.631072998046875,0.9890633225440979,0.0,0.0,0.04805394634604454,53.58694839477539,52.6724853515625,0.9686872959136963,59.38341522216797,89.42076110839844,0.9614933133125305,19.492042541503906,80.24275970458984,0.9866992235183716,62.11332702636719,130.23294067382812,0.8537637591362,8.646648406982422,129.76480102539062,0.9693009853363037,79.31455993652344,142.0889129638672,0.8617777228355408,67.21185302734375,141.2650909423828,0.9609776139259338,53.40239334106445,183.61634826660156,0.9332378506660461,25.47682762145996,184.2181854248047,0.9469532370567322,0.0,0.0,0.18244390189647675,0.0,0.0,0.23153556883335114,0.0,0.0,0.007424941286444664,0.0,0.0,0.008040257729589939
777,True,72.34334564208984,71.36726379394531,0.9806981086730957,76.58076477050781,68.18869018554688,0.6779460310935974,70.60664367675781,63.089134216308594,0.9905402660369873,0.0,0.0,0.03003072924911976,53.59373474121094,53.05751037597656,0.9764701724052429,59.178932189941406,90.03313446044922,0.9322013854980469,19.434921264648438,80.23355102539062,0.9895785450935364,61.4937744140625,136.82894897460938,0.710385799407959,12.920616149902344,132.12803649902344,0.9783193469047546,81.32381439208984,151.97549438476562,0.7224280834197998,69.45187377929688,138.6378173828125,0.964104175567627,53.54553985595703,186.75050354003906,0.9034299254417419,24.942638397216797,187.11196899414062,0.9495041370391846,0.0,0.0,0.12410587817430496,0.0,0.0,0.23089741170406342,0.0,0.0,0.0057415347546339035,0.0,0.0,0.008402649313211441
778,True,72.35419464111328,71.08677673339844,0.9803210496902466,76.353759765625,67.87399291992188,0.6908887624740601,70.55757904052734,62.84532165527344,0.9900608062744141,0.0,0.0,0.031857118010520935,53.861412048339844,52.94334411621094,0.9713138341903687,57.75926971435547,88.75109100341797,0.9116849899291992,20.645532608032227,78.73896789550781,0.9875290393829346,60.39145278930664,131.94602966308594,0.6582466959953308,10.917755126953125,128.33746337890625,0.975454568862915,81.48617553710938,141.516357421875,0.6990802884101868,70.6146469116211,136.91734313964844,0.9624008536338806,54.62811279296875,186.37942504882812,0.8874056935310364,27.480422973632812,187.1082000732422,0.9435582160949707,0.0,0.0,0.11932894587516785,0.0,0.0,0.23468513786792755,0.0,0.0,0.0061863199807703495,0.0,0.0,0.00966014713048935
779,True,72.68780517578125,71.15501403808594,0.9786000847816467,76.57017517089844,68.0458755493164,0.6173848509788513,70.61231994628906,63.07264709472656,0.992090106010437,0.0,0.0,0.020291229709982872,53.85879898071289,53.649017333984375,0.9796195030212402,57.48857498168945,89.74629974365234,0.8249954581260681,21.19460678100586,79.05335998535156,0.9920893907546997,0.0,0.0,0.36823245882987976,11.013099670410156,129.62319946289062,0.9856816530227661,0.0,0.0,0.44169995188713074,72.4577865600586,135.07383728027344,0.9702773094177246,53.772705078125,187.8382568359375,0.8203843235969543,27.29434585571289,188.09890747070312,0.9492120146751404,0.0,0.0,0.07680049538612366,0.0,0.0,0.26120781898498535,0.0,0.0,0.004718405194580555,0.0,0.0,0.011293386109173298
780,True,73.07396697998047,71.28962707519531,0.9710466861724854,76.62042999267578,67.31793212890625,0.5554071664810181,70.06700134277344,63.33404541015625,0.9868661761283875,0.0,0.0,0.01916240155696869,52.8736572265625,54.744972229003906,0.9636912941932678,57.29403305053711,90.68379974365234,0.8103654384613037,23.24225616455078,78.85691833496094,0.986628532409668,0.0,0.0,0.37554165720939636,13.482902526855469,127.25918579101562,0.9777602553367615,0.0,0.0,0.4429331421852112,75.17155456542969,134.34141540527344,0.9611588716506958,51.08137512207031,189.92449951171875,0.7788272500038147,26.064857482910156,189.76022338867188,0.9254193305969238,0.0,0.0,0.07108806073665619,0.0,0.0,0.22366930544376373,0.0,0.0,0.004936619661748409,0.0,0.0,0.010886019095778465
781,True,73.69872283935547,71.10608673095703,0.9837777614593506,76.82332611083984,67.83903503417969,0.6289792060852051,71.55449676513672,63.47337341308594,0.9927046895027161,0.0,0.0,0.018158508464694023,54.61659240722656,54.17045593261719,0.981532871723175,54.4478759765625,89.34580993652344,0.918981671333313,24.690532684326172,78.61677551269531,0.9935059547424316,54.73400115966797,133.8348388671875,0.7012518048286438,9.766010284423828,125.84095764160156,0.9913879036903381,83.89796447753906,143.70108032226562,0.7818360328674316,75.489501953125,131.53561401367188,0.9873197078704834,51.57453918457031,184.88087463378906,0.9065812230110168,29.735939025878906,185.4080810546875,0.9641788005828857,0.0,0.0,0.12349165230989456,0.0,0.0,0.2935081124305725,0.0,0.0,0.004886963404715061,0.0,0.0,0.008982151746749878
782,True,73.2070083618164,71.22154998779297,0.9854287505149841,76.82829284667969,68.50264739990234,0.6531559228897095,71.2458724975586,63.42753601074219,0.9937090873718262,0.0,0.0,0.019777216017246246,54.76490783691406,53.79120635986328,0.9839248657226562,54.737220764160156,88.16738891601562,0.9235837459564209,24.697494506835938,77.44200134277344,0.9942796230316162,56.50045394897461,132.45993041992188,0.6997138261795044,12.883628845214844,127.40107727050781,0.9923370480537415,85.80644226074219,137.2401123046875,0.7755956053733826,78.1340560913086,128.763427734375,0.9878219962120056,52.186248779296875,184.24063110351562,0.8938159346580505,29.993486404418945,184.68231201171875,0.9605302810668945,0.0,0.0,0.09785356372594833,0.0,0.0,0.2533740997314453,0.0,0.0,0.0035749380476772785,0.0,0.0,0.006873903796076775
783,True,73.42711639404297,71.22550964355469,0.9848647117614746,76.97697448730469,68.47772216796875,0.6331176161766052,71.5595703125,63.437232971191406,0.9937238097190857,0.0,0.0,0.01787293702363968,54.90067672729492,53.71588134765625,0.9848122596740723,54.870201110839844,87.96043395996094,0.9211755990982056,24.268144607543945,77.71450805664062,0.9943748712539673,56.560150146484375,132.19935607910156,0.6988507509231567,13.20962905883789,128.0448455810547,0.9928043484687805,85.77461242675781,137.25303649902344,0.7752479314804077,78.21305847167969,128.6875762939453,0.9884059429168701,52.531166076660156,184.39105224609375,0.8950590491294861,29.7204532623291,185.0555419921875,0.9617632627487183,0.0,0.0,0.09588918834924698,0.0,0.0,0.2524107098579407,0.0,0.0,0.0034752071369439363,0.0,0.0,0.00673938263207674
784,True,73.79546356201172,71.26437377929688,0.9868257641792297,76.86405944824219,68.68138885498047,0.6045507192611694,72.17959594726562,63.62810516357422,0.9938364624977112,0.0,0.0,0.016379661858081818,55.34442138671875,54.12757873535156,0.987296462059021,54.346229553222656,89.0389175415039,0.9591497778892517,25.54199981689453,77.41018676757812,0.9969050288200378,57.54472732543945,133.16209411621094,0.8693016767501831,13.834648132324219,125.71561431884766,0.9971305727958679,88.31440734863281,135.9150848388672,0.9130215048789978,79.93458557128906,125.81722259521484,0.9957011342048645,52.2747802734375,183.327880859375,0.9384759664535522,30.762306213378906,182.99658203125,0.9763435125350952,0.0,0.0,0.09621293842792511,0.0,0.0,0.23660075664520264,0.0,0.0,0.0021037133410573006,0.0,0.0,0.0038178095128387213
785,True,74.00196075439453,71.52537536621094,0.9877199530601501,77.1098861694336,68.1900634765625,0.6892442107200623,71.83226776123047,63.58275604248047,0.9940424561500549,0.0,0.0,0.02484147436916828,55.80653381347656,55.19395446777344,0.9841862320899963,55.98866271972656,88.01994323730469,0.9558033347129822,27.661624908447266,76.86711883544922,0.9963235855102539,57.0592155456543,131.34921264648438,0.8247107267379761,18.170703887939453,123.36917877197266,0.9952883720397949,86.84689331054688,133.8695068359375,0.8502742648124695,81.50607299804688,123.49421691894531,0.9915796518325806,53.322689056396484,181.00421142578125,0.9243505597114563,30.5252742767334,180.56703186035156,0.9703702330589294,0.0,0.0,0.07573910802602768,0.0,0.0,0.1896008402109146,0.0,0.0,0.0025940469931811094,0.0,0.0,0.004718405194580555
786,True,73.83277893066406,71.20722961425781,0.9869151711463928,76.88780212402344,67.99240112304688,0.6612452864646912,71.84374237060547,63.33881378173828,0.9937607645988464,0.0,0.0,0.023742740973830223,56.124610900878906,55.20840835571289,0.9853516221046448,56.16066360473633,87.81907653808594,0.9598984122276306,27.304210662841797,76.5906982421875,0.9969291090965271,57.28654479980469,131.48252868652344,0.8382565975189209,20.183815002441406,122.65484619140625,0.9961714148521423,85.92414093017578,134.60684204101562,0.8564136028289795,82.34793090820312,121.8128433227539,0.9926774501800537,52.90074157714844,180.3509521484375,0.9337171316146851,29.54047393798828,179.89700317382812,0.9750624895095825,0.0,0.0,0.08098801225423813,0.0,0.0,0.2078084796667099,0.0,0.0,0.0027019830886274576,0.0,0.0,0.005042222328484058
787,True,74.21731567382812,70.64926147460938,0.9883394241333008,77.28189086914062,67.95463562011719,0.5689180493354797,72.29145812988281,63.16587829589844,0.9949955940246582,0.0,0.0,0.013260298408567905,55.33925247192383,54.579124450683594,0.9920580983161926,55.99639129638672,88.22411346435547,0.9728105664253235,26.142196655273438,78.05439758300781,0.9983137845993042,57.3515739440918,131.36793518066406,0.9199903607368469,19.718029022216797,124.50717163085938,0.9987297654151917,83.93087768554688,134.49954223632812,0.9462788701057434,81.81011962890625,120.70072174072266,0.9979090690612793,53.807395935058594,182.06967163085938,0.9584943056106567,30.788843154907227,182.19168090820312,0.9852086305618286,0.0,0.0,0.09139378368854523,0.0,0.0,0.23896275460720062,0.0,0.0,0.00153411366045475,0.0,0.0,0.002885116497054696
788,True,74.80516815185547,70.66447448730469,0.9892988204956055,77.8662109375,67.9206314086914,0.5797692537307739,72.54470825195312,63.15362548828125,0.9953415393829346,0.0,0.0,0.012487918138504028,55.246238708496094,54.848907470703125,0.9926988482475281,56.78062438964844,88.843505859375,0.9768509864807129,26.488712310791016,78.12826538085938,0.9983300566673279,58.44825744628906,132.91107177734375,0.9354854822158813,20.372825622558594,124.86298370361328,0.9987902045249939,87.1304702758789,134.0616455078125,0.9560613036155701,81.85098266601562,120.44903564453125,0.9980567097663879,53.721500396728516,183.32542419433594,0.9622679352760315,30.251903533935547,183.08001708984375,0.9854878783226013,0.0,0.0,0.08777318149805069,0.0,0.0,0.21676312386989594,0.0,0.0,0.0013219158863648772,0.0,0.0,0.0023323982022702694
789,True,74.39198303222656,70.46324157714844,0.9888972640037537,77.59326934814453,67.86052703857422,0.5804778337478638,72.16938018798828,62.89507293701172,0.9954653382301331,0.0,0.0,0.013066098093986511,55.20819091796875,54.62043762207031,0.9925997257232666,56.4052734375,88.7723617553711,0.9692914485931396,27.07764434814453,77.49903869628906,0.9983577132225037,57.88776397705078,133.65928649902344,0.8965281844139099,21.622133255004883,124.87225341796875,0.9986894726753235,85.51954650878906,134.22434997558594,0.929399847984314,83.13227844238281,121.05921936035156,0.9976498484611511,53.12873458862305,183.03292846679688,0.9516347646713257,30.510379791259766,182.42828369140625,0.9842637181282043,0.0,0.0,0.08176017552614212,0.0,0.0,0.23350350558757782,0.0,0.0,0.0014218483120203018,0.0,0.0,0.002849750919267535
790,True,74.70919799804688,71.16879272460938,0.9888556599617004,77.62722778320312,68.56971740722656,0.5254412889480591,72.7019271850586,63.6622314453125,0.9956568479537964,0.0,0.0,0.010166711173951626,55.49131774902344,54.67124938964844,0.9938129186630249,55.53112030029297,88.20059967041016,0.9736488461494446,27.05150032043457,76.92021942138672,0.9988031387329102,58.21066665649414,133.8094024658203,0.9149842858314514,23.779647827148438,124.72703552246094,0.9991663694381714,89.51696014404297,134.084716796875,0.9429640173912048,85.74263000488281,121.79603576660156,0.9984234571456909,52.958885192871094,184.63311767578125,0.9603651165962219,30.924684524536133,184.21356201171875,0.987983226776123,0.0,0.0,0.08144757896661758,0.0,0.0,0.2453399896621704,0.0,0.0,0.0012030435027554631,0.0,0.0,0.00250239041633904
791,True,75.01008605957031,70.34381103515625,0.9916797280311584,78.166748046875,67.69863891601562,0.6001927256584167,72.46440887451172,62.76863098144531,0.9968536496162415,0.0,0.0,0.011669899336993694,54.916866302490234,54.60558319091797,0.9953973889350891,56.57417297363281,88.24405670166016,0.9802220463752747,26.840129852294922,77.75920104980469,0.998945415019989,59.29520034790039,133.84130859375,0.9269859194755554,27.485477447509766,126.28803253173828,0.9991244673728943,90.81338500976562,133.33021545410156,0.9448138475418091,87.81055450439453,122.35010528564453,0.9982174038887024,54.12361526489258,184.27670288085938,0.9669018983840942,30.89596939086914,184.286376953125,0.9891080856323242,0.0,0.0,0.09290067106485367,0.0,0.0,0.2552291750907898,0.0,0.0,0.0013649245956912637,0.0,0.0,0.0026395153254270554
792,True,75.21344757080078,70.793701171875,0.9903730154037476,78.17105102539062,68.2603759765625,0.5676869750022888,72.94891357421875,63.09333038330078,0.9961856007575989,0.0,0.0,0.011576435528695583,55.252193450927734,54.47222137451172,0.994594156742096,55.80467224121094,88.29005432128906,0.9799774289131165,27.37460708618164,76.77276611328125,0.9988620281219482,59.80177307128906,134.65516662597656,0.9256170392036438,28.74291229248047,125.88578796386719,0.9990308284759521,92.17845916748047,132.733642578125,0.9412786960601807,88.60476684570312,122.62901306152344,0.9979745745658875,53.58755874633789,185.39598083496094,0.9660626649856567,31.462047576904297,184.78439331054688,0.9885441660881042,0.0,0.0,0.09129423648118973,0.0,0.0,0.2474619597196579,0.0,0.0,0.0013696070527657866,0.0,0.0,0.0026253596879541874
793,True,75.04780578613281,71.01910400390625,0.9896538853645325,77.93101501464844,68.41168975830078,0.5494158864021301,73.31475830078125,63.29142761230469,0.9957348704338074,0.0,0.0,0.012178611010313034,55.970584869384766,54.2032470703125,0.9938532114028931,55.74757766723633,87.53874969482422,0.9812906384468079,28.17630958557129,76.86346435546875,0.9989257454872131,63.23818588256836,132.5648193359375,0.936863124370575,31.02298927307129,126.2003173828125,0.9991735816001892,94.74043273925781,130.79638671875,0.9513448476791382,89.8271713256836,122.15585327148438,0.9983124732971191,54.20206832885742,184.36080932617188,0.9723323583602905,32.55055618286133,184.1307830810547,0.9905692338943481,0.0,0.0,0.1110760048031807,0.0,0.0,0.293617844581604,0.0,0.0,0.0016431340482085943,0.0,0.0,0.00320833851583302
794,True,75.23493194580078,70.4891357421875,0.9898819327354431,78.09664916992188,67.92833709716797,0.5370563864707947,73.2475814819336,62.82096862792969,0.9959812164306641,0.0,0.0,0.011892789043486118,55.883731842041016,54.664581298828125,0.9950395226478577,56.53219223022461,87.68064880371094,0.9853315353393555,28.69888687133789,77.30581665039062,0.9991348385810852,65.4957275390625,130.63198852539062,0.9413498044013977,35.11668395996094,125.3944320678711,0.9992401599884033,97.29302978515625,129.1918487548828,0.9493136405944824,93.10612487792969,122.05957794189453,0.9982874989509583,54.413909912109375,183.010498046875,0.9772083759307861,32.923065185546875,182.90731811523438,0.9921426773071289,0.0,0.0,0.1393343210220337,0.0,0.0,0.3525124192237854,0.0,0.0,0.0022323615849018097,0.0,0.0,0.004372863564640284
795,True,75.3998794555664,70.40987396240234,0.9876998662948608,0.0,0.0,0.4605935513973236,73.77900695800781,62.64018249511719,0.9953822493553162,0.0,0.0,0.010392810218036175,56.420135498046875,54.256683349609375,0.9951598048210144,56.165672302246094,87.32904052734375,0.9833726286888123,28.766637802124023,76.64389038085938,0.999291181564331,66.40879821777344,131.39410400390625,0.928693413734436,38.230186462402344,125.10977172851562,0.9994045495986938,98.85838317871094,129.61724853515625,0.9365741610527039,95.51190948486328,121.05486297607422,0.9984334111213684,54.23258972167969,184.2105712890625,0.9729251265525818,33.02449035644531,183.84414672851562,0.9920693635940552,0.0,0.0,0.10168026387691498,0.0,0.0,0.31104180216789246,0.0,0.0,0.0015734558692201972,0.0,0.0,0.0034809126518666744
796,True,76.70095825195312,69.19500732421875,0.9846495985984802,0.0,0.0,0.4144339859485626,74.4986572265625,61.78034973144531,0.9941727519035339,0.0,0.0,0.008963803760707378,56.607181549072266,54.93573760986328,0.9944241642951965,57.856781005859375,87.03152465820312,0.9809127449989319,30.0031681060791,77.00871276855469,0.9990472197532654,69.40185546875,131.07156372070312,0.9203373193740845,40.711639404296875,124.34030151367188,0.9991785883903503,101.85174560546875,127.95748138427734,0.9237892627716064,96.82295227050781,121.08515930175781,0.997779905796051,54.97120666503906,185.80934143066406,0.9739248752593994,33.269107818603516,185.4783935546875,0.9917857050895691,0.0,0.0,0.10773404687643051,0.0,0.0,0.306479811668396,0.0,0.0,0.0017633085371926427,0.0,0.0,0.003659182460978627
797,True,77.50776672363281,68.47621154785156,0.9867651462554932,0.0,0.0,0.4395364224910736,74.91728210449219,60.961097717285156,0.9954008460044861,0.0,0.0,0.008303415961563587,56.79080581665039,54.591041564941406,0.9955360889434814,58.27052688598633,87.06912231445312,0.9801397323608398,30.144298553466797,76.739990234375,0.9990684390068054,69.36366271972656,131.26573181152344,0.9129875302314758,42.024227142333984,123.340087890625,0.9991858601570129,102.9936752319336,128.11358642578125,0.9167703986167908,98.135498046875,121.53593444824219,0.997779905796051,56.06037902832031,185.37347412109375,0.9720683693885803,33.60115051269531,185.41709899902344,0.9914467334747314,0.0,0.0,0.1030254140496254,0.0,0.0,0.30465081334114075,0.0,0.0,0.0018079550936818123,0.0,0.0,0.0038401135243475437
798,True,77.80847930908203,67.44065856933594,0.9879230856895447,0.0,0.0,0.45702341198921204,74.90807342529297,60.38800048828125,0.9952617883682251,0.0,0.0,0.008022414520382881,56.807533264160156,54.62579345703125,0.9949085116386414,58.05729675292969,86.39225769042969,0.9832426905632019,32.10346984863281,77.08050537109375,0.9988042116165161,69.78479766845703,129.480224609375,0.9381192326545715,44.1258430480957,123.02006530761719,0.9990672469139099,105.71929168701172,126.18273162841797,0.9471555352210999,101.60067749023438,122.08296966552734,0.9980413913726807,54.27506637573242,184.81423950195312,0.9783123731613159,33.63920593261719,185.20571899414062,0.9920418858528137,0.0,0.0,0.14626310765743256,0.0,0.0,0.35414376854896545,0.0,0.0,0.0023960787802934647,0.0,0.0,0.004438103176653385
799,True,78.17584991455078,68.01824188232422,0.9867995381355286,0.0,0.0,0.4316975176334381,75.48390197753906,60.92113494873047,0.9951313734054565,0.0,0.0,0.00752271106466651,57.587188720703125,54.88532257080078,0.9946948885917664,57.52098846435547,85.8195571899414,0.9779016971588135,32.69164276123047,77.00289154052734,0.9987886548042297,69.87464141845703,128.58106994628906,0.9141544103622437,45.79373550415039,123.58311462402344,0.9990761280059814,107.77105712890625,126.26762390136719,0.927603542804718,104.07559204101562,123.41525268554688,0.9978893399238586,53.9165153503418,186.177490234375,0.9756666421890259,33.6760368347168,186.84332275390625,0.9921914935112,0.0,0.0,0.13683739304542542,0.0,0.0,0.36854010820388794,0.0,0.0,0.002455188659951091,0.0,0.0,0.005031805019825697
800,True,78.86348724365234,68.61267852783203,0.9820550084114075,0.0,0.0,0.34358590841293335,76.53501892089844,61.758384704589844,0.9935291409492493,0.0,0.0,0.006250964477658272,58.602378845214844,55.20452880859375,0.9940325617790222,57.86631774902344,84.8847427368164,0.9735793471336365,33.0947151184082,76.94225311279297,0.9987995624542236,70.18983459472656,127.52715301513672,0.8991997241973877,46.30723571777344,123.73281860351562,0.9991278052330017,107.75093841552734,125.73118591308594,0.9153291583061218,104.3829345703125,123.48587036132812,0.997870683670044,54.03902816772461,185.75047302246094,0.974705159664154,34.21215057373047,186.59506225585938,0.9925886392593384,0.0,0.0,0.134954035282135,0.0,0.0,0.3826354146003723,0.0,0.0,0.0024642338976264,0.0,0.0,0.005311383865773678
801,True,79.29004669189453,68.28385925292969,0.9876064658164978,0.0,0.0,0.44062110781669617,76.55121612548828,61.24888610839844,0.9955220222473145,0.0,0.0,0.007496203295886517,58.381935119628906,55.14007568359375,0.9952166080474854,58.514137268066406,85.59507751464844,0.9791339635848999,33.56587219238281,77.20984649658203,0.9988871216773987,70.58549499511719,127.16108703613281,0.9146360158920288,46.79099655151367,123.6309814453125,0.9991040825843811,108.61470031738281,125.468505859375,0.9269251823425293,105.07592010498047,123.83937072753906,0.997890055179596,54.60173797607422,185.33175659179688,0.976227879524231,34.55561828613281,185.9703369140625,0.9924415349960327,0.0,0.0,0.1399887055158615,0.0,0.0,0.3733249306678772,0.0,0.0,0.0024925298057496548,0.0,0.0,0.0050633675418794155
802,True,79.70067596435547,68.3565444946289,0.9881691932678223,0.0,0.0,0.4557178318500519,77.06314086914062,61.32234191894531,0.9959318041801453,0.0,0.0,0.0077833267860114574,59.19597625732422,54.97978973388672,0.9955816864967346,59.55586242675781,85.49539184570312,0.9779819846153259,33.87616729736328,76.93781280517578,0.9989112615585327,71.47618103027344,127.2003173828125,0.9034284949302673,47.660911560058594,123.4013671875,0.9990910291671753,110.13800048828125,125.9149169921875,0.9162461161613464,106.38601684570312,124.18925476074219,0.9977516531944275,55.367530822753906,184.55624389648438,0.9745140075683594,34.675758361816406,185.22927856445312,0.9922480583190918,0.0,0.0,0.13715942203998566,0.0,0.0,0.3788059949874878,0.0,0.0,0.0025447248481214046,0.0,0.0,0.005335572175681591
803,True,79.82875061035156,68.46188354492188,0.9875611662864685,0.0,0.0,0.4380013942718506,77.27259063720703,61.439422607421875,0.9956721067428589,0.0,0.0,0.007453796453773975,59.316017150878906,55.063316345214844,0.9953626394271851,58.973716735839844,85.47584533691406,0.9772292375564575,34.2083740234375,76.87826538085938,0.9988847374916077,71.65155792236328,127.6116714477539,0.9025242328643799,47.6250114440918,123.30177307128906,0.9990923404693604,110.48086547851562,126.58839416503906,0.917026698589325,106.16448211669922,124.19286346435547,0.9978006482124329,54.826717376708984,184.85476684570312,0.9735245704650879,34.86365509033203,185.52793884277344,0.991965651512146,0.0,0.0,0.13171128928661346,0.0,0.0,0.3697589039802551,0.0,0.0,0.0024200512561947107,0.0,0.0,0.005108559504151344
804,True,80.73213958740234,68.2497787475586,0.9868847131729126,0.0,0.0,0.40085309743881226,78.1501235961914,61.28840637207031,0.9960795044898987,0.0,0.0,0.006098793353885412,59.88575744628906,55.42706298828125,0.9962130784988403,60.31662368774414,85.914306640625,0.9711172580718994,34.130027770996094,77.25502014160156,0.9989792108535767,73.19377136230469,128.672119140625,0.8604680895805359,48.34727478027344,123.72195434570312,0.9991689920425415,111.71073913574219,127.61505889892578,0.8822458386421204,108.5821533203125,123.9915771484375,0.997787594795227,56.261924743652344,184.82083129882812,0.9658249616622925,35.225494384765625,185.4886474609375,0.9912427663803101,0.0,0.0,0.10840537399053574,0.0,0.0,0.36038732528686523,0.0,0.0,0.002202245406806469,0.0,0.0,0.005266689695417881
805,True,81.22547149658203,67.93354797363281,0.9864357113838196,0.0,0.0,0.40556591749191284,78.66700744628906,61.162750244140625,0.9955452680587769,0.0,0.0,0.0065320138819515705,60.36256408691406,55.48004150390625,0.9956046342849731,60.81047058105469,85.3646240234375,0.975146472454071,34.75055694580078,77.456787109375,0.9988698363304138,74.00044250488281,127.15644836425781,0.896678626537323,48.751686096191406,123.47120666503906,0.9991284012794495,112.73887634277344,127.49034881591797,0.9109091758728027,108.4438705444336,125.18852233886719,0.9978002905845642,56.708740234375,184.2838134765625,0.9741506576538086,35.480220794677734,185.11456298828125,0.9923977255821228,0.0,0.0,0.131719708442688,0.0,0.0,0.37473443150520325,0.0,0.0,0.002512361854314804,0.0,0.0,0.005370901897549629
806,True,81.0898208618164,67.76951599121094,0.9876928925514221,0.0,0.0,0.44656112790107727,78.26827239990234,60.92205047607422,0.9959316849708557,0.0,0.0,0.007292062044143677,59.94792175292969,55.576148986816406,0.9956082701683044,61.92457580566406,86.06143188476562,0.9746481776237488,34.6195182800293,77.68452453613281,0.9987824559211731,74.4264907836914,127.51268005371094,0.890699028968811,48.769134521484375,122.80528259277344,0.9990113973617554,112.81718444824219,128.13035583496094,0.9054871797561646,109.2940444946289,125.97692108154297,0.9975433945655823,57.865570068359375,185.09396362304688,0.971673846244812,35.56241226196289,185.68972778320312,0.9914996027946472,0.0,0.0,0.12159877270460129,0.0,0.0,0.34926658868789673,0.0,0.0,0.002435120986774564,0.0,0.0,0.005165664944797754
807,True,81.47187805175781,67.9228286743164,0.9871140718460083,0.0,0.0,0.4380185902118683,78.63302612304688,61.11328125,0.995888888835907,0.0,0.0,0.007055762689560652,60.2122688293457,55.65672302246094,0.9957647323608398,62.49728775024414,85.83209991455078,0.9731868505477905,34.416961669921875,77.96627807617188,0.9987064599990845,74.78271484375,127.26206970214844,0.874793291091919,49.76905059814453,123.67119598388672,0.998838484287262,112.7623062133789,126.02318572998047,0.8866061568260193,108.49067687988281,125.39352416992188,0.9969642758369446,57.941864013671875,184.8487548828125,0.9688490629196167,35.30138397216797,185.66329956054688,0.9906775951385498,0.0,0.0,0.12104371190071106,0.0,0.0,0.34743112325668335,0.0,0.0,0.0026060950476676226,0.0,0.0,0.005481821484863758
808,True,81.35751342773438,67.95008850097656,0.9877942800521851,0.0,0.0,0.46420902013778687,78.5863037109375,61.02313232421875,0.9961119294166565,0.0,0.0,0.007918700575828552,60.64960479736328,55.483436584472656,0.9956955909729004,62.37067413330078,85.79734802246094,0.9715875387191772,34.54527282714844,77.75989532470703,0.9987362027168274,74.9899673461914,127.0261459350586,0.8612353205680847,50.00746154785156,123.75808715820312,0.9988226294517517,113.87078094482422,125.81813049316406,0.8735150694847107,109.9043197631836,125.83268737792969,0.9968289732933044,58.743675231933594,185.44583129882812,0.966551661491394,36.08687210083008,186.53575134277344,0.9903980493545532,0.0,0.0,0.11510185152292252,0.0,0.0,0.34728872776031494,0.0,0.0,0.002601772779598832,0.0,0.0,0.005727432668209076
809,True,81.33895874023438,68.40470886230469,0.9865877032279968,0.0,0.0,0.4423978328704834,78.75542449951172,61.35765075683594,0.9957791566848755,0.0,0.0,0.007930922321975231,60.8316650390625,55.32439422607422,0.9956023693084717,63.2939567565918,85.77674102783203,0.9701507091522217,33.89786911010742,78.19255065917969,0.9988017082214355,75.96517944335938,127.0696029663086,0.8484345078468323,50.743072509765625,125.11409759521484,0.9988442659378052,113.78466796875,125.64234924316406,0.8588739633560181,109.70044708251953,125.51890563964844,0.996647298336029,59.45623779296875,184.99520874023438,0.9657373428344727,35.98516845703125,186.0424346923828,0.9906670451164246,0.0,0.0,0.1086631789803505,0.0,0.0,0.3409746587276459,0.0,0.0,0.0023650897201150656,0.0,0.0,0.005333712790161371
810,True,81.59194946289062,68.84385681152344,0.9863622784614563,0.0,0.0,0.43812140822410583,79.24237823486328,61.77388000488281,0.9957132339477539,0.0,0.0,0.00785069540143013,61.33899688720703,55.31816101074219,0.9953280687332153,62.730323791503906,86.01402282714844,0.966562807559967,34.194122314453125,78.03749084472656,0.9987834095954895,75.76676940917969,127.64688110351562,0.8324282765388489,49.49147415161133,124.85992431640625,0.998845100402832,113.7419204711914,125.87716674804688,0.8510041832923889,108.73487854003906,125.95038604736328,0.9967113733291626,59.254329681396484,185.25291442871094,0.9622366428375244,36.52066421508789,186.20388793945312,0.9902045726776123,0.0,0.0,0.10361175984144211,0.0,0.0,0.33996209502220154,0.0,0.0,0.0023075982462614775,0.0,0.0,0.005396626424044371
811,True,81.39293670654297,68.66461181640625,0.9871305823326111,0.0,0.0,0.4405615031719208,78.9347915649414,61.46538543701172,0.9962255954742432,0.0,0.0,0.0075012752786278725,61.12783432006836,55.03155517578125,0.996001660823822,62.324405670166016,85.6325454711914,0.9647098183631897,33.97625732421875,78.45634460449219,0.9988813996315002,74.14556884765625,128.0696563720703,0.8151853680610657,51.19287872314453,126.63975524902344,0.9989420771598816,112.55516052246094,127.75148010253906,0.836586594581604,110.68666076660156,125.39215850830078,0.9968861937522888,59.337318420410156,184.8450927734375,0.9566394686698914,36.46505355834961,186.37738037109375,0.9894296526908875,0.0,0.0,0.0905647724866867,0.0,0.0,0.32350197434425354,0.0,0.0,0.002079999540001154,0.0,0.0,0.005105821881443262
812,True,81.54380798339844,68.55616760253906,0.9877408146858215,0.0,0.0,0.4581521451473236,78.98564147949219,61.333984375,0.9964662790298462,0.0,0.0,0.007724094670265913,61.10344314575195,54.97454833984375,0.9960305094718933,62.76345443725586,85.67688751220703,0.9620994925498962,33.98830032348633,78.39570617675781,0.9988701939582825,75.00263977050781,128.05995178222656,0.7918527722358704,50.85697937011719,126.62196350097656,0.9988797307014465,113.26065826416016,126.59864044189453,0.8173671364784241,110.83727264404297,125.25215148925781,0.9966592788696289,59.48436737060547,185.06484985351562,0.9540120363235474,36.41965866088867,186.53501892089844,0.9891842603683472,0.0,0.0,0.09093053638935089,0.0,0.0,0.3330051004886627,0.0,0.0,0.00218805274926126,0.0,0.0,0.005525398533791304
813,True,81.55049133300781,68.52792358398438,0.9872114062309265,0.0,0.0,0.4421706199645996,78.99751281738281,61.28101348876953,0.9964303374290466,0.0,0.0,0.007251245900988579,60.940303802490234,54.91345977783203,0.9960590600967407,62.47024154663086,85.65372467041016,0.9580212235450745,34.01591110229492,78.36319732666016,0.998872697353363,75.10963439941406,128.2721405029297,0.7631543874740601,51.2149772644043,126.7987289428711,0.9988653659820557,113.0960464477539,125.76095581054688,0.7924211025238037,110.60762786865234,124.86670684814453,0.9965020418167114,59.15085220336914,185.43414306640625,0.9509392380714417,36.371246337890625,186.8163604736328,0.9891031980514526,0.0,0.0,0.08935084193944931,0.0,0.0,0.34170085191726685,0.0,0.0,0.0022478983737528324,0.0,0.0,0.005910559091717005
814,True,81.68833923339844,67.668212890625,0.9883822798728943,0.0,0.0,0.4639342129230499,78.66390991210938,60.505615234375,0.9967731833457947,0.0,0.0,0.0072795674204826355,60.26306915283203,54.941162109375,0.9964627623558044,63.696815490722656,86.20252990722656,0.9625546336174011,33.77996826171875,78.90994262695312,0.9989225268363953,75.4550552368164,129.10028076171875,0.7820815443992615,50.65711212158203,127.06826782226562,0.9988910555839539,112.92935943603516,126.61443328857422,0.8061485886573792,110.50340270996094,125.40020751953125,0.9965973496437073,59.76657485961914,185.92453002929688,0.9538209438323975,35.963096618652344,187.1293487548828,0.989388644695282,0.0,0.0,0.08833316713571548,0.0,0.0,0.3289726674556732,0.0,0.0,0.002139994641765952,0.0,0.0,0.005438653286546469
815,True,81.62718200683594,67.69451904296875,0.9878662824630737,0.0,0.0,0.45594215393066406,78.6779556274414,60.46808624267578,0.9966621398925781,0.0,0.0,0.0071562062948942184,60.228431701660156,54.73688507080078,0.9962259531021118,63.104942321777344,86.06547546386719,0.9572292566299438,33.836002349853516,78.71292114257812,0.9988590478897095,75.51010131835938,129.39682006835938,0.7515471577644348,50.439544677734375,127.45761108398438,0.9988203644752502,113.20359802246094,126.55229949951172,0.7819565534591675,110.46139526367188,125.4966049194336,0.9963569045066833,59.29859161376953,186.5216522216797,0.9487938284873962,36.001609802246094,187.70962524414062,0.988701343536377,0.0,0.0,0.08377747982740402,0.0,0.0,0.32671889662742615,0.0,0.0,0.002120167948305607,0.0,0.0,0.005585992708802223
816,True,81.52618408203125,67.17095184326172,0.9875541925430298,0.0,0.0,0.4444226026535034,78.54841613769531,59.99943542480469,0.9966877102851868,0.0,0.0,0.006927941460162401,60.17414855957031,54.54108428955078,0.9965331554412842,63.68492126464844,86.19585418701172,0.9577958583831787,33.30851364135742,78.8116226196289,0.9989385008811951,75.13448333740234,129.79690551757812,0.749617874622345,50.23939514160156,127.46027374267578,0.9989023208618164,112.48336791992188,126.88542175292969,0.7762848138809204,110.04336547851562,125.40762329101562,0.9964603781700134,59.97198486328125,186.14328002929688,0.9498418569564819,35.81418228149414,187.29666137695312,0.9892682433128357,0.0,0.0,0.08247733861207962,0.0,0.0,0.3279595673084259,0.0,0.0,0.002061950508505106,0.0,0.0,0.0055084615014493465
817,True,81.21754455566406,67.34162902832031,0.986713707447052,0.0,0.0,0.43480148911476135,78.57653045654297,60.029197692871094,0.9963099360466003,0.0,0.0,0.007219183258712292,60.207740783691406,53.94776916503906,0.9961141347885132,62.919883728027344,85.68559265136719,0.9585122466087341,32.70186996459961,78.35336303710938,0.9988773465156555,74.7711181640625,129.05108642578125,0.7598522901535034,49.60276794433594,127.70792388916016,0.9988265633583069,111.71708679199219,127.29055786132812,0.7832155227661133,109.260498046875,125.81403350830078,0.9962574243545532,59.18125915527344,186.31820678710938,0.9505339860916138,35.30417251586914,187.40199279785156,0.9889839291572571,0.0,0.0,0.08219511061906815,0.0,0.0,0.3180113136768341,0.0,0.0,0.001992166507989168,0.0,0.0,0.0051849908195436
818,True,81.2388916015625,67.37837219238281,0.9859296679496765,0.0,0.0,0.42116567492485046,78.58684539794922,60.099693298339844,0.9961596727371216,0.0,0.0,0.006817836780101061,60.10240173339844,54.069358825683594,0.995954155921936,62.35652542114258,85.76251220703125,0.9529983401298523,32.95506286621094,78.24849700927734,0.9987485408782959,74.4587173461914,129.3410186767578,0.7339344024658203,49.74119567871094,127.36347198486328,0.9987071752548218,111.94448852539062,127.38334655761719,0.7628159523010254,109.57188415527344,126.07258605957031,0.9959127306938171,58.635807037353516,186.4513397216797,0.9457968473434448,35.29615783691406,187.44944763183594,0.9880737662315369,0.0,0.0,0.07920173555612564,0.0,0.0,0.31236395239830017,0.0,0.0,0.001987831201404333,0.0,0.0,0.005224153399467468
819,True,81.09637451171875,67.48780059814453,0.9859485626220703,0.0,0.0,0.4170216917991638,78.57496643066406,60.16136169433594,0.996185839176178,0.0,0.0,0.006765440106391907,60.17460632324219,53.876319885253906,0.9960488677024841,62.12199401855469,85.74638366699219,0.9538086652755737,32.73386764526367,78.26878356933594,0.9988044500350952,74.13383483886719,129.14942932128906,0.7408722639083862,49.52454376220703,127.37169647216797,0.9987899661064148,111.62350463867188,127.94575500488281,0.7711841464042664,109.08275604248047,126.47920989990234,0.9961777925491333,58.68595504760742,186.26419067382812,0.9459140300750732,35.39703369140625,187.32437133789062,0.9882291555404663,0.0,0.0,0.07651840150356293,0.0,0.0,0.30649298429489136,0.0,0.0,0.0018540616147220135,0.0,0.0,0.004900422412902117
820,True,80.82597351074219,67.43060302734375,0.9858313798904419,0.0,0.0,0.42211785912513733,78.29954528808594,60.16083526611328,0.9959244728088379,0.0,0.0,0.007212996948510408,60.1009407043457,53.98973846435547,0.9957627654075623,61.61724090576172,85.61109161376953,0.9581596255302429,33.112369537353516,78.2947998046875,0.998748779296875,73.84506225585938,128.64785766601562,0.7684094309806824,49.77715301513672,127.404052734375,0.9987196922302246,111.86961364746094,128.06155395507812,0.7920256853103638,108.84112548828125,127.09158325195312,0.9960820078849792,58.013893127441406,186.15829467773438,0.9484409093856812,35.404029846191406,187.30621337890625,0.9879046082496643,0.0,0.0,0.0789579525589943,0.0,0.0,0.29906606674194336,0.0,0.0,0.0018818796379491687,0.0,0.0,0.004746776074171066
821,True,80.79048156738281,67.7862777709961,0.9860941171646118,0.0,0.0,0.4250729978084564,78.39812469482422,60.505859375,0.9959631562232971,0.0,0.0,0.007306169718503952,60.28326416015625,53.98500061035156,0.9957139492034912,61.476036071777344,85.43868255615234,0.9586775898933411,33.10450744628906,78.2615966796875,0.9987976551055908,73.87850952148438,128.3313751220703,0.7723646759986877,49.59918212890625,127.43408203125,0.9987764954566956,111.77765655517578,128.07479858398438,0.7988232970237732,108.30384063720703,127.37570190429688,0.99628746509552,57.812339782714844,185.81222534179688,0.9501542448997498,35.37845993041992,187.05039978027344,0.9884383082389832,0.0,0.0,0.08296609669923782,0.0,0.0,0.31263163685798645,0.0,0.0,0.0019653683993965387,0.0,0.0,0.00498954625800252
822,True,80.77920532226562,67.26129150390625,0.9866940975189209,0.0,0.0,0.43419313430786133,78.26181030273438,60.014495849609375,0.9961334466934204,0.0,0.0,0.0072489529848098755,60.06024932861328,53.83750915527344,0.9958274960517883,61.315277099609375,85.4107437133789,0.9598411917686462,33.34593200683594,78.38578796386719,0.9987875819206238,74.0662841796875,128.06907653808594,0.7789263129234314,49.679847717285156,127.44145965576172,0.9987665414810181,111.93321228027344,128.24610900878906,0.8064702749252319,108.13981628417969,128.0045166015625,0.9963602423667908,57.57819366455078,185.68209838867188,0.951374351978302,35.43235778808594,186.9967498779297,0.9884965419769287,0.0,0.0,0.08741825819015503,0.0,0.0,0.32153579592704773,0.0,0.0,0.002100074663758278,0.0,0.0,0.005265500396490097
823,True,80.7272720336914,67.58157348632812,0.9861658811569214,0.0,0.0,0.42124268412590027,78.3807373046875,60.311805725097656,0.9960135221481323,0.0,0.0,0.007121982052922249,60.293277740478516,53.855621337890625,0.9956711530685425,60.79606246948242,85.32283020019531,0.9560926556587219,33.428184509277344,78.28287506103516,0.9988490343093872,73.48139190673828,127.96133422851562,0.7640339732170105,49.10565948486328,127.75883483886719,0.9988821148872375,111.61219787597656,128.1128692626953,0.7989358901977539,108.08824157714844,128.112548828125,0.9966386556625366,57.14597702026367,185.72598266601562,0.9495804309844971,35.39271926879883,186.97610473632812,0.9888650178909302,0.0,0.0,0.08342168480157852,0.0,0.0,0.32500603795051575,0.0,0.0,0.0020048515871167183,0.0,0.0,0.005280324257910252
824,True,80.48357391357422,67.92958068847656,0.985529363155365,0.0,0.0,0.4096611440181732,78.30490112304688,60.62372589111328,0.9957834482192993,0.0,0.0,0.0070188771933317184,60.27879333496094,53.75848388671875,0.9953737854957581,60.238468170166016,84.98114013671875,0.954177975654602,33.425254821777344,77.8628158569336,0.9988345503807068,73.27201080322266,127.65689086914062,0.7632618546485901,49.0639533996582,127.61418914794922,0.9989190101623535,111.46666717529297,128.06158447265625,0.8013901710510254,107.86045837402344,127.9942626953125,0.9967700242996216,56.79985427856445,185.83273315429688,0.9494396448135376,35.39620590209961,187.025390625,0.9890034794807434,0.0,0.0,0.0822000578045845,0.0,0.0,0.3252536356449127,0.0,0.0,0.0019506067037582397,0.0,0.0,0.005210909992456436
825,True,80.41664123535156,68.01115417480469,0.9854637980461121,0.0,0.0,0.41215649247169495,78.30513000488281,60.64952087402344,0.9958239793777466,0.0,0.0,0.007178945001214743,60.320411682128906,53.67955780029297,0.9954038858413696,60.083499908447266,85.13091278076172,0.9522048830986023,33.22081756591797,77.56014251708984,0.9988355040550232,73.24855041503906,128.42398071289062,0.7469619512557983,49.13727569580078,127.78646850585938,0.9988921284675598,111.5860366821289,127.98445129394531,0.7846341133117676,108.29884338378906,127.89898681640625,0.9965717792510986,56.90871047973633,186.02955627441406,0.9472712874412537,35.458885192871094,187.0439453125,0.9888210296630859,0.0,0.0,0.0791659727692604,0.0,0.0,0.3215368092060089,0.0,0.0,0.0018824385479092598,0.0,0.0,0.005120579618960619
826,True,80.25951385498047,67.03411865234375,0.9861423373222351,0.0,0.0,0.42656946182250977,77.84793853759766,59.696739196777344,0.9960081577301025,0.0,0.0,0.00723695196211338,59.748565673828125,53.50286102294922,0.9955118298530579,60.37925338745117,85.31864929199219,0.9529550671577454,33.40106201171875,78.06769561767578,0.9988037347793579,73.421630859375,127.75662231445312,0.7522042989730835,49.04771041870117,127.68931579589844,0.9988685846328735,111.37030029296875,127.56037902832031,0.7913270592689514,108.21441650390625,128.11248779296875,0.9966164231300354,57.22166061401367,186.11212158203125,0.9480748772621155,35.58095169067383,187.177978515625,0.9887552857398987,0.0,0.0,0.08095826208591461,0.0,0.0,0.3229912519454956,0.0,0.0,0.0019715800881385803,0.0,0.0,0.0053045256063342094
827,True,80.0846176147461,67.01983642578125,0.9866262078285217,0.0,0.0,0.43687620759010315,77.66654968261719,59.67127990722656,0.9960440397262573,0.0,0.0,0.007633785251528025,59.643951416015625,53.4774169921875,0.9954824447631836,60.399139404296875,85.22845458984375,0.9563732743263245,33.296661376953125,78.30677032470703,0.9988563060760498,73.86013793945312,127.381103515625,0.771197497844696,49.477149963378906,127.99266052246094,0.9989226460456848,112.02877807617188,127.57673645019531,0.807477593421936,108.90534973144531,127.86761474609375,0.9967880249023438,57.2016716003418,185.92025756835938,0.9507014155387878,35.501808166503906,187.1251220703125,0.9891084432601929,0.0,0.0,0.08107319474220276,0.0,0.0,0.3183383047580719,0.0,0.0,0.0018896933179348707,0.0,0.0,0.004999655764549971
828,True,80.36648559570312,66.67974853515625,0.9869644045829773,0.0,0.0,0.4320850372314453,77.68463897705078,59.33464813232422,0.9964003562927246,0.0,0.0,0.006958845071494579,59.263099670410156,53.41978454589844,0.9959989786148071,60.59867858886719,85.19874572753906,0.9522444605827332,33.17311096191406,78.65185546875,0.9988974332809448,73.34414672851562,127.81204223632812,0.7363371849060059,49.92595291137695,128.45997619628906,0.9989217519760132,111.140380859375,127.24254608154297,0.7781326770782471,108.72462463378906,127.61936950683594,0.9966796636581421,57.4782600402832,185.84701538085938,0.9453271627426147,35.55155563354492,187.22547912597656,0.9886766672134399,0.0,0.0,0.07708767801523209,0.0,0.0,0.32039663195610046,0.0,0.0,0.0019266624003648758,0.0,0.0,0.005308766849339008
829,True,80.09130096435547,66.85160827636719,0.9866862297058105,0.0,0.0,0.4289228916168213,77.55223083496094,59.490264892578125,0.9962085485458374,0.0,0.0,0.007108786143362522,59.275482177734375,53.34181213378906,0.9957899451255798,60.778072357177734,85.45415496826172,0.9553089737892151,33.07996368408203,78.6482925415039,0.9988858103752136,73.7971420288086,127.63468933105469,0.7618733644485474,49.58541488647461,127.775146484375,0.9989528656005859,111.41734313964844,127.365234375,0.8022686243057251,108.61347961425781,127.77118682861328,0.9968798160552979,57.919715881347656,185.9488525390625,0.9498550891876221,35.82270812988281,187.2027587890625,0.9892317652702332,0.0,0.0,0.08198673278093338,0.0,0.0,0.3262392282485962,0.0,0.0,0.0019486210076138377,0.0,0.0,0.00522578414529562
830,True,80.06135559082031,66.22489929199219,0.9878081679344177,0.0,0.0,0.45593976974487305,77.26325988769531,58.928436279296875,0.9964830875396729,0.0,0.0,0.00752203818410635,58.96942901611328,53.515769958496094,0.996024489402771,60.95480728149414,85.8951644897461,0.9593316316604614,33.34645462036133,78.87605285644531,0.9988964796066284,74.07730102539062,127.72798919677734,0.7776316404342651,49.416465759277344,127.65922546386719,0.9989306330680847,111.70576477050781,127.37726593017578,0.8123373985290527,108.50435638427734,128.1231231689453,0.9968429803848267,57.8402214050293,185.78048706054688,0.9527749419212341,35.798831939697266,186.86911010742188,0.989436149597168,0.0,0.0,0.08593019098043442,0.0,0.0,0.3281551003456116,0.0,0.0,0.002014113124459982,0.0,0.0,0.0052427370101213455
831,True,80.12736511230469,66.8397216796875,0.9862713813781738,0.0,0.0,0.4170770049095154,77.74738311767578,59.47309875488281,0.9960059523582458,0.0,0.0,0.007007958367466927,59.402523040771484,53.33154296875,0.9957044720649719,60.47231674194336,85.65873718261719,0.959119975566864,32.85659408569336,78.52488708496094,0.9988933205604553,74.5234375,127.69963073730469,0.786789059638977,49.46099853515625,127.66777038574219,0.9989792704582214,112.15845489501953,127.40660095214844,0.820735514163971,108.79374694824219,128.5429229736328,0.9969973564147949,57.867828369140625,186.59283447265625,0.9534593820571899,35.85114669799805,187.75039672851562,0.9895501732826233,0.0,0.0,0.0843159481883049,0.0,0.0,0.3240385949611664,0.0,0.0,0.0019392420072108507,0.0,0.0,0.005059342831373215
832,True,80.49014282226562,66.60353088378906,0.9863264560699463,0.0,0.0,0.4169744551181793,77.94380950927734,59.36619567871094,0.9958868622779846,0.0,0.0,0.00682822847738862,59.25876235961914,53.53057861328125,0.9956187605857849,60.532615661621094,85.32533264160156,0.9626654386520386,33.10824966430664,78.82353210449219,0.9988024234771729,74.95146179199219,126.96464538574219,0.8137738108634949,49.666648864746094,127.97449493408203,0.9989026784896851,112.45028686523438,126.8692855834961,0.8430522084236145,108.78833770751953,128.3041229248047,0.9969586133956909,57.78274917602539,186.05374145507812,0.9555068612098694,35.99850845336914,187.44717407226562,0.98903489112854,0.0,0.0,0.08767854422330856,0.0,0.0,0.3126300275325775,0.0,0.0,0.001980013679713011,0.0,0.0,0.00481484504416585
833,True,80.83060455322266,67.1124267578125,0.9859372973442078,0.0,0.0,0.401060551404953,78.5322265625,59.809295654296875,0.9957958459854126,0.0,0.0,0.006376068573445082,59.63676452636719,53.383209228515625,0.9955117106437683,60.227500915527344,85.14936065673828,0.9623226523399353,33.12339401245117,78.69425964355469,0.998794674873352,74.93995666503906,126.82357025146484,0.8199846744537354,49.25811004638672,128.26419067382812,0.9989483952522278,112.37187957763672,126.67045593261719,0.8529302477836609,108.65576171875,128.32151794433594,0.9971879124641418,57.67259216308594,186.01446533203125,0.95697420835495,36.160377502441406,187.43031311035156,0.9893711805343628,0.0,0.0,0.09308791905641556,0.0,0.0,0.32660990953445435,0.0,0.0,0.002090650610625744,0.0,0.0,0.005074212793260813
834,True,81.28648376464844,66.94679260253906,0.9831973314285278,0.0,0.0,0.3361283242702484,79.22352600097656,59.60420227050781,0.9954178333282471,0.0,0.0,0.00499210087582469,59.85283660888672,53.03697204589844,0.9956902861595154,59.74261474609375,84.98419952392578,0.9527851343154907,32.56303024291992,78.3763427734375,0.9987949132919312,74.81491088867188,127.203369140625,0.7733985781669617,49.39564514160156,128.14984130859375,0.998988926410675,112.10301208496094,126.63888549804688,0.8170753121376038,109.25225830078125,127.94047546386719,0.9971581697463989,57.7840576171875,186.62222290039062,0.9505195617675781,36.260101318359375,187.98196411132812,0.989081621170044,0.0,0.0,0.08424805104732513,0.0,0.0,0.32811522483825684,0.0,0.0,0.0020005465485155582,0.0,0.0,0.00525711802765727
835,True,80.81002807617188,66.37211608886719,0.9853872060775757,0.0,0.0,0.3827718198299408,78.53215026855469,59.077476501464844,0.995796799659729,0.0,0.0,0.00593081908300519,59.42257308959961,52.83390808105469,0.9958567023277283,60.42364501953125,85.11929321289062,0.9619471430778503,32.523651123046875,78.64236450195312,0.998820960521698,75.04682922363281,127.27520751953125,0.811564564704895,49.37422180175781,128.51499938964844,0.9989495873451233,112.24776458740234,126.66182708740234,0.8435250520706177,109.07835388183594,127.87507629394531,0.9970985651016235,57.94589614868164,185.8362274169922,0.9549537897109985,36.00041198730469,187.1494598388672,0.9890643954277039,0.0,0.0,0.08872462809085846,0.0,0.0,0.3173941373825073,0.0,0.0,0.0019652468618005514,0.0,0.0,0.00478757917881012
836,True,80.79542541503906,66.06761169433594,0.9867451786994934,0.0,0.0,0.40972018241882324,78.37493896484375,58.78778839111328,0.9961826205253601,0.0,0.0,0.0062349396757781506,59.20803451538086,52.68888854980469,0.9960667490959167,60.703758239746094,85.05325317382812,0.9634851813316345,32.493194580078125,78.79717254638672,0.9988447427749634,75.01978302001953,127.00775146484375,0.8169915080070496,49.33921432495117,128.66000366210938,0.9989492297172546,112.09149932861328,126.64763641357422,0.8490018844604492,109.19325256347656,127.8802719116211,0.9971206784248352,58.09227752685547,185.3020477294922,0.9561749696731567,35.922752380371094,186.65737915039062,0.9892337322235107,0.0,0.0,0.0910767912864685,0.0,0.0,0.318960040807724,0.0,0.0,0.001977205742150545,0.0,0.0,0.004733535461127758
837,True,80.8227310180664,66.1787109375,0.9871616959571838,0.0,0.0,0.4148940443992615,78.43899536132812,58.886138916015625,0.9963191747665405,0.0,0.0,0.0063088079914450645,59.258697509765625,52.591766357421875,0.9962698221206665,60.996559143066406,85.12480163574219,0.966191828250885,32.20986557006836,78.87530517578125,0.998900294303894,75.00859069824219,127.27477264404297,0.8278122544288635,49.62126922607422,128.77015686035156,0.998979389667511,111.81794738769531,126.4295425415039,0.8569123148918152,109.09685516357422,127.88111877441406,0.9972015619277954,58.56203079223633,184.77816772460938,0.9588289856910706,36.03484344482422,186.21902465820312,0.9897281527519226,0.0,0.0,0.09748556464910507,0.0,0.0,0.33104559779167175,0.0,0.0,0.0020944324787706137,0.0,0.0,0.0049301027320325375
838,True,80.4981689453125,65.82418823242188,0.9871204495429993,0.0,0.0,0.4249715209007263,78.0938949584961,58.608673095703125,0.9961064457893372,0.0,0.0,0.006832158658653498,59.07363510131836,52.56263732910156,0.9960464835166931,60.821983337402344,85.16142272949219,0.9694914221763611,32.042442321777344,78.8769302368164,0.9988542795181274,75.05715942382812,126.91350555419922,0.8472926616668701,49.03874206542969,128.31710815429688,0.9989081621170044,111.92657470703125,126.34253692626953,0.8698685765266418,108.55671691894531,128.02130126953125,0.9970688223838806,58.573509216308594,184.50564575195312,0.9617158770561218,36.14761734008789,185.9771728515625,0.9897297620773315,0.0,0.0,0.10368662327528,0.0,0.0,0.3292640745639801,0.0,0.0,0.0021829945035278797,0.0,0.0,0.004874244797974825
839,True,80.41098022460938,65.7779541015625,0.9876892566680908,0.0,0.0,0.4418812394142151,77.87896728515625,58.494110107421875,0.9962294697761536,0.0,0.0,0.007194646634161472,58.890743255615234,52.45770263671875,0.9960535764694214,60.843658447265625,85.11651611328125,0.9704628586769104,32.09416580200195,78.89474487304688,0.9988362193107605,74.91142272949219,126.90495300292969,0.8488105535507202,49.553382873535156,128.47500610351562,0.9988489151000977,111.84949493408203,126.52149200439453,0.8694376945495605,108.81328582763672,128.04417419433594,0.9969179630279541,58.44670486450195,184.7450408935547,0.9612293243408203,36.058189392089844,186.29638671875,0.9893474578857422,0.0,0.0,0.10207000374794006,0.0,0.0,0.32106825709342957,0.0,0.0,0.002149313222616911,0.0,0.0,0.004733685869723558
840,True,80.39227294921875,65.44728088378906,0.9874082803726196,0.0,0.0,0.4399496614933014,77.82647705078125,58.201751708984375,0.996204674243927,0.0,0.0,0.00721720838919282,58.922210693359375,52.439727783203125,0.9961223006248474,60.905582427978516,85.37355041503906,0.9690687656402588,31.953022003173828,78.69430541992188,0.99880051612854,74.70919799804688,128.01632690429688,0.8358935713768005,49.260589599609375,128.4844512939453,0.9987725615501404,111.70217895507812,126.92582702636719,0.8550084829330444,108.76287078857422,128.04197692871094,0.996614396572113,58.51265335083008,185.0047607421875,0.9578565955162048,35.95957565307617,186.40536499023438,0.9885655045509338,0.0,0.0,0.09464168548583984,0.0,0.0,0.3060578405857086,0.0,0.0,0.0020254894625395536,0.0,0.0,0.004509364254772663
841,True,80.40211486816406,65.49696350097656,0.98689204454422,0.0,0.0,0.42117738723754883,77.85099792480469,58.25328063964844,0.9961842894554138,0.0,0.0,0.006863592192530632,58.84916687011719,52.36383819580078,0.9961779117584229,60.82155227661133,84.92208862304688,0.9656518697738647,31.805564880371094,78.94244384765625,0.9988861680030823,74.6666030883789,127.94303894042969,0.8124018311500549,49.956565856933594,129.37831115722656,0.9988638162612915,111.57498168945312,127.31846618652344,0.8371511101722717,110.25763702392578,128.12832641601562,0.9967118501663208,58.374000549316406,184.48370361328125,0.9555739164352417,35.84513473510742,186.1466522216797,0.988947868347168,0.0,0.0,0.09238284826278687,0.0,0.0,0.3178316652774811,0.0,0.0,0.002025362104177475,0.0,0.0,0.004764194134622812
842,True,80.31597900390625,65.28441619873047,0.987824559211731,0.0,0.0,0.44501248002052307,77.6681900024414,58.013885498046875,0.996323823928833,0.0,0.0,0.007336813025176525,58.6379280090332,52.18647766113281,0.9962378740310669,61.308807373046875,84.7056884765625,0.970888078212738,31.65142059326172,79.33714294433594,0.9988824725151062,75.27757263183594,126.923095703125,0.8420373201370239,50.196266174316406,129.92062377929688,0.9988242983818054,111.4346923828125,127.22189331054688,0.8605974316596985,109.80081176757812,128.0629119873047,0.9967356324195862,58.54734802246094,183.75296020507812,0.96075439453125,35.69670104980469,185.6455078125,0.9893264770507812,0.0,0.0,0.10398683696985245,0.0,0.0,0.3267757296562195,0.0,0.0,0.0022136643528938293,0.0,0.0,0.0048756953328847885
843,True,80.38587951660156,65.17069244384766,0.9883936047554016,0.0,0.0,0.45505601167678833,77.62519836425781,57.90105438232422,0.9965356588363647,0.0,0.0,0.007358466275036335,58.51760482788086,52.22294616699219,0.9964117407798767,61.43402862548828,84.76070404052734,0.9711453914642334,31.690444946289062,79.45602416992188,0.9989132881164551,75.31375122070312,126.92461395263672,0.8399761915206909,50.253761291503906,129.94444274902344,0.9988400340080261,111.4374008178711,127.23226165771484,0.8590347766876221,109.892822265625,128.0665283203125,0.9967669248580933,58.5586051940918,183.7215576171875,0.9604344964027405,35.65296936035156,185.64013671875,0.9893404841423035,0.0,0.0,0.1032320186495781,0.0,0.0,0.32707592844963074,0.0,0.0,0.0022058517206460238,0.0,0.0,0.00488584628328681
844,True,79.240234375,64.91185760498047,0.9898721575737,81.51327514648438,61.53160858154297,0.5169419050216675,76.31110382080078,57.47956848144531,0.996768593788147,0.0,0.0,0.00945841334760189,57.95147705078125,51.83280944824219,0.9961472749710083,61.52750015258789,85.0506591796875,0.9735283851623535,31.454994201660156,79.43789672851562,0.9989288449287415,74.81224060058594,127.47529602050781,0.8493915796279907,49.7204704284668,130.06871032714844,0.9988056421279907,111.65455627441406,127.6128921508789,0.8666941523551941,110.28788757324219,128.40184020996094,0.9967417120933533,59.29220962524414,184.67724609375,0.9613650441169739,35.96752166748047,186.77001953125,0.9892717599868774,0.0,0.0,0.10347997397184372,0.0,0.0,0.32418256998062134,0.0,0.0,0.002213096944615245,0.0,0.0,0.004890758544206619
845,True,79.54219818115234,64.90473937988281,0.9895123839378357,81.66395568847656,61.41487121582031,0.501530647277832,76.59503173828125,57.56010437011719,0.9965499639511108,0.0,0.0,0.009053364396095276,58.051029205322266,51.92451477050781,0.9960682392120361,61.73972702026367,84.89459228515625,0.9769625663757324,31.467498779296875,79.64369201660156,0.9989203214645386,74.95919799804688,127.52715301513672,0.8772112727165222,49.540870666503906,130.46261596679688,0.9988418221473694,111.63060760498047,127.56563568115234,0.8903948068618774,110.07347106933594,128.5442352294922,0.9969780445098877,59.29256057739258,184.2537841796875,0.966902494430542,35.84418869018555,186.508056640625,0.990044355392456,0.0,0.0,0.11783741414546967,0.0,0.0,0.33815109729766846,0.0,0.0,0.0024301002267748117,0.0,0.0,0.0050507765263319016
846,True,78.67729949951172,64.38920593261719,0.9911700487136841,81.39669799804688,60.998863220214844,0.5823857188224792,75.46603393554688,56.771331787109375,0.9969519376754761,0.0,0.0,0.012122956104576588,57.479305267333984,51.378570556640625,0.9959297776222229,62.48136520385742,85.58301544189453,0.9779873490333557,31.227954864501953,79.43927764892578,0.9988611936569214,75.1925048828125,128.47760009765625,0.8717737197875977,49.41167068481445,130.49334716796875,0.9986191987991333,111.67804718017578,127.8985595703125,0.8816163539886475,110.08061218261719,128.38507080078125,0.9963827133178711,60.08158874511719,184.78724670410156,0.9636971950531006,35.836753845214844,186.7601318359375,0.9886721968650818,0.0,0.0,0.11055176705121994,0.0,0.0,0.31671521067619324,0.0,0.0,0.0023824265226721764,0.0,0.0,0.00491065438836813
847,True,78.47650909423828,64.2335433959961,0.9918417930603027,81.34485626220703,60.752197265625,0.6091210842132568,75.09674072265625,56.51622009277344,0.9970663189888,0.0,0.0,0.013322150334715843,57.20814895629883,51.270050048828125,0.9959335923194885,62.786128997802734,86.02792358398438,0.9807162880897522,31.324512481689453,79.84999084472656,0.9988717436790466,74.98433685302734,128.56790161132812,0.8885585069656372,49.889068603515625,130.58648681640625,0.998603880405426,111.79780578613281,127.80327606201172,0.8969283103942871,110.64994812011719,128.7502899169922,0.9964869022369385,60.58448028564453,184.5093536376953,0.9664379358291626,36.1739501953125,186.5279998779297,0.9888411164283752,0.0,0.0,0.11885896325111389,0.0,0.0,0.32075032591819763,0.0,0.0,0.002531818114221096,0.0,0.0,0.004996112547814846
848,True,78.2889633178711,64.65939331054688,0.9914939403533936,81.22404479980469,61.1978759765625,0.5989744067192078,75.0130615234375,56.82733154296875,0.9969896078109741,0.0,0.0,0.012945356778800488,57.0045280456543,51.09375,0.9958237409591675,62.451229095458984,85.94979095458984,0.9789336919784546,31.014575958251953,79.69229888916016,0.9988272786140442,74.66338348388672,128.94924926757812,0.8764144778251648,49.9344596862793,131.1814727783203,0.9985394477844238,111.74655151367188,127.9916763305664,0.8869727849960327,110.64329528808594,128.65658569335938,0.9962999224662781,60.528831481933594,184.64608764648438,0.9623401165008545,36.2614860534668,186.5749969482422,0.9878197908401489,0.0,0.0,0.10911896824836731,0.0,0.0,0.3058524429798126,0.0,0.0,0.0023613213561475277,0.0,0.0,0.004751157481223345
849,True,78.29605102539062,64.39998626708984,0.9919483661651611,81.21680450439453,61.01665496826172,0.6241868734359741,74.80891418457031,56.70680236816406,0.996992826461792,0.0,0.0,0.013945911079645157,56.707950592041016,51.53966522216797,0.9957972764968872,63.02705383300781,86.1326904296875,0.982517659664154,30.892780303955078,80.10188293457031,0.9987055063247681,74.89140319824219,128.64195251464844,0.9025426506996155,48.96360778808594,131.5905303955078,0.9983457326889038,111.5373764038086,127.41206359863281,0.9074739813804626,109.74801635742188,128.96469116210938,0.9960739612579346,60.86840057373047,183.6644287109375,0.9668598771095276,36.14126205444336,185.5849609375,0.9876158833503723,0.0,0.0,0.12105561792850494,0.0,0.0,0.29873085021972656,0.0,0.0,0.0024982625618577003,0.0,0.0,0.00451939320191741
850,True,77.95930480957031,63.966636657714844,0.9906052947044373,80.95452880859375,60.81742858886719,0.6106250286102295,74.79206848144531,56.275726318359375,0.996196985244751,0.0,0.0,0.016106508672237396,57.546783447265625,51.108299255371094,0.994682252407074,62.70458221435547,85.82137298583984,0.9816344380378723,31.14533233642578,79.93433380126953,0.9986650943756104,73.90955352783203,128.62745666503906,0.899290144443512,48.18360137939453,132.60665893554688,0.9982653260231018,111.04867553710938,127.32268524169922,0.9009677767753601,109.92256927490234,128.7880401611328,0.9956678152084351,60.42728042602539,184.15982055664062,0.9677330255508423,36.07499694824219,186.09780883789062,0.9880504012107849,0.0,0.0,0.12354862689971924,0.0,0.0,0.3043307960033417,0.0,0.0,0.0025495560839772224,0.0,0.0,0.004666631110012531
851,True,77.99544525146484,63.78851318359375,0.9914964437484741,80.98701477050781,60.26873779296875,0.611447811126709,74.1557388305664,56.01979064941406,0.9969391822814941,0.0,0.0,0.0130110252648592,55.798309326171875,51.16844177246094,0.9955320358276367,62.20314407348633,85.54423522949219,0.9770872592926025,31.20077133178711,80.33707427978516,0.9986328482627869,73.28372192382812,128.62757873535156,0.8663377165794373,49.265804290771484,133.24261474609375,0.9982524514198303,109.88986206054688,127.17739868164062,0.8776859641075134,110.49961853027344,129.0684814453125,0.995699405670166,59.94389724731445,184.98611450195312,0.9589342474937439,35.94701385498047,187.07513427734375,0.9862743020057678,0.0,0.0,0.10438647121191025,0.0,0.0,0.2872389853000641,0.0,0.0,0.0023342296481132507,0.0,0.0,0.004577408544719219
852,True,77.5860824584961,63.24574279785156,0.9912003874778748,80.60747528076172,59.78125,0.6084043383598328,73.89102172851562,55.475494384765625,0.9967077970504761,0.0,0.0,0.01374751701951027,55.80561828613281,50.720794677734375,0.9952815175056458,62.02455139160156,85.2321548461914,0.9787907004356384,31.00157928466797,80.35920715332031,0.9986224174499512,73.32893371582031,128.06275939941406,0.8779810070991516,49.0489616394043,133.8656005859375,0.9982240796089172,109.59712219238281,126.76306915283203,0.886056125164032,110.3623046875,129.0958709716797,0.9956527948379517,59.52549362182617,184.73272705078125,0.9602435827255249,35.5948371887207,186.88612365722656,0.9861160516738892,0.0,0.0,0.10531777888536453,0.0,0.0,0.2808833718299866,0.0,0.0,0.002271390287205577,0.0,0.0,0.00433646934106946
853,True,77.73001861572266,63.43855285644531,0.9914930462837219,80.47916412353516,59.68524169921875,0.5878960490226746,73.61219787597656,55.929649353027344,0.9971538782119751,0.0,0.0,0.010604340583086014,54.760005950927734,51.38996124267578,0.9960905909538269,61.87906265258789,84.48165893554688,0.9760987162590027,30.6156005859375,80.81637573242188,0.9986339211463928,72.47321319580078,126.60108184814453,0.8653395175933838,48.30305480957031,133.37237548828125,0.9983673691749573,107.91193389892578,125.66975402832031,0.883510947227478,110.34603118896484,128.89329528808594,0.9962422847747803,60.760536193847656,183.79888916015625,0.9590053558349609,36.721343994140625,186.73175048828125,0.9865184426307678,0.0,0.0,0.11182498931884766,0.0,0.0,0.3075639605522156,0.0,0.0,0.002517635002732277,0.0,0.0,0.004966447129845619
854,True,77.51282501220703,63.37676239013672,0.9917430281639099,80.29071044921875,59.54197692871094,0.6047345399856567,73.13490295410156,55.89863586425781,0.9970576763153076,0.0,0.0,0.011496622115373611,54.100318908691406,51.6082763671875,0.995983362197876,62.65103530883789,84.64305114746094,0.9808366298675537,30.28533935546875,81.05195617675781,0.9985449314117432,73.7030258178711,127.28388977050781,0.8939136266708374,48.86530303955078,133.99847412109375,0.9981817007064819,109.00592041015625,125.87281799316406,0.9032434225082397,110.5932846069336,129.26953125,0.9959951639175415,61.36973571777344,183.6684112548828,0.9630947113037109,36.67720031738281,186.626708984375,0.9860242009162903,0.0,0.0,0.11891979724168777,0.0,0.0,0.2932235598564148,0.0,0.0,0.0025799518916755915,0.0,0.0,0.004620353691279888
855,True,78.09224700927734,63.32929992675781,0.9901913404464722,80.51604461669922,59.492889404296875,0.5389026999473572,74.02186584472656,55.8438720703125,0.996916651725769,0.0,0.0,0.008771712891757488,54.54655838012695,51.17897033691406,0.9962092638015747,62.50576400756836,84.5301513671875,0.9732944965362549,29.928443908691406,80.64964294433594,0.9985419511795044,73.00387573242188,128.31008911132812,0.8503646850585938,48.2238883972168,134.09487915039062,0.9983096122741699,108.07308959960938,126.41626739501953,0.8698551058769226,110.44825744628906,128.5763702392578,0.9960405826568604,61.882347106933594,184.05641174316406,0.9573758840560913,36.90362548828125,186.728759765625,0.9863681197166443,0.0,0.0,0.1113257110118866,0.0,0.0,0.31050869822502136,0.0,0.0,0.002563467714935541,0.0,0.0,0.005113666411489248
856,True,77.75871276855469,62.741180419921875,0.9908155202865601,80.35602569580078,58.926170349121094,0.570034921169281,73.74605560302734,55.125396728515625,0.996801495552063,0.0,0.0,0.010372473858296871,54.510963439941406,50.466156005859375,0.995945155620575,62.82177734375,84.55364990234375,0.9799960255622864,29.95559310913086,80.53158569335938,0.998485267162323,73.56950378417969,127.29556274414062,0.8948150873184204,47.85145568847656,134.05056762695312,0.9982261061668396,108.78956604003906,125.594482421875,0.9056736826896667,110.33930969238281,129.051025390625,0.9961597919464111,62.15726089477539,183.55935668945312,0.9629393815994263,37.088043212890625,186.08274841308594,0.985988438129425,0.0,0.0,0.11602359265089035,0.0,0.0,0.2863413393497467,0.0,0.0,0.0024094630498439074,0.0,0.0,0.004309197422116995
857,True,78.23632049560547,62.569366455078125,0.991883397102356,80.94546508789062,58.747779846191406,0.5946413278579712,73.95150756835938,54.880462646484375,0.9972195625305176,0.0,0.0,0.00987047515809536,54.03875732421875,50.471923828125,0.996317982673645,62.65763473510742,84.57787322998047,0.9810672998428345,29.91350555419922,80.828125,0.9983799457550049,73.83158874511719,126.84797668457031,0.9024685025215149,48.07242965698242,134.57408142089844,0.998085618019104,108.99974822998047,125.40447998046875,0.9139347672462463,110.61054992675781,129.28778076171875,0.9961185455322266,61.93210983276367,183.17518615722656,0.9644061326980591,36.908992767333984,185.7787628173828,0.9856107234954834,0.0,0.0,0.1254776418209076,0.0,0.0,0.29026156663894653,0.0,0.0,0.0026162471622228622,0.0,0.0,0.0044308616779744625
858,True,78.17633056640625,61.89532470703125,0.9922309517860413,80.98892974853516,58.08671569824219,0.6192231774330139,73.81179809570312,54.175323486328125,0.9973100423812866,0.0,0.0,0.010990938171744347,54.17088317871094,49.94932556152344,0.9963138699531555,63.41834259033203,84.95152282714844,0.9813787937164307,29.930278778076172,80.34521484375,0.9983647465705872,74.02438354492188,127.6977310180664,0.8980984687805176,47.4458122253418,133.59515380859375,0.9979375600814819,109.26321411132812,125.79424285888672,0.9082697033882141,110.2774887084961,129.59544372558594,0.9957400560379028,62.26979064941406,183.27035522460938,0.96412593126297,36.78644561767578,185.53134155273438,0.9854453206062317,0.0,0.0,0.1291547566652298,0.0,0.0,0.29615795612335205,0.0,0.0,0.0027645679656416178,0.0,0.0,0.004680556245148182
859,True,78.18132019042969,62.267539978027344,0.9920715689659119,80.90382385253906,58.398521423339844,0.6036835312843323,73.93079376220703,54.59711456298828,0.9972342848777771,0.0,0.0,0.01049928180873394,54.309043884277344,50.271278381347656,0.9963700771331787,63.33136749267578,84.61466217041016,0.9827226400375366,29.828048706054688,80.91470336914062,0.9984484910964966,74.21200561523438,126.16841125488281,0.9107292890548706,47.5211067199707,134.04039001464844,0.9981445074081421,109.33851623535156,125.57081604003906,0.9205049872398376,110.75962829589844,129.94338989257812,0.9962778687477112,62.71969223022461,182.97354125976562,0.9667156934738159,37.23832702636719,185.70822143554688,0.9861970543861389,0.0,0.0,0.1311478167772293,0.0,0.0,0.29664281010627747,0.0,0.0,0.002678067423403263,0.0,0.0,0.004481188952922821
860,True,77.98724365234375,62.64195251464844,0.9919953346252441,80.70565032958984,58.623931884765625,0.5964238047599792,73.72779846191406,54.91630554199219,0.9971441626548767,0.0,0.0,0.010579549707472324,54.127052307128906,50.34222412109375,0.9963646531105042,63.119747161865234,84.4491195678711,0.9843392372131348,29.71831512451172,81.0049819946289,0.9985010623931885,74.19048309326172,126.37288665771484,0.9183476567268372,48.61222839355469,134.25604248046875,0.9981683492660522,109.57008361816406,126.25728607177734,0.9256035685539246,111.15631103515625,130.02574157714844,0.9963414072990417,62.660606384277344,183.19033813476562,0.9659168124198914,37.4027099609375,186.19027709960938,0.9853649735450745,0.0,0.0,0.1230410784482956,0.0,0.0,0.2769297957420349,0.0,0.0,0.002458360278978944,0.0,0.0,0.004042457789182663
861,True,77.54467010498047,62.14209747314453,0.9849056601524353,80.3631820678711,57.743064880371094,0.5662645697593689,73.01004791259766,54.54154968261719,0.9927391409873962,0.0,0.0,0.016014082357287407,54.192970275878906,50.67716979980469,0.9869064092636108,64.67948913574219,84.17030334472656,0.9618633985519409,31.858718872070312,81.41775512695312,0.9956175088882446,76.24562072753906,126.3016357421875,0.822629988193512,49.070987701416016,132.3299560546875,0.9943943023681641,110.56752014160156,126.26515197753906,0.8497446775436401,110.1038589477539,129.21002197265625,0.9901362061500549,62.31562805175781,183.38417053222656,0.9174804091453552,37.70381164550781,186.23385620117188,0.9642301797866821,0.0,0.0,0.11340092867612839,0.0,0.0,0.2614699900150299,0.0,0.0,0.003792851697653532,0.0,0.0,0.006523686461150646
862,True,77.661376953125,62.310203552246094,0.9844526648521423,80.46155548095703,57.921653747558594,0.5706783533096313,73.07453155517578,54.73357391357422,0.992418646812439,0.0,0.0,0.01639743335545063,54.10047912597656,50.70123291015625,0.9855877161026001,64.94721984863281,83.97710418701172,0.9584003686904907,31.7225341796875,81.09268951416016,0.9951960444450378,76.41921997070312,126.14893341064453,0.8096637725830078,47.644439697265625,131.94485473632812,0.9938151836395264,110.86522674560547,126.63052368164062,0.839694619178772,110.04183959960938,129.41354370117188,0.9891995191574097,62.643638610839844,183.79153442382812,0.9163131713867188,37.799461364746094,186.4954833984375,0.9637988209724426,0.0,0.0,0.11638525873422623,0.0,0.0,0.26567405462265015,0.0,0.0,0.0040112645365297794,0.0,0.0,0.006884752307087183
863,True,77.66346740722656,62.30865478515625,0.9844613671302795,80.4631118774414,57.920257568359375,0.5707011222839355,73.07823944091797,54.731849670410156,0.9924271702766418,0.0,0.0,0.01638799160718918,54.105384826660156,50.698143005371094,0.9856023192405701,64.94066619873047,83.97373962402344,0.9583560228347778,31.726741790771484,81.09135437011719,0.9951987862586975,76.40995788574219,126.14224243164062,0.8094564080238342,47.64645004272461,131.9406280517578,0.9938206076622009,110.86033630371094,126.63096618652344,0.8395861983299255,110.04115295410156,129.41015625,0.989208996295929,62.645355224609375,183.78619384765625,0.9162443280220032,37.80775451660156,186.4924774169922,0.9637957215309143,0.0,0.0,0.1162898987531662,0.0,0.0,0.2656514346599579,0.0,0.0,0.004007487092167139,0.0,0.0,0.00688205286860466
864,True,77.82003021240234,62.346763610839844,0.984230101108551,80.57112121582031,57.95112609863281,0.5621967315673828,73.34037780761719,54.73454284667969,0.9923972487449646,0.0,0.0,0.016213158145546913,54.22919845581055,50.515785217285156,0.9857171773910522,64.48248291015625,83.73503112792969,0.9577724933624268,31.71078872680664,81.14250946044922,0.9954025745391846,76.22100830078125,125.4981460571289,0.8031212687492371,47.778594970703125,132.21981811523438,0.9939895868301392,110.35891723632812,125.64605712890625,0.8349353671073914,110.29640197753906,129.39312744140625,0.9893136620521545,61.95684051513672,183.23121643066406,0.9164276123046875,37.56803894042969,185.97564697265625,0.9648054242134094,0.0,0.0,0.12118709832429886,0.0,0.0,0.27931922674179077,0.0,0.0,0.004247379023581743,0.0,0.0,0.007395120337605476
865,True,78.06919860839844,62.188697814941406,0.9848535060882568,80.7120361328125,57.681129455566406,0.5606927275657654,73.49608612060547,54.606056213378906,0.9926654696464539,0.0,0.0,0.015036370605230331,54.09638214111328,50.59790802001953,0.986377477645874,64.43923950195312,83.58116149902344,0.9619252681732178,31.4632568359375,81.52320098876953,0.9952775239944458,76.45344543457031,124.61676025390625,0.8327621221542358,47.52609634399414,132.5904083251953,0.9941263198852539,110.69664001464844,125.06987762451172,0.8614773154258728,110.33768463134766,129.7163543701172,0.9902290105819702,61.78931427001953,183.60299682617188,0.9218668937683105,37.14436721801758,186.65740966796875,0.9646172523498535,0.0,0.0,0.1228281557559967,0.0,0.0,0.26888522505760193,0.0,0.0,0.004137373063713312,0.0,0.0,0.0068433210253715515
866,True,78.1358642578125,62.17692565917969,0.9850239753723145,80.74592590332031,57.63727569580078,0.5592338442802429,73.53787231445312,54.614532470703125,0.9928392171859741,0.0,0.0,0.014653467573225498,54.078792572021484,50.63587951660156,0.9867227673530579,64.28755187988281,83.62884521484375,0.9617770910263062,31.461002349853516,81.56919860839844,0.9953623414039612,76.21907043457031,124.364013671875,0.8332602977752686,46.9836540222168,132.24649047851562,0.9943228960037231,110.36170959472656,124.70408630371094,0.8641642928123474,110.11825561523438,129.81698608398438,0.9906890392303467,61.910072326660156,183.46971130371094,0.9229757189750671,37.413028717041016,186.59255981445312,0.9654779434204102,0.0,0.0,0.12571512162685394,0.0,0.0,0.27624309062957764,0.0,0.0,0.004205573350191116,0.0,0.0,0.0070006363093853
867,True,78.75233459472656,62.43444061279297,0.9921244978904724,81.19133758544922,58.43498992919922,0.5846273303031921,74.65503692626953,54.81062316894531,0.9972025156021118,0.0,0.0,0.009421263821423054,54.394412994384766,50.112945556640625,0.9964505434036255,62.94783020019531,83.95175170898438,0.9854426383972168,29.502552032470703,80.83052062988281,0.998474657535553,74.40047454833984,124.5385971069336,0.9307665228843689,45.822898864746094,134.4794158935547,0.9982555508613586,109.48576354980469,124.63079071044922,0.9393534064292908,110.2913589477539,131.2940216064453,0.9967865943908691,61.91478729248047,183.28125,0.970207691192627,36.730506896972656,186.15257263183594,0.9864756464958191,0.0,0.0,0.14257217943668365,0.0,0.0,0.299319863319397,0.0,0.0,0.002834282349795103,0.0,0.0,0.004459691699594259
868,True,79.08389282226562,62.105804443359375,0.9917102456092834,81.3818130493164,58.16041564941406,0.5663986802101135,75.21890258789062,54.48887634277344,0.9970839619636536,0.0,0.0,0.009065915830433369,54.835243225097656,49.574073791503906,0.9964526891708374,62.81958770751953,83.73616790771484,0.9852902889251709,29.329280853271484,80.50773620605469,0.9984815716743469,74.16178894042969,124.3226547241211,0.9308874011039734,45.341758728027344,134.2246551513672,0.9982824325561523,109.45553588867188,124.77290344238281,0.9392523169517517,110.53684997558594,131.2725830078125,0.9967918992042542,61.809364318847656,183.21249389648438,0.9701215624809265,36.66545867919922,185.94790649414062,0.9864967465400696,0.0,0.0,0.13814491033554077,0.0,0.0,0.29075682163238525,0.0,0.0,0.0026498516090214252,0.0,0.0,0.004152211826294661
869,True,79.29196166992188,62.358612060546875,0.9895027875900269,81.39656066894531,58.798248291015625,0.538622260093689,75.74634552001953,54.96269226074219,0.9965662956237793,0.0,0.0,0.00993480533361435,56.92928695678711,50.209938049316406,0.9957751631736755,61.858604431152344,84.3903579711914,0.9715672731399536,30.234058380126953,79.23442077636719,0.9984667897224426,71.92648315429688,131.29171752929688,0.83684903383255,47.10619354248047,133.95724487304688,0.9980695843696594,110.37561798095703,130.49847412109375,0.8478692173957825,110.62451171875,130.45343017578125,0.9950087070465088,59.75630569458008,184.8385009765625,0.9536942839622498,35.247657775878906,187.21414184570312,0.985153079032898,0.0,0.0,0.09626254439353943,0.0,0.0,0.27376827597618103,0.0,0.0,0.0021899002604186535,0.0,0.0,0.004323599860072136
870,True,79.22525024414062,61.89228057861328,0.9904522895812988,81.30592346191406,58.282135009765625,0.5494615435600281,75.25459289550781,54.611785888671875,0.9972911477088928,0.0,0.0,0.009225021116435528,56.496002197265625,50.74531555175781,0.9967164397239685,61.69049835205078,84.88350677490234,0.964637815952301,31.088348388671875,79.4671859741211,0.9986883997917175,71.05825805664062,132.69293212890625,0.7602450847625732,48.682647705078125,133.4680938720703,0.9982268214225769,109.7392807006836,130.6702880859375,0.7806006073951721,111.60044860839844,129.3656463623047,0.994891881942749,59.42420196533203,183.21572875976562,0.9468675255775452,35.605316162109375,185.54832458496094,0.9860960841178894,0.0,0.0,0.10184120386838913,0.0,0.0,0.3308844268321991,0.0,0.0,0.0026900428347289562,0.0,0.0,0.006118293851613998
871,True,79.48867797851562,62.44618225097656,0.9904559254646301,81.55658721923828,58.9200439453125,0.5358157157897949,75.61250305175781,55.04356384277344,0.9973153471946716,0.0,0.0,0.00842680037021637,56.65399932861328,50.816497802734375,0.9967113733291626,60.32847595214844,85.0025634765625,0.962795615196228,31.412353515625,78.93711853027344,0.99869304895401,70.68972778320312,132.7539520263672,0.7608397006988525,48.51707458496094,133.01693725585938,0.998357355594635,110.27880859375,129.34400939941406,0.7876405119895935,111.08909606933594,129.33180236816406,0.9954055547714233,59.05258560180664,185.23928833007812,0.9411031007766724,36.36241149902344,187.51625061035156,0.984879195690155,0.0,0.0,0.08216934651136398,0.0,0.0,0.2886749505996704,0.0,0.0,0.002063608495518565,0.0,0.0,0.004830631427466869
872,True,80.0453109741211,62.427268981933594,0.9896246790885925,0.0,0.0,0.46804654598236084,76.3753890991211,55.1612548828125,0.997208297252655,0.0,0.0,0.006292126141488552,56.90838623046875,51.12139892578125,0.9971663355827332,59.41154098510742,84.95130920410156,0.9677064418792725,31.908565521240234,79.37200164794922,0.9988226294517517,71.3414077758789,131.49742126464844,0.8081268668174744,48.948974609375,132.33741760253906,0.9987266659736633,110.52320861816406,130.11013793945312,0.8334457278251648,109.84520721435547,129.11341857910156,0.9966318011283875,58.37486267089844,185.32577514648438,0.949416995048523,36.823394775390625,187.7615966796875,0.9866268038749695,0.0,0.0,0.08422999829053879,0.0,0.0,0.29102662205696106,0.0,0.0,0.0018698873464018106,0.0,0.0,0.004294577054679394
873,True,79.93834686279297,61.88170623779297,0.9910263419151306,81.59104919433594,58.229949951171875,0.5081888437271118,75.76000213623047,54.81904602050781,0.9975630044937134,0.0,0.0,0.006608586758375168,56.061336517333984,51.71907043457031,0.9974411725997925,60.282806396484375,85.29087829589844,0.9717503786087036,31.979995727539062,79.92578125,0.998839795589447,71.68441772460938,131.39166259765625,0.8286339640617371,49.032203674316406,131.9146728515625,0.9987094402313232,110.77235412597656,130.53578186035156,0.8486214876174927,109.95191955566406,129.39930725097656,0.9966455101966858,58.61092758178711,184.78843688964844,0.9551663398742676,36.38681411743164,187.15631103515625,0.987464189529419,0.0,0.0,0.09323089569807053,0.0,0.0,0.3000122010707855,0.0,0.0,0.0020384376402944326,0.0,0.0,0.004448501858860254
874,True,79.53337097167969,62.13362121582031,0.9911976456642151,81.23344421386719,58.475975036621094,0.5312268137931824,75.40577697753906,55.221458435058594,0.9974428415298462,0.0,0.0,0.007591465022414923,56.256614685058594,52.22148132324219,0.9972125887870789,60.37770080566406,85.10226440429688,0.9739716053009033,32.1040153503418,80.58832550048828,0.9988113641738892,70.93083190917969,130.45901489257812,0.8512405753135681,48.63290023803711,132.18679809570312,0.998678982257843,109.37820434570312,130.60311889648438,0.8666393756866455,107.62629699707031,130.10964965820312,0.9966160655021667,58.47625732421875,184.20584106445312,0.9595984220504761,36.0621337890625,186.93402099609375,0.9880301356315613,0.0,0.0,0.09693427383899689,0.0,0.0,0.2941264510154724,0.0,0.0,0.002013959689065814,0.0,0.0,0.004184122662991285
875,True,79.29576110839844,61.95549011230469,0.9903891682624817,0.0,0.0,0.49882972240448,75.18543243408203,54.886016845703125,0.997338593006134,0.0,0.0,0.006804076489061117,55.772274017333984,51.68316650390625,0.9972495436668396,59.581520080566406,85.41826629638672,0.9700233936309814,31.659305572509766,79.94126892089844,0.9988232254981995,69.93354797363281,132.27674865722656,0.8168203830718994,47.530517578125,131.8818359375,0.9986507296562195,107.40666198730469,131.99423217773438,0.8369441032409668,106.14254760742188,130.31541442871094,0.9964489936828613,58.03190612792969,185.29335021972656,0.9521999359130859,36.16822814941406,187.65283203125,0.9869672656059265,0.0,0.0,0.08698156476020813,0.0,0.0,0.2893097400665283,0.0,0.0,0.0019261306151747704,0.0,0.0,0.0042916457168757915
876,True,78.96086120605469,61.980873107910156,0.9908759593963623,80.8613510131836,58.24030303955078,0.536751925945282,74.83087158203125,54.787193298339844,0.9974560141563416,0.0,0.0,0.007409961894154549,55.53493118286133,51.63892364501953,0.9971258044242859,60.15510559082031,86.04755401611328,0.9685322642326355,30.844581604003906,80.08515930175781,0.9985966086387634,69.89230346679688,131.86778259277344,0.8007259368896484,45.31251525878906,131.23008728027344,0.998227059841156,106.1290512084961,131.8123016357422,0.8196913599967957,103.29560852050781,130.20248413085938,0.9955524802207947,58.452423095703125,185.6695556640625,0.9502376914024353,35.579978942871094,187.92410278320312,0.9856916069984436,0.0,0.0,0.09880788624286652,0.0,0.0,0.3098076283931732,0.0,0.0,0.0025223754346370697,0.0,0.0,0.0054822685196995735
877,True,78.58131408691406,63.264862060546875,0.9908077120780945,80.646484375,59.372528076171875,0.560149073600769,74.80693817138672,55.60918426513672,0.997369647026062,0.0,0.0,0.009825114160776138,55.465728759765625,50.98295593261719,0.9970481991767883,60.949615478515625,85.15576171875,0.9741393327713013,29.32948112487793,80.03573608398438,0.9988855719566345,69.59269714355469,131.10894775390625,0.8307812213897705,46.48926544189453,132.4941864013672,0.9984403252601624,104.2261962890625,132.5657501220703,0.8250086307525635,103.4303970336914,129.17169189453125,0.9952585101127625,60.723724365234375,184.9027557373047,0.9559311270713806,35.752037048339844,187.35079956054688,0.9869476556777954,0.0,0.0,0.08991236984729767,0.0,0.0,0.2757904529571533,0.0,0.0,0.00214595440775156,0.0,0.0,0.004529405850917101
878,True,78.2315673828125,63.32574462890625,0.9911823272705078,80.1125717163086,59.37770080566406,0.5679348707199097,74.18849182128906,55.90702819824219,0.997478187084198,0.0,0.0,0.009511374868452549,54.6956787109375,51.70941162109375,0.9972262978553772,60.634578704833984,85.12260437011719,0.975164532661438,28.825904846191406,80.37762451171875,0.9988051652908325,68.31198120117188,131.3058624267578,0.8374791145324707,45.384735107421875,132.53675842285156,0.9982810020446777,102.44969177246094,132.46392822265625,0.8309965133666992,102.31697845458984,129.3941192626953,0.9950332641601562,60.79975128173828,184.15167236328125,0.9514830112457275,35.80130386352539,186.97105407714844,0.9847633242607117,0.0,0.0,0.08239951729774475,0.0,0.0,0.24728146195411682,0.0,0.0,0.0019717903342097998,0.0,0.0,0.003999450244009495
879,True,77.37104797363281,63.70135498046875,0.9911268353462219,79.3358154296875,60.00311279296875,0.5577250719070435,73.65177917480469,56.209678649902344,0.997606635093689,0.0,0.0,0.00865165051072836,54.08781433105469,51.66621398925781,0.9974169731140137,60.706092834472656,86.21672058105469,0.9726975560188293,27.355018615722656,80.32227325439453,0.9988753199577332,67.05487060546875,132.433837890625,0.8353602886199951,41.141212463378906,132.66714477539062,0.998596727848053,98.883544921875,132.44009399414062,0.8424575924873352,98.76802825927734,130.09898376464844,0.9960986375808716,61.75164794921875,184.1521759033203,0.9539254903793335,35.46369552612305,186.13153076171875,0.9867117404937744,0.0,0.0,0.08456939458847046,0.0,0.0,0.26515328884124756,0.0,0.0,0.001891227439045906,0.0,0.0,0.004033722914755344
880,True,77.52409362792969,63.61439514160156,0.9903445839881897,79.0759048461914,59.95293426513672,0.5254102349281311,73.89985656738281,56.29144287109375,0.9973605275154114,0.0,0.0,0.007573476992547512,53.86101531982422,52.081634521484375,0.9973968267440796,60.14636993408203,86.39582824707031,0.9743989109992981,26.51373863220215,80.62503051757812,0.9987892508506775,66.29417419433594,132.24464416503906,0.8601463437080383,40.24616622924805,132.4910125732422,0.9985664486885071,97.11825561523438,132.4783172607422,0.861819863319397,96.86056518554688,130.98399353027344,0.9961506128311157,61.9952278137207,185.41427612304688,0.9595327973365784,35.150535583496094,187.48480224609375,0.9873751401901245,0.0,0.0,0.0886157676577568,0.0,0.0,0.2584250569343567,0.0,0.0,0.0019573410972952843,0.0,0.0,0.003927857149392366
881,True,77.0504150390625,63.68388366699219,0.9895585775375366,78.41130065917969,60.056671142578125,0.500094473361969,73.69038391113281,56.43272399902344,0.9971248507499695,0.0,0.0,0.007411407306790352,53.905391693115234,52.08821105957031,0.997379720211029,60.11842727661133,86.83480834960938,0.9752640724182129,25.575910568237305,80.22720336914062,0.9988411068916321,66.44515228271484,132.924560546875,0.861284613609314,37.344459533691406,131.71261596679688,0.9986114501953125,96.79888153076172,132.79498291015625,0.8632068634033203,95.494140625,131.6739044189453,0.9963399171829224,62.572269439697266,184.7725372314453,0.9562966227531433,35.549232482910156,186.71029663085938,0.9864704012870789,0.0,0.0,0.0844915583729744,0.0,0.0,0.2535409927368164,0.0,0.0,0.0018789413152262568,0.0,0.0,0.00385881494730711
882,True,76.98486328125,63.7210693359375,0.9884650707244873,0.0,0.0,0.46467238664627075,73.73114013671875,56.50923156738281,0.9971147775650024,0.0,0.0,0.006531890016049147,53.9349250793457,52.332916259765625,0.9974737763404846,60.799354553222656,87.63972473144531,0.9663271903991699,25.091571807861328,80.70372009277344,0.9989381432533264,65.5721435546875,134.465576171875,0.8156785368919373,34.876243591308594,132.2880096435547,0.9988821148872375,95.51359558105469,134.17604064941406,0.8314135074615479,95.03376770019531,131.36370849609375,0.9968557357788086,63.288665771484375,185.9835205078125,0.9499215483665466,35.11365509033203,187.37147521972656,0.9873631596565247,0.0,0.0,0.06926549226045609,0.0,0.0,0.24805186688899994,0.0,0.0,0.0015279140789061785,0.0,0.0,0.003591296263039112
883,True,77.08203125,63.849517822265625,0.9871804118156433,0.0,0.0,0.42895087599754333,73.91397857666016,56.781089782714844,0.996957540512085,0.0,0.0,0.005883366335183382,54.11682891845703,52.71623992919922,0.997501790523529,60.54221725463867,87.19618225097656,0.9605331420898438,25.13466453552246,80.81718444824219,0.9989655017852783,65.58132934570312,134.23851013183594,0.7799608707427979,35.6512451171875,132.45529174804688,0.9989169836044312,94.77548217773438,134.5361328125,0.7996036410331726,95.06071472167969,130.9661102294922,0.9967632293701172,62.60322570800781,185.11306762695312,0.9455394148826599,34.69016647338867,186.70068359375,0.9874710440635681,0.0,0.0,0.06786522269248962,0.0,0.0,0.2612104117870331,0.0,0.0,0.0015969716478139162,0.0,0.0,0.003987199626863003
884,True,77.4141845703125,63.949432373046875,0.9872090816497803,0.0,0.0,0.4393209218978882,74.18852233886719,56.849143981933594,0.9969107508659363,0.0,0.0,0.005980001296848059,54.776039123535156,52.59539794921875,0.997327446937561,61.159271240234375,87.4482421875,0.9587886929512024,25.542118072509766,81.0143814086914,0.998920202255249,64.30795288085938,134.38206481933594,0.7732354998588562,31.637596130371094,132.99940490722656,0.9988635778427124,93.04572296142578,133.4414825439453,0.8041539788246155,91.09378051757812,131.22532653808594,0.9968920350074768,62.76034927368164,184.46060180664062,0.9442440867424011,34.99673843383789,186.18731689453125,0.9871990084648132,0.0,0.0,0.07745381444692612,0.0,0.0,0.2926410436630249,0.0,0.0,0.0019628615118563175,0.0,0.0,0.004968215245753527
885,True,77.98028564453125,64.65290832519531,0.9835003614425659,0.0,0.0,0.38094234466552734,75.30204772949219,57.61554718017578,0.9963868856430054,0.0,0.0,0.005267194006592035,56.25957489013672,53.017486572265625,0.9968881011009216,61.6771240234375,88.35530090332031,0.9271958470344543,25.34720230102539,81.6406478881836,0.9989125728607178,62.61840057373047,138.64285278320312,0.6453911066055298,27.212507247924805,134.02781677246094,0.999011754989624,87.78411865234375,147.28073120117188,0.705044150352478,87.57632446289062,131.4290313720703,0.9970496892929077,62.67140197753906,185.77297973632812,0.9265274405479431,34.09340286254883,187.17494201660156,0.9873558878898621,0.0,0.0,0.06119155138731003,0.0,0.0,0.29879215359687805,0.0,0.0,0.0017155829118564725,0.0,0.0,0.005323532968759537
886,True,79.01850891113281,65.33405303955078,0.9836273193359375,0.0,0.0,0.39952293038368225,76.23918151855469,58.23180389404297,0.9966121315956116,0.0,0.0,0.005018872674554586,57.048465728759766,53.560943603515625,0.9966411590576172,61.654972076416016,88.3902816772461,0.8927730321884155,26.17387580871582,82.29366302490234,0.9987267851829529,61.862022399902344,138.79188537597656,0.512645959854126,24.77991485595703,135.36474609375,0.9987488985061646,84.99564361572266,153.1096649169922,0.5837488174438477,82.37007904052734,132.8677520751953,0.9961995482444763,62.85984802246094,187.4130401611328,0.9088776707649231,34.85374069213867,189.19781494140625,0.9861260056495667,0.0,0.0,0.06017466261982918,0.0,0.0,0.32544323801994324,0.0,0.0,0.002117920434102416,0.0,0.0,0.007278133649379015
887,True,79.99737548828125,66.49281311035156,0.9787870049476624,0.0,0.0,0.32415643334388733,77.60202026367188,59.59278869628906,0.995415210723877,0.0,0.0,0.004179752431809902,58.698516845703125,55.04020690917969,0.996347963809967,62.607940673828125,90.17744445800781,0.9086666703224182,27.40454864501953,83.45133972167969,0.9985858201980591,65.09502410888672,136.87452697753906,0.6053050756454468,23.879318237304688,133.681640625,0.9987741112709045,89.38124084472656,146.5196075439453,0.686635434627533,80.70475006103516,134.27899169921875,0.9967321157455444,62.419010162353516,185.36111450195312,0.9206217527389526,35.33094787597656,186.79466247558594,0.9861235618591309,0.0,0.0,0.07186754047870636,0.0,0.0,0.33727726340293884,0.0,0.0,0.0022935799788683653,0.0,0.0,0.007121354341506958
888,True,81.38502502441406,66.72417449951172,0.9626848101615906,0.0,0.0,0.25210708379745483,78.68545532226562,59.92195129394531,0.9897330403327942,0.0,0.0,0.004485688172280788,60.2657356262207,55.20745086669922,0.991204023361206,63.02568817138672,89.48961639404297,0.8514496684074402,29.283687591552734,84.87020111083984,0.9968711733818054,0.0,0.0,0.48871368169784546,22.443683624267578,134.68807983398438,0.9970309734344482,86.66471862792969,137.59640502929688,0.6139273643493652,79.81621551513672,136.76211547851562,0.9934136271476746,59.472984313964844,184.750244140625,0.8641855716705322,34.91411590576172,187.06430053710938,0.9729395508766174,0.0,0.0,0.08304084092378616,0.0,0.0,0.3439975380897522,0.0,0.0,0.0036136654671281576,0.0,0.0,0.01022507343441248
889,True,82.35832214355469,67.79884338378906,0.9705827832221985,0.0,0.0,0.2777426540851593,80.47199249267578,61.08915710449219,0.9896434545516968,0.0,0.0,0.005177988205105066,61.751895904541016,55.700347900390625,0.9933972358703613,65.77674102783203,89.64936828613281,0.9718867540359497,28.89802360534668,84.87234497070312,0.9980657696723938,69.80310821533203,129.89617919921875,0.9244726896286011,20.925386428833008,133.9804229736328,0.9985530972480774,91.16349792480469,136.0117950439453,0.9421745538711548,75.48155212402344,139.2287139892578,0.9975752234458923,64.44966125488281,181.0396728515625,0.9707626700401306,37.6518669128418,183.19886779785156,0.98850017786026,0.0,0.0,0.14967384934425354,0.0,0.0,0.33135679364204407,0.0,0.0,0.002946243854239583,0.0,0.0,0.005041463766247034
890,True,83.62615203857422,69.21661376953125,0.9659618735313416,0.0,0.0,0.25575777888298035,82.0440673828125,62.406463623046875,0.9862879514694214,0.0,0.0,0.006060959305614233,63.96208190917969,56.34266662597656,0.9918357729911804,67.9390640258789,90.3232421875,0.9798057675361633,31.319101333618164,85.32868957519531,0.998214840888977,73.81901550292969,130.38023376464844,0.9518016576766968,23.576679229736328,135.37486267089844,0.9987567663192749,97.75714111328125,137.5464324951172,0.961974024772644,80.68867492675781,142.03131103515625,0.9979810118675232,66.30343627929688,179.1578369140625,0.9769635796546936,40.179115295410156,181.1480712890625,0.9896467328071594,0.0,0.0,0.18011640012264252,0.0,0.0,0.35559481382369995,0.0,0.0,0.0032654916867613792,0.0,0.0,0.005196100566536188
891,True,83.64053344726562,69.14735412597656,0.9660469889640808,0.0,0.0,0.25692155957221985,82.00181579589844,62.36114501953125,0.9863716959953308,0.0,0.0,0.006081247702240944,63.78926086425781,56.44874572753906,0.9918752312660217,68.2806625366211,90.5351791381836,0.979496955871582,31.254310607910156,85.16461944580078,0.9982401132583618,74.20455169677734,130.74806213378906,0.9521226286888123,23.517000198364258,134.89988708496094,0.998812198638916,97.87492370605469,137.80038452148438,0.962265133857727,80.76007080078125,142.17604064941406,0.998035728931427,66.61190032958984,179.7918243408203,0.9775530099868774,40.041622161865234,181.4431610107422,0.9900715351104736,0.0,0.0,0.1718650758266449,0.0,0.0,0.34391289949417114,0.0,0.0,0.0029856720939278603,0.0,0.0,0.004776037763804197
892,True,85.91203308105469,69.45988464355469,0.9678309559822083,0.0,0.0,0.2953459918498993,83.1288833618164,63.36419677734375,0.9863467812538147,0.0,0.0,0.00735447509214282,65.71922302246094,59.42925262451172,0.9916703701019287,74.28138732910156,91.83863830566406,0.9825267195701599,37.507442474365234,88.379150390625,0.9982878565788269,80.5071029663086,128.20779418945312,0.9583816528320312,28.568286895751953,134.34014892578125,0.9988194108009338,105.01756286621094,137.826416015625,0.9663265347480774,82.64404296875,145.1925506591797,0.9980037808418274,70.26226043701172,178.578125,0.9857832193374634,44.23011779785156,180.34942626953125,0.9933766722679138,0.0,0.0,0.28170523047447205,0.0,0.0,0.48016393184661865,0.0,0.0,0.005328592378646135,0.0,0.0,0.008091608993709087
893,True,88.67037200927734,70.38929748535156,0.9624136090278625,0.0,0.0,0.3228415250778198,85.62660217285156,64.02436065673828,0.9773173332214355,0.0,0.0,0.009104404598474503,68.16390991210938,59.67697525024414,0.980742335319519,78.34349822998047,90.53328704833984,0.9848337173461914,39.8648681640625,87.14672088623047,0.9949008226394653,84.25090789794922,128.40476989746094,0.9668604731559753,33.66974639892578,135.26055908203125,0.9952707886695862,108.64411926269531,138.56224060058594,0.9664623141288757,83.49382019042969,146.5308074951172,0.9936670660972595,69.67536926269531,178.05203247070312,0.983029305934906,42.32080078125,179.8607177734375,0.986303985118866,0.0,0.0,0.3159880042076111,0.0,0.0,0.39095059037208557,0.0,0.0,0.008949534967541695,0.0,0.0,0.009464526548981667
894,True,89.25627136230469,71.36062622070312,0.9795653820037842,0.0,0.0,0.3860514760017395,85.47673034667969,65.52645874023438,0.9921402335166931,0.0,0.0,0.007246082182973623,67.49090576171875,61.634979248046875,0.9947394728660583,81.95480346679688,92.67991638183594,0.9855576157569885,41.845359802246094,89.42203521728516,0.9982678890228271,87.28248596191406,129.57522583007812,0.9547423720359802,35.006126403808594,136.1069793701172,0.9985744953155518,112.43226623535156,138.84266662597656,0.9630327820777893,86.67832946777344,146.21954345703125,0.9977351427078247,74.4744873046875,176.52098083496094,0.9827841520309448,46.63981628417969,177.7053985595703,0.9916826486587524,0.0,0.0,0.28466933965682983,0.0,0.0,0.4769154489040375,0.0,0.0,0.00620237598195672,0.0,0.0,0.009071915410459042
895,True,88.29048156738281,71.47183227539062,0.9868988990783691,90.53689575195312,67.29723358154297,0.502858579158783,84.210205078125,65.29108428955078,0.9950365424156189,0.0,0.0,0.009587802924215794,66.1258773803711,61.06238555908203,0.9958486557006836,81.49461364746094,92.79055786132812,0.9877298474311829,41.59782028198242,89.1268539428711,0.9986444115638733,87.22331237792969,129.61737060546875,0.953886091709137,34.93437194824219,136.1280517578125,0.9987226128578186,112.55131530761719,138.87709045410156,0.9631395936012268,86.87491607666016,146.47064208984375,0.9979557991027832,74.33280944824219,175.59803771972656,0.9810654520988464,46.70196533203125,176.6467742919922,0.9913068413734436,0.0,0.0,0.2690039277076721,0.0,0.0,0.47368088364601135,0.0,0.0,0.005979284178465605,0.0,0.0,0.009201915003359318
896,True,91.8445816040039,72.15774536132812,0.9562706351280212,0.0,0.0,0.30413374304771423,89.35615539550781,66.239013671875,0.9753575921058655,0.0,0.0,0.015086352825164795,73.91952514648438,62.56523895263672,0.9829410910606384,83.66936492919922,92.60304260253906,0.9814587235450745,46.03667449951172,90.08465576171875,0.9982506632804871,90.5099105834961,129.3666534423828,0.9550629258155823,40.51639175415039,135.71533203125,0.9986649751663208,113.47332763671875,139.195068359375,0.9583719968795776,89.77903747558594,146.16928100585938,0.997241735458374,76.08583068847656,176.83541870117188,0.9796760082244873,49.33876037597656,178.3406982421875,0.9908081889152527,0.0,0.0,0.22614343464374542,0.0,0.0,0.41810324788093567,0.0,0.0,0.004547341726720333,0.0,0.0,0.007372327148914337
897,True,92.98200988769531,73.10482025146484,0.971651554107666,0.0,0.0,0.33072730898857117,90.28902435302734,67.42442321777344,0.9887314438819885,0.0,0.0,0.0085984505712986,74.13431549072266,63.14826965332031,0.9933508038520813,86.63313293457031,93.91155242919922,0.9836952686309814,46.901309967041016,90.32817077636719,0.9984567165374756,92.98135375976562,129.23997497558594,0.9498302340507507,41.00761413574219,136.0142364501953,0.9988155364990234,118.91061401367188,138.6188507080078,0.957013726234436,91.21302795410156,146.82626342773438,0.997738242149353,77.88221740722656,176.0795440673828,0.9813377857208252,50.23578643798828,176.78660583496094,0.9919829964637756,0.0,0.0,0.23862989246845245,0.0,0.0,0.44664397835731506,0.0,0.0,0.004664123989641666,0.0,0.0,0.007488192990422249
898,True,94.10667419433594,74.15211486816406,0.9804834127426147,0.0,0.0,0.4214961528778076,91.34504699707031,68.36561584472656,0.9923462867736816,0.0,0.0,0.010925675742328167,75.08909606933594,64.13013458251953,0.9946407079696655,87.46876525878906,95.21047973632812,0.9868305325508118,49.353614807128906,91.47886657714844,0.9988821148872375,94.92068481445312,129.08169555664062,0.95383220911026,43.38950729370117,135.8509063720703,0.9990515112876892,118.90086364746094,138.61245727539062,0.9614502191543579,91.6476058959961,147.22349548339844,0.9981390237808228,78.46240997314453,174.82760620117188,0.9849965572357178,52.01507568359375,175.20310974121094,0.9938991069793701,0.0,0.0,0.30658769607543945,50.060211181640625,234.092041015625,0.5443968772888184,0.0,0.0,0.006696629803627729,0.0,0.0,0.011131178587675095
899,True,94.98074340820312,74.45402526855469,0.9829092025756836,0.0,0.0,0.4399905502796173,92.18621063232422,68.7422866821289,0.9934240579605103,0.0,0.0,0.010893815197050571,75.55767059326172,64.84001922607422,0.9952764511108398,87.95771026611328,95.39739990234375,0.9884122014045715,50.687660217285156,92.27052307128906,0.9990755319595337,96.82859802246094,128.97645568847656,0.958996593952179,48.04636001586914,136.4335174560547,0.99921715259552,119.16694641113281,138.46754455566406,0.9650969505310059,94.05937194824219,147.53204345703125,0.9983702301979065,78.68476104736328,175.7904052734375,0.9888244271278381,52.438175201416016,176.1719207763672,0.9955443739891052,0.0,0.0,0.36539068818092346,48.39012908935547,236.40646362304688,0.6107963919639587,0.0,0.0,0.008395505137741566,0.0,0.0,0.01396369282156229
900,True,95.25404357910156,75.62887573242188,0.9739661812782288,97.70318603515625,71.6888427734375,0.5263423919677734,91.83753967285156,69.75553894042969,0.9794696569442749,0.0,0.0,0.027137640863656998,75.85997009277344,65.98528289794922,0.9726870656013489,89.95500183105469,94.67771911621094,0.9890023469924927,52.486061096191406,92.9864501953125,0.9947988986968994,99.67989349365234,129.5037384033203,0.9667506217956543,52.80399703979492,136.61582946777344,0.9923863410949707,121.225830078125,140.33201599121094,0.9613977670669556,97.01272583007812,149.171142578125,0.988335371017456,79.72118377685547,173.89404296875,0.9830971956253052,53.74039077758789,175.49169921875,0.9848746657371521,0.0,0.0,0.3716250956058502,0.0,0.0,0.41506704688072205,0.0,0.0,0.01189454272389412,0.0,0.0,0.011523574590682983
901,True,95.88867950439453,76.10142517089844,0.9666790962219238,0.0,0.0,0.4385097920894623,92.9184799194336,70.30856323242188,0.9746213555335999,0.0,0.0,0.02142208069562912,76.84748077392578,66.02865600585938,0.9712780714035034,89.57162475585938,94.40531921386719,0.9877227544784546,52.69743728637695,92.87953186035156,0.9947563409805298,99.68038940429688,129.3795166015625,0.9662442803382874,52.738407135009766,136.78089904785156,0.9932323694229126,121.26573944091797,140.323974609375,0.9621562361717224,97.0976333618164,149.27919006347656,0.9896641373634338,79.70588684082031,173.5049591064453,0.9831039905548096,54.214500427246094,175.15760803222656,0.985491156578064,0.0,0.0,0.36956387758255005,0.0,0.0,0.42280617356300354,0.0,0.0,0.011571705341339111,0.0,0.0,0.011496562510728836
902,True,96.61451721191406,76.16510009765625,0.9610458612442017,0.0,0.0,0.3699936270713806,93.99076843261719,70.33856201171875,0.9714917540550232,0.0,0.0,0.016997016966342926,78.29641723632812,65.89674377441406,0.9724751114845276,90.1745834350586,94.56680297851562,0.9874833822250366,53.41433334350586,92.32144927978516,0.9956104159355164,100.52082061767578,129.00315856933594,0.9686237573623657,54.22987365722656,136.04103088378906,0.9952671527862549,122.92003631591797,140.82728576660156,0.9651908874511719,99.1095199584961,149.12535095214844,0.9923151135444641,79.75751495361328,173.75816345214844,0.9860922694206238,53.93865966796875,175.0228271484375,0.9890775680541992,0.0,0.0,0.39466872811317444,0.0,0.0,0.4726351797580719,0.0,0.0,0.012455715797841549,0.0,0.0,0.013169352896511555
903,True,96.61859893798828,76.20967102050781,0.9712764620780945,0.0,0.0,0.4735361635684967,93.86861419677734,70.47627258300781,0.977846622467041,0.0,0.0,0.025017203763127327,78.94194030761719,66.58406829833984,0.9749676585197449,91.56977844238281,94.8968505859375,0.9897875785827637,54.291561126708984,92.39659118652344,0.9965296387672424,101.99069213867188,128.99090576171875,0.9697149991989136,55.343101501464844,135.4908447265625,0.9955388903617859,124.19195556640625,141.6254119873047,0.963023841381073,100.0110092163086,148.26199340820312,0.9919090867042542,80.13831329345703,173.83900451660156,0.9869775176048279,53.82118606567383,174.89163208007812,0.9900029897689819,0.0,0.0,0.38308513164520264,0.0,0.0,0.4663839340209961,0.0,0.0,0.011833940632641315,0.0,0.0,0.01281061489135027
904,True,96.81719970703125,76.67045593261719,0.9702670574188232,0.0,0.0,0.4409642815589905,94.36552429199219,70.81959533691406,0.9778714776039124,0.0,0.0,0.022259851917624474,79.35768127441406,66.43153381347656,0.9766984581947327,91.48982238769531,95.25245666503906,0.9901673793792725,54.414649963378906,92.34727478027344,0.9970625042915344,103.1533203125,129.456298828125,0.9703764915466309,56.15837860107422,135.80247497558594,0.996407687664032,125.36418914794922,142.1531219482422,0.9642812013626099,101.2994384765625,148.27053833007812,0.9933187961578369,80.41590118408203,174.02052307128906,0.9879947304725647,54.30128479003906,174.89163208007812,0.9913433790206909,0.0,0.0,0.40954169631004333,55.76618957519531,225.2384796142578,0.5127435922622681,0.0,0.0,0.013433000072836876,0.0,0.0,0.015304370783269405
905,True,97.0763168334961,77.3089370727539,0.9693126678466797,0.0,0.0,0.4446612000465393,95.12350463867188,71.43559265136719,0.9762771725654602,0.0,0.0,0.02533445507287979,80.86538696289062,66.5696792602539,0.9746018052101135,91.79873657226562,95.36279296875,0.9902896285057068,55.24528503417969,91.84335327148438,0.9972954392433167,104.14253234863281,129.38973999023438,0.9706845283508301,56.562469482421875,135.31109619140625,0.9966827034950256,125.87696838378906,142.54676818847656,0.9639496803283691,101.65428924560547,148.35704040527344,0.9935344457626343,81.00869750976562,173.7387237548828,0.9885681867599487,55.309783935546875,174.4051513671875,0.9920209050178528,0.0,0.0,0.41041719913482666,57.41684341430664,225.8330535888672,0.5232836604118347,0.0,0.0,0.013169161044061184,0.0,0.0,0.015524170361459255
906,True,97.72648620605469,77.67042541503906,0.9717860817909241,0.0,0.0,0.43964818120002747,95.5103988647461,71.87257385253906,0.9798550605773926,0.0,0.0,0.02095671556890011,80.53872680664062,67.26072692871094,0.9788444638252258,92.13861083984375,95.68241119384766,0.9902809858322144,55.391075134277344,92.39373016357422,0.9973918199539185,105.11785888671875,129.813720703125,0.9710827469825745,57.522796630859375,135.3568115234375,0.996986448764801,126.6197738647461,143.69479370117188,0.965601921081543,102.63561248779297,149.03860473632812,0.9943122863769531,81.31394958496094,173.3779296875,0.9891441464424133,55.265724182128906,174.19924926757812,0.9925354719161987,0.0,0.0,0.4346284866333008,58.1276969909668,224.32943725585938,0.5532951951026917,0.0,0.0,0.015103191137313843,0.0,0.0,0.017906835302710533
907,True,97.97068786621094,77.65351104736328,0.9636475443840027,0.0,0.0,0.3575420081615448,96.0474853515625,71.8821029663086,0.9755409359931946,0.0,0.0,0.015599008649587631,81.14861297607422,67.18978881835938,0.9781134128570557,91.81000518798828,96.45156860351562,0.9886420369148254,55.498565673828125,92.75567626953125,0.996967613697052,104.55844116210938,130.32032775878906,0.9695971012115479,56.437950134277344,135.56515502929688,0.9969847798347473,126.70913696289062,143.6147003173828,0.9664596915245056,102.54682922363281,148.58694458007812,0.9948179125785828,81.73568725585938,173.57415771484375,0.9881171584129333,56.0838623046875,174.41180419921875,0.9918547868728638,0.0,0.0,0.446770042181015,61.692081451416016,221.33792114257812,0.5703567266464233,0.0,0.0,0.016761425882577896,0.0,0.0,0.020069293677806854
908,True,99.01206970214844,77.86725616455078,0.9734722375869751,0.0,0.0,0.3279658555984497,97.45880889892578,72.23809814453125,0.9889867305755615,0.0,0.0,0.009271911345422268,82.07339477539062,67.26606750488281,0.9928325414657593,91.51647186279297,97.60819244384766,0.9847518801689148,56.50183868408203,93.38935852050781,0.9986990690231323,104.85562896728516,130.8975067138672,0.9550197720527649,58.016517639160156,135.78892517089844,0.9991218447685242,128.71661376953125,143.2019500732422,0.9636608362197876,103.73506164550781,148.27206420898438,0.9983087778091431,83.0633544921875,174.14971923828125,0.9833284616470337,58.26961135864258,174.54937744140625,0.9933578372001648,0.0,0.0,0.29256388545036316,59.693878173828125,228.50054931640625,0.5416173338890076,0.0,0.0,0.006842539180070162,0.0,0.0,0.011773237958550453
