Class,Accuracy
standing,44.53781545162201
sitting,66.39344096183777
walking,92.40374565124512
no_activity,90.07851481437683
no_presence,91.14391207695007
