Class,Accuracy
standing,42.85714328289032
sitting,61.47540807723999
walking,89.49011564254761
no_activity,88.93647193908691
no_presence,100.0
