Class,Accuracy
standing,55.46218752861023
sitting,62.29507923126221
walking,91.46721959114075
no_activity,90.86366891860962
no_presence,96.86346650123596
