class,precision,recall,f1-score,support
standing,0.46436781609195404,0.3968565815324165,0.4279661016949153,509.0
sitting,0.42657342657342656,0.4236111111111111,0.4250871080139373,432.0
walking,0.6812447434819175,0.6845070422535211,0.6828719966277926,3550.0
no_activity,0.7874349994693834,0.7602459016393442,0.7736016264400771,9760.0
no_presence,0.5660835762876579,0.7013847080072245,0.6265125033611186,1661.0
accuracy,0.7164404223227753,,,15912
macro avg,0.585140912380868,0.5933210689087235,0.5872078672275681,15912.0
weighted avg,0.720506045315882,0.7164404223227753,0.7174872490316344,15912.0
